;FLAVOR:RepRap
;TIME:1092
;Filament used: 1.41589m
;Layer height: 0.3
;MINX:-39.888
;MINY:-4.946
;MINZ:0.3
;MAXX:39.888
;MAXY:4.946
;MAXZ:25.8
;TARGET_MACHINE.NAME:Unknown
;Generated with Cura_SteamEngine 5.8.1
T0
M104 S205
M109 S205
M82 ;absolute extrusion mode
; G28 ;Home
G1 Z15.0 F6000 ;Move the platform down 15mm
;Prime the extruder
G92 E0
G1 F200 E3
G92 E0
M83 ;relative extrusion mode
G1 F3600 E-1
;LAYER_COUNT:86
;LAYER:0
;note -- min layer time used
M106 S255
;MESH:bridge.stl
G0 F9600 X-39.745 Y-4.745 Z0.3
;TYPE:WALL-OUTER
G1 F3600 E1
G1 F512.8 X-39.788 Y-3.971 E0.04525
G1 F626.6 X-39.83 Y-3.007 E0.04609
G1 F779.2 X-39.862 Y-2.001 E0.03867
G1 F960 X-39.888 Y0.002 E0.06246
G1 F956.2 X-39.862 Y2.005 E0.06271
G1 F771.7 X-39.83 Y3.011 E0.03904
G1 F625 X-39.787 Y3.975 E0.04622
G1 F513.9 X-39.745 Y4.745 E0.04492
G1 F3600 E-1
G0 F9600 X39.745 Y-4.745
G1 F3600 E1
G1 F513.9 X39.788 Y-3.971 E0.04515
G1 F628.3 X39.83 Y-3.011 E0.04578
G1 F779.2 X39.862 Y-2.005 E0.03867
G1 F960 X39.888 Y0.002 E0.06259
G1 X39.862 Y2.005 E0.06246
G1 F779.2 X39.83 Y3.011 E0.03867
G1 F626.6 X39.787 Y3.975 E0.0461
G1 F512.8 X39.745 Y4.745 E0.04501
G1 F3600 E-1
;MESH:NONMESH
G0 F9600 X-39.745 Y-4.745
;TIME_ELAPSED:4.950767
;LAYER:1
;note -- min layer time used
;MESH:bridge.stl
G0 F12000 X-39.745 Y-4.745 Z0.6
;TYPE:WALL-OUTER
G1 F3600 E1
G1 F896.4 X-39.689 Y-4.745 E0.00345
G1 X-39.215 Y-4.745 E0.02921
G1 F966.8 X-39.34 Y-3.016 E0.09903
G1 F1041.9 X-39.388 Y-2.009 E0.05344
G1 F1107 X-39.415 Y-1.003 E0.05021
G1 F1144.2 X-39.424 Y-0.003 E0.04827
G1 X-39.415 Y0.999 E0.04837
G1 F1109.8 X-39.388 Y2.004 E0.05003
G1 F1044.4 X-39.34 Y3.01 E0.05326
G1 F962.6 X-39.283 Y3.932 E0.053
G1 F894.6 X-39.203 Y4.745 E0.05044
G1 F866.6 X-39.689 Y4.745 E0.03098
G1 X-39.745 Y4.745 E0.00357
G1 F911.1 X-39.756 Y4.157 E0.03565
G1 X-39.77 Y3.383 E0.04692
G1 F1020.3 X-39.796 Y2.021 E0.07374
G1 F1115.4 X-39.808 Y0.005 E0.09983
G1 F1118.2 X-39.796 Y-2.011 E0.09957
G1 F1044.4 X-39.78 Y-3.024 E0.05358
G1 F930.3 X-39.757 Y-4.147 E0.06669
G1 X-39.745 Y-4.745 E0.03551
G0 F12000 X-39.761 Y-3.945
G1 F3600 E-1
G0 F12000 X39.745 Y4.745
G1 F3600 E1
G1 F896.4 X39.689 Y4.745 E0.00345
G1 X39.215 Y4.745
G1 F966.8 X39.219 Y4.698 E0.00269
G1 X39.34 Y3.016
G1 F1044.4 X39.388 Y2.009
G1 F1109.8 X39.415 Y1.003
G1 F1144.2 X39.424 Y0.003
G1 X39.415 Y-1.003
G1 F1109.8 X39.388 Y-2.008
G1 F1044.4 X39.34 Y-3.014
G1 F962.6 X39.283 Y-3.932 E0.05277
G1 F896.4 X39.203 Y-4.745 E0.05033
G1 F868.3 X39.689 Y-4.745 E0.03091
G1 X39.745 Y-4.745 E0.00356
G1 F914.9 X39.756 Y-4.157 E0.0355
G1 X39.77 Y-3.385 E0.04661
G1 F1020.3 X39.796 Y-2.025 E0.07363
G1 F1118.2 X39.808 Y-0.005 E0.09977
G1 X39.796 Y2.011 E0.09957
G1 F1044.4 X39.78 Y3.024
G1 F930.3 X39.757 Y4.147
G1 X39.745 Y4.745
G0 F12000 X39.761 Y3.945
G1 F3600 E-1
;MESH:NONMESH
G0 F12000 X-39.414 Y-4.414
;TIME_ELAPSED:8.467834
;LAYER:2
;MESH:bridge.stl
G0 X-39.414 Y-4.414 Z0.9
;TYPE:WALL-INNER
G1 F3600 E1
G1 F3488.4 X-39.441 Y-3.042 E0.05888
G1 F4137.9 X-39.468 Y-1.004 E0.07372
G1 F4528.3 X-39.468 Y1.023 E0.067
G1 F4109.6 X-39.442 Y3.059 E0.07416
G1 F3478.3 X-39.414 Y4.414 E0.05832
G1 F3361.3 X-39.186 Y4.414 E0.01015
G1 X-39.035 Y4.414 E0.00672
G1 F3636.4 X-39.126 Y3.032 E0.05701
G1 F4000 X-39.174 Y2.018 E0.03798
G1 F4379.6 X-39.204 Y1.003 E0.0347
G1 F4597.7 X-39.213 Y-0.007 E0.03288
G1 F4580.2 X-39.204 Y-1.018 E0.03304
G1 F4379.6 X-39.174 Y-2.031 E0.03463
G1 F4000 X-39.126 Y-3.032 E0.0375
G1 F3636.4 X-39.027 Y-4.414 E0.05703
G1 F3352 X-39.186 Y-4.414 E0.0071
G1 X-39.414 Y-4.414 E0.01018
G0 F12000 X-39.8 Y-4.8
;TYPE:WALL-OUTER
G1 F1200 X-39.799 Y4.799 E0.4789
G1 X-39.142 Y4.799 E0.03278
G1 X-38.586 Y4.799 E0.02774
G1 X-38.684 Y3.97 E0.04165
G1 X-38.768 Y3.009 E0.04813
G1 X-38.832 Y2.004 E0.05024
G1 X-38.872 Y0.999 E0.05018
G1 X-38.884 Y-0.003 E0.04999
G1 X-38.872 Y-1.005 E0.04999
G1 X-38.832 Y-2.009 E0.05013
G1 X-38.768 Y-3.015 E0.05029
G1 X-38.679 Y-3.975 E0.0481
G1 X-38.585 Y-4.8 E0.04143
G1 X-39.142 Y-4.8 E0.02779
G1 X-39.8 Y-4.8 E0.03283
G0 F12000 X-39.8 Y-4
G1 F3600 E-1
G0 F12000 X39.414 Y4.414
;TYPE:WALL-INNER
G1 F3600 E1
G1 F3478.3 X39.442 Y3.042 E0.05905
G1 F4137.9 X39.468 Y1.004 E0.07372
G1 F4545.5 X39.468 Y-1.027 E0.06688
G1 F4137.9 X39.442 Y-3.063 E0.07365
G1 F3488.4 X39.414 Y-4.414 E0.05798
G1 F3352 X39.186 Y-4.414 E0.01018
G1 X39.035 Y-4.414 E0.00674
G1 F3636.4 X39.125 Y-3.036 E0.05684
G1 F4000 X39.174 Y-2.022 E0.03799
G1 F4379.6 X39.204 Y-1.007 E0.0347
G1 F4597.7 X39.213 Y0.007 E0.03301
G1 X39.204 Y1.018 E0.03291
G1 F4379.6 X39.173 Y2.031 E0.03464
G1 F3973.5 X39.124 Y3.048 E0.03835
G1 F3614.5 X39.027 Y4.414 E0.05671
G1 F3342.6 X39.186 Y4.414 E0.00712
G1 X39.414 Y4.414 E0.01021
G0 F12000 X39.8 Y4.8
;TYPE:WALL-OUTER
G1 F1200 X39.8 Y-4.8 E0.47895
G1 X39.142 Y-4.8 E0.03283
G1 X38.585 Y-4.8 E0.02779
G1 X38.684 Y-3.97 E0.0417
G1 X38.768 Y-3.013 E0.04793
G1 X38.832 Y-2.008 E0.05024
G1 X38.872 Y-1.003 E0.05018
G1 X38.884 Y0.003 E0.05019
G1 X38.872 Y1.005 E0.04999
G1 X38.832 Y2.009 E0.05013
G1 X38.767 Y3.015 E0.05029
G1 X38.679 Y3.975 E0.0481
G1 X38.585 Y4.8 E0.04143
G1 X39.142 Y4.8 E0.02779
G1 X39.8 Y4.8 E0.03283
G0 F12000 X39.8 Y4
G1 F3600 E-1
;MESH:NONMESH
G0 F12000 X-39.399 Y-4.399
;TIME_ELAPSED:12.449446
;LAYER:3
;MESH:bridge.stl
G0 X-39.399 Y-4.399 Z1.2
;TYPE:WALL-INNER
G1 F3600 E1
G1 F3000 X-39.4 Y-3.403 E0.04969
G1 F2419.4 X-39.302 Y-3.004 E0.02542
G1 F2116.4 X-39.329 Y-1.007 E0.14124
G1 F2209.9 X-39.329 Y1.034 E0.13823
G1 F2109 X-39.303 Y2.988 E0.13869
G1 F2414.5 X-39.4 Y3.387 E0.02545
G1 F3000 X-39.4 Y4.4 E0.05054
G1 X-38.632 Y4.4 E0.03832
G1 X-38.487 Y4.4 E0.00723
G1 X-38.581 Y3.351 E0.05254
G1 F2414.5 X-38.711 Y2.969 E0.02501
G1 F2076.1 X-38.757 Y2.023 E0.06828
G1 F2173.9 X-38.787 Y1.004 E0.07019
G1 F2226.3 X-38.796 Y-0.008 E0.06804
G1 F2222.2 X-38.787 Y-1.024 E0.06843
G1 F2170 X-38.756 Y-2.04 E0.07011
G1 F2076.1 X-38.711 Y-2.985 E0.0682
G1 F2419.4 X-38.581 Y-3.364 E0.02479
G1 F3000 X-38.473 Y-4.399 E0.05192
G1 X-38.632 Y-4.399 E0.00793
G1 X-39.399 Y-4.399 E0.03827
G0 F12000 X-39.799 Y-4.799
;TYPE:WALL-OUTER
G1 F1200 X-39.8 Y4.8 E0.4789
G1 X-38.585 Y4.8 E0.06062
G1 X-38.022 Y4.8 E0.02809
G1 X-38.124 Y3.971 E0.04167
G1 X-38.212 Y2.997 E0.04879
G1 X-38.276 Y2.004 E0.04964
G1 X-38.316 Y0.999 E0.05018
G1 X-38.328 Y-0.003 E0.04999
G1 X-38.316 Y-1.005 E0.04999
G1 X-38.276 Y-2.009 E0.05013
G1 X-38.211 Y-3.02 E0.05054
G1 X-38.127 Y-3.899 E0.04405
G1 X-38.025 Y-4.799 E0.04519
G1 X-38.586 Y-4.799 E0.02799
G1 X-39.799 Y-4.799 E0.06052
G0 F12000 X-39.799 Y-3.999
G0 X-38.987 Y-3.449
;TYPE:SKIN
;BRIDGE
M107
G1 F1200 X-38.959 Y-3.958 E0.03128
G1 F3600 E-1
G0 F12000 X-38.961 Y3.961
G1 F3600 E1
G1 F1200 X-38.987 Y3.438 E0.0322
G0 F12000 X-38.8 Y3.454
G1 F3600 E-1
G0 F12000 X-38.8 Y3.487
G0 X39.4 Y4.4
;TYPE:WALL-INNER
M106 S255
G1 F3600 E1
G1 F3000 X39.4 Y3.402 E0.04979
G1 F2419.4 X39.304 Y3.003 E0.02539
G1 F2112.7 X39.329 Y1.007 E0.14142
G1 F2214 X39.329 Y-1.038 E0.13824
G1 F2112.7 X39.303 Y-2.993 E0.13851
G1 F2414.5 X39.4 Y-3.392 E0.02545
G1 F3000 X39.4 Y-4.4 E0.05029
G1 X38.632 Y-4.4 E0.03832
G1 X38.486 Y-4.4 E0.00728
G1 X38.581 Y-3.355 E0.05235
G1 F2414.5 X38.71 Y-2.974 E0.02493
G1 F2076.1 X38.757 Y-2.027 E0.06835
G1 F2173.9 X38.787 Y-1.008 E0.07019
G1 F2226.3 X38.796 Y0.008 E0.06831
G1 X38.787 Y1.024 E0.06831
G1 F2173.9 X38.756 Y2.04 E0.06998
G1 F2076.1 X38.711 Y2.984 E0.06813
G1 F2419.4 X38.582 Y3.364 E0.02483
G1 F3000 X38.473 Y4.399 E0.05192
G1 X38.632 Y4.399 E0.00793
G1 X39.4 Y4.4 E0.03832
G0 F12000 X39.8 Y4.8
;TYPE:WALL-OUTER
G1 F1200 X39.8 Y-4.8 E0.47895
G1 X38.585 Y-4.8 E0.06062
G1 X38.022 Y-4.8 E0.02809
G1 X38.124 Y-3.971 E0.04167
G1 X38.212 Y-3.001 E0.04859
G1 X38.276 Y-2.008 E0.04964
G1 X38.316 Y-1.003 E0.05018
G1 X38.328 Y0.003 E0.05019
G1 X38.316 Y1.005 E0.04999
G1 X38.276 Y2.009 E0.05013
G1 X38.212 Y3.02 E0.05054
G1 X38.127 Y3.899 E0.04406
G1 X38.025 Y4.799 E0.04519
G1 X38.586 Y4.799 E0.02799
G1 X39.8 Y4.8 E0.06057
G0 F12000 X39.8 Y4
G0 X38.987 Y3.454
;TYPE:SKIN
;BRIDGE
M107
G1 F1200 X38.96 Y3.958 E0.03104
G1 F3600 E-1
G0 F12000 X38.961 Y-3.961
G1 F3600 E1
G1 F1200 X38.988 Y-3.438 E0.03207
G0 F12000 X38.8 Y-3.454
G1 F3600 E-1
;MESH:NONMESH
G0 F12000 X38.8 Y-3.487
G0 X-39.4 Y-4.4
;TIME_ELAPSED:17.417581
;LAYER:4
M106 S255
;MESH:bridge.stl
G0 X-39.4 Y-4.4 Z1.5
;TYPE:WALL-INNER
G1 F3600 E1
G1 F3000 X-39.4 Y4.4 E0.43903
G1 X-38.072 Y4.399 E0.06625
G1 X-37.914 Y4.399 E0.00788
G1 X-38.039 Y3.041 E0.06804
G1 X-38.108 Y2.021 E0.051
G1 X-38.148 Y1.004 E0.05078
G1 X-38.16 Y-0.008 E0.05049
G1 X-38.148 Y-1.02 E0.05049
G1 X-38.107 Y-2.037 E0.05078
G1 X-38.038 Y-3.056 E0.05095
G1 X-37.914 Y-4.399 E0.06729
G1 X-38.072 Y-4.399 E0.00788
G1 X-39.4 Y-4.4 E0.06625
G0 F12000 X-39.8 Y-4.8
;TYPE:WALL-OUTER
G1 F1200 X-39.8 Y4.8 E0.47895
G1 X-38.024 Y4.799 E0.08861
G1 X-37.454 Y4.799 E0.02844
G1 X-37.552 Y3.971 E0.0416
G1 X-37.64 Y3.014 E0.04795
G1 X-37.708 Y2.005 E0.05045
G1 X-37.748 Y0.999 E0.05023
G1 X-37.76 Y-0.003 E0.04999
G1 X-37.748 Y-1.004 E0.04994
G1 X-37.708 Y-2.01 E0.05023
G1 X-37.64 Y-3.019 E0.05045
G1 X-37.551 Y-3.976 E0.04795
G1 X-37.454 Y-4.799 E0.04134
G1 X-38.025 Y-4.799 E0.02849
G1 X-39.8 Y-4.8 E0.08856
G0 F12000 X-39.8 Y-4
G1 F3600 E-1
G0 F12000 X-39.1 Y-4
G0 X-38.399 Y3.952
;TYPE:SKIN
;BRIDGE
M107
G1 F3600 E1
G1 F1200 X-38.955 Y3.954 E0.04051
G1 X-38.987 Y2.057 E0.12989
G1 X-39 Y-0.003 E0.12832
G1 X-38.986 Y-2.064 E0.12838
G1 X-38.955 Y-3.954 E0.12915
G1 X-38.399 Y-3.952 E0.04035
G1 X-38.467 Y-3.092 E0.06107
G1 X-38.518 Y-2.06 E0.0689
G1 X-38.551 Y-1.034 E0.06436
G1 X-38.56 Y-0.011 E0.06218
G1 X-38.551 Y1.007 E0.06188
G1 X-38.521 Y2.033 E0.06422
G1 X-38.467 Y3.07 E0.06895
G1 X-38.399 Y3.952 E0.06263
G0 F12000 X-38.557 Y3.8
G1 F3600 E-1
G0 F12000 X-38.572 Y3.8
G0 X39.4 Y4.4
;TYPE:WALL-INNER
M106 S255
G1 F3600 E1
G1 F3000 X39.4 Y-4.4 E0.43903
G1 X38.073 Y-4.399 E0.0662
G1 X37.913 Y-4.399 E0.00798
G1 X38.04 Y-3.041 E0.06805
G1 X38.108 Y-2.041 E0.05001
G1 X38.148 Y-1.008 E0.05158
G1 X38.16 Y0.008 E0.05069
G1 X38.148 Y1.02 E0.05049
G1 X38.108 Y2.037 E0.05078
G1 X38.038 Y3.056 E0.05096
G1 X37.914 Y4.399 E0.06729
G1 X38.072 Y4.399 E0.00788
G1 X39.4 Y4.4 E0.06625
G0 F12000 X39.8 Y4.8
;TYPE:WALL-OUTER
G1 F1200 X39.8 Y-4.8 E0.47895
G1 X38.024 Y-4.799 E0.08861
G1 X37.454 Y-4.799 E0.02844
G1 X37.552 Y-3.971 E0.0416
G1 X37.64 Y-3.014 E0.04795
G1 X37.708 Y-2.009 E0.05025
G1 X37.748 Y-1.003 E0.05023
G1 X37.76 Y0.003 E0.05019
G1 X37.748 Y1.004 E0.04994
G1 X37.708 Y2.01 E0.05023
G1 X37.64 Y3.019 E0.05045
G1 X37.551 Y3.976 E0.04795
G1 X37.454 Y4.799 E0.04134
G1 X38.025 Y4.799 E0.02849
G1 X39.8 Y4.8 E0.08856
G0 F12000 X39.8 Y4
G0 X38.955 Y3.954
;TYPE:SKIN
;BRIDGE
M107
G1 F1200 X38.399 Y3.952 E0.04043
G1 X38.467 Y3.092 E0.06107
G1 X38.518 Y2.06 E0.0689
G1 X38.551 Y1.034 E0.0645
G1 X38.56 Y0.011 E0.06218
G1 X38.551 Y-1.011 E0.06212
G1 X38.521 Y-2.041 E0.06447
G1 X38.467 Y-3.074 E0.06869
G1 X38.399 Y-3.952 E0.06234
G1 X38.955 Y-3.954 E0.04043
G1 X38.987 Y-2.065 E0.12908
G1 X39 Y0.003 E0.12881
G1 X38.986 Y2.064 E0.12838
G1 X38.955 Y3.954 E0.12941
G0 F12000 X38.8 Y3.8
G1 F3600 E-1
;MESH:NONMESH
G0 F12000 X-39.399 Y-4.399
;TIME_ELAPSED:23.779439
;LAYER:5
M106 S255
;MESH:bridge.stl
G0 X-39.399 Y-4.399 Z1.8
;TYPE:WALL-INNER
G1 F3600 E1
G1 F3000 X-39.4 Y4.4 E0.43898
G1 X-37.502 Y4.399 E0.09469
G1 X-37.338 Y4.399 E0.00818
G1 X-37.463 Y3.038 E0.06819
G1 X-37.528 Y2.096 E0.04711
G1 X-37.576 Y1.028 E0.05334
G1 X-37.588 Y0.00 E0.05129
G1 X-37.576 Y-.997 E0.04974
G1 X-37.535 Y-1.977 E0.04894
G1 X-37.462 Y-3.054 E0.05386
G1 X-37.331 Y-4.4 E0.06747
G1 X-37.502 Y-4.4 E0.00853
G1 X-39.399 Y-4.399 E0.09464
G0 F12000 X-39.799 Y-4.799
;TYPE:WALL-OUTER
G1 F1200 X-39.8 Y4.8 E0.4789
G1 X-37.454 Y4.799 E0.11704
G1 X-36.871 Y4.799 E0.02909
G1 X-36.976 Y3.967 E0.04184
G1 X-37.064 Y3.01 E0.04795
G1 X-37.128 Y2.078 E0.04661
G1 X-37.176 Y1.023 E0.05269
G1 X-37.188 Y0.005 E0.05079
G1 X-37.176 Y-.981 E0.0492
G1 X-37.136 Y-1.95 E0.04838
G1 X-37.064 Y-3.016 E0.0533
G1 X-36.971 Y-3.973 E0.04797
G1 X-36.87 Y-4.8 E0.04157
G1 X-37.455 Y-4.8 E0.02919
G1 X-39.799 Y-4.799 E0.11694
G0 F12000 X-39.799 Y-3.999
G1 F3600 E-1
G0 F12000 X-39.1 Y-3.999
G0 X-37.748 Y4.016
;TYPE:SKIN
;BRIDGE
M107
G1 F3600 E1
G1 F1200 X-39.02 Y4.019 E0.06981
G1 X-39.016 Y-4.016 E0.44095
G1 X-37.746 Y-4.019 E0.0697
G1 X-37.839 Y-3.088 E0.05135
G1 X-37.916 Y-1.978 E0.06106
G1 X-37.956 Y-1.009 E0.05322
G1 X-37.968 Y-0.003 E0.05521
G1 X-37.956 Y1.031 E0.05675
G1 X-37.904 Y2.114 E0.0595
G1 X-37.84 Y3.062 E0.05214
G1 X-37.748 Y4.016 E0.0526
G0 F12000 X-38.19 Y3.613
G1 F1200 X-38.617 Y3.613 E0.02384
G1 X-38.653 Y1.044 E0.13007
G1 X-38.652 Y-1.016 E0.09355
G1 X-38.614 Y-3.614 E0.13083
G1 X-38.206 Y-3.614 E0.02183
G1 X-38.288 Y-2 E0.08115
G1 X-38.321 Y-1.02 E0.04601
G1 X-38.331 Y-0.002 E0.04581
G1 X-38.321 Y1.03 E0.04644
G1 X-38.282 Y2.129 E0.0519
G1 X-38.232 Y3.086 E0.04917
G1 X-38.19 Y3.613 E0.02901
G1 F3600 E-1
G0 F12000 X39.4 Y4.4
;TYPE:WALL-INNER
M106 S255
G1 F3600 E1
G1 F3000 X39.4 Y-4.4 E0.43903
G1 X37.502 Y-4.399 E0.09469
G1 X37.337 Y-4.399 E0.00823
G1 X37.463 Y-3.042 E0.06799
G1 X37.528 Y-2.096 E0.04731
G1 X37.576 Y-1.032 E0.05314
G1 X37.588 Y0.00 E0.05149
G1 X37.576 Y0.997 E0.04974
G1 X37.535 Y1.977 E0.04894
G1 X37.461 Y3.054 E0.05386
G1 X37.332 Y4.4 E0.06746
G1 X37.502 Y4.4 E0.00848
G1 X39.4 Y4.4 E0.09469
G0 F12000 X39.8 Y4.8
;TYPE:WALL-OUTER
G1 F1200 X39.8 Y-4.8 E0.47895
G1 X37.454 Y-4.799 E0.11704
G1 X36.871 Y-4.799 E0.02909
G1 X36.976 Y-3.967 E0.04184
G1 X37.064 Y-3.014 E0.04775
G1 X37.128 Y-2.078 E0.04681
G1 X37.176 Y-1.027 E0.05249
G1 X37.188 Y-0.005 E0.05099
G1 X37.176 Y0.981 E0.0492
G1 X37.136 Y1.95 E0.04838
G1 X37.063 Y3.016 E0.05331
G1 X36.971 Y3.973 E0.04797
G1 X36.87 Y4.8 E0.04157
G1 X37.455 Y4.8 E0.02919
G1 X39.8 Y4.8 E0.11699
G0 F12000 X39.8 Y4
G0 X39.1 Y4
G0 X37.746 Y4.02
;TYPE:SKIN
;BRIDGE
M107
G1 F1200 X37.839 Y3.088 E0.0514
G1 X37.912 Y1.998 E0.05995
G1 X37.952 Y1.009 E0.05432
G1 X37.968 Y0.004 E0.05516
G1 X37.956 Y-1.035 E0.05702
G1 X37.904 Y-2.114 E0.05928
G1 X37.84 Y-3.07 E0.05258
G1 X37.749 Y-4.016 E0.05216
G1 X39.02 Y-4.019 E0.06975
G1 X39.02 Y4.02 E0.44117
G1 X37.746 Y4.02 E0.06992
G0 F12000 X38.617 Y3.617
G1 F1200 X38.208 Y3.617 E0.02211
G1 X38.286 Y2.02 E0.08073
G1 X38.319 Y1.02 E0.04736
G1 X38.331 Y0.007 E0.04587
G1 X38.322 Y-1.038 E0.04717
G1 X38.283 Y-2.133 E0.05186
G1 X38.232 Y-3.094 E0.04951
G1 X38.191 Y-3.613 E0.0285
G1 X38.617 Y-3.613 E0.02373
G1 X38.641 Y-2.149 E0.07674
G1 X38.657 Y0.00 E0.10084
G1 X38.642 Y2.024 E0.09469
G1 X38.617 Y3.617 E0.08328
G1 F3600 E-1
;MESH:NONMESH
G0 F12000 X-39.399 Y-4.399
;TIME_ELAPSED:32.050855
;LAYER:6
M106 S255
;MESH:bridge.stl
G0 X-39.399 Y-4.399 Z2.1
;TYPE:WALL-INNER
G1 F3600 E1
G1 F3000 X-39.399 Y4.399 E0.43893
G1 X-36.922 Y4.4 E0.12358
G1 X-36.744 Y4.4 E0.00888
G1 X-36.875 Y3.037 E0.06831
G1 X-36.944 Y2.02 E0.05085
G1 X-36.984 Y1.006 E0.05063
G1 X-37 Y-0.01 E0.05069
G1 X-36.984 Y-1.02 E0.0504
G1 X-36.943 Y-2.037 E0.05078
G1 X-36.874 Y-3.054 E0.05085
G1 X-36.743 Y-4.4 E0.06747
G1 X-36.921 Y-4.4 E0.00888
G1 X-39.399 Y-4.399 E0.12363
G0 F12000 X-39.799 Y-4.799
;TYPE:WALL-OUTER
G1 F1200 X-39.799 Y4.799 E0.47885
G1 X-36.873 Y4.8 E0.14598
G1 X-36.282 Y4.8 E0.02949
G1 X-36.384 Y3.968 E0.04182
G1 X-36.476 Y3.01 E0.04801
G1 X-36.544 Y2.004 E0.0503
G1 X-36.584 Y1 E0.05013
G1 X-36.6 Y-0.004 E0.0501
G1 X-36.584 Y-1.004 E0.0499
G1 X-36.544 Y-2.01 E0.05023
G1 X-36.476 Y-3.016 E0.0503
G1 X-36.383 Y-3.973 E0.04797
G1 X-36.282 Y-4.8 E0.04157
G1 X-36.872 Y-4.8 E0.02944
G1 X-39.799 Y-4.799 E0.14603
G0 F12000 X-39.799 Y-3.999
G1 F3600 E-1
G0 F12000 X-39.1 Y-3.999
G0 X-37.157 Y4.019
;TYPE:SKIN
;BRIDGE
M107
G1 F3600 E1
G1 F1200 X-38.538 Y4.016 E0.07579
G1 X-38.631 Y3.041 E0.05375
G1 X-38.696 Y2.037 E0.05521
G1 X-38.734 Y1.064 E0.05344
G1 X-38.748 Y0.00 E0.0584
G1 X-38.735 Y-1 E0.05488
G1 X-38.692 Y-2.027 E0.05641
G1 X-38.628 Y-3.033 E0.05532
G1 X-38.534 Y-4.016 E0.05419
G1 X-37.158 Y-4.019 E0.07551
G1 X-37.252 Y-3.089 E0.0513
G1 X-37.32 Y-2.058 E0.0567
G1 X-37.364 Y-1.033 E0.0563
G1 X-37.38 Y-0.012 E0.05604
G1 X-37.364 Y0.987 E0.05483
G1 X-37.324 Y2.032 E0.05739
G1 X-37.252 Y3.062 E0.05666
G1 X-37.157 Y4.019 E0.05278
G0 F12000 X-38.009 Y3.818
G1 F1200 X-37.447 Y3.13 E0.04875
G0 F12000 X-37.499 Y2.404
G1 F1200 X-38.387 Y3.49 E0.07699
G0 F12000 X-38.447 Y2.774
G1 F1200 X-37.538 Y1.663 E0.07878
G0 F12000 X-37.566 Y0.907
G1 F1200 X-38.494 Y2.042 E0.08046
G0 F12000 X-38.524 Y1.288
G1 F1200 X-37.578 Y0.132 E0.08198
G0 F12000 X-37.57 Y-.667
G1 F1200 X-38.54 Y0.519 E0.08408
G0 F12000 X-38.544 Y-.266
G1 F1200 X-37.545 Y-1.487 E0.08658
G1 X-37.482 Y-1.564
G0 F12000 X-37.503 Y-2.328
G1 F1200 X-38.531 Y-1.072 E0.08907
G1 X-38.594 Y-.995
G0 F12000 X-38.496 Y-1.904
G1 F1200 X-37.443 Y-3.192 E0.0913
G0 F12000 X-37.576 Y-3.818
G1 F1200 X-38.445 Y-2.756 E0.07531
G1 X-38.508 Y-2.679
G0 F12000 X-38.369 Y-3.639
G1 F1200 X-38.224 Y-3.816 E0.01256
G0 F12000 X-38.224 Y-3.8
G1 F3600 E-1
G0 F12000 X39.4 Y4.4
;TYPE:WALL-INNER
M106 S255
G1 F3600 E1
G1 F3000 X39.4 Y-4.4 E0.43903
G1 X36.922 Y-4.4 E0.12363
G1 X36.743 Y-4.4 E0.00893
G1 X36.875 Y-3.041 E0.06812
G1 X36.944 Y-2.024 E0.05085
G1 X36.984 Y-1.01 E0.05063
G1 X37 Y0.01 E0.05089
G1 X36.984 Y1.02 E0.0504
G1 X36.943 Y2.037 E0.05078
G1 X36.874 Y3.054 E0.05085
G1 X36.743 Y4.4 E0.06747
G1 X36.921 Y4.4 E0.00888
G1 X39.4 Y4.4 E0.12368
G0 F12000 X39.8 Y4.8
;TYPE:WALL-OUTER
G1 F1200 X39.8 Y-4.8 E0.47895
G1 X36.873 Y-4.8 E0.14603
G1 X36.282 Y-4.8 E0.02949
G1 X36.383 Y-3.968 E0.04181
G1 X36.476 Y-3.014 E0.04782
G1 X36.544 Y-2.008 E0.0503
G1 X36.584 Y-1.004 E0.05013
G1 X36.6 Y0.004 E0.0503
G1 X36.584 Y1.004 E0.0499
G1 X36.544 Y2.01 E0.05023
G1 X36.476 Y3.016 E0.0503
G1 X36.383 Y3.973 E0.04797
G1 X36.282 Y4.8 E0.04157
G1 X36.872 Y4.8 E0.02944
G1 X39.8 Y4.8 E0.14608
G0 F12000 X39.8 Y4
G0 X39.1 Y4
G0 X37.158 Y4.02
;TYPE:SKIN
;BRIDGE
M107
G1 F1200 X37.252 Y3.089 E0.05135
G1 X37.32 Y2.058 E0.0567
G1 X37.364 Y1.033 E0.0563
G1 X37.381 Y0.012 E0.05604
G1 X37.364 Y-.991 E0.05505
G1 X37.324 Y-2.04 E0.05761
G1 X37.252 Y-3.07 E0.05666
G1 X37.161 Y-4.02 E0.05237
G1 X38.538 Y-4.02 E0.07557
G1 X38.631 Y-3.042 E0.05391
G1 X38.696 Y-2.037 E0.05527
G1 X38.734 Y-1.072 E0.053
G1 X38.747 Y-0.013 E0.05812
G1 X38.736 Y0.996 E0.05538
G1 X38.692 Y2.027 E0.05663
G1 X38.628 Y3.034 E0.05537
G1 X38.534 Y4.02 E0.05436
G1 X37.158 Y4.02 E0.07551
G0 F12000 X38.234 Y3.82
G1 F1200 X38.367 Y3.658 E0.0115
G0 F12000 X37.588 Y3.821
G1 F1200 X38.443 Y2.776 E0.0741
G1 X38.506 Y2.699
G0 F12000 X38.496 Y1.922
G1 F1200 X37.44 Y3.211 E0.09145
G1 X37.377 Y3.288
G0 F12000 X37.502 Y2.347
G1 F1200 X38.532 Y1.09 E0.08918
G1 X38.595 Y1.013
G0 F12000 X38.544 Y0.286
G1 F1200 X37.544 Y1.506 E0.08657
G1 X37.481 Y1.583
G0 F12000 X37.57 Y0.686
G1 F1200 X38.54 Y-.499 E0.08404
G0 F12000 X38.525 Y-1.27
G1 F1200 X37.579 Y-.115 E0.08193
G0 F12000 X37.566 Y-.888
G1 F1200 X38.496 Y-2.023 E0.08053
G0 F12000 X38.449 Y-2.754
G1 F1200 X37.54 Y-1.645 E0.07869
G0 F12000 X37.501 Y-2.386
G1 F1200 X38.389 Y-3.47 E0.0769
G0 F12000 X38.029 Y-3.82
G1 F1200 X37.45 Y-3.113 E0.05015
G1 X37.387 Y-3.036
G0 F12000 X37.476 Y-3.04
G1 F3600 E-1
;MESH:NONMESH
G0 F12000 X37.476 Y-3.038
G0 X-38.309 Y-4.039
;TIME_ELAPSED:40.999965
;LAYER:7
M106 S255
;MESH:bridge.stl
G0 X-38.309 Y-4.039 Z2.4
;TYPE:FILL
G1 F3600 E1
G1 F9600 X-39.039 Y-4.039 E0.03642
G1 X-39.039 Y0.046 E0.2038
G1 X-38.462 Y-2.107 E0.1112
G1 X-38.508 Y-1.013 E0.05463
G1 X-38.517 Y-.346 E0.03328
G1 X-39.039 Y-.206 E0.02696
G1 X-39.135 Y-.181
G1 F3600 E-1
G0 F12000 X-39.1 Y-.181
G0 X-39.13 Y-4.13
G0 X-39.399 Y-4.399
;TYPE:WALL-INNER
G1 F3600 E1
G1 F3000 X-39.4 Y4.4 E0.43898
G1 X-36.332 Y4.399 E0.15306
G1 X-36.144 Y4.399 E0.00938
G1 X-36.275 Y3.04 E0.06812
G1 X-36.348 Y2.024 E0.05082
G1 X-36.388 Y1.006 E0.05083
G1 X-36.404 Y-0.01 E0.05069
G1 X-36.388 Y-1.02 E0.0504
G1 X-36.347 Y-2.044 E0.05113
G1 X-36.274 Y-3.054 E0.05052
G1 X-36.144 Y-4.399 E0.06742
G1 X-36.333 Y-4.399 E0.00943
G1 X-39.399 Y-4.399 E0.15296
G0 F12000 X-39.799 Y-4.799
;TYPE:WALL-OUTER
G1 F1200 X-39.8 Y4.8 E0.4789
G1 X-36.283 Y4.799 E0.17546
G1 X-35.679 Y4.799 E0.03013
G1 X-35.784 Y3.968 E0.04179
G1 X-35.876 Y3.011 E0.04797
G1 X-35.948 Y2.008 E0.05017
G1 X-35.988 Y1 E0.05033
G1 X-36.004 Y-0.004 E0.0501
G1 X-35.988 Y-1.004 E0.0499
G1 X-35.948 Y-2.015 E0.05048
G1 X-35.876 Y-3.016 E0.05007
G1 X-35.783 Y-3.973 E0.04797
G1 X-35.679 Y-4.799 E0.04153
G1 X-36.284 Y-4.799 E0.03018
G1 X-39.799 Y-4.799 E0.17536
G0 F12000 X-39.799 Y-3.999
G1 F3600 E-1
G0 F12000 X-39.1 Y-3.999
G0 X-36.557 Y4.016
;TYPE:SKIN
;BRIDGE
M107
G1 F3600 E1
G1 F1200 X-37.965 Y4.019 E0.07727
G1 X-38.055 Y3.055 E0.05313
G1 X-38.124 Y2.044 E0.05561
G1 X-38.168 Y1.016 E0.05647
G1 X-38.18 Y0.005 E0.05549
G1 X-38.167 Y-.996 E0.05494
G1 X-38.124 Y-2.03 E0.05679
G1 X-38.054 Y-3.057 E0.05649
G1 X-37.966 Y-4.016 E0.05285
G1 X-36.558 Y-4.016 E0.07727
G1 X-36.651 Y-3.089 E0.05113
G1 X-36.724 Y-2.071 E0.05601
G1 X-36.768 Y-1.033 E0.05702
G1 X-36.784 Y-0.012 E0.05604
G1 X-36.768 Y1.008 E0.05598
G1 X-36.728 Y2.04 E0.05668
G1 X-36.652 Y3.067 E0.05652
G1 X-36.557 Y4.016 E0.05234
G0 F12000 X-37.381 Y3.818
G1 F1200 X-36.843 Y3.162 E0.04656
G0 F12000 X-36.899 Y2.441
G1 F1200 X-37.807 Y3.55 E0.07866
G0 F12000 X-37.869 Y2.836
G1 F1200 X-36.942 Y1.703 E0.08034
G0 F12000 X-36.969 Y0.948
G1 F1200 X-37.919 Y2.108 E0.08228
G0 F12000 X-37.953 Y1.36
G1 F1200 X-36.982 Y0.175 E0.08408
G0 F12000 X-36.975 Y-.624
G1 F1200 X-37.973 Y0.595 E0.08646
G0 F12000 X-37.977 Y-.189
G1 F1200 X-36.952 Y-1.441 E0.0888
G1 X-36.889 Y-1.518
G0 F12000 X-36.911 Y-2.28
G1 F1200 X-37.966 Y-.991 E0.09141
G1 X-38.029 Y-.914
G0 F12000 X-37.932 Y-1.822
G1 F1200 X-36.848 Y-3.146 E0.09391
G0 F12000 X-36.945 Y-3.816
G1 F1200 X-37.879 Y-2.675 E0.08092
G1 X-37.942 Y-2.598
G0 F12000 X-37.808 Y-3.552
G1 F1200 X-37.591 Y-3.816 E0.01875
G0 F12000 X-37.591 Y-3.8
G1 F3600 E-1
G0 F12000 X38.461 Y2.12
;TYPE:FILL
M106 S255
G1 F3600 E1
G1 F9600 X39.04 Y2.699 E0.04085
G1 X39.04 Y3.719 E0.05089
G1 X38.321 Y3.912 E0.03714
G1 X38.399 Y3.071 E0.04214
G1 X38.465 Y2.061 E0.0505
G1 X38.508 Y1.013 E0.05233
G1 X38.521 Y-0.011 E0.05109
G1 X38.508 Y-1.025 E0.05059
G1 X38.465 Y-2.061 E0.05173
G1 X38.398 Y-3.084 E0.05115
G1 X38.309 Y-4.04 E0.0479
G1 X39.04 Y-4.04 E0.03647
G1 X39.14 Y-4.04
G1 F3600 E-1
G0 F12000 X39.1 Y-4.04
G0 X39.13 Y4.13
G0 X39.4 Y4.4
;TYPE:WALL-INNER
G1 F3600 E1
G1 F3000 X39.4 Y-4.4 E0.43903
G1 X36.332 Y-4.399 E0.15306
G1 X36.143 Y-4.399 E0.00943
G1 X36.275 Y-3.044 E0.06792
G1 X36.348 Y-2.024 E0.05102
G1 X36.388 Y-1.01 E0.05063
G1 X36.404 Y0.01 E0.05089
G1 X36.388 Y1.02 E0.0504
G1 X36.347 Y2.044 E0.05113
G1 X36.274 Y3.054 E0.05052
G1 X36.144 Y4.399 E0.06742
G1 X36.332 Y4.399 E0.00938
G1 X39.4 Y4.4 E0.15306
G0 F12000 X39.8 Y4.8
;TYPE:WALL-OUTER
G1 F1200 X39.8 Y-4.8 E0.47895
G1 X36.283 Y-4.799 E0.17546
G1 X35.679 Y-4.799 E0.03013
G1 X35.783 Y-3.968 E0.04178
G1 X35.876 Y-3.015 E0.04777
G1 X35.948 Y-2.008 E0.05037
G1 X35.988 Y-1.004 E0.05013
G1 X36.004 Y0.004 E0.0503
G1 X35.988 Y1.004 E0.0499
G1 X35.948 Y2.015 E0.05048
G1 X35.876 Y3.016 E0.05007
G1 X35.783 Y3.973 E0.04797
G1 X35.679 Y4.799 E0.04153
G1 X36.284 Y4.799 E0.03018
G1 X39.8 Y4.8 E0.17541
G0 F12000 X39.8 Y4
G1 F3600 E-1
G0 F12000 X39.1 Y4
G0 X36.558 Y4.016
;TYPE:SKIN
;BRIDGE
M107
G1 F3600 E1
G1 F1200 X36.651 Y3.089 E0.05113
G1 X36.724 Y2.071 E0.05601
G1 X36.768 Y1.033 E0.05702
G1 X36.785 Y0.012 E0.05604
G1 X36.768 Y-.993 E0.05516
G1 X36.728 Y-2.04 E0.0575
G1 X36.652 Y-3.071 E0.05673
G1 X36.557 Y-4.016 E0.05212
G1 X37.966 Y-4.019 E0.07733
G1 X38.055 Y-3.055 E0.05313
G1 X38.124 Y-2.044 E0.05561
G1 X38.166 Y-1.075 E0.05323
G1 X38.179 Y-0.013 E0.05829
G1 X38.168 Y0.996 E0.05538
G1 X38.124 Y2.03 E0.0568
G1 X38.054 Y3.057 E0.05649
G1 X37.965 Y4.019 E0.05302
G1 X36.558 Y4.016 E0.07722
G0 F12000 X37.58 Y3.819
G1 F1200 X37.808 Y3.54 E0.01977
G0 F12000 X37.88 Y2.662
G1 F1200 X36.936 Y3.816 E0.08182
G0 F12000 X36.848 Y3.134
G1 F1200 X37.933 Y1.809 E0.09398
G1 X37.996 Y1.732
G0 F12000 X37.968 Y0.977
G1 F1200 X36.91 Y2.27 E0.09169
G1 X36.847 Y2.347
G0 F12000 X36.951 Y1.429
G1 F1200 X37.977 Y0.176 E0.08888
G0 F12000 X37.971 Y-.606
G1 F1200 X36.976 Y0.61 E0.08623
G0 F12000 X36.982 Y-.187
G1 F1200 X37.952 Y-1.373 E0.08408
G0 F12000 X37.917 Y-2.119
G1 F1200 X36.969 Y-.96 E0.08217
G0 F12000 X36.941 Y-1.716
G1 F1200 X37.868 Y-2.849 E0.08034
G0 F12000 X37.807 Y-3.563
G1 F1200 X36.899 Y-2.453 E0.0787
G0 F12000 X36.842 Y-3.174
G1 F1200 X37.37 Y-3.819 E0.04574
G1 X37.433 Y-3.896
G0 F12000 X37.433 Y-3.8
G1 F3600 E-1
;MESH:NONMESH
G0 F12000 X-37.729 Y-4.038
;TIME_ELAPSED:50.839921
;LAYER:8
M106 S255
;MESH:bridge.stl
G0 X-37.729 Y-4.038 Z2.7
;TYPE:FILL
G1 F3600 E1
G1 F9600 X-38.165 Y-4.037 E0.02175
G1 X-39.037 Y-.779 E0.16826
G1 X-39.036 Y4.04 E0.24042
G1 X-37.729 Y4.04 E0.06521
G1 X-37.823 Y3.074 E0.04842
G1 X-37.888 Y2.133 E0.04706
G1 X-37.936 Y1.038 E0.05468
G1 X-37.954 Y-.277 E0.06561
G1 X-39.037 Y0.013 E0.05593
G1 X-39.133 Y0.038
G1 F3600 E-1
G0 F12000 X-39.099 Y0.039
G0 X-39.13 Y-4.129
G0 X-39.399 Y-4.396
;TYPE:WALL-INNER
G1 F3600 E1
G1 F3000 X-39.396 Y4.4 E0.43883
G1 X-35.731 Y4.4 E0.18285
G1 X-35.54 Y4.4 E0.00953
G1 X-35.675 Y2.962 E0.07206
G1 X-35.74 Y2.024 E0.04691
G1 X-35.78 Y1.006 E0.05083
G1 X-35.796 Y-0.01 E0.05069
G1 X-35.78 Y-1.02 E0.0504
G1 X-35.739 Y-2.044 E0.05113
G1 X-35.666 Y-3.053 E0.05047
G1 X-35.538 Y-4.4 E0.0675
G1 X-35.731 Y-4.4 E0.00963
G1 X-39.399 Y-4.396 E0.183
G0 F12000 X-39.799 Y-4.796
;TYPE:WALL-OUTER
G1 F1200 X-39.796 Y4.8 E0.47875
G1 X-35.679 Y4.8 E0.2054
G1 X-35.069 Y4.8 E0.03043
G1 X-35.176 Y3.999 E0.04032
G1 X-35.276 Y2.934 E0.05337
G1 X-35.34 Y2.008 E0.04631
G1 X-35.38 Y1 E0.05033
G1 X-35.396 Y-0.004 E0.0501
G1 X-35.38 Y-1.004 E0.0499
G1 X-35.34 Y-2.015 E0.05048
G1 X-35.268 Y-3.015 E0.05002
G1 X-35.179 Y-3.95 E0.04686
G1 X-35.071 Y-4.8 E0.04275
G1 X-35.68 Y-4.799 E0.03038
G1 X-39.799 Y-4.796 E0.2055
G0 F12000 X-39.799 Y-3.996
G1 F3600 E-1
G0 F12000 X-39.099 Y-3.996
G0 X-35.953 Y4.02
;TYPE:SKIN
;BRIDGE
M107
G1 F3600 E1
G1 F1200 X-37.386 Y4.02 E0.07864
G1 X-37.475 Y3.105 E0.05045
G1 X-37.546 Y2.144 E0.05288
G1 X-37.595 Y1.07 E0.059
G1 X-37.608 Y0.016 E0.05785
G1 X-37.596 Y-.972 E0.05422
G1 X-37.556 Y-1.962 E0.05437
G1 X-37.48 Y-3.039 E0.05925
G1 X-37.386 Y-4.016 E0.05386
G1 X-35.95 Y-4.019 E0.07881
G1 X-36.043 Y-3.089 E0.05129
G1 X-36.116 Y-2.067 E0.05623
G1 X-36.16 Y-1.033 E0.0568
G1 X-36.176 Y-0.012 E0.05604
G1 X-36.16 Y1.005 E0.05582
G1 X-36.12 Y2.037 E0.05668
G1 X-36.052 Y2.987 E0.05227
G1 X-35.953 Y4.02 E0.05695
G0 F12000 X-36.814 Y3.821
G1 F1200 X-36.241 Y3.124 E0.04952
G0 F12000 X-36.295 Y2.403
G1 F1200 X-37.231 Y3.54 E0.08082
G0 F12000 X-37.294 Y2.83
G1 F1200 X-36.335 Y1.664 E0.08285
G0 F12000 X-36.362 Y0.91
G1 F1200 X-37.347 Y2.107 E0.08507
G0 F12000 X-37.38 Y1.361
G1 F1200 X-36.374 Y0.138 E0.08691
G0 F12000 X-36.367 Y-.658
G1 F1200 X-37.4 Y0.598 E0.08925
G0 F12000 X-37.405 Y-.183
G1 F1200 X-36.342 Y-1.475 E0.09182
G1 X-36.279 Y-1.552
G0 F12000 X-36.3 Y-2.313
G1 F1200 X-37.395 Y-.982 E0.09459
G1 X-37.458 Y-.905
G0 F12000 X-37.362 Y-1.809
G1 F1200 X-36.236 Y-3.177 E0.09724
G0 F12000 X-36.356 Y-3.818
G1 F1200 X-37.306 Y-2.664 E0.08203
G1 X-37.369 Y-2.587
G0 F12000 X-37.231 Y-3.542
G1 F1200 X-37.005 Y-3.817 E0.01953
G0 F12000 X-37.006 Y-3.799
G1 F3600 E-1
G0 F12000 X37.925 Y1.284
;TYPE:FILL
M106 S255
G1 F3600 E1
G1 F9600 X39.039 Y2.399 E0.07863
G1 X39.04 Y3.939 E0.07683
G1 X38.675 Y4.037 E0.01885
G1 X37.729 Y4.038 E0.0472
G1 X37.823 Y3.072 E0.04842
G1 X37.897 Y1.982 E0.05451
G1 X37.937 Y0.991 E0.04948
G1 X37.95 Y-0.021 E0.05049
G1 X37.936 Y-1.039 E0.05079
G1 X37.888 Y-2.134 E0.05468
G1 X37.822 Y-3.092 E0.04791
G1 X37.729 Y-4.04 E0.04752
G1 X39.036 Y-4.04 E0.06521
G1 X39.136 Y-4.04
G1 F3600 E-1
G0 F12000 X39.099 Y-4.041
G0 X39.13 Y4.129
G0 X39.4 Y4.396
;TYPE:WALL-INNER
G1 F3600 E1
G1 F3000 X39.396 Y-4.4 E0.43883
G1 X35.73 Y-4.4 E0.1829
G1 X35.54 Y-4.4 E0.00948
G1 X35.675 Y-2.966 E0.07186
G1 X35.74 Y-2.024 E0.04711
G1 X35.78 Y-1.01 E0.05063
G1 X35.796 Y0.01 E0.05089
G1 X35.78 Y1.02 E0.0504
G1 X35.739 Y2.044 E0.05113
G1 X35.666 Y3.053 E0.05047
G1 X35.538 Y4.4 E0.0675
G1 X35.731 Y4.4 E0.00963
G1 X39.4 Y4.396 E0.18305
G0 F12000 X39.8 Y4.796
;TYPE:WALL-OUTER
G1 F1200 X39.796 Y-4.8 E0.47875
G1 X35.679 Y-4.8 E0.2054
G1 X35.069 Y-4.8 E0.03043
G1 X35.176 Y-3.999 E0.04032
G1 X35.276 Y-2.938 E0.05317
G1 X35.34 Y-2.008 E0.04651
G1 X35.38 Y-1.004 E0.05013
G1 X35.396 Y0.004 E0.0503
G1 X35.38 Y1.004 E0.0499
G1 X35.34 Y2.015 E0.05048
G1 X35.268 Y3.015 E0.05002
G1 X35.179 Y3.95 E0.04686
G1 X35.071 Y4.8 E0.04275
G1 X35.68 Y4.799 E0.03038
G1 X39.8 Y4.796 E0.20555
G0 F12000 X39.8 Y3.996
G1 F3600 E-1
G0 F12000 X39.099 Y3.996
G0 X35.95 Y4.019
;TYPE:SKIN
;BRIDGE
M107
G1 F3600 E1
G1 F1200 X36.044 Y3.089 E0.0513
G1 X36.116 Y2.071 E0.05601
G1 X36.16 Y1.033 E0.05702
G1 X36.177 Y0.012 E0.05604
G1 X36.16 Y-1.004 E0.05577
G1 X36.12 Y-2.04 E0.0569
G1 X36.052 Y-2.995 E0.05254
G1 X35.953 Y-4.02 E0.05651
G1 X37.386 Y-4.02 E0.07864
G1 X37.479 Y-3.062 E0.05282
G1 X37.546 Y-2.147 E0.05035
G1 X37.594 Y-1.078 E0.05872
G1 X37.607 Y-0.023 E0.0579
G1 X37.596 Y0.971 E0.05455
G1 X37.552 Y1.985 E0.0557
G1 X37.478 Y3.057 E0.05897
G1 X37.386 Y4.016 E0.05287
G1 X35.95 Y4.019 E0.07881
G0 F12000 X36.996 Y3.817
G1 F1200 X37.231 Y3.531 E0.02031
G0 F12000 X37.305 Y2.655
G1 F1200 X36.349 Y3.818 E0.08262
G0 F12000 X36.237 Y3.166
G1 F1200 X37.359 Y1.802 E0.09693
G1 X37.422 Y1.725
G0 F12000 X37.396 Y0.969
G1 F1200 X36.301 Y2.301 E0.09463
G1 X36.238 Y2.378
G0 F12000 X36.343 Y1.463
G1 F1200 X37.404 Y0.172 E0.09171
G0 F12000 X37.399 Y-.609
G1 F1200 X36.367 Y0.647 E0.08921
G0 F12000 X36.375 Y-.151
G1 F1200 X37.38 Y-1.373 E0.08683
G0 F12000 X37.347 Y-2.12
G1 F1200 X36.362 Y-.922 E0.08511
G0 F12000 X36.335 Y-1.676
G1 F1200 X37.294 Y-2.843 E0.08289
G0 F12000 X37.231 Y-3.553
G1 F1200 X36.294 Y-2.414 E0.08094
G0 F12000 X36.24 Y-3.135
G1 F1200 X36.804 Y-3.821 E0.04874
G1 X36.867 Y-3.898
G0 F12000 X36.867 Y-3.8
G1 F3600 E-1
;MESH:NONMESH
G0 F12000 X-37.141 Y-4.039
;TIME_ELAPSED:60.985305
;LAYER:9
M106 S255
;MESH:bridge.stl
G0 X-37.141 Y-4.039 Z3
;TYPE:FILL
G1 F3600 E1
G1 F9600 X-38.384 Y-4.037 E0.06201
G1 X-39.038 Y-1.597 E0.12603
G1 X-39.036 Y4.04 E0.28123
G1 X-37.141 Y4.041 E0.09454
G1 X-37.233 Y3.073 E0.04851
G1 X-37.302 Y2.063 E0.05051
G1 X-37.346 Y1.015 E0.05233
G1 X-37.357 Y-.218 E0.06152
G1 X-39.037 Y0.232 E0.08677
G1 X-39.133 Y0.257
G1 F3600 E-1
G0 F12000 X-39.099 Y0.258
G0 X-39.13 Y-4.129
G0 X-39.399 Y-4.396
;TYPE:WALL-INNER
G1 F3600 E1
G1 F3000 X-39.396 Y4.4 E0.43883
G1 X-35.122 Y4.401 E0.21323
G1 X-34.912 Y4.401 E0.01048
G1 X-35.043 Y3.04 E0.06821
G1 X-35.116 Y2.027 E0.05067
G1 X-35.16 Y1.006 E0.05099
G1 X-35.176 Y-0.01 E0.05069
G1 X-35.16 Y-1.023 E0.05055
G1 X-35.112 Y-2.096 E0.05359
G1 X-35.042 Y-3.057 E0.04807
G1 X-34.906 Y-4.399 E0.0673
G1 X-35.123 Y-4.399 E0.01083
G1 X-39.399 Y-4.396 E0.21333
G0 F12000 X-39.799 Y-4.796
;TYPE:WALL-OUTER
G1 F1200 X-39.796 Y4.8 E0.47875
G1 X-35.069 Y4.8 E0.23583
G1 X-34.444 Y4.8 E0.03118
G1 X-34.552 Y3.968 E0.04186
G1 X-34.644 Y3.011 E0.04797
G1 X-34.716 Y2.009 E0.05012
G1 X-34.76 Y1 E0.05039
G1 X-34.776 Y-0.004 E0.0501
G1 X-34.76 Y-1.005 E0.04995
G1 X-34.713 Y-2.067 E0.05304
G1 X-34.644 Y-3.017 E0.04752
G1 X-34.547 Y-3.973 E0.04794
G1 X-34.443 Y-4.799 E0.04153
G1 X-35.071 Y-4.799 E0.03133
G1 X-39.799 Y-4.796 E0.23588
G0 F12000 X-39.799 Y-3.996
G1 F3600 E-1
G0 F12000 X-39.099 Y-3.996
G0 X-35.328 Y4.02
;TYPE:SKIN
;BRIDGE
M107
G1 F3600 E1
G1 F1200 X-36.795 Y4.02 E0.08051
G1 X-36.894 Y3.034 E0.05438
G1 X-36.96 Y2.044 E0.05445
G1 X-37.002 Y1.073 E0.05334
G1 X-37.02 Y0.005 E0.05862
G1 X-37.004 Y-.996 E0.05494
G1 X-36.96 Y-2.029 E0.05674
G1 X-36.893 Y-3.036 E0.05539
G1 X-36.795 Y-4.016 E0.05405
G1 X-35.323 Y-4.016 E0.08078
G1 X-35.419 Y-3.093 E0.05093
G1 X-35.488 Y-2.123 E0.05337
G1 X-35.54 Y-1.038 E0.05961
G1 X-35.556 Y-0.012 E0.05631
G1 X-35.54 Y1.008 E0.05598
G1 X-35.496 Y2.041 E0.05674
G1 X-35.42 Y3.067 E0.05646
G1 X-35.328 Y4.02 E0.05254
G0 F12000 X-36.21 Y3.82
G1 F1200 X-35.616 Y3.101 E0.05118
G0 F12000 X-35.672 Y2.383
G1 F1200 X-36.64 Y3.556 E0.08346
G0 F12000 X-36.705 Y2.849
G1 F1200 X-35.713 Y1.646 E0.08557
G0 F12000 X-35.742 Y0.896
G1 F1200 X-36.753 Y2.122 E0.08721
G0 F12000 X-36.788 Y1.379
G1 F1200 X-35.754 Y0.125 E0.0892
G0 F12000 X-35.747 Y-.67
G1 F1200 X-36.809 Y0.619 E0.09166
G0 F12000 X-36.817 Y-.158
G1 F1200 X-35.72 Y-1.488 E0.09461
G1 X-35.657 Y-1.565
G0 F12000 X-35.675 Y-2.327
G1 F1200 X-36.804 Y-.959 E0.09734
G1 X-36.867 Y-.882
G0 F12000 X-36.769 Y-1.787
G1 F1200 X-35.611 Y-3.191 E0.09988
G0 F12000 X-35.743 Y-3.816
G1 F1200 X-36.718 Y-2.634 E0.08409
G1 X-36.781 Y-2.557
G0 F12000 X-36.644 Y-3.51
G1 F1200 X-36.391 Y-3.816 E0.02179
G0 F12000 X-36.392 Y-3.799
G1 F3600 E-1
G0 F12000 X37.354 Y0.413
;TYPE:FILL
M106 S255
G1 F3600 E1
G1 F9600 X39.039 Y2.098 E0.11889
G1 X39.039 Y4.035 E0.09664
G1 X37.141 Y4.039 E0.09469
G1 X37.233 Y3.073 E0.04841
G1 X37.303 Y2.058 E0.05076
G1 X37.346 Y1.015 E0.05208
G1 X37.36 Y-0.011 E0.05119
G1 X37.346 Y-1.027 E0.05069
G1 X37.302 Y-2.064 E0.05178
G1 X37.232 Y-3.091 E0.05136
G1 X37.141 Y-4.04 E0.04756
G1 X39.036 Y-4.04 E0.09454
G1 X39.136 Y-4.04
G1 F3600 E-1
G0 F12000 X39.099 Y-4.041
G0 X39.13 Y4.129
G0 X39.399 Y4.396
;TYPE:WALL-INNER
G1 F3600 E1
G1 F3000 X39.396 Y-4.4 E0.43883
G1 X35.122 Y-4.4 E0.21323
G1 X34.911 Y-4.4 E0.01053
G1 X35.043 Y-3.044 E0.06797
G1 X35.116 Y-2.027 E0.05087
G1 X35.16 Y-1.01 E0.05079
G1 X35.176 Y0.01 E0.05089
G1 X35.16 Y1.023 E0.05055
G1 X35.112 Y2.096 E0.05359
G1 X35.042 Y3.057 E0.04807
G1 X34.906 Y4.399 E0.0673
G1 X35.123 Y4.399 E0.01083
G1 X39.399 Y4.396 E0.21333
G0 F12000 X39.799 Y4.796
;TYPE:WALL-OUTER
G1 F1200 X39.796 Y-4.8 E0.47875
G1 X35.069 Y-4.8 E0.23583
G1 X34.444 Y-4.8 E0.03118
G1 X34.551 Y-3.968 E0.04185
G1 X34.644 Y-3.015 E0.04777
G1 X34.716 Y-2.009 E0.05032
G1 X34.76 Y-1.004 E0.05019
G1 X34.776 Y0.004 E0.0503
G1 X34.76 Y1.005 E0.04995
G1 X34.713 Y2.067 E0.05304
G1 X34.644 Y3.017 E0.04752
G1 X34.547 Y3.973 E0.04794
G1 X34.443 Y4.799 E0.04153
G1 X35.071 Y4.799 E0.03133
G1 X39.799 Y4.796 E0.23588
G0 F12000 X39.799 Y3.996
G1 F3600 E-1
G0 F12000 X39.099 Y3.996
G0 X35.323 Y4.016
;TYPE:SKIN
;BRIDGE
M107
G1 F3600 E1
G1 F1200 X35.42 Y3.093 E0.05093
G1 X35.488 Y2.123 E0.05336
G1 X35.54 Y1.038 E0.05961
G1 X35.557 Y0.012 E0.05631
G1 X35.54 Y-1.016 E0.05642
G1 X35.492 Y-2.046 E0.05659
G1 X35.42 Y-3.071 E0.05639
G1 X35.325 Y-4.02 E0.05234
G1 X36.795 Y-4.02 E0.08067
G1 X36.892 Y-3.066 E0.05262
G1 X36.96 Y-2.048 E0.05599
G1 X37.002 Y-1.086 E0.05284
G1 X37.019 Y-0.017 E0.05867
G1 X37.004 Y0.996 E0.0556
G1 X36.96 Y2.033 E0.05696
G1 X36.893 Y3.036 E0.05517
G1 X36.795 Y4.016 E0.05405
G1 X35.323 Y4.016 E0.08078
G0 F12000 X36.27 Y3.816
G1 F1200 X36.661 Y3.338 E0.03389
G0 F12000 X36.73 Y2.463
G1 F1200 X35.624 Y3.816 E0.0959
G0 F12000 X35.626 Y3.025
G1 F1200 X36.777 Y1.615 E0.09989
G1 X36.84 Y1.538
G0 F12000 X36.807 Y0.789
G1 F1200 X35.687 Y2.159 E0.09711
G1 X35.624 Y2.236
G0 F12000 X35.728 Y1.319
G1 F1200 X36.819 Y-0.016 E0.09462
G0 F12000 X36.806 Y-.79
G1 F1200 X35.749 Y0.503 E0.09165
G0 F12000 X35.753 Y-.291
G1 F1200 X36.781 Y-1.55 E0.0892
G0 F12000 X36.743 Y-2.294
G1 F1200 X35.738 Y-1.064 E0.08717
G0 F12000 X35.703 Y-1.812
G1 F1200 X36.695 Y-3.025 E0.08599
G0 F12000 X36.623 Y-3.727
G1 F1200 X35.657 Y-2.545 E0.08377
G0 F12000 X35.602 Y-3.267
G1 F1200 X36.053 Y-3.82 E0.03916
G0 F12000 X36.053 Y-3.8
G1 F3600 E-1
;MESH:NONMESH
G0 F12000 X-36.54 Y-4.04
;TIME_ELAPSED:71.413284
;LAYER:10
M106 S255
;MESH:bridge.stl
G0 X-36.54 Y-4.04 Z3.3
;TYPE:FILL
G1 F3600 E1
G1 F9600 X-38.603 Y-4.041 E0.10292
G1 X-39.04 Y-2.409 E0.08429
G1 X-39.04 Y4.04 E0.32174
G1 X-36.54 Y4.04 E0.12473
G1 X-36.634 Y3.075 E0.04837
G1 X-36.706 Y2.06 E0.05077
G1 X-36.751 Y1.016 E0.05213
G1 X-36.763 Y-.157 E0.05852
G1 X-39.039 Y0.452 E0.11754
G1 X-39.135 Y0.477
G1 F3600 E-1
G0 F12000 X-39.1 Y0.477
G0 X-39.13 Y-4.13
G0 X-39.4 Y-4.4
;TYPE:WALL-INNER
G1 F3600 E1
G1 F3000 X-39.4 Y4.4 E0.43903
G1 X-34.496 Y4.4 E0.24466
G1 X-34.272 Y4.4 E0.01118
G1 X-34.415 Y3.039 E0.06827
G1 X-34.488 Y2.025 E0.05072
G1 X-34.532 Y1.074 E0.0475
G1 X-34.548 Y0.04 E0.05159
G1 X-34.536 Y-.96 E0.04989
G1 X-34.487 Y-2.04 E0.05394
G1 X-34.413 Y-3.059 E0.05097
G1 X-34.272 Y-4.4 E0.06727
G1 X-34.496 Y-4.4 E0.01118
G1 X-39.4 Y-4.4 E0.24466
G0 F12000 X-39.8 Y-4.8
;TYPE:WALL-OUTER
G1 F1200 X-39.8 Y4.8 E0.47895
G1 X-34.444 Y4.8 E0.26721
G1 X-33.805 Y4.8 E0.03188
G1 X-33.915 Y3.97 E0.04177
G1 X-34.016 Y3.011 E0.04811
G1 X-34.088 Y2.006 E0.05027
G1 X-34.132 Y1.068 E0.04685
G1 X-34.148 Y0.045 E0.05104
G1 X-34.136 Y-.942 E0.04925
G1 X-34.088 Y-2.011 E0.05339
G1 X-34.015 Y-3.017 E0.05032
G1 X-33.915 Y-3.975 E0.04805
G1 X-33.805 Y-4.8 E0.04152
G1 X-34.443 Y-4.8 E0.03183
G1 X-39.8 Y-4.8 E0.26726
G0 F12000 X-39.8 Y-4
G1 F3600 E-1
G0 F12000 X-39.1 Y-4
G0 X-34.691 Y4.02
;TYPE:SKIN
;BRIDGE
M107
G1 F3600 E1
G1 F1200 X-36.195 Y4.02 E0.08254
G1 X-36.294 Y3.038 E0.05416
G1 X-36.364 Y2.042 E0.05479
G1 X-36.408 Y1.018 E0.05625
G1 X-36.424 Y0.04 E0.05368
G1 X-36.408 Y-.986 E0.05631
G1 X-36.364 Y-2.027 E0.05718
G1 X-36.292 Y-3.04 E0.05573
G1 X-36.195 Y-4.02 E0.05404
G1 X-34.691 Y-4.02 E0.08254
G1 X-34.795 Y-3.05 E0.05354
G1 X-34.864 Y-2.062 E0.05435
G1 X-34.916 Y-.974 E0.05978
G1 X-34.928 Y0.013 E0.05417
G1 X-34.912 Y1.103 E0.05982
G1 X-34.868 Y2.042 E0.05159
G1 X-34.8 Y3.018 E0.05369
G1 X-34.691 Y4.02 E0.05531
G0 F12000 X-35.171 Y3.82
G1 F1200 X-34.945 Y3.54 E0.01975
G0 F12000 X-35.014 Y2.828
G1 F1200 X-35.813 Y3.82 E0.0699
G0 F12000 X-36.063 Y3.333
G1 F1200 X-35.066 Y2.095 E0.08723
G0 F12000 X-35.102 Y1.342
G1 F1200 X-36.123 Y2.61 E0.08934
G0 F12000 X-36.17 Y1.872
G1 F1200 X-35.12 Y0.568 E0.09188
G0 F12000 X-35.125 Y-.223
G1 F1200 X-36.203 Y1.115 E0.0943
G0 F12000 X-36.219 Y0.337
G1 F1200 X-35.114 Y-1.035 E0.09668
G1 X-35.052 Y-1.112
G0 F12000 X-35.073 Y-1.882
G1 F1200 X-36.216 Y-.463 E0.09999
G1 X-36.278 Y-.386
G0 F12000 X-36.195 Y-1.287
G1 F1200 X-35.017 Y-2.75 E0.10308
G1 X-34.955 Y-2.827
G0 F12000 X-34.932 Y-3.652
G1 F1200 X-36.156 Y-2.132 E0.1071
G1 X-36.218 Y-2.055
G0 F12000 X-36.093 Y-3.008
G1 F1200 X-35.439 Y-3.821 E0.05726
G1 X-35.377 Y-3.898
G0 F12000 X-35.377 Y-3.8
G1 F3600 E-1
G0 F12000 X36.758 Y-.482
;TYPE:FILL
M106 S255
G1 F3600 E1
G1 F9600 X39.04 Y1.8 E0.16101
G1 X39.04 Y4.04 E0.11175
G1 X36.54 Y4.04 E0.12473
G1 X36.634 Y3.075 E0.04837
G1 X36.705 Y2.065 E0.05051
G1 X36.751 Y1.014 E0.05248
G1 X36.765 Y-0.011 E0.05114
G1 X36.751 Y-1.015 E0.05009
G1 X36.705 Y-2.066 E0.05248
G1 X36.633 Y-3.086 E0.05101
G1 X36.54 Y-4.04 E0.04782
G1 X39.04 Y-4.04 E0.12473
G1 X39.14 Y-4.04
G1 F3600 E-1
G0 F12000 X39.1 Y-4.04
G0 X39.13 Y4.13
G0 X39.4 Y4.4
;TYPE:WALL-INNER
G1 F3600 E1
G1 F3000 X39.4 Y-4.4 E0.43903
G1 X34.496 Y-4.4 E0.24466
G1 X34.272 Y-4.4 E0.01118
G1 X34.415 Y-3.044 E0.06803
G1 X34.488 Y-2.029 E0.05077
G1 X34.532 Y-1.074 E0.0477
G1 X34.548 Y-0.04 E0.05159
G1 X34.536 Y0.96 E0.04989
G1 X34.487 Y2.04 E0.05394
G1 X34.413 Y3.059 E0.05097
G1 X34.272 Y4.4 E0.06727
G1 X34.496 Y4.4 E0.01118
G1 X39.4 Y4.4 E0.24466
G0 F12000 X39.8 Y4.8
;TYPE:WALL-OUTER
G1 F1200 X39.8 Y-4.8 E0.47895
G1 X34.444 Y-4.8 E0.26721
G1 X33.805 Y-4.8 E0.03188
G1 X33.915 Y-3.97 E0.04177
G1 X34.016 Y-3.015 E0.04791
G1 X34.088 Y-2.01 E0.05027
G1 X34.132 Y-1.068 E0.04705
G1 X34.148 Y-0.045 E0.05104
G1 X34.136 Y0.942 E0.04925
G1 X34.088 Y2.011 E0.05339
G1 X34.015 Y3.017 E0.05032
G1 X33.915 Y3.975 E0.04805
G1 X33.805 Y4.8 E0.04152
G1 X34.444 Y4.8 E0.03188
G1 X39.8 Y4.8 E0.26721
G0 F12000 X39.8 Y4
G1 F3600 E-1
G0 F12000 X39.1 Y4
G0 X34.691 Y4.019
;TYPE:SKIN
;BRIDGE
M107
G1 F3600 E1
G1 F1200 X34.795 Y3.025 E0.05485
G1 X34.864 Y2.067 E0.05271
G1 X34.912 Y0.973 E0.0601
G1 X34.929 Y-0.016 E0.05428
G1 X34.912 Y-1.08 E0.0584
G1 X34.868 Y-2.05 E0.05329
G1 X34.8 Y-3.022 E0.05347
G1 X34.691 Y-4.02 E0.0551
G1 X36.195 Y-4.02 E0.08254
G1 X36.294 Y-3.038 E0.05416
G1 X36.364 Y-2.05 E0.05436
G1 X36.408 Y-1.018 E0.05669
G1 X36.424 Y-0.036 E0.0539
G1 X36.408 Y0.99 E0.05631
G1 X36.364 Y2.031 E0.05718
G1 X36.292 Y3.041 E0.05557
G1 X36.195 Y4.019 E0.05394
G1 X34.691 Y4.019 E0.08254
G0 F12000 X36.019 Y3.763
G1 F1200 X35.95 Y3.819 E0.00488
G0 F12000 X36.089 Y3.066
G1 F1200 X35.151 Y3.82 E0.06605
G0 F12000 X34.964 Y3.328
G1 F1200 X36.138 Y2.385 E0.08264
G0 F12000 X36.177 Y1.712
G1 F1200 X35.024 Y2.639 E0.08119
G0 F12000 X35.069 Y1.961
G1 F1200 X36.205 Y1.047 E0.08002
G0 F12000 X36.217 Y0.397
G1 F1200 X35.099 Y1.296 E0.07873
G0 F12000 X35.118 Y0.638
G1 F1200 X36.22 Y-.248 E0.0776
G0 F12000 X36.209 Y-.88
G1 F1200 X35.129 Y-0.012 E0.07604
G0 F12000 X35.12 Y-.646
G1 F1200 X36.187 Y-1.504 E0.07514
G0 F12000 X36.158 Y-2.122
G1 F1200 X35.104 Y-1.275 E0.07421
G0 F12000 X35.076 Y-1.894
G1 F1200 X36.114 Y-2.729 E0.07311
G0 F12000 X36.063 Y-3.329
G1 F1200 X35.037 Y-2.504 E0.07225
G0 F12000 X34.991 Y-3.109
G1 F1200 X35.877 Y-3.821 E0.06238
G0 F12000 X35.079 Y-3.821
G1 F1200 X34.927 Y-3.699 E0.0107
G0 F12000 X34.949 Y-3.699
G1 F3600 E-1
;MESH:NONMESH
G0 F12000 X34.949 Y-3.697
G0 X-35.935 Y-4.04
;TIME_ELAPSED:82.155408
;LAYER:11
M106 S255
;MESH:bridge.stl
G0 X-35.935 Y-4.04 Z3.6
;TYPE:FILL
G1 F3600 E1
G1 F9600 X-38.822 Y-4.041 E0.14403
G1 X-39.039 Y-3.229 E0.04193
G1 X-39.04 Y4.04 E0.36265
G1 X-35.931 Y4.04 E0.15511
G1 X-36.034 Y2.996 E0.05234
G1 X-36.098 Y2.063 E0.04666
G1 X-36.143 Y1.015 E0.05233
G1 X-36.157 Y-.1 E0.05563
G1 X-39.039 Y0.672 E0.14885
G1 X-39.135 Y0.697
G1 F3600 E-1
G0 F12000 X-39.1 Y0.697
G0 X-39.13 Y-4.13
G0 X-39.4 Y-4.4
;TYPE:WALL-INNER
G1 F3600 E1
G1 F3000 X-39.4 Y4.4 E0.43903
G1 X-33.86 Y4.4 E0.27639
G1 X-33.632 Y4.4 E0.01137
G1 X-33.767 Y3.042 E0.06808
G1 X-33.844 Y2.023 E0.05098
G1 X-33.888 Y1.004 E0.05089
G1 X-33.9 Y-0.008 E0.05049
G1 X-33.888 Y-1.023 E0.05064
G1 X-33.843 Y-2.042 E0.05089
G1 X-33.765 Y-3.059 E0.05089
G1 X-33.624 Y-4.4 E0.06727
G1 X-33.86 Y-4.4 E0.01177
G1 X-39.4 Y-4.4 E0.27639
G0 F12000 X-39.8 Y-4.8
;TYPE:WALL-OUTER
G1 F1200 X-39.8 Y4.8 E0.47895
G1 X-33.806 Y4.8 E0.29904
G1 X-33.157 Y4.8 E0.03238
G1 X-33.28 Y3.896 E0.04552
G1 X-33.368 Y3.012 E0.04432
G1 X-33.444 Y2.005 E0.05038
G1 X-33.488 Y0.999 E0.05024
G1 X-33.5 Y-0.003 E0.04999
G1 X-33.488 Y-1.005 E0.04999
G1 X-33.444 Y-2.012 E0.05029
G1 X-33.367 Y-3.017 E0.05029
G1 X-33.267 Y-3.975 E0.04805
G1 X-33.157 Y-4.8 E0.04152
G1 X-33.806 Y-4.8 E0.03238
G1 X-39.8 Y-4.8 E0.29904
G0 F12000 X-39.8 Y-4
G1 F3600 E-1
G0 F12000 X-39.1 Y-4
G0 X-34.053 Y4.02
;TYPE:SKIN
;BRIDGE
M107
G1 F3600 E1
G1 F1200 X-35.587 Y4.02 E0.08418
G1 X-35.692 Y2.983 E0.0572
G1 X-35.756 Y2.045 E0.0516
G1 X-35.8 Y1.019 E0.05636
G1 X-35.816 Y0.008 E0.05549
G1 X-35.799 Y-1 E0.05533
G1 X-35.756 Y-2.027 E0.05641
G1 X-35.684 Y-3.038 E0.05562
G1 X-35.59 Y-4.02 E0.05414
G1 X-34.043 Y-4.02 E0.0849
G1 X-34.147 Y-3.05 E0.05354
G1 X-34.22 Y-2.067 E0.05409
G1 X-34.268 Y-1.038 E0.05653
G1 X-34.28 Y-0.011 E0.05636
G1 X-34.268 Y1.031 E0.05719
G1 X-34.224 Y2.037 E0.05526
G1 X-34.144 Y3.068 E0.05675
G1 X-34.053 Y4.02 E0.05248
G0 F12000 X-34.822 Y3.82
G1 F1200 X-34.33 Y3.22 E0.04258
G0 F12000 X-34.388 Y2.503
G1 F1200 X-35.413 Y3.751 E0.08863
G0 F12000 X-35.483 Y3.049
G1 F1200 X-34.436 Y1.772 E0.09062
G0 F12000 X-34.468 Y1.024
G1 F1200 X-35.536 Y2.325 E0.09237
G0 F12000 X-35.575 Y1.584
G1 F1200 X-34.477 Y0.246 E0.09499
G0 F12000 X-34.474 Y-.546
G1 F1200 X-35.602 Y0.829 E0.0976
G0 F12000 X-35.615 Y0.056
G1 F1200 X-34.453 Y-1.36 E0.10052
G1 X-34.39 Y-1.437
G0 F12000 X-34.41 Y-2.201
G1 F1200 X-35.603 Y-.747 E0.10322
G1 X-35.666 Y-.67
G0 F12000 X-35.575 Y-1.569
G1 F1200 X-34.346 Y-3.067 E0.10634
G0 F12000 X-34.375 Y-3.82
G1 F1200 X-35.528 Y-2.415 E0.09974
G1 X-35.591 Y-2.338
G0 F12000 X-35.459 Y-3.288
G1 F1200 X-35.022 Y-3.82 E0.03778
G0 F12000 X-35.022 Y-3.8
G1 F3600 E-1
G0 F12000 X36.126 Y-1.414
;TYPE:FILL
M106 S255
G1 F3600 E1
G1 F9600 X39.04 Y1.5 E0.2056
G1 X39.04 Y4.04 E0.12672
G1 X35.935 Y4.04 E0.15491
G1 X36.027 Y3.08 E0.04811
G1 X36.098 Y2.065 E0.05076
G1 X36.143 Y1.015 E0.05243
G1 X36.158 Y-0.013 E0.05129
G1 X36.143 Y-1.039 E0.05119
G1 X36.098 Y-2.063 E0.05114
G1 X36.034 Y-3.002 E0.04696
G1 X35.933 Y-4.04 E0.05203
G1 X39.04 Y-4.04 E0.15501
G1 X39.14 Y-4.04
G1 F3600 E-1
G0 F12000 X39.1 Y-4.04
G0 X39.13 Y4.13
G0 X39.4 Y4.4
;TYPE:WALL-INNER
G1 F3600 E1
G1 F3000 X39.4 Y-4.4 E0.43903
G1 X33.859 Y-4.4 E0.27644
G1 X33.632 Y-4.4 E0.01133
G1 X33.767 Y-3.046 E0.06789
G1 X33.844 Y-2.027 E0.05098
G1 X33.888 Y-1.008 E0.05089
G1 X33.9 Y0.008 E0.05069
G1 X33.888 Y1.023 E0.05064
G1 X33.843 Y2.042 E0.05089
G1 X33.765 Y3.059 E0.05089
G1 X33.624 Y4.4 E0.06727
G1 X33.86 Y4.4 E0.01177
G1 X39.4 Y4.4 E0.27639
G0 F12000 X39.8 Y4.8
;TYPE:WALL-OUTER
G1 F1200 X39.8 Y-4.8 E0.47895
G1 X33.806 Y-4.8 E0.29904
G1 X33.157 Y-4.8 E0.03238
G1 X33.28 Y-3.896 E0.04552
G1 X33.368 Y-3.016 E0.04412
G1 X33.444 Y-2.009 E0.05038
G1 X33.488 Y-1.003 E0.05024
G1 X33.5 Y0.003 E0.05019
G1 X33.488 Y1.005 E0.04999
G1 X33.444 Y2.012 E0.05029
G1 X33.367 Y3.017 E0.05029
G1 X33.267 Y3.975 E0.04805
G1 X33.157 Y4.8 E0.04152
G1 X33.806 Y4.8 E0.03238
G1 X39.8 Y4.8 E0.29904
G0 F12000 X39.8 Y4
G1 F3600 E-1
G0 F12000 X39.1 Y4
G0 X34.043 Y4.019
;TYPE:SKIN
;BRIDGE
M107
G1 F3600 E1
G1 F1200 X34.147 Y3.025 E0.05485
G1 X34.22 Y2.068 E0.05267
G1 X34.268 Y1.038 E0.05659
G1 X34.281 Y0.011 E0.05637
G1 X34.268 Y-1.039 E0.05763
G1 X34.224 Y-2.045 E0.05526
G1 X34.144 Y-3.072 E0.05653
G1 X34.052 Y-4.02 E0.05227
G1 X35.587 Y-4.02 E0.08424
G1 X35.692 Y-2.991 E0.05676
G1 X35.756 Y-2.045 E0.05203
G1 X35.8 Y-1.031 E0.0557
G1 X35.815 Y-0.018 E0.0556
G1 X35.8 Y1 E0.05587
G1 X35.756 Y2.027 E0.05641
G1 X35.685 Y3.043 E0.05589
G1 X35.587 Y4.019 E0.05383
G1 X34.043 Y4.019 E0.08473
G0 F12000 X35.427 Y3.607
G1 F1200 X35.163 Y3.819 E0.01858
G0 F12000 X34.364 Y3.819
G1 F1200 X35.493 Y2.912 E0.07948
G0 F12000 X35.54 Y2.233
G1 F1200 X34.331 Y3.205 E0.08513
G0 F12000 X34.388 Y2.517
G1 F1200 X35.575 Y1.564 E0.08354
G0 F12000 X35.601 Y0.901
G1 F1200 X34.432 Y1.841 E0.08232
G0 F12000 X34.463 Y1.174
G1 F1200 X35.611 Y0.252 E0.0808
G0 F12000 X35.609 Y-.388
G1 F1200 X34.475 Y0.523 E0.07983
G0 F12000 X34.48 Y-.122
G1 F1200 X35.599 Y-1.021 E0.07877
G0 F12000 X35.572 Y-1.641
G1 F1200 X34.472 Y-.757 E0.07744
G0 F12000 X34.453 Y-1.383
G1 F1200 X35.541 Y-2.257 E0.07659
G0 F12000 X35.499 Y-2.865
G1 F1200 X34.426 Y-2.003 E0.07553
G0 F12000 X34.381 Y-2.608
G1 F1200 X35.442 Y-3.461 E0.07471
G0 F12000 X35.091 Y-3.82
G1 F1200 X34.331 Y-3.21 E0.05348
G1 X34.254 Y-3.148
G0 F12000 X34.36 Y-3.157
G1 F3600 E-1
;MESH:NONMESH
G0 F12000 X34.36 Y-3.155
G0 X-35.306 Y-4.04
;TIME_ELAPSED:93.160322
;LAYER:12
M106 S255
;MESH:bridge.stl
G0 X-35.306 Y-4.04 Z3.9
;TYPE:FILL
G1 F3600 E1
G1 F9600 X-39.04 Y-4.04 E0.18629
G1 X-39.04 Y4.04 E0.40311
G1 X-35.306 Y4.04 E0.18629
G1 X-35.404 Y3.075 E0.04839
G1 X-35.476 Y2.065 E0.05052
G1 X-35.523 Y1.016 E0.05239
G1 X-35.537 Y-0.047 E0.05304
G1 X-39.039 Y0.892 E0.18089
G1 X-39.135 Y0.917
G1 F3600 E-1
G0 F12000 X-39.1 Y0.917
G0 X-39.13 Y-4.13
G0 X-39.4 Y-4.4
;TYPE:WALL-INNER
G1 F3600 E1
G1 F3000 X-39.4 Y4.4 E0.43903
G1 X-33.213 Y4.4 E0.30867
G1 X-32.961 Y4.4 E0.01257
G1 X-33.111 Y2.998 E0.07035
G1 X-33.184 Y2.023 E0.04878
G1 X-33.228 Y1.006 E0.05079
G1 X-33.244 Y-0.01 E0.05069
G1 X-33.228 Y-1.023 E0.05055
G1 X-33.183 Y-2.042 E0.05089
G1 X-33.109 Y-3.016 E0.04873
G1 X-32.961 Y-4.4 E0.06944
G1 X-33.214 Y-4.4 E0.01262
G1 X-39.4 Y-4.4 E0.30862
G0 F12000 X-39.8 Y-4.8
;TYPE:WALL-OUTER
G1 F1200 X-39.8 Y4.8 E0.47895
G1 X-33.158 Y4.8 E0.33137
G1 X-32.49 Y4.8 E0.03333
G1 X-32.599 Y4.022 E0.03919
G1 X-32.712 Y2.968 E0.05289
G1 X-32.784 Y2.005 E0.04818
G1 X-32.828 Y1 E0.05019
G1 X-32.844 Y-0.004 E0.0501
G1 X-32.828 Y-1.005 E0.04995
G1 X-32.784 Y-2.012 E0.05029
G1 X-32.711 Y-2.974 E0.04813
G1 X-32.599 Y-4.024 E0.05268
G1 X-32.49 Y-4.8 E0.03909
G1 X-33.159 Y-4.8 E0.03338
G1 X-39.8 Y-4.8 E0.33132
G0 F12000 X-39.8 Y-4
G1 F3600 E-1
G0 F12000 X-39.1 Y-4
G0 X-33.38 Y4.02
;TYPE:SKIN
;BRIDGE
M107
G1 F3600 E1
G1 F1200 X-34.96 Y4.02 E0.08671
G1 X-35.063 Y3.063 E0.05282
G1 X-35.136 Y2.046 E0.05596
G1 X-35.18 Y1.019 E0.05641
G1 X-35.196 Y0.008 E0.05549
G1 X-35.18 Y-.999 E0.05527
G1 X-35.136 Y-2.027 E0.05647
G1 X-35.065 Y-3.036 E0.05551
G1 X-34.96 Y-4.02 E0.05431
G1 X-33.38 Y-4.02 E0.08671
G1 X-33.491 Y-3.01 E0.05576
G1 X-33.56 Y-2.067 E0.05189
G1 X-33.608 Y-1.038 E0.05653
G1 X-33.624 Y-0.012 E0.05631
G1 X-33.608 Y1.008 E0.05598
G1 X-33.564 Y2.037 E0.05652
G1 X-33.496 Y2.975 E0.05161
G1 X-33.38 Y4.02 E0.0577
G0 F12000 X-33.85 Y3.82
G1 F1200 X-33.633 Y3.55 E0.01901
G0 F12000 X-33.706 Y2.842
G1 F1200 X-34.492 Y3.821 E0.0689
G0 F12000 X-34.822 Y3.433
G1 F1200 X-33.76 Y2.111 E0.09306
G0 F12000 X-33.794 Y1.354
G1 F1200 X-34.887 Y2.716 E0.09584
G0 F12000 X-34.938 Y1.981
G1 F1200 X-33.815 Y0.582 E0.09845
G0 F12000 X-33.821 Y-.208
G1 F1200 X-34.97 Y1.223 E0.10071
G0 F12000 X-34.989 Y0.447
G1 F1200 X-33.809 Y-1.022 E0.10341
G1 X-33.747 Y-1.099
G0 F12000 X-33.769 Y-1.87
G1 F1200 X-34.99 Y-.349 E0.10704
G1 X-35.052 Y-.271
G0 F12000 X-34.972 Y-1.171
G1 F1200 X-33.712 Y-2.74 E0.11043
G1 X-33.65 Y-2.817
G0 F12000 X-33.622 Y-3.651
G1 F1200 X-34.935 Y-2.015 E0.11512
G1 X-34.997 Y-1.938
G0 F12000 X-34.875 Y-2.889
G1 F1200 X-34.127 Y-3.82 E0.06554
G1 X-34.065 Y-3.897
G0 F12000 X-34.065 Y-3.8
G1 F3600 E-1
G0 F12000 X35.452 Y-2.388
;TYPE:FILL
M106 S255
G1 F3600 E1
G1 F9600 X39.04 Y1.2 E0.25315
G1 X39.04 Y4.04 E0.14169
G1 X35.306 Y4.04 E0.18629
G1 X35.404 Y3.076 E0.04834
G1 X35.476 Y2.065 E0.05057
G1 X35.523 Y1.016 E0.05239
G1 X35.538 Y-0.013 E0.05134
G1 X35.523 Y-1.017 E0.0501
G1 X35.476 Y-2.066 E0.05239
G1 X35.403 Y-3.089 E0.05117
G1 X35.359 Y-3.52 E0.02161
G1 X35.498 Y-4.04 E0.02685
G1 X39.04 Y-4.04 E0.17671
G1 X39.14 Y-4.04
G1 F3600 E-1
G0 F12000 X39.1 Y-4.04
G0 X39.13 Y4.13
G0 X39.4 Y4.4
;TYPE:WALL-INNER
G1 F3600 E1
G1 F3000 X39.4 Y-4.4 E0.43903
G1 X33.213 Y-4.4 E0.30867
G1 X32.961 Y-4.4 E0.01257
G1 X33.111 Y-2.998 E0.07035
G1 X33.184 Y-2.027 E0.04858
G1 X33.228 Y-1.01 E0.05079
G1 X33.244 Y0.01 E0.05089
G1 X33.228 Y1.023 E0.05055
G1 X33.183 Y2.042 E0.05089
G1 X33.109 Y3.016 E0.04873
G1 X32.961 Y4.4 E0.06944
G1 X33.214 Y4.4 E0.01262
G1 X39.4 Y4.4 E0.30862
G0 F12000 X39.8 Y4.8
;TYPE:WALL-OUTER
G1 F1200 X39.8 Y-4.8 E0.47895
G1 X33.158 Y-4.8 E0.33137
G1 X32.49 Y-4.8 E0.03333
G1 X32.599 Y-4.022 E0.03919
G1 X32.712 Y-2.968 E0.05289
G1 X32.784 Y-2.009 E0.04798
G1 X32.828 Y-1.004 E0.05019
G1 X32.844 Y0.004 E0.0503
G1 X32.828 Y1.005 E0.04995
G1 X32.784 Y2.012 E0.05029
G1 X32.711 Y2.974 E0.04813
G1 X32.599 Y4.024 E0.05268
G1 X32.49 Y4.8 E0.03909
G1 X33.159 Y4.8 E0.03338
G1 X39.8 Y4.8 E0.33132
G0 F12000 X39.8 Y4
G1 F3600 E-1
G0 F12000 X39.1 Y4
G0 X33.379 Y4.02
;TYPE:SKIN
;BRIDGE
M107
G1 F3600 E1
G1 F1200 X33.491 Y2.982 E0.0573
G1 X33.56 Y2.068 E0.0503
G1 X33.61 Y0.975 E0.06005
G1 X33.625 Y0.012 E0.05286
G1 X33.608 Y-1.016 E0.05642
G1 X33.564 Y-2.045 E0.05652
G1 X33.496 Y-2.975 E0.05117
G1 X33.38 Y-4.02 E0.0577
G1 X34.96 Y-4.02 E0.08671
G1 X35.064 Y-3.066 E0.05266
G1 X35.136 Y-2.05 E0.0559
G1 X35.18 Y-1.023 E0.05641
G1 X35.195 Y-0.019 E0.0551
G1 X35.18 Y0.999 E0.05587
G1 X35.136 Y2.027 E0.05647
G1 X35.065 Y3.036 E0.05551
G1 X34.96 Y4.02 E0.05431
G1 X33.379 Y4.02 E0.08676
G0 F12000 X34.816 Y3.488
G1 F1200 X34.401 Y3.821 E0.0292
G0 F12000 X33.602 Y3.82
G1 F1200 X34.881 Y2.794 E0.08998
G0 F12000 X34.928 Y2.116
G1 F1200 X33.678 Y3.118 E0.08792
G0 F12000 X33.734 Y2.433
G1 F1200 X34.96 Y1.449 E0.08627
G0 F12000 X34.983 Y0.79
G1 F1200 X33.775 Y1.759 E0.08499
G0 F12000 X33.807 Y1.093
G1 F1200 X34.992 Y0.142 E0.08338
G0 F12000 X34.988 Y-.495
G1 F1200 X33.818 Y0.442 E0.08226
G0 F12000 X33.822 Y-.202
G1 F1200 X34.975 Y-1.126 E0.08109
G0 F12000 X34.948 Y-1.745
G1 F1200 X33.812 Y-.834 E0.07991
G0 F12000 X33.79 Y-1.457
G1 F1200 X34.913 Y-2.358 E0.07901
G0 F12000 X34.87 Y-2.965
G1 F1200 X33.763 Y-2.076 E0.07792
G0 F12000 X33.718 Y-2.682
G1 F1200 X34.809 Y-3.556 E0.07672
G0 F12000 X34.338 Y-3.82
G1 F1200 X33.664 Y-3.279 E0.04743
G1 X33.586 Y-3.217
G0 F12000 X33.69 Y-3.227
G1 F3600 E-1
;MESH:NONMESH
G0 F12000 X33.691 Y-3.225
G0 X-34.672 Y-4.04
;TIME_ELAPSED:104.456246
;LAYER:13
M106 S255
;MESH:bridge.stl
G0 X-34.672 Y-4.04 Z4.2
;TYPE:FILL
G1 F3600 E1
G1 F9600 X-39.039 Y-4.039 E0.21787
G1 X-39.04 Y4.04 E0.40306
G1 X-34.672 Y4.04 E0.21792
G1 X-34.772 Y3.073 E0.0485
G1 X-34.849 Y2.045 E0.05143
G1 X-34.893 Y1.084 E0.04799
G1 X-34.909 Y0.004 E0.05389
G1 X-39.039 Y1.111 E0.21332
G1 X-39.135 Y1.136
G1 F3600 E-1
G0 F12000 X-39.1 Y1.136
G0 X-39.13 Y-4.13
G0 X-39.399 Y-4.399
;TYPE:WALL-INNER
G1 F3600 E1
G1 F3000 X-39.4 Y4.4 E0.43898
G1 X-32.547 Y4.4 E0.3419
G1 X-32.284 Y4.4 E0.01312
G1 X-32.439 Y3 E0.07027
G1 X-32.508 Y2.118 E0.04414
G1 X-32.56 Y1.046 E0.05355
G1 X-32.576 Y0.012 E0.05159
G1 X-32.564 Y-.991 E0.05004
G1 X-32.515 Y-1.96 E0.04841
G1 X-32.437 Y-3.019 E0.05298
G1 X-32.282 Y-4.4 E0.06933
G1 X-32.547 Y-4.4 E0.01322
G1 X-39.399 Y-4.399 E0.34185
G0 F12000 X-39.799 Y-4.799
;TYPE:WALL-OUTER
G1 F1200 X-39.8 Y4.8 E0.4789
G1 X-32.491 Y4.8 E0.36465
G1 X-31.811 Y4.8 E0.03393
G1 X-31.923 Y4.019 E0.03936
G1 X-32.04 Y2.968 E0.05276
G1 X-32.108 Y2.098 E0.04354
G1 X-32.16 Y1.04 E0.05285
G1 X-32.176 Y0.017 E0.05104
G1 X-32.164 Y-.971 E0.0493
G1 X-32.116 Y-1.931 E0.04795
G1 X-32.039 Y-2.975 E0.05223
G1 X-31.922 Y-4.025 E0.05271
G1 X-31.811 Y-4.8 E0.03906
G1 X-32.491 Y-4.8 E0.03393
G1 X-39.799 Y-4.799 E0.3646
G0 F12000 X-39.799 Y-3.999
G1 F3600 E-1
G0 F12000 X-39.1 Y-3.999
G0 X-32.705 Y4.02
;TYPE:SKIN
;BRIDGE
M107
G1 F3600 E1
G1 F1200 X-34.328 Y4.02 E0.08907
G1 X-34.431 Y3.057 E0.05315
G1 X-34.507 Y2.038 E0.05608
G1 X-34.55 Y1.128 E0.05
G1 X-34.568 Y0.055 E0.05889
G1 X-34.556 Y-.933 E0.05422
G1 X-34.508 Y-2.028 E0.06015
G1 X-34.433 Y-3.033 E0.05531
G1 X-34.327 Y-4.019 E0.05442
G1 X-32.705 Y-4.019 E0.08901
G1 X-32.819 Y-3.011 E0.05567
G1 X-32.892 Y-1.987 E0.05634
G1 X-32.94 Y-1.006 E0.0539
G1 X-32.956 Y0.008 E0.05565
G1 X-32.94 Y1.041 E0.0567
G1 X-32.888 Y2.134 E0.06005
G1 X-32.824 Y2.98 E0.04656
G1 X-32.705 Y4.02 E0.05745
G0 F12000 X-33.079 Y3.82
G1 F1200 X-32.948 Y3.655 E0.01156
G0 F12000 X-33.026 Y2.951
G1 F1200 X-33.719 Y3.821 E0.06104
G0 F12000 X-34.172 Y3.588
G1 F1200 X-33.082 Y2.219 E0.09603
G0 F12000 X-33.12 Y1.464
G1 F1200 X-34.244 Y2.875 E0.099
G0 F12000 X-34.299 Y2.141
G1 F1200 X-33.146 Y0.693 E0.10158
G0 F12000 X-33.155 Y-0.099
G1 F1200 X-34.338 Y1.387 E0.10424
G0 F12000 X-34.358 Y0.61
G1 F1200 X-33.142 Y-.918 E0.10717
G1 X-33.08 Y-.996
G0 F12000 X-33.102 Y-1.77
G1 F1200 X-34.364 Y-.185 E0.11119
G1 X-34.426 Y-.107
G0 F12000 X-34.353 Y-1.003
G1 F1200 X-33.046 Y-2.644 E0.11513
G1 X-32.984 Y-2.722
G0 F12000 X-32.959 Y-3.556
G1 F1200 X-34.315 Y-1.853 E0.11947
G1 X-34.377 Y-1.775
G0 F12000 X-34.254 Y-2.732
G1 F1200 X-33.388 Y-3.819 E0.07627
G0 F12000 X-34.028 Y-3.819
G1 F1200 X-34.165 Y-3.646 E0.01211
G1 F3600 E-1
G0 F12000 X35.279 Y-4.041
;TYPE:FILL
M106 S255
G1 F3600 E1
G1 F9600 X34.826 Y-2.35 E0.08734
G1 X34.847 Y-2.069 E0.01406
G1 X34.893 Y-1.086 E0.0491
G1 X34.91 Y-0.064 E0.05099
G1 X34.897 Y0.95 E0.05059
G1 X34.849 Y2.044 E0.05463
G1 X34.772 Y3.073 E0.05148
G1 X34.672 Y4.04 E0.0485
G1 X39.04 Y4.04 E0.21792
G1 X39.04 Y0.9 E0.15666
G1 X34.738 Y-3.402 E0.30353
G1 X34.672 Y-4.04 E0.032
G1 X39.04 Y-4.04 E0.21792
G1 X39.14 Y-4.04
G1 F3600 E-1
G0 F12000 X39.1 Y-4.04
G0 X39.13 Y4.13
G0 X39.4 Y4.4
;TYPE:WALL-INNER
G1 F3600 E1
G1 F3000 X39.4 Y-4.4 E0.43903
G1 X32.547 Y-4.4 E0.3419
G1 X32.284 Y-4.4 E0.01312
G1 X32.439 Y-3 E0.07027
G1 X32.508 Y-2.122 E0.04394
G1 X32.56 Y-1.05 E0.05355
G1 X32.576 Y-0.012 E0.05179
G1 X32.564 Y0.991 E0.05004
G1 X32.515 Y1.96 E0.04841
G1 X32.437 Y3.019 E0.05298
G1 X32.282 Y4.4 E0.06933
G1 X32.547 Y4.4 E0.01322
G1 X39.4 Y4.4 E0.3419
G0 F12000 X39.8 Y4.8
;TYPE:WALL-OUTER
G1 F1200 X39.8 Y-4.8 E0.47895
G1 X32.491 Y-4.8 E0.36465
G1 X31.811 Y-4.8 E0.03393
G1 X31.923 Y-4.022 E0.03921
G1 X32.04 Y-2.968 E0.05291
G1 X32.108 Y-2.102 E0.04334
G1 X32.16 Y-1.044 E0.05285
G1 X32.176 Y-0.017 E0.05124
G1 X32.164 Y0.971 E0.0493
G1 X32.116 Y1.931 E0.04795
G1 X32.039 Y2.975 E0.05223
G1 X31.922 Y4.025 E0.05271
G1 X31.811 Y4.8 E0.03906
G1 X32.491 Y4.8 E0.03393
G1 X39.8 Y4.8 E0.36465
G0 F12000 X39.8 Y4
G1 F3600 E-1
G0 F12000 X39.1 Y4
G0 X32.704 Y4.02
;TYPE:SKIN
;BRIDGE
M107
G1 F3600 E1
G1 F1200 X32.819 Y3.011 E0.05573
G1 X32.892 Y1.987 E0.05634
G1 X32.94 Y1.006 E0.0539
G1 X32.957 Y-0.008 E0.05566
G1 X32.94 Y-1.045 E0.05692
G1 X32.888 Y-2.142 E0.06027
G1 X32.824 Y-2.98 E0.04612
G1 X32.705 Y-4.02 E0.05745
G1 X34.328 Y-4.02 E0.08907
G1 X34.432 Y-3.073 E0.05228
G1 X34.507 Y-2.054 E0.05607
G1 X34.55 Y-1.135 E0.05049
G1 X34.567 Y-0.066 E0.05867
G1 X34.556 Y0.933 E0.05483
G1 X34.508 Y2.028 E0.06015
G1 X34.433 Y3.033 E0.05531
G1 X34.328 Y4.02 E0.05447
G1 X32.704 Y4.02 E0.08912
G0 F12000 X34.044 Y3.82
G1 F1200 X34.164 Y3.67 E0.01054
G0 F12000 X33.404 Y3.82
G1 F1200 X34.253 Y2.756 E0.0747
G1 X34.315 Y2.678
G0 F12000 X34.313 Y1.878
G1 F1200 X32.956 Y3.58 E0.11946
G1 X32.894 Y3.658
G0 F12000 X33.045 Y2.667
G1 F1200 X34.351 Y1.028 E0.11501
G1 X34.413 Y0.95
G0 F12000 X34.364 Y0.211
G1 F1200 X33.102 Y1.793 E0.11106
G1 X33.04 Y1.871
G0 F12000 X33.142 Y0.941
G1 F1200 X34.359 Y-.585 E0.10712
G0 F12000 X34.339 Y-1.362
G1 F1200 X33.155 Y0.123 E0.10423
G0 F12000 X33.147 Y-.669
G1 F1200 X34.302 Y-2.118 E0.10169
G0 F12000 X34.248 Y-2.852
G1 F1200 X33.122 Y-1.44 E0.09911
G0 F12000 X33.085 Y-2.195
G1 F1200 X34.176 Y-3.564 E0.09607
G0 F12000 X33.741 Y-3.821
G1 F1200 X33.028 Y-2.927 E0.06275
G0 F12000 X32.951 Y-3.631
G1 F1200 X33.101 Y-3.82 E0.01324
G0 F12000 X33.101 Y-3.8
G1 F3600 E-1
;MESH:NONMESH
G0 F12000 X-34.027 Y-4.04
;TIME_ELAPSED:116.089485
;LAYER:14
M106 S255
;MESH:bridge.stl
G0 X-34.027 Y-4.04 Z4.5
;TYPE:FILL
G1 F3600 E1
G1 F9600 X-39.04 Y-4.04 E0.2501
G1 X-39.04 Y4.04 E0.40311
G1 X-34.028 Y4.04 E0.25005
G1 X-34.127 Y3.071 E0.0486
G1 X-34.202 Y2.055 E0.05083
G1 X-34.248 Y1.016 E0.05189
G1 X-34.263 Y0.051 E0.04815
G1 X-39.039 Y1.33 E0.24667
G1 X-39.135 Y1.355
G1 F3600 E-1
G0 F12000 X-39.1 Y1.355
G0 X-39.13 Y-4.13
G0 X-39.4 Y-4.4
;TYPE:WALL-INNER
G1 F3600 E1
G1 F3000 X-39.4 Y4.4 E0.43903
G1 X-31.868 Y4.4 E0.37577
G1 X-31.591 Y4.4 E0.01382
G1 X-31.751 Y2.998 E0.0704
G1 X-31.824 Y2.025 E0.04868
G1 X-31.872 Y1.006 E0.05089
G1 X-31.888 Y-0.01 E0.05069
G1 X-31.872 Y-1.025 E0.05064
G1 X-31.823 Y-2.044 E0.0509
G1 X-31.745 Y-3.019 E0.0488
G1 X-31.59 Y-4.4 E0.06933
G1 X-31.868 Y-4.4 E0.01387
G1 X-39.4 Y-4.4 E0.37577
G0 F12000 X-39.8 Y-4.8
;TYPE:WALL-OUTER
G1 F1200 X-39.8 Y4.8 E0.47895
G1 X-31.811 Y4.8 E0.39857
G1 X-31.119 Y4.8 E0.03452
G1 X-31.231 Y4.019 E0.03936
G1 X-31.352 Y2.968 E0.05278
G1 X-31.424 Y2.006 E0.04813
G1 X-31.472 Y1 E0.05025
G1 X-31.488 Y-0.004 E0.0501
G1 X-31.472 Y-1.006 E0.05
G1 X-31.424 Y-2.012 E0.05025
G1 X-31.347 Y-2.975 E0.0482
G1 X-31.23 Y-4.025 E0.05271
G1 X-31.119 Y-4.8 E0.03906
G1 X-31.812 Y-4.8 E0.03457
G1 X-39.8 Y-4.8 E0.39852
G0 F12000 X-39.8 Y-4
G1 F3600 E-1
G0 F12000 X-39.1 Y-4
G0 X-32.013 Y4.02
;TYPE:SKIN
;BRIDGE
M107
G1 F3600 E1
G1 F1200 X-33.68 Y4.02 E0.09148
G1 X-33.784 Y3.057 E0.05316
G1 X-33.859 Y2.038 E0.05607
G1 X-33.908 Y1.023 E0.05577
G1 X-33.92 Y0.008 E0.05571
G1 X-33.908 Y-.996 E0.0551
G1 X-33.858 Y-2.04 E0.05736
G1 X-33.785 Y-3.033 E0.05464
G1 X-33.68 Y-4.02 E0.05447
G1 X-32.012 Y-4.02 E0.09154
G1 X-32.127 Y-3.011 E0.05573
G1 X-32.2 Y-2.072 E0.05169
G1 X-32.252 Y-1.043 E0.05654
G1 X-32.268 Y-0.012 E0.05659
G1 X-32.252 Y1.036 E0.05752
G1 X-32.204 Y2.042 E0.05527
G1 X-32.136 Y2.975 E0.05134
G1 X-32.013 Y4.02 E0.05774
G0 F12000 X-32.95 Y3.82
G1 F1200 X-33.567 Y3.202 E0.04792
G0 F12000 X-33.631 Y2.432
G1 F1200 X-32.243 Y3.82 E0.10772
G1 X-32.173 Y3.89
G0 F12000 X-32.331 Y3.024
G1 F1200 X-33.677 Y1.679 E0.10443
G0 F12000 X-33.709 Y0.939
G1 F1200 X-32.388 Y2.26 E0.10252
G0 F12000 X-32.429 Y1.512
G1 F1200 X-33.718 Y0.223 E0.10004
G0 F12000 X-33.714 Y-.48
G1 F1200 X-32.455 Y0.779 E0.09771
G0 F12000 X-32.467 Y0.06
G1 F1200 X-33.699 Y-1.172 E0.09562
G0 F12000 X-33.667 Y-1.848
G1 F1200 X-32.458 Y-.639 E0.09383
G0 F12000 X-32.438 Y-1.325
G1 F1200 X-33.623 Y-2.51 E0.09197
G0 F12000 X-33.57 Y-3.164
G1 F1200 X-32.403 Y-1.998 E0.09053
G0 F12000 X-32.354 Y-2.656
G1 F1200 X-33.502 Y-3.804 E0.0891
G0 F12000 X-32.811 Y-3.82
G1 F1200 X-32.295 Y-3.304 E0.04005
G0 F12000 X-32.318 Y-3.307
G1 F3600 E-1
G0 F12000 X35.059 Y-4.041
;TYPE:FILL
M106 S255
G1 F3600 E1
G1 F9600 X34.248 Y-1.013 E0.15639
G1 X34.263 Y-0.013 E0.0499
G1 X34.248 Y1.016 E0.05134
G1 X34.203 Y2.043 E0.05129
G1 X34.126 Y3.073 E0.05153
G1 X34.027 Y4.04 E0.0485
G1 X39.04 Y4.04 E0.2501
G1 X39.04 Y0.6 E0.17162
G1 X34.4 Y-4.04 E0.32738
G1 X39.04 Y-4.04 E0.23149
G1 X39.14 Y-4.04
G1 F3600 E-1
G0 F12000 X39.1 Y-4.04
G0 X39.13 Y4.13
G0 X39.4 Y4.4
;TYPE:WALL-INNER
G1 F3600 E1
G1 F3000 X39.4 Y-4.4 E0.43903
G1 X31.867 Y-4.4 E0.37582
G1 X31.59 Y-4.4 E0.01382
G1 X31.751 Y-2.998 E0.07041
G1 X31.824 Y-2.029 E0.04848
G1 X31.872 Y-1.01 E0.05089
G1 X31.888 Y0.01 E0.05089
G1 X31.872 Y1.025 E0.05064
G1 X31.823 Y2.044 E0.0509
G1 X31.745 Y3.019 E0.0488
G1 X31.59 Y4.4 E0.06933
G1 X31.868 Y4.4 E0.01387
G1 X39.4 Y4.4 E0.37577
G0 F12000 X39.8 Y4.8
;TYPE:WALL-OUTER
G1 F1200 X39.8 Y-4.8 E0.47895
G1 X31.811 Y-4.8 E0.39857
G1 X31.119 Y-4.8 E0.03452
G1 X31.231 Y-4.023 E0.03917
G1 X31.352 Y-2.968 E0.05298
G1 X31.424 Y-2.01 E0.04793
G1 X31.472 Y-1.004 E0.05025
G1 X31.488 Y0.004 E0.0503
G1 X31.472 Y1.006 E0.05
G1 X31.424 Y2.012 E0.05025
G1 X31.347 Y2.975 E0.0482
G1 X31.23 Y4.025 E0.05271
G1 X31.119 Y4.8 E0.03906
G1 X31.812 Y4.8 E0.03457
G1 X39.8 Y4.8 E0.39852
G0 F12000 X39.8 Y4
G1 F3600 E-1
G0 F12000 X39.1 Y4
G0 X32.013 Y4.02
;TYPE:SKIN
;BRIDGE
M107
G1 F3600 E1
G1 F1200 X32.128 Y3.011 E0.05573
G1 X32.2 Y2.072 E0.05168
G1 X32.252 Y1.043 E0.05654
G1 X32.269 Y0.012 E0.05659
G1 X32.252 Y-1.044 E0.05796
G1 X32.204 Y-2.05 E0.05527
G1 X32.136 Y-2.975 E0.0509
G1 X32.013 Y-4.02 E0.05774
G1 X33.68 Y-4.02 E0.09148
G1 X33.784 Y-3.07 E0.05245
G1 X33.859 Y-2.054 E0.05591
G1 X33.908 Y-1.027 E0.05643
G1 X33.919 Y-0.017 E0.05543
G1 X33.908 Y0.996 E0.0556
G1 X33.858 Y2.04 E0.05736
G1 X33.785 Y3.033 E0.05464
G1 X33.68 Y4.02 E0.05447
G1 X32.013 Y4.02 E0.09148
G0 F12000 X32.296 Y3.304
G1 F1200 X32.811 Y3.82 E0.04001
G0 F12000 X33.502 Y3.804
G1 F1200 X32.356 Y2.657 E0.08898
G0 F12000 X32.404 Y1.998
G1 F1200 X33.571 Y3.165 E0.09057
G0 F12000 X33.624 Y2.511
G1 F1200 X32.439 Y1.326 E0.09197
G0 F12000 X32.458 Y0.639
G1 F1200 X33.667 Y1.848 E0.09383
G0 F12000 X33.699 Y1.172
G1 F1200 X32.468 Y-0.059 E0.09554
G0 F12000 X32.456 Y-.778
G1 F1200 X33.714 Y0.48 E0.09763
G0 F12000 X33.717 Y-.224
G1 F1200 X32.429 Y-1.512 E0.09996
G0 F12000 X32.389 Y-2.259
G1 F1200 X33.709 Y-.939 E0.10245
G0 F12000 X33.677 Y-1.678
G1 F1200 X32.331 Y-3.024 E0.10446
G1 X32.261 Y-3.094
G0 F12000 X32.243 Y-3.82
G1 F1200 X33.631 Y-2.431 E0.10776
G0 F12000 X33.568 Y-3.201
G1 F1200 X32.95 Y-3.82 E0.048
G1 X32.88 Y-3.89
G0 F12000 X32.88 Y-3.8
G1 F3600 E-1
;MESH:NONMESH
G0 F12000 X-33.361 Y-4.04
;TIME_ELAPSED:127.977983
;LAYER:15
M106 S255
;MESH:bridge.stl
G0 X-33.361 Y-4.04 Z4.8
;TYPE:FILL
G1 F3600 E1
G1 F9600 X-39.04 Y-4.04 E0.28333
G1 X-39.04 Y4.04 E0.40311
G1 X-33.361 Y4.04 E0.28333
G1 X-33.464 Y3.076 E0.04837
G1 X-33.544 Y2.044 E0.05164
G1 X-33.59 Y1.016 E0.05134
G1 X-33.605 Y0.095 E0.04595
G1 X-39.039 Y1.551 E0.28067
G1 X-39.135 Y1.576
G1 F3600 E-1
G0 F12000 X-39.1 Y1.576
G0 X-39.13 Y-4.13
G0 X-39.4 Y-4.4
;TYPE:WALL-INNER
G1 F3600 E1
G1 F3000 X-39.4 Y4.4 E0.43903
G1 X-31.178 Y4.4 E0.4102
G1 X-30.879 Y4.4 E0.01492
G1 X-31.039 Y3 E0.0703
G1 X-31.116 Y2.028 E0.04865
G1 X-31.168 Y1.032 E0.04976
G1 X-31.184 Y-0.01 E0.05199
G1 X-31.168 Y-1.032 E0.05099
G1 X-31.115 Y-2.044 E0.05056
G1 X-31.037 Y-3.021 E0.0489
G1 X-30.878 Y-4.4 E0.06925
G1 X-31.178 Y-4.4 E0.01497
G1 X-39.4 Y-4.4 E0.4102
G0 F12000 X-39.8 Y-4.8
;TYPE:WALL-OUTER
G1 F1200 X-39.8 Y4.8 E0.47895
G1 X-31.121 Y4.8 E0.433
G1 X-30.407 Y4.8 E0.03562
G1 X-30.519 Y4.019 E0.03936
G1 X-30.64 Y2.968 E0.05278
G1 X-30.716 Y2.007 E0.04809
G1 X-30.768 Y1.004 E0.05011
G1 X-30.784 Y-0.004 E0.0503
G1 X-30.768 Y-1.011 E0.05025
G1 X-30.716 Y-2.012 E0.05001
G1 X-30.639 Y-2.975 E0.0482
G1 X-30.518 Y-4.025 E0.05273
G1 X-30.407 Y-4.8 E0.03906
G1 X-31.121 Y-4.8 E0.03562
G1 X-39.8 Y-4.8 E0.433
G0 F12000 X-39.8 Y-4
G1 F3600 E-1
G0 F12000 X-39.1 Y-4
G0 X-31.301 Y4.02
;TYPE:SKIN
;BRIDGE
M107
G1 F3600 E1
G1 F1200 X-33.017 Y4.02 E0.09417
G1 X-33.123 Y3.062 E0.0529
G1 X-33.203 Y2.04 E0.05626
G1 X-33.248 Y1.02 E0.05603
G1 X-33.264 Y0.008 E0.05554
G1 X-33.248 Y-.998 E0.05522
G1 X-33.204 Y-2.027 E0.05652
G1 X-33.125 Y-3.036 E0.05554
G1 X-33.017 Y-4.02 E0.05433
G1 X-31.301 Y-4.02 E0.09417
G1 X-31.415 Y-3.015 E0.05551
G1 X-31.492 Y-2.073 E0.05187
G1 X-31.544 Y-1.051 E0.05616
G1 X-31.564 Y-0.012 E0.05703
G1 X-31.548 Y1.016 E0.05642
G1 X-31.492 Y2.048 E0.05672
G1 X-31.424 Y2.979 E0.05123
G1 X-31.301 Y4.02 E0.05753
G0 F12000 X-32.243 Y3.82
G1 F1200 X-32.912 Y3.151 E0.05192
G0 F12000 X-32.976 Y2.379
G1 F1200 X-31.536 Y3.82 E0.1118
G0 F12000 X-31.619 Y3.029
G1 F1200 X-33.021 Y1.627 E0.10881
G0 F12000 X-33.05 Y0.891
G1 F1200 X-31.677 Y2.264 E0.10656
G0 F12000 X-31.722 Y1.513
G1 F1200 X-33.061 Y0.173 E0.10396
G0 F12000 X-33.056 Y-.529
G1 F1200 X-31.752 Y0.775 E0.1012
G0 F12000 X-31.763 Y0.057
G1 F1200 X-33.039 Y-1.219 E0.09903
G0 F12000 X-33.009 Y-1.896
G1 F1200 X-31.752 Y-.639 E0.09756
G0 F12000 X-31.73 Y-1.324
G1 F1200 X-32.962 Y-2.557 E0.09566
G0 F12000 X-32.906 Y-3.207
G1 F1200 X-31.695 Y-1.997 E0.09395
G0 F12000 X-31.646 Y-2.654
G1 F1200 X-32.811 Y-3.82 E0.09046
G0 F12000 X-32.104 Y-3.82
G1 F1200 X-31.584 Y-3.299 E0.0404
G0 F12000 X-31.609 Y-3.302
G1 F3600 E-1
G0 F12000 X34.839 Y-4.041
;TYPE:FILL
M106 S255
G1 F3600 E1
G1 F9600 X33.597 Y0.596 E0.2395
G1 X33.59 Y1.016 E0.02096
G1 X33.544 Y2.044 E0.05134
G1 X33.464 Y3.076 E0.05164
G1 X33.361 Y4.04 E0.04837
G1 X39.04 Y4.04 E0.28333
G1 X39.04 Y0.299 E0.18664
G1 X34.701 Y-4.04 E0.30614
G1 X39.04 Y-4.04 E0.21647
G1 X39.14 Y-4.04
G1 F3600 E-1
G0 F12000 X39.1 Y-4.04
G0 X39.13 Y4.13
G0 X39.4 Y4.4
;TYPE:WALL-INNER
G1 F3600 E1
G1 F3000 X39.4 Y-4.4 E0.43903
G1 X31.178 Y-4.4 E0.4102
G1 X30.878 Y-4.4 E0.01497
G1 X31.039 Y-3 E0.07031
G1 X31.116 Y-2.032 E0.04845
G1 X31.168 Y-1.032 E0.04996
G1 X31.184 Y0.01 E0.05199
G1 X31.168 Y1.032 E0.05099
G1 X31.115 Y2.044 E0.05056
G1 X31.037 Y3.021 E0.0489
G1 X30.878 Y4.4 E0.06925
G1 X31.178 Y4.4 E0.01497
G1 X39.4 Y4.4 E0.4102
G0 F12000 X39.8 Y4.8
;TYPE:WALL-OUTER
G1 F1200 X39.8 Y-4.8 E0.47895
G1 X31.12 Y-4.8 E0.43305
G1 X30.407 Y-4.8 E0.03557
G1 X30.519 Y-4.023 E0.03917
G1 X30.64 Y-2.968 E0.05298
G1 X30.716 Y-2.011 E0.0479
G1 X30.768 Y-1.004 E0.05031
G1 X30.784 Y0.004 E0.0503
G1 X30.768 Y1.011 E0.05025
G1 X30.716 Y2.012 E0.05001
G1 X30.639 Y2.975 E0.0482
G1 X30.518 Y4.025 E0.05273
G1 X30.407 Y4.8 E0.03906
G1 X31.121 Y4.8 E0.03562
G1 X39.8 Y4.8 E0.433
G0 F12000 X39.8 Y4
G1 F3600 E-1
G0 F12000 X39.1 Y4
G0 X31.301 Y4.019
;TYPE:SKIN
;BRIDGE
M107
G1 F3600 E1
G1 F1200 X31.415 Y3.015 E0.05545
G1 X31.492 Y2.073 E0.05187
G1 X31.544 Y1.051 E0.05616
G1 X31.565 Y0.012 E0.05703
G1 X31.548 Y-1.02 E0.05664
G1 X31.492 Y-2.051 E0.05666
G1 X31.424 Y-2.979 E0.05106
G1 X31.301 Y-4.02 E0.05753
G1 X33.017 Y-4.02 E0.09417
G1 X33.123 Y-3.079 E0.05197
G1 X33.199 Y-2.054 E0.05641
G1 X33.248 Y-1.025 E0.05653
G1 X33.263 Y-0.02 E0.05516
G1 X33.248 Y0.998 E0.05587
G1 X33.204 Y2.027 E0.05652
G1 X33.125 Y3.036 E0.05554
G1 X33.016 Y4.019 E0.05428
G1 X31.301 Y4.019 E0.09412
G0 F12000 X31.584 Y3.299
G1 F1200 X32.103 Y3.819 E0.04032
G0 F12000 X32.81 Y3.819
G1 F1200 X31.644 Y2.653 E0.09049
G0 F12000 X31.696 Y1.998
G1 F1200 X32.906 Y3.207 E0.09387
G0 F12000 X32.962 Y2.557
G1 F1200 X31.731 Y1.325 E0.09558
G0 F12000 X31.753 Y0.64
G1 F1200 X33.009 Y1.896 E0.09748
G0 F12000 X33.039 Y1.219
G1 F1200 X31.764 Y-0.056 E0.09895
G0 F12000 X31.752 Y-.775
G1 F1200 X33.055 Y0.528 E0.10113
G0 F12000 X33.061 Y-.173
G1 F1200 X31.721 Y-1.513 E0.104
G0 F12000 X31.676 Y-2.266
G1 F1200 X33.05 Y-.891 E0.10668
G0 F12000 X33.02 Y-1.628
G1 F1200 X31.619 Y-3.029 E0.10873
G0 F12000 X31.536 Y-3.82
G1 F1200 X32.975 Y-2.381 E0.11168
G0 F12000 X32.914 Y-3.148
G1 F1200 X32.243 Y-3.82 E0.05212
G1 X32.173 Y-3.89
G0 F12000 X32.173 Y-3.8
G1 F3600 E-1
;MESH:NONMESH
G0 F12000 X-32.705 Y-3.864
;TIME_ELAPSED:140.148897
;LAYER:16
M106 S255
;MESH:bridge.stl
G0 X-32.705 Y-3.864 Z5.1
;TYPE:FILL
G1 F3600 E1
G1 F9600 X-32.792 Y-3.084 E0.03916
G1 X-32.878 Y-1.971 E0.05569
G1 X-32.924 Y-.986 E0.0492
G1 X-32.939 Y0.029 E0.05064
G1 X-32.937 Y0.135 E0.00529
G1 X-39.039 Y1.77 E0.31517
G1 X-39.04 Y-4.04 E0.28986
G1 X-32.686 Y-4.04 E0.317
G1 X-32.881 Y-4.04 E0.00973
G1 X-32.705 Y-3.864 E0.01242
G1 F3600 E-1
G0 F12000 X-30.87 Y4.13
G0 X-30.6 Y4.4
;TYPE:WALL-INNER
G1 F3600 E1
G1 F3000 X-30.6 Y3.33
G1 F600 X-30.6 Y-3.33 E0.21597
G1 F1500 X-30.6 Y-4.33 E0.04989
G1 F1875 X-30.6 Y-4.4 E0.00349
G1 F3000 X-39.4 Y-4.4 E0.43903
G1 X-39.4 Y4.4 E0.43903
G1 X-32.775 Y4.4 E0.33052
G1 X-30.6 Y4.4
G0 F12000 X-30.2 Y4.8
;TYPE:WALL-OUTER
G1 F1200 X-30.2 Y3.709
G1 F600 X-30.2 Y-3.709 E0.24056
G1 X-30.2 Y-4.709 E0.04989
G1 F750 X-30.2 Y-4.8 E0.00454
G1 F1200 X-39.8 Y-4.8 E0.47895
G1 X-39.8 Y4.8 E0.47895
G1 X-31.887 Y4.8 E0.39478
G1 X-30.2 Y4.8
G0 F12000 X-30.2 Y4
G0 X-30.98 Y4.02
;TYPE:SKIN
;BRIDGE
M107
G1 F1200 X-32.338 Y4.02 E0.07453
G1 X-32.451 Y3.069 E0.05256
G1 X-32.524 Y2.138 E0.05125
G1 X-32.58 Y1.07 E0.05869
G1 X-32.596 Y0.023 E0.05747
G1 X-32.584 Y-.967 E0.05433
G1 X-32.536 Y-1.945 E0.05374
G1 X-32.453 Y-3.041 E0.06032
G1 X-32.338 Y-4.02 E0.0541
G1 X-30.98 Y-4.02 E0.07453
G1 X-30.98 Y4.02 E0.44123
G0 F12000 X-31.18 Y3.603
G1 F1200 X-31.398 Y3.82 E0.01688
G0 F12000 X-32.105 Y3.82
G1 F1200 X-31.18 Y2.896 E0.07175
G0 F12000 X-31.18 Y2.188
G1 F1200 X-32.229 Y3.237 E0.08141
G0 F12000 X-32.287 Y2.589
G1 F1200 X-31.18 Y1.481 E0.08595
G0 F12000 X-31.18 Y0.774
G1 F1200 X-32.334 Y1.928 E0.08956
G0 F12000 X-32.37 Y1.257
G1 F1200 X-31.18 Y0.067 E0.09236
G0 F12000 X-31.18 Y-.64
G1 F1200 X-32.388 Y0.568 E0.09375
G0 F12000 X-32.394 Y-.133
G1 F1200 X-31.18 Y-1.347 E0.09422
G0 F12000 X-31.18 Y-2.054
G1 F1200 X-32.385 Y-.849 E0.09352
G0 F12000 X-32.353 Y-1.588
G1 F1200 X-31.18 Y-2.761 E0.09104
G0 F12000 X-31.18 Y-3.468
G1 F1200 X-32.305 Y-2.343 E0.08731
G0 F12000 X-32.244 Y-3.111
G1 F1200 X-31.535 Y-3.82 E0.05503
G1 X-31.465 Y-3.89
G0 F12000 X-31.465 Y-3.8
G1 F3600 E-1
G0 F12000 X35.001 Y-4.04
;TYPE:FILL
M106 S255
G1 F3600 E1
G1 F9600 X39.04 Y-0.001 E0.28497
G1 X39.04 Y4.04 E0.20161
G1 X32.686 Y4.04 E0.317
G1 X32.792 Y3.084 E0.04799
G1 X32.826 Y2.654 E0.02152
G1 X34.619 Y-4.041 E0.34579
G1 X39.04 Y-4.04 E0.22056
G1 X39.14 Y-4.04
G1 F3600 E-1
G0 F12000 X39.1 Y-4.04
G0 X39.13 Y4.13
G0 X39.4 Y4.4
;TYPE:WALL-INNER
G1 F3600 E1
G1 F3000 X39.4 Y-4.4 E0.43903
G1 X32.775 Y-4.4 E0.33052
G1 X30.6 Y-4.4
G1 X30.6 Y-3.329
G1 F600 X30.6 Y3.33 E0.21594
G1 F1500 X30.6 Y4.33 E0.04989
G1 F1875 X30.6 Y4.4 E0.00349
G1 F3000 X39.4 Y4.4 E0.43903
G0 F12000 X39.8 Y4.8
;TYPE:WALL-OUTER
G1 F1200 X39.8 Y-4.8 E0.47895
G1 X31.887 Y-4.8 E0.39478
G1 X30.2 Y-4.8
G1 X30.2 Y-3.707
G1 F600 X30.2 Y3.709 E0.24049
G1 X30.2 Y4.709 E0.04989
G1 F750 X30.2 Y4.8 E0.00454
G1 F1200 X39.8 Y4.8 E0.47895
G0 F12000 X39.8 Y4
G1 F3600 E-1
G0 F12000 X39.1 Y4
G0 X30.98 Y4.02
;TYPE:SKIN
;BRIDGE
M107
G1 F3600 E1
G1 F1200 X30.981 Y-4.019 E0.44117
G1 X32.338 Y-4.019 E0.07447
G1 X32.451 Y-3.074 E0.05223
G1 X32.524 Y-2.142 E0.0513
G1 X32.58 Y-1.07 E0.05891
G1 X32.595 Y-0.034 E0.05686
G1 X32.584 Y0.967 E0.05494
G1 X32.536 Y1.945 E0.05374
G1 X32.453 Y3.041 E0.06032
G1 X32.338 Y4.02 E0.0541
G1 X30.98 Y4.02 E0.07453
G0 F12000 X31.535 Y3.82
G1 F1200 X32.243 Y3.112 E0.05495
G0 F12000 X32.305 Y2.343
G1 F1200 X31.181 Y3.468 E0.08727
G0 F12000 X31.181 Y2.761
G1 F1200 X32.353 Y1.588 E0.091
G0 F12000 X32.385 Y0.849
G1 F1200 X31.181 Y2.053 E0.09344
G0 F12000 X31.181 Y1.346
G1 F1200 X32.393 Y0.134 E0.09406
G0 F12000 X32.387 Y-.567
G1 F1200 X31.181 Y0.639 E0.0936
G0 F12000 X31.181 Y-0.069
G1 F1200 X32.37 Y-1.257 E0.09224
G0 F12000 X32.335 Y-1.929
G1 F1200 X31.181 Y-.776 E0.08952
G0 F12000 X31.181 Y-1.483
G1 F1200 X32.289 Y-2.59 E0.08595
G0 F12000 X32.23 Y-3.239
G1 F1200 X31.181 Y-2.19 E0.08141
G0 F12000 X31.181 Y-2.897
G1 F1200 X32.103 Y-3.819 E0.07156
G0 F12000 X31.396 Y-3.819
G1 F1200 X31.181 Y-3.604 E0.01669
G0 F12000 X31.2 Y-3.604
G1 F3600 E-1
;MESH:NONMESH
G0 F12000 X-31.996 Y-4.04
;TIME_ELAPSED:153.770699
;LAYER:17
M106 S255
;MESH:bridge.stl
G0 X-31.996 Y-4.04 Z5.4
;TYPE:FILL
G1 F3600 E1
G1 F9600 X-39.04 Y-4.04 E0.35143
G1 X-39.039 Y1.99 E0.30084
G1 X-32.248 Y0.17 E0.35076
G1 X-32.233 Y-1.017 E0.05922
G1 X-32.183 Y-2.048 E0.0515
G1 X-32.066 Y-3.524 E0.07387
G1 X-32.581 Y-4.04 E0.03637
G1 X-32.651 Y-4.11
G1 F3600 E-1
G0 F12000 X-32.651 Y-4.1
G0 X-30.87 Y4.13
G0 X-30.6 Y4.4
;TYPE:WALL-INNER
G1 F3600 E1
G1 F3000 X-30.6 Y-4.4 E0.43903
G1 X-39.4 Y-4.4 E0.43903
G1 X-39.4 Y4.4 E0.43903
G1 X-30.6 Y4.4 E0.43903
G0 F12000 X-30.2 Y4.8
;TYPE:WALL-OUTER
G1 F1200 X-30.2 Y-4.8 E0.47895
G1 X-39.8 Y-4.8 E0.47895
G1 X-39.8 Y4.8 E0.47895
G1 X-30.2 Y4.8 E0.47895
G0 F12000 X-30.2 Y4
G0 X-31.057 Y3.943
;TYPE:SKIN
G1 F1732.9 X-31.581 Y3.943 E0.03621
G1 F1678.3 X-31.665 Y3.044 E0.06442
G1 F1571.2 X-31.725 Y2.027 E0.07764
G1 F1490.7 X-31.764 Y1.014 E0.08143
G1 F1454.5 X-31.776 Y0.008 E0.08282
G1 X-31.764 Y-.999 E0.0829
G1 F1490.7 X-31.725 Y-2.016 E0.08175
G1 F1571.2 X-31.665 Y-3.034 E0.07771
G1 F1678.3 X-31.581 Y-3.943 E0.06513
G1 F1732.9 X-31.057 Y-3.943 E0.03621
G1 F1678.3 X-31.075 Y-3.011 E0.0665
G1 F1538.5 X-31.108 Y-.994 E0.157
G1 F1454.5 X-31.112 Y0.008 E0.08248
G1 F1481.5 X-31.095 Y2.003 E0.16125
G1 F1621.6 X-31.057 Y3.943 E0.14327
G0 F12000 X-31.2 Y3.8
G1 F3600 E-1
G0 F12000 X35.301 Y-4.04
;TYPE:FILL
G1 F3600 E1
G1 F9600 X39.04 Y-.301 E0.26381
G1 X39.04 Y4.04 E0.21657
G1 X32.235 Y4.041 E0.3395
G1 X34.4 Y-4.041 E0.41743
G1 X39.04 Y-4.04 E0.23149
G1 X39.14 Y-4.04
G1 F3600 E-1
G0 F12000 X39.1 Y-4.04
G0 X39.13 Y4.13
G0 X39.4 Y4.4
;TYPE:WALL-INNER
G1 F3600 E1
G1 F3000 X39.4 Y-4.4 E0.43903
G1 X30.6 Y-4.4 E0.43903
G1 X30.6 Y4.4 E0.43903
G1 X39.4 Y4.4 E0.43903
G0 F12000 X39.8 Y4.8
;TYPE:WALL-OUTER
G1 F1200 X39.8 Y-4.8 E0.47895
G1 X30.2 Y-4.8 E0.47895
G1 X30.2 Y4.8 E0.47895
G1 X39.8 Y4.8 E0.47895
G0 F12000 X39.8 Y4
G1 F3600 E-1
G0 F12000 X39.1 Y4
G0 X31.581 Y3.943
;TYPE:SKIN
G1 F3600 E1
G1 F1732.9 X31.057 Y3.943 E0.03621
G1 F1621.6 X31.096 Y2 E0.1435
G1 F1486.1 X31.112 Y-0.008 E0.1618
G1 F1454.5 X31.108 Y-.998 E0.0815
G1 F1538.5 X31.076 Y-3.027 E0.15793
G1 F1672.5 X31.057 Y-3.943 E0.06559
G1 F1729.7 X31.581 Y-3.943 E0.03627
G1 F1672.5 X31.665 Y-3.06 E0.0635
G1 F1568.6 X31.725 Y-2.044 E0.07769
G1 F1490.7 X31.764 Y-1.013 E0.08287
G1 F1454.5 X31.776 Y-0.013 E0.08232
G1 X31.764 Y0.999 E0.08331
G1 F1493 X31.725 Y2.016 E0.08162
G1 F1573.8 X31.665 Y3.034 E0.07759
G1 F1678.3 X31.581 Y3.943 E0.06513
G0 F12000 X31.581 Y3.8
G1 F3600 E-1
;MESH:NONMESH
G0 F12000 X-30.96 Y-4.039
;TIME_ELAPSED:162.565323
;LAYER:18
;MESH:bridge.stl
G0 X-30.96 Y-4.039 Z5.7
;TYPE:FILL
G1 F3600 E1
G1 F9600 X-39.039 Y-4.036 E0.40306
G1 X-39.036 Y2.209 E0.31156
G1 X-30.96 Y0.045 E0.41713
G1 X-30.96 Y-2.718 E0.13785
G1 X-32.28 Y-4.038 E0.09313
G1 X-32.35 Y-4.108
G1 F3600 E-1
G0 F12000 X-32.351 Y-4.099
G0 X-30.87 Y4.13
G0 X-30.6 Y4.4
;TYPE:WALL-INNER
G1 F3600 E1
G1 F3000 X-30.6 Y-4.399 E0.43898
G1 X-39.399 Y-4.396 E0.43898
G1 X-39.396 Y4.4 E0.43883
G1 X-30.6 Y4.4 E0.43883
G0 F12000 X-30.2 Y4.8
;TYPE:WALL-OUTER
G1 F1200 X-30.2 Y-4.799 E0.4789
G1 X-39.799 Y-4.796 E0.4789
G1 X-39.796 Y4.8 E0.47875
G1 X-30.2 Y4.8 E0.47875
G0 F12000 X-30.2 Y4
G0 X-31.2 Y3.8
G1 F3600 E-1
G0 F12000 X35.601 Y-4.04
;TYPE:FILL
G1 F3600 E1
G1 F9600 X39.038 Y-.602 E0.24253
G1 X39.039 Y4.036 E0.23139
G1 X32.016 Y4.039 E0.35038
G1 X34.18 Y-4.04 E0.41727
G1 X39.036 Y-4.04 E0.24227
G1 X39.136 Y-4.04
G1 F3600 E-1
G0 F12000 X39.099 Y-4.041
G0 X39.13 Y4.129
G0 X39.399 Y4.396
;TYPE:WALL-INNER
G1 F3600 E1
G1 F3000 X39.396 Y-4.4 E0.43883
G1 X30.6 Y-4.4 E0.43883
G1 X30.6 Y4.399 E0.43898
G1 X39.399 Y4.396 E0.43898
G0 F12000 X39.799 Y4.796
;TYPE:WALL-OUTER
G1 F1200 X39.796 Y-4.8 E0.47875
G1 X30.2 Y-4.8 E0.47875
G1 X30.2 Y4.799 E0.4789
G1 X39.799 Y4.796 E0.4789
G0 F12000 X39.799 Y3.996
G0 X38.8 Y3.799
G1 F3600 E-1
;MESH:NONMESH
G0 F12000 X38.799 Y3.798
G0 X-30.96 Y-4.039
;TIME_ELAPSED:169.970278
;LAYER:19
;MESH:bridge.stl
G0 X-30.96 Y-4.039 Z6
;TYPE:FILL
G1 F3600 E1
G1 F9600 X-39.039 Y-4.036 E0.40306
G1 X-39.037 Y2.428 E0.32249
G1 X-30.961 Y0.264 E0.41713
G1 X-30.96 Y-3.018 E0.16374
G1 X-31.98 Y-4.038 E0.07197
G1 X-32.05 Y-4.108
G1 F3600 E-1
G0 F12000 X-32.051 Y-4.099
G0 X-30.87 Y4.13
G0 X-30.6 Y4.4
;TYPE:WALL-INNER
G1 F3600 E1
G1 F3000 X-30.6 Y-4.399 E0.43898
G1 X-39.399 Y-4.396 E0.43898
G1 X-39.396 Y4.4 E0.43883
G1 X-30.6 Y4.4 E0.43883
G0 F12000 X-30.2 Y4.8
;TYPE:WALL-OUTER
G1 F1200 X-30.2 Y-4.799 E0.4789
G1 X-39.799 Y-4.796 E0.4789
G1 X-39.796 Y4.8 E0.47875
G1 X-30.2 Y4.8 E0.47875
G0 F12000 X-30.2 Y4
G0 X-31.2 Y3.8
G1 F3600 E-1
G0 F12000 X31.467 Y-4.04
;TYPE:FILL
G1 F3600 E1
G1 F9600 X30.96 Y-3.904 E0.02619
G1 X30.96 Y-4.04 E0.00679
G1 X33.961 Y-4.041 E0.14972
G1 X31.796 Y4.039 E0.41733
G1 X39.039 Y4.036 E0.36135
G1 X39.037 Y-.903 E0.24641
G1 X35.901 Y-4.04 E0.2213
G1 X39.036 Y-4.04 E0.15641
G1 X39.136 Y-4.04
G1 F3600 E-1
G0 F12000 X39.099 Y-4.041
G0 X39.13 Y4.129
G0 X39.399 Y4.396
;TYPE:WALL-INNER
G1 F3600 E1
G1 F3000 X39.396 Y-4.4 E0.43883
G1 X30.6 Y-4.4 E0.43883
G1 X30.6 Y4.399 E0.43898
G1 X39.399 Y4.396 E0.43898
G0 F12000 X39.799 Y4.796
;TYPE:WALL-OUTER
G1 F1200 X39.796 Y-4.8 E0.47875
G1 X30.2 Y-4.8 E0.47875
G1 X30.2 Y4.799 E0.4789
G1 X39.799 Y4.796 E0.4789
G0 F12000 X39.799 Y3.996
G0 X38.8 Y3.799
G1 F3600 E-1
;MESH:NONMESH
G0 F12000 X38.799 Y3.798
G0 X-30.96 Y-4.04
;TIME_ELAPSED:177.418356
;LAYER:20
;MESH:bridge.stl
G0 X-30.96 Y-4.04 Z6.3
;TYPE:FILL
G1 F3600 E1
G1 F9600 X-39.04 Y-4.04 E0.40311
G1 X-39.039 Y2.648 E0.33367
G1 X-30.961 Y0.484 E0.41722
G1 X-30.96 Y-3.318 E0.18968
G1 X-31.682 Y-4.04 E0.05094
G1 X-31.752 Y-4.11
G1 F3600 E-1
G0 F12000 X-31.752 Y-4.1
G0 X-30.87 Y4.13
G0 X-30.6 Y4.4
;TYPE:WALL-INNER
G1 F3600 E1
G1 F3000 X-30.6 Y-4.4 E0.43903
G1 X-39.4 Y-4.4 E0.43903
G1 X-39.4 Y4.4 E0.43903
G1 X-30.6 Y4.4 E0.43903
G0 F12000 X-30.2 Y4.8
;TYPE:WALL-OUTER
G1 F1200 X-30.2 Y-4.8 E0.47895
G1 X-39.8 Y-4.8 E0.47895
G1 X-39.8 Y4.8 E0.47895
G1 X-30.2 Y4.8 E0.47895
G0 F12000 X-30.2 Y4
G0 X-31.2 Y3.8
G1 F3600 E-1
G0 F12000 X32.287 Y-4.04
;TYPE:FILL
G1 F3600 E1
G1 F9600 X30.961 Y-3.685 E0.06848
G1 X30.96 Y-4.04 E0.01771
G1 X33.742 Y-4.041 E0.13879
G1 X31.576 Y4.04 E0.41739
G1 X39.04 Y4.04 E0.37238
G1 X39.04 Y-1.2 E0.26142
G1 X36.2 Y-4.04 E0.20038
G1 X39.04 Y-4.04 E0.14169
G1 X39.14 Y-4.04
G1 F3600 E-1
G0 F12000 X39.1 Y-4.04
G0 X39.13 Y4.13
G0 X39.4 Y4.4
;TYPE:WALL-INNER
G1 F3600 E1
G1 F3000 X39.4 Y-4.4 E0.43903
G1 X30.6 Y-4.4 E0.43903
G1 X30.6 Y4.4 E0.43903
G1 X39.4 Y4.4 E0.43903
G0 F12000 X39.8 Y4.8
;TYPE:WALL-OUTER
G1 F1200 X39.8 Y-4.8 E0.47895
G1 X30.2 Y-4.8 E0.47895
G1 X30.2 Y4.8 E0.47895
G1 X39.8 Y4.8 E0.47895
G0 F12000 X39.8 Y4
G0 X38.8 Y3.8
G1 F3600 E-1
;MESH:NONMESH
G0 F12000 X-30.96 Y-4.04
;TIME_ELAPSED:184.888340
;LAYER:21
;MESH:bridge.stl
G0 X-30.96 Y-4.04 Z6.6
;TYPE:FILL
G1 F3600 E1
G1 F9600 X-39.04 Y-4.04 E0.40311
G1 X-39.039 Y2.868 E0.34464
G1 X-30.961 Y0.703 E0.41724
G1 X-30.96 Y-3.618 E0.21558
G1 X-31.382 Y-4.04 E0.02977
G1 X-31.452 Y-4.11
G1 F3600 E-1
G0 F12000 X-31.452 Y-4.1
G0 X-30.87 Y4.13
G0 X-30.6 Y4.4
;TYPE:WALL-INNER
G1 F3600 E1
G1 F3000 X-30.6 Y-4.4 E0.43903
G1 X-39.4 Y-4.4 E0.43903
G1 X-39.4 Y4.4 E0.43903
G1 X-30.6 Y4.4 E0.43903
G0 F12000 X-30.2 Y4.8
;TYPE:WALL-OUTER
G1 F1200 X-30.2 Y-4.8 E0.47895
G1 X-39.8 Y-4.8 E0.47895
G1 X-39.8 Y4.8 E0.47895
G1 X-30.2 Y4.8 E0.47895
G0 F12000 X-30.2 Y4
G0 X-31.2 Y3.8
G1 F3600 E-1
G0 F12000 X33.105 Y-4.04
;TYPE:FILL
G1 F3600 E1
G1 F9600 X30.961 Y-3.465 E0.11074
G1 X30.96 Y-4.04 E0.02869
G1 X33.522 Y-4.041 E0.12782
G1 X31.357 Y4.04 E0.41738
G1 X39.04 Y4.04 E0.38331
G1 X39.04 Y-1.5 E0.27639
G1 X36.5 Y-4.04 E0.17921
G1 X39.04 Y-4.04 E0.12672
G1 X39.14 Y-4.04
G1 F3600 E-1
G0 F12000 X39.1 Y-4.04
G0 X39.13 Y4.13
G0 X39.4 Y4.4
;TYPE:WALL-INNER
G1 F3600 E1
G1 F3000 X39.4 Y-4.4 E0.43903
G1 X30.6 Y-4.4 E0.43903
G1 X30.6 Y4.4 E0.43903
G1 X39.4 Y4.4 E0.43903
G0 F12000 X39.8 Y4.8
;TYPE:WALL-OUTER
G1 F1200 X39.8 Y-4.8 E0.47895
G1 X30.2 Y-4.8 E0.47895
G1 X30.2 Y4.8 E0.47895
G1 X39.8 Y4.8 E0.47895
G0 F12000 X39.8 Y4
G0 X38.8 Y3.8
G1 F3600 E-1
;MESH:NONMESH
G0 F12000 X-30.96 Y-4.04
;TIME_ELAPSED:192.371178
;LAYER:22
;MESH:bridge.stl
G0 X-30.96 Y-4.04 Z6.9
;TYPE:FILL
G1 F3600 E1
G1 F9600 X-31.081 Y-4.04 E0.00604
G1 X-30.96 Y-3.919 E0.00854
G1 X-30.961 Y0.924 E0.24162
G1 X-39.039 Y3.088 E0.41722
G1 X-39.04 Y4.04 E0.0475
G1 X-30.96 Y4.04 E0.40311
G1 X-30.96 Y3.963 E0.00384
G1 X-30.98 Y4.04 E0.00397
G1 X-31.005 Y4.136
G0 F12000 X-30.6 Y4.4
;TYPE:WALL-INNER
G1 F3000 X-30.6 Y-4.4 E0.43903
G1 X-39.4 Y-4.4 E0.43903
G1 X-39.4 Y4.4 E0.43903
G1 X-30.6 Y4.4 E0.43903
G0 F12000 X-30.2 Y4.8
;TYPE:WALL-OUTER
G1 F1200 X-30.2 Y-4.8 E0.47895
G1 X-39.8 Y-4.8 E0.47895
G1 X-39.8 Y4.8 E0.47895
G1 X-30.2 Y4.8 E0.47895
G0 F12000 X-30.2 Y4
G0 X-31.2 Y3.8
G1 F3600 E-1
G0 F12000 X36.801 Y-4.04
;TYPE:FILL
G1 F3600 E1
G1 F9600 X39.04 Y-1.801 E0.15797
G1 X39.04 Y4.04 E0.29141
G1 X31.136 Y4.04 E0.39433
G1 X33.302 Y-4.041 E0.41739
G1 X30.96 Y-4.04 E0.11684
G1 X30.961 Y-3.245 E0.03966
G1 X33.928 Y-4.04 E0.15325
G1 X39.04 Y-4.04 E0.25504
G1 X39.14 Y-4.04
G1 F3600 E-1
G0 F12000 X39.1 Y-4.04
G0 X39.13 Y4.13
G0 X39.4 Y4.4
;TYPE:WALL-INNER
G1 F3600 E1
G1 F3000 X39.4 Y-4.4 E0.43903
G1 X30.6 Y-4.4 E0.43903
G1 X30.6 Y4.4 E0.43903
G1 X39.4 Y4.4 E0.43903
G0 F12000 X39.8 Y4.8
;TYPE:WALL-OUTER
G1 F1200 X39.8 Y-4.8 E0.47895
G1 X30.2 Y-4.8 E0.47895
G1 X30.2 Y4.8 E0.47895
G1 X39.8 Y4.8 E0.47895
G0 F12000 X39.8 Y4
G0 X38.8 Y3.8
G1 F3600 E-1
;MESH:NONMESH
G0 F12000 X-30.96 Y-4.04
;TIME_ELAPSED:199.704654
;LAYER:23
;MESH:bridge.stl
G0 X-30.96 Y-4.04 Z7.2
;TYPE:FILL
G1 F3600 E1
G1 F9600 X-39.04 Y-4.04 E0.40311
G1 X-39.04 Y4.04 E0.40311
G1 X-31.2 Y4.041 E0.39114
G1 X-30.96 Y3.144 E0.04633
G1 X-30.96 Y1.143 E0.09983
G1 X-39.039 Y3.308 E0.41728
G1 X-39.135 Y3.333
G1 F3600 E-1
G0 F12000 X-39.1 Y3.333
G0 X-30.87 Y4.13
G0 X-30.6 Y4.4
;TYPE:WALL-INNER
G1 F3600 E1
G1 F3000 X-30.6 Y-4.4 E0.43903
G1 X-39.4 Y-4.4 E0.43903
G1 X-39.4 Y4.4 E0.43903
G1 X-30.6 Y4.4 E0.43903
G0 F12000 X-30.2 Y4.8
;TYPE:WALL-OUTER
G1 F1200 X-30.2 Y-4.8 E0.47895
G1 X-39.8 Y-4.8 E0.47895
G1 X-39.8 Y4.8 E0.47895
G1 X-30.2 Y4.8 E0.47895
G0 F12000 X-30.2 Y4
G0 X-31.2 Y3.8
G1 F3600 E-1
G0 F12000 X37.101 Y-4.04
;TYPE:FILL
G1 F3600 E1
G1 F9600 X39.04 Y-2.101 E0.13681
G1 X39.04 Y4.04 E0.30638
G1 X30.96 Y4.04 E0.40311
G1 X30.96 Y3.877 E0.00813
G1 X33.082 Y-4.04 E0.40892
G1 X30.96 Y-4.04 E0.10587
G1 X30.961 Y-3.025 E0.05064
G1 X34.747 Y-4.04 E0.19555
G1 X39.04 Y-4.04 E0.21418
G1 X39.14 Y-4.04
G1 F3600 E-1
G0 F12000 X39.1 Y-4.04
G0 X39.13 Y4.13
G0 X39.4 Y4.4
;TYPE:WALL-INNER
G1 F3600 E1
G1 F3000 X39.4 Y-4.4 E0.43903
G1 X30.6 Y-4.4 E0.43903
G1 X30.6 Y4.4 E0.43903
G1 X39.4 Y4.4 E0.43903
G0 F12000 X39.8 Y4.8
;TYPE:WALL-OUTER
G1 F1200 X39.8 Y-4.8 E0.47895
G1 X30.2 Y-4.8 E0.47895
G1 X30.2 Y4.8 E0.47895
G1 X39.8 Y4.8 E0.47895
G0 F12000 X39.8 Y4
G0 X38.8 Y3.8
G1 F3600 E-1
;MESH:NONMESH
G0 F12000 X-30.96 Y-4.04
;TIME_ELAPSED:207.280508
;LAYER:24
;MESH:bridge.stl
G0 X-30.96 Y-4.04 Z7.5
;TYPE:FILL
G1 F3600 E1
G1 F9600 X-39.04 Y-4.04 E0.40311
G1 X-39.04 Y4.04 E0.40311
G1 X-31.419 Y4.041 E0.38021
G1 X-30.96 Y2.325 E0.08862
G1 X-30.96 Y1.363 E0.04799
G1 X-39.039 Y3.527 E0.41727
G1 X-39.135 Y3.552
G1 F3600 E-1
G0 F12000 X-39.1 Y3.552
G0 X-30.87 Y4.13
G0 X-30.6 Y4.4
;TYPE:WALL-INNER
G1 F3600 E1
G1 F3000 X-30.6 Y-4.4 E0.43903
G1 X-39.4 Y-4.4 E0.43903
G1 X-39.4 Y4.4 E0.43903
G1 X-30.6 Y4.4 E0.43903
G0 F12000 X-30.2 Y4.8
;TYPE:WALL-OUTER
G1 F1200 X-30.2 Y-4.8 E0.47895
G1 X-39.8 Y-4.8 E0.47895
G1 X-39.8 Y4.8 E0.47895
G1 X-30.2 Y4.8 E0.47895
G0 F12000 X-30.2 Y4
G0 X-31.2 Y3.8
G1 F3600 E-1
G0 F12000 X37.401 Y-4.04
;TYPE:FILL
G1 F3600 E1
G1 F9600 X39.04 Y-2.401 E0.11564
G1 X39.04 Y4.04 E0.32134
G1 X30.96 Y4.04 E0.40311
G1 X30.96 Y3.058 E0.04899
G1 X32.862 Y-4.04 E0.36661
G1 X30.96 Y-4.04 E0.09489
G1 X30.961 Y-2.806 E0.06156
G1 X35.566 Y-4.04 E0.23785
G1 X39.04 Y-4.04 E0.17332
G1 X39.14 Y-4.04
G1 F3600 E-1
G0 F12000 X39.1 Y-4.04
G0 X39.13 Y4.13
G0 X39.4 Y4.4
;TYPE:WALL-INNER
G1 F3600 E1
G1 F3000 X39.4 Y-4.4 E0.43903
G1 X30.6 Y-4.4 E0.43903
G1 X30.6 Y4.4 E0.43903
G1 X39.4 Y4.4 E0.43903
G0 F12000 X39.8 Y4.8
;TYPE:WALL-OUTER
G1 F1200 X39.8 Y-4.8 E0.47895
G1 X30.2 Y-4.8 E0.47895
G1 X30.2 Y4.8 E0.47895
G1 X39.8 Y4.8 E0.47895
G0 F12000 X39.8 Y4
G0 X38.8 Y3.8
G1 F3600 E-1
;MESH:NONMESH
G0 F12000 X-30.96 Y-4.04
;TIME_ELAPSED:214.854908
;LAYER:25
;MESH:bridge.stl
G0 X-30.96 Y-4.04 Z7.8
;TYPE:FILL
G1 F3600 E1
G1 F9600 X-39.04 Y-4.04 E0.40311
G1 X-39.04 Y4.04 E0.40311
G1 X-31.639 Y4.04 E0.36924
G1 X-30.96 Y1.506 E0.13088
G1 X-30.96 Y1.322 E0.00918
G1 X-39.039 Y3.747 E0.42083
G1 X-39.134 Y3.775
G1 F3600 E-1
G0 F12000 X-39.1 Y3.775
G0 X-30.87 Y4.13
G0 X-30.6 Y4.4
;TYPE:WALL-INNER
G1 F3600 E1
G1 F3000 X-30.6 Y-4.4 E0.43903
G1 X-39.4 Y-4.4 E0.43903
G1 X-39.4 Y4.4 E0.43903
G1 X-30.6 Y4.4 E0.43903
G0 F12000 X-30.2 Y4.8
;TYPE:WALL-OUTER
G1 F1200 X-30.2 Y-4.8 E0.47895
G1 X-39.8 Y-4.8 E0.47895
G1 X-39.8 Y4.8 E0.47895
G1 X-30.2 Y4.8 E0.47895
G0 F12000 X-30.2 Y4
G0 X-31.2 Y3.8
G1 F3600 E-1
G0 F12000 X37.701 Y-4.04
;TYPE:FILL
G1 F3600 E1
G1 F9600 X39.04 Y-2.7 E0.09451
G1 X39.04 Y4.04 E0.33626
G1 X30.96 Y4.04 E0.40311
G1 X30.96 Y2.239 E0.08985
G1 X32.643 Y-4.04 E0.32432
G1 X30.96 Y-4.04 E0.08397
G1 X30.961 Y-2.586 E0.07254
G1 X36.385 Y-4.04 E0.28016
G1 X39.04 Y-4.04 E0.13246
G1 X39.14 Y-4.04
G1 F3600 E-1
G0 F12000 X39.1 Y-4.04
G0 X39.13 Y4.13
G0 X39.4 Y4.4
;TYPE:WALL-INNER
G1 F3600 E1
G1 F3000 X39.4 Y-4.4 E0.43903
G1 X30.6 Y-4.4 E0.43903
G1 X30.6 Y4.4 E0.43903
G1 X39.4 Y4.4 E0.43903
G0 F12000 X39.8 Y4.8
;TYPE:WALL-OUTER
G1 F1200 X39.8 Y-4.8 E0.47895
G1 X30.2 Y-4.8 E0.47895
G1 X30.2 Y4.8 E0.47895
G1 X39.8 Y4.8 E0.47895
G0 F12000 X39.8 Y4
G0 X38.8 Y3.8
G1 F3600 E-1
;MESH:NONMESH
G0 F12000 X-30.96 Y-4.04
;TIME_ELAPSED:222.430389
;LAYER:26
;MESH:bridge.stl
G0 X-30.96 Y-4.04 Z8.1
;TYPE:FILL
G1 F3600 E1
G1 F9600 X-39.04 Y-4.04 E0.40311
G1 X-39.039 Y3.966 E0.39942
G1 X-30.961 Y1.323 E0.42404
G1 X-30.96 Y0.688 E0.03168
G1 X-31.858 Y4.04 E0.17313
G1 X-38.773 Y4.04 E0.34499
G1 X-39.04 Y3.772 E0.01887
G1 X-39.11 Y3.702
G1 F3600 E-1
G0 F12000 X-39.1 Y3.702
G0 X-30.87 Y4.13
G0 X-30.6 Y4.4
;TYPE:WALL-INNER
G1 F3600 E1
G1 F3000 X-30.6 Y-4.4 E0.43903
G1 X-39.4 Y-4.4 E0.43903
G1 X-39.4 Y4.4 E0.43903
G1 X-30.6 Y4.4 E0.43903
G0 F12000 X-30.2 Y4.8
;TYPE:WALL-OUTER
G1 F1200 X-30.2 Y-4.8 E0.47895
G1 X-39.8 Y-4.8 E0.47895
G1 X-39.8 Y4.8 E0.47895
G1 X-30.2 Y4.8 E0.47895
G0 F12000 X-30.2 Y4
G0 X-31.2 Y3.8
G1 F3600 E-1
G0 F12000 X38.001 Y-4.04
;TYPE:FILL
G1 F3600 E1
G1 F9600 X39.04 Y-3 E0.07334
G1 X39.04 Y4.04 E0.35123
G1 X30.96 Y4.04 E0.40311
G1 X30.96 Y1.421 E0.13066
G1 X32.423 Y-4.04 E0.28206
G1 X30.96 Y-4.04 E0.07299
G1 X30.96 Y-2.367 E0.08347
G1 X37.205 Y-4.04 E0.32255
G1 X39.04 Y-4.04 E0.09155
G1 X39.14 Y-4.04
G1 F3600 E-1
G0 F12000 X39.1 Y-4.04
G0 X39.13 Y4.13
G0 X39.4 Y4.4
;TYPE:WALL-INNER
G1 F3600 E1
G1 F3000 X39.4 Y-4.4 E0.43903
G1 X30.6 Y-4.4 E0.43903
G1 X30.6 Y4.4 E0.43903
G1 X39.4 Y4.4 E0.43903
G0 F12000 X39.8 Y4.8
;TYPE:WALL-OUTER
G1 F1200 X39.8 Y-4.8 E0.47895
G1 X30.2 Y-4.8 E0.47895
G1 X30.2 Y4.8 E0.47895
G1 X39.8 Y4.8 E0.47895
G0 F12000 X39.8 Y4
G0 X38.8 Y3.8
G1 F3600 E-1
;MESH:NONMESH
G0 F12000 X-30.96 Y-4.04
;TIME_ELAPSED:230.037227
;LAYER:27
;MESH:bridge.stl
G0 X-30.96 Y-4.04 Z8.4
;TYPE:FILL
G1 F3600 E1
G1 F9600 X-39.04 Y-4.04 E0.40311
G1 X-39.04 Y4.04 E0.40311
G1 X-38.495 Y4.04 E0.02719
G1 X-31.915 Y2.277 E0.33986
G1 X-30.961 Y1.323 E0.06731
G1 X-30.961 Y1.811 E0.02435
G1 X-31.671 Y2.521 E0.05009
G1 X-32.078 Y4.04 E0.07846
G1 X-38.473 Y4.04 E0.31905
G1 X-39.04 Y3.473 E0.04
G1 X-39.11 Y3.403
G1 F3600 E-1
G0 F12000 X-39.1 Y3.403
G0 X-30.87 Y4.13
G0 X-30.6 Y4.4
;TYPE:WALL-INNER
G1 F3600 E1
G1 F3000 X-30.6 Y-4.4 E0.43903
G1 X-39.4 Y-4.4 E0.43903
G1 X-39.4 Y4.4 E0.43903
G1 X-30.6 Y4.4 E0.43903
G0 F12000 X-30.2 Y4.8
;TYPE:WALL-OUTER
G1 F1200 X-30.2 Y-4.8 E0.47895
G1 X-39.8 Y-4.8 E0.47895
G1 X-39.8 Y4.8 E0.47895
G1 X-30.2 Y4.8 E0.47895
G0 F12000 X-30.2 Y4
G0 X-31.2 Y3.8
G1 F3600 E-1
G0 F12000 X38.3 Y-4.04
;TYPE:FILL
G1 F3600 E1
G1 F9600 X39.04 Y-3.3 E0.05221
G1 X39.04 Y4.04 E0.36619
G1 X30.96 Y4.04 E0.40311
G1 X30.96 Y0.602 E0.17152
G1 X32.204 Y-4.041 E0.23981
G1 X30.96 Y-4.04 E0.06206
G1 X30.96 Y-2.147 E0.09444
G1 X38.024 Y-4.04 E0.36486
G1 X39.04 Y-4.04 E0.05069
G1 X39.14 Y-4.04
G1 F3600 E-1
G0 F12000 X39.1 Y-4.04
G0 X39.13 Y4.13
G0 X39.4 Y4.4
;TYPE:WALL-INNER
G1 F3600 E1
G1 F3000 X39.4 Y-4.4 E0.43903
G1 X30.6 Y-4.4 E0.43903
G1 X30.6 Y4.4 E0.43903
G1 X39.4 Y4.4 E0.43903
G0 F12000 X39.8 Y4.8
;TYPE:WALL-OUTER
G1 F1200 X39.8 Y-4.8 E0.47895
G1 X30.2 Y-4.8 E0.47895
G1 X30.2 Y4.8 E0.47895
G1 X39.8 Y4.8 E0.47895
G0 F12000 X39.8 Y4
G0 X38.8 Y3.8
G1 F3600 E-1
;MESH:NONMESH
G0 F12000 X-30.96 Y-4.039
;TIME_ELAPSED:237.649418
;LAYER:28
;MESH:bridge.stl
G0 X-30.96 Y-4.039 Z8.7
;TYPE:FILL
G1 F3600 E1
G1 F9600 X-39.039 Y-4.036 E0.40306
G1 X-39.037 Y3.176 E0.35981
G1 X-38.173 Y4.04 E0.06096
G1 X-32.297 Y4.041 E0.29315
G1 X-31.97 Y2.82 E0.06306
G1 X-30.961 Y1.811 E0.07119
G1 X-30.961 Y1.323 E0.02435
G1 X-32.215 Y2.577 E0.08848
G1 X-37.677 Y4.04 E0.28211
G1 X-37.773 Y4.065
G1 F3600 E-1
G0 F12000 X-30.87 Y4.13
G0 X-30.6 Y4.4
;TYPE:WALL-INNER
G1 F3600 E1
G1 F3000 X-30.6 Y-4.399 E0.43898
G1 X-39.399 Y-4.396 E0.43898
G1 X-39.396 Y4.4 E0.43883
G1 X-30.6 Y4.4 E0.43883
G0 F12000 X-30.2 Y4.8
;TYPE:WALL-OUTER
G1 F1200 X-30.2 Y-4.799 E0.4789
G1 X-39.799 Y-4.796 E0.4789
G1 X-39.796 Y4.8 E0.47875
G1 X-30.2 Y4.8 E0.47875
G0 F12000 X-30.2 Y4
G0 X-31.2 Y3.8
G1 F3600 E-1
G0 F12000 X30.96 Y4.039
;TYPE:FILL
G1 F3600 E1
G1 F9600 X39.039 Y4.036 E0.40306
G1 X39.037 Y-3.603 E0.38111
G1 X38.6 Y-4.04 E0.03083
G1 X39.036 Y-4.04 E0.02175
G1 X38.844 Y-4.04 E0.00958
G1 X30.961 Y-1.928 E0.40715
G1 X30.96 Y-4.04 E0.10537
G1 X31.985 Y-4.04 E0.05114
G1 X30.96 Y-.215 E0.19756
G1 X30.96 Y4.039 E0.21223
G1 F3600 E-1
G0 F12000 X39.13 Y4.129
G0 X39.399 Y4.396
;TYPE:WALL-INNER
G1 F3600 E1
G1 F3000 X39.396 Y-4.4 E0.43883
G1 X30.6 Y-4.4 E0.43883
G1 X30.6 Y4.399 E0.43898
G1 X39.399 Y4.396 E0.43898
G0 F12000 X39.799 Y4.796
;TYPE:WALL-OUTER
G1 F1200 X39.796 Y-4.8 E0.47875
G1 X30.2 Y-4.8 E0.47875
G1 X30.2 Y4.799 E0.4789
G1 X39.799 Y4.796 E0.4789
G0 F12000 X39.799 Y3.996
G0 X38.8 Y3.799
G1 F3600 E-1
;MESH:NONMESH
G0 F12000 X38.799 Y3.798
G0 X-30.96 Y-4.039
;TIME_ELAPSED:245.208869
;LAYER:29
;MESH:bridge.stl
G0 X-30.96 Y-4.039 Z9
;TYPE:FILL
G1 F3600 E1
G1 F9600 X-39.039 Y-4.036 E0.40306
G1 X-39.037 Y2.877 E0.34489
G1 X-37.873 Y4.04 E0.08209
G1 X-32.517 Y4.041 E0.26721
G1 X-32.27 Y3.12 E0.04757
G1 X-30.961 Y1.811 E0.09236
G1 X-30.961 Y1.323 E0.02435
G1 X-32.514 Y2.876 E0.10957
G1 X-36.857 Y4.04 E0.22432
G1 X-36.953 Y4.065
G1 F3600 E-1
G0 F12000 X-30.87 Y4.13
G0 X-30.6 Y4.4
;TYPE:WALL-INNER
G1 F3600 E1
G1 F3000 X-30.6 Y-4.399 E0.43898
G1 X-39.399 Y-4.396 E0.43898
G1 X-39.396 Y4.4 E0.43883
G1 X-30.6 Y4.4 E0.43883
G0 F12000 X-30.2 Y4.8
;TYPE:WALL-OUTER
G1 F1200 X-30.2 Y-4.799 E0.4789
G1 X-39.799 Y-4.796 E0.4789
G1 X-39.796 Y4.8 E0.47875
G1 X-30.2 Y4.8 E0.47875
G0 F12000 X-30.2 Y4
G0 X-31.2 Y3.8
G1 F3600 E-1
G0 F12000 X30.96 Y-1.034
;TYPE:FILL
G1 F3600 E1
G1 F9600 X31.765 Y-4.04 E0.15525
G1 X39.036 Y-4.04 E0.36275
G1 X38.9 Y-4.04 E0.00679
G1 X39.037 Y-3.903 E0.00967
G1 X39.036 Y-3.872 E0.00155
G1 X30.96 Y-1.322 E0.42252
G1 X30.96 Y-1.034 E0.01437
G1 F3600 E-1
G0 F12000 X39.13 Y4.129
G0 X39.399 Y4.396
;TYPE:WALL-INNER
G1 F3600 E1
G1 F3000 X39.396 Y-4.4 E0.43883
G1 X30.6 Y-4.4 E0.43883
G1 X30.6 Y4.399 E0.43898
G1 X39.399 Y4.396 E0.43898
G0 F12000 X39.799 Y4.796
;TYPE:WALL-OUTER
G1 F1200 X39.796 Y-4.8 E0.47875
G1 X30.2 Y-4.8 E0.47875
G1 X30.2 Y4.799 E0.4789
G1 X39.799 Y4.796 E0.4789
G0 F12000 X39.799 Y3.996
G0 X38.8 Y3.799
G1 F3600 E-1
;MESH:NONMESH
G0 F12000 X38.799 Y3.798
G0 X-30.96 Y-4.04
;TIME_ELAPSED:252.559637
;LAYER:30
;MESH:bridge.stl
G0 X-30.96 Y-4.04 Z9.3
;TYPE:FILL
G1 F3600 E1
G1 F9600 X-39.04 Y-4.04 E0.40311
G1 X-39.04 Y2.572 E0.32987
G1 X-37.572 Y4.04 E0.10358
G1 X-32.737 Y4.041 E0.24122
G1 X-32.571 Y3.421 E0.03202
G1 X-30.961 Y1.811 E0.11359
G1 X-30.961 Y1.323 E0.02435
G1 X-32.816 Y3.178 E0.13088
G1 X-36.034 Y4.04 E0.16621
G1 X-36.13 Y4.065
G1 F3600 E-1
G0 F12000 X-30.87 Y4.13
G0 X-30.6 Y4.4
;TYPE:WALL-INNER
G1 F3600 E1
G1 F3000 X-30.6 Y-4.4 E0.43903
G1 X-39.4 Y-4.4 E0.43903
G1 X-39.4 Y4.4 E0.43903
G1 X-30.6 Y4.4 E0.43903
G0 F12000 X-30.2 Y4.8
;TYPE:WALL-OUTER
G1 F1200 X-30.2 Y-4.8 E0.47895
G1 X-39.8 Y-4.8 E0.47895
G1 X-39.8 Y4.8 E0.47895
G1 X-30.2 Y4.8 E0.47895
G0 F12000 X-30.2 Y4
G0 X-31.2 Y3.8
G1 F3600 E-1
G0 F12000 X30.961 Y-1.488
;TYPE:FILL
G1 F3600 E1
G1 F9600 X39.039 Y-3.652 E0.41722
G1 X39.04 Y4.04 E0.38376
G1 X30.96 Y4.04 E0.40311
G1 X30.96 Y-1.858 E0.29425
G1 X31.545 Y-4.04 E0.1127
G1 X39.04 Y-4.04 E0.37393
G1 X39.14 Y-4.04
G1 F3600 E-1
G0 F12000 X39.1 Y-4.04
G0 X39.13 Y4.13
G0 X39.4 Y4.4
;TYPE:WALL-INNER
G1 F3600 E1
G1 F3000 X39.4 Y-4.4 E0.43903
G1 X30.6 Y-4.4 E0.43903
G1 X30.6 Y4.4 E0.43903
G1 X39.4 Y4.4 E0.43903
G0 F12000 X39.8 Y4.8
;TYPE:WALL-OUTER
G1 F1200 X39.8 Y-4.8 E0.47895
G1 X30.2 Y-4.8 E0.47895
G1 X30.2 Y4.8 E0.47895
G1 X39.8 Y4.8 E0.47895
G0 F12000 X39.8 Y4
G0 X38.8 Y3.8
G1 F3600 E-1
;MESH:NONMESH
G0 F12000 X-30.96 Y-4.04
;TIME_ELAPSED:260.084294
;LAYER:31
;MESH:bridge.stl
G0 X-30.96 Y-4.04 Z9.6
;TYPE:FILL
G1 F3600 E1
G1 F9600 X-39.04 Y-4.04 E0.40311
G1 X-39.04 Y2.272 E0.31491
G1 X-37.272 Y4.04 E0.12474
G1 X-32.957 Y4.041 E0.21528
G1 X-30.961 Y-3.409 E0.38479
G1 X-30.96 Y2.9 E0.31476
G1 X-35.215 Y4.04 E0.21977
G1 X-35.311 Y4.065
G1 F3600 E-1
G0 F12000 X-30.87 Y4.13
G0 X-30.6 Y4.4
;TYPE:WALL-INNER
G1 F3600 E1
G1 F3000 X-30.6 Y-4.4 E0.43903
G1 X-39.4 Y-4.4 E0.43903
G1 X-39.4 Y4.4 E0.43903
G1 X-30.6 Y4.4 E0.43903
G0 F12000 X-30.2 Y4.8
;TYPE:WALL-OUTER
G1 F1200 X-30.2 Y-4.8 E0.47895
G1 X-39.8 Y-4.8 E0.47895
G1 X-39.8 Y4.8 E0.47895
G1 X-30.2 Y4.8 E0.47895
G0 F12000 X-30.2 Y4
G0 X-31.2 Y3.8
G1 F3600 E-1
G0 F12000 X30.961 Y-1.268
;TYPE:FILL
G1 F3600 E1
G1 F9600 X39.04 Y-3.433 E0.41728
G1 X39.04 Y4.04 E0.37283
G1 X30.96 Y4.04 E0.40311
G1 X30.96 Y-2.677 E0.33511
G1 X31.325 Y-4.04 E0.0704
G1 X39.04 Y-4.04 E0.3849
G1 X39.14 Y-4.04
G1 F3600 E-1
G0 F12000 X39.1 Y-4.04
G0 X39.13 Y4.13
G0 X39.4 Y4.4
;TYPE:WALL-INNER
G1 F3600 E1
G1 F3000 X39.4 Y-4.4 E0.43903
G1 X30.6 Y-4.4 E0.43903
G1 X30.6 Y4.4 E0.43903
G1 X39.4 Y4.4 E0.43903
G0 F12000 X39.8 Y4.8
;TYPE:WALL-OUTER
G1 F1200 X39.8 Y-4.8 E0.47895
G1 X30.2 Y-4.8 E0.47895
G1 X30.2 Y4.8 E0.47895
G1 X39.8 Y4.8 E0.47895
G0 F12000 X39.8 Y4
G0 X38.8 Y3.8
G1 F3600 E-1
;MESH:NONMESH
G0 F12000 X-30.961 Y3.119
;TIME_ELAPSED:267.658285
;LAYER:32
;MESH:bridge.stl
G0 X-30.961 Y3.119 Z9.9
;TYPE:FILL
G1 F3600 E1
G1 F9600 X-30.96 Y4.04 E0.04595
G1 X-33.176 Y4.04 E0.11056
G1 X-31.011 Y-4.04 E0.41733
G1 X-30.96 Y-4.04 E0.00254
G1 X-39.04 Y-4.04 E0.40311
G1 X-39.04 Y1.972 E0.29994
G1 X-36.972 Y4.04 E0.14591
G1 X-34.395 Y4.04 E0.12857
G1 X-30.961 Y3.119 E0.17738
G0 F12000 X-30.87 Y4.13
G0 X-30.6 Y4.4
;TYPE:WALL-INNER
G1 F3000 X-30.6 Y-4.4 E0.43903
G1 X-39.4 Y-4.4 E0.43903
G1 X-39.4 Y4.4 E0.43903
G1 X-30.6 Y4.4 E0.43903
G0 F12000 X-30.2 Y4.8
;TYPE:WALL-OUTER
G1 F1200 X-30.2 Y-4.8 E0.47895
G1 X-39.8 Y-4.8 E0.47895
G1 X-39.8 Y4.8 E0.47895
G1 X-30.2 Y4.8 E0.47895
G0 F12000 X-30.2 Y4
G0 X-31.2 Y3.8
G1 F3600 E-1
G0 F12000 X30.96 Y-1.049
;TYPE:FILL
G1 F3600 E1
G1 F9600 X39.039 Y-3.214 E0.41728
G1 X39.04 Y4.04 E0.3619
G1 X30.96 Y4.04 E0.40311
G1 X30.96 Y-3.496 E0.37597
G1 X31.106 Y-4.04 E0.0281
G1 X39.04 Y-4.04 E0.39583
G1 X39.14 Y-4.04
G1 F3600 E-1
G0 F12000 X39.1 Y-4.04
G0 X39.13 Y4.13
G0 X39.4 Y4.4
;TYPE:WALL-INNER
G1 F3600 E1
G1 F3000 X39.4 Y-4.4 E0.43903
G1 X30.6 Y-4.4 E0.43903
G1 X30.6 Y4.4 E0.43903
G1 X39.4 Y4.4 E0.43903
G0 F12000 X39.8 Y4.8
;TYPE:WALL-OUTER
G1 F1200 X39.8 Y-4.8 E0.47895
G1 X30.2 Y-4.8 E0.47895
G1 X30.2 Y4.8 E0.47895
G1 X39.8 Y4.8 E0.47895
G0 F12000 X39.8 Y4
G0 X38.8 Y3.8
G1 F3600 E-1
;MESH:NONMESH
G0 F12000 X-30.961 Y3.339
;TIME_ELAPSED:275.097152
;LAYER:33
;MESH:bridge.stl
G0 X-30.961 Y3.339 Z10.2
;TYPE:FILL
G1 F3600 E1
G1 F9600 X-30.96 Y4.04 E0.03497
G1 X-33.396 Y4.04 E0.12153
G1 X-31.23 Y-4.041 E0.41739
G1 X-30.96 Y-4.04 E0.01347
G1 X-39.04 Y-4.04 E0.40311
G1 X-39.04 Y1.672 E0.28497
G1 X-36.673 Y4.04 E0.16704
G1 X-33.576 Y4.04 E0.15451
G1 X-30.961 Y3.339 E0.13507
G0 F12000 X-30.6 Y4.4
;TYPE:WALL-INNER
G1 F3000 X-30.6 Y-4.4 E0.43903
G1 X-39.4 Y-4.4 E0.43903
G1 X-39.4 Y4.4 E0.43903
G1 X-30.6 Y4.4 E0.43903
G0 F12000 X-30.2 Y4.8
;TYPE:WALL-OUTER
G1 F1200 X-30.2 Y-4.8 E0.47895
G1 X-39.8 Y-4.8 E0.47895
G1 X-39.8 Y4.8 E0.47895
G1 X-30.2 Y4.8 E0.47895
G0 F12000 X-30.2 Y4
G0 X-31.2 Y3.8
G1 F3600 E-1
G0 F12000 X30.96 Y-.829
;TYPE:FILL
G1 F3600 E1
G1 F9600 X39.039 Y-2.994 E0.41728
G1 X39.04 Y4.04 E0.35093
G1 X31.21 Y4.04 E0.39064
G1 X30.96 Y3.79 E0.01764
G1 X30.96 Y-4.04 E0.39064
G1 X39.04 Y-4.04 E0.40311
G1 X39.14 Y-4.04
G1 F3600 E-1
G0 F12000 X39.1 Y-4.04
G0 X39.13 Y4.13
G0 X39.4 Y4.4
;TYPE:WALL-INNER
G1 F3600 E1
G1 F3000 X39.4 Y-4.4 E0.43903
G1 X30.6 Y-4.4 E0.43903
G1 X30.6 Y4.4 E0.43903
G1 X39.4 Y4.4 E0.43903
G0 F12000 X39.8 Y4.8
;TYPE:WALL-OUTER
G1 F1200 X39.8 Y-4.8 E0.47895
G1 X30.2 Y-4.8 E0.47895
G1 X30.2 Y4.8 E0.47895
G1 X39.8 Y4.8 E0.47895
G0 F12000 X39.8 Y4
G0 X38.8 Y3.8
G1 F3600 E-1
;MESH:NONMESH
G0 F12000 X-32.758 Y4.04
;TIME_ELAPSED:282.544406
;LAYER:34
;MESH:bridge.stl
G0 X-32.758 Y4.04 Z10.5
;TYPE:FILL
G1 F3600 E1
G1 F9600 X-30.961 Y3.559 E0.09281
G1 X-30.96 Y4.04 E0.024
G1 X-33.615 Y4.04 E0.13246
G1 X-31.45 Y-4.041 E0.41738
G1 X-39.04 Y-4.04 E0.37867
G1 X-39.04 Y4.04 E0.40311
G1 X-36.373 Y4.04 E0.13306
G1 X-39.04 Y1.372 E0.18821
G1 X-39.11 Y1.302
G1 F3600 E-1
G0 F12000 X-39.1 Y1.302
G0 X-30.87 Y4.13
G0 X-30.6 Y4.4
;TYPE:WALL-INNER
G1 F3600 E1
G1 F3000 X-30.6 Y-4.4 E0.43903
G1 X-39.4 Y-4.4 E0.43903
G1 X-39.4 Y4.4 E0.43903
G1 X-30.6 Y4.4 E0.43903
G0 F12000 X-30.2 Y4.8
;TYPE:WALL-OUTER
G1 F1200 X-30.2 Y-4.8 E0.47895
G1 X-39.8 Y-4.8 E0.47895
G1 X-39.8 Y4.8 E0.47895
G1 X-30.2 Y4.8 E0.47895
G0 F12000 X-30.2 Y4
G0 X-31.2 Y3.8
G1 F3600 E-1
G0 F12000 X30.96 Y-.61
;TYPE:FILL
G1 F3600 E1
G1 F9600 X39.039 Y-2.775 E0.41728
G1 X39.04 Y4.04 E0.34
G1 X31.509 Y4.04 E0.37572
G1 X30.96 Y3.49 E0.03877
G1 X30.96 Y-4.04 E0.37567
G1 X39.04 Y-4.04 E0.40311
G1 X39.14 Y-4.04
G1 F3600 E-1
G0 F12000 X39.1 Y-4.04
G0 X39.13 Y4.13
G0 X39.4 Y4.4
;TYPE:WALL-INNER
G1 F3600 E1
G1 F3000 X39.4 Y-4.4 E0.43903
G1 X30.6 Y-4.4 E0.43903
G1 X30.6 Y4.4 E0.43903
G1 X39.4 Y4.4 E0.43903
G0 F12000 X39.8 Y4.8
;TYPE:WALL-OUTER
G1 F1200 X39.8 Y-4.8 E0.47895
G1 X30.2 Y-4.8 E0.47895
G1 X30.2 Y4.8 E0.47895
G1 X39.8 Y4.8 E0.47895
G0 F12000 X39.8 Y4
G0 X38.8 Y3.8
G1 F3600 E-1
;MESH:NONMESH
G0 F12000 X-31.939 Y4.04
;TIME_ELAPSED:290.133690
;LAYER:35
;MESH:bridge.stl
G0 X-31.939 Y4.04 Z10.8
;TYPE:FILL
G1 F3600 E1
G1 F9600 X-30.961 Y3.778 E0.05051
G1 X-30.96 Y4.04 E0.01307
G1 X-33.835 Y4.041 E0.14343
G1 X-31.669 Y-4.04 E0.41739
G1 X-39.04 Y-4.04 E0.36774
G1 X-39.04 Y4.04 E0.40311
G1 X-36.073 Y4.04 E0.14802
G1 X-39.04 Y1.073 E0.20934
G1 X-39.11 Y1.003
G1 F3600 E-1
G0 F12000 X-39.1 Y1.003
G0 X-30.87 Y4.13
G0 X-30.6 Y4.4
;TYPE:WALL-INNER
G1 F3600 E1
G1 F3000 X-30.6 Y-4.4 E0.43903
G1 X-39.4 Y-4.4 E0.43903
G1 X-39.4 Y4.4 E0.43903
G1 X-30.6 Y4.4 E0.43903
G0 F12000 X-30.2 Y4.8
;TYPE:WALL-OUTER
G1 F1200 X-30.2 Y-4.8 E0.47895
G1 X-39.8 Y-4.8 E0.47895
G1 X-39.8 Y4.8 E0.47895
G1 X-30.2 Y4.8 E0.47895
G0 F12000 X-30.2 Y4
G0 X-31.2 Y3.8
G1 F3600 E-1
G0 F12000 X30.961 Y-.391
;TYPE:FILL
G1 F3600 E1
G1 F9600 X39.039 Y-2.555 E0.41722
G1 X39.04 Y4.04 E0.32903
G1 X31.809 Y4.04 E0.36076
G1 X30.96 Y3.19 E0.05994
G1 X30.96 Y-4.04 E0.36071
G1 X39.04 Y-4.04 E0.40311
G1 X39.14 Y-4.04
G1 F3600 E-1
G0 F12000 X39.1 Y-4.04
G0 X39.13 Y4.13
G0 X39.4 Y4.4
;TYPE:WALL-INNER
G1 F3600 E1
G1 F3000 X39.4 Y-4.4 E0.43903
G1 X30.6 Y-4.4 E0.43903
G1 X30.6 Y4.4 E0.43903
G1 X39.4 Y4.4 E0.43903
G0 F12000 X39.8 Y4.8
;TYPE:WALL-OUTER
G1 F1200 X39.8 Y-4.8 E0.47895
G1 X30.2 Y-4.8 E0.47895
G1 X30.2 Y4.8 E0.47895
G1 X39.8 Y4.8 E0.47895
G0 F12000 X39.8 Y4
G0 X38.8 Y3.8
G1 F3600 E-1
;MESH:NONMESH
G0 F12000 X-31.12 Y4.04
;TIME_ELAPSED:297.710054
;LAYER:36
;MESH:bridge.stl
G0 X-31.12 Y4.04 Z11.1
;TYPE:FILL
G1 F3600 E1
G1 F9600 X-30.961 Y3.998 E0.0082
G1 X-30.96 Y4.04 E0.0021
G1 X-34.054 Y4.041 E0.15436
G1 X-31.889 Y-4.04 E0.41738
G1 X-39.04 Y-4.04 E0.35676
G1 X-39.04 Y4.04 E0.40311
G1 X-35.773 Y4.04 E0.16299
G1 X-39.04 Y0.773 E0.2305
G1 X-39.11 Y0.703
G1 F3600 E-1
G0 F12000 X-39.1 Y0.703
G0 X-30.87 Y4.13
G0 X-30.6 Y4.4
;TYPE:WALL-INNER
G1 F3600 E1
G1 F3000 X-30.6 Y-4.4 E0.43903
G1 X-39.4 Y-4.4 E0.43903
G1 X-39.4 Y4.4 E0.43903
G1 X-30.6 Y4.4 E0.43903
G0 F12000 X-30.2 Y4.8
;TYPE:WALL-OUTER
G1 F1200 X-30.2 Y-4.8 E0.47895
G1 X-39.8 Y-4.8 E0.47895
G1 X-39.8 Y4.8 E0.47895
G1 X-30.2 Y4.8 E0.47895
G0 F12000 X-30.2 Y4
G0 X-31.2 Y3.8
G1 F3600 E-1
G0 F12000 X30.961 Y-.171
;TYPE:FILL
G1 F3600 E1
G1 F9600 X39.04 Y-2.336 E0.41728
G1 X39.04 Y4.04 E0.3181
G1 X32.109 Y4.04 E0.34579
G1 X30.96 Y2.891 E0.08107
G1 X30.96 Y-4.04 E0.34579
G1 X39.04 Y-4.04 E0.40311
G1 X39.14 Y-4.04
G1 F3600 E-1
G0 F12000 X39.1 Y-4.04
G0 X39.13 Y4.13
G0 X39.4 Y4.4
;TYPE:WALL-INNER
G1 F3600 E1
G1 F3000 X39.4 Y-4.4 E0.43903
G1 X30.6 Y-4.4 E0.43903
G1 X30.6 Y4.4 E0.43903
G1 X39.4 Y4.4 E0.43903
G0 F12000 X39.8 Y4.8
;TYPE:WALL-OUTER
G1 F1200 X39.8 Y-4.8 E0.47895
G1 X30.2 Y-4.8 E0.47895
G1 X30.2 Y4.8 E0.47895
G1 X39.8 Y4.8 E0.47895
G0 F12000 X39.8 Y4
G0 X38.8 Y3.8
G1 F3600 E-1
;MESH:NONMESH
G0 F12000 X-30.96 Y-4.04
;TIME_ELAPSED:305.268082
;LAYER:37
;MESH:bridge.stl
G0 X-30.96 Y-4.04 Z11.4
;TYPE:FILL
G1 F3600 E1
G1 F9600 X-39.04 Y-4.04 E0.40311
G1 X-39.04 Y0.472 E0.2251
G1 X-35.472 Y4.04 E0.25174
G1 X-34.275 Y4.041 E0.05972
G1 X-32.109 Y-4.04 E0.41739
G1 X-32.084 Y-4.136
G1 F3600 E-1
G0 F12000 X-32.084 Y-4.1
G0 X-30.87 Y4.13
G0 X-30.6 Y4.4
;TYPE:WALL-INNER
G1 F3600 E1
G1 F3000 X-30.6 Y-4.4 E0.43903
G1 X-39.4 Y-4.4 E0.43903
G1 X-39.4 Y4.4 E0.43903
G1 X-30.6 Y4.4 E0.43903
G0 F12000 X-30.2 Y4.8
;TYPE:WALL-OUTER
G1 F1200 X-30.2 Y-4.8 E0.47895
G1 X-39.8 Y-4.8 E0.47895
G1 X-39.8 Y4.8 E0.47895
G1 X-30.2 Y4.8 E0.47895
G0 F12000 X-30.2 Y4
G0 X-31.2 Y3.8
G1 F3600 E-1
G0 F12000 X30.961 Y0.049
;TYPE:FILL
G1 F3600 E1
G1 F9600 X39.039 Y-2.115 E0.41722
G1 X39.04 Y4.04 E0.30707
G1 X32.41 Y4.04 E0.33077
G1 X30.96 Y2.589 E0.10234
G1 X30.96 Y-4.04 E0.33072
G1 X39.04 Y-4.04 E0.40311
G1 X39.14 Y-4.04
G1 F3600 E-1
G0 F12000 X39.1 Y-4.04
G0 X39.13 Y4.13
G0 X39.4 Y4.4
;TYPE:WALL-INNER
G1 F3600 E1
G1 F3000 X39.4 Y-4.4 E0.43903
G1 X30.6 Y-4.4 E0.43903
G1 X30.6 Y4.4 E0.43903
G1 X39.4 Y4.4 E0.43903
G0 F12000 X39.8 Y4.8
;TYPE:WALL-OUTER
G1 F1200 X39.8 Y-4.8 E0.47895
G1 X30.2 Y-4.8 E0.47895
G1 X30.2 Y4.8 E0.47895
G1 X39.8 Y4.8 E0.47895
G0 F12000 X39.8 Y4
G0 X38.8 Y3.8
G1 F3600 E-1
;MESH:NONMESH
G0 F12000 X-30.96 Y-4.039
;TIME_ELAPSED:312.717157
;LAYER:38
;MESH:bridge.stl
G0 X-30.96 Y-4.039 Z11.7
;TYPE:FILL
G1 F3600 E1
G1 F9600 X-39.039 Y-4.036 E0.40306
G1 X-39.038 Y0.174 E0.21004
G1 X-35.172 Y4.04 E0.27277
G1 X-34.494 Y4.041 E0.03383
G1 X-32.329 Y-4.038 E0.41728
G1 X-32.304 Y-4.134
G1 F3600 E-1
G0 F12000 X-32.305 Y-4.099
G0 X-30.87 Y4.13
G0 X-30.6 Y4.4
;TYPE:WALL-INNER
G1 F3600 E1
G1 F3000 X-30.6 Y-4.399 E0.43898
G1 X-39.399 Y-4.396 E0.43898
G1 X-39.396 Y4.4 E0.43883
G1 X-30.6 Y4.4 E0.43883
G0 F12000 X-30.2 Y4.8
;TYPE:WALL-OUTER
G1 F1200 X-30.2 Y-4.799 E0.4789
G1 X-39.799 Y-4.796 E0.4789
G1 X-39.796 Y4.8 E0.47875
G1 X-30.2 Y4.8 E0.47875
G0 F12000 X-30.2 Y4
G0 X-31.2 Y3.8
G1 F3600 E-1
G0 F12000 X30.961 Y0.269
;TYPE:FILL
G1 F3600 E1
G1 F9600 X39.037 Y-1.895 E0.41713
G1 X39.039 Y4.036 E0.2959
G1 X32.709 Y4.038 E0.3158
G1 X30.96 Y2.29 E0.12337
G1 X30.96 Y-4.04 E0.3158
G1 X39.036 Y-4.04 E0.40291
G1 X39.136 Y-4.04
G1 F3600 E-1
G0 F12000 X39.099 Y-4.041
G0 X39.13 Y4.129
G0 X39.399 Y4.396
;TYPE:WALL-INNER
G1 F3600 E1
G1 F3000 X39.396 Y-4.4 E0.43883
G1 X30.6 Y-4.4 E0.43883
G1 X30.6 Y4.399 E0.43898
G1 X39.399 Y4.396 E0.43898
G0 F12000 X39.799 Y4.796
;TYPE:WALL-OUTER
G1 F1200 X39.796 Y-4.8 E0.47875
G1 X30.2 Y-4.8 E0.47875
G1 X30.2 Y4.799 E0.4789
G1 X39.799 Y4.796 E0.4789
G0 F12000 X39.799 Y3.996
G0 X38.8 Y3.799
G1 F3600 E-1
;MESH:NONMESH
G0 F12000 X38.799 Y3.798
G0 X-30.96 Y-4.039
;TIME_ELAPSED:320.156040
;LAYER:39
;MESH:bridge.stl
G0 X-30.96 Y-4.039 Z12
;TYPE:FILL
G1 F3600 E1
G1 F9600 X-39.039 Y-4.036 E0.40306
G1 X-39.038 Y-.126 E0.19507
G1 X-34.872 Y4.04 E0.29393
G1 X-34.714 Y4.04 E0.00788
G1 X-32.549 Y-4.039 E0.41728
G1 X-32.524 Y-4.135
G1 F3600 E-1
G0 F12000 X-32.525 Y-4.099
G0 X-30.87 Y4.13
G0 X-30.6 Y4.4
;TYPE:WALL-INNER
G1 F3600 E1
G1 F3000 X-30.6 Y-4.399 E0.43898
G1 X-39.399 Y-4.396 E0.43898
G1 X-39.396 Y4.4 E0.43883
G1 X-30.6 Y4.4 E0.43883
G0 F12000 X-30.2 Y4.8
;TYPE:WALL-OUTER
G1 F1200 X-30.2 Y-4.799 E0.4789
G1 X-39.799 Y-4.796 E0.4789
G1 X-39.796 Y4.8 E0.47875
G1 X-30.2 Y4.8 E0.47875
G0 F12000 X-30.2 Y4
G0 X-31.2 Y3.8
G1 F3600 E-1
G0 F12000 X30.96 Y0.489
;TYPE:FILL
G1 F3600 E1
G1 F9600 X39.036 Y-1.675 E0.41713
G1 X39.039 Y4.036 E0.28492
G1 X33.008 Y4.038 E0.30089
G1 X30.96 Y1.99 E0.1445
G1 X30.96 Y-4.04 E0.30084
G1 X39.036 Y-4.04 E0.40291
G1 X39.136 Y-4.04
G1 F3600 E-1
G0 F12000 X39.099 Y-4.041
G0 X39.13 Y4.129
G0 X39.399 Y4.396
;TYPE:WALL-INNER
G1 F3600 E1
G1 F3000 X39.396 Y-4.4 E0.43883
G1 X30.6 Y-4.4 E0.43883
G1 X30.6 Y4.399 E0.43898
G1 X39.399 Y4.396 E0.43898
G0 F12000 X39.799 Y4.796
;TYPE:WALL-OUTER
G1 F1200 X39.796 Y-4.8 E0.47875
G1 X30.2 Y-4.8 E0.47875
G1 X30.2 Y4.799 E0.4789
G1 X39.799 Y4.796 E0.4789
G0 F12000 X39.799 Y3.996
G0 X38.8 Y3.799
G1 F3600 E-1
;MESH:NONMESH
G0 F12000 X38.799 Y3.798
G0 X-30.96 Y-4.04
;TIME_ELAPSED:327.582326
;LAYER:40
;MESH:bridge.stl
G0 X-30.96 Y-4.04 Z12.3
;TYPE:FILL
G1 F3600 E1
G1 F9600 X-39.04 Y-4.04 E0.40311
G1 X-39.04 Y-.428 E0.1802
G1 X-34.597 Y4.016 E0.31351
G1 X-32.768 Y-4.041 E0.41219
G1 X-32.746 Y-4.138
G1 F3600 E-1
G0 F12000 X-32.746 Y-4.1
G0 X-30.87 Y4.13
G0 X-30.6 Y4.4
;TYPE:WALL-INNER
G1 F3600 E1
G1 F3000 X-30.6 Y-4.4 E0.43903
G1 X-39.4 Y-4.4 E0.43903
G1 X-39.4 Y4.4 E0.43903
G1 X-30.6 Y4.4 E0.43903
G0 F12000 X-30.2 Y4.8
;TYPE:WALL-OUTER
G1 F1200 X-30.2 Y-4.8 E0.47895
G1 X-39.8 Y-4.8 E0.47895
G1 X-39.8 Y4.8 E0.47895
G1 X-30.2 Y4.8 E0.47895
G0 F12000 X-30.2 Y4
G0 X-31.2 Y3.8
G1 F3600 E-1
G0 F12000 X30.96 Y0.708
;TYPE:FILL
G1 F3600 E1
G1 F9600 X39.039 Y-1.457 E0.41728
G1 X39.04 Y4.04 E0.27425
G1 X33.31 Y4.04 E0.28587
G1 X30.96 Y1.69 E0.16581
G1 X30.96 Y-4.04 E0.28587
G1 X39.04 Y-4.04 E0.40311
G1 X39.14 Y-4.04
G1 F3600 E-1
G0 F12000 X39.1 Y-4.04
G0 X39.13 Y4.13
G0 X39.4 Y4.4
;TYPE:WALL-INNER
G1 F3600 E1
G1 F3000 X39.4 Y-4.4 E0.43903
G1 X30.6 Y-4.4 E0.43903
G1 X30.6 Y4.4 E0.43903
G1 X39.4 Y4.4 E0.43903
G0 F12000 X39.8 Y4.8
;TYPE:WALL-OUTER
G1 F1200 X39.8 Y-4.8 E0.47895
G1 X30.2 Y-4.8 E0.47895
G1 X30.2 Y4.8 E0.47895
G1 X39.8 Y4.8 E0.47895
G0 F12000 X39.8 Y4
G0 X38.8 Y3.8
G1 F3600 E-1
;MESH:NONMESH
G0 F12000 X-30.96 Y-4.04
;TIME_ELAPSED:335.006260
;LAYER:41
;MESH:bridge.stl
G0 X-30.96 Y-4.04 Z12.6
;TYPE:FILL
G1 F3600 E1
G1 F9600 X-39.04 Y-4.04 E0.40311
G1 X-39.04 Y-.728 E0.16524
G1 X-35.211 Y3.101 E0.27016
G1 X-34.96 Y4.041 E0.04854
G1 X-34.602 Y4.04 E0.01786
G1 X-34.877 Y3.013 E0.05304
G1 X-32.987 Y-4.04 E0.36429
G1 X-32.962 Y-4.136
G1 F3600 E-1
G0 F12000 X-32.962 Y-4.1
G0 X-30.87 Y4.13
G0 X-30.6 Y4.4
;TYPE:WALL-INNER
G1 F3600 E1
G1 F3000 X-30.6 Y-4.4 E0.43903
G1 X-39.4 Y-4.4 E0.43903
G1 X-39.4 Y4.4 E0.43903
G1 X-30.6 Y4.4 E0.43903
G0 F12000 X-30.2 Y4.8
;TYPE:WALL-OUTER
G1 F1200 X-30.2 Y-4.8 E0.47895
G1 X-39.8 Y-4.8 E0.47895
G1 X-39.8 Y4.8 E0.47895
G1 X-30.2 Y4.8 E0.47895
G0 F12000 X-30.2 Y4
G0 X-31.2 Y3.8
G1 F3600 E-1
G0 F12000 X30.96 Y0.928
;TYPE:FILL
G1 F3600 E1
G1 F9600 X39.039 Y-1.237 E0.41728
G1 X39.04 Y4.04 E0.26327
G1 X33.609 Y4.04 E0.27095
G1 X30.96 Y1.39 E0.18694
G1 X30.96 Y-4.04 E0.2709
G1 X39.04 Y-4.04 E0.40311
G1 X39.14 Y-4.04
G1 F3600 E-1
G0 F12000 X39.1 Y-4.04
G0 X39.13 Y4.13
G0 X39.4 Y4.4
;TYPE:WALL-INNER
G1 F3600 E1
G1 F3000 X39.4 Y-4.4 E0.43903
G1 X30.6 Y-4.4 E0.43903
G1 X30.6 Y4.4 E0.43903
G1 X39.4 Y4.4 E0.43903
G0 F12000 X39.8 Y4.8
;TYPE:WALL-OUTER
G1 F1200 X39.8 Y-4.8 E0.47895
G1 X30.2 Y-4.8 E0.47895
G1 X30.2 Y4.8 E0.47895
G1 X39.8 Y4.8 E0.47895
G0 F12000 X39.8 Y4
G0 X38.8 Y3.8
G1 F3600 E-1
;MESH:NONMESH
G0 F12000 X-30.96 Y-4.04
;TIME_ELAPSED:342.459104
;LAYER:42
;MESH:bridge.stl
G0 X-30.96 Y-4.04 Z12.9
;TYPE:FILL
G1 F3600 E1
G1 F9600 X-39.04 Y-4.04 E0.40311
G1 X-39.04 Y-1.027 E0.15032
G1 X-35.32 Y2.693 E0.26247
G1 X-34.959 Y4.041 E0.06962
G1 X-34.602 Y4.04 E0.01781
G1 X-34.987 Y2.603 E0.07422
G1 X-33.207 Y-4.04 E0.34311
G1 X-33.182 Y-4.136
G1 F3600 E-1
G0 F12000 X-33.182 Y-4.1
G0 X-30.87 Y4.13
G0 X-30.6 Y4.4
;TYPE:WALL-INNER
G1 F3600 E1
G1 F3000 X-30.6 Y-4.4 E0.43903
G1 X-39.4 Y-4.4 E0.43903
G1 X-39.4 Y4.4 E0.43903
G1 X-30.6 Y4.4 E0.43903
G0 F12000 X-30.2 Y4.8
;TYPE:WALL-OUTER
G1 F1200 X-30.2 Y-4.8 E0.47895
G1 X-39.8 Y-4.8 E0.47895
G1 X-39.8 Y4.8 E0.47895
G1 X-30.2 Y4.8 E0.47895
G0 F12000 X-30.2 Y4
G0 X-31.2 Y3.8
G1 F3600 E-1
G0 F12000 X30.96 Y1.09
;TYPE:FILL
G1 F3600 E1
G1 F9600 X33.909 Y4.04 E0.2081
G1 X39.04 Y4.04 E0.25599
G1 X39.039 Y-1.018 E0.25234
G1 X30.96 Y1.147 E0.41728
G1 X30.96 Y-4.04 E0.25878
G1 X39.04 Y-4.04 E0.40311
G1 X39.14 Y-4.04
G1 F3600 E-1
G0 F12000 X39.1 Y-4.04
G0 X39.13 Y4.13
G0 X39.4 Y4.4
;TYPE:WALL-INNER
G1 F3600 E1
G1 F3000 X39.4 Y-4.4 E0.43903
G1 X30.6 Y-4.4 E0.43903
G1 X30.6 Y4.4 E0.43903
G1 X39.4 Y4.4 E0.43903
G0 F12000 X39.8 Y4.8
;TYPE:WALL-OUTER
G1 F1200 X39.8 Y-4.8 E0.47895
G1 X30.2 Y-4.8 E0.47895
G1 X30.2 Y4.8 E0.47895
G1 X39.8 Y4.8 E0.47895
G0 F12000 X39.8 Y4
G0 X38.8 Y3.8
G1 F3600 E-1
;MESH:NONMESH
G0 F12000 X-30.96 Y-4.04
;TIME_ELAPSED:349.920539
;LAYER:43
;MESH:bridge.stl
G0 X-30.96 Y-4.04 Z13.2
;TYPE:FILL
G1 F3600 E1
G1 F9600 X-39.04 Y-4.04 E0.40311
G1 X-39.04 Y-1.327 E0.13535
G1 X-35.43 Y2.283 E0.2547
G1 X-34.96 Y4.041 E0.09079
G1 X-34.602 Y4.04 E0.01786
G1 X-35.097 Y2.193 E0.0954
G1 X-33.426 Y-4.04 E0.32195
G1 X-33.401 Y-4.136
G1 F3600 E-1
G0 F12000 X-33.401 Y-4.1
G0 X-30.87 Y4.13
G0 X-30.6 Y4.4
;TYPE:WALL-INNER
G1 F3600 E1
G1 F3000 X-30.6 Y-4.4 E0.43903
G1 X-39.4 Y-4.4 E0.43903
G1 X-39.4 Y4.4 E0.43903
G1 X-30.6 Y4.4 E0.43903
G0 F12000 X-30.2 Y4.8
;TYPE:WALL-OUTER
G1 F1200 X-30.2 Y-4.8 E0.47895
G1 X-39.8 Y-4.8 E0.47895
G1 X-39.8 Y4.8 E0.47895
G1 X-30.2 Y4.8 E0.47895
G0 F12000 X-30.2 Y4
G0 X-31.2 Y3.8
G1 F3600 E-1
G0 F12000 X30.96 Y0.791
;TYPE:FILL
G1 F3600 E1
G1 F9600 X34.209 Y4.04 E0.22923
G1 X38.948 Y4.04 E0.23643
G1 X39.04 Y3.7 E0.01757
G1 X39.04 Y-.798 E0.22441
G1 X30.961 Y1.366 E0.41727
G1 X30.96 Y-4.04 E0.26971
G1 X39.04 Y-4.04 E0.40311
G1 X39.14 Y-4.04
G1 F3600 E-1
G0 F12000 X39.1 Y-4.04
G0 X39.13 Y4.13
G0 X39.4 Y4.4
;TYPE:WALL-INNER
G1 F3600 E1
G1 F3000 X39.4 Y-4.4 E0.43903
G1 X30.6 Y-4.4 E0.43903
G1 X30.6 Y4.4 E0.43903
G1 X39.4 Y4.4 E0.43903
G0 F12000 X39.8 Y4.8
;TYPE:WALL-OUTER
G1 F1200 X39.8 Y-4.8 E0.47895
G1 X30.2 Y-4.8 E0.47895
G1 X30.2 Y4.8 E0.47895
G1 X39.8 Y4.8 E0.47895
G0 F12000 X39.8 Y4
G0 X38.8 Y3.8
G1 F3600 E-1
;MESH:NONMESH
G0 F12000 X-30.96 Y-4.04
;TIME_ELAPSED:357.384726
;LAYER:44
;MESH:bridge.stl
G0 X-30.96 Y-4.04 Z13.5
;TYPE:FILL
G1 F3600 E1
G1 F9600 X-39.04 Y-4.04 E0.40311
G1 X-39.04 Y-1.627 E0.12039
G1 X-35.54 Y1.873 E0.24694
G1 X-34.959 Y4.041 E0.11198
G1 X-34.602 Y4.041 E0.01781
G1 X-35.206 Y1.784 E0.11656
G1 X-33.646 Y-4.04 E0.3008
G1 X-33.621 Y-4.136
G1 F3600 E-1
G0 F12000 X-33.621 Y-4.1
G0 X-30.87 Y4.13
G0 X-30.6 Y4.4
;TYPE:WALL-INNER
G1 F3600 E1
G1 F3000 X-30.6 Y-4.4 E0.43903
G1 X-39.4 Y-4.4 E0.43903
G1 X-39.4 Y4.4 E0.43903
G1 X-30.6 Y4.4 E0.43903
G0 F12000 X-30.2 Y4.8
;TYPE:WALL-OUTER
G1 F1200 X-30.2 Y-4.8 E0.47895
G1 X-39.8 Y-4.8 E0.47895
G1 X-39.8 Y4.8 E0.47895
G1 X-30.2 Y4.8 E0.47895
G0 F12000 X-30.2 Y4
G0 X-31.2 Y3.8
G1 F3600 E-1
G0 F12000 X30.96 Y0.491
;TYPE:FILL
G1 F3600 E1
G1 F9600 X34.509 Y4.04 E0.2504
G1 X38.729 Y4.04 E0.21054
G1 X39.039 Y2.881 E0.05986
G1 X39.039 Y-.579 E0.17262
G1 X30.96 Y1.586 E0.41728
G1 X30.96 Y-4.04 E0.28068
G1 X39.04 Y-4.04 E0.40311
G1 X39.14 Y-4.04
G1 F3600 E-1
G0 F12000 X39.1 Y-4.04
G0 X39.13 Y4.13
G0 X39.4 Y4.4
;TYPE:WALL-INNER
G1 F3600 E1
G1 F3000 X39.4 Y-4.4 E0.43903
G1 X30.6 Y-4.4 E0.43903
G1 X30.6 Y4.4 E0.43903
G1 X39.4 Y4.4 E0.43903
G0 F12000 X39.8 Y4.8
;TYPE:WALL-OUTER
G1 F1200 X39.8 Y-4.8 E0.47895
G1 X30.2 Y-4.8 E0.47895
G1 X30.2 Y4.8 E0.47895
G1 X39.8 Y4.8 E0.47895
G0 F12000 X39.8 Y4
G0 X38.8 Y3.8
G1 F3600 E-1
;MESH:NONMESH
G0 F12000 X-30.96 Y-4.04
;TIME_ELAPSED:364.852654
;LAYER:45
;MESH:bridge.stl
G0 X-30.96 Y-4.04 Z13.8
;TYPE:FILL
G1 F3600 E1
G1 F9600 X-39.04 Y-4.04 E0.40311
G1 X-39.04 Y-1.928 E0.10537
G1 X-35.65 Y1.462 E0.23918
G1 X-34.96 Y4.041 E0.13319
G1 X-34.602 Y4.041 E0.01786
G1 X-35.317 Y1.372 E0.13785
G1 X-33.866 Y-4.04 E0.27954
G1 X-33.841 Y-4.136
G1 F3600 E-1
G0 F12000 X-33.841 Y-4.1
G0 X-30.87 Y4.13
G0 X-30.6 Y4.4
;TYPE:WALL-INNER
G1 F3600 E1
G1 F3000 X-30.6 Y-4.4 E0.43903
G1 X-39.4 Y-4.4 E0.43903
G1 X-39.4 Y4.4 E0.43903
G1 X-30.6 Y4.4 E0.43903
G0 F12000 X-30.2 Y4.8
;TYPE:WALL-OUTER
G1 F1200 X-30.2 Y-4.8 E0.47895
G1 X-39.8 Y-4.8 E0.47895
G1 X-39.8 Y4.8 E0.47895
G1 X-30.2 Y4.8 E0.47895
G0 F12000 X-30.2 Y4
G0 X-31.2 Y3.8
G1 F3600 E-1
G0 F12000 X30.96 Y0.19
;TYPE:FILL
G1 F3600 E1
G1 F9600 X34.81 Y4.04 E0.27164
G1 X38.508 Y4.04 E0.18449
G1 X39.04 Y2.058 E0.10238
G1 X39.039 Y-.358 E0.12053
G1 X30.96 Y1.806 E0.41727
G1 X30.96 Y-4.04 E0.29166
G1 X39.04 Y-4.04 E0.40311
G1 X39.14 Y-4.04
G1 F3600 E-1
G0 F12000 X39.1 Y-4.04
G0 X39.13 Y4.13
G0 X39.4 Y4.4
;TYPE:WALL-INNER
G1 F3600 E1
G1 F3000 X39.4 Y-4.4 E0.43903
G1 X30.6 Y-4.4 E0.43903
G1 X30.6 Y4.4 E0.43903
G1 X39.4 Y4.4 E0.43903
G0 F12000 X39.8 Y4.8
;TYPE:WALL-OUTER
G1 F1200 X39.8 Y-4.8 E0.47895
G1 X30.2 Y-4.8 E0.47895
G1 X30.2 Y4.8 E0.47895
G1 X39.8 Y4.8 E0.47895
G0 F12000 X39.8 Y4
G0 X38.8 Y3.8
G1 F3600 E-1
;MESH:NONMESH
G0 F12000 X-30.96 Y-4.04
;TIME_ELAPSED:372.322310
;LAYER:46
;MESH:bridge.stl
G0 X-30.96 Y-4.04 Z14.1
;TYPE:FILL
G1 F3600 E1
G1 F9600 X-38.068 Y-4.04 E0.35462
G1 X-38.167 Y-2.911 E0.05654
G1 X-38.227 Y-1.95 E0.04804
G1 X-38.247 Y-1.435 E0.02571
G1 X-35.76 Y1.052 E0.17547
G1 X-34.959 Y4.04 E0.15434
G1 X-34.602 Y4.04 E0.01781
G1 X-35.427 Y0.963 E0.15893
G1 X-34.086 Y-4.041 E0.25846
G1 X-34.061 Y-4.137
G1 F3600 E-1
G0 F12000 X-34.061 Y-4.1
G0 X-30.87 Y4.13
G0 X-30.6 Y4.4
;TYPE:WALL-INNER
G1 F3600 E1
G1 F3000 X-30.6 Y-4.4 E0.43903
G1 X-39.4 Y-4.4 E0.43903
G1 X-39.4 Y4.4 E0.43903
G1 X-30.6 Y4.4 E0.43903
G0 F12000 X-30.2 Y4.8
;TYPE:WALL-OUTER
G1 F1200 X-30.2 Y-4.8 E0.47895
G1 X-39.8 Y-4.8 E0.47895
G1 X-39.8 Y4.8 E0.47895
G1 X-30.2 Y4.8 E0.47895
G0 F12000 X-30.2 Y4
G1 F3600 E-1
G0 F12000 X-30.9 Y4
G0 X-39.013 Y0.987
;TYPE:SKIN
G1 F3600 E1
G1 F2318.8 X-38.607 Y0.979 E0.02097
G1 F2280.3 X-38.578 Y1.96 E0.05153
G1 F2162.2 X-38.533 Y2.934 E0.054
G1 F2016.8 X-38.46 Y3.974 E0.0619
G1 F1951.2 X-38.974 Y3.974 E0.03154
G1 F2082.4 X-39.006 Y1.979 E0.11472
G1 F2274.9 X-39.013 Y0.987 E0.05221
G0 F12000 X-38.607 Y-.979
G1 F2324.5 X-39.013 Y-.987 E0.02092
G1 F2285.7 X-39.006 Y-1.968 E0.05139
G1 F2087 X-38.974 Y-3.974 E0.11511
G1 F1955.2 X-38.46 Y-3.974 E0.03148
G1 F2021.1 X-38.533 Y-2.94 E0.06141
G1 F2162.2 X-38.578 Y-1.966 E0.054
G1 F2280.3 X-38.607 Y-.979 E0.05185
G1 F3600 E-1
G0 F12000 X30.96 Y-.11
;TYPE:FILL
G1 F3600 E1
G1 F9600 X35.111 Y4.04 E0.29284
G1 X38.068 Y4.04 E0.14753
G1 X38.167 Y2.911 E0.05654
G1 X38.227 Y1.95 E0.04804
G1 X38.278 Y0.628 E0.066
G1 X39.04 Y0.643 E0.03802
G1 X39.039 Y-.139 E0.03901
G1 X30.96 Y2.026 E0.41728
G1 X30.96 Y-4.04 E0.30263
G1 X38.067 Y-4.04 E0.35457
G1 X38.167 Y-4.04
G1 F3600 E-1
G0 F12000 X39.13 Y4.13
G0 X39.4 Y4.4
;TYPE:WALL-INNER
G1 F3600 E1
G1 F3000 X39.4 Y-4.4 E0.43903
G1 X30.6 Y-4.4 E0.43903
G1 X30.6 Y4.4 E0.43903
G1 X39.4 Y4.4 E0.43903
G0 F12000 X39.8 Y4.8
;TYPE:WALL-OUTER
G1 F1200 X39.8 Y-4.8 E0.47895
G1 X30.2 Y-4.8 E0.47895
G1 X30.2 Y4.8 E0.47895
G1 X39.8 Y4.8 E0.47895
G0 F12000 X39.8 Y4
G1 F3600 E-1
G0 F12000 X39.1 Y4
G0 X39.013 Y0.987
;TYPE:SKIN
G1 F3600 E1
G1 F2280.3 X39.006 Y1.968 E0.05151
G1 F2087 X38.974 Y3.974 E0.11511
G1 F1951.2 X38.46 Y3.974 E0.03154
G1 F2016.8 X38.533 Y2.94 E0.06154
G1 F2162.2 X38.578 Y1.966 E0.054
G1 F2280.3 X38.607 Y0.979 E0.05185
G1 F2318.8 X39.013 Y0.987 E0.02097
G0 F12000 X38.607 Y-.979
G1 F2280.3 X38.578 Y-1.98 E0.05258
G1 F2167 X38.533 Y-2.947 E0.05349
G1 F2021.1 X38.46 Y-3.974 E0.061
G1 F1951.2 X38.974 Y-3.974 E0.03154
G1 F2087 X39.006 Y-1.999 E0.11333
G1 F2280.3 X39.013 Y-.987 E0.05314
G1 F2318.8 X38.607 Y-.979 E0.02097
G1 F3600 E-1
;MESH:NONMESH
G0 F12000 X-30.96 Y-4.04
;TIME_ELAPSED:380.983161
;LAYER:47
;MESH:bridge.stl
G0 X-30.96 Y-4.04 Z14.4
;TYPE:FILL
G1 F3600 E1
G1 F9600 X-37.512 Y-4.04 E0.32688
G1 X-37.615 Y-2.907 E0.05676
G1 X-37.675 Y-1.946 E0.04804
G1 X-37.705 Y-1.193 E0.0376
G1 X-35.869 Y0.643 E0.12954
G1 X-34.959 Y4.04 E0.17545
G1 X-34.602 Y4.04 E0.01781
G1 X-35.536 Y0.553 E0.1801
G1 X-34.305 Y-4.041 E0.23728
G1 X-34.28 Y-4.137
G1 F3600 E-1
G0 F12000 X-34.28 Y-4.1
G0 X-30.87 Y4.13
G0 X-30.6 Y4.4
;TYPE:WALL-INNER
G1 F3600 E1
G1 F3000 X-30.6 Y-4.4 E0.43903
G1 X-39.4 Y-4.4 E0.43903
G1 X-39.4 Y4.4 E0.43903
G1 X-30.6 Y4.4 E0.43903
G0 F12000 X-30.2 Y4.8
;TYPE:WALL-OUTER
G1 F1200 X-30.2 Y-4.8 E0.47895
G1 X-39.8 Y-4.8 E0.47895
G1 X-39.8 Y4.8 E0.47895
G1 X-30.2 Y4.8 E0.47895
G0 F12000 X-30.2 Y4
G1 F3600 E-1
G0 F12000 X-30.9 Y4
G0 X-38.267 Y3.642
;TYPE:SKIN
G1 F3600 E1
G1 F2689.1 X-38.642 Y3.642 E0.0167
G1 F2900.3 X-38.667 Y1.979 E0.06866
G1 F3299 X-38.68 Y0.015 E0.07129
G1 F3428.6 X-38.676 Y-.999 E0.03541
G1 F3000 X-38.638 Y-3.638 E0.10534
G1 F2689.1 X-38.263 Y-3.638 E0.0167
G1 F2774.6 X-38.315 Y-2.964 E0.02917
G1 F3009.4 X-38.363 Y-1.982 E0.03912
G1 F3276.5 X-38.393 Y-1.002 E0.03583
G1 F3428.6 X-38.402 Y0.01 E0.03534
G1 X-38.393 Y0.986 E0.03409
G1 F3276.5 X-38.363 Y1.966 E0.03583
G1 F3018.9 X-38.319 Y2.946 E0.03891
G1 F2774.6 X-38.267 Y3.642 E0.03012
G0 F12000 X-37.855 Y4.02
G1 F2400 X-39.02 Y4.02 E0.05812
G1 X-39.019 Y-4.019 E0.40107
G1 X-37.852 Y-4.019 E0.05822
G1 X-37.952 Y-2.935 E0.05431
G1 X-38.012 Y-1.961 E0.04869
G1 X-38.052 Y-.989 E0.04853
G1 X-38.064 Y0.013 E0.04999
G1 X-38.052 Y0.983 E0.0484
G1 X-38.012 Y1.957 E0.04863
G1 X-37.952 Y2.929 E0.04859
G1 X-37.855 Y4.02 E0.05464
G0 F12000 X-37.855 Y3.8
G1 F3600 E-1
G0 F12000 X30.96 Y-.41
;TYPE:FILL
G1 F3600 E1
G1 F9600 X35.41 Y4.04 E0.31397
G1 X37.512 Y4.04 E0.10487
G1 X37.615 Y2.907 E0.05676
G1 X37.675 Y1.946 E0.04804
G1 X37.713 Y0.971 E0.04868
G1 X37.72 Y0.434 E0.02679
G1 X30.96 Y2.245 E0.34915
G1 X30.96 Y-4.04 E0.31356
G1 X37.512 Y-4.04 E0.32688
G1 X37.612 Y-4.04
G1 F3600 E-1
G0 F12000 X39.13 Y4.13
G0 X39.4 Y4.4
;TYPE:WALL-INNER
G1 F3600 E1
G1 F3000 X39.4 Y-4.4 E0.43903
G1 X30.6 Y-4.4 E0.43903
G1 X30.6 Y4.4 E0.43903
G1 X39.4 Y4.4 E0.43903
G0 F12000 X39.8 Y4.8
;TYPE:WALL-OUTER
G1 F1200 X39.8 Y-4.8 E0.47895
G1 X30.2 Y-4.8 E0.47895
G1 X30.2 Y4.8 E0.47895
G1 X39.8 Y4.8 E0.47895
G0 F12000 X39.8 Y4
G0 X39.1 Y4
G0 X37.851 Y4.02
;TYPE:SKIN
G1 F2400 X37.951 Y2.935 E0.05436
G1 X38.012 Y1.961 E0.04869
G1 X38.052 Y0.989 E0.04853
G1 X38.064 Y-0.013 E0.04999
G1 X38.052 Y-.999 E0.0492
G1 X38.012 Y-1.981 E0.04903
G1 X37.952 Y-2.941 E0.04799
G1 X37.855 Y-4.02 E0.05405
G1 X39.02 Y-4.02 E0.05812
G1 X39.02 Y4.02 E0.40112
G1 X37.851 Y4.02 E0.05832
G0 F12000 X38.641 Y3.641
G1 F2674.1 X38.264 Y3.641 E0.01688
G1 F2758.6 X38.316 Y2.964 E0.02947
G1 F3096.8 X38.394 Y1.003 E0.07588
G1 F3416.4 X38.403 Y-0.01 E0.0355
G1 X38.394 Y-1.002 E0.03477
G1 F3265.3 X38.364 Y-1.994 E0.03639
G1 F3000 X38.316 Y-2.963 E0.03872
G1 F2766.6 X38.267 Y-3.641 E0.02942
G1 F2681.6 X38.641 Y-3.641 E0.0167
G1 F2990.7 X38.678 Y-1.011 E0.10531
G1 F3380.3 X38.678 Y0.999 E0.0712
G1 F2981.4 X38.641 Y3.641 E0.10612
G1 F3600 E-1
;MESH:NONMESH
G0 F12000 X-30.96 Y-4.039
;TIME_ELAPSED:390.222807
;LAYER:48
;MESH:bridge.stl
G0 X-30.96 Y-4.039 Z14.7
;TYPE:FILL
G1 F3600 E1
G1 F9600 X-36.953 Y-4.037 E0.29899
G1 X-37.059 Y-2.89 E0.05747
G1 X-37.119 Y-1.949 E0.04704
G1 X-37.156 Y-.944 E0.05017
G1 X-35.979 Y0.233 E0.08304
G1 X-34.959 Y4.041 E0.19668
G1 X-34.601 Y4.041 E0.01786
G1 X-35.646 Y0.144 E0.20129
G1 X-34.525 Y-4.038 E0.21601
G1 X-34.5 Y-4.134
G1 F3600 E-1
G0 F12000 X-34.501 Y-4.099
G0 X-30.87 Y4.13
G0 X-30.6 Y4.4
;TYPE:WALL-INNER
G1 F3600 E1
G1 F3000 X-30.6 Y-4.399 E0.43898
G1 X-39.399 Y-4.396 E0.43898
G1 X-39.396 Y4.4 E0.43883
G1 X-30.6 Y4.4 E0.43883
G0 F12000 X-30.2 Y4.8
;TYPE:WALL-OUTER
G1 F1200 X-30.2 Y-4.799 E0.4789
G1 X-39.799 Y-4.796 E0.4789
G1 X-39.796 Y4.8 E0.47875
G1 X-30.2 Y4.8 E0.47875
G0 F12000 X-30.2 Y4
G1 F3600 E-1
G0 F12000 X-30.9 Y4
G0 X-37.299 Y4.02
;TYPE:SKIN
G1 F3600 E1
G1 F2400 X-39.016 Y4.02 E0.08566
G1 X-39.016 Y-4.016 E0.40092
G1 X-37.296 Y-4.016 E0.08581
G1 X-37.396 Y-2.923 E0.05476
G1 X-37.456 Y-1.965 E0.04789
G1 X-37.496 Y-.989 E0.04873
G1 X-37.508 Y0.013 E0.04999
G1 X-37.496 Y0.983 E0.0484
G1 X-37.456 Y1.957 E0.04863
G1 X-37.396 Y2.929 E0.04859
G1 X-37.299 Y4.02 E0.05464
G0 F12000 X-38.607 Y3.82
G1 F2400 X-38.816 Y3.61 E0.01478
G0 F12000 X-38.816 Y3.045
G1 F2400 X-38.041 Y3.82 E0.05468
G0 F12000 X-37.521 Y3.775
G1 F2400 X-38.816 Y2.479 E0.0914
G0 F12000 X-38.816 Y1.913
G1 F2400 X-37.577 Y3.152 E0.08742
G0 F12000 X-37.62 Y2.543
G1 F2400 X-38.816 Y1.348 E0.08435
G0 F12000 X-38.816 Y0.782
G1 F2400 X-37.656 Y1.942 E0.08184
G0 F12000 X-37.681 Y1.351
G1 F2400 X-38.816 Y0.216 E0.08008
G0 F12000 X-38.816 Y-.349
G1 F2400 X-37.699 Y0.768 E0.07881
G0 F12000 X-37.705 Y0.196
G1 F2400 X-38.816 Y-.915 E0.07839
G0 F12000 X-38.816 Y-1.481
G1 F2400 X-37.703 Y-.368 E0.07853
G0 F12000 X-37.697 Y-.927
G1 F2400 X-38.816 Y-2.046 E0.07895
G0 F12000 X-38.816 Y-2.612
G1 F2400 X-37.676 Y-1.472 E0.08043
G0 F12000 X-37.653 Y-2.015
G1 F2400 X-38.816 Y-3.178 E0.08206
G0 F12000 X-38.816 Y-3.743
G1 F2400 X-37.619 Y-2.547 E0.08442
G0 F12000 X-37.583 Y-3.076
G1 F2400 X-38.322 Y-3.816 E0.05218
G0 F12000 X-37.757 Y-3.816
G1 F2400 X-37.535 Y-3.594 E0.01566
G1 F3600 E-1
G0 F12000 X30.96 Y-.71
;TYPE:FILL
G1 F3600 E1
G1 F9600 X35.707 Y4.037 E0.33493
G1 X36.953 Y4.037 E0.06216
G1 X37.059 Y2.89 E0.05747
G1 X37.119 Y1.949 E0.04704
G1 X37.157 Y0.804 E0.05716
G1 X30.961 Y2.465 E0.32003
G1 X30.96 Y-4.04 E0.32454
G1 X36.953 Y-4.04 E0.29899
G1 X37.053 Y-4.04
G1 F3600 E-1
G0 F12000 X39.13 Y4.129
G0 X39.399 Y4.396
;TYPE:WALL-INNER
G1 F3600 E1
G1 F3000 X39.396 Y-4.4 E0.43883
G1 X30.6 Y-4.4 E0.43883
G1 X30.6 Y4.399 E0.43898
G1 X39.399 Y4.396 E0.43898
G0 F12000 X39.799 Y4.796
;TYPE:WALL-OUTER
G1 F1200 X39.796 Y-4.8 E0.47875
G1 X30.2 Y-4.8 E0.47875
G1 X30.2 Y4.799 E0.4789
G1 X39.799 Y4.796 E0.4789
G0 F12000 X39.799 Y3.996
G0 X39.099 Y3.996
G0 X37.296 Y4.016
;TYPE:SKIN
G1 F2400 X37.396 Y2.923 E0.05476
G1 X37.456 Y1.965 E0.04789
G1 X37.496 Y0.989 E0.04873
G1 X37.508 Y-0.013 E0.04999
G1 X37.496 Y-.999 E0.0492
G1 X37.456 Y-1.981 E0.04903
G1 X37.392 Y-2.946 E0.04825
G1 X37.299 Y-4.02 E0.05378
G1 X39.016 Y-4.02 E0.08566
G1 X39.016 Y4.016 E0.40092
G1 X37.296 Y4.016 E0.08581
G0 F12000 X37.535 Y3.594
G1 F2400 X37.757 Y3.816 E0.01566
G0 F12000 X38.322 Y3.816
G1 F2400 X37.582 Y3.075 E0.05225
G0 F12000 X37.619 Y2.547
G1 F2400 X38.816 Y3.743 E0.08442
G0 F12000 X38.816 Y3.178
G1 F2400 X37.653 Y2.015 E0.08206
G0 F12000 X37.676 Y1.472
G1 F2400 X38.816 Y2.612 E0.08043
G0 F12000 X38.816 Y2.046
G1 F2400 X37.697 Y0.927 E0.07895
G0 F12000 X37.703 Y0.368
G1 F2400 X38.816 Y1.481 E0.07853
G0 F12000 X38.816 Y0.915
G1 F2400 X37.705 Y-.196 E0.07839
G0 F12000 X37.699 Y-.768
G1 F2400 X38.816 Y0.349 E0.07881
G0 F12000 X38.816 Y-.216
G1 F2400 X37.681 Y-1.351 E0.08008
G0 F12000 X37.657 Y-1.941
G1 F2400 X38.816 Y-.782 E0.08177
G0 F12000 X38.816 Y-1.348
G1 F2400 X37.619 Y-2.545 E0.08445
G0 F12000 X37.575 Y-3.154
G1 F2400 X38.816 Y-1.913 E0.08756
G0 F12000 X38.816 Y-2.479
G1 F2400 X37.521 Y-3.775 E0.0914
G0 F12000 X38.041 Y-3.82
G1 F2400 X38.816 Y-3.045 E0.05468
G0 F12000 X38.816 Y-3.61
G1 F2400 X38.607 Y-3.82 E0.01478
G0 F12000 X38.607 Y-3.8
G1 F3600 E-1
;MESH:NONMESH
G0 F12000 X-30.8 Y-4.04
;TIME_ELAPSED:400.700533
;LAYER:49
;MESH:bridge.stl
G0 X-30.8 Y-4.04 Z15
;TYPE:FILL
G1 F3600 E1
G1 F9600 X-36.381 Y-4.037 E0.27844
G1 X-36.486 Y-2.906 E0.05667
G1 X-36.548 Y-1.946 E0.04799
G1 X-36.593 Y-.68 E0.0632
G1 X-31.873 Y4.04 E0.33302
G1 X-36.381 Y4.04 E0.22491
G1 X-36.517 Y2.575 E0.0734
G1 X-34.745 Y-4.038 E0.34156
G1 X-34.72 Y-4.134
G1 F3600 E-1
G0 F12000 X-34.721 Y-4.099
G0 X-30.696 Y4.135
G0 X-30.396 Y4.4
;TYPE:WALL-INNER
G1 F3600 E1
G1 F3000 X-30.596 Y2.749 E0.08297
G1 X-30.596 Y-2.736 E0.27365
G1 X-30.396 Y-4.4 E0.08361
G1 X-38.934 Y-4.396 E0.42596
G1 X-39.062 Y-2.933 E0.07327
G1 X-39.124 Y-1.966 E0.04834
G1 X-39.16 Y-.98 E0.04922
G1 X-39.176 Y0.00 E0.0489
G1 X-39.159 Y1.013 E0.05055
G1 X-39.123 Y2 E0.04927
G1 X-39.06 Y2.968 E0.0484
G1 X-38.933 Y4.4 E0.07172
G1 X-30.396 Y4.4 E0.42591
G0 F12000 X-29.921 Y4.8
;TYPE:WALL-OUTER
G1 F1200 X-30.039 Y4.021 E0.03931
G1 X-30.199 Y2.701 E0.06634
G1 X-30.199 Y-2.688 E0.26886
G1 X-30.038 Y-4.027 E0.06728
G1 X-29.921 Y-4.8 E0.039
G1 X-39.277 Y-4.796 E0.46677
G1 X-39.373 Y-3.975 E0.04124
G1 X-39.461 Y-2.959 E0.05088
G1 X-39.524 Y-1.986 E0.04864
G1 X-39.56 Y-.99 E0.04972
G1 X-39.576 Y0.00 E0.0494
G1 X-39.559 Y1.027 E0.05124
G1 X-39.522 Y2.026 E0.04987
G1 X-39.458 Y3.003 E0.04885
G1 X-39.372 Y3.987 E0.04928
G1 X-39.277 Y4.8 E0.04084
G1 X-29.921 Y4.8 E0.46677
G0 F12000 X-30.039 Y4.021
G0 X-30.04 Y4.01
G1 F3600 E-1
G0 F12000 X-30.734 Y4.121
G0 X-36.723 Y4.02
;TYPE:SKIN
G1 F3600 E1
G1 F2400 X-38.585 Y4.02 E0.0929
G1 X-38.679 Y2.948 E0.05369
G1 X-38.74 Y1.984 E0.04819
G1 X-38.774 Y1.058 E0.04623
G1 X-38.796 Y0.001 E0.05275
G1 X-38.779 Y-.957 E0.0478
G1 X-38.744 Y-1.93 E0.04857
G1 X-38.68 Y-2.916 E0.0493
G1 X-38.577 Y-4.015 E0.05507
G1 X-36.724 Y-4.015 E0.09245
G1 X-36.824 Y-2.935 E0.05411
G1 X-36.888 Y-1.962 E0.04865
G1 X-36.928 Y-.989 E0.04858
G1 X-36.94 Y0.01 E0.04984
G1 X-36.928 Y0.962 E0.0475
G1 X-36.888 Y1.957 E0.04968
G1 X-36.824 Y2.93 E0.04865
G1 X-36.723 Y4.02 E0.05461
G0 F12000 X-36.964 Y3.589
G1 F2400 X-37.195 Y3.82 E0.0163
G0 F12000 X-37.761 Y3.82
G1 F2400 X-37.013 Y3.072 E0.05278
G0 F12000 X-37.051 Y2.544
G1 F2400 X-38.327 Y3.82 E0.09003
G0 F12000 X-38.441 Y3.369
G1 F2400 X-37.086 Y2.013 E0.09564
G0 F12000 X-37.108 Y1.47
G1 F2400 X-38.485 Y2.847 E0.09715
G0 F12000 X-38.519 Y2.315
G1 F2400 X-37.129 Y0.925 E0.09807
G0 F12000 X-37.136 Y0.366
G1 F2400 X-38.547 Y1.778 E0.09959
G0 F12000 X-38.567 Y1.232
G1 F2400 X-37.138 Y-.197 E0.10082
G0 F12000 X-37.131 Y-.77
G1 F2400 X-38.581 Y0.68 E0.10231
G0 F12000 X-38.593 Y0.127
G1 F2400 X-37.113 Y-1.353 E0.10442
G0 F12000 X-37.09 Y-1.942
G1 F2400 X-38.588 Y-.445 E0.10566
G0 F12000 X-38.576 Y-1.022
G1 F2400 X-37.05 Y-2.548 E0.10767
G0 F12000 X-37.004 Y-3.16
G1 F2400 X-38.555 Y-1.609 E0.10943
G0 F12000 X-38.525 Y-2.204
G1 F2400 X-36.946 Y-3.783 E0.11141
G0 F12000 X-37.48 Y-3.815
G1 F2400 X-38.486 Y-2.809 E0.07098
G0 F12000 X-38.431 Y-3.43
G1 F2400 X-38.046 Y-3.815 E0.02716
G0 F12000 X-38.047 Y-3.799
G1 F3600 E-1
G0 F12000 X30.955 Y-1.015
;TYPE:FILL
G1 F3600 E1
G1 F9600 X36.007 Y4.037 E0.35645
G1 X36.381 Y4.037 E0.01866
G1 X36.486 Y2.906 E0.05667
G1 X36.548 Y1.946 E0.04799
G1 X36.579 Y1.179 E0.0383
G1 X30.956 Y2.686 E0.29043
G1 X30.955 Y-2.779 E0.27265
G1 X30.8 Y-4.04 E0.06339
G1 X36.381 Y-4.04 E0.27844
G1 X36.481 Y-4.04
G1 F3600 E-1
G0 F12000 X30.696 Y4.135
G0 X30.396 Y4.4
;TYPE:WALL-INNER
G1 F3600 E1
G1 F3000 X38.934 Y4.396 E0.42596
G1 X39.062 Y2.933 E0.07327
G1 X39.124 Y1.965 E0.04839
G1 X39.16 Y0.98 E0.04917
G1 X39.175 Y-0.068 E0.05229
G1 X39.159 Y-1.017 E0.04735
G1 X39.123 Y-2.004 E0.04927
G1 X39.06 Y-2.971 E0.04835
G1 X38.934 Y-4.4 E0.07157
G1 X30.396 Y-4.4 E0.42596
G1 X30.596 Y-2.748 E0.08302
G1 X30.596 Y2.736 E0.2736
G1 X30.396 Y4.4 E0.08361
G0 F12000 X29.921 Y4.8
;TYPE:WALL-OUTER
G1 F1200 X39.277 Y4.796 E0.46677
G1 X39.373 Y3.964 E0.04178
G1 X39.461 Y2.959 E0.05033
G1 X39.524 Y1.985 E0.04869
G1 X39.56 Y0.99 E0.04967
G1 X39.575 Y0.00 E0.0494
G1 X39.559 Y-1.031 E0.05144
G1 X39.522 Y-2.029 E0.04982
G1 X39.458 Y-3.006 E0.04885
G1 X39.372 Y-3.991 E0.04933
G1 X39.277 Y-4.8 E0.04064
G1 X29.921 Y-4.8 E0.46677
G1 X30.039 Y-4.024 E0.03916
G1 X30.199 Y-2.7 E0.06654
G1 X30.199 Y2.688 E0.26881
G1 X30.038 Y4.027 E0.06728
G1 X29.921 Y4.8 E0.039
G0 F12000 X30.721 Y4.8
G1 F3600 E-1
G0 F12000 X30.721 Y4.099
G0 X36.724 Y4.016
;TYPE:SKIN
G1 F3600 E1
G1 F2400 X36.824 Y2.935 E0.05416
G1 X36.888 Y1.962 E0.04865
G1 X36.928 Y0.989 E0.04858
G1 X36.941 Y-0.013 E0.04999
G1 X36.928 Y-.999 E0.0492
G1 X36.888 Y-1.981 E0.04903
G1 X36.824 Y-2.946 E0.04825
G1 X36.724 Y-4.02 E0.05381
G1 X38.584 Y-4.02 E0.0928
G1 X38.679 Y-2.934 E0.05439
G1 X38.74 Y-1.993 E0.04705
G1 X38.774 Y-1.074 E0.04588
G1 X38.791 Y-0.076 E0.0498
G1 X38.78 Y0.955 E0.05144
G1 X38.744 Y1.899 E0.04713
G1 X38.681 Y2.904 E0.05024
G1 X38.577 Y4.016 E0.05572
G1 X36.724 Y4.016 E0.09245
G0 F12000 X38.044 Y3.816
G1 F2400 X38.431 Y3.43 E0.02727
G0 F12000 X38.486 Y2.809
G1 F2400 X37.479 Y3.816 E0.07105
G0 F12000 X36.946 Y3.783
G1 F2400 X38.524 Y2.205 E0.11134
G0 F12000 X38.555 Y1.609
G1 F2400 X37.004 Y3.16 E0.10943
G0 F12000 X37.05 Y2.548
G1 F2400 X38.577 Y1.021 E0.10774
G0 F12000 X38.585 Y0.448
G1 F2400 X37.088 Y1.944 E0.10559
G0 F12000 X37.113 Y1.353
G1 F2400 X38.59 Y-.123 E0.10418
G0 F12000 X38.58 Y-.679
G1 F2400 X37.131 Y0.77 E0.10223
G0 F12000 X37.139 Y0.197
G1 F2400 X38.568 Y-1.232 E0.10082
G0 F12000 X38.547 Y-1.778
G1 F2400 X37.137 Y-.367 E0.09952
G0 F12000 X37.129 Y-.926
G1 F2400 X38.518 Y-2.314 E0.09797
G0 F12000 X38.484 Y-2.846
G1 F2400 X37.11 Y-1.471 E0.09698
G0 F12000 X37.087 Y-2.015
G1 F2400 X38.44 Y-3.368 E0.09546
G0 F12000 X38.327 Y-3.82
G1 F2400 X37.052 Y-2.545 E0.08996
G0 F12000 X37.014 Y-3.073
G1 F2400 X37.762 Y-3.82 E0.05274
G0 F12000 X37.196 Y-3.82
G1 F2400 X36.966 Y-3.591 E0.01619
G1 F3600 E-1
;MESH:NONMESH
G0 F12000 X-30.96 Y-4.04
;TIME_ELAPSED:411.510319
;LAYER:50
;MESH:bridge.stl
G0 X-30.96 Y-4.04 Z15.3
;TYPE:FILL
G1 F3600 E1
G1 F9600 X-35.801 Y-4.04 E0.24152
G1 X-35.91 Y-2.922 E0.05604
G1 X-35.971 Y-2.013 E0.04545
G1 X-36.016 Y-.993 E0.05094
G1 X-36.024 Y-.412 E0.02899
G1 X-31.572 Y4.04 E0.31411
G1 X-35.801 Y4.04 E0.21099
G1 X-35.912 Y2.901 E0.05709
G1 X-35.978 Y1.885 E0.0508
G1 X-36.017 Y0.95 E0.04669
G1 X-36.029 Y-0.066 E0.05069
G1 X-34.964 Y-4.04 E0.20526
G1 X-34.939 Y-4.136
G1 F3600 E-1
G0 F12000 X-34.939 Y-4.1
G0 X-38.138 Y-4.126
G0 X-38.381 Y-4.4
;TYPE:WALL-INNER
G1 F3600 E1
G1 F3000 X-38.439 Y-3.892 E0.02551
G1 X-38.522 Y-2.934 E0.04797
G1 X-38.584 Y-1.966 E0.04839
G1 X-38.62 Y-.981 E0.04917
G1 X-38.632 Y0.00 E0.04895
G1 X-38.619 Y1.021 E0.05094
G1 X-38.583 Y2 E0.04888
G1 X-38.52 Y2.968 E0.0484
G1 X-38.393 Y4.4 E0.07172
G1 X-29.982 Y4.4 E0.41963
G1 X-29.66 Y4.4 E0.01606
G1 X-29.827 Y3 E0.07034
G1 X-29.904 Y2.028 E0.04865
G1 X-29.956 Y1.028 E0.04996
G1 X-29.972 Y-0.01 E0.05179
G1 X-29.956 Y-1.028 E0.05079
G1 X-29.904 Y-2.028 E0.04996
G1 X-29.821 Y-3.021 E0.04971
G1 X-29.662 Y-4.4 E0.06925
G1 X-29.983 Y-4.4 E0.01601
G1 X-38.381 Y-4.4 E0.41898
G0 F12000 X-38.737 Y-4.8
;TYPE:WALL-OUTER
G1 F1200 X-38.837 Y-3.927 E0.04384
G1 X-38.921 Y-2.96 E0.04843
G1 X-38.984 Y-1.986 E0.04869
G1 X-39.02 Y-.991 E0.04967
G1 X-39.032 Y0.00 E0.04944
G1 X-39.019 Y1.035 E0.05164
G1 X-38.982 Y2.026 E0.04948
G1 X-38.918 Y3.003 E0.04885
G1 X-38.832 Y3.987 E0.04928
G1 X-38.737 Y4.8 E0.04084
G1 X-29.922 Y4.8 E0.43978
G1 X-29.182 Y4.8 E0.03692
G1 X-29.303 Y4.02 E0.03938
G1 X-29.428 Y2.968 E0.05285
G1 X-29.504 Y2.007 E0.04809
G1 X-29.556 Y1 E0.05031
G1 X-29.572 Y-0.004 E0.0501
G1 X-29.556 Y-1.007 E0.05005
G1 X-29.504 Y-2.013 E0.05026
G1 X-29.423 Y-2.975 E0.04816
G1 X-29.302 Y-4.027 E0.05283
G1 X-29.182 Y-4.8 E0.03903
G1 X-29.922 Y-4.8 E0.03692
G1 X-38.737 Y-4.8 E0.43978
G0 F12000 X-38.828 Y-4.006
G1 F3600 E-1
G0 F12000 X-38.137 Y-3.925
G0 X-36.144 Y4.02
;TYPE:SKIN
G1 F3600 E1
G1 F2400 X-38.044 Y4.02 E0.09479
G1 X-38.139 Y2.947 E0.05374
G1 X-38.198 Y2.015 E0.04659
G1 X-38.235 Y1.038 E0.04878
G1 X-38.252 Y0.012 E0.05119
G1 X-38.24 Y-.956 E0.0483
G1 X-38.204 Y-1.929 E0.04858
G1 X-38.138 Y-2.931 E0.0501
G1 X-38.048 Y-4.02 E0.05452
G1 X-36.145 Y-4.02 E0.09494
G1 X-36.245 Y-2.987 E0.05178
G1 X-36.312 Y-2.031 E0.04781
G1 X-36.356 Y-1.013 E0.05084
G1 X-36.368 Y0.001 E0.05059
G1 X-36.356 Y0.959 E0.0478
G1 X-36.316 Y1.888 E0.04639
G1 X-36.248 Y2.926 E0.0519
G1 X-36.144 Y4.02 E0.05483
G0 F12000 X-37.475 Y3.82
G1 F2400 X-37.899 Y3.396 E0.02992
G0 F12000 X-37.95 Y2.78
G1 F2400 X-36.91 Y3.82 E0.07338
G0 F12000 X-36.365 Y3.799
G1 F2400 X-37.987 Y2.176 E0.11448
G0 F12000 X-38.014 Y1.584
G1 F2400 X-36.425 Y3.173 E0.11211
G0 F12000 X-36.472 Y2.56
G1 F2400 X-38.036 Y0.996 E0.11035
G0 F12000 X-38.045 Y0.421
G1 F2400 X-36.511 Y1.955 E0.10823
G0 F12000 X-36.538 Y1.363
G1 F2400 X-38.05 Y-.149 E0.10668
G0 F12000 X-38.043 Y-.708
G1 F2400 X-36.558 Y0.777 E0.10477
G0 F12000 X-36.565 Y0.204
G1 F2400 X-38.029 Y-1.259 E0.10326
G0 F12000 X-38.009 Y-1.805
G1 F2400 X-36.564 Y-.36 E0.10195
G0 F12000 X-36.557 Y-.919
G1 F2400 X-37.978 Y-2.34 E0.10026
G0 F12000 X-37.943 Y-2.871
G1 F2400 X-36.536 Y-1.464 E0.09927
G0 F12000 X-36.512 Y-2.005
G1 F2400 X-37.9 Y-3.393 E0.09793
G0 F12000 X-37.761 Y-3.82
G1 F2400 X-36.476 Y-2.535 E0.09066
G0 F12000 X-36.439 Y-3.063
G1 F2400 X-37.195 Y-3.82 E0.05338
G0 F12000 X-36.63 Y-3.82
G1 F2400 X-36.388 Y-3.579 E0.01704
G1 F3600 E-1
G0 F12000 X-30.236 Y-2.6
G1 F3600 E1
G1 F2388.1 X-30.619 Y-2.622 E0.01924
G1 F2248.2 X-30.593 Y-3.993 E0.07303
G1 F2181.8 X-30.122 Y-3.993 E0.02585
G1 F2318.8 X-30.236 Y-2.6 E0.07217
G1 F3600 E-1
G0 F12000 X-30.122 Y3.995
G1 F3600 E1
G1 F2186.8 X-30.595 Y3.995 E0.0259
G1 F2258.8 X-30.621 Y2.645 E0.07157
G1 F2364.5 X-30.246 Y2.623 E0.01902
G1 F2285.7 X-30.122 Y3.995 E0.07216
G0 F12000 X-30.332 Y3.823
G1 F3600 E-1
G0 F12000 X-30.335 Y3.799
G0 X30.264 Y-2.005
;TYPE:FILL
G1 F3600 E1
G1 F9600 X35.847 Y3.577 E0.39388
G1 X35.91 Y2.921 E0.03288
G1 X36.002 Y1.553 E0.0684
G1 X30.961 Y2.904 E0.26037
G1 X30.96 Y2.301 E0.03008
G1 X30.252 Y2.26 E0.03538
G1 X30.315 Y1.05 E0.06045
G1 X30.333 Y-0.008 E0.05279
G1 X30.316 Y-1.026 E0.0508
G1 X30.25 Y-2.284 E0.06285
G1 X30.96 Y-2.327 E0.03549
G1 X30.96 Y-4.04 E0.08546
G1 X35.802 Y-4.04 E0.24157
G1 X35.902 Y-4.04
G1 F3600 E-1
G0 F12000 X38.138 Y4.126
G0 X38.381 Y4.4
;TYPE:WALL-INNER
G1 F3600 E1
G1 F3000 X38.439 Y3.892 E0.02551
G1 X38.522 Y2.934 E0.04797
G1 X38.584 Y1.966 E0.04839
G1 X38.62 Y0.981 E0.04917
G1 X38.631 Y-.121 E0.05498
G1 X38.619 Y-1.026 E0.04515
G1 X38.583 Y-2.004 E0.04883
G1 X38.52 Y-2.971 E0.04835
G1 X38.394 Y-4.4 E0.07157
G1 X29.982 Y-4.4 E0.41968
G1 X29.662 Y-4.4 E0.01596
G1 X29.827 Y-3 E0.07033
G1 X29.904 Y-2.032 E0.04845
G1 X29.956 Y-1.032 E0.04996
G1 X29.973 Y0.00 E0.05149
G1 X29.956 Y1.028 E0.05129
G1 X29.904 Y2.028 E0.04996
G1 X29.821 Y3.021 E0.04971
G1 X29.662 Y4.4 E0.06925
G1 X29.983 Y4.4 E0.01601
G1 X38.381 Y4.4 E0.41898
G0 F12000 X38.737 Y4.8
;TYPE:WALL-OUTER
G1 F1200 X38.837 Y3.927 E0.04384
G1 X38.921 Y2.96 E0.04843
G1 X38.984 Y1.986 E0.04869
G1 X39.02 Y0.991 E0.04967
G1 X39.031 Y-.126 E0.05573
G1 X39.019 Y-1.04 E0.0456
G1 X38.982 Y-2.029 E0.04938
G1 X38.918 Y-3.006 E0.04885
G1 X38.832 Y-3.991 E0.04933
G1 X38.737 Y-4.8 E0.04064
G1 X29.922 Y-4.8 E0.43978
G1 X29.182 Y-4.8 E0.03692
G1 X29.303 Y-4.024 E0.03918
G1 X29.428 Y-2.968 E0.05305
G1 X29.504 Y-2.011 E0.0479
G1 X29.556 Y-1.004 E0.05031
G1 X29.573 Y0.00 E0.0501
G1 X29.556 Y1.007 E0.05025
G1 X29.504 Y2.013 E0.05026
G1 X29.423 Y2.975 E0.04816
G1 X29.302 Y4.027 E0.05283
G1 X29.182 Y4.8 E0.03903
G1 X29.922 Y4.8 E0.03692
G1 X38.737 Y4.8 E0.43978
G0 F12000 X38.828 Y4.006
G0 X38.137 Y3.925
G0 X36.145 Y4.019
;TYPE:SKIN
G1 F2400 X36.245 Y2.987 E0.05173
G1 X36.312 Y2.031 E0.04781
G1 X36.356 Y1.013 E0.05084
G1 X36.369 Y-0.007 E0.05089
G1 X36.356 Y-.975 E0.0483
G1 X36.316 Y-1.917 E0.04704
G1 X36.247 Y-2.97 E0.05265
G1 X36.145 Y-4.02 E0.05263
G1 X38.044 Y-4.02 E0.09474
G1 X38.139 Y-2.934 E0.05439
G1 X38.2 Y-1.993 E0.04705
G1 X38.235 Y-1.054 E0.04688
G1 X38.247 Y-.125 E0.04635
G1 X38.24 Y0.954 E0.05383
G1 X38.204 Y1.929 E0.04868
G1 X38.138 Y2.927 E0.0499
G1 X38.047 Y4.019 E0.05467
G1 X36.145 Y4.019 E0.09489
G0 F12000 X36.388 Y3.579
G1 F2400 X36.629 Y3.819 E0.01697
G0 F12000 X37.195 Y3.819
G1 F2400 X36.438 Y3.062 E0.05341
G0 F12000 X36.478 Y2.536
G1 F2400 X37.76 Y3.819 E0.09049
G0 F12000 X37.9 Y3.393
G1 F2400 X36.514 Y2.007 E0.09779
G0 F12000 X36.537 Y1.464
G1 F2400 X37.943 Y2.871 E0.09924
G0 F12000 X37.977 Y2.339
G1 F2400 X36.557 Y0.919 E0.10019
G0 F12000 X36.564 Y0.361
G1 F2400 X38.008 Y1.805 E0.10188
G0 F12000 X38.028 Y1.259
G1 F2400 X36.567 Y-.203 E0.10312
G0 F12000 X36.558 Y-.777
G1 F2400 X38.042 Y0.706 E0.10467
G0 F12000 X38.045 Y0.144
G1 F2400 X36.54 Y-1.361 E0.10619
G0 F12000 X36.514 Y-1.952
G1 F2400 X38.043 Y-.424 E0.10784
G0 F12000 X38.035 Y-.998
G1 F2400 X36.475 Y-2.558 E0.11007
G0 F12000 X36.429 Y-3.169
G1 F2400 X38.014 Y-1.584 E0.11183
G0 F12000 X37.988 Y-2.176
G1 F2400 X36.367 Y-3.796 E0.11434
G0 F12000 X36.91 Y-3.82
G1 F2400 X37.949 Y-2.78 E0.07334
G0 F12000 X37.899 Y-3.396
G1 F2400 X37.475 Y-3.82 E0.02992
G1 F3600 E-1
G0 F12000 X30.122 Y3.994
G1 F3600 E1
G1 F2318.8 X30.236 Y2.599 E0.07227
G1 F2394 X30.62 Y2.622 E0.01924
G1 F2248.2 X30.594 Y3.994 E0.07308
G1 F2181.8 X30.122 Y3.994 E0.0259
G1 F3600 E-1
G0 F12000 X30.246 Y-2.623
G1 F3600 E1
G1 F2285.7 X30.122 Y-3.995 E0.07216
G1 F2181.8 X30.595 Y-3.995 E0.02596
G1 F2258.8 X30.621 Y-2.645 E0.07157
G1 F2364.5 X30.246 Y-2.623 E0.01902
G0 F12000 X30.455 Y-2.639
G1 F3600 E-1
;MESH:NONMESH
G0 F12000 X30.455 Y-2.637
G0 X-30.96 Y-4.04
;TIME_ELAPSED:423.305185
;LAYER:51
;MESH:bridge.stl
G0 X-30.96 Y-4.04 Z15.6
;TYPE:FILL
G1 F3600 E1
G1 F9600 X-35.035 Y-4.04 E0.2033
G1 X-35.218 Y-3.991 E0.00945
G1 X-35.32 Y-2.924 E0.05348
G1 X-35.385 Y-1.944 E0.049
G1 X-35.426 Y-.97 E0.04864
G1 X-35.44 Y0.026 E0.0497
G1 X-35.426 Y0.971 E0.04715
G1 X-35.385 Y1.945 E0.04864
G1 X-35.32 Y2.923 E0.0489
G1 X-35.213 Y4.04 E0.05598
G1 X-31.273 Y4.04 E0.19657
G1 X-35.438 Y-.125 E0.29386
G1 X-35.508 Y-.195
G1 F3600 E-1
G0 F12000 X-37.583 Y-4.126
G0 X-37.836 Y-4.4
;TYPE:WALL-INNER
G1 F3600 E1
G1 F3000 X-37.97 Y-2.928 E0.07374
G1 X-38.033 Y-1.934 E0.04969
G1 X-38.072 Y-.98 E0.04764
G1 X-38.084 Y0.052 E0.05149
G1 X-38.072 Y0.98 E0.0463
G1 X-38.031 Y1.993 E0.05058
G1 X-37.968 Y2.97 E0.04884
G1 X-37.835 Y4.4 E0.07165
G1 X-29.243 Y4.401 E0.42866
G1 X-28.896 Y4.401 E0.01731
G1 X-29.066 Y3.003 E0.07026
G1 X-29.148 Y2.028 E0.04881
G1 X-29.2 Y1.009 E0.0509
G1 X-29.22 Y-0.012 E0.05095
G1 X-29.2 Y-1.028 E0.0507
G1 X-29.146 Y-2.049 E0.05101
G1 X-29.06 Y-3.023 E0.04878
G1 X-28.896 Y-4.4 E0.06918
G1 X-29.243 Y-4.4 E0.01731
G1 X-37.836 Y-4.4 E0.42871
G0 F12000 X-38.181 Y-4.8
;TYPE:WALL-OUTER
G1 F1200 X-38.277 Y-3.975 E0.04144
G1 X-38.368 Y-2.98 E0.04985
G1 X-38.432 Y-1.985 E0.04974
G1 X-38.472 Y-.99 E0.04968
G1 X-38.484 Y0.057 E0.05224
G1 X-38.472 Y0.99 E0.04655
G1 X-38.43 Y2.019 E0.05138
G1 X-38.366 Y3.006 E0.04935
G1 X-38.276 Y3.984 E0.049
G1 X-38.181 Y4.8 E0.04099
G1 X-29.181 Y4.8 E0.44901
G1 X-28.415 Y4.8 E0.03822
G1 X-28.539 Y4.021 E0.03935
G1 X-28.668 Y2.969 E0.05288
G1 X-28.748 Y2.007 E0.04816
G1 X-28.8 Y1.001 E0.05026
G1 X-28.82 Y-0.004 E0.05015
G1 X-28.8 Y-1.007 E0.05005
G1 X-28.748 Y-2.014 E0.05031
G1 X-28.663 Y-2.976 E0.04818
G1 X-28.538 Y-4.028 E0.05285
G1 X-28.415 Y-4.8 E0.039
G1 X-29.181 Y-4.8 E0.03822
G1 X-38.181 Y-4.8 E0.44901
G0 F12000 X-38.273 Y-4.006
G1 F3600 E-1
G0 F12000 X-37.583 Y-3.922
G0 X-35.556 Y4.02
;TYPE:SKIN
G1 F3600 E1
G1 F2400 X-37.482 Y4.02 E0.09609
G1 X-37.588 Y2.951 E0.05359
G1 X-37.648 Y1.976 E0.04873
G1 X-37.692 Y0.979 E0.04979
G1 X-37.704 Y0.051 E0.0463
G1 X-37.692 Y-.952 E0.05004
G1 X-37.652 Y-1.903 E0.04749
G1 X-37.589 Y-2.883 E0.04899
G1 X-37.481 Y-4.019 E0.05693
G1 X-35.556 Y-4.019 E0.09604
G1 X-35.655 Y-2.97 E0.05257
G1 X-35.724 Y-1.958 E0.05061
G1 X-35.764 Y-.989 E0.04838
G1 X-35.78 Y0.012 E0.04995
G1 X-35.764 Y0.984 E0.0485
G1 X-35.724 Y1.953 E0.04838
G1 X-35.656 Y2.95 E0.04986
G1 X-35.556 Y4.02 E0.05362
G0 F12000 X-35.8 Y3.556
G1 F2400 X-36.064 Y3.82 E0.01863
G0 F12000 X-36.63 Y3.82
G1 F2400 X-35.848 Y3.038 E0.05517
G0 F12000 X-35.886 Y2.511
G1 F2400 X-37.195 Y3.82 E0.09236
G0 F12000 X-37.342 Y3.401
G1 F2400 X-35.923 Y1.982 E0.10012
G0 F12000 X-35.946 Y1.439
G1 F2400 X-37.392 Y2.885 E0.10202
G0 F12000 X-37.424 Y2.351
G1 F2400 X-35.966 Y0.893 E0.10287
G0 F12000 X-35.975 Y0.337
G1 F2400 X-37.454 Y1.816 E0.10435
G0 F12000 X-37.477 Y1.273
G1 F2400 X-35.976 Y-.228 E0.1059
G0 F12000 X-35.967 Y-.803
G1 F2400 X-37.494 Y0.725 E0.10777
G0 F12000 X-37.502 Y0.167
G1 F2400 X-35.948 Y-1.387 E0.10964
G0 F12000 X-35.923 Y-1.978
G1 F2400 X-37.498 Y-.403 E0.11112
G0 F12000 X-37.49 Y-.977
G1 F2400 X-35.881 Y-2.585 E0.11349
G0 F12000 X-35.835 Y-3.197
G1 F2400 X-37.465 Y-1.567 E0.11501
G0 F12000 X-37.434 Y-2.164
G1 F2400 X-35.779 Y-3.819 E0.11677
G0 F12000 X-36.345 Y-3.819
G1 F2400 X-37.395 Y-2.768 E0.07412
G0 F12000 X-37.339 Y-3.39
G1 F2400 X-36.91 Y-3.819 E0.03027
G1 F3600 E-1
G0 F12000 X-29.32 Y4.02
G1 F3600 E1
G1 F2400 X-30.62 Y4.02 E0.06486
G1 X-30.619 Y-4.019 E0.40107
G1 X-29.318 Y-4.019 E0.06491
G1 X-29.439 Y-3.02 E0.0502
G1 X-29.524 Y-2.078 E0.04719
G1 X-29.576 Y-1.047 E0.0515
G1 X-29.6 Y-0.017 E0.0514
G1 X-29.58 Y1.016 E0.05155
G1 X-29.524 Y2.071 E0.05271
G1 X-29.452 Y2.984 E0.04569
G1 X-29.32 Y4.02 E0.0521
G0 F12000 X-29.777 Y3.615
G1 F2335.8 X-30.215 Y3.615 E0.02245
G1 F2526.3 X-30.245 Y2.109 E0.07139
G1 F2917.9 X-30.263 Y-0.014 E0.08712
G1 X-30.242 Y-2.111 E0.08605
G1 F2526.3 X-30.211 Y-3.611 E0.07111
G1 F2335.8 X-29.775 Y-3.611 E0.02235
G1 F2400 X-29.834 Y-3.019 E0.02968
G1 F2594.6 X-29.894 Y-2.108 E0.04213
G1 F2874.3 X-29.936 Y-1.065 E0.04348
G1 F3057.3 X-29.954 Y-0.024 E0.04078
G1 X-29.939 Y1.019 E0.04085
G1 F2882.9 X-29.897 Y2.089 E0.04448
G1 F2623 X-29.841 Y3.016 E0.04239
G1 F2412.1 X-29.777 Y3.615 E0.0299
G1 F3600 E-1
G0 F12000 X30.96 Y-1.609
;TYPE:FILL
G1 F3600 E1
G1 F9600 X35.331 Y2.762 E0.3084
G1 X35.384 Y1.938 E0.04119
G1 X30.96 Y3.123 E0.22849
G1 X30.96 Y-4.04 E0.35736
G1 X35.213 Y-4.04 E0.21218
G1 X35.313 Y-4.04
G1 F3600 E-1
G0 F12000 X37.583 Y4.126
G0 X37.836 Y4.4
;TYPE:WALL-INNER
G1 F3600 E1
G1 F3000 X37.97 Y2.928 E0.07374
G1 X38.033 Y1.934 E0.04969
G1 X38.072 Y0.98 E0.04764
G1 X38.083 Y-0.052 E0.05149
G1 X38.072 Y-.984 E0.0465
G1 X38.031 Y-1.998 E0.05063
G1 X37.968 Y-2.973 E0.04874
G1 X37.837 Y-4.4 E0.07149
G1 X29.243 Y-4.4 E0.42876
G1 X28.896 Y-4.4 E0.01731
G1 X29.066 Y-3.003 E0.07021
G1 X29.148 Y-2.032 E0.04862
G1 X29.2 Y-1.032 E0.04996
G1 X29.22 Y0.012 E0.05209
G1 X29.2 Y1.028 E0.0507
G1 X29.146 Y2.049 E0.05101
G1 X29.063 Y3.005 E0.04787
G1 X28.896 Y4.4 E0.07009
G1 X29.243 Y4.4 E0.01731
G1 X37.836 Y4.4 E0.42871
G0 F12000 X38.181 Y4.8
;TYPE:WALL-OUTER
G1 F1200 X38.277 Y3.975 E0.04144
G1 X38.368 Y2.98 E0.04985
G1 X38.432 Y1.985 E0.04974
G1 X38.472 Y0.99 E0.04968
G1 X38.483 Y-0.057 E0.05224
G1 X38.472 Y-.994 E0.04675
G1 X38.43 Y-2.024 E0.05143
G1 X38.366 Y-3.009 E0.04925
G1 X38.276 Y-3.989 E0.0491
G1 X38.182 Y-4.8 E0.04073
G1 X29.181 Y-4.8 E0.44906
G1 X28.415 Y-4.8 E0.03822
G1 X28.539 Y-4.025 E0.03916
G1 X28.668 Y-2.969 E0.05308
G1 X28.748 Y-2.011 E0.04796
G1 X28.8 Y-1.004 E0.05031
G1 X28.82 Y0.004 E0.0503
G1 X28.8 Y1.007 E0.05005
G1 X28.748 Y2.014 E0.05031
G1 X28.663 Y2.976 E0.04818
G1 X28.538 Y4.028 E0.05285
G1 X28.415 Y4.8 E0.039
G1 X29.181 Y4.8 E0.03822
G1 X38.181 Y4.8 E0.44901
G0 F12000 X38.273 Y4.006
G0 X37.583 Y3.922
G0 X35.556 Y4.019
;TYPE:SKIN
G1 F2400 X35.655 Y2.97 E0.05257
G1 X35.724 Y1.958 E0.05061
G1 X35.764 Y0.989 E0.04838
G1 X35.781 Y-0.012 E0.04995
G1 X35.764 Y-.996 E0.0491
G1 X35.724 Y-1.957 E0.04799
G1 X35.656 Y-2.966 E0.05045
G1 X35.556 Y-4.02 E0.05282
G1 X37.482 Y-4.02 E0.09609
G1 X37.587 Y-2.955 E0.05339
G1 X37.642 Y-2.084 E0.04354
G1 X37.692 Y-.99 E0.05464
G1 X37.699 Y-0.055 E0.04665
G1 X37.692 Y0.951 E0.05019
G1 X37.652 Y1.903 E0.04754
G1 X37.589 Y2.883 E0.04899
G1 X37.481 Y4.019 E0.05693
G1 X35.556 Y4.019 E0.09604
G0 F12000 X36.91 Y3.819
G1 F2400 X37.339 Y3.39 E0.03027
G0 F12000 X37.396 Y2.768
G1 F2400 X36.345 Y3.819 E0.07415
G0 F12000 X35.779 Y3.819
G1 F2400 X37.434 Y2.164 E0.11677
G0 F12000 X37.465 Y1.567
G1 F2400 X35.835 Y3.198 E0.11504
G0 F12000 X35.882 Y2.584
G1 F2400 X37.491 Y0.976 E0.11349
G0 F12000 X37.495 Y0.406
G1 F2400 X35.925 Y1.976 E0.11077
G0 F12000 X35.948 Y1.387
G1 F2400 X37.497 Y-.162 E0.10929
G0 F12000 X37.493 Y-.723
G1 F2400 X35.967 Y0.803 E0.10767
G0 F12000 X35.978 Y0.226
G1 F2400 X37.477 Y-1.273 E0.10576
G0 F12000 X37.453 Y-1.815
G1 F2400 X35.976 Y-.338 E0.10421
G0 F12000 X35.966 Y-.894
G1 F2400 X37.424 Y-2.352 E0.10287
G0 F12000 X37.39 Y-2.884
G1 F2400 X35.946 Y-1.44 E0.10188
G0 F12000 X35.924 Y-1.983
G1 F2400 X37.341 Y-3.4 E0.09998
G0 F12000 X37.196 Y-3.82
G1 F2400 X35.888 Y-2.512 E0.09229
G0 F12000 X35.851 Y-3.041
G1 F2400 X36.63 Y-3.82 E0.05496
G0 F12000 X36.065 Y-3.82
G1 F2400 X35.802 Y-3.557 E0.01856
G1 F3600 E-1
G0 F12000 X29.318 Y4.02
G1 F3600 E1
G1 F2400 X29.439 Y3.02 E0.05025
G1 X29.523 Y2.078 E0.04718
G1 X29.576 Y1.047 E0.0515
G1 X29.6 Y0.017 E0.0514
G1 X29.58 Y-1.02 E0.05175
G1 X29.524 Y-2.079 E0.05291
G1 X29.452 Y-2.985 E0.04534
G1 X29.323 Y-4.02 E0.05204
G1 X30.62 Y-4.02 E0.06471
G1 X30.62 Y4.02 E0.40112
G1 X29.318 Y4.02 E0.06496
G0 F12000 X30.214 Y3.614
G1 F2324.5 X29.775 Y3.614 E0.02261
G1 F2388.1 X29.835 Y3.019 E0.02998
G1 F2594.6 X29.898 Y2.092 E0.04288
G1 F2857.1 X29.937 Y1.064 E0.04311
G1 F3038 X29.955 Y0.024 E0.041
G1 F3047.6 X29.94 Y-1.027 E0.0413
G1 F2865.7 X29.895 Y-2.098 E0.04479
G1 F2608.7 X29.841 Y-3.019 E0.04235
G1 F2412.1 X29.779 Y-3.616 E0.02979
G1 F2347.2 X30.216 Y-3.616 E0.02229
G1 F2480.6 X30.238 Y-2.329 E0.06213
G1 F2807 X30.26 Y-1.042 E0.05491
G1 F3047.6 X30.265 Y0.014 E0.04149
G1 F2917.9 X30.246 Y2.094 E0.08536
G1 F2526.3 X30.214 Y3.614 E0.07206
G1 F3600 E-1
;MESH:NONMESH
G0 F12000 X-30.804 Y-4.04
;TIME_ELAPSED:436.039123
;LAYER:52
;MESH:bridge.stl
G0 X-30.804 Y-4.04 Z15.9
;TYPE:FILL
G1 F3600 E1
G1 F9600 X-34.214 Y-4.041 E0.17013
G1 X-34.622 Y-3.931 E0.02108
G1 X-34.721 Y-2.921 E0.05063
G1 X-34.788 Y-1.943 E0.04891
G1 X-34.831 Y-.97 E0.04859
G1 X-34.845 Y0.026 E0.0497
G1 X-34.831 Y0.971 E0.04715
G1 X-34.788 Y1.944 E0.04859
G1 X-34.721 Y2.919 E0.04876
G1 X-34.611 Y4.04 E0.0562
G1 X-30.973 Y4.04 E0.1815
G1 X-34.843 Y0.17 E0.27305
G1 X-34.913 Y0.1
G1 F3600 E-1
G0 F12000 X-37.024 Y-4.126
G0 X-37.275 Y-4.4
;TYPE:WALL-INNER
G1 F3600 E1
G1 F3000 X-37.415 Y-2.913 E0.07451
G1 X-37.477 Y-1.933 E0.04899
G1 X-37.516 Y-.98 E0.04759
G1 X-37.528 Y0.00 E0.0489
G1 X-37.516 Y0.98 E0.0489
G1 X-37.475 Y1.993 E0.05058
G1 X-37.411 Y2.971 E0.0489
G1 X-37.326 Y3.866 E0.04485
G1 X-37.263 Y4.4 E0.02683
G1 X-28.478 Y4.4 E0.43829
G1 X-28.107 Y4.4 E0.01851
G1 X-28.286 Y3.005 E0.07017
G1 X-28.372 Y2.03 E0.04883
G1 X-28.428 Y1.009 E0.05101
G1 X-28.448 Y-0.012 E0.05095
G1 X-28.428 Y-1.03 E0.0508
G1 X-28.37 Y-2.049 E0.05092
G1 X-28.284 Y-3.027 E0.04898
G1 X-28.112 Y-4.4 E0.06903
G1 X-28.478 Y-4.4 E0.01826
G1 X-37.275 Y-4.4 E0.43888
G0 F12000 X-37.618 Y-4.8
;TYPE:WALL-OUTER
G1 F1200 X-37.717 Y-3.978 E0.04131
G1 X-37.814 Y-2.939 E0.05206
G1 X-37.876 Y-1.985 E0.0477
G1 X-37.916 Y-.99 E0.04968
G1 X-37.928 Y0.00 E0.04939
G1 X-37.916 Y0.99 E0.04939
G1 X-37.874 Y2.019 E0.05138
G1 X-37.815 Y2.95 E0.04654
G1 X-37.724 Y3.913 E0.04826
G1 X-37.618 Y4.8 E0.04457
G1 X-28.415 Y4.8 E0.45914
G1 X-27.627 Y4.8 E0.03931
G1 X-27.747 Y4.062 E0.0373
G1 X-27.888 Y2.97 E0.05493
G1 X-27.972 Y2.008 E0.04818
G1 X-28.028 Y1.001 E0.05032
G1 X-28.048 Y-0.004 E0.05015
G1 X-28.028 Y-1.008 E0.0501
G1 X-27.972 Y-2.014 E0.05027
G1 X-27.887 Y-2.977 E0.04823
G1 X-27.75 Y-4.069 E0.05491
G1 X-27.628 Y-4.8 E0.03697
G1 X-28.415 Y-4.8 E0.03926
G1 X-37.618 Y-4.8 E0.45914
G0 F12000 X-37.713 Y-4.006
G1 F3600 E-1
G0 F12000 X-37.023 Y-3.923
G0 X-34.957 Y4.02
;TYPE:SKIN
G1 F3600 E1
G1 F2400 X-36.93 Y4.02 E0.09843
G1 X-37.032 Y2.951 E0.05357
G1 X-37.092 Y1.976 E0.04873
G1 X-37.136 Y0.98 E0.04974
G1 X-37.148 Y0.00 E0.0489
G1 X-37.136 Y-.952 E0.0475
G1 X-37.096 Y-1.902 E0.04744
G1 X-37.033 Y-2.869 E0.04835
G1 X-36.922 Y-4.02 E0.05769
G1 X-34.953 Y-4.02 E0.09823
G1 X-35.059 Y-2.952 E0.05354
G1 X-35.128 Y-1.962 E0.04951
G1 X-35.168 Y-.989 E0.04858
G1 X-35.184 Y0.013 E0.05
G1 X-35.168 Y0.984 E0.04845
G1 X-35.128 Y1.957 E0.04858
G1 X-35.06 Y2.946 E0.04946
G1 X-34.957 Y4.02 E0.05383
G0 F12000 X-36.344 Y3.82
G1 F2400 X-36.791 Y3.372 E0.03157
G0 F12000 X-36.845 Y2.753
G1 F2400 X-35.778 Y3.82 E0.07528
G0 F12000 X-35.213 Y3.82
G1 F2400 X-36.881 Y2.152 E0.11769
G0 F12000 X-36.91 Y1.556
G1 F2400 X-35.233 Y3.234 E0.11836
G0 F12000 X-35.283 Y2.618
G1 F2400 X-36.936 Y0.965 E0.11663
G0 F12000 X-36.944 Y0.392
G1 F2400 X-35.324 Y2.011 E0.11426
G0 F12000 X-35.35 Y1.42
G1 F2400 X-36.946 Y-.177 E0.11264
G0 F12000 X-36.939 Y-.735
G1 F2400 X-35.37 Y0.834 E0.1107
G0 F12000 X-35.379 Y0.259
G1 F2400 X-36.922 Y-1.284 E0.10887
G0 F12000 X-36.899 Y-1.826
G1 F2400 X-35.379 Y-.306 E0.10724
G0 F12000 X-35.369 Y-.863
G1 F2400 X-36.866 Y-2.36 E0.10562
G0 F12000 X-36.831 Y-2.89
G1 F2400 X-35.35 Y-1.409 E0.10449
G0 F12000 X-35.328 Y-1.952
G1 F2400 X-36.781 Y-3.405 E0.10252
G0 F12000 X-36.63 Y-3.82
G1 F2400 X-35.292 Y-2.482 E0.0944
G0 F12000 X-35.254 Y-3.01
G1 F2400 X-36.064 Y-3.82 E0.05715
G0 F12000 X-35.498 Y-3.82
G1 F2400 X-35.203 Y-3.525 E0.02081
G1 F3600 E-1
G0 F12000 X-28.539 Y4.02
M107
G1 F3600 E1
G1 F1200 X-30.458 Y4.02 E0.10531
G1 X-30.62 Y2.703 E0.07282
G1 X-30.62 Y-2.687 E0.2958
G1 X-30.458 Y-4.019 E0.07364
G1 X-28.539 Y-4.02 E0.10531
G1 X-28.667 Y-2.997 E0.05658
G1 X-28.748 Y-2.078 E0.05063
G1 X-28.804 Y-1.048 E0.05661
G1 X-28.828 Y-0.017 E0.0566
G1 X-28.808 Y1.016 E0.0567
G1 X-28.748 Y2.048 E0.05673
G1 X-28.664 Y3.037 E0.05447
G1 X-28.539 Y4.02 E0.05438
G0 F12000 X-30.121 Y3.82
G1 F1200 X-30.304 Y3.637 E0.0142
G0 F12000 X-30.403 Y2.831
G1 F1200 X-29.414 Y3.82 E0.07676
G0 F12000 X-28.774 Y3.753
G1 F1200 X-30.42 Y2.106 E0.12779
G0 F12000 X-30.42 Y1.399
G1 F1200 X-28.873 Y2.947 E0.1201
G0 F12000 X-28.939 Y2.174
G1 F1200 X-30.42 Y0.692 E0.11498
G0 F12000 X-30.42 Y-0.015
G1 F1200 X-28.986 Y1.42 E0.11133
G0 F12000 X-29.015 Y0.684
G1 F1200 X-30.42 Y-.722 E0.10908
G0 F12000 X-30.42 Y-1.429
G1 F1200 X-29.027 Y-0.036 E0.10811
G0 F12000 X-29.012 Y-.728
G1 F1200 X-30.42 Y-2.136 E0.10928
G0 F12000 X-30.403 Y-2.826
G1 F1200 X-28.985 Y-1.408 E0.11005
G0 F12000 X-28.948 Y-2.077
G1 F1200 X-30.326 Y-3.456 E0.10699
G0 F12000 X-29.982 Y-3.819
G1 F1200 X-28.89 Y-2.727 E0.08475
G0 F12000 X-28.822 Y-3.366
G1 F1200 X-29.275 Y-3.819 E0.03516
G0 F12000 X-29.275 Y-3.8
G1 F3600 E-1
G0 F12000 X30.96 Y-1.909
;TYPE:FILL
M106 S255
G1 F3600 E1
G1 F9600 X34.79 Y1.921 E0.27023
G1 X34.761 Y2.324 E0.02016
G1 X30.885 Y3.363 E0.2002
G1 X30.96 Y2.714 E0.03259
G1 X30.96 Y-2.728 E0.2715
G1 X30.804 Y-4.04 E0.06592
G1 X34.612 Y-4.04 E0.18998
G1 X34.712 Y-4.04
G1 F3600 E-1
G0 F12000 X37.024 Y4.126
G0 X37.275 Y4.4
;TYPE:WALL-INNER
G1 F3600 E1
G1 F3000 X37.415 Y2.913 E0.07451
G1 X37.477 Y1.933 E0.04899
G1 X37.516 Y0.98 E0.04759
G1 X37.527 Y-0.052 E0.05149
G1 X37.516 Y-.984 E0.0465
G1 X37.475 Y-1.998 E0.05063
G1 X37.416 Y-2.927 E0.04644
G1 X37.327 Y-3.87 E0.04726
G1 X37.263 Y-4.4 E0.02663
G1 X28.478 Y-4.4 E0.43829
G1 X28.107 Y-4.4 E0.01851
G1 X28.284 Y-3.029 E0.06897
G1 X28.372 Y-2.034 E0.04983
G1 X28.428 Y-1.034 E0.04997
G1 X28.448 Y0.012 E0.05219
G1 X28.428 Y1.03 E0.0508
G1 X28.37 Y2.049 E0.05092
G1 X28.287 Y3.005 E0.04787
G1 X28.112 Y4.4 E0.07014
G1 X28.478 Y4.4 E0.01826
G1 X37.275 Y4.4 E0.43888
G0 F12000 X37.618 Y4.8
;TYPE:WALL-OUTER
G1 F1200 X37.717 Y3.978 E0.04131
G1 X37.814 Y2.939 E0.05206
G1 X37.876 Y1.985 E0.0477
G1 X37.916 Y0.99 E0.04968
G1 X37.927 Y-0.057 E0.05224
G1 X37.916 Y-.994 E0.04675
G1 X37.874 Y-2.024 E0.05143
G1 X37.812 Y-2.984 E0.04799
G1 X37.724 Y-3.917 E0.04675
G1 X37.618 Y-4.8 E0.04437
G1 X28.415 Y-4.8 E0.45914
G1 X27.627 Y-4.8 E0.03931
G1 X27.747 Y-4.062 E0.0373
G1 X27.888 Y-2.97 E0.05493
G1 X27.972 Y-2.012 E0.04798
G1 X28.028 Y-1.004 E0.05037
G1 X28.048 Y0.004 E0.0503
G1 X28.028 Y1.008 E0.0501
G1 X27.972 Y2.014 E0.05027
G1 X27.887 Y2.977 E0.04823
G1 X27.75 Y4.069 E0.05491
G1 X27.628 Y4.8 E0.03697
G1 X28.415 Y4.8 E0.03926
G1 X37.618 Y4.8 E0.45914
G0 F12000 X37.713 Y4.006
G0 X37.023 Y3.923
G0 X34.953 Y4.02
;TYPE:SKIN
G1 F2400 X35.059 Y2.952 E0.05354
G1 X35.128 Y1.962 E0.04951
G1 X35.168 Y0.989 E0.04858
G1 X35.185 Y-0.012 E0.04995
G1 X35.168 Y-.996 E0.0491
G1 X35.128 Y-1.957 E0.04799
G1 X35.056 Y-2.963 E0.05032
G1 X34.956 Y-4.02 E0.05297
G1 X36.93 Y-4.019 E0.09848
G1 X37.031 Y-2.955 E0.05332
G1 X37.092 Y-1.985 E0.04849
G1 X37.136 Y-.99 E0.04969
G1 X37.143 Y-0.056 E0.0466
G1 X37.136 Y0.951 E0.05024
G1 X37.096 Y1.902 E0.04749
G1 X37.033 Y2.869 E0.04835
G1 X36.922 Y4.02 E0.05769
G1 X34.953 Y4.02 E0.09823
G0 F12000 X35.203 Y3.525
G1 F2400 X35.498 Y3.82 E0.02081
G0 F12000 X36.064 Y3.82
G1 F2400 X35.254 Y3.01 E0.05715
G0 F12000 X35.292 Y2.482
G1 F2400 X36.63 Y3.82 E0.0944
G0 F12000 X36.781 Y3.405
G1 F2400 X35.328 Y1.952 E0.10252
G0 F12000 X35.35 Y1.409
G1 F2400 X36.831 Y2.89 E0.10449
G0 F12000 X36.866 Y2.36
G1 F2400 X35.37 Y0.863 E0.10559
G0 F12000 X35.379 Y0.307
G1 F2400 X36.9 Y1.827 E0.10728
G0 F12000 X36.922 Y1.284
G1 F2400 X35.381 Y-.257 E0.10873
G0 F12000 X35.371 Y-.833
G1 F2400 X36.938 Y0.734 E0.11056
G0 F12000 X36.941 Y0.172
G1 F2400 X35.35 Y-1.419 E0.11225
G0 F12000 X35.324 Y-2.011
G1 F2400 X36.941 Y-.395 E0.11405
G0 F12000 X36.936 Y-.964
G1 F2400 X35.28 Y-2.621 E0.11688
G0 F12000 X35.231 Y-3.236
G1 F2400 X36.91 Y-1.556 E0.1185
G0 F12000 X36.881 Y-2.151
G1 F2400 X35.213 Y-3.819 E0.11769
G0 F12000 X35.78 Y-3.818
G1 F2400 X36.843 Y-2.755 E0.075
G0 F12000 X36.79 Y-3.374
G1 F2400 X36.346 Y-3.818 E0.03133
G1 F3600 E-1
G0 F12000 X28.539 Y4.02
M107
G1 F3600 E1
G1 F1200 X28.667 Y2.997 E0.05658
G1 X28.748 Y2.078 E0.05063
G1 X28.804 Y1.048 E0.05661
G1 X28.828 Y0.017 E0.0566
G1 X28.808 Y-1.02 E0.05692
G1 X28.748 Y-2.056 E0.05695
G1 X28.664 Y-3.038 E0.05409
G1 X28.54 Y-4.02 E0.05432
G1 X30.458 Y-4.02 E0.10526
G1 X30.62 Y-2.703 E0.07282
G1 X30.62 Y2.687 E0.2958
G1 X30.458 Y4.019 E0.07364
G1 X28.539 Y4.02 E0.10531
G0 F12000 X28.821 Y3.365
G1 F1200 X29.275 Y3.819 E0.03524
G0 F12000 X29.982 Y3.819
G1 F1200 X28.89 Y2.727 E0.08475
G0 F12000 X28.948 Y2.077
G1 F1200 X30.326 Y3.456 E0.10699
G0 F12000 X30.403 Y2.826
G1 F1200 X28.984 Y1.407 E0.11013
G0 F12000 X29.011 Y0.727
G1 F1200 X30.42 Y2.136 E0.10935
G0 F12000 X30.42 Y1.429
G1 F1200 X29.027 Y0.035 E0.10815
G0 F12000 X29.014 Y-.684
G1 F1200 X30.42 Y0.722 E0.10912
G0 F12000 X30.42 Y0.015
G1 F1200 X28.985 Y-1.421 E0.11141
G0 F12000 X28.938 Y-2.174
G1 F1200 X30.42 Y-.692 E0.11502
G0 F12000 X30.42 Y-1.399
G1 F1200 X28.872 Y-2.948 E0.12018
G1 X28.802 Y-3.018
G0 F12000 X28.775 Y-3.752
G1 F1200 X30.42 Y-2.106 E0.12771
G0 F12000 X30.403 Y-2.831
G1 F1200 X29.414 Y-3.82 E0.07676
G0 F12000 X30.121 Y-3.82
G1 F1200 X30.304 Y-3.637 E0.0142
G1 F3600 E-1
;MESH:NONMESH
G0 F12000 X-30.065 Y-4.04
;TIME_ELAPSED:451.988630
;LAYER:53
M106 S255
;MESH:bridge.stl
G0 X-30.065 Y-4.04 Z16.2
;TYPE:FILL
G1 F3600 E1
G1 F9600 X-33.393 Y-4.04 E0.16603
G1 X-34.02 Y-3.872 E0.03238
G1 X-34.123 Y-2.823 E0.05259
G1 X-34.181 Y-1.944 E0.04395
G1 X-34.223 Y-.968 E0.04874
G1 X-34.238 Y0.027 E0.04965
G1 X-34.223 Y0.969 E0.047
G1 X-34.181 Y1.942 E0.04859
G1 X-34.114 Y2.92 E0.04891
G1 X-34.005 Y4.04 E0.05614
G1 X-30.671 Y4.04 E0.16633
G1 X-34.231 Y0.481 E0.25114
G1 X-34.301 Y0.411
G1 F3600 E-1
G0 F12000 X-36.453 Y-4.126
G0 X-36.71 Y-4.4
;TYPE:WALL-INNER
G1 F3600 E1
G1 F3000 X-36.842 Y-2.93 E0.07363
G1 X-36.908 Y-1.963 E0.04836
G1 X-36.948 Y-.98 E0.04908
G1 X-36.96 Y0.00 E0.0489
G1 X-36.948 Y0.98 E0.0489
G1 X-36.907 Y1.998 E0.05083
G1 X-36.84 Y2.965 E0.04836
G1 X-36.709 Y4.4 E0.07189
G1 X-27.694 Y4.4 E0.44976
G1 X-27.304 Y4.4 E0.01946
G1 X-27.482 Y3.057 E0.06759
G1 X-27.576 Y2.053 E0.05031
G1 X-27.632 Y1.009 E0.05216
G1 X-27.652 Y-0.012 E0.05095
G1 X-27.632 Y-1.031 E0.05085
G1 X-27.574 Y-2.03 E0.04992
G1 X-27.479 Y-3.079 E0.05255
G1 X-27.304 Y-4.4 E0.06648
G1 X-27.695 Y-4.4 E0.01951
G1 X-36.71 Y-4.4 E0.44976
G0 F12000 X-37.05 Y-4.8
;TYPE:WALL-OUTER
G1 F1200 X-37.15 Y-3.966 E0.04191
G1 X-37.241 Y-2.958 E0.05049
G1 X-37.308 Y-1.985 E0.04866
G1 X-37.348 Y-.99 E0.04968
G1 X-37.36 Y0.00 E0.04939
G1 X-37.348 Y0.99 E0.04939
G1 X-37.306 Y2.025 E0.05168
G1 X-37.238 Y3.001 E0.04881
G1 X-37.148 Y3.99 E0.04955
G1 X-37.05 Y4.8 E0.04071
G1 X-27.629 Y4.8 E0.47002
G1 X-26.817 Y4.8 E0.04051
G1 X-26.951 Y4.023 E0.03934
G1 X-27.084 Y3.019 E0.05053
G1 X-27.176 Y2.031 E0.0495
G1 X-27.232 Y1.001 E0.05146
G1 X-27.252 Y-0.004 E0.05015
G1 X-27.232 Y-1.008 E0.0501
G1 X-27.176 Y-1.994 E0.04927
G1 X-27.083 Y-3.027 E0.05175
G1 X-26.95 Y-4.03 E0.05048
G1 X-26.818 Y-4.8 E0.03898
G1 X-27.629 Y-4.8 E0.04046
G1 X-37.05 Y-4.8 E0.47002
G0 F12000 X-37.145 Y-4.006
G1 F3600 E-1
G0 F12000 X-36.451 Y-3.925
G0 X-34.349 Y4.02
;TYPE:SKIN
G1 F3600 E1
G1 F2400 X-36.361 Y4.02 E0.10038
G1 X-36.459 Y2.944 E0.0539
G1 X-36.524 Y1.983 E0.04805
G1 X-36.568 Y0.98 E0.05009
G1 X-36.58 Y0.00 E0.0489
G1 X-36.568 Y-.952 E0.0475
G1 X-36.528 Y-1.927 E0.04868
G1 X-36.46 Y-2.892 E0.04826
G1 X-36.36 Y-4.019 E0.05645
G1 X-34.338 Y-4.019 E0.10088
G1 X-34.459 Y-2.853 E0.05848
G1 X-34.52 Y-1.958 E0.04476
G1 X-34.56 Y-.985 E0.04858
G1 X-34.576 Y0.013 E0.0498
G1 X-34.56 Y0.984 E0.04845
G1 X-34.52 Y1.957 E0.04858
G1 X-34.452 Y2.947 E0.04951
G1 X-34.349 Y4.02 E0.05378
G0 F12000 X-34.601 Y3.488
G1 F2400 X-34.933 Y3.82 E0.02342
G0 F12000 X-35.499 Y3.82
G1 F2400 X-34.65 Y2.972 E0.05987
G0 F12000 X-34.687 Y2.443
G1 F2400 X-36.065 Y3.82 E0.09719
G0 F12000 X-36.217 Y3.407
G1 F2400 X-34.722 Y1.913 E0.10545
G0 F12000 X-34.744 Y1.369
G1 F2400 X-36.263 Y2.887 E0.10714
G0 F12000 X-36.298 Y2.357
G1 F2400 X-34.763 Y0.822 E0.1083
G0 F12000 X-34.772 Y0.265
G1 F2400 X-36.33 Y1.824 E0.10996
G0 F12000 X-36.354 Y1.281
G1 F2400 X-34.771 Y-.301 E0.11165
G0 F12000 X-34.762 Y-.876
G1 F2400 X-36.371 Y0.733 E0.11352
G0 F12000 X-36.378 Y0.174
G1 F2400 X-34.741 Y-1.463 E0.1155
G0 F12000 X-34.714 Y-2.056
G1 F2400 X-36.375 Y-.395 E0.11719
G0 F12000 X-36.367 Y-.969
G1 F2400 X-34.673 Y-2.662 E0.11949
G0 F12000 X-34.616 Y-3.285
G1 F2400 X-36.342 Y-1.558 E0.12181
G0 F12000 X-36.311 Y-2.155
G1 F2400 X-34.648 Y-3.819 E0.11737
G0 F12000 X-35.213 Y-3.819
G1 F2400 X-36.268 Y-2.764 E0.07444
G0 F12000 X-36.215 Y-3.383
G1 F2400 X-35.779 Y-3.819 E0.03076
G1 F3600 E-1
G0 F12000 X-29.719 Y-4.02
M107
G1 F3600 E1
G1 F1200 X-27.756 Y-4.02 E0.10773
G1 X-27.737 Y-4.02 E0.00104
G1 X-27.855 Y-3.131 E0.04922
G1 X-27.952 Y-2.058 E0.05913
G1 X-28.008 Y-1.052 E0.05529
G1 X-28.032 Y-0.017 E0.05682
G1 X-28.012 Y1.016 E0.0567
G1 X-27.952 Y2.072 E0.05805
G1 X-27.86 Y3.091 E0.05615
G1 X-27.733 Y4.02 E0.05146
G1 X-27.756 Y4.02 E0.00126
G1 X-29.722 Y4.02 E0.10789
G1 X-29.835 Y3.076 E0.05218
G1 X-29.919 Y2.054 E0.05628
G1 X-29.975 Y1.039 E0.05579
G1 X-29.992 Y0.00 E0.05703
G1 X-29.976 Y-1.017 E0.05582
G1 X-29.92 Y-2.038 E0.05612
G1 X-29.837 Y-3.067 E0.05665
G1 X-29.719 Y-4.02 E0.0527
G0 F12000 X-28.035 Y-3.287
G1 F1200 X-28.569 Y-3.82 E0.04141
G0 F12000 X-29.276 Y-3.82
G1 F1200 X-28.1 Y-2.644 E0.09127
G0 F12000 X-28.156 Y-1.993
G1 F1200 X-29.59 Y-3.427 E0.11129
G0 F12000 X-29.658 Y-2.788
G1 F1200 X-28.193 Y-1.323 E0.1137
G0 F12000 X-28.217 Y-.64
G1 F1200 X-29.711 Y-2.133 E0.11591
G0 F12000 X-29.75 Y-1.466
G1 F1200 X-28.23 Y0.054 E0.11797
G0 F12000 X-28.216 Y0.775
G1 F1200 X-29.779 Y-.788 E0.12131
G0 F12000 X-29.79 Y-0.092
G1 F1200 X-28.184 Y1.515 E0.12468
G0 F12000 X-28.134 Y2.271
G1 F1200 X-29.783 Y0.623 E0.12794
G0 F12000 X-29.759 Y1.354
G1 F1200 X-28.064 Y3.049 E0.13155
G0 F12000 X-28 Y3.82
G1 F1200 X-29.715 Y2.105 E0.1331
G0 F12000 X-29.651 Y2.876
G1 F1200 X-28.707 Y3.82 E0.07326
G0 F12000 X-29.414 Y3.82
G1 F1200 X-29.563 Y3.671 E0.01156
G1 F3600 E-1
G0 F12000 X30.184 Y-2.986
;TYPE:FILL
M106 S255
G1 F3600 E1
G1 F9600 X34.22 Y1.049 E0.28473
G1 X34.181 Y1.944 E0.04469
G1 X34.129 Y2.714 E0.0385
G1 X30.094 Y3.795 E0.20841
G1 X30.174 Y3.108 E0.03451
G1 X30.264 Y2.058 E0.05258
G1 X30.316 Y1.04 E0.05085
G1 X30.334 Y-0.008 E0.05229
G1 X30.316 Y-1.041 E0.05154
G1 X30.263 Y-2.06 E0.05091
G1 X30.174 Y-3.111 E0.05262
G1 X30.065 Y-4.04 E0.04667
G1 X34.005 Y-4.04 E0.19657
G1 X34.105 Y-4.04
G1 F3600 E-1
G0 F12000 X36.453 Y4.126
G0 X36.708 Y4.399
;TYPE:WALL-INNER
G1 F3600 E1
G1 F3000 X36.842 Y2.93 E0.07359
G1 X36.908 Y1.963 E0.04836
G1 X36.948 Y0.98 E0.04908
G1 X36.959 Y-0.052 E0.05149
G1 X36.948 Y-.984 E0.0465
G1 X36.907 Y-2.002 E0.05083
G1 X36.84 Y-2.97 E0.04841
G1 X36.709 Y-4.4 E0.07164
G1 X27.694 Y-4.4 E0.44976
G1 X27.304 Y-4.4 E0.01946
G1 X27.482 Y-3.057 E0.06759
G1 X27.576 Y-2.057 E0.05011
G1 X27.632 Y-1.033 E0.05116
G1 X27.652 Y0.012 E0.05214
G1 X27.632 Y1.031 E0.05085
G1 X27.574 Y2.03 E0.04992
G1 X27.479 Y3.079 E0.05255
G1 X27.305 Y4.4 E0.06647
G1 X27.695 Y4.4 E0.01946
G1 X36.708 Y4.399 E0.44966
G0 F12000 X37.05 Y4.799
;TYPE:WALL-OUTER
G1 F1200 X37.149 Y3.966 E0.04185
G1 X37.24 Y2.98 E0.0494
G1 X37.308 Y1.985 E0.04976
G1 X37.348 Y0.99 E0.04968
G1 X37.359 Y-0.057 E0.05224
G1 X37.348 Y-.994 E0.04675
G1 X37.306 Y-2.029 E0.05168
G1 X37.238 Y-3.006 E0.04886
G1 X37.148 Y-3.99 E0.0493
G1 X37.05 Y-4.8 E0.04071
G1 X27.629 Y-4.8 E0.47002
G1 X26.818 Y-4.8 E0.04046
G1 X26.951 Y-4.023 E0.03933
G1 X27.084 Y-3.019 E0.05053
G1 X27.176 Y-2.035 E0.04931
G1 X27.232 Y-1.004 E0.05151
G1 X27.252 Y0.004 E0.0503
G1 X27.232 Y1.008 E0.0501
G1 X27.176 Y1.994 E0.04927
G1 X27.083 Y3.027 E0.05175
G1 X26.95 Y4.03 E0.05048
G1 X26.818 Y4.8 E0.03898
G1 X27.629 Y4.8 E0.04046
G1 X37.05 Y4.799 E0.47002
G0 F12000 X37.144 Y4.005
G0 X36.451 Y3.924
G0 X34.345 Y4.016
;TYPE:SKIN
G1 F2400 X34.459 Y2.852 E0.05835
G1 X34.52 Y1.958 E0.04471
G1 X34.56 Y0.985 E0.04858
G1 X34.577 Y-0.012 E0.04975
G1 X34.56 Y-.996 E0.0491
G1 X34.52 Y-1.957 E0.04799
G1 X34.452 Y-2.955 E0.04991
G1 X34.349 Y-4.019 E0.05333
G1 X36.361 Y-4.02 E0.10038
G1 X36.462 Y-2.922 E0.05501
G1 X36.524 Y-1.987 E0.04675
G1 X36.568 Y-.991 E0.04974
G1 X36.575 Y-0.056 E0.04665
G1 X36.568 Y0.951 E0.05024
G1 X36.528 Y1.927 E0.04873
G1 X36.46 Y2.891 E0.04821
G1 X36.361 Y4.016 E0.05634
G1 X34.345 Y4.016 E0.10058
G0 F12000 X35.782 Y3.816
G1 F2400 X36.216 Y3.382 E0.03062
G0 F12000 X36.269 Y2.763
G1 F2400 X35.216 Y3.816 E0.07429
G0 F12000 X34.65 Y3.816
G1 F2400 X36.311 Y2.155 E0.11719
G0 F12000 X36.342 Y1.558
G1 F2400 X34.617 Y3.284 E0.12174
G0 F12000 X34.674 Y2.662
G1 F2400 X36.367 Y0.969 E0.11945
G0 F12000 X36.371 Y0.398
G1 F2400 X34.714 Y2.056 E0.11695
G0 F12000 X34.741 Y1.463
G1 F2400 X36.374 Y-.17 E0.11522
G0 F12000 X36.369 Y-.731
G1 F2400 X34.762 Y0.876 E0.11338
G0 F12000 X34.772 Y0.301
G1 F2400 X36.354 Y-1.282 E0.11165
G0 F12000 X36.33 Y-1.824
G1 F2400 X34.773 Y-.266 E0.10989
G0 F12000 X34.763 Y-.822
G1 F2400 X36.298 Y-2.357 E0.1083
G0 F12000 X36.263 Y-2.887
G1 F2400 X34.745 Y-1.37 E0.10707
G0 F12000 X34.722 Y-1.913
G1 F2400 X36.217 Y-3.407 E0.10545
G0 F12000 X36.065 Y-3.82
G1 F2400 X34.687 Y-2.443 E0.09719
G0 F12000 X34.651 Y-2.973
G1 F2400 X35.499 Y-3.82 E0.0598
G0 F12000 X34.932 Y-3.82
G1 F2400 X34.602 Y-3.489 E0.02332
G1 F3600 E-1
G0 F12000 X29.722 Y4.02
M107
G1 F3600 E1
G1 F1200 X27.756 Y4.02 E0.10789
G1 X27.737 Y4.02 E0.00104
G1 X27.855 Y3.131 E0.04922
G1 X27.952 Y2.058 E0.05913
G1 X28.008 Y1.052 E0.05529
G1 X28.033 Y0.009 E0.05726
G1 X28.012 Y-1.02 E0.05648
G1 X27.952 Y-2.08 E0.05827
G1 X27.86 Y-3.095 E0.05593
G1 X27.737 Y-4.02 E0.05121
G1 X27.756 Y-4.02 E0.00104
G1 X29.722 Y-4.02 E0.10789
G1 X29.835 Y-3.085 E0.05169
G1 X29.919 Y-2.054 E0.05677
G1 X29.975 Y-1.039 E0.05579
G1 X29.992 Y-0.025 E0.05566
G1 X29.976 Y1.017 E0.05719
G1 X29.92 Y2.038 E0.05612
G1 X29.836 Y3.067 E0.05666
G1 X29.722 Y4.02 E0.05267
G0 F12000 X28.035 Y3.287
G1 F1200 X28.569 Y3.82 E0.04141
G0 F12000 X29.276 Y3.82
G1 F1200 X28.1 Y2.644 E0.09127
G0 F12000 X28.156 Y1.993
G1 F1200 X29.592 Y3.429 E0.11145
G0 F12000 X29.658 Y2.788
G1 F1200 X28.193 Y1.323 E0.1137
G0 F12000 X28.218 Y0.641
G1 F1200 X29.711 Y2.133 E0.11583
G0 F12000 X29.75 Y1.466
G1 F1200 X28.232 Y-0.052 E0.11781
G0 F12000 X28.217 Y-.774
G1 F1200 X29.779 Y0.788 E0.12123
G0 F12000 X29.79 Y0.092
G1 F1200 X28.184 Y-1.515 E0.12468
G0 F12000 X28.135 Y-2.271
G1 F1200 X29.782 Y-.624 E0.12783
G0 F12000 X29.757 Y-1.356
G1 F1200 X28.064 Y-3.048 E0.13136
G0 F12000 X28 Y-3.82
G1 F1200 X29.715 Y-2.105 E0.1331
G0 F12000 X29.651 Y-2.876
G1 F1200 X28.707 Y-3.82 E0.07326
G0 F12000 X29.414 Y-3.82
G1 F1200 X29.563 Y-3.671 E0.01156
G1 F3600 E-1
;MESH:NONMESH
G0 F12000 X-29.3 Y-4.04
;TIME_ELAPSED:468.221554
;LAYER:54
M106 S255
;MESH:bridge.stl
G0 X-29.3 Y-4.04 Z16.5
;TYPE:FILL
G1 F3600 E1
G1 F9600 X-32.573 Y-4.04 E0.16329
G1 X-33.398 Y-3.819 E0.04261
G1 X-33.493 Y-2.895 E0.04634
G1 X-33.559 Y-1.941 E0.04771
G1 X-33.603 Y-.968 E0.04859
G1 X-33.618 Y0.027 E0.04965
G1 X-33.603 Y0.969 E0.047
G1 X-33.559 Y1.942 E0.04859
G1 X-33.493 Y2.895 E0.04766
G1 X-33.377 Y4.04 E0.05742
G1 X-30.372 Y4.04 E0.14992
G1 X-33.606 Y0.806 E0.22818
G1 X-33.676 Y0.736
G1 F3600 E-1
G0 F12000 X-35.872 Y-4.126
G0 X-36.128 Y-4.4
;TYPE:WALL-INNER
G1 F3600 E1
G1 F3000 X-36.266 Y-2.927 E0.07381
G1 X-36.329 Y-2.006 E0.04606
G1 X-36.376 Y-1.002 E0.05014
G1 X-36.388 Y-0.009 E0.04954
G1 X-36.376 Y0.955 E0.0481
G1 X-36.335 Y1.936 E0.04899
G1 X-36.268 Y2.925 E0.04945
G1 X-36.127 Y4.4 E0.07392
G1 X-26.887 Y4.4 E0.46099
G1 X-26.468 Y4.4 E0.0209
G1 X-26.654 Y3.055 E0.06774
G1 X-26.747 Y2.032 E0.05125
G1 X-26.808 Y1.006 E0.05128
G1 X-26.824 Y-0.01 E0.05069
G1 X-26.807 Y-1.032 E0.05099
G1 X-26.746 Y-2.051 E0.05093
G1 X-26.651 Y-3.081 E0.05161
G1 X-26.472 Y-4.4 E0.06641
G1 X-26.887 Y-4.4 E0.0207
G1 X-36.128 Y-4.4 E0.46104
G0 F12000 X-36.467 Y-4.8
;TYPE:WALL-OUTER
G1 F1200 X-36.57 Y-3.965 E0.04197
G1 X-36.664 Y-2.979 E0.04941
G1 X-36.728 Y-2.056 E0.04616
G1 X-36.776 Y-1.014 E0.05204
G1 X-36.788 Y-0.009 E0.05014
G1 X-36.776 Y0.966 E0.04865
G1 X-36.734 Y1.963 E0.04978
G1 X-36.667 Y2.952 E0.04945
G1 X-36.568 Y3.989 E0.05197
G1 X-36.467 Y4.8 E0.04077
G1 X-26.818 Y4.8 E0.48139
G1 X-25.979 Y4.8 E0.04186
G1 X-26.111 Y4.064 E0.03731
G1 X-26.256 Y3.019 E0.05263
G1 X-26.348 Y2.008 E0.05065
G1 X-26.408 Y1 E0.05038
G1 X-26.424 Y-0.004 E0.0501
G1 X-26.408 Y-1.008 E0.0501
G1 X-26.348 Y-2.015 E0.05033
G1 X-26.255 Y-3.027 E0.0507
G1 X-26.113 Y-4.072 E0.05261
G1 X-25.983 Y-4.8 E0.03689
G1 X-26.819 Y-4.8 E0.04171
G1 X-36.467 Y-4.8 E0.48134
G0 F12000 X-36.564 Y-4.006
G1 F3600 E-1
G0 F12000 X-35.873 Y-3.92
G0 X-33.721 Y4.02
;TYPE:SKIN
G1 F3600 E1
G1 F2400 X-35.771 Y4.019 E0.10227
G1 X-35.883 Y2.948 E0.05372
G1 X-35.952 Y1.918 E0.0515
G1 X-35.996 Y0.957 E0.04799
G1 X-36.008 Y-0.004 E0.04795
G1 X-35.995 Y-.967 E0.04805
G1 X-35.948 Y-1.974 E0.05029
G1 X-35.884 Y-2.895 E0.04606
G1 X-35.781 Y-4.019 E0.05631
G1 X-33.712 Y-4.02 E0.10322
G1 X-33.831 Y-2.93 E0.0547
G1 X-33.9 Y-1.959 E0.04857
G1 X-33.94 Y-.985 E0.04863
G1 X-33.956 Y0.012 E0.04975
G1 X-33.94 Y0.984 E0.0485
G1 X-33.9 Y1.953 E0.04838
G1 X-33.832 Y2.923 E0.04851
G1 X-33.721 Y4.02 E0.05501
G0 F12000 X-35.213 Y3.819
G1 F2400 X-35.635 Y3.398 E0.02974
G0 F12000 X-35.695 Y2.772
G1 F2400 X-34.647 Y3.82 E0.07394
G0 F12000 X-34.081 Y3.82
G1 F2400 X-35.735 Y2.166 E0.1167
G0 F12000 X-35.768 Y1.568
G1 F2400 X-33.991 Y3.345 E0.12538
G0 F12000 X-34.047 Y2.722
G1 F2400 X-35.795 Y0.974 E0.12333
G0 F12000 X-35.803 Y0.401
G1 F2400 X-34.089 Y2.115 E0.12093
G0 F12000 X-34.118 Y1.52
G1 F2400 X-35.806 Y-.168 E0.1191
G0 F12000 X-35.799 Y-.726
G1 F2400 X-34.141 Y0.931 E0.11695
G0 F12000 X-34.15 Y0.356
G1 F2400 X-35.781 Y-1.274 E0.11504
G0 F12000 X-35.756 Y-1.814
G1 F2400 X-34.152 Y-.211 E0.11314
G0 F12000 X-34.143 Y-.768
G1 F2400 X-35.722 Y-2.346 E0.11137
G0 F12000 X-35.686 Y-2.876
G1 F2400 X-34.126 Y-1.317 E0.11003
G0 F12000 X-34.104 Y-1.86
G1 F2400 X-35.638 Y-3.394 E0.10823
G0 F12000 X-35.496 Y-3.818
G1 F2400 X-34.069 Y-2.391 E0.10068
G0 F12000 X-34.032 Y-2.919
G1 F2400 X-34.931 Y-3.818 E0.06343
G0 F12000 X-34.366 Y-3.819
G1 F2400 X-33.977 Y-3.43 E0.02745
G1 F3600 E-1
G0 F12000 X-28.955 Y-4.02
M107
G1 F3600 E1
G1 F1200 X-26.952 Y-4.02 E0.10992
G1 X-26.906 Y-4.02 E0.00252
G1 X-27.027 Y-3.132 E0.04918
G1 X-27.124 Y-2.083 E0.05781
G1 X-27.184 Y-1.052 E0.05668
G1 X-27.204 Y-0.012 E0.05708
G1 X-27.184 Y1.044 E0.05796
G1 X-27.124 Y2.053 E0.05547
G1 X-27.032 Y3.09 E0.05713
G1 X-26.902 Y4.02 E0.05153
G1 X-26.951 Y4.02 E0.00269
G1 X-28.955 Y4.02 E0.10998
G1 X-29.077 Y3.058 E0.05322
G1 X-29.166 Y2.025 E0.0569
G1 X-29.219 Y1.037 E0.0543
G1 X-29.24 Y0.019 E0.05588
G1 X-29.22 Y-1.003 E0.0561
G1 X-29.164 Y-2.038 E0.05688
G1 X-29.077 Y-3.066 E0.05662
G1 X-28.955 Y-4.02 E0.05278
G0 F12000 X-27.221 Y-3.18
G1 F1200 X-27.861 Y-3.82 E0.04967
G0 F12000 X-28.569 Y-3.82
G1 F1200 X-27.283 Y-2.534 E0.09981
G0 F12000 X-27.336 Y-1.88
G1 F1200 X-28.836 Y-3.38 E0.11642
G0 F12000 X-28.904 Y-2.741
G1 F1200 X-27.375 Y-1.212 E0.11867
G0 F12000 X-27.394 Y-.524
G1 F1200 X-28.958 Y-2.088 E0.12138
G0 F12000 X-28.997 Y-1.42
G1 F1200 X-27.4 Y0.177 E0.12394
G0 F12000 X-27.386 Y0.898
G1 F1200 X-29.026 Y-.742 E0.12728
G0 F12000 X-29.039 Y-0.048
G1 F1200 X-27.348 Y1.643 E0.13124
G0 F12000 X-27.294 Y2.405
G1 F1200 X-29.027 Y0.672 E0.1345
G0 F12000 X-28.998 Y1.407
G1 F1200 X-27.22 Y3.186 E0.13803
G0 F12000 X-27.293 Y3.82
G1 F1200 X-28.954 Y2.159 E0.12891
G0 F12000 X-28.887 Y2.933
G1 F1200 X-28 Y3.82 E0.06884
G0 F12000 X-28.707 Y3.82
G1 F1200 X-28.79 Y3.737 E0.00644
G1 F3600 E-1
G0 F12000 X29.43 Y-4.04
;TYPE:FILL
M106 S255
G1 F3600 E1
G1 F9600 X33.616 Y0.146 E0.29534
G1 X33.603 Y0.968 E0.04101
G1 X33.559 Y1.941 E0.04859
G1 X33.478 Y3.108 E0.05836
G1 X30 Y4.04 E0.17964
G1 X29.3 Y4.04 E0.03492
G1 X29.417 Y3.1 E0.04726
G1 X29.508 Y2.06 E0.05208
G1 X29.563 Y1.041 E0.05091
G1 X29.581 Y-0.008 E0.05234
G1 X29.563 Y-1.042 E0.05159
G1 X29.507 Y-2.074 E0.05156
G1 X29.415 Y-3.117 E0.05224
G1 X29.3 Y-4.04 E0.0464
G1 X33.376 Y-4.04 E0.20335
G1 X33.476 Y-4.04
G1 F3600 E-1
G0 F12000 X35.872 Y4.126
G0 X36.126 Y4.399
;TYPE:WALL-INNER
G1 F3600 E1
G1 F3000 X36.266 Y2.927 E0.07377
G1 X36.329 Y2.006 E0.04606
G1 X36.376 Y1.002 E0.05014
G1 X36.388 Y-0.052 E0.05259
G1 X36.376 Y-.959 E0.04525
G1 X36.335 Y-1.935 E0.04874
G1 X36.264 Y-2.972 E0.05186
G1 X36.127 Y-4.4 E0.07157
G1 X26.887 Y-4.4 E0.46099
G1 X26.468 Y-4.4 E0.0209
G1 X26.654 Y-3.056 E0.06769
G1 X26.747 Y-2.037 E0.05105
G1 X26.808 Y-1.01 E0.05133
G1 X26.824 Y0.01 E0.05089
G1 X26.807 Y1.032 E0.05099
G1 X26.746 Y2.051 E0.05093
G1 X26.651 Y3.081 E0.05161
G1 X26.472 Y4.4 E0.06641
G1 X26.887 Y4.4 E0.0207
G1 X36.126 Y4.399 E0.46094
G0 F12000 X36.467 Y4.799
;TYPE:WALL-OUTER
G1 F1200 X36.569 Y3.965 E0.04192
G1 X36.664 Y2.979 E0.04942
G1 X36.728 Y2.056 E0.04616
G1 X36.776 Y1.014 E0.05204
G1 X36.788 Y-0.057 E0.05344
G1 X36.776 Y-.97 E0.04555
G1 X36.734 Y-1.962 E0.04954
G1 X36.667 Y-2.955 E0.04965
G1 X36.568 Y-3.989 E0.05182
G1 X36.467 Y-4.8 E0.04077
G1 X26.818 Y-4.8 E0.48139
G1 X25.979 Y-4.8 E0.04186
G1 X26.111 Y-4.064 E0.03731
G1 X26.256 Y-3.019 E0.05263
G1 X26.348 Y-2.013 E0.0504
G1 X26.408 Y-1.004 E0.05043
G1 X26.424 Y0.004 E0.0503
G1 X26.408 Y1.008 E0.0501
G1 X26.348 Y2.015 E0.05033
G1 X26.255 Y3.027 E0.0507
G1 X26.113 Y4.072 E0.05261
G1 X25.983 Y4.8 E0.03689
G1 X26.819 Y4.8 E0.04171
G1 X36.467 Y4.799 E0.48134
G0 F12000 X36.564 Y4.005
G0 X35.873 Y3.919
G0 X33.712 Y4.016
;TYPE:SKIN
G1 F2400 X33.831 Y2.93 E0.05451
G1 X33.9 Y1.959 E0.04857
G1 X33.94 Y0.985 E0.04863
G1 X33.957 Y-0.012 E0.04975
G1 X33.94 Y-.984 E0.0485
G1 X33.9 Y-1.957 E0.04858
G1 X33.828 Y-2.963 E0.05032
G1 X33.722 Y-4.02 E0.053
G1 X35.771 Y-4.02 E0.10223
G1 X35.883 Y-2.957 E0.05333
G1 X35.952 Y-1.922 E0.05175
G1 X35.996 Y-.965 E0.0478
G1 X36.007 Y-0.064 E0.04495
G1 X35.996 Y0.968 E0.05149
G1 X35.948 Y1.974 E0.05025
G1 X35.885 Y2.883 E0.04546
G1 X35.778 Y4.016 E0.05678
G1 X33.712 Y4.016 E0.10307
G0 F12000 X33.976 Y3.429
G1 F2400 X34.363 Y3.816 E0.0273
G0 F12000 X34.928 Y3.816
G1 F2400 X34.032 Y2.919 E0.06325
G0 F12000 X34.069 Y2.391
G1 F2400 X35.494 Y3.816 E0.10054
G0 F12000 X35.636 Y3.392
G1 F2400 X34.104 Y1.86 E0.10809
G0 F12000 X34.126 Y1.317
G1 F2400 X35.685 Y2.875 E0.10996
G0 F12000 X35.722 Y2.346
G1 F2400 X34.143 Y0.768 E0.11137
G0 F12000 X34.153 Y0.211
G1 F2400 X35.756 Y1.814 E0.1131
G0 F12000 X35.782 Y1.275
G1 F2400 X34.15 Y-.356 E0.11511
G0 F12000 X34.141 Y-.931
G1 F2400 X35.799 Y0.727 E0.11698
G0 F12000 X35.805 Y0.167
G1 F2400 X34.118 Y-1.52 E0.11903
G0 F12000 X34.089 Y-2.115
G1 F2400 X35.804 Y-.4 E0.121
G0 F12000 X35.796 Y-.974
G1 F2400 X34.045 Y-2.724 E0.12351
G0 F12000 X33.99 Y-3.345
G1 F2400 X35.768 Y-1.567 E0.12545
G0 F12000 X35.736 Y-2.165
G1 F2400 X34.081 Y-3.82 E0.11677
G0 F12000 X34.647 Y-3.82
G1 F2400 X35.696 Y-2.77 E0.07405
G0 F12000 X35.636 Y-3.396
G1 F2400 X35.213 Y-3.82 E0.02988
G1 F3600 E-1
G0 F12000 X28.955 Y4.02
M107
G1 F3600 E1
G1 F1200 X26.952 Y4.02 E0.10992
G1 X26.906 Y4.02 E0.00252
G1 X27.027 Y3.132 E0.04918
G1 X27.124 Y2.083 E0.05781
G1 X27.184 Y1.052 E0.05668
G1 X27.205 Y0.006 E0.05742
G1 X27.184 Y-1.052 E0.05807
G1 X27.124 Y-2.06 E0.05542
G1 X27.028 Y-3.127 E0.05879
G1 X26.902 Y-4.02 E0.04949
G1 X26.951 Y-4.02 E0.00269
G1 X28.955 Y-4.02 E0.10998
G1 X29.077 Y-3.07 E0.05256
G1 X29.166 Y-2.029 E0.05734
G1 X29.219 Y-1.036 E0.05457
G1 X29.24 Y-0.034 E0.055
G1 X29.22 Y1.003 E0.05692
G1 X29.164 Y2.038 E0.05688
G1 X29.078 Y3.046 E0.05552
G1 X28.955 Y4.02 E0.05388
G0 F12000 X27.221 Y3.18
G1 F1200 X27.861 Y3.82 E0.04967
G0 F12000 X28.569 Y3.82
G1 F1200 X27.283 Y2.534 E0.09981
G0 F12000 X27.336 Y1.88
G1 F1200 X28.835 Y3.379 E0.11634
G0 F12000 X28.903 Y2.74
G1 F1200 X27.375 Y1.212 E0.11859
G0 F12000 X27.395 Y0.525
G1 F1200 X28.958 Y2.088 E0.12131
G0 F12000 X28.997 Y1.42
G1 F1200 X27.401 Y-.176 E0.12387
G0 F12000 X27.387 Y-.897
G1 F1200 X29.026 Y0.742 E0.1272
G0 F12000 X29.039 Y0.047
G1 F1200 X27.349 Y-1.643 E0.13116
G0 F12000 X27.294 Y-2.405
G1 F1200 X29.027 Y-.672 E0.1345
G0 F12000 X28.999 Y-1.406
G1 F1200 X27.221 Y-3.184 E0.13799
G0 F12000 X27.293 Y-3.82
G1 F1200 X28.954 Y-2.159 E0.12891
G0 F12000 X28.887 Y-2.932
G1 F1200 X28 Y-3.82 E0.06888
G0 F12000 X28.707 Y-3.82
G1 F1200 X28.79 Y-3.737 E0.00644
G1 F3600 E-1
;MESH:NONMESH
G0 F12000 X-28.518 Y-4.04
;TIME_ELAPSED:484.676815
;LAYER:55
M106 S255
;MESH:bridge.stl
G0 X-28.518 Y-4.04 Z16.8
;TYPE:FILL
G1 F3600 E1
G1 F9600 X-31.755 Y-4.04 E0.16149
G1 X-32.768 Y-3.768 E0.05233
G1 X-32.861 Y-2.887 E0.0442
G1 X-32.933 Y-1.923 E0.04823
G1 X-32.973 Y-1.035 E0.04435
G1 X-32.99 Y-0.022 E0.05055
G1 X-32.977 Y0.904 E0.0462
G1 X-32.931 Y1.934 E0.05144
G1 X-32.861 Y2.887 E0.04767
G1 X-32.74 Y4.04 E0.05784
G1 X-30.073 Y4.04 E0.13306
G1 X-32.966 Y1.146 E0.20415
G1 X-33.036 Y1.076
G1 F3600 E-1
G0 F12000 X-35.284 Y-4.126
G0 X-35.533 Y-4.4
;TYPE:WALL-INNER
G1 F3600 E1
G1 F3000 X-35.678 Y-2.945 E0.07295
G1 X-35.744 Y-1.963 E0.0491
G1 X-35.784 Y-.979 E0.04913
G1 X-35.799 Y0.00 E0.04885
G1 X-35.783 Y1.02 E0.05089
G1 X-35.743 Y1.998 E0.04883
G1 X-35.676 Y2.969 E0.04856
G1 X-35.533 Y4.4 E0.07175
G1 X-26.055 Y4.4 E0.47286
G1 X-25.608 Y4.4 E0.0223
G1 X-25.802 Y3.004 E0.07032
G1 X-25.891 Y2.035 E0.04855
G1 X-25.956 Y1.006 E0.05144
G1 X-25.972 Y-0.01 E0.05069
G1 X-25.955 Y-1.035 E0.05114
G1 X-25.89 Y-2.054 E0.05094
G1 X-25.795 Y-3.027 E0.04877
G1 X-25.615 Y-4.4 E0.06909
G1 X-26.055 Y-4.4 E0.02195
G1 X-35.533 Y-4.4 E0.47286
G0 F12000 X-35.878 Y-4.8
;TYPE:WALL-OUTER
G1 F1200 X-35.978 Y-3.969 E0.04176
G1 X-36.078 Y-2.949 E0.05113
G1 X-36.144 Y-1.985 E0.04821
G1 X-36.184 Y-.99 E0.04968
G1 X-36.199 Y0.00 E0.0494
G1 X-36.183 Y1.036 E0.05169
G1 X-36.142 Y2.025 E0.04938
G1 X-36.074 Y3.008 E0.04916
G1 X-35.976 Y3.985 E0.04899
G1 X-35.878 Y4.8 E0.04095
G1 X-25.983 Y4.8 E0.49366
G1 X-25.119 Y4.8 E0.04311
G1 X-25.251 Y4.064 E0.03731
G1 X-25.404 Y2.967 E0.05526
G1 X-25.492 Y2.009 E0.048
G1 X-25.556 Y1 E0.05044
G1 X-25.572 Y-0.004 E0.0501
G1 X-25.556 Y-1.009 E0.05015
G1 X-25.492 Y-2.016 E0.05034
G1 X-25.399 Y-2.975 E0.04807
G1 X-25.253 Y-4.072 E0.05521
G1 X-25.12 Y-4.8 E0.03692
G1 X-25.984 Y-4.8 E0.04311
G1 X-35.878 Y-4.8 E0.49361
G0 F12000 X-35.973 Y-4.006
G1 F3600 E-1
G0 F12000 X-35.284 Y-3.922
G0 X-33.086 Y4.02
;TYPE:SKIN
G1 F3600 E1
G1 F2400 X-35.18 Y4.02 E0.10447
G1 X-35.294 Y2.949 E0.05373
G1 X-35.36 Y1.984 E0.04826
G1 X-35.4 Y1.017 E0.04829
G1 X-35.415 Y0.067 E0.0474
G1 X-35.403 Y-.947 E0.05059
G1 X-35.362 Y-1.955 E0.05033
G1 X-35.301 Y-2.869 E0.0457
G1 X-35.183 Y-4.019 E0.05767
G1 X-33.083 Y-4.02 E0.10477
G1 X-33.199 Y-2.926 E0.05489
G1 X-33.272 Y-1.947 E0.04898
G1 X-33.312 Y-1.054 E0.0446
G1 X-33.328 Y-0.032 E0.05099
G1 X-33.316 Y0.919 E0.04745
G1 X-33.272 Y1.941 E0.05104
G1 X-33.201 Y2.901 E0.04803
G1 X-33.086 Y4.02 E0.05612
G0 F12000 X-33.354 Y3.373
G1 F2400 X-33.801 Y3.82 E0.03154
G0 F12000 X-34.367 Y3.82
G1 F2400 X-33.405 Y2.858 E0.06787
G0 F12000 X-33.444 Y2.331
G1 F2400 X-34.932 Y3.82 E0.10502
G0 F12000 X-35.048 Y3.369
G1 F2400 X-33.479 Y1.8 E0.1107
G0 F12000 X-33.501 Y1.257
G1 F2400 X-35.099 Y2.855 E0.11275
G0 F12000 X-35.135 Y2.326
G1 F2400 X-33.519 Y0.709 E0.11405
G0 F12000 X-33.526 Y0.151
G1 F2400 X-35.167 Y1.792 E0.11578
G0 F12000 X-35.19 Y1.249
G1 F2400 X-33.523 Y-.419 E0.11765
G0 F12000 X-33.513 Y-.993
G1 F2400 X-35.205 Y0.698 E0.11934
G0 F12000 X-35.213 Y0.141
G1 F2400 X-33.489 Y-1.583 E0.12164
G0 F12000 X-33.456 Y-2.182
G1 F2400 X-35.208 Y-.43 E0.12361
G0 F12000 X-35.2 Y-1.004
G1 F2400 X-33.411 Y-2.793 E0.12622
G0 F12000 X-33.348 Y-3.422
G1 F2400 X-35.176 Y-1.593 E0.12901
G0 F12000 X-35.145 Y-2.19
G1 F2400 X-33.515 Y-3.82 E0.11501
G0 F12000 X-34.081 Y-3.82
G1 F2400 X-35.106 Y-2.795 E0.07232
G0 F12000 X-35.043 Y-3.424
G1 F2400 X-34.647 Y-3.82 E0.02794
G1 F3600 E-1
G0 F12000 X-28.175 Y-4.02
M107
G1 F3600 E1
G1 F1200 X-26.121 Y-4.02 E0.11272
G1 X-26.045 Y-4.02 E0.00417
G1 X-26.179 Y-2.999 E0.05651
G1 X-26.268 Y-2.088 E0.05023
G1 X-26.332 Y-1.057 E0.05669
G1 X-26.352 Y-0.012 E0.05736
G1 X-26.332 Y1.048 E0.05818
G1 X-26.268 Y2.057 E0.05548
G1 X-26.176 Y3.075 E0.05609
G1 X-26.043 Y4.02 E0.05237
G1 X-26.122 Y4.02 E0.00434
G1 X-28.172 Y4.02 E0.1125
G1 X-28.292 Y3.099 E0.05097
G1 X-28.39 Y2.06 E0.05727
G1 X-28.447 Y1.038 E0.05617
G1 X-28.468 Y0.00 E0.05698
G1 X-28.448 Y-1.003 E0.05505
G1 X-28.392 Y-2.041 E0.05705
G1 X-28.297 Y-3.062 E0.05627
G1 X-28.175 Y-4.02 E0.053
G0 F12000 X-26.293 Y-3.666
G1 F1200 X-26.447 Y-3.82 E0.01195
G0 F12000 X-27.154 Y-3.82
G1 F1200 X-26.374 Y-3.04 E0.06054
G0 F12000 X-26.438 Y-2.396
G1 F1200 X-27.861 Y-3.82 E0.11048
G0 F12000 X-28.062 Y-3.314
G1 F1200 X-26.49 Y-1.741 E0.12204
G0 F12000 X-26.531 Y-1.076
G1 F1200 X-28.132 Y-2.676 E0.12422
G0 F12000 X-28.192 Y-2.029
G1 F1200 X-26.545 Y-.382 E0.12783
G0 F12000 X-26.545 Y0.325
G1 F1200 X-28.229 Y-1.359 E0.1307
G0 F12000 X-28.255 Y-.677
G1 F1200 X-26.532 Y1.045 E0.13368
G0 F12000 X-26.485 Y1.8
G1 F1200 X-28.267 Y0.017 E0.13834
G0 F12000 X-28.253 Y0.738
G1 F1200 X-26.422 Y2.569 E0.14211
G0 F12000 X-26.337 Y3.362
G1 F1200 X-28.223 Y1.476 E0.14637
G0 F12000 X-28.173 Y2.232
G1 F1200 X-26.586 Y3.82 E0.12321
G0 F12000 X-27.293 Y3.82
G1 F1200 X-28.1 Y3.012 E0.06267
G1 X-28.17 Y2.942
G1 F3600 E-1
G0 F12000 X29.73 Y-4.04
;TYPE:FILL
M106 S255
G1 F3600 E1
G1 F9600 X32.979 Y-.791 E0.22923
G1 X32.99 Y0.022 E0.04056
G1 X32.973 Y1.03 E0.0503
G1 X32.933 Y1.923 E0.0446
G1 X32.861 Y2.887 E0.04823
G1 X32.795 Y3.511 E0.03131
G1 X30.82 Y4.04 E0.10201
G1 X28.518 Y4.04 E0.11485
G1 X28.639 Y3.096 E0.04748
G1 X28.733 Y2.062 E0.0518
G1 X28.789 Y1.043 E0.05091
G1 X28.808 Y-0.008 E0.05244
G1 X28.789 Y-1.044 E0.05169
G1 X28.731 Y-2.078 E0.05167
G1 X28.639 Y-3.098 E0.05109
G1 X28.52 Y-4.04 E0.04737
G1 X32.74 Y-4.04 E0.21054
G1 X32.84 Y-4.04
G1 F3600 E-1
G0 F12000 X35.284 Y4.126
G0 X35.534 Y4.4
;TYPE:WALL-INNER
G1 F3600 E1
G1 F3000 X35.679 Y2.921 E0.07414
G1 X35.744 Y1.963 E0.0479
G1 X35.784 Y0.979 E0.04913
G1 X35.799 Y-0.07 E0.05234
G1 X35.783 Y-1.024 E0.0476
G1 X35.743 Y-2.002 E0.04883
G1 X35.676 Y-2.973 E0.04856
G1 X35.533 Y-4.4 E0.07155
G1 X26.055 Y-4.4 E0.47286
G1 X25.608 Y-4.4 E0.0223
G1 X25.802 Y-3.004 E0.07032
G1 X25.891 Y-2.039 E0.04835
G1 X25.956 Y-1.01 E0.05144
G1 X25.972 Y0.01 E0.05089
G1 X25.955 Y1.035 E0.05114
G1 X25.89 Y2.054 E0.05094
G1 X25.795 Y3.027 E0.04877
G1 X25.615 Y4.4 E0.06909
G1 X26.055 Y4.4 E0.02195
G1 X35.534 Y4.4 E0.47291
G0 F12000 X35.878 Y4.8
;TYPE:WALL-OUTER
G1 F1200 X35.978 Y3.969 E0.04176
G1 X36.078 Y2.949 E0.05113
G1 X36.144 Y1.985 E0.04821
G1 X36.184 Y0.99 E0.04968
G1 X36.199 Y-0.076 E0.05319
G1 X36.183 Y-1.04 E0.0481
G1 X36.142 Y-2.029 E0.04938
G1 X36.074 Y-3.013 E0.04921
G1 X35.976 Y-3.985 E0.04874
G1 X35.878 Y-4.8 E0.04095
G1 X25.983 Y-4.8 E0.49366
G1 X25.119 Y-4.8 E0.04311
G1 X25.251 Y-4.064 E0.03731
G1 X25.404 Y-2.967 E0.05526
G1 X25.492 Y-2.013 E0.0478
G1 X25.556 Y-1.004 E0.05044
G1 X25.572 Y0.004 E0.0503
G1 X25.556 Y1.009 E0.05015
G1 X25.492 Y2.016 E0.05034
G1 X25.399 Y2.975 E0.04807
G1 X25.253 Y4.072 E0.05521
G1 X25.12 Y4.8 E0.03692
G1 X25.984 Y4.8 E0.04311
G1 X35.878 Y4.8 E0.49361
G0 F12000 X35.973 Y4.006
G0 X35.284 Y3.922
G0 X33.076 Y4.019
;TYPE:SKIN
G1 F2400 X33.199 Y2.927 E0.05482
G1 X33.272 Y1.947 E0.04903
G1 X33.312 Y1.05 E0.0448
G1 X33.328 Y0.032 E0.05079
G1 X33.317 Y-.923 E0.04765
G1 X33.268 Y-1.958 E0.05169
G1 X33.196 Y-2.935 E0.04887
G1 X33.086 Y-4.02 E0.05441
G1 X35.18 Y-4.02 E0.10447
G1 X35.295 Y-2.958 E0.05329
G1 X35.36 Y-1.988 E0.0485
G1 X35.4 Y-1.021 E0.04829
G1 X35.415 Y-0.082 E0.04685
G1 X35.404 Y0.947 E0.05134
G1 X35.364 Y1.926 E0.04888
G1 X35.297 Y2.894 E0.04841
G1 X35.183 Y4.02 E0.05646
G1 X33.076 Y4.019 E0.10512
G0 F12000 X34.647 Y3.82
G1 F2400 X35.042 Y3.425 E0.02787
G0 F12000 X35.104 Y2.797
G1 F2400 X34.081 Y3.82 E0.07218
G0 F12000 X33.515 Y3.82
G1 F2400 X35.145 Y2.191 E0.11497
G0 F12000 X35.177 Y1.592
G1 F2400 X33.344 Y3.425 E0.12933
G0 F12000 X33.41 Y2.794
G1 F2400 X35.201 Y1.003 E0.12636
G0 F12000 X35.21 Y0.429
G1 F2400 X33.456 Y2.182 E0.12372
G0 F12000 X33.489 Y1.583
G1 F2400 X35.214 Y-.141 E0.12167
G0 F12000 X35.205 Y-.698
G1 F2400 X33.513 Y0.993 E0.11934
G0 F12000 X33.523 Y0.419
G1 F2400 X35.19 Y-1.249 E0.11765
G0 F12000 X35.167 Y-1.791
G1 F2400 X33.526 Y-.151 E0.11575
G0 F12000 X33.52 Y-.71
G1 F2400 X35.136 Y-2.326 E0.11402
G0 F12000 X35.101 Y-2.857
G1 F2400 X33.502 Y-1.258 E0.11282
G0 F12000 X33.477 Y-1.798
G1 F2400 X35.048 Y-3.37 E0.11088
G0 F12000 X34.933 Y-3.82
G1 F2400 X33.442 Y-2.329 E0.1052
G0 F12000 X33.404 Y-2.857
G1 F2400 X34.368 Y-3.82 E0.06798
G0 F12000 X33.802 Y-3.82
G1 F2400 X33.354 Y-3.372 E0.03161
G1 F3600 E-1
G0 F12000 X28.175 Y4.02
M107
G1 F3600 E1
G1 F1200 X26.121 Y4.02 E0.11272
G1 X26.045 Y4.02 E0.00417
G1 X26.179 Y2.999 E0.05651
G1 X26.268 Y2.088 E0.05023
G1 X26.332 Y1.057 E0.05669
G1 X26.353 Y0.006 E0.05769
G1 X26.332 Y-1.056 E0.05829
G1 X26.268 Y-2.065 E0.05548
G1 X26.18 Y-3.039 E0.05367
G1 X26.042 Y-4.02 E0.05437
G1 X26.123 Y-4.02 E0.00445
G1 X28.172 Y-4.02 E0.11245
G1 X28.293 Y-3.1 E0.05092
G1 X28.39 Y-2.063 E0.05716
G1 X28.447 Y-1.042 E0.05612
G1 X28.468 Y-0.036 E0.05522
G1 X28.448 Y1.003 E0.05703
G1 X28.392 Y2.041 E0.05705
G1 X28.297 Y3.062 E0.05627
G1 X28.175 Y4.02 E0.053
G0 F12000 X26.293 Y3.666
G1 F1200 X26.447 Y3.82 E0.01195
G0 F12000 X27.154 Y3.82
G1 F1200 X26.374 Y3.04 E0.06054
G0 F12000 X26.438 Y2.396
G1 F1200 X27.861 Y3.82 E0.11048
G0 F12000 X28.062 Y3.314
G1 F1200 X26.49 Y1.741 E0.12204
G0 F12000 X26.531 Y1.076
G1 F1200 X28.132 Y2.676 E0.12422
G0 F12000 X28.192 Y2.029
G1 F1200 X26.545 Y0.382 E0.12783
G0 F12000 X26.545 Y-.325
G1 F1200 X28.229 Y1.359 E0.1307
G0 F12000 X28.255 Y0.677
G1 F1200 X26.531 Y-1.046 E0.13376
G0 F12000 X26.485 Y-1.8
G1 F1200 X28.268 Y-0.016 E0.13842
G0 F12000 X28.254 Y-.738
G1 F1200 X26.422 Y-2.569 E0.14214
G0 F12000 X26.335 Y-3.363
G1 F1200 X28.223 Y-1.475 E0.14653
G0 F12000 X28.175 Y-2.231
G1 F1200 X26.586 Y-3.82 E0.12332
G0 F12000 X27.293 Y-3.82
G1 F1200 X28.102 Y-3.011 E0.06279
G1 X28.172 Y-2.941
G1 F3600 E-1
;MESH:NONMESH
G0 F12000 X-27.714 Y-4.04
;TIME_ELAPSED:501.400907
;LAYER:56
M106 S255
;MESH:bridge.stl
G0 X-27.714 Y-4.04 Z17.1
;TYPE:FILL
G1 F3600 E1
G1 F9600 X-30.934 Y-4.04 E0.16065
G1 X-32.128 Y-3.721 E0.06166
G1 X-32.217 Y-2.889 E0.04175
G1 X-32.285 Y-1.945 E0.04722
G1 X-32.328 Y-.968 E0.04879
G1 X-32.343 Y0.027 E0.04965
G1 X-32.328 Y0.968 E0.04695
G1 X-32.285 Y1.933 E0.04819
G1 X-32.215 Y2.889 E0.04782
G1 X-32.097 Y4.04 E0.05772
G1 X-29.773 Y4.04 E0.11594
G1 X-32.304 Y1.508 E0.17861
G1 X-32.374 Y1.438
G1 F3600 E-1
G0 F12000 X-34.681 Y-4.126
G0 X-34.932 Y-4.4
;TYPE:WALL-INNER
G1 F3600 E1
G1 F3000 X-35.078 Y-2.948 E0.07281
G1 X-35.148 Y-1.962 E0.04932
G1 X-35.188 Y-.979 E0.04908
G1 X-35.203 Y0.00 E0.04885
G1 X-35.187 Y1.02 E0.05089
G1 X-35.151 Y1.921 E0.04499
G1 X-35.076 Y2.969 E0.05242
G1 X-34.932 Y4.4 E0.07175
G1 X-25.192 Y4.4 E0.48593
G1 X-24.712 Y4.4 E0.02395
G1 X-24.906 Y3.06 E0.06755
G1 X-25.007 Y2.035 E0.05139
G1 X-25.072 Y1.009 E0.05129
G1 X-25.092 Y-0.012 E0.05095
G1 X-25.071 Y-1.035 E0.05105
G1 X-25.006 Y-2.056 E0.05104
G1 X-24.906 Y-3.06 E0.05034
G1 X-24.712 Y-4.4 E0.06755
G1 X-25.192 Y-4.4 E0.02395
G1 X-34.932 Y-4.4 E0.48593
G0 F12000 X-35.275 Y-4.8
;TYPE:WALL-OUTER
G1 F1200 X-35.378 Y-3.963 E0.04207
G1 X-35.478 Y-2.955 E0.05054
G1 X-35.548 Y-1.984 E0.04857
G1 X-35.588 Y-.99 E0.04963
G1 X-35.603 Y0.00 E0.0494
G1 X-35.587 Y1.036 E0.05169
G1 X-35.551 Y1.937 E0.04499
G1 X-35.474 Y3.009 E0.05362
G1 X-35.376 Y3.982 E0.04879
G1 X-35.275 Y4.8 E0.04112
G1 X-25.12 Y4.8 E0.50664
G1 X-24.22 Y4.8 E0.0449
G1 X-24.362 Y4.025 E0.03931
G1 X-24.508 Y3.02 E0.05067
G1 X-24.608 Y2.009 E0.05069
G1 X-24.672 Y1.001 E0.05039
G1 X-24.692 Y-0.004 E0.05015
G1 X-24.672 Y-1.009 E0.05015
G1 X-24.608 Y-2.016 E0.05034
G1 X-24.508 Y-3.02 E0.05034
G1 X-24.361 Y-4.032 E0.05102
G1 X-24.22 Y-4.8 E0.03896
G1 X-25.12 Y-4.8 E0.0449
G1 X-35.275 Y-4.8 E0.50664
G0 F12000 X-35.372 Y-4.006
G1 F3600 E-1
G0 F12000 X-34.683 Y-3.919
G0 X-32.441 Y4.02
;TYPE:SKIN
G1 F3600 E1
G1 F2400 X-34.58 Y4.02 E0.10672
G1 X-34.695 Y2.947 E0.05384
G1 X-34.767 Y1.953 E0.04972
G1 X-34.802 Y1.078 E0.04369
G1 X-34.82 Y0.067 E0.05045
G1 X-34.807 Y-.947 E0.05059
G1 X-34.768 Y-1.936 E0.04938
G1 X-34.701 Y-2.872 E0.04682
G1 X-34.58 Y-4.02 E0.05759
G1 X-32.442 Y-4.02 E0.10667
G1 X-32.551 Y-2.928 E0.05475
G1 X-32.624 Y-1.959 E0.04848
G1 X-32.668 Y-.986 E0.04859
G1 X-32.68 Y0.013 E0.04984
G1 X-32.668 Y0.965 E0.0475
G1 X-32.624 Y1.942 E0.04879
G1 X-32.552 Y2.923 E0.04907
G1 X-32.441 Y4.02 E0.05501
G0 F12000 X-34.08 Y3.82
G1 F2400 X-34.438 Y3.463 E0.02522
G0 F12000 X-34.503 Y2.833
G1 F2400 X-33.515 Y3.82 E0.06967
G0 F12000 X-32.949 Y3.82
G1 F2400 X-34.546 Y2.223 E0.11268
G0 F12000 X-34.58 Y1.624
G1 F2400 X-32.694 Y3.51 E0.13307
G0 F12000 X-32.756 Y2.882
G1 F2400 X-34.603 Y1.035 E0.13032
G0 F12000 X-34.614 Y0.459
G1 F2400 X-32.801 Y2.272 E0.12792
G0 F12000 X-32.837 Y1.67
G1 F2400 X-34.618 Y-.111 E0.12566
G0 F12000 X-34.611 Y-.67
G1 F2400 X-32.863 Y1.078 E0.12333
G0 F12000 X-32.873 Y0.502
G1 F2400 X-34.596 Y-1.22 E0.12153
G0 F12000 X-34.573 Y-1.764
G1 F2400 X-32.878 Y-0.069 E0.11959
G0 F12000 X-32.872 Y-.628
G1 F2400 X-34.541 Y-2.297 E0.11776
G0 F12000 X-34.505 Y-2.826
G1 F2400 X-32.859 Y-1.181 E0.1161
G0 F12000 X-32.835 Y-1.722
G1 F2400 X-34.452 Y-3.339 E0.11409
G0 F12000 X-34.367 Y-3.82
G1 F2400 X-32.802 Y-2.255 E0.11042
G0 F12000 X-32.764 Y-2.782
G1 F2400 X-33.801 Y-3.82 E0.0732
G0 F12000 X-33.235 Y-3.82
G1 F2400 X-32.715 Y-3.299 E0.03672
G1 F3600 E-1
G0 F12000 X-27.375 Y-4.02
M107
G1 F3600 E1
G1 F1200 X-25.261 Y-4.02 E0.11601
G1 X-25.148 Y-4.02 E0.0062
G1 X-25.282 Y-3.106 E0.0507
G1 X-25.384 Y-2.092 E0.05593
G1 X-25.448 Y-1.057 E0.05691
G1 X-25.472 Y-0.017 E0.05709
G1 X-25.448 Y1.049 E0.05852
G1 X-25.384 Y2.057 E0.05543
G1 X-25.284 Y3.096 E0.05728
G1 X-25.148 Y4.02 E0.05125
G1 X-25.261 Y4.02 E0.0062
G1 X-27.369 Y4.02 E0.11569
G1 X-27.497 Y3.065 E0.05288
G1 X-27.59 Y2.089 E0.0538
G1 X-27.651 Y1.038 E0.05778
G1 X-27.672 Y0.00 E0.05698
G1 X-27.651 Y-1.016 E0.05577
G1 X-27.597 Y-1.999 E0.05403
G1 X-27.497 Y-3.065 E0.05876
G1 X-27.375 Y-4.02 E0.05284
G0 F12000 X-25.425 Y-3.505
G1 F1200 X-25.74 Y-3.82 E0.02445
G0 F12000 X-26.447 Y-3.82
G1 F1200 X-25.506 Y-2.879 E0.07303
G0 F12000 X-25.57 Y-2.236
G1 F1200 X-27.154 Y-3.82 E0.12294
G0 F12000 X-27.274 Y-3.232
G1 F1200 X-25.616 Y-1.575 E0.12864
G0 F12000 X-25.652 Y-.903
G1 F1200 X-27.341 Y-2.592 E0.13108
G0 F12000 X-27.4 Y-1.944
G1 F1200 X-25.667 Y-.211 E0.1345
G0 F12000 X-25.659 Y0.503
G1 F1200 X-27.436 Y-1.273 E0.13788
G0 F12000 X-27.46 Y-.59
G1 F1200 X-25.637 Y1.233 E0.14148
G0 F12000 X-25.589 Y1.988
G1 F1200 X-27.47 Y0.107 E0.14599
G0 F12000 X-27.456 Y0.829
G1 F1200 X-25.517 Y2.768 E0.15049
G1 X-25.447 Y2.838
G0 F12000 X-25.415 Y3.577
G1 F1200 X-27.42 Y1.571 E0.15565
G0 F12000 X-27.366 Y2.332
G1 F1200 X-25.879 Y3.82 E0.11545
G0 F12000 X-26.586 Y3.82
G1 F1200 X-27.289 Y3.117 E0.05456
G1 X-27.359 Y3.047
G1 F3600 E-1
G0 F12000 X30.03 Y-4.04
;TYPE:FILL
M106 S255
G1 F3600 E1
G1 F9600 X32.291 Y-1.778 E0.15956
G1 X32.328 Y-.974 E0.04015
G1 X32.343 Y-0.027 E0.04725
G1 X32.328 Y0.968 E0.04965
G1 X32.285 Y1.945 E0.04879
G1 X32.217 Y2.889 E0.04722
G1 X32.106 Y3.915 E0.05149
G1 X31.637 Y4.04 E0.02422
G1 X27.712 Y4.04 E0.19582
G1 X27.839 Y3.093 E0.04767
G1 X27.937 Y2.043 E0.05261
G1 X27.994 Y1.043 E0.04997
G1 X28.012 Y-0.008 E0.05244
G1 X27.994 Y-1.044 E0.05169
G1 X27.933 Y-2.104 E0.05297
G1 X27.838 Y-3.095 E0.04967
G1 X27.712 Y-4.04 E0.04756
G1 X32.096 Y-4.04 E0.21872
G1 X32.196 Y-4.04
G1 F3600 E-1
G0 F12000 X34.681 Y4.126
G0 X34.932 Y4.4
;TYPE:WALL-INNER
G1 F3600 E1
G1 F3000 X35.078 Y2.948 E0.07281
G1 X35.148 Y1.962 E0.04932
G1 X35.188 Y0.979 E0.04908
G1 X35.203 Y-0.07 E0.05234
G1 X35.187 Y-1.024 E0.0476
G1 X35.151 Y-1.924 E0.04494
G1 X35.077 Y-2.969 E0.05227
G1 X34.932 Y-4.4 E0.07176
G1 X25.192 Y-4.4 E0.48593
G1 X24.712 Y-4.4 E0.02395
G1 X24.906 Y-3.06 E0.06755
G1 X25.006 Y-2.06 E0.05014
G1 X25.072 Y-1.012 E0.05239
G1 X25.092 Y0.012 E0.0511
G1 X25.071 Y1.035 E0.05105
G1 X25.006 Y2.056 E0.05104
G1 X24.906 Y3.06 E0.05034
G1 X24.712 Y4.4 E0.06755
G1 X25.192 Y4.4 E0.02395
G1 X34.932 Y4.4 E0.48593
G0 F12000 X35.275 Y4.8
;TYPE:WALL-OUTER
G1 F1200 X35.378 Y3.963 E0.04207
G1 X35.478 Y2.955 E0.05054
G1 X35.548 Y1.984 E0.04857
G1 X35.588 Y0.99 E0.04963
G1 X35.603 Y-0.076 E0.05319
G1 X35.587 Y-1.04 E0.0481
G1 X35.551 Y-1.94 E0.04494
G1 X35.475 Y-3.009 E0.05347
G1 X35.376 Y-3.987 E0.04904
G1 X35.275 Y-4.8 E0.04087
G1 X25.12 Y-4.8 E0.50664
G1 X24.22 Y-4.8 E0.0449
G1 X24.362 Y-4.025 E0.03931
G1 X24.508 Y-3.02 E0.05067
G1 X24.608 Y-2.013 E0.05049
G1 X24.672 Y-1.004 E0.05044
G1 X24.692 Y0.004 E0.0503
G1 X24.672 Y1.009 E0.05015
G1 X24.608 Y2.016 E0.05034
G1 X24.508 Y3.02 E0.05034
G1 X24.361 Y4.032 E0.05102
G1 X24.22 Y4.8 E0.03896
G1 X25.12 Y4.8 E0.0449
G1 X35.275 Y4.8 E0.50664
G0 F12000 X35.372 Y4.006
G0 X34.683 Y3.919
G0 X32.442 Y4.02
;TYPE:SKIN
G1 F2400 X32.551 Y2.928 E0.05475
G1 X32.624 Y1.959 E0.04848
G1 X32.668 Y0.986 E0.04859
G1 X32.681 Y-0.013 E0.04984
G1 X32.668 Y-.967 E0.0476
G1 X32.624 Y-1.958 E0.04949
G1 X32.548 Y-2.96 E0.05013
G1 X32.442 Y-4.02 E0.05315
G1 X34.58 Y-4.02 E0.10667
G1 X34.695 Y-2.951 E0.05364
G1 X34.763 Y-1.995 E0.04782
G1 X34.802 Y-1.08 E0.04569
G1 X34.819 Y-0.082 E0.0498
G1 X34.808 Y0.947 E0.05134
G1 X34.768 Y1.936 E0.04938
G1 X34.701 Y2.872 E0.04682
G1 X34.58 Y4.02 E0.05759
G1 X32.442 Y4.02 E0.10667
G0 F12000 X32.715 Y3.299
G1 F2400 X33.235 Y3.82 E0.03672
G0 F12000 X33.801 Y3.82
G1 F2400 X32.764 Y2.782 E0.0732
G0 F12000 X32.802 Y2.255
G1 F2400 X34.367 Y3.82 E0.11042
G0 F12000 X34.452 Y3.339
G1 F2400 X32.835 Y1.722 E0.11409
G0 F12000 X32.859 Y1.181
G1 F2400 X34.505 Y2.826 E0.1161
G0 F12000 X34.541 Y2.297
G1 F2400 X32.873 Y0.629 E0.11769
G0 F12000 X32.88 Y0.07
G1 F2400 X34.573 Y1.764 E0.11949
G0 F12000 X34.597 Y1.221
G1 F2400 X32.874 Y-.501 E0.12153
G0 F12000 X32.863 Y-1.078
G1 F2400 X34.611 Y0.67 E0.12333
G0 F12000 X34.617 Y0.11
G1 F2400 X32.837 Y-1.67 E0.12559
G0 F12000 X32.801 Y-2.272
G1 F2400 X34.612 Y-.46 E0.12781
G0 F12000 X34.602 Y-1.036
G1 F2400 X32.753 Y-2.885 E0.13046
G0 F12000 X32.693 Y-3.511
G1 F2400 X34.579 Y-1.625 E0.13307
G0 F12000 X34.546 Y-2.223
G1 F2400 X32.95 Y-3.82 E0.11264
G0 F12000 X33.515 Y-3.82
G1 F2400 X34.503 Y-2.832 E0.06971
G0 F12000 X34.439 Y-3.462
G1 F2400 X34.081 Y-3.82 E0.02526
G1 F3600 E-1
G0 F12000 X27.375 Y4.02
M107
G1 F3600 E1
G1 F1200 X25.261 Y4.02 E0.11601
G1 X25.148 Y4.02 E0.0062
G1 X25.282 Y3.106 E0.0507
G1 X25.384 Y2.092 E0.05593
G1 X25.448 Y1.057 E0.05691
G1 X25.473 Y0.01 E0.05747
G1 X25.448 Y-1.057 E0.05857
G1 X25.384 Y-2.065 E0.05543
G1 X25.284 Y-3.096 E0.05685
G1 X25.148 Y-4.02 E0.05125
G1 X25.261 Y-4.02 E0.0062
G1 X27.369 Y-4.02 E0.11569
G1 X27.497 Y-3.061 E0.0531
G1 X27.59 Y-2.089 E0.05359
G1 X27.651 Y-1.043 E0.0575
G1 X27.672 Y-0.038 E0.05517
G1 X27.652 Y1.016 E0.05785
G1 X27.596 Y2.02 E0.05518
G1 X27.499 Y3.025 E0.05541
G1 X27.375 Y4.02 E0.05503
G0 F12000 X25.425 Y3.505
G1 F1200 X25.74 Y3.82 E0.02445
G0 F12000 X26.447 Y3.82
G1 F1200 X25.507 Y2.879 E0.07299
G0 F12000 X25.57 Y2.236
G1 F1200 X27.154 Y3.82 E0.12294
G0 F12000 X27.274 Y3.232
G1 F1200 X25.616 Y1.575 E0.12864
G0 F12000 X25.652 Y0.903
G1 F1200 X27.34 Y2.592 E0.13105
G0 F12000 X27.4 Y1.944
G1 F1200 X25.668 Y0.212 E0.13442
G0 F12000 X25.661 Y-.502
G1 F1200 X27.437 Y1.274 E0.13784
G0 F12000 X27.46 Y0.59
G1 F1200 X25.638 Y-1.232 E0.14141
G0 F12000 X25.589 Y-1.988
G1 F1200 X27.471 Y-.106 E0.14606
G0 F12000 X27.456 Y-.828
G1 F1200 X25.517 Y-2.768 E0.15053
G1 X25.447 Y-2.838
G0 F12000 X25.415 Y-3.577
G1 F1200 X27.421 Y-1.57 E0.15573
G0 F12000 X27.366 Y-2.333
G1 F1200 X25.879 Y-3.82 E0.11541
G0 F12000 X26.586 Y-3.82
G1 F1200 X27.288 Y-3.118 E0.05448
G1 X27.358 Y-3.048
G1 F3600 E-1
;MESH:NONMESH
G0 F12000 X-26.886 Y-4.04
;TIME_ELAPSED:518.424749
;LAYER:57
M106 S255
;MESH:bridge.stl
G0 X-26.886 Y-4.04 Z17.4
;TYPE:FILL
G1 F3600 E1
G1 F9600 X-30.116 Y-4.04 E0.16115
G1 X-31.469 Y-3.678 E0.06988
G1 X-31.551 Y-2.91 E0.03853
G1 X-31.628 Y-1.918 E0.04964
G1 X-31.67 Y-.967 E0.04749
G1 X-31.686 Y0.028 E0.04965
G1 X-31.67 Y0.966 E0.0468
G1 X-31.627 Y1.918 E0.04754
G1 X-31.551 Y2.91 E0.04964
G1 X-31.431 Y4.04 E0.05669
G1 X-29.473 Y4.04 E0.09769
G1 X-31.629 Y1.884 E0.15212
G1 X-31.699 Y1.814
G1 F3600 E-1
G0 F12000 X-34.075 Y-4.125
G0 X-34.328 Y-4.4
;TYPE:WALL-INNER
G1 F3600 E1
G1 F3000 X-34.479 Y-2.848 E0.0778
G1 X-34.54 Y-1.963 E0.04426
G1 X-34.58 Y-.979 E0.04913
G1 X-34.595 Y0.00 E0.04885
G1 X-34.579 Y1.02 E0.05089
G1 X-34.543 Y1.921 E0.04499
G1 X-34.468 Y2.968 E0.05237
G1 X-34.327 Y4.4 E0.07179
G1 X-24.296 Y4.4 E0.50045
G1 X-23.783 Y4.4 E0.02559
G1 X-23.981 Y3.065 E0.06733
G1 X-24.091 Y2.035 E0.05168
G1 X-24.156 Y1.009 E0.05129
G1 X-24.176 Y-0.012 E0.05095
G1 X-24.155 Y-1.035 E0.05105
G1 X-24.089 Y-2.061 E0.05129
G1 X-23.978 Y-3.089 E0.05159
G1 X-23.783 Y-4.4 E0.06613
G1 X-24.296 Y-4.4 E0.02559
G1 X-34.328 Y-4.4 E0.5005
G0 F12000 X-34.664 Y-4.8
;TYPE:WALL-OUTER
G1 F1200 X-34.769 Y-4.005 E0.04001
G1 X-34.878 Y-2.876 E0.05659
G1 X-34.94 Y-1.985 E0.04456
G1 X-34.98 Y-.99 E0.04968
G1 X-34.995 Y0.00 E0.0494
G1 X-34.979 Y1.036 E0.05169
G1 X-34.943 Y1.937 E0.04499
G1 X-34.866 Y3.007 E0.05352
G1 X-34.771 Y3.961 E0.04783
G1 X-34.664 Y4.8 E0.0422
G1 X-24.222 Y4.8 E0.52095
G1 X-23.286 Y4.8 E0.0467
G1 X-23.434 Y4.026 E0.03931
G1 X-23.583 Y3.022 E0.05064
G1 X-23.692 Y2.009 E0.05083
G1 X-23.756 Y1.001 E0.05039
G1 X-23.776 Y-0.004 E0.05015
G1 X-23.756 Y-1.009 E0.05015
G1 X-23.691 Y-2.018 E0.05044
G1 X-23.582 Y-3.03 E0.05078
G1 X-23.433 Y-4.034 E0.05064
G1 X-23.286 Y-4.8 E0.03891
G1 X-24.222 Y-4.8 E0.0467
G1 X-34.664 Y-4.8 E0.52095
G0 F12000 X-34.768 Y-4.007
G1 F3600 E-1
G0 F12000 X-34.077 Y-3.916
G0 X-31.775 Y4.02
;TYPE:SKIN
G1 F3600 E1
G1 F2400 X-33.979 Y4.02 E0.10996
G1 X-34.088 Y2.945 E0.05391
G1 X-34.159 Y1.953 E0.04962
G1 X-34.194 Y1.076 E0.04379
G1 X-34.212 Y0.082 E0.0496
G1 X-34.2 Y-.946 E0.05129
G1 X-34.16 Y-1.94 E0.04963
G1 X-34.097 Y-2.804 E0.04322
G1 X-33.982 Y-4.019 E0.06089
G1 X-31.774 Y-4.02 E0.11016
G1 X-31.891 Y-2.901 E0.05613
G1 X-31.964 Y-1.944 E0.04788
G1 X-32.008 Y-.986 E0.04785
G1 X-32.024 Y0.016 E0.05
G1 X-32.008 Y0.959 E0.04705
G1 X-31.964 Y1.938 E0.04889
G1 X-31.896 Y2.895 E0.04787
G1 X-31.775 Y4.02 E0.05645
G0 F12000 X-32.007 Y3.723
G1 F2400 X-32.104 Y3.82 E0.00684
G0 F12000 X-32.67 Y3.82
G1 F2400 X-32.063 Y3.213 E0.04283
G0 F12000 X-32.111 Y2.695
G1 F2400 X-33.235 Y3.82 E0.07934
G0 F12000 X-33.798 Y3.817
G1 F2400 X-32.149 Y2.167 E0.11638
G0 F12000 X-32.178 Y1.631
G1 F2400 X-33.85 Y3.303 E0.11797
G0 F12000 X-33.899 Y2.786
G1 F2400 X-32.202 Y1.09 E0.1197
G0 F12000 X-32.216 Y0.537
G1 F2400 X-33.936 Y2.258 E0.12139
G0 F12000 X-33.967 Y1.723
G1 F2400 X-32.224 Y-0.02 E0.12298
G0 F12000 X-32.215 Y-.595
G1 F2400 X-33.989 Y1.179 E0.12517
G0 F12000 X-34.001 Y0.626
G1 F2400 X-32.2 Y-1.176 E0.12711
G0 F12000 X-32.172 Y-1.769
G1 F2400 X-34.011 Y0.07 E0.12975
G0 F12000 X-34.005 Y-.502
G1 F2400 X-32.132 Y-2.375 E0.13215
G0 F12000 X-32.083 Y-2.99
G1 F2400 X-33.994 Y-1.078 E0.13487
G0 F12000 X-33.97 Y-1.668
G1 F2400 X-32.017 Y-3.621 E0.13779
G0 F12000 X-32.383 Y-3.82
G1 F2400 X-33.934 Y-2.27 E0.1094
G0 F12000 X-33.888 Y-2.881
G1 F2400 X-32.95 Y-3.82 E0.06622
G0 F12000 X-33.515 Y-3.82
G1 F2400 X-33.829 Y-3.506 E0.02215
G1 F3600 E-1
G0 F12000 X-26.547 Y-4.02
M107
G1 F3600 E1
G1 F1200 X-24.366 Y-4.02 E0.11969
G1 X-24.221 Y-4.02 E0.00796
G1 X-24.356 Y-3.133 E0.04924
G1 X-24.467 Y-2.053 E0.05958
G1 X-24.532 Y-1.057 E0.05478
G1 X-24.556 Y-0.017 E0.05709
G1 X-24.532 Y1.049 E0.05852
G1 X-24.476 Y2.012 E0.05294
G1 X-24.359 Y3.102 E0.06016
G1 X-24.224 Y4.02 E0.05092
G1 X-24.366 Y4.02 E0.00779
G1 X-26.541 Y4.02 E0.11936
G1 X-26.669 Y3.068 E0.05272
G1 X-26.766 Y2.064 E0.05536
G1 X-26.827 Y1.043 E0.05613
G1 X-26.844 Y0.00 E0.05725
G1 X-26.827 Y-1.016 E0.05577
G1 X-26.768 Y-2.044 E0.05651
G1 X-26.67 Y-3.051 E0.05552
G1 X-26.547 Y-4.02 E0.0536
G0 F12000 X-24.53 Y-3.317
G1 F1200 X-25.033 Y-3.82 E0.03904
G0 F12000 X-25.74 Y-3.82
G1 F1200 X-24.603 Y-2.683 E0.08824
G0 F12000 X-24.668 Y-2.041
G1 F1200 X-26.38 Y-3.753 E0.13287
G0 F12000 X-26.46 Y-3.125
G1 F1200 X-24.712 Y-1.377 E0.13566
G0 F12000 X-24.74 Y-.699
G1 F1200 X-26.524 Y-2.483 E0.13846
G0 F12000 X-26.579 Y-1.831
G1 F1200 X-24.756 Y-0.007 E0.14152
G0 F12000 X-24.74 Y0.716
G1 F1200 X-26.619 Y-1.163 E0.14583
G0 F12000 X-26.637 Y-.474
G1 F1200 X-24.709 Y1.454 E0.14963
G0 F12000 X-24.656 Y2.214
G1 F1200 X-26.64 Y0.23 E0.15398
G0 F12000 X-26.628 Y0.949
G1 F1200 X-24.571 Y3.007 E0.15968
G1 X-24.501 Y3.077
G0 F12000 X-24.464 Y3.82
G1 F1200 X-26.588 Y1.696 E0.16485
G0 F12000 X-26.526 Y2.465
G1 F1200 X-25.172 Y3.82 E0.10512
G0 F12000 X-25.879 Y3.82
G1 F1200 X-26.442 Y3.257 E0.04369
G1 F3600 E-1
G0 F12000 X30.33 Y-4.04
;TYPE:FILL
M106 S255
G1 F3600 E1
G1 F9600 X31.559 Y-2.811 E0.08671
G1 X31.625 Y-1.944 E0.04338
G1 X31.67 Y-.974 E0.04845
G1 X31.686 Y-0.028 E0.0472
G1 X31.67 Y0.966 E0.0496
G1 X31.628 Y1.918 E0.04754
G1 X31.551 Y2.91 E0.04964
G1 X31.431 Y4.039 E0.05664
G1 X26.886 Y4.04 E0.22675
G1 X27.009 Y3.123 E0.04616
G1 X27.109 Y2.064 E0.05307
G1 X27.169 Y1.043 E0.05103
G1 X27.186 Y-0.008 E0.05244
G1 X27.169 Y-1.044 E0.05169
G1 X27.108 Y-2.081 E0.05183
G1 X27.009 Y-3.124 E0.05227
G1 X26.886 Y-4.04 E0.04611
G1 X31.43 Y-4.04 E0.2267
G1 X31.53 Y-4.04
G1 F3600 E-1
G0 F12000 X34.075 Y4.125
G0 X34.328 Y4.399
;TYPE:WALL-INNER
G1 F3600 E1
G1 F3000 X34.478 Y2.87 E0.07665
G1 X34.54 Y1.963 E0.04536
G1 X34.58 Y0.979 E0.04913
G1 X34.595 Y-0.07 E0.05234
G1 X34.579 Y-1.024 E0.0476
G1 X34.543 Y-1.924 E0.04494
G1 X34.469 Y-2.969 E0.05227
G1 X34.325 Y-4.4 E0.07175
G1 X24.296 Y-4.4 E0.50035
G1 X23.784 Y-4.4 E0.02554
G1 X23.981 Y-3.065 E0.06732
G1 X24.091 Y-2.039 E0.05148
G1 X24.156 Y-1.012 E0.05134
G1 X24.176 Y0.012 E0.0511
G1 X24.155 Y1.035 E0.05105
G1 X24.089 Y2.061 E0.05129
G1 X23.982 Y3.065 E0.05037
G1 X23.783 Y4.4 E0.06734
G1 X24.296 Y4.4 E0.02559
G1 X34.328 Y4.399 E0.5005
G0 F12000 X34.664 Y4.799
;TYPE:WALL-OUTER
G1 F1200 X34.769 Y3.991 E0.04065
G1 X34.878 Y2.876 E0.05589
G1 X34.94 Y1.985 E0.04456
G1 X34.98 Y0.99 E0.04968
G1 X34.995 Y-0.076 E0.05319
G1 X34.979 Y-1.04 E0.0481
G1 X34.943 Y-1.94 E0.04494
G1 X34.867 Y-3.008 E0.05342
G1 X34.771 Y-3.966 E0.04803
G1 X34.664 Y-4.8 E0.04195
G1 X24.222 Y-4.8 E0.52095
G1 X23.287 Y-4.8 E0.04665
G1 X23.434 Y-4.03 E0.03911
G1 X23.583 Y-3.022 E0.05084
G1 X23.692 Y-2.013 E0.05063
G1 X23.756 Y-1.004 E0.05044
G1 X23.776 Y0.004 E0.0503
G1 X23.756 Y1.009 E0.05015
G1 X23.691 Y2.018 E0.05044
G1 X23.584 Y3.022 E0.05037
G1 X23.433 Y4.034 E0.05105
G1 X23.286 Y4.8 E0.03891
G1 X24.222 Y4.8 E0.0467
G1 X34.664 Y4.799 E0.52095
G0 F12000 X34.767 Y4.006
G1 F3600 E-1
G0 F12000 X34.077 Y3.915
G0 X31.774 Y4.016
;TYPE:SKIN
G1 F3600 E1
G1 F2400 X31.891 Y2.901 E0.05593
G1 X31.964 Y1.944 E0.04788
G1 X32.008 Y0.986 E0.04785
G1 X32.025 Y-0.024 E0.0504
G1 X32.008 Y-.962 E0.0468
G1 X31.964 Y-1.954 E0.04954
G1 X31.892 Y-2.912 E0.04793
G1 X31.775 Y-4.02 E0.05559
G1 X33.979 Y-4.02 E0.10996
G1 X34.087 Y-2.95 E0.05365
G1 X34.155 Y-1.996 E0.04772
G1 X34.195 Y-1.045 E0.04749
G1 X34.211 Y-0.082 E0.04805
G1 X34.2 Y0.946 E0.05129
G1 X34.16 Y1.927 E0.04898
G1 X34.101 Y2.8 E0.04365
G1 X33.982 Y4.015 E0.06091
G1 X31.774 Y4.016 E0.11016
G0 F12000 X33.52 Y3.815
G1 F2400 X33.832 Y3.504 E0.02198
G0 F12000 X33.893 Y2.877
G1 F2400 X32.955 Y3.815 E0.06618
G0 F12000 X32.388 Y3.816
G1 F2400 X33.936 Y2.268 E0.10922
G0 F12000 X33.969 Y1.669
G1 F2400 X32.017 Y3.621 E0.13772
G0 F12000 X32.084 Y2.988
G1 F2400 X33.994 Y1.078 E0.13476
G0 F12000 X34.004 Y0.503
G1 F2400 X32.133 Y2.374 E0.13201
G0 F12000 X32.173 Y1.768
G1 F2400 X34.01 Y-0.069 E0.12961
G0 F12000 X34.001 Y-.626
G1 F2400 X32.2 Y1.175 E0.12707
G0 F12000 X32.215 Y0.595
G1 F2400 X33.989 Y-1.179 E0.12517
G0 F12000 X33.965 Y-1.721
G1 F2400 X32.224 Y0.02 E0.12284
G0 F12000 X32.216 Y-.537
G1 F2400 X33.935 Y-2.256 E0.12128
G0 F12000 X33.898 Y-2.785
G1 F2400 X32.203 Y-1.09 E0.11959
G0 F12000 X32.178 Y-1.631
G1 F2400 X33.85 Y-3.303 E0.11797
G0 F12000 X33.798 Y-3.817
G1 F2400 X32.149 Y-2.167 E0.11638
G0 F12000 X32.11 Y-2.694
G1 F2400 X33.235 Y-3.82 E0.07941
G0 F12000 X32.67 Y-3.82
G1 F2400 X32.061 Y-3.211 E0.04297
G0 F12000 X32.007 Y-3.723
G1 F2400 X32.104 Y-3.82 E0.00684
G1 F3600 E-1
G0 F12000 X26.547 Y4.019
M107
G1 F3600 E1
G1 F1200 X24.366 Y4.02 E0.11969
G1 X24.221 Y4.02 E0.00796
G1 X24.36 Y3.101 E0.05101
G1 X24.468 Y2.053 E0.05782
G1 X24.532 Y1.057 E0.05477
G1 X24.557 Y0.01 E0.05747
G1 X24.532 Y-1.057 E0.05857
G1 X24.476 Y-2.016 E0.05272
G1 X24.359 Y-3.106 E0.06016
G1 X24.224 Y-4.02 E0.0507
G1 X24.366 Y-4.02 E0.00779
G1 X26.541 Y-4.02 E0.11936
G1 X26.669 Y-3.076 E0.05228
G1 X26.766 Y-2.068 E0.05557
G1 X26.827 Y-1.047 E0.05613
G1 X26.844 Y-0.035 E0.05555
G1 X26.828 Y1.016 E0.05768
G1 X26.768 Y2.044 E0.05651
G1 X26.669 Y3.058 E0.05591
G1 X26.547 Y4.019 E0.05316
G0 F12000 X24.529 Y3.316
G1 F1200 X25.032 Y3.819 E0.03904
G0 F12000 X25.739 Y3.819
G1 F1200 X24.604 Y2.683 E0.08813
G0 F12000 X24.669 Y2.041
G1 F1200 X26.381 Y3.753 E0.13287
G0 F12000 X26.461 Y3.127
G1 F1200 X24.713 Y1.378 E0.1357
G0 F12000 X24.74 Y0.699
G1 F1200 X26.525 Y2.483 E0.1385
G0 F12000 X26.579 Y1.831
G1 F1200 X24.757 Y0.008 E0.14145
G0 F12000 X24.74 Y-.716
G1 F1200 X26.619 Y1.163 E0.14583
G0 F12000 X26.636 Y0.473
G1 F1200 X24.708 Y-1.455 E0.14963
G0 F12000 X24.655 Y-2.215
G1 F1200 X26.641 Y-.229 E0.15414
G0 F12000 X26.629 Y-.948
G1 F1200 X24.571 Y-3.007 E0.15976
G1 X24.501 Y-3.077
G0 F12000 X24.464 Y-3.82
G1 F1200 X26.589 Y-1.695 E0.16492
G0 F12000 X26.528 Y-2.464
G1 F1200 X25.172 Y-3.82 E0.10524
G0 F12000 X25.879 Y-3.82
G1 F1200 X26.443 Y-3.256 E0.04377
G1 F3600 E-1
;MESH:NONMESH
G0 F12000 X-26.025 Y-4.04
;TIME_ELAPSED:535.848781
;LAYER:58
M106 S255
;MESH:bridge.stl
G0 X-26.025 Y-4.04 Z17.7
;TYPE:FILL
G1 F3600 E1
G1 F9600 X-29.296 Y-4.04 E0.16319
G1 X-30.798 Y-3.638 E0.07757
G1 X-30.877 Y-2.945 E0.0348
G1 X-30.955 Y-1.973 E0.04865
G1 X-31.002 Y-1.029 E0.04715
G1 X-31.019 Y0.009 E0.05179
G1 X-31.004 Y0.925 E0.04571
G1 X-30.941 Y2.272 E0.06728
G1 X-29.173 Y4.04 E0.12474
G1 X-26.025 Y4.04 E0.15705
G1 X-26.168 Y2.94 E0.05534
G1 X-26.462 Y4.041 E0.05685
G1 X-26.487 Y4.137
G1 F3600 E-1
G0 F12000 X-26.487 Y4.1
G0 X-33.448 Y-4.125
G0 X-33.7 Y-4.4
;TYPE:WALL-INNER
G1 F3600 E1
G1 F3000 X-33.846 Y-2.944 E0.073
G1 X-33.916 Y-1.961 E0.04917
G1 X-33.96 Y-.977 E0.04914
G1 X-33.975 Y0.00 E0.04875
G1 X-33.96 Y0.977 E0.04875
G1 X-33.914 Y1.996 E0.05089
G1 X-33.844 Y2.965 E0.04847
G1 X-33.699 Y4.4 E0.07196
G1 X-23.365 Y4.4 E0.51557
G1 X-22.808 Y4.4 E0.02779
G1 X-23.021 Y3.063 E0.06754
G1 X-23.137 Y2.019 E0.05241
G1 X-23.2 Y1.009 E0.05049
G1 X-23.22 Y-0.012 E0.05095
G1 X-23.199 Y-1.037 E0.05115
G1 X-23.133 Y-2.017 E0.049
G1 X-23.017 Y-3.091 E0.05389
G1 X-22.808 Y-4.4 E0.06613
G1 X-23.365 Y-4.4 E0.02779
G1 X-33.7 Y-4.4 E0.51562
G0 F12000 X-34.036 Y-4.8
;TYPE:WALL-OUTER
G1 F1200 X-34.146 Y-3.959 E0.04232
G1 X-34.246 Y-2.952 E0.05049
G1 X-34.316 Y-1.984 E0.04842
G1 X-34.36 Y-.989 E0.04969
G1 X-34.375 Y0.00 E0.04935
G1 X-34.36 Y0.989 E0.04935
G1 X-34.316 Y1.984 E0.04969
G1 X-34.242 Y3.005 E0.05107
G1 X-34.143 Y3.987 E0.04924
G1 X-34.036 Y4.8 E0.04091
G1 X-23.288 Y4.8 E0.53622
G1 X-22.311 Y4.8 E0.04874
G1 X-22.462 Y4.028 E0.03925
G1 X-22.623 Y3.019 E0.05098
G1 X-22.74 Y1.965 E0.05291
G1 X-22.8 Y1.001 E0.04819
G1 X-22.82 Y-0.004 E0.05015
G1 X-22.8 Y-1.01 E0.0502
G1 X-22.735 Y-1.974 E0.0482
G1 X-22.622 Y-3.028 E0.05289
G1 X-22.461 Y-4.039 E0.05107
G1 X-22.311 Y-4.8 E0.0387
G1 X-23.288 Y-4.8 E0.04874
G1 X-34.036 Y-4.8 E0.53622
G0 F12000 X-34.139 Y-4.007
G1 F3600 E-1
G0 F12000 X-33.45 Y-3.919
G0 X-31.096 Y4.02
;TYPE:SKIN
G1 F3600 E1
G1 F2400 X-33.355 Y4.02 E0.1127
G1 X-33.463 Y2.942 E0.05405
G1 X-33.531 Y1.992 E0.04752
G1 X-33.578 Y1.004 E0.04935
G1 X-33.592 Y0.067 E0.04675
G1 X-33.58 Y-.944 E0.05044
G1 X-33.536 Y-1.923 E0.04889
G1 X-33.469 Y-2.875 E0.04761
G1 X-33.355 Y-4.02 E0.05741
G1 X-31.096 Y-4.019 E0.1127
G1 X-31.219 Y-2.911 E0.05562
G1 X-31.288 Y-2.04 E0.04359
G1 X-31.34 Y-1.039 E0.05001
G1 X-31.356 Y-0.004 E0.05164
G1 X-31.344 Y0.939 E0.04705
G1 X-31.3 Y1.85 E0.0455
G1 X-31.224 Y2.903 E0.05267
G1 X-31.096 Y4.02 E0.05609
G0 F12000 X-32.949 Y3.82
G1 F2400 X-33.199 Y3.57 E0.01764
G0 F12000 X-33.262 Y2.942
G1 F2400 X-32.383 Y3.82 E0.06198
G0 F12000 X-31.818 Y3.82
G1 F2400 X-33.306 Y2.332 E0.10499
G0 F12000 X-33.343 Y1.73
G1 F2400 X-31.328 Y3.744 E0.14213
G0 F12000 X-31.402 Y3.105
G1 F2400 X-33.371 Y1.136 E0.13892
G0 F12000 X-33.385 Y0.556
G1 F2400 X-31.454 Y2.487 E0.13624
G0 F12000 X-31.498 Y1.877
G1 F2400 X-33.391 Y-0.016 E0.13356
G0 F12000 X-33.385 Y-.575
G1 F2400 X-31.527 Y1.283 E0.13109
G0 F12000 X-31.547 Y0.697
G1 F2400 X-33.372 Y-1.128 E0.12876
G0 F12000 X-33.348 Y-1.669
G1 F2400 X-31.554 Y0.124 E0.12654
G0 F12000 X-31.549 Y-.436
G1 F2400 X-33.317 Y-2.204 E0.12474
G0 F12000 X-33.279 Y-2.732
G1 F2400 X-31.54 Y-.993 E0.1227
G0 F12000 X-31.514 Y-1.532
G1 F2400 X-33.231 Y-3.25 E0.12118
G0 F12000 X-33.18 Y-3.764
G1 F2400 X-31.485 Y-2.069 E0.11959
G0 F12000 X-31.444 Y-2.594
G1 F2400 X-32.67 Y-3.82 E0.0865
G0 F12000 X-32.103 Y-3.819
G1 F2400 X-31.398 Y-3.113 E0.04978
G0 F12000 X-31.341 Y-3.623
G1 F2400 X-31.538 Y-3.819 E0.01386
G1 F3600 E-1
G0 F12000 X-25.684 Y-4.02
M107
G1 F3600 E1
G1 F1200 X-23.436 Y-4.02 E0.12337
G1 X-23.249 Y-4.02 E0.01026
G1 X-23.39 Y-3.186 E0.04642
G1 X-23.511 Y-2.009 E0.06493
G1 X-23.576 Y-1.058 E0.05231
G1 X-23.6 Y-0.017 E0.05714
G1 X-23.576 Y1.049 E0.05852
G1 X-23.52 Y2.004 E0.0525
G1 X-23.391 Y3.139 E0.06269
G1 X-23.248 Y4.02 E0.04898
G1 X-23.435 Y4.02 E0.01026
G1 X-25.681 Y4.02 E0.12326
G1 X-25.807 Y3.093 E0.05134
G1 X-25.911 Y2.069 E0.05649
G1 X-25.975 Y1.046 E0.05625
G1 X-25.992 Y0.00 E0.05741
G1 X-25.975 Y-1.02 E0.05598
G1 X-25.912 Y-2.043 E0.05625
G1 X-25.809 Y-3.076 E0.05697
G1 X-25.684 Y-4.02 E0.05226
G0 F12000 X-23.504 Y-3.705
G1 F1200 X-23.619 Y-3.82 E0.00893
G0 F12000 X-24.327 Y-3.82
G1 F1200 X-23.6 Y-3.094 E0.05638
G0 F12000 X-23.666 Y-2.453
G1 F1200 X-25.034 Y-3.82 E0.10613
G0 F12000 X-25.536 Y-3.615
G1 F1200 X-23.726 Y-1.805 E0.14048
G0 F12000 X-23.771 Y-1.143
G1 F1200 X-25.616 Y-2.989 E0.14323
G0 F12000 X-25.68 Y-2.345
G1 F1200 X-23.79 Y-.455 E0.14668
G0 F12000 X-23.794 Y0.247
G1 F1200 X-25.733 Y-1.691 E0.15045
G0 F12000 X-25.774 Y-1.025
G1 F1200 X-23.777 Y0.972 E0.15499
G0 F12000 X-23.737 Y1.719
G1 F1200 X-25.787 Y-.331 E0.1591
G0 F12000 X-25.787 Y0.376
G1 F1200 X-23.665 Y2.498 E0.16469
G1 X-23.595 Y2.568
G0 F12000 X-23.567 Y3.303
G1 F1200 X-25.772 Y1.098 E0.17113
G0 F12000 X-25.725 Y1.853
G1 F1200 X-23.757 Y3.82 E0.1527
G0 F12000 X-24.464 Y3.82
G1 F1200 X-25.653 Y2.631 E0.09228
G1 X-25.723 Y2.561
G0 F12000 X-25.559 Y3.432
G1 F1200 X-25.172 Y3.82 E0.03007
G0 F12000 X-25.172 Y3.8
G1 F3600 E-1
G0 F12000 X26.025 Y4.04
;TYPE:FILL
M106 S255
G1 F3600 E1
G1 F9600 X26.15 Y3.124 E0.04612
G1 X26.253 Y2.068 E0.05293
G1 X26.316 Y1.046 E0.05108
G1 X26.335 Y-0.008 E0.05259
G1 X26.316 Y-1.048 E0.05189
G1 X26.252 Y-2.085 E0.05183
G1 X26.151 Y-3.119 E0.05183
G1 X26.025 Y-4.04 E0.04638
G1 X30.754 Y-4.04 E0.23593
G1 X30.63 Y-4.04 E0.00619
G1 X30.77 Y-3.899 E0.00991
G1 X30.878 Y-2.935 E0.0484
G1 X30.959 Y-1.862 E0.05368
G1 X31.004 Y-.938 E0.04615
G1 X31.019 Y-0.009 E0.04635
G1 X31.002 Y1.016 E0.05114
G1 X30.955 Y1.973 E0.0478
G1 X30.878 Y2.936 E0.0482
G1 X30.753 Y4.04 E0.05543
G1 X26.025 Y4.04 E0.23588
G1 F3600 E-1
G0 F12000 X33.448 Y4.125
G0 X33.7 Y4.4
;TYPE:WALL-INNER
G1 F3600 E1
G1 F3000 X33.846 Y2.944 E0.073
G1 X33.916 Y1.961 E0.04917
G1 X33.96 Y0.977 E0.04914
G1 X33.975 Y-0.07 E0.05224
G1 X33.96 Y-.981 E0.04546
G1 X33.914 Y-2 E0.05089
G1 X33.845 Y-2.969 E0.04847
G1 X33.7 Y-4.4 E0.07176
G1 X23.365 Y-4.4 E0.51562
G1 X22.809 Y-4.4 E0.02774
G1 X23.021 Y-3.063 E0.06754
G1 X23.137 Y-2.019 E0.05241
G1 X23.2 Y-1.012 E0.05034
G1 X23.22 Y0.012 E0.0511
G1 X23.199 Y1.037 E0.05115
G1 X23.133 Y2.017 E0.049
G1 X23.022 Y3.06 E0.05233
G1 X22.81 Y4.4 E0.06768
G1 X23.365 Y4.4 E0.02769
G1 X33.7 Y4.4 E0.51562
G0 F12000 X34.036 Y4.8
;TYPE:WALL-OUTER
G1 F1200 X34.146 Y3.959 E0.04232
G1 X34.246 Y2.952 E0.05049
G1 X34.316 Y1.984 E0.04842
G1 X34.36 Y0.989 E0.04969
G1 X34.375 Y-0.076 E0.05314
G1 X34.36 Y-.993 E0.04576
G1 X34.316 Y-1.988 E0.04969
G1 X34.243 Y-3.009 E0.05107
G1 X34.143 Y-3.991 E0.04925
G1 X34.036 Y-4.8 E0.04071
G1 X23.288 Y-4.8 E0.53622
G1 X22.311 Y-4.8 E0.04874
G1 X22.462 Y-4.032 E0.03905
G1 X22.623 Y-3.019 E0.05117
G1 X22.74 Y-1.965 E0.05291
G1 X22.8 Y-1.004 E0.04804
G1 X22.82 Y0.004 E0.0503
G1 X22.8 Y1.01 E0.0502
G1 X22.735 Y1.974 E0.0482
G1 X22.622 Y3.028 E0.05289
G1 X22.461 Y4.039 E0.05107
G1 X22.311 Y4.8 E0.0387
G1 X23.288 Y4.8 E0.04874
G1 X34.036 Y4.8 E0.53622
G0 F12000 X34.139 Y4.007
G1 F3600 E-1
G0 F12000 X33.45 Y3.919
G0 X31.096 Y4.019
;TYPE:SKIN
G1 F3600 E1
G1 F2400 X31.219 Y2.911 E0.05562
G1 X31.288 Y2.04 E0.04359
G1 X31.34 Y1.027 E0.05061
G1 X31.357 Y-0.003 E0.05139
G1 X31.345 Y-.947 E0.0471
G1 X31.3 Y-1.874 E0.0463
G1 X31.22 Y-2.912 E0.05194
G1 X31.096 Y-4.019 E0.05557
G1 X33.355 Y-4.02 E0.1127
G1 X33.463 Y-2.95 E0.05365
G1 X33.53 Y-2.004 E0.04731
G1 X33.578 Y-1.012 E0.04955
G1 X33.591 Y-0.081 E0.04645
G1 X33.58 Y0.944 E0.05114
G1 X33.536 Y1.923 E0.04889
G1 X33.469 Y2.875 E0.04761
G1 X33.355 Y4.02 E0.05741
G1 X31.096 Y4.019 E0.1127
G0 F12000 X31.341 Y3.623
G1 F2400 X31.538 Y3.819 E0.01386
G0 F12000 X32.103 Y3.819
G1 F2400 X31.398 Y3.113 E0.04978
G0 F12000 X31.445 Y2.595
G1 F2400 X32.67 Y3.82 E0.08643
G0 F12000 X33.18 Y3.764
G1 F2400 X31.487 Y2.071 E0.11945
G0 F12000 X31.514 Y1.533
G1 F2400 X33.231 Y3.25 E0.12114
G0 F12000 X33.279 Y2.732
G1 F2400 X31.54 Y0.993 E0.1227
G0 F12000 X31.549 Y0.436
G1 F2400 X33.316 Y2.203 E0.12467
G0 F12000 X33.347 Y1.669
G1 F2400 X31.555 Y-.124 E0.12647
G0 F12000 X31.548 Y-.697
G1 F2400 X33.372 Y1.128 E0.12873
G0 F12000 X33.384 Y0.574
G1 F2400 X31.528 Y-1.281 E0.13092
G0 F12000 X31.5 Y-1.875
G1 F2400 X33.39 Y0.015 E0.13335
G0 F12000 X33.385 Y-.556
G1 F2400 X31.453 Y-2.488 E0.13631
G0 F12000 X31.398 Y-3.108
G1 F2400 X33.372 Y-1.135 E0.13924
G0 F12000 X33.343 Y-1.73
G1 F2400 X31.328 Y-3.745 E0.14217
G0 F12000 X31.819 Y-3.819
G1 F2400 X33.306 Y-2.332 E0.10492
G0 F12000 X33.263 Y-2.941
G1 F2400 X32.385 Y-3.819 E0.06195
G0 F12000 X32.95 Y-3.819
G1 F2400 X33.199 Y-3.57 E0.01757
G1 F3600 E-1
G0 F12000 X25.681 Y4.019
M107
G1 F3600 E1
G1 F1200 X23.435 Y4.02 E0.12326
G1 X23.248 Y4.02 E0.01026
G1 X23.398 Y3.109 E0.05067
G1 X23.511 Y2.009 E0.06068
G1 X23.576 Y1.058 E0.05231
G1 X23.601 Y0.01 E0.05753
G1 X23.576 Y-1.057 E0.05857
G1 X23.52 Y-2.004 E0.05206
G1 X23.399 Y-3.103 E0.06068
G1 X23.248 Y-4.02 E0.051
G1 X23.436 Y-4.02 E0.01032
G1 X25.681 Y-4.02 E0.1232
G1 X25.81 Y-3.093 E0.05136
G1 X25.911 Y-2.066 E0.05663
G1 X25.975 Y-1.05 E0.05587
G1 X25.992 Y-0.036 E0.05566
G1 X25.976 Y1.02 E0.05796
G1 X25.912 Y2.043 E0.05625
G1 X25.809 Y3.072 E0.05675
G1 X25.681 Y4.019 E0.05244
G0 F12000 X23.503 Y3.704
G1 F1200 X23.618 Y3.819 E0.00893
G0 F12000 X24.325 Y3.819
G1 F1200 X23.601 Y3.095 E0.05619
G0 F12000 X23.667 Y2.454
G1 F1200 X25.032 Y3.819 E0.10594
G0 F12000 X25.534 Y3.613
G1 F1200 X23.726 Y1.805 E0.14032
G0 F12000 X23.771 Y1.143
G1 F1200 X25.616 Y2.988 E0.14319
G0 F12000 X25.679 Y2.345
G1 F1200 X23.79 Y0.455 E0.14665
G0 F12000 X23.795 Y-.247
G1 F1200 X25.733 Y1.691 E0.15041
G0 F12000 X25.775 Y1.027
G1 F1200 X23.778 Y-.971 E0.15503
G0 F12000 X23.737 Y-1.719
G1 F1200 X25.787 Y0.331 E0.1591
G0 F12000 X25.787 Y-.376
G1 F1200 X23.667 Y-2.496 E0.16454
G1 X23.597 Y-2.566
G0 F12000 X23.569 Y-3.301
G1 F1200 X25.772 Y-1.098 E0.17098
G0 F12000 X25.725 Y-1.852
G1 F1200 X23.757 Y-3.82 E0.15274
G0 F12000 X24.464 Y-3.82
G1 F1200 X25.655 Y-2.629 E0.09243
G1 X25.725 Y-2.559
G0 F12000 X25.561 Y-3.43
G1 F1200 X25.172 Y-3.82 E0.03023
G0 F12000 X25.172 Y-3.8
G1 F3600 E-1
;MESH:NONMESH
G0 F12000 X-30.111 Y-3.602
;TIME_ELAPSED:553.694124
;LAYER:59
M106 S255
;MESH:bridge.stl
G0 X-30.111 Y-3.602 Z18
;TYPE:FILL
G1 F3600 E1
G1 F9600 X-28.479 Y-4.04 E0.0843
G1 X-25.131 Y-4.039 E0.16703
G1 X-25.264 Y-3.107 E0.04697
G1 X-25.369 Y-2.068 E0.0521
G1 X-25.431 Y-1.054 E0.05068
G1 X-25.44 Y-.593 E0.023
G1 X-26.682 Y4.041 E0.23935
G1 X-28.873 Y4.04 E0.10931
G1 X-30.205 Y2.708 E0.09398
G1 X-30.267 Y1.917 E0.03958
G1 X-30.313 Y0.96 E0.0478
G1 X-30.329 Y0.028 E0.0465
G1 X-30.313 Y-.965 E0.04955
G1 X-30.268 Y-1.917 E0.04755
G1 X-30.189 Y-2.907 E0.04955
G1 X-30.063 Y-4.04 E0.05687
G1 X-30.052 Y-4.139
G1 F3600 E-1
G0 F12000 X-30.052 Y-4.1
G0 X-32.812 Y-4.125
G0 X-33.06 Y-4.4
;TYPE:WALL-INNER
G1 F3600 E1
G1 F3000 X-33.218 Y-2.942 E0.07317
G1 X-33.288 Y-1.96 E0.04912
G1 X-33.332 Y-1.045 E0.0457
G1 X-33.348 Y-0.046 E0.04985
G1 X-33.336 Y0.918 E0.0481
G1 X-33.286 Y1.994 E0.05374
G1 X-33.218 Y2.942 E0.04742
G1 X-33.06 Y4.4 E0.07317
G1 X-22.391 Y4.4 E0.53228
G1 X-21.796 Y4.4 E0.02968
G1 X-22.004 Y3.109 E0.06524
G1 X-22.136 Y2.025 E0.05448
G1 X-22.2 Y1.011 E0.05069
G1 X-22.224 Y-0.015 E0.0512
G1 X-22.199 Y-1.037 E0.051
G1 X-22.133 Y-2.021 E0.0492
G1 X-22.009 Y-3.105 E0.05443
G1 X-21.794 Y-4.399 E0.06544
G1 X-22.391 Y-4.399 E0.02978
G1 X-33.06 Y-4.4 E0.53228
G0 F12000 X-33.4 Y-4.8
;TYPE:WALL-OUTER
G1 F1200 X-33.51 Y-3.963 E0.04212
G1 X-33.616 Y-2.978 E0.04943
G1 X-33.688 Y-1.984 E0.04972
G1 X-33.732 Y-1.057 E0.0463
G1 X-33.748 Y-0.047 E0.0504
G1 X-33.736 Y0.93 E0.04875
G1 X-33.688 Y1.984 E0.05264
G1 X-33.613 Y3.012 E0.05142
G1 X-33.508 Y3.982 E0.04868
G1 X-33.4 Y4.8 E0.04116
G1 X-22.312 Y4.8 E0.55318
G1 X-21.287 Y4.8 E0.05114
G1 X-21.45 Y4.033 E0.03912
G1 X-21.607 Y3.061 E0.04912
G1 X-21.74 Y1.965 E0.05508
G1 X-21.8 Y1.001 E0.04819
G1 X-21.824 Y-0.005 E0.0502
G1 X-21.8 Y-1.01 E0.05015
G1 X-21.735 Y-1.975 E0.04825
G1 X-21.61 Y-3.069 E0.05494
G1 X-21.448 Y-4.041 E0.04916
G1 X-21.291 Y-4.799 E0.03862
G1 X-22.312 Y-4.799 E0.05094
G1 X-33.4 Y-4.8 E0.55318
G0 F12000 X-33.504 Y-4.007
G1 F3600 E-1
G0 F12000 X-32.816 Y-3.914
G0 X-30.408 Y4.02
;TYPE:SKIN
G1 F3600 E1
G1 F2400 X-32.713 Y4.02 E0.115
G1 X-32.837 Y2.929 E0.05478
G1 X-32.904 Y1.979 E0.04751
G1 X-32.955 Y0.925 E0.05265
G1 X-32.968 Y-0.043 E0.0483
G1 X-32.951 Y-1.011 E0.0483
G1 X-32.908 Y-1.936 E0.0462
G1 X-32.842 Y-2.854 E0.04592
G1 X-32.709 Y-4.019 E0.0585
G1 X-30.408 Y-4.02 E0.1148
G1 X-30.531 Y-2.903 E0.05606
G1 X-30.604 Y-1.944 E0.04798
G1 X-30.652 Y-.987 E0.0478
G1 X-30.668 Y-0.024 E0.04805
G1 X-30.652 Y0.976 E0.0499
G1 X-30.604 Y1.939 E0.0481
G1 X-30.532 Y2.896 E0.04788
G1 X-30.408 Y4.02 E0.05642
G0 F12000 X-30.665 Y3.512
G1 F2400 X-30.973 Y3.82 E0.02173
G0 F12000 X-31.539 Y3.82
G1 F2400 X-30.721 Y3.002 E0.05771
G0 F12000 X-30.764 Y2.48
G1 F2400 X-32.105 Y3.82 E0.09458
G0 F12000 X-32.547 Y3.697
G1 F2400 X-30.804 Y1.954 E0.12298
G0 F12000 X-30.831 Y1.415
G1 F2400 X-32.605 Y3.19 E0.1252
G0 F12000 X-32.654 Y2.673
G1 F2400 X-30.854 Y0.873 E0.127
G0 F12000 X-30.863 Y0.316
G1 F2400 X-32.692 Y2.145 E0.12905
G0 F12000 X-32.721 Y1.609
G1 F2400 X-30.865 Y-.248 E0.13099
G0 F12000 X-30.855 Y-.823
G1 F2400 X-32.748 Y1.069 E0.13353
G0 F12000 X-32.76 Y0.516
G1 F2400 X-30.831 Y-1.413 E0.1361
G0 F12000 X-30.799 Y-2.011
G1 F2400 X-32.767 Y-0.042 E0.13889
G0 F12000 X-32.757 Y-.618
G1 F2400 X-30.753 Y-2.622 E0.14139
G0 F12000 X-30.695 Y-3.246
G1 F2400 X-32.742 Y-1.199 E0.14443
G0 F12000 X-32.714 Y-1.793
G1 F2400 X-30.687 Y-3.82 E0.14302
G0 F12000 X-31.253 Y-3.82
G1 F2400 X-32.674 Y-2.399 E0.10026
G0 F12000 X-32.622 Y-3.016
G1 F2400 X-31.818 Y-3.82 E0.05673
G0 F12000 X-32.384 Y-3.82
G1 F2400 X-32.549 Y-3.655 E0.01164
G1 F3600 E-1
G0 F12000 X-24.793 Y-4.016
M107
G1 F3600 E1
G1 F1200 X-22.466 Y-4.016 E0.1277
G1 X-22.241 Y-4.016 E0.01235
G1 X-22.382 Y-3.194 E0.04577
G1 X-22.515 Y-1.978 E0.06713
G1 X-22.576 Y-1.058 E0.0506
G1 X-22.604 Y-0.022 E0.05688
G1 X-22.58 Y1.017 E0.05703
G1 X-22.516 Y2.013 E0.05477
G1 X-22.383 Y3.152 E0.06293
G1 X-22.24 Y4.02 E0.04828
G1 X-22.466 Y4.02 E0.0124
G1 X-24.786 Y4.02 E0.12732
G1 X-24.918 Y3.09 E0.05155
G1 X-25.031 Y2.017 E0.05921
G1 X-25.087 Y1.044 E0.05349
G1 X-25.112 Y0.028 E0.05577
G1 X-25.088 Y-1.031 E0.05813
G1 X-25.028 Y-2.047 E0.05585
G1 X-24.921 Y-3.072 E0.05656
G1 X-24.793 Y-4.016 E0.05228
G0 F12000 X-22.54 Y-3.449
G1 F1200 X-22.908 Y-3.816 E0.02852
G0 F12000 X-23.615 Y-3.816
G1 F1200 X-22.623 Y-2.824 E0.07699
G0 F12000 X-22.693 Y-2.187
G1 F1200 X-24.322 Y-3.816 E0.12643
G0 F12000 X-24.667 Y-3.454
G1 F1200 X-22.745 Y-1.532 E0.14917
G0 F12000 X-22.782 Y-.861
G1 F1200 X-24.746 Y-2.826 E0.15247
G0 F12000 X-24.813 Y-2.186
G1 F1200 X-22.8 Y-.173 E0.15623
G0 F12000 X-22.791 Y0.544
G1 F1200 X-24.859 Y-1.525 E0.16054
G0 F12000 X-24.892 Y-.851
G1 F1200 X-22.764 Y1.278 E0.16519
G0 F12000 X-22.714 Y2.034
G1 F1200 X-24.909 Y-.16 E0.17032
G0 F12000 X-24.899 Y0.557
G1 F1200 X-22.622 Y2.834 E0.17672
G1 X-22.552 Y2.904
G0 F12000 X-22.502 Y3.661
G1 F1200 X-24.872 Y1.29 E0.18398
G0 F12000 X-24.829 Y2.041
G1 F1200 X-23.05 Y3.82 E0.13807
G0 F12000 X-23.757 Y3.82
G1 F1200 X-24.745 Y2.832 E0.07668
G1 X-24.815 Y2.762
G0 F12000 X-24.636 Y3.648
G1 F1200 X-24.464 Y3.82 E0.01335
G0 F12000 X-24.464 Y3.8
G1 F3600 E-1
G0 F12000 X25.177 Y-4.04
;TYPE:FILL
M106 S255
G1 F3600 E1
G1 F9600 X25.147 Y-3.93 E0.00569
G1 X25.131 Y-4.04 E0.00555
G1 X30.062 Y-4.04 E0.24601
G1 X30.162 Y-4.04
G1 F3600 E-1
G0 F12000 X32.812 Y4.125
G0 X33.06 Y4.4
;TYPE:WALL-INNER
G1 F3600 E1
G1 F3000 X33.218 Y2.942 E0.07317
G1 X33.288 Y1.96 E0.04912
G1 X33.332 Y1.045 E0.0457
G1 X33.348 Y-0.013 E0.05279
G1 X33.336 Y-.918 E0.04515
G1 X33.286 Y-1.998 E0.05394
G1 X33.218 Y-2.946 E0.04742
G1 X33.061 Y-4.4 E0.07296
G1 X22.391 Y-4.4 E0.53233
G1 X21.796 Y-4.4 E0.02968
G1 X22.004 Y-3.109 E0.06524
G1 X22.136 Y-2.025 E0.05448
G1 X22.2 Y-1.015 E0.05049
G1 X22.224 Y0.015 E0.0514
G1 X22.199 Y1.037 E0.051
G1 X22.133 Y2.021 E0.0492
G1 X22.009 Y3.105 E0.05443
G1 X21.794 Y4.399 E0.06544
G1 X22.391 Y4.399 E0.02978
G1 X33.06 Y4.4 E0.53228
G0 F12000 X33.4 Y4.8
;TYPE:WALL-OUTER
G1 F1200 X33.51 Y3.963 E0.04212
G1 X33.616 Y2.978 E0.04943
G1 X33.688 Y1.984 E0.04972
G1 X33.732 Y1.057 E0.0463
G1 X33.748 Y-0.018 E0.05364
G1 X33.736 Y-.93 E0.0455
G1 X33.688 Y-1.988 E0.05284
G1 X33.613 Y-3.016 E0.05142
G1 X33.508 Y-3.986 E0.04868
G1 X33.4 Y-4.8 E0.04097
G1 X22.312 Y-4.8 E0.55318
G1 X21.287 Y-4.8 E0.05114
G1 X21.45 Y-4.033 E0.03912
G1 X21.607 Y-3.061 E0.04912
G1 X21.74 Y-1.965 E0.05508
G1 X21.8 Y-1.005 E0.04799
G1 X21.824 Y0.005 E0.0504
G1 X21.8 Y1.01 E0.05015
G1 X21.735 Y1.975 E0.04825
G1 X21.61 Y3.069 E0.05494
G1 X21.448 Y4.041 E0.04916
G1 X21.291 Y4.799 E0.03862
G1 X22.312 Y4.799 E0.05094
G1 X33.4 Y4.8 E0.55318
G0 F12000 X33.504 Y4.007
G1 F3600 E-1
G0 F12000 X32.816 Y3.914
G0 X30.408 Y4.02
;TYPE:SKIN
G1 F3600 E1
G1 F2400 X30.531 Y2.903 E0.05606
G1 X30.604 Y1.944 E0.04798
G1 X30.652 Y0.978 E0.04825
G1 X30.669 Y-0.016 E0.0496
G1 X30.652 Y-.984 E0.0483
G1 X30.604 Y-1.95 E0.04825
G1 X30.532 Y-2.908 E0.04793
G1 X30.408 Y-4.019 E0.05577
G1 X32.713 Y-4.02 E0.115
G1 X32.834 Y-2.935 E0.05447
G1 X32.903 Y-1.983 E0.04762
G1 X32.955 Y-.924 E0.0529
G1 X32.968 Y-0.057 E0.04326
G1 X32.952 Y1.029 E0.05419
G1 X32.908 Y1.936 E0.0453
G1 X32.842 Y2.854 E0.04592
G1 X32.709 Y4.02 E0.05855
G1 X30.408 Y4.02 E0.1148
G0 F12000 X32.383 Y3.82
G1 F2400 X32.55 Y3.654 E0.01175
G0 F12000 X32.623 Y3.015
G1 F2400 X31.818 Y3.82 E0.0568
G0 F12000 X31.252 Y3.82
G1 F2400 X32.674 Y2.399 E0.10029
G0 F12000 X32.714 Y1.793
G1 F2400 X30.686 Y3.82 E0.14305
G0 F12000 X30.695 Y3.246
G1 F2400 X32.743 Y1.198 E0.1445
G0 F12000 X32.758 Y0.617
G1 F2400 X30.753 Y2.622 E0.14146
G0 F12000 X30.799 Y2.01
G1 F2400 X32.767 Y0.043 E0.13882
G0 F12000 X32.76 Y-.516
G1 F2400 X30.831 Y1.414 E0.13614
G0 F12000 X30.855 Y0.824
G1 F2400 X32.747 Y-1.068 E0.13349
G0 F12000 X32.721 Y-1.609
G1 F2400 X30.865 Y0.248 E0.13099
G0 F12000 X30.864 Y-.317
G1 F2400 X32.691 Y-2.144 E0.1289
G0 F12000 X32.653 Y-2.671
G1 F2400 X30.855 Y-.873 E0.12686
G0 F12000 X30.831 Y-1.416
G1 F2400 X32.604 Y-3.188 E0.12506
G0 F12000 X32.547 Y-3.697
G1 F2400 X30.805 Y-1.955 E0.12291
G0 F12000 X30.765 Y-2.481
G1 F2400 X32.104 Y-3.82 E0.09447
G0 F12000 X31.538 Y-3.82
G1 F2400 X30.722 Y-3.004 E0.05757
G0 F12000 X30.667 Y-3.514
G1 F2400 X30.973 Y-3.82 E0.02159
G1 F3600 E-1
G0 F12000 X24.793 Y4.016
M107
G1 F3600 E1
G1 F1200 X22.466 Y4.016 E0.1277
G1 X22.241 Y4.016 E0.01235
G1 X22.382 Y3.194 E0.04577
G1 X22.515 Y1.978 E0.06713
G1 X22.576 Y1.058 E0.0506
G1 X22.605 Y0.022 E0.05688
G1 X22.58 Y-1.025 E0.05747
G1 X22.516 Y-2.017 E0.05455
G1 X22.383 Y-3.152 E0.06271
G1 X22.24 Y-4.02 E0.04828
G1 X22.466 Y-4.02 E0.0124
G1 X24.786 Y-4.02 E0.12732
G1 X24.919 Y-3.093 E0.05139
G1 X25.026 Y-2.077 E0.05607
G1 X25.091 Y-1.028 E0.05768
G1 X25.112 Y-0.042 E0.05412
G1 X25.088 Y1.019 E0.05824
G1 X25.028 Y2.043 E0.05629
G1 X24.921 Y3.072 E0.05678
G1 X24.793 Y4.016 E0.05228
G0 F12000 X22.54 Y3.449
G1 F1200 X22.908 Y3.816 E0.02852
G0 F12000 X23.615 Y3.816
G1 F1200 X22.622 Y2.823 E0.07707
G0 F12000 X22.692 Y2.186
G1 F1200 X24.322 Y3.816 E0.12651
G0 F12000 X24.667 Y3.454
G1 F1200 X22.745 Y1.532 E0.14917
G0 F12000 X22.782 Y0.861
G1 F1200 X24.746 Y2.826 E0.15247
G0 F12000 X24.813 Y2.186
G1 F1200 X22.8 Y0.173 E0.15623
G0 F12000 X22.792 Y-.542
G1 F1200 X24.859 Y1.525 E0.16042
G0 F12000 X24.892 Y0.851
G1 F1200 X22.764 Y-1.278 E0.16519
G0 F12000 X22.714 Y-2.034
G1 F1200 X24.908 Y0.159 E0.17024
G0 F12000 X24.901 Y-.554
G1 F1200 X22.621 Y-2.835 E0.17699
G1 X22.551 Y-2.905
G0 F12000 X22.502 Y-3.661
G1 F1200 X24.875 Y-1.288 E0.18417
G0 F12000 X24.829 Y-2.041
G1 F1200 X23.05 Y-3.82 E0.13807
G0 F12000 X23.757 Y-3.82
G1 F1200 X24.746 Y-2.831 E0.07676
G1 X24.816 Y-2.761
G0 F12000 X24.638 Y-3.646
G1 F1200 X24.464 Y-3.82 E0.0135
G0 F12000 X24.464 Y-3.8
G1 F3600 E-1
;MESH:NONMESH
G0 F12000 X-24.201 Y-4.04
;TIME_ELAPSED:571.648678
;LAYER:60
M106 S255
;MESH:bridge.stl
G0 X-24.201 Y-4.04 Z18.3
;TYPE:FILL
G1 F3600 E1
G1 F9600 X-27.655 Y-4.04 E0.17232
G1 X-29.405 Y-3.571 E0.09039
G1 X-29.478 Y-2.943 E0.03154
G1 X-29.561 Y-1.926 E0.05091
G1 X-29.608 Y-.976 E0.04745
G1 X-29.625 Y0.031 E0.05025
G1 X-29.608 Y0.969 E0.0468
G1 X-29.56 Y1.926 E0.0478
G1 X-29.455 Y3.157 E0.06164
G1 X-28.572 Y4.04 E0.0623
G1 X-26.903 Y4.041 E0.08327
G1 X-24.737 Y-4.041 E0.41744
G1 X-24.712 Y-4.137
G1 F3600 E-1
G0 F12000 X-24.712 Y-4.1
G0 X-32.165 Y-4.125
G0 X-32.403 Y-4.4
;TYPE:WALL-INNER
G1 F3600 E1
G1 F3000 X-32.476 Y-3.853 E0.02753
G1 X-32.57 Y-2.942 E0.04569
G1 X-32.646 Y-1.92 E0.05113
G1 X-32.688 Y-.979 E0.04699
G1 X-32.7 Y0.00 E0.04885
G1 X-32.688 Y0.979 E0.04885
G1 X-32.642 Y2 E0.05099
G1 X-32.57 Y2.942 E0.04713
G1 X-32.418 Y4.4 E0.07313
G1 X-21.373 Y4.4 E0.55104
G1 X-20.727 Y4.4 E0.03223
G1 X-20.956 Y3.068 E0.06743
G1 X-21.079 Y2.043 E0.0515
G1 X-21.152 Y1.011 E0.05162
G1 X-21.176 Y-0.015 E0.0512
G1 X-21.151 Y-1.039 E0.0511
G1 X-21.076 Y-2.072 E0.05167
G1 X-20.952 Y-3.098 E0.05156
G1 X-20.728 Y-4.4 E0.06591
G1 X-21.374 Y-4.4 E0.03223
G1 X-32.403 Y-4.4 E0.55024
G0 F12000 X-32.753 Y-4.8
;TYPE:WALL-OUTER
G1 F1200 X-32.874 Y-3.886 E0.046
G1 X-32.97 Y-2.951 E0.04689
G1 X-33.044 Y-1.984 E0.04838
G1 X-33.088 Y-.99 E0.04964
G1 X-33.1 Y0.00 E0.04939
G1 X-33.088 Y0.99 E0.04939
G1 X-33.041 Y2.03 E0.05194
G1 X-32.965 Y3.004 E0.04874
G1 X-32.863 Y3.986 E0.04926
G1 X-32.749 Y4.8 E0.04101
G1 X-21.29 Y4.8 E0.57169
G1 X-20.217 Y4.8 E0.05353
G1 X-20.385 Y4.03 E0.03932
G1 X-20.559 Y3.02 E0.05113
G1 X-20.68 Y2.015 E0.0505
G1 X-20.752 Y1.001 E0.05072
G1 X-20.776 Y-0.005 E0.0502
G1 X-20.752 Y-1.011 E0.0502
G1 X-20.679 Y-2.024 E0.05067
G1 X-20.558 Y-3.03 E0.05055
G1 X-20.384 Y-4.039 E0.05108
G1 X-20.217 Y-4.8 E0.03887
G1 X-21.29 Y-4.8 E0.05353
G1 X-32.753 Y-4.8 E0.57189
G0 F12000 X-32.857 Y-4.007
G1 F3600 E-1
G0 F12000 X-32.17 Y-3.913
G0 X-29.696 Y4.02
;TYPE:SKIN
G1 F3600 E1
G1 F2400 X-32.075 Y4.02 E0.11869
G1 X-32.188 Y2.936 E0.05437
G1 X-32.259 Y1.987 E0.04748
G1 X-32.307 Y0.985 E0.05005
G1 X-32.32 Y0.001 E0.0491
G1 X-32.308 Y-.966 E0.04825
G1 X-32.264 Y-1.935 E0.04839
G1 X-32.189 Y-2.893 E0.04794
G1 X-32.075 Y-4.02 E0.05651
G1 X-29.696 Y-4.019 E0.11869
G1 X-29.819 Y-2.911 E0.05562
G1 X-29.9 Y-1.949 E0.04816
G1 X-29.948 Y-.999 E0.04746
G1 X-29.964 Y0.019 E0.05079
G1 X-29.948 Y0.988 E0.04835
G1 X-29.9 Y1.943 E0.04771
G1 X-29.824 Y2.904 E0.04809
G1 X-29.696 Y4.02 E0.05604
G0 F12000 X-31.818 Y3.82
G1 F2400 X-31.904 Y3.734 E0.00607
G0 F12000 X-31.97 Y3.102
G1 F2400 X-31.253 Y3.82 E0.05062
G0 F12000 X-30.687 Y3.82
G1 F2400 X-32.022 Y2.485 E0.09419
G0 F12000 X-32.064 Y1.877
G1 F2400 X-30.121 Y3.82 E0.13709
G0 F12000 X-29.966 Y3.409
G1 F2400 X-32.093 Y1.283 E0.15004
G0 F12000 X-32.111 Y0.699
G1 F2400 X-30.034 Y2.775 E0.14651
G0 F12000 X-30.083 Y2.161
G1 F2400 X-32.119 Y0.125 E0.14365
G0 F12000 X-32.115 Y-.437
G1 F2400 X-30.119 Y1.559 E0.14083
G0 F12000 X-30.148 Y0.964
G1 F2400 X-32.107 Y-.994 E0.13818
G0 F12000 X-32.082 Y-1.535
G1 F2400 X-30.158 Y0.389 E0.13575
G0 F12000 X-30.161 Y-.18
G1 F2400 X-32.052 Y-2.071 E0.13342
G0 F12000 X-32.012 Y-2.596
G1 F2400 X-30.152 Y-.736 E0.13123
G0 F12000 X-30.133 Y-1.283
G1 F2400 X-31.966 Y-3.116 E0.12933
G0 F12000 X-31.914 Y-3.63
G1 F2400 X-30.106 Y-1.822 E0.12756
G0 F12000 X-30.066 Y-2.348
G1 F2400 X-31.538 Y-3.82 E0.10386
G0 F12000 X-30.973 Y-3.82
G1 F2400 X-30.023 Y-2.87 E0.06703
G0 F12000 X-29.968 Y-3.381
G1 F2400 X-30.406 Y-3.819 E0.0309
G1 F3600 E-1
G0 F12000 X-23.856 Y-4.02
M107
G1 F3600 E1
G1 F1200 X-21.452 Y-4.02 E0.13193
G1 X-21.175 Y-4.02 E0.0152
G1 X-21.333 Y-3.123 E0.04998
G1 X-21.451 Y-2.12 E0.05542
G1 X-21.532 Y-1.027 E0.06015
G1 X-21.556 Y-0.021 E0.05522
G1 X-21.532 Y1.017 E0.05698
G1 X-21.452 Y2.111 E0.0602
G1 X-21.327 Y3.148 E0.05732
G1 X-21.174 Y4.02 E0.04859
G1 X-21.452 Y4.02 E0.01526
G1 X-23.856 Y4.02 E0.13193
G1 X-24.009 Y3.022 E0.05541
G1 X-24.106 Y2.076 E0.05219
G1 X-24.171 Y1.046 E0.05664
G1 X-24.196 Y0.03 E0.05577
G1 X-24.172 Y-1.023 E0.0578
G1 X-24.108 Y-2.047 E0.05631
G1 X-24.009 Y-3.026 E0.054
G1 X-23.856 Y-4.02 E0.05519
G0 F12000 X-21.425 Y-3.748
G1 F1200 X-21.497 Y-3.82 E0.00559
G0 F12000 X-21.531 Y-3.147
G1 F1200 X-22.205 Y-3.82 E0.05227
G0 F12000 X-22.912 Y-3.82
G1 F1200 X-21.606 Y-2.514 E0.10136
G0 F12000 X-21.67 Y-1.871
G1 F1200 X-23.619 Y-3.82 E0.15126
G0 F12000 X-23.769 Y-3.263
G1 F1200 X-21.718 Y-1.212 E0.15918
G0 F12000 X-21.743 Y-.53
G1 F1200 X-23.848 Y-2.635 E0.16337
G0 F12000 X-23.912 Y-1.991
G1 F1200 X-21.751 Y0.17 E0.16772
G0 F12000 X-21.735 Y0.892
G1 F1200 X-23.953 Y-1.326 E0.17214
G0 F12000 X-23.981 Y-.646
G1 F1200 X-21.686 Y1.648 E0.17808
G0 F12000 X-21.615 Y2.427
G1 F1200 X-23.996 Y0.046 E0.18479
G0 F12000 X-23.978 Y0.771
G1 F1200 X-21.514 Y3.234 E0.19119
G0 F12000 X-21.636 Y3.82
G1 F1200 X-23.941 Y1.515 E0.17889
G0 F12000 X-23.885 Y2.278
G1 F1200 X-22.343 Y3.82 E0.11968
G0 F12000 X-23.05 Y3.82
G1 F1200 X-23.801 Y3.07 E0.05825
G1 X-23.871 Y3
G1 F3600 E-1
G0 F12000 X24.956 Y-4.041
;TYPE:FILL
M106 S255
G1 F3600 E1
G1 F9600 X24.444 Y-2.129 E0.09875
G1 X24.338 Y-3.133 E0.05037
G1 X24.201 Y-4.04 E0.04576
G1 X29.352 Y-4.04 E0.25698
G1 X29.452 Y-4.04
G1 F3600 E-1
G0 F12000 X32.165 Y4.125
G0 X32.402 Y4.399
;TYPE:WALL-INNER
G1 F3600 E1
G1 F3000 X32.476 Y3.844 E0.02793
G1 X32.57 Y2.942 E0.04524
G1 X32.646 Y1.92 E0.05113
G1 X32.688 Y0.979 E0.04699
G1 X32.699 Y-0.052 E0.05144
G1 X32.688 Y-.983 E0.04645
G1 X32.645 Y-1.964 E0.04899
G1 X32.568 Y-2.967 E0.05019
G1 X32.419 Y-4.4 E0.07188
G1 X21.373 Y-4.4 E0.55109
G1 X20.729 Y-4.4 E0.03213
G1 X20.952 Y-3.098 E0.0659
G1 X21.079 Y-2.044 E0.05296
G1 X21.151 Y-1.044 E0.05002
G1 X21.176 Y0.015 E0.05285
G1 X21.151 Y1.039 E0.0511
G1 X21.076 Y2.072 E0.05167
G1 X20.952 Y3.098 E0.05156
G1 X20.728 Y4.4 E0.06591
G1 X21.374 Y4.4 E0.03223
G1 X32.402 Y4.399 E0.55019
G0 F12000 X32.752 Y4.799
;TYPE:WALL-OUTER
G1 F1200 X32.874 Y3.886 E0.04595
G1 X32.97 Y2.951 E0.04689
G1 X33.044 Y1.984 E0.04838
G1 X33.088 Y0.99 E0.04964
G1 X33.099 Y-0.057 E0.05224
G1 X33.088 Y-.994 E0.04675
G1 X33.041 Y-2.033 E0.05189
G1 X32.966 Y-3.008 E0.04879
G1 X32.868 Y-3.959 E0.0477
G1 X32.75 Y-4.8 E0.04237
G1 X21.29 Y-4.8 E0.57174
G1 X20.217 Y-4.8 E0.05353
G1 X20.386 Y-4.034 E0.03913
G1 X20.559 Y-3.02 E0.05132
G1 X20.68 Y-2.015 E0.0505
G1 X20.752 Y-1.005 E0.05052
G1 X20.776 Y0.005 E0.0504
G1 X20.752 Y1.011 E0.0502
G1 X20.679 Y2.024 E0.05067
G1 X20.558 Y3.03 E0.05055
G1 X20.384 Y4.039 E0.05108
G1 X20.217 Y4.8 E0.03887
G1 X21.29 Y4.8 E0.05353
G1 X32.752 Y4.799 E0.57184
G0 F12000 X32.857 Y4.006
G1 F3600 E-1
G0 F12000 X32.17 Y3.912
G0 X29.696 Y4.015
;TYPE:SKIN
G1 F3600 E1
G1 F2400 X29.819 Y2.911 E0.05542
G1 X29.9 Y1.949 E0.04816
G1 X29.948 Y0.991 E0.04785
G1 X29.965 Y-0.02 E0.05045
G1 X29.948 Y-.996 E0.0487
G1 X29.9 Y-1.947 E0.04751
G1 X29.824 Y-2.881 E0.04675
G1 X29.696 Y-4.02 E0.05718
G1 X32.075 Y-4.02 E0.11869
G1 X32.188 Y-2.945 E0.05393
G1 X32.259 Y-1.991 E0.04773
G1 X32.307 Y-.991 E0.04995
G1 X32.315 Y-0.056 E0.04665
G1 X32.308 Y0.941 E0.04974
G1 X32.264 Y1.935 E0.04964
G1 X32.193 Y2.87 E0.04678
G1 X32.075 Y4.015 E0.05743
G1 X29.696 Y4.015 E0.11869
G0 F12000 X29.968 Y3.381
G1 F2400 X30.402 Y3.815 E0.03062
G0 F12000 X30.968 Y3.815
G1 F2400 X30.023 Y2.87 E0.06667
G0 F12000 X30.066 Y2.348
G1 F2400 X31.533 Y3.815 E0.1035
G0 F12000 X31.915 Y3.63
G1 F2400 X30.106 Y1.822 E0.1276
G0 F12000 X30.133 Y1.283
G1 F2400 X31.968 Y3.118 E0.12947
G0 F12000 X32.014 Y2.598
G1 F2400 X30.152 Y0.737 E0.13134
G0 F12000 X30.162 Y0.18
G1 F2400 X32.052 Y2.071 E0.13338
G0 F12000 X32.081 Y1.534
G1 F2400 X30.158 Y-.389 E0.13568
G0 F12000 X30.148 Y-.964
G1 F2400 X32.106 Y0.993 E0.13811
G0 F12000 X32.113 Y0.434
G1 F2400 X30.119 Y-1.559 E0.14065
G0 F12000 X30.082 Y-2.162
G1 F2400 X32.115 Y-.129 E0.14344
G0 F12000 X32.11 Y-.7
G1 F2400 X30.032 Y-2.778 E0.14661
G0 F12000 X29.965 Y-3.41
G1 F2400 X32.093 Y-1.282 E0.15014
G0 F12000 X32.065 Y-1.876
G1 F2400 X30.121 Y-3.82 E0.13716
G0 F12000 X30.687 Y-3.82
G1 F2400 X32.021 Y-2.485 E0.09416
G0 F12000 X31.97 Y-3.103
G1 F2400 X31.253 Y-3.82 E0.05059
G0 F12000 X31.818 Y-3.82
G1 F2400 X31.904 Y-3.734 E0.00607
G1 F3600 E-1
G0 F12000 X23.856 Y4.019
M107
G1 F3600 E1
G1 F1200 X21.452 Y4.02 E0.13193
G1 X21.175 Y4.02 E0.0152
G1 X21.333 Y3.123 E0.04998
G1 X21.455 Y2.08 E0.05763
G1 X21.532 Y1.027 E0.05794
G1 X21.557 Y0.021 E0.05523
G1 X21.532 Y-1.025 E0.05742
G1 X21.452 Y-2.111 E0.05976
G1 X21.335 Y-3.112 E0.05531
G1 X21.175 Y-4.02 E0.0506
G1 X21.452 Y-4.02 E0.0152
G1 X23.855 Y-4.02 E0.13187
G1 X24.009 Y-3.001 E0.05656
G1 X24.111 Y-2.022 E0.05402
G1 X24.171 Y-1.051 E0.05339
G1 X24.195 Y-0.049 E0.055
G1 X24.172 Y1.023 E0.05884
G1 X24.108 Y2.039 E0.05587
G1 X24.009 Y3.018 E0.054
G1 X23.856 Y4.019 E0.05557
G0 F12000 X21.425 Y3.748
G1 F1200 X21.497 Y3.819 E0.00555
G0 F12000 X21.531 Y3.147
G1 F1200 X22.204 Y3.819 E0.05219
G0 F12000 X22.911 Y3.819
G1 F1200 X21.606 Y2.514 E0.10128
G0 F12000 X21.671 Y1.872
G1 F1200 X23.618 Y3.819 E0.15111
G0 F12000 X23.769 Y3.263
G1 F1200 X21.719 Y1.213 E0.1591
G0 F12000 X21.744 Y0.531
G1 F1200 X23.847 Y2.634 E0.16322
G0 F12000 X23.912 Y1.991
G1 F1200 X21.753 Y-.167 E0.16752
G0 F12000 X21.735 Y-.892
G1 F1200 X23.953 Y1.326 E0.17214
G0 F12000 X23.981 Y0.646
G1 F1200 X21.686 Y-1.648 E0.17808
G0 F12000 X21.616 Y-2.425
G1 F1200 X23.995 Y-0.047 E0.1846
G0 F12000 X23.978 Y-.771
G1 F1200 X21.517 Y-3.232 E0.191
G0 F12000 X21.636 Y-3.82
G1 F1200 X23.941 Y-1.515 E0.17889
G0 F12000 X23.884 Y-2.279
G1 F1200 X22.343 Y-3.82 E0.1196
G0 F12000 X23.05 Y-3.82
G1 F1200 X23.796 Y-3.074 E0.0579
G1 X23.866 Y-3.004
G1 F3600 E-1
;MESH:NONMESH
G0 F12000 X-28.681 Y-3.546
;TIME_ELAPSED:590.078680
;LAYER:61
M106 S255
;MESH:bridge.stl
G0 X-28.681 Y-3.546 Z18.6
;TYPE:FILL
G1 F3600 E1
G1 F9600 X-26.838 Y-4.039 E0.09518
G1 X-24.957 Y-4.039 E0.09384
G1 X-27.122 Y4.041 E0.41733
G1 X-28.273 Y4.039 E0.05742
G1 X-28.671 Y3.641 E0.02808
G1 X-28.758 Y2.915 E0.03648
G1 X-28.842 Y1.901 E0.05076
G1 X-28.889 Y0.978 E0.04611
G1 X-28.906 Y0.031 E0.04725
G1 X-28.889 Y-.991 E0.05099
G1 X-28.842 Y-1.9 E0.04541
G1 X-28.756 Y-2.929 E0.05152
G1 X-28.622 Y-4.04 E0.05583
G1 X-28.611 Y-4.139
G1 F3600 E-1
G0 F12000 X-28.611 Y-4.1
G0 X-31.5 Y-4.125
G0 X-31.748 Y-4.4
;TYPE:WALL-INNER
G1 F3600 E1
G1 F3000 X-31.911 Y-2.912 E0.07468
G1 X-31.984 Y-1.96 E0.04763
G1 X-32.028 Y-.977 E0.04909
G1 X-32.043 Y0.00 E0.04875
G1 X-32.028 Y0.977 E0.04875
G1 X-31.982 Y2 E0.05109
G1 X-31.907 Y2.967 E0.04839
G1 X-31.746 Y4.4 E0.07194
G1 X-20.307 Y4.399 E0.57069
G1 X-19.602 Y4.399 E0.03517
G1 X-19.827 Y3.115 E0.06504
G1 X-19.967 Y2.048 E0.05369
G1 X-20.047 Y1.044 E0.05025
G1 X-20.072 Y-0.015 E0.05285
G1 X-20.047 Y-1.044 E0.05135
G1 X-19.964 Y-2.076 E0.05165
G1 X-19.832 Y-3.112 E0.0521
G1 X-19.602 Y-4.399 E0.06523
G1 X-20.307 Y-4.399 E0.03517
G1 X-31.748 Y-4.4 E0.57079
G0 F12000 X-32.081 Y-4.8
;TYPE:WALL-OUTER
G1 F1200 X-32.198 Y-3.959 E0.04236
G1 X-32.308 Y-2.977 E0.0493
G1 X-32.384 Y-1.984 E0.04969
G1 X-32.428 Y-.989 E0.04969
G1 X-32.443 Y0.00 E0.04935
G1 X-32.428 Y0.989 E0.04935
G1 X-32.381 Y2.03 E0.05199
G1 X-32.312 Y2.94 E0.04553
G1 X-32.195 Y3.982 E0.05231
G1 X-32.081 Y4.8 E0.0412
G1 X-20.219 Y4.799 E0.5918
G1 X-19.078 Y4.799 E0.05692
G1 X-19.261 Y4.031 E0.03939
G1 X-19.431 Y3.063 E0.04903
G1 X-19.568 Y2.016 E0.05268
G1 X-19.648 Y1.001 E0.0508
G1 X-19.672 Y-0.005 E0.0502
G1 X-19.648 Y-1.012 E0.05025
G1 X-19.567 Y-2.026 E0.05075
G1 X-19.433 Y-3.072 E0.05261
G1 X-19.259 Y-4.043 E0.04922
G1 X-19.078 Y-4.799 E0.03878
G1 X-20.219 Y-4.799 E0.05692
G1 X-32.081 Y-4.8 E0.5918
G0 F12000 X-32.191 Y-4.008
G1 F3600 E-1
G0 F12000 X-31.504 Y-3.913
G0 X-28.966 Y4.02
;TYPE:SKIN
G1 F3600 E1
G1 F2400 X-31.405 Y4.02 E0.12168
G1 X-31.527 Y2.92 E0.05522
G1 X-31.599 Y1.988 E0.04664
G1 X-31.647 Y0.98 E0.05035
G1 X-31.66 Y0.067 E0.04555
G1 X-31.648 Y-.962 E0.05134
G1 X-31.605 Y-1.916 E0.04764
G1 X-31.528 Y-2.901 E0.04929
G1 X-31.404 Y-4.019 E0.05612
G1 X-28.969 Y-4.02 E0.12148
G1 X-29.099 Y-2.912 E0.05566
G1 X-29.18 Y-1.945 E0.04841
G1 X-29.228 Y-.999 E0.04726
G1 X-29.244 Y0.02 E0.05084
G1 X-29.228 Y0.98 E0.0479
G1 X-29.18 Y1.939 E0.0479
G1 X-29.104 Y2.892 E0.0477
G1 X-28.966 Y4.02 E0.0567
G0 F12000 X-29.201 Y3.746
G1 F2400 X-29.276 Y3.82 E0.00526
G0 F12000 X-29.841 Y3.82
G1 F2400 X-29.263 Y3.241 E0.04082
G0 F12000 X-29.318 Y2.731
G1 F2400 X-30.407 Y3.82 E0.07683
G0 F12000 X-30.973 Y3.82
G1 F2400 X-29.36 Y2.207 E0.11381
G0 F12000 X-29.394 Y1.675
G1 F2400 X-31.256 Y3.538 E0.13141
G0 F12000 X-31.313 Y3.029
G1 F2400 X-29.421 Y1.136 E0.13353
G0 F12000 X-29.435 Y0.585
G1 F2400 X-31.357 Y2.507 E0.13561
G0 F12000 X-31.398 Y1.983
G1 F2400 X-29.444 Y0.028 E0.1379
G0 F12000 X-29.435 Y-.546
G1 F2400 X-31.425 Y1.443 E0.14037
G0 F12000 X-31.448 Y0.901
G1 F2400 X-29.423 Y-1.124 E0.14287
G0 F12000 X-29.392 Y-1.721
G1 F2400 X-31.456 Y0.343 E0.14563
G0 F12000 X-31.456 Y-.222
G1 F2400 X-29.348 Y-2.331 E0.14877
G0 F12000 X-29.296 Y-2.948
G1 F2400 X-31.449 Y-.795 E0.15191
G0 F12000 X-31.428 Y-1.382
G1 F2400 X-29.221 Y-3.589 E0.15572
G0 F12000 X-29.556 Y-3.82
G1 F2400 X-31.399 Y-1.976 E0.13007
G0 F12000 X-31.351 Y-2.59
G1 F2400 X-30.121 Y-3.82 E0.08678
G0 F12000 X-30.687 Y-3.82
G1 F2400 X-31.291 Y-3.216 E0.04262
G1 X-31.361 Y-3.146
G1 F3600 E-1
G0 F12000 X-22.885 Y-4.016
M107
G1 F3600 E1
G1 F1200 X-20.39 Y-4.015 E0.13692
G1 X-20.053 Y-4.015 E0.01849
G1 X-20.197 Y-3.245 E0.04299
G1 X-20.339 Y-2.126 E0.0619
G1 X-20.424 Y-1.068 E0.05825
G1 X-20.452 Y-0.022 E0.05742
G1 X-20.424 Y1.062 E0.05951
G1 X-20.344 Y2.08 E0.05604
G1 X-20.195 Y3.199 E0.06195
G1 X-20.051 Y4.015 E0.04547
G1 X-20.39 Y4.015 E0.0186
G1 X-22.888 Y4.016 E0.13709
G1 X-23.045 Y3.006 E0.05609
G1 X-23.149 Y2.082 E0.05103
G1 X-23.22 Y1.023 E0.05825
G1 X-23.24 Y0.00 E0.05615
G1 X-23.22 Y-1.023 E0.05615
G1 X-23.152 Y-2.05 E0.05648
G1 X-23.045 Y-3.029 E0.05405
G1 X-22.885 Y-4.016 E0.05487
G0 F12000 X-20.371 Y-3.4
G1 F1200 X-20.786 Y-3.816 E0.03225
G0 F12000 X-21.493 Y-3.816
G1 F1200 X-20.457 Y-2.78 E0.0804
G0 F12000 X-20.537 Y-2.152
G1 F1200 X-22.2 Y-3.816 E0.12911
G0 F12000 X-22.743 Y-3.651
G1 F1200 X-20.59 Y-1.498 E0.1671
G0 F12000 X-20.629 Y-.83
G1 F1200 X-22.841 Y-3.042 E0.17168
G0 F12000 X-22.913 Y-2.407
G1 F1200 X-20.648 Y-.142 E0.17579
G0 F12000 X-20.636 Y0.577
G1 F1200 X-22.972 Y-1.759 E0.1813
G0 F12000 X-23.016 Y-1.095
G1 F1200 X-20.605 Y1.315 E0.18708
G0 F12000 X-20.544 Y2.084
G1 F1200 X-23.033 Y-.405 E0.19317
G0 F12000 X-23.035 Y0.3
G1 F1200 X-20.436 Y2.898 E0.20167
G1 X-20.366 Y2.968
G0 F12000 X-20.302 Y3.74
G1 F1200 X-23.02 Y1.022 E0.21095
G0 F12000 X-22.971 Y1.778
G1 F1200 X-20.934 Y3.815 E0.15809
G0 F12000 X-21.64 Y3.816
G1 F1200 X-22.892 Y2.564 E0.09717
G1 X-22.962 Y2.494
G0 F12000 X-22.785 Y3.378
G1 F1200 X-22.347 Y3.816 E0.03399
G0 F12000 X-22.347 Y3.8
G1 F3600 E-1
G0 F12000 X24.737 Y-4.04
;TYPE:FILL
M106 S255
G1 F3600 E1
G1 F9600 X23.589 Y0.244 E0.22127
G1 X23.56 Y-1.052 E0.06467
G1 X23.492 Y-2.077 E0.05125
G1 X23.374 Y-3.137 E0.05321
G1 X23.234 Y-4.04 E0.04559
G1 X28.622 Y-4.04 E0.26881
G1 X28.722 Y-4.04
G1 F3600 E-1
G0 F12000 X31.5 Y4.125
G0 X31.746 Y4.399
;TYPE:WALL-INNER
G1 F3600 E1
G1 F3000 X31.911 Y2.912 E0.07464
G1 X31.984 Y1.96 E0.04763
G1 X32.028 Y0.977 E0.04909
G1 X32.043 Y-0.07 E0.05224
G1 X32.028 Y-.981 E0.04546
G1 X31.985 Y-1.964 E0.04909
G1 X31.907 Y-2.971 E0.05039
G1 X31.746 Y-4.4 E0.07174
G1 X20.306 Y-4.4 E0.57074
G1 X19.599 Y-4.4 E0.03527
G1 X19.827 Y-3.115 E0.06511
G1 X19.967 Y-2.048 E0.05369
G1 X20.047 Y-1.048 E0.05005
G1 X20.072 Y0.015 E0.05305
G1 X20.047 Y1.044 E0.05135
G1 X19.964 Y2.076 E0.05165
G1 X19.832 Y3.112 E0.0521
G1 X19.602 Y4.399 E0.06523
G1 X20.307 Y4.399 E0.03517
G1 X31.746 Y4.399 E0.57069
G0 F12000 X32.081 Y4.799
;TYPE:WALL-OUTER
G1 F1200 X32.198 Y3.959 E0.04231
G1 X32.308 Y2.977 E0.0493
G1 X32.384 Y1.984 E0.04969
G1 X32.428 Y0.989 E0.04969
G1 X32.443 Y-0.076 E0.05314
G1 X32.428 Y-.993 E0.04576
G1 X32.381 Y-2.033 E0.05194
G1 X32.312 Y-2.944 E0.04558
G1 X32.195 Y-3.986 E0.05231
G1 X32.082 Y-4.8 E0.041
G1 X20.219 Y-4.8 E0.59185
G1 X19.077 Y-4.8 E0.05697
G1 X19.257 Y-4.036 E0.03916
G1 X19.431 Y-3.063 E0.04931
G1 X19.568 Y-2.016 E0.05268
G1 X19.648 Y-1.005 E0.0506
G1 X19.672 Y0.005 E0.0504
G1 X19.648 Y1.012 E0.05025
G1 X19.567 Y2.026 E0.05075
G1 X19.433 Y3.072 E0.05261
G1 X19.259 Y4.043 E0.04922
G1 X19.078 Y4.799 E0.03878
G1 X20.219 Y4.799 E0.05692
G1 X32.081 Y4.799 E0.5918
G0 F12000 X32.191 Y4.007
G1 F3600 E-1
G0 F12000 X31.505 Y3.912
G0 X28.969 Y4.016
;TYPE:SKIN
G1 F3600 E1
G1 F2400 X29.099 Y2.9 E0.05605
G1 X29.18 Y1.945 E0.04782
G1 X29.228 Y0.987 E0.04785
G1 X29.245 Y-0.028 E0.05065
G1 X29.228 Y-.996 E0.0483
G1 X29.18 Y-1.943 E0.04731
G1 X29.1 Y-2.909 E0.04836
G1 X28.966 Y-4.02 E0.05583
G1 X31.398 Y-4.02 E0.12133
G1 X31.526 Y-2.958 E0.05337
G1 X31.599 Y-1.991 E0.04838
G1 X31.647 Y-.988 E0.0501
G1 X31.659 Y-0.082 E0.0452
G1 X31.648 Y0.962 E0.05209
G1 X31.604 Y1.935 E0.04859
G1 X31.534 Y2.852 E0.04588
G1 X31.398 Y4.016 E0.05847
G1 X28.969 Y4.016 E0.12118
G0 F12000 X30.691 Y3.816
G1 F2400 X31.29 Y3.217 E0.04226
G0 F12000 X31.353 Y2.588
G1 F2400 X30.125 Y3.816 E0.08664
G0 F12000 X29.559 Y3.816
G1 F2400 X31.4 Y1.976 E0.12986
G0 F12000 X31.428 Y1.382
G1 F2400 X29.221 Y3.589 E0.15572
G0 F12000 X29.295 Y2.949
G1 F2400 X31.449 Y0.795 E0.15198
G0 F12000 X31.456 Y0.223
G1 F2400 X29.348 Y2.331 E0.14873
G0 F12000 X29.392 Y1.721
G1 F2400 X31.456 Y-.343 E0.14563
G0 F12000 X31.448 Y-.901
G1 F2400 X29.423 Y1.124 E0.14287
G0 F12000 X29.436 Y0.545
G1 F2400 X31.425 Y-1.443 E0.1403
G0 F12000 X31.399 Y-1.983
G1 F2400 X29.445 Y-0.03 E0.13783
G0 F12000 X29.436 Y-.586
G1 F2400 X31.359 Y-2.51 E0.13571
G0 F12000 X31.315 Y-3.031
G1 F2400 X29.421 Y-1.137 E0.13363
G0 F12000 X29.394 Y-1.676
G1 F2400 X31.255 Y-3.536 E0.13127
G0 F12000 X30.973 Y-3.82
G1 F2400 X29.359 Y-2.206 E0.11388
G0 F12000 X29.316 Y-2.729
G1 F2400 X30.408 Y-3.82 E0.07701
G0 F12000 X29.842 Y-3.82
G1 F2400 X29.261 Y-3.24 E0.04096
G0 F12000 X29.201 Y-3.745
G1 F2400 X29.276 Y-3.82 E0.00529
G1 F3600 E-1
G0 F12000 X22.889 Y4.015
M107
G1 F3600 E1
G1 F1200 X20.39 Y4.015 E0.13714
G1 X20.053 Y4.015 E0.01849
G1 X20.197 Y3.245 E0.04299
G1 X20.339 Y2.126 E0.0619
G1 X20.424 Y1.068 E0.05825
G1 X20.453 Y0.012 E0.05797
G1 X20.424 Y-1.07 E0.0594
G1 X20.34 Y-2.121 E0.05786
G1 X20.195 Y-3.199 E0.05969
G1 X20.048 Y-4.02 E0.04577
G1 X20.388 Y-4.02 E0.01866
G1 X22.888 Y-4.02 E0.1372
G1 X23.039 Y-3.05 E0.05387
G1 X23.149 Y-2.086 E0.05325
G1 X23.22 Y-1.027 E0.05825
G1 X23.24 Y-0.052 E0.05352
G1 X23.22 Y1.023 E0.05901
G1 X23.152 Y2.05 E0.05648
G1 X23.045 Y3.029 E0.05405
G1 X22.889 Y4.015 E0.05478
G0 F12000 X20.371 Y3.4
G1 F1200 X20.786 Y3.816 E0.03225
G0 F12000 X21.493 Y3.816
G1 F1200 X20.458 Y2.78 E0.08037
G0 F12000 X20.537 Y2.152
G1 F1200 X22.2 Y3.816 E0.12911
G0 F12000 X22.744 Y3.652
G1 F1200 X20.59 Y1.498 E0.16717
G0 F12000 X20.63 Y0.831
G1 F1200 X22.841 Y3.042 E0.1716
G0 F12000 X22.912 Y2.406
G1 F1200 X20.649 Y0.143 E0.17563
G0 F12000 X20.637 Y-.576
G1 F1200 X22.972 Y1.759 E0.18122
G0 F12000 X23.016 Y1.095
G1 F1200 X20.604 Y-1.316 E0.18716
G0 F12000 X20.543 Y-2.085
G1 F1200 X23.033 Y0.405 E0.19325
G0 F12000 X23.035 Y-.299
G1 F1200 X20.437 Y-2.898 E0.20167
G1 X20.367 Y-2.968
G0 F12000 X20.301 Y-3.741
G1 F1200 X23.02 Y-1.022 E0.21102
G0 F12000 X22.97 Y-1.778
G1 F1200 X20.929 Y-3.82 E0.15844
G0 F12000 X21.636 Y-3.82
G1 F1200 X22.893 Y-2.563 E0.09756
G1 X22.963 Y-2.493
G0 F12000 X22.786 Y-3.377
G1 F1200 X22.343 Y-3.82 E0.03438
G0 F12000 X22.343 Y-3.8
G1 F3600 E-1
;MESH:NONMESH
G0 F12000 X-27.943 Y-3.524
;TIME_ELAPSED:608.973999
;LAYER:62
M106 S255
;MESH:bridge.stl
G0 X-27.943 Y-3.524 Z18.9
;TYPE:FILL
G1 F3600 E1
G1 F9600 X-26.022 Y-4.039 E0.09922
G1 X-25.177 Y-4.039 E0.04216
G1 X-27.341 Y4.039 E0.41722
G1 X-27.879 Y4.039 E0.02684
G1 X-28.023 Y2.875 E0.05851
G1 X-28.103 Y1.892 E0.0492
G1 X-28.15 Y0.978 E0.04566
G1 X-28.167 Y0.031 E0.04725
G1 X-28.15 Y-.989 E0.0509
G1 X-28.108 Y-1.844 E0.04271
G1 X-28.021 Y-2.897 E0.05271
G1 X-27.88 Y-4.039 E0.05741
G1 X-27.868 Y-4.138
G1 F3600 E-1
G0 F12000 X-27.868 Y-4.1
G0 X-30.822 Y-4.125
G0 X-31.069 Y-4.4
;TYPE:WALL-INNER
G1 F3600 E1
G1 F3000 X-31.238 Y-2.937 E0.07347
G1 X-31.309 Y-2.049 E0.04444
G1 X-31.36 Y-1.016 E0.0516
G1 X-31.375 Y-0.015 E0.04995
G1 X-31.364 Y0.941 E0.0477
G1 X-31.315 Y1.909 E0.04836
G1 X-31.238 Y2.939 E0.05153
G1 X-31.069 Y4.4 E0.07338
G1 X-19.174 Y4.4 E0.59344
G1 X-18.398 Y4.4 E0.03871
G1 X-18.646 Y3.11 E0.06554
G1 X-18.791 Y2.048 E0.05347
G1 X-18.871 Y1.044 E0.05025
G1 X-18.9 Y-0.017 E0.05295
G1 X-18.871 Y-1.044 E0.05126
G1 X-18.791 Y-2.048 E0.05025
G1 X-18.646 Y-3.11 E0.05347
G1 X-18.398 Y-4.4 E0.06554
G1 X-19.174 Y-4.4 E0.03871
G1 X-31.069 Y-4.4 E0.59344
G0 F12000 X-31.406 Y-4.8
;TYPE:WALL-OUTER
G1 F1200 X-31.522 Y-3.96 E0.04231
G1 X-31.636 Y-2.976 E0.04942
G1 X-31.708 Y-2.075 E0.04509
G1 X-31.76 Y-1.029 E0.05225
G1 X-31.775 Y-0.015 E0.05059
G1 X-31.764 Y0.953 E0.0483
G1 X-31.714 Y1.939 E0.04925
G1 X-31.632 Y3.018 E0.05399
G1 X-31.52 Y3.979 E0.04827
G1 X-31.406 Y4.8 E0.04135
G1 X-19.079 Y4.8 E0.615
G1 X-17.863 Y4.8 E0.06067
G1 X-18.061 Y4.034 E0.03947
G1 X-18.255 Y3.024 E0.05131
G1 X-18.392 Y2.016 E0.05075
G1 X-18.472 Y1.002 E0.05075
G1 X-18.5 Y-0.006 E0.05031
G1 X-18.472 Y-1.012 E0.05021
G1 X-18.391 Y-2.028 E0.05085
G1 X-18.253 Y-3.034 E0.05066
G1 X-18.058 Y-4.047 E0.05147
G1 X-17.863 Y-4.8 E0.03881
G1 X-19.079 Y-4.8 E0.06067
G1 X-31.406 Y-4.8 E0.615
G0 F12000 X-31.515 Y-4.008
G1 F3600 E-1
G0 F12000 X-30.828 Y-3.911
G0 X-28.223 Y4.016
;TYPE:SKIN
G1 F3600 E1
G1 F2400 X-30.723 Y4.019 E0.12473
G1 X-30.853 Y2.957 E0.05338
G1 X-30.932 Y1.893 E0.05323
G1 X-30.983 Y0.953 E0.04697
G1 X-30.992 Y-0.011 E0.0481
G1 X-30.98 Y-1.001 E0.04939
G1 X-30.928 Y-1.987 E0.04926
G1 X-30.86 Y-2.872 E0.04428
G1 X-30.722 Y-4.019 E0.05764
G1 X-28.223 Y-4.016 E0.12468
G1 X-28.363 Y-2.885 E0.05686
G1 X-28.444 Y-1.885 E0.05005
G1 X-28.488 Y-.998 E0.04431
G1 X-28.504 Y0.01 E0.0503
G1 X-28.488 Y0.98 E0.0484
G1 X-28.44 Y1.927 E0.04731
G1 X-28.368 Y2.852 E0.04629
G1 X-28.223 Y4.016 E0.05852
G0 F12000 X-30.123 Y3.818
G1 F2400 X-30.606 Y3.335 E0.03408
G0 F12000 X-30.672 Y2.703
G1 F2400 X-29.558 Y3.818 E0.07863
G0 F12000 X-28.993 Y3.817
G1 F2400 X-30.717 Y2.093 E0.12164
G0 F12000 X-30.753 Y1.491
G1 F2400 X-28.452 Y3.792 E0.16235
G0 F12000 X-28.532 Y3.146
G1 F2400 X-30.784 Y0.894 E0.15889
G0 F12000 X-30.789 Y0.324
G1 F2400 X-28.595 Y2.518 E0.1548
G0 F12000 X-28.642 Y1.905
G1 F2400 X-30.79 Y-.243 E0.15155
G0 F12000 X-30.783 Y-.802
G1 F2400 X-28.672 Y1.31 E0.14898
G0 F12000 X-28.692 Y0.723
G1 F2400 X-30.761 Y-1.346 E0.14598
G0 F12000 X-30.732 Y-1.882
G1 F2400 X-28.701 Y0.148 E0.14326
G0 F12000 X-28.697 Y-.413
G1 F2400 X-30.695 Y-2.411 E0.14097
G0 F12000 X-30.651 Y-2.932
G1 F2400 X-28.688 Y-.969 E0.1385
G0 F12000 X-28.663 Y-1.51
G1 F2400 X-30.591 Y-3.438 E0.13603
G0 F12000 X-30.406 Y-3.818
G1 F2400 X-28.631 Y-2.044 E0.1252
G0 F12000 X-28.589 Y-2.568
G1 F2400 X-29.839 Y-3.818 E0.08819
G0 F12000 X-29.273 Y-3.817
G1 F2400 X-28.54 Y-3.084 E0.05172
G0 F12000 X-28.477 Y-3.587
G1 F2400 X-28.706 Y-3.816 E0.01616
G1 F3600 E-1
G0 F12000 X-21.874 Y-4.016
M107
G1 F3600 E1
G1 F1200 X-19.264 Y-4.016 E0.14323
G1 X-18.858 Y-4.016 E0.02228
G1 X-19.017 Y-3.178 E0.04681
G1 X-19.163 Y-2.136 E0.05774
G1 X-19.248 Y-1.068 E0.0588
G1 X-19.28 Y-0.023 E0.05738
G1 X-19.248 Y1.058 E0.05935
G1 X-19.168 Y2.08 E0.05626
G1 X-19.027 Y3.123 E0.05776
G1 X-18.858 Y4.016 E0.04988
G1 X-19.264 Y4.016 E0.02228
G1 X-21.874 Y4.016 E0.14323
G1 X-22.033 Y3.051 E0.05367
G1 X-22.145 Y2.094 E0.05288
G1 X-22.22 Y1.034 E0.05832
G1 X-22.244 Y0.033 E0.05495
G1 X-22.22 Y-1.026 E0.05813
G1 X-22.148 Y-2.054 E0.05655
G1 X-22.041 Y-3.024 E0.05356
G1 X-21.874 Y-4.016 E0.05521
G0 F12000 X-19.143 Y-3.578
G1 F1200 X-19.382 Y-3.817 E0.01855
G0 F12000 X-20.089 Y-3.816
G1 F1200 X-19.248 Y-2.976 E0.06523
G0 F12000 X-19.334 Y-2.355
G1 F1200 X-20.796 Y-3.816 E0.11343
G0 F12000 X-21.503 Y-3.816
G1 F1200 X-19.397 Y-1.711 E0.16341
G0 F12000 X-19.448 Y-1.055
G1 F1200 X-21.778 Y-3.384 E0.18079
G0 F12000 X-21.868 Y-2.767
G1 F1200 X-19.469 Y-.369 E0.18615
G0 F12000 X-19.469 Y0.337
G1 F1200 X-21.939 Y-2.13 E0.19158
G0 F12000 X-21.988 Y-1.473
G1 F1200 X-19.448 Y1.065 E0.19705
G0 F12000 X-19.387 Y1.833
G1 F1200 X-22.025 Y-.803 E0.20466
G0 F12000 X-22.041 Y-.112
G1 F1200 X-19.295 Y2.632 E0.21304
G1 X-19.225 Y2.702
G0 F12000 X-19.164 Y3.469
G1 F1200 X-22.03 Y0.605 E0.22236
G0 F12000 X-21.998 Y1.344
G1 F1200 X-19.525 Y3.815 E0.19185
G0 F12000 X-20.232 Y3.816
G1 F1200 X-21.941 Y2.108 E0.1326
G1 X-22.011 Y2.038
G0 F12000 X-21.849 Y2.907
G1 F1200 X-20.94 Y3.815 E0.07051
G0 F12000 X-21.647 Y3.815
G1 F1200 X-21.715 Y3.748 E0.00524
G1 F3600 E-1
G0 F12000 X24.517 Y-4.039
;TYPE:FILL
M106 S255
G1 F3600 E1
G1 F9600 X22.779 Y4.038 E0.41219
G1 X22.938 Y4.038 E0.00793
G1 X22.321 Y3.421 E0.04353
G1 X22.408 Y2.886 E0.02704
G1 X22.397 Y2.886 E0.00055
G1 X22.487 Y2.1 E0.03947
G1 X22.562 Y1.029 E0.05356
G1 X22.586 Y-0.01 E0.05185
G1 X22.561 Y-1.055 E0.05215
G1 X22.487 Y-2.109 E0.05271
G1 X22.397 Y-2.888 E0.03912
G1 X22.409 Y-2.888 E0.0006
G1 X22.219 Y-4.038 E0.05815
G1 X27.879 Y-4.039 E0.28238
G1 X27.979 Y-4.039
G1 F3600 E-1
G0 F12000 X30.822 Y4.125
G0 X31.069 Y4.399
;TYPE:WALL-INNER
G1 F3600 E1
G1 F3000 X31.238 Y2.937 E0.07343
G1 X31.309 Y2.049 E0.04444
G1 X31.36 Y1.016 E0.0516
G1 X31.376 Y-0.053 E0.05334
G1 X31.364 Y-.945 E0.04451
G1 X31.315 Y-1.912 E0.04831
G1 X31.235 Y-2.975 E0.05318
G1 X31.069 Y-4.4 E0.07157
G1 X19.174 Y-4.4 E0.59344
G1 X18.398 Y-4.4 E0.03871
G1 X18.646 Y-3.114 E0.06534
G1 X18.791 Y-2.048 E0.05367
G1 X18.871 Y-1.048 E0.05005
G1 X18.9 Y0.017 E0.05315
G1 X18.871 Y1.044 E0.05126
G1 X18.791 Y2.048 E0.05025
G1 X18.646 Y3.11 E0.05347
G1 X18.398 Y4.4 E0.06554
G1 X19.174 Y4.4 E0.03871
G1 X31.069 Y4.399 E0.59344
G0 F12000 X31.405 Y4.799
;TYPE:WALL-OUTER
G1 F1200 X31.522 Y3.96 E0.04226
G1 X31.636 Y2.976 E0.04942
G1 X31.708 Y2.075 E0.04509
G1 X31.76 Y1.029 E0.05225
G1 X31.776 Y-0.058 E0.05424
G1 X31.764 Y-.957 E0.04486
G1 X31.714 Y-1.942 E0.04921
G1 X31.632 Y-3.021 E0.05399
G1 X31.52 Y-3.984 E0.04837
G1 X31.406 Y-4.8 E0.04111
G1 X19.079 Y-4.8 E0.615
G1 X17.863 Y-4.8 E0.06067
G1 X18.061 Y-4.034 E0.03947
G1 X18.255 Y-3.028 E0.05111
G1 X18.392 Y-2.016 E0.05095
G1 X18.472 Y-1.006 E0.05055
G1 X18.5 Y0.006 E0.05051
G1 X18.472 Y1.012 E0.05021
G1 X18.391 Y2.028 E0.05085
G1 X18.253 Y3.034 E0.05066
G1 X18.058 Y4.047 E0.05147
G1 X17.863 Y4.8 E0.03881
G1 X19.079 Y4.8 E0.06067
G1 X31.405 Y4.799 E0.61495
G0 F12000 X31.515 Y4.007
G1 F3600 E-1
G0 F12000 X30.828 Y3.911
G0 X28.223 Y4.015
;TYPE:SKIN
G1 F3600 E1
G1 F2400 X28.363 Y2.885 E0.05681
G1 X28.444 Y1.881 E0.05025
G1 X28.49 Y0.94 E0.047
G1 X28.505 Y-0.028 E0.0483
G1 X28.488 Y-.996 E0.0483
G1 X28.44 Y-1.943 E0.04731
G1 X28.368 Y-2.852 E0.04549
G1 X28.223 Y-4.016 E0.05852
G1 X30.723 Y-4.019 E0.12473
G1 X30.857 Y-2.936 E0.05444
G1 X30.932 Y-1.896 E0.05202
G1 X30.983 Y-.957 E0.04692
G1 X30.995 Y-0.068 E0.04436
G1 X30.98 Y1.001 E0.05334
G1 X30.928 Y1.987 E0.04926
G1 X30.86 Y2.872 E0.04428
G1 X30.722 Y4.016 E0.05749
G1 X28.223 Y4.015 E0.12468
G0 F12000 X28.477 Y3.587
G1 F2400 X28.705 Y3.815 E0.01609
G0 F12000 X29.271 Y3.815
G1 F2400 X28.54 Y3.084 E0.05158
G0 F12000 X28.589 Y2.568
G1 F2400 X29.837 Y3.816 E0.08805
G0 F12000 X30.403 Y3.816
G1 F2400 X28.631 Y2.044 E0.12502
G0 F12000 X28.662 Y1.509
G1 F2400 X30.591 Y3.438 E0.1361
G0 F12000 X30.651 Y2.932
G1 F2400 X28.689 Y0.97 E0.13843
G0 F12000 X28.698 Y0.414
G1 F2400 X30.695 Y2.411 E0.1409
G0 F12000 X30.733 Y1.883
G1 F2400 X28.703 Y-.147 E0.14323
G0 F12000 X28.693 Y-.723
G1 F2400 X30.762 Y1.346 E0.14598
G0 F12000 X30.783 Y0.802
G1 F2400 X28.672 Y-1.31 E0.14898
G0 F12000 X28.641 Y-1.906
G1 F2400 X30.791 Y0.244 E0.15169
G0 F12000 X30.792 Y-.32
G1 F2400 X28.594 Y-2.519 E0.15512
G0 F12000 X28.534 Y-3.145
G1 F2400 X30.785 Y-.894 E0.15882
G0 F12000 X30.754 Y-1.49
G1 F2400 X28.453 Y-3.791 E0.16235
G0 F12000 X28.993 Y-3.817
G1 F2400 X30.717 Y-2.092 E0.12167
G0 F12000 X30.674 Y-2.702
G1 F2400 X29.558 Y-3.818 E0.07874
G0 F12000 X30.123 Y-3.818
G1 F2400 X30.606 Y-3.335 E0.03408
G1 F3600 E-1
G0 F12000 X21.874 Y4.015
M107
G1 F3600 E1
G1 F1200 X19.265 Y4.016 E0.14318
G1 X18.858 Y4.016 E0.02234
G1 X19.017 Y3.178 E0.04681
G1 X19.163 Y2.136 E0.05774
G1 X19.248 Y1.068 E0.0588
G1 X19.281 Y0.023 E0.05738
G1 X19.248 Y-1.07 E0.06001
G1 X19.168 Y-2.08 E0.0556
G1 X19.027 Y-3.135 E0.05841
G1 X18.858 Y-4.016 E0.04923
G1 X19.264 Y-4.016 E0.02228
G1 X21.874 Y-4.016 E0.14323
G1 X22.033 Y-3.05 E0.05373
G1 X22.145 Y-2.103 E0.05233
G1 X22.22 Y-1.03 E0.05903
G1 X22.243 Y-0.067 E0.05286
G1 X22.22 Y1.03 E0.06022
G1 X22.148 Y2.062 E0.05677
G1 X22.041 Y3.024 E0.05312
G1 X21.874 Y4.015 E0.05515
G0 F12000 X19.143 Y3.578
G1 F1200 X19.381 Y3.816 E0.01847
G0 F12000 X20.088 Y3.816
G1 F1200 X19.247 Y2.975 E0.06527
G0 F12000 X19.334 Y2.355
G1 F1200 X20.795 Y3.815 E0.11335
G0 F12000 X21.502 Y3.815
G1 F1200 X19.397 Y1.711 E0.16333
G0 F12000 X19.448 Y1.055
G1 F1200 X21.777 Y3.383 E0.18072
G0 F12000 X21.869 Y2.768
G1 F1200 X19.47 Y0.37 E0.18615
G0 F12000 X19.47 Y-.336
G1 F1200 X21.94 Y2.131 E0.19158
G0 F12000 X21.989 Y1.474
G1 F1200 X19.449 Y-1.065 E0.19709
G0 F12000 X19.387 Y-1.833
G1 F1200 X22.025 Y0.803 E0.20466
G0 F12000 X22.04 Y0.111
G1 F1200 X19.295 Y-2.632 E0.21296
G1 X19.225 Y-2.702
G0 F12000 X19.167 Y-3.467
G1 F1200 X22.03 Y-.605 E0.22216
G0 F12000 X21.998 Y-1.344
G1 F1200 X19.525 Y-3.815 E0.19185
G0 F12000 X20.232 Y-3.816
G1 F1200 X21.944 Y-2.106 E0.13279
G1 X22.014 Y-2.036
G0 F12000 X21.849 Y-2.907
G1 F1200 X20.94 Y-3.815 E0.07051
G0 F12000 X21.647 Y-3.815
G1 F1200 X21.715 Y-3.748 E0.00524
G1 F3600 E-1
;MESH:NONMESH
G0 F12000 X-27.176 Y-3.51
;TIME_ELAPSED:628.523844
;LAYER:63
M106 S255
;MESH:bridge.stl
G0 X-27.176 Y-3.51 Z19.2
;TYPE:FILL
G1 F3600 E1
G1 F9600 X-25.595 Y-4.043 E0.08324
G1 X-25.396 Y-4.041 E0.00993
G1 X-27.252 Y2.889 E0.35792
G1 X-27.338 Y1.886 E0.05022
G1 X-27.388 Y0.961 E0.04622
G1 X-27.405 Y0.017 E0.0471
G1 X-27.388 Y-.961 E0.0488
G1 X-27.336 Y-1.935 E0.04866
G1 X-27.252 Y-2.898 E0.04823
G1 X-27.112 Y-4.04 E0.0574
G1 X-27.1 Y-4.139
G1 F3600 E-1
G0 F12000 X-27.1 Y-4.1
G0 X-30.131 Y-4.125
G0 X-30.384 Y-4.4
;TYPE:WALL-INNER
G1 F3600 E1
G1 F3000 X-30.548 Y-2.913 E0.07464
G1 X-30.625 Y-1.957 E0.04785
G1 X-30.672 Y-.976 E0.049
G1 X-30.687 Y0.00 E0.0487
G1 X-30.672 Y0.976 E0.0487
G1 X-30.625 Y1.957 E0.049
G1 X-30.544 Y2.962 E0.0503
G1 X-30.383 Y4.4 E0.07219
G1 X-17.967 Y4.399 E0.61944
G1 X-17.097 Y4.399 E0.0434
G1 X-17.374 Y3.087 E0.0669
G1 X-17.53 Y2.055 E0.05207
G1 X-17.622 Y1.051 E0.0503
G1 X-17.648 Y-0.015 E0.0532
G1 X-17.622 Y-1.052 E0.05175
G1 X-17.53 Y-2.028 E0.04891
G1 X-17.374 Y-3.084 E0.05326
G1 X-17.097 Y-4.4 E0.06709
G1 X-17.966 Y-4.4 E0.04335
G1 X-30.384 Y-4.4 E0.61954
G0 F12000 X-30.714 Y-4.8
;TYPE:WALL-OUTER
G1 F1200 X-30.835 Y-3.956 E0.04254
G1 X-30.944 Y-2.976 E0.04919
G1 X-31.024 Y-1.983 E0.0497
G1 X-31.072 Y-.989 E0.04965
G1 X-31.087 Y0.00 E0.04935
G1 X-31.072 Y0.989 E0.04935
G1 X-31.024 Y1.983 E0.04965
G1 X-30.942 Y3.006 E0.0512
G1 X-30.836 Y3.955 E0.04764
G1 X-30.714 Y4.8 E0.04259
G1 X-17.864 Y4.799 E0.64109
G1 X-16.555 Y4.799 E0.06531
G1 X-16.764 Y4.038 E0.03937
G1 X-16.978 Y3.027 E0.05156
G1 X-17.132 Y2.019 E0.05087
G1 X-17.224 Y1.015 E0.0503
G1 X-17.248 Y-0.005 E0.0509
G1 X-17.224 Y-1.015 E0.0504
G1 X-17.134 Y-1.97 E0.04786
G1 X-16.976 Y-3.038 E0.05386
G1 X-16.761 Y-4.049 E0.05157
G1 X-16.558 Y-4.8 E0.03881
G1 X-17.864 Y-4.8 E0.06516
G1 X-30.714 Y-4.8 E0.64109
G0 F12000 X-30.827 Y-4.009
G1 F3600 E-1
G0 F12000 X-30.138 Y-3.908
G0 X-27.458 Y4.02
;TYPE:SKIN
G1 F3600 E1
G1 F2400 X-30.041 Y4.02 E0.12887
G1 X-30.163 Y2.938 E0.05432
G1 X-30.246 Y1.911 E0.0514
G1 X-30.293 Y0.938 E0.0486
G1 X-30.304 Y0.083 E0.04266
G1 X-30.292 Y-.961 E0.05209
G1 X-30.245 Y-1.907 E0.04725
G1 X-30.165 Y-2.883 E0.04886
G1 X-30.041 Y-4.02 E0.05706
G1 X-27.458 Y-4.019 E0.12887
G1 X-27.591 Y-2.896 E0.05642
G1 X-27.672 Y-1.962 E0.04677
G1 X-27.728 Y-.972 E0.04947
G1 X-27.744 Y0.004 E0.0487
G1 X-27.728 Y0.964 E0.0479
G1 X-27.676 Y1.931 E0.04831
G1 X-27.596 Y2.893 E0.04816
G1 X-27.458 Y4.02 E0.05665
G0 F12000 X-27.734 Y3.41
G1 F2400 X-28.145 Y3.82 E0.02896
G0 F12000 X-28.711 Y3.82
G1 F2400 X-27.796 Y2.906 E0.06452
G0 F12000 X-27.839 Y2.383
G1 F2400 X-29.276 Y3.82 E0.10139
G0 F12000 X-29.842 Y3.82
G1 F2400 X-27.88 Y1.858 E0.13843
G0 F12000 X-27.91 Y1.322
G1 F2400 X-29.917 Y3.33 E0.14164
G0 F12000 X-29.972 Y2.819
G1 F2400 X-27.931 Y0.779 E0.14397
G0 F12000 X-27.941 Y0.222
G1 F2400 X-30.014 Y2.295 E0.14626
G0 F12000 X-30.052 Y1.768
G1 F2400 X-27.938 Y-.346 E0.14915
G0 F12000 X-27.929 Y-.921
G1 F2400 X-30.078 Y1.228 E0.15162
G0 F12000 X-30.096 Y0.68
G1 F2400 X-27.898 Y-1.517 E0.15505
G0 F12000 X-27.859 Y-2.123
G1 F2400 X-30.104 Y0.122 E0.1584
G0 F12000 X-30.097 Y-.45
G1 F2400 X-27.806 Y-2.741 E0.16164
G0 F12000 X-27.736 Y-3.377
G1 F2400 X-30.087 Y-1.026 E0.16588
G0 F12000 X-30.058 Y-1.621
G1 F2400 X-27.859 Y-3.82 E0.15515
G0 F12000 X-28.424 Y-3.82
G1 F2400 X-30.017 Y-2.227 E0.11239
G0 F12000 X-29.967 Y-2.843
G1 F2400 X-28.989 Y-3.82 E0.06897
G0 F12000 X-29.555 Y-3.82
G1 F2400 X-29.899 Y-3.476 E0.02427
G1 F3600 E-1
G0 F12000 X-20.811 Y-4.016
M107
G1 F3600 E1
G1 F1200 X-18.064 Y-4.016 E0.15075
G1 X-17.563 Y-4.016 E0.02749
G1 X-17.736 Y-3.194 E0.0461
G1 X-17.906 Y-2.087 E0.06146
G1 X-18 Y-1.083 E0.05534
G1 X-18.028 Y-0.022 E0.05825
G1 X-18.004 Y1.017 E0.05703
G1 X-17.908 Y2.083 E0.05874
G1 X-17.746 Y3.139 E0.05863
G1 X-17.563 Y4.015 E0.04911
G1 X-18.065 Y4.015 E0.02755
G1 X-20.811 Y4.016 E0.1507
G1 X-20.97 Y3.098 E0.05113
G1 X-21.1 Y2.018 E0.0597
G1 X-21.174 Y0.99 E0.05656
G1 X-21.196 Y0.036 E0.05237
G1 X-21.172 Y-1.026 E0.0583
G1 X-21.096 Y-2.056 E0.05668
G1 X-20.97 Y-3.09 E0.05716
G1 X-20.811 Y-4.016 E0.05156
G0 F12000 X-17.835 Y-3.693
G1 F1200 X-17.958 Y-3.816 E0.00955
G0 F12000 X-18.665 Y-3.816
G1 F1200 X-17.951 Y-3.102 E0.05541
G0 F12000 X-18.046 Y-2.49
G1 F1200 X-19.372 Y-3.816 E0.10291
G0 F12000 X-20.079 Y-3.816
G1 F1200 X-18.127 Y-1.864 E0.1515
G0 F12000 X-18.187 Y-1.217
G1 F1200 X-20.663 Y-3.693 E0.19216
G0 F12000 X-20.767 Y-3.089
G1 F1200 X-18.214 Y-.536 E0.19814
G0 F12000 X-18.224 Y0.161
G1 F1200 X-20.845 Y-2.46 E0.20342
G0 F12000 X-20.913 Y-1.822
G1 F1200 X-18.207 Y0.885 E0.21005
G0 F12000 X-18.147 Y1.652
G1 F1200 X-20.961 Y-1.162 E0.2184
G0 F12000 X-20.985 Y-.479
G1 F1200 X-18.053 Y2.453 E0.22756
G1 X-17.983 Y2.523
G0 F12000 X-17.917 Y3.296
G1 F1200 X-20.992 Y0.221 E0.23865
G0 F12000 X-20.975 Y0.945
G1 F1200 X-18.105 Y3.815 E0.22274
G0 F12000 X-18.813 Y3.815
G1 F1200 X-20.921 Y1.706 E0.16364
G0 F12000 X-20.842 Y2.493
G1 F1200 X-19.519 Y3.816 E0.10268
G0 F12000 X-20.226 Y3.816
G1 F1200 X-20.73 Y3.311 E0.03915
G1 F3600 E-1
G0 F12000 X24.298 Y-4.04
;TYPE:FILL
M106 S255
G1 F3600 E1
G1 F9600 X22.456 Y2.834 E0.35504
G1 X22.779 Y4.039 E0.06224
G1 X22.422 Y4.04 E0.01781
G1 X22.123 Y2.924 E0.05764
G1 X21.426 Y2.227 E0.04918
G1 X21.512 Y1.05 E0.05888
G1 X21.538 Y-0.011 E0.05295
G1 X21.512 Y-1.058 E0.05225
G1 X21.436 Y-2.103 E0.05227
G1 X21.336 Y-2.921 E0.04111
G1 X21.348 Y-2.921 E0.0006
G1 X21.156 Y-4.037 E0.0565
G1 X27.112 Y-4.04 E0.29715
G1 X27.212 Y-4.04
G1 F3600 E-1
G0 F12000 X30.131 Y4.125
G0 X30.382 Y4.399
;TYPE:WALL-INNER
G1 F3600 E1
G1 F3000 X30.546 Y2.938 E0.07335
G1 X30.625 Y1.957 E0.0491
G1 X30.672 Y0.976 E0.049
G1 X30.687 Y0.00 E0.0487
G1 X30.674 Y-.924 E0.0461
G1 X30.625 Y-1.961 E0.05179
G1 X30.544 Y-2.967 E0.05035
G1 X30.384 Y-4.4 E0.07194
G1 X17.967 Y-4.399 E0.61949
G1 X17.096 Y-4.399 E0.04345
G1 X17.374 Y-3.091 E0.06671
G1 X17.526 Y-2.091 E0.05046
G1 X17.622 Y-1.051 E0.05211
G1 X17.648 Y0.015 E0.0532
G1 X17.622 Y1.052 E0.05175
G1 X17.53 Y2.028 E0.04891
G1 X17.374 Y3.084 E0.05326
G1 X17.097 Y4.4 E0.06709
G1 X17.966 Y4.4 E0.04335
G1 X30.382 Y4.399 E0.61944
G0 F12000 X30.714 Y4.799
;TYPE:WALL-OUTER
G1 F1200 X30.835 Y3.956 E0.04249
G1 X30.944 Y2.976 E0.04919
G1 X31.024 Y1.983 E0.0497
G1 X31.072 Y0.989 E0.04965
G1 X31.087 Y-0.076 E0.05314
G1 X31.072 Y-.993 E0.04576
G1 X31.021 Y-2.033 E0.05195
G1 X30.942 Y-3.011 E0.04895
G1 X30.832 Y-3.988 E0.04905
G1 X30.714 Y-4.8 E0.04094
G1 X17.864 Y-4.799 E0.64109
G1 X16.555 Y-4.799 E0.06531
G1 X16.764 Y-4.042 E0.03918
G1 X16.978 Y-3.031 E0.05156
G1 X17.132 Y-2.019 E0.05107
G1 X17.224 Y-1.015 E0.0503
G1 X17.248 Y0.005 E0.0509
G1 X17.224 Y1.015 E0.0504
G1 X17.134 Y1.97 E0.04786
G1 X16.976 Y3.038 E0.05386
G1 X16.761 Y4.049 E0.05157
G1 X16.558 Y4.8 E0.03881
G1 X17.864 Y4.8 E0.06516
G1 X30.714 Y4.799 E0.64109
G0 F12000 X30.827 Y4.008
G1 F3600 E-1
G0 F12000 X30.138 Y3.907
G0 X27.458 Y4.015
;TYPE:SKIN
G1 F3600 E1
G1 F2400 X27.591 Y2.896 E0.05622
G1 X27.676 Y1.938 E0.04798
G1 X27.728 Y0.971 E0.04831
G1 X27.745 Y-0.012 E0.04905
G1 X27.728 Y-.968 E0.0477
G1 X27.672 Y-1.976 E0.05037
G1 X27.596 Y-2.889 E0.04571
G1 X27.458 Y-4.02 E0.05684
G1 X30.041 Y-4.019 E0.12887
G1 X30.163 Y-2.947 E0.05383
G1 X30.242 Y-1.955 E0.04965
G1 X30.291 Y-.935 E0.05095
G1 X30.303 Y-0.083 E0.04251
G1 X30.292 Y0.961 E0.05209
G1 X30.245 Y1.907 E0.04725
G1 X30.169 Y2.839 E0.04665
G1 X30.04 Y4.016 E0.05907
G1 X27.458 Y4.015 E0.12882
G0 F12000 X29.559 Y3.816
G1 F2400 X29.898 Y3.478 E0.02388
G0 F12000 X29.968 Y2.842
G1 F2400 X28.993 Y3.816 E0.06876
G0 F12000 X28.429 Y3.815
G1 F2400 X30.018 Y2.226 E0.11211
G0 F12000 X30.058 Y1.62
G1 F2400 X27.864 Y3.815 E0.15483
G0 F12000 X27.736 Y3.377
G1 F2400 X30.087 Y1.026 E0.16588
G0 F12000 X30.097 Y0.45
G1 F2400 X27.806 Y2.741 E0.16164
G0 F12000 X27.861 Y2.12
G1 F2400 X30.102 Y-.121 E0.15811
G0 F12000 X30.094 Y-.678
G1 F2400 X27.9 Y1.516 E0.1548
G0 F12000 X27.929 Y0.921
G1 F2400 X30.076 Y-1.226 E0.15148
G0 F12000 X30.05 Y-1.766
G1 F2400 X27.939 Y0.345 E0.14894
G0 F12000 X27.942 Y-.223
G1 F2400 X30.014 Y-2.295 E0.14619
G0 F12000 X29.972 Y-2.819
G1 F2400 X27.932 Y-.779 E0.14393
G0 F12000 X27.909 Y-1.322
G1 F2400 X29.917 Y-3.33 E0.14168
G0 F12000 X29.841 Y-3.819
G1 F2400 X27.878 Y-1.857 E0.13846
G0 F12000 X27.838 Y-2.382
G1 F2400 X29.276 Y-3.82 E0.10146
G0 F12000 X28.71 Y-3.82
G1 F2400 X27.796 Y-2.906 E0.06449
G0 F12000 X27.734 Y-3.41
G1 F2400 X28.144 Y-3.82 E0.02893
G1 F3600 E-1
G0 F12000 X20.811 Y4.015
M107
G1 F3600 E1
G1 F1200 X18.064 Y4.016 E0.15075
G1 X17.563 Y4.016 E0.02749
G1 X17.736 Y3.194 E0.0461
G1 X17.906 Y2.087 E0.06146
G1 X18 Y1.083 E0.05534
G1 X18.029 Y0.022 E0.05825
G1 X18.004 Y-1.017 E0.05704
G1 X17.908 Y-2.091 E0.05918
G1 X17.738 Y-3.195 E0.0613
G1 X17.564 Y-4.016 E0.04606
G1 X18.065 Y-4.016 E0.02749
G1 X20.808 Y-4.016 E0.15053
G1 X20.97 Y-3.09 E0.05159
G1 X21.097 Y-2.06 E0.05695
G1 X21.174 Y-.99 E0.05887
G1 X21.195 Y-0.062 E0.05094
G1 X21.172 Y1.03 E0.05994
G1 X21.096 Y2.056 E0.05646
G1 X20.969 Y3.098 E0.05761
G1 X20.811 Y4.015 E0.05107
G0 F12000 X17.835 Y3.693
G1 F1200 X17.958 Y3.816 E0.00955
G0 F12000 X18.665 Y3.816
G1 F1200 X17.951 Y3.102 E0.05541
G0 F12000 X18.046 Y2.49
G1 F1200 X19.372 Y3.816 E0.10291
G0 F12000 X20.079 Y3.816
G1 F1200 X18.127 Y1.864 E0.1515
G0 F12000 X18.187 Y1.217
G1 F1200 X20.663 Y3.693 E0.19216
G0 F12000 X20.768 Y3.09
G1 F1200 X18.214 Y0.537 E0.19818
G0 F12000 X18.224 Y-.161
G1 F1200 X20.845 Y2.46 E0.20342
G0 F12000 X20.913 Y1.822
G1 F1200 X18.207 Y-.885 E0.21005
G0 F12000 X18.148 Y-1.651
G1 F1200 X20.962 Y1.163 E0.2184
G0 F12000 X20.983 Y0.477
G1 F1200 X18.054 Y-2.452 E0.22732
G1 X17.984 Y-2.522
G0 F12000 X17.922 Y-3.292
G1 F1200 X20.991 Y-.222 E0.23823
G0 F12000 X20.975 Y-.945
G1 F1200 X18.104 Y-3.816 E0.22282
G0 F12000 X18.811 Y-3.816
G1 F1200 X20.922 Y-1.706 E0.1638
G0 F12000 X20.843 Y-2.492
G1 F1200 X19.518 Y-3.816 E0.1028
G0 F12000 X20.225 Y-3.816
G1 F1200 X20.728 Y-3.314 E0.039
G1 F3600 E-1
;MESH:NONMESH
G0 F12000 X-20.032 Y-4.04
;TIME_ELAPSED:648.637844
;LAYER:64
M106 S255
;MESH:bridge.stl
G0 X-20.032 Y-4.04 Z19.5
;TYPE:FILL
G1 F3600 E1
G1 F9600 X-25.615 Y-4.04 E0.27854
G1 X-26.617 Y-.301 E0.19312
G1 X-26.605 Y-.961 E0.03293
G1 X-26.554 Y-1.905 E0.04717
G1 X-26.468 Y-2.864 E0.04804
G1 X-26.386 Y-3.502 E0.03209
G1 X-24.377 Y-4.04 E0.10376
G1 X-24.281 Y-4.065
G1 F3600 E-1
G0 F12000 X-29.42 Y-4.125
G0 X-29.67 Y-4.4
;TYPE:WALL-INNER
G1 F3600 E1
G1 F3000 X-29.841 Y-2.908 E0.07492
G1 X-29.917 Y-1.956 E0.04765
G1 X-29.968 Y-.975 E0.04901
G1 X-29.983 Y0.07 E0.05214
G1 X-29.968 Y0.975 E0.04516
G1 X-29.917 Y1.956 E0.04901
G1 X-29.836 Y2.965 E0.0505
G1 X-29.669 Y4.4 E0.07208
G1 X-16.666 Y4.4 E0.64872
G1 X-15.698 Y4.4 E0.04829
G1 X-15.989 Y3.092 E0.06685
G1 X-16.154 Y2.06 E0.05214
G1 X-16.256 Y1.016 E0.05233
G1 X-16.288 Y-0.02 E0.05171
G1 X-16.254 Y-1.056 E0.05171
G1 X-16.154 Y-2.06 E0.05034
G1 X-15.989 Y-3.092 E0.05214
G1 X-15.697 Y-4.4 E0.06686
G1 X-16.667 Y-4.4 E0.04839
G1 X-29.67 Y-4.4 E0.64872
G0 F12000 X-29.999 Y-4.8
;TYPE:WALL-OUTER
G1 F1200 X-30.123 Y-3.955 E0.04261
G1 X-30.236 Y-2.976 E0.04917
G1 X-30.316 Y-1.982 E0.04975
G1 X-30.368 Y-.989 E0.04961
G1 X-30.383 Y0.076 E0.05314
G1 X-30.368 Y0.989 E0.04556
G1 X-30.313 Y2.023 E0.05166
G1 X-30.233 Y3.011 E0.04945
G1 X-30.12 Y3.983 E0.04882
G1 X-29.999 Y4.8 E0.0412
G1 X-16.557 Y4.8 E0.67062
G1 X-15.144 Y4.8 E0.07049
G1 X-15.368 Y4.044 E0.03934
G1 X-15.594 Y3.028 E0.05193
G1 X-15.756 Y2.02 E0.05093
G1 X-15.856 Y1.003 E0.05098
G1 X-15.888 Y-0.007 E0.05041
G1 X-15.856 Y-1.016 E0.05036
G1 X-15.754 Y-2.032 E0.05094
G1 X-15.592 Y-3.04 E0.05093
G1 X-15.368 Y-4.044 E0.05132
G1 X-15.144 Y-4.8 E0.03934
G1 X-16.558 Y-4.8 E0.07054
G1 X-29.999 Y-4.8 E0.67057
G0 F12000 X-30.115 Y-4.009
G1 F3600 E-1
G0 F12000 X-29.427 Y-3.909
G0 X-26.664 Y4.02
;TYPE:SKIN
G1 F3600 E1
G1 F2400 X-29.329 Y4.02 E0.13296
G1 X-29.455 Y2.941 E0.0542
G1 X-29.531 Y1.974 E0.04839
G1 X-29.587 Y0.925 E0.05241
G1 X-29.6 Y0.067 E0.04281
G1 X-29.588 Y-.957 E0.05109
G1 X-29.536 Y-1.881 E0.04617
G1 X-29.462 Y-2.851 E0.04853
G1 X-29.329 Y-4.02 E0.0587
G1 X-26.663 Y-4.02 E0.13301
G1 X-26.807 Y-2.865 E0.05807
G1 X-26.892 Y-1.935 E0.04659
G1 X-26.944 Y-.971 E0.04816
G1 X-26.96 Y0.004 E0.04865
G1 X-26.944 Y0.964 E0.0479
G1 X-26.892 Y1.927 E0.04811
G1 X-26.812 Y2.858 E0.04662
G1 X-26.664 Y4.02 E0.05844
G0 F12000 X-28.99 Y3.82
G1 F2400 X-29.172 Y3.637 E0.01288
G0 F12000 X-29.247 Y2.997
G1 F2400 X-28.424 Y3.82 E0.05807
G0 F12000 X-27.859 Y3.82
G1 F2400 X-29.3 Y2.379 E0.10167
G0 F12000 X-29.343 Y1.77
G1 F2400 X-27.293 Y3.82 E0.14464
G0 F12000 X-26.915 Y3.632
G1 F2400 X-29.374 Y1.173 E0.1735
G0 F12000 X-29.392 Y0.589
G1 F2400 X-26.997 Y2.984 E0.16898
G0 F12000 X-27.055 Y2.36
G1 F2400 X-29.4 Y0.016 E0.16542
G0 F12000 X-29.393 Y-.543
G1 F2400 X-27.102 Y1.748 E0.16164
G0 F12000 X-27.134 Y1.15
G1 F2400 X-29.38 Y-1.096 E0.15847
G0 F12000 X-29.35 Y-1.631
G1 F2400 X-27.15 Y0.569 E0.15522
G0 F12000 X-27.159 Y-0.006
G1 F2400 X-29.314 Y-2.161 E0.15205
G0 F12000 X-29.274 Y-2.687
G1 F2400 X-27.151 Y-.564 E0.14979
G0 F12000 X-27.137 Y-1.116
G1 F2400 X-29.222 Y-3.2 E0.14707
G0 F12000 X-29.164 Y-3.708
G1 F2400 X-27.108 Y-1.652 E0.14506
G0 F12000 X-27.07 Y-2.18
G1 F2400 X-28.71 Y-3.82 E0.11571
G0 F12000 X-28.144 Y-3.82
G1 F2400 X-27.023 Y-2.698 E0.07913
G0 F12000 X-26.966 Y-3.207
G1 F2400 X-27.579 Y-3.82 E0.04325
G0 F12000 X-27.013 Y-3.82
G1 F2400 X-26.903 Y-3.71 E0.00776
G1 F3600 E-1
G0 F12000 X-19.685 Y-4.02
M107
G1 F3600 E1
G1 F1200 X-16.768 Y-4.02 E0.16008
G1 X-16.17 Y-4.02 E0.03282
G1 X-16.352 Y-3.208 E0.04567
G1 X-16.53 Y-2.113 E0.06088
G1 X-16.632 Y-1.088 E0.05653
G1 X-16.668 Y-0.027 E0.05826
G1 X-16.636 Y1.023 E0.05765
G1 X-16.532 Y2.1 E0.05938
G1 X-16.362 Y3.145 E0.0581
G1 X-16.169 Y4.02 E0.04917
G1 X-16.768 Y4.02 E0.03287
G1 X-19.684 Y4.02 E0.16003
G1 X-19.858 Y3.041 E0.05457
G1 X-19.985 Y2.059 E0.05434
G1 X-20.064 Y1.029 E0.05669
G1 X-20.092 Y0.00 E0.05649
G1 X-20.064 Y-1.029 E0.05649
G1 X-19.984 Y-2.059 E0.0567
G1 X-19.862 Y-3.049 E0.05474
G1 X-19.685 Y-4.02 E0.05417
G1 F3600 E-1
G0 F12000 X-16.443 Y-3.715
G1 F3600 E1
G1 F1200 X-16.548 Y-3.82 E0.00815
G0 F12000 X-16.566 Y-3.131
G1 F1200 X-17.255 Y-3.82 E0.05347
G0 F12000 X-17.962 Y-3.82
G1 F1200 X-16.665 Y-2.523 E0.10066
G0 F12000 X-16.752 Y-1.903
G1 F1200 X-18.669 Y-3.82 E0.14878
G0 F12000 X-19.376 Y-3.82
G1 F1200 X-16.816 Y-1.259 E0.19872
G0 F12000 X-16.849 Y-.585
G1 F1200 X-19.605 Y-3.342 E0.21393
G0 F12000 X-19.7 Y-2.729
G1 F1200 X-16.863 Y0.107 E0.22014
G0 F12000 X-16.841 Y0.837
G1 F1200 X-19.778 Y-2.1 E0.22794
G0 F12000 X-19.832 Y-1.447
G1 F1200 X-16.78 Y1.605 E0.23687
G1 X-16.71 Y1.675
G0 F12000 X-16.683 Y2.408
G1 F1200 X-19.871 Y-.779 E0.24738
G0 F12000 X-19.89 Y-0.091
G1 F1200 X-16.541 Y3.258 E0.25992
G0 F12000 X-16.686 Y3.82
G1 F1200 X-19.875 Y0.631 E0.2475
G0 F12000 X-19.838 Y1.375
G1 F1200 X-17.393 Y3.82 E0.18976
G0 F12000 X-18.101 Y3.82
G1 F1200 X-19.771 Y2.149 E0.12965
G1 X-19.841 Y2.079
G0 F12000 X-19.665 Y2.962
G1 F1200 X-18.808 Y3.82 E0.06655
G1 X-18.738 Y3.89
G0 F12000 X-18.738 Y3.8
G1 F3600 E-1
G0 F12000 X24.078 Y-4.041
;TYPE:FILL
M106 S255
G1 F3600 E1
G1 F9600 X22.346 Y2.423 E0.33387
G1 X22.779 Y4.04 E0.08351
G1 X22.421 Y4.04 E0.01786
G1 X22.013 Y2.514 E0.07881
G1 X20.411 Y0.912 E0.11303
G1 X20.433 Y-0.011 E0.04606
G1 X20.408 Y-1.04 E0.05135
G1 X20.326 Y-2.09 E0.05254
G1 X20.216 Y-2.936 E0.04256
G1 X20.229 Y-2.936 E0.00065
G1 X20.122 Y-3.541 E0.03065
G1 X21.987 Y-4.04 E0.09632
G1 X26.317 Y-4.04 E0.21602
G1 X26.417 Y-4.04
G1 F3600 E-1
G0 F12000 X29.42 Y4.125
G0 X29.669 Y4.4
;TYPE:WALL-INNER
G1 F3600 E1
G1 F3000 X29.838 Y2.937 E0.07347
G1 X29.917 Y1.956 E0.0491
G1 X29.968 Y0.975 E0.04901
G1 X29.983 Y0.00 E0.04865
G1 X29.97 Y-.915 E0.04565
G1 X29.917 Y-1.96 E0.0522
G1 X29.836 Y-2.969 E0.0505
G1 X29.669 Y-4.4 E0.07188
G1 X16.666 Y-4.4 E0.64872
G1 X15.698 Y-4.4 E0.04829
G1 X15.989 Y-3.099 E0.06651
G1 X16.154 Y-2.06 E0.05249
G1 X16.254 Y-1.056 E0.05034
G1 X16.288 Y0.02 E0.05371
G1 X16.254 Y1.056 E0.05171
G1 X16.154 Y2.06 E0.05034
G1 X15.989 Y3.092 E0.05214
G1 X15.699 Y4.4 E0.06684
G1 X16.666 Y4.4 E0.04824
G1 X29.669 Y4.4 E0.64872
G0 F12000 X29.999 Y4.8
;TYPE:WALL-OUTER
G1 F1200 X30.123 Y3.955 E0.04261
G1 X30.236 Y2.976 E0.04917
G1 X30.316 Y1.982 E0.04975
G1 X30.368 Y0.989 E0.04961
G1 X30.383 Y-0.076 E0.05314
G1 X30.368 Y-.993 E0.04576
G1 X30.313 Y-2.028 E0.05171
G1 X30.233 Y-3.015 E0.0494
G1 X30.124 Y-3.957 E0.04731
G1 X29.999 Y-4.8 E0.04252
G1 X16.557 Y-4.8 E0.67062
G1 X15.144 Y-4.8 E0.07049
G1 X15.368 Y-4.044 E0.03934
G1 X15.594 Y-3.036 E0.05154
G1 X15.756 Y-2.02 E0.05133
G1 X15.856 Y-1.016 E0.05034
G1 X15.888 Y0.007 E0.05106
G1 X15.856 Y1.016 E0.05036
G1 X15.754 Y2.032 E0.05094
G1 X15.592 Y3.04 E0.05093
G1 X15.368 Y4.044 E0.05132
G1 X15.144 Y4.8 E0.03934
G1 X16.558 Y4.8 E0.07054
G1 X29.999 Y4.8 E0.67057
G0 F12000 X30.115 Y4.009
G1 F3600 E-1
G0 F12000 X29.427 Y3.909
G0 X26.663 Y4.02
;TYPE:SKIN
G1 F3600 E1
G1 F2400 X26.807 Y2.865 E0.05807
G1 X26.892 Y1.935 E0.04659
G1 X26.944 Y0.971 E0.04816
G1 X26.961 Y-0.012 E0.04905
G1 X26.944 Y-.957 E0.04715
G1 X26.892 Y-1.943 E0.04926
G1 X26.812 Y-2.858 E0.04582
G1 X26.664 Y-4.02 E0.05844
G1 X29.33 Y-4.02 E0.13301
G1 X29.455 Y-2.949 E0.0538
G1 X29.531 Y-1.985 E0.04824
G1 X29.582 Y-1.059 E0.04627
G1 X29.599 Y-0.085 E0.0486
G1 X29.588 Y0.957 E0.05199
G1 X29.537 Y1.91 E0.04761
G1 X29.46 Y2.872 E0.04815
G1 X29.329 Y4.019 E0.0576
G1 X26.663 Y4.02 E0.13301
G0 F12000 X26.903 Y3.71
G1 F2400 X27.012 Y3.819 E0.00769
G0 F12000 X27.578 Y3.819
G1 F2400 X26.966 Y3.207 E0.04318
G0 F12000 X27.023 Y2.698
G1 F2400 X28.144 Y3.819 E0.07909
G0 F12000 X28.709 Y3.819
G1 F2400 X27.069 Y2.179 E0.11571
G0 F12000 X27.107 Y1.651
G1 F2400 X29.164 Y3.708 E0.14513
G0 F12000 X29.222 Y3.2
G1 F2400 X27.136 Y1.114 E0.14718
G0 F12000 X27.151 Y0.564
G1 F2400 X29.274 Y2.687 E0.14979
G0 F12000 X29.317 Y2.164
G1 F2400 X27.16 Y0.007 E0.15219
G0 F12000 X27.151 Y-.568
G1 F2400 X29.352 Y1.633 E0.15529
G0 F12000 X29.38 Y1.096
G1 F2400 X27.134 Y-1.15 E0.15847
G0 F12000 X27.102 Y-1.748
G1 F2400 X29.392 Y0.542 E0.16157
G0 F12000 X29.399 Y-0.017
G1 F2400 X27.055 Y-2.36 E0.16535
G0 F12000 X26.997 Y-2.984
G1 F2400 X29.39 Y-.591 E0.16884
G0 F12000 X29.375 Y-1.172
G1 F2400 X26.915 Y-3.632 E0.17357
G0 F12000 X27.293 Y-3.82
G1 F2400 X29.343 Y-1.77 E0.14464
G0 F12000 X29.3 Y-2.379
G1 F2400 X27.859 Y-3.82 E0.10167
G0 F12000 X28.424 Y-3.82
G1 F2400 X29.248 Y-2.996 E0.05814
G0 F12000 X29.174 Y-3.636
G1 F2400 X28.99 Y-3.82 E0.01298
G1 F3600 E-1
G0 F12000 X19.688 Y4.016
M107
G1 F3600 E1
G1 F1200 X16.769 Y4.016 E0.16019
G1 X16.17 Y4.016 E0.03287
G1 X16.352 Y3.204 E0.04567
G1 X16.53 Y2.113 E0.06066
G1 X16.631 Y1.088 E0.05652
G1 X16.669 Y0.026 E0.05832
G1 X16.632 Y-1.079 E0.06068
G1 X16.531 Y-2.1 E0.05631
G1 X16.362 Y-3.16 E0.05891
G1 X16.17 Y-4.019 E0.0483
G1 X16.768 Y-4.019 E0.03282
G1 X19.688 Y-4.02 E0.16025
G1 X19.858 Y-3.053 E0.05388
G1 X19.985 Y-2.067 E0.05456
G1 X20.064 Y-1.033 E0.05691
G1 X20.091 Y0.00 E0.05671
G1 X20.064 Y1.029 E0.05649
G1 X19.984 Y2.059 E0.0567
G1 X19.862 Y3.041 E0.05431
G1 X19.688 Y4.016 E0.05435
G1 F3600 E-1
G0 F12000 X16.442 Y3.714
G1 F3600 E1
G1 F1200 X16.544 Y3.816 E0.00792
G0 F12000 X16.565 Y3.13
G1 F1200 X17.251 Y3.816 E0.05324
G0 F12000 X17.958 Y3.816
G1 F1200 X16.665 Y2.523 E0.10035
G0 F12000 X16.752 Y1.903
G1 F1200 X18.665 Y3.816 E0.14847
G0 F12000 X19.373 Y3.816
G1 F1200 X16.815 Y1.259 E0.19849
G0 F12000 X16.848 Y0.585
G1 F1200 X19.606 Y3.342 E0.21401
G0 F12000 X19.699 Y2.729
G1 F1200 X16.864 Y-.107 E0.22007
G0 F12000 X16.84 Y-.838
G1 F1200 X19.778 Y2.1 E0.22802
G0 F12000 X19.832 Y1.447
G1 F1200 X16.781 Y-1.604 E0.23679
G1 X16.711 Y-1.674
G0 F12000 X16.686 Y-2.406
G1 F1200 X19.87 Y0.779 E0.24715
G0 F12000 X19.889 Y0.09
G1 F1200 X16.546 Y-3.253 E0.25945
G0 F12000 X16.687 Y-3.819
G1 F1200 X19.874 Y-.632 E0.24735
G0 F12000 X19.838 Y-1.375
G1 F1200 X17.394 Y-3.819 E0.18968
G0 F12000 X18.101 Y-3.819
G1 F1200 X19.773 Y-2.147 E0.12977
G1 X19.843 Y-2.077
G0 F12000 X19.668 Y-2.959
G1 F1200 X18.808 Y-3.819 E0.06675
G1 X18.738 Y-3.889
G0 F12000 X18.738 Y-3.8
G1 F3600 E-1
;MESH:NONMESH
G0 F12000 X-25.574 Y-3.5
;TIME_ELAPSED:669.710403
;LAYER:65
M106 S255
;MESH:bridge.stl
G0 X-25.574 Y-3.5 Z19.8
;TYPE:FILL
G1 F3600 E1
G1 F9600 X-23.564 Y-4.039 E0.10382
G1 X-18.834 Y-4.038 E0.23598
G1 X-19.006 Y-3.156 E0.04483
G1 X-19.147 Y-2.123 E0.05201
G1 X-19.235 Y-1.041 E0.05416
G1 X-19.262 Y0.001 E0.052
G1 X-19.235 Y1.04 E0.05185
G1 X-19.148 Y2.113 E0.05371
G1 X-19.008 Y3.146 E0.05201
G1 X-18.833 Y4.039 E0.0454
G1 X-25.503 Y4.04 E0.33277
G1 X-25.659 Y2.859 E0.05943
G1 X-25.745 Y1.931 E0.0465
G1 X-25.801 Y0.96 E0.04852
G1 X-25.818 Y0.017 E0.04705
G1 X-25.801 Y-.959 E0.0487
G1 X-25.745 Y-1.931 E0.04857
G1 X-25.659 Y-2.859 E0.0465
G1 X-25.503 Y-4.039 E0.05938
G1 X-25.49 Y-4.138
G1 F3600 E-1
G0 F12000 X-25.49 Y-4.1
G0 X-28.69 Y-4.125
G0 X-28.928 Y-4.4
;TYPE:WALL-INNER
G1 F3600 E1
G1 F3000 X-29.009 Y-3.858 E0.02734
G1 X-29.116 Y-2.914 E0.0474
G1 X-29.197 Y-1.955 E0.04802
G1 X-29.248 Y-.975 E0.04896
G1 X-29.263 Y0.00 E0.04865
G1 X-29.25 Y0.911 E0.04545
G1 X-29.194 Y1.995 E0.05415
G1 X-29.112 Y2.962 E0.04842
G1 X-29.004 Y3.876 E0.04592
G1 X-28.926 Y4.4 E0.02643
G1 X-15.262 Y4.4 E0.6817
G1 X-14.139 Y4.4 E0.05603
G1 X-14.465 Y3.157 E0.06411
G1 X-14.661 Y2.059 E0.05565
G1 X-14.768 Y1.016 E0.05231
G1 X-14.8 Y-0.02 E0.05171
G1 X-14.765 Y-1.059 E0.05187
G1 X-14.655 Y-2.104 E0.05242
G1 X-14.471 Y-3.112 E0.05112
G1 X-14.138 Y-4.4 E0.06637
G1 X-15.262 Y-4.4 E0.05608
G1 X-28.928 Y-4.4 E0.6818
G0 F12000 X-29.272 Y-4.8
;TYPE:WALL-OUTER
G1 F1200 X-29.407 Y-3.904 E0.04521
G1 X-29.512 Y-2.976 E0.04659
G1 X-29.596 Y-1.982 E0.04977
G1 X-29.648 Y-.989 E0.04961
G1 X-29.663 Y0.00 E0.04935
G1 X-29.648 Y0.989 E0.04935
G1 X-29.596 Y1.982 E0.04961
G1 X-29.516 Y2.941 E0.04801
G1 X-29.4 Y3.934 E0.04988
G1 X-29.271 Y4.8 E0.04368
G1 X-15.145 Y4.8 E0.70475
G1 X-13.566 Y4.8 E0.07878
G1 X-13.818 Y4.047 E0.03962
G1 X-14.081 Y3.04 E0.05192
G1 X-14.263 Y2.017 E0.05184
G1 X-14.368 Y1.003 E0.05086
G1 X-14.4 Y-0.007 E0.05041
G1 X-14.367 Y-1.017 E0.05042
G1 X-14.261 Y-2.032 E0.05091
G1 X-14.074 Y-3.054 E0.05183
G1 X-13.814 Y-4.059 E0.05179
G1 X-13.569 Y-4.8 E0.03894
G1 X-15.145 Y-4.8 E0.07863
G1 X-29.272 Y-4.8 E0.7048
G0 F12000 X-29.391 Y-4.009
G1 F3600 E-1
G0 F12000 X-28.701 Y-3.903
G0 X-25.848 Y4.02
;TYPE:SKIN
G1 F3600 E1
G1 F2400 X-28.602 Y4.02 E0.1374
G1 X-28.731 Y2.935 E0.05451
G1 X-28.814 Y1.948 E0.04942
G1 X-28.867 Y0.925 E0.05111
G1 X-28.88 Y-0.001 E0.0462
G1 X-28.868 Y-.957 E0.0477
G1 X-28.817 Y-1.905 E0.04736
G1 X-28.733 Y-2.882 E0.04892
G1 X-28.608 Y-4.019 E0.05707
G1 X-25.849 Y-4.016 E0.13765
G1 X-25.995 Y-2.911 E0.05561
G1 X-26.084 Y-1.959 E0.0477
G1 X-26.14 Y-.968 E0.04952
G1 X-26.156 Y0.004 E0.0485
G1 X-26.14 Y0.964 E0.0479
G1 X-26.084 Y1.956 E0.04957
G1 X-25.996 Y2.903 E0.04745
G1 X-25.848 Y4.02 E0.05621
G0 F12000 X-26.12 Y3.492
G1 F2400 X-26.448 Y3.82 E0.02314
G0 F12000 X-27.014 Y3.82
G1 F2400 X-26.186 Y2.992 E0.05842
G0 F12000 X-26.236 Y2.478
G1 F2400 X-27.579 Y3.82 E0.09472
G0 F12000 X-28.145 Y3.82
G1 F2400 X-26.285 Y1.96 E0.13123
G0 F12000 X-26.314 Y1.424
G1 F2400 X-28.454 Y3.564 E0.15099
G0 F12000 X-28.514 Y3.058
G1 F2400 X-26.341 Y0.885 E0.15332
G0 F12000 X-26.351 Y0.33
G1 F2400 X-28.564 Y2.542 E0.1561
G0 F12000 X-28.607 Y2.019
G1 F2400 X-26.352 Y-.235 E0.15907
G0 F12000 X-26.343 Y-.81
G1 F2400 X-28.637 Y1.484 E0.16185
G0 F12000 X-28.665 Y0.947
G1 F2400 X-26.316 Y-1.402 E0.16573
G0 F12000 X-26.281 Y-2.003
G1 F2400 X-28.675 Y0.39 E0.16887
G0 F12000 X-28.677 Y-.173
G1 F2400 X-26.222 Y-2.628 E0.17321
G0 F12000 X-26.15 Y-3.265
G1 F2400 X-28.67 Y-.745 E0.1778
G0 F12000 X-28.647 Y-1.334
G1 F2400 X-26.166 Y-3.816 E0.17508
G0 F12000 X-26.73 Y-3.817
G1 F2400 X-28.614 Y-1.933 E0.13293
G0 F12000 X-28.56 Y-2.553
G1 F2400 X-27.295 Y-3.818 E0.08925
G0 F12000 X-27.86 Y-3.818
G1 F2400 X-28.499 Y-3.179 E0.04508
G1 X-28.569 Y-3.109
G1 F3600 E-1
G0 F12000 X-18.491 Y-4.016
M107
G1 F3600 E1
G1 F1200 X-15.374 Y-4.016 E0.17106
G1 X-14.634 Y-4.016 E0.04061
G1 X-14.826 Y-3.266 E0.04249
G1 X-15.033 Y-2.124 E0.06369
G1 X-15.147 Y-1.037 E0.05998
G1 X-15.18 Y-0.027 E0.05546
G1 X-15.148 Y1.033 E0.0582
G1 X-15.031 Y2.149 E0.06158
G1 X-14.841 Y3.204 E0.05883
G1 X-14.631 Y4.016 E0.04603
G1 X-15.374 Y4.016 E0.04078
G1 X-18.488 Y4.016 E0.17089
G1 X-18.67 Y3.103 E0.05109
G1 X-18.809 Y2.062 E0.05764
G1 X-18.892 Y1.029 E0.05687
G1 X-18.92 Y0.00 E0.05649
G1 X-18.892 Y-1.029 E0.05649
G1 X-18.808 Y-2.074 E0.05753
G1 X-18.67 Y-3.103 E0.05698
G1 X-18.491 Y-4.016 E0.05106
G1 F3600 E-1
G0 F12000 X-14.94 Y-3.627
G1 F3600 E1
G1 F1200 X-15.13 Y-3.816 E0.01471
G0 F12000 X-15.837 Y-3.816
G1 F1200 X-15.068 Y-3.048 E0.05964
G0 F12000 X-15.177 Y-2.449
G1 F1200 X-16.544 Y-3.816 E0.10609
G0 F12000 X-17.251 Y-3.816
G1 F1200 X-15.264 Y-1.829 E0.15421
G0 F12000 X-15.331 Y-1.189
G1 F1200 X-17.958 Y-3.816 E0.20388
G0 F12000 X-18.382 Y-3.533
G1 F1200 X-15.363 Y-.514 E0.23431
G0 F12000 X-15.373 Y0.183
G1 F1200 X-18.492 Y-2.935 E0.24203
G0 F12000 X-18.575 Y-2.312
G1 F1200 X-15.351 Y0.913 E0.25026
G0 F12000 X-15.279 Y1.691
G1 F1200 X-18.64 Y-1.669 E0.26081
G0 F12000 X-18.692 Y-1.015
G1 F1200 X-15.17 Y2.507 E0.27335
G1 X-15.1 Y2.577
G0 F12000 X-15.002 Y3.383
G1 F1200 X-18.711 Y-.327 E0.2879
G0 F12000 X-18.709 Y0.383
G1 F1200 X-15.276 Y3.816 E0.26644
G0 F12000 X-15.983 Y3.816
G1 F1200 X-18.685 Y1.114 E0.2097
G0 F12000 X-18.623 Y1.883
G1 F1200 X-16.691 Y3.816 E0.14998
G0 F12000 X-17.398 Y3.816
G1 F1200 X-18.524 Y2.689 E0.08743
G1 X-18.594 Y2.619
G0 F12000 X-18.379 Y3.541
G1 F1200 X-18.105 Y3.816 E0.0213
G0 F12000 X-18.105 Y3.8
G1 F3600 E-1
G0 F12000 X23.859 Y-4.041
;TYPE:FILL
M106 S255
G1 F3600 E1
G1 F9600 X22.236 Y2.014 E0.31275
G1 X22.779 Y4.038 E0.10455
G1 X22.421 Y4.038 E0.01786
G1 X21.903 Y2.104 E0.09989
G1 X19.247 Y-.552 E0.1874
G1 X19.235 Y-1.042 E0.02445
G1 X19.148 Y-2.115 E0.05371
G1 X19.025 Y-3.027 E0.04591
G1 X22.806 Y-4.04 E0.19529
G1 X25.503 Y-4.04 E0.13455
G1 X25.603 Y-4.04
G1 F3600 E-1
G0 F12000 X28.69 Y4.125
G0 X28.928 Y4.4
;TYPE:WALL-INNER
G1 F3600 E1
G1 F3000 X29.009 Y3.858 E0.02734
G1 X29.116 Y2.914 E0.0474
G1 X29.197 Y1.955 E0.04802
G1 X29.248 Y0.975 E0.04896
G1 X29.263 Y0.00 E0.04865
G1 X29.25 Y-.915 E0.04565
G1 X29.194 Y-2 E0.0542
G1 X29.112 Y-2.965 E0.04832
G1 X29.004 Y-3.877 E0.04582
G1 X28.926 Y-4.4 E0.02638
G1 X15.262 Y-4.4 E0.6817
G1 X14.141 Y-4.4 E0.05593
G1 X14.475 Y-3.11 E0.06648
G1 X14.661 Y-2.062 E0.0531
G1 X14.768 Y-1.016 E0.05246
G1 X14.8 Y0.02 E0.05171
G1 X14.765 Y1.059 E0.05187
G1 X14.655 Y2.104 E0.05242
G1 X14.471 Y3.112 E0.05112
G1 X14.138 Y4.4 E0.06637
G1 X15.262 Y4.4 E0.05608
G1 X28.928 Y4.4 E0.6818
G0 F12000 X29.272 Y4.8
;TYPE:WALL-OUTER
G1 F1200 X29.407 Y3.904 E0.04521
G1 X29.512 Y2.976 E0.04659
G1 X29.596 Y1.982 E0.04977
G1 X29.648 Y0.989 E0.04961
G1 X29.663 Y-0.076 E0.05314
G1 X29.648 Y-.993 E0.04576
G1 X29.596 Y-1.986 E0.04961
G1 X29.513 Y-2.979 E0.04971
G1 X29.4 Y-3.935 E0.04803
G1 X29.271 Y-4.8 E0.04363
G1 X15.145 Y-4.8 E0.70475
G1 X13.566 Y-4.8 E0.07878
G1 X13.818 Y-4.051 E0.03943
G1 X14.081 Y-3.04 E0.05212
G1 X14.263 Y-2.021 E0.05164
G1 X14.368 Y-1.003 E0.05106
G1 X14.4 Y0.007 E0.05041
G1 X14.367 Y1.017 E0.05042
G1 X14.261 Y2.032 E0.05091
G1 X14.074 Y3.054 E0.05183
G1 X13.814 Y4.059 E0.05179
G1 X13.569 Y4.8 E0.03894
G1 X15.145 Y4.8 E0.07863
G1 X29.272 Y4.8 E0.7048
G0 F12000 X29.391 Y4.009
G1 F3600 E-1
G0 F12000 X28.701 Y3.903
G0 X25.849 Y4.016
;TYPE:SKIN
G1 F3600 E1
G1 F2400 X25.995 Y2.911 E0.05561
G1 X26.084 Y1.959 E0.0477
G1 X26.14 Y0.968 E0.04952
G1 X26.157 Y-0.012 E0.0489
G1 X26.14 Y-.954 E0.047
G1 X26.08 Y-1.973 E0.05093
G1 X25.996 Y-2.907 E0.04679
G1 X25.849 Y-4.02 E0.05601
G1 X28.602 Y-4.02 E0.13735
G1 X28.737 Y-2.899 E0.05633
G1 X28.814 Y-1.953 E0.04735
G1 X28.862 Y-1.063 E0.04447
G1 X28.879 Y-0.085 E0.0488
G1 X28.868 Y0.957 E0.05199
G1 X28.817 Y1.905 E0.04736
G1 X28.733 Y2.882 E0.04892
G1 X28.608 Y4.019 E0.05707
G1 X25.849 Y4.016 E0.13765
G0 F12000 X27.86 Y3.818
G1 F2400 X28.499 Y3.179 E0.04508
G0 F12000 X28.56 Y2.553
G1 F2400 X27.295 Y3.818 E0.08925
G0 F12000 X26.73 Y3.817
G1 F2400 X28.614 Y1.933 E0.13293
G0 F12000 X28.647 Y1.334
G1 F2400 X26.166 Y3.816 E0.17508
G0 F12000 X26.15 Y3.265
G1 F2400 X28.67 Y0.746 E0.17776
G0 F12000 X28.676 Y0.174
G1 F2400 X26.222 Y2.628 E0.17314
G0 F12000 X26.281 Y2.003
G1 F2400 X28.673 Y-.389 E0.16877
G0 F12000 X28.663 Y-.945
G1 F2400 X26.316 Y1.402 E0.16559
G0 F12000 X26.343 Y0.81
G1 F2400 X28.638 Y-1.485 E0.16192
G0 F12000 X28.607 Y-2.02
G1 F2400 X26.353 Y0.234 E0.15903
G0 F12000 X26.352 Y-.331
G1 F2400 X28.564 Y-2.543 E0.15607
G0 F12000 X28.516 Y-3.06
G1 F2400 X26.343 Y-.887 E0.15332
G0 F12000 X26.314 Y-1.424
G1 F2400 X28.455 Y-3.565 E0.15106
G0 F12000 X28.145 Y-3.82
G1 F2400 X26.281 Y-1.957 E0.13148
G0 F12000 X26.235 Y-2.476
G1 F2400 X27.579 Y-3.82 E0.09483
G0 F12000 X27.014 Y-3.82
G1 F2400 X26.186 Y-2.993 E0.05838
G0 F12000 X26.121 Y-3.493
G1 F2400 X26.448 Y-3.82 E0.02307
G1 F3600 E-1
G0 F12000 X18.49 Y4.016
M107
G1 F3600 E1
G1 F1200 X15.374 Y4.016 E0.171
G1 X14.634 Y4.016 E0.04061
G1 X14.838 Y3.214 E0.04541
G1 X15.032 Y2.153 E0.05919
G1 X15.148 Y1.037 E0.06158
G1 X15.181 Y0.018 E0.05595
G1 X15.148 Y-1.033 E0.05771
G1 X15.031 Y-2.161 E0.06224
G1 X14.845 Y-3.188 E0.05728
G1 X14.631 Y-4.02 E0.04715
G1 X15.373 Y-4.02 E0.04072
G1 X18.491 Y-4.02 E0.17111
G1 X18.67 Y-3.103 E0.05127
G1 X18.809 Y-2.066 E0.05742
G1 X18.892 Y-1.033 E0.05687
G1 X18.919 Y0.00 E0.05671
G1 X18.892 Y1.029 E0.05649
G1 X18.809 Y2.074 E0.05753
G1 X18.67 Y3.091 E0.05633
G1 X18.49 Y4.016 E0.05172
G1 F3600 E-1
G0 F12000 X14.939 Y3.625
G1 F3600 E1
G1 F1200 X15.13 Y3.816 E0.01482
G0 F12000 X15.837 Y3.816
G1 F1200 X15.071 Y3.05 E0.05945
G0 F12000 X15.18 Y2.452
G1 F1200 X16.544 Y3.816 E0.10586
G0 F12000 X17.251 Y3.816
G1 F1200 X15.266 Y1.831 E0.15406
G0 F12000 X15.333 Y1.191
G1 F1200 X17.958 Y3.816 E0.20373
G0 F12000 X18.381 Y3.531
G1 F1200 X15.364 Y0.515 E0.23411
G0 F12000 X15.375 Y-.182
G1 F1200 X18.49 Y2.934 E0.2418
G0 F12000 X18.576 Y2.312
G1 F1200 X15.351 Y-.912 E0.25026
G0 F12000 X15.28 Y-1.691
G1 F1200 X18.641 Y1.67 E0.26085
G0 F12000 X18.692 Y1.015
G1 F1200 X15.172 Y-2.505 E0.27319
G1 X15.102 Y-2.575
G0 F12000 X15.002 Y-3.383
G1 F1200 X18.71 Y0.325 E0.28778
G0 F12000 X18.709 Y-.383
G1 F1200 X15.272 Y-3.82 E0.26675
G0 F12000 X15.979 Y-3.82
G1 F1200 X18.685 Y-1.114 E0.21002
G0 F12000 X18.623 Y-1.883
G1 F1200 X16.686 Y-3.82 E0.15033
G0 F12000 X17.393 Y-3.82
G1 F1200 X18.525 Y-2.688 E0.08786
G1 X18.595 Y-2.618
G0 F12000 X18.382 Y-3.538
G1 F1200 X18.101 Y-3.82 E0.02185
G0 F12000 X18.101 Y-3.8
G1 F3600 E-1
;MESH:NONMESH
G0 F12000 X-17.54 Y4.039
;TIME_ELAPSED:691.739508
;LAYER:66
M106 S255
;MESH:bridge.stl
G0 X-17.54 Y4.039 Z20.1
;TYPE:FILL
G1 F3600 E1
G1 F9600 X-24.661 Y4.04 E0.35527
G1 X-24.819 Y2.882 E0.05831
G1 X-24.913 Y1.927 E0.04788
G1 X-24.974 Y0.891 E0.05178
G1 X-24.988 Y-0.018 E0.04536
G1 X-24.967 Y-1.063 E0.05215
G1 X-24.916 Y-1.899 E0.04179
G1 X-24.819 Y-2.885 E0.04943
G1 X-24.733 Y-3.506 E0.03128
G1 X-22.74 Y-4.04 E0.10294
G1 X-17.543 Y-4.04 E0.25928
G1 X-17.882 Y-4.04 E0.01691
G1 X-17.602 Y-3.76 E0.01976
G1 X-17.777 Y-2.944 E0.04164
G1 X-17.761 Y-2.944 E0.0008
G1 X-17.895 Y-2.03 E0.04609
G1 X-17.984 Y-1.068 E0.0482
G1 X-18.01 Y0.011 E0.05385
G1 X-17.984 Y1.061 E0.0524
G1 X-17.889 Y2.092 E0.05165
G1 X-17.761 Y2.944 E0.04298
G1 X-17.778 Y2.944 E0.00085
G1 X-17.54 Y4.039 E0.05591
G1 F3600 E-1
G0 F12000 X-27.945 Y-4.124
G0 X-28.18 Y-4.4
;TYPE:WALL-INNER
G1 F3600 E1
G1 F3000 X-28.266 Y-3.854 E0.02758
G1 X-28.377 Y-2.909 E0.04747
G1 X-28.461 Y-1.891 E0.05096
G1 X-28.508 Y-.975 E0.04576
G1 X-28.523 Y0.00 E0.04865
G1 X-28.51 Y0.911 E0.04545
G1 X-28.454 Y1.994 E0.0541
G1 X-28.375 Y2.943 E0.04751
G1 X-28.26 Y3.874 E0.0468
G1 X-28.178 Y4.4 E0.02656
G1 X-13.703 Y4.4 E0.72216
G1 X-12.391 Y4.4 E0.06546
G1 X-12.749 Y3.172 E0.06382
G1 X-12.968 Y2.069 E0.0561
G1 X-13.092 Y1.029 E0.05225
G1 X-13.132 Y-0.02 E0.05237
G1 X-13.088 Y-1.076 E0.05273
G1 X-12.961 Y-2.114 E0.05217
G1 X-12.761 Y-3.114 E0.05088
G1 X-12.48 Y-4.118 E0.05201
G1 X-12.37 Y-4.4 E0.0151
G1 X-13.703 Y-4.4 E0.0665
G1 X-28.18 Y-4.4 E0.72226
G0 F12000 X-28.521 Y-4.8
;TYPE:WALL-OUTER
G1 F1200 X-28.663 Y-3.901 E0.04541
G1 X-28.775 Y-2.942 E0.04817
G1 X-28.86 Y-1.918 E0.05126
G1 X-28.908 Y-.989 E0.04641
G1 X-28.923 Y0.00 E0.04935
G1 X-28.908 Y0.989 E0.04935
G1 X-28.853 Y2.026 E0.05181
G1 X-28.772 Y2.991 E0.04831
G1 X-28.656 Y3.935 E0.04745
G1 X-28.52 Y4.8 E0.04369
G1 X-13.569 Y4.8 E0.74591
G1 X-11.785 Y4.8 E0.089
G1 X-12.077 Y4.048 E0.04025
G1 X-12.369 Y3.043 E0.05221
G1 X-12.571 Y2.021 E0.05197
G1 X-12.692 Y1.013 E0.05065
G1 X-12.732 Y-0.004 E0.05078
G1 X-12.691 Y-1.028 E0.05113
G1 X-12.569 Y-2.036 E0.05066
G1 X-12.369 Y-3.036 E0.05088
G1 X-12.107 Y-3.973 E0.04854
G1 X-11.785 Y-4.8 E0.04428
G1 X-13.569 Y-4.8 E0.089
G1 X-28.521 Y-4.8 E0.74596
G0 F12000 X-28.645 Y-4.01
G1 F3600 E-1
G0 F12000 X-27.957 Y-3.899
G0 X-25.002 Y4.02
;TYPE:SKIN
G1 F3600 E1
G1 F2400 X-27.859 Y4.02 E0.14254
G1 X-27.994 Y2.919 E0.05534
G1 X-28.071 Y1.981 E0.04695
G1 X-28.127 Y0.927 E0.05266
G1 X-28.14 Y0.001 E0.0462
G1 X-28.127 Y-.961 E0.048
G1 X-28.081 Y-1.842 E0.04401
G1 X-27.998 Y-2.851 E0.05051
G1 X-27.862 Y-4.02 E0.05872
G1 X-25.005 Y-4.02 E0.14254
G1 X-25.159 Y-2.871 E0.05784
G1 X-25.252 Y-1.932 E0.04708
G1 X-25.304 Y-1.073 E0.04293
G1 X-25.328 Y-0.029 E0.0521
G1 X-25.312 Y0.896 E0.04616
G1 X-25.252 Y1.952 E0.05277
G1 X-25.164 Y2.864 E0.04571
G1 X-25.002 Y4.02 E0.05824
G0 F12000 X-27.293 Y3.82
G1 F2400 X-27.736 Y3.376 E0.03129
G0 F12000 X-27.81 Y2.737
G1 F2400 X-26.727 Y3.82 E0.07641
G0 F12000 X-26.162 Y3.82
G1 F2400 X-27.859 Y2.122 E0.11977
G0 F12000 X-27.896 Y1.52
G1 F2400 X-25.596 Y3.82 E0.16228
G0 F12000 X-25.265 Y3.585
G1 F2400 X-27.927 Y0.923 E0.18782
G0 F12000 X-27.936 Y0.349
G1 F2400 X-25.357 Y2.927 E0.18193
G0 F12000 X-25.419 Y2.3
G1 F2400 X-27.937 Y-.218 E0.17766
G0 F12000 X-27.93 Y-.777
G1 F2400 X-25.467 Y1.686 E0.17378
G0 F12000 X-25.501 Y1.086
G1 F2400 X-27.909 Y-1.322 E0.1699
G0 F12000 X-27.879 Y-1.858
G1 F2400 X-25.518 Y0.503 E0.16658
G0 F12000 X-25.527 Y-0.071
G1 F2400 X-27.837 Y-2.381 E0.16298
G0 F12000 X-27.791 Y-2.901
G1 F2400 X-25.514 Y-.624 E0.16065
G0 F12000 X-25.498 Y-1.174
G1 F2400 X-27.732 Y-3.408 E0.15762
G0 F12000 X-27.579 Y-3.82
G1 F2400 X-25.466 Y-1.707 E0.14908
G0 F12000 X-25.423 Y-2.23
G1 F2400 X-27.014 Y-3.82 E0.11222
G0 F12000 X-26.448 Y-3.82
G1 F2400 X-25.372 Y-2.744 E0.07592
G0 F12000 X-25.309 Y-3.248
G1 F2400 X-25.882 Y-3.82 E0.04039
G0 F12000 X-25.317 Y-3.82
G1 F2400 X-25.242 Y-3.746 E0.00526
G1 F3600 E-1
G0 F12000 X-17.198 Y-4.02
M107
G1 F3600 E1
G1 F1200 X-13.827 Y-4.02 E0.16818
G1 X-12.897 Y-4.02 E0.0464
G1 X-13.129 Y-3.207 E0.04218
G1 X-13.333 Y-2.183 E0.05209
G1 X-13.463 Y-1.125 E0.05318
G1 X-13.512 Y-0.029 E0.05473
G1 X-13.472 Y1.059 E0.05432
G1 X-13.343 Y2.109 E0.05278
G1 X-13.117 Y3.267 E0.05886
G1 X-12.896 Y4.016 E0.03896
G1 X-13.828 Y4.016 E0.0465
G1 X-17.197 Y4.016 E0.16808
G1 X-17.399 Y3.056 E0.04894
G1 X-17.549 Y2.055 E0.0505
G1 X-17.644 Y1.032 E0.05126
G1 X-17.668 Y0.00 E0.0515
G1 X-17.644 Y-1.032 E0.0515
G1 X-17.553 Y-1.996 E0.04831
G1 X-17.402 Y-3.061 E0.05366
G1 X-17.198 Y-4.02 E0.04892
G0 F12000 X-16.532 Y-3.82
G1 F1200 X-17.172 Y-3.18 E0.04516
G1 X-17.242 Y-3.11
G0 F12000 X-17.309 Y-2.29
G1 F1200 X-15.778 Y-3.82 E0.10799
G0 F12000 X-15.025 Y-3.82
G1 F1200 X-17.404 Y-1.44 E0.16789
G1 X-17.474 Y-1.37
G0 F12000 X-17.453 Y-.638
G1 F1200 X-14.271 Y-3.82 E0.22451
G0 F12000 X-13.517 Y-3.82
G1 F1200 X-17.465 Y0.128 E0.27855
G0 F12000 X-17.448 Y0.865
G1 F1200 X-13.321 Y-3.262 E0.29118
G1 X-13.251 Y-3.332
G0 F12000 X-13.51 Y-2.319
G1 F1200 X-17.393 Y1.564 E0.27397
G0 F12000 X-17.318 Y2.242
G1 F1200 X-13.625 Y-1.45 E0.26053
G1 X-13.555 Y-1.52
G0 F12000 X-13.685 Y-.636
G1 F1200 X-17.219 Y2.898 E0.24934
G0 F12000 X-17.095 Y3.527
G1 F1200 X-13.706 Y0.138 E0.23911
G0 F12000 X-13.68 Y0.865
G1 F1200 X-16.63 Y3.816 E0.20817
G0 F12000 X-15.877 Y3.816
G1 F1200 X-13.613 Y1.553 E0.1597
G0 F12000 X-13.526 Y2.219
G1 F1200 X-15.123 Y3.816 E0.11268
G0 F12000 X-14.369 Y3.816
G1 F1200 X-13.403 Y2.85 E0.06816
G0 F12000 X-13.267 Y3.468
G1 F1200 X-13.615 Y3.816 E0.02455
G0 F12000 X-13.615 Y3.8
G1 F3600 E-1
G0 F12000 X23.639 Y-4.04
;TYPE:FILL
M106 S255
G1 F3600 E1
G1 F9600 X22.127 Y1.605 E0.29156
G1 X22.779 Y4.041 E0.12581
G1 X22.422 Y4.041 E0.01781
G1 X21.793 Y1.694 E0.12122
G1 X17.867 Y-2.232 E0.277
G1 X17.83 Y-2.487 E0.01286
G1 X23.625 Y-4.04 E0.29932
G1 X24.661 Y-4.04 E0.05169
G1 X24.761 Y-4.04
G1 F3600 E-1
G0 F12000 X27.945 Y4.124
G0 X28.18 Y4.4
;TYPE:WALL-INNER
G1 F3600 E1
G1 F3000 X28.266 Y3.854 E0.02758
G1 X28.377 Y2.909 E0.04747
G1 X28.461 Y1.891 E0.05096
G1 X28.508 Y0.975 E0.04576
G1 X28.523 Y0.00 E0.04865
G1 X28.51 Y-.915 E0.04565
G1 X28.454 Y-1.997 E0.05405
G1 X28.379 Y-2.914 E0.0459
G1 X28.26 Y-3.874 E0.04826
G1 X28.178 Y-4.4 E0.02656
G1 X13.703 Y-4.4 E0.72216
G1 X12.391 Y-4.4 E0.06546
G1 X12.749 Y-3.172 E0.06382
G1 X12.961 Y-2.118 E0.05364
G1 X13.092 Y-1.029 E0.05472
G1 X13.132 Y0.02 E0.05237
G1 X13.088 Y1.076 E0.05273
G1 X12.961 Y2.114 E0.05217
G1 X12.761 Y3.114 E0.05088
G1 X12.48 Y4.118 E0.05201
G1 X12.37 Y4.4 E0.0151
G1 X13.702 Y4.4 E0.06645
G1 X28.18 Y4.4 E0.72231
G0 F12000 X28.521 Y4.8
;TYPE:WALL-OUTER
G1 F1200 X28.663 Y3.901 E0.04541
G1 X28.775 Y2.942 E0.04817
G1 X28.86 Y1.918 E0.05126
G1 X28.908 Y0.989 E0.04641
G1 X28.923 Y-0.076 E0.05314
G1 X28.908 Y-.993 E0.04576
G1 X28.853 Y-2.029 E0.05176
G1 X28.777 Y-2.955 E0.04635
G1 X28.656 Y-3.935 E0.04926
G1 X28.52 Y-4.8 E0.04369
G1 X13.569 Y-4.8 E0.74591
G1 X11.785 Y-4.8 E0.089
G1 X12.077 Y-4.048 E0.04025
G1 X12.369 Y-3.044 E0.05217
G1 X12.569 Y-2.04 E0.05107
G1 X12.692 Y-1.013 E0.0516
G1 X12.732 Y0.004 E0.05078
G1 X12.691 Y1.028 E0.05113
G1 X12.569 Y2.036 E0.05066
G1 X12.369 Y3.036 E0.05088
G1 X12.107 Y3.973 E0.04854
G1 X11.785 Y4.8 E0.04428
G1 X13.569 Y4.8 E0.089
G1 X28.521 Y4.8 E0.74596
G0 F12000 X28.645 Y4.01
G1 F3600 E-1
G0 F12000 X27.957 Y3.9
G0 X25.002 Y4.02
;TYPE:SKIN
G1 F3600 E1
G1 F2400 X25.159 Y2.872 E0.05781
G1 X25.251 Y1.932 E0.04712
G1 X25.304 Y1.073 E0.04294
G1 X25.329 Y0.027 E0.0522
G1 X25.312 Y-.9 E0.04626
G1 X25.248 Y-1.973 E0.05363
G1 X25.164 Y-2.867 E0.0448
G1 X25.002 Y-4.02 E0.05809
G1 X27.859 Y-4.02 E0.14254
G1 X27.997 Y-2.903 E0.05615
G1 X28.074 Y-1.952 E0.0476
G1 X28.122 Y-1.068 E0.04417
G1 X28.139 Y-0.086 E0.049
G1 X28.128 Y0.961 E0.05224
G1 X28.081 Y1.842 E0.04402
G1 X27.998 Y2.851 E0.05051
G1 X27.862 Y4.02 E0.05872
G1 X25.002 Y4.02 E0.14269
G0 F12000 X25.241 Y3.745
G1 F2400 X25.316 Y3.82 E0.00529
G0 F12000 X25.882 Y3.82
G1 F2400 X25.309 Y3.247 E0.04043
G0 F12000 X25.372 Y2.744
G1 F2400 X26.447 Y3.82 E0.07588
G0 F12000 X27.013 Y3.82
G1 F2400 X25.423 Y2.23 E0.11218
G0 F12000 X25.465 Y1.706
G1 F2400 X27.579 Y3.82 E0.14915
G0 F12000 X27.733 Y3.408
G1 F2400 X25.498 Y1.174 E0.15766
G0 F12000 X25.515 Y0.624
G1 F2400 X27.791 Y2.901 E0.16062
G0 F12000 X27.837 Y2.381
G1 F2400 X25.527 Y0.071 E0.16298
G0 F12000 X25.519 Y-.503
G1 F2400 X27.879 Y1.858 E0.16655
G0 F12000 X27.909 Y1.322
G1 F2400 X25.5 Y-1.087 E0.16997
G0 F12000 X25.465 Y-1.688
G1 F2400 X27.93 Y0.777 E0.17392
G0 F12000 X27.936 Y0.218
G1 F2400 X25.418 Y-2.301 E0.17769
G0 F12000 X25.358 Y-2.927
G1 F2400 X27.935 Y-.349 E0.18186
G0 F12000 X27.924 Y-.926
G1 F2400 X25.265 Y-3.585 E0.18761
G0 F12000 X25.596 Y-3.82
G1 F2400 X27.897 Y-1.519 E0.16235
G0 F12000 X27.86 Y-2.121
G1 F2400 X26.162 Y-3.82 E0.11984
G0 F12000 X26.727 Y-3.82
G1 F2400 X27.81 Y-2.737 E0.07641
G0 F12000 X27.738 Y-3.375
G1 F2400 X27.293 Y-3.82 E0.0314
G1 F3600 E-1
G0 F12000 X17.198 Y4.02
M107
G1 F3600 E1
G1 F1200 X13.827 Y4.02 E0.16818
G1 X12.897 Y4.02 E0.0464
G1 X13.129 Y3.207 E0.04218
G1 X13.333 Y2.183 E0.05209
G1 X13.463 Y1.125 E0.05318
G1 X13.513 Y0.025 E0.05494
G1 X13.472 Y-1.059 E0.05412
G1 X13.343 Y-2.121 E0.05337
G1 X13.117 Y-3.267 E0.05828
G1 X12.896 Y-4.016 E0.03896
G1 X13.829 Y-4.016 E0.04655
G1 X17.198 Y-4.016 E0.16808
G1 X17.391 Y-3.116 E0.04592
G1 X17.553 Y-2.012 E0.05567
G1 X17.644 Y-1.036 E0.0489
G1 X17.667 Y0.00 E0.0517
G1 X17.644 Y1.032 E0.0515
G1 X17.553 Y1.996 E0.04831
G1 X17.402 Y3.057 E0.05347
G1 X17.198 Y4.02 E0.04911
G0 F12000 X16.532 Y3.82
G1 F1200 X17.171 Y3.181 E0.04508
G1 X17.241 Y3.111
G0 F12000 X17.309 Y2.29
G1 F1200 X15.778 Y3.82 E0.10799
G0 F12000 X15.025 Y3.82
G1 F1200 X17.404 Y1.44 E0.16789
G1 X17.474 Y1.37
G0 F12000 X17.452 Y0.639
G1 F1200 X14.271 Y3.82 E0.22444
G0 F12000 X13.517 Y3.82
G1 F1200 X17.466 Y-.129 E0.27862
G0 F12000 X17.448 Y-.865
G1 F1200 X13.321 Y3.262 E0.29118
G1 X13.251 Y3.332
G0 F12000 X13.509 Y2.32
G1 F1200 X17.393 Y-1.564 E0.27404
G0 F12000 X17.316 Y-2.241
G1 F1200 X13.625 Y1.45 E0.26042
G1 X13.555 Y1.52
G0 F12000 X13.685 Y0.636
G1 F1200 X17.22 Y-2.898 E0.24938
G0 F12000 X17.097 Y-3.529
G1 F1200 X13.707 Y-.139 E0.23918
G0 F12000 X13.68 Y-.865
G1 F1200 X16.63 Y-3.816 E0.20817
G0 F12000 X15.877 Y-3.816
G1 F1200 X13.614 Y-1.554 E0.15963
G0 F12000 X13.527 Y-2.22
G1 F1200 X15.123 Y-3.816 E0.11261
G0 F12000 X14.369 Y-3.816
G1 F1200 X13.403 Y-2.85 E0.06816
G0 F12000 X13.266 Y-3.467
G1 F1200 X13.615 Y-3.816 E0.02462
G0 F12000 X13.615 Y-3.8
G1 F3600 E-1
;MESH:NONMESH
G0 F12000 X-16.149 Y-4.04
;TIME_ELAPSED:714.441788
;LAYER:67
M106 S255
;MESH:bridge.stl
G0 X-16.149 Y-4.04 Z20.4
;TYPE:FILL
G1 F3600 E1
G1 F9600 X-21.922 Y-4.04 E0.28802
G1 X-23.865 Y-3.519 E0.10036
G1 X-23.957 Y-2.868 E0.0328
G1 X-24.051 Y-1.927 E0.04718
G1 X-24.109 Y-.958 E0.04843
G1 X-24.128 Y0.02 E0.0488
G1 X-24.109 Y0.958 E0.04681
G1 X-24.051 Y1.921 E0.04813
G1 X-23.956 Y2.868 E0.04748
G1 X-23.791 Y4.04 E0.05905
G1 X-16.147 Y4.04 E0.38136
G1 X-16.342 Y3.18 E0.04399
G1 X-16.549 Y1.896 E0.06489
G1 X-16.533 Y1.896 E0.0008
G1 X-16.613 Y1.072 E0.0413
G1 X-16.648 Y0.001 E0.05346
G1 X-16.613 Y-1.078 E0.05386
G1 X-16.534 Y-1.894 E0.0409
G1 X-16.55 Y-1.894 E0.0008
G1 X-16.395 Y-2.852 E0.04842
G1 X-17.582 Y-4.04 E0.08378
G1 X-17.652 Y-4.11
G1 F3600 E-1
G0 F12000 X-17.652 Y-4.1
G0 X-27.178 Y-4.124
G0 X-27.412 Y-4.4
;TYPE:WALL-INNER
G1 F3600 E1
G1 F3000 X-27.498 Y-3.854 E0.02758
G1 X-27.608 Y-2.912 E0.04732
G1 X-27.693 Y-1.954 E0.04798
G1 X-27.744 Y-.974 E0.04896
G1 X-27.763 Y0.00 E0.0486
G1 X-27.744 Y0.974 E0.0486
G1 X-27.693 Y1.954 E0.04896
G1 X-27.604 Y2.959 E0.05034
G1 X-27.492 Y3.875 E0.04604
G1 X-27.41 Y4.4 E0.02651
G1 X-11.943 Y4.4 E0.77165
G1 X-10.303 Y4.4 E0.08182
G1 X-10.454 Y4.072 E0.01801
G1 X-10.76 Y3.137 E0.04908
G1 X-11 Y2.141 E0.05111
G1 X-11.16 Y1.029 E0.05605
G1 X-11.208 Y-0.025 E0.05264
G1 X-11.16 Y-1.033 E0.05035
G1 X-11 Y-2.141 E0.05585
G1 X-10.76 Y-3.137 E0.05111
G1 X-10.454 Y-4.065 E0.04875
G1 X-10.3 Y-4.4 E0.01839
G1 X-11.942 Y-4.4 E0.08192
G1 X-27.412 Y-4.4 E0.7718
G0 F12000 X-27.753 Y-4.8
;TYPE:WALL-OUTER
G1 F1200 X-27.895 Y-3.901 E0.04541
G1 X-28.004 Y-2.975 E0.04652
G1 X-28.092 Y-1.982 E0.04974
G1 X-28.144 Y-.988 E0.04966
G1 X-28.163 Y0.00 E0.0493
G1 X-28.144 Y0.988 E0.0493
G1 X-28.092 Y1.982 E0.04966
G1 X-28.001 Y3.007 E0.05134
G1 X-27.887 Y3.936 E0.0467
G1 X-27.752 Y4.8 E0.04363
G1 X-13.473 Y4.8 E0.71238
G1 X-11.786 Y4.8
G1 F600 X-9.669 Y4.8 E0.06865
G1 F1200 X-10.065 Y3.971 E0.04584
G1 X-10.371 Y3.043 E0.04875
G1 X-10.611 Y2.047 E0.05111
G1 X-10.76 Y1.01 E0.05227
G1 X-10.808 Y-0.006 E0.05074
G1 X-10.76 Y-1.014 E0.05035
G1 X-10.611 Y-2.047 E0.05207
G1 X-10.371 Y-3.043 E0.05111
G1 X-10.065 Y-3.962 E0.04832
G1 X-9.668 Y-4.8 E0.04626
G1 F600 X-11.786 Y-4.8 E0.06868
G1 X-12.786 Y-4.8 E0.04989
G1 F750 X-13.786 Y-4.8 E0.04989
G1 F862.5 X-14.786 Y-4.8 E0.04989
G1 F946.9 X-15.786 Y-4.8 E0.04989
G1 F1010.2 X-16.786 Y-4.8 E0.04989
G1 F1057.6 X-17.786 Y-4.8 E0.04989
G1 F1200 X-27.753 Y-4.8 E0.49726
G0 F12000 X-27.877 Y-4.01
G1 F3600 E-1
G0 F12000 X-27.19 Y-3.9
G0 X-24.135 Y4.02
;TYPE:SKIN
G1 F3600 E1
G1 F2400 X-27.09 Y4.02 E0.14743
G1 X-27.223 Y2.934 E0.05459
G1 X-27.31 Y1.951 E0.04923
G1 X-27.359 Y1.03 E0.04601
G1 X-27.38 Y-0.001 E0.05145
G1 X-27.364 Y-.956 E0.04765
G1 X-27.312 Y-1.921 E0.04821
G1 X-27.229 Y-2.854 E0.04673
G1 X-27.094 Y-4.02 E0.05856
G1 X-24.135 Y-4.02 E0.14763
G1 X-24.292 Y-2.916 E0.05563
G1 X-24.388 Y-1.96 E0.04793
G1 X-24.448 Y-.969 E0.04953
G1 X-24.468 Y0.003 E0.0485
G1 X-24.448 Y0.961 E0.04781
G1 X-24.388 Y1.949 E0.04938
G1 X-24.292 Y2.916 E0.04848
G1 X-24.135 Y4.02 E0.05563
G0 F12000 X-24.414 Y3.483
G1 F2400 X-24.751 Y3.82 E0.02378
G0 F12000 X-25.317 Y3.82
G1 F2400 X-24.484 Y2.988 E0.05874
G0 F12000 X-24.537 Y2.476
G1 F2400 X-25.882 Y3.82 E0.09486
G0 F12000 X-26.448 Y3.82
G1 F2400 X-24.588 Y1.961 E0.1312
G0 F12000 X-24.621 Y1.428
G1 F2400 X-26.924 Y3.731 E0.16249
G0 F12000 X-26.985 Y3.227
G1 F2400 X-24.65 Y0.891 E0.16478
G0 F12000 X-24.661 Y0.337
G1 F2400 X-27.041 Y2.717 E0.16792
G0 F12000 X-27.087 Y2.197
G1 F2400 X-24.664 Y-.226 E0.17096
G0 F12000 X-24.652 Y-.804
G1 F2400 X-27.125 Y1.669 E0.17448
G0 F12000 X-27.153 Y1.131
G1 F2400 X-24.623 Y-1.399 E0.17851
G0 F12000 X-24.585 Y-2.002
G1 F2400 X-27.168 Y0.581 E0.18224
G0 F12000 X-27.179 Y0.026
G1 F2400 X-24.522 Y-2.63 E0.18743
G0 F12000 X-24.443 Y-3.275
G1 F2400 X-27.171 Y-.548 E0.19244
G0 F12000 X-27.154 Y-1.131
G1 F2400 X-24.464 Y-3.82 E0.18976
G0 F12000 X-25.029 Y-3.82
G1 F2400 X-27.121 Y-1.729 E0.14757
G0 F12000 X-27.072 Y-2.343
G1 F2400 X-25.595 Y-3.82 E0.10421
G0 F12000 X-26.161 Y-3.82
G1 F2400 X-27.014 Y-2.967 E0.06018
G0 F12000 X-26.941 Y-3.606
G1 F2400 X-26.727 Y-3.82 E0.0151
G1 F3600 E-1
G0 F12000 X-15.8 Y-4.02
M107
G1 F3600 E1
G1 F1200 X-12.091 Y-4.019 E0.18504
G1 X-10.863 Y-4.019 E0.06127
G1 X-11.111 Y-3.284 E0.0387
G1 X-11.367 Y-2.236 E0.05382
G1 X-11.54 Y-1.059 E0.05935
G1 X-11.588 Y-0.038 E0.05099
G1 X-11.54 Y1.056 E0.05463
G1 X-11.382 Y2.145 E0.0549
G1 X-11.142 Y3.188 E0.0534
G1 X-10.865 Y4.02 E0.04375
G1 X-12.087 Y4.02 E0.06097
G1 X-15.8 Y4.02 E0.18524
G1 X-16.007 Y3.114 E0.04637
G1 X-16.177 Y2.03 E0.05474
G1 X-16.272 Y1.039 E0.04967
G1 X-16.307 Y0.00 E0.05187
G1 X-16.272 Y-1.039 E0.05187
G1 X-16.181 Y-2.026 E0.04945
G1 X-16.007 Y-3.113 E0.05492
G1 X-15.8 Y-4.02 E0.04641
G0 F12000 X-15.025 Y-3.82
G1 F1200 X-15.818 Y-3.026 E0.05599
G1 X-15.888 Y-2.956
G0 F12000 X-15.962 Y-2.129
G1 F1200 X-14.271 Y-3.82 E0.11931
G0 F12000 X-13.517 Y-3.82
G1 F1200 X-16.048 Y-1.289 E0.17858
G0 F12000 X-16.09 Y-.494
G1 F1200 X-12.763 Y-3.82 E0.2347
G0 F12000 X-12.01 Y-3.82
G1 F1200 X-16.097 Y0.268 E0.2884
G0 F12000 X-16.073 Y0.997
G1 F1200 X-11.256 Y-3.82 E0.33987
G1 X-11.186 Y-3.89
G0 F12000 X-11.406 Y-2.915
G1 F1200 X-16.009 Y1.687 E0.32473
G0 F12000 X-15.923 Y2.355
G1 F1200 X-11.609 Y-1.959 E0.30438
G1 X-11.539 Y-2.029
G0 F12000 X-11.739 Y-1.075
G1 F1200 X-15.82 Y3.006 E0.28794
G0 F12000 X-15.685 Y3.625
G1 F1200 X-11.777 Y-.284 E0.27577
G0 F12000 X-11.766 Y0.46
G1 F1200 X-15.127 Y3.82 E0.2371
G0 F12000 X-14.373 Y3.82
G1 F1200 X-11.726 Y1.173 E0.18676
G0 F12000 X-11.63 Y1.831
G1 F1200 X-13.62 Y3.82 E0.14037
G0 F12000 X-12.866 Y3.82
G1 F1200 X-11.513 Y2.468 E0.09543
G0 F12000 X-11.372 Y3.08
G1 F1200 X-12.112 Y3.82 E0.05221
G0 F12000 X-11.358 Y3.82
G1 F1200 X-11.196 Y3.659 E0.01139
G0 F12000 X-11.22 Y3.665
G1 F3600 E-1
G0 F12000 X-11.221 Y3.664
G0 X16.147 Y4.04
;TYPE:FILL
M106 S255
G1 F3600 E1
G1 F9600 X16.342 Y3.181 E0.04395
G1 X16.55 Y1.894 E0.06504
G1 X16.534 Y1.894 E0.0008
G1 X16.613 Y1.072 E0.0412
G1 X16.648 Y-0.001 E0.05356
G1 X16.613 Y-1.081 E0.05391
G1 X16.534 Y-1.894 E0.04075
G1 X16.55 Y-1.894 E0.0008
G1 X16.546 Y-1.924 E0.00151
G1 X23.815 Y-3.872 E0.37545
G1 X23.951 Y-2.906 E0.04867
G1 X24.051 Y-1.925 E0.0492
G1 X24.109 Y-.966 E0.04793
G1 X24.128 Y-0.02 E0.04721
G1 X24.109 Y0.958 E0.0488
G1 X24.051 Y1.922 E0.04818
G1 X23.957 Y2.868 E0.04743
G1 X23.871 Y3.473 E0.03049
G1 X16.359 Y-4.04 E0.53005
G1 X23.792 Y-4.04 E0.37083
G1 X23.42 Y-4.04 E0.01856
G1 X21.254 Y4.041 E0.41739
G1 X16.147 Y4.04 E0.25479
G1 F3600 E-1
G0 F12000 X27.178 Y4.124
G0 X27.412 Y4.4
;TYPE:WALL-INNER
G1 F3600 E1
G1 F3000 X27.498 Y3.854 E0.02758
G1 X27.608 Y2.912 E0.04732
G1 X27.693 Y1.954 E0.04798
G1 X27.744 Y0.974 E0.04896
G1 X27.763 Y0.00 E0.0486
G1 X27.744 Y-.978 E0.0488
G1 X27.69 Y-2.003 E0.05121
G1 X27.604 Y-2.963 E0.04809
G1 X27.492 Y-3.875 E0.04584
G1 X27.41 Y-4.4 E0.02651
G1 X11.943 Y-4.4 E0.77165
G1 X10.303 Y-4.4 E0.08182
G1 X10.454 Y-4.072 E0.01801
G1 X10.76 Y-3.14 E0.04894
G1 X11 Y-2.141 E0.05126
G1 X11.16 Y-1.033 E0.05585
G1 X11.208 Y0.025 E0.05284
G1 X11.16 Y1.029 E0.05015
G1 X11 Y2.141 E0.05605
G1 X10.76 Y3.137 E0.05111
G1 X10.454 Y4.065 E0.04875
G1 X10.3 Y4.4 E0.01839
G1 X11.943 Y4.4 E0.08197
G1 X27.412 Y4.4 E0.77175
G0 F12000 X27.753 Y4.8
;TYPE:WALL-OUTER
G1 F1200 X27.895 Y3.901 E0.04541
G1 X28.004 Y2.975 E0.04652
G1 X28.092 Y1.982 E0.04974
G1 X28.144 Y0.988 E0.04966
G1 X28.163 Y0.00 E0.0493
G1 X28.144 Y-.992 E0.0495
G1 X28.092 Y-1.986 E0.04966
G1 X28.005 Y-2.979 E0.04973
G1 X27.887 Y-3.936 E0.04811
G1 X27.752 Y-4.8 E0.04363
G1 X13.474 Y-4.8 E0.71233
G1 X11.787 Y-4.8
G1 F600 X9.669 Y-4.8 E0.06868
G1 F1200 X10.065 Y-3.971 E0.04584
G1 X10.371 Y-3.047 E0.04856
G1 X10.611 Y-2.047 E0.05131
G1 X10.76 Y-1.014 E0.05207
G1 X10.808 Y0.006 E0.05094
G1 X10.76 Y1.01 E0.05015
G1 X10.611 Y2.047 E0.05227
G1 X10.371 Y3.043 E0.05111
G1 X10.065 Y3.962 E0.04832
G1 X9.668 Y4.8 E0.04626
G1 F600 X11.787 Y4.8 E0.06872
G1 X12.787 Y4.8 E0.04989
G1 F750 X13.787 Y4.8 E0.04989
G1 F862.5 X14.787 Y4.8 E0.04989
G1 F946.9 X15.787 Y4.8 E0.04989
G1 F1010.2 X16.787 Y4.8 E0.04989
G1 F1057.6 X17.787 Y4.8 E0.04989
G1 F1200 X27.753 Y4.8 E0.49721
G0 F12000 X27.877 Y4.01
G1 F3600 E-1
G0 F12000 X27.19 Y3.9
G0 X24.135 Y4.02
;TYPE:SKIN
G1 F3600 E1
G1 F2400 X24.292 Y2.916 E0.05563
G1 X24.388 Y1.956 E0.04813
G1 X24.448 Y0.969 E0.04933
G1 X24.469 Y-0.006 E0.04865
G1 X24.449 Y-.934 E0.04631
G1 X24.388 Y-1.957 E0.05113
G1 X24.287 Y-2.933 E0.04895
G1 X24.135 Y-4.02 E0.05476
G1 X27.09 Y-4.02 E0.14743
G1 X27.223 Y-2.938 E0.05439
G1 X27.306 Y-1.996 E0.04718
G1 X27.359 Y-1.04 E0.04777
G1 X27.379 Y-0.071 E0.04835
G1 X27.364 Y0.956 E0.05124
G1 X27.312 Y1.921 E0.04821
G1 X27.229 Y2.854 E0.04673
G1 X27.094 Y4.019 E0.05851
G1 X24.135 Y4.02 E0.14763
G0 F12000 X26.727 Y3.82
G1 F2400 X26.94 Y3.607 E0.01503
G0 F12000 X27.014 Y2.967
G1 F2400 X26.162 Y3.82 E0.06015
G0 F12000 X25.596 Y3.82
G1 F2400 X27.072 Y2.343 E0.10418
G0 F12000 X27.121 Y1.729
G1 F2400 X25.03 Y3.82 E0.14753
G0 F12000 X24.464 Y3.82
G1 F2400 X27.154 Y1.131 E0.18976
G0 F12000 X27.17 Y0.549
G1 F2400 X24.443 Y3.275 E0.19237
G0 F12000 X24.522 Y2.631
G1 F2400 X27.178 Y-0.025 E0.1874
G0 F12000 X27.168 Y-.581
G1 F2400 X24.585 Y2.003 E0.18228
G0 F12000 X24.622 Y1.399
G1 F2400 X27.153 Y-1.131 E0.17854
G0 F12000 X27.124 Y-1.668
G1 F2400 X24.652 Y0.804 E0.17441
G0 F12000 X24.664 Y0.226
G1 F2400 X27.087 Y-2.197 E0.17096
G0 F12000 X27.04 Y-2.716
G1 F2400 X24.662 Y-.338 E0.16778
G0 F12000 X24.65 Y-.892
G1 F2400 X26.985 Y-3.227 E0.16475
G0 F12000 X26.924 Y-3.731
G1 F2400 X24.621 Y-1.428 E0.16249
G0 F12000 X24.589 Y-1.962
G1 F2400 X26.448 Y-3.82 E0.13113
G0 F12000 X25.882 Y-3.82
G1 F2400 X24.536 Y-2.474 E0.09497
G0 F12000 X24.481 Y-2.985
G1 F2400 X25.317 Y-3.82 E0.05895
G0 F12000 X24.751 Y-3.82
G1 F2400 X24.413 Y-3.483 E0.02381
G1 F3600 E-1
G0 F12000 X15.8 Y4.019
M107
G1 F3600 E1
G1 F1200 X12.091 Y4.019 E0.18504
G1 X10.863 Y4.019 E0.06127
G1 X11.111 Y3.284 E0.0387
G1 X11.367 Y2.236 E0.05382
G1 X11.54 Y1.055 E0.05955
G1 X11.588 Y0.038 E0.05079
G1 X11.54 Y-1.064 E0.05503
G1 X11.379 Y-2.163 E0.05541
G1 X11.107 Y-3.295 E0.05808
G1 X10.866 Y-4.02 E0.03812
G1 X12.087 Y-4.02 E0.06092
G1 X15.8 Y-4.02 E0.18524
G1 X16.007 Y-3.114 E0.04637
G1 X16.177 Y-2.026 E0.05494
G1 X16.272 Y-1.046 E0.04912
G1 X16.307 Y0.00 E0.05221
G1 X16.272 Y1.039 E0.05187
G1 X16.181 Y2.031 E0.0497
G1 X16.007 Y3.113 E0.05467
G1 X15.8 Y4.019 E0.04637
G0 F12000 X15.025 Y3.819
G1 F1200 X15.818 Y3.026 E0.05595
G1 X15.888 Y2.956
G0 F12000 X15.962 Y2.128
G1 F1200 X14.272 Y3.819 E0.11927
G0 F12000 X13.518 Y3.819
G1 F1200 X16.047 Y1.29 E0.17843
G0 F12000 X16.09 Y0.494
G1 F1200 X12.764 Y3.819 E0.23463
G0 F12000 X12.01 Y3.819
G1 F1200 X16.097 Y-.268 E0.28836
G0 F12000 X16.073 Y-.997
G1 F1200 X11.256 Y3.819 E0.33983
G1 X11.186 Y3.889
G0 F12000 X11.406 Y2.915
G1 F1200 X16.009 Y-1.687 E0.32473
G0 F12000 X15.923 Y-2.355
G1 F1200 X11.609 Y1.959 E0.30438
G1 X11.539 Y2.029
G0 F12000 X11.739 Y1.076
G1 F1200 X15.822 Y-3.007 E0.28808
G0 F12000 X15.685 Y-3.625
G1 F1200 X11.777 Y0.284 E0.27577
G0 F12000 X11.766 Y-.46
G1 F1200 X15.126 Y-3.82 E0.23707
G0 F12000 X14.373 Y-3.82
G1 F1200 X11.727 Y-1.174 E0.18669
G0 F12000 X11.63 Y-1.831
G1 F1200 X13.619 Y-3.82 E0.14033
G0 F12000 X12.865 Y-3.82
G1 F1200 X11.511 Y-2.466 E0.09553
G0 F12000 X11.365 Y-3.074
G1 F1200 X12.111 Y-3.82 E0.05263
G0 F12000 X11.358 Y-3.82
G1 F1200 X11.196 Y-3.659 E0.01139
G0 F12000 X11.22 Y-3.665
G1 F3600 E-1
;MESH:NONMESH
G0 F12000 X11.221 Y-3.664
G0 X-14.608 Y-4.04
;TIME_ELAPSED:739.637737
;LAYER:68
M106 S255
;MESH:bridge.stl
G0 X-14.608 Y-4.04 Z20.7
;TYPE:FILL
G1 F3600 E1
G1 F9600 X-21.099 Y-4.04 E0.32384
G1 X-22.961 Y-3.541 E0.09617
G1 X-23.063 Y-2.848 E0.03495
G1 X-23.156 Y-1.927 E0.04618
G1 X-23.214 Y-.958 E0.04843
G1 X-23.234 Y0.02 E0.0488
G1 X-23.214 Y0.958 E0.04681
G1 X-23.157 Y1.916 E0.04788
G1 X-23.06 Y2.866 E0.04764
G1 X-22.886 Y4.04 E0.05921
G1 X-16.236 Y4.04 E0.33177
G1 X-15.162 Y0.032 E0.20701
G1 X-15.125 Y-1.069 E0.05496
G1 X-15.049 Y-1.808 E0.03706
G1 X-17.281 Y-4.04 E0.15748
G1 X-17.351 Y-4.11
G1 F3600 E-1
G0 F12000 X-17.351 Y-4.1
G0 X-26.384 Y-4.124
G0 X-26.618 Y-4.4
;TYPE:WALL-INNER
G1 F3600 E1
G1 F3000 X-26.707 Y-3.851 E0.02775
G1 X-26.82 Y-2.909 E0.04733
G1 X-26.909 Y-1.951 E0.048
G1 X-26.964 Y-.974 E0.04882
G1 X-26.979 Y0.07 E0.05209
G1 X-26.964 Y0.974 E0.04511
G1 X-26.909 Y1.951 E0.04882
G1 X-26.816 Y2.957 E0.0504
G1 X-26.7 Y3.872 E0.04601
G1 X-26.616 Y4.4 E0.02667
G1 X-12.036 Y4.396 E0.7274
G1 X-9.861 Y4.396
G1 F600 X-7.687 Y4.396 E0.0705
G1 F3000 X-8.22 Y3.251 E0.06301
G1 X-8.578 Y2.181 E0.05629
G1 X-8.784 Y1.024 E0.05863
G1 X-8.836 Y-0.032 E0.05275
G1 X-8.784 Y-1.024 E0.04956
G1 X-8.587 Y-2.152 E0.05713
G1 X-8.216 Y-3.251 E0.05787
G1 X-7.683 Y-4.396 E0.06301
G1 F600 X-9.861 Y-4.396 E0.07063
G1 F1500 X-10.861 Y-4.396 E0.04989
G1 F1875 X-11.861 Y-4.396 E0.04989
G1 F2156.2 X-12.861 Y-4.396 E0.04989
G1 F2367.2 X-13.861 Y-4.396 E0.04989
G1 F2525.4 X-14.861 Y-4.396 E0.04989
G1 F2644 X-15.861 Y-4.396 E0.04989
G1 F3000 X-26.618 Y-4.4 E0.53667
G0 F12000 X-26.958 Y-4.8
;TYPE:WALL-OUTER
G1 F1200 X-27.104 Y-3.899 E0.04554
G1 X-27.217 Y-2.974 E0.04649
G1 X-27.308 Y-1.981 E0.04975
G1 X-27.364 Y-.988 E0.04962
G1 X-27.379 Y0.076 E0.05309
G1 X-27.364 Y0.988 E0.04551
G1 X-27.308 Y1.981 E0.04962
G1 X-27.213 Y3.007 E0.05141
G1 X-27.095 Y3.935 E0.04667
G1 X-26.957 Y4.8 E0.0437
G1 X-11.357 Y4.8 E0.77829
G1 X-9.67 Y4.8
G1 F600 X-6.928 Y4.8 E0.08892
G1 F1200 X-7.322 Y4.225 E0.03478
G1 X-7.858 Y3.081 E0.06303
G1 X-8.198 Y2.055 E0.05392
G1 X-8.384 Y1.003 E0.0533
G1 X-8.436 Y-0.011 E0.05066
G1 X-8.381 Y-1.028 E0.05081
G1 X-8.194 Y-2.068 E0.05272
G1 X-7.854 Y-3.081 E0.05331
G1 X-7.302 Y-4.253 E0.06463
G1 X-6.927 Y-4.799 E0.03305
G1 F600 X-9.67 Y-4.799 E0.08895
G1 X-10.67 Y-4.799 E0.04989
G1 F750 X-11.67 Y-4.799 E0.04989
G1 F862.5 X-12.67 Y-4.799 E0.04989
G1 F946.9 X-13.67 Y-4.799 E0.04989
G1 F1010.2 X-14.67 Y-4.799 E0.04989
G1 F1057.6 X-15.67 Y-4.799 E0.04989
G1 F1200 X-26.958 Y-4.8 E0.56316
G0 F12000 X-27.085 Y-4.011
G1 F3600 E-1
G0 F12000 X-26.397 Y-3.898
G0 X-23.232 Y4.019
;TYPE:SKIN
G1 F3600 E1
G1 F2400 X-26.261 Y4.02 E0.15112
G1 X-26.402 Y2.995 E0.05162
G1 X-26.498 Y2.006 E0.04957
G1 X-26.56 Y0.988 E0.05088
G1 X-26.576 Y0.00 E0.0493
G1 X-26.56 Y-.988 E0.0493
G1 X-26.5 Y-1.98 E0.04958
G1 X-26.402 Y-2.99 E0.05063
G1 X-26.275 Y-4.02 E0.05178
G1 X-23.233 Y-4.02 E0.15177
G1 X-23.4 Y-2.9 E0.05649
G1 X-23.492 Y-1.96 E0.04712
G1 X-23.552 Y-.969 E0.04953
G1 X-23.572 Y0.003 E0.0485
G1 X-23.552 Y0.961 E0.04781
G1 X-23.496 Y1.944 E0.04912
G1 X-23.395 Y2.917 E0.0488
G1 X-23.232 Y4.019 E0.05558
G0 F12000 X-25.597 Y3.819
G1 F2400 X-26.165 Y3.251 E0.04008
G0 F12000 X-26.238 Y2.612
G1 F2400 X-25.031 Y3.819 E0.08516
G0 F12000 X-24.465 Y3.819
G1 F2400 X-26.299 Y1.985 E0.1294
G0 F12000 X-26.335 Y1.383
G1 F2400 X-23.9 Y3.819 E0.17184
G0 F12000 X-23.486 Y3.667
G1 F2400 X-26.363 Y0.79 E0.20299
G0 F12000 X-26.373 Y0.214
G1 F2400 X-23.584 Y3.003 E0.19678
G0 F12000 X-23.653 Y2.369
G1 F2400 X-26.371 Y-.349 E0.19177
G0 F12000 X-26.361 Y-.905
G1 F2400 X-23.708 Y1.748 E0.18718
G0 F12000 X-23.742 Y1.148
G1 F2400 X-26.332 Y-1.442 E0.18274
G0 F12000 X-26.299 Y-1.975
G1 F2400 X-23.76 Y0.564 E0.17914
G0 F12000 X-23.772 Y-0.013
G1 F2400 X-26.25 Y-2.491 E0.17484
G0 F12000 X-26.199 Y-3.006
G1 F2400 X-23.76 Y-.567 E0.17208
G0 F12000 X-23.744 Y-1.117
G1 F2400 X-26.137 Y-3.509 E0.1688
G0 F12000 X-25.882 Y-3.82
G1 F2400 X-23.711 Y-1.649 E0.15318
G0 F12000 X-23.671 Y-2.175
G1 F2400 X-25.316 Y-3.82 E0.11606
G0 F12000 X-24.75 Y-3.82
G1 F2400 X-23.621 Y-2.691 E0.07966
G0 F12000 X-23.558 Y-3.193
G1 F2400 X-24.184 Y-3.82 E0.0442
G0 F12000 X-23.619 Y-3.82
G1 F2400 X-23.484 Y-3.685 E0.00952
G1 F3600 E-1
G0 F12000 X-14.26 Y-4.02
M107
G1 F3600 E1
G1 F1200 X-10.039 Y-4.02 E0.21059
G1 X-8.275 Y-4.02 E0.08801
G1 X-8.558 Y-3.417 E0.03323
G1 X-8.95 Y-2.269 E0.06052
G1 X-9.149 Y-1.155 E0.05646
G1 X-9.216 Y-0.012 E0.05712
G1 X-9.162 Y1.058 E0.05345
G1 X-8.955 Y2.251 E0.06041
G1 X-8.611 Y3.299 E0.05503
G1 X-8.277 Y4.02 E0.03964
G1 X-10.039 Y4.02 E0.08791
G1 X-14.258 Y4.02 E0.21049
G1 X-14.484 Y3.172 E0.04378
G1 X-14.677 Y2.084 E0.05513
G1 X-14.784 Y1.038 E0.05246
G1 X-14.819 Y0.004 E0.05162
G1 X-14.784 Y-1.038 E0.05201
G1 X-14.677 Y-2.083 E0.05241
G1 X-14.476 Y-3.173 E0.0553
G1 X-14.26 Y-4.02 E0.04361
G0 F12000 X-13.517 Y-3.82
G1 F1200 X-14.297 Y-3.04 E0.05503
G1 X-14.367 Y-2.97
G0 F12000 X-14.468 Y-2.115
G1 F1200 X-12.763 Y-3.82 E0.1203
G0 F12000 X-12.01 Y-3.82
G1 F1200 X-14.559 Y-1.271 E0.17985
G0 F12000 X-14.602 Y-.473
G1 F1200 X-11.256 Y-3.82 E0.23611
G0 F12000 X-10.502 Y-3.82
G1 F1200 X-14.609 Y0.287 E0.28977
G0 F12000 X-14.584 Y1.016
G1 F1200 X-9.748 Y-3.82 E0.34121
G0 F12000 X-8.994 Y-3.82
G1 F1200 X-14.515 Y1.701 E0.38954
G0 F12000 X-14.424 Y2.363
G1 F1200 X-8.834 Y-3.227 E0.3944
G1 X-8.764 Y-3.297
G0 F12000 X-9.175 Y-2.131
G1 F1200 X-14.31 Y3.004 E0.3623
G0 F12000 X-14.161 Y3.608
G1 F1200 X-9.34 Y-1.213 E0.34015
G1 X-9.27 Y-1.283
G0 F12000 X-9.395 Y-.404
G1 F1200 X-13.619 Y3.82 E0.29803
G0 F12000 X-12.865 Y3.82
G1 F1200 X-9.398 Y0.353 E0.24462
G0 F12000 X-9.36 Y1.068
G1 F1200 X-12.111 Y3.82 E0.19413
G0 F12000 X-11.358 Y3.82
G1 F1200 X-9.251 Y1.713 E0.14866
G0 F12000 X-9.13 Y2.346
G1 F1200 X-10.604 Y3.82 E0.104
G0 F12000 X-9.85 Y3.82
G1 F1200 X-8.946 Y2.916 E0.06378
G0 F12000 X-8.75 Y3.473
G1 F1200 X-9.096 Y3.82 E0.02445
G0 F12000 X-9.096 Y3.8
G1 F3600 E-1
G0 F12000 X15.1 Y-1.316
;TYPE:FILL
M106 S255
G1 F3600 E1
G1 F9600 X22.975 Y-3.426 E0.40674
G1 X22.884 Y-4.039 E0.03092
G1 X16.661 Y-4.039 E0.31047
G1 X23.108 Y2.408 E0.45487
G1 X23.156 Y1.922 E0.02436
G1 X23.214 Y0.958 E0.04818
G1 X23.234 Y-0.02 E0.0488
G1 X23.214 Y-.966 E0.04721
G1 X23.156 Y-1.925 E0.04793
G1 X23.059 Y-2.875 E0.04764
G1 X22.997 Y-3.286 E0.02074
G1 X21.034 Y4.041 E0.37844
G1 X14.608 Y4.04 E0.32059
G1 X14.78 Y3.371 E0.03446
G1 X14.793 Y3.371 E0.00065
G1 X15.017 Y2.127 E0.06306
G1 X15.125 Y1.069 E0.05306
G1 X15.163 Y-0.001 E0.05342
G1 X15.125 Y-1.073 E0.05352
G1 X15.017 Y-2.129 E0.05296
G1 X14.793 Y-3.375 E0.06316
G1 X14.78 Y-3.375 E0.00065
G1 X14.607 Y-4.04 E0.03428
G1 X14.582 Y-4.136
G1 F3600 E-1
G0 F12000 X14.582 Y-4.1
G0 X26.384 Y4.124
G0 X26.618 Y4.4
;TYPE:WALL-INNER
G1 F3600 E1
G1 F3000 X26.707 Y3.851 E0.02775
G1 X26.82 Y2.909 E0.04733
G1 X26.909 Y1.951 E0.048
G1 X26.964 Y0.974 E0.04882
G1 X26.979 Y-0.07 E0.05209
G1 X26.964 Y-.978 E0.04531
G1 X26.909 Y-1.955 E0.04882
G1 X26.816 Y-2.961 E0.0504
G1 X26.7 Y-3.871 E0.04577
G1 X26.616 Y-4.399 E0.02667
G1 X12.036 Y-4.396 E0.7274
G1 X9.861 Y-4.396
G1 F600 X7.687 Y-4.396 E0.0705
G1 F3000 X8.22 Y-3.251 E0.06301
G1 X8.592 Y-2.143 E0.05831
G1 X8.776 Y-1.096 E0.05304
G1 X8.836 Y0.032 E0.05636
G1 X8.784 Y1.024 E0.04956
G1 X8.587 Y2.152 E0.05713
G1 X8.216 Y3.251 E0.05787
G1 X7.683 Y4.396 E0.06301
G1 F600 X9.861 Y4.396 E0.07063
G1 F1500 X10.861 Y4.396 E0.04989
G1 F1875 X11.861 Y4.396 E0.04989
G1 F2156.2 X12.861 Y4.396 E0.04989
G1 F2367.2 X13.861 Y4.396 E0.04989
G1 F2525.4 X14.861 Y4.396 E0.04989
G1 F2644 X15.861 Y4.396 E0.04989
G1 F3000 X26.618 Y4.4 E0.53667
G0 F12000 X26.958 Y4.8
;TYPE:WALL-OUTER
G1 F1200 X27.104 Y3.899 E0.04554
G1 X27.217 Y2.974 E0.04649
G1 X27.308 Y1.981 E0.04975
G1 X27.364 Y0.988 E0.04962
G1 X27.379 Y-0.076 E0.05309
G1 X27.364 Y-.992 E0.04571
G1 X27.308 Y-1.985 E0.04962
G1 X27.213 Y-3.011 E0.05141
G1 X27.096 Y-3.934 E0.04642
G1 X26.957 Y-4.799 E0.04371
G1 X11.357 Y-4.8 E0.77829
G1 X9.67 Y-4.8
G1 F600 X6.928 Y-4.8 E0.08892
G1 F1200 X7.322 Y-4.225 E0.03478
G1 X7.858 Y-3.081 E0.06303
G1 X8.206 Y-2.031 E0.05519
G1 X8.382 Y-1.027 E0.05085
G1 X8.436 Y0.011 E0.05186
G1 X8.381 Y1.028 E0.05081
G1 X8.194 Y2.068 E0.05272
G1 X7.854 Y3.081 E0.05331
G1 X7.302 Y4.253 E0.06463
G1 X6.927 Y4.799 E0.03305
G1 F600 X9.67 Y4.799 E0.08895
G1 X10.67 Y4.799 E0.04989
G1 F750 X11.67 Y4.799 E0.04989
G1 F862.5 X12.67 Y4.799 E0.04989
G1 F946.9 X13.67 Y4.799 E0.04989
G1 F1010.2 X14.67 Y4.799 E0.04989
G1 F1057.6 X15.67 Y4.799 E0.04989
G1 F1200 X26.958 Y4.8 E0.56316
G0 F12000 X27.085 Y4.011
G1 F3600 E-1
G0 F12000 X26.396 Y3.901
G0 X23.233 Y4.02
;TYPE:SKIN
G1 F3600 E1
G1 F2400 X23.4 Y2.9 E0.05649
G1 X23.492 Y1.956 E0.04732
G1 X23.552 Y0.969 E0.04933
G1 X23.573 Y-0.007 E0.0487
G1 X23.552 Y-.965 E0.04781
G1 X23.492 Y-1.957 E0.04958
G1 X23.395 Y-2.921 E0.04834
G1 X23.229 Y-4.016 E0.05525
G1 X26.261 Y-4.016 E0.15127
G1 X26.402 Y-2.999 E0.05122
G1 X26.498 Y-2.01 E0.04957
G1 X26.56 Y-.992 E0.05088
G1 X26.575 Y-0.067 E0.04615
G1 X26.56 Y0.988 E0.05264
G1 X26.5 Y1.98 E0.04958
G1 X26.405 Y2.959 E0.04907
G1 X26.275 Y4.019 E0.05328
G1 X23.233 Y4.02 E0.15177
G0 F12000 X23.484 Y3.685
G1 F2400 X23.618 Y3.819 E0.00945
G0 F12000 X24.184 Y3.819
G1 F2400 X23.558 Y3.193 E0.04417
G0 F12000 X23.621 Y2.691
G1 F2400 X24.749 Y3.819 E0.07959
G0 F12000 X25.315 Y3.819
G1 F2400 X23.672 Y2.176 E0.11592
G0 F12000 X23.711 Y1.65
G1 F2400 X25.881 Y3.819 E0.15307
G0 F12000 X26.137 Y3.509
G1 F2400 X23.744 Y1.117 E0.1688
G0 F12000 X23.761 Y0.568
G1 F2400 X26.198 Y3.005 E0.17194
G0 F12000 X26.25 Y2.491
G1 F2400 X23.772 Y0.013 E0.17484
G0 F12000 X23.76 Y-.564
G1 F2400 X26.299 Y1.975 E0.17914
G0 F12000 X26.332 Y1.442
G1 F2400 X23.74 Y-1.15 E0.18288
G0 F12000 X23.704 Y-1.752
G1 F2400 X26.361 Y0.905 E0.18747
G0 F12000 X26.369 Y0.348
G1 F2400 X23.651 Y-2.37 E0.19177
G0 F12000 X23.586 Y-3.002
G1 F2400 X26.373 Y-.214 E0.19667
G0 F12000 X26.364 Y-.789
G1 F2400 X23.484 Y-3.669 E0.2032
G0 F12000 X23.903 Y-3.816
G1 F2400 X26.336 Y-1.382 E0.1717
G0 F12000 X26.299 Y-1.985
G1 F2400 X24.469 Y-3.816 E0.12915
G0 F12000 X25.034 Y-3.816
G1 F2400 X26.239 Y-2.611 E0.08502
G0 F12000 X26.166 Y-3.249
G1 F2400 X25.6 Y-3.816 E0.03997
G1 X25.53 Y-3.886
G1 F3600 E-1
G0 F12000 X14.26 Y4.02
M107
G1 F3600 E1
G1 F1200 X10.039 Y4.02 E0.21059
G1 X8.274 Y4.02 E0.08806
G1 X8.558 Y3.413 E0.03343
G1 X8.95 Y2.265 E0.06052
G1 X9.149 Y1.156 E0.05621
G1 X9.216 Y0.012 E0.05717
G1 X9.152 Y-1.136 E0.05736
G1 X8.954 Y-2.256 E0.05674
G1 X8.606 Y-3.3 E0.0549
G1 X8.277 Y-4.02 E0.03949
G1 X10.039 Y-4.02 E0.08791
G1 X14.258 Y-4.02 E0.21049
G1 X14.484 Y-3.172 E0.04378
G1 X14.677 Y-2.084 E0.05513
G1 X14.784 Y-1.046 E0.05206
G1 X14.819 Y-0.004 E0.05201
G1 X14.784 Y1.038 E0.05201
G1 X14.677 Y2.083 E0.05241
G1 X14.48 Y3.165 E0.05487
G1 X14.26 Y4.02 E0.04405
G0 F12000 X13.516 Y3.82
G1 F1200 X14.301 Y3.036 E0.05535
G1 X14.371 Y2.966
G0 F12000 X14.467 Y2.116
G1 F1200 X12.763 Y3.82 E0.12023
G0 F12000 X12.009 Y3.82
G1 F1200 X14.559 Y1.271 E0.17988
G0 F12000 X14.602 Y0.473
G1 F1200 X11.255 Y3.82 E0.23615
G0 F12000 X10.501 Y3.82
G1 F1200 X14.609 Y-.287 E0.28981
G0 F12000 X14.584 Y-1.016
G1 F1200 X9.747 Y3.82 E0.34124
G0 F12000 X8.994 Y3.82
G1 F1200 X14.515 Y-1.701 E0.38954
G0 F12000 X14.424 Y-2.363
G1 F1200 X8.831 Y3.229 E0.39458
G1 X8.761 Y3.299
G0 F12000 X9.175 Y2.132
G1 F1200 X14.31 Y-3.004 E0.36234
G0 F12000 X14.161 Y-3.608
G1 F1200 X9.34 Y1.213 E0.34015
G1 X9.27 Y1.283
G0 F12000 X9.395 Y0.404
G1 F1200 X13.619 Y-3.82 E0.29803
G0 F12000 X12.865 Y-3.82
G1 F1200 X9.396 Y-.351 E0.24476
G0 F12000 X9.357 Y-1.066
G1 F1200 X12.111 Y-3.82 E0.19431
G0 F12000 X11.358 Y-3.82
G1 F1200 X9.252 Y-1.714 E0.14859
G0 F12000 X9.134 Y-2.35
G1 F1200 X10.604 Y-3.82 E0.10372
G0 F12000 X9.85 Y-3.82
G1 F1200 X8.946 Y-2.915 E0.06382
G0 F12000 X8.748 Y-3.471
G1 F1200 X9.096 Y-3.82 E0.02459
G0 F12000 X9.096 Y-3.8
G1 F3600 E-1
;MESH:NONMESH
G0 F12000 X-12.879 Y-4.04
;TIME_ELAPSED:767.922396
;LAYER:69
M106 S255
;MESH:bridge.stl
G0 X-12.879 Y-4.04 Z21
;TYPE:FILL
G1 F3600 E1
G1 F9600 X-14.29 Y-4.04 E0.0704
G1 X-16.456 Y4.041 E0.41739
G1 X-12.871 Y4.04 E0.17886
G1 X-13.106 Y3.229 E0.04213
G1 X-13.323 Y2.152 E0.05481
G1 X-13.449 Y1.091 E0.05331
G1 X-13.494 Y0.002 E0.05438
G1 X-13.471 Y-.53 E0.02657
G1 X-16.981 Y-4.04 E0.24765
G1 X-21.945 Y-4.04 E0.24765
G1 X-22.015 Y-3.575 E0.02346
G1 X-20.28 Y-4.04 E0.08961
G1 X-20.184 Y-4.065
G1 F3600 E-1
G0 F12000 X-20.184 Y-3.8
G0 X16.96 Y-4.04
G1 F3600 E1
G1 F9600 X22.266 Y1.266 E0.37437
G1 X22.227 Y1.899 E0.03164
G1 X22.123 Y2.873 E0.04887
G1 X21.946 Y4.04 E0.05889
G1 X20.815 Y4.04 E0.05643
G1 X22.26 Y-1.356 E0.27869
G1 X22.226 Y-1.908 E0.02759
G1 X22.108 Y-2.974 E0.05351
G1 X13.467 Y-.659 E0.4463
G1 X13.449 Y-1.094 E0.02172
G1 X13.323 Y-2.151 E0.05311
G1 X13.105 Y-3.232 E0.05502
G1 X12.871 Y-4.04 E0.04197
G1 X21.944 Y-4.04 E0.45265
G1 X22.044 Y-4.04
G1 F3600 E-1
G0 F12000 X25.566 Y4.124
G0 X25.797 Y4.4
;TYPE:WALL-INNER
G1 F3600 E1
G1 F3000 X25.89 Y3.859 E0.02739
G1 X26.009 Y2.906 E0.04791
G1 X26.101 Y1.949 E0.04797
G1 X26.16 Y0.973 E0.04878
G1 X26.175 Y-0.07 E0.05204
G1 X26.16 Y-.977 E0.04526
G1 X26.105 Y-1.905 E0.04638
G1 X26.004 Y-2.959 E0.05283
G1 X25.884 Y-3.869 E0.04579
G1 X25.795 Y-4.4 E0.02686
G1 X9.379 Y-4.4 E0.819
G1 X7.204 Y-4.4
G1 F600 X3.268 Y-4.4 E0.12764
G1 F3000 X3.469 Y-4.249 E0.01254
G1 X4.249 Y-3.469 E0.05503
G1 X4.591 Y-2.989 E0.0294
G1 X4.984 Y-2.272 E0.04079
G1 X5.366 Y-1.144 E0.05942
G1 X5.492 Y0.001 E0.05747
G1 X5.366 Y1.136 E0.05697
G1 X5.014 Y2.215 E0.05662
G1 X4.557 Y3.044 E0.04723
G1 X4.249 Y3.469 E0.02619
G1 X3.469 Y4.249 E0.05503
G1 X3.268 Y4.4 E0.01254
G1 F600 X7.204 Y4.4 E0.12764
G1 F1500 X8.204 Y4.4 E0.04989
G1 F1875 X9.204 Y4.4 E0.04989
G1 F2156.2 X10.204 Y4.4 E0.04989
G1 F2367.2 X11.204 Y4.4 E0.04989
G1 F2525.4 X12.204 Y4.4 E0.04989
G1 F2644 X13.204 Y4.4 E0.04989
G1 F3000 X25.797 Y4.4 E0.62827
G1 F3600 E-1
G0 F12000 X25.373 Y3.8
G0 X-25.797 Y-4.4
G1 F3600 E1
G1 F3000 X-25.89 Y-3.859 E0.02739
G1 X-26.009 Y-2.906 E0.04791
G1 X-26.101 Y-1.949 E0.04797
G1 X-26.16 Y-.973 E0.04878
G1 X-26.175 Y0.00 E0.04855
G1 X-26.16 Y0.973 E0.04855
G1 X-26.101 Y1.949 E0.04878
G1 X-26.004 Y2.954 E0.05037
G1 X-25.884 Y3.87 E0.04609
G1 X-25.795 Y4.4 E0.02681
G1 X-9.379 Y4.4 E0.819
G1 X-7.204 Y4.4
G1 F600 X-3.268 Y4.4 E0.12764
G1 F3000 X-3.469 Y4.249 E0.01254
G1 X-4.249 Y3.469 E0.05503
G1 X-4.591 Y2.989 E0.0294
G1 X-4.984 Y2.272 E0.04079
G1 X-5.366 Y1.144 E0.05942
G1 X-5.492 Y0.00 E0.05742
G1 X-5.366 Y-1.141 E0.05727
G1 X-5.014 Y-2.215 E0.05639
G1 X-4.557 Y-3.044 E0.04723
G1 X-4.249 Y-3.469 E0.02619
G1 X-3.469 Y-4.249 E0.05503
G1 X-3.268 Y-4.4 E0.01254
G1 F600 X-7.204 Y-4.4 E0.12764
G1 F1500 X-8.204 Y-4.4 E0.04989
G1 F1875 X-9.204 Y-4.4 E0.04989
G1 F2156.2 X-10.204 Y-4.4 E0.04989
G1 F2367.2 X-11.204 Y-4.4 E0.04989
G1 F2525.4 X-12.204 Y-4.4 E0.04989
G1 F2644 X-13.204 Y-4.4 E0.04989
G1 F3000 X-25.797 Y-4.4 E0.62827
G1 F3600 E-1
G0 F12000 X-25.373 Y-3.8
G0 X-1.025 Y4.888
;TYPE:WALL-OUTER
G1 F3600 E1
G1 F2891.6 X-0.006 Y4.946 E0.02113
G1 F2840.2 X1.048 Y4.885 E0.02225
G1 F1523.8 X1.185 Y4.874 E0.0054
G1 X2.12 Y4.8 E0.03685
G1 F600 X6.931 Y4.8 E0.15601
G1 X7.931 Y4.8 E0.04989
G1 F750 X8.931 Y4.8 E0.04989
G1 F862.5 X9.931 Y4.8 E0.04989
G1 F946.9 X10.931 Y4.8 E0.04989
G1 F1010.2 X11.931 Y4.8 E0.04989
G1 F1057.6 X12.931 Y4.8 E0.04989
G1 F1200 X26.135 Y4.8 E0.65875
G1 X26.286 Y3.918 E0.04464
G1 X26.405 Y2.973 E0.04752
G1 X26.5 Y1.98 E0.04977
G1 X26.56 Y0.988 E0.04958
G1 X26.575 Y-0.076 E0.05309
G1 X26.56 Y-.992 E0.04571
G1 X26.5 Y-1.984 E0.04958
G1 X26.401 Y-3.011 E0.05147
G1 X26.279 Y-3.935 E0.0465
G1 X26.134 Y-4.8 E0.04376
G1 X8.618 Y-4.8 E0.87388
G1 X6.931 Y-4.8
G1 F600 X2.122 Y-4.8 E0.15595
G1 F1523.8 X1.184 Y-4.874 E0.03697
G1 X1.049 Y-4.885 E0.00532
G1 X1.18 Y-4.852 E0.00531
G1 X2.093 Y-4.622 E0.03699
G1 F1200 X2.815 Y-4.229 E0.04101
G1 X3.159 Y-3.989 E0.02093
G1 X3.966 Y-3.186 E0.0568
G1 X4.229 Y-2.815 E0.02269
G1 X4.608 Y-2.125 E0.03928
G1 X4.966 Y-1.077 E0.05525
G1 X5.088 Y0.00 E0.05408
G1 X4.967 Y1.071 E0.05377
G1 X4.651 Y2.039 E0.0508
G1 X4.229 Y2.815 E0.04407
G1 X3.966 Y3.186 E0.02269
G1 X3.159 Y3.989 E0.0568
G1 X2.815 Y4.229 E0.02093
G1 X2.092 Y4.626 E0.04115
G1 F1523.8 X1.181 Y4.852 E0.03688
G1 X1.048 Y4.885 E0.00538
G0 F12000 X1.845 Y4.822
G1 F3600 E-1
G0 F12000 X1.049 Y-4.885
G1 F3600 E1
G1 F2840.2 X0.006 Y-4.946 E0.02202
G1 X-1.048 Y-4.885 E0.02225
G1 F1523.8 X-1.185 Y-4.874
G1 X-2.12 Y-4.8
G1 F600 X-6.931 Y-4.8 E0.15601
G1 X-7.931 Y-4.8 E0.04989
G1 F750 X-8.931 Y-4.8 E0.04989
G1 F862.5 X-9.931 Y-4.8 E0.04989
G1 F946.9 X-10.931 Y-4.8 E0.04989
G1 F1010.2 X-11.931 Y-4.8 E0.04989
G1 F1057.6 X-12.931 Y-4.8 E0.04989
G1 F1200 X-26.135 Y-4.8 E0.65875
G1 X-26.286 Y-3.918 E0.04464
G1 X-26.405 Y-2.973 E0.04752
G1 X-26.5 Y-1.98 E0.04977
G1 X-26.56 Y-.988 E0.04958
G1 X-26.575 Y0.00 E0.0493
G1 X-26.56 Y0.988 E0.0493
G1 X-26.5 Y1.98 E0.04958
G1 X-26.401 Y3.006 E0.05143
G1 X-26.279 Y3.936 E0.0468
G1 X-26.134 Y4.8 E0.04371
G1 X-8.618 Y4.799 E0.87388
G1 X-6.931 Y4.799
G1 F600 X-1.568 Y4.799 E0.17391
G1 F1200 X-2.125 Y4.608 E0.02938
G1 X-2.815 Y4.229 E0.03928
G1 X-3.159 Y3.989 E0.02093
G1 X-3.966 Y3.186 E0.0568
G1 X-4.229 Y2.815 E0.02269
G1 X-4.608 Y2.125 E0.03928
G1 X-4.966 Y1.077
G1 X-5.088 Y0.00
G1 X-4.967 Y-1.075
G1 X-4.651 Y-2.039
G1 X-4.229 Y-2.815
G1 X-3.966 Y-3.186
G1 X-3.159 Y-3.989
G1 X-2.815 Y-4.229
G1 X-2.092 Y-4.626
G1 F1523.8 X-1.181 Y-4.852
G1 X-1.048 Y-4.885
G0 F12000 X-1.845 Y-4.822
G1 F3600 E-1
G0 F12000 X-2.658 Y-4.576
G0 X-12.528 Y-4.02
;TYPE:SKIN
;BRIDGE
M107
G1 F3600 E1
G1 F1200 X-7.417 Y-4.019 E0.25499
G1 X-4.231 Y-4.019 E0.15895
G1 X-4.514 Y-3.738 E0.0199
G1 X-4.862 Y-3.267 E0.02922
G1 X-5.356 Y-2.373 E0.05096
G1 X-5.739 Y-1.203 E0.06142
G1 X-5.872 Y0.02 E0.06138
G1 X-5.739 Y1.199 E0.05919
G1 X-5.324 Y2.437 E0.06514
G1 X-4.866 Y3.263 E0.04712
G1 X-4.534 Y3.715 E0.02798
G1 X-4.232 Y4.019 E0.02138
G1 X-7.418 Y4.019 E0.15895
G1 X-12.521 Y4.02 E0.25459
G1 X-12.773 Y3.144 E0.04548
G1 X-12.986 Y2.1 E0.05316
G1 X-13.108 Y1.052 E0.05264
G1 X-13.151 Y0.003 E0.05238
G1 X-13.108 Y-1.052 E0.05268
G1 X-12.986 Y-2.096 E0.05244
G1 X-12.773 Y-3.145 E0.0534
G1 X-12.528 Y-4.02 E0.04533
G0 F12000 X-12.009 Y-3.82
G1 F1200 X-12.518 Y-3.311 E0.03591
G0 F12000 X-12.731 Y-2.345
G1 F1200 X-11.255 Y-3.82 E0.1041
G0 F12000 X-10.501 Y-3.82
G1 F1200 X-12.857 Y-1.464 E0.16623
G1 X-12.927 Y-1.394
G0 F12000 X-12.924 Y-.643
G1 F1200 X-9.747 Y-3.82 E0.22415
G0 F12000 X-8.994 Y-3.82
G1 F1200 X-12.946 Y0.132 E0.27883
G0 F12000 X-12.915 Y0.855
G1 F1200 X-8.24 Y-3.82 E0.32985
G0 F12000 X-7.486 Y-3.82
G1 F1200 X-12.849 Y1.542 E0.37835
G0 F12000 X-12.76 Y2.207
G1 F1200 X-6.732 Y-3.82 E0.42527
G0 F12000 X-5.979 Y-3.82
G1 F1200 X-12.632 Y2.833 E0.46941
G0 F12000 X-12.48 Y3.435
G1 F1200 X-5.225 Y-3.82 E0.51188
G0 F12000 X-5.168 Y-3.124
G1 F1200 X-12.111 Y3.82 E0.4899
G0 F12000 X-11.358 Y3.82
G1 F1200 X-5.769 Y-1.769 E0.39433
G1 X-5.699 Y-1.839
G0 F12000 X-5.986 Y-.798
G1 F1200 X-10.604 Y3.82 E0.32582
G0 F12000 X-9.85 Y3.82
G1 F1200 X-6.071 Y0.04 E0.26666
G0 F12000 X-5.995 Y0.718
G1 F1200 X-9.096 Y3.82 E0.21883
G0 F12000 X-8.342 Y3.82
G1 F1200 X-5.897 Y1.374 E0.17254
G0 F12000 X-5.704 Y1.935
G1 F1200 X-7.589 Y3.82 E0.133
G0 F12000 X-6.835 Y3.82
G1 F1200 X-5.512 Y2.497 E0.09334
G0 F12000 X-5.247 Y2.986
G1 F1200 X-6.081 Y3.82 E0.05884
G0 F12000 X-5.327 Y3.82
G1 F1200 X-4.968 Y3.461 E0.02533
G1 F3600 E-1
G0 F12000 X-4.989 Y3.475
G0 X12.528 Y4.02
G1 F3600 E1
G1 F1200 X7.417 Y4.019 E0.25499
G1 X4.231 Y4.019 E0.15895
G1 X4.514 Y3.738 E0.0199
G1 X4.88 Y3.237 E0.03095
G1 X5.352 Y2.381 E0.04877
G1 X5.731 Y1.23 E0.06046
G1 X5.872 Y-0.001 E0.06182
G1 X5.739 Y-1.203 E0.06033
G1 X5.338 Y-2.408 E0.06336
G1 X4.875 Y-3.246 E0.04776
G1 X4.514 Y-3.734 E0.03028
G1 X4.229 Y-4.02 E0.02014
G1 X7.417 Y-4.02 E0.15905
G1 X12.521 Y-4.02 E0.25464
G1 X12.784 Y-3.101 E0.04769
G1 X12.986 Y-2.1 E0.05095
G1 X13.108 Y-1.06 E0.05224
G1 X13.151 Y-0.004 E0.05273
G1 X13.108 Y1.052 E0.05273
G1 X12.986 Y2.096 E0.05244
G1 X12.773 Y3.145 E0.0534
G1 X12.528 Y4.02 E0.04533
G0 F12000 X12.01 Y3.82
G1 F1200 X12.518 Y3.311 E0.03588
G0 F12000 X12.731 Y2.345
G1 F1200 X11.256 Y3.82 E0.10407
G0 F12000 X10.502 Y3.82
G1 F1200 X12.858 Y1.464 E0.16623
G1 X12.928 Y1.394
G0 F12000 X12.924 Y0.643
G1 F1200 X9.748 Y3.82 E0.22412
G0 F12000 X8.994 Y3.82
G1 F1200 X12.946 Y-.132 E0.27883
G0 F12000 X12.916 Y-.856
G1 F1200 X8.241 Y3.82 E0.32988
G0 F12000 X7.487 Y3.82
G1 F1200 X12.85 Y-1.543 E0.37839
G0 F12000 X12.76 Y-2.207
G1 F1200 X6.733 Y3.82 E0.42524
G0 F12000 X5.979 Y3.82
G1 F1200 X12.634 Y-2.835 E0.46955
G0 F12000 X12.481 Y-3.436
G1 F1200 X5.226 Y3.82 E0.51191
G0 F12000 X5.175 Y3.116
G1 F1200 X12.112 Y-3.82 E0.48941
G0 F12000 X11.358 Y-3.82
G1 F1200 X5.764 Y1.773 E0.39465
G1 X5.694 Y1.843
G0 F12000 X5.984 Y0.8
G1 F1200 X10.604 Y-3.82 E0.32597
G0 F12000 X9.851 Y-3.82
G1 F1200 X6.071 Y-0.04 E0.2667
G0 F12000 X5.995 Y-.718
G1 F1200 X9.097 Y-3.82 E0.21886
G0 F12000 X8.343 Y-3.82
G1 F1200 X5.898 Y-1.375 E0.17251
G0 F12000 X5.708 Y-1.939
G1 F1200 X7.589 Y-3.82 E0.13271
G0 F12000 X6.836 Y-3.82
G1 F1200 X5.514 Y-2.499 E0.09324
G0 F12000 X5.247 Y-2.985
G1 F1200 X6.082 Y-3.82 E0.05891
G0 F12000 X5.328 Y-3.82
G1 F1200 X4.966 Y-3.458 E0.02554
G1 F3600 E-1
G0 F12000 X22.289 Y4.019
M106 S255
G1 F3600 E1
G1 F2400 X22.46 Y2.902 E0.05638
G1 X22.567 Y1.898 E0.05037
G1 X22.62 Y0.996 E0.04508
G1 X22.644 Y0.004 E0.04951
G1 X22.62 Y-.997 E0.04995
G1 X22.568 Y-1.888 E0.04453
G1 X22.459 Y-2.906 E0.05108
G1 X22.289 Y-4.019 E0.05617
G1 X25.422 Y-4.02 E0.15631
G1 X25.566 Y-2.998 E0.05149
G1 X25.671 Y-1.952 E0.05245
G1 X25.732 Y-.924 E0.05138
G1 X25.748 Y0.01 E0.0466
G1 X25.724 Y1.059 E0.05235
G1 X25.67 Y1.95 E0.04453
G1 X25.569 Y2.973 E0.05129
G1 X25.432 Y4.019 E0.05263
G1 X22.289 Y4.019 E0.1568
G0 F12000 X25.031 Y3.819
G1 F2400 X25.289 Y3.561 E0.0182
G0 F12000 X25.373 Y2.911
G1 F2400 X24.465 Y3.819 E0.06406
G0 F12000 X23.9 Y3.819
G1 F2400 X25.437 Y2.282 E0.10844
G0 F12000 X25.487 Y1.666
G1 F2400 X23.334 Y3.819 E0.15191
G0 F12000 X22.768 Y3.819
G1 F2400 X25.522 Y1.065 E0.19431
G0 F12000 X25.536 Y0.485
G1 F2400 X22.58 Y3.441 E0.20856
G0 F12000 X22.674 Y2.782
G1 F2400 X25.546 Y-0.09 E0.20264
G0 F12000 X25.536 Y-.646
G1 F2400 X22.742 Y2.148 E0.19713
G0 F12000 X22.789 Y1.535
G1 F2400 X25.515 Y-1.191 E0.19233
G0 F12000 X25.483 Y-1.724
G1 F2400 X22.822 Y0.937 E0.18775
G0 F12000 X22.836 Y0.357
G1 F2400 X25.441 Y-2.248 E0.1838
G0 F12000 X25.389 Y-2.761
G1 F2400 X22.84 Y-.212 E0.17985
G0 F12000 X22.826 Y-.764
G1 F2400 X25.326 Y-3.264 E0.17639
G0 F12000 X25.256 Y-3.76
G1 F2400 X22.803 Y-1.307 E0.17307
G0 F12000 X22.772 Y-1.842
G1 F2400 X24.75 Y-3.82 E0.13956
G0 F12000 X24.184 Y-3.82
G1 F2400 X22.72 Y-2.355 E0.10333
G0 F12000 X22.665 Y-2.866
G1 F2400 X23.619 Y-3.82 E0.06731
G0 F12000 X23.053 Y-3.82
G1 F2400 X22.593 Y-3.359 E0.03249
G1 F3600 E-1
G0 F12000 X-22.289 Y4.019
G1 F3600 E1
G1 F2400 X-25.428 Y4.02 E0.15661
G1 X-25.569 Y2.972 E0.05276
G1 X-25.671 Y1.948 E0.05134
G1 X-25.732 Y0.92 E0.05138
G1 X-25.748 Y-0.01 E0.0464
G1 X-25.724 Y-1.059 E0.05235
G1 X-25.67 Y-1.95 E0.04453
G1 X-25.569 Y-2.973 E0.05129
G1 X-25.432 Y-4.02 E0.05268
G1 X-22.289 Y-4.019 E0.1568
G1 X-22.458 Y-2.911 E0.05592
G1 X-22.567 Y-1.898 E0.05083
G1 X-22.62 Y-.996 E0.04508
G1 X-22.644 Y-0.004 E0.04951
G1 X-22.62 Y0.993 E0.04975
G1 X-22.568 Y1.888 E0.04473
G1 X-22.459 Y2.902 E0.05088
G1 X-22.289 Y4.019 E0.05637
G0 F12000 X-22.592 Y3.359
G1 F2400 X-23.053 Y3.82 E0.03253
G0 F12000 X-23.619 Y3.82
G1 F2400 X-22.664 Y2.865 E0.06738
G0 F12000 X-22.719 Y2.355
G1 F2400 X-24.185 Y3.82 E0.1034
G0 F12000 X-24.751 Y3.82
G1 F2400 X-22.772 Y1.841 E0.13963
G0 F12000 X-22.803 Y1.307
G1 F2400 X-25.26 Y3.764 E0.17335
G0 F12000 X-25.327 Y3.265
G1 F2400 X-22.826 Y0.764 E0.17646
G0 F12000 X-22.84 Y0.212
G1 F2400 X-25.388 Y2.761 E0.17981
G0 F12000 X-25.44 Y2.246
G1 F2400 X-22.836 Y-.357 E0.18369
G0 F12000 X-22.822 Y-.937
G1 F2400 X-25.482 Y1.723 E0.18768
G0 F12000 X-25.515 Y1.19
G1 F2400 X-22.789 Y-1.535 E0.1923
G0 F12000 X-22.742 Y-2.148
G1 F2400 X-25.536 Y0.646 E0.19713
G0 F12000 X-25.546 Y0.09
G1 F2400 X-22.673 Y-2.782 E0.20267
G0 F12000 X-22.58 Y-3.441
G1 F2400 X-25.536 Y-.485 E0.20856
G0 F12000 X-25.522 Y-1.065
G1 F2400 X-22.767 Y-3.82 E0.19438
G0 F12000 X-23.333 Y-3.82
G1 F2400 X-25.487 Y-1.666 E0.15198
G0 F12000 X-25.437 Y-2.282
G1 F2400 X-23.899 Y-3.82 E0.10851
G0 F12000 X-24.464 Y-3.82
G1 F2400 X-25.373 Y-2.911 E0.06413
G0 F12000 X-25.29 Y-3.56
G1 F2400 X-25.03 Y-3.82 E0.01834
G0 F12000 X-25.03 Y-3.8
G1 F3600 E-1
;MESH:NONMESH
G0 F600 X-25.03 Y-3.8 Z21.3
G0 F12000 X-10.845 Y-4.04
;TIME_ELAPSED:803.142357
;LAYER:70
;TYPE:FILL
;MESH:bridge.stl
G1 F3600 E1
G1 F9600 X-14.51 Y-4.04 E0.18285
G1 X-16.675 Y4.04 E0.41733
G1 X-10.845 Y4.04 E0.29086
G1 X-11.102 Y3.259 E0.04102
G1 X-11.362 Y2.177 E0.05552
G1 X-11.51 Y1.131 E0.0527
G1 X-16.681 Y-4.04 E0.36484
G1 X-20.962 Y-4.04 E0.21358
G1 X-21.028 Y-3.62 E0.02121
G1 X-19.459 Y-4.04 E0.08103
G1 X-19.363 Y-4.065
G1 F3600 E-1
G0 F12000 X20.96 Y-4.04
G1 F3600 E1
G1 F9600 X17.26 Y-4.04 E0.18459
G1 X21.336 Y0.037 E0.28762
G1 X21.314 Y-.989 E0.0512
G1 X21.253 Y-1.901 E0.0456
G1 X21.185 Y-2.507 E0.03042
G1 X11.565 Y0.07 E0.49687
G1 X11.517 Y1.084 E0.05065
G1 X11.362 Y2.177 E0.05508
G1 X11.102 Y3.259 E0.05552
G1 X10.845 Y4.04 E0.04102
G1 X20.962 Y4.04 E0.50474
G1 X21.144 Y2.886 E0.05828
G1 X21.254 Y1.891 E0.04994
G1 X21.28 Y1.482 E0.02045
G1 X20.595 Y4.04 E0.13212
G1 X20.57 Y4.136
G1 F3600 E-1
G0 F12000 X20.57 Y4.1
G0 X24.723 Y4.124
G0 X24.953 Y4.4
;TYPE:WALL-INNER
G1 F3600 E1
G1 F3000 X25.052 Y3.842 E0.02827
G1 X25.171 Y2.927 E0.04603
G1 X25.269 Y1.948 E0.04909
G1 X25.324 Y1.042 E0.04528
G1 X25.348 Y0.045 E0.04975
G1 X25.332 Y-.909 E0.0476
G1 X25.269 Y-1.952 E0.05213
G1 X25.168 Y-2.957 E0.05039
G1 X25.045 Y-3.868 E0.04586
G1 X24.952 Y-4.4 E0.02694
G1 X4.688 Y-4.4 E1.01098
G1 X2.513 Y-4.4
G1 F600 X-2.512 Y-4.4 E0.16295
G1 F1500 X-3.512 Y-4.4 E0.04989
G1 F1875 X-4.512 Y-4.4 E0.04989
G1 F2156.2 X-5.512 Y-4.4 E0.04989
G1 F2367.2 X-6.512 Y-4.4 E0.04989
G1 F2525.4 X-7.512 Y-4.4 E0.04989
G1 F2644 X-8.512 Y-4.4 E0.04989
G1 F3000 X-24.953 Y-4.4 E0.82024
G1 X-25.052 Y-3.842 E0.02827
G1 X-25.174 Y-2.903 E0.04724
G1 X-25.269 Y-1.948 E0.04788
G1 X-25.324 Y-1.042 E0.04528
G1 X-25.347 Y-0.045 E0.04975
G1 X-25.332 Y0.905 E0.0474
G1 X-25.269 Y1.948 E0.05213
G1 X-25.168 Y2.953 E0.05039
G1 X-25.045 Y3.868 E0.04606
G1 X-24.952 Y4.4 E0.02694
G1 X-4.688 Y4.4 E1.01098
G1 X-2.513 Y4.4
G1 F600 X2.512 Y4.4 E0.16295
G1 F1500 X3.512 Y4.4 E0.04989
G1 F1875 X4.512 Y4.4 E0.04989
G1 F2156.2 X5.512 Y4.4 E0.04989
G1 F2367.2 X6.512 Y4.4 E0.04989
G1 F2525.4 X7.512 Y4.4 E0.04989
G1 F2644 X8.512 Y4.4 E0.04989
G1 F3000 X24.953 Y4.4 E0.82024
G0 F12000 X25.288 Y4.8
;TYPE:WALL-OUTER
G1 F1200 X25.446 Y3.917 E0.04475
G1 X25.569 Y2.973 E0.04749
G1 X25.668 Y1.98 E0.04979
G1 X25.724 Y1.059 E0.04603
G1 X25.748 Y0.047 E0.0505
G1 X25.732 Y-.924 E0.04845
G1 X25.668 Y-1.984 E0.05298
G1 X25.569 Y-2.976 E0.04974
G1 X25.439 Y-3.936 E0.04833
G1 X25.288 Y-4.8 E0.04376
G1 X3.265 Y-4.8 E1.09873
G1 X1.578 Y-4.8
G1 F600 X-1.579 Y-4.8 E0.10238
G1 X-2.579 Y-4.8 E0.04989
G1 F750 X-3.579 Y-4.8 E0.04989
G1 F862.5 X-4.579 Y-4.8 E0.04989
G1 F946.9 X-5.579 Y-4.8 E0.04989
G1 F1010.2 X-6.579 Y-4.8 E0.04989
G1 F1057.6 X-7.579 Y-4.8 E0.04989
G1 F1200 X-25.288 Y-4.8 E0.88351
G1 X-25.446 Y-3.917 E0.04475
G1 X-25.572 Y-2.943 E0.049
G1 X-25.668 Y-1.98 E0.04828
G1 X-25.724 Y-1.059 E0.04603
G1 X-25.747 Y-0.047 E0.0505
G1 X-25.732 Y0.92 E0.04825
G1 X-25.668 Y1.98 E0.05298
G1 X-25.569 Y2.972 E0.04974
G1 X-25.439 Y3.936 E0.04853
G1 X-25.288 Y4.8 E0.04376
G1 X-3.265 Y4.8 E1.09873
G1 X-1.578 Y4.8
G1 F600 X1.579 Y4.8 E0.10238
G1 X2.579 Y4.8 E0.04989
G1 F750 X3.579 Y4.8 E0.04989
G1 F862.5 X4.579 Y4.8 E0.04989
G1 F946.9 X5.579 Y4.8 E0.04989
G1 F1010.2 X6.579 Y4.8 E0.04989
G1 F1057.6 X7.579 Y4.8 E0.04989
G1 F1200 X25.288 Y4.8 E0.88351
G0 F12000 X25.428 Y4.013
G1 F3600 E-1
G0 F12000 X24.741 Y3.891
G0 X25.048 Y0.038
G0 X25.118 Y0.04
;TYPE:SKIN
G1 F3600 E1
G1 F9600 X25.118 Y0.001 E0.00049
G1 F9411.8 X25.101 Y-.898 E0.01144
G1 X25.118 Y0.04 E0.01194
G1 F3600 E-1
G0 F12000 X25.048 Y0.038
G0 X21.307 Y4.02
G1 F3600 E1
G1 F2400 X21.482 Y2.928 E0.05518
G1 X21.591 Y1.889 E0.05212
G1 X21.652 Y0.99 E0.04495
G1 X21.677 Y-0.01 E0.04991
G1 X21.652 Y-.997 E0.04926
G1 X21.596 Y-1.881 E0.04419
G1 X21.483 Y-2.914 E0.05184
G1 X21.307 Y-4.02 E0.05587
G1 X24.558 Y-4.02 E0.16219
G1 X24.702 Y-2.996 E0.05159
G1 X24.805 Y-2.017 E0.04911
G1 X24.868 Y-.992 E0.05123
G1 X24.887 Y-0.088 E0.04511
G1 X24.868 Y0.988 E0.05369
G1 X24.808 Y1.979 E0.04953
G1 X24.707 Y2.953 E0.04885
G1 X24.561 Y4.02 E0.05373
G1 X21.307 Y4.02 E0.16234
G0 F12000 X21.594 Y3.492
G1 F2400 X21.922 Y3.82 E0.02314
G0 F12000 X22.487 Y3.82
G1 F2400 X21.672 Y3.004 E0.05754
G0 F12000 X21.728 Y2.495
G1 F2400 X23.053 Y3.82 E0.09349
G0 F12000 X23.619 Y3.82
G1 F2400 X21.782 Y1.983 E0.12961
G0 F12000 X21.821 Y1.456
G1 F2400 X24.184 Y3.82 E0.16676
G0 F12000 X24.431 Y3.5
G1 F2400 X21.853 Y0.923 E0.18186
G0 F12000 X21.867 Y0.371
G1 F2400 X24.498 Y3.002 E0.18563
G0 F12000 X24.554 Y2.492
G1 F2400 X21.872 Y-.19 E0.18923
G0 F12000 X21.857 Y-.77
G1 F2400 X24.607 Y1.98 E0.19403
G0 F12000 X24.641 Y1.447
G1 F2400 X21.828 Y-1.365 E0.19844
G0 F12000 X21.787 Y-1.972
G1 F2400 X24.67 Y0.911 E0.20341
G0 F12000 X24.679 Y0.355
G1 F2400 X21.717 Y-2.607 E0.20899
G0 F12000 X21.631 Y-3.259
G1 F2400 X24.684 Y-.206 E0.21541
G0 F12000 X24.672 Y-.783
G1 F2400 X21.636 Y-3.82 E0.21424
G0 F12000 X22.202 Y-3.82
G1 F2400 X24.645 Y-1.377 E0.17237
G0 F12000 X24.608 Y-1.979
G1 F2400 X22.767 Y-3.82 E0.12989
G0 F12000 X23.333 Y-3.82
G1 F2400 X24.542 Y-2.611 E0.0853
G0 F12000 X24.464 Y-3.255
G1 F2400 X23.899 Y-3.82 E0.03986
G1 F3600 E-1
G0 F12000 X10.484 Y4.02
M107
G1 F3600 E1
G1 F1200 X3.115 Y4.02 E0.36764
G1 X-3.118 Y4.02 E0.31097
G1 X-10.487 Y4.02 E0.36764
G1 X-10.771 Y3.164 E0.045
G1 X-11.027 Y2.106 E0.05431
G1 X-11.176 Y1.053 E0.05306
G1 X-11.227 Y0.003 E0.05245
G1 X-11.176 Y-1.053 E0.05275
G1 X-11.027 Y-2.106 E0.05306
G1 X-10.767 Y-3.176 E0.05494
G1 X-10.484 Y-4.02 E0.04441
G1 X-3.115 Y-4.02 E0.36764
G1 X3.118 Y-4.02 E0.31097
G1 X10.487 Y-4.02 E0.36764
G1 X10.771 Y-3.168 E0.04481
G1 X11.027 Y-2.118 E0.05392
G1 X11.176 Y-1.053 E0.05365
G1 X11.227 Y-0.003 E0.05245
G1 X11.176 Y1.053 E0.05275
G1 X11.027 Y2.106 E0.05306
G1 X10.771 Y3.168 E0.0545
G1 X10.484 Y4.02 E0.04485
G0 F12000 X9.747 Y3.82
G1 F1200 X10.618 Y2.95 E0.06142
G1 X10.688 Y2.88
G0 F12000 X10.843 Y1.971
G1 F1200 X8.994 Y3.82 E0.13046
G0 F12000 X8.24 Y3.82
G1 F1200 X10.969 Y1.092 E0.19251
G0 F12000 X11.012 Y0.295
G1 F1200 X7.486 Y3.82 E0.24874
G0 F12000 X6.732 Y3.82
G1 F1200 X11.005 Y-.452 E0.30145
G0 F12000 X10.959 Y-1.16
G1 F1200 X5.979 Y3.82 E0.35137
G0 F12000 X5.225 Y3.82
G1 F1200 X10.866 Y-1.821 E0.398
G0 F12000 X10.74 Y-2.449
G1 F1200 X4.471 Y3.82 E0.44231
G0 F12000 X3.717 Y3.82
G1 F1200 X10.592 Y-3.055 E0.48507
G0 F12000 X10.408 Y-3.624
G1 F1200 X2.963 Y3.82 E0.52525
G0 F12000 X2.21 Y3.82
G1 F1200 X9.851 Y-3.82 E0.53908
G0 F12000 X9.097 Y-3.82
G1 F1200 X1.456 Y3.82 E0.53908
G0 F12000 X0.702 Y3.82
G1 F1200 X8.343 Y-3.82 E0.53908
G0 F12000 X7.589 Y-3.82
G1 F1200 X-0.052 Y3.82 E0.53908
G0 F12000 X-.805 Y3.82
G1 F1200 X6.836 Y-3.82 E0.53908
G0 F12000 X6.082 Y-3.82
G1 F1200 X-1.559 Y3.82 E0.53908
G0 F12000 X-2.313 Y3.82
G1 F1200 X5.328 Y-3.82 E0.53908
G0 F12000 X4.574 Y-3.82
G1 F1200 X-3.067 Y3.82 E0.53908
G0 F12000 X-3.82 Y3.82
G1 F1200 X3.82 Y-3.82 E0.53904
G0 F12000 X3.067 Y-3.82
G1 F1200 X-4.574 Y3.82 E0.53908
G0 F12000 X-5.328 Y3.82
G1 F1200 X2.313 Y-3.82 E0.53908
G0 F12000 X1.559 Y-3.82
G1 F1200 X-6.082 Y3.82 E0.53908
G0 F12000 X-6.836 Y3.82
G1 F1200 X0.805 Y-3.82 E0.53908
G0 F12000 X0.052 Y-3.82
G1 F1200 X-7.589 Y3.82 E0.53908
G0 F12000 X-8.343 Y3.82
G1 F1200 X-.702 Y-3.82 E0.53908
G0 F12000 X-1.456 Y-3.82
G1 F1200 X-9.097 Y3.82 E0.53908
G0 F12000 X-9.851 Y3.82
G1 F1200 X-2.21 Y-3.82 E0.53908
G0 F12000 X-2.963 Y-3.82
G1 F1200 X-10.408 Y3.624 E0.52525
G0 F12000 X-10.592 Y3.054
G1 F1200 X-3.717 Y-3.82 E0.48503
G0 F12000 X-4.471 Y-3.82
G1 F1200 X-10.738 Y2.447 E0.44217
G0 F12000 X-10.865 Y1.819
G1 F1200 X-5.225 Y-3.82 E0.3979
G0 F12000 X-5.979 Y-3.82
G1 F1200 X-10.959 Y1.16 E0.35137
G0 F12000 X-11.005 Y0.452
G1 F1200 X-6.732 Y-3.82 E0.30145
G0 F12000 X-7.486 Y-3.82
G1 F1200 X-11.012 Y-.295 E0.24874
G0 F12000 X-10.969 Y-1.092
G1 F1200 X-8.24 Y-3.82 E0.19251
G0 F12000 X-8.994 Y-3.82
G1 F1200 X-10.843 Y-1.971 E0.13046
G1 X-10.913 Y-1.901
G0 F12000 X-10.615 Y-2.953
G1 F1200 X-9.747 Y-3.82 E0.06121
G1 X-9.677 Y-3.89
G1 F3600 E-1
G0 F12000 X-25.028 Y0.988
G0 X-25.098 Y0.991
M106 S255
G1 F3600 E1
G1 F9505 X-25.101 Y0.89 E0.00127
G1 F3600 E-1
G0 F12000 X-25.034 Y0.887
G0 X-21.306 Y4.02
G1 F3600 E1
G1 F2400 X-24.551 Y4.02 E0.16189
G1 X-24.702 Y2.995 E0.05169
G1 X-24.808 Y1.979 E0.05096
G1 X-24.868 Y0.988 E0.04953
G1 X-24.888 Y0.032 E0.04771
G1 X-24.868 Y-.988 E0.0509
G1 X-24.808 Y-1.979 E0.04953
G1 X-24.707 Y-2.953 E0.04885
G1 X-24.561 Y-4.02 E0.05373
G1 X-21.307 Y-4.02 E0.16234
G1 X-21.482 Y-2.928 E0.05518
G1 X-21.591 Y-1.889 E0.05212
G1 X-21.652 Y-1.002 E0.04436
G1 X-21.676 Y0.007 E0.05035
G1 X-21.652 Y0.981 E0.04861
G1 X-21.596 Y1.881 E0.04499
G1 X-21.483 Y2.903 E0.0513
G1 X-21.306 Y4.02 E0.05642
G0 F12000 X-23.899 Y3.82
G1 F2400 X-24.46 Y3.258 E0.03962
G0 F12000 X-24.542 Y2.611
G1 F2400 X-23.333 Y3.82 E0.0853
G0 F12000 X-22.767 Y3.82
G1 F2400 X-24.607 Y1.98 E0.12982
G0 F12000 X-24.645 Y1.377
G1 F2400 X-22.202 Y3.82 E0.17237
G0 F12000 X-21.636 Y3.82
G1 F2400 X-24.672 Y0.783 E0.21424
G0 F12000 X-24.684 Y0.206
G1 F2400 X-21.628 Y3.262 E0.21562
G0 F12000 X-21.717 Y2.608
G1 F2400 X-24.681 Y-.356 E0.20913
G0 F12000 X-24.67 Y-.911
G1 F2400 X-21.787 Y1.972 E0.20341
G0 F12000 X-21.828 Y1.365
G1 F2400 X-24.641 Y-1.447 E0.19844
G0 F12000 X-24.607 Y-1.98
G1 F2400 X-21.857 Y0.771 E0.19406
G0 F12000 X-21.871 Y0.191
G1 F2400 X-24.554 Y-2.492 E0.1893
G0 F12000 X-24.498 Y-3.002
G1 F2400 X-21.867 Y-.371 E0.18563
G0 F12000 X-21.854 Y-.923
G1 F2400 X-24.431 Y-3.5 E0.18182
G0 F12000 X-24.184 Y-3.82
G1 F2400 X-21.821 Y-1.457 E0.16672
G0 F12000 X-21.782 Y-1.983
G1 F2400 X-23.619 Y-3.82 E0.12961
G0 F12000 X-23.053 Y-3.82
G1 F2400 X-21.729 Y-2.495 E0.09345
G0 F12000 X-21.672 Y-3.004
G1 F2400 X-22.487 Y-3.82 E0.05754
G0 F12000 X-21.922 Y-3.82
G1 F2400 X-21.594 Y-3.492 E0.02314
G1 F3600 E-1
;MESH:NONMESH
G0 F600 X-21.594 Y-3.492 Z21.6
G0 F12000 X8.38 Y3.751
;TIME_ELAPSED:839.684996
;LAYER:71
;TYPE:FILL
;MESH:bridge.stl
G1 F3600 E1
G1 F9600 X8.668 Y4.04 E0.02036
G1 X8.245 Y4.04 E0.0211
G1 X8.569 Y3.349 E0.03808
G1 X8.942 Y2.234 E0.05866
G1 X9.168 Y0.931 E0.06598
G1 X20.22 Y-2.029 E0.57082
G1 X20.276 Y-1.324 E0.03528
G1 X17.56 Y-4.04 E0.19163
G1 X8.248 Y-4.04 E0.46458
G1 X8.568 Y-3.352 E0.03786
G1 X8.945 Y-2.222 E0.05943
G1 X9.138 Y-1.109 E0.05636
G1 X9.171 Y-.509 E0.02998
G1 X10.117 Y-4.04 E0.18237
G1 X10.142 Y-4.136
G1 F3600 E-1
G0 F12000 X10.142 Y-4.1
G0 X-8.245 Y-4.04
G1 F3600 E1
G1 F9600 X-14.729 Y-4.041 E0.32349
G1 X-16.895 Y4.041 E0.41744
G1 X-8.302 Y4.04 E0.42871
G1 X-16.382 Y-4.04 E0.57009
G1 X-19.927 Y-4.04 E0.17686
G1 X-19.986 Y-3.68 E0.0182
G1 X-18.64 Y-4.04 E0.06951
G1 X-18.544 Y-4.065
G1 F3600 E-1
G0 F12000 X23.852 Y4.124
G0 X24.081 Y4.4
;TYPE:WALL-INNER
G1 F3600 E1
G1 F3000 X24.185 Y3.837 E0.02856
G1 X24.31 Y2.9 E0.04716
G1 X24.409 Y1.947 E0.0478
G1 X24.468 Y0.971 E0.04878
G1 X24.487 Y0.00 E0.04845
G1 X24.465 Y-1.046 E0.0522
G1 X24.41 Y-1.95 E0.04518
G1 X24.308 Y-2.927 E0.04901
G1 X24.177 Y-3.865 E0.04725
G1 X24.079 Y-4.4 E0.02714
G1 X-24.081 Y-4.4 E2.40271
G1 X-24.185 Y-3.837 E0.02856
G1 X-24.308 Y-2.924 E0.04596
G1 X-24.409 Y-1.947 E0.049
G1 X-24.468 Y-.971 E0.04878
G1 X-24.487 Y0.00 E0.04845
G1 X-24.465 Y1.041 E0.05195
G1 X-24.409 Y1.947 E0.04529
G1 X-24.308 Y2.923 E0.04895
G1 X-24.177 Y3.865 E0.04745
G1 X-24.079 Y4.4 E0.02714
G1 X24.081 Y4.4 E2.40271
G0 F12000 X24.413 Y4.8
;TYPE:WALL-OUTER
G1 F1200 X24.578 Y3.916 E0.04486
G1 X24.708 Y2.942 E0.04902
G1 X24.808 Y1.979 E0.0483
G1 X24.868 Y0.987 E0.04958
G1 X24.887 Y0.00 E0.04925
G1 X24.868 Y-.992 E0.0495
G1 X24.808 Y-1.983 E0.04953
G1 X24.71 Y-2.939 E0.04794
G1 X24.571 Y-3.936 E0.05022
G1 X24.413 Y-4.8 E0.04382
G1 X-24.413 Y-4.8 E2.43594
G1 X-24.578 Y-3.916 E0.04486
G1 X-24.708 Y-2.942 E0.04902
G1 X-24.808 Y-1.979 E0.0483
G1 X-24.868 Y-.987 E0.04958
G1 X-24.887 Y0.00 E0.04925
G1 X-24.868 Y0.987 E0.04925
G1 X-24.808 Y1.979 E0.04958
G1 X-24.705 Y2.971 E0.04976
G1 X-24.571 Y3.937 E0.04866
G1 X-24.413 Y4.8 E0.04377
G1 X24.413 Y4.8 E2.43594
G0 F12000 X24.559 Y4.014
G1 F3600 E-1
G0 F12000 X23.872 Y3.886
G0 X23.823 Y-4.145
G0 X23.883 Y-4.155
;TYPE:SKIN
G1 F3600 E1
G1 F7441.9 X24.05 Y-3.009 E0.01863
G1 F7500 X24.156 Y-2.004 E0.01613
G1 F7272.7 X24.219 Y-1.001 E0.01655
G1 X24.238 Y0.001 E0.0165
G1 F7328.2 X24.219 Y1 E0.01633
G1 F7441.9 X24.156 Y2.002 E0.01615
G1 F7804.9 X24.052 Y2.99 E0.01524
G1 F7328.2 X23.89 Y4.149 E0.01912
G1 F3600 E-1
G0 F12000 X23.826 Y4.137
G0 X20.274 Y4.02
G1 F3600 E1
G1 F2400 X20.458 Y2.946 E0.05436
G1 X20.575 Y1.886 E0.0532
G1 X20.64 Y0.983 E0.04517
G1 X20.661 Y-0.007 E0.0494
G1 X20.64 Y-.985 E0.0488
G1 X20.58 Y-1.882 E0.04485
G1 X20.451 Y-2.956 E0.05397
G1 X20.273 Y-4.02 E0.05382
G1 X23.655 Y-4.02 E0.16873
G1 X23.813 Y-2.949 E0.05401
G1 X23.909 Y-2.019 E0.04664
G1 X23.972 Y-.991 E0.05138
G1 X23.991 Y-0.079 E0.04551
G1 X23.972 Y0.987 E0.05319
G1 X23.912 Y1.979 E0.04958
G1 X23.813 Y2.955 E0.04894
G1 X23.658 Y4.02 E0.05369
G1 X20.274 Y4.02 E0.16883
G1 F3600 E-1
G0 F12000 X23.332 Y3.82
G1 F3600 E1
G1 F2400 X23.511 Y3.642 E0.01259
G0 F12000 X23.606 Y2.981
G1 F2400 X22.767 Y3.82 E0.0592
G0 F12000 X22.201 Y3.82
G1 F2400 X23.673 Y2.348 E0.10386
G0 F12000 X23.727 Y1.729
G1 F2400 X21.635 Y3.82 E0.14757
G0 F12000 X21.07 Y3.82
G1 F2400 X23.763 Y1.127 E0.19001
G0 F12000 X23.78 Y0.544
G1 F2400 X20.513 Y3.811 E0.2305
G0 F12000 X20.629 Y3.13
G1 F2400 X23.79 Y-0.031 E0.22303
G0 F12000 X23.78 Y-.587
G1 F2400 X20.71 Y2.483 E0.21661
G0 F12000 X20.779 Y1.848
G1 F2400 X23.762 Y-1.135 E0.21047
G0 F12000 X23.731 Y-1.669
G1 F2400 X20.823 Y1.239 E0.20518
G0 F12000 X20.848 Y0.648
G1 F2400 X23.689 Y-2.193 E0.20045
G0 F12000 X23.635 Y-2.705
G1 F2400 X20.86 Y0.071 E0.19583
G0 F12000 X20.851 Y-.486
G1 F2400 X23.572 Y-3.207 E0.19198
G0 F12000 X23.499 Y-3.7
G1 F2400 X20.837 Y-1.038 E0.18782
G0 F12000 X20.802 Y-1.568
G1 F2400 X23.053 Y-3.82 E0.15886
G0 F12000 X22.487 Y-3.82
G1 F2400 X20.756 Y-2.089 E0.12213
G0 F12000 X20.696 Y-2.594
G1 F2400 X21.922 Y-3.82 E0.0865
G0 F12000 X21.356 Y-3.82
G1 F2400 X20.631 Y-3.095 E0.05115
G0 F12000 X20.55 Y-3.579
G1 F2400 X20.79 Y-3.82 E0.01697
G1 F3600 E-1
G0 F12000 X7.876 Y4.02
M107
G1 F3600 E1
G1 F1200 X-7.88 Y4.02 E0.86468
G1 X-8.249 Y3.225 E0.0481
G1 X-8.613 Y2.135 E0.06307
G1 X-8.796 Y1.069 E0.05936
G1 X-8.855 Y0.003 E0.05859
G1 X-8.796 Y-1.073 E0.05914
G1 X-8.609 Y-2.147 E0.05983
G1 X-8.253 Y-3.217 E0.06189
G1 X-7.876 Y-4.02 E0.04868
G1 X7.88 Y-4.02 E0.86468
G1 X8.246 Y-3.233 E0.04763
G1 X8.613 Y-2.134 E0.06359
G1 X8.796 Y-1.073 E0.05909
G1 X8.855 Y-0.004 E0.05876
G1 X8.796 Y1.069 E0.05897
G1 X8.609 Y2.147 E0.06004
G1 X8.253 Y3.217 E0.06189
G1 X7.876 Y4.02 E0.04868
G1 F3600 E-1
G0 F12000 X7.494 Y-3.82
G1 F3600 E1
G1 F1200 X7.978 Y-3.335 E0.0376
G0 F12000 X8.366 Y-2.24
G1 F1200 X6.787 Y-3.82 E0.12259
G0 F12000 X6.08 Y-3.82
G1 F1200 X8.545 Y-1.355 E0.19131
G0 F12000 X8.624 Y-.569
G1 F1200 X5.373 Y-3.82 E0.25231
G0 F12000 X4.665 Y-3.82
G1 F1200 X8.647 Y0.161 E0.30901
G0 F12000 X8.609 Y0.831
G1 F1200 X3.958 Y-3.82 E0.36097
G0 F12000 X3.251 Y-3.82
G1 F1200 X8.526 Y1.455 E0.4094
G0 F12000 X8.422 Y2.058
G1 F1200 X2.544 Y-3.82 E0.4562
G0 F12000 X1.837 Y-3.82
G1 F1200 X8.25 Y2.593 E0.49772
G0 F12000 X8.074 Y3.124
G1 F1200 X1.13 Y-3.82 E0.53893
G0 F12000 X0.423 Y-3.82
G1 F1200 X7.85 Y3.607 E0.57642
G0 F12000 X7.356 Y3.82
G1 F1200 X-.284 Y-3.82 E0.59295
G0 F12000 X-.991 Y-3.82
G1 F1200 X6.649 Y3.82 E0.59295
G0 F12000 X5.942 Y3.82
G1 F1200 X-1.698 Y-3.82 E0.59295
G0 F12000 X-2.406 Y-3.82
G1 F1200 X5.235 Y3.82 E0.59299
G0 F12000 X4.528 Y3.82
G1 F1200 X-3.113 Y-3.82 E0.59299
G0 F12000 X-3.82 Y-3.82
G1 F1200 X3.82 Y3.82 E0.59295
G0 F12000 X3.113 Y3.82
G1 F1200 X-4.527 Y-3.82 E0.59295
G0 F12000 X-5.234 Y-3.82
G1 F1200 X2.406 Y3.82 E0.59295
G0 F12000 X1.699 Y3.82
G1 F1200 X-5.941 Y-3.82 E0.59295
G0 F12000 X-6.648 Y-3.82
G1 F1200 X0.992 Y3.82 E0.59295
G0 F12000 X0.285 Y3.82
G1 F1200 X-7.355 Y-3.82 E0.59295
G0 F12000 X-7.85 Y-3.607
G1 F1200 X-.422 Y3.82 E0.57646
G0 F12000 X-1.129 Y3.82
G1 F1200 X-8.074 Y-3.124 E0.53897
G0 F12000 X-8.251 Y-2.594
G1 F1200 X-1.836 Y3.82 E0.49784
G0 F12000 X-2.543 Y3.82
G1 F1200 X-8.422 Y-2.058 E0.45624
G0 F12000 X-8.527 Y-1.456
G1 F1200 X-3.251 Y3.82 E0.40948
G0 F12000 X-3.958 Y3.82
G1 F1200 X-8.61 Y-.832 E0.36105
G0 F12000 X-8.647 Y-.161
G1 F1200 X-4.665 Y3.82 E0.30901
G0 F12000 X-5.372 Y3.82
G1 F1200 X-8.624 Y0.569 E0.25235
G0 F12000 X-8.544 Y1.356
G1 F1200 X-6.079 Y3.82 E0.19127
G0 F12000 X-6.786 Y3.82
G1 F1200 X-8.366 Y2.24 E0.12263
G1 X-8.436 Y2.17
G0 F12000 X-7.976 Y3.338
G1 F1200 X-7.493 Y3.82 E0.03745
G1 F3600 E-1
G0 F12000 X-23.826 Y-4.137
G0 X-23.89 Y-4.149
M106 S255
G1 F3600 E1
G1 F7328.2 X-24.052 Y-2.99 E0.01912
G1 F7741.9 X-24.156 Y-2 E0.0154
G1 F7328.2 X-24.219 Y-.997 E0.01642
G1 F7218 X-24.238 Y0.001 E0.01656
G1 F7164.2 X-24.219 Y1 E0.0167
G1 F7272.7 X-24.156 Y2.003 E0.01655
G1 F7500 X-24.061 Y2.916 E0.01465
G1 F7328.2 X-23.886 Y4.153 E0.02041
G1 F3600 E-1
G0 F12000 X-23.824 Y4.142
G0 X-20.273 Y4.02
G1 F3600 E1
G1 F2400 X-23.655 Y4.02 E0.16873
G1 X-23.806 Y2.995 E0.05169
G1 X-23.909 Y2.015 E0.04916
G1 X-23.972 Y0.987 E0.05138
G1 X-23.992 Y0.00 E0.04925
G1 X-23.972 Y-.987 E0.04925
G1 X-23.912 Y-1.979 E0.04958
G1 X-23.813 Y-2.955 E0.04894
G1 X-23.658 Y-4.02 E0.05369
G1 X-20.274 Y-4.02 E0.16883
G1 X-20.458 Y-2.946 E0.05436
G1 X-20.575 Y-1.891 E0.05296
G1 X-20.64 Y-.987 E0.04522
G1 X-20.66 Y0.003 E0.0494
G1 X-20.64 Y0.973 E0.0484
G1 X-20.58 Y1.878 E0.04525
G1 X-20.455 Y2.948 E0.05375
G1 X-20.273 Y4.02 E0.05425
G0 F12000 X-20.551 Y3.581
G1 F2400 X-20.79 Y3.82 E0.01686
G0 F12000 X-21.356 Y3.82
G1 F2400 X-20.633 Y3.096 E0.05105
G0 F12000 X-20.698 Y2.596
G1 F2400 X-21.922 Y3.82 E0.08636
G0 F12000 X-22.487 Y3.82
G1 F2400 X-20.758 Y2.09 E0.12203
G0 F12000 X-20.802 Y1.569
G1 F2400 X-23.053 Y3.82 E0.15882
G0 F12000 X-23.499 Y3.7
G1 F2400 X-20.837 Y1.038 E0.18782
G0 F12000 X-20.85 Y0.486
G1 F2400 X-23.572 Y3.207 E0.19202
G0 F12000 X-23.635 Y2.705
G1 F2400 X-20.859 Y-0.071 E0.19586
G0 F12000 X-20.847 Y-.649
G1 F2400 X-23.689 Y2.193 E0.20052
G0 F12000 X-23.731 Y1.669
G1 F2400 X-20.822 Y-1.24 E0.20525
G0 F12000 X-20.779 Y-1.848
G1 F2400 X-23.762 Y1.135 E0.21047
G0 F12000 X-23.779 Y0.586
G1 F2400 X-20.71 Y-2.483 E0.21653
G0 F12000 X-20.629 Y-3.13
G1 F2400 X-23.791 Y0.032 E0.2231
G0 F12000 X-23.781 Y-.544
G1 F2400 X-20.513 Y-3.811 E0.23054
G0 F12000 X-21.07 Y-3.82
G1 F2400 X-23.763 Y-1.127 E0.19001
G0 F12000 X-23.727 Y-1.729
G1 F2400 X-21.635 Y-3.82 E0.14757
G0 F12000 X-22.201 Y-3.82
G1 F2400 X-23.673 Y-2.348 E0.10386
G0 F12000 X-23.606 Y-2.981
G1 F2400 X-22.767 Y-3.82 E0.0592
G0 F12000 X-23.332 Y-3.82
G1 F2400 X-23.511 Y-3.642 E0.01259
G1 F3600 E-1
;MESH:NONMESH
G0 F600 X-23.511 Y-3.642 Z21.9
G0 F12000 X-4.615 Y-4.04
;TIME_ELAPSED:871.656047
;LAYER:72
;TYPE:FILL
;MESH:bridge.stl
G1 F3600 E1
G1 F9600 X-14.949 Y-4.041 E0.51557
G1 X-17.114 Y4.04 E0.41738
G1 X-18.839 Y4.04 E0.08606
G1 X-19.054 Y2.827 E0.06146
G1 X-19.167 Y1.899 E0.04664
G1 X-19.233 Y0.967 E0.04661
G1 X-19.258 Y-0.003 E0.04841
G1 X-19.233 Y-.983 E0.04891
G1 X-19.164 Y-1.925 E0.04712
G1 X-19.055 Y-2.829 E0.04543
G1 X-18.89 Y-3.754 E0.04688
G1 X-17.823 Y-4.04 E0.05511
G1 X-16.082 Y-4.04 E0.08686
G1 X-8.002 Y4.04 E0.57009
G1 X-4.615 Y4.04 E0.16898
G1 X-4.48 Y3.782 E0.01453
G1 X-4.582 Y3.637 E0.00884
G1 X-4.691 Y4.041 E0.02088
G1 X-4.717 Y4.137
G1 F3600 E-1
G0 F12000 X-4.717 Y4.1
G0 X17.859 Y-4.04
G1 F3600 E1
G1 F9600 X19.051 Y-2.848 E0.0841
G1 X19.212 Y-1.54 E0.06575
G1 X5.416 Y2.157 E0.71257
G1 X5.719 Y1.227 E0.0488
G1 X5.762 Y0.834 E0.01972
G1 X7.75 Y2.821 E0.14023
G1 X8.077 Y4.04 E0.06297
G1 X8.434 Y4.039 E0.01781
G1 X8.083 Y2.732 E0.06752
G1 X9.898 Y-4.041 E0.34983
G1 X18.839 Y-4.04 E0.44607
G1 X18.939 Y-4.04
G1 F3600 E-1
G0 F12000 X22.947 Y4.123
G0 X23.173 Y4.399
;TYPE:WALL-INNER
G1 F3600 E1
G1 F3000 X23.282 Y3.832 E0.02881
G1 X23.416 Y2.906 E0.04668
G1 X23.513 Y1.947 E0.04809
G1 X23.572 Y0.971 E0.04878
G1 X23.591 Y0.00 E0.04845
G1 X23.569 Y-1.046 E0.0522
G1 X23.514 Y-1.95 E0.04518
G1 X23.417 Y-2.889 E0.0471
G1 X23.276 Y-3.848 E0.04836
G1 X23.171 Y-4.4 E0.02803
G1 X-23.173 Y-4.4 E2.31211
G1 X-23.282 Y-3.832 E0.02885
G1 X-23.416 Y-2.906 E0.04668
G1 X-23.513 Y-1.947 E0.04809
G1 X-23.572 Y-.971 E0.04878
G1 X-23.591 Y0.00 E0.04845
G1 X-23.569 Y1.041 E0.05195
G1 X-23.513 Y1.947 E0.04529
G1 X-23.408 Y2.955 E0.05056
G1 X-23.274 Y3.861 E0.04569
G1 X-23.171 Y4.4 E0.02738
G1 X23.173 Y4.399 E2.31211
G0 F12000 X23.503 Y4.799
;TYPE:WALL-OUTER
G1 F1200 X23.678 Y3.89 E0.04618
G1 X23.813 Y2.955 E0.04713
G1 X23.912 Y1.979 E0.04894
G1 X23.972 Y0.987 E0.04958
G1 X23.991 Y0.00 E0.04925
G1 X23.972 Y-.992 E0.0495
G1 X23.912 Y-1.983 E0.04953
G1 X23.815 Y-2.93 E0.04749
G1 X23.667 Y-3.935 E0.05068
G1 X23.502 Y-4.8 E0.04393
G1 X-23.503 Y-4.8 E2.34509
G1 X-23.678 Y-3.89 E0.04623
G1 X-23.813 Y-2.955 E0.04713
G1 X-23.912 Y-1.979 E0.04894
G1 X-23.972 Y-.987 E0.04958
G1 X-23.991 Y0.00 E0.04925
G1 X-23.972 Y0.987 E0.04925
G1 X-23.912 Y1.979 E0.04958
G1 X-23.804 Y3.013 E0.05187
G1 X-23.667 Y3.935 E0.0465
G1 X-23.502 Y4.8 E0.04393
G1 X23.503 Y4.799 E2.34509
G0 F12000 X23.654 Y4.014
G1 F3600 E-1
G0 F12000 X22.97 Y3.882
G0 X22.92 Y-4.128
G0 X22.963 Y-4.135
;TYPE:SKIN
G1 F3600 E1
G1 F5714.3 X23.133 Y-3.008 E0.02388
G1 F5818.2 X23.247 Y-1.957 E0.02176
G1 F5714.3 X23.305 Y-1.002 E0.02005
G1 F5783.1 X23.326 Y0.002 E0.02079
G1 X23.307 Y0.957 E0.01978
G1 F5714.3 X23.249 Y1.921 E0.02024
G1 F5783.1 X23.135 Y3.001 E0.02249
G1 F5614 X22.967 Y4.127 E0.02428
G1 F3600 E-1
G0 F12000 X22.925 Y4.119
G0 X19.187 Y4.016
G1 F3600 E1
G1 F2400 X19.385 Y2.908 E0.05615
G1 X19.503 Y1.953 E0.04801
G1 X19.572 Y0.979 E0.04871
G1 X19.597 Y-0.007 E0.04921
G1 X19.572 Y-.981 E0.04861
G1 X19.504 Y-1.947 E0.04831
G1 X19.379 Y-2.922 E0.04904
G1 X19.183 Y-4.02 E0.05565
G1 X22.715 Y-4.02 E0.17621
G1 X22.875 Y-2.944 E0.05427
G1 X22.98 Y-1.983 E0.04823
G1 X23.04 Y-.991 E0.04958
G1 X23.063 Y-0.041 E0.04741
G1 X23.04 Y0.987 E0.0513
G1 X22.98 Y1.979 E0.04958
G1 X22.881 Y2.922 E0.04731
G1 X22.715 Y4.015 E0.05516
G1 X19.187 Y4.016 E0.17601
G0 F12000 X19.461 Y3.622
G1 F2400 X19.655 Y3.816 E0.01369
G0 F12000 X20.22 Y3.816
G1 F2400 X19.547 Y3.142 E0.04752
G0 F12000 X19.619 Y2.648
G1 F2400 X20.786 Y3.816 E0.08237
G0 F12000 X21.351 Y3.815
G1 F2400 X19.68 Y2.144 E0.1179
G0 F12000 X19.726 Y1.624
G1 F2400 X21.917 Y3.815 E0.15459
G0 F12000 X22.482 Y3.815
G1 F2400 X19.764 Y1.097 E0.19177
G0 F12000 X19.783 Y0.549
G1 F2400 X22.61 Y3.377 E0.1995
G0 F12000 X22.685 Y2.886
G1 F2400 X19.796 Y-0.003 E0.20383
G0 F12000 X19.782 Y-.583
G1 F2400 X22.738 Y2.374 E0.2086
G0 F12000 X22.788 Y1.858
G1 F2400 X19.759 Y-1.171 E0.21371
G0 F12000 X19.716 Y-1.78
G1 F2400 X22.82 Y1.324 E0.219
G0 F12000 X22.845 Y0.783
G1 F2400 X19.644 Y-2.418 E0.22585
G0 F12000 X19.554 Y-3.073
G1 F2400 X22.857 Y0.23 E0.23304
G0 F12000 X22.856 Y-.337
G1 F2400 X19.433 Y-3.76 E0.24151
G0 F12000 X19.939 Y-3.82
G1 F2400 X22.842 Y-.917 E0.20482
G0 F12000 X22.808 Y-1.516
G1 F2400 X20.505 Y-3.82 E0.16252
G0 F12000 X21.07 Y-3.82
G1 F2400 X22.764 Y-2.126 E0.11952
G0 F12000 X22.694 Y-2.762
G1 F2400 X21.636 Y-3.82 E0.07465
G0 F12000 X22.202 Y-3.82
G1 F2400 X22.603 Y-3.419 E0.02829
G1 F3600 E-1
G0 F12000 X3.725 Y4.016
M107
G1 F3600 E1
G1 F1200 X-3.725 Y4.02 E0.40885
G1 X-4.298 Y3.446 E0.04451
G1 X-4.594 Y3.03 E0.02802
G1 X-5 Y2.283 E0.04666
G1 X-5.387 Y1.148 E0.06581
G1 X-5.51 Y0.001 E0.06331
G1 X-5.383 Y-1.149 E0.06349
G1 X-5.031 Y-2.228 E0.06229
G1 X-4.594 Y-3.029 E0.05007
G1 X-4.294 Y-3.45 E0.02837
G1 X-3.725 Y-4.02 E0.0442
G1 X3.725 Y-4.02 E0.40885
G1 X4.298 Y-3.446 E0.04451
G1 X4.59 Y-3.03 E0.02789
G1 X5 Y-2.287 E0.04657
G1 X5.383 Y-1.148 E0.06595
G1 X5.51 Y0.00 E0.06339
G1 X5.383 Y1.149 E0.06344
G1 X5.035 Y2.224 E0.06201
G1 X4.594 Y3.029 E0.05037
G1 X4.295 Y3.446 E0.02816
G1 X3.725 Y4.016 E0.04424
G1 F3600 E-1
G0 F12000 X-3.252 Y3.819
G1 F3600 E1
G1 F1200 X-4.753 Y2.319 E0.11646
G1 X-4.823 Y2.249
G0 F12000 X-5.155 Y1.21
G1 F1200 X-2.545 Y3.819 E0.20253
G0 F12000 X-1.838 Y3.819
G1 F1200 X-5.268 Y0.39 E0.26617
G0 F12000 X-5.273 Y-.322
G1 F1200 X-1.131 Y3.818 E0.32139
G0 F12000 X-.424 Y3.818
G1 F1200 X-5.202 Y-.958 E0.37075
G0 F12000 X-5.053 Y-1.516
G1 F1200 X0.283 Y3.818 E0.41405
G0 F12000 X0.99 Y3.817
G1 F1200 X-4.88 Y-2.05 E0.45546
G0 F12000 X-4.644 Y-2.521
G1 F1200 X1.696 Y3.817 E0.49198
G0 F12000 X2.404 Y3.816
G1 F1200 X-4.389 Y-2.973 E0.52706
G0 F12000 X-4.085 Y-3.376
G1 F1200 X3.111 Y3.816 E0.55833
G0 F12000 X3.73 Y3.729
G1 F1200 X-3.731 Y-3.73 E0.57898
G0 F12000 X-3.113 Y-3.819
G1 F1200 X4.084 Y3.375 E0.55845
G0 F12000 X4.388 Y2.972
G1 F1200 X-2.406 Y-3.819 E0.52717
G0 F12000 X-1.699 Y-3.819
G1 F1200 X4.645 Y2.522 E0.49225
G0 F12000 X4.882 Y2.052
G1 F1200 X-.992 Y-3.82 E0.45581
G0 F12000 X-.285 Y-3.82
G1 F1200 X5.054 Y1.517 E0.41429
G0 F12000 X5.202 Y0.958
G1 F1200 X0.423 Y-3.819 E0.37083
G0 F12000 X1.13 Y-3.819
G1 F1200 X5.274 Y0.323 E0.32154
G0 F12000 X5.266 Y-.392
G1 F1200 X1.837 Y-3.819 E0.26605
G0 F12000 X2.544 Y-3.82
G1 F1200 X5.151 Y-1.214 E0.20229
G1 X5.221 Y-1.144
G0 F12000 X4.756 Y-2.315
G1 F1200 X3.251 Y-3.82 E0.1168
G1 X3.181 Y-3.89
G1 F3600 E-1
G0 F12000 X-22.92 Y4.128
G0 X-22.963 Y4.135
M106 S255
G1 F3600 E1
G1 F5680.5 X-23.145 Y2.913 E0.02604
G1 F5748.5 X-23.246 Y1.961 E0.01994
G1 F5647.1 X-23.307 Y0.957 E0.02133
G1 F5680.5 X-23.326 Y0.002 E0.02013
G1 F5714.3 X-23.307 Y-.957 E0.0201
G1 F5680.5 X-23.249 Y-1.921 E0.02036
G1 F5783.1 X-23.135 Y-3.001 E0.02249
G1 F5581.4 X-22.967 Y-4.131 E0.02451
G1 F3600 E-1
G0 F12000 X-22.924 Y-4.123
G0 X-19.183 Y4.02
G1 F3600 E1
G1 F2400 X-22.715 Y4.02 E0.17621
G1 X-22.875 Y2.944 E0.05427
G1 X-22.98 Y1.979 E0.04843
G1 X-23.04 Y0.987 E0.04958
G1 X-23.064 Y0.00 E0.04926
G1 X-23.04 Y-.987 E0.04926
G1 X-22.98 Y-1.979 E0.04958
G1 X-22.881 Y-2.922 E0.04731
G1 X-22.715 Y-4.02 E0.0554
G1 X-19.187 Y-4.02 E0.17601
G1 X-19.385 Y-2.908 E0.05635
G1 X-19.503 Y-1.957 E0.04781
G1 X-19.572 Y-.987 E0.04852
G1 X-19.596 Y-0.009 E0.04881
G1 X-19.572 Y0.969 E0.04881
G1 X-19.504 Y1.939 E0.04851
G1 X-19.379 Y2.922 E0.04944
G1 X-19.183 Y4.02 E0.05565
G1 F3600 E-1
G0 F12000 X-22.201 Y3.82
G1 F3600 E1
G1 F2400 X-22.602 Y3.42 E0.02826
G0 F12000 X-22.694 Y2.762
G1 F2400 X-21.635 Y3.82 E0.07468
G0 F12000 X-21.07 Y3.82
G1 F2400 X-22.763 Y2.127 E0.11945
G0 F12000 X-22.808 Y1.516
G1 F2400 X-20.504 Y3.82 E0.16256
G0 F12000 X-19.938 Y3.82
G1 F2400 X-22.842 Y0.917 E0.20486
G0 F12000 X-22.856 Y0.337
G1 F2400 X-19.433 Y3.76 E0.24151
G0 F12000 X-19.554 Y3.073
G1 F2400 X-22.858 Y-.231 E0.23312
G0 F12000 X-22.844 Y-.783
G1 F2400 X-19.643 Y2.418 E0.22585
G0 F12000 X-19.715 Y1.781
G1 F2400 X-22.82 Y-1.324 E0.21907
G0 F12000 X-22.788 Y-1.858
G1 F2400 X-19.759 Y1.172 E0.21375
G0 F12000 X-19.781 Y0.583
G1 F2400 X-22.738 Y-2.374 E0.20863
G0 F12000 X-22.685 Y-2.886
G1 F2400 X-19.795 Y0.004 E0.20391
G0 F12000 X-19.782 Y-.549
G1 F2400 X-22.61 Y-3.377 E0.19953
G0 F12000 X-22.487 Y-3.82
G1 F2400 X-19.764 Y-1.096 E0.19216
G0 F12000 X-19.727 Y-1.625
G1 F2400 X-21.922 Y-3.82 E0.15487
G0 F12000 X-21.356 Y-3.82
G1 F2400 X-19.682 Y-2.145 E0.11815
G0 F12000 X-19.619 Y-2.649
G1 F2400 X-20.79 Y-3.82 E0.08262
G0 F12000 X-20.225 Y-3.82
G1 F2400 X-19.547 Y-3.142 E0.04784
G0 F12000 X-19.461 Y-3.622
G1 F2400 X-19.659 Y-3.82 E0.01397
G0 F12000 X-19.659 Y-3.8
G1 F3600 E-1
;MESH:NONMESH
G0 F600 X-19.659 Y-3.8 Z22.2
G0 F12000 X-2.745 Y-4.04
;TIME_ELAPSED:897.070698
;LAYER:73
;TYPE:FILL
;MESH:bridge.stl
G1 F3600 E1
G1 F9600 X-4.91 Y4.041 E0.41738
G1 X-7.702 Y4.04 E0.13929
G1 X-15.783 Y-4.04 E0.57012
G1 X-17.001 Y-4.04 E0.06077
G1 X-17.721 Y-3.848 E0.03718
G1 X-17.909 Y-2.841 E0.05111
G1 X-18.038 Y-1.902 E0.04729
G1 X-18.111 Y-.974 E0.04644
G1 X-18.134 Y0.023 E0.04975
G1 X-18.113 Y0.938 E0.04566
G1 X-18.038 Y1.899 E0.04809
G1 X-17.911 Y2.836 E0.04717
G1 X-17.685 Y4.04 E0.06112
G1 X-17.333 Y4.04 E0.01756
G1 X-15.168 Y-4.04 E0.41733
G1 X1.188 Y-4.04 E0.816
G1 X9.269 Y4.04 E0.57012
G1 X17.685 Y4.04 E0.41988
G1 X17.911 Y2.836 E0.06112
G1 X18.038 Y1.897 E0.04727
G1 X18.111 Y0.965 E0.04664
G1 X18.134 Y-0.023 E0.0493
G1 X18.107 Y-1.024 E0.04996
G1 X-.794 Y4.04 E0.97623
G1 X7.513 Y4.04 E0.41444
G1 X9.679 Y-4.041 E0.41739
G1 X17.685 Y-4.04 E0.39942
G1 X17.785 Y-4.04
G1 F3600 E-1
G0 F12000 X22.003 Y4.123
G0 X22.227 Y4.4
;TYPE:WALL-INNER
G1 F3600 E1
G1 F3000 X22.33 Y3.879 E0.0265
G1 X22.484 Y2.871 E0.05087
G1 X22.581 Y1.946 E0.0464
G1 X22.64 Y0.97 E0.04878
G1 X22.663 Y0.00 E0.04841
G1 X22.64 Y-.974 E0.04861
G1 X22.582 Y-1.949 E0.04873
G1 X22.481 Y-2.871 E0.04627
G1 X22.253 Y-4.4 E0.07713
G1 X-22.227 Y-4.4 E2.21912
G1 X-22.33 Y-3.879 E0.0265
G1 X-22.484 Y-2.871 E0.05087
G1 X-22.581 Y-1.946 E0.0464
G1 X-22.64 Y-.97 E0.04878
G1 X-22.663 Y0.00 E0.04841
G1 X-22.64 Y0.97 E0.04841
G1 X-22.582 Y1.945 E0.04873
G1 X-22.476 Y2.904 E0.04814
G1 X-22.326 Y3.907 E0.0506
G1 X-22.227 Y4.4 E0.02509
G1 X22.227 Y4.4 E2.21782
G0 F12000 X22.555 Y4.8
;TYPE:WALL-OUTER
G1 F1200 X22.726 Y3.939 E0.04379
G1 X22.881 Y2.922 E0.05132
G1 X22.98 Y1.979 E0.04731
G1 X23.04 Y0.987 E0.04958
G1 X23.063 Y0.00 E0.04925
G1 X23.04 Y-.991 E0.04945
G1 X22.98 Y-1.983 E0.04958
G1 X22.883 Y-2.88 E0.04501
G1 X22.727 Y-3.939 E0.0534
G1 X22.556 Y-4.8 E0.04379
G1 X-22.555 Y-4.8 E2.2506
G1 X-22.726 Y-3.939 E0.04379
G1 X-22.881 Y-2.922 E0.05132
G1 X-22.98 Y-1.979 E0.04731
G1 X-23.04 Y-.987 E0.04958
G1 X-23.063 Y0.00 E0.04925
G1 X-23.04 Y0.987 E0.04925
G1 X-22.98 Y1.979 E0.04958
G1 X-22.872 Y2.962 E0.04934
G1 X-22.727 Y3.935 E0.04908
G1 X-22.555 Y4.8 E0.044
G1 X22.555 Y4.8 E2.25055
G0 F12000 X22.71 Y4.016
G1 F3600 E-1
G0 F12000 X22.03 Y3.879
G0 X21.982 Y-4.111
G0 X22.004 Y-4.114
;TYPE:SKIN
G1 F3600 E1
G1 F4615.4 X22.175 Y-3.007 E0.02906
G1 F4682.9 X22.297 Y-1.927 E0.02779
G1 F4637.7 X22.355 Y-1.002 E0.02393
G1 F4705.9 X22.378 Y0.002 E0.02555
G1 X22.357 Y0.956 E0.02428
G1 F4660.2 X22.292 Y1.959 E0.02582
G1 F4571.4 X22.206 Y2.783 E0.0217
G1 F4528.3 X22.005 Y4.114 E0.03559
G1 F3600 E-1
G0 F12000 X21.984 Y4.11
G0 X18.033 Y4.019
G1 F3600 E1
G1 F2400 X18.241 Y2.905 E0.05654
G1 X18.372 Y1.963 E0.04745
G1 X18.448 Y0.98 E0.04919
G1 X18.473 Y-0.007 E0.04926
G1 X18.452 Y-.965 E0.04781
G1 X18.376 Y-1.936 E0.04859
G1 X18.243 Y-2.908 E0.04895
G1 X18.034 Y-4.019 E0.0564
G1 X21.732 Y-4.02 E0.18449
G1 X21.905 Y-2.896 E0.05674
G1 X22.012 Y-1.937 E0.04814
G1 X22.072 Y-.991 E0.04729
G1 X22.095 Y-0.043 E0.04731
G1 X22.072 Y0.987 E0.0514
G1 X22.008 Y1.978 E0.04954
G1 X21.905 Y2.921 E0.04733
G1 X21.732 Y4.02 E0.0555
G1 X18.033 Y4.019 E0.18454
G1 F3600 E-1
G0 F12000 X21.07 Y3.82
G1 F3600 E1
G1 F2400 X21.652 Y3.238 E0.04106
G0 F12000 X21.741 Y2.584
G1 F2400 X20.505 Y3.82 E0.08721
G0 F12000 X19.939 Y3.82
G1 F2400 X21.81 Y1.949 E0.13201
G0 F12000 X21.848 Y1.345
G1 F2400 X19.373 Y3.82 E0.17462
G0 F12000 X18.808 Y3.82
G1 F2400 X21.876 Y0.751 E0.2165
G0 F12000 X21.89 Y0.172
G1 F2400 X18.282 Y3.78 E0.25456
G0 F12000 X18.412 Y3.084
G1 F2400 X21.886 Y-.39 E0.24511
G0 F12000 X21.872 Y-.942
G1 F2400 X18.511 Y2.42 E0.23717
G0 F12000 X18.588 Y1.776
G1 F2400 X21.84 Y-1.475 E0.22941
G0 F12000 X21.804 Y-2.005
G1 F2400 X18.634 Y1.165 E0.22366
G0 F12000 X18.658 Y0.575
G1 F2400 X21.746 Y-2.512 E0.21784
G0 F12000 X21.684 Y-3.017
G1 F2400 X18.673 Y-0.006 E0.21244
G0 F12000 X18.662 Y-.56
G1 F2400 X21.608 Y-3.506 E0.20786
G0 F12000 X21.357 Y-3.82
G1 F2400 X18.643 Y-1.107 E0.19145
G0 F12000 X18.601 Y-1.631
G1 F2400 X20.791 Y-3.82 E0.15448
G0 F12000 X20.225 Y-3.82
G1 F2400 X18.549 Y-2.144 E0.11825
G0 F12000 X18.481 Y-2.642
G1 F2400 X19.659 Y-3.82 E0.08311
G0 F12000 X19.093 Y-3.82
G1 F2400 X18.405 Y-3.131 E0.04858
G0 F12000 X18.315 Y-3.608
G1 F2400 X18.528 Y-3.82 E0.01499
G1 F3600 E-1
G0 F12000 X-21.982 Y4.111
G0 X-22.004 Y4.114
G1 F3600 E1
G1 F4660.2 X-22.175 Y3.007 E0.02878
G1 F4752.5 X-22.294 Y1.958 E0.0266
G1 F4660.2 X-22.357 Y0.956 E0.0258
G1 X-22.378 Y0.002 E0.02452
G1 F4682.9 X-22.357 Y-.956 E0.0245
G1 F4637.7 X-22.292 Y-1.955 E0.02585
G1 F4660.2 X-22.177 Y-3.003 E0.02709
G1 F4593.3 X-22.005 Y-4.114 E0.02931
G1 F3600 E-1
G0 F12000 X-21.984 Y-4.11
G0 X-18.036 Y4.02
G1 F3600 E1
G1 F2400 X-21.732 Y4.02 E0.18439
G1 X-21.905 Y2.896 E0.05674
G1 X-22.012 Y1.933 E0.04834
G1 X-22.072 Y0.987 E0.04729
G1 X-22.096 Y0.00 E0.04926
G1 X-22.072 Y-.987 E0.04926
G1 X-22.008 Y-1.978 E0.04954
G1 X-21.905 Y-2.921 E0.04733
G1 X-21.732 Y-4.02 E0.0555
G1 X-18.033 Y-4.019 E0.18454
G1 X-18.241 Y-2.909 E0.05634
G1 X-18.375 Y-1.94 E0.0488
G1 X-18.452 Y-.976 E0.04825
G1 X-18.472 Y0.003 E0.04885
G1 X-18.452 Y0.953 E0.04741
G1 X-18.376 Y1.928 E0.04879
G1 X-18.243 Y2.896 E0.04875
G1 X-18.036 Y4.02 E0.05702
G0 F12000 X-18.315 Y3.608
G1 F2400 X-18.528 Y3.82 E0.01499
G0 F12000 X-19.093 Y3.82
G1 F2400 X-18.404 Y3.13 E0.04865
G0 F12000 X-18.48 Y2.641
G1 F2400 X-19.659 Y3.82 E0.08318
G0 F12000 X-20.225 Y3.82
G1 F2400 X-18.548 Y2.143 E0.11832
G0 F12000 X-18.6 Y1.63
G1 F2400 X-20.79 Y3.82 E0.15452
G0 F12000 X-21.356 Y3.82
G1 F2400 X-18.642 Y1.106 E0.19149
G0 F12000 X-18.661 Y0.559
G1 F2400 X-21.608 Y3.506 E0.20793
G0 F12000 X-21.683 Y3.016
G1 F2400 X-18.672 Y0.004 E0.21248
G0 F12000 X-18.661 Y-.573
G1 F2400 X-21.745 Y2.512 E0.21763
G0 F12000 X-21.803 Y2.004
G1 F2400 X-18.638 Y-1.161 E0.22331
G0 F12000 X-18.588 Y-1.776
G1 F2400 X-21.839 Y1.474 E0.22934
G0 F12000 X-21.872 Y0.942
G1 F2400 X-18.511 Y-2.42 E0.23717
G0 F12000 X-18.412 Y-3.084
G1 F2400 X-21.886 Y0.39 E0.24511
G0 F12000 X-21.891 Y-.17
G1 F2400 X-18.282 Y-3.78 E0.25467
G0 F12000 X-18.808 Y-3.82
G1 F2400 X-21.877 Y-.75 E0.21657
G0 F12000 X-21.848 Y-1.345
G1 F2400 X-19.373 Y-3.82 E0.17462
G0 F12000 X-19.939 Y-3.82
G1 F2400 X-21.81 Y-1.949 E0.13201
G0 F12000 X-21.741 Y-2.584
G1 F2400 X-20.505 Y-3.82 E0.08721
G0 F12000 X-21.07 Y-3.82
G1 F2400 X-21.652 Y-3.238 E0.04106
G1 X-21.722 Y-3.168
G1 F3600 E-1
;MESH:NONMESH
G0 F600 X-21.722 Y-3.168 Z22.5
G0 F12000 X-2.964 Y-4.041
;TIME_ELAPSED:912.701477
;LAYER:74
;TYPE:FILL
;MESH:bridge.stl
G1 F3600 E1
G1 F9600 X-5.13 Y4.041 E0.41744
G1 X-7.403 Y4.04 E0.1134
G1 X-15.483 Y-4.04 E0.57009
G1 X-16.182 Y-4.04 E0.03487
G1 X-16.468 Y-3.964 E0.01476
G1 X-16.689 Y-2.867 E0.05583
G1 X-16.828 Y-1.91 E0.04825
G1 X-16.908 Y-.939 E0.04861
G1 X-16.937 Y0.006 E0.04717
G1 X-16.908 Y0.939 E0.04657
G1 X-16.864 Y1.471 E0.02663
G1 X-15.388 Y-4.04 E0.28464
G1 X1.488 Y-4.04 E0.84195
G1 X9.568 Y4.04 E0.57009
G1 X16.454 Y4.04 E0.34354
G1 X16.691 Y2.853 E0.06039
G1 X16.83 Y1.895 E0.0483
G1 X16.908 Y0.939 E0.04785
G1 X16.937 Y-0.006 E0.04717
G1 X16.921 Y-.487 E0.02401
G1 X0.025 Y4.04 E0.87268
G1 X7.294 Y4.04 E0.36265
G1 X9.459 Y-4.04 E0.41733
G1 X16.453 Y-4.04 E0.34893
G1 X16.553 Y-4.04
G1 F3600 E-1
G0 F12000 X21.018 Y4.123
G0 X21.241 Y4.4
;TYPE:WALL-INNER
G1 F3600 E1
G1 F3000 X21.349 Y3.887 E0.02615
G1 X21.508 Y2.868 E0.05145
G1 X21.61 Y1.944 E0.04638
G1 X21.672 Y0.969 E0.04874
G1 X21.695 Y0.00 E0.04836
G1 X21.675 Y-.901 E0.04496
G1 X21.61 Y-1.946 E0.05224
G1 X21.5 Y-2.902 E0.04801
G1 X21.342 Y-3.907 E0.05076
G1 X21.239 Y-4.4 E0.02513
G1 X-21.241 Y-4.4 E2.11934
G1 X-21.349 Y-3.887 E0.02615
G1 X-21.509 Y-2.869 E0.05141
G1 X-21.61 Y-1.944 E0.04642
G1 X-21.672 Y-.969 E0.04874
G1 X-21.695 Y0.00 E0.04836
G1 X-21.672 Y0.969 E0.04836
G1 X-21.61 Y1.943 E0.04869
G1 X-21.5 Y2.903 E0.04821
G1 X-21.343 Y3.902 E0.05045
G1 X-21.239 Y4.4 E0.02538
G1 X21.241 Y4.4 E2.11934
G0 F12000 X21.565 Y4.8
;TYPE:WALL-OUTER
G1 F1200 X21.743 Y3.959 E0.04289
G1 X21.905 Y2.921 E0.05241
G1 X22.008 Y1.978 E0.04733
G1 X22.072 Y0.987 E0.04954
G1 X22.095 Y0.00 E0.04925
G1 X22.072 Y-.991 E0.04945
G1 X22.008 Y-1.982 E0.04954
G1 X21.901 Y-2.921 E0.04715
G1 X21.739 Y-3.964 E0.05266
G1 X21.565 Y-4.8 E0.0426
G1 X-21.565 Y-4.8 E2.15176
G1 X-21.743 Y-3.959 E0.04289
G1 X-21.905 Y-2.921 E0.05241
G1 X-22.008 Y-1.978 E0.04733
G1 X-22.072 Y-.987 E0.04954
G1 X-22.095 Y0.00 E0.04925
G1 X-22.072 Y0.987 E0.04925
G1 X-22.008 Y1.978 E0.04954
G1 X-21.895 Y2.965 E0.04956
G1 X-21.735 Y3.983 E0.05141
G1 X-21.565 Y4.8 E0.04163
G1 X21.565 Y4.8 E2.15176
G0 F12000 X21.73 Y4.018
G1 F3600 E-1
G0 F12000 X21.047 Y3.875
G0 X20.999 Y-4.09
G0 X21 Y-4.089
;TYPE:SKIN
G1 F3600 E1
G1 F3779.5 X21.168 Y-3.053 E0.03325
G1 F3871 X21.299 Y-1.967 E0.03384
G1 X21.362 Y-1.008 E0.02973
G1 F3855.4 X21.386 Y-0.003 E0.03122
G1 F3824.7 X21.367 Y0.951 E0.02987
G1 X21.302 Y1.913 E0.03019
G1 F3779.5 X21.209 Y2.776 E0.0275
G1 F3706.6 X21.004 Y4.089 E0.04293
G1 F3600 E-1
G0 F12000 X21.003 Y4.088
G0 X16.801 Y4.02
G1 F3600 E1
G1 F2400 X17.025 Y2.904 E0.05679
G1 X17.168 Y1.932 E0.04902
G1 X17.248 Y0.965 E0.04841
G1 X17.277 Y0.002 E0.04807
G1 X17.248 Y-.958 E0.04792
G1 X17.164 Y-1.938 E0.04907
G1 X17.025 Y-2.916 E0.04928
G1 X16.801 Y-4.019 E0.05615
G1 X20.698 Y-4.02 E0.19442
G1 X20.886 Y-2.887 E0.0573
G1 X20.985 Y-2.019 E0.04359
G1 X21.062 Y-.941 E0.05392
G1 X21.079 Y-0.084 E0.04276
G1 X21.06 Y0.986 E0.05339
G1 X20.988 Y1.977 E0.04957
G1 X20.885 Y2.92 E0.04733
G1 X20.699 Y4.019 E0.05561
G1 X16.801 Y4.02 E0.19447
G0 F12000 X17.103 Y3.527
G1 F2400 X17.396 Y3.82 E0.02067
G0 F12000 X17.962 Y3.82
G1 F2400 X17.198 Y3.055 E0.05394
G0 F12000 X17.276 Y2.568
G1 F2400 X18.528 Y3.82 E0.08834
G0 F12000 X19.093 Y3.819
G1 F2400 X17.349 Y2.075 E0.12305
G0 F12000 X17.399 Y1.56
G1 F2400 X19.658 Y3.819 E0.15938
G0 F12000 X20.224 Y3.819
G1 F2400 X17.442 Y1.037 E0.19629
G0 F12000 X17.462 Y0.491
G1 F2400 X20.568 Y3.597 E0.21915
G0 F12000 X20.65 Y3.113
G1 F2400 X17.475 Y-0.062 E0.22401
G0 F12000 X17.457 Y-.645
G1 F2400 X20.718 Y2.616 E0.23008
G0 F12000 X20.773 Y2.106
G1 F2400 X17.425 Y-1.243 E0.23625
G0 F12000 X17.371 Y-1.863
G1 F2400 X20.817 Y1.583 E0.24313
G0 F12000 X20.855 Y1.056
G1 F2400 X17.283 Y-2.516 E0.25202
G0 F12000 X17.173 Y-3.192
G1 F2400 X20.869 Y0.504 E0.26077
G0 F12000 X20.879 Y-0.052
G1 F2400 X17.111 Y-3.819 E0.26582
G0 F12000 X17.677 Y-3.819
G1 F2400 X20.868 Y-.628 E0.22514
G0 F12000 X20.842 Y-1.22
G1 F2400 X18.243 Y-3.819 E0.18337
G0 F12000 X18.808 Y-3.819
G1 F2400 X20.798 Y-1.829 E0.14041
G0 F12000 X20.732 Y-2.461
G1 F2400 X19.374 Y-3.819 E0.09581
G0 F12000 X19.94 Y-3.819
G1 F2400 X20.647 Y-3.112 E0.04988
G1 X20.717 Y-3.042
G1 F3600 E-1
G0 F12000 X-20.999 Y4.092
G0 X-21.001 Y4.091
G1 F3600 E1
G1 F3809.5 X-21.169 Y3.046 E0.03327
G1 F3886.6 X-21.301 Y1.96 E0.0337
G1 F3809.5 X-21.367 Y0.951 E0.03178
G1 F3779.5 X-21.386 Y0.003 E0.03004
G1 F3794.5 X-21.367 Y-.951 E0.03011
G1 F3809.5 X-21.297 Y-1.962 E0.03185
G1 F3871 X-21.172 Y-3.053 E0.03397
G1 F3794.5 X-21.004 Y-4.089 E0.03312
G1 F3600 E-1
G0 F12000 X-21.003 Y-4.088
G0 X-16.8 Y4.02
G1 F3600 E1
G1 F2400 X-20.698 Y4.02 E0.19447
G1 X-20.886 Y2.886 E0.05735
G1 X-20.985 Y2.015 E0.04373
G1 X-21.062 Y0.937 E0.05392
G1 X-21.08 Y0.00 E0.04676
G1 X-21.06 Y-.986 E0.0492
G1 X-20.988 Y-1.977 E0.04957
G1 X-20.885 Y-2.92 E0.04733
G1 X-20.699 Y-4.02 E0.05566
G1 X-16.801 Y-4.02 E0.19447
G1 X-17.025 Y-2.912 E0.0564
G1 X-17.168 Y-1.936 E0.04921
G1 X-17.248 Y-.965 E0.04861
G1 X-17.276 Y-0.002 E0.04806
G1 X-17.248 Y0.954 E0.04772
G1 X-17.168 Y1.929 E0.04881
G1 X-17.026 Y2.894 E0.04866
G1 X-16.8 Y4.02 E0.0573
G1 F3600 E-1
G0 F12000 X-19.939 Y3.82
G1 F3600 E1
G1 F2400 X-20.647 Y3.112 E0.04995
G0 F12000 X-20.732 Y2.461
G1 F2400 X-19.373 Y3.82 E0.09588
G0 F12000 X-18.808 Y3.82
G1 F2400 X-20.797 Y1.83 E0.14037
G0 F12000 X-20.841 Y1.22
G1 F2400 X-18.242 Y3.82 E0.18341
G0 F12000 X-17.676 Y3.82
G1 F2400 X-20.868 Y0.628 E0.22521
G0 F12000 X-20.879 Y0.051
G1 F2400 X-17.111 Y3.82 E0.26589
G0 F12000 X-17.169 Y3.195
G1 F2400 X-20.87 Y-.506 E0.26113
G0 F12000 X-20.855 Y-1.056
G1 F2400 X-17.283 Y2.516 E0.25202
G0 F12000 X-17.374 Y1.86
G1 F2400 X-20.817 Y-1.583 E0.24292
G0 F12000 X-20.773 Y-2.106
G1 F2400 X-17.424 Y1.244 E0.23633
G0 F12000 X-17.457 Y0.645
G1 F2400 X-20.718 Y-2.616 E0.23008
G0 F12000 X-20.65 Y-3.113
G1 F2400 X-17.474 Y0.062 E0.22405
G0 F12000 X-17.461 Y-.491
G1 F2400 X-20.568 Y-3.598 E0.21922
G0 F12000 X-20.225 Y-3.82
G1 F2400 X-17.442 Y-1.037 E0.19636
G0 F12000 X-17.399 Y-1.56
G1 F2400 X-19.659 Y-3.82 E0.15946
G0 F12000 X-19.093 Y-3.82
G1 F2400 X-17.35 Y-2.076 E0.12301
G0 F12000 X-17.277 Y-2.569
G1 F2400 X-18.528 Y-3.82 E0.08826
G0 F12000 X-17.962 Y-3.82
G1 F2400 X-17.199 Y-3.057 E0.05383
G0 F12000 X-17.103 Y-3.527
G1 F2400 X-17.396 Y-3.82 E0.02067
G0 F12000 X-17.396 Y-3.8
G1 F3600 E-1
;MESH:NONMESH
G0 F600 X-17.396 Y-3.8 Z22.8
G0 F12000 X-3.185 Y-4.041
;TIME_ELAPSED:928.185205
;LAYER:75
;TYPE:FILL
;MESH:bridge.stl
G1 F3600 E1
G1 F9600 X-5.35 Y4.04 E0.41738
G1 X-7.102 Y4.039 E0.08741
G1 X-15.138 Y-3.997 E0.56698
G1 X-15.128 Y-4.04 E0.0022
G1 X1.789 Y-4.04 E0.84399
G1 X9.868 Y4.039 E0.57002
G1 X15.132 Y4.039 E0.26262
G1 X15.384 Y2.848 E0.06073
G1 X15.532 Y1.864 E0.04964
G1 X15.615 Y0.96 E0.04529
G1 X15.641 Y0.076 E0.04412
G1 X0.85 Y4.04 E0.76397
G1 X7.073 Y4.04 E0.31047
G1 X9.239 Y-4.041 E0.41739
G1 X15.129 Y-4.04 E0.29385
G1 X15.229 Y-4.04
G1 F3600 E-1
G0 F12000 X19.982 Y4.123
G0 X20.201 Y4.399
;TYPE:WALL-INNER
G1 F3600 E1
G1 F3000 X20.316 Y3.866 E0.0272
G1 X20.489 Y2.864 E0.05073
G1 X20.59 Y1.941 E0.04632
G1 X20.66 Y0.968 E0.04867
G1 X20.679 Y0.00 E0.0483
G1 X20.66 Y-.972 E0.0485
G1 X20.59 Y-1.944 E0.04862
G1 X20.485 Y-2.864 E0.0462
G1 X20.312 Y-3.897 E0.05225
G1 X20.201 Y-4.4 E0.0257
G1 X-20.201 Y-4.4 E2.01566
G1 X-20.315 Y-3.881 E0.02651
G1 X-20.489 Y-2.864 E0.05148
G1 X-20.59 Y-1.941 E0.04632
G1 X-20.66 Y-.968 E0.04867
G1 X-20.679 Y0.00 E0.0483
G1 X-20.66 Y0.968 E0.0483
G1 X-20.59 Y1.94 E0.04862
G1 X-20.485 Y2.864 E0.0464
G1 X-20.311 Y3.897 E0.05226
G1 X-20.201 Y4.4 E0.02569
G1 X20.201 Y4.399 E2.01566
G0 F12000 X20.523 Y4.799
;TYPE:WALL-OUTER
G1 F1200 X20.707 Y3.957 E0.043
G1 X20.885 Y2.92 E0.05249
G1 X20.988 Y1.977 E0.04733
G1 X21.06 Y0.986 E0.04957
G1 X21.079 Y0.00 E0.0492
G1 X21.06 Y-.99 E0.0494
G1 X20.982 Y-2.044 E0.05273
G1 X20.889 Y-2.861 E0.04102
G1 X20.702 Y-3.982 E0.0567
G1 X20.523 Y-4.8 E0.04178
G1 X-20.523 Y-4.8 E2.04779
G1 X-20.711 Y-3.935 E0.04416
G1 X-20.885 Y-2.92 E0.05138
G1 X-20.988 Y-1.977 E0.04733
G1 X-21.06 Y-.986 E0.04957
G1 X-21.079 Y0.00 E0.0492
G1 X-21.06 Y0.986 E0.0492
G1 X-20.982 Y2.04 E0.05273
G1 X-20.889 Y2.861 E0.04122
G1 X-20.702 Y3.982 E0.0567
G1 X-20.523 Y4.8 E0.04178
G1 X20.523 Y4.799 E2.04779
G0 F12000 X20.693 Y4.018
G1 F3600 E-1
G0 F12000 X20.016 Y3.868
G0 X19.942 Y-4.067
;TYPE:SKIN
G1 F3600 E1
G1 F3189.4 X20.116 Y-3.058 E0.03844
G1 F3232.3 X20.248 Y-2.018 E0.03883
G1 F3157.9 X20.327 Y-.957 E0.04034
G1 X20.346 Y-0.004 E0.03614
G1 F3168.3 X20.327 Y0.949 E0.03602
G1 F3157.9 X20.258 Y1.906 E0.03638
G1 X20.156 Y2.819 E0.03483
G1 F3147.5 X19.943 Y4.063 E0.04801
G1 F3600 E-1
G0 F12000 X15.481 Y4.016
G1 F3600 E1
G1 F2400 X15.716 Y2.906 E0.05661
G1 X15.866 Y1.927 E0.04941
G1 X15.956 Y0.971 E0.04791
G1 X15.985 Y0.001 E0.04842
G1 X15.956 Y-.97 E0.04846
G1 X15.868 Y-1.919 E0.04755
G1 X15.718 Y-2.903 E0.04966
G1 X15.48 Y-4.02 E0.05698
G1 X19.612 Y-4.02 E0.20615
G1 X19.798 Y-2.97 E0.0532
G1 X19.915 Y-2.03 E0.04726
G1 X19.992 Y-.99 E0.05203
G1 X20.015 Y0.00 E0.0494
G1 X19.992 Y0.986 E0.04921
G1 X19.92 Y1.976 E0.04952
G1 X19.798 Y2.97 E0.04996
G1 X19.612 Y4.015 E0.05295
G1 X15.481 Y4.016 E0.2061
G1 F3600 E-1
G0 F12000 X19.377 Y3.816
G1 F3600 E1
G1 F2400 X19.458 Y3.735 E0.00571
G0 F12000 X18.811 Y3.816
G1 F2400 X19.58 Y3.047 E0.05426
G0 F12000 X19.667 Y2.395
G1 F2400 X18.245 Y3.816 E0.10029
G0 F12000 X17.68 Y3.816
G1 F2400 X19.735 Y1.761 E0.14499
G0 F12000 X19.779 Y1.151
G1 F2400 X17.114 Y3.816 E0.18803
G0 F12000 X16.548 Y3.816
G1 F2400 X19.801 Y0.564 E0.22948
G0 F12000 X19.815 Y-0.016
G1 F2400 X15.983 Y3.816 E0.27037
G0 F12000 X15.812 Y3.422
G1 F2400 X19.801 Y-.568 E0.28148
G0 F12000 X19.783 Y-1.115
G1 F2400 X15.947 Y2.721 E0.27065
G0 F12000 X16.049 Y2.053
G1 F2400 X19.744 Y-1.642 E0.2607
G0 F12000 X19.697 Y-2.161
G1 F2400 X16.114 Y1.422 E0.2528
G0 F12000 X16.16 Y0.81
G1 F2400 X19.634 Y-2.663 E0.24507
G0 F12000 X19.561 Y-3.157
G1 F2400 X16.179 Y0.226 E0.23865
G0 F12000 X16.175 Y-.336
G1 F2400 X19.476 Y-3.637 E0.2329
G0 F12000 X19.093 Y-3.82
G1 F2400 X16.159 Y-.885 E0.20704
G0 F12000 X16.116 Y-1.409
G1 F2400 X18.528 Y-3.82 E0.17014
G0 F12000 X17.962 Y-3.82
G1 F2400 X16.068 Y-1.926 E0.13363
G0 F12000 X15.995 Y-2.418
G1 F2400 X17.396 Y-3.82 E0.09888
G0 F12000 X16.831 Y-3.82
G1 F2400 X15.92 Y-2.909 E0.06428
G0 F12000 X15.822 Y-3.376
G1 F2400 X16.265 Y-3.82 E0.03129
G1 F3600 E-1
G0 F12000 X-19.943 Y4.067
G1 F3600 E1
G1 F3116.9 X-20.16 Y2.767 E0.05063
G1 F3147.5 X-20.258 Y1.906 E0.03297
G1 X-20.327 Y0.949 E0.0365
G1 F3157.9 X-20.346 Y0.004 E0.03584
G1 F3178.8 X-20.324 Y-1.007 E0.03809
G1 F3189.4 X-20.248 Y-2.018 E0.03806
G1 F3221.5 X-20.123 Y-3.038 E0.0382
G1 F3178.8 X-19.943 Y-4.067 E0.03935
G1 F3600 E-1
G0 F12000 X-15.48 Y4.02
G1 F3600 E1
G1 F2400 X-19.612 Y4.02 E0.20615
G1 X-19.798 Y2.97 E0.0532
G1 X-19.915 Y2.026 E0.04746
G1 X-19.992 Y0.986 E0.05203
G1 X-20.016 Y0.00 E0.04921
G1 X-19.992 Y-.986 E0.04921
G1 X-19.92 Y-1.976 E0.04952
G1 X-19.798 Y-2.97 E0.04996
G1 X-19.612 Y-4.02 E0.0532
G1 X-15.483 Y-4.02 E0.206
G1 X-15.716 Y-2.906 E0.05678
G1 X-15.866 Y-1.927 E0.04941
G1 X-15.956 Y-.979 E0.04751
G1 X-15.984 Y-0.002 E0.04876
G1 X-15.956 Y0.958 E0.04791
G1 X-15.868 Y1.915 E0.04795
G1 X-15.722 Y2.89 E0.04919
G1 X-15.48 Y4.02 E0.05765
G0 F12000 X-15.823 Y3.378
G1 F2400 X-16.265 Y3.82 E0.03119
G0 F12000 X-16.831 Y3.82
G1 F2400 X-15.922 Y2.911 E0.06413
G0 F12000 X-15.995 Y2.419
G1 F2400 X-17.396 Y3.82 E0.09885
G0 F12000 X-17.962 Y3.82
G1 F2400 X-16.069 Y1.927 E0.13356
G0 F12000 X-16.116 Y1.408
G1 F2400 X-18.528 Y3.82 E0.17018
G0 F12000 X-19.093 Y3.82
G1 F2400 X-16.159 Y0.885 E0.20704
G0 F12000 X-16.174 Y0.335
G1 F2400 X-19.476 Y3.637 E0.23297
G0 F12000 X-19.561 Y3.157
G1 F2400 X-16.178 Y-.227 E0.23872
G0 F12000 X-16.161 Y-.81
G1 F2400 X-19.634 Y2.663 E0.24504
G0 F12000 X-19.696 Y2.16
G1 F2400 X-16.116 Y-1.421 E0.25262
G0 F12000 X-16.05 Y-2.052
G1 F2400 X-19.744 Y1.642 E0.26063
G0 F12000 X-19.781 Y1.114
G1 F2400 X-15.947 Y-2.72 E0.27051
G0 F12000 X-15.813 Y-3.42
G1 F2400 X-19.802 Y0.569 E0.28145
G0 F12000 X-19.815 Y0.016
G1 F2400 X-15.979 Y-3.82 E0.27065
G0 F12000 X-16.545 Y-3.82
G1 F2400 X-19.802 Y-.563 E0.2298
G0 F12000 X-19.779 Y-1.151
G1 F2400 X-17.111 Y-3.82 E0.18828
G0 F12000 X-17.676 Y-3.82
G1 F2400 X-19.735 Y-1.761 E0.14527
G0 F12000 X-19.667 Y-2.395
G1 F2400 X-18.242 Y-3.82 E0.10054
G0 F12000 X-18.808 Y-3.82
G1 F2400 X-19.58 Y-3.047 E0.0545
G0 F12000 X-19.459 Y-3.734
G1 F2400 X-19.373 Y-3.82 E0.00607
G0 F12000 X-19.373 Y-3.8
G1 F3600 E-1
;MESH:NONMESH
G0 F600 X-19.373 Y-3.8 Z23.1
G0 F12000 X-3.404 Y-4.041
;TIME_ELAPSED:943.501507
;LAYER:76
;TYPE:FILL
;MESH:bridge.stl
G1 F3600 E1
G1 F9600 X-5.569 Y4.04 E0.41738
G1 X-6.802 Y4.04 E0.06151
G1 X-13.912 Y-3.071 E0.50168
G1 X-13.676 Y-4.04 E0.04976
G1 X2.09 Y-4.04 E0.78657
G1 X10.168 Y4.039 E0.56998
G1 X13.676 Y4.039 E0.17501
G1 X13.975 Y2.809 E0.06315
G1 X14.131 Y1.861 E0.04793
G1 X14.247 Y0.67 E0.0597
G1 X7.589 Y2.453 E0.34387
G1 X6.002 Y4.04 E0.11197
G1 X5.514 Y4.04 E0.02435
G1 X7.344 Y2.21 E0.12912
G1 X9.019 Y-4.041 E0.32287
G1 X13.675 Y-4.04 E0.23229
G1 X13.775 Y-4.04
G1 F3600 E-1
G0 F12000 X18.892 Y4.122
G0 X19.11 Y4.399
;TYPE:WALL-INNER
G1 F3600 E1
G1 F3000 X19.234 Y3.859 E0.02764
G1 X19.402 Y2.91 E0.04808
G1 X19.522 Y1.937 E0.04891
G1 X19.592 Y0.967 E0.04852
G1 X19.615 Y0.00 E0.04826
G1 X19.592 Y-.971 E0.04846
G1 X19.522 Y-1.941 E0.04852
G1 X19.402 Y-2.911 E0.04876
G1 X19.232 Y-3.88 E0.04908
G1 X19.111 Y-4.4 E0.02664
G1 X-19.11 Y-4.4 E1.90685
G1 X-19.234 Y-3.859 E0.02769
G1 X-19.402 Y-2.91 E0.04808
G1 X-19.522 Y-1.937 E0.04891
G1 X-19.592 Y-.967 E0.04852
G1 X-19.615 Y0.00 E0.04826
G1 X-19.592 Y0.967 E0.04826
G1 X-19.522 Y1.937 E0.04852
G1 X-19.402 Y2.91 E0.04891
G1 X-19.228 Y3.892 E0.04976
G1 X-19.11 Y4.4 E0.02602
G1 X19.11 Y4.399 E1.9068
G0 F12000 X19.428 Y4.799
;TYPE:WALL-OUTER
G1 F1200 X19.628 Y3.929 E0.04454
G1 X19.798 Y2.97 E0.04859
G1 X19.92 Y1.976 E0.04996
G1 X19.992 Y0.986 E0.04952
G1 X20.015 Y0.00 E0.04921
G1 X19.992 Y-.99 E0.0494
G1 X19.92 Y-1.98 E0.04952
G1 X19.798 Y-2.97 E0.04976
G1 X19.624 Y-3.96 E0.05015
G1 X19.429 Y-4.8 E0.04302
G1 X-19.428 Y-4.8 E1.93858
G1 X-19.623 Y-3.956 E0.04322
G1 X-19.798 Y-2.97 E0.04996
G1 X-19.92 Y-1.976 E0.04996
G1 X-19.992 Y-.986 E0.04952
G1 X-20.015 Y0.00 E0.04921
G1 X-19.992 Y0.986 E0.04921
G1 X-19.92 Y1.976 E0.04952
G1 X-19.798 Y2.97 E0.04996
G1 X-19.618 Y3.982 E0.05128
G1 X-19.428 Y4.8 E0.0419
G1 X19.428 Y4.799 E1.93853
G0 F12000 X19.607 Y4.02
G1 F3600 E-1
G0 F12000 X18.93 Y3.863
G0 X18.831 Y-4.034
;TYPE:SKIN
G1 F3600 E1
G1 F2573.7 X19.044 Y-2.817 E0.05748
G1 F2615.8 X19.16 Y-1.906 E0.04204
G1 F2644.6 X19.231 Y-.955 E0.04318
G1 F2659.3 X19.252 Y0.004 E0.04319
G1 F2666.7 X19.231 Y0.943 E0.04217
G1 F2674.1 X19.146 Y2.032 E0.04891
G1 X19.014 Y3.026 E0.0449
G1 F2608.7 X18.831 Y4.028 E0.04675
G1 F3600 E-1
G0 F12000 X14.028 Y4.016
G1 F3600 E1
G1 F2400 X14.315 Y2.836 E0.06059
G1 X14.466 Y1.909 E0.04686
G1 X14.56 Y0.972 E0.04698
G1 X14.589 Y0.001 E0.04846
G1 X14.56 Y-.958 E0.04787
G1 X14.468 Y-1.908 E0.04762
G1 X14.322 Y-2.808 E0.04549
G1 X14.031 Y-4.02 E0.06219
G1 X18.461 Y-4.02 E0.22101
G1 X18.658 Y-2.943 E0.05462
G1 X18.793 Y-1.97 E0.04901
G1 X18.868 Y-.989 E0.04909
G1 X18.891 Y0.00 E0.04935
G1 X18.868 Y0.985 E0.04916
G1 X18.789 Y1.983 E0.04995
G1 X18.666 Y2.916 E0.04695
G1 X18.458 Y4.016 E0.05585
G1 X14.028 Y4.016 E0.22101
G0 F12000 X14.338 Y3.59
G1 F2400 X14.564 Y3.816 E0.01595
G0 F12000 X15.13 Y3.816
G1 F2400 X14.448 Y3.135 E0.04808
G0 F12000 X14.546 Y2.666
G1 F2400 X15.696 Y3.816 E0.08114
G0 F12000 X16.261 Y3.816
G1 F2400 X14.624 Y2.179 E0.1155
G0 F12000 X14.69 Y1.679
G1 F2400 X16.827 Y3.816 E0.15078
G0 F12000 X17.393 Y3.816
G1 F2400 X14.742 Y1.165 E0.18704
G0 F12000 X14.77 Y0.628
G1 F2400 X17.958 Y3.816 E0.22493
G0 F12000 X18.33 Y3.622
G1 F2400 X14.786 Y0.078 E0.25005
G0 F12000 X14.774 Y-.5
G1 F2400 X18.419 Y3.146 E0.25721
G0 F12000 X18.498 Y2.659
G1 F2400 X14.747 Y-1.092 E0.26465
G0 F12000 X14.687 Y-1.718
G1 F2400 X18.564 Y2.16 E0.27358
G0 F12000 X18.616 Y1.645
G1 F2400 X14.594 Y-2.377 E0.28377
G0 F12000 X14.462 Y-3.074
G1 F2400 X18.657 Y1.121 E0.29598
G0 F12000 X18.678 Y0.576
G1 F2400 X14.284 Y-3.818 E0.31002
G0 F12000 X14.848 Y-3.82
G1 F2400 X18.692 Y0.024 E0.27121
G0 F12000 X18.679 Y-.554
G1 F2400 X15.414 Y-3.82 E0.2304
G0 F12000 X15.979 Y-3.82
G1 F2400 X18.656 Y-1.143 E0.18888
G0 F12000 X18.609 Y-1.756
G1 F2400 X16.545 Y-3.82 E0.14563
G0 F12000 X17.111 Y-3.82
G1 F2400 X18.532 Y-2.399 E0.10026
G0 F12000 X18.432 Y-3.064
G1 F2400 X17.676 Y-3.82 E0.05334
G0 F12000 X18.242 Y-3.82
G1 F2400 X18.306 Y-3.755 E0.00455
G1 F3600 E-1
G0 F12000 X-18.832 Y4.034
G1 F3600 E1
G1 F2615.8 X-19.014 Y3.016 E0.04734
G1 F2674.1 X-19.15 Y2.006 E0.04563
G1 F2659.3 X-19.231 Y0.947 E0.04782
G1 F2651.9 X-19.252 Y0.004 E0.04259
G1 F2659.3 X-19.231 Y-.943 E0.04265
G1 X-19.146 Y-2.032 E0.04918
G1 X-19.014 Y-3.026 E0.04515
G1 F2608.7 X-18.83 Y-4.032 E0.04694
G1 F3600 E-1
G0 F12000 X-14.029 Y4.02
G1 F3600 E1
G1 F2400 X-18.461 Y4.02 E0.22111
G1 X-18.658 Y2.943 E0.05462
G1 X-18.793 Y1.966 E0.04921
G1 X-18.868 Y0.985 E0.04909
G1 X-18.892 Y0.00 E0.04916
G1 X-18.868 Y-.985 E0.04916
G1 X-18.789 Y-1.983 E0.04995
G1 X-18.666 Y-2.916 E0.04695
G1 X-18.458 Y-4.02 E0.05605
G1 X-14.03 Y-4.02 E0.22091
G1 X-14.311 Y-2.843 E0.06037
G1 X-14.466 Y-1.917 E0.04684
G1 X-14.56 Y-.972 E0.04738
G1 X-14.588 Y-0.002 E0.04841
G1 X-14.56 Y0.958 E0.04791
G1 X-14.468 Y1.904 E0.04742
G1 X-14.322 Y2.808 E0.04569
G1 X-14.029 Y4.02 E0.06221
G1 F3600 E-1
G0 F12000 X-18.242 Y3.82
G1 F3600 E1
G1 F2400 X-18.306 Y3.755 E0.00455
G0 F12000 X-17.676 Y3.82
G1 F2400 X-18.432 Y3.064 E0.05334
G0 F12000 X-18.531 Y2.399
G1 F2400 X-17.111 Y3.82 E0.10022
G0 F12000 X-16.545 Y3.82
G1 F2400 X-18.609 Y1.756 E0.14563
G0 F12000 X-18.656 Y1.143
G1 F2400 X-15.979 Y3.82 E0.18888
G0 F12000 X-15.414 Y3.82
G1 F2400 X-18.679 Y0.554 E0.2304
G0 F12000 X-18.692 Y-0.024
G1 F2400 X-14.848 Y3.82 E0.27121
G0 F12000 X-14.282 Y3.82
G1 F2400 X-18.678 Y-.576 E0.31016
G0 F12000 X-18.657 Y-1.121
G1 F2400 X-14.463 Y3.073 E0.29591
G0 F12000 X-14.593 Y2.377
G1 F2400 X-18.615 Y-1.645 E0.28377
G0 F12000 X-18.564 Y-2.16
G1 F2400 X-14.687 Y1.718 E0.27358
G0 F12000 X-14.747 Y1.092
G1 F2400 X-18.499 Y-2.659 E0.26469
G0 F12000 X-18.42 Y-3.147
G1 F2400 X-14.773 Y0.501 E0.25735
G0 F12000 X-14.786 Y-0.078
G1 F2400 X-18.33 Y-3.623 E0.25008
G0 F12000 X-17.962 Y-3.82
G1 F2400 X-14.769 Y-.627 E0.22528
G0 F12000 X-14.742 Y-1.165
G1 F2400 X-17.396 Y-3.82 E0.18729
G0 F12000 X-16.83 Y-3.819
G1 F2400 X-14.691 Y-1.68 E0.15092
G0 F12000 X-14.624 Y-2.179
G1 F2400 X-16.264 Y-3.819 E0.11571
G0 F12000 X-15.698 Y-3.819
G1 F2400 X-14.543 Y-2.664 E0.08149
G0 F12000 X-14.447 Y-3.133
G1 F2400 X-15.132 Y-3.818 E0.04833
G0 F12000 X-14.566 Y-3.818
G1 F2400 X-14.339 Y-3.591 E0.01602
G1 F3600 E-1
;MESH:NONMESH
G0 F600 X-14.339 Y-3.591 Z23.4
G0 F12000 X-3.624 Y-4.041
;TIME_ELAPSED:958.813184
;LAYER:77
;TYPE:FILL
;MESH:bridge.stl
G1 F3600 E1
G1 F9600 X-5.789 Y4.04 E0.41738
G1 X-6.503 Y4.039 E0.03562
G1 X-12.545 Y-2.004 E0.42633
G1 X-12.399 Y-2.787 E0.03974
G1 X-12.157 Y-3.722 E0.04818
G1 X-12.043 Y-4.04 E0.01685
G1 X2.389 Y-4.04 E0.72002
G1 X10.468 Y4.039 E0.57002
G1 X12.046 Y4.039 E0.07873
G1 X12.154 Y3.728 E0.01642
G1 X12.4 Y2.782 E0.04877
G1 X12.57 Y1.873 E0.04614
G1 X12.63 Y1.322 E0.02765
G1 X7.288 Y2.753 E0.27591
G1 X6.001 Y4.04 E0.0908
G1 X5.514 Y4.04 E0.0243
G1 X7.045 Y2.508 E0.10806
G1 X8.8 Y-4.04 E0.33821
G1 X12.043 Y-4.04 E0.16179
G1 X12.143 Y-4.04
G1 F3600 E-1
G0 F12000 X17.736 Y4.122
G0 X17.952 Y4.399
;TYPE:WALL-INNER
G1 F3600 E1
G1 F3000 X18.075 Y3.889 E0.02617
G1 X18.271 Y2.853 E0.0526
G1 X18.391 Y1.941 E0.04589
G1 X18.468 Y0.965 E0.04884
G1 X18.491 Y0.00 E0.04816
G1 X18.468 Y-.969 E0.04836
G1 X18.395 Y-1.928 E0.04798
G1 X18.267 Y-2.853 E0.04659
G1 X18.077 Y-3.906 E0.05338
G1 X17.954 Y-4.4 E0.0254
G1 X-17.952 Y-4.4 E1.79136
G1 X-18.073 Y-3.905 E0.02542
G1 X-18.271 Y-2.853 E0.05341
G1 X-18.391 Y-1.941 E0.04589
G1 X-18.468 Y-.965 E0.04884
G1 X-18.491 Y0.00 E0.04816
G1 X-18.468 Y0.965 E0.04816
G1 X-18.395 Y1.924 E0.04798
G1 X-18.267 Y2.853 E0.04679
G1 X-18.077 Y3.906 E0.05338
G1 X-17.954 Y4.4 E0.0254
G1 X17.952 Y4.399 E1.79136
G0 F12000 X18.266 Y4.799
;TYPE:WALL-OUTER
G1 F1200 X18.464 Y3.989 E0.0416
G1 X18.666 Y2.916 E0.05447
G1 X18.789 Y1.983 E0.04695
G1 X18.868 Y0.985 E0.04995
G1 X18.891 Y0.00 E0.04916
G1 X18.868 Y-.989 E0.04935
G1 X18.793 Y-1.97 E0.04909
G1 X18.662 Y-2.916 E0.04765
G1 X18.468 Y-3.99 E0.05445
G1 X18.267 Y-4.8 E0.04164
G1 X-18.266 Y-4.8 E1.82264
G1 X-18.464 Y-3.989 E0.04165
G1 X-18.666 Y-2.916 E0.05447
G1 X-18.789 Y-1.983 E0.04695
G1 X-18.868 Y-.985 E0.04995
G1 X-18.891 Y0.00 E0.04916
G1 X-18.868 Y0.985 E0.04916
G1 X-18.793 Y1.966 E0.04909
G1 X-18.662 Y2.916 E0.04784
G1 X-18.468 Y3.99 E0.05445
G1 X-18.267 Y4.8 E0.04164
G1 X18.266 Y4.799 E1.82264
G0 F12000 X18.455 Y4.023
G1 F3600 E-1
G0 F12000 X17.778 Y3.858
G0 X17.649 Y-3.997
;TYPE:SKIN
G1 F3600 E1
G1 F2201.8 X17.828 Y-3.042 E0.05284
G1 F2196.8 X17.994 Y-1.888 E0.06355
G1 F2162.2 X18.069 Y-.949 E0.05217
G1 F2201.8 X18.092 Y-0.01 E0.05108
G1 F2206.9 X18.069 Y0.941 E0.05161
G1 F2176.9 X17.991 Y1.893 E0.05254
G1 F2162.2 X17.865 Y2.868 E0.05444
G1 X17.645 Y3.995 E0.06359
G1 F3600 E-1
G0 F12000 X12.427 Y4.016
G1 F3600 E1
G1 F2400 X12.726 Y2.871 E0.05904
G1 X12.905 Y1.921 E0.04823
G1 X13.011 Y0.958 E0.04833
G1 X13.049 Y0.002 E0.04773
G1 X13.012 Y-.958 E0.04793
G1 X12.905 Y-1.938 E0.04918
G1 X12.729 Y-2.858 E0.04673
G1 X12.427 Y-4.02 E0.0599
G1 X17.228 Y-4.02 E0.23952
G1 X17.442 Y-2.966 E0.05366
G1 X17.581 Y-1.977 E0.04983
G1 X17.668 Y-.988 E0.04953
G1 X17.695 Y-0.064 E0.04612
G1 X17.668 Y0.984 E0.0523
G1 X17.581 Y1.973 E0.04953
G1 X17.442 Y2.966 E0.05002
G1 X17.232 Y4.015 E0.05337
G1 X12.427 Y4.016 E0.23972
G1 F3600 E-1
G0 F12000 X16.548 Y3.816
G1 F3600 E1
G1 F2400 X17.198 Y3.167 E0.04583
G0 F12000 X17.306 Y2.493
G1 F2400 X15.983 Y3.816 E0.09334
G0 F12000 X15.417 Y3.816
G1 F2400 X17.391 Y1.842 E0.13928
G0 F12000 X17.446 Y1.222
G1 F2400 X14.851 Y3.816 E0.18306
G0 F12000 X14.286 Y3.816
G1 F2400 X17.477 Y0.625 E0.22514
G0 F12000 X17.492 Y0.044
G1 F2400 X13.72 Y3.816 E0.26613
G0 F12000 X13.154 Y3.816
G1 F2400 X17.482 Y-.511 E0.30533
G0 F12000 X17.461 Y-1.056
G1 F2400 X12.721 Y3.684 E0.33443
G0 F12000 X12.92 Y2.92
G1 F2400 X17.415 Y-1.575 E0.31715
G0 F12000 X17.363 Y-2.09
G1 F2400 X13.053 Y2.22 E0.30409
G0 F12000 X13.146 Y1.562
G1 F2400 X17.294 Y-2.586 E0.29266
G0 F12000 X17.216 Y-3.074
G1 F2400 X13.212 Y0.93 E0.2825
G0 F12000 X13.236 Y0.341
G1 F2400 X17.12 Y-3.544 E0.27407
G0 F12000 X16.831 Y-3.82
G1 F2400 X13.241 Y-.23 E0.25329
G0 F12000 X13.219 Y-.774
G1 F2400 X16.266 Y-3.82 E0.21495
G0 F12000 X15.7 Y-3.82
G1 F2400 X13.176 Y-1.297 E0.17805
G0 F12000 X13.121 Y-1.807
G1 F2400 X15.134 Y-3.82 E0.14203
G0 F12000 X14.569 Y-3.82
G1 F2400 X13.04 Y-2.292 E0.10784
G0 F12000 X12.949 Y-2.767
G1 F2400 X14.003 Y-3.82 E0.07433
G0 F12000 X13.437 Y-3.82
G1 F2400 X12.841 Y-3.224 E0.04205
G0 F12000 X12.724 Y-3.673
G1 F2400 X12.871 Y-3.82 E0.01037
G1 F3600 E-1
G0 F12000 X-17.649 Y3.996
G1 F3600 E1
G1 F2152.5 X-17.862 Y2.861 E0.06424
G1 X-17.994 Y1.876 E0.05528
G1 F2167 X-18.069 Y0.941 E0.05183
G1 F2201.8 X-18.092 Y0.00 E0.05119
G1 F2206.9 X-18.069 Y-.941 E0.05107
G1 F2176.9 X-17.992 Y-1.893 E0.05253
G1 X-17.86 Y-2.889 E0.05526
G1 X-17.647 Y-3.998 E0.06211
G1 F3600 E-1
G0 F12000 X-12.43 Y4.02
G1 F3600 E1
G1 F2400 X-17.228 Y4.02 E0.23937
G1 X-17.442 Y2.966 E0.05366
G1 X-17.581 Y1.973 E0.05002
G1 X-17.668 Y0.984 E0.04953
G1 X-17.695 Y0.00 E0.04911
G1 X-17.668 Y-.984 E0.04911
G1 X-17.581 Y-1.973 E0.04953
G1 X-17.442 Y-2.966 E0.05002
G1 X-17.228 Y-4.02 E0.05366
G1 X-12.43 Y-4.02 E0.23937
G1 X-12.726 Y-2.87 E0.05924
G1 X-12.905 Y-1.93 E0.04774
G1 X-13.011 Y-.958 E0.04878
G1 X-13.048 Y-0.004 E0.04763
G1 X-13.012 Y0.954 E0.04783
G1 X-12.907 Y1.906 E0.04778
G1 X-12.729 Y2.857 E0.04827
G1 X-12.43 Y4.02 E0.05991
G0 F12000 X-12.725 Y3.674
G1 F2400 X-12.871 Y3.82 E0.0103
G0 F12000 X-13.436 Y3.82
G1 F2400 X-12.841 Y3.224 E0.04202
G0 F12000 X-12.95 Y2.768
G1 F2400 X-14.002 Y3.82 E0.07422
G0 F12000 X-14.568 Y3.82
G1 F2400 X-13.04 Y2.292 E0.10781
G0 F12000 X-13.119 Y1.805
G1 F2400 X-15.133 Y3.82 E0.14213
G0 F12000 X-15.699 Y3.82
G1 F2400 X-13.176 Y1.296 E0.17805
G0 F12000 X-13.219 Y0.774
G1 F2400 X-16.265 Y3.82 E0.21491
G0 F12000 X-16.831 Y3.82
G1 F2400 X-13.239 Y0.228 E0.25344
G0 F12000 X-13.235 Y-.342
G1 F2400 X-17.12 Y3.544 E0.27414
G0 F12000 X-17.216 Y3.074
G1 F2400 X-13.212 Y-.93 E0.2825
G0 F12000 X-13.147 Y-1.561
G1 F2400 X-17.293 Y2.585 E0.29252
G0 F12000 X-17.362 Y2.089
G1 F2400 X-13.054 Y-2.22 E0.30399
G0 F12000 X-12.921 Y-2.918
G1 F2400 X-17.415 Y1.575 E0.31704
G0 F12000 X-17.46 Y1.055
G1 F2400 X-12.724 Y-3.681 E0.33415
G0 F12000 X-13.151 Y-3.82
G1 F2400 X-17.48 Y0.51 E0.30547
G0 F12000 X-17.494 Y-0.042
G1 F2400 X-13.716 Y-3.82 E0.26656
G0 F12000 X-14.282 Y-3.82
G1 F2400 X-17.477 Y-.625 E0.22542
G0 F12000 X-17.446 Y-1.222
G1 F2400 X-14.848 Y-3.82 E0.1833
G0 F12000 X-15.414 Y-3.82
G1 F2400 X-17.391 Y-1.842 E0.13952
G0 F12000 X-17.306 Y-2.493
G1 F2400 X-15.979 Y-3.82 E0.09363
G0 F12000 X-16.545 Y-3.82
G1 F2400 X-17.197 Y-3.168 E0.046
G1 X-17.267 Y-3.098
G1 F3600 E-1
;MESH:NONMESH
G0 F600 X-17.267 Y-3.098 Z23.7
G0 F12000 X-3.843 Y-4.04
;TIME_ELAPSED:974.166431
;LAYER:78
;TYPE:FILL
;MESH:bridge.stl
G1 F3600 E1
G1 F9600 X-6.009 Y4.041 E0.41739
G1 X-6.202 Y4.04 E0.00963
G1 X-10.96 Y-.718 E0.3357
G1 X-10.813 Y-1.834 E0.05616
G1 X-10.611 Y-2.755 E0.04704
G1 X-10.33 Y-3.686 E0.04852
G1 X-10.19 Y-4.04 E0.01899
G1 X2.689 Y-4.04 E0.64254
G1 X10.351 Y3.622 E0.5406
G1 X10.611 Y2.755 E0.04516
G1 X10.767 Y2.041 E0.03646
G1 X6.989 Y3.053 E0.19513
G1 X6.003 Y4.039 E0.06957
G1 X5.514 Y4.039 E0.0244
G1 X6.744 Y2.81 E0.08675
G1 X8.58 Y-4.041 E0.35386
G1 X10.191 Y-4.04 E0.08037
G1 X10.291 Y-4.04
G1 F3600 E-1
G0 F12000 X16.501 Y4.121
G0 X16.715 Y4.399
;TYPE:WALL-INNER
G1 F3600 E1
G1 F3000 X16.858 Y3.842 E0.02869
G1 X17.047 Y2.899 E0.04798
G1 X17.183 Y1.928 E0.04892
G1 X17.268 Y0.961 E0.04843
G1 X17.295 Y0.00 E0.04796
G1 X17.268 Y-.965 E0.04816
G1 X17.183 Y-1.932 E0.04843
G1 X17.048 Y-2.899 E0.04871
G1 X16.851 Y-3.879 E0.04987
G1 X16.715 Y-4.4 E0.02686
G1 X-16.715 Y-4.4 E1.66783
G1 X-16.859 Y-3.842 E0.02875
G1 X-17.048 Y-2.899 E0.04798
G1 X-17.183 Y-1.928 E0.04891
G1 X-17.268 Y-.961 E0.04843
G1 X-17.295 Y0.00 E0.04796
G1 X-17.268 Y0.961 E0.04796
G1 X-17.183 Y1.928 E0.04843
G1 X-17.048 Y2.899 E0.04891
G1 X-16.851 Y3.879 E0.04987
G1 X-16.715 Y4.4 E0.02686
G1 X16.715 Y4.399 E1.66783
G0 F12000 X17.025 Y4.799
;TYPE:WALL-OUTER
G1 F1200 X17.244 Y3.951 E0.04369
G1 X17.442 Y2.966 E0.05012
G1 X17.581 Y1.973 E0.05002
G1 X17.668 Y0.984 E0.04953
G1 X17.695 Y0.00 E0.04911
G1 X17.668 Y-.988 E0.04931
G1 X17.581 Y-1.977 E0.04953
G1 X17.442 Y-2.966 E0.04983
G1 X17.245 Y-3.951 E0.05012
G1 X17.025 Y-4.8 E0.04376
G1 X-17.025 Y-4.8 E1.69876
G1 X-17.245 Y-3.951 E0.04376
G1 X-17.442 Y-2.966 E0.05012
G1 X-17.581 Y-1.973 E0.05002
G1 X-17.668 Y-.984 E0.04953
G1 X-17.695 Y0.00 E0.04911
G1 X-17.668 Y0.984 E0.04911
G1 X-17.581 Y1.973 E0.04953
G1 X-17.442 Y2.966 E0.05002
G1 X-17.245 Y3.951 E0.05012
G1 X-17.025 Y4.8 E0.04376
G1 X17.025 Y4.799 E1.69876
G0 F12000 X17.225 Y4.025
G1 F3600 E-1
G0 F12000 X16.551 Y3.849
G0 X16.379 Y-3.955
;TYPE:SKIN
G1 F3600 E1
G1 F1828.6 X16.566 Y-3.054 E0.06026
G1 F1846.2 X16.721 Y-2.039 E0.06659
G1 F1835.6 X16.818 Y-1.024 E0.06651
G1 F1821.6 X16.848 Y-0.011 E0.06661
G1 F1825.1 X16.819 Y1.003 E0.06655
G1 F1832.1 X16.739 Y1.874 E0.05716
G1 F1818.2 X16.606 Y2.824 E0.06317
G1 F1807.9 X16.379 Y3.951 E0.07614
G1 F3600 E-1
G0 F12000 X10.584 Y4.016
G1 F3600 E1
G1 F2400 X10.94 Y2.842 E0.0612
G1 X11.148 Y1.895 E0.04837
G1 X11.271 Y0.963 E0.0469
G1 X11.312 Y0.005 E0.04784
G1 X11.272 Y-.955 E0.04794
G1 X11.151 Y-1.878 E0.04644
G1 X10.94 Y-2.832 E0.04875
G1 X10.584 Y-4.02 E0.06187
G1 X15.91 Y-4.02 E0.26572
G1 X16.135 Y-2.964 E0.05387
G1 X16.289 Y-1.924 E0.05245
G1 X16.376 Y-.987 E0.04695
G1 X16.403 Y0.00 E0.04926
G1 X16.376 Y0.984 E0.04911
G1 X16.293 Y1.924 E0.04708
G1 X16.135 Y2.959 E0.05223
G1 X15.91 Y4.015 E0.05387
G1 X10.584 Y4.016 E0.26572
G0 F12000 X10.928 Y3.574
G1 F2400 X11.169 Y3.815 E0.017
G0 F12000 X11.734 Y3.815
G1 F2400 X11.058 Y3.139 E0.0477
G0 F12000 X11.179 Y2.693
G1 F2400 X12.3 Y3.815 E0.07913
G0 F12000 X12.866 Y3.815
G1 F2400 X11.28 Y2.229 E0.1119
G0 F12000 X11.367 Y1.751
G1 F2400 X13.431 Y3.815 E0.14563
G0 F12000 X13.997 Y3.815
G1 F2400 X11.434 Y1.252 E0.18083
G0 F12000 X11.481 Y0.733
G1 F2400 X14.563 Y3.815 E0.21745
G0 F12000 X15.129 Y3.815
G1 F2400 X11.504 Y0.19 E0.25576
G0 F12000 X11.495 Y-.385
G1 F2400 X15.694 Y3.815 E0.2963
G0 F12000 X15.838 Y3.393
G1 F2400 X11.471 Y-.974 E0.30812
G0 F12000 X11.385 Y-1.626
G1 F2400 X15.937 Y2.927 E0.3212
G0 F12000 X16.013 Y2.437
G1 F2400 X11.256 Y-2.32 E0.33563
G0 F12000 X11.08 Y-3.062
G1 F2400 X16.088 Y1.946 E0.35334
G0 F12000 X16.136 Y1.428
G1 F2400 X10.888 Y-3.82 E0.37027
G0 F12000 X11.454 Y-3.82
G1 F2400 X16.178 Y0.904 E0.3333
G0 F12000 X16.193 Y0.354
G1 F2400 X12.019 Y-3.82 E0.2945
G0 F12000 X12.585 Y-3.82
G1 F2400 X16.198 Y-.207 E0.25492
G0 F12000 X16.182 Y-.788
G1 F2400 X13.151 Y-3.82 E0.21389
G0 F12000 X13.716 Y-3.82
G1 F2400 X16.138 Y-1.399 E0.17085
G0 F12000 X16.07 Y-2.032
G1 F2400 X14.282 Y-3.82 E0.12615
G0 F12000 X14.848 Y-3.82
G1 F2400 X15.971 Y-2.696 E0.07927
G0 F12000 X15.838 Y-3.395
G1 F2400 X15.414 Y-3.82 E0.02995
G1 F3600 E-1
G0 F12000 X-16.379 Y3.955
G1 F3600 E1
G1 F1804.5 X-16.599 Y2.872 E0.07333
G1 F1828.6 X-16.722 Y2.02 E0.05637
G1 F1839.1 X-16.819 Y1.003 E0.06651
G1 F1821.6 X-16.848 Y0.00 E0.06596
G1 F1818.2 X-16.823 Y-.929 E0.0612
G1 F1835.6 X-16.72 Y-2.035 E0.07246
G1 F1846.2 X-16.567 Y-3.046 E0.06632
G1 F1821.6 X-16.381 Y-3.953 E0.06086
G1 F3600 E-1
G0 F12000 X-10.583 Y4.02
G1 F3600 E1
G1 F2400 X-15.91 Y4.02 E0.26577
G1 X-16.135 Y2.96 E0.05406
G1 X-16.289 Y1.924 E0.05225
G1 X-16.376 Y0.984 E0.0471
G1 X-16.403 Y0.00 E0.04911
G1 X-16.376 Y-.984 E0.04911
G1 X-16.293 Y-1.924 E0.04708
G1 X-16.135 Y-2.96 E0.05228
G1 X-15.91 Y-4.02 E0.05406
G1 X-10.582 Y-4.02 E0.26581
G1 X-10.94 Y-2.843 E0.06138
G1 X-11.148 Y-1.895 E0.04842
G1 X-11.271 Y-.963 E0.0469
G1 X-11.312 Y-0.005 E0.04784
G1 X-11.272 Y0.955 E0.04794
G1 X-11.151 Y1.878 E0.04644
G1 X-10.944 Y2.827 E0.04846
G1 X-10.583 Y4.02 E0.06218
G1 F3600 E-1
G0 F12000 X-15.413 Y3.82
G1 F3600 E1
G1 F2400 X-15.838 Y3.395 E0.02999
G0 F12000 X-15.973 Y2.695
G1 F2400 X-14.847 Y3.82 E0.07941
G0 F12000 X-14.281 Y3.82
G1 F2400 X-16.071 Y2.031 E0.12626
G0 F12000 X-16.137 Y1.399
G1 F2400 X-13.716 Y3.82 E0.17081
G0 F12000 X-13.15 Y3.82
G1 F2400 X-16.181 Y0.789 E0.21385
G0 F12000 X-16.197 Y0.208
G1 F2400 X-12.584 Y3.82 E0.25488
G0 F12000 X-12.019 Y3.82
G1 F2400 X-16.193 Y-.354 E0.2945
G0 F12000 X-16.178 Y-.904
G1 F2400 X-11.453 Y3.82 E0.33334
G0 F12000 X-10.887 Y3.82
G1 F2400 X-16.136 Y-1.428 E0.37031
G0 F12000 X-16.088 Y-1.946
G1 F2400 X-11.081 Y3.061 E0.35327
G0 F12000 X-11.259 Y2.318
G1 F2400 X-16.012 Y-2.436 E0.33539
G0 F12000 X-15.937 Y-2.927
G1 F2400 X-11.385 Y1.626 E0.3212
G0 F12000 X-11.47 Y0.975
G1 F2400 X-15.838 Y-3.393 E0.30819
G0 F12000 X-15.7 Y-3.82
G1 F2400 X-11.495 Y0.385 E0.29669
G0 F12000 X-11.504 Y-.19
G1 F2400 X-15.134 Y-3.82 E0.25612
G0 F12000 X-14.569 Y-3.82
G1 F2400 X-11.481 Y-.733 E0.21784
G0 F12000 X-11.434 Y-1.252
G1 F2400 X-14.003 Y-3.82 E0.18122
G0 F12000 X-13.437 Y-3.82
G1 F2400 X-11.367 Y-1.751 E0.14601
G0 F12000 X-11.278 Y-2.227
G1 F2400 X-12.871 Y-3.82 E0.11239
G0 F12000 X-12.306 Y-3.82
G1 F2400 X-11.177 Y-2.691 E0.07966
G0 F12000 X-11.058 Y-3.139
G1 F2400 X-11.74 Y-3.82 E0.04808
G0 F12000 X-11.174 Y-3.82
G1 F2400 X-10.927 Y-3.573 E0.01743
G1 F3600 E-1
;MESH:NONMESH
G0 F600 X-10.927 Y-3.573 Z24
G0 F12000 X2.988 Y-4.04
;TIME_ELAPSED:989.744960
;LAYER:79
;TYPE:FILL
;MESH:bridge.stl
G1 F3600 E1
G1 F9600 X8.748 Y1.719 E0.40636
G1 X8.879 Y0.891 E0.04182
G1 X8.929 Y0.00 E0.04452
G1 X8.879 Y-.891 E0.04452
G1 X8.733 Y-1.81 E0.04642
G1 X8.497 Y-2.712 E0.04652
G1 X8.212 Y-3.486 E0.04115
G1 X6.195 Y4.04 E0.38872
G1 X7.941 Y4.04 E0.08711
G1 X8.167 Y3.61 E0.02424
G1 X8.433 Y2.886 E0.03848
G1 X4.124 Y4.04 E0.22255
G1 X-5.902 Y4.04 E0.5002
G1 X-8.847 Y1.095 E0.20779
G1 X-8.733 Y1.808 E0.03602
G1 X-8.497 Y2.712 E0.04661
G1 X-8.167 Y3.61 E0.04773
G1 X-7.941 Y4.04 E0.02424
G1 X-6.228 Y4.041 E0.08546
G1 X-4.063 Y-4.04 E0.41738
G1 X7.941 Y-4.04 E0.59888
G1 X8.041 Y-4.04
G1 F3600 E-1
G0 F12000 X15.172 Y4.121
G0 X15.382 Y4.4
;TYPE:WALL-INNER
G1 F3600 E1
G1 F3000 X15.537 Y3.852 E0.02841
G1 X15.741 Y2.888 E0.04916
G1 X15.895 Y1.876 E0.05107
G1 X15.976 Y0.961 E0.04583
G1 X16.003 Y0.00 E0.04796
G1 X15.976 Y-.963 E0.04806
G1 X15.892 Y-1.876 E0.04574
G1 X15.741 Y-2.892 E0.05125
G1 X15.533 Y-3.859 E0.04935
G1 X15.381 Y-4.4 E0.02804
G1 X-15.382 Y-4.4 E1.53477
G1 X-15.537 Y-3.852 E0.02841
G1 X-15.741 Y-2.888 E0.04916
G1 X-15.895 Y-1.876 E0.05107
G1 X-15.976 Y-.961 E0.04583
G1 X-16.003 Y0.00 E0.04796
G1 X-15.976 Y0.959 E0.04786
G1 X-15.891 Y1.876 E0.04595
G1 X-15.741 Y2.889 E0.05109
G1 X-15.537 Y3.852 E0.04911
G1 X-15.382 Y4.4 E0.02841
G1 X15.382 Y4.4 E1.53482
G0 F12000 X15.684 Y4.8
;TYPE:WALL-OUTER
G1 F1200 X15.925 Y3.948 E0.04417
G1 X16.135 Y2.96 E0.05039
G1 X16.293 Y1.924 E0.05228
G1 X16.376 Y0.984 E0.04708
G1 X16.403 Y0.00 E0.04911
G1 X16.376 Y-.987 E0.04926
G1 X16.289 Y-1.924 E0.04695
G1 X16.135 Y-2.964 E0.05245
G1 X15.913 Y-3.988 E0.05227
G1 X15.684 Y-4.8 E0.04209
G1 X-15.684 Y-4.8 E1.56496
G1 X-15.925 Y-3.948 E0.04417
G1 X-16.135 Y-2.96 E0.05039
G1 X-16.293 Y-1.924 E0.05228
G1 X-16.376 Y-.984 E0.04708
G1 X-16.403 Y0.00 E0.04911
G1 X-16.376 Y0.983 E0.04906
G1 X-16.289 Y1.924 E0.04715
G1 X-16.135 Y2.96 E0.05225
G1 X-15.925 Y3.948 E0.05039
G1 X-15.684 Y4.8 E0.04417
G1 X15.684 Y4.8 E1.56496
G0 F12000 X15.901 Y4.03
G1 F3600 E-1
G0 F12000 X15.23 Y3.84
G0 X15.007 Y-3.897
;TYPE:SKIN
G1 F3600 E1
G1 F1514.2 X15.209 Y-3.018 E0.07132
G1 F1543.4 X15.368 Y-2.05 E0.0761
G1 F1526.2 X15.479 Y-.933 E0.08806
G1 F1514.2 X15.504 Y-0.013 E0.07278
G1 F1523.8 X15.475 Y1.001 E0.07971
G1 F1528.7 X15.392 Y1.907 E0.07126
G1 F1533.5 X15.213 Y2.995 E0.08609
G1 F1523.8 X15.002 Y3.901 E0.0731
G1 F3600 E-1
G0 F12000 X8.335 Y4.02
G1 F3600 E1
G1 F2400 X8.474 Y3.753 E0.01502
G1 X8.816 Y2.83 E0.04911
G1 X9.066 Y1.879 E0.04906
G1 X9.216 Y0.92 E0.04843
G1 X9.268 Y0.012 E0.04537
G1 X9.216 Y-.928 E0.04697
G1 X9.066 Y-1.864 E0.04729
G1 X8.822 Y-2.811 E0.04879
G1 X8.484 Y-3.73 E0.04885
G1 X8.335 Y-4.02 E0.01627
G1 X14.459 Y-4.02 E0.30553
G1 X14.715 Y-2.992 E0.05285
G1 X14.885 Y-1.922 E0.05405
G1 X14.98 Y-.991 E0.04669
G1 X15.007 Y0.00 E0.04946
G1 X14.98 Y0.983 E0.04906
G1 X14.889 Y1.921 E0.04702
G1 X14.711 Y2.991 E0.05412
G1 X14.459 Y4.019 E0.05281
G1 X8.335 Y4.02 E0.30553
G1 F3600 E-1
G0 F12000 X13.717 Y3.819
G1 F3600 E1
G1 F2400 X14.492 Y3.044 E0.05468
G0 F12000 X14.614 Y2.357
G1 F2400 X13.151 Y3.819 E0.10319
G0 F12000 X12.586 Y3.819
G1 F2400 X14.71 Y1.695 E0.14986
G0 F12000 X14.77 Y1.069
G1 F2400 X12.02 Y3.819 E0.19403
G0 F12000 X11.454 Y3.82
G1 F2400 X14.793 Y0.48 E0.23562
G0 F12000 X14.804 Y-0.096
G1 F2400 X10.888 Y3.82 E0.27629
G0 F12000 X10.322 Y3.82
G1 F2400 X14.788 Y-.646 E0.3151
G0 F12000 X14.759 Y-1.182
G1 F2400 X9.757 Y3.82 E0.35292
G0 F12000 X9.191 Y3.82
G1 F2400 X14.707 Y-1.696 E0.38918
G0 F12000 X14.639 Y-2.194
G1 F2400 X8.684 Y3.761 E0.42016
G1 X8.614 Y3.831
G0 F12000 X9.013 Y2.866
G1 F2400 X14.561 Y-2.682 E0.39144
G0 F12000 X14.468 Y-3.154
G1 F2400 X9.216 Y2.097 E0.37052
G0 F12000 X9.343 Y1.405
G1 F2400 X14.356 Y-3.608 E0.35369
G0 F12000 X14.002 Y-3.82
G1 F2400 X9.424 Y0.758 E0.323
G0 F12000 X9.46 Y0.156
G1 F2400 X13.436 Y-3.82 E0.28053
G0 F12000 X12.871 Y-3.82
G1 F2400 X9.446 Y-.395 E0.24165
G0 F12000 X9.417 Y-.931
G1 F2400 X12.305 Y-3.82 E0.2038
G0 F12000 X11.739 Y-3.82
G1 F2400 X9.339 Y-1.419 E0.16937
G0 F12000 X9.261 Y-1.907
G1 F2400 X11.174 Y-3.82 E0.13497
G0 F12000 X10.608 Y-3.82
G1 F2400 X9.146 Y-2.358 E0.10315
G0 F12000 X9.03 Y-2.807
G1 F2400 X10.042 Y-3.82 E0.07144
G0 F12000 X9.477 Y-3.82
G1 F2400 X8.882 Y-3.225 E0.04198
G0 F12000 X8.729 Y-3.638
G1 F2400 X8.911 Y-3.82 E0.01284
G1 F3600 E-1
G0 F12000 X-15.002 Y3.901
G1 F3600 E1
G1 F1519 X-15.237 Y2.89 E0.08182
G1 F1523.8 X-15.397 Y1.81 E0.08579
G1 F1519 X-15.475 Y1.001 E0.06407
G1 F1521.4 X-15.504 Y0.00 E0.07881
G1 F1519 X-15.479 Y-.927 E0.0731
G1 F1521.4 X-15.393 Y-1.908 E0.0775
G1 F1528.7 X-15.208 Y-3.017 E0.08807
G1 F1519 X-15.002 Y-3.901 E0.07155
G1 F3600 E-1
G0 F12000 X-8.334 Y4.02
G1 F3600 E1
G1 F2400 X-14.459 Y4.02 E0.30558
G1 X-14.715 Y2.992 E0.05285
G1 X-14.885 Y1.922 E0.05405
G1 X-14.98 Y0.983 E0.04709
G1 X-15.007 Y0.00 E0.04906
G1 X-14.98 Y-.983 E0.04906
G1 X-14.889 Y-1.921 E0.04702
G1 X-14.712 Y-2.991 E0.05411
G1 X-14.459 Y-4.02 E0.05287
G1 X-8.335 Y-4.02 E0.30553
G1 X-8.474 Y-3.753 E0.01502
G1 X-8.822 Y-2.811 E0.0501
G1 X-9.062 Y-1.883 E0.04782
G1 X-9.216 Y-.92 E0.04865
G1 X-9.268 Y-0.012 E0.04537
G1 X-9.216 Y0.916 E0.04637
G1 X-9.066 Y1.879 E0.04862
G1 X-8.822 Y2.811 E0.04806
G1 X-8.484 Y3.73 E0.04885
G1 X-8.334 Y4.02 E0.01629
G0 F12000 X-8.729 Y3.638
G1 F2400 X-8.911 Y3.82 E0.01284
G0 F12000 X-9.477 Y3.82
G1 F2400 X-8.883 Y3.226 E0.04191
G0 F12000 X-9.029 Y2.807
G1 F2400 X-10.042 Y3.82 E0.07147
G0 F12000 X-10.608 Y3.82
G1 F2400 X-9.147 Y2.359 E0.10308
G0 F12000 X-9.264 Y1.91
G1 F2400 X-11.174 Y3.82 E0.13476
G0 F12000 X-11.739 Y3.82
G1 F2400 X-9.341 Y1.421 E0.16923
G0 F12000 X-9.414 Y0.929
G1 F2400 X-12.305 Y3.82 E0.20398
G0 F12000 X-12.871 Y3.82
G1 F2400 X-9.445 Y0.394 E0.24172
G0 F12000 X-9.46 Y-.156
G1 F2400 X-13.436 Y3.82 E0.28053
G0 F12000 X-14.002 Y3.82
G1 F2400 X-9.425 Y-.757 E0.32293
G0 F12000 X-9.339 Y-1.409
G1 F2400 X-14.356 Y3.608 E0.35398
G0 F12000 X-14.469 Y3.155
G1 F2400 X-9.213 Y-2.101 E0.37084
G0 F12000 X-9.014 Y-2.865
G1 F2400 X-14.561 Y2.682 E0.39137
G0 F12000 X-14.639 Y2.194
G1 F2400 X-8.684 Y-3.761 E0.42016
G0 F12000 X-9.191 Y-3.82
G1 F2400 X-14.707 Y1.696 E0.38918
G0 F12000 X-14.758 Y1.182
G1 F2400 X-9.757 Y-3.82 E0.35288
G0 F12000 X-10.322 Y-3.82
G1 F2400 X-14.788 Y0.646 E0.3151
G0 F12000 X-14.804 Y0.096
G1 F2400 X-10.888 Y-3.82 E0.27629
G0 F12000 X-11.454 Y-3.82
G1 F2400 X-14.793 Y-.48 E0.23562
G0 F12000 X-14.77 Y-1.069
G1 F2400 X-12.019 Y-3.82 E0.1941
G0 F12000 X-12.585 Y-3.82
G1 F2400 X-14.71 Y-1.695 E0.14993
G0 F12000 X-14.614 Y-2.356
G1 F2400 X-13.151 Y-3.82 E0.10326
G0 F12000 X-13.716 Y-3.82
G1 F2400 X-14.493 Y-3.043 E0.05482
G1 X-14.563 Y-2.973
G1 F3600 E-1
;MESH:NONMESH
G0 F600 X-14.563 Y-2.973 Z24.3
G0 F12000 X3.289 Y-4.04
;TIME_ELAPSED:1005.902312
;LAYER:80
;TYPE:FILL
;MESH:bridge.stl
G1 F3600 E1
G1 F9600 X6.208 Y-1.121 E0.20595
G1 X6.255 Y-.883 E0.0121
G1 X6.313 Y-0.001 E0.0441
G1 X6.256 Y0.875 E0.0438
G1 X6.089 Y1.717 E0.04283
G1 X5.763 Y2.585 E0.04626
G1 X5.248 Y3.534 E0.05387
G1 X4.834 Y4.039 E0.03258
G1 X-4.837 Y4.04 E0.48249
G1 X-5.252 Y3.531 E0.03276
G1 X-5.758 Y2.597 E0.053
G1 X-5.935 Y2.128 E0.02501
G1 X-4.282 Y-4.04 E0.31858
G1 X4.832 Y-4.04 E0.4547
G1 X4.932 Y-4.04
G1 F3600 E-1
G0 F12000 X13.715 Y4.12
G0 X13.918 Y4.399
;TYPE:WALL-INNER
G1 F3600 E1
G1 F3000 X14.093 Y3.839 E0.02927
G1 X14.319 Y2.911 E0.04765
G1 X14.492 Y1.869 E0.0527
G1 X14.58 Y0.958 E0.04566
G1 X14.607 Y0.00 E0.04781
G1 X14.58 Y-.965 E0.04816
G1 X14.488 Y-1.87 E0.04538
G1 X14.323 Y-2.912 E0.05263
G1 X14.087 Y-3.859 E0.04869
G1 X13.918 Y-4.4 E0.02828
G1 X-13.918 Y-4.4 E1.38874
G1 X-14.093 Y-3.839 E0.02932
G1 X-14.319 Y-2.911 E0.04765
G1 X-14.492 Y-1.869 E0.0527
G1 X-14.58 Y-.958 E0.04566
G1 X-14.607 Y0.00 E0.04781
G1 X-14.58 Y0.957 E0.04776
G1 X-14.488 Y1.87 E0.04578
G1 X-14.323 Y2.912 E0.05263
G1 X-14.087 Y3.859 E0.04869
G1 X-13.918 Y4.4 E0.02828
G1 X13.918 Y4.399 E1.38874
G0 F12000 X14.212 Y4.799
;TYPE:WALL-OUTER
G1 F1200 X14.479 Y3.946 E0.04459
G1 X14.711 Y2.991 E0.04903
G1 X14.889 Y1.921 E0.05412
G1 X14.98 Y0.983 E0.04702
G1 X15.007 Y0.00 E0.04906
G1 X14.98 Y-.991 E0.04946
G1 X14.885 Y-1.922 E0.04669
G1 X14.715 Y-2.992 E0.05405
G1 X14.479 Y-3.946 E0.04903
G1 X14.212 Y-4.8 E0.04464
G1 X-14.212 Y-4.8 E1.41808
G1 X-14.479 Y-3.946 E0.04464
G1 X-14.711 Y-2.991 E0.04903
G1 X-14.889 Y-1.921 E0.05412
G1 X-14.98 Y-.983 E0.04702
G1 X-15.007 Y0.00 E0.04906
G1 X-14.98 Y0.983 E0.04906
G1 X-14.885 Y1.922 E0.04709
G1 X-14.715 Y2.992 E0.05405
G1 X-14.479 Y3.946 E0.04903
G1 X-14.212 Y4.8 E0.04464
G1 X14.212 Y4.799 E1.41808
G0 F12000 X14.45 Y4.036
G0 X13.785 Y3.83
G0 X13.247 Y4.022
;TYPE:SKIN
G1 F2480.6 X13.503 Y3.04 E0.04898
G1 X13.691 Y2.028 E0.04968
G1 F2461.5 X13.803 Y1.021 E0.04929
G1 F2467.9 X13.842 Y0.004 E0.04938
G1 F2461.5 X13.804 Y-1.008 E0.04926
G1 F2467.9 X13.692 Y-2.021 E0.04945
G1 F2474.2 X13.5 Y-3.052 E0.05075
G1 F2449 X13.25 Y-4.024 E0.04907
G1 X13.655 Y-4.024 E0.0198
G1 F2424.2 X13.942 Y-2.876 E0.05845
G1 X14.116 Y-1.774 E0.0551
G1 F2436.5 X14.202 Y-.95 E0.04071
G1 F2449 X14.23 Y-0.024 E0.0453
G1 F2455.2 X14.203 Y0.925 E0.0463
G1 F2430.4 X14.116 Y1.816 E0.04411
G1 X13.94 Y2.861 E0.05221
G1 F2449 X13.658 Y4.022 E0.05841
G1 F2461.5 X13.247 Y4.022 E0.01999
G1 F3600 E-1
G0 F12000 X5.291 Y4.016
G1 F3600 E1
G1 F2400 X5.519 Y3.739 E0.0179
G1 X6.076 Y2.718 E0.05802
G1 X6.408 Y1.826 E0.04748
G1 X6.589 Y0.927 E0.04575
G1 X6.653 Y-0.001 E0.04641
G1 X6.589 Y-.94 E0.04696
G1 X6.413 Y-1.812 E0.04438
G1 X6.072 Y-2.723 E0.04853
G1 X5.54 Y-3.708 E0.05585
G1 X5.288 Y-4.02 E0.02001
G1 X12.861 Y-4.02 E0.37782
G1 X13.132 Y-2.988 E0.05323
G1 X13.322 Y-1.97 E0.05167
G1 X13.428 Y-.985 E0.04943
G1 X13.467 Y-0.004 E0.04898
G1 X13.428 Y0.981 E0.04918
G1 X13.322 Y1.97 E0.04962
G1 X13.128 Y2.988 E0.0517
G1 X12.861 Y4.016 E0.05299
G1 X5.291 Y4.016 E0.37767
G0 F12000 X5.838 Y3.575
G1 F2400 X6.079 Y3.816 E0.017
G0 F12000 X6.645 Y3.816
G1 F2400 X6.038 Y3.21 E0.04279
G0 F12000 X6.238 Y2.844
G1 F2400 X7.21 Y3.816 E0.06858
G0 F12000 X7.776 Y3.816
G1 F2400 X6.392 Y2.432 E0.09765
G0 F12000 X6.544 Y2.019
G1 F2400 X8.342 Y3.816 E0.12682
G0 F12000 X8.907 Y3.816
G1 F2400 X6.664 Y1.573 E0.15826
G0 F12000 X6.756 Y1.1
G1 F2400 X9.473 Y3.816 E0.19166
G0 F12000 X10.039 Y3.816
G1 F2400 X6.814 Y0.591 E0.22754
G0 F12000 X6.849 Y0.061
G1 F2400 X10.604 Y3.816 E0.26494
G0 F12000 X11.17 Y3.816
G1 F2400 X6.817 Y-.537 E0.30713
G0 F12000 X6.742 Y-1.177
G1 F2400 X11.736 Y3.816 E0.35232
G0 F12000 X12.302 Y3.816
G1 F2400 X6.594 Y-1.891 E0.40269
G1 X6.524 Y-1.961
G0 F12000 X6.259 Y-2.792
G1 F2400 X12.74 Y3.689 E0.45727
G0 F12000 X12.857 Y3.24
G1 F2400 X5.797 Y-3.82 E0.49812
G0 F12000 X6.363 Y-3.82
G1 F2400 X12.964 Y2.782 E0.46577
G0 F12000 X13.055 Y2.307
G1 F2400 X6.928 Y-3.82 E0.43229
G0 F12000 X7.494 Y-3.82
G1 F2400 X13.137 Y1.824 E0.39818
G0 F12000 X13.192 Y1.312
G1 F2400 X8.06 Y-3.82 E0.36209
G0 F12000 X8.625 Y-3.82
G1 F2400 X13.236 Y0.791 E0.32533
G0 F12000 X13.258 Y0.247
G1 F2400 X9.191 Y-3.82 E0.28695
G0 F12000 X9.757 Y-3.82
G1 F2400 X13.255 Y-.322 E0.2468
G0 F12000 X13.231 Y-.911
G1 F2400 X10.322 Y-3.82 E0.20525
G0 F12000 X10.888 Y-3.82
G1 F2400 X13.168 Y-1.54 E0.16087
G0 F12000 X13.077 Y-2.196
G1 F2400 X11.454 Y-3.82 E0.11455
G0 F12000 X12.019 Y-3.82
G1 F2400 X12.947 Y-2.892 E0.06548
G0 F12000 X12.751 Y-3.654
G1 F2400 X12.585 Y-3.82 E0.01171
G1 F3600 E-1
G0 F12000 X-13.25 Y4.024
G1 F3600 E1
G1 F2449 X-13.655 Y4.024 E0.0198
G1 F2430.4 X-13.942 Y2.877 E0.05825
G1 F2424.2 X-14.116 Y1.775 E0.0551
G1 F2436.5 X-14.202 Y0.934 E0.04154
G1 F2455.2 X-14.23 Y0.00 E0.04557
G1 X-14.203 Y-.925 E0.04513
G1 F2436.5 X-14.116 Y-1.816 E0.04399
G1 X-13.94 Y-2.861 E0.05208
G1 F2449 X-13.657 Y-4.026 E0.05862
G1 F2461.5 X-13.247 Y-4.026 E0.01994
G1 F2474.2 X-13.503 Y-3.04 E0.0493
G1 X-13.691 Y-2.028 E0.04981
G1 F2461.5 X-13.803 Y-1.021 E0.04929
G1 X-13.842 Y-0.004 E0.04951
G1 X-13.803 Y1.021 E0.0499
G1 F2474.2 X-13.692 Y2.013 E0.04831
G1 X-13.504 Y3.04 E0.05053
G1 F2455.2 X-13.25 Y4.024 E0.04956
G1 F3600 E-1
G0 F12000 X-5.293 Y4.02
G1 F3600 E1
G1 F2400 X-12.861 Y4.02 E0.37757
G1 X-13.132 Y2.988 E0.05323
G1 X-13.322 Y1.97 E0.05167
G1 X-13.428 Y0.981 E0.04962
G1 X-13.467 Y0.003 E0.04883
G1 X-13.428 Y-.981 E0.04913
G1 X-13.322 Y-1.97 E0.04962
G1 X-13.128 Y-2.988 E0.0517
G1 X-12.861 Y-4.02 E0.05318
G1 X-5.289 Y-4.02 E0.37777
G1 X-5.549 Y-3.699 E0.02061
G1 X-6.061 Y-2.747 E0.05393
G1 X-6.408 Y-1.827 E0.04906
G1 X-6.589 Y-.932 E0.04556
G1 X-6.652 Y-0.014 E0.04591
G1 X-6.592 Y0.91 E0.0462
G1 X-6.413 Y1.808 E0.04568
G1 X-6.072 Y2.723 E0.04872
G1 X-5.549 Y3.703 E0.05542
G1 X-5.293 Y4.02 E0.02033
G1 F3600 E-1
G0 F12000 X-12.585 Y3.82
G1 F3600 E1
G1 F2400 X-12.751 Y3.654 E0.01171
G0 F12000 X-12.019 Y3.82
G1 F2400 X-12.947 Y2.892 E0.06548
G0 F12000 X-13.077 Y2.196
G1 F2400 X-11.454 Y3.82 E0.11455
G0 F12000 X-10.888 Y3.82
G1 F2400 X-13.168 Y1.54 E0.16087
G0 F12000 X-13.231 Y0.911
G1 F2400 X-10.322 Y3.82 E0.20525
G0 F12000 X-9.757 Y3.82
G1 F2400 X-13.255 Y0.322 E0.2468
G0 F12000 X-13.258 Y-.247
G1 F2400 X-9.192 Y3.819 E0.28688
G0 F12000 X-8.626 Y3.819
G1 F2400 X-13.236 Y-.791 E0.32526
G0 F12000 X-13.192 Y-1.312
G1 F2400 X-8.06 Y3.819 E0.36206
G0 F12000 X-7.495 Y3.819
G1 F2400 X-13.137 Y-1.824 E0.39811
G0 F12000 X-13.055 Y-2.307
G1 F2400 X-6.929 Y3.819 E0.43222
G0 F12000 X-6.363 Y3.819
G1 F2400 X-12.964 Y-2.782 E0.46574
G0 F12000 X-12.857 Y-3.241
G1 F2400 X-5.798 Y3.819 E0.49809
G1 X-5.728 Y3.889
G0 F12000 X-6.26 Y2.791
G1 F2400 X-12.741 Y-3.69 E0.45727
G0 F12000 X-12.306 Y-3.82
G1 F2400 X-6.592 Y1.893 E0.40312
G0 F12000 X-6.741 Y1.179
G1 F2400 X-11.74 Y-3.82 E0.35271
G0 F12000 X-11.174 Y-3.82
G1 F2400 X-6.816 Y0.538 E0.30748
G0 F12000 X-6.849 Y-0.061
G1 F2400 X-10.609 Y-3.82 E0.26525
G0 F12000 X-10.043 Y-3.82
G1 F2400 X-6.812 Y-.589 E0.22796
G0 F12000 X-6.758 Y-1.101
G1 F2400 X-9.477 Y-3.82 E0.19184
G0 F12000 X-8.912 Y-3.82
G1 F2400 X-6.662 Y-1.57 E0.15875
G0 F12000 X-6.547 Y-2.022
G1 F2400 X-8.346 Y-3.82 E0.12689
G0 F12000 X-7.78 Y-3.82
G1 F2400 X-6.392 Y-2.432 E0.09793
G0 F12000 X-6.236 Y-2.842
G1 F2400 X-7.215 Y-3.82 E0.06904
G0 F12000 X-6.649 Y-3.82
G1 F2400 X-6.037 Y-3.209 E0.04314
G0 F12000 X-5.839 Y-3.576
G1 F2400 X-6.083 Y-3.82 E0.01722
G0 F12000 X-6.083 Y-3.8
G1 F3600 E-1
;MESH:NONMESH
G0 F600 X-6.083 Y-3.8 Z24.6
G0 F12000 X12.299 Y4.1
G0 X12.299 Y4.4
;TIME_ELAPSED:1022.877337
;LAYER:81
;TYPE:WALL-INNER
;MESH:bridge.stl
G1 F3600 E1
G1 F3000 X12.489 Y3.86 E0.02856
G1 X12.738 Y2.9 E0.04948
G1 X12.925 Y1.911 E0.05022
G1 X13.029 Y0.951 E0.04817
G1 X13.067 Y-0.004 E0.04768
G1 X13.029 Y-.955 E0.04748
G1 X12.925 Y-1.912 E0.04803
G1 X12.742 Y-2.9 E0.05013
G1 X12.49 Y-3.858 E0.04942
G1 X12.297 Y-4.4 E0.0287
G1 X-12.299 Y-4.4 E1.2271
G1 X-12.489 Y-3.86 E0.02856
G1 X-12.738 Y-2.9 E0.04948
G1 X-12.925 Y-1.911 E0.05022
G1 X-13.029 Y-.951 E0.04817
G1 X-13.067 Y0.003 E0.04763
G1 X-13.029 Y0.951 E0.04733
G1 X-12.925 Y1.912 E0.04822
G1 X-12.742 Y2.9 E0.05013
G1 X-12.49 Y3.858 E0.04942
G1 X-12.297 Y4.4 E0.0287
G1 X12.299 Y4.4 E1.2271
G0 F12000 X12.582 Y4.8
;TYPE:WALL-OUTER
G1 F1200 X12.872 Y3.977 E0.04353
G1 X13.128 Y2.988 E0.05097
G1 X13.321 Y1.97 E0.05169
G1 X13.428 Y0.981 E0.04963
G1 X13.467 Y-0.004 E0.04918
G1 X13.428 Y-.985 E0.04898
G1 X13.321 Y-1.97 E0.04943
G1 X13.132 Y-2.988 E0.05166
G1 X12.872 Y-3.976 E0.05097
G1 X12.579 Y-4.8 E0.04363
G1 X-12.582 Y-4.8 E1.25529
G1 X-12.872 Y-3.977 E0.04353
G1 X-13.128 Y-2.988 E0.05097
G1 X-13.321 Y-1.97 E0.05169
G1 X-13.428 Y-.981 E0.04963
G1 X-13.467 Y0.003 E0.04913
G1 X-13.428 Y0.981 E0.04883
G1 X-13.321 Y1.97 E0.04963
G1 X-13.132 Y2.988 E0.05166
G1 X-12.872 Y3.976 E0.05097
G1 X-12.579 Y4.8 E0.04363
G1 X12.582 Y4.8 E1.25529
G0 F12000 X12.847 Y4.046
G1 F3600 E-1
G0 F12000 X12.188 Y3.813
G0 X-11.483 Y3.971
;TYPE:SKIN
G1 F3600 E1
G1 F1927.7 X-12.01 Y3.971 E0.03273
G1 F1931.6 X-12.315 Y2.846 E0.07225
G1 F1943.3 X-12.501 Y1.852 E0.06231
G1 F1959.2 X-12.604 Y0.921 E0.05725
G1 F1971.3 X-12.641 Y0.012 E0.05526
G1 F1975.3 X-12.605 Y-.906 E0.05569
G1 F1963.2 X-12.502 Y-1.842 E0.05743
G1 F1951.2 X-12.313 Y-2.83 E0.06173
G1 F1947.3 X-12.014 Y-3.972 E0.07259
G1 F1943.3 X-11.482 Y-3.972 E0.03278
G1 F1959.2 X-11.753 Y-3.063 E0.05797
G1 F1979.4 X-11.976 Y-2.044 E0.0631
G1 F1983.5 X-12.108 Y-1.031 E0.06167
G1 F1979.4 X-12.155 Y0.004 E0.06267
G1 X-12.108 Y1.031 E0.06219
G1 F1983.5 X-11.981 Y2.023 E0.06037
G1 F1971.3 X-11.759 Y3.045 E0.06353
G1 F1943.3 X-11.483 Y3.971 E0.05954
G1 F3600 E-1
G0 F12000 X11.481 Y3.973
G1 F3600 E1
G1 F1955.2 X11.753 Y3.063 E0.05816
G1 F1979.4 X11.976 Y2.044 E0.0631
G1 F1987.6 X12.108 Y1.031 E0.06154
G1 F1983.5 X12.155 Y-0.006 E0.06266
G1 F1979.4 X12.11 Y-1.011 E0.06086
G1 X11.981 Y-2.023 E0.06171
G1 F1971.3 X11.759 Y-3.049 E0.06376
G1 F1951.2 X11.486 Y-3.972 E0.05907
G1 F1935.5 X12.01 Y-3.972 E0.03242
G1 X12.315 Y-2.846 E0.07217
G1 F1943.3 X12.501 Y-1.852 E0.06231
G1 F1959.2 X12.604 Y-.934 E0.05646
G1 F1975.3 X12.641 Y-0.016 E0.05569
G1 X12.605 Y0.906 E0.05593
G1 F1963.2 X12.502 Y1.842 E0.05743
G1 F1951.2 X12.313 Y2.83 E0.06173
G1 F1943.3 X12.014 Y3.973 E0.0728
G1 X11.481 Y3.973 E0.03284
G1 F3600 E-1
G0 F12000 X0.002 Y2.249
G1 F3600 E1
G1 F2400 X0.775 Y2.089 E0.03938
G1 X1.602 Y1.603 E0.04786
G1 X2.086 Y0.772 E0.04798
G1 X2.24 Y0.00 E0.03927
G1 X2.086 Y-.772 E0.03927
G1 X1.602 Y-1.603 E0.04798
G1 X0.775 Y-2.089 E0.04786
G1 X-0.002 Y-2.249 E0.03958
G1 X-.775 Y-2.089 E0.03938
G1 X-1.602 Y-1.603 E0.04786
G1 X-2.085 Y-.773 E0.04791
G1 X-2.244 Y0.00 E0.03937
G1 X-2.085 Y0.773 E0.03937
G1 X-1.602 Y1.603 E0.04791
G1 X-.772 Y2.091 E0.04804
G1 X0.002 Y2.249 E0.03941
G1 F3600 E-1
G0 F12000 X11.019 Y4.019
G1 F3600 E1
G1 F2400 X-11.019 Y4.02 E1.09948
G1 X-11.346 Y2.945 E0.05606
G1 X-11.562 Y1.957 E0.05046
G1 X-11.688 Y0.978 E0.04925
G1 X-11.731 Y0.003 E0.04869
G1 X-11.688 Y-.978 E0.04899
G1 X-11.562 Y-1.957 E0.04925
G1 X-11.346 Y-2.945 E0.05046
G1 X-11.019 Y-4.02 E0.05606
G1 X11.019 Y-4.02 E1.09948
G1 X11.346 Y-2.949 E0.05587
G1 X11.562 Y-1.965 E0.05026
G1 X11.688 Y-.978 E0.04964
G1 X11.731 Y-0.003 E0.04869
G1 X11.688 Y0.978 E0.04899
G1 X11.562 Y1.957 E0.04925
G1 X11.346 Y2.945 E0.05046
G1 X11.019 Y4.019 E0.05601
G0 F12000 X10.323 Y3.819
G1 F2400 X11.109 Y3.033 E0.05546
G0 F12000 X11.284 Y2.292
G1 F2400 X9.757 Y3.819 E0.10774
G0 F12000 X9.192 Y3.819
G1 F2400 X11.406 Y1.605 E0.15621
G0 F12000 X11.488 Y0.957
G1 F2400 X8.626 Y3.819 E0.20193
G0 F12000 X8.06 Y3.819
G1 F2400 X11.515 Y0.365 E0.24373
G0 F12000 X11.522 Y-.208
G1 F2400 X7.495 Y3.819 E0.28413
G0 F12000 X6.929 Y3.819
G1 F2400 X11.498 Y-.75 E0.32237
G0 F12000 X11.449 Y-1.267
G1 F2400 X6.363 Y3.819 E0.35884
G0 F12000 X5.798 Y3.819
G1 F2400 X11.386 Y-1.769 E0.39426
G0 F12000 X11.295 Y-2.244
G1 F2400 X5.232 Y3.819 E0.42778
G0 F12000 X4.666 Y3.819
G1 F2400 X11.191 Y-2.706 E0.46037
G0 F12000 X11.074 Y-3.154
G1 F2400 X4.101 Y3.819 E0.49198
G0 F12000 X3.535 Y3.819
G1 F2400 X10.942 Y-3.588 E0.5226
G0 F12000 X10.608 Y-3.82
G1 F2400 X2.969 Y3.819 E0.53897
G0 F12000 X2.403 Y3.819
G1 F2400 X10.042 Y-3.82 E0.53897
G0 F12000 X9.477 Y-3.82
G1 F2400 X1.838 Y3.819 E0.53897
G0 F12000 X1.272 Y3.819
G1 F2400 X8.911 Y-3.82 E0.53897
G0 F12000 X8.345 Y-3.82
G1 F2400 X0.706 Y3.819 E0.53897
G0 F12000 X0.141 Y3.819
G1 F2400 X7.78 Y-3.82 E0.53897
G0 F12000 X7.214 Y-3.82
G1 F2400 X1.895 Y1.499 E0.37528
G0 F12000 X1.498 Y1.896
G1 F2400 X-.426 Y3.82 E0.13575
G0 F12000 X-.991 Y3.82
G1 F2400 X0.473 Y2.355 E0.10333
G0 F12000 X-.157 Y2.42
G1 F2400 X-1.557 Y3.82 E0.09878
G0 F12000 X-2.123 Y3.82
G1 F2400 X-.626 Y2.324 E0.10559
G0 F12000 X-1.035 Y2.167
G1 F2400 X-2.688 Y3.82 E0.11663
G0 F12000 X-3.254 Y3.82
G1 F2400 X-1.392 Y1.957 E0.13141
G0 F12000 X-1.73 Y1.73
G1 F2400 X-3.82 Y3.82 E0.14746
G0 F12000 X-4.385 Y3.82
G1 F2400 X-1.957 Y1.392 E0.17131
G0 F12000 X-2.166 Y1.034
G1 F2400 X-4.951 Y3.82 E0.19653
G0 F12000 X-5.517 Y3.82
G1 F2400 X-2.321 Y0.624 E0.2255
G0 F12000 X-2.418 Y0.155
G1 F2400 X-6.083 Y3.82 E0.25859
G0 F12000 X-6.648 Y3.82
G1 F2400 X-2.351 Y-.477 E0.30318
G1 X-2.281 Y-.547
G0 F12000 X-1.896 Y-1.498
G1 F2400 X-7.214 Y3.82 E0.37521
G0 F12000 X-7.78 Y3.82
G1 F2400 X-.14 Y-3.82 E0.53904
G0 F12000 X0.426 Y-3.82
G1 F2400 X-1.498 Y-1.896 E0.13575
G1 X-1.568 Y-1.826
G0 F12000 X-.473 Y-2.355
G1 F2400 X0.991 Y-3.82 E0.10333
G0 F12000 X1.557 Y-3.82
G1 F2400 X0.158 Y-2.42 E0.09874
G0 F12000 X0.626 Y-2.324
G1 F2400 X2.123 Y-3.82 E0.10559
G0 F12000 X2.688 Y-3.82
G1 F2400 X1.036 Y-2.167 E0.11659
G0 F12000 X1.392 Y-1.958
G1 F2400 X3.254 Y-3.82 E0.13137
G0 F12000 X3.82 Y-3.82
G1 F2400 X1.73 Y-1.73 E0.14746
G0 F12000 X1.958 Y-1.392
G1 F2400 X4.385 Y-3.82 E0.17127
G0 F12000 X4.951 Y-3.82
G1 F2400 X2.166 Y-1.034 E0.19653
G0 F12000 X2.321 Y-.624
G1 F2400 X5.517 Y-3.82 E0.2255
G0 F12000 X6.083 Y-3.82
G1 F2400 X2.418 Y-.155 E0.25859
G0 F12000 X2.351 Y0.477
G1 F2400 X6.648 Y-3.82 E0.30318
G1 X6.718 Y-3.89
G1 F3600 E-1
G0 F12000 X-.706 Y-3.82
G1 F3600 E1
G1 F2400 X-8.345 Y3.82 E0.53901
G0 F12000 X-8.911 Y3.82
G1 F2400 X-1.271 Y-3.82 E0.53904
G0 F12000 X-1.837 Y-3.82
G1 F2400 X-9.477 Y3.82 E0.53904
G0 F12000 X-10.042 Y3.82
G1 F2400 X-2.403 Y-3.82 E0.53901
G0 F12000 X-2.968 Y-3.82
G1 F2400 X-10.608 Y3.82 E0.53904
G0 F12000 X-10.942 Y3.588
G1 F2400 X-3.534 Y-3.82 E0.52267
G0 F12000 X-4.1 Y-3.82
G1 F2400 X-11.073 Y3.154 E0.49202
G0 F12000 X-11.191 Y2.705
G1 F2400 X-4.665 Y-3.82 E0.46041
G0 F12000 X-5.231 Y-3.82
G1 F2400 X-11.293 Y2.242 E0.42771
G0 F12000 X-11.384 Y1.768
G1 F2400 X-5.797 Y-3.82 E0.39423
G0 F12000 X-6.363 Y-3.82
G1 F2400 X-11.449 Y1.266 E0.35884
G0 F12000 X-11.498 Y0.75
G1 F2400 X-6.928 Y-3.82 E0.32244
G0 F12000 X-7.494 Y-3.82
G1 F2400 X-11.522 Y0.208 E0.2842
G0 F12000 X-11.515 Y-.365
G1 F2400 X-8.06 Y-3.82 E0.24377
G0 F12000 X-8.625 Y-3.82
G1 F2400 X-11.488 Y-.957 E0.202
G0 F12000 X-11.406 Y-1.605
G1 F2400 X-9.191 Y-3.82 E0.15628
G0 F12000 X-9.757 Y-3.82
G1 F2400 X-11.284 Y-2.292 E0.10777
G0 F12000 X-11.109 Y-3.033
G1 F2400 X-10.322 Y-3.82 E0.05553
G1 X-10.252 Y-3.89
G0 F12000 X-10.252 Y-3.8
G1 F3600 E-1
;MESH:NONMESH
G0 F600 X-10.252 Y-3.8 Z24.9
G0 F12000 X10.434 Y4.1
G0 X10.434 Y4.399
;TIME_ELAPSED:1043.134044
;LAYER:82
;TYPE:WALL-INNER
;MESH:bridge.stl
G1 F3600 E1
G1 F3000 X10.668 Y3.799 E0.03213
G1 X10.958 Y2.844 E0.04979
G1 X11.168 Y1.889 E0.04878
G1 X11.289 Y0.944 E0.04753
G1 X11.331 Y-0.003 E0.04729
G1 X11.289 Y-.944 E0.04699
G1 X11.168 Y-1.897 E0.04793
G1 X10.959 Y-2.848 E0.04858
G1 X10.668 Y-3.806 E0.04995
G1 X10.435 Y-4.4 E0.03183
G1 X-10.434 Y-4.4 E1.04116
G1 X-10.668 Y-3.799 E0.03218
G1 X-10.959 Y-2.844 E0.04981
G1 X-11.168 Y-1.889 E0.04877
G1 X-11.289 Y-.944 E0.04753
G1 X-11.331 Y0.003 E0.04729
G1 X-11.289 Y0.944 E0.04699
G1 X-11.168 Y1.889 E0.04753
G1 X-10.959 Y2.844 E0.04877
G1 X-10.668 Y3.799 E0.04981
G1 X-10.434 Y4.4 E0.03218
G1 X10.434 Y4.399 E1.04111
G0 F12000 X10.707 Y4.799
;TYPE:WALL-OUTER
G1 F1200 X11.046 Y3.93 E0.04654
G1 X11.346 Y2.945 E0.05137
G1 X11.562 Y1.957 E0.05046
G1 X11.688 Y0.978 E0.04925
G1 X11.731 Y-0.003 E0.04899
G1 X11.688 Y-.978 E0.04869
G1 X11.562 Y-1.965 E0.04964
G1 X11.346 Y-2.949 E0.05026
G1 X11.046 Y-3.938 E0.05156
G1 X10.707 Y-4.8 E0.04621
G1 X-10.707 Y-4.8 E1.06835
G1 X-11.046 Y-3.93 E0.04658
G1 X-11.346 Y-2.945 E0.05137
G1 X-11.562 Y-1.957 E0.05046
G1 X-11.688 Y-.978 E0.04925
G1 X-11.731 Y0.003 E0.04899
G1 X-11.688 Y0.978 E0.04869
G1 X-11.562 Y1.957 E0.04925
G1 X-11.346 Y2.945 E0.05046
G1 X-11.046 Y3.93 E0.05137
G1 X-10.707 Y4.8 E0.04658
G1 X10.707 Y4.799 E1.06835
G0 F12000 X10.997 Y4.054
G1 F3600 E-1
G0 F12000 X10.35 Y3.799
G0 X-9.228 Y4.02
;TYPE:SKIN
G1 F3600 E1
G1 F2400 X-10.17 Y4.02 E0.047
G1 X-10.312 Y3.654 E0.01959
G1 X-10.59 Y2.741 E0.04761
G1 X-10.794 Y1.817 E0.04721
G1 X-10.91 Y0.888 E0.04671
G1 X-10.948 Y0.004 E0.04414
G1 X-10.908 Y-.907 E0.04549
G1 X-10.794 Y-1.817 E0.04575
G1 X-10.59 Y-2.74 E0.04716
G1 X-10.306 Y-3.67 E0.04851
G1 X-10.17 Y-4.02 E0.01873
G1 X-9.228 Y-4.02 E0.047
G1 X-9.584 Y-3.055 E0.05132
G1 X-9.846 Y-2.051 E0.05177
G1 X-10.01 Y-1.032 E0.05149
G1 X-10.068 Y-0.012 E0.05097
G1 X-10.011 Y1.022 E0.05166
G1 X-9.852 Y2.04 E0.0514
G1 X-9.586 Y3.047 E0.05196
G1 X-9.228 Y4.02 E0.05172
G1 F3600 E-1
G0 F12000 X9.229 Y4.016
G1 F3600 E1
G1 F2400 X9.584 Y3.055 E0.05111
G1 X9.85 Y2.048 E0.05196
G1 X10.01 Y1.027 E0.05156
G1 X10.069 Y-0.004 E0.05152
G1 X10.011 Y-1.03 E0.05127
G1 X9.848 Y-2.044 E0.05124
G1 X9.581 Y-3.066 E0.0527
G1 X9.228 Y-4.02 E0.05075
G1 X10.175 Y-4.02 E0.04725
G1 X10.307 Y-3.686 E0.01792
G1 X10.582 Y-2.768 E0.04781
G1 X10.791 Y-1.833 E0.0478
G1 X10.91 Y-.887 E0.04757
G1 X10.947 Y-0.021 E0.04324
G1 X10.908 Y0.907 E0.04634
G1 X10.794 Y1.817 E0.04575
G1 X10.59 Y2.741 E0.04721
G1 X10.307 Y3.67 E0.04845
G1 X10.171 Y4.015 E0.0185
G1 X9.229 Y4.016 E0.047
G1 F3600 E-1
G0 F12000 X10.189 Y-3.388
G1 F3600 E1
G1 F2400 X9.757 Y-3.82 E0.03048
G0 F12000 X9.706 Y-3.304
G1 F2400 X10.416 Y-2.594 E0.05009
G0 F12000 X9.931 Y-2.514
G1 F2400 X10.579 Y-1.866 E0.04572
G0 F12000 X10.09 Y-1.789
G1 F2400 X10.669 Y-1.211 E0.04082
G0 F12000 X10.197 Y-1.117
G1 F2400 X10.722 Y-.592 E0.03704
G0 F12000 X10.24 Y-.508
G1 F2400 X10.747 Y-0.001 E0.03577
G0 F12000 X10.264 Y0.081
G1 F2400 X10.724 Y0.542 E0.03249
G0 F12000 X10.233 Y0.617
G1 F2400 X10.687 Y1.071 E0.03203
G0 F12000 X10.194 Y1.143
G1 F2400 X10.624 Y1.573 E0.03034
G0 F12000 X10.537 Y2.052
G1 F2400 X10.119 Y1.633 E0.02953
G0 F12000 X10.037 Y2.117
G1 F2400 X10.435 Y2.515 E0.02808
G0 F12000 X10.314 Y2.96
G1 F2400 X9.919 Y2.565 E0.02787
G0 F12000 X9.802 Y3.014
G1 F2400 X10.182 Y3.394 E0.02681
G0 F12000 X10.037 Y3.815
G1 F2400 X9.657 Y3.434 E0.02685
G1 F3600 E-1
G0 F12000 X-9.657 Y-3.434
G1 F3600 E1
G1 F2400 X-10.042 Y-3.82 E0.0272
G0 F12000 X-10.182 Y-3.394
G1 F2400 X-9.801 Y-3.013 E0.02688
G0 F12000 X-9.918 Y-2.564
G1 F2400 X-10.314 Y-2.96 E0.02794
G0 F12000 X-10.435 Y-2.515
G1 F2400 X-10.035 Y-2.115 E0.02822
G0 F12000 X-10.114 Y-1.629
G1 F2400 X-10.537 Y-2.052 E0.02984
G0 F12000 X-10.624 Y-1.573
G1 F2400 X-10.193 Y-1.142 E0.03041
G0 F12000 X-10.686 Y-1.069
G1 F2400 X-10.234 Y-.617 E0.03189
G0 F12000 X-10.725 Y-.542
G1 F2400 X-10.264 Y-0.082 E0.03249
G0 F12000 X-10.748 Y0.00
G1 F2400 X-10.239 Y0.509 E0.03591
G0 F12000 X-10.722 Y0.592
G1 F2400 X-10.196 Y1.117 E0.03708
G0 F12000 X-10.669 Y1.211
G1 F2400 X-10.093 Y1.787 E0.04064
G0 F12000 X-10.579 Y1.866
G1 F2400 X-9.933 Y2.512 E0.04558
G0 F12000 X-10.418 Y2.593
G1 F2400 X-9.703 Y3.308 E0.05045
G0 F12000 X-10.181 Y3.396
G1 F2400 X-9.757 Y3.82 E0.02992
G1 F3600 E-1
G0 F12000 X8.825 Y4.015
G1 F3600 E1
G1 F2400 X-8.823 Y4.02 E0.88046
G1 X-9.217 Y2.943 E0.05721
G1 X-9.476 Y1.99 E0.04927
G1 X-9.632 Y0.982 E0.05089
G1 X-9.687 Y0.003 E0.04892
G1 X-9.632 Y-.982 E0.04922
G1 X-9.468 Y-1.99 E0.05095
G1 X-9.216 Y-2.944 E0.04923
G1 X-8.824 Y-4.02 E0.05713
G1 X8.825 Y-4.02 E0.88051
G1 X9.217 Y-2.943 E0.05718
G1 X9.476 Y-1.99 E0.04927
G1 X9.632 Y-.982 E0.05089
G1 X9.687 Y-0.003 E0.04892
G1 X9.632 Y0.982 E0.04922
G1 X9.468 Y1.99 E0.05095
G1 X9.216 Y2.944 E0.04923
G1 X8.825 Y4.015 E0.05688
G1 F3600 E-1
G0 F12000 X8.625 Y-3.82
G1 F3600 E1
G1 F2400 X8.719 Y-3.726 E0.00663
G0 F12000 X8.059 Y-3.82
G1 F2400 X9.036 Y-2.843 E0.06893
G1 X9.106 Y-2.773
G0 F12000 X9.248 Y-2.065
G1 F2400 X7.493 Y-3.82 E0.12382
G0 F12000 X6.928 Y-3.82
G1 F2400 X9.368 Y-1.38 E0.17216
G0 F12000 X9.446 Y-.736
G1 F2400 X6.362 Y-3.82 E0.21759
G0 F12000 X5.796 Y-3.82
G1 F2400 X9.479 Y-.137 E0.25986
G0 F12000 X9.464 Y0.413
G1 F2400 X5.23 Y-3.82 E0.2987
G0 F12000 X4.665 Y-3.82
G1 F2400 X9.434 Y0.948 E0.33644
G0 F12000 X9.356 Y1.436
G1 F2400 X4.099 Y-3.82 E0.37087
G0 F12000 X3.533 Y-3.82
G1 F2400 X9.277 Y1.923 E0.40523
G0 F12000 X9.161 Y2.372
G1 F2400 X2.968 Y-3.82 E0.43691
G0 F12000 X2.402 Y-3.82
G1 F2400 X9.042 Y2.82 E0.46849
G0 F12000 X8.896 Y3.239
G1 F2400 X1.836 Y-3.82 E0.49809
G0 F12000 X1.271 Y-3.82
G1 F2400 X8.745 Y3.654 E0.52733
G0 F12000 X8.34 Y3.815
G1 F2400 X0.705 Y-3.82 E0.53869
G0 F12000 X0.139 Y-3.82
G1 F2400 X7.775 Y3.815 E0.53873
G0 F12000 X7.209 Y3.815
G1 F2400 X-.426 Y-3.82 E0.53869
G0 F12000 X-.992 Y-3.82
G1 F2400 X6.643 Y3.815 E0.53869
G0 F12000 X6.078 Y3.816
G1 F2400 X-1.558 Y-3.82 E0.53876
G0 F12000 X-2.123 Y-3.82
G1 F2400 X5.513 Y3.816 E0.53876
G0 F12000 X4.947 Y3.816
G1 F2400 X-2.689 Y-3.82 E0.53876
G0 F12000 X-3.255 Y-3.82
G1 F2400 X4.381 Y3.816 E0.53876
G0 F12000 X3.816 Y3.816
G1 F2400 X-3.82 Y-3.82 E0.53876
G0 F12000 X-4.386 Y-3.82
G1 F2400 X3.251 Y3.816 E0.5388
G0 F12000 X2.685 Y3.816
G1 F2400 X-4.952 Y-3.82 E0.5388
G0 F12000 X-5.518 Y-3.82
G1 F2400 X2.12 Y3.817 E0.53887
G0 F12000 X1.554 Y3.817
G1 F2400 X-6.083 Y-3.82 E0.53883
G0 F12000 X-6.649 Y-3.82
G1 F2400 X0.989 Y3.817 E0.53887
G0 F12000 X0.423 Y3.817
G1 F2400 X-7.215 Y-3.82 E0.53887
G0 F12000 X-7.78 Y-3.82
G1 F2400 X-.142 Y3.818 E0.5389
G0 F12000 X-.708 Y3.818
G1 F2400 X-8.346 Y-3.82 E0.5389
G0 F12000 X-8.745 Y-3.654
G1 F2400 X-1.273 Y3.818 E0.52719
G0 F12000 X-1.839 Y3.818
G1 F2400 X-8.897 Y-3.24 E0.49798
G0 F12000 X-9.042 Y-2.82
G1 F2400 X-2.404 Y3.818 E0.46835
G0 F12000 X-2.97 Y3.818
G1 F2400 X-9.161 Y-2.372 E0.43677
G0 F12000 X-9.277 Y-1.923
G1 F2400 X-3.536 Y3.818 E0.40506
G0 F12000 X-4.101 Y3.818
G1 F2400 X-9.356 Y-1.436 E0.37073
G0 F12000 X-9.434 Y-.948
G1 F2400 X-4.666 Y3.819 E0.33637
G0 F12000 X-5.232 Y3.819
G1 F2400 X-9.464 Y-.413 E0.29859
G0 F12000 X-9.479 Y0.137
G1 F2400 X-5.798 Y3.819 E0.25975
G0 F12000 X-6.363 Y3.819
G1 F2400 X-9.446 Y0.736 E0.21752
G0 F12000 X-9.368 Y1.38
G1 F2400 X-6.928 Y3.82 E0.17216
G0 F12000 X-7.494 Y3.82
G1 F2400 X-9.248 Y2.065 E0.12379
G1 X-9.318 Y1.995
G0 F12000 X-9.036 Y2.843
G1 F2400 X-8.06 Y3.82 E0.0689
G0 F12000 X-8.625 Y3.82
G1 F2400 X-8.719 Y3.726 E0.00663
G1 F3600 E-1
;MESH:NONMESH
G0 F600 X-8.719 Y3.726 Z25.2
G0 F12000 X8.156 Y4.1
G0 X8.156 Y4.4
;TIME_ELAPSED:1062.097457
;LAYER:83
;TYPE:WALL-INNER
;MESH:bridge.stl
G1 F3600 E1
G1 F3000 X8.497 Y3.749 E0.03666
G1 X8.834 Y2.824 E0.04912
G1 X9.076 Y1.906 E0.04736
G1 X9.234 Y0.938 E0.04893
G1 X9.287 Y-0.003 E0.04702
G1 X9.234 Y-.94 E0.04682
G1 X9.084 Y-1.906 E0.04877
G1 X8.835 Y-2.822 E0.04736
G1 X8.498 Y-3.749 E0.04921
G1 X8.157 Y-4.4 E0.03666
G1 X-8.156 Y-4.4 E0.81386
G1 X-8.497 Y-3.749 E0.03666
G1 X-8.834 Y-2.824 E0.04912
G1 X-9.076 Y-1.906 E0.04736
G1 X-9.234 Y-.938 E0.04893
G1 X-9.287 Y0.003 E0.04702
G1 X-9.234 Y0.94 E0.04682
G1 X-9.084 Y1.906 E0.04877
G1 X-8.835 Y2.822 E0.04736
G1 X-8.497 Y3.749 E0.04923
G1 X-8.156 Y4.4 E0.03666
G1 X8.156 Y4.4 E0.81381
G0 F12000 X8.398 Y4.8
;TYPE:WALL-OUTER
G1 F1200 X8.864 Y3.911 E0.05008
G1 X9.216 Y2.944 E0.05134
G1 X9.468 Y1.99 E0.04923
G1 X9.632 Y0.982 E0.05095
G1 X9.687 Y-0.003 E0.04922
G1 X9.632 Y-.982 E0.04892
G1 X9.476 Y-1.99 E0.05089
G1 X9.217 Y-2.943 E0.04927
G1 X8.864 Y-3.911 E0.0514
G1 X8.399 Y-4.8 E0.05005
G1 X-8.398 Y-4.8 E0.83801
G1 X-8.864 Y-3.911 E0.05008
G1 X-9.216 Y-2.944 E0.05134
G1 X-9.468 Y-1.99 E0.04923
G1 X-9.632 Y-.982 E0.05095
G1 X-9.687 Y0.003 E0.04922
G1 X-9.632 Y0.982 E0.04892
G1 X-9.476 Y1.99 E0.05089
G1 X-9.217 Y2.943 E0.04927
G1 X-8.864 Y3.911 E0.0514
G1 X-8.398 Y4.8 E0.05008
G1 X8.398 Y4.8 E0.83796
G0 F12000 X8.769 Y4.092
G1 F3600 E-1
G0 F12000 X8.152 Y3.769
G0 X-6.284 Y4.02
;TYPE:SKIN
G1 F3600 E1
G1 F2400 X-7.922 Y4.02 E0.08172
G1 X-8.148 Y3.587 E0.02437
G1 X-8.473 Y2.703 E0.04699
G1 X-8.712 Y1.822 E0.04554
G1 X-8.853 Y0.903 E0.04639
G1 X-8.903 Y0.004 E0.04492
G1 X-8.852 Y-.901 E0.04522
G1 X-8.692 Y-1.858 E0.04841
G1 X-8.468 Y-2.712 E0.04405
G1 X-8.148 Y-3.587 E0.04648
G1 X-7.923 Y-4.019 E0.0243
G1 X-6.284 Y-4.02 E0.08177
G1 X-6.789 Y-3.083 E0.0531
G1 X-7.18 Y-2.047 E0.05524
G1 X-7.385 Y-1.04 E0.05127
G1 X-7.456 Y-0.014 E0.05131
G1 X-7.386 Y1.027 E0.05205
G1 X-7.185 Y2.032 E0.05113
G1 X-6.789 Y3.084 E0.05608
G1 X-6.284 Y4.02 E0.05306
G1 F3600 E-1
G0 F12000 X6.284 Y4.02
G1 F3600 E1
G1 F2400 X6.789 Y3.083 E0.0531
G1 X7.18 Y2.047 E0.05524
G1 X7.385 Y1.036 E0.05147
G1 X7.456 Y0.014 E0.05111
G1 X7.386 Y-1.031 E0.05225
G1 X7.181 Y-2.046 E0.05166
G1 X6.789 Y-3.084 E0.05536
G1 X6.284 Y-4.02 E0.05306
G1 X7.926 Y-4.02 E0.08192
G1 X8.152 Y-3.587 E0.02437
G1 X8.469 Y-2.707 E0.04667
G1 X8.712 Y-1.83 E0.0454
G1 X8.853 Y-.903 E0.04678
G1 X8.903 Y-0.004 E0.04492
G1 X8.852 Y0.901 E0.04522
G1 X8.692 Y1.858 E0.04841
G1 X8.468 Y2.712 E0.04405
G1 X8.148 Y3.587 E0.04648
G1 X7.922 Y4.02 E0.02437
G1 X6.284 Y4.02 E0.08172
G1 F3600 E-1
G0 F12000 X-7.494 Y-3.82
G1 F3600 E1
G1 F2400 X-8.055 Y-3.259 E0.03958
G0 F12000 X-8.341 Y-2.407
G1 F2400 X-6.928 Y-3.82 E0.09969
G0 F12000 X-6.919 Y-3.263
G1 F2400 X-8.522 Y-1.66 E0.1131
G0 F12000 X-8.635 Y-.981
G1 F2400 X-7.284 Y-2.333 E0.09536
G0 F12000 X-7.483 Y-1.568
G1 F2400 X-8.681 Y-.37 E0.08453
G0 F12000 X-8.692 Y0.206
G1 F2400 X-7.595 Y-.89 E0.07736
G0 F12000 X-7.638 Y-.281
G1 F2400 X-8.661 Y0.742 E0.07218
G0 F12000 X-8.598 Y1.244
G1 F2400 X-7.635 Y0.281 E0.06794
G0 F12000 X-7.601 Y0.812
G1 F2400 X-8.523 Y1.735 E0.06509
G0 F12000 X-8.406 Y2.184
G1 F2400 X-7.532 Y1.31 E0.06167
G0 F12000 X-7.436 Y1.779
G1 F2400 X-8.285 Y2.628 E0.0599
G0 F12000 X-8.135 Y3.043
G1 F2400 X-7.325 Y2.234 E0.05711
G0 F12000 X-7.17 Y2.645
G1 F2400 X-7.983 Y3.457 E0.05733
G0 F12000 X-7.78 Y3.82
G1 F2400 X-7.015 Y3.055 E0.05397
G0 F12000 X-6.826 Y3.432
G1 F2400 X-7.214 Y3.82 E0.02738
G1 F3600 E-1
G0 F12000 X6.826 Y-3.432
G1 F3600 E1
G1 F2400 X7.214 Y-3.82 E0.02738
G0 F12000 X7.78 Y-3.82
G1 F2400 X7.015 Y-3.055 E0.05397
G0 F12000 X7.17 Y-2.645
G1 F2400 X7.985 Y-3.46 E0.0575
G0 F12000 X8.135 Y-3.043
G1 F2400 X7.324 Y-2.233 E0.05719
G0 F12000 X7.439 Y-1.782
G1 F2400 X8.282 Y-2.625 E0.05948
G0 F12000 X8.405 Y-2.183
G1 F2400 X7.534 Y-1.311 E0.06149
G0 F12000 X7.601 Y-.812
G1 F2400 X8.523 Y-1.735 E0.06509
G0 F12000 X8.598 Y-1.245
G1 F2400 X7.636 Y-.282 E0.06791
G0 F12000 X7.638 Y0.281
G1 F2400 X8.661 Y-.742 E0.07218
G0 F12000 X8.692 Y-.206
G1 F2400 X7.596 Y0.889 E0.07729
G0 F12000 X7.483 Y1.568
G1 F2400 X8.681 Y0.37 E0.08453
G0 F12000 X8.635 Y0.981
G1 F2400 X7.28 Y2.337 E0.09564
G1 X7.21 Y2.407
G0 F12000 X6.919 Y3.263
G1 F2400 X8.522 Y1.66 E0.1131
G0 F12000 X8.341 Y2.407
G1 F2400 X6.928 Y3.82 E0.09969
G0 F12000 X7.494 Y3.82
G1 F2400 X8.055 Y3.259 E0.03958
G0 F12000 X5.848 Y4.02
G1 F2400 X-5.848 Y4.02 E0.58352
G1 X-6.449 Y2.908 E0.06306
G1 X-6.815 Y1.94 E0.05163
G1 X-7.009 Y0.973 E0.04921
G1 X-7.075 Y0.003 E0.04851
G1 X-7.009 Y-.977 E0.049
G1 X-6.819 Y-1.928 E0.04838
G1 X-6.449 Y-2.908 E0.05226
G1 X-5.849 Y-4.02 E0.06304
G1 X5.851 Y-4.02 E0.58372
G1 X6.449 Y-2.908 E0.06299
G1 X6.815 Y-1.94 E0.05163
G1 X7.009 Y-.977 E0.04901
G1 X7.075 Y-0.003 E0.0487
G1 X7.009 Y0.977 E0.049
G1 X6.819 Y1.928 E0.04838
G1 X6.449 Y2.908 E0.05226
G1 X5.848 Y4.02 E0.06306
G0 F12000 X5.231 Y3.82
G1 F2400 X6.292 Y2.759 E0.07486
G1 X6.362 Y2.689
G0 F12000 X6.629 Y1.856
G1 F2400 X4.665 Y3.82 E0.13857
G0 F12000 X4.1 Y3.82
G1 F2400 X6.771 Y1.149 E0.18845
G0 F12000 X6.839 Y0.515
G1 F2400 X3.534 Y3.82 E0.23319
G0 F12000 X2.968 Y3.82
G1 F2400 X6.869 Y-0.081 E0.27524
G0 F12000 X6.833 Y-.61
G1 F2400 X2.403 Y3.82 E0.31256
G0 F12000 X1.837 Y3.82
G1 F2400 X6.775 Y-1.119 E0.34844
G0 F12000 X6.681 Y-1.59
G1 F2400 X1.271 Y3.82 E0.3817
G0 F12000 X0.706 Y3.82
G1 F2400 X6.563 Y-2.038 E0.41328
G0 F12000 X6.409 Y-2.449
G1 F2400 X0.14 Y3.82 E0.44231
G0 F12000 X-.426 Y3.82
G1 F2400 X6.25 Y-2.856 E0.47103
G0 F12000 X6.052 Y-3.224
G1 F2400 X-.991 Y3.82 E0.49696
G0 F12000 X-1.557 Y3.82
G1 F2400 X5.854 Y-3.591 E0.52289
G0 F12000 X5.518 Y-3.82
G1 F2400 X-2.123 Y3.82 E0.53908
G0 F12000 X-2.688 Y3.82
G1 F2400 X4.952 Y-3.82 E0.53904
G0 F12000 X4.386 Y-3.82
G1 F2400 X-3.254 Y3.82 E0.53904
G0 F12000 X-3.82 Y3.82
G1 F2400 X3.82 Y-3.82 E0.53904
G0 F12000 X3.255 Y-3.82
G1 F2400 X-4.385 Y3.82 E0.53904
G0 F12000 X-4.951 Y3.82
G1 F2400 X2.689 Y-3.82 E0.53904
G0 F12000 X2.123 Y-3.82
G1 F2400 X-5.517 Y3.82 E0.53904
G0 F12000 X-5.852 Y3.589
G1 F2400 X1.558 Y-3.82 E0.52278
G0 F12000 X0.992 Y-3.82
G1 F2400 X-6.051 Y3.222 E0.49689
G0 F12000 X-6.25 Y2.856
G1 F2400 X0.426 Y-3.82 E0.47103
G0 F12000 X-.139 Y-3.82
G1 F2400 X-6.409 Y2.449 E0.44235
G0 F12000 X-6.563 Y2.038
G1 F2400 X-.705 Y-3.82 E0.41331
G0 F12000 X-1.271 Y-3.82
G1 F2400 X-6.681 Y1.59 E0.3817
G0 F12000 X-6.775 Y1.118
G1 F2400 X-1.836 Y-3.82 E0.34844
G0 F12000 X-2.402 Y-3.82
G1 F2400 X-6.832 Y0.61 E0.31256
G0 F12000 X-6.869 Y0.081
G1 F2400 X-2.968 Y-3.82 E0.27524
G0 F12000 X-3.533 Y-3.82
G1 F2400 X-6.839 Y-.515 E0.23322
G0 F12000 X-6.771 Y-1.149
G1 F2400 X-4.099 Y-3.82 E0.18849
G0 F12000 X-4.665 Y-3.82
G1 F2400 X-6.629 Y-1.856 E0.13857
G1 X-6.699 Y-1.786
G0 F12000 X-6.292 Y-2.759
G1 F2400 X-5.23 Y-3.82 E0.07489
G1 X-5.16 Y-3.89
G0 F12000 X-5.16 Y-3.8
G1 F3600 E-1
;MESH:NONMESH
G0 F600 X-5.16 Y-3.8 Z25.5
G0 F12000 X5 Y4.1
G0 X5 Y4.4
;TIME_ELAPSED:1077.666773
;LAYER:84
;TYPE:WALL-INNER
;MESH:bridge.stl
G1 F3600 E1
G1 F3000 X5.555 Y3.724 E0.04364
G1 X6.084 Y2.742 E0.05565
G1 X6.433 Y1.818 E0.04928
G1 X6.612 Y0.924 E0.04549
G1 X6.674 Y-0.003 E0.04635
G1 X6.612 Y-.923 E0.046
G1 X6.429 Y-1.829 E0.04611
G1 X6.085 Y-2.742 E0.04868
G1 X5.551 Y-3.727 E0.0559
G1 X5 Y-4.4 E0.04339
G1 X-5 Y-4.4 E0.4989
G1 X-5.555 Y-3.724 E0.04364
G1 X-6.084 Y-2.742 E0.05565
G1 X-6.433 Y-1.818 E0.04928
G1 X-6.612 Y-.924 E0.04549
G1 X-6.674 Y0.003 E0.04635
G1 X-6.612 Y0.92 E0.04585
G1 X-6.429 Y1.829 E0.04626
G1 X-6.085 Y2.742 E0.04868
G1 X-5.551 Y3.727 E0.0559
G1 X-5 Y4.4 E0.04339
G1 X5 Y4.4 E0.4989
G0 F12000 X5.189 Y4.8
;TYPE:WALL-OUTER
G1 F1200 X5.889 Y3.948 E0.05501
G1 X6.449 Y2.908 E0.05893
G1 X6.819 Y1.928 E0.05226
G1 X7.009 Y0.977 E0.04838
G1 X7.075 Y-0.003 E0.049
G1 X7.009 Y-.977 E0.0487
G1 X6.815 Y-1.94 E0.04901
G1 X6.449 Y-2.908 E0.05163
G1 X5.885 Y-3.951 E0.05916
G1 X5.189 Y-4.8 E0.05477
G1 X-5.189 Y-4.8 E0.51776
G1 X-5.889 Y-3.948 E0.05501
G1 X-6.449 Y-2.908 E0.05893
G1 X-6.819 Y-1.928 E0.05226
G1 X-7.009 Y-.977 E0.04838
G1 X-7.075 Y0.003 E0.049
G1 X-7.009 Y0.973 E0.04851
G1 X-6.815 Y1.94 E0.04921
G1 X-6.449 Y2.908 E0.05163
G1 X-5.885 Y3.951 E0.05916
G1 X-5.189 Y4.8 E0.05477
G1 X5.189 Y4.8 E0.51776
G0 F12000 X5.696 Y4.183
G1 F3600 E-1
G0 F12000 X5.158 Y3.741
G0 X2.09 Y2.245
;TYPE:SKIN
G1 F3600 E1
G1 F2400 X2.245 Y2.09 E0.01094
G1 X2.844 Y1.064 E0.05927
G1 X3.06 Y0.014 E0.05348
G1 X2.843 Y-1.063 E0.05481
G1 X2.245 Y-2.09 E0.05929
G1 X2.09 Y-2.245 E0.01094
G1 X1.067 Y-2.845 E0.05917
G1 X-0.002 Y-3.065 E0.05445
G1 X-1.067 Y-2.845 E0.05425
G1 X-2.09 Y-2.245 E0.05917
G1 X-2.245 Y-2.09 E0.01094
G1 X-2.843 Y-1.064 E0.05925
G1 X-3.06 Y-0.014 E0.05349
G1 X-2.845 Y1.067 E0.05499
G1 X-2.245 Y2.09 E0.05917
G1 X-2.09 Y2.245 E0.01094
G1 X-1.064 Y2.847 E0.05935
G1 X0.002 Y3.065 E0.05428
G1 X1.067 Y2.845 E0.05425
G1 X2.09 Y2.245 E0.05917
G1 F3600 E-1
G0 F12000 X4.816 Y4.02
G1 F3600 E1
G1 F2400 X-4.817 Y4.02 E0.48059
G1 X-5.233 Y3.512 E0.03276
G1 X-5.737 Y2.576 E0.05304
G1 X-6.063 Y1.72 E0.0457
G1 X-6.233 Y0.869 E0.0433
G1 X-6.291 Y0.007 E0.0431
G1 X-6.233 Y-.877 E0.0442
G1 X-6.067 Y-1.712 E0.04247
G1 X-5.737 Y-2.576 E0.04614
G1 X-5.236 Y-3.508 E0.05279
G1 X-4.817 Y-4.02 E0.03301
G1 X4.817 Y-4.02 E0.48064
G1 X5.233 Y-3.512 E0.03276
G1 X5.737 Y-2.576 E0.05304
G1 X6.059 Y-1.724 E0.04544
G1 X6.233 Y-.877 E0.04314
G1 X6.291 Y-0.007 E0.0435
G1 X6.233 Y0.873 E0.044
G1 X6.067 Y1.712 E0.04267
G1 X5.737 Y2.576 E0.04614
G1 X5.236 Y3.504 E0.05261
G1 X4.816 Y4.02 E0.03319
G1 F3600 E-1
G0 F12000 X4.977 Y-3.509
G1 F3600 E1
G1 F2400 X4.665 Y-3.82 E0.02198
G0 F12000 X4.1 Y-3.82
G1 F2400 X5.633 Y-2.287 E0.10816
G1 X5.703 Y-2.217
G0 F12000 X5.913 Y-1.441
G1 F2400 X3.534 Y-3.82 E0.16785
G0 F12000 X2.968 Y-3.82
G1 F2400 X6.042 Y-.747 E0.21685
G0 F12000 X6.083 Y-.14
G1 F2400 X2.403 Y-3.82 E0.25964
G0 F12000 X1.837 Y-3.82
G1 F2400 X6.064 Y0.407 E0.29824
G0 F12000 X6.019 Y0.928
G1 F2400 X1.271 Y-3.82 E0.335
G1 X1.201 Y-3.89
G0 F12000 X2.534 Y-1.992
G1 F2400 X5.926 Y1.4 E0.23932
G0 F12000 X5.803 Y1.843
G1 F2400 X3.089 Y-.871 E0.19149
G0 F12000 X3.231 Y-.163
G1 F2400 X5.647 Y2.253 E0.17046
G0 F12000 X5.474 Y2.645
G1 F2400 X3.19 Y0.362 E0.16111
G0 F12000 X3.094 Y0.831
G1 F2400 X5.275 Y3.012 E0.15388
G0 F12000 X5.076 Y3.379
G1 F2400 X2.958 Y1.261 E0.14944
G0 F12000 X2.75 Y1.619
G1 F2400 X4.825 Y3.693 E0.14637
G0 F12000 X4.385 Y3.82
G1 F2400 X2.542 Y1.976 E0.13007
G0 F12000 X2.304 Y2.304
G1 F2400 X3.82 Y3.82 E0.10696
G0 F12000 X3.254 Y3.82
G1 F2400 X1.978 Y2.543 E0.09006
G0 F12000 X1.621 Y2.752
G1 F2400 X2.688 Y3.82 E0.07532
G0 F12000 X2.123 Y3.82
G1 F2400 X1.264 Y2.961 E0.06061
G0 F12000 X0.835 Y3.098
G1 F2400 X1.557 Y3.82 E0.05094
G0 F12000 X0.991 Y3.82
G1 F2400 X0.366 Y3.194 E0.04413
G0 F12000 X-.157 Y3.237
G1 F2400 X0.426 Y3.82 E0.04113
G0 F12000 X-.14 Y3.82
G1 F2400 X-.869 Y3.091 E0.05143
G0 F12000 X-.706 Y3.82
G1 F2400 X-1.989 Y2.536 E0.09056
G1 X-2.059 Y2.466
G1 F3600 E-1
G0 F12000 X1.989 Y-2.536
G1 F3600 E1
G1 F2400 X0.706 Y-3.82 E0.09056
G0 F12000 X0.14 Y-3.82
G1 F2400 X0.87 Y-3.09 E0.05151
G0 F12000 X0.158 Y-3.236
G1 F2400 X-.426 Y-3.82 E0.0412
G0 F12000 X-.991 Y-3.82
G1 F2400 X-.366 Y-3.194 E0.04413
G0 F12000 X-.835 Y-3.098
G1 F2400 X-1.557 Y-3.82 E0.05094
G0 F12000 X-2.123 Y-3.82
G1 F2400 X-1.264 Y-2.961 E0.06061
G0 F12000 X-1.621 Y-2.752
G1 F2400 X-2.688 Y-3.82 E0.07532
G0 F12000 X-3.254 Y-3.82
G1 F2400 X-1.978 Y-2.543 E0.09006
G0 F12000 X-2.304 Y-2.304
G1 F2400 X-3.82 Y-3.82 E0.10696
G0 F12000 X-4.385 Y-3.82
G1 F2400 X-2.541 Y-1.976 E0.1301
G0 F12000 X-2.749 Y-1.618
G1 F2400 X-4.825 Y-3.694 E0.14647
G0 F12000 X-5.078 Y-3.381
G1 F2400 X-2.957 Y-1.26 E0.14965
G0 F12000 X-3.093 Y-.83
G1 F2400 X-5.276 Y-3.013 E0.15402
G0 F12000 X-5.474 Y-2.645
G1 F2400 X-3.19 Y-.361 E0.16115
G0 F12000 X-3.232 Y0.162
G1 F2400 X-5.647 Y-2.253 E0.17039
G0 F12000 X-5.803 Y-1.843
G1 F2400 X-3.088 Y0.872 E0.19156
G1 X-3.018 Y0.942
G0 F12000 X-2.535 Y1.991
G1 F2400 X-5.926 Y-1.4 E0.23925
G0 F12000 X-6.019 Y-.928
G1 F2400 X-1.271 Y3.82 E0.335
G0 F12000 X-1.837 Y3.82
G1 F2400 X-6.063 Y-.407 E0.2982
G0 F12000 X-6.083 Y0.14
G1 F2400 X-2.403 Y3.82 E0.25964
G0 F12000 X-2.968 Y3.82
G1 F2400 X-6.042 Y0.747 E0.21685
G0 F12000 X-5.916 Y1.438
G1 F2400 X-3.534 Y3.82 E0.16806
G0 F12000 X-4.1 Y3.82
G1 F2400 X-5.634 Y2.285 E0.10827
G1 X-5.704 Y2.215
G0 F12000 X-4.977 Y3.509
G1 F2400 X-4.665 Y3.82 E0.02198
G1 F3600 E-1
G0 F12000 X0.00 Y2.675
G1 F3600 E1
G1 F2400 X-.923 Y2.486 E0.047
G1 X-1.909 Y1.909 E0.057
G1 X-2.486 Y0.923 E0.057
G1 X-2.675 Y0.00 E0.047
G1 X-2.486 Y-.923 E0.047
G1 X-1.909 Y-1.909 E0.057
G1 X-.923 Y-2.486 E0.057
G1 X0.00 Y-2.675 E0.047
G1 X0.923 Y-2.486 E0.047
G1 X1.909 Y-1.909 E0.057
G1 X2.486 Y-.923 E0.057
G1 X2.675 Y0.00 E0.047
G1 X2.486 Y0.923 E0.047
G1 X1.909 Y1.909 E0.057
G1 X0.923 Y2.486 E0.057
G1 X0.00 Y2.675 E0.047
G0 F12000 X-1.447 Y1.947
G1 F2400 X-1.938 Y1.456 E0.03464
G0 F12000 X-2.379 Y0.45
G1 F2400 X-.45 Y2.378 E0.13607
G0 F12000 X0.173 Y2.435
G1 F2400 X-2.436 Y-.173 E0.18404
G0 F12000 X-2.34 Y-.643
G1 F2400 X0.642 Y2.339 E0.2104
G0 F12000 X1.048 Y2.179
G1 F2400 X-2.181 Y-1.049 E0.22779
G0 F12000 X-1.972 Y-1.406
G1 F2400 X1.403 Y1.969 E0.23812
G0 F12000 X1.759 Y1.759
G1 F2400 X-1.759 Y-1.759 E0.24821
G0 F12000 X-1.403 Y-1.969
G1 F2400 X1.972 Y1.406 E0.23812
G0 F12000 X2.181 Y1.049
G1 F2400 X-1.048 Y-2.179 E0.22779
G0 F12000 X-.642 Y-2.339
G1 F2400 X2.34 Y0.643 E0.2104
G0 F12000 X2.436 Y0.173
G1 F2400 X-.173 Y-2.435 E0.18404
G0 F12000 X0.45 Y-2.378
G1 F2400 X2.379 Y-.45 E0.13607
G1 X2.449 Y-.38
G0 F12000 X1.938 Y-1.456
G1 F2400 X1.447 Y-1.947 E0.03464
G1 F3600 E-1
;MESH:NONMESH
G0 F600 X1.447 Y-1.947 Z25.8
G0 F12000 X0.00 Y2.267
;TIME_ELAPSED:1089.272085
;LAYER:85
;note -- min layer time used
;TYPE:WALL-INNER
;MESH:bridge.stl
G1 F3600 E1
G1 F1474.3 X0.778 Y2.108 E0.03962
G1 X1.617 Y1.617 E0.0485
G1 X2.108 Y0.778 E0.0485
G1 X2.267 Y0.00 E0.03962
G1 X2.108 Y-.778 E0.03962
G1 X1.617 Y-1.617 E0.0485
G1 X0.778 Y-2.108 E0.0485
G1 X0.00 Y-2.267 E0.03962
G1 X-.778 Y-2.108 E0.03962
G1 X-1.617 Y-1.617 E0.0485
G1 X-2.108 Y-.778 E0.0485
G1 X-2.267 Y0.00 E0.03962
G1 X-2.108 Y0.778 E0.03962
G1 X-1.617 Y1.617 E0.0485
G1 X-.778 Y2.108 E0.0485
G1 X0.00 Y2.267 E0.03962
G0 F12000 X0.00 Y2.675
;TYPE:WALL-OUTER
G1 F1200 X0.923 Y2.486 E0.047
G1 X1.909 Y1.909 E0.057
G1 X2.486 Y0.923 E0.057
G1 X2.675 Y0.00 E0.047
G1 X2.486 Y-.923 E0.047
G1 X1.909 Y-1.909 E0.057
G1 X0.923 Y-2.486 E0.057
G1 X0.00 Y-2.675 E0.047
G1 X-.923 Y-2.486 E0.047
G1 X-1.909 Y-1.909 E0.057
G1 X-2.486 Y-.923 E0.057
G1 X-2.675 Y0.00 E0.047
G1 X-2.486 Y0.923 E0.047
G1 X-1.909 Y1.909 E0.057
G1 X-.923 Y2.486 E0.057
G1 X0.00 Y2.675 E0.047
G0 F12000 X0.783 Y2.515
G0 X0.643 Y1.832
G0 X0.00 Y1.875
;TYPE:SKIN
G1 F1382.9 X-.635 Y1.746 E0.03233
G1 X-1.337 Y1.337 E0.04053
G1 X-1.746 Y0.635 E0.04053
G1 X-1.875 Y0.00 E0.03233
G1 X-1.746 Y-.635 E0.03233
G1 X-1.337 Y-1.337 E0.04053
G1 X-.635 Y-1.746 E0.04053
G1 X0.00 Y-1.875 E0.03233
G1 X0.635 Y-1.746 E0.03233
G1 X1.337 Y-1.337 E0.04053
G1 X1.746 Y-.635 E0.04053
G1 X1.875 Y0.00 E0.03233
G1 X1.746 Y0.635 E0.03233
G1 X1.337 Y1.337 E0.04053
G1 X0.635 Y1.746 E0.04053
G1 X0.00 Y1.875 E0.03233
G1 F3600 E-1
G0 F12000 X-1.357 Y-.906
G1 F3600 E1
G1 F1382.9 X-.905 Y-1.358 E0.03189
G0 F12000 X-0.032 Y-1.665
G1 F1382.9 X-1.665 Y-0.033 E0.11518
G0 F12000 X-1.58 Y0.448
G1 F1382.9 X0.449 Y-1.58 E0.14312
G0 F12000 X0.834 Y-1.399
G1 F1382.9 X-1.399 Y0.833 E0.15751
G0 F12000 X-1.191 Y1.191
G1 F1382.9 X1.191 Y-1.191 E0.16806
G0 F12000 X1.399 Y-.833
G1 F1382.9 X-.834 Y1.399 E0.15751
G0 F12000 X-.449 Y1.58
G1 F1382.9 X1.58 Y-.448 E0.14312
G0 F12000 X1.665 Y0.033
G1 F1382.9 X0.032 Y1.665 E0.11518
G1 X-0.038 Y1.735
G0 F12000 X0.905 Y1.358
G1 F1382.9 X1.357 Y0.906 E0.03189
G0 F12000 X1.345 Y0.898
;TIME_ELAPSED:1092.519815
G1 F3600 E-1
M82 ;absolute extrusion mode
M107
M104 S0
M140 S0
;Retract the filament
G92 E1
G1 E-1 F300
G28 X0 Y0
M84
M83 ;relative extrusion mode
M104 S0
;End of Gcode
;SETTING_3 {"global_quality": "[general]\\nversion = 4\\nname = pla\\ndefinition
;SETTING_3  = custom\\n\\n[metadata]\\ntype = quality_changes\\nquality_type = f
;SETTING_3 ast\\nsetting_version = 23\\n\\n[values]\\nacceleration_enabled = Fal
;SETTING_3 se\\nadhesion_type = none\\nbridge_settings_enabled = True\\nlayer_he
;SETTING_3 ight = 0.3\\nlayer_height_0 = 0.3\\nmaterial_bed_temperature = 50\\nm
;SETTING_3 inimum_polygon_circumference = 0.1\\nrelative_extrusion = True\\nretr
;SETTING_3 action_combing = all\\nspeed_slowdown_layers = 1\\nsupport_enable = F
;SETTING_3 alse\\nsupport_structure = tree\\nsupport_type = buildplate\\n\\n", "
;SETTING_3 extruder_quality": ["[general]\\nversion = 4\\nname = pla\\ndefinitio
;SETTING_3 n = custom\\n\\n[metadata]\\ntype = quality_changes\\nquality_type = 
;SETTING_3 fast\\nintent_category = default\\nposition = 0\\nsetting_version = 2
;SETTING_3 3\\n\\n[values]\\nacceleration_print = 600\\nacceleration_travel = 60
;SETTING_3 0\\nacceleration_travel_layer_0 = =acceleration_layer_0 * acceleratio
;SETTING_3 n_travel / acceleration_print\\nbottom_layers = 3\\nbridge_skin_mater
;SETTING_3 ial_flow = 75\\nbridge_wall_material_flow = 65\\nbrim_gap = 3\\ncool_
;SETTING_3 fan_speed = 100\\nfill_outline_gaps = True\\nhole_xy_offset = 0.075\\
;SETTING_3 ninfill_pattern = cubic\\ninfill_sparse_density = 10\\nline_width = 0
;SETTING_3 .4\\nmagic_fuzzy_skin_outside_only = True\\nmaterial_flow = 100.0\\nm
;SETTING_3 aterial_print_temperature = 205.0\\nmin_bead_width = 0.1\\nmin_infill
;SETTING_3 _area = 1\\nminimum_support_area = 1\\noptimize_wall_printing_order =
;SETTING_3  True\\nretract_at_layer_change = True\\nretraction_amount = 1.0\\nre
;SETTING_3 traction_combing_max_distance = 3\\nretraction_count_max = 25\\nretra
;SETTING_3 ction_extrusion_window = =retraction_amount\\nretraction_hop = 0\\nre
;SETTING_3 traction_hop_enabled = True\\nretraction_min_travel = =line_width * 2
;SETTING_3 \\nretraction_speed = 60\\nroofing_layer_count = 1\\nskirt_brim_speed
;SETTING_3  = 40\\nskirt_height = 1\\nskirt_line_count = 2\\nslicing_tolerance =
;SETTING_3  exclusive\\nspeed_infill = 160\\nspeed_layer_0 = 30\\nspeed_print = 
;SETTING_3 120\\nspeed_print_layer_0 = 30\\nspeed_roofing = 40\\nspeed_support =
;SETTING_3  100\\nspeed_topbottom = 40\\nspeed_travel = 200\\nspeed_travel_layer
;SETTING_3 _0 = 160\\nspeed_wall = 60\\nspeed_wall_0 = 20\\nspeed_wall_x = 50\\n
;SETTING_3 support_angle = 75.0\\nsupport_brim_line_count = 20\\nsupport_fan_ena
;SETTING_3 ble = True\\nsupport_infill_rate = 8\\nsupport_interface_density = 25
;SETTING_3 \\nsupport_offset = 1.0\\nsupport_top_distance = 0.28\\nsupport_tree_
;SETTING_3 angle = 60\\nsupport_tree_branch_diameter = 10\\nsupport_tree_max_dia
;SETTING_3 meter = 15\\nsupport_tree_top_rate = 20\\nsupport_z_distance = 0.15\\
;SETTING_3 ntop_bottom_thickness = 0.64\\ntop_layers = 4\\ntravel_avoid_other_pa
;SETTING_3 rts = False\\nwall_0_wipe_dist = 0.8\\nwall_line_count = 2\\nwall_thi
;SETTING_3 ckness = =wall_line_width_0 if magic_spiralize else 0.8\\nz_seam_corn
;SETTING_3 er = z_seam_corner_weighted\\nz_seam_position = frontright\\nzig_zagg
;SETTING_3 ify_infill = True\\nzig_zaggify_support = True\\n\\n"]}
