;FLAVOR:RepRap
;TIME:913
;Filament used: 1.36774m
;Layer height: 0.3
;MINX:-9.915
;MINY:-19.943
;MINZ:0.6
;MAXX:9.91
;MAXY:19.243
;MAXZ:20.7
;TARGET_MACHINE.NAME:Unknown
;Generated with Cura_SteamEngine 5.8.1
T0
M104 S205
M109 S205
M82 ;absolute extrusion mode
; G28 ;Home
G1 Z15.0 F6000 ;Move the platform down 15mm
;Prime the extruder
G92 E0
G1 F200 E3
G92 E0
M83 ;relative extrusion mode
G1 F3600 E-1
;LAYER_COUNT:69
;LAYER:1
M106 S255
;MESH:overhang.stl
G0 F12000 X0.00 Y0.000 Z0.6
G0 X4.423 Y-.591
;TYPE:WALL-INNER
G1 F3600 E1
G1 F3000 X4.333 Y-1.088 E0.0252
G1 X4.149 Y-1.65 E0.0295
G1 X3.878 Y-2.227 E0.0318
G1 X3.412 Y-2.895 E0.04063
G1 X2.74 Y-3.517 E0.04568
G1 X2.203 Y-3.886 E0.03251
G1 X1.646 Y-4.15 E0.03075
G1 X1.093 Y-4.337 E0.02912
G1 X0.555 Y-4.435 E0.02728
G1 X0.002 Y-4.47 E0.02764
G1 X-.555 Y-4.431 E0.02786
G1 X-1.095 Y-4.336 E0.02735
G1 X-1.646 Y-4.15 E0.02901
G1 X-2.204 Y-3.886 E0.0308
G1 X-2.893 Y-3.414 E0.04167
G1 X-3.526 Y-2.732 E0.04642
G1 X-3.893 Y-2.197 E0.03237
G1 X-4.152 Y-1.639 E0.03069
G1 X-4.332 Y-1.088 E0.02892
G1 X-4.422 Y-.592 E0.02515
G1 F600 X4.423 Y-.591 E0.28683
G0 F12000 X4.857 Y-.192
;TYPE:WALL-OUTER
G1 F1200 X4.829 Y-.594 E0.0201
G1 X4.721 Y-1.186 E0.03002
G1 X4.521 Y-1.798 E0.03212
G1 X4.226 Y-2.427 E0.03466
G1 X3.716 Y-3.159 E0.04451
G1 X2.99 Y-3.831 E0.04936
G1 X2.403 Y-4.234 E0.03552
G1 X1.796 Y-4.522 E0.03352
G1 X1.193 Y-4.725 E0.03174
G1 X0.603 Y-4.833 E0.02992
G1 X0.001 Y-4.871 E0.03009
G1 X-.603 Y-4.829 E0.03021
G1 X-1.194 Y-4.725 E0.02994
G1 X-1.796 Y-4.522 E0.0317
G1 X-2.404 Y-4.234 E0.03356
G1 X-3.156 Y-3.719 E0.04547
G1 X-3.839 Y-2.982 E0.05013
G1 X-4.241 Y-2.396 E0.03545
G1 X-4.525 Y-1.786 E0.03357
G1 X-4.721 Y-1.186 E0.03149
G1 X-4.829 Y-.594 E0.03002
G1 X-4.857 Y-.192 E0.0201
G1 F600 X4.857 Y-.192 E0.31501
G0 F12000 X4.829 Y-.594
G0 X4.758 Y-.984
G0 X3.966 Y-.968
;TYPE:SKIN
;BRIDGE
G1 F1200 X-3.964 Y-.972 E0.29672
G1 X-3.797 Y-1.494 E0.02051
G1 X-3.553 Y-2.012 E0.02142
G1 X-3.231 Y-2.487 E0.02147
G1 X-2.636 Y-3.127 E0.0327
G1 X-2.019 Y-3.55 E0.02799
G1 X-1.501 Y-3.798 E0.02149
G1 X-.994 Y-3.965 E0.01997
G1 X-.511 Y-4.053 E0.01837
G1 X0.00 Y-4.087 E0.01916
G1 X0.511 Y-4.053 E0.01916
G1 X0.99 Y-3.965 E0.01822
G1 X1.501 Y-3.794 E0.02016
G1 X2.02 Y-3.549 E0.02147
G1 X2.494 Y-3.223 E0.02153
G1 X3.12 Y-2.639 E0.03203
G1 X3.546 Y-2.03 E0.02781
G1 X3.793 Y-1.514 E0.02141
G1 X3.966 Y-.968 E0.02143
G1 F3600 E-1
G0 F12000 X1.443 Y-3.6
G1 F3600 E1
G1 F1200 X-1.451 Y-3.6 E0.10829
G1 X-1.551 Y-3.6
G0 F12000 X-2.176 Y-3.2
G1 F1200 X2.175 Y-3.2 E0.1628
G0 F12000 X2.655 Y-2.8
G1 F1200 X-2.667 Y-2.8 E0.19914
G0 F12000 X-3.038 Y-2.4
G1 F1200 X3.043 Y-2.4 E0.22754
G0 F12000 X3.324 Y-2
G1 F1200 X-3.319 Y-2 E0.24857
G0 F12000 X-3.526 Y-1.6
G1 F1200 X3.531 Y-1.6 E0.26406
G0 F12000 X3.684 Y-1.2
G1 F1200 X-3.681 Y-1.2 E0.27558
G1 X-3.781 Y-1.2
G0 F12000 X-3.679 Y-1.192
G1 F3600 E-1
;MESH:NONMESH
G0 F12000 X-3.672 Y-1.192
G0 X6.537 Y-.592
;TIME_ELAPSED:8.107492
;LAYER:2
;MESH:overhang.stl
G0 X6.537 Y-.592 Z0.9
;TYPE:WALL-INNER
G1 F3600 E1
G1 F3000 X6.464 Y-1.14 E0.02758
G1 X6.34 Y-1.712 E0.0292
G1 X6.157 Y-2.286 E0.03006
G1 X5.904 Y-2.875 E0.03198
G1 X5.611 Y-3.402 E0.03008
G1 X5.214 Y-3.993 E0.03552
G1 X4.635 Y-4.657 E0.04395
G1 X4.003 Y-5.205 E0.04173
G1 X3.433 Y-5.599 E0.03457
G1 X2.858 Y-5.911 E0.03264
G1 X2.293 Y-6.153 E0.03066
G1 X1.715 Y-6.34 E0.03031
G1 X1.147 Y-6.464 E0.02901
G1 X0.566 Y-6.541 E0.02924
G1 X0.00 Y-6.567 E0.02827
G1 X-.566 Y-6.542 E0.02827
G1 X-1.147 Y-6.464 E0.02925
G1 X-1.715 Y-6.34 E0.02901
G1 X-2.291 Y-6.154 E0.0302
G1 X-2.858 Y-5.907 E0.03086
G1 X-3.433 Y-5.599 E0.03254
G1 X-4.08 Y-5.147 E0.03938
G1 X-4.649 Y-4.644 E0.03789
G1 X-5.215 Y-3.992 E0.04308
G1 X-5.614 Y-3.408 E0.03529
G1 X-5.899 Y-2.878 E0.03002
G1 X-6.157 Y-2.282 E0.0324
G1 X-6.339 Y-1.703 E0.03028
G1 X-6.467 Y-1.131 E0.02924
G1 X-6.537 Y-.593 E0.02707
G1 X-4.833 Y-.593 E0.08501
G1 X4.833 Y-.592 E0.48224
G1 X6.537 Y-.592 E0.08501
G0 F12000 X6.956 Y-.192
;TYPE:WALL-OUTER
G1 F1200 X6.942 Y-.577 E0.01922
G1 X6.858 Y-1.209 E0.03181
G1 X6.726 Y-1.816 E0.03099
G1 X6.532 Y-2.426 E0.03194
G1 X6.264 Y-3.051 E0.03393
G1 X5.953 Y-3.611 E0.03196
G1 X5.532 Y-4.237 E0.03764
G1 X4.918 Y-4.941 E0.0466
G1 X4.249 Y-5.521 E0.04417
G1 X3.643 Y-5.941 E0.03678
G1 X3.032 Y-6.271 E0.03464
G1 X2.433 Y-6.528 E0.03252
G1 X1.819 Y-6.726 E0.03219
G1 X1.217 Y-6.858 E0.03075
G1 X0.602 Y-6.94 E0.03095
G1 X0.00 Y-6.967 E0.03006
G1 X-.602 Y-6.94 E0.03006
G1 X-1.217 Y-6.858 E0.03095
G1 X-1.819 Y-6.726 E0.03075
G1 X-2.433 Y-6.528 E0.03219
G1 X-3.032 Y-6.267 E0.0326
G1 X-3.643 Y-5.941 E0.03455
G1 X-4.328 Y-5.462 E0.0417
G1 X-4.933 Y-4.926 E0.04033
G1 X-5.533 Y-4.237 E0.04558
G1 X-5.956 Y-3.616 E0.03749
G1 X-6.259 Y-3.052 E0.03194
G1 X-6.532 Y-2.422 E0.03425
G1 X-6.726 Y-1.807 E0.03217
G1 X-6.862 Y-1.201 E0.03099
G1 X-6.94 Y-.595 E0.03048
G1 X-6.955 Y-.192 E0.02012
G1 X-4.858 Y-.192 E0.10462
G1 X4.858 Y-.192 E0.48473
G1 X6.956 Y-.192 E0.10467
G0 F12000 X6.942 Y-.577
G0 X6.888 Y-.988
G0 X6.111 Y-.973
;TYPE:SKIN
;BRIDGE
M107
G1 F1200 X4.763 Y-.973 E0.06725
G1 X-4.764 Y-.972 E0.4753
G1 X-6.103 Y-.972 E0.0668
G1 X-5.97 Y-1.6 E0.03203
G1 X-5.8 Y-2.146 E0.02853
G1 X-5.555 Y-2.708 E0.03059
G1 X-5.284 Y-3.212 E0.02855
G1 X-4.917 Y-3.753 E0.03261
G1 X-4.377 Y-4.374 E0.04106
G1 X-3.84 Y-4.85 E0.0358
G1 X-3.231 Y-5.273 E0.03699
G1 X-2.689 Y-5.563 E0.03067
G1 X-2.157 Y-5.792 E0.0289
G1 X-1.611 Y-5.97 E0.02865
G1 X-1.085 Y-6.086 E0.02687
G1 X-.526 Y-6.16 E0.02813
G1 X0.00 Y-6.183 E0.02627
G1 X0.526 Y-6.16 E0.02627
G1 X1.085 Y-6.086 E0.02813
G1 X1.611 Y-5.97 E0.02687
G1 X2.161 Y-5.792 E0.02884
G1 X2.688 Y-5.567 E0.02859
G1 X3.231 Y-5.273 E0.03081
G1 X3.769 Y-4.901 E0.03263
G1 X4.362 Y-4.386 E0.03918
G1 X4.913 Y-3.753 E0.04187
G1 X5.285 Y-3.203 E0.03313
G1 X5.56 Y-2.711 E0.02812
G1 X5.796 Y-2.154 E0.03018
G1 X5.952 Y-1.669 E0.02542
G1 X6.111 Y-.973 E0.03562
G0 F12000 X5.824 Y-1.301
G1 F1200 X5.695 Y-1.172 E0.0091
G0 F12000 X5.661 Y-1.891
G1 F1200 X4.941 Y-1.172 E0.05076
G0 F12000 X4.188 Y-1.172
G1 F1200 X5.456 Y-2.441 E0.0895
G0 F12000 X5.202 Y-2.94
G1 F1200 X3.434 Y-1.172 E0.12474
G0 F12000 X2.68 Y-1.172
G1 F1200 X4.909 Y-3.401 E0.15727
G0 F12000 X4.582 Y-3.828
G1 F1200 X1.926 Y-1.172 E0.1874
G0 F12000 X1.172 Y-1.172
G1 F1200 X4.231 Y-4.23 E0.21579
G0 F12000 X3.83 Y-4.583
G1 F1200 X0.419 Y-1.172 E0.24066
G0 F12000 X-.336 Y-1.172
G1 F1200 X3.404 Y-4.911 E0.26384
G0 F12000 X2.942 Y-5.203
G1 F1200 X-1.09 Y-1.172 E0.28444
G0 F12000 X-1.843 Y-1.172
G1 F1200 X2.441 Y-5.456 E0.30226
G0 F12000 X1.899 Y-5.667
G1 F1200 X-2.597 Y-1.172 E0.31718
G0 F12000 X-3.351 Y-1.172
G1 F1200 X1.31 Y-5.832 E0.32882
G0 F12000 X0.664 Y-5.94
G1 F1200 X-4.105 Y-1.172 E0.33644
G0 F12000 X-4.858 Y-1.172
G1 F1200 X-0.048 Y-5.981 E0.33934
G1 X0.022 Y-6.051
G0 F12000 X-.871 Y-5.913
G1 F1200 X-5.612 Y-1.172 E0.3345
G0 F12000 X-5.68 Y-1.858
G1 F1200 X-1.857 Y-5.68 E0.2697
G1 X-1.787 Y-5.75
G0 F12000 X-3.334 Y-4.957
G1 F1200 X-4.964 Y-3.328 E0.11497
G1 X-5.034 Y-3.258
G0 F12000 X-5.006 Y-3.239
G1 F3600 E-1
;MESH:NONMESH
G0 F12000 X8.155 Y-.592
;TIME_ELAPSED:16.802423
;LAYER:3
M106 S255
;MESH:overhang.stl
G0 X8.155 Y-.592 Z1.2
;TYPE:WALL-INNER
G1 F3600 E1
G1 F3000 X8.094 Y-1.159 E0.02845
G1 X7.985 Y-1.769 E0.03092
G1 X7.837 Y-2.323 E0.02861
G1 X7.643 Y-2.905 E0.03061
G1 X7.393 Y-3.479 E0.03124
G1 X7.091 Y-4.068 E0.03302
G1 X6.716 Y-4.652 E0.03463
G1 X6.342 Y-5.164 E0.03163
G1 X5.821 Y-5.74 E0.03875
G1 X5.243 Y-6.27 E0.03912
G1 X4.652 Y-6.719 E0.03703
G1 X4.075 Y-7.087 E0.03414
G1 X3.487 Y-7.393 E0.03307
G1 X2.914 Y-7.638 E0.03109
G1 X2.333 Y-7.832 E0.03056
G1 X1.776 Y-7.978 E0.02873
G1 X1.162 Y-8.094 E0.03117
G1 X0.576 Y-8.16 E0.02942
G1 X0.00 Y-8.179 E0.02875
G1 X-.576 Y-8.161 E0.02875
G1 X-1.164 Y-8.094 E0.02953
G1 X-1.775 Y-7.982 E0.03099
G1 X-2.331 Y-7.833 E0.02872
G1 X-2.914 Y-7.638 E0.03067
G1 X-3.487 Y-7.393 E0.03109
G1 X-4.159 Y-7.045 E0.03775
G1 X-4.655 Y-6.716 E0.02969
G1 X-5.175 Y-6.331 E0.03228
G1 X-5.748 Y-5.813 E0.03854
G1 X-6.278 Y-5.235 E0.03912
G1 X-6.726 Y-4.645 E0.03696
G1 X-7.094 Y-4.065 E0.03427
G1 X-7.396 Y-3.479 E0.03289
G1 X-7.642 Y-2.907 E0.03106
G1 X-7.836 Y-2.317 E0.03099
G1 X-7.981 Y-1.768 E0.02833
G1 X-8.095 Y-1.14 E0.03184
G1 X-8.157 Y-.593 E0.02746
G1 X-6.945 Y-.593 E0.06047
G1 X6.945 Y-.592 E0.69297
G1 X8.155 Y-.592 E0.06037
G0 F12000 X8.569 Y-.192
;TYPE:WALL-OUTER
G1 F1200 X8.555 Y-.619 E0.02131
G1 X8.49 Y-1.215 E0.02991
G1 X8.376 Y-1.856 E0.03248
G1 X8.22 Y-2.438 E0.03006
G1 X8.017 Y-3.048 E0.03207
G1 X7.755 Y-3.65 E0.03276
G1 X7.438 Y-4.268 E0.03465
G1 X7.046 Y-4.878 E0.03618
G1 X6.652 Y-5.417 E0.03331
G1 X6.105 Y-6.022 E0.04069
G1 X5.499 Y-6.578 E0.04103
G1 X4.881 Y-7.047 E0.03871
G1 X4.275 Y-7.434 E0.03587
G1 X3.658 Y-7.755 E0.0347
G1 X3.056 Y-8.012 E0.03266
G1 X2.447 Y-8.216 E0.03204
G1 X1.864 Y-8.368 E0.03006
G1 X1.222 Y-8.49 E0.0326
G1 X0.605 Y-8.56 E0.03098
G1 X0.00 Y-8.579 E0.0302
G1 X-.605 Y-8.56 E0.0302
G1 X-1.222 Y-8.49 E0.03098
G1 X-1.863 Y-8.372 E0.03252
G1 X-2.446 Y-8.216 E0.03011
G1 X-3.056 Y-8.012 E0.03209
G1 X-3.658 Y-7.755 E0.03266
G1 X-4.362 Y-7.391 E0.03954
G1 X-4.885 Y-7.044 E0.03131
G1 X-5.429 Y-6.641 E0.03378
G1 X-6.03 Y-6.097 E0.04044
G1 X-6.586 Y-5.491 E0.04103
G1 X-7.055 Y-4.873 E0.03871
G1 X-7.442 Y-4.264 E0.036
G1 X-7.758 Y-3.65 E0.03445
G1 X-8.016 Y-3.049 E0.03263
G1 X-8.22 Y-2.431 E0.03247
G1 X-8.372 Y-1.856 E0.02967
G1 X-8.489 Y-1.214 E0.03256
G1 X-8.56 Y-.586 E0.03153
G1 X-8.57 Y-.192 E0.01966
G1 X-6.958 Y-.192 E0.08042
G1 X6.958 Y-.192 E0.69427
G1 X8.569 Y-.192 E0.08037
G0 F12000 X8.555 Y-.619
G0 X8.515 Y-.989
G0 X7.74 Y-.973
;TYPE:SKIN
;BRIDGE
M107
G1 F1200 X6.894 Y-.973 E0.04221
G1 X-6.894 Y-.973 E0.68789
G1 X-7.737 Y-.973 E0.04206
G1 X-7.612 Y-1.68 E0.03582
G1 X-7.468 Y-2.206 E0.02721
G1 X-7.28 Y-2.773 E0.0298
G1 X-7.05 Y-3.311 E0.02919
G1 X-6.766 Y-3.872 E0.03137
G1 X-6.415 Y-4.421 E0.03251
G1 X-5.982 Y-4.991 E0.03571
G1 X-5.482 Y-5.538 E0.03697
G1 X-4.937 Y-6.033 E0.03673
G1 X-4.433 Y-6.404 E0.03122
G1 X-3.966 Y-6.715 E0.02799
G1 X-3.318 Y-7.047 E0.03633
G1 X-2.78 Y-7.281 E0.02927
G1 X-2.218 Y-7.468 E0.02955
G1 X-1.692 Y-7.608 E0.02716
G1 X-1.11 Y-7.714 E0.02951
G1 X-.541 Y-7.78 E0.02858
G1 X0.00 Y-7.795 E0.027
G1 X0.541 Y-7.78 E0.027
G1 X1.105 Y-7.714 E0.02833
G1 X1.723 Y-7.596 E0.03139
G1 X2.227 Y-7.464 E0.02599
G1 X2.78 Y-7.28 E0.02908
G1 X3.318 Y-7.047 E0.02925
G1 X3.888 Y-6.754 E0.03197
G1 X4.429 Y-6.407 E0.03207
G1 X4.999 Y-5.974 E0.03571
G1 X5.546 Y-5.474 E0.03697
G1 X6.044 Y-4.925 E0.03698
G1 X6.398 Y-4.438 E0.03004
G1 X6.758 Y-3.88 E0.03313
G1 X7.047 Y-3.31 E0.03188
G1 X7.285 Y-2.772 E0.02935
G1 X7.473 Y-2.201 E0.02999
G1 X7.612 Y-1.688 E0.02652
G1 X7.74 Y-.973 E0.03624
G0 F12000 X7.456 Y-1.426
G1 F1200 X7.203 Y-1.172 E0.01789
G0 F12000 X6.449 Y-1.172
G1 F1200 X7.311 Y-2.034 E0.06082
G0 F12000 X7.128 Y-2.606
G1 F1200 X5.695 Y-1.172 E0.10114
G0 F12000 X4.941 Y-1.172
G1 F1200 X6.905 Y-3.136 E0.13857
G0 F12000 X6.655 Y-3.639
G1 F1200 X4.187 Y-1.172 E0.1741
G0 F12000 X3.434 Y-1.172
G1 F1200 X6.371 Y-4.11 E0.20726
G0 F12000 X6.065 Y-4.557
G1 F1200 X2.68 Y-1.172 E0.23883
G0 F12000 X1.926 Y-1.172
G1 F1200 X5.729 Y-4.975 E0.26832
G0 F12000 X5.367 Y-5.367
G1 F1200 X1.172 Y-1.172 E0.29598
G0 F12000 X0.419 Y-1.172
G1 F1200 X4.974 Y-5.728 E0.32142
G0 F12000 X4.554 Y-6.061
G1 F1200 X-.335 Y-1.172 E0.34495
G0 F12000 X-1.089 Y-1.172
G1 F1200 X4.112 Y-6.373 E0.36696
G0 F12000 X3.641 Y-6.656
G1 F1200 X-1.843 Y-1.172 E0.38693
G0 F12000 X-2.596 Y-1.172
G1 F1200 X3.138 Y-6.907 E0.4046
G0 F12000 X2.605 Y-7.128
G1 F1200 X-3.35 Y-1.172 E0.42019
G0 F12000 X-4.104 Y-1.172
G1 F1200 X2.033 Y-7.309 E0.433
G0 F12000 X1.421 Y-7.451
G1 F1200 X-4.858 Y-1.172 E0.44302
G0 F12000 X-5.612 Y-1.172
G1 F1200 X0.768 Y-7.552 E0.45014
G0 F12000 X0.055 Y-7.593
G1 F1200 X-6.365 Y-1.172 E0.453
G0 F12000 X-7.119 Y-1.172
G1 F1200 X-.735 Y-7.556 E0.45043
G1 X-.665 Y-7.626
G0 F12000 X-1.629 Y-7.416
G1 F1200 X-7.418 Y-1.627 E0.40845
G1 X-7.488 Y-1.557
G0 F12000 X-7.089 Y-2.71
G1 F1200 X-2.704 Y-7.095 E0.30939
G1 X-2.634 Y-7.165
G0 F12000 X-4.301 Y-6.252
G1 F1200 X-6.258 Y-4.295 E0.13808
G1 X-6.328 Y-4.225
G0 F12000 X-6.298 Y-4.205
G1 F3600 E-1
;MESH:NONMESH
G0 F600 X-6.298 Y-4.205 Z1.5
G0 F12000 X-2.055 Y-3.554
;TIME_ELAPSED:29.530186
;LAYER:4
M106 S255
;TYPE:FILL
;MESH:overhang.stl
G1 F3600 E1
G1 F9600 X0.547 Y-.952 E0.18359
G1 X4.003 Y-.952 E0.17242
G1 X3.815 Y-1.514 E0.02957
G1 X3.565 Y-2.054 E0.02969
G1 X3.143 Y-2.66 E0.03684
G1 X2.527 Y-3.231 E0.0419
G1 X2.024 Y-3.576 E0.03043
G1 X1.514 Y-3.816 E0.02812
G1 X1.004 Y-3.988 E0.02685
G1 X0.51 Y-4.079 E0.02506
G1 X0.004 Y-4.111 E0.02529
G1 X-.842 Y-.951 E0.16321
G1 X-4.002 Y-.952 E0.15765
G1 X-3.815 Y-1.51 E0.02936
G1 X-3.578 Y-2.023 E0.02819
G1 X-3.245 Y-2.511 E0.02947
G1 X-2.665 Y-3.137 E0.04258
G1 X-2.02 Y-3.579 E0.03901
G1 X-1.52 Y-3.814 E0.02756
G1 X-1.008 Y-3.987 E0.02696
G1 X-.507 Y-4.079 E0.02541
G1 X0.002 Y-4.111 E0.02544
G1 X0.101 Y-4.117
G1 F3600 E-1
G0 F12000 X9.13 Y-.862
G0 X9.4 Y-.592
;TYPE:WALL-INNER
G1 F3600 E1
G1 F3000 X9.4 Y-1.616 E0.05109
G1 X9.234 Y-2.342 E0.03716
G1 X9.064 Y-2.935 E0.03078
G1 X8.854 Y-3.521 E0.03106
G1 X8.598 Y-4.104 E0.03177
G1 X8.29 Y-4.694 E0.0332
G1 X7.923 Y-5.285 E0.03471
G1 X7.574 Y-5.783 E0.03034
G1 X7.028 Y-6.439 E0.04258
G1 X6.441 Y-7.026 E0.04142
G1 X5.883 Y-7.498 E0.03646
G1 X5.287 Y-7.924 E0.03655
G1 X4.702 Y-8.286 E0.03432
G1 X4.11 Y-8.595 E0.03332
G1 X3.521 Y-8.858 E0.03218
G1 X2.94 Y-9.064 E0.03075
G1 X2.351 Y-9.234 E0.03058
G1 X1.759 Y-9.366 E0.03026
G1 X1.127 Y-9.467 E0.03193
G1 X0.585 Y-9.512 E0.02713
G1 X0.00 Y-9.531 E0.0292
G1 X-.581 Y-9.513 E0.029
G1 X-1.126 Y-9.46 E0.02732
G1 X-1.762 Y-9.365 E0.03208
G1 X-2.351 Y-9.234 E0.0301
G1 X-2.944 Y-9.064 E0.03078
G1 X-3.52 Y-8.858 E0.03052
G1 X-4.11 Y-8.595 E0.03223
G1 X-4.702 Y-8.286 E0.03332
G1 X-5.29 Y-7.922 E0.0345
G1 X-5.794 Y-7.571 E0.03064
G1 X-6.414 Y-7.049 E0.04044
G1 X-7.01 Y-6.456 E0.04195
G1 X-7.502 Y-5.875 E0.03798
G1 X-7.928 Y-5.278 E0.03659
G1 X-8.294 Y-4.69 E0.03455
G1 X-8.598 Y-4.104 E0.03294
G1 X-8.858 Y-3.513 E0.03221
G1 X-9.068 Y-2.928 E0.03101
G1 X-9.234 Y-2.342 E0.03039
G1 X-9.4 Y-1.624 E0.03677
G1 X-9.4 Y-.592 E0.05149
G1 X-8.562 Y-.592 E0.04181
G1 X8.56 Y-.592 E0.85422
G1 X9.4 Y-.592 E0.04191
G0 F12000 X9.8 Y-.192
;TYPE:WALL-OUTER
G1 F1200 X9.8 Y-1.661 E0.07329
G1 X9.622 Y-2.442 E0.03996
G1 X9.445 Y-3.058 E0.03198
G1 X9.226 Y-3.669 E0.03238
G1 X8.959 Y-4.277 E0.03313
G1 X8.638 Y-4.892 E0.03461
G1 X8.257 Y-5.505 E0.03601
G1 X7.892 Y-6.026 E0.03174
G1 X7.324 Y-6.709 E0.04432
G1 X6.712 Y-7.32 E0.04314
G1 X6.129 Y-7.814 E0.03812
G1 X5.509 Y-8.257 E0.03802
G1 X4.9 Y-8.634 E0.03573
G1 X4.284 Y-8.955 E0.03465
G1 X3.669 Y-9.23 E0.03361
G1 X3.062 Y-9.445 E0.03213
G1 X2.45 Y-9.622 E0.03178
G1 X1.834 Y-9.759 E0.03148
G1 X1.175 Y-9.865 E0.0333
G1 X0.608 Y-9.912 E0.02838
G1 X0.00 Y-9.931 E0.03035
G1 X-.607 Y-9.912 E0.0303
G1 X-1.175 Y-9.857 E0.02847
G1 X-1.835 Y-9.759 E0.03329
G1 X-2.45 Y-9.622 E0.03143
G1 X-3.066 Y-9.445 E0.03198
G1 X-3.669 Y-9.23 E0.03194
G1 X-4.284 Y-8.955 E0.03361
G1 X-4.9 Y-8.634 E0.03465
G1 X-5.51 Y-8.256 E0.0358
G1 X-6.038 Y-7.889 E0.03208
G1 X-6.684 Y-7.344 E0.04217
G1 X-7.304 Y-6.728 E0.0436
G1 X-7.818 Y-6.121 E0.03968
G1 X-8.261 Y-5.5 E0.03806
G1 X-8.642 Y-4.888 E0.03597
G1 X-8.959 Y-4.277 E0.03434
G1 X-9.23 Y-3.661 E0.03357
G1 X-9.449 Y-3.05 E0.03238
G1 X-9.622 Y-2.442 E0.03154
G1 X-9.8 Y-1.669 E0.03957
G1 X-9.8 Y-.192 E0.07369
G1 X-8.573 Y-.192 E0.06122
G1 X8.572 Y-.192 E0.85537
G1 X9.8 Y-.192 E0.06127
G0 F12000 X9.8 Y-.992
G1 F3600 E-1
G0 F12000 X9.1 Y-.992
G0 X-4.357 Y-.972
;TYPE:SKIN
;BRIDGE
M107
G1 F3600 E1
G1 F1200 X-8.519 Y-.972 E0.20764
G1 X-9.02 Y-.972 E0.02499
G1 X-9.02 Y-1.576 E0.03013
G1 X-8.87 Y-2.218 E0.03289
G1 X-8.705 Y-2.807 E0.03052
G1 X-8.505 Y-3.366 E0.02962
G1 X-8.255 Y-3.937 E0.0311
G1 X-7.961 Y-4.497 E0.03155
G1 X-7.613 Y-5.065 E0.03323
G1 X-7.198 Y-5.641 E0.03542
G1 X-6.732 Y-6.196 E0.03616
G1 X-6.153 Y-6.768 E0.04061
G1 X-5.562 Y-7.265 E0.03853
G1 X-5.078 Y-7.604 E0.02948
G1 X-4.517 Y-7.95 E0.03288
G1 X-3.94 Y-8.251 E0.03247
G1 X-3.373 Y-8.506 E0.03102
G1 X-2.831 Y-8.701 E0.02874
G1 X-2.258 Y-8.862 E0.02969
G1 X-1.691 Y-8.991 E0.02901
G1 X-1.075 Y-9.081 E0.03106
G1 X-.555 Y-9.132 E0.02607
G1 X-0.001 Y-9.147 E0.02765
G1 X0.904 Y-9.12 E0.04517
G1 X1.681 Y-8.991 E0.0393
G1 X2.258 Y-8.862 E0.0295
G1 X2.823 Y-8.701 E0.02931
G1 X3.373 Y-8.506 E0.02911
G1 X3.94 Y-8.251 E0.03102
G1 X4.516 Y-7.95 E0.03242
G1 X5.073 Y-7.605 E0.03269
G1 X5.649 Y-7.194 E0.0353
G1 X6.18 Y-6.744 E0.03473
G1 X6.744 Y-6.184 E0.03965
G1 X7.269 Y-5.554 E0.04091
G1 X7.604 Y-5.077 E0.02908
G1 X7.954 Y-4.509 E0.03329
G1 X8.255 Y-3.933 E0.03242
G1 X8.498 Y-3.381 E0.03009
G1 X8.701 Y-2.822 E0.02967
G1 X8.857 Y-2.266 E0.02881
G1 X9.02 Y-1.568 E0.03576
G1 X9.02 Y-.972 E0.02973
G1 X8.519 Y-.972 E0.02499
G1 X4.354 Y-.972 E0.20779
G1 X4.13 Y-1.64 E0.03515
G1 X3.861 Y-2.222 E0.03199
G1 X3.383 Y-2.897 E0.04126
G1 X2.749 Y-3.487 E0.04321
G1 X2.202 Y-3.867 E0.03323
G1 X1.637 Y-4.13 E0.03109
G1 X1.103 Y-4.313 E0.02816
G1 X0.556 Y-4.413 E0.02774
G1 X0.014 Y-4.452 E0.02711
G1 X-.536 Y-4.416 E0.0275
G1 X-1.084 Y-4.317 E0.02778
G1 X-1.645 Y-4.13 E0.0295
G1 X-2.181 Y-3.878 E0.02955
G1 X-2.885 Y-3.398 E0.04251
G1 X-3.496 Y-2.736 E0.04494
G1 X-3.875 Y-2.187 E0.03328
G1 X-4.134 Y-1.625 E0.03087
G1 X-4.357 Y-.972 E0.03443
G1 F3600 E-1
G0 F12000 X-4.138 Y-7.922
G1 F3600 E1
G1 F1200 X-7.925 Y-4.136 E0.26716
G1 X-7.995 Y-4.066
G0 F12000 X-8.488 Y-2.819
G1 F1200 X-2.811 Y-8.495 E0.40051
G1 X-2.741 Y-8.565
G0 F12000 X-1.789 Y-8.764
G1 F1200 X-8.765 Y-1.788 E0.49219
G0 F12000 X-8.627 Y-1.172
G1 F1200 X-.903 Y-8.896 E0.54497
G1 X-.833 Y-8.966
G0 F12000 X-.1 Y-8.945
G1 F1200 X-7.874 Y-1.172 E0.54846
G0 F12000 X-7.119 Y-1.172
G1 F1200 X0.636 Y-8.928 E0.54719
G0 F12000 X1.312 Y-8.85
G1 F1200 X-6.365 Y-1.172 E0.54169
G0 F12000 X-5.611 Y-1.173
G1 F1200 X1.944 Y-8.728 E0.53305
G0 F12000 X2.543 Y-8.573
G1 F1200 X-1.714 Y-4.316 E0.30035
G1 X-1.784 Y-4.246
G0 F12000 X-.686 Y-4.591
G1 F1200 X3.111 Y-8.387 E0.26786
G0 F12000 X3.644 Y-8.166
G1 F1200 X0.122 Y-4.644 E0.2485
G0 F12000 X0.802 Y-4.571
G1 F1200 X4.149 Y-7.917 E0.23611
G0 F12000 X4.629 Y-7.645
G1 F1200 X1.404 Y-4.419 E0.22758
G0 F12000 X1.946 Y-4.207
G1 F1200 X5.088 Y-7.349 E0.22169
G0 F12000 X5.528 Y-7.036
G1 F1200 X2.437 Y-3.944 E0.21812
G0 F12000 X2.881 Y-3.635
G1 F1200 X5.936 Y-6.69 E0.21555
G0 F12000 X6.322 Y-6.322
G1 F1200 X3.271 Y-3.271 E0.21526
G0 F12000 X3.639 Y-2.886
G1 F1200 X6.689 Y-5.935 E0.21516
G0 F12000 X7.032 Y-5.525
G1 F1200 X3.951 Y-2.444 E0.21738
G0 F12000 X4.207 Y-1.946
G1 F1200 X7.35 Y-5.089 E0.22176
G0 F12000 X7.645 Y-4.629
G1 F1200 X4.421 Y-1.406 E0.22744
G0 F12000 X4.943 Y-1.174
G1 F1200 X7.917 Y-4.148 E0.20983
G0 F12000 X8.164 Y-3.642
G1 F1200 X5.696 Y-1.173 E0.17417
G0 F12000 X6.45 Y-1.173
G1 F1200 X8.384 Y-3.108 E0.13649
G0 F12000 X8.572 Y-2.541
G1 F1200 X7.203 Y-1.172 E0.09659
G0 F12000 X7.956 Y-1.172
G1 F1200 X8.726 Y-1.942 E0.05433
G0 F12000 X8.82 Y-1.282
G1 F1200 X8.709 Y-1.172 E0.0078
G1 F3600 E-1
G0 F12000 X-4.311 Y-1.719
G1 F3600 E1
G1 F1200 X-4.857 Y-1.173 E0.03852
G0 F12000 X-4.857 Y-1.192
G1 F3600 E-1
;MESH:NONMESH
G0 F600 X-4.857 Y-1.192 Z1.8
G0 F12000 X-3.391 Y-5.19
;TIME_ELAPSED:44.916077
;LAYER:5
M106 S255
;TYPE:FILL
;MESH:overhang.stl
G1 F3600 E1
G1 F9600 X0.846 Y-.952 E0.29898
G1 X6.141 Y-.952 E0.26417
G1 X5.997 Y-1.611 E0.03365
G1 X5.822 Y-2.162 E0.02884
G1 X5.584 Y-2.71 E0.02981
G1 X5.298 Y-3.233 E0.02974
G1 X4.928 Y-3.779 E0.03291
G1 X4.385 Y-4.4 E0.04116
G1 X3.777 Y-4.931 E0.04027
G1 X3.256 Y-5.289 E0.03154
G1 X2.711 Y-5.583 E0.03089
G1 X2.151 Y-5.823 E0.0304
G1 X1.625 Y-5.994 E0.02759
G1 X1.083 Y-6.111 E0.02766
G1 X0.347 Y-6.212 E0.03706
G1 X-1.062 Y-.951 E0.27172
G1 X-6.141 Y-.952 E0.25339
G1 X-5.995 Y-1.62 E0.03411
G1 X-5.823 Y-2.157 E0.02813
G1 X-5.598 Y-2.68 E0.0284
G1 X-5.294 Y-3.242 E0.03188
G1 X-4.921 Y-3.787 E0.03295
G1 X-4.398 Y-4.387 E0.03971
G1 X-3.862 Y-4.861 E0.0357
G1 X-3.246 Y-5.293 E0.03754
G1 X-2.704 Y-5.584 E0.03069
G1 X-2.159 Y-5.819 E0.02961
G1 X-1.613 Y-5.995 E0.02862
G1 X-1.09 Y-6.111 E0.02673
G1 X-.308 Y-6.219 E0.03938
G1 X-.209 Y-6.232
G1 F3600 E-1
G0 F12000 X9.13 Y-.862
G0 X9.4 Y-.592
;TYPE:WALL-INNER
G1 F3600 E1
G1 F3000 X9.4 Y-3.19 E0.12961
G1 X9.4 Y-5.166 E0.09858
G1 X8.943 Y-5.908 E0.04348
G1 X8.519 Y-6.502 E0.03641
G1 X8.055 Y-7.066 E0.03644
G1 X7.589 Y-7.572 E0.03432
G1 X7.101 Y-8.027 E0.03329
G1 X6.51 Y-8.512 E0.03814
G1 X5.915 Y-8.94 E0.03657
G1 X5.33 Y-9.298 E0.03422
G1 X4.73 Y-9.617 E0.0339
G1 X4.138 Y-9.887 E0.03246
G1 X3.549 Y-10.117 E0.03155
G1 X2.963 Y-10.298 E0.0306
G1 X2.361 Y-10.455 E0.03104
G1 X1.775 Y-10.572 E0.02981
G1 X1.181 Y-10.655 E0.02992
G1 X0.585 Y-10.704 E0.02983
G1 X0.00 Y-10.723 E0.0292
G1 X-.585 Y-10.704 E0.0292
G1 X-1.169 Y-10.655 E0.02924
G1 X-1.776 Y-10.572 E0.03057
G1 X-2.361 Y-10.455 E0.02976
G1 X-2.962 Y-10.299 E0.03098
G1 X-3.553 Y-10.113 E0.03091
G1 X-4.138 Y-9.887 E0.03129
G1 X-4.734 Y-9.613 E0.03273
G1 X-5.33 Y-9.298 E0.03363
G1 X-5.915 Y-8.94 E0.03422
G1 X-6.51 Y-8.512 E0.03657
G1 X-7.101 Y-8.027 E0.03814
G1 X-7.571 Y-7.591 E0.03198
G1 X-8.032 Y-7.096 E0.03375
G1 X-8.523 Y-6.499 E0.03856
G1 X-8.943 Y-5.908 E0.03617
G1 X-9.4 Y-5.166 E0.04348
G1 X-9.4 Y-3.19 E0.09858
G1 X-9.4 Y-.592 E0.12961
G1 X9.4 Y-.592 E0.93794
G0 F12000 X9.8 Y-.192
;TYPE:WALL-OUTER
G1 F1200 X9.8 Y-1.166 E0.04859
G1 X9.8 Y-2.853
G1 F600 X9.8 Y-5.279 E0.07867
G1 F1200 X9.277 Y-6.129 E0.04979
G1 X8.837 Y-6.746 E0.03781
G1 X8.357 Y-7.328 E0.03764
G1 X7.873 Y-7.854 E0.03566
G1 X7.364 Y-8.329 E0.03473
G1 X6.754 Y-8.829 E0.03935
G1 X6.137 Y-9.273 E0.03792
G1 X5.528 Y-9.646 E0.03563
G1 X4.907 Y-9.976 E0.03508
G1 X4.294 Y-10.255 E0.0336
G1 X3.681 Y-10.495 E0.03284
G1 X3.073 Y-10.683 E0.03175
G1 X2.451 Y-10.845 E0.03207
G1 X1.842 Y-10.966 E0.03098
G1 X1.225 Y-11.053 E0.03109
G1 X0.608 Y-11.104 E0.03089
G1 X0.00 Y-11.123 E0.03035
G1 X-.608 Y-11.104 E0.03035
G1 X-1.213 Y-11.053 E0.03029
G1 X-1.842 Y-10.966 E0.03168
G1 X-2.451 Y-10.845 E0.03098
G1 X-3.072 Y-10.683 E0.03202
G1 X-3.685 Y-10.491 E0.03205
G1 X-4.294 Y-10.255 E0.03258
G1 X-4.911 Y-9.972 E0.03387
G1 X-5.528 Y-9.646 E0.03481
G1 X-6.137 Y-9.273 E0.03563
G1 X-6.754 Y-8.829 E0.03792
G1 X-7.364 Y-8.329 E0.03935
G1 X-7.854 Y-7.874 E0.03336
G1 X-8.333 Y-7.36 E0.03505
G1 X-8.841 Y-6.742 E0.03991
G1 X-9.277 Y-6.129 E0.03753
G1 X-9.8 Y-5.279 E0.04979
G1 F600 X-9.8 Y-2.853 E0.07867
G1 X-9.8 Y-1.853 E0.04989
G1 F750 X-9.8 Y-.853 E0.04989
G1 F862.5 X-9.8 Y-.192 E0.03298
G1 F1200 X9.8 Y-.192 E0.97785
G0 F12000 X9.8 Y-.992
G0 X9.02 Y-.972
;TYPE:SKIN
;BRIDGE
M107
G1 F1200 X6.481 Y-.972 E0.13934
G1 X6.323 Y-1.709 E0.04136
G1 X6.14 Y-2.28 E0.03291
G1 X5.904 Y-2.828 E0.03274
G1 X5.578 Y-3.425 E0.03733
G1 X5.202 Y-3.981 E0.03684
G1 X4.635 Y-4.632 E0.04738
G1 X3.996 Y-5.191 E0.04659
G1 X3.446 Y-5.57 E0.03666
G1 X2.856 Y-5.892 E0.03689
G1 X2.291 Y-6.133 E0.03371
G1 X1.714 Y-6.319 E0.03327
G1 X1.156 Y-6.444 E0.03138
G1 X0.584 Y-6.523 E0.03169
G1 X0.006 Y-6.549 E0.03175
G1 X-.575 Y-6.524 E0.03191
G1 X-1.136 Y-6.447 E0.03108
G1 X-1.701 Y-6.32 E0.03178
G1 X-2.278 Y-6.135 E0.03325
G1 X-2.823 Y-5.905 E0.03246
G1 X-3.433 Y-5.575 E0.03806
G1 X-4.068 Y-5.128 E0.04262
G1 X-4.633 Y-4.635 E0.04115
G1 X-5.187 Y-4 E0.04625
G1 X-5.582 Y-3.421 E0.03847
G1 X-5.9 Y-2.836 E0.03654
G1 X-6.143 Y-2.269 E0.03385
G1 X-6.324 Y-1.699 E0.03282
G1 X-6.481 Y-.972 E0.04082
G1 X-9.019 Y-.973 E0.13928
G1 X-9.02 Y-4.146 E0.17413
G1 X-9.02 Y-5.055 E0.04989
G1 X-8.625 Y-5.693 E0.04118
G1 X-8.221 Y-6.262 E0.0383
G1 X-7.745 Y-6.84 E0.04109
G1 X-7.302 Y-7.318 E0.03577
G1 X-6.852 Y-7.737 E0.03374
G1 X-6.274 Y-8.209 E0.04095
G1 X-5.721 Y-8.609 E0.03746
G1 X-5.117 Y-8.978 E0.03884
G1 X-4.567 Y-9.268 E0.03412
G1 X-3.986 Y-9.535 E0.03509
G1 X-3.429 Y-9.751 E0.03279
G1 X-2.861 Y-9.931 E0.0327
G1 X-2.271 Y-10.081 E0.03341
G1 X-1.714 Y-10.194 E0.03119
G1 X-1.121 Y-10.273 E0.03283
G1 X-.556 Y-10.324 E0.03113
G1 X0.00 Y-10.339 E0.03052
G1 X0.56 Y-10.324 E0.03074
G1 X1.133 Y-10.273 E0.03157
G1 X1.711 Y-10.194 E0.03202
G1 X2.271 Y-10.084 E0.03132
G1 X2.861 Y-9.931 E0.03345
G1 X3.417 Y-9.759 E0.03194
G1 X3.986 Y-9.535 E0.03356
G1 X4.56 Y-9.276 E0.03456
G1 X5.116 Y-8.982 E0.03452
G1 X5.72 Y-8.609 E0.03896
G1 X6.273 Y-8.209 E0.03746
G1 X6.844 Y-7.741 E0.04052
G1 X7.317 Y-7.303 E0.03538
G1 X7.792 Y-6.781 E0.03873
G1 X8.213 Y-6.27 E0.03633
G1 X8.625 Y-5.693 E0.03891
G1 X9.02 Y-5.055 E0.04118
G1 X9.02 Y-4.144 E0.04999
G1 X9.02 Y-.972 E0.17408
G0 F12000 X8.243 Y-1.172
G1 F1200 X8.82 Y-1.749 E0.04478
G0 F12000 X8.82 Y-2.456
G1 F1200 X7.536 Y-1.172 E0.09965
G0 F12000 X6.829 Y-1.172
G1 F1200 X8.82 Y-3.163 E0.15452
G0 F12000 X8.82 Y-3.87
G1 F1200 X6.551 Y-1.602 E0.17606
G0 F12000 X6.394 Y-2.151
G1 F1200 X8.82 Y-4.577 E0.18828
G0 F12000 X8.71 Y-5.175
G1 F1200 X6.194 Y-2.659 E0.19527
G0 F12000 X5.964 Y-3.135
G1 F1200 X8.438 Y-5.609 E0.19201
G0 F12000 X8.143 Y-6.022
G1 F1200 X5.708 Y-3.587 E0.18898
G0 F12000 X5.424 Y-4.009
G1 F1200 X7.831 Y-6.417 E0.18685
G0 F12000 X7.505 Y-6.798
G1 F1200 X5.106 Y-4.399 E0.18619
G0 F12000 X4.776 Y-4.776
G1 F1200 X7.169 Y-7.169 E0.18572
G0 F12000 X6.802 Y-7.509
G1 F1200 X4.398 Y-5.105 E0.18658
G0 F12000 X4.01 Y-5.424
G1 F1200 X6.418 Y-7.833 E0.18693
G0 F12000 X6.022 Y-8.144
G1 F1200 X3.591 Y-5.712 E0.18871
G0 F12000 X3.137 Y-5.966
G1 F1200 X5.612 Y-8.441 E0.19209
G0 F12000 X5.175 Y-8.711
G1 F1200 X2.657 Y-6.193 E0.19542
G0 F12000 X2.146 Y-6.389
G1 F1200 X4.722 Y-8.965 E0.19993
G0 F12000 X4.248 Y-9.198
G1 F1200 X1.599 Y-6.549 E0.20559
G0 F12000 X1.009 Y-6.666
G1 F1200 X3.755 Y-9.412 E0.21312
G0 F12000 X3.241 Y-9.605
G1 F1200 X0.368 Y-6.732 E0.22298
G0 F12000 X-.338 Y-6.733
G1 F1200 X2.697 Y-9.768 E0.23555
G0 F12000 X2.13 Y-9.908
G1 F1200 X-1.129 Y-6.649 E0.25293
G1 X-1.199 Y-6.579
G0 F12000 X-2.077 Y-6.408
G1 F1200 X1.532 Y-10.017 E0.2801
G0 F12000 X0.901 Y-10.093
G1 F1200 X-3.34 Y-5.852 E0.32915
G1 X-3.41 Y-5.782
G1 F3600 E-1
G0 F12000 X-4.233 Y-9.202
G1 F3600 E1
G1 F1200 X-8.82 Y-4.615 E0.356
G0 F12000 X-8.82 Y-3.908
G1 F1200 X-3.074 Y-9.654 E0.44595
G1 X-3.004 Y-9.724
G0 F12000 X-2.111 Y-9.909
G1 F1200 X-8.82 Y-3.201 E0.52065
G0 F12000 X-8.819 Y-2.495
G1 F1200 X-1.26 Y-10.054 E0.58666
G0 F12000 X-.481 Y-10.126
G1 F1200 X-8.819 Y-1.788 E0.64712
G0 F12000 X-8.727 Y-1.172
G1 F1200 X0.233 Y-10.133 E0.69543
G1 X0.303 Y-10.203
G1 F3600 E-1
G0 F12000 X-5.935 Y-8.207
G1 F3600 E1
G1 F1200 X-8.207 Y-5.935 E0.17633
G1 X-8.277 Y-5.865
G1 F3600 E-1
G0 F12000 X-5.857 Y-3.335
G1 F3600 E1
G1 F1200 X-8.02 Y-1.172 E0.16787
G0 F12000 X-7.313 Y-1.172
G1 F1200 X-6.418 Y-2.068 E0.0695
G1 X-6.348 Y-2.138
G1 F3600 E-1
;MESH:NONMESH
G0 F600 X-6.348 Y-2.138 Z2.1
G0 F12000 X-4.375 Y-6.474
;TIME_ELAPSED:61.202196
;LAYER:6
M106 S255
;TYPE:FILL
;MESH:overhang.stl
G1 F3600 E1
G1 F9600 X1.146 Y-.952 E0.38957
G1 X7.766 Y-.952 E0.33027
G1 X7.638 Y-1.666 E0.03619
G1 X7.497 Y-2.21 E0.02804
G1 X7.308 Y-2.774 E0.02968
G1 X7.063 Y-3.346 E0.03104
G1 X6.783 Y-3.887 E0.03039
G1 X6.422 Y-4.455 E0.03358
G1 X6.063 Y-4.939 E0.03006
G1 X5.57 Y-5.486 E0.03674
G1 X5.012 Y-5.999 E0.03782
G1 X4.436 Y-6.435 E0.03604
G1 X3.909 Y-6.772 E0.03121
G1 X3.343 Y-7.066 E0.03182
G1 X2.786 Y-7.304 E0.03022
G1 X2.221 Y-7.493 E0.02972
G1 X1.664 Y-7.639 E0.02873
G1 X1.118 Y-7.741 E0.02771
G1 X0.555 Y-7.804 E0.02826
G1 X-1.282 Y-.951 E0.35397
G1 X-7.767 Y-.952 E0.32354
G1 X-7.64 Y-1.656 E0.03569
G1 X-7.491 Y-2.229 E0.02954
G1 X-7.307 Y-2.777 E0.02884
G1 X-7.064 Y-3.344 E0.03078
G1 X-6.789 Y-3.879 E0.03001
G1 X-6.417 Y-4.461 E0.03446
G1 X-6.009 Y-5.002 E0.03381
G1 X-5.499 Y-5.557 E0.0376
G1 X-4.95 Y-6.054 E0.03695
G1 X-4.435 Y-6.435 E0.03196
G1 X-3.979 Y-6.735 E0.02723
G1 X-3.341 Y-7.067 E0.03588
G1 X-2.792 Y-7.301 E0.02977
G1 X-2.209 Y-7.496 E0.03067
G1 X-1.669 Y-7.638 E0.02786
G1 X-1.124 Y-7.74 E0.02766
G1 X-1.026 Y-7.758
G1 F3600 E-1
G0 F12000 X9.13 Y-.862
G0 X9.4 Y-.592
;TYPE:WALL-INNER
G1 F3600 E1
G1 F3000 X9.4 Y-5.931 E0.26636
G1 X9.4 Y-7.111 E0.05887
G1 X8.92 Y-7.716 E0.03853
G1 X8.324 Y-8.354 E0.04356
G1 X7.726 Y-8.91 E0.04074
G1 X7.137 Y-9.389 E0.03788
G1 X6.539 Y-9.812 E0.03654
G1 X5.941 Y-10.185 E0.03516
G1 X5.355 Y-10.505 E0.03331
G1 X4.753 Y-10.79 E0.03323
G1 X4.186 Y-11.023 E0.03058
G1 X3.561 Y-11.243 E0.03306
G1 X2.974 Y-11.41 E0.03045
G1 X2.374 Y-11.548 E0.03072
G1 X1.732 Y-11.666 E0.03257
G1 X1.184 Y-11.734 E0.02755
G1 X0.589 Y-11.78 E0.02977
G1 X0.00 Y-11.795 E0.02939
G1 X-.589 Y-11.78 E0.02939
G1 X-1.182 Y-11.735 E0.02967
G1 X-1.732 Y-11.662 E0.02768
G1 X-2.376 Y-11.547 E0.03264
G1 X-2.975 Y-11.41 E0.03066
G1 X-3.571 Y-11.243 E0.03088
G1 X-4.184 Y-11.028 E0.03241
G1 X-4.755 Y-10.787 E0.03092
G1 X-5.356 Y-10.504 E0.03314
G1 X-5.949 Y-10.181 E0.03369
G1 X-6.538 Y-9.813 E0.03465
G1 X-7.137 Y-9.385 E0.03673
G1 X-7.723 Y-8.914 E0.03751
G1 X-8.327 Y-8.351 E0.04119
G1 X-8.918 Y-7.718 E0.04321
G1 X-9.4 Y-7.12 E0.03832
G1 X-9.4 Y-5.933 E0.05922
G1 X-9.4 Y-.592 E0.26646
G1 X9.4 Y-.592 E0.93794
G0 F12000 X9.8 Y-.192
;TYPE:WALL-OUTER
G1 F1200 X9.8 Y-5.628 E0.2712
G1 X9.8 Y-7.25 E0.08092
G1 X9.224 Y-7.977 E0.04627
G1 X8.606 Y-8.638 E0.04515
G1 X7.988 Y-9.212 E0.04208
G1 X7.379 Y-9.708 E0.03919
G1 X6.761 Y-10.145 E0.03776
G1 X6.143 Y-10.531 E0.03635
G1 X5.537 Y-10.861 E0.03443
G1 X4.915 Y-11.156 E0.03434
G1 X4.328 Y-11.397 E0.03166
G1 X3.683 Y-11.625 E0.03413
G1 X3.074 Y-11.798 E0.03159
G1 X2.455 Y-11.94 E0.03168
G1 X1.793 Y-12.062 E0.03358
G1 X1.224 Y-12.132 E0.0286
G1 X0.609 Y-12.18 E0.03078
G1 X0.00 Y-12.195 E0.03039
G1 X-.609 Y-12.18 E0.03039
G1 X-1.223 Y-12.133 E0.03072
G1 X-1.793 Y-12.058 E0.02868
G1 X-2.456 Y-11.939 E0.03361
G1 X-3.074 Y-11.798 E0.03162
G1 X-3.691 Y-11.625 E0.03197
G1 X-4.328 Y-11.401 E0.03369
G1 X-4.918 Y-11.153 E0.03193
G1 X-5.537 Y-10.861 E0.03415
G1 X-6.151 Y-10.527 E0.03487
G1 X-6.76 Y-10.145 E0.03587
G1 X-7.379 Y-9.704 E0.03792
G1 X-7.985 Y-9.216 E0.03882
G1 X-8.61 Y-8.634 E0.04261
G1 X-9.22 Y-7.98 E0.04462
G1 X-9.8 Y-7.261 E0.04609
G1 X-9.8 Y-5.632 E0.08127
G1 X-9.8 Y-.192 E0.2714
G1 X9.8 Y-.192 E0.97785
G0 F12000 X9.8 Y-.992
G0 X9.02 Y-.972
;TYPE:SKIN
;BRIDGE
M107
G1 F1200 X8.104 Y-.972 E0.05027
G1 X7.97 Y-1.743 E0.04295
G1 X7.822 Y-2.311 E0.03221
G1 X7.625 Y-2.899 E0.03403
G1 X7.37 Y-3.493 E0.03548
G1 X7.082 Y-4.045 E0.03417
G1 X6.701 Y-4.644 E0.03896
G1 X6.321 Y-5.158 E0.03508
G1 X5.813 Y-5.722 E0.04166
G1 X5.24 Y-6.252 E0.04283
G1 X4.645 Y-6.704 E0.04101
G1 X4.08 Y-7.065 E0.0368
G1 X3.484 Y-7.374 E0.03684
G1 X2.889 Y-7.629 E0.03553
G1 X2.339 Y-7.81 E0.03178
G1 X1.747 Y-7.966 E0.0336
G1 X1.177 Y-8.073 E0.03183
G1 X0.595 Y-8.139 E0.03214
G1 X0.00 Y-8.157 E0.03267
G1 X-.592 Y-8.14 E0.0325
G1 X-1.162 Y-8.079 E0.03146
G1 X-1.735 Y-7.969 E0.03202
G1 X-2.311 Y-7.818 E0.03268
G1 X-2.895 Y-7.627 E0.03372
G1 X-3.479 Y-7.377 E0.03486
G1 X-4.149 Y-7.03 E0.04141
G1 X-4.635 Y-6.707 E0.03202
G1 X-5.171 Y-6.312 E0.03654
G1 X-5.744 Y-5.792 E0.04246
G1 X-6.268 Y-5.22 E0.04257
G1 X-6.71 Y-4.636 E0.04019
G1 X-7.09 Y-4.033 E0.03912
G1 X-7.37 Y-3.493 E0.03338
G1 X-7.628 Y-2.887 E0.03615
G1 X-7.818 Y-2.324 E0.03261
G1 X-7.97 Y-1.739 E0.03317
G1 X-8.112 Y-.973 E0.04275
G1 X-9.02 Y-.972 E0.04983
G1 X-9.02 Y-6.494 E0.30304
G1 X-9.02 Y-6.985 E0.02695
G1 X-8.632 Y-7.464 E0.03383
G1 X-8.058 Y-8.078 E0.04613
G1 X-7.468 Y-8.624 E0.04412
G1 X-6.943 Y-9.051 E0.03714
G1 X-6.325 Y-9.497 E0.04183
G1 X-5.731 Y-9.862 E0.03826
G1 X-5.214 Y-10.146 E0.03237
G1 X-4.625 Y-10.429 E0.03586
G1 X-4.048 Y-10.673 E0.03438
G1 X-3.456 Y-10.877 E0.03436
G1 X-2.843 Y-11.048 E0.03493
G1 X-2.296 Y-11.171 E0.03077
G1 X-1.362 Y-11.337 E0.05206
G1 X-.367 Y-11.416 E0.05478
G1 X0.565 Y-11.4 E0.05115
G1 X1.45 Y-11.329 E0.04872
G1 X2.291 Y-11.176 E0.04691
G1 X2.882 Y-11.038 E0.03331
G1 X3.447 Y-10.881 E0.03218
G1 X4.076 Y-10.653 E0.03672
G1 X4.595 Y-10.44 E0.03079
G1 X5.181 Y-10.161 E0.03562
G1 X5.747 Y-9.855 E0.03531
G1 X6.325 Y-9.493 E0.03743
G1 X6.907 Y-9.084 E0.03904
G1 X7.472 Y-8.625 E0.03995
G1 X8.05 Y-8.086 E0.04337
G1 X8.632 Y-7.461 E0.04687
G1 X9.02 Y-6.977 E0.03404
G1 X9.02 Y-6.493 E0.02656
G1 X9.02 Y-.972 E0.30299
G0 F12000 X8.268 Y-1.197
G1 F1200 X8.82 Y-1.749 E0.04284
G0 F12000 X8.162 Y-1.798
G1 F1200 X8.82 Y-2.456 E0.05107
G0 F12000 X8.82 Y-3.163
G1 F1200 X8.016 Y-2.359 E0.0624
G0 F12000 X7.84 Y-2.89
G1 F1200 X8.82 Y-3.87 E0.07606
G0 F12000 X8.82 Y-4.577
G1 F1200 X7.633 Y-3.391 E0.09209
G0 F12000 X7.401 Y-3.866
G1 F1200 X8.82 Y-5.284 E0.11009
G0 F12000 X8.82 Y-5.991
G1 F1200 X7.145 Y-4.317 E0.12996
G0 F12000 X6.871 Y-4.75
G1 F1200 X8.82 Y-6.698 E0.15122
G0 F12000 X8.598 Y-7.183
G1 F1200 X6.571 Y-5.157 E0.15728
G0 F12000 X6.247 Y-5.539
G1 F1200 X8.266 Y-7.559 E0.15674
G0 F12000 X7.925 Y-7.925
G1 F1200 X5.908 Y-5.908 E0.15654
G0 F12000 X5.539 Y-6.247
G1 F1200 X7.562 Y-8.269 E0.15697
G0 F12000 X7.186 Y-8.601
G1 F1200 X5.154 Y-6.568 E0.15774
G0 F12000 X4.752 Y-6.874
G1 F1200 X6.796 Y-8.917 E0.1586
G0 F12000 X6.381 Y-9.209
G1 F1200 X4.32 Y-7.149 E0.15992
G0 F12000 X3.866 Y-7.401
G1 F1200 X5.954 Y-9.489 E0.16205
G0 F12000 X5.513 Y-9.755
G1 F1200 X3.389 Y-7.632 E0.16481
G0 F12000 X2.889 Y-7.839
G1 F1200 X5.052 Y-10.001 E0.16783
G0 F12000 X4.573 Y-10.23
G1 F1200 X2.355 Y-8.012 E0.17214
G0 F12000 X1.796 Y-8.16
G1 F1200 X4.074 Y-10.438 E0.1768
G0 F12000 X3.557 Y-10.629
G1 F1200 X1.2 Y-8.271 E0.18297
G0 F12000 X0.561 Y-8.34
G1 F1200 X3.014 Y-10.793 E0.19038
G0 F12000 X2.449 Y-10.934
G1 F1200 X-.133 Y-8.352 E0.20039
G0 F12000 X-.884 Y-8.309
G1 F1200 X1.859 Y-11.051 E0.21285
G0 F12000 X1.245 Y-11.145
G1 F1200 X-1.726 Y-8.173 E0.23062
G1 X-1.796 Y-8.103
G0 F12000 X-2.708 Y-7.898
G1 F1200 X0.59 Y-11.197 E0.256
G0 F12000 X-.103 Y-11.211
G1 F1200 X-3.961 Y-7.353 E0.29942
G1 X-4.031 Y-7.283
G0 F12000 X-4.658 Y-10.192
G1 F1200 X-8.82 Y-6.029 E0.32306
G0 F12000 X-8.82 Y-5.322
G1 F1200 X-3.488 Y-10.654 E0.41382
G1 X-3.418 Y-10.724
G0 F12000 X-2.519 Y-10.916
G1 F1200 X-8.82 Y-4.615 E0.48903
G0 F12000 X-8.82 Y-3.908
G1 F1200 X-1.643 Y-11.085 E0.55701
G1 X-1.573 Y-11.155
G0 F12000 X-.844 Y-11.177
G1 F1200 X-8.82 Y-3.201 E0.61902
G0 F12000 X-8.82 Y-2.494
G1 F1200 X-7.352 Y-3.961 E0.11389
G1 X-7.282 Y-4.031
G0 F12000 X-7.901 Y-2.705
G1 F1200 X-8.82 Y-1.787 E0.07129
G0 F12000 X-8.728 Y-1.172
G1 F1200 X-8.176 Y-1.723 E0.0428
G1 F3600 E-1
G0 F12000 X-8.82 Y-6.737
G1 F3600 E1
G1 F1200 X-6.256 Y-9.301 E0.19899
G1 X-6.186 Y-9.371
G0 F12000 X-6.168 Y-9.339
G1 F3600 E-1
;MESH:NONMESH
G0 F600 X-6.168 Y-9.339 Z2.4
G0 F12000 X-5.17 Y-7.57
;TIME_ELAPSED:76.368230
;LAYER:7
M106 S255
;TYPE:FILL
;MESH:overhang.stl
G1 F3600 E1
G1 F9600 X1.448 Y-.952 E0.46694
G1 X9.04 Y-.952 E0.37877
G1 X9.04 Y-3.215 E0.1129
G1 X8.635 Y-3.131 E0.02064
G1 X8.272 Y-3.955 E0.04492
G1 X7.986 Y-4.508 E0.03106
G1 X7.617 Y-5.102 E0.03489
G1 X7.284 Y-5.575 E0.02886
G1 X6.771 Y-6.191 E0.03999
G1 X6.201 Y-6.761 E0.04022
G1 X5.639 Y-7.233 E0.03662
G1 X5.117 Y-7.61 E0.03212
G1 X4.509 Y-7.987 E0.03569
G1 X3.96 Y-8.271 E0.03084
G1 X3.401 Y-8.52 E0.03053
G1 X2.819 Y-8.725 E0.03078
G1 X2.246 Y-8.893 E0.02979
G1 X1.714 Y-9.01 E0.02718
G1 X1.125 Y-9.102 E0.02974
G1 X0.693 Y-9.142 E0.02164
G1 X-1.502 Y-.951 E0.42307
G1 X-9.04 Y-.952 E0.37607
G1 X-9.04 Y-3.217 E0.113
G1 X-8.633 Y-3.133 E0.02073
G1 X-8.273 Y-3.955 E0.04477
G1 X-7.986 Y-4.509 E0.03113
G1 X-7.621 Y-5.095 E0.03444
G1 X-7.221 Y-5.652 E0.03421
G1 X-6.745 Y-6.217 E0.03686
G1 X-6.171 Y-6.789 E0.04043
G1 X-5.577 Y-7.286 E0.03864
G1 X-5.111 Y-7.613 E0.0284
G1 X-4.517 Y-7.982 E0.03489
G1 X-3.65 Y-8.433 E0.04876
G1 X-3.562 Y-8.479
G1 F3600 E-1
G0 F12000 X9.13 Y-.862
G0 X9.4 Y-.592
;TYPE:WALL-INNER
G1 F3600 E1
G1 F3000 X9.4 Y-7.759 E0.35756
G1 X9.4 Y-8.651 E0.0445
G1 X8.951 Y-9.119 E0.03236
G1 X8.354 Y-9.67 E0.04053
G1 X7.783 Y-10.135 E0.03674
G1 X7.16 Y-10.582 E0.03825
G1 X6.561 Y-10.962 E0.03539
G1 X5.966 Y-11.305 E0.03426
G1 X5.368 Y-11.595 E0.03316
G1 X4.774 Y-11.855 E0.03235
G1 X4.182 Y-12.075 E0.03151
G1 X3.576 Y-12.263 E0.03165
G1 X2.985 Y-12.424 E0.03056
G1 X2.383 Y-12.554 E0.03073
G1 X1.741 Y-12.661 E0.03247
G1 X1.193 Y-12.722 E0.02751
G1 X0.591 Y-12.764 E0.03011
G1 X0.00 Y-12.779 E0.02949
G1 X-.591 Y-12.764 E0.02949
G1 X-1.191 Y-12.722 E0.03001
G1 X-1.74 Y-12.657 E0.02758
G1 X-2.355 Y-12.557 E0.03109
G1 X-2.986 Y-12.428 E0.03213
G1 X-3.473 Y-12.293 E0.02521
G1 X-4.182 Y-12.071 E0.03707
G1 X-4.775 Y-11.855 E0.03149
G1 X-5.371 Y-11.591 E0.03252
G1 X-5.972 Y-11.3 E0.03331
G1 X-6.565 Y-10.962 E0.03405
G1 X-7.158 Y-10.583 E0.03511
G1 X-7.773 Y-10.14 E0.03781
G1 X-8.501 Y-9.538 E0.04713
G1 X-9.4 Y-8.683 E0.0619
G1 X-9.4 Y-7.762 E0.04595
G1 X-9.4 Y-.592 E0.35771
G1 X9.4 Y-.592 E0.93794
G0 F12000 X9.8 Y-.192
;TYPE:WALL-OUTER
G1 F1200 X9.8 Y-7.475 E0.36335
G1 X9.8 Y-8.811 E0.06665
G1 X9.231 Y-9.405 E0.04104
G1 X8.616 Y-9.972 E0.04173
G1 X8.026 Y-10.453 E0.03798
G1 X7.384 Y-10.914 E0.03943
G1 X6.768 Y-11.304 E0.03637
G1 X6.154 Y-11.659 E0.03538
G1 X5.536 Y-11.958 E0.03425
G1 X4.924 Y-12.226 E0.03333
G1 X4.311 Y-12.454 E0.03263
G1 X3.688 Y-12.647 E0.03254
G1 X3.08 Y-12.813 E0.03144
G1 X2.458 Y-12.947 E0.03174
G1 X1.796 Y-13.057 E0.03348
G1 X1.229 Y-13.12 E0.02846
G1 X0.61 Y-13.164 E0.03096
G1 X0.00 Y-13.179 E0.03044
G1 X-.61 Y-13.164 E0.03044
G1 X-1.229 Y-13.12 E0.03096
G1 X-1.796 Y-13.053 E0.02848
G1 X-2.427 Y-12.951 E0.03189
G1 X-3.08 Y-12.817 E0.03326
G1 X-3.686 Y-12.648 E0.03139
G1 X-4.311 Y-12.45 E0.03271
G1 X-4.925 Y-12.226 E0.03261
G1 X-5.539 Y-11.954 E0.0335
G1 X-6.158 Y-11.654 E0.03432
G1 X-6.772 Y-11.304 E0.03526
G1 X-7.383 Y-10.914 E0.03616
G1 X-8.017 Y-10.457 E0.03899
G1 X-8.767 Y-9.838 E0.04852
G1 X-9.413 Y-9.223 E0.0445
G1 X-9.8 Y-8.809 E0.02827
G1 X-9.8 Y-7.479 E0.06635
G1 X-9.8 Y-.192 E0.36355
G1 X9.8 Y-.192 E0.97785
G0 F12000 X9.8 Y-.992
G1 F3600 E-1
G0 F12000 X9.1 Y-.992
G0 X8.834 Y-3.519
;TYPE:SKIN
;BRIDGE
M107
G1 F3600 E1
G1 F1200 X8.58 Y-4.097 E0.03465
G1 X8.286 Y-4.668 E0.03525
G1 X7.914 Y-5.266 E0.03865
G1 X7.556 Y-5.776 E0.0342
G1 X7.03 Y-6.405 E0.045
G1 X6.42 Y-7.02 E0.04754
G1 X5.87 Y-7.485 E0.03953
G1 X5.298 Y-7.894 E0.03859
G1 X4.685 Y-8.278 E0.0397
G1 X4.117 Y-8.574 E0.03515
G1 X3.533 Y-8.831 E0.03502
G1 X2.927 Y-9.045 E0.03527
G1 X2.288 Y-9.229 E0.03649
G1 X1.776 Y-9.344 E0.0288
G1 X1.167 Y-9.438 E0.03382
G1 X0.591 Y-9.492 E0.03175
G1 X0.00 Y-9.513 E0.03245
G1 X-.591 Y-9.492 E0.03245
G1 X-1.159 Y-9.44 E0.0313
G1 X-1.756 Y-9.346 E0.03317
G1 X-2.26 Y-9.239 E0.02828
G1 X-2.924 Y-9.049 E0.0379
G1 X-3.515 Y-8.841 E0.03438
G1 X-4.094 Y-8.583 E0.03479
G1 X-4.668 Y-8.286 E0.03547
G1 X-5.302 Y-7.895 E0.04088
G1 X-5.776 Y-7.56 E0.03185
G1 X-6.401 Y-7.038 E0.04469
G1 X-6.986 Y-6.454 E0.04536
G1 X-7.481 Y-5.87 E0.04201
G1 X-7.907 Y-5.277 E0.04007
G1 X-8.287 Y-4.661 E0.03972
G1 X-8.607 Y-4.035 E0.03858
G1 X-8.831 Y-3.521 E0.03077
G1 X-9.02 Y-3.56 E0.01059
G1 X-9.02 Y-8.198 E0.25453
G1 X-9.02 Y-8.517 E0.01751
G1 X-8.247 Y-9.25 E0.05846
G1 X-7.537 Y-9.841 E0.0507
G1 X-6.943 Y-10.266 E0.04008
G1 X-6.368 Y-10.633 E0.03744
G1 X-5.794 Y-10.963 E0.03634
G1 X-5.212 Y-11.246 E0.03552
G1 X-4.629 Y-11.502 E0.03494
G1 X-4.024 Y-11.721 E0.03531
G1 X-3.494 Y-11.892 E0.03056
G1 X-2.897 Y-12.057 E0.03399
G1 X-2.316 Y-12.177 E0.03256
G1 X-1.353 Y-12.329 E0.0535
G1 X-.35 Y-12.399 E0.05518
G1 X0.57 Y-12.384 E0.0505
G1 X1.488 Y-12.317 E0.05051
G1 X2.306 Y-12.179 E0.04553
G1 X2.896 Y-12.053 E0.03311
G1 X3.447 Y-11.901 E0.03137
G1 X4.055 Y-11.714 E0.03491
G1 X4.632 Y-11.502 E0.03374
G1 X5.215 Y-11.241 E0.03505
G1 X5.79 Y-10.967 E0.03496
G1 X6.342 Y-10.646 E0.03504
G1 X6.944 Y-10.266 E0.03907
G1 X7.554 Y-9.828 E0.04121
G1 X8.1 Y-9.384 E0.03862
G1 X9.02 Y-8.533 E0.06878
G1 X9.02 Y-8.199 E0.01833
G1 X9.02 Y-3.559 E0.25464
G1 X8.834 Y-3.519 E0.01044
G0 F12000 X8.647 Y-4.405
G1 F1200 X8.82 Y-4.577 E0.01339
G0 F12000 X8.4 Y-4.864
G1 F1200 X8.82 Y-5.284 E0.0326
G0 F12000 X8.129 Y-5.3
G1 F1200 X8.82 Y-5.991 E0.05363
G0 F12000 X8.82 Y-6.698
G1 F1200 X7.841 Y-5.72 E0.07594
G0 F12000 X7.531 Y-6.117
G1 F1200 X8.82 Y-7.406 E0.10004
G0 F12000 X8.82 Y-8.113
G1 F1200 X7.21 Y-6.503 E0.12495
G0 F12000 X6.86 Y-6.86
G1 F1200 X8.626 Y-8.626 E0.13706
G0 F12000 X8.259 Y-8.966
G1 F1200 X6.504 Y-7.211 E0.13621
G0 F12000 X6.121 Y-7.535
G1 F1200 X7.887 Y-9.301 E0.13706
G0 F12000 X7.497 Y-9.618
G1 F1200 X5.718 Y-7.839 E0.13807
G0 F12000 X5.3 Y-8.128
G1 F1200 X7.089 Y-9.917 E0.13885
G0 F12000 X6.669 Y-10.204
G1 F1200 X4.866 Y-8.401 E0.13993
G0 F12000 X4.405 Y-8.648
G1 F1200 X6.235 Y-10.477 E0.14199
G0 F12000 X5.788 Y-10.737
G1 F1200 X3.927 Y-8.876 E0.14443
G0 F12000 X3.425 Y-9.082
G1 F1200 X5.315 Y-10.971 E0.14665
G0 F12000 X4.83 Y-11.194
G1 F1200 X2.897 Y-9.261 E0.15002
G0 F12000 X2.348 Y-9.419
G1 F1200 X4.33 Y-11.401 E0.15382
G0 F12000 X3.804 Y-11.582
G1 F1200 X1.768 Y-9.547 E0.15798
G0 F12000 X1.154 Y-9.639
G1 F1200 X3.26 Y-11.746 E0.16349
G0 F12000 X2.699 Y-11.891
G1 F1200 X0.502 Y-9.694 E0.17051
G0 F12000 X-.194 Y-9.706
G1 F1200 X2.111 Y-12.01 E0.17885
G0 F12000 X1.505 Y-12.112
G1 F1200 X-.946 Y-9.66 E0.19026
G1 X-1.016 Y-9.59
G0 F12000 X-1.767 Y-9.547
G1 F1200 X0.85 Y-12.164 E0.20311
G0 F12000 X0.17 Y-12.191
G1 F1200 X-2.699 Y-9.322 E0.22267
G1 X-2.769 Y-9.252
G0 F12000 X-3.792 Y-8.936
G1 F1200 X-.542 Y-12.186 E0.25224
G0 F12000 X-1.302 Y-12.133
G1 F1200 X-5.311 Y-8.124 E0.31114
G1 X-5.381 Y-8.054
G0 F12000 X-6.969 Y-10.001
G1 F1200 X-8.82 Y-8.151 E0.14362
G0 F12000 X-8.82 Y-7.444
G1 F1200 X-5.266 Y-10.998 E0.27583
G1 X-5.196 Y-11.068
G0 F12000 X-4.062 Y-11.495
G1 F1200 X-8.82 Y-6.737 E0.36927
G0 F12000 X-8.82 Y-6.029
G1 F1200 X-3.041 Y-11.809 E0.44855
G1 X-2.971 Y-11.879
G0 F12000 X-2.139 Y-12.003
G1 F1200 X-8.82 Y-5.322 E0.51852
G0 F12000 X-8.115 Y-5.32
G1 F1200 X-8.82 Y-4.615 E0.05472
G1 X-8.89 Y-4.545
G0 F12000 X-8.8 Y-4.545
G1 F3600 E-1
;MESH:NONMESH
G0 F600 X-8.8 Y-4.545 Z2.7
G0 F12000 X-5.847 Y-8.547
;TIME_ELAPSED:90.202768
;LAYER:8
M106 S255
;TYPE:FILL
;MESH:overhang.stl
G1 F3600 E1
G1 F9600 X1.748 Y-.952 E0.53587
G1 X9.04 Y-.952 E0.3638
G1 X9.04 Y-5.527 E0.22825
G1 X8.825 Y-5.458 E0.01127
G1 X8.229 Y-6.293 E0.05118
G1 X7.761 Y-6.859 E0.03664
G1 X7.334 Y-7.325 E0.03153
G1 X6.873 Y-7.755 E0.03145
G1 X6.3 Y-8.223 E0.03691
G1 X5.716 Y-8.643 E0.03589
G1 X5.152 Y-8.99 E0.03304
G1 X4.575 Y-9.296 E0.03258
G1 X4.012 Y-9.552 E0.03086
G1 X3.436 Y-9.776 E0.03083
G1 X2.855 Y-9.958 E0.03038
G1 X2.292 Y-10.103 E0.029
G1 X1.715 Y-10.218 E0.02935
G1 X0.797 Y-10.349 E0.04626
G1 X-1.722 Y-.951 E0.48542
G1 X-9.04 Y-.952 E0.3651
G1 X-9.04 Y-5.526 E0.2282
G1 X-8.826 Y-5.458 E0.0112
G1 X-8.224 Y-6.3 E0.05164
G1 X-7.761 Y-6.86 E0.03625
G1 X-7.314 Y-7.343 E0.03283
G1 X-6.88 Y-7.747 E0.02958
G1 X-6.289 Y-8.231 E0.03811
G1 X-5.722 Y-8.637 E0.03479
G1 X-4.928 Y-9.126 E0.04652
G1 X-.356 Y-10.351 E0.23614
G1 X0.00 Y-10.363 E0.01777
G1 X0.1 Y-10.366
G1 F3600 E-1
G0 F12000 X9.13 Y-.862
G0 X9.4 Y-.592
;TYPE:WALL-INNER
G1 F3600 E1
G1 F3000 X9.4 Y-9.232 E0.43105
G1 X9.4 Y-9.948 E0.03572
G1 X8.95 Y-10.363 E0.03054
G1 X8.415 Y-10.802 E0.03453
G1 X7.727 Y-11.309 E0.04264
G1 X7.186 Y-11.656 E0.03207
G1 X6.583 Y-12.009 E0.03486
G1 X5.981 Y-12.316 E0.03371
G1 X5.387 Y-12.592 E0.03268
G1 X4.786 Y-12.829 E0.03223
G1 X4.218 Y-13.029 E0.03004
G1 X3.591 Y-13.216 E0.03264
G1 X2.989 Y-13.362 E0.0309
G1 X2.389 Y-13.485 E0.03056
G1 X1.746 Y-13.584 E0.03246
G1 X1.195 Y-13.642 E0.02764
G1 X0.593 Y-13.684 E0.03011
G1 X0.00 Y-13.695 E0.02959
G1 X-.593 Y-13.684 E0.02959
G1 X-1.193 Y-13.642 E0.03001
G1 X-1.746 Y-13.58 E0.02776
G1 X-2.391 Y-13.484 E0.03253
G1 X-2.987 Y-13.362 E0.03035
G1 X-3.595 Y-13.212 E0.03124
G1 X-4.192 Y-13.036 E0.03105
G1 X-4.818 Y-12.817 E0.03309
G1 X-5.454 Y-12.564 E0.03415
G1 X-5.987 Y-12.317 E0.02931
G1 X-6.586 Y-12.006 E0.03367
G1 X-7.185 Y-11.656 E0.03461
G1 X-7.786 Y-11.266 E0.03574
G1 X-8.463 Y-10.769 E0.0419
G1 X-9.4 Y-9.97 E0.06144
G1 X-9.4 Y-9.239 E0.03647
G1 X-9.4 Y-.592 E0.4314
G1 X9.4 Y-.592 E0.93794
G0 F12000 X9.8 Y-.192
;TYPE:WALL-OUTER
G1 F1200 X9.8 Y-8.961 E0.43749
G1 X9.8 Y-10.124 E0.05802
G1 X9.212 Y-10.665 E0.03986
G1 X8.661 Y-11.118 E0.03559
G1 X7.954 Y-11.639 E0.04382
G1 X7.395 Y-11.997 E0.03312
G1 X6.775 Y-12.36 E0.03584
G1 X6.156 Y-12.676 E0.03467
G1 X5.545 Y-12.96 E0.03361
G1 X4.926 Y-13.204 E0.03319
G1 X4.342 Y-13.409 E0.03088
G1 X3.695 Y-13.602 E0.03368
G1 X3.076 Y-13.752 E0.03178
G1 X2.46 Y-13.879 E0.03138
G1 X1.798 Y-13.981 E0.03342
G1 X1.23 Y-14.04 E0.02849
G1 X0.611 Y-14.084 E0.03096
G1 X0.00 Y-14.095 E0.03049
G1 X-.611 Y-14.084 E0.03049
G1 X-1.229 Y-14.04 E0.03091
G1 X-1.798 Y-13.977 E0.02856
G1 X-2.461 Y-13.878 E0.03344
G1 X-3.075 Y-13.752 E0.03127
G1 X-3.699 Y-13.598 E0.03207
G1 X-4.314 Y-13.417 E0.03198
G1 X-4.958 Y-13.192 E0.03403
G1 X-5.612 Y-12.932 E0.03511
G1 X-6.163 Y-12.676 E0.03031
G1 X-6.779 Y-12.356 E0.03463
G1 X-7.395 Y-11.997 E0.03557
G1 X-8.014 Y-11.595 E0.03682
G1 X-8.711 Y-11.083 E0.04315
G1 X-9.434 Y-10.466 E0.04742
G1 X-9.8 Y-10.125 E0.02496
G1 X-9.8 Y-8.968 E0.05772
G1 X-9.8 Y-.192 E0.43784
G1 X9.8 Y-.192 E0.97785
G0 F12000 X9.8 Y-.992
G1 F3600 E-1
G0 F12000 X9.1 Y-.992
G0 X8.958 Y-5.855
;TYPE:SKIN
;BRIDGE
M107
G1 F3600 E1
G1 F1200 X8.511 Y-6.481 E0.04221
G1 X8.027 Y-7.068 E0.04175
G1 X7.576 Y-7.56 E0.03663
G1 X7.093 Y-8.011 E0.03627
G1 X6.499 Y-8.496 E0.04208
G1 X5.917 Y-8.915 E0.03936
G1 X5.313 Y-9.287 E0.03893
G1 X4.722 Y-9.601 E0.03673
G1 X4.147 Y-9.863 E0.03468
G1 X3.544 Y-10.095 E0.03546
G1 X2.941 Y-10.287 E0.03473
G1 X2.378 Y-10.43 E0.03188
G1 X1.796 Y-10.549 E0.0326
G1 X1.18 Y-10.635 E0.03413
G1 X0.605 Y-10.684 E0.03167
G1 X0.003 Y-10.701 E0.03305
G1 X-.594 Y-10.684 E0.03278
G1 X-1.166 Y-10.636 E0.0315
G1 X-1.752 Y-10.555 E0.03246
G1 X-2.38 Y-10.429 E0.03515
G1 X-2.95 Y-10.282 E0.0323
G1 X-3.545 Y-10.095 E0.03423
G1 X-4.125 Y-9.871 E0.03412
G1 X-4.732 Y-9.594 E0.03662
G1 X-5.302 Y-9.293 E0.03537
G1 X-5.91 Y-8.919 E0.03917
G1 X-6.513 Y-8.487 E0.04071
G1 X-7.092 Y-8.011 E0.04113
G1 X-7.553 Y-7.583 E0.03452
G1 X-8.019 Y-7.08 E0.03763
G1 X-8.507 Y-6.488 E0.0421
G1 X-8.959 Y-5.856 E0.04264
G1 X-9.02 Y-5.875 E0.00351
G1 X-9.02 Y-9.602 E0.20453
G1 X-9.02 Y-9.795 E0.01059
G1 X-8.228 Y-10.466 E0.05697
G1 X-7.57 Y-10.947 E0.04473
G1 X-7.015 Y-11.311 E0.03642
G1 X-6.429 Y-11.654 E0.03726
G1 X-5.843 Y-11.96 E0.03628
G1 X-5.304 Y-12.212 E0.03265
G1 X-4.739 Y-12.441 E0.03346
G1 X-4.075 Y-12.673 E0.0386
G1 X-3.496 Y-12.842 E0.0331
G1 X-2.947 Y-12.977 E0.03103
G1 X-2.269 Y-13.115 E0.03797
G1 X-1.438 Y-13.239 E0.04611
G1 X-.571 Y-13.304 E0.04771
G1 X-0.038 Y-13.312 E0.02925
G1 X0.571 Y-13.304 E0.03342
G1 X1.509 Y-13.237 E0.05161
G1 X2.316 Y-13.111 E0.04482
G1 X2.882 Y-12.992 E0.03174
G1 X3.492 Y-12.846 E0.03442
G1 X4.101 Y-12.665 E0.03487
G1 X4.657 Y-12.467 E0.03239
G1 X5.237 Y-12.24 E0.03418
G1 X5.812 Y-11.972 E0.03481
G1 X6.396 Y-11.676 E0.03593
G1 X6.987 Y-11.329 E0.03761
G1 X7.506 Y-10.995 E0.03387
G1 X8.177 Y-10.501 E0.04573
G1 X8.669 Y-10.104 E0.03469
G1 X9.02 Y-9.783 E0.0261
G1 X9.02 Y-9.602 E0.00993
G1 X9.02 Y-5.875 E0.20453
G1 X8.958 Y-5.855 E0.00358
G0 F12000 X8.695 Y-6.574
G1 F1200 X8.82 Y-6.698 E0.00966
G0 F12000 X8.375 Y-6.961
G1 F1200 X8.82 Y-7.406 E0.03454
G0 F12000 X8.82 Y-8.113
G1 F1200 X8.048 Y-7.34 E0.05995
G0 F12000 X7.71 Y-7.71
G1 F1200 X8.82 Y-8.82 E0.08615
G0 F12000 X8.82 Y-9.527
G1 F1200 X7.343 Y-8.05 E0.11463
G0 F12000 X6.961 Y-8.376
G1 F1200 X8.539 Y-9.953 E0.12243
G0 F12000 X8.147 Y-10.269
G1 F1200 X6.57 Y-8.691 E0.12243
G0 F12000 X6.158 Y-8.987
G1 F1200 X7.744 Y-10.572 E0.12305
G0 F12000 X7.333 Y-10.869
G1 F1200 X5.73 Y-9.265 E0.12445
G0 F12000 X5.286 Y-9.528
G1 F1200 X6.903 Y-11.146 E0.12554
G0 F12000 X6.459 Y-11.408
G1 F1200 X4.823 Y-9.773 E0.12693
G0 F12000 X4.339 Y-9.996
G1 F1200 X5.997 Y-11.654 E0.12868
G0 F12000 X5.523 Y-11.886
G1 F1200 X3.834 Y-10.198 E0.13105
G0 F12000 X3.309 Y-10.38
G1 F1200 X5.034 Y-12.105 E0.13388
G0 F12000 X4.525 Y-12.303
G1 F1200 X2.761 Y-10.539 E0.13691
G0 F12000 X2.187 Y-10.672
G1 F1200 X4.001 Y-12.486 E0.14079
G0 F12000 X3.456 Y-12.649
G1 F1200 X1.587 Y-10.78 E0.14505
G0 F12000 X0.955 Y-10.854
G1 F1200 X2.886 Y-12.785 E0.14987
G0 F12000 X2.303 Y-12.91
G1 F1200 X0.286 Y-10.892 E0.15658
G0 F12000 X-.425 Y-10.889
G1 F1200 X1.692 Y-13.006 E0.1643
G0 F12000 X1.049 Y-13.069
G1 F1200 X-1.187 Y-10.834 E0.1735
G1 X-1.257 Y-10.764
G0 F12000 X-2.024 Y-10.704
G1 F1200 X0.379 Y-13.107 E0.1865
G0 F12000 X-.327 Y-13.108
G1 F1200 X-2.945 Y-10.49 E0.20319
G1 X-3.015 Y-10.42
G0 F12000 X-4.015 Y-10.127
G1 F1200 X-1.076 Y-13.067 E0.22814
G1 X-1.006 Y-13.137
G0 F12000 X-1.877 Y-12.972
G1 F1200 X-5.363 Y-9.487 E0.27051
G1 X-5.433 Y-9.417
G0 F12000 X-6.051 Y-11.627
G1 F1200 X-8.82 Y-8.858 E0.2149
G0 F12000 X-8.82 Y-9.565
G1 F1200 X-7.998 Y-10.387 E0.0638
G1 X-7.928 Y-10.457
G0 F12000 X-8.82 Y-8.151
G1 F1200 X-4.75 Y-12.22 E0.31584
G1 X-4.68 Y-12.29
G0 F12000 X-3.685 Y-12.579
G1 F1200 X-8.82 Y-7.444 E0.39853
G0 F12000 X-8.82 Y-6.737
G1 F1200 X-2.741 Y-12.816 E0.4718
G1 X-2.671 Y-12.886
G0 F12000 X-2.66 Y-12.82
G1 F3600 E-1
;MESH:NONMESH
G0 F600 X-2.66 Y-12.82 Z3
G0 F12000 X-6.441 Y-9.441
;TIME_ELAPSED:103.348210
;LAYER:9
M106 S255
;TYPE:FILL
;MESH:overhang.stl
G1 F3600 E1
G1 F9600 X-1.342 Y-4.342 E0.35976
G1 X-.434 Y-.952 E0.17509
G1 X-0.077 Y-.952 E0.01781
G1 X-1.009 Y-4.431 E0.17969
G1 X0.863 Y-11.414 E0.36068
G1 X1.737 Y-11.301 E0.04397
G1 X2.305 Y-11.198 E0.0288
G1 X3.003 Y-11.032 E0.03579
G1 X-8.113 Y-8.054 E0.57414
G1 X-7.487 Y-8.646 E0.04298
G1 X-6.919 Y-9.104 E0.0364
G1 X-6.343 Y-9.511 E0.03519
G1 X-5.752 Y-9.88 E0.03476
G1 X-5.668 Y-9.932
G1 F3600 E-1
G0 F12000 X9.13 Y-.862
G0 X9.4 Y-.592
;TYPE:WALL-INNER
G1 F3600 E1
G1 F3000 X9.4 Y-10.497 E0.49416
G1 X9.4 Y-11.103 E0.03023
G1 X8.999 Y-11.437 E0.02604
G1 X8.402 Y-11.885 E0.03724
G1 X7.797 Y-12.285 E0.03618
G1 X7.183 Y-12.662 E0.03595
G1 X6.601 Y-12.968 E0.0328
G1 X5.995 Y-13.261 E0.03358
G1 X5.401 Y-13.514 E0.03221
G1 X4.801 Y-13.737 E0.03193
G1 X4.23 Y-13.925 E0.02999
G1 X3.603 Y-14.098 E0.03245
G1 X2.998 Y-14.241 E0.03102
G1 X2.401 Y-14.355 E0.03032
G1 X1.799 Y-14.44 E0.03033
G1 X1.194 Y-14.501 E0.03034
G1 X0.594 Y-14.54 E0.03
G1 X0.00 Y-14.551 E0.02964
G1 X-.594 Y-14.54 E0.02964
G1 X-1.194 Y-14.501 E0.03
G1 X-1.799 Y-14.44 E0.03034
G1 X-2.401 Y-14.355 E0.03033
G1 X-2.998 Y-14.241 E0.03032
G1 X-3.603 Y-14.098 E0.03102
G1 X-4.23 Y-13.925 E0.03245
G1 X-4.801 Y-13.737 E0.02999
G1 X-5.402 Y-13.514 E0.03198
G1 X-5.999 Y-13.261 E0.03235
G1 X-6.598 Y-12.969 E0.03325
G1 X-7.178 Y-12.658 E0.03283
G1 X-7.803 Y-12.28 E0.03644
G1 X-8.401 Y-11.885 E0.03576
G1 X-9.4 Y-11.134 E0.06235
G1 X-9.4 Y-10.5 E0.03163
G1 X-9.399 Y-.593 E0.49426
G1 X9.4 Y-.592 E0.93789
G0 F12000 X9.8 Y-.192
;TYPE:WALL-OUTER
G1 F1200 X9.8 Y-10.236 E0.5011
G1 X9.8 Y-11.29 E0.05258
G1 X9.247 Y-11.751 E0.03592
G1 X8.632 Y-12.212 E0.03835
G1 X8.012 Y-12.623 E0.03711
G1 X7.381 Y-13.01 E0.03693
G1 X6.781 Y-13.325 E0.03381
G1 X6.161 Y-13.625 E0.03436
G1 X5.549 Y-13.886 E0.03319
G1 X4.933 Y-14.115 E0.03279
G1 X4.346 Y-14.308 E0.03083
G1 X3.702 Y-14.486 E0.03333
G1 X3.082 Y-14.632 E0.03178
G1 X2.467 Y-14.75 E0.03124
G1 X1.847 Y-14.837 E0.03123
G1 X1.227 Y-14.9 E0.03109
G1 X0.611 Y-14.94 E0.0308
G1 X0.00 Y-14.951 E0.03049
G1 X-.611 Y-14.94 E0.03049
G1 X-1.227 Y-14.9 E0.0308
G1 X-1.847 Y-14.837 E0.03109
G1 X-2.467 Y-14.75 E0.03123
G1 X-3.082 Y-14.632 E0.03124
G1 X-3.702 Y-14.486 E0.03178
G1 X-4.346 Y-14.308 E0.03333
G1 X-4.933 Y-14.115 E0.03083
G1 X-5.55 Y-13.886 E0.03283
G1 X-6.165 Y-13.625 E0.03333
G1 X-6.78 Y-13.325 E0.03414
G1 X-7.376 Y-13.006 E0.03373
G1 X-8.017 Y-12.618 E0.03738
G1 X-8.632 Y-12.212 E0.03677
G1 X-9.303 Y-11.707 E0.0419
G1 X-9.8 Y-11.29 E0.03237
G1 X-9.8 Y-10.24 E0.05238
G1 X-9.799 Y-.193 E0.50125
G1 X9.8 Y-.192 E0.9778
G0 F12000 X9.8 Y-.992
G1 F3600 E-1
G0 F12000 X9.1 Y-.992
G0 X9.02 Y-7.579
;TYPE:SKIN
;BRIDGE
M107
G1 F3600 E1
G1 F1200 X8.315 Y-8.333 E0.05665
G1 X7.713 Y-8.898 E0.04531
G1 X7.134 Y-9.368 E0.04093
G1 X6.547 Y-9.788 E0.03961
G1 X5.929 Y-10.167 E0.03979
G1 X5.345 Y-10.488 E0.03657
G1 X4.747 Y-10.773 E0.03635
G1 X4.171 Y-11.006 E0.0341
G1 X3.56 Y-11.225 E0.03562
G1 X2.918 Y-11.405 E0.03659
G1 X2.389 Y-11.528 E0.02981
G1 X1.792 Y-11.637 E0.0333
G1 X1.19 Y-11.715 E0.03331
G1 X0.587 Y-11.76 E0.03318
G1 X0.003 Y-11.777 E0.03206
G1 X-.578 Y-11.76 E0.0319
G1 X-1.196 Y-11.715 E0.03401
G1 X-1.828 Y-11.627 E0.03502
G1 X-2.355 Y-11.533 E0.02938
G1 X-2.981 Y-11.391 E0.03523
G1 X-3.536 Y-11.233 E0.03167
G1 X-4.159 Y-11.013 E0.03626
G1 X-4.752 Y-10.769 E0.03519
G1 X-5.318 Y-10.501 E0.03437
G1 X-5.92 Y-10.172 E0.03765
G1 X-6.538 Y-9.791 E0.03984
G1 X-7.125 Y-9.371 E0.03961
G1 X-7.702 Y-8.908 E0.0406
G1 X-8.318 Y-8.33 E0.04636
G1 X-9.02 Y-7.585 E0.05618
G1 X-9.02 Y-10.822 E0.17764
G1 X-9.02 Y-10.944 E0.0067
G1 X-8.185 Y-11.572 E0.05734
G1 X-7.618 Y-11.943 E0.03719
G1 X-6.992 Y-12.322 E0.04016
G1 X-6.42 Y-12.63 E0.03565
G1 X-5.841 Y-12.913 E0.03537
G1 X-5.262 Y-13.158 E0.0345
G1 X-4.694 Y-13.369 E0.03325
G1 X-4.149 Y-13.552 E0.03155
G1 X-3.527 Y-13.722 E0.03539
G1 X-2.944 Y-13.862 E0.0329
G1 X-2.339 Y-13.978 E0.03381
G1 X-1.774 Y-14.058 E0.03132
G1 X-1.177 Y-14.119 E0.03293
G1 X-.575 Y-14.16 E0.03311
G1 X-0.036 Y-14.168 E0.02958
G1 X0.575 Y-14.16 E0.03353
G1 X1.137 Y-14.121 E0.03092
G1 X1.752 Y-14.061 E0.03391
G1 X2.287 Y-13.99 E0.02962
G1 X2.913 Y-13.868 E0.035
G1 X3.51 Y-13.726 E0.03368
G1 X4.122 Y-13.556 E0.03486
G1 X4.654 Y-13.381 E0.03073
G1 X5.258 Y-13.158 E0.03533
G1 X5.861 Y-12.901 E0.03597
G1 X6.373 Y-12.652 E0.03124
G1 X6.996 Y-12.33 E0.03849
G1 X7.574 Y-11.972 E0.03731
G1 X8.18 Y-11.572 E0.03985
G1 X9.02 Y-10.943 E0.05759
G1 X9.02 Y-10.826 E0.00642
G1 X9.02 Y-7.579 E0.17819
G0 F12000 X8.465 Y-8.465
G1 F1200 X8.82 Y-8.82 E0.02755
G0 F12000 X8.82 Y-9.528
G1 F1200 X8.101 Y-8.808 E0.05584
G0 F12000 X7.728 Y-9.142
G1 F1200 X8.82 Y-10.235 E0.08479
G0 F12000 X8.764 Y-10.885
G1 F1200 X7.338 Y-9.459 E0.11067
G0 F12000 X6.93 Y-9.758
G1 F1200 X8.359 Y-11.188 E0.11094
G0 F12000 X7.949 Y-11.485
G1 F1200 X6.509 Y-10.044 E0.1118
G0 F12000 X6.071 Y-10.314
G1 F1200 X7.524 Y-11.766 E0.11273
G0 F12000 X7.089 Y-12.038
G1 F1200 X5.617 Y-10.566 E0.11424
G0 F12000 X5.147 Y-10.804
G1 F1200 X6.635 Y-12.292 E0.11549
G0 F12000 X6.167 Y-12.531
G1 F1200 X4.66 Y-11.024 E0.11696
G0 F12000 X4.154 Y-11.225
G1 F1200 X5.687 Y-12.758 E0.11898
G0 F12000 X5.191 Y-12.969
G1 F1200 X3.632 Y-11.411 E0.12096
G0 F12000 X3.082 Y-11.567
G1 F1200 X4.675 Y-13.161 E0.12367
G0 F12000 X4.147 Y-13.34
G1 F1200 X2.512 Y-11.705 E0.12689
G0 F12000 X1.918 Y-11.817
G1 F1200 X3.595 Y-13.494 E0.13015
G0 F12000 X3.026 Y-13.633
G1 F1200 X1.297 Y-11.903 E0.13423
G0 F12000 X0.642 Y-11.956
G1 F1200 X2.442 Y-13.756 E0.1397
G0 F12000 X1.828 Y-13.849
G1 F1200 X-0.046 Y-11.975 E0.14544
G0 F12000 X-.783 Y-11.945
G1 F1200 X1.188 Y-13.916 E0.15297
G0 F12000 X0.525 Y-13.96
G1 F1200 X-1.571 Y-11.864 E0.16267
G1 X-1.641 Y-11.794
G0 F12000 X-2.419 Y-11.723
G1 F1200 X-.176 Y-13.966 E0.17408
G0 F12000 X-.912 Y-13.937
G1 F1200 X-3.358 Y-11.491 E0.18984
G1 X-3.428 Y-11.421
G0 F12000 X-4.445 Y-11.111
G1 F1200 X-1.691 Y-13.866 E0.21378
G1 X-1.621 Y-13.936
G0 F12000 X-2.524 Y-13.74
G1 F1200 X-5.795 Y-10.469 E0.25387
G1 X-5.865 Y-10.399
G0 F12000 X-7.021 Y-12.071
G1 F1200 X-8.82 Y-10.272 E0.13962
G0 F12000 X-8.82 Y-9.565
G1 F1200 X-5.577 Y-12.808 E0.25169
G1 X-5.507 Y-12.878
G0 F12000 X-4.431 Y-13.247
G1 F1200 X-8.82 Y-8.858 E0.34063
G0 F12000 X-8.82 Y-8.151
G1 F1200 X-3.43 Y-13.54 E0.41828
G1 X-3.36 Y-13.61
G0 F12000 X-3.346 Y-13.545
G1 F3600 E-1
;MESH:NONMESH
G0 F600 X-3.346 Y-13.545 Z3.3
G0 F12000 X-6.976 Y-10.275
;TIME_ELAPSED:115.739325
;LAYER:10
M106 S255
;TYPE:FILL
;MESH:overhang.stl
G1 F3600 E1
G1 F9600 X-1.451 Y-4.751 E0.38978
G1 X-.433 Y-.952 E0.19622
G1 X-0.076 Y-.952 E0.01781
G1 X-1.118 Y-4.842 E0.20091
G1 X0.906 Y-12.395 E0.39012
G1 X1.746 Y-12.298 E0.04219
G1 X2.324 Y-12.201 E0.02924
G1 X2.899 Y-12.08 E0.02932
G1 X3.459 Y-11.927 E0.02896
G1 X4.06 Y-11.737 E0.03145
G1 X4.661 Y-11.514 E0.03198
G1 X5.024 Y-11.354 E0.01979
G1 X-9.039 Y-7.586 E0.72635
G1 X-9.039 Y-8.532 E0.0472
G1 X-8.274 Y-9.264 E0.05282
G1 X-7.556 Y-9.859 E0.04652
G1 X-6.958 Y-10.288 E0.03672
G1 X-6.379 Y-10.655 E0.0342
G1 X-5.794 Y-10.989 E0.03361
G1 X-5.205 Y-11.274 E0.03264
G1 X-4.641 Y-11.523 E0.03076
G1 X-4.061 Y-11.737 E0.03084
G1 X-3.465 Y-11.926 E0.03119
G1 X-2.91 Y-12.076 E0.02868
G1 X-2.273 Y-12.21 E0.03248
G1 X-1.757 Y-12.298 E0.02612
G1 X-1.155 Y-12.367 E0.03023
G1 X-.594 Y-12.406 E0.02806
G1 X0.00 Y-12.42 E0.02964
G1 X0.1 Y-12.422
G1 F3600 E-1
G0 F12000 X9.13 Y-.862
G0 X9.4 Y-.592
;TYPE:WALL-INNER
G1 F3600 E1
G1 F3000 X9.4 Y-11.628 E0.55059
G1 X9.4 Y-12.177 E0.02739
G1 X8.418 Y-12.85 E0.05939
G1 X7.822 Y-13.223 E0.03508
G1 X7.213 Y-13.562 E0.03477
G1 X6.613 Y-13.87 E0.03365
G1 X6.012 Y-14.135 E0.03277
G1 X5.439 Y-14.37 E0.0309
G1 X4.812 Y-14.589 E0.03313
G1 X4.211 Y-14.774 E0.03137
G1 X3.605 Y-14.933 E0.03126
G1 X3.001 Y-15.071 E0.03091
G1 X2.357 Y-15.182 E0.0326
G1 X1.802 Y-15.255 E0.02793
G1 X1.2 Y-15.317 E0.03019
G1 X0.596 Y-15.352 E0.03018
G1 X0.00 Y-15.363 E0.02974
G1 X-.596 Y-15.352 E0.02974
G1 X-1.2 Y-15.317 E0.03018
G1 X-1.8 Y-15.256 E0.03009
G1 X-2.355 Y-15.179 E0.02795
G1 X-3.003 Y-15.067 E0.03281
G1 X-3.606 Y-14.932 E0.03083
G1 X-4.211 Y-14.774 E0.0312
G1 X-4.812 Y-14.589 E0.03137
G1 X-5.439 Y-14.37 E0.03313
G1 X-6.012 Y-14.136 E0.03088
G1 X-6.618 Y-13.866 E0.0331
G1 X-7.217 Y-13.562 E0.03351
G1 X-7.812 Y-13.228 E0.03404
G1 X-8.419 Y-12.846 E0.03578
G1 X-9.399 Y-12.177 E0.0592
G1 X-9.399 Y-11.63 E0.02729
G1 X-9.4 Y-.592 E0.55069
G1 X9.4 Y-.592 E0.93794
G0 F12000 X9.8 Y-.192
;TYPE:WALL-OUTER
G1 F1200 X9.8 Y-11.374 E0.55787
G1 X9.8 Y-12.348 E0.04859
G1 X9.229 Y-12.779 E0.03569
G1 X8.638 Y-13.184 E0.03574
G1 X8.026 Y-13.567 E0.03602
G1 X7.401 Y-13.915 E0.03569
G1 X6.785 Y-14.231 E0.03454
G1 X6.169 Y-14.503 E0.0336
G1 X5.581 Y-14.744 E0.0317
G1 X4.937 Y-14.969 E0.03403
G1 X4.321 Y-15.159 E0.03216
G1 X3.7 Y-15.321 E0.03202
G1 X3.08 Y-15.463 E0.03173
G1 X2.417 Y-15.578 E0.03357
G1 X1.848 Y-15.653 E0.02863
G1 X1.232 Y-15.716 E0.03089
G1 X0.612 Y-15.752 E0.03098
G1 X0.00 Y-15.763 E0.03054
G1 X-.612 Y-15.752 E0.03054
G1 X-1.232 Y-15.716 E0.03098
G1 X-1.848 Y-15.653 E0.03089
G1 X-2.417 Y-15.574 E0.02866
G1 X-3.081 Y-15.459 E0.03362
G1 X-3.7 Y-15.321 E0.03164
G1 X-4.321 Y-15.159 E0.03202
G1 X-4.937 Y-14.969 E0.03216
G1 X-5.581 Y-14.744 E0.03403
G1 X-6.169 Y-14.504 E0.03168
G1 X-6.79 Y-14.227 E0.03392
G1 X-7.405 Y-13.915 E0.03441
G1 X-8.017 Y-13.572 E0.035
G1 X-8.638 Y-13.18 E0.03664
G1 X-9.255 Y-12.761 E0.03721
G1 X-9.799 Y-12.348 E0.03408
G1 X-9.799 Y-11.374 E0.04859
G1 X-9.8 Y-.192 E0.55787
G1 X9.8 Y-.192 E0.97785
G0 F12000 X9.8 Y-.992
G1 F3600 E-1
G0 F12000 X9.1 Y-.992
G0 X9.02 Y-9.027
;TYPE:SKIN
;BRIDGE
M107
G1 F3600 E1
G1 F1200 X8.356 Y-9.639 E0.04956
G1 X7.755 Y-10.131 E0.04262
G1 X7.161 Y-10.559 E0.04018
G1 X6.564 Y-10.941 E0.0389
G1 X5.96 Y-11.284 E0.03812
G1 X5.384 Y-11.565 E0.03517
G1 X4.806 Y-11.823 E0.03474
G1 X4.19 Y-12.052 E0.03607
G1 X3.565 Y-12.251 E0.036
G1 X2.984 Y-12.406 E0.033
G1 X2.39 Y-12.532 E0.03332
G1 X1.839 Y-12.629 E0.0307
G1 X1.139 Y-12.707 E0.03865
G1 X0.606 Y-12.744 E0.02932
G1 X0.003 Y-12.761 E0.03311
G1 X-.598 Y-12.744 E0.033
G1 X-1.133 Y-12.712 E0.02941
G1 X-1.825 Y-12.627 E0.03826
G1 X-2.341 Y-12.542 E0.0287
G1 X-2.986 Y-12.404 E0.0362
G1 X-3.568 Y-12.25 E0.03304
G1 X-4.124 Y-12.075 E0.03199
G1 X-4.762 Y-11.84 E0.03731
G1 X-5.349 Y-11.584 E0.03514
G1 X-5.953 Y-11.288 E0.03691
G1 X-6.556 Y-10.946 E0.03804
G1 X-7.149 Y-10.57 E0.03853
G1 X-7.774 Y-10.119 E0.0423
G1 X-8.484 Y-9.53 E0.05063
G1 X-9.015 Y-9.026 E0.04018
G1 X-9.015 Y-11.926 E0.15915
G1 X-9.015 Y-11.978 E0.00285
G1 X-8.197 Y-12.534 E0.05428
G1 X-7.591 Y-12.915 E0.03928
G1 X-7.054 Y-13.214 E0.03373
G1 X-6.458 Y-13.519 E0.03674
G1 X-5.877 Y-13.777 E0.03489
G1 X-5.303 Y-14.01 E0.034
G1 X-4.712 Y-14.219 E0.0344
G1 X-4.109 Y-14.407 E0.03466
G1 X-3.558 Y-14.55 E0.03124
G1 X-2.925 Y-14.691 E0.03559
G1 X-1.952 Y-14.856 E0.05416
G1 X-1.185 Y-14.935 E0.04232
G1 X-.601 Y-14.971 E0.03211
G1 X-0.032 Y-14.98 E0.03123
G1 X0.576 Y-14.972 E0.03337
G1 X1.162 Y-14.936 E0.03222
G1 X2.247 Y-14.813 E0.05993
G1 X2.924 Y-14.695 E0.03771
G1 X3.472 Y-14.571 E0.03083
G1 X4.109 Y-14.407 E0.0361
G1 X4.673 Y-14.232 E0.03241
G1 X5.304 Y-14.009 E0.03673
G1 X5.849 Y-13.788 E0.03227
G1 X6.445 Y-13.527 E0.03571
G1 X7.013 Y-13.231 E0.03515
G1 X7.626 Y-12.895 E0.03836
G1 X8.194 Y-12.538 E0.03682
G1 X9.02 Y-11.978 E0.05477
G1 X9.02 Y-11.923 E0.00302
G1 X9.02 Y-9.027 E0.15893
G0 F12000 X8.426 Y-9.84
G1 F1200 X8.82 Y-10.234 E0.03058
G0 F12000 X8.82 Y-10.941
G1 F1200 X8.037 Y-10.158 E0.06077
G0 F12000 X7.635 Y-10.464
G1 F1200 X8.82 Y-11.648 E0.09193
G0 F12000 X8.532 Y-12.067
G1 F1200 X7.222 Y-10.758 E0.10163
G0 F12000 X6.791 Y-11.034
G1 F1200 X8.111 Y-12.354 E0.10245
G0 F12000 X7.678 Y-12.628
G1 F1200 X6.346 Y-11.295 E0.10342
G0 F12000 X5.885 Y-11.542
G1 F1200 X7.228 Y-12.885 E0.10423
G0 F12000 X6.769 Y-13.133
G1 F1200 X5.409 Y-11.773 E0.10555
G0 F12000 X4.92 Y-11.991
G1 F1200 X6.301 Y-13.372 E0.10718
G0 F12000 X5.81 Y-13.588
G1 F1200 X4.406 Y-12.184 E0.10897
G0 F12000 X3.876 Y-12.362
G1 F1200 X5.308 Y-13.794 E0.11114
G0 F12000 X4.787 Y-13.98
G1 F1200 X3.328 Y-12.521 E0.11323
G0 F12000 X2.758 Y-12.658
G1 F1200 X4.253 Y-14.153 E0.11603
G0 F12000 X3.7 Y-14.306
G1 F1200 X2.167 Y-12.774 E0.11894
G0 F12000 X1.549 Y-12.863
G1 F1200 X3.13 Y-14.443 E0.12266
G0 F12000 X2.539 Y-14.559
G1 F1200 X0.903 Y-12.924 E0.12693
G0 F12000 X0.226 Y-12.954
G1 F1200 X1.921 Y-14.649 E0.13155
G0 F12000 X1.286 Y-14.721
G1 F1200 X-.489 Y-12.946 E0.13776
G0 F12000 X-1.242 Y-12.9
G1 F1200 X0.627 Y-14.769 E0.14505
G0 F12000 X-0.069 Y-14.78
G1 F1200 X-2.059 Y-12.79 E0.15445
G1 X-2.129 Y-12.72
G0 F12000 X-2.937 Y-12.619
G1 F1200 X-.798 Y-14.759 E0.16605
G0 F12000 X-1.568 Y-14.695
G1 F1200 X-3.912 Y-12.352 E0.18188
G1 X-3.982 Y-12.282
G0 F12000 X-5.03 Y-11.941
G1 F1200 X-2.392 Y-14.578 E0.2047
G1 X-2.322 Y-14.648
G0 F12000 X-3.268 Y-14.41
G1 F1200 X-6.431 Y-11.247 E0.24548
G1 X-6.501 Y-11.177
G0 F12000 X-6.552 Y-13.247
G1 F1200 X-8.815 Y-10.984 E0.17563
G0 F12000 X-8.815 Y-11.691
G1 F1200 X-8.251 Y-12.255 E0.04377
G0 F12000 X-8.815 Y-10.277
G1 F1200 X-5.292 Y-13.8 E0.27342
G1 X-5.222 Y-13.87
G0 F12000 X-4.222 Y-14.163
G1 F1200 X-8.815 Y-9.57 E0.35647
G1 X-8.885 Y-9.5
G0 F12000 X-8.8 Y-9.5
G1 F3600 E-1
;MESH:NONMESH
G0 F600 X-8.8 Y-9.5 Z3.6
G0 F12000 X-4.68 Y-12.486
;TIME_ELAPSED:127.909435
;LAYER:11
M106 S255
;TYPE:FILL
;MESH:overhang.stl
G1 F3600 E1
G1 F9600 X-5.301 Y-12.24 E0.03332
G1 X-5.824 Y-11.998 E0.02875
G1 X-6.426 Y-11.686 E0.03383
G1 X-6.979 Y-11.363 E0.03195
G1 X-7.579 Y-10.975 E0.03565
G1 X-8.242 Y-10.485 E0.04113
G1 X-9.04 Y-9.808 E0.05221
G1 X-9.04 Y-7.366 E0.12183
G1 X6.657 Y-11.572 E0.81075
G1 X5.866 Y-11.979 E0.04438
G1 X5.261 Y-12.258 E0.03324
G1 X4.647 Y-12.501 E0.03294
G1 X4.078 Y-12.698 E0.03004
G1 X3.498 Y-12.871 E0.0302
G1 X2.914 Y-13.016 E0.03002
G1 X2.345 Y-13.127 E0.02892
G1 X1.75 Y-13.22 E0.03005
G1 X0.929 Y-13.302 E0.04116
G1 X-1.228 Y-5.25 E0.41588
G1 X-0.076 Y-.951 E0.22205
G1 X-.434 Y-.951 E0.01786
G1 X-1.562 Y-5.161 E0.21745
G1 X-7.456 Y-11.055 E0.41585
G1 X-7.526 Y-11.125
G1 F3600 E-1
G0 F12000 X9.13 Y-.862
G0 X9.4 Y-.592
;TYPE:WALL-INNER
G1 F3600 E1
G1 F3000 X9.4 Y-12.653 E0.60173
G1 X9.4 Y-13.132 E0.0239
G1 X8.435 Y-13.751 E0.0572
G1 X7.827 Y-14.104 E0.03508
G1 X7.21 Y-14.435 E0.03493
G1 X6.625 Y-14.708 E0.03221
G1 X6.027 Y-14.967 E0.03251
G1 X5.424 Y-15.194 E0.03214
G1 X4.816 Y-15.395 E0.03195
G1 X4.218 Y-15.572 E0.03111
G1 X3.613 Y-15.723 E0.03111
G1 X3.011 Y-15.85 E0.03069
G1 X2.36 Y-15.962 E0.03296
G1 X1.806 Y-16.031 E0.02785
G1 X1.202 Y-16.089 E0.03027
G1 X0.596 Y-16.124 E0.03028
G1 X0.00 Y-16.135 E0.02974
G1 X-.596 Y-16.124 E0.02974
G1 X-1.202 Y-16.089 E0.03028
G1 X-1.804 Y-16.031 E0.03017
G1 X-2.359 Y-15.958 E0.02793
G1 X-3.012 Y-15.85 E0.03302
G1 X-3.613 Y-15.723 E0.03065
G1 X-4.218 Y-15.572 E0.03111
G1 X-4.816 Y-15.395 E0.03111
G1 X-5.424 Y-15.194 E0.03195
G1 X-6.027 Y-14.967 E0.03214
G1 X-6.625 Y-14.709 E0.03249
G1 X-7.231 Y-14.423 E0.03343
G1 X-7.831 Y-14.103 E0.03393
G1 X-8.434 Y-13.752 E0.03481
G1 X-9.4 Y-13.13 E0.05732
G1 X-9.4 Y-12.652 E0.02385
G1 X-9.4 Y-.592 E0.60168
G1 X9.4 Y-.592 E0.93794
G0 F12000 X9.8 Y-.192
;TYPE:WALL-OUTER
G1 F1200 X9.8 Y-12.404 E0.60926
G1 X9.8 Y-13.312 E0.0453
G1 X9.259 Y-13.698 E0.03316
G1 X8.643 Y-14.093 E0.03651
G1 X8.022 Y-14.453 E0.03581
G1 X7.39 Y-14.793 E0.0358
G1 X6.789 Y-15.073 E0.03308
G1 X6.177 Y-15.338 E0.03327
G1 X5.557 Y-15.571 E0.03304
G1 X4.936 Y-15.777 E0.03264
G1 X4.323 Y-15.958 E0.03189
G1 X3.703 Y-16.113 E0.03188
G1 X3.086 Y-16.243 E0.03146
G1 X2.418 Y-16.358 E0.03382
G1 X1.85 Y-16.429 E0.02856
G1 X1.232 Y-16.488 E0.03097
G1 X0.612 Y-16.524 E0.03098
G1 X0.00 Y-16.535 E0.03054
G1 X-.612 Y-16.524 E0.03054
G1 X-1.232 Y-16.488 E0.03098
G1 X-1.849 Y-16.429 E0.03092
G1 X-2.418 Y-16.354 E0.02863
G1 X-3.086 Y-16.243 E0.03378
G1 X-3.703 Y-16.113 E0.03146
G1 X-4.323 Y-15.958 E0.03188
G1 X-4.936 Y-15.777 E0.03189
G1 X-5.557 Y-15.571 E0.03264
G1 X-6.177 Y-15.338 E0.03304
G1 X-6.713 Y-15.107 E0.02912
G1 X-7.41 Y-14.781 E0.03839
G1 X-8.026 Y-14.453 E0.03482
G1 X-8.643 Y-14.093 E0.03564
G1 X-9.259 Y-13.698 E0.03651
G1 X-9.8 Y-13.312 E0.03316
G1 X-9.8 Y-12.403 E0.04535
G1 X-9.8 Y-.192 E0.60921
G1 X9.8 Y-.192 E0.97785
G0 F12000 X9.8 Y-.992
G1 F3600 E-1
G0 F12000 X9.1 Y-.992
G0 X-9.019 Y-10.269
;TYPE:SKIN
;BRIDGE
M107
G1 F3600 E1
G1 F1200 X-9.02 Y-12.922 E0.14559
G1 X-8.253 Y-13.414 E0.05001
G1 X-7.662 Y-13.76 E0.03758
G1 X-7.085 Y-14.069 E0.03592
G1 X-6.481 Y-14.354 E0.03665
G1 X-5.905 Y-14.602 E0.03442
G1 X-5.312 Y-14.825 E0.03477
G1 X-4.819 Y-14.992 E0.02857
G1 X-4.143 Y-15.196 E0.03875
G1 X-3.523 Y-15.349 E0.03505
G1 X-2.965 Y-15.47 E0.03133
G1 X-2.262 Y-15.584 E0.03908
G1 X-1.757 Y-15.653 E0.02797
G1 X-1.185 Y-15.707 E0.03153
G1 X-.599 Y-15.743 E0.03222
G1 X-0.038 Y-15.752 E0.03079
G1 X0.576 Y-15.744 E0.0337
G1 X1.167 Y-15.708 E0.03249
G1 X2.252 Y-15.593 E0.05988
G1 X2.934 Y-15.475 E0.03798
G1 X3.523 Y-15.353 E0.03301
G1 X4.118 Y-15.202 E0.03369
G1 X4.699 Y-15.029 E0.03327
G1 X5.297 Y-14.831 E0.03457
G1 X5.885 Y-14.61 E0.03447
G1 X6.451 Y-14.367 E0.0338
G1 X7.038 Y-14.092 E0.03557
G1 X7.638 Y-13.773 E0.03729
G1 X8.218 Y-13.435 E0.03684
G1 X9.02 Y-12.922 E0.05225
G1 X9.02 Y-10.281 E0.14494
G1 X8.371 Y-10.815 E0.04612
G1 X7.702 Y-11.302 E0.04541
G1 X7.18 Y-11.637 E0.03404
G1 X6.569 Y-11.993 E0.03881
G1 X6.009 Y-12.286 E0.03468
G1 X5.392 Y-12.57 E0.03728
G1 X4.782 Y-12.811 E0.03599
G1 X4.186 Y-13.017 E0.03461
G1 X3.581 Y-13.196 E0.03462
G1 X2.993 Y-13.343 E0.03326
G1 X2.404 Y-13.461 E0.03297
G1 X1.784 Y-13.558 E0.03444
G1 X1.146 Y-13.627 E0.03522
G1 X0.61 Y-13.664 E0.02949
G1 X0.00 Y-13.677 E0.03348
G1 X-.601 Y-13.664 E0.03299
G1 X-1.138 Y-13.628 E0.02954
G1 X-1.787 Y-13.555 E0.03584
G1 X-2.395 Y-13.462 E0.03375
G1 X-2.98 Y-13.345 E0.03274
G1 X-3.588 Y-13.195 E0.03437
G1 X-4.141 Y-13.032 E0.03164
G1 X-4.806 Y-12.801 E0.03863
G1 X-5.431 Y-12.55 E0.03696
G1 X-5.972 Y-12.302 E0.03266
G1 X-6.581 Y-11.986 E0.03765
G1 X-7.153 Y-11.653 E0.03632
G1 X-7.741 Y-11.277 E0.0383
G1 X-8.448 Y-10.753 E0.04829
G1 X-9.019 Y-10.269 E0.04108
G0 F12000 X-8.82 Y-12.393
G1 F1200 X-7.719 Y-13.494 E0.08545
G1 X-7.649 Y-13.564
G0 F12000 X-6.286 Y-14.22
G1 F1200 X-8.819 Y-11.687 E0.19659
G0 F12000 X-8.819 Y-10.98
G1 F1200 X-5.119 Y-14.68 E0.28716
G1 X-5.049 Y-14.75
G0 F12000 X-4.088 Y-15.004
G1 F1200 X-7.286 Y-11.806 E0.2482
G1 X-7.356 Y-11.736
G0 F12000 X-5.771 Y-12.613
G1 F1200 X-3.163 Y-15.222 E0.20245
G1 X-3.093 Y-15.292
G0 F12000 X-2.302 Y-15.375
G1 F1200 X-4.59 Y-13.088 E0.17754
G1 X-4.66 Y-13.018
G0 F12000 X-3.565 Y-13.406
G1 F1200 X-1.494 Y-15.476 E0.16069
G0 F12000 X-.729 Y-15.534
G1 F1200 X-2.648 Y-13.615 E0.14894
G1 X-2.718 Y-13.545
G0 F12000 X-1.802 Y-13.754
G1 F1200 X-0.004 Y-15.552 E0.13954
G0 F12000 X0.688 Y-15.537
G1 F1200 X-1.013 Y-13.837 E0.13198
G0 F12000 X-.271 Y-13.871
G1 F1200 X1.345 Y-15.487 E0.12542
G0 F12000 X1.986 Y-15.421
G1 F1200 X0.433 Y-13.868 E0.12053
G0 F12000 X1.102 Y-13.83
G1 F1200 X2.601 Y-15.329 E0.11634
G0 F12000 X3.195 Y-15.216
G1 F1200 X1.742 Y-13.763 E0.11277
G0 F12000 X2.356 Y-13.67
G1 F1200 X3.77 Y-15.084 E0.10974
G0 F12000 X4.325 Y-14.931
G1 F1200 X2.949 Y-13.555 E0.10679
G0 F12000 X3.518 Y-13.417
G1 F1200 X4.864 Y-14.764 E0.1045
G0 F12000 X5.39 Y-14.582
G1 F1200 X4.068 Y-13.26 E0.1026
G0 F12000 X4.6 Y-13.085
G1 F1200 X5.901 Y-14.386 E0.10097
G0 F12000 X6.395 Y-14.173
G1 F1200 X5.115 Y-12.893 E0.09934
G0 F12000 X5.616 Y-12.687
G1 F1200 X6.877 Y-13.948 E0.09787
G0 F12000 X7.34 Y-13.704
G1 F1200 X6.1 Y-12.463 E0.09628
G0 F12000 X6.564 Y-12.221
G1 F1200 X7.794 Y-13.451 E0.09546
G0 F12000 X8.236 Y-13.186
G1 F1200 X7.014 Y-11.964 E0.09484
G0 F12000 X7.455 Y-11.698
G1 F1200 X8.668 Y-12.91 E0.0941
G0 F12000 X8.82 Y-12.356
G1 F1200 X7.882 Y-11.418 E0.0728
G0 F12000 X8.291 Y-11.119
G1 F1200 X8.82 Y-11.649 E0.0411
G0 F12000 X8.82 Y-10.942
G1 F1200 X8.7 Y-10.821 E0.00935
G1 F3600 E-1
;MESH:NONMESH
G0 F600 X8.7 Y-10.821 Z3.9
G0 F12000 X-7.893 Y-11.792
;TIME_ELAPSED:139.981989
;LAYER:12
M106 S255
;TYPE:FILL
;MESH:overhang.stl
G1 F3600 E1
G1 F9600 X-1.671 Y-5.57 E0.439
G1 X-.434 Y-.951 E0.23856
G1 X-0.076 Y-.951 E0.01786
G1 X-1.338 Y-5.66 E0.24322
G1 X0.942 Y-14.17 E0.43954
G1 X1.75 Y-14.087 E0.04052
G1 X2.347 Y-14.002 E0.03008
G1 X2.919 Y-13.891 E0.02907
G1 X3.511 Y-13.753 E0.03033
G1 X4.091 Y-13.593 E0.03002
G1 X4.683 Y-13.402 E0.03103
G1 X5.272 Y-13.179 E0.03142
G1 X5.846 Y-12.937 E0.03108
G1 X6.436 Y-12.652 E0.03269
G1 X7.021 Y-12.34 E0.03308
G1 X8.034 Y-11.722 E0.0592
G1 X-9.04 Y-7.147 E0.88187
G1 X-9.04 Y-10.959 E0.19018
G1 X-8.195 Y-11.592 E0.05267
G1 X-7.595 Y-11.992 E0.03598
G1 X-7.019 Y-12.34 E0.03357
G1 X-6.436 Y-12.651 E0.03297
G1 X-5.836 Y-12.941 E0.03325
G1 X-5.268 Y-13.182 E0.03078
G1 X-4.687 Y-13.401 E0.03098
G1 X-4.11 Y-13.586 E0.03023
G1 X-3.518 Y-13.752 E0.03067
G1 X-2.919 Y-13.891 E0.03068
G1 X-2.346 Y-14.003 E0.02913
G1 X-1.768 Y-14.084 E0.02912
G1 X-1.169 Y-14.146 E0.03004
G1 X-.59 Y-14.182 E0.02894
G1 X-.491 Y-14.188
G1 F3600 E-1
G0 F12000 X9.13 Y-.862
G0 X9.4 Y-.592
;TYPE:WALL-INNER
G1 F3600 E1
G1 F3000 X9.4 Y-13.602 E0.64907
G1 X9.4 Y-14.015 E0.0206
G1 X8.446 Y-14.6 E0.05583
G1 X7.841 Y-14.932 E0.03443
G1 X7.238 Y-15.234 E0.03365
G1 X6.639 Y-15.504 E0.03278
G1 X6.059 Y-15.74 E0.03124
G1 X5.371 Y-15.991 E0.03654
G1 X4.856 Y-16.152 E0.02692
G1 X4.225 Y-16.331 E0.03272
G1 X3.619 Y-16.473 E0.03105
G1 X3.01 Y-16.597 E0.03101
G1 X2.363 Y-16.705 E0.03273
G1 X1.81 Y-16.771 E0.02779
G1 X1.203 Y-16.825 E0.0304
G1 X0.602 Y-16.86 E0.03003
G1 X0.00 Y-16.867 E0.03004
G1 X-.602 Y-16.86 E0.03004
G1 X-1.203 Y-16.825 E0.03003
G1 X-1.807 Y-16.771 E0.03025
G1 X-2.363 Y-16.701 E0.02796
G1 X-3.012 Y-16.597 E0.03279
G1 X-3.509 Y-16.497 E0.02529
G1 X-4.225 Y-16.331 E0.03667
G1 X-4.854 Y-16.153 E0.03261
G1 X-5.372 Y-15.987 E0.02714
G1 X-6.061 Y-15.743 E0.03647
G1 X-6.638 Y-15.504 E0.03116
G1 X-7.242 Y-15.233 E0.03303
G1 X-7.844 Y-14.932 E0.03358
G1 X-8.447 Y-14.6 E0.03434
G1 X-9.4 Y-14.019 E0.05568
G1 X-9.4 Y-13.599 E0.02095
G1 X-9.4 Y-.592 E0.64892
G1 X9.4 Y-.592 E0.93794
G0 F12000 X9.8 Y-.192
;TYPE:WALL-OUTER
G1 F1200 X9.8 Y-13.357 E0.6568
G1 X9.8 Y-14.216 E0.04286
G1 X9.312 Y-14.539 E0.0292
G1 X8.647 Y-14.946 E0.0389
G1 X8.027 Y-15.286 E0.03528
G1 X7.41 Y-15.595 E0.03443
G1 X6.797 Y-15.872 E0.03356
G1 X6.203 Y-16.113 E0.03198
G1 X5.499 Y-16.37 E0.03739
G1 X4.97 Y-16.536 E0.02766
G1 X4.325 Y-16.718 E0.03344
G1 X3.705 Y-16.864 E0.03178
G1 X3.083 Y-16.991 E0.03167
G1 X2.419 Y-17.101 E0.03358
G1 X1.851 Y-17.169 E0.02854
G1 X1.233 Y-17.224 E0.03095
G1 X0.616 Y-17.26 E0.03083
G1 X-.109 Y-17.267 E0.03617
G1 X-.616 Y-17.26 E0.0253
G1 X-1.233 Y-17.224 E0.03083
G1 X-1.85 Y-17.169 E0.0309
G1 X-2.419 Y-17.097 E0.02861
G1 X-3.084 Y-16.991 E0.0336
G1 X-3.589 Y-16.889 E0.0257
G1 X-4.325 Y-16.718 E0.0377
G1 X-4.97 Y-16.536 E0.03344
G1 X-5.5 Y-16.366 E0.02777
G1 X-6.204 Y-16.117 E0.03725
G1 X-6.796 Y-15.872 E0.03196
G1 X-7.414 Y-15.595 E0.03379
G1 X-8.088 Y-15.255 E0.03766
G1 X-8.647 Y-14.946 E0.03187
G1 X-9.333 Y-14.528 E0.04008
G1 X-9.8 Y-14.216 E0.02802
G1 X-9.8 Y-13.355 E0.04296
G1 X-9.8 Y-.192 E0.6567
G1 X9.8 Y-.192 E0.97785
G0 F12000 X9.8 Y-.992
G1 F3600 E-1
G0 F12000 X9.1 Y-.992
G0 X9.02 Y-11.399
;TYPE:SKIN
;BRIDGE
M107
G1 F3600 E1
G1 F1200 X8.392 Y-11.869 E0.04305
G1 X7.798 Y-12.26 E0.03903
G1 X7.197 Y-12.631 E0.03876
G1 X6.578 Y-12.957 E0.03839
G1 X6.001 Y-13.24 E0.03527
G1 X5.402 Y-13.493 E0.03568
G1 X4.811 Y-13.716 E0.03467
G1 X4.186 Y-13.919 E0.03606
G1 X3.577 Y-14.086 E0.03466
G1 X3.023 Y-14.219 E0.03127
G1 X2.437 Y-14.329 E0.03272
G1 X1.802 Y-14.422 E0.03522
G1 X1.209 Y-14.483 E0.03272
G1 X0.601 Y-14.52 E0.03343
G1 X0.00 Y-14.533 E0.03299
G1 X-.593 Y-14.52 E0.03255
G1 X-1.193 Y-14.484 E0.03299
G1 X-1.844 Y-14.419 E0.0359
G1 X-2.401 Y-14.338 E0.03089
G1 X-2.979 Y-14.225 E0.03232
G1 X-3.613 Y-14.079 E0.0357
G1 X-4.194 Y-13.917 E0.0331
G1 X-4.77 Y-13.731 E0.03322
G1 X-5.387 Y-13.5 E0.03616
G1 X-5.99 Y-13.245 E0.03593
G1 X-6.592 Y-12.952 E0.03674
G1 X-7.207 Y-12.621 E0.03833
G1 X-7.784 Y-12.272 E0.03701
G1 X-8.391 Y-11.867 E0.04005
G1 X-9.021 Y-11.394 E0.04323
G1 X-9.02 Y-13.803 E0.1322
G1 X-8.274 Y-14.259 E0.04798
G1 X-7.682 Y-14.586 E0.03712
G1 X-7.082 Y-14.887 E0.03684
G1 X-6.497 Y-15.148 E0.03515
G1 X-5.952 Y-15.377 E0.03244
G1 X-4.744 Y-15.789 E0.07004
G1 X-4.146 Y-15.954 E0.03404
G1 X-3.444 Y-16.121 E0.0396
G1 X-2.94 Y-16.223 E0.02822
G1 X-2.272 Y-16.327 E0.0371
G1 X-1.774 Y-16.388 E0.02753
G1 X-1.187 Y-16.443 E0.03236
G1 X-.61 Y-16.479 E0.03173
G1 X0.585 Y-16.48 E0.06558
G1 X1.173 Y-16.444 E0.03233
G1 X1.757 Y-16.393 E0.03217
G1 X2.26 Y-16.337 E0.02777
G1 X2.935 Y-16.223 E0.03757
G1 X3.518 Y-16.103 E0.03267
G1 X4.13 Y-15.958 E0.03452
G1 X4.731 Y-15.792 E0.03422
G1 X5.251 Y-15.63 E0.02989
G1 X5.935 Y-15.377 E0.04002
G1 X6.484 Y-15.156 E0.03248
G1 X7.058 Y-14.894 E0.03463
G1 X7.644 Y-14.602 E0.03593
G1 X8.251 Y-14.271 E0.03794
G1 X9.02 Y-13.792 E0.04972
G1 X9.02 Y-11.399 E0.13133
G0 F12000 X8.5 Y-12.036
G1 F1200 X8.82 Y-12.355 E0.0248
G0 F12000 X8.82 Y-13.062
G1 F1200 X8.074 Y-12.316 E0.0579
G0 F12000 X7.641 Y-12.591
G1 F1200 X8.766 Y-13.716 E0.08731
G0 F12000 X8.33 Y-13.987
G1 F1200 X7.199 Y-12.856 E0.08778
G0 F12000 X6.735 Y-13.099
G1 F1200 X7.881 Y-14.245 E0.08894
G0 F12000 X7.42 Y-14.491
G1 F1200 X6.263 Y-13.334 E0.0898
G0 F12000 X5.774 Y-13.552
G1 F1200 X6.947 Y-14.725 E0.09104
G0 F12000 X6.462 Y-14.947
G1 F1200 X5.27 Y-13.755 E0.09251
G0 F12000 X4.752 Y-13.944
G1 F1200 X5.959 Y-15.151 E0.09368
G0 F12000 X5.445 Y-15.345
G1 F1200 X4.217 Y-14.117 E0.09531
G0 F12000 X3.664 Y-14.27
G1 F1200 X4.918 Y-15.525 E0.09736
G0 F12000 X4.371 Y-15.684
G1 F1200 X3.093 Y-14.407 E0.09915
G0 F12000 X2.5 Y-14.52
G1 F1200 X3.808 Y-15.829 E0.10155
G0 F12000 X3.23 Y-15.958
G1 F1200 X1.884 Y-14.612 E0.10446
G0 F12000 X1.245 Y-14.68
G1 F1200 X2.636 Y-16.071 E0.10796
G0 F12000 X2.028 Y-16.17
G1 F1200 X0.578 Y-14.721 E0.1125
G0 F12000 X-.119 Y-14.73
G1 F1200 X1.376 Y-16.225 E0.11603
G0 F12000 X0.715 Y-16.271
G1 F1200 X-.852 Y-14.704 E0.12162
G0 F12000 X-1.621 Y-14.643
G1 F1200 X0.016 Y-16.28 E0.12705
G0 F12000 X-.697 Y-16.273
G1 F1200 X-2.436 Y-14.535 E0.13493
G1 X-2.506 Y-14.465
G0 F12000 X-3.328 Y-14.349
G1 F1200 X-1.462 Y-16.216 E0.14486
G1 X-1.392 Y-16.286
G0 F12000 X-2.258 Y-16.127
G1 F1200 X-4.289 Y-14.096 E0.15763
G1 X-4.359 Y-14.026
G0 F12000 X-5.375 Y-13.717
G1 F1200 X-3.106 Y-15.986 E0.1761
G1 X-3.036 Y-16.056
G0 F12000 X-4.02 Y-15.779
G1 F1200 X-6.657 Y-13.142 E0.20466
G1 X-6.727 Y-13.072
G0 F12000 X-7.432 Y-14.488
G1 F1200 X-8.82 Y-13.1 E0.10772
G0 F12000 X-8.82 Y-12.393
G1 F1200 X-6.126 Y-15.087 E0.20908
G1 X-6.056 Y-15.157
G0 F12000 X-5.023 Y-15.484
G1 F1200 X-8.412 Y-12.094 E0.26306
G1 X-8.482 Y-12.024
G1 F3600 E-1
;MESH:NONMESH
G0 F600 X-8.482 Y-12.024 Z4.2
G0 F12000 X-8.298 Y-12.497
;TIME_ELAPSED:151.728992
;LAYER:13
M106 S255
;TYPE:FILL
;MESH:overhang.stl
G1 F3600 E1
G1 F9600 X3.247 Y-.952 E0.81456
G1 X-2.819 Y-.951 E0.30263
G1 X0.941 Y-14.983 E0.72476
G1 X1.772 Y-14.901 E0.04166
G1 X2.351 Y-14.82 E0.02917
G1 X2.95 Y-14.715 E0.03034
G1 X3.491 Y-14.595 E0.02765
G1 X4.398 Y-14.351 E0.04686
G1 X4.398 Y-14.358 E0.00035
G1 X5.291 Y-14.044 E0.04723
G1 X5.851 Y-13.817 E0.03015
G1 X6.478 Y-13.537 E0.03426
G1 X6.963 Y-13.293 E0.02709
G1 X7.632 Y-12.92 E0.03821
G1 X8.241 Y-12.538 E0.03587
G1 X9.04 Y-11.99 E0.04834
G1 X9.039 Y-11.772 E0.01088
G1 X-9.04 Y-6.927 E0.93379
G1 X-9.04 Y-11.988 E0.25249
G1 X-8.241 Y-12.537 E0.04837
G1 X-7.621 Y-12.926 E0.03652
G1 X-7.053 Y-13.243 E0.03245
G1 X-6.966 Y-13.291
G1 F3600 E-1
G0 F12000 X9.13 Y-.862
G0 X9.4 Y-.592
;TYPE:WALL-INNER
G1 F3600 E1
G1 F3000 X9.4 Y-14.483 E0.69302
G1 X9.4 Y-14.861 E0.01886
G1 X8.434 Y-15.41 E0.05543
G1 X7.851 Y-15.719 E0.03292
G1 X7.246 Y-16.006 E0.03341
G1 X6.647 Y-16.268 E0.03262
G1 X5.984 Y-16.523 E0.03544
G1 X5.466 Y-16.697 E0.02726
G1 X4.834 Y-16.895 E0.03304
G1 X4.228 Y-17.053 E0.03124
G1 X3.624 Y-17.192 E0.03092
G1 X3.016 Y-17.308 E0.03088
G1 X2.365 Y-17.413 E0.0329
G1 X1.811 Y-17.478 E0.02783
G1 X1.207 Y-17.529 E0.03024
G1 X0.602 Y-17.56 E0.03022
G1 X0.00 Y-17.571 E0.03004
G1 X-.602 Y-17.56 E0.03004
G1 X-1.191 Y-17.529 E0.02943
G1 X-1.81 Y-17.479 E0.03098
G1 X-2.364 Y-17.409 E0.02786
G1 X-3.017 Y-17.308 E0.03297
G1 X-3.624 Y-17.192 E0.03083
G1 X-4.228 Y-17.053 E0.03092
G1 X-4.834 Y-16.895 E0.03124
G1 X-5.769 Y-16.6 E0.04891
G1 X-6.649 Y-16.268 E0.04692
G1 X-7.246 Y-16.006 E0.03253
G1 X-7.854 Y-15.715 E0.03363
G1 X-8.484 Y-15.384 E0.0355
G1 X-9.4 Y-14.862 E0.0526
G1 X-9.4 Y-14.482 E0.01896
G1 X-9.4 Y-.592 E0.69297
G1 X9.4 Y-.592 E0.93794
G0 F12000 X9.8 Y-.192
;TYPE:WALL-OUTER
G1 F1200 X9.8 Y-14.244 E0.70106
G1 X9.8 Y-15.061 E0.04076
G1 X9.269 Y-15.396 E0.03132
G1 X8.621 Y-15.764 E0.03718
G1 X8.03 Y-16.077 E0.03336
G1 X7.412 Y-16.37 E0.03412
G1 X6.799 Y-16.638 E0.03338
G1 X6.12 Y-16.899 E0.03629
G1 X5.53 Y-17.096 E0.03103
G1 X4.944 Y-17.279 E0.03063
G1 X4.324 Y-17.441 E0.03197
G1 X3.706 Y-17.584 E0.03165
G1 X3.085 Y-17.702 E0.03154
G1 X2.42 Y-17.809 E0.0336
G1 X1.851 Y-17.876 E0.02858
G1 X1.234 Y-17.928 E0.03089
G1 X0.616 Y-17.96 E0.03087
G1 X0.00 Y-17.971 E0.03074
G1 X-.616 Y-17.96 E0.03074
G1 X-1.218 Y-17.928 E0.03008
G1 X-1.851 Y-17.877 E0.03168
G1 X-2.42 Y-17.805 E0.02861
G1 X-3.085 Y-17.702 E0.03357
G1 X-3.706 Y-17.584 E0.03154
G1 X-4.324 Y-17.441 E0.03165
G1 X-4.944 Y-17.279 E0.03197
G1 X-5.589 Y-17.077 E0.03372
G1 X-6.12 Y-16.895 E0.028
G1 X-6.8 Y-16.638 E0.03627
G1 X-7.412 Y-16.37 E0.03333
G1 X-8.034 Y-16.073 E0.03439
G1 X-8.681 Y-15.732 E0.03649
G1 X-9.297 Y-15.381 E0.03537
G1 X-9.8 Y-15.058 E0.02982
G1 X-9.8 Y-14.243 E0.04066
G1 X-9.8 Y-.192 E0.70101
G1 X9.8 Y-.192 E0.97785
G0 F12000 X9.8 Y-.992
G1 F3600 E-1
G0 F12000 X9.1 Y-.992
G0 X9.02 Y-12.415
;TYPE:SKIN
;BRIDGE
M107
G1 F3600 E1
G1 F1200 X8.426 Y-12.825 E0.03961
G1 X7.814 Y-13.206 E0.03956
G1 X7.202 Y-13.547 E0.03845
G1 X6.623 Y-13.843 E0.03569
G1 X6.022 Y-14.111 E0.03611
G1 X5.42 Y-14.358 E0.03571
G1 X4.811 Y-14.573 E0.03544
G1 X4.218 Y-14.752 E0.03399
G1 X3.589 Y-14.922 E0.03576
G1 X3.011 Y-15.048 E0.03247
G1 X2.391 Y-15.157 E0.03455
G1 X1.763 Y-15.243 E0.03479
G1 X1.212 Y-15.296 E0.03038
G1 X0.604 Y-15.332 E0.03343
G1 X0.00 Y-15.345 E0.03315
G1 X-.597 Y-15.332 E0.03277
G1 X-1.204 Y-15.296 E0.03337
G1 X-1.754 Y-15.248 E0.0303
G1 X-3.029 Y-15.05 E0.07081
G1 X-3.602 Y-14.915 E0.03231
G1 X-4.215 Y-14.754 E0.03478
G1 X-4.804 Y-14.572 E0.03383
G1 X-5.398 Y-14.365 E0.03452
G1 X-6.024 Y-14.11 E0.0371
G1 X-6.61 Y-13.847 E0.03525
G1 X-7.195 Y-13.551 E0.03598
G1 X-7.793 Y-13.22 E0.03751
G1 X-8.419 Y-12.826 E0.04059
G1 X-9.02 Y-12.41 E0.04011
G1 X-9.019 Y-14.639 E0.12233
G1 X-8.31 Y-15.042 E0.04476
G1 X-7.703 Y-15.364 E0.03771
G1 X-7.094 Y-15.654 E0.03702
G1 X-6.528 Y-15.905 E0.03398
G1 X-5.638 Y-16.239 E0.05217
G1 X-4.776 Y-16.514 E0.04965
G1 X-4.124 Y-16.685 E0.03699
G1 X-3.558 Y-16.817 E0.0319
G1 X-2.968 Y-16.931 E0.03298
G1 X-2.269 Y-17.037 E0.0388
G1 X-1.767 Y-17.101 E0.02777
G1 X-1.171 Y-17.148 E0.03281
G1 X-.603 Y-17.179 E0.03122
G1 X-0.035 Y-17.188 E0.03118
G1 X0.567 Y-17.18 E0.03304
G1 X1.178 Y-17.148 E0.03358
G1 X2.103 Y-17.069 E0.05095
G1 X2.935 Y-16.936 E0.04624
G1 X3.525 Y-16.822 E0.03298
G1 X4.122 Y-16.684 E0.03363
G1 X4.727 Y-16.524 E0.03434
G1 X5.857 Y-16.163 E0.0651
G1 X6.503 Y-15.915 E0.03797
G1 X7.074 Y-15.662 E0.03427
G1 X7.659 Y-15.386 E0.0355
G1 X8.242 Y-15.077 E0.03621
G1 X9.02 Y-14.639 E0.049
G1 X9.02 Y-12.415 E0.12205
G0 F12000 X8.667 Y-12.91
G1 F1200 X8.82 Y-13.062 E0.01184
G0 F12000 X8.231 Y-13.181
G1 F1200 X8.82 Y-13.769 E0.04567
G0 F12000 X8.82 Y-14.477
G1 F1200 X7.791 Y-13.448 E0.07986
G0 F12000 X7.336 Y-13.7
G1 F1200 X8.397 Y-14.761 E0.08235
G0 F12000 X7.94 Y-15.011
G1 F1200 X6.87 Y-13.941 E0.08304
G0 F12000 X6.388 Y-14.166
G1 F1200 X7.474 Y-15.252 E0.08429
G0 F12000 X6.994 Y-15.479
G1 F1200 X5.894 Y-14.38 E0.08533
G0 F12000 X5.388 Y-14.581
G1 F1200 X6.504 Y-15.696 E0.08658
G0 F12000 X5.996 Y-15.896
G1 F1200 X4.866 Y-14.766 E0.0877
G0 F12000 X4.323 Y-14.93
G1 F1200 X5.47 Y-16.077 E0.08902
G0 F12000 X4.934 Y-16.248
G1 F1200 X3.767 Y-15.08 E0.09061
G0 F12000 X3.192 Y-15.213
G1 F1200 X4.387 Y-16.408 E0.09275
G0 F12000 X3.821 Y-16.549
G1 F1200 X2.596 Y-15.324 E0.09507
G0 F12000 X1.98 Y-15.415
G1 F1200 X3.24 Y-16.675 E0.09779
G0 F12000 X2.64 Y-16.782
G1 F1200 X1.341 Y-15.484 E0.10078
G0 F12000 X0.678 Y-15.527
G1 F1200 X2.026 Y-16.875 E0.10462
G0 F12000 X1.373 Y-16.93
G1 F1200 X-0.012 Y-15.544 E0.10753
G0 F12000 X-.74 Y-15.524
G1 F1200 X0.709 Y-16.972 E0.11242
G0 F12000 X0.018 Y-16.988
G1 F1200 X-1.5 Y-15.47 E0.11781
G1 X-1.57 Y-15.4
G0 F12000 X-2.309 Y-15.369
G1 F1200 X-.704 Y-16.973 E0.12453
G0 F12000 X-1.46 Y-16.925
G1 F1200 X-3.161 Y-15.223 E0.13206
G1 X-3.231 Y-15.153
G0 F12000 X-4.101 Y-14.991
G1 F1200 X-2.255 Y-16.837 E0.14327
G1 X-2.185 Y-16.907
G0 F12000 X-3.096 Y-16.703
G1 F1200 X-5.128 Y-14.671 E0.15771
G1 X-5.198 Y-14.601
G0 F12000 X-6.302 Y-14.204
G1 F1200 X-3.998 Y-16.508 E0.17882
G1 X-3.928 Y-16.578
G0 F12000 X-4.972 Y-16.242
G1 F1200 X-7.729 Y-13.484 E0.21401
G1 X-7.799 Y-13.414
G0 F12000 X-8.819 Y-13.808
G1 F1200 X-7.286 Y-15.341 E0.11898
G1 X-7.216 Y-15.411
G0 F12000 X-6.049 Y-15.872
G1 F1200 X-8.82 Y-13.101 E0.21506
G1 X-8.89 Y-13.031
G0 F12000 X-8.8 Y-13.031
G1 F3600 E-1
;MESH:NONMESH
G0 F600 X-8.8 Y-13.031 Z4.5
G0 F12000 X-8.675 Y-13.173
;TIME_ELAPSED:163.397128
;LAYER:14
M106 S255
;TYPE:FILL
;MESH:overhang.stl
G1 F3600 E1
G1 F9600 X3.547 Y-.952 E0.86229
G1 X-3.038 Y-.952 E0.32853
G1 X0.926 Y-15.746 E0.76411
G1 X1.779 Y-15.676 E0.0427
G1 X2.341 Y-15.599 E0.0283
G1 X2.951 Y-15.495 E0.03087
G1 X3.519 Y-15.378 E0.02893
G1 X4.146 Y-15.221 E0.03225
G1 X4.715 Y-15.054 E0.02958
G1 X5.295 Y-14.861 E0.0305
G1 X5.895 Y-14.632 E0.03204
G1 X6.468 Y-14.388 E0.03107
G1 X7.054 Y-14.115 E0.03225
G1 X7.707 Y-13.762 E0.03703
G1 X9.04 Y-12.43 E0.09402
G1 X9.04 Y-11.552 E0.0438
G1 X-9.039 Y-6.708 E0.93378
G1 X-9.04 Y-12.938 E0.31082
G1 X-8.244 Y-13.452 E0.04727
G1 X-7.669 Y-13.784 E0.03313
G1 X-7.07 Y-14.107 E0.03395
G1 X-6.473 Y-14.385 E0.03286
G1 X-5.886 Y-14.637 E0.03187
G1 X-5.309 Y-14.855 E0.03077
G1 X-4.709 Y-15.056 E0.03157
G1 X-4.615 Y-15.087
G1 F3600 E-1
G0 F12000 X9.13 Y-.862
G0 X9.4 Y-.592
;TYPE:WALL-INNER
G1 F3600 E1
G1 F3000 X9.4 Y-15.316 E0.73458
G1 X9.4 Y-15.644 E0.01636
G1 X8.468 Y-16.164 E0.05325
G1 X7.866 Y-16.462 E0.03351
G1 X7.256 Y-16.741 E0.03347
G1 X6.652 Y-16.989 E0.03257
G1 X6.052 Y-17.213 E0.03195
G1 X5.444 Y-17.415 E0.03196
G1 X4.841 Y-17.593 E0.03137
G1 X4.234 Y-17.748 E0.03126
G1 X3.627 Y-17.88 E0.03099
G1 X3.023 Y-17.996 E0.03068
G1 X2.37 Y-18.092 E0.03293
G1 X1.823 Y-18.154 E0.02746
G1 X1.208 Y-18.209 E0.0308
G1 X0.604 Y-18.236 E0.03016
G1 X0.00 Y-18.247 E0.03014
G1 X-.604 Y-18.236 E0.03014
G1 X-1.209 Y-18.209 E0.03021
G1 X-1.798 Y-18.159 E0.02949
G1 X-3.025 Y-17.996 E0.06175
G1 X-3.627 Y-17.88 E0.03059
G1 X-4.234 Y-17.748 E0.03099
G1 X-4.841 Y-17.593 E0.03126
G1 X-5.444 Y-17.415 E0.03137
G1 X-6.052 Y-17.213 E0.03196
G1 X-6.652 Y-16.989 E0.03195
G1 X-7.26 Y-16.737 E0.03284
G1 X-7.866 Y-16.462 E0.0332
G1 X-8.506 Y-16.142 E0.0357
G1 X-9.4 Y-15.646 E0.05101
G1 X-9.4 Y-15.316 E0.01646
G1 X-9.4 Y-.592 E0.73458
G1 X9.4 Y-.592 E0.93794
G0 F12000 X9.8 Y-.192
;TYPE:WALL-OUTER
G1 F1200 X9.8 Y-15.08 E0.74277
G1 X9.8 Y-15.858 E0.03881
G1 X9.259 Y-16.181 E0.03144
G1 X8.654 Y-16.518 E0.03455
G1 X8.038 Y-16.823 E0.03429
G1 X7.416 Y-17.108 E0.03413
G1 X6.798 Y-17.361 E0.03332
G1 X6.185 Y-17.591 E0.03266
G1 X5.564 Y-17.797 E0.03264
G1 X4.947 Y-17.979 E0.03209
G1 X4.326 Y-18.137 E0.03197
G1 X3.707 Y-18.272 E0.03161
G1 X3.09 Y-18.39 E0.03134
G1 X2.422 Y-18.489 E0.03369
G1 X1.863 Y-18.552 E0.02807
G1 X1.234 Y-18.608 E0.03151
G1 X0.617 Y-18.636 E0.03081
G1 X0.00 Y-18.647 E0.03079
G1 X-.617 Y-18.636 E0.03079
G1 X-1.235 Y-18.608 E0.03086
G1 X-1.839 Y-18.557 E0.03024
G1 X-3.091 Y-18.39 E0.06302
G1 X-3.707 Y-18.272 E0.03129
G1 X-4.326 Y-18.137 E0.03161
G1 X-4.947 Y-17.979 E0.03197
G1 X-5.564 Y-17.797 E0.03209
G1 X-6.185 Y-17.591 E0.03264
G1 X-6.798 Y-17.361 E0.03266
G1 X-7.42 Y-17.104 E0.03358
G1 X-8.038 Y-16.823 E0.03387
G1 X-8.7 Y-16.492 E0.03693
G1 X-9.286 Y-16.166 E0.03346
G1 X-9.8 Y-15.858 E0.0299
G1 X-9.8 Y-15.08 E0.03881
G1 X-9.8 Y-.192 E0.74277
G1 X9.8 Y-.192 E0.97785
G0 F12000 X9.8 Y-.992
G1 F3600 E-1
G0 F12000 X9.1 Y-.992
G0 X9.02 Y-13.355
;TYPE:SKIN
;BRIDGE
M107
G1 F3600 E1
G1 F1200 X8.445 Y-13.725 E0.03752
G1 X7.813 Y-14.093 E0.04013
G1 X7.149 Y-14.442 E0.04117
G1 X6.609 Y-14.694 E0.0327
G1 X6.032 Y-14.944 E0.03451
G1 X5.415 Y-15.176 E0.03618
G1 X4.805 Y-15.381 E0.03532
G1 X4.229 Y-15.549 E0.03293
G1 X3.598 Y-15.71 E0.03574
G1 X3.072 Y-15.817 E0.02946
G1 X2.402 Y-15.93 E0.03729
G1 X1.82 Y-16.011 E0.03225
G1 X1.199 Y-16.068 E0.03422
G1 X0.605 Y-16.104 E0.03266
G1 X0.00 Y-16.117 E0.03321
G1 X-.597 Y-16.104 E0.03277
G1 X-1.197 Y-16.068 E0.03299
G1 X-1.811 Y-16.012 E0.03384
G1 X-2.396 Y-15.931 E0.03241
G1 X-3.022 Y-15.826 E0.03483
G1 X-3.6 Y-15.709 E0.03236
G1 X-4.214 Y-15.55 E0.03481
G1 X-4.811 Y-15.381 E0.03405
G1 X-5.421 Y-15.174 E0.03535
G1 X-6.007 Y-14.951 E0.03441
G1 X-6.611 Y-14.692 E0.03607
G1 X-7.229 Y-14.406 E0.03737
G1 X-7.827 Y-14.085 E0.03725
G1 X-8.417 Y-13.741 E0.03748
G1 X-9.019 Y-13.353 E0.0393
G1 X-9.02 Y-15.422 E0.11355
G1 X-8.343 Y-15.797 E0.04247
G1 X-7.752 Y-16.092 E0.03625
G1 X-7.119 Y-16.379 E0.03814
G1 X-6.525 Y-16.628 E0.03535
G1 X-5.938 Y-16.846 E0.03436
G1 X-5.34 Y-17.045 E0.03459
G1 X-4.757 Y-17.219 E0.03339
G1 X-4.16 Y-17.374 E0.03385
G1 X-3.534 Y-17.511 E0.03517
G1 X-2.935 Y-17.622 E0.03343
G1 X-1.77 Y-17.775 E0.06448
G1 X-1.162 Y-17.83 E0.0335
G1 X-.603 Y-17.856 E0.03071
G1 X-0.033 Y-17.864 E0.03128
G1 X0.576 Y-17.856 E0.03342
G1 X1.16 Y-17.829 E0.03208
G1 X2.306 Y-17.714 E0.06321
G1 X2.886 Y-17.633 E0.03214
G1 X3.536 Y-17.509 E0.03631
G1 X4.126 Y-17.38 E0.03314
G1 X4.738 Y-17.223 E0.03467
G1 X5.328 Y-17.049 E0.03376
G1 X5.925 Y-16.851 E0.03452
G1 X6.499 Y-16.637 E0.03362
G1 X7.083 Y-16.399 E0.03461
G1 X7.692 Y-16.119 E0.03678
G1 X8.286 Y-15.827 E0.03632
G1 X9.02 Y-15.411 E0.0463
G1 X9.02 Y-13.355 E0.11283
G0 F12000 X8.352 Y-14.009
G1 F1200 X8.82 Y-14.477 E0.03632
G0 F12000 X8.82 Y-15.184
G1 F1200 X7.906 Y-14.27 E0.07094
G0 F12000 X7.443 Y-14.514
G1 F1200 X8.44 Y-15.511 E0.07738
G0 F12000 X7.978 Y-15.756
G1 F1200 X6.969 Y-14.747 E0.07831
G0 F12000 X6.481 Y-14.967
G1 F1200 X7.502 Y-15.988 E0.07924
G0 F12000 X7.018 Y-16.21
G1 F1200 X5.983 Y-15.175 E0.08033
G0 F12000 X5.469 Y-15.368
G1 F1200 X6.516 Y-16.415 E0.08126
G0 F12000 X6.003 Y-16.609
G1 F1200 X4.94 Y-15.546 E0.0825
G0 F12000 X4.395 Y-15.709
G1 F1200 X5.476 Y-16.79 E0.0839
G0 F12000 X4.936 Y-16.956
G1 F1200 X3.835 Y-15.856 E0.08541
G0 F12000 X3.256 Y-15.983
G1 F1200 X4.381 Y-17.109 E0.08735
G0 F12000 X3.811 Y-17.246
G1 F1200 X2.654 Y-16.09 E0.08976
G0 F12000 X2.039 Y-16.181
G1 F1200 X3.224 Y-17.367 E0.09201
G0 F12000 X2.62 Y-17.469
G1 F1200 X1.401 Y-16.25 E0.09461
G0 F12000 X0.74 Y-16.296
G1 F1200 X1.988 Y-17.545 E0.0969
G0 F12000 X1.346 Y-17.61
G1 F1200 X0.052 Y-16.316 E0.10043
G0 F12000 X-.67 Y-16.3
G1 F1200 X0.681 Y-17.652 E0.10489
G0 F12000 X-0.013 Y-17.664
G1 F1200 X-1.43 Y-16.247 E0.10997
G1 X-1.5 Y-16.177
G0 F12000 X-2.229 Y-16.156
G1 F1200 X-.735 Y-17.65 E0.11595
G0 F12000 X-1.493 Y-17.599
G1 F1200 X-3.073 Y-16.019 E0.12263
G1 X-3.143 Y-15.949
G0 F12000 X-3.982 Y-15.817
G1 F1200 X-2.295 Y-17.504 E0.13093
G1 X-2.225 Y-17.574
G0 F12000 X-3.123 Y-17.384
G1 F1200 X-4.967 Y-15.539 E0.14315
G1 X-5.037 Y-15.469
G0 F12000 X-6.073 Y-15.14
G1 F1200 X-4.012 Y-17.201 E0.15996
G1 X-3.942 Y-17.271
G0 F12000 X-4.974 Y-16.946
G1 F1200 X-7.356 Y-14.564 E0.18487
G1 X-7.426 Y-14.494
G0 F12000 X-8.82 Y-14.515
G1 F1200 X-7.22 Y-16.114 E0.12414
G1 X-7.15 Y-16.184
G0 F12000 X-6.028 Y-16.599
G1 F1200 X-8.82 Y-13.808 E0.21665
G1 X-8.89 Y-13.738
G0 F12000 X-8.82 Y-15.222
G1 F1200 X-8.635 Y-15.406 E0.01432
G0 F12000 X-8.629 Y-15.392
G1 F3600 E-1
;MESH:NONMESH
G0 F600 X-8.629 Y-15.392 Z4.8
G0 F12000 X-5.885 Y-15.423
;TIME_ELAPSED:175.054655
;LAYER:15
M106 S255
;TYPE:FILL
;MESH:overhang.stl
G1 F3600 E1
G1 F9600 X-6.496 Y-15.177 E0.03286
G1 X-7.092 Y-14.907 E0.03264
G1 X-7.694 Y-14.606 E0.03358
G1 X-8.26 Y-14.294 E0.03224
G1 X-9.04 Y-13.82 E0.04554
G1 X-9.04 Y-6.487 E0.36584
G1 X9.039 Y-11.332 E0.93379
G1 X9.04 Y-12.731 E0.0698
G1 X6.656 Y-15.114 E0.16817
G1 X5.926 Y-15.41 E0.0393
G1 X5.329 Y-15.626 E0.03167
G1 X4.703 Y-15.825 E0.03277
G1 X4.12 Y-15.988 E0.0302
G1 X3.541 Y-16.126 E0.0297
G1 X2.979 Y-16.239 E0.0286
G1 X2.355 Y-16.342 E0.03155
G1 X1.766 Y-16.416 E0.02962
G1 X0.906 Y-16.495 E0.04309
G1 X-3.259 Y-.952 E0.8028
G1 X3.848 Y-.952 E0.35457
G1 X-9.027 Y-13.827 E0.9084
G1 X-9.097 Y-13.897
G1 F3600 E-1
G0 F12000 X9.13 Y-.862
G0 X9.4 Y-.592
;TYPE:WALL-INNER
G1 F3600 E1
G1 F3000 X9.4 Y-16.102 E0.7738
G1 X9.4 Y-16.406 E0.01517
G1 X8.454 Y-16.899 E0.05322
G1 X7.874 Y-17.178 E0.03211
G1 X7.27 Y-17.441 E0.03287
G1 X6.688 Y-17.67 E0.0312
G1 X5.994 Y-17.92 E0.0368
G1 X5.481 Y-18.085 E0.02688
G1 X4.791 Y-18.283 E0.03581
G1 X4.24 Y-18.414 E0.02826
G1 X3.631 Y-18.543 E0.03106
G1 X2.976 Y-18.663 E0.03322
G1 X2.424 Y-18.74 E0.02781
G1 X1.814 Y-18.81 E0.03063
G1 X1.209 Y-18.857 E0.03027
G1 X0.604 Y-18.888 E0.03022
G1 X0.00 Y-18.895 E0.03014
G1 X-.604 Y-18.888 E0.03014
G1 X-1.209 Y-18.857 E0.03022
G1 X-1.814 Y-18.81 E0.03027
G1 X-2.422 Y-18.741 E0.03053
G1 X-2.975 Y-18.659 E0.02789
G1 X-3.633 Y-18.543 E0.03333
G1 X-4.236 Y-18.415 E0.03075
G1 X-4.855 Y-18.258 E0.03186
G1 X-5.483 Y-18.085 E0.0325
G1 X-5.994 Y-17.919 E0.02681
G1 X-6.66 Y-17.682 E0.03527
G1 X-7.268 Y-17.442 E0.03261
G1 X-7.906 Y-17.159 E0.03482
G1 X-8.483 Y-16.883 E0.03191
G1 X-9.4 Y-16.4 E0.05171
G1 X-9.4 Y-16.102 E0.01487
G1 X-9.4 Y-.592 E0.7738
G1 X9.4 Y-.592 E0.93794
G0 F12000 X9.8 Y-.192
;TYPE:WALL-OUTER
G1 F1200 X9.8 Y-15.869 E0.78213
G1 X9.8 Y-16.623 E0.03762
G1 X9.264 Y-16.928 E0.03077
G1 X8.658 Y-17.245 E0.03412
G1 X8.04 Y-17.542 E0.03421
G1 X7.423 Y-17.811 E0.03358
G1 X6.829 Y-18.044 E0.03183
G1 X6.123 Y-18.298 E0.03743
G1 X5.597 Y-18.468 E0.02758
G1 X4.893 Y-18.67 E0.03654
G1 X4.328 Y-18.804 E0.02897
G1 X3.709 Y-18.935 E0.03157
G1 X3.04 Y-19.058 E0.03394
G1 X2.474 Y-19.137 E0.02851
G1 X1.852 Y-19.208 E0.03123
G1 X1.235 Y-19.256 E0.03088
G1 X0.617 Y-19.288 E0.03087
G1 X0.00 Y-19.295 E0.03078
G1 X-.617 Y-19.288 E0.03078
G1 X-1.235 Y-19.256 E0.03087
G1 X-1.852 Y-19.208 E0.03088
G1 X-2.474 Y-19.137 E0.03123
G1 X-3.039 Y-19.054 E0.02849
G1 X-3.709 Y-18.935 E0.03395
G1 X-4.326 Y-18.805 E0.03146
G1 X-4.961 Y-18.644 E0.03268
G1 X-5.598 Y-18.468 E0.03297
G1 X-6.123 Y-18.298 E0.02753
G1 X-6.801 Y-18.056 E0.03592
G1 X-7.422 Y-17.811 E0.03331
G1 X-8.04 Y-17.538 E0.03371
G1 X-8.662 Y-17.241 E0.03439
G1 X-9.294 Y-16.908 E0.03564
G1 X-9.8 Y-16.619 E0.02907
G1 X-9.8 Y-15.868 E0.03747
G1 X-9.8 Y-.192 E0.78208
G1 X9.8 Y-.192 E0.97785
G0 F12000 X9.8 Y-.992
G1 F3600 E-1
G0 F12000 X9.1 Y-.992
G0 X9.02 Y-14.229
;TYPE:SKIN
;BRIDGE
M107
G1 F3600 E1
G1 F1200 X8.449 Y-14.579 E0.03675
G1 X7.824 Y-14.92 E0.03907
G1 X7.234 Y-15.215 E0.0362
G1 X6.623 Y-15.491 E0.03679
G1 X6.04 Y-15.73 E0.03458
G1 X5.396 Y-15.961 E0.03755
G1 X4.818 Y-16.147 E0.03332
G1 X4.265 Y-16.3 E0.03149
G1 X3.659 Y-16.447 E0.03422
G1 X3.092 Y-16.561 E0.03174
G1 X2.406 Y-16.678 E0.03819
G1 X1.756 Y-16.755 E0.03592
G1 X1.195 Y-16.808 E0.03092
G1 X0.612 Y-16.84 E0.03204
G1 X0.001 Y-16.849 E0.03353
G1 X-.603 Y-16.84 E0.03315
G1 X-1.188 Y-16.808 E0.03215
G1 X-1.75 Y-16.76 E0.03095
G1 X-2.401 Y-16.679 E0.036
G1 X-3.033 Y-16.574 E0.03516
G1 X-3.641 Y-16.448 E0.03408
G1 X-4.199 Y-16.315 E0.03148
G1 X-4.826 Y-16.141 E0.03571
G1 X-5.409 Y-15.955 E0.03358
G1 X-5.951 Y-15.765 E0.03152
G1 X-6.628 Y-15.49 E0.0401
G1 X-7.227 Y-15.219 E0.03608
G1 X-7.815 Y-14.921 E0.03618
G1 X-8.44 Y-14.58 E0.03907
G1 X-9.019 Y-14.228 E0.03719
G1 X-9.02 Y-16.16 E0.10603
G1 X-8.352 Y-16.517 E0.04157
G1 X-7.723 Y-16.821 E0.03834
G1 X-7.135 Y-17.082 E0.03531
G1 X-6.583 Y-17.305 E0.03267
G1 X-5.401 Y-17.712 E0.06861
G1 X-4.702 Y-17.904 E0.03978
G1 X-4.151 Y-18.041 E0.03116
G1 X-3.571 Y-18.165 E0.03255
G1 X-2.622 Y-18.333 E0.05289
G1 X-1.791 Y-18.427 E0.0459
G1 X-.787 Y-18.504 E0.05526
G1 X0.59 Y-18.508 E0.07557
G1 X1.193 Y-18.474 E0.03314
G1 X1.76 Y-18.429 E0.03121
G1 X2.865 Y-18.298 E0.06107
G1 X4.145 Y-18.042 E0.07164
G1 X4.697 Y-17.914 E0.0311
G1 X5.653 Y-17.637 E0.05462
G1 X6.571 Y-17.304 E0.05359
G1 X7.11 Y-17.092 E0.03179
G1 X7.712 Y-16.83 E0.03603
G1 X8.271 Y-16.561 E0.03404
G1 X9.02 Y-16.173 E0.04629
G1 X9.02 Y-14.229 E0.10669
G0 F12000 X8.445 Y-14.809
G1 F1200 X8.82 Y-15.184 E0.0291
G0 F12000 X8.82 Y-15.891
G1 F1200 X7.987 Y-15.059 E0.06461
G0 F12000 X7.518 Y-15.296
G1 F1200 X8.46 Y-16.238 E0.07311
G0 F12000 X7.99 Y-16.475
G1 F1200 X7.037 Y-15.522 E0.07396
G0 F12000 X6.546 Y-15.738
G1 F1200 X7.508 Y-16.7 E0.07466
G0 F12000 X7.015 Y-16.915
G1 F1200 X6.042 Y-15.941 E0.07555
G0 F12000 X5.522 Y-16.128
G1 F1200 X6.508 Y-17.114 E0.07652
G0 F12000 X5.988 Y-17.302
G1 F1200 X4.988 Y-16.302 E0.07761
G0 F12000 X4.439 Y-16.459
G1 F1200 X5.463 Y-17.484 E0.07951
G0 F12000 X4.914 Y-17.642
G1 F1200 X3.873 Y-16.601 E0.08079
G0 F12000 X3.289 Y-16.724
G1 F1200 X4.351 Y-17.786 E0.08242
G0 F12000 X3.771 Y-17.913
G1 F1200 X2.69 Y-16.832 E0.0839
G0 F12000 X2.07 Y-16.919
G1 F1200 X3.184 Y-18.033 E0.08646
G0 F12000 X2.575 Y-18.131
G1 F1200 X1.43 Y-16.986 E0.08886
G0 F12000 X0.769 Y-17.032
G1 F1200 X1.943 Y-18.207 E0.09115
G0 F12000 X1.295 Y-18.266
G1 F1200 X0.077 Y-17.048 E0.09453
G0 F12000 X-.639 Y-17.038
G1 F1200 X0.629 Y-18.306 E0.09841
G0 F12000 X-0.073 Y-18.312
G1 F1200 X-1.394 Y-16.99 E0.10256
G0 F12000 X-2.186 Y-16.906
G1 F1200 X-.788 Y-18.303 E0.10846
G0 F12000 X-1.553 Y-18.246
G1 F1200 X-3.021 Y-16.778 E0.11393
G1 X-3.091 Y-16.708
G0 F12000 X-3.917 Y-16.589
G1 F1200 X-2.342 Y-18.164 E0.12224
G1 X-2.272 Y-18.234
G0 F12000 X-3.183 Y-18.031
G1 F1200 X-4.879 Y-16.334 E0.13167
G1 X-4.949 Y-16.264
G0 F12000 X-5.939 Y-15.981
G1 F1200 X-4.067 Y-17.853 E0.14529
G1 X-3.997 Y-17.923
G0 F12000 X-5.018 Y-17.61
G1 F1200 X-7.158 Y-15.469 E0.16613
G1 X-7.228 Y-15.399
G0 F12000 X-7.214 Y-16.828
G1 F1200 X-8.819 Y-15.223 E0.12457
G0 F12000 X-8.633 Y-14.701
G1 F1200 X-6.061 Y-17.274 E0.19965
G1 X-5.991 Y-17.344
G0 F12000 X-8.58 Y-16.169
G1 F1200 X-8.82 Y-15.929 E0.01863
G0 F12000 X-8.8 Y-15.929
G1 F3600 E-1
;MESH:NONMESH
G0 F600 X-8.8 Y-15.929 Z5.1
G0 F12000 X8.945 Y-.951
;TIME_ELAPSED:186.783487
;LAYER:16
M106 S255
;TYPE:FILL
;MESH:overhang.stl
G1 F3600 E1
G1 F9600 X9.04 Y-1.307 E0.01838
G1 X9.04 Y-.952 E0.01771
G1 X4.148 Y-.952 E0.24406
G1 X-9.04 Y-14.139 E0.93045
G1 X-9.04 Y-.952 E0.6579
G1 X-3.478 Y-.952 E0.27749
G1 X0.873 Y-17.189 E0.83865
G1 X1.774 Y-17.123 E0.04507
G1 X2.383 Y-17.049 E0.03061
G1 X2.957 Y-16.957 E0.029
G1 X3.542 Y-16.843 E0.02973
G1 X4.155 Y-16.703 E0.03137
G1 X4.733 Y-16.551 E0.02982
G1 X5.326 Y-16.368 E0.03096
G1 X5.901 Y-16.169 E0.03036
G1 X9.04 Y-13.031 E0.22144
G1 X9.04 Y-11.112 E0.09574
G1 X-9.039 Y-6.268 E0.93378
G1 X-9.135 Y-6.243
G1 F3600 E-1
G0 F12000 X-9.1 Y-6.243
G0 X9.13 Y-.862
G0 X9.4 Y-.592
;TYPE:WALL-INNER
G1 F3600 E1
G1 F3000 X9.4 Y-16.851 E0.81116
G1 X9.4 Y-17.111 E0.01297
G1 X8.487 Y-17.583 E0.05128
G1 X7.877 Y-17.863 E0.03349
G1 X7.274 Y-18.119 E0.03268
G1 X6.612 Y-18.374 E0.03539
G1 X5.451 Y-18.749 E0.06087
G1 X4.796 Y-18.93 E0.0339
G1 X4.244 Y-19.057 E0.02826
G1 X3.635 Y-19.182 E0.03102
G1 X2.98 Y-19.298 E0.03319
G1 X2.265 Y-19.392 E0.03598
G1 F600 X-2.263 Y-19.392 E0.14684
G1 F3000 X-2.98 Y-19.294 E0.0361
G1 X-3.636 Y-19.182 E0.0332
G1 X-4.242 Y-19.058 E0.03086
G1 X-4.796 Y-18.926 E0.02841
G1 X-5.456 Y-18.747 E0.03412
G1 X-6.09 Y-18.55 E0.03312
G1 X-7.277 Y-18.118 E0.06302
G1 X-7.908 Y-17.849 E0.03422
G1 X-8.5 Y-17.577 E0.0325
G1 X-9.4 Y-17.111 E0.05056
G1 X-9.4 Y-16.85 E0.01302
G1 X-9.4 Y-.592 E0.81111
G1 X9.4 Y-.592 E0.93794
G0 F12000 X9.8 Y-.192
;TYPE:WALL-OUTER
G1 F1200 X9.8 Y-16.624 E0.8198
G1 X9.8 Y-17.349 E0.03617
G1 X9.291 Y-17.624 E0.02886
G1 X8.661 Y-17.943 E0.03523
G1 X8.039 Y-18.229 E0.03415
G1 X7.424 Y-18.49 E0.03333
G1 X6.745 Y-18.751 E0.03629
G1 X5.566 Y-19.132 E0.06182
G1 X4.894 Y-19.318 E0.03479
G1 X4.329 Y-19.448 E0.02892
G1 X3.71 Y-19.575 E0.03153
G1 X3.041 Y-19.694 E0.0339
G1 X2.291 Y-19.792 E0.03774
G1 F600 X-2.29 Y-19.792 E0.14856
G1 F1200 X-3.041 Y-19.69 E0.03781
G1 X-3.71 Y-19.575 E0.03387
G1 X-4.328 Y-19.448 E0.03148
G1 X-4.894 Y-19.314 E0.02902
G1 X-5.568 Y-19.131 E0.03484
G1 X-6.216 Y-18.93 E0.03385
G1 X-7.425 Y-18.49 E0.06419
G1 X-8.074 Y-18.213 E0.0352
G1 X-8.68 Y-17.934 E0.03328
G1 X-9.314 Y-17.613 E0.03545
G1 X-9.8 Y-17.349 E0.02759
G1 X-9.8 Y-16.623 E0.03622
G1 X-9.8 Y-.192 E0.81975
G1 X9.8 Y-.192 E0.97785
G0 F12000 X9.8 Y-.992
G1 F3600 E-1
G0 F12000 X9.1 Y-.992
G0 X9.02 Y-15.056
;TYPE:SKIN
;BRIDGE
M107
G1 F3600 E1
G1 F1200 X8.447 Y-15.382 E0.03618
G1 X7.855 Y-15.696 E0.03678
G1 X7.192 Y-16.011 E0.04028
G1 X6.632 Y-16.252 E0.03346
G1 X6.033 Y-16.483 E0.03523
G1 X5.429 Y-16.69 E0.03504
G1 X4.832 Y-16.875 E0.0343
G1 X4.302 Y-17.015 E0.03008
G1 X3.647 Y-17.171 E0.03695
G1 X3.083 Y-17.281 E0.03154
G1 X2.42 Y-17.386 E0.03684
G1 X1.862 Y-17.459 E0.03088
G1 X1.168 Y-17.512 E0.0382
G1 X0.615 Y-17.54 E0.03039
G1 X0.004 Y-17.552 E0.03354
G1 X-.609 Y-17.54 E0.03365
G1 X-1.155 Y-17.512 E0.03
G1 X-1.851 Y-17.46 E0.0383
G1 X-2.414 Y-17.387 E0.03116
G1 X-3.024 Y-17.29 E0.0339
G1 X-3.647 Y-17.169 E0.03483
G1 X-4.238 Y-17.031 E0.03331
G1 X-4.779 Y-16.89 E0.03068
G1 X-5.427 Y-16.692 E0.03718
G1 X-6.03 Y-16.481 E0.03506
G1 X-6.627 Y-16.256 E0.03501
G1 X-7.252 Y-15.984 E0.03741
G1 X-7.834 Y-15.709 E0.03533
G1 X-8.463 Y-15.373 E0.03914
G1 X-9.02 Y-15.056 E0.03517
G1 X-9.019 Y-16.878 E0.09999
G1 X-8.35 Y-17.227 E0.04141
G1 X-7.753 Y-17.498 E0.03598
G1 X-7.062 Y-17.793 E0.04123
G1 X-5.988 Y-18.181 E0.06267
G1 X-5.361 Y-18.375 E0.03602
G1 X-4.712 Y-18.551 E0.0369
G1 X-4.17 Y-18.682 E0.0306
G1 X-3.656 Y-18.791 E0.02884
G1 X-2.884 Y-18.924 E0.04299
G1 X-2.23 Y-19.012 E0.03621
G1 X2.231 Y-19.011 E0.24482
G1 X2.869 Y-18.93 E0.03529
G1 X3.549 Y-18.809 E0.0379
G1 X4.15 Y-18.686 E0.03367
G1 X4.702 Y-18.558 E0.0311
G1 X5.37 Y-18.372 E0.03805
G1 X6.485 Y-18.011 E0.06432
G1 X7.116 Y-17.772 E0.03703
G1 X7.684 Y-17.527 E0.03395
G1 X8.317 Y-17.239 E0.03817
G1 X9.02 Y-16.881 E0.04329
G1 X9.02 Y-15.056 E0.10015
G0 F12000 X8.82 Y-16.636
G1 F1200 X8.569 Y-16.886 E0.01944
G0 F12000 X8.82 Y-15.929
G1 F1200 X7.254 Y-17.495 E0.12154
G1 X7.184 Y-17.565
G0 F12000 X6.125 Y-17.917
G1 F1200 X8.416 Y-15.626 E0.17781
G1 X8.486 Y-15.556
G0 F12000 X7.042 Y-16.292
G1 F1200 X5.094 Y-18.241 E0.15122
G1 X5.024 Y-18.311
G0 F12000 X4.146 Y-18.482
G1 F1200 X5.88 Y-16.748 E0.13458
G1 X5.95 Y-16.678
G0 F12000 X4.839 Y-17.082
G1 F1200 X3.265 Y-18.656 E0.12216
G1 X3.195 Y-18.726
G0 F12000 X2.429 Y-18.784
G1 F1200 X3.895 Y-17.318 E0.11378
G1 X3.965 Y-17.248
G0 F12000 X3.012 Y-17.495
G1 F1200 X1.695 Y-18.811 E0.10217
G0 F12000 X0.988 Y-18.811
G1 F1200 X2.179 Y-17.62 E0.09243
G0 F12000 X1.397 Y-17.695
G1 F1200 X0.281 Y-18.811 E0.08661
G0 F12000 X-.426 Y-18.811
G1 F1200 X0.646 Y-17.739 E0.0832
G0 F12000 X-0.073 Y-17.751
G1 F1200 X-1.133 Y-18.811 E0.08227
G0 F12000 X-1.841 Y-18.811
G1 F1200 X-.762 Y-17.733 E0.0837
G0 F12000 X-1.428 Y-17.692
G1 F1200 X-2.509 Y-18.772 E0.08386
G0 F12000 X-3.123 Y-18.68
G1 F1200 X-2.076 Y-17.632 E0.0813
G0 F12000 X-2.696 Y-17.545
G1 F1200 X-3.723 Y-18.572 E0.07971
G0 F12000 X-4.302 Y-18.444
G1 F1200 X-3.299 Y-17.441 E0.07784
G0 F12000 X-3.884 Y-17.319
G1 F1200 X-4.866 Y-18.301 E0.07621
G0 F12000 X-5.419 Y-18.147
G1 F1200 X-4.454 Y-17.182 E0.07489
G0 F12000 X-5.009 Y-17.03
G1 F1200 X-5.958 Y-17.979 E0.07365
G0 F12000 X-6.478 Y-17.792
G1 F1200 X-5.548 Y-16.862 E0.07218
G0 F12000 X-6.072 Y-16.679
G1 F1200 X-6.997 Y-17.603 E0.07175
G0 F12000 X-7.492 Y-17.391
G1 F1200 X-6.586 Y-16.485 E0.07032
G0 F12000 X-7.083 Y-16.275
G1 F1200 X-7.982 Y-17.174 E0.06977
G0 F12000 X-8.458 Y-16.944
G1 F1200 X-7.57 Y-16.055 E0.06896
G0 F12000 X-8.044 Y-15.822
G1 F1200 X-8.82 Y-16.598 E0.06023
G0 F12000 X-8.82 Y-15.891
G1 F1200 X-8.502 Y-15.573 E0.02468
G1 F3600 E-1
;MESH:NONMESH
G0 F600 X-8.502 Y-15.573 Z5.4
G0 F12000 X8.725 Y-.951
;TIME_ELAPSED:199.067522
;LAYER:17
M106 S255
;TYPE:FILL
;MESH:overhang.stl
G1 F3600 E1
G1 F9600 X9.04 Y-2.126 E0.06069
G1 X9.04 Y-.952 E0.05857
G1 X4.448 Y-.952 E0.2291
G1 X-9.04 Y-14.439 E0.95162
G1 X-9.04 Y-.952 E0.67287
G1 X-3.698 Y-.951 E0.26651
G1 X0.838 Y-17.879 E0.87434
G1 X1.781 Y-17.799 E0.04722
G1 X2.392 Y-17.728 E0.03069
G1 X2.953 Y-17.643 E0.02831
G1 X3.573 Y-17.528 E0.03146
G1 X4.134 Y-17.402 E0.02869
G1 X4.762 Y-17.244 E0.03231
G1 X5.281 Y-17.089 E0.02702
G1 X9.04 Y-13.33 E0.26522
G1 X9.04 Y-10.893 E0.12158
G1 X-9.039 Y-6.049 E0.93378
G1 X-9.135 Y-6.024
G1 F3600 E-1
G0 F12000 X-9.1 Y-6.024
G0 X9.13 Y-.862
G0 X9.4 Y-.592
;TYPE:WALL-INNER
G1 F3600 E1
G1 F3000 X9.4 Y-17.567 E0.84689
G1 X9.4 Y-17.8 E0.01162
G1 X8.495 Y-18.255 E0.05054
G1 X7.89 Y-18.519 E0.03293
G1 X7.233 Y-18.785 E0.03536
G1 X6.676 Y-18.994 E0.02968
G1 X6.068 Y-19.195 E0.03195
G1 X5.404 Y-19.392 E0.03455
G1 X4.576 Y-19.392 E0.04131
G1 X-4.576 Y-19.392 E0.4566
G1 X-5.408 Y-19.392 E0.04151
G1 X-6.066 Y-19.196 E0.03425
G1 X-6.663 Y-18.993 E0.03146
G1 X-7.311 Y-18.756 E0.03442
G1 X-7.916 Y-18.507 E0.03264
G1 X-8.528 Y-18.238 E0.03335
G1 X-9.4 Y-17.81 E0.04846
G1 X-9.4 Y-17.567 E0.01212
G1 X-9.4 Y-.592 E0.84689
G1 X9.4 Y-.592 E0.93794
G0 F12000 X9.8 Y-.192
;TYPE:WALL-OUTER
G1 F1200 X9.8 Y-17.35 E0.85602
G1 X9.8 Y-18.042 E0.03452
G1 X9.272 Y-18.317 E0.0297
G1 X8.663 Y-18.618 E0.03389
G1 X8.046 Y-18.887 E0.03358
G1 X7.423 Y-19.141 E0.03357
G1 X6.809 Y-19.371 E0.03271
G1 X6.188 Y-19.577 E0.03264
G1 X5.462 Y-19.792 E0.03778
G1 X4.22 Y-19.792 E0.06196
G1 X-4.22 Y-19.792 E0.42107
G1 X-5.466 Y-19.792 E0.06216
G1 X-6.187 Y-19.577 E0.03754
G1 X-6.8 Y-19.369 E0.0323
G1 X-7.455 Y-19.129 E0.0348
G1 X-8.077 Y-18.873 E0.03356
G1 X-8.704 Y-18.597 E0.03418
G1 X-9.291 Y-18.308 E0.03264
G1 X-9.8 Y-18.042 E0.02865
G1 X-9.8 Y-17.348 E0.03462
G1 X-9.8 Y-.192 E0.85592
G1 X9.8 Y-.192 E0.97785
G0 F12000 X9.8 Y-.992
G1 F3600 E-1
G0 F12000 X9.1 Y-.992
G0 X-3.186 Y-18.477
;TYPE:SKIN
;BRIDGE
M107
G1 F3600 E1
G1 F1200 X-2.486 Y-18.536 E0.05879
G1 X-1.812 Y-18.577 E0.04734
G1 X-1.224 Y-18.599 E0.03609
G1 X0.004 Y-18.619 E0.06791
G1 X1.235 Y-18.597 E0.06824
G1 X2.489 Y-18.536 E0.08389
G1 X3.189 Y-18.476 E0.05841
G1 F3600 E-1
G0 F12000 X9.02 Y-15.838
G1 F3600 E1
G1 F1200 X8.468 Y-16.14 E0.03453
G1 X7.838 Y-16.455 E0.03865
G1 X7.259 Y-16.719 E0.03492
G1 X6.653 Y-16.969 E0.03598
G1 X6.077 Y-17.18 E0.03366
G1 X5.437 Y-17.398 E0.0371
G1 X4.849 Y-17.572 E0.03365
G1 X4.221 Y-17.73 E0.03554
G1 X3.656 Y-17.856 E0.03177
G1 X3.008 Y-17.973 E0.03614
G1 X2.428 Y-18.066 E0.03224
G1 X1.766 Y-18.139 E0.03655
G1 X1.21 Y-18.188 E0.03063
G1 X0.606 Y-18.216 E0.03318
G1 X0.005 Y-18.228 E0.03299
G1 X-.605 Y-18.216 E0.03348
G1 X-1.202 Y-18.188 E0.0328
G1 X-1.816 Y-18.14 E0.0338
G1 X-2.42 Y-18.067 E0.03339
G1 X-2.956 Y-17.982 E0.02978
G1 X-3.668 Y-17.853 E0.03971
G1 X-4.216 Y-17.732 E0.0308
G1 X-4.842 Y-17.57 E0.03549
G1 X-5.428 Y-17.401 E0.03347
G1 X-6.003 Y-17.21 E0.03325
G1 X-6.638 Y-16.976 E0.03714
G1 X-7.237 Y-16.729 E0.03556
G1 X-7.864 Y-16.442 E0.03784
G1 X-8.441 Y-16.156 E0.03534
G1 X-9.02 Y-15.838 E0.03625
G1 X-9.02 Y-17.568 E0.09494
G1 X-8.379 Y-17.886 E0.03927
G1 X-7.772 Y-18.153 E0.03639
G1 X-7.222 Y-18.379 E0.03263
G1 X-5.93 Y-18.839 E0.07526
G1 X-5.35 Y-19.012 E0.03322
G1 X5.346 Y-19.011 E0.58699
G1 X5.942 Y-18.831 E0.03417
G1 X6.537 Y-18.635 E0.03438
G1 X7.124 Y-18.417 E0.03436
G1 X7.712 Y-18.177 E0.03485
G1 X8.313 Y-17.918 E0.03591
G1 X9.02 Y-17.568 E0.04329
G1 X9.02 Y-15.838 E0.09494
G0 F12000 X8.82 Y-17.343
G1 F1200 X8.62 Y-17.543 E0.01552
G0 F12000 X8.82 Y-16.636
G1 F1200 X7.343 Y-18.113 E0.11463
G1 X7.273 Y-18.183
G0 F12000 X6.999 Y-17.043
G1 F1200 X5.231 Y-18.81 E0.13718
G0 F12000 X4.524 Y-18.81
G1 F1200 X5.873 Y-17.461 E0.1047
G1 X5.943 Y-17.391
G0 F12000 X4.849 Y-17.779
G1 F1200 X3.817 Y-18.81 E0.08006
G0 F12000 X3.517 Y-18.403
G1 F1200 X3.917 Y-18.003 E0.03104
G0 F12000 X6.22 Y-18.528
G1 F1200 X8.301 Y-16.447 E0.16151
G1 X8.371 Y-16.377
G1 F3600 E-1
G0 F12000 X-3.51 Y-18.359
G1 F3600 E1
G1 F1200 X-3.963 Y-18.812 E0.03516
G0 F12000 X-4.67 Y-18.812
G1 F1200 X-3.871 Y-18.013 E0.06201
G0 F12000 X-4.444 Y-17.879
G1 F1200 X-5.364 Y-18.799 E0.0714
G0 F12000 X-5.906 Y-18.634
G1 F1200 X-5.004 Y-17.732 E0.07001
G0 F12000 X-5.551 Y-17.572
G1 F1200 X-6.428 Y-18.449 E0.06806
G0 F12000 X-6.95 Y-18.264
G1 F1200 X-6.081 Y-17.395 E0.06744
G0 F12000 X-6.598 Y-17.205
G1 F1200 X-7.459 Y-18.065 E0.06678
G0 F12000 X-7.955 Y-17.854
G1 F1200 X-7.102 Y-17.002 E0.06616
G0 F12000 X-7.594 Y-16.786
G1 F1200 X-8.44 Y-17.632 E0.06566
G0 F12000 X-8.82 Y-17.305
G1 F1200 X-8.075 Y-16.56 E0.05782
G0 F12000 X-8.548 Y-16.326
G1 F1200 X-8.82 Y-16.598 E0.02111
G0 F12000 X-8.8 Y-16.598
G1 F3600 E-1
;MESH:NONMESH
G0 F600 X-8.8 Y-16.598 Z5.7
G0 F12000 X8.506 Y-.951
;TIME_ELAPSED:210.288999
;LAYER:18
M106 S255
;TYPE:FILL
;MESH:overhang.stl
G1 F3600 E1
G1 F9600 X9.04 Y-2.945 E0.10299
G1 X9.04 Y-.952 E0.09943
G1 X4.748 Y-.952 E0.21413
G1 X-9.04 Y-14.74 E0.97282
G1 X-9.04 Y-.952 E0.68789
G1 X-3.917 Y-.951 E0.25559
G1 X0.928 Y-19.032 E0.93389
G1 X2.458 Y-19.032 E0.07633
G1 X2.4 Y-18.403 E0.03151
G1 X3.569 Y-18.191 E0.05927
G1 X4.159 Y-18.066 E0.03009
G1 X4.749 Y-17.921 E0.03031
G1 X9.04 Y-13.629 E0.30279
G1 X9.04 Y-10.673 E0.14748
G1 X-9.04 Y-5.829 E0.93383
G1 X-9.136 Y-5.804
G1 F3600 E-1
G0 F12000 X-9.1 Y-5.804
G0 X9.13 Y-.862
G0 X9.4 Y-.592
;TYPE:WALL-INNER
G1 F3600 E1
G1 F3000 X9.4 Y-18.252 E0.88106
G1 X9.4 Y-18.463 E0.01053
G1 X8.501 Y-18.896 E0.04978
G1 X7.895 Y-19.156 E0.0329
G1 X7.298 Y-19.392 E0.03203
G1 X6.751 Y-19.392 E0.02729
G1 X-6.747 Y-19.392 E0.67342
G1 X-7.301 Y-19.392 E0.02764
G1 X-7.926 Y-19.144 E0.03355
G1 X-8.525 Y-18.886 E0.03254
G1 X-9.4 Y-18.473 E0.04827
G1 X-9.4 Y-18.252 E0.01103
G1 X-9.4 Y-.592 E0.88106
G1 X9.4 Y-.592 E0.93794
G0 F12000 X9.8 Y-.192
;TYPE:WALL-OUTER
G1 F1200 X9.8 Y-18.044 E0.89064
G1 X9.8 Y-18.709 E0.03318
G1 X9.277 Y-18.973 E0.02923
G1 X8.635 Y-19.274 E0.03538
G1 X8.047 Y-19.526 E0.03192
G1 X7.374 Y-19.792 E0.0361
G1 X6.41 Y-19.792 E0.04809
G1 X-6.406 Y-19.792 E0.63939
G1 X-7.377 Y-19.792 E0.04844
G1 X-8.084 Y-19.512 E0.03794
G1 X-8.695 Y-19.248 E0.03321
G1 X-9.298 Y-18.963 E0.03327
G1 X-9.8 Y-18.709 E0.02807
G1 X-9.8 Y-18.044 E0.03318
G1 X-9.8 Y-.192 E0.89064
G1 X9.8 Y-.192 E0.97785
G0 F12000 X9.8 Y-.992
G1 F3600 E-1
G0 F12000 X9.1 Y-.992
G0 X2.767 Y-18.681
;TYPE:SKIN
G1 F3600 E1
G1 F2400 X2.796 Y-19.012 E0.01658
G1 X7.221 Y-19.011 E0.22076
G1 X7.739 Y-18.806 E0.02779
G1 X8.309 Y-18.562 E0.03093
G1 X9.02 Y-18.225 E0.03925
G1 X9.02 Y-16.583 E0.08192
G1 X8.485 Y-16.862 E0.0301
G1 X7.851 Y-17.165 E0.03506
G1 X7.274 Y-17.423 E0.03153
G1 X6.717 Y-17.639 E0.02981
G1 X6 Y-17.897 E0.03802
G1 X5.45 Y-18.075 E0.02884
G1 X4.839 Y-18.249 E0.03169
G1 X4.228 Y-18.399 E0.03139
G1 X3.662 Y-18.52 E0.02888
G1 X2.767 Y-18.681 E0.04537
G0 F12000 X3.816 Y-18.811
G1 F2400 X3.968 Y-18.66 E0.01069
G0 F12000 X4.382 Y-18.811
G1 F2400 X4.704 Y-18.489 E0.02272
G0 F12000 X4.948 Y-18.811
G1 F2400 X5.487 Y-18.272 E0.03803
G0 F12000 X5.513 Y-18.811
G1 F2400 X6.336 Y-17.989 E0.05803
G1 X6.406 Y-17.919
G0 F12000 X6.079 Y-18.811
G1 F2400 X7.239 Y-17.652 E0.08181
G1 X7.309 Y-17.582
G0 F12000 X8.272 Y-17.184
G1 F2400 X6.645 Y-18.811 E0.11479
G0 F12000 X7.229 Y-18.793
G1 F2400 X8.82 Y-17.201 E0.11229
G0 F12000 X8.82 Y-17.767
G1 F2400 X8.194 Y-18.393 E0.04417
G1 X8.124 Y-18.463
G1 F3600 E-1
G0 F12000 X-2.767 Y-18.68
G1 F3600 E1
G1 F2400 X-3.624 Y-18.525 E0.04345
G1 X-4.274 Y-18.388 E0.03314
G1 X-4.829 Y-18.251 E0.02852
G1 X-5.427 Y-18.081 E0.03102
G1 X-6.058 Y-17.879 E0.03305
G1 X-7.17 Y-17.464 E0.05922
G1 X-7.868 Y-17.16 E0.03798
G1 X-8.451 Y-16.881 E0.03225
G1 X-9.02 Y-16.583 E0.03205
G1 X-9.02 Y-18.225 E0.08192
G1 X-8.378 Y-18.532 E0.0355
G1 X-7.782 Y-18.789 E0.03238
G1 X-7.225 Y-19.012 E0.02993
G1 X-2.796 Y-19.012 E0.22096
G1 X-2.767 Y-18.68 E0.01663
G0 F12000 X-3.48 Y-18.754
G1 F2400 X-3.538 Y-18.812 E0.00409
G0 F12000 X-3.953 Y-18.661
G1 F2400 X-4.104 Y-18.812 E0.01065
G0 F12000 X-4.417 Y-18.559
G1 F2400 X-4.67 Y-18.812 E0.01785
G0 F12000 X-4.871 Y-18.447
G1 F2400 X-5.235 Y-18.812 E0.02572
G0 F12000 X-5.311 Y-18.322
G1 F2400 X-5.801 Y-18.812 E0.03457
G0 F12000 X-6.367 Y-18.812
G1 F2400 X-5.745 Y-18.19 E0.04389
G0 F12000 X-6.172 Y-18.051
G1 F2400 X-6.932 Y-18.812 E0.05366
G0 F12000 X-7.408 Y-18.722
G1 F2400 X-6.584 Y-17.898 E0.05814
G0 F12000 X-6.995 Y-17.743
G1 F2400 X-7.811 Y-18.559 E0.05757
G0 F12000 X-8.206 Y-18.388
G1 F2400 X-7.401 Y-17.583 E0.0568
G0 F12000 X-7.794 Y-17.411
G1 F2400 X-8.591 Y-18.208 E0.05623
G0 F12000 X-8.82 Y-17.871
G1 F2400 X-8.181 Y-17.232 E0.04508
G0 F12000 X-8.564 Y-17.049
G1 F2400 X-8.82 Y-17.306 E0.0181
G0 F12000 X-8.8 Y-17.306
G1 F3600 E-1
;MESH:NONMESH
G0 F600 X-8.8 Y-17.306 Z6
G0 F12000 X8.286 Y-.951
;TIME_ELAPSED:219.287644
;LAYER:19
;TYPE:FILL
;MESH:overhang.stl
G1 F3600 E1
G1 F9600 X9.04 Y-3.763 E0.14525
G1 X9.04 Y-.952 E0.14024
G1 X5.047 Y-.952 E0.19921
G1 X-9.04 Y-15.039 E0.99391
G1 X-9.04 Y-16.902 E0.09295
G1 X-8.313 Y-17.269 E0.04063
G1 X-7.739 Y-17.533 E0.03152
G1 X-7.152 Y-17.783 E0.03183
G1 X-6.539 Y-18.016 E0.03272
G1 X-5.971 Y-18.212 E0.02998
G1 X-4.981 Y-18.52 E0.05173
G1 X-5.06 Y-19.032 E0.02585
G1 X0.708 Y-19.032 E0.28777
G1 X-4.137 Y-.951 E0.93389
G1 X-9.04 Y-.952 E0.24461
G1 X-9.04 Y-5.609 E0.23234
G1 X9.039 Y-10.454 E0.93379
G1 X9.04 Y-13.929 E0.17337
G1 X3.937 Y-19.032 E0.36004
G1 X5.056 Y-19.032 E0.05583
G1 X5.156 Y-19.032
G1 F3600 E-1
G0 F12000 X9.13 Y-.862
G0 X9.4 Y-.592
;TYPE:WALL-INNER
G1 F3600 E1
G1 F3000 X9.4 Y-18.916 E0.91419
G1 X9.4 Y-19.103 E0.00933
G1 X8.815 Y-19.392 E0.03255
G1 X8.366 Y-19.392 E0.0224
G1 X-8.363 Y-19.392 E0.83461
G1 X-8.815 Y-19.392 E0.02255
G1 X-9.4 Y-19.103 E0.03255
G1 X-9.4 Y-18.916 E0.00933
G1 X-9.4 Y-.592 E0.91419
G1 X9.4 Y-.592 E0.93794
G0 F12000 X9.8 Y-.192
;TYPE:WALL-OUTER
G1 F1200 X9.8 Y-18.712 E0.92397
G1 X9.8 Y-19.351 E0.03188
G1 X8.909 Y-19.792 E0.0496
G1 X8.039 Y-19.792 E0.0434
G1 X-8.038 Y-19.792 E0.80208
G1 X-8.909 Y-19.792 E0.04345
G1 X-9.8 Y-19.351 E0.0496
G1 X-9.8 Y-18.712 E0.03188
G1 X-9.8 Y-.192 E0.92397
G1 X9.8 Y-.192 E0.97785
G0 F12000 X9.8 Y-.992
G1 F3600 E-1
G0 F12000 X9.1 Y-.992
G0 X5.357 Y-18.76
;TYPE:SKIN
G1 F3600 E1
G1 F2400 X5.396 Y-19.012 E0.01272
G1 X8.724 Y-19.012 E0.16603
G1 X9.02 Y-18.864 E0.01651
G1 X9.02 Y-17.291 E0.07848
G1 X8.484 Y-17.566 E0.03006
G1 X7.863 Y-17.847 E0.03401
G1 X7.284 Y-18.096 E0.03144
G1 X6.651 Y-18.336 E0.03377
G1 X6.058 Y-18.542 E0.03132
G1 X5.357 Y-18.76 E0.03663
G0 F12000 X7.263 Y-18.579
G1 F2069 X8.588 Y-18.58 E0.07668
G1 X8.588 Y-17.992 E0.03403
G1 X7.263 Y-18.579 E0.08387
G1 F3600 E-1
G0 F12000 X-7.241 Y-18.58
G1 F3600 E1
G1 F2077.9 X-8.051 Y-18.237 E0.05069
G1 X-8.589 Y-17.991 E0.03409
G1 X-8.589 Y-18.581 E0.034
G1 X-7.241 Y-18.58 E0.07768
G0 F12000 X-5.359 Y-18.757
G1 F2400 X-6.063 Y-18.539 E0.03677
G1 X-6.651 Y-18.333 E0.03108
G1 X-7.271 Y-18.1 E0.03304
G1 X-7.883 Y-17.841 E0.03315
G1 X-8.447 Y-17.582 E0.03096
G1 X-9.02 Y-17.294 E0.03199
G1 X-9.02 Y-18.864 E0.07833
G1 X-8.724 Y-19.012 E0.01651
G1 X-5.397 Y-19.012 E0.16598
G1 X-5.359 Y-18.757 E0.01286
G1 F3600 E-1
;MESH:NONMESH
G0 F600 X-5.359 Y-18.757 Z6.3
G0 F12000 X8.067 Y-.951
;TIME_ELAPSED:227.478718
;LAYER:20
;TYPE:FILL
;MESH:overhang.stl
G1 F3600 E1
G1 F9600 X9.04 Y-4.583 E0.18759
G1 X9.04 Y-.952 E0.18115
G1 X5.347 Y-.952 E0.18424
G1 X-9.04 Y-15.339 E1.01508
G1 X-9.04 Y-17.588 E0.1122
G1 X-8.019 Y-18.087 E0.0567
G1 X-4.491 Y-19.032 E0.18222
G1 X0.489 Y-19.032 E0.24845
G1 X-4.356 Y-.952 E0.93384
G1 X-9.04 Y-.952 E0.23369
G1 X-9.04 Y-5.39 E0.22141
G1 X9.039 Y-10.234 E0.93378
G1 X9.04 Y-14.229 E0.19931
G1 X4.238 Y-19.032 E0.33884
G1 X6.83 Y-19.032 E0.12932
G1 X6.93 Y-19.032
G1 F3600 E-1
G0 F12000 X9.13 Y-.862
G0 X9.4 Y-.592
;TYPE:WALL-INNER
G1 F3600 E1
G1 F3000 X9.4 Y-19.392 E0.93794
G1 X-9.4 Y-19.392 E0.93794
G1 X-9.4 Y-.592 E0.93794
G1 X9.4 Y-.592 E0.93794
G0 F12000 X9.8 Y-.192
;TYPE:WALL-OUTER
G1 F1200 X9.8 Y-19.792 E0.97785
G1 X-9.8 Y-19.792 E0.97785
G1 X-9.8 Y-.192 E0.97785
G1 X9.8 Y-.192 E0.97785
G0 F12000 X9.8 Y-.992
G1 F3600 E-1
G0 F12000 X9.1 Y-.992
G0 X7.13 Y-18.811
;TYPE:SKIN
G1 F3600 E1
G1 F2400 X7.172 Y-19.012 E0.01024
G1 X9.02 Y-19.012 E0.0922
G1 X9.02 Y-17.977 E0.05164
G1 X8.52 Y-18.22 E0.02774
G1 X7.874 Y-18.507 E0.03527
G1 X7.13 Y-18.811 E0.0401
G0 F12000 X8.67 Y-18.612
G1 F2400 X8.595 Y-18.569 E0.00431
G1 X8.595 Y-18.655 E0.00429
G1 X8.67 Y-18.612 E0.00431
G1 F3600 E-1
G0 F12000 X-8.57 Y-18.61
G1 F3600 E1
G1 F2412.1 X-8.643 Y-18.568 E0.00418
G1 X-8.644 Y-18.652 E0.00417
G1 X-8.57 Y-18.61 E0.00422
G0 F12000 X-7.129 Y-18.811
G1 F2400 X-7.876 Y-18.506 E0.04025
G1 X-8.478 Y-18.239 E0.03286
G1 X-9.02 Y-17.973 E0.03012
G1 X-9.019 Y-19.011 E0.05179
G1 X-7.171 Y-19.012 E0.0922
G1 X-7.129 Y-18.811 E0.01024
G0 F12000 X-7.129 Y-18.792
G1 F3600 E-1
;MESH:NONMESH
G0 F600 X-7.129 Y-18.792 Z6.6
G0 F12000 X7.848 Y-.951
;TIME_ELAPSED:235.320282
;LAYER:21
;TYPE:FILL
;MESH:overhang.stl
G1 F3600 E1
G1 F9600 X9.04 Y-5.401 E0.22984
G1 X9.04 Y-.952 E0.22196
G1 X5.647 Y-.952 E0.16928
G1 X-9.04 Y-15.639 E1.03625
G1 X-9.04 Y-17.594 E0.09754
G1 X-3.672 Y-19.032 E0.27725
G1 X0.269 Y-19.033 E0.19662
G1 X-4.576 Y-.952 E0.93389
G1 X-9.04 Y-.952 E0.22271
G1 X-9.039 Y-5.171 E0.21049
G1 X9.039 Y-10.015 E0.93373
G1 X9.04 Y-14.529 E0.2252
G1 X4.538 Y-19.032 E0.31768
G1 X9.04 Y-19.032 E0.22461
G1 X9.14 Y-19.032
G1 F3600 E-1
G0 F12000 X9.1 Y-19.032
G0 X9.13 Y-.862
G0 X9.4 Y-.592
;TYPE:WALL-INNER
G1 F3600 E1
G1 F3000 X9.4 Y-19.392 E0.93794
G1 X-9.4 Y-19.392 E0.93794
G1 X-9.4 Y-.592 E0.93794
G1 X9.4 Y-.592 E0.93794
G0 F12000 X9.8 Y-.192
;TYPE:WALL-OUTER
G1 F1200 X9.8 Y-19.792 E0.97785
G1 X-9.8 Y-19.792 E0.97785
G1 X-9.8 Y-.192 E0.97785
G1 X9.8 Y-.192 E0.97785
G0 F12000 X9.8 Y-.992
G0 X8.8 Y-1.192
G1 F3600 E-1
;MESH:NONMESH
G0 F600 X8.8 Y-1.192 Z6.9
G0 F12000 X7.627 Y-.951
;TIME_ELAPSED:242.285198
;LAYER:22
;TYPE:FILL
;MESH:overhang.stl
G1 F3600 E1
G1 F9600 X9.04 Y-6.224 E0.27235
G1 X9.04 Y-.952 E0.26302
G1 X5.948 Y-.952 E0.15426
G1 X-9.04 Y-15.94 E1.05748
G1 X-9.04 Y-17.373 E0.07149
G1 X-2.849 Y-19.032 E0.31977
G1 X0.049 Y-19.033 E0.14458
G1 X-4.796 Y-.952 E0.93389
G1 X-9.04 Y-.952 E0.21173
G1 X-9.04 Y-4.95 E0.19946
G1 X9.039 Y-9.794 E0.93378
G1 X9.04 Y-14.83 E0.25125
G1 X4.839 Y-19.032 E0.29644
G1 X9.04 Y-19.032 E0.20959
G1 X9.14 Y-19.032
G1 F3600 E-1
G0 F12000 X9.1 Y-19.032
G0 X9.13 Y-.862
G0 X9.4 Y-.592
;TYPE:WALL-INNER
G1 F3600 E1
G1 F3000 X9.4 Y-19.392 E0.93794
G1 X-9.4 Y-19.392 E0.93794
G1 X-9.4 Y-.592 E0.93794
G1 X9.4 Y-.592 E0.93794
G0 F12000 X9.8 Y-.192
;TYPE:WALL-OUTER
G1 F1200 X9.8 Y-19.792 E0.97785
G1 X-9.8 Y-19.792 E0.97785
G1 X-9.8 Y-.192 E0.97785
G1 X9.8 Y-.192 E0.97785
G0 F12000 X9.8 Y-.992
G0 X8.8 Y-1.192
G1 F3600 E-1
;MESH:NONMESH
G0 F600 X8.8 Y-1.192 Z7.2
G0 F12000 X7.408 Y-.951
;TIME_ELAPSED:249.251538
;LAYER:23
;TYPE:FILL
;MESH:overhang.stl
G1 F3600 E1
G1 F9600 X9.04 Y-7.043 E0.31465
G1 X9.04 Y-.952 E0.30388
G1 X6.248 Y-.952 E0.13929
G1 X-9.04 Y-16.24 E1.07865
G1 X-9.04 Y-17.154 E0.0456
G1 X-2.03 Y-19.032 E0.36206
G1 X-.171 Y-19.033 E0.09275
G1 X-5.016 Y-.952 E0.93389
G1 X-9.04 Y-.952 E0.20076
G1 X-9.039 Y-4.731 E0.18854
G1 X9.04 Y-9.575 E0.93378
G1 X9.04 Y-15.13 E0.27714
G1 X5.139 Y-19.032 E0.27527
G1 X9.04 Y-19.032 E0.19462
G1 X9.14 Y-19.032
G1 F3600 E-1
G0 F12000 X9.1 Y-19.032
G0 X9.13 Y-.862
G0 X9.4 Y-.592
;TYPE:WALL-INNER
G1 F3600 E1
G1 F3000 X9.4 Y-19.392 E0.93794
G1 X-9.4 Y-19.392 E0.93794
G1 X-9.4 Y-.592 E0.93794
G1 X9.4 Y-.592 E0.93794
G0 F12000 X9.8 Y-.192
;TYPE:WALL-OUTER
G1 F1200 X9.8 Y-19.792 E0.97785
G1 X-9.8 Y-19.792 E0.97785
G1 X-9.8 Y-.192 E0.97785
G1 X9.8 Y-.192 E0.97785
G0 F12000 X9.8 Y-.992
G0 X8.8 Y-1.192
G1 F3600 E-1
;MESH:NONMESH
G0 F600 X8.8 Y-1.192 Z7.5
G0 F12000 X7.188 Y-.951
;TIME_ELAPSED:256.215220
;LAYER:24
;TYPE:FILL
;MESH:overhang.stl
G1 F3600 E1
G1 F9600 X9.04 Y-7.862 E0.35696
G1 X9.04 Y-.952 E0.34474
G1 X6.548 Y-.952 E0.12433
G1 X-9.04 Y-16.54 E1.09982
G1 X-9.039 Y-16.935 E0.01971
G1 X-1.211 Y-19.032 E0.40431
G1 X-.39 Y-19.033 E0.04096
G1 X-5.235 Y-.951 E0.93394
G1 X-9.04 Y-.952 E0.18983
G1 X-9.04 Y-4.511 E0.17756
G1 X9.04 Y-9.355 E0.93383
G1 X9.04 Y-15.43 E0.30308
G1 X5.438 Y-19.032 E0.25414
G1 X9.04 Y-19.032 E0.1797
G1 X9.14 Y-19.032
G1 F3600 E-1
G0 F12000 X9.1 Y-19.032
G0 X9.13 Y-.862
G0 X9.4 Y-.592
;TYPE:WALL-INNER
G1 F3600 E1
G1 F3000 X9.4 Y-19.392 E0.93794
G1 X-9.4 Y-19.392 E0.93794
G1 X-9.4 Y-.592 E0.93794
G1 X9.4 Y-.592 E0.93794
G0 F12000 X9.8 Y-.192
;TYPE:WALL-OUTER
G1 F1200 X9.8 Y-19.792 E0.97785
G1 X-9.8 Y-19.792 E0.97785
G1 X-9.8 Y-.192 E0.97785
G1 X9.8 Y-.192 E0.97785
G0 F12000 X9.8 Y-.992
G0 X8.8 Y-1.192
G1 F3600 E-1
;MESH:NONMESH
G0 F600 X8.8 Y-1.192 Z7.8
G0 F12000 X6.969 Y-.951
;TIME_ELAPSED:263.170684
;LAYER:25
;TYPE:FILL
;MESH:overhang.stl
G1 F3600 E1
G1 F9600 X9.04 Y-8.681 E0.39925
G1 X9.04 Y-.952 E0.3856
G1 X6.848 Y-.952 E0.10936
G1 X-9.038 Y-16.588 E1.11206
G1 X-9.039 Y-16.715 E0.00634
G1 X-.808 Y-19.032 E0.42661
G1 X-.61 Y-19.032 E0.00988
G1 X-5.455 Y-.951 E0.93389
G1 X-9.04 Y-.952 E0.17886
G1 X-9.04 Y-4.292 E0.16663
G1 X9.039 Y-9.136 E0.93378
G1 X9.04 Y-15.73 E0.32898
G1 X5.738 Y-19.032 E0.23297
G1 X9.04 Y-19.032 E0.16474
G1 X9.14 Y-19.032
G1 F3600 E-1
G0 F12000 X9.1 Y-19.032
G0 X9.13 Y-.862
G0 X9.4 Y-.592
;TYPE:WALL-INNER
G1 F3600 E1
G1 F3000 X9.4 Y-19.392 E0.93794
G1 X-9.4 Y-19.392 E0.93794
G1 X-9.4 Y-.592 E0.93794
G1 X9.4 Y-.592 E0.93794
G0 F12000 X9.8 Y-.192
;TYPE:WALL-OUTER
G1 F1200 X9.8 Y-19.792 E0.97785
G1 X-9.8 Y-19.792 E0.97785
G1 X-9.8 Y-.192 E0.97785
G1 X9.8 Y-.192 E0.97785
G0 F12000 X9.8 Y-.992
G0 X8.8 Y-1.192
G1 F3600 E-1
;MESH:NONMESH
G0 F600 X8.8 Y-1.192 Z8.1
G0 F12000 X6.038 Y-19.032
;TIME_ELAPSED:270.217516
;LAYER:26
;TYPE:FILL
;MESH:overhang.stl
G1 F3600 E1
G1 F9600 X9.04 Y-16.029 E0.21184
G1 X9.04 Y-9.501 E0.32568
G1 X6.749 Y-.952 E0.44156
G1 X-5.674 Y-.952 E0.61979
G1 X-.829 Y-19.032 E0.93384
G1 X-9.04 Y-19.032 E0.40965
G1 X-9.04 Y-17.14 E0.09439
G1 X7.147 Y-.952 E1.14212
G1 X9.04 Y-.952 E0.09444
G1 X9.039 Y-8.916 E0.39733
G1 X-9.04 Y-4.072 E0.93378
G1 X-9.039 Y-16.496 E0.61984
G1 X0.428 Y-19.032 E0.48896
G1 X9.04 Y-19.032 E0.42965
G1 X9.14 Y-19.032
G1 F3600 E-1
G0 F12000 X9.1 Y-19.032
G0 X9.13 Y-.862
G0 X9.4 Y-.592
;TYPE:WALL-INNER
G1 F3600 E1
G1 F3000 X9.4 Y-19.392 E0.93794
G1 X-9.4 Y-19.392 E0.93794
G1 X-9.4 Y-.592 E0.93794
G1 X9.4 Y-.592 E0.93794
G0 F12000 X9.8 Y-.192
;TYPE:WALL-OUTER
G1 F1200 X9.8 Y-19.792 E0.97785
G1 X-9.8 Y-19.792 E0.97785
G1 X-9.8 Y-.192 E0.97785
G1 X9.8 Y-.192 E0.97785
G0 F12000 X9.8 Y-.992
G0 X8.8 Y-1.192
G1 F3600 E-1
;MESH:NONMESH
G0 F600 X8.8 Y-1.192 Z8.4
G0 F12000 X6.338 Y-19.032
;TIME_ELAPSED:277.497734
;LAYER:27
;TYPE:FILL
;MESH:overhang.stl
G1 F3600 E1
G1 F9600 X9.04 Y-16.329 E0.19068
G1 X9.04 Y-10.32 E0.29979
G1 X6.53 Y-.951 E0.4839
G1 X-5.893 Y-.952 E0.61979
G1 X-1.049 Y-19.033 E0.93388
G1 X-9.04 Y-19.032 E0.39867
G1 X-9.04 Y-17.439 E0.07948
G1 X7.447 Y-.952 E1.16325
G1 X9.04 Y-.952 E0.07948
G1 X9.039 Y-8.697 E0.3864
G1 X-9.04 Y-3.853 E0.93378
G1 X-9.04 Y-16.276 E0.61979
G1 X1.247 Y-19.032 E0.53132
G1 X9.04 Y-19.032 E0.38879
G1 X9.14 Y-19.032
G1 F3600 E-1
G0 F12000 X9.1 Y-19.032
G0 X9.13 Y-.862
G0 X9.4 Y-.592
;TYPE:WALL-INNER
G1 F3600 E1
G1 F3000 X9.4 Y-19.392 E0.93794
G1 X-9.4 Y-19.392 E0.93794
G1 X-9.4 Y-.592 E0.93794
G1 X9.4 Y-.592 E0.93794
G0 F12000 X9.8 Y-.192
;TYPE:WALL-OUTER
G1 F1200 X9.8 Y-19.792 E0.97785
G1 X-9.8 Y-19.792 E0.97785
G1 X-9.8 Y-.192 E0.97785
G1 X9.8 Y-.192 E0.97785
G0 F12000 X9.8 Y-.992
G0 X8.8 Y-1.192
G1 F3600 E-1
;MESH:NONMESH
G0 F600 X8.8 Y-1.192 Z8.7
G0 F12000 X6.638 Y-19.032
;TIME_ELAPSED:284.769648
;LAYER:28
;TYPE:FILL
;MESH:overhang.stl
G1 F3600 E1
G1 F9600 X9.04 Y-16.629 E0.16951
G1 X9.04 Y-11.139 E0.2739
G1 X6.31 Y-.951 E0.52621
G1 X-6.113 Y-.952 E0.61979
G1 X-1.268 Y-19.033 E0.93389
G1 X-9.04 Y-19.032 E0.38775
G1 X-9.04 Y-17.739 E0.06451
G1 X7.747 Y-.952 E1.18441
G1 X9.04 Y-.952 E0.06451
G1 X9.039 Y-8.477 E0.37542
G1 X-9.039 Y-3.633 E0.93373
G1 X-9.04 Y-16.056 E0.61979
G1 X2.066 Y-19.032 E0.57363
G1 X9.04 Y-19.032 E0.34793
G1 X9.14 Y-19.032
G1 F3600 E-1
G0 F12000 X9.1 Y-19.032
G0 X9.13 Y-.862
G0 X9.4 Y-.592
;TYPE:WALL-INNER
G1 F3600 E1
G1 F3000 X9.4 Y-19.392 E0.93794
G1 X-9.4 Y-19.392 E0.93794
G1 X-9.4 Y-.592 E0.93794
G1 X9.4 Y-.592 E0.93794
G0 F12000 X9.8 Y-.192
;TYPE:WALL-OUTER
G1 F1200 X9.8 Y-19.792 E0.97785
G1 X-9.8 Y-19.792 E0.97785
G1 X-9.8 Y-.192 E0.97785
G1 X9.8 Y-.192 E0.97785
G0 F12000 X9.8 Y-.992
G0 X8.8 Y-1.192
G1 F3600 E-1
;MESH:NONMESH
G0 F600 X8.8 Y-1.192 Z9
G0 F12000 X-9.04 Y-1.068
;TIME_ELAPSED:292.031960
;LAYER:29
;TYPE:FILL
;MESH:overhang.stl
G1 F3600 E1
G1 F9600 X-8.924 Y-.952 E0.00818
G1 X-9.04 Y-.952 E0.00579
G1 X-9.04 Y-3.414 E0.12283
G1 X9.04 Y-8.258 E0.93383
G1 X9.04 Y-.952 E0.3645
G1 X8.047 Y-.952 E0.04954
G1 X-7.059 Y-16.058 E1.06581
G1 X-9.039 Y-16.589 E0.10227
G1 X-9.04 Y-16.946 E0.01781
G1 X-6.97 Y-16.391 E0.10692
G1 X-2.009 Y-18.176 E0.26304
G1 X-1.074 Y-19.033 E0.06328
G1 X-.577 Y-19.033 E0.0248
G1 X-1.784 Y-17.927 E0.08168
G1 X-6.333 Y-.951 E0.87682
G1 X6.091 Y-.951 E0.61984
G1 X9.04 Y-11.958 E0.56851
G1 X9.04 Y-16.929 E0.248
G1 X6.937 Y-19.032 E0.14838
G1 X9.04 Y-19.032 E0.10492
G1 X9.14 Y-19.032
G1 F3600 E-1
G0 F12000 X9.1 Y-19.032
G0 X9.13 Y-.862
G0 X9.4 Y-.592
;TYPE:WALL-INNER
G1 F3600 E1
G1 F3000 X9.4 Y-19.392 E0.93794
G1 X-9.4 Y-19.392 E0.93794
G1 X-9.4 Y-.592 E0.93794
G1 X9.4 Y-.592 E0.93794
G0 F12000 X9.8 Y-.192
;TYPE:WALL-OUTER
G1 F1200 X9.8 Y-19.792 E0.97785
G1 X-9.8 Y-19.792 E0.97785
G1 X-9.8 Y-.192 E0.97785
G1 X9.8 Y-.192 E0.97785
G0 F12000 X9.8 Y-.992
G0 X8.8 Y-1.192
G1 F3600 E-1
;MESH:NONMESH
G0 F600 X8.8 Y-1.192 Z9.3
G0 F12000 X-9.04 Y-1.37
;TIME_ELAPSED:299.180911
;LAYER:30
;TYPE:FILL
;MESH:overhang.stl
G1 F3600 E1
G1 F9600 X-8.622 Y-.952 E0.02949
G1 X-9.04 Y-.952 E0.02085
G1 X-9.039 Y-3.193 E0.1118
G1 X9.04 Y-8.038 E0.93379
G1 X9.04 Y-.952 E0.35352
G1 X8.348 Y-.952 E0.03452
G1 X-6.648 Y-15.948 E1.05805
G1 X-9.04 Y-16.589 E0.12355
G1 X-9.04 Y-16.946 E0.01781
G1 X-6.558 Y-16.281 E0.12819
G1 X-2.261 Y-18.055 E0.23193
G1 X-1.18 Y-19.033 E0.07273
G1 X-.682 Y-19.033 E0.02485
G1 X-2.036 Y-17.808 E0.09109
G1 X-6.553 Y-.951 E0.87067
G1 X5.87 Y-.951 E0.61979
G1 X9.04 Y-12.781 E0.61102
G1 X9.04 Y-17.23 E0.22196
G1 X7.239 Y-19.032 E0.12711
G1 X9.04 Y-19.032 E0.08985
G1 X9.14 Y-19.032
G1 F3600 E-1
G0 F12000 X9.1 Y-19.032
G0 X9.13 Y-.862
G0 X9.4 Y-.592
;TYPE:WALL-INNER
G1 F3600 E1
G1 F3000 X9.4 Y-19.392 E0.93794
G1 X-9.4 Y-19.392 E0.93794
G1 X-9.4 Y-.592 E0.93794
G1 X9.4 Y-.592 E0.93794
G0 F12000 X9.8 Y-.192
;TYPE:WALL-OUTER
G1 F1200 X9.8 Y-19.792 E0.97785
G1 X-9.8 Y-19.792 E0.97785
G1 X-9.8 Y-.192 E0.97785
G1 X9.8 Y-.192 E0.97785
G0 F12000 X9.8 Y-.992
G0 X8.8 Y-1.192
G1 F3600 E-1
;MESH:NONMESH
G0 F600 X8.8 Y-1.192 Z9.6
G0 F12000 X-9.04 Y-1.669
;TIME_ELAPSED:306.341546
;LAYER:31
;TYPE:FILL
;MESH:overhang.stl
G1 F3600 E1
G1 F9600 X-8.323 Y-.952 E0.05059
G1 X-9.04 Y-.952 E0.03577
G1 X-9.04 Y-2.974 E0.10088
G1 X9.04 Y-7.818 E0.93383
G1 X9.04 Y-.952 E0.34255
G1 X8.648 Y-.952 E0.01956
G1 X-6.238 Y-15.838 E1.05029
G1 X-9.039 Y-16.588 E0.14467
G1 X-9.039 Y-16.946 E0.01786
G1 X-6.149 Y-16.171 E0.14928
G1 X4.527 Y-19.032 E0.55142
G1 X-1.928 Y-19.032 E0.32204
G1 X-6.773 Y-.951 E0.93389
G1 X5.651 Y-.951 E0.61984
G1 X9.04 Y-13.6 E0.65332
G1 X9.04 Y-17.53 E0.19607
G1 X7.538 Y-19.032 E0.10597
G1 X9.04 Y-19.032 E0.07494
G1 X9.14 Y-19.032
G1 F3600 E-1
G0 F12000 X9.1 Y-19.032
G0 X9.13 Y-.862
G0 X9.4 Y-.592
;TYPE:WALL-INNER
G1 F3600 E1
G1 F3000 X9.4 Y-19.392 E0.93794
G1 X-9.4 Y-19.392 E0.93794
G1 X-9.4 Y-.592 E0.93794
G1 X9.4 Y-.592 E0.93794
G0 F12000 X9.8 Y-.192
;TYPE:WALL-OUTER
G1 F1200 X9.8 Y-19.792 E0.97785
G1 X-9.8 Y-19.792 E0.97785
G1 X-9.8 Y-.192 E0.97785
G1 X9.8 Y-.192 E0.97785
G0 F12000 X9.8 Y-.992
G0 X8.8 Y-1.192
G1 F3600 E-1
;MESH:NONMESH
G0 F600 X8.8 Y-1.192 Z9.9
G0 F12000 X-9.04 Y-1.969
;TIME_ELAPSED:313.568639
;LAYER:32
;TYPE:FILL
;MESH:overhang.stl
G1 F3600 E1
G1 F9600 X-8.023 Y-.952 E0.07175
G1 X-9.04 Y-.952 E0.05074
G1 X-9.04 Y-2.754 E0.0899
G1 X9.039 Y-7.598 E0.93378
G1 X9.04 Y-.952 E0.33157
G1 X8.948 Y-.952 E0.00459
G1 X-5.829 Y-15.729 E1.0426
G1 X-9.039 Y-16.589 E0.1658
G1 X-9.039 Y-16.947 E0.01786
G1 X-5.739 Y-16.062 E0.17046
G1 X5.346 Y-19.032 E0.57254
G1 X-2.147 Y-19.032 E0.37383
G1 X-6.992 Y-.951 E0.93389
G1 X5.431 Y-.952 E0.61979
G1 X9.04 Y-14.419 E0.69558
G1 X9.04 Y-17.83 E0.17018
G1 X7.838 Y-19.032 E0.08481
G1 X9.04 Y-19.032 E0.05997
G1 X9.14 Y-19.032
G1 F3600 E-1
G0 F12000 X9.1 Y-19.032
G0 X9.13 Y-.862
G0 X9.4 Y-.592
;TYPE:WALL-INNER
G1 F3600 E1
G1 F3000 X9.4 Y-19.392 E0.93794
G1 X-9.4 Y-19.392 E0.93794
G1 X-9.4 Y-.592 E0.93794
G1 X9.4 Y-.592 E0.93794
G0 F12000 X9.8 Y-.192
;TYPE:WALL-OUTER
G1 F1200 X9.8 Y-19.792 E0.97785
G1 X-9.8 Y-19.792 E0.97785
G1 X-9.8 Y-.192 E0.97785
G1 X9.8 Y-.192 E0.97785
G0 F12000 X9.8 Y-.992
G0 X8.8 Y-1.192
G1 F3600 E-1
;MESH:NONMESH
G0 F600 X8.8 Y-1.192 Z10.2
G0 F12000 X-9.04 Y-2.269
;TIME_ELAPSED:320.802968
;LAYER:33
;TYPE:FILL
;MESH:overhang.stl
G1 F3600 E1
G1 F9600 X-7.723 Y-.952 E0.09292
G1 X-9.04 Y-.952 E0.06571
G1 X-9.04 Y-2.535 E0.07898
G1 X9.039 Y-7.379 E0.93378
G1 X9.04 Y-1.159 E0.31032
G1 X-8.832 Y-19.032 E1.261
G1 X-9.04 Y-19.032 E0.01038
G1 X-9.039 Y-14.958 E0.20325
G1 X6.166 Y-19.032 E0.78534
G1 X-2.367 Y-19.033 E0.42571
G1 X-7.211 Y-.952 E0.93388
G1 X5.212 Y-.951 E0.61979
G1 X9.04 Y-15.238 E0.73792
G1 X9.04 Y-18.13 E0.14428
G1 X8.138 Y-19.032 E0.06364
G1 X9.04 Y-19.032 E0.045
G1 X9.14 Y-19.032
G1 F3600 E-1
G0 F12000 X9.1 Y-19.032
G0 X9.13 Y-.862
G0 X9.4 Y-.592
;TYPE:WALL-INNER
G1 F3600 E1
G1 F3000 X9.4 Y-19.392 E0.93794
G1 X-9.4 Y-19.392 E0.93794
G1 X-9.4 Y-.592 E0.93794
G1 X9.4 Y-.592 E0.93794
G0 F12000 X9.8 Y-.192
;TYPE:WALL-OUTER
G1 F1200 X9.8 Y-19.792 E0.97785
G1 X-9.8 Y-19.792 E0.97785
G1 X-9.8 Y-.192 E0.97785
G1 X9.8 Y-.192 E0.97785
G0 F12000 X9.8 Y-.992
G0 X8.8 Y-1.192
G1 F3600 E-1
;MESH:NONMESH
G0 F600 X8.8 Y-1.192 Z10.5
G0 F12000 X-2.586 Y-19.033
;TIME_ELAPSED:328.076969
;LAYER:34
;TYPE:FILL
;MESH:overhang.stl
G1 F3600 E1
G1 F9600 X-7.431 Y-.95 E0.93399
G1 X-9.04 Y-.953 E0.08027
G1 X-9.039 Y-2.315 E0.06795
G1 X4.21 Y-5.866 E0.68432
G1 X9.04 Y-4.571 E0.24948
G1 X9.04 Y-4.929 E0.01786
G1 X4.3 Y-6.199 E0.24482
G1 X-8.533 Y-19.032 E0.90544
G1 X6.985 Y-19.032 E0.7742
G1 X-9.04 Y-14.739 E0.82768
G1 X-9.04 Y-2.569 E0.60716
G1 X-7.422 Y-.95 E0.11419
G1 X-4.342 Y-.945 E0.15366
G1 X-4.342 Y-.952 E0.00035
G1 X4.347 Y-.952 E0.4335
G1 X4.347 Y-.945 E0.00035
G1 X4.991 Y-.946 E0.03213
G1 X9.04 Y-16.056 E0.78044
G1 X9.04 Y-18.429 E0.11839
G1 X8.438 Y-19.032 E0.04251
G1 X9.04 Y-19.032 E0.03003
G1 X9.14 Y-19.032
G1 F3600 E-1
G0 F12000 X9.1 Y-19.032
G0 X-3.259 Y-.436
G0 X-3.695 Y-.408
;TYPE:WALL-INNER
G1 F3600 E1
G1 F3000 X-3.578 Y-.192 E0.01226
G1 X-3.534 Y-.111 E0.0046
G1 X-3.481 Y0.655 E0.03831
G1 X-3.278 Y1.333 E0.03531
G1 X-2.989 Y1.869 E0.03038
G1 X-2.642 Y2.355 E0.02979
G1 X-2.179 Y2.79 E0.03169
G1 X-1.598 Y3.153 E0.03418
G1 X-1.064 Y3.378 E0.02891
G1 X-.533 Y3.497 E0.02715
G1 X0.00 Y3.541 E0.02668
G1 X0.532 Y3.497 E0.02663
G1 X1.06 Y3.378 E0.027
G1 X1.598 Y3.153 E0.02909
G1 X2.14 Y2.812 E0.03195
G1 X2.633 Y2.366 E0.03317
G1 X3.11 Y1.7 E0.04087
G1 X3.366 Y1.064 E0.0342
G1 X3.492 Y0.54 E0.02689
G1 X3.538 Y-.103 E0.03216
G1 X3.574 Y-.192 E0.00479
G1 X3.618 Y-.303 E0.00596
G1 X3.768 Y-.47 E0.0112
G1 X4.054 Y-.588 E0.01544
G1 X9.4 Y-.592 E0.26671
G1 X9.4 Y-19.392 E0.93794
G1 X-9.4 Y-19.392 E0.93794
G1 X-9.4 Y-.592 E0.93794
G1 X-4.051 Y-.588 E0.26686
G1 X-3.862 Y-.531 E0.00985
G1 X-3.695 Y-.408 E0.01035
G1 F3600 E-1
G0 F12000 X-3.259 Y-.436
G0 X9.53 Y-.462
G0 X9.8 Y-.192
;TYPE:WALL-OUTER
G1 F3600 E1
G1 F1200 X9.8 Y-19.792 E0.97785
G1 X-9.8 Y-19.792 E0.97785
G1 X-9.8 Y-.192 E0.97785
G1 X-4.346 Y-.191 E0.2721
G1 X-4.102 Y-.191 E0.01217
G1 X-3.97 Y-.116 E0.00757
G1 X-3.928 Y-0.006 E0.00587
G1 X-3.877 Y0.727 E0.03666
G1 X-3.65 Y1.487 E0.03957
G1 X-3.329 Y2.081 E0.03369
G1 X-2.944 Y2.619 E0.03301
G1 X-2.425 Y3.108 E0.03558
G1 X-1.783 Y3.509 E0.03776
G1 X-1.186 Y3.76 E0.03231
G1 X-.593 Y3.893 E0.03032
G1 X0.00 Y3.943 E0.02969
G1 X0.593 Y3.893 E0.02969
G1 X1.182 Y3.76 E0.03013
G1 X1.783 Y3.509 E0.03249
G1 X2.382 Y3.132 E0.03531
G1 X2.933 Y2.634 E0.03705
G1 X3.463 Y1.894 E0.04541
G1 X3.748 Y1.186 E0.03808
G1 X3.889 Y0.601 E0.03002
G1 X3.937 Y-0.041 E0.03212
G1 X4.02 Y-.159 E0.0072
G1 X4.106 Y-.191 E0.00458
G1 X4.345 Y-.191 E0.01192
G1 X9.8 Y-.192 E0.27215
G0 F12000 X9.8 Y-.992
G1 F3600 E-1
G0 F12000 X9.1 Y-.992
G0 X3.358 Y-.821
G0 X3.393 Y-.611
;TYPE:SKIN
;BRIDGE
G1 F3600 E1
G1 F1200 X3.221 Y-.357 E0.01148
G1 X3.173 Y-.192 E0.00643
G1 X3.16 Y-.148 E0.00172
G1 X3.113 Y0.473 E0.0233
G1 X3 Y0.947 E0.01823
G1 X2.771 Y1.514 E0.02288
G1 X2.341 Y2.114 E0.02762
G1 X1.914 Y2.503 E0.02161
G1 X1.423 Y2.809 E0.02165
G1 X0.938 Y3.012 E0.01967
G1 X0.473 Y3.118 E0.01785
G1 X0.00 Y3.159 E0.01776
G1 X-.473 Y3.117 E0.01777
G1 X-.95 Y3.012 E0.01828
G1 X-1.419 Y2.813 E0.01906
G1 X-1.941 Y2.488 E0.02301
G1 X-2.352 Y2.099 E0.02117
G1 X-2.666 Y1.661 E0.02017
G1 X-2.926 Y1.183 E0.02036
G1 X-3.102 Y0.588 E0.02322
G1 X-3.148 Y-0.063 E0.02442
G1 X-3.178 Y-.192 E0.00496
G1 X-3.213 Y-.343 E0.0058
G1 X-3.372 Y-.613 E0.01172
G1 X3.393 Y-.611 E0.25313
G1 F3600 E-1
G0 F12000 X3.274 Y-.619
G0 X1.743 Y2.374
G1 F3600 E1
G1 F1200 X2.807 Y0.891 E0.0683
G1 X2.865 Y0.81
G0 F12000 X2.948 Y0.007
G1 F1200 X0.954 Y2.789 E0.12807
G0 F12000 X0.363 Y2.927
G1 F1200 X2.756 Y-.412 E0.15371
G0 F12000 X2.264 Y-.412
G1 F1200 X-.143 Y2.945 E0.15456
G0 F12000 X-.593 Y2.887
G1 F1200 X1.772 Y-.412 E0.15188
G0 F12000 X1.279 Y-.412
G1 F1200 X-1.003 Y2.773 E0.14661
G0 F12000 X-1.375 Y2.605
G1 F1200 X0.788 Y-.412 E0.1389
G0 F12000 X0.295 Y-.412
G1 F1200 X-1.716 Y2.394 E0.12917
G0 F12000 X-2.023 Y2.135
G1 F1200 X-.197 Y-.412 E0.11726
G0 F12000 X-.689 Y-.412
G1 F1200 X-2.297 Y1.832 E0.1033
G0 F12000 X-2.537 Y1.479
G1 F1200 X-1.181 Y-.412 E0.08707
G0 F12000 X-1.673 Y-.413
G1 F1200 X-2.746 Y1.084 E0.06892
G0 F12000 X-2.89 Y0.599
G1 F1200 X-2.165 Y-.413 E0.04658
G0 F12000 X-2.657 Y-.412
G1 F1200 X-2.948 Y-0.007 E0.01866
G0 F12000 X-2.929 Y-0.006
G1 F3600 E-1
;MESH:NONMESH
G0 F600 X-2.929 Y-0.006 Z10.8
G0 F12000 X-2.806 Y-19.033
;TIME_ELAPSED:339.380804
;LAYER:35
;TYPE:FILL
;MESH:overhang.stl
G1 F3600 E1
G1 F9600 X-7.65 Y-.951 E0.93392
G1 X-9.04 Y-.952 E0.06935
G1 X-9.039 Y-2.096 E0.05707
G1 X4.62 Y-5.756 E0.70549
G1 X9.039 Y-4.572 E0.22824
G1 X9.039 Y-4.929 E0.01781
G1 X4.71 Y-6.089 E0.22359
G1 X-8.233 Y-19.032 E0.9132
G1 X7.804 Y-19.032 E0.80009
G1 X-9.04 Y-14.519 E0.86999
G1 X-9.04 Y-2.869 E0.58122
G1 X-7.123 Y-.952 E0.13525
G1 X4.773 Y-.951 E0.59349
G1 X9.04 Y-16.875 E0.82248
G1 X9.04 Y-18.729 E0.0925
G1 X8.738 Y-19.032 E0.02134
G1 X9.04 Y-19.032 E0.01507
G1 X9.14 Y-19.032
G1 F3600 E-1
G0 F12000 X9.1 Y-19.032
G0 X5.708 Y-.418
G0 X6.107 Y-.377
;TYPE:WALL-INNER
G1 F3600 E1
G1 F3000 X6.216 Y-.479 E0.00745
G1 X6.47 Y-.592 E0.01387
G1 X9.4 Y-.592 E0.14618
G1 X9.4 Y-19.392 E0.93794
G1 X-9.4 Y-19.392 E0.93794
G1 X-9.4 Y-.592 E0.93794
G1 X-6.544 Y-.592 E0.14249
G1 X-6.321 Y-.55 E0.01132
G1 X-6.106 Y-.403 E0.01299
G1 X-5.996 Y-.192 E0.01187
G1 X-5.956 Y-.114 E0.00437
G1 X-5.888 Y0.892 E0.0503
G1 X-5.696 Y1.711 E0.04197
G1 X-5.492 Y2.266 E0.0295
G1 X-5.104 Y3.045 E0.04342
G1 X-4.661 Y3.705 E0.03966
G1 X-4.013 Y4.396 E0.04726
G1 X-3.407 Y4.871 E0.03841
G1 X-2.838 Y5.225 E0.03343
G1 X-2.266 Y5.5 E0.03166
G1 X-1.74 Y5.684 E0.0278
G1 X-1.134 Y5.834 E0.03115
G1 X-.559 Y5.922 E0.02902
G1 X0.00 Y5.951 E0.02793
G1 X0.559 Y5.922 E0.02793
G1 X1.134 Y5.834 E0.02902
G1 X1.738 Y5.684 E0.03105
G1 X2.266 Y5.496 E0.02796
G1 X2.84 Y5.224 E0.03169
G1 X3.408 Y4.87 E0.03339
G1 X3.924 Y4.47 E0.03257
G1 X4.501 Y3.886 E0.04096
G1 X5.077 Y3.129 E0.04746
G1 X5.436 Y2.398 E0.04063
G1 X5.747 Y1.559 E0.04464
G1 X5.877 Y0.858 E0.03557
G1 X5.98 Y-.114 E0.04876
G1 X6.018 Y-.192 E0.00433
G1 X6.107 Y-.377 E0.01024
G1 F3600 E-1
G0 F12000 X5.708 Y-.418
G0 X9.53 Y-.462
G0 X9.8 Y-.192
;TYPE:WALL-OUTER
G1 F3600 E1
G1 F1200 X9.8 Y-19.792 E0.97785
G1 X-9.8 Y-19.792 E0.97785
G1 X-9.8 Y-.192 E0.97785
G1 X-6.755 Y-.188 E0.15192
G1 X-6.502 Y-.188 E0.01262
G1 X-6.351 Y-0.083 E0.00918
G1 X-6.285 Y0.95 E0.05164
G1 X-6.08 Y1.826 E0.04488
G1 X-5.86 Y2.424 E0.03179
G1 X-5.45 Y3.247 E0.04587
G1 X-4.975 Y3.955 E0.04254
G1 X-4.284 Y4.692 E0.0504
G1 X-3.637 Y5.199 E0.04101
G1 X-3.031 Y5.576 E0.03561
G1 X-2.419 Y5.87 E0.03387
G1 X-1.854 Y6.068 E0.02987
G1 X-1.212 Y6.227 E0.033
G1 X-.599 Y6.32 E0.03093
G1 X0.00 Y6.351 E0.02992
G1 X0.599 Y6.32 E0.02992
G1 X1.212 Y6.227 E0.03093
G1 X1.854 Y6.068 E0.033
G1 X2.419 Y5.866 E0.02994
G1 X3.032 Y5.576 E0.03383
G1 X3.637 Y5.199 E0.03556
G1 X4.19 Y4.77 E0.03492
G1 X4.804 Y4.148 E0.0436
G1 X5.197 Y3.631 E0.0324
G1 X5.486 Y3.203 E0.02577
G1 X5.804 Y2.556 E0.03597
G1 X6.134 Y1.666 E0.04736
G1 X6.273 Y0.915 E0.0381
G1 X6.372 Y-0.033 E0.04755
G1 X6.45 Y-.155 E0.00722
G1 X6.525 Y-.188 E0.00409
G1 X6.79 Y-.188 E0.01322
G1 X9.8 Y-.192 E0.15017
G0 F12000 X9.8 Y-.992
G1 F3600 E-1
G0 F12000 X9.1 Y-.992
G0 X5.819 Y-.821
G0 X5.831 Y-.611
;TYPE:SKIN
;BRIDGE
M107
G1 F3600 E1
G1 F1200 X5.718 Y-.48 E0.00863
G1 X5.604 Y-.2 E0.01508
G1 X5.603 Y-.192 E0.0004
G1 X5.497 Y0.803 E0.04992
G1 X5.378 Y1.454 E0.03302
G1 X5.084 Y2.248 E0.04224
G1 X4.753 Y2.918 E0.03728
G1 X4.216 Y3.628 E0.04441
G1 X3.674 Y4.178 E0.03852
G1 X3.185 Y4.559 E0.03093
G1 X2.66 Y4.884 E0.0308
G1 X1.899 Y5.247 E0.04206
G1 X1.092 Y5.455 E0.04158
G1 X0.524 Y5.54 E0.02865
G1 X0.00 Y5.567 E0.02618
G1 X-.523 Y5.54 E0.02613
G1 X-1.091 Y5.451 E0.02868
G1 X-1.665 Y5.304 E0.02956
G1 X-2.143 Y5.135 E0.02529
G1 X-2.659 Y4.888 E0.02854
G1 X-3.189 Y4.555 E0.03123
G1 X-3.748 Y4.119 E0.03537
G1 X-4.366 Y3.459 E0.04511
G1 X-4.77 Y2.851 E0.03642
G1 X-5.14 Y2.112 E0.04123
G1 X-5.328 Y1.602 E0.02712
G1 X-5.509 Y0.834 E0.03937
G1 X-5.572 Y-.133 E0.04835
G1 X-5.593 Y-.192 E0.00312
G1 X-5.697 Y-.481 E0.01532
G1 X-5.791 Y-.612 E0.00804
G1 X5.831 Y-.611 E0.57982
G0 F12000 X5.323 Y-.412
G1 F1200 X5.381 Y0.009 E0.0212
G0 F12000 X4.785 Y-.412
G1 F1200 X5.075 Y1.698 E0.10626
G1 X5.088 Y1.797
G0 F12000 X4.666 Y2.642
G1 F1200 X4.247 Y-.412 E0.15379
G0 F12000 X3.709 Y-.412
G1 F1200 X4.218 Y3.295 E0.18668
G0 F12000 X3.751 Y3.816
G1 F1200 X3.171 Y-.412 E0.21291
G0 F12000 X2.633 Y-.412
G1 F1200 X3.271 Y4.239 E0.23421
G0 F12000 X2.779 Y4.576
G1 F1200 X2.096 Y-.412 E0.25117
G0 F12000 X1.558 Y-.411
G1 F1200 X2.278 Y4.845 E0.26467
G0 F12000 X1.772 Y5.073
G1 F1200 X1.02 Y-.411 E0.27616
G0 F12000 X0.482 Y-.411
G1 F1200 X1.252 Y5.208 E0.28295
G0 F12000 X0.728 Y5.308
G1 F1200 X-0.056 Y-.411 E0.28799
G0 F12000 X-.594 Y-.411
G1 F1200 X0.196 Y5.356 E0.2904
G0 F12000 X-.343 Y5.348
G1 F1200 X-1.132 Y-.411 E0.29
G0 F12000 X-1.67 Y-.412
G1 F1200 X-.89 Y5.279 E0.28658
G0 F12000 X-1.445 Y5.153
G1 F1200 X-2.208 Y-.412 E0.28024
G0 F12000 X-2.746 Y-.412
G1 F1200 X-2.007 Y4.978 E0.27142
G0 F12000 X-2.584 Y4.698
G1 F1200 X-3.284 Y-.412 E0.25732
G0 F12000 X-3.822 Y-.412
G1 F1200 X-3.175 Y4.312 E0.23788
G1 X-3.162 Y4.411
G0 F12000 X-3.785 Y3.787
G1 F1200 X-4.36 Y-.411 E0.21139
G0 F12000 X-4.898 Y-.411
G1 F1200 X-4.43 Y3.001 E0.17182
G1 X-4.417 Y3.1
G0 F12000 X-5.213 Y1.22
G1 F1200 X-5.349 Y0.229 E0.0499
G0 F12000 X-5.421 Y-.3
G1 F1200 X-5.436 Y-.41 E0.00554
G0 F12000 X-5.366 Y-.412
G1 F3600 E-1
;MESH:NONMESH
G0 F600 X-5.366 Y-.412 Z11.1
G0 F12000 X-3.025 Y-19.032
;TIME_ELAPSED:354.122994
;LAYER:36
M106 S255
;TYPE:FILL
;MESH:overhang.stl
G1 F3600 E1
G1 F9600 X-7.87 Y-.951 E0.93389
G1 X-9.04 Y-.952 E0.05837
G1 X-9.04 Y-1.876 E0.0461
G1 X5.03 Y-5.646 E0.72672
G1 X9.04 Y-4.572 E0.20711
G1 X9.04 Y-4.929 E0.01781
G1 X5.118 Y-5.981 E0.20259
G1 X-7.933 Y-19.032 E0.92082
G1 X8.623 Y-19.032 E0.82598
G1 X-9.039 Y-14.3 E0.91224
G1 X-9.04 Y-3.169 E0.55533
G1 X-6.824 Y-.952 E0.15639
G1 X4.553 Y-.951 E0.5676
G1 X9.04 Y-17.694 E0.86479
G1 X9.04 Y-19.032 E0.06675
G1 X9.04 Y-19.132
G1 F3600 E-1
G0 F12000 X9.04 Y-19.092
G0 X7.393 Y-.388
G0 X7.811 Y-.372
;TYPE:WALL-INNER
G1 F3600 E1
G1 F3000 X8.062 Y-.553 E0.01544
G1 X8.276 Y-.592 E0.01085
G1 X9.4 Y-.592 E0.05608
G1 X9.4 Y-19.392 E0.93794
G1 X-9.4 Y-19.392 E0.93794
G1 X-9.4 Y-.592 E0.93794
G1 X-8.276 Y-.592 E0.05608
G1 X-7.935 Y-.487 E0.0178
G1 X-7.743 Y-.269 E0.01449
G1 X-7.716 Y-.192 E0.00407
G1 X-7.679 Y-0.088 E0.00551
G1 X-7.645 Y0.639 E0.03631
G1 X-7.563 Y1.342 E0.03531
G1 X-7.42 Y1.971 E0.03218
G1 X-7.265 Y2.463 E0.02574
G1 X-6.953 Y3.254 E0.04242
G1 X-6.697 Y3.744 E0.02758
G1 X-6.271 Y4.442 E0.0408
G1 X-5.797 Y5.034 E0.03784
G1 X-5.218 Y5.632 E0.04153
G1 X-4.64 Y6.117 E0.03764
G1 X-4.055 Y6.517 E0.03536
G1 X-3.478 Y6.841 E0.03301
G1 X-2.891 Y7.112 E0.03226
G1 X-2.318 Y7.319 E0.0304
G1 X-1.739 Y7.479 E0.02997
G1 X-1.161 Y7.59 E0.02936
G1 X-.576 Y7.657 E0.02938
G1 X0.00 Y7.675 E0.02875
G1 X0.576 Y7.657 E0.02875
G1 X1.161 Y7.59 E0.02938
G1 X1.739 Y7.479 E0.02936
G1 X2.318 Y7.319 E0.02997
G1 X2.891 Y7.112 E0.0304
G1 X3.478 Y6.841 E0.03226
G1 X4.054 Y6.518 E0.03295
G1 X4.636 Y6.118 E0.03523
G1 X5.264 Y5.589 E0.04097
G1 X5.8 Y5.027 E0.03875
G1 X6.26 Y4.457 E0.03654
G1 X6.685 Y3.764 E0.04056
G1 X7.048 Y3.064 E0.03934
G1 X7.372 Y2.156 E0.0481
G1 X7.571 Y1.324 E0.04268
G1 X7.653 Y0.583 E0.03719
G1 X7.681 Y-.144 E0.0363
G1 X7.708 Y-.192 E0.00275
G1 X7.811 Y-.372 E0.01035
G0 F12000 X7.393 Y-.388
G0 X9.53 Y-.462
G0 X9.8 Y-.192
;TYPE:WALL-OUTER
G1 F1200 X9.8 Y-19.792 E0.97785
G1 X-9.8 Y-19.792 E0.97785
G1 X-9.8 Y-.192 E0.97785
G1 X-8.276 Y-.192 E0.07603
G1 X-8.162 Y-.157 E0.00595
G1 X-8.077 Y-0.017 E0.00817
G1 X-8.044 Y0.671 E0.03436
G1 X-7.958 Y1.41 E0.03712
G1 X-7.806 Y2.075 E0.03403
G1 X-7.643 Y2.597 E0.02728
G1 X-7.317 Y3.42 E0.04416
G1 X-7.045 Y3.941 E0.02932
G1 X-6.599 Y4.672 E0.04272
G1 X-6.097 Y5.299 E0.04007
G1 X-5.491 Y5.925 E0.04347
G1 X-4.882 Y6.436 E0.03966
G1 X-4.266 Y6.857 E0.03722
G1 X-3.66 Y7.197 E0.03467
G1 X-3.043 Y7.482 E0.03391
G1 X-2.439 Y7.701 E0.03205
G1 X-1.83 Y7.869 E0.03152
G1 X-1.221 Y7.986 E0.03094
G1 X-.605 Y8.056 E0.03093
G1 X0.00 Y8.075 E0.0302
G1 X0.605 Y8.056 E0.0302
G1 X1.221 Y7.986 E0.03093
G1 X1.83 Y7.869 E0.03094
G1 X2.439 Y7.701 E0.03152
G1 X3.043 Y7.482 E0.03205
G1 X3.66 Y7.197 E0.03391
G1 X4.266 Y6.858 E0.03464
G1 X4.878 Y6.436 E0.03709
G1 X5.538 Y5.881 E0.04302
G1 X6.101 Y5.291 E0.04069
G1 X6.588 Y4.688 E0.03867
G1 X7.033 Y3.961 E0.04253
G1 X7.416 Y3.224 E0.04144
G1 X7.756 Y2.27 E0.05053
G1 X7.966 Y1.393 E0.04499
G1 X8.052 Y0.613 E0.03915
G1 X8.08 Y-0.081 E0.03465
G1 X8.221 Y-.192 E0.00895
G1 X9.8 Y-.192 E0.07878
G0 F12000 X9.8 Y-.992
G0 X9.1 Y-.992
G0 X7.481 Y-.82
G0 X7.517 Y-.612
;TYPE:SKIN
;BRIDGE
M107
G1 F1200 X7.366 Y-.36 E0.01466
G1 X7.328 Y-.192 E0.00859
G1 X7.299 Y-0.061 E0.00669
G1 X7.272 Y0.548 E0.03041
G1 X7.194 Y1.249 E0.03519
G1 X6.996 Y2.082 E0.04272
G1 X6.7 Y2.903 E0.04354
G1 X6.353 Y3.573 E0.03764
G1 X5.948 Y4.236 E0.03876
G1 X5.513 Y4.771 E0.0344
G1 X4.998 Y5.314 E0.03734
G1 X4.407 Y5.812 E0.03856
G1 X3.846 Y6.193 E0.03383
G1 X3.304 Y6.497 E0.031
G1 X2.739 Y6.759 E0.03107
G1 X2.203 Y6.957 E0.02851
G1 X1.655 Y7.104 E0.02831
G1 X1.105 Y7.21 E0.02794
G1 X0.541 Y7.276 E0.02833
G1 X0.00 Y7.291 E0.027
G1 X-.541 Y7.276 E0.027
G1 X-1.105 Y7.21 E0.02833
G1 X-1.655 Y7.104 E0.02794
G1 X-2.203 Y6.957 E0.02831
G1 X-2.739 Y6.759 E0.02851
G1 X-3.305 Y6.497 E0.03112
G1 X-3.858 Y6.189 E0.03158
G1 X-4.402 Y5.812 E0.03302
G1 X-4.959 Y5.349 E0.03614
G1 X-5.509 Y4.783 E0.03937
G1 X-5.959 Y4.217 E0.03607
G1 X-6.377 Y3.534 E0.03995
G1 X-6.605 Y3.089 E0.02495
G1 X-6.993 Y2.117 E0.05221
G1 X-7.186 Y1.27 E0.04334
G1 X-7.261 Y0.639 E0.0317
G1 X-7.306 Y-.192 E0.04152
G1 X-7.308 Y-.236 E0.0022
G1 X-7.529 Y-.612 E0.02176
G1 X7.517 Y-.612 E0.75065
G0 F12000 X6.882 Y-.411
G1 F1200 X7.096 Y0.041 E0.02495
G0 F12000 X6.292 Y-.412
G1 F1200 X7.009 Y1.104 E0.08367
G1 X7.051 Y1.194
G0 F12000 X6.822 Y1.953
G1 F1200 X5.702 Y-.412 E0.13055
G0 F12000 X5.113 Y-.411
G1 F1200 X6.571 Y2.67 E0.17005
G0 F12000 X6.275 Y3.29
G1 F1200 X4.523 Y-.412 E0.20433
G0 F12000 X3.933 Y-.412
G1 F1200 X5.951 Y3.85 E0.23526
G0 F12000 X5.598 Y4.35
G1 F1200 X3.344 Y-.411 E0.2628
G0 F12000 X2.754 Y-.412
G1 F1200 X5.218 Y4.793 E0.28731
G0 F12000 X4.822 Y5.202
G1 F1200 X2.164 Y-.412 E0.30989
G0 F12000 X1.574 Y-.412
G1 F1200 X4.4 Y5.557 E0.32948
G0 F12000 X3.96 Y5.874
G1 F1200 X0.984 Y-.412 E0.34698
G0 F12000 X0.395 Y-.412
G1 F1200 X3.504 Y6.157 E0.36258
G0 F12000 X3.031 Y6.403
G1 F1200 X-.195 Y-.412 E0.37617
G0 F12000 X-.785 Y-.412
G1 F1200 X2.543 Y6.617 E0.388
G0 F12000 X2.037 Y6.794
G1 F1200 X-1.374 Y-.412 E0.39775
G0 F12000 X-1.964 Y-.412
G1 F1200 X1.51 Y6.927 E0.40509
G0 F12000 X0.967 Y7.025
G1 F1200 X-2.554 Y-.412 E0.41052
G0 F12000 X-3.143 Y-.412
G1 F1200 X0.403 Y7.079 E0.41348
G0 F12000 X-.184 Y7.085
G1 F1200 X-3.733 Y-.412 E0.41382
G0 F12000 X-4.323 Y-.412
G1 F1200 X-.793 Y7.045 E0.41161
G0 F12000 X-1.431 Y6.943
G1 F1200 X-4.913 Y-.412 E0.40599
G0 F12000 X-5.503 Y-.412
G1 F1200 X-2.099 Y6.777 E0.39684
G0 F12000 X-2.819 Y6.502
G1 F1200 X-6.092 Y-.412 E0.38164
G0 F12000 X-6.682 Y-.412
G1 F1200 X-3.596 Y6.106 E0.35979
G1 X-3.554 Y6.196
G0 F12000 X-4.478 Y5.489
G1 F1200 X-7.097 Y-0.043 E0.30536
G1 X-7.139 Y-.133
G0 F12000 X-6.904 Y1.61
G1 F1200 X-5.62 Y4.322 E0.1497
G1 X-5.578 Y4.412
G0 F12000 X-5.548 Y4.39
G1 F3600 E-1
;MESH:NONMESH
G0 F600 X-5.548 Y4.39 Z11.4
G0 F12000 X-9.04 Y-14.079
;TIME_ELAPSED:372.721252
;LAYER:37
M106 S255
;TYPE:FILL
;MESH:overhang.stl
G1 F3600 E1
G1 F9600 X9.039 Y-18.923 E0.93378
G1 X9.04 Y-18.517 E0.02026
G1 X4.333 Y-.952 E0.90724
G1 X3.235 Y-.952 E0.05478
G1 X3.137 Y0.492 E0.07221
G1 X3.023 Y0.961 E0.02408
G1 X2.795 Y1.526 E0.0304
G1 X2.37 Y2.123 E0.03656
G1 X1.92 Y2.529 E0.03024
G1 X1.438 Y2.833 E0.02843
G1 X0.952 Y3.034 E0.02624
G1 X0.472 Y3.144 E0.02457
G1 X-0.006 Y3.183 E0.02393
G1 X-.48 Y3.143 E0.02373
G1 X-.954 Y3.034 E0.02427
G1 X-1.437 Y2.836 E0.02604
G1 X-1.959 Y2.504 E0.03086
G1 X-2.375 Y2.114 E0.02845
G1 X-2.678 Y1.691 E0.02596
G1 X-2.943 Y1.197 E0.02797
G1 X-3.129 Y0.589 E0.03172
G1 X-3.234 Y-.952 E0.07706
G1 X-6.522 Y-.952 E0.16404
G1 X-9.04 Y-3.47 E0.17766
G1 X-9.04 Y-19.032 E0.77639
G1 X-7.632 Y-19.032 E0.07025
G1 X5.531 Y-5.869 E0.92872
G1 X9.04 Y-4.929 E0.18124
G1 X9.04 Y-4.571 E0.01786
G1 X5.441 Y-5.536 E0.1859
G1 X-9.04 Y-1.656 E0.74794
G1 X-9.04 Y-.952 E0.03512
G1 X-8.09 Y-.951 E0.0474
G1 X-3.246 Y-19.033 E0.93392
G1 X9.04 Y-19.032 E0.61295
G1 X9.14 Y-19.032
G0 F12000 X9.4 Y-19.392
;TYPE:WALL-INNER
G1 F3000 X-9.4 Y-19.392 E0.93794
G1 X-9.4 Y-.43 E0.94602
G1 X-9.197 Y-.32 E0.01152
G1 X-9.152 Y-.192 E0.00677
G1 X-9.102 Y-0.047 E0.00765
G1 X-9.073 Y0.723 E0.03844
G1 X-8.964 Y1.591 E0.04364
G1 X-8.762 Y2.479 E0.04543
G1 X-8.506 Y3.223 E0.03925
G1 X-8.261 Y3.814 E0.03192
G1 X-8.02 Y4.297 E0.02693
G1 X-7.62 Y4.98 E0.03949
G1 X-7.31 Y5.41 E0.02645
G1 X-6.972 Y5.853 E0.0278
G1 X-6.431 Y6.438 E0.03975
G1 X-5.834 Y6.986 E0.04043
G1 X-5.276 Y7.41 E0.03496
G1 X-4.685 Y7.801 E0.03535
G1 X-4.104 Y8.12 E0.03307
G1 X-3.51 Y8.398 E0.03272
G1 X-2.934 Y8.615 E0.03071
G1 X-2.345 Y8.795 E0.03073
G1 X-1.757 Y8.93 E0.0301
G1 X-1.175 Y9.024 E0.02941
G1 X-.587 Y9.081 E0.02947
G1 X0.002 Y9.103 E0.02941
G1 X0.572 Y9.085 E0.02845
G1 X1.174 Y9.024 E0.03019
G1 X1.757 Y8.93 E0.02946
G1 X2.345 Y8.795 E0.0301
G1 X2.932 Y8.616 E0.03062
G1 X3.51 Y8.394 E0.03089
G1 X4.104 Y8.12 E0.03264
G1 X4.685 Y7.798 E0.03314
G1 X5.275 Y7.41 E0.03523
G1 X5.83 Y6.983 E0.03494
G1 X6.508 Y6.369 E0.04563
G1 X7.035 Y5.772 E0.03973
G1 X7.634 Y4.98 E0.04954
G1 X8.198 Y3.966 E0.05789
G1 X8.506 Y3.222 E0.04017
G1 X8.709 Y2.637 E0.03089
G1 X8.862 Y2.053 E0.03012
G1 X9.001 Y1.348 E0.03585
G1 X9.077 Y0.586 E0.0382
G1 X9.102 Y-0.047 E0.03161
G1 X9.152 Y-.192 E0.00765
G1 X9.197 Y-.32 E0.00677
G1 X9.4 Y-.43 E0.01152
G1 X9.4 Y-19.392 E0.94602
G0 F12000 X9.8 Y-19.792
;TYPE:WALL-OUTER
G1 F1200 X-9.8 Y-19.792 E0.97785
G1 X-9.8 Y-.192 E0.97785
G1 X-9.7 Y-.192 E0.00499
G1 X-9.503 Y-0.086 E0.01116
G1 X-9.472 Y0.755 E0.04199
G1 X-9.358 Y1.661 E0.04556
G1 X-9.147 Y2.589 E0.04748
G1 X-8.88 Y3.365 E0.04094
G1 X-8.625 Y3.98 E0.03322
G1 X-8.372 Y4.488 E0.02831
G1 X-7.956 Y5.198 E0.04105
G1 X-7.631 Y5.648 E0.02769
G1 X-7.278 Y6.111 E0.02905
G1 X-6.714 Y6.722 E0.04148
G1 X-6.091 Y7.294 E0.0422
G1 X-5.508 Y7.736 E0.0365
G1 X-4.892 Y8.144 E0.03686
G1 X-4.285 Y8.477 E0.03454
G1 X-3.666 Y8.767 E0.0341
G1 X-3.063 Y8.994 E0.03214
G1 X-2.448 Y9.182 E0.03208
G1 X-1.833 Y9.323 E0.03148
G1 X-1.226 Y9.421 E0.03068
G1 X-.614 Y9.48 E0.03067
G1 X0.001 Y9.503 E0.0307
G1 X0.598 Y9.484 E0.0298
G1 X1.226 Y9.421 E0.03149
G1 X1.833 Y9.323 E0.03068
G1 X2.448 Y9.182 E0.03148
G1 X3.062 Y8.994 E0.03204
G1 X3.666 Y8.763 E0.03226
G1 X4.285 Y8.477 E0.03402
G1 X4.892 Y8.14 E0.03464
G1 X5.507 Y7.736 E0.03671
G1 X6.087 Y7.29 E0.0365
G1 X6.793 Y6.651 E0.04751
G1 X7.345 Y6.025 E0.04164
G1 X7.87 Y5.33 E0.04345
G1 X8.139 Y4.894 E0.02556
G1 X8.559 Y4.14 E0.04306
G1 X8.88 Y3.364 E0.0419
G1 X9.092 Y2.753 E0.03227
G1 X9.252 Y2.143 E0.03146
G1 X9.397 Y1.406 E0.03747
G1 X9.476 Y0.614 E0.03971
G1 X9.503 Y-0.086 E0.03495
G1 X9.7 Y-.192 E0.01116
G1 X9.8 Y-.192 E0.00499
G1 X9.8 Y-19.792 E0.97785
G0 F12000 X9 Y-19.792
G1 F3600 E-1
G0 F12000 X9 Y-19.092
G0 X8.825 Y-.618
G0 X8.993 Y-.612
;TYPE:SKIN
;BRIDGE
M107
G1 F3600 E1
G1 F1200 X8.855 Y-.479 E0.01052
G1 X8.754 Y-.192 E0.0167
G1 X8.721 Y-0.099 E0.00542
G1 X8.696 Y0.558 E0.03608
G1 X8.621 Y1.294 E0.0406
G1 X8.488 Y1.963 E0.03743
G1 X8.344 Y2.522 E0.03168
G1 X8.148 Y3.088 E0.03287
G1 X7.851 Y3.804 E0.04254
G1 X7.316 Y4.766 E0.06041
G1 X6.741 Y5.525 E0.05226
G1 X6.229 Y6.103 E0.04238
G1 X5.587 Y6.686 E0.04759
G1 X5.055 Y7.097 E0.03689
G1 X4.484 Y7.472 E0.03749
G1 X3.933 Y7.777 E0.03456
G1 X3.357 Y8.043 E0.03482
G1 X2.81 Y8.254 E0.03217
G1 X2.248 Y8.426 E0.03225
G1 X1.678 Y8.555 E0.03207
G1 X1.074 Y8.649 E0.03355
G1 X0.542 Y8.704 E0.02935
G1 X0.005 Y8.719 E0.02948
G1 X-.559 Y8.7 E0.03097
G1 X-1.074 Y8.653 E0.02838
G1 X-1.677 Y8.555 E0.03353
G1 X-2.248 Y8.426 E0.03213
G1 X-2.811 Y8.254 E0.03231
G1 X-3.357 Y8.047 E0.03205
G1 X-3.933 Y7.777 E0.03491
G1 X-4.484 Y7.476 E0.03446
G1 X-5.055 Y7.097 E0.03761
G1 X-5.591 Y6.69 E0.03693
G1 X-6.158 Y6.17 E0.04222
G1 X-6.682 Y5.603 E0.04237
G1 X-7.003 Y5.181 E0.0291
G1 X-7.3 Y4.766 E0.02801
G1 X-7.683 Y4.112 E0.04159
G1 X-7.91 Y3.656 E0.02795
G1 X-8.149 Y3.088 E0.03382
G1 X-8.395 Y2.369 E0.0417
G1 X-8.586 Y1.525 E0.04749
G1 X-8.692 Y0.687 E0.04636
G1 X-8.72 Y-0.068 E0.04146
G1 X-8.761 Y-.192 E0.00717
G1 X-8.855 Y-.479 E0.01657
G1 X-8.993 Y-.612 E0.01052
G1 X-3.552 Y-.611 E0.2986
G1 X-3.468 Y0.63 E0.06826
G1 X-3.257 Y1.326 E0.03991
G1 X-2.973 Y1.859 E0.03314
G1 X-2.643 Y2.321 E0.03116
G1 X-2.165 Y2.772 E0.03607
G1 X-1.592 Y3.136 E0.03725
G1 X-1.059 Y3.36 E0.03173
G1 X-.541 Y3.478 E0.02916
G1 X-0.012 Y3.52 E0.02912
G1 X0.515 Y3.484 E0.02899
G1 X1.059 Y3.36 E0.03062
G1 X1.587 Y3.139 E0.03141
G1 X2.123 Y2.799 E0.03483
G1 X2.626 Y2.345 E0.03719
G1 X3.095 Y1.694 E0.04403
G1 X3.351 Y1.052 E0.03793
G1 X3.471 Y0.56 E0.02779
G1 X3.552 Y-.612 E0.06447
G1 X8.993 Y-.612 E0.2986
G1 F3600 E-1
G0 F12000 X8.825 Y-.618
G0 X1.849 Y8.311
G1 F3600 E1
G1 F1200 X2.826 Y8.033 E0.05575
G1 X2.922 Y8.006
G0 F12000 X4.983 Y6.9
G1 F1200 X-.619 Y8.494 E0.31964
G1 X-.715 Y8.521
G0 F12000 X-1.823 Y8.317
G1 F1200 X5.919 Y6.113 E0.44176
G1 X6.015 Y6.086
G0 F12000 X6.58 Y5.405
G1 F1200 X-2.754 Y8.062 E0.53259
G1 X-2.85 Y8.089
G0 F12000 X-3.507 Y7.756
G1 F1200 X7.082 Y4.743 E0.60418
G0 F12000 X7.447 Y4.119
G1 F1200 X-4.164 Y7.423 E0.6625
G0 F12000 X-4.738 Y7.067
G1 F1200 X7.756 Y3.511 E0.71289
G0 F12000 X7.993 Y2.924
G1 F1200 X-5.255 Y6.694 E0.75591
G0 F12000 X-5.715 Y6.305
G1 F1200 X8.181 Y2.35 E0.79289
G0 F12000 X8.317 Y1.792
G1 F1200 X-6.132 Y5.904 E0.82444
G0 F12000 X-6.512 Y5.492
G1 F1200 X-.225 Y3.703 E0.35872
G1 X-.129 Y3.676
G0 F12000 X-1.281 Y3.484
G1 F1200 X-6.839 Y5.065 E0.31712
G0 F12000 X-7.146 Y4.633
G1 F1200 X-1.939 Y3.151 E0.2971
G0 F12000 X-2.45 Y2.777
G1 F1200 X-7.408 Y4.188 E0.2829
G0 F12000 X-7.659 Y3.739
G1 F1200 X-2.852 Y2.371 E0.27428
G0 F12000 X-3.154 Y1.937
G1 F1200 X-7.854 Y3.275 E0.26818
G0 F12000 X-8.035 Y2.807
G1 F1200 X-3.396 Y1.486 E0.26471
G0 F12000 X-3.563 Y1.014
G1 F1200 X-8.196 Y2.332 E0.26434
G0 F12000 X-8.307 Y1.844
G1 F1200 X-3.676 Y0.526 E0.26424
G0 F12000 X-3.711 Y0.017
G1 F1200 X-8.406 Y1.353 E0.26789
G0 F12000 X-8.47 Y0.851
G1 F1200 X-4.035 Y-.411 E0.25305
G1 X-3.939 Y-.438
G0 F12000 X-5.86 Y-.411
G1 F1200 X-8.504 Y0.341 E0.15086
G0 F12000 X-8.547 Y-.167
G1 F1200 X-7.686 Y-.412 E0.04913
G1 X-7.59 Y-.439
G1 F3600 E-1
G0 F12000 X2.125 Y3.034
G1 F3600 E1
G1 F1200 X8.425 Y1.241 E0.35947
G0 F12000 X8.479 Y0.706
G1 F1200 X2.911 Y2.291 E0.31771
G0 F12000 X3.326 Y1.653
G1 F1200 X8.51 Y0.177 E0.2958
G0 F12000 X8.606 Y-.37
G1 F1200 X3.548 Y1.07 E0.28861
G0 F12000 X3.678 Y0.513
G1 F1200 X6.929 Y-.412 E0.18549
G1 X7.025 Y-.439
G0 F12000 X5.102 Y-.412
G1 F1200 X3.713 Y-0.017 E0.07925
G1 X3.617 Y0.01
G1 F3600 E-1
;MESH:NONMESH
G0 F600 X3.617 Y0.01 Z11.7
G0 F12000 X-5.602 Y-.332
;TIME_ELAPSED:394.068158
;LAYER:38
M106 S255
;TYPE:FILL
;MESH:overhang.stl
G1 F3600 E1
G1 F9600 X0.305 Y5.576 E0.41681
G1 X0.001 Y5.594 E0.01519
G1 X-.527 Y5.564 E0.02638
G1 X-1.065 Y5.485 E0.02713
G1 X-1.595 Y5.355 E0.02723
G1 X-2.135 Y5.164 E0.02858
G1 X-2.672 Y4.909 E0.02966
G1 X-3.198 Y4.58 E0.03095
G1 X-3.78 Y4.122 E0.03695
G1 X-4.374 Y3.492 E0.0432
G1 X-4.798 Y2.862 E0.03789
G1 X-5.159 Y2.136 E0.04045
G1 X-5.355 Y1.601 E0.02843
G1 X-5.53 Y0.842 E0.03886
G1 X-5.64 Y-.952 E0.08967
G1 X-6.223 Y-.952 E0.02909
G1 X-9.04 Y-3.77 E0.19879
G1 X-9.039 Y-13.86 E0.50339
G1 X9.04 Y-18.704 E0.93378
G1 X9.039 Y-6.281 E0.61979
G1 X-9.04 Y-1.436 E0.93379
G1 X-9.04 Y-.952 E0.02415
G1 X-8.31 Y-.951 E0.03642
G1 X-4.372 Y-15.649 E0.75915
G1 X-5.278 Y-19.032 E0.17473
G1 X-4.921 Y-19.032 E0.01781
G1 X-4.038 Y-15.737 E0.17019
G1 X9.04 Y-2.659 E0.92272
G1 X9.04 Y-.952 E0.08516
G1 X5.7 Y-.952 E0.16663
G1 X5.523 Y0.806 E0.08815
G1 X5.402 Y1.464 E0.03338
G1 X5.108 Y2.252 E0.04196
G1 X4.766 Y2.951 E0.03882
G1 X4.227 Y3.656 E0.04427
G1 X3.693 Y4.199 E0.038
G1 X3.198 Y4.58 E0.03116
G1 X2.518 Y5.002 E0.03993
G1 X8.958 Y-19.032 E1.24136
G1 X9.04 Y-19.032 E0.00409
G1 X9.14 Y-19.032
G0 F12000 X9.4 Y-19.392
;TYPE:WALL-INNER
G1 F3000 X-9.4 Y-19.392 E0.93794
G1 X-9.4 Y-.825 E0.92631
G1 X-9.4 Y1.35
G1 F600 X-9.4 Y4.331 E0.09667
G1 F3000 X-8.874 Y5.294 E0.05474
G1 X-8.576 Y5.763 E0.02772
G1 X-8.202 Y6.299 E0.03261
G1 X-7.683 Y6.92 E0.04038
G1 X-7.087 Y7.523 E0.0423
G1 X-6.493 Y8.045 E0.03945
G1 X-5.907 Y8.483 E0.0365
G1 X-5.311 Y8.872 E0.03551
G1 X-4.356 Y9.396 E0.05435
G1 X-3.065 Y9.554 E0.06489
G1 X-1.952 Y9.645 E0.05571
G1 X-1.271 Y9.68 E0.03402
G1 X-0.001 Y9.708 E0.06338
G1 X0.6 Y9.7 E0.02999
G1 X1.745 Y9.656 E0.05717
G1 X2.36 Y9.615 E0.03075
G1 X3.06 Y9.554 E0.03506
G1 X4.283 Y9.405 E0.06147
G1 X4.724 Y9.194 E0.02439
G1 X5.311 Y8.869 E0.03347
G1 X5.909 Y8.483 E0.03551
G1 X6.493 Y8.045 E0.03642
G1 X7.087 Y7.523 E0.03945
G1 X7.683 Y6.919 E0.04233
G1 X8.191 Y6.314 E0.03941
G1 X8.793 Y5.451 E0.0525
G1 X9.4 Y4.346 E0.0629
G1 F600 X9.4 Y1.416 E0.09502
G1 F1500 X9.4 Y0.416 E0.04989
G1 F1875 X9.4 Y-.584 E0.04989
G1 F2156.2 X9.4 Y-1.584 E0.04989
G1 F2367.2 X9.4 Y-2.584 E0.04989
G1 F2525.4 X9.4 Y-3.584 E0.04989
G1 F2644 X9.4 Y-4.584 E0.04989
G1 F3000 X9.4 Y-19.392 E0.73877
G0 F12000 X9.8 Y-19.792
;TYPE:WALL-OUTER
G1 F1200 X-9.8 Y-19.792 E0.97785
G1 X-9.8 Y-.714 E0.95181
G1 X-9.8 Y0.973
G1 F600 X-9.8 Y4.433 E0.1122
G1 F1200 X-9.219 Y5.498 E0.06053
G1 X-8.909 Y5.985 E0.0288
G1 X-8.52 Y6.542 E0.03389
G1 X-7.979 Y7.189 E0.04208
G1 X-7.362 Y7.814 E0.04382
G1 X-6.745 Y8.356 E0.04097
G1 X-6.137 Y8.811 E0.03789
G1 X-5.517 Y9.216 E0.03695
G1 X-4.908 Y9.549 E0.03463
G1 X-4.398 Y9.793 E0.02821
G1 X-3.104 Y9.952 E0.06504
G1 X-1.978 Y10.044 E0.05636
G1 X-1.287 Y10.08 E0.03452
G1 X-0.001 Y10.108 E0.06417
G1 X0.61 Y10.1 E0.03049
G1 X1.765 Y10.056 E0.05766
G1 X2.312 Y10.02 E0.02735
G1 X3.1 Y9.952 E0.03946
G1 X4.398 Y9.793 E0.06524
G1 X4.908 Y9.55 E0.02818
G1 X5.517 Y9.212 E0.03475
G1 X6.137 Y8.811 E0.03684
G1 X6.745 Y8.356 E0.03789
G1 X7.362 Y7.814 E0.04097
G1 X7.979 Y7.189 E0.04382
G1 X8.509 Y6.558 E0.04111
G1 X9.133 Y5.662 E0.05447
G1 X9.55 Y4.903 E0.04321
G1 X9.8 Y4.393 E0.02834
G1 F600 X9.8 Y1.042 E0.10867
G1 X9.8 Y0.042 E0.04989
G1 F750 X9.8 Y-.958 E0.04989
G1 F862.5 X9.8 Y-1.958 E0.04989
G1 F946.9 X9.8 Y-2.958 E0.04989
G1 F1010.2 X9.8 Y-3.958 E0.04989
G1 F1057.6 X9.8 Y-4.958 E0.04989
G1 F1200 X9.8 Y-19.792 E0.74007
G0 F12000 X9 Y-19.792
G1 F3600 E-1
G0 F12000 X9 Y-19.092
G0 X9.02 Y-.612
;TYPE:SKIN
;BRIDGE
M107
G1 F3600 E1
G1 F1200 X9.02 Y2.969 E0.19652
G1 X9.02 Y4.248 E0.07019
G1 X8.469 Y5.246 E0.06256
G1 X7.885 Y6.086 E0.05614
G1 X7.404 Y6.657 E0.04097
G1 X6.826 Y7.242 E0.04513
G1 X6.249 Y7.752 E0.04226
G1 X5.693 Y8.167 E0.03808
G1 X5.117 Y8.54 E0.03766
G1 X4.241 Y9.026 E0.05498
G1 X3.048 Y9.17 E0.06595
G1 X2.27 Y9.239 E0.04286
G1 X2.175 Y9.245 E0.00522
G1 X1.744 Y9.275 E0.02371
G1 X0.606 Y9.32 E0.0625
G1 X0.048 Y9.328 E0.03063
G1 X-1.252 Y9.3 E0.07136
G1 X-1.922 Y9.264 E0.03682
G1 X-2.195 Y9.241 E0.01504
G1 X-3.023 Y9.173 E0.04559
G1 X-4.237 Y9.026 E0.06711
G1 X-5.109 Y8.544 E0.05468
G1 X-5.689 Y8.167 E0.03796
G1 X-6.25 Y7.752 E0.0383
G1 X-6.826 Y7.242 E0.04222
G1 X-7.403 Y6.657 E0.04509
G1 X-7.9 Y6.062 E0.04255
G1 X-8.257 Y5.549 E0.0343
G1 X-8.555 Y5.078 E0.03059
G1 X-9.02 Y4.228 E0.05317
G1 X-9.02 Y2.97 E0.06904
G1 X-9.02 Y-.612 E0.19658
G1 X-5.957 Y-.612 E0.1681
G1 X-5.865 Y0.899 E0.08308
G1 X-5.676 Y1.714 E0.04591
G1 X-5.468 Y2.269 E0.03253
G1 X-5.1 Y3.017 E0.04575
G1 X-4.638 Y3.701 E0.0453
G1 X-4.011 Y4.369 E0.05028
G1 X-3.396 Y4.854 E0.04298
G1 X-2.829 Y5.212 E0.0368
G1 X-2.278 Y5.473 E0.03346
G1 X-1.677 Y5.683 E0.03494
G1 X-1.145 Y5.815 E0.03008
G1 X-.579 Y5.902 E0.03143
G1 X-0.011 Y5.932 E0.03121
G1 X0.579 Y5.902 E0.03242
G1 X1.123 Y5.818 E0.03021
G1 X1.676 Y5.683 E0.03124
G1 X2.279 Y5.473 E0.03504
G1 X2.823 Y5.213 E0.03309
G1 X3.387 Y4.862 E0.03646
G1 X3.907 Y4.463 E0.03597
G1 X4.475 Y3.889 E0.04432
G1 X5.045 Y3.143 E0.05152
G1 X5.424 Y2.375 E0.047
G1 X5.724 Y1.575 E0.04689
G1 X5.853 Y0.872 E0.03922
G1 X6.009 Y-.612 E0.08189
G1 X9.02 Y-.612 E0.16524
G1 F3600 E-1
G0 F12000 X5.162 Y8.273
G1 F3600 E1
G1 F1200 X8.304 Y5.131 E0.24385
G1 X8.374 Y5.061
G0 F12000 X8.82 Y3.908
G1 F1200 X3.857 Y8.871 E0.38518
G1 X3.787 Y8.941
G0 F12000 X3.053 Y8.968
G1 F1200 X8.82 Y3.201 E0.44758
G0 F12000 X8.82 Y2.494
G1 F1200 X2.275 Y9.038 E0.50792
G0 F12000 X1.522 Y9.085
G1 F1200 X8.82 Y1.787 E0.5664
G0 F12000 X8.82 Y1.08
G1 F1200 X0.786 Y9.113 E0.62349
G0 F12000 X0.064 Y9.128
G1 F1200 X8.82 Y0.373 E0.67952
G0 F12000 X8.82 Y-.334
G1 F1200 X5.132 Y3.353 E0.28619
G1 X5.062 Y3.423
G0 F12000 X5.778 Y2
G1 F1200 X8.19 Y-.412 E0.1872
G0 F12000 X7.483 Y-.412
G1 F1200 X6.024 Y1.047 E0.11323
G1 X5.954 Y1.117
G0 F12000 X6.12 Y0.244
G1 F1200 X6.776 Y-.412 E0.05091
G1 X6.846 Y-.482
G1 F3600 E-1
G0 F12000 X3.388 Y5.098
G1 F3600 E1
G1 F1200 X-.629 Y9.114 E0.31172
G0 F12000 X-1.318 Y9.096
G1 F1200 X1.995 Y5.783 E0.25713
G1 X2.065 Y5.713
G0 F12000 X1.037 Y6.034
G1 F1200 X-1.986 Y9.057 E0.23462
G0 F12000 X-2.64 Y9.004
G1 F1200 X0.245 Y6.119 E0.22391
G0 F12000 X-.452 Y6.109
G1 F1200 X-3.284 Y8.941 E0.21979
G0 F12000 X-3.915 Y8.864
G1 F1200 X-1.077 Y6.027 E0.22022
G0 F12000 X-1.652 Y5.894
G1 F1200 X-4.442 Y8.685 E0.21657
G0 F12000 X-4.897 Y8.433
G1 F1200 X-2.182 Y5.718 E0.21071
G0 F12000 X-2.676 Y5.505
G1 F1200 X-5.332 Y8.161 E0.20613
G0 F12000 X-5.752 Y7.873
G1 F1200 X-3.134 Y5.255 E0.20319
G0 F12000 X-3.562 Y4.977
G1 F1200 X-6.155 Y7.57 E0.20125
G0 F12000 X-6.53 Y7.237
G1 F1200 X-3.958 Y4.665 E0.19962
G0 F12000 X-4.325 Y4.325
G1 F1200 X-6.891 Y6.891 E0.19915
G0 F12000 X-7.242 Y6.535
G1 F1200 X-4.668 Y3.961 E0.19977
G0 F12000 X-4.974 Y3.56
G1 F1200 X-7.565 Y6.151 E0.20109
G0 F12000 X-7.872 Y5.751
G1 F1200 X-5.261 Y3.14 E0.20264
G0 F12000 X-5.494 Y2.666
G1 F1200 X-8.158 Y5.329 E0.20672
G0 F12000 X-8.428 Y4.892
G1 F1200 X-5.715 Y2.179 E0.21056
G0 F12000 X-5.897 Y1.654
G1 F1200 X-8.678 Y4.435 E0.21584
G0 F12000 X-8.82 Y3.87
G1 F1200 X-6.029 Y1.079 E0.21661
G0 F12000 X-6.093 Y0.436
G1 F1200 X-8.82 Y3.163 E0.21165
G0 F12000 X-8.82 Y2.456
G1 F1200 X-6.134 Y-.23 E0.20846
G0 F12000 X-6.659 Y-.412
G1 F1200 X-8.82 Y1.749 E0.16772
G0 F12000 X-8.82 Y1.042
G1 F1200 X-7.366 Y-.412 E0.11285
G0 F12000 X-8.073 Y-.412
G1 F1200 X-8.82 Y0.334 E0.05794
G1 X-8.89 Y0.404
G0 F12000 X-8.8 Y0.404
G1 F3600 E-1
;MESH:NONMESH
G0 F600 X-8.8 Y0.404 Z12
G0 F12000 X-7.032 Y-19.032
;TIME_ELAPSED:415.981369
;LAYER:39
M106 S255
;TYPE:FILL
;MESH:overhang.stl
G1 F3600 E1
G1 F9600 X9.04 Y-2.959 E1.134
G1 X9.04 Y-.952 E0.10013
G1 X7.355 Y-.952 E0.08406
G1 X7.295 Y0.546 E0.0748
G1 X7.215 Y1.273 E0.03649
G1 X7.029 Y2.047 E0.03971
G1 X6.714 Y2.93 E0.04677
G1 X6.376 Y3.587 E0.03686
G1 X5.969 Y4.246 E0.03864
G1 X5.527 Y4.795 E0.03516
G1 X5.018 Y5.329 E0.03681
G1 X4.425 Y5.828 E0.03867
G1 X3.865 Y6.213 E0.0339
G1 X3.313 Y6.525 E0.03163
G1 X2.753 Y6.782 E0.03074
G1 X2.061 Y7.032 E0.03671
G1 X-6.547 Y-1.576 E0.60734
G1 X-9.04 Y-2.243 E0.12875
G1 X-9.04 Y-2.601 E0.01786
G1 X-6.456 Y-1.909 E0.13346
G1 X9.039 Y-6.061 E0.80032
G1 X9.04 Y-18.485 E0.61984
G1 X-9.039 Y-13.64 E0.93379
G1 X-9.04 Y-19.032 E0.26901
G1 X-3.685 Y-19.032 E0.26716
G1 X-8.529 Y-.952 E0.93383
G1 X-7.356 Y-.952 E0.05852
G1 X-7.29 Y0.613 E0.07815
G1 X-7.211 Y1.29 E0.034
G1 X-7.014 Y2.129 E0.043
G1 X-6.626 Y3.111 E0.05268
G1 X-6.372 Y3.595 E0.02727
G1 X-5.98 Y4.234 E0.0374
G1 X-5.522 Y4.804 E0.03648
G1 X-4.979 Y5.363 E0.03888
G1 X-4.42 Y5.835 E0.0365
G1 X-3.871 Y6.211 E0.0332
G1 X-3.316 Y6.524 E0.03179
G1 X-2.731 Y6.793 E0.03212
G1 X-2.217 Y6.978 E0.02725
G1 X-1.657 Y7.131 E0.02896
G1 X-1.112 Y7.236 E0.02769
G1 X-.547 Y7.298 E0.02836
G1 X0.00 Y7.318 E0.02731
G1 X0.544 Y7.298 E0.02716
G1 X1.114 Y7.236 E0.02861
G1 X1.734 Y7.111 E0.03155
G1 X8.739 Y-19.033 E1.35034
G1 X9.04 Y-19.032 E0.01502
G1 X9.14 Y-19.032
G0 F12000 X9.4 Y-19.392
;TYPE:WALL-INNER
G1 F3000 X-9.4 Y-19.392 E0.93794
G1 X-9.4 Y5.176 E1.2257
G1 X-9.4 Y6.529 E0.0675
G1 X-8.977 Y7.111 E0.0359
G1 X-8.33 Y7.86 E0.04938
G1 X-7.724 Y8.451 E0.04223
G1 X-7.125 Y8.958 E0.03915
G1 X-6.501 Y9.425 E0.03888
G1 X-5.515 Y9.621 E0.05015
G1 X-4.398 Y9.796 E0.05641
G1 X-4.355 Y9.803 E0.00217
G1 X-4.242 Y9.821 E0.00571
G1 X-4.008 Y9.849 E0.01176
G1 X-3.402 Y9.921 E0.03045
G1 X-3.214 Y9.943 E0.00944
G1 X-2.461 Y10.009 E0.03771
G1 X-2.232 Y10.024 E0.01145
G1 X-1.758 Y10.056 E0.0237
G1 X-1.142 Y10.085 E0.03077
G1 X-1.085 Y10.088 E0.00285
G1 X-1.022 Y10.089 E0.00314
G1 X0.127 Y10.106 E0.05733
G1 X0.177 Y10.107 E0.0025
G1 X0.288 Y10.105 E0.00554
G1 X0.897 Y10.091 E0.03039
G1 X1.223 Y10.084 E0.01627
G1 X1.44 Y10.071 E0.01085
G1 X2.361 Y10.018 E0.04602
G1 X2.44 Y10.013 E0.00395
G1 X2.655 Y9.992 E0.01078
G1 X3.542 Y9.903 E0.04447
G1 X4.241 Y9.817 E0.03514
G1 X4.415 Y9.79 E0.00878
G1 X5.515 Y9.621 E0.05552
G1 X6.498 Y9.425 E0.05001
G1 X7.125 Y8.959 E0.03897
G1 X7.714 Y8.453 E0.03874
G1 X8.313 Y7.866 E0.04184
G1 X8.834 Y7.28 E0.03912
G1 X9.4 Y6.548 E0.04616
G1 X9.4 Y5.18 E0.06825
G1 X9.4 Y-19.392 E1.2259
G0 F12000 X9.8 Y-19.792
;TYPE:WALL-OUTER
G1 F1200 X-9.8 Y-19.792 E0.97785
G1 X-9.8 Y4.864 E1.23009
G1 X-9.8 Y6.659 E0.08955
G1 X-9.291 Y7.359 E0.04318
G1 X-8.622 Y8.134 E0.05108
G1 X-7.993 Y8.747 E0.04382
G1 X-7.375 Y9.271 E0.04042
G1 X-6.668 Y9.8 E0.04405
G1 X-5.585 Y10.015 E0.05509
G1 X-4.296 Y10.217 E0.06509
G1 X-3.255 Y10.341 E0.0523
G1 X-2.492 Y10.408 E0.03821
G1 X-1.78 Y10.456 E0.0356
G1 X-1.097 Y10.488 E0.03411
G1 X-.538 Y10.496 E0.02789
G1 X-.329 Y10.499 E0.01043
G1 X0.179 Y10.507 E0.02535
G1 X1.239 Y10.484 E0.0529
G1 X1.905 Y10.445 E0.03328
G1 X1.945 Y10.443 E0.002
G1 X2.472 Y10.412 E0.02634
G1 X3.514 Y10.309 E0.05224
G1 X4.296 Y10.213 E0.03931
G1 X5.585 Y10.015 E0.06506
G1 X6.664 Y9.8 E0.05489
G1 X7.375 Y9.271 E0.04421
G1 X7.984 Y8.748 E0.04005
G1 X8.603 Y8.142 E0.04322
G1 X9.142 Y7.536 E0.04046
G1 X9.8 Y6.683 E0.05375
G1 X9.8 Y4.87 E0.09045
G1 X9.8 Y-19.792 E1.23039
G0 F12000 X9 Y-19.792
G1 F3600 E-1
G0 F12000 X9 Y-19.092
G0 X9.02 Y-.612
;TYPE:SKIN
;BRIDGE
M107
G1 F3600 E1
G1 F1200 X9.02 Y5.831 E0.35359
G1 X9.02 Y6.415 E0.03205
G1 X8.542 Y7.032 E0.04283
G1 X8.035 Y7.601 E0.04182
G1 X7.452 Y8.172 E0.04478
G1 X6.886 Y8.659 E0.04098
G1 X6.336 Y9.068 E0.03761
G1 X5.478 Y9.24 E0.04802
G1 X5.445 Y9.247 E0.00185
G1 X4.114 Y9.449 E0.07388
G1 X2.431 Y9.631 E0.0929
G1 X1.223 Y9.703 E0.06641
G1 X0.191 Y9.724 E0.05665
G1 X-1.052 Y9.708 E0.06822
G1 X-1.749 Y9.674 E0.0383
G1 X-3.154 Y9.565 E0.07734
G1 X-4.136 Y9.453 E0.05424
G1 X-5.444 Y9.247 E0.07267
G1 X-5.483 Y9.239 E0.00218
G1 X-6.34 Y9.068 E0.04796
G1 X-6.887 Y8.655 E0.03761
G1 X-7.469 Y8.167 E0.04168
G1 X-8.054 Y7.594 E0.04494
G1 X-8.679 Y6.871 E0.05245
G1 X-9.02 Y6.402 E0.03182
G1 X-9.02 Y5.819 E0.03199
G1 X-9.02 Y-.612 E0.35293
G1 X-7.68 Y-.612 E0.07354
G1 X-7.628 Y0.645 E0.06904
G1 X-7.546 Y1.347 E0.03879
G1 X-7.403 Y1.951 E0.03406
G1 X-7.247 Y2.452 E0.0288
G1 X-6.943 Y3.233 E0.04599
G1 X-6.669 Y3.754 E0.03231
G1 X-6.267 Y4.413 E0.04236
G1 X-5.789 Y5.013 E0.0421
G1 X-5.204 Y5.616 E0.04611
G1 X-4.633 Y6.098 E0.04101
G1 X-4.058 Y6.497 E0.03841
G1 X-3.466 Y6.827 E0.0372
G1 X-2.909 Y7.086 E0.03371
G1 X-2.316 Y7.301 E0.03462
G1 X-1.751 Y7.457 E0.03217
G1 X-1.159 Y7.573 E0.03311
G1 X-.582 Y7.635 E0.03185
G1 X-0.008 Y7.656 E0.03152
G1 X0.568 Y7.636 E0.03163
G1 X1.163 Y7.573 E0.03284
G1 X1.747 Y7.457 E0.03268
G1 X2.298 Y7.305 E0.03137
G1 X2.876 Y7.097 E0.03371
G1 X3.464 Y6.826 E0.03553
G1 X4.042 Y6.503 E0.03634
G1 X4.61 Y6.113 E0.03781
G1 X5.253 Y5.574 E0.04605
G1 X5.765 Y5.039 E0.04064
G1 X6.244 Y4.446 E0.04183
G1 X6.663 Y3.761 E0.04407
G1 X7.029 Y3.052 E0.04379
G1 X7.349 Y2.16 E0.05201
G1 X7.55 Y1.323 E0.04724
G1 X7.631 Y0.586 E0.04069
G1 X7.68 Y-.612 E0.0658
G1 X9.02 Y-.612 E0.07354
G1 F3600 E-1
G0 F12000 X8.82 Y6.029
G1 F3600 E1
G1 F1200 X5.897 Y8.953 E0.2269
G1 X5.827 Y9.023
G0 F12000 X5.035 Y9.108
G1 F1200 X8.82 Y5.322 E0.2938
G0 F12000 X8.82 Y4.615
G1 F1200 X4.201 Y9.234 E0.35848
G1 X4.131 Y9.304
G0 F12000 X3.404 Y9.324
G1 F1200 X8.82 Y3.908 E0.42034
G0 F12000 X8.82 Y3.201
G1 F1200 X2.61 Y9.411 E0.48196
G0 F12000 X1.848 Y9.465
G1 F1200 X8.82 Y2.494 E0.54106
G0 F12000 X8.82 Y1.787
G1 F1200 X6.931 Y3.676 E0.14661
G1 X6.861 Y3.746
G0 F12000 X7.459 Y2.44
G1 F1200 X8.82 Y1.08 E0.10559
G0 F12000 X8.82 Y0.373
G1 F1200 X7.72 Y1.472 E0.08533
G1 X7.65 Y1.542
G0 F12000 X7.825 Y0.66
G1 F1200 X8.82 Y-.334 E0.07718
G0 F12000 X8.19 Y-.412
G1 F1200 X7.859 Y-0.081 E0.02569
G1 F3600 E-1
G0 F12000 X3.66 Y6.947
G1 F3600 E1
G1 F1200 X1.101 Y9.506 E0.19861
G0 F12000 X0.379 Y9.52
G1 F1200 X2.43 Y7.47 E0.15914
G1 X2.5 Y7.4
G0 F12000 X1.479 Y7.714
G1 F1200 X-.325 Y9.518 E0.14001
G0 F12000 X-1.023 Y9.508
G1 F1200 X0.659 Y7.826 E0.13054
G0 F12000 X-0.075 Y7.853
G1 F1200 X-1.699 Y9.477 E0.12604
G0 F12000 X-2.356 Y9.427
G1 F1200 X-.747 Y7.818 E0.12488
G0 F12000 X-1.37 Y7.734
G1 F1200 X-3.012 Y9.376 E0.12744
G0 F12000 X-3.651 Y9.308
G1 F1200 X-1.952 Y7.609 E0.13186
G0 F12000 X-2.498 Y7.447
G1 F1200 X-4.279 Y9.229 E0.13826
G0 F12000 X-4.89 Y9.132
G1 F1200 X-3.014 Y7.257 E0.14556
G0 F12000 X-3.498 Y7.034
G1 F1200 X-5.497 Y9.033 E0.15514
G0 F12000 X-6.087 Y8.915
G1 F1200 X-3.955 Y6.783 E0.16547
G0 F12000 X-4.388 Y6.51
G1 F1200 X-6.543 Y8.664 E0.16721
G0 F12000 X-6.937 Y8.352
G1 F1200 X-4.802 Y6.216 E0.16574
G0 F12000 X-5.186 Y5.893
G1 F1200 X-7.323 Y8.03 E0.16585
G0 F12000 X-7.681 Y7.681
G1 F1200 X-5.548 Y5.548 E0.16554
G0 F12000 X-5.897 Y5.189
G1 F1200 X-8.026 Y7.319 E0.16527
G0 F12000 X-8.354 Y6.94
G1 F1200 X-6.214 Y4.8 E0.16609
G0 F12000 X-6.514 Y4.393
G1 F1200 X-8.668 Y6.546 E0.16714
G0 F12000 X-8.82 Y5.991
G1 F1200 X-6.783 Y3.954 E0.15809
G0 F12000 X-7.031 Y3.495
G1 F1200 X-8.82 Y5.284 E0.13885
G0 F12000 X-8.82 Y4.577
G1 F1200 X-7.247 Y3.004 E0.12208
G0 F12000 X-7.444 Y2.494
G1 F1200 X-8.82 Y3.87 E0.10679
G0 F12000 X-8.82 Y3.163
G1 F1200 X-7.609 Y1.952 E0.09399
G0 F12000 X-7.744 Y1.38
G1 F1200 X-8.82 Y2.456 E0.08351
G0 F12000 X-8.82 Y1.749
G1 F1200 X-7.818 Y0.747 E0.07777
G0 F12000 X-7.852 Y0.074
G1 F1200 X-8.82 Y1.042 E0.07513
G0 F12000 X-8.82 Y0.334
G1 F1200 X-8.073 Y-.412 E0.05794
G1 X-8.003 Y-.482
G1 F3600 E-1
;MESH:NONMESH
G0 F600 X-8.003 Y-.482 Z12.3
G0 F12000 X1.437 Y8.619
;TIME_ELAPSED:434.951829
;LAYER:40
M106 S255
;TYPE:FILL
;MESH:overhang.stl
G1 F3600 E1
G1 F9600 X3.074 Y8.18 E0.08456
G1 X2.836 Y8.27 E0.01269
G1 X2.251 Y8.45 E0.03054
G1 X1.689 Y8.577 E0.02875
G1 X1.095 Y8.674 E0.03003
G1 X8.519 Y-19.033 E1.43107
G1 X-6.732 Y-19.032 E0.76088
G1 X9.04 Y-3.259 E1.11284
G1 X9.04 Y2.063 E0.26552
G1 X8.56 Y1.982 E0.02429
G1 X8.167 Y3.107 E0.05945
G1 X7.875 Y3.813 E0.03812
G1 X7.32 Y4.807 E0.0568
G1 X6.759 Y5.543 E0.04617
G1 X6.258 Y6.112 E0.03782
G1 X5.624 Y6.692 E0.04287
G1 X5.062 Y7.126 E0.03543
G1 X4.519 Y7.483 E0.03242
G1 X3.935 Y7.806 E0.0333
G1 X3.388 Y8.06 E0.03009
G1 X-9.04 Y-4.369 E0.8769
G1 X-9.04 Y-13.421 E0.45161
G1 X9.04 Y-18.265 E0.93383
G1 X9.039 Y-5.842 E0.61979
G1 X-9.039 Y-.997 E0.93374
G1 X-3.904 Y-19.033 E0.93558
G1 X-3.877 Y-19.129
G1 F3600 E-1
G0 F12000 X-3.877 Y-19.092
G0 X9.13 Y-19.122
G0 X9.4 Y-19.392
;TYPE:WALL-INNER
G1 F3600 E1
G1 F3000 X-9.4 Y-19.392 E0.93794
G1 X-9.4 Y7.21 E1.32718
G1 X-9.4 Y8.169 E0.04784
G1 X-8.94 Y8.678 E0.03423
G1 X-8.157 Y9.434 E0.0543
G1 X-7.355 Y9.64 E0.04131
G1 X-6.707 Y9.784 E0.03312
G1 X-6.684 Y9.789 E0.00117
G1 X-5.512 Y10.021 E0.05961
G1 X-4.893 Y10.124 E0.03131
G1 X-4.858 Y10.13 E0.00177
G1 X-4.84 Y10.132 E0.0009
G1 X-3.676 Y10.292 E0.05862
G1 X-3.002 Y10.362 E0.03381
G1 X-1.837 Y10.448 E0.05828
G1 X-.689 Y10.496 E0.05732
G1 X-.605 Y10.5 E0.0042
G1 X-.408 Y10.5 E0.00983
G1 X0.548 Y10.5 E0.0477
G1 X0.605 Y10.5 E0.00284
G1 X0.686 Y10.497 E0.00404
G1 X1.836 Y10.448 E0.05743
G1 X3.067 Y10.354 E0.06159
G1 X4.056 Y10.244 E0.04965
G1 X4.919 Y10.121 E0.04349
G1 X4.958 Y10.115 E0.00197
G1 X5.139 Y10.085 E0.00915
G1 X5.508 Y10.025 E0.01865
G1 X6.683 Y9.789 E0.05979
G1 X6.783 Y9.769 E0.00509
G1 X7.285 Y9.655 E0.02568
G1 X8.154 Y9.433 E0.04475
G1 X8.94 Y8.678 E0.05437
G1 X9.4 Y8.169 E0.03423
G1 X9.4 Y7.205 E0.04809
G1 X9.4 Y-19.392 E1.32693
G0 F12000 X9.8 Y-19.792
;TYPE:WALL-OUTER
G1 F1200 X-9.8 Y-19.792 E0.97785
G1 X-9.8 Y6.92 E1.33267
G1 X-9.8 Y8.323 E0.07
G1 X-9.228 Y8.956 E0.04256
G1 X-8.359 Y9.795 E0.06026
G1 X-7.449 Y10.029 E0.04688
G1 X-6.83 Y10.168 E0.03165
G1 X-6.438 Y10.246 E0.01994
G1 X-5.684 Y10.395 E0.03834
G1 X-5.584 Y10.415 E0.00509
G1 X-4.918 Y10.526 E0.03369
G1 X-4.453 Y10.59 E0.02342
G1 X-4.242 Y10.618 E0.01062
G1 X-3.724 Y10.689 E0.02608
G1 X-3.256 Y10.737 E0.02347
G1 X-3.038 Y10.76 E0.01094
G1 X-1.86 Y10.848 E0.05893
G1 X-1.13 Y10.878 E0.03645
G1 X-.615 Y10.9 E0.02572
G1 X0.615 Y10.9 E0.06136
G1 X1.087 Y10.88 E0.02357
G1 X1.33 Y10.87 E0.01213
G1 X1.86 Y10.848 E0.02646
G1 X2.43 Y10.804 E0.02852
G1 X2.604 Y10.791 E0.00871
G1 X3.105 Y10.752 E0.02507
G1 X3.559 Y10.702 E0.02279
G1 X4.106 Y10.641 E0.02746
G1 X4.444 Y10.593 E0.01703
G1 X5.022 Y10.51 E0.02913
G1 X5.58 Y10.419 E0.02821
G1 X5.792 Y10.376 E0.01079
G1 X6.438 Y10.246 E0.03288
G1 X6.871 Y10.159 E0.02203
G1 X7.383 Y10.043 E0.02619
G1 X8.355 Y9.795 E0.05005
G1 X9.228 Y8.956 E0.06041
G1 X9.8 Y8.323 E0.04256
G1 X9.8 Y6.918 E0.0701
G1 X9.8 Y-19.792 E1.33257
G0 F12000 X9 Y-19.792
G1 F3600 E-1
G0 F12000 X9 Y-19.092
G0 X1.568 Y9.7
;TYPE:SKIN
;BRIDGE
M107
G1 F3600 E1
G1 F1200 X0.6 Y9.756 E0.0455
G1 X-.57 Y9.753 E0.05265
G1 X-1.588 Y9.699 E0.04755
G1 X-1.534 Y9.348 E0.01686
G1 X-.62 Y9.423 E0.04202
G1 X-0.019 Y9.442 E0.02656
G1 X0.57 Y9.428 E0.02603
G1 X1.14 Y9.383 E0.02628
G1 X1.511 Y9.328 E0.01791
G1 X1.568 Y9.7 E0.01833
G1 F3600 E-1
G0 F12000 X9.02 Y2.401
G1 F3600 E1
G1 F1200 X9.02 Y7.679 E0.28965
G1 X9.02 Y8.022 E0.01882
G1 X8.668 Y8.408 E0.02867
G1 X7.963 Y9.087 E0.05372
G1 X7.435 Y9.221 E0.02989
G1 X7.008 Y9.33 E0.02418
G1 X5.455 Y9.647 E0.08698
G1 X4.906 Y9.737 E0.03053
G1 X3.969 Y9.868 E0.05192
G1 X3.039 Y9.972 E0.05136
G1 X1.82 Y10.067 E0.0671
G1 X0.602 Y10.12 E0.06691
G1 X-.581 Y10.119 E0.06492
G1 X-1.803 Y10.068 E0.06712
G1 X-2.955 Y9.98 E0.06341
G1 X-3.617 Y9.914 E0.03651
G1 X-4.75 Y9.762 E0.06274
G1 X-5.44 Y9.647 E0.03839
G1 X-6.649 Y9.407 E0.06764
G1 X-7.24 Y9.274 E0.03324
G1 X-7.433 Y9.224 E0.01094
G1 X-7.967 Y9.087 E0.03025
G1 X-8.668 Y8.412 E0.05341
G1 X-9.02 Y8.023 E0.02879
G1 X-9.02 Y7.674 E0.01915
G1 X-9.02 Y2.4 E0.28943
G1 X-8.785 Y2.358 E0.0131
G1 X-8.481 Y3.234 E0.05089
G1 X-8.249 Y3.793 E0.03321
G1 X-8.004 Y4.289 E0.03036
G1 X-7.613 Y4.958 E0.04252
G1 X-7.295 Y5.405 E0.03011
G1 X-6.963 Y5.838 E0.02994
G1 X-6.427 Y6.42 E0.04342
G1 X-5.851 Y6.947 E0.04284
G1 X-5.255 Y7.407 E0.04132
G1 X-4.661 Y7.792 E0.03885
G1 X-4.101 Y8.1 E0.03507
G1 X-3.501 Y8.382 E0.03638
G1 X-2.932 Y8.599 E0.03342
G1 X-2.355 Y8.776 E0.03312
G1 X-1.768 Y8.908 E0.03302
G1 X-1.173 Y9.006 E0.03309
G1 X-.588 Y9.064 E0.03226
G1 X-0.007 Y9.084 E0.0319
G1 X0.56 Y9.064 E0.03114
G1 X1.106 Y9.016 E0.03008
G1 X1.745 Y8.91 E0.03555
G1 X2.328 Y8.78 E0.03278
G1 X2.923 Y8.6 E0.03411
G1 X3.487 Y8.388 E0.03307
G1 X4.093 Y8.106 E0.03668
G1 X4.665 Y7.792 E0.03581
G1 X5.246 Y7.412 E0.0381
G1 X5.847 Y6.946 E0.04174
G1 X6.491 Y6.361 E0.04775
G1 X7.027 Y5.753 E0.04448
G1 X7.608 Y4.985 E0.05285
G1 X8.179 Y3.966 E0.0641
G1 X8.51 Y3.151 E0.04827
G1 X8.786 Y2.362 E0.04587
G1 X9.02 Y2.401 E0.01302
G1 F3600 E-1
G0 F12000 X8.82 Y7.443
G1 F3600 E1
G1 F1200 X7.185 Y9.079 E0.12693
G1 X7.115 Y9.149
G0 F12000 X6.282 Y9.274
G1 F1200 X8.82 Y6.736 E0.19698
G0 F12000 X8.82 Y6.029
G1 F1200 X5.395 Y9.455 E0.26586
G1 X5.325 Y9.525
G0 F12000 X4.558 Y9.584
G1 F1200 X8.82 Y5.322 E0.33078
G0 F12000 X8.82 Y4.615
G1 F1200 X3.743 Y9.692 E0.39403
G0 F12000 X2.95 Y9.778
G1 F1200 X4.761 Y7.967 E0.14055
G1 X4.831 Y7.897
G0 F12000 X3.377 Y8.644
G1 F1200 X2.184 Y9.837 E0.09259
G0 F12000 X1.73 Y9.584
G1 F1200 X2.329 Y8.984 E0.04653
G1 X2.399 Y8.914
G1 F3600 E-1
G0 F12000 X-1.742 Y9.52
G1 F3600 E1
G1 F1200 X-2.07 Y9.848 E0.02546
G0 F12000 X-2.726 Y9.797
G1 F1200 X-1.991 Y9.062 E0.05704
G0 F12000 X-2.558 Y8.922
G1 F1200 X-3.373 Y9.737 E0.06325
G0 F12000 X-4.004 Y9.66
G1 F1200 X-3.094 Y8.75 E0.07063
G0 F12000 X-3.604 Y8.554
G1 F1200 X-4.627 Y9.576 E0.07936
G0 F12000 X-5.235 Y9.478
G1 F1200 X-4.085 Y8.328 E0.08925
G0 F12000 X-4.546 Y8.082
G1 F1200 X-5.83 Y9.366 E0.09965
G0 F12000 X-6.421 Y9.249
G1 F1200 X-4.988 Y7.816 E0.11122
G0 F12000 X-5.414 Y7.535
G1 F1200 X-7.002 Y9.123 E0.12325
G0 F12000 X-7.569 Y8.983
G1 F1200 X-5.812 Y7.227 E0.13632
G0 F12000 X-6.196 Y6.903
G1 F1200 X-8.036 Y8.743 E0.1428
G0 F12000 X-8.396 Y8.396
G1 F1200 X-6.565 Y6.565 E0.14211
G0 F12000 X-6.904 Y6.197
G1 F1200 X-8.74 Y8.033 E0.14249
G0 F12000 X-8.82 Y7.406
G1 F1200 X-7.232 Y5.817 E0.12328
G0 F12000 X-7.535 Y5.414
G1 F1200 X-8.82 Y6.698 E0.09969
G0 F12000 X-8.82 Y5.992
G1 F1200 X-7.824 Y4.996 E0.0773
G0 F12000 X-8.085 Y4.55
G1 F1200 X-8.82 Y5.285 E0.05704
G0 F12000 X-8.82 Y4.578
G1 F1200 X-8.328 Y4.085 E0.03822
G0 F12000 X-8.548 Y3.598
G1 F1200 X-8.821 Y3.871 E0.02119
G0 F12000 X-8.821 Y3.164
G1 F1200 X-8.744 Y3.087 E0.00598
G1 F3600 E-1
G0 F12000 X7.955 Y4.773
G1 F3600 E1
G1 F1200 X8.82 Y3.907 E0.06717
G0 F12000 X8.627 Y3.394
G1 F1200 X8.82 Y3.2 E0.01502
G0 F12000 X8.8 Y3.2
G1 F3600 E-1
;MESH:NONMESH
G0 F600 X8.8 Y3.2 Z12.6
G0 F12000 X8.3 Y-19.032
;TIME_ELAPSED:451.400454
;LAYER:41
M106 S255
;TYPE:FILL
;MESH:overhang.stl
G1 F3600 E1
G1 F9600 X0.698 Y9.338 E1.46532
G1 X1.726 Y9.299 E0.05132
G1 X2.62 Y9.241 E0.0447
G1 X4.248 Y9.051 E0.08177
G1 X4.525 Y8.897 E0.01581
G1 X-5.727 Y-1.356 E0.72337
G1 X-9.039 Y-2.243 E0.17106
G1 X-9.039 Y-2.601 E0.01786
G1 X-5.637 Y-1.689 E0.17572
G1 X9.04 Y-5.622 E0.75807
G1 X9.039 Y-18.045 E0.61979
G1 X-9.04 Y-13.201 E0.93378
G1 X-9.04 Y-19.032 E0.29091
G1 X-6.433 Y-19.032 E0.13006
G1 X9.04 Y-3.559 E1.0917
G1 X9.04 Y4.865 E0.42028
G1 X8.813 Y4.795 E0.01185
G1 X7.92 Y6.082 E0.07815
G1 X7.414 Y6.681 E0.03912
G1 X6.673 Y7.435 E0.05274
G1 X-.45 Y9.344 E0.36791
G1 X-1.316 Y9.32 E0.04322
G1 X-1.936 Y9.287 E0.03098
G1 X-3.028 Y9.197 E0.05466
G1 X-4.253 Y9.05 E0.06155
G1 X-5.121 Y8.57 E0.04949
G1 X-5.701 Y8.191 E0.03457
G1 X-6.272 Y7.763 E0.0356
G1 X-6.811 Y7.297 E0.03555
G1 X-7.409 Y6.687 E0.04262
G1 X-7.923 Y6.078 E0.03976
G1 X-8.283 Y5.56 E0.03147
G1 X-8.782 Y4.786 E0.04594
G1 X-9.04 Y4.861 E0.0134
G1 X-9.04 Y-.684 E0.27664
G1 X-4.123 Y-19.033 E0.94773
G1 X9.04 Y-19.032 E0.6567
G1 X9.14 Y-19.032
G0 F12000 X9.4 Y-19.392
;TYPE:WALL-INNER
G1 F3000 X-9.4 Y-19.392 E0.93794
G1 X-9.4 Y8.771 E1.40506
G1 X-9.4 Y9.493 E0.03602
G1 X-8.379 Y9.778 E0.05289
G1 X-7.917 Y9.907 E0.02393
G1 X-7.302 Y10.052 E0.03152
G1 X-6.13 Y10.303 E0.0598
G1 X-5.522 Y10.416 E0.03085
G1 X-4.242 Y10.617 E0.06464
G1 X-3.58 Y10.695 E0.03326
G1 X-2.45 Y10.801 E0.05662
G1 X-1.398 Y10.864 E0.05258
G1 X-.106 Y10.895 E0.06448
G1 X0.487 Y10.892 E0.02959
G1 X1.759 Y10.846 E0.0635
G1 X2.45 Y10.801 E0.03455
G1 X3.238 Y10.731 E0.03947
G1 X4.113 Y10.63 E0.04394
G1 X4.972 Y10.509 E0.04328
G1 X5.517 Y10.417 E0.02757
G1 X6.518 Y10.224 E0.05086
G1 X7.357 Y10.04 E0.04285
G1 X8.377 Y9.779 E0.05253
G1 X8.612 Y9.719 E0.0121
G1 X9.4 Y9.484 E0.04102
G1 X9.4 Y8.77 E0.03562
G1 X9.4 Y-19.392 E1.40501
G0 F12000 X9.8 Y-19.792
;TYPE:WALL-OUTER
G1 F1200 X-9.8 Y-19.792 E0.97785
G1 X-9.8 Y8.496 E1.41129
G1 X-9.8 Y9.711 E0.06062
G1 X-9.673 Y9.832 E0.00875
G1 X-8.185 Y10.247 E0.07707
G1 X-8.017 Y10.294 E0.0087
G1 X-7.386 Y10.443 E0.03235
G1 X-6.208 Y10.695 E0.0601
G1 X-5.59 Y10.81 E0.03136
G1 X-4.296 Y11.013 E0.06535
G1 X-3.622 Y11.093 E0.03386
G1 X-2.48 Y11.2 E0.05722
G1 X-1.415 Y11.264 E0.05323
G1 X-.11 Y11.295 E0.06513
G1 X0.495 Y11.292 E0.03018
G1 X1.662 Y11.252 E0.05826
G1 X2.48 Y11.2 E0.04089
G1 X3.279 Y11.129 E0.04002
G1 X4.238 Y11.017 E0.04817
G1 X4.969 Y10.914 E0.03683
G1 X5.588 Y10.811 E0.03131
G1 X6.599 Y10.616 E0.05137
G1 X7.449 Y10.429 E0.04342
G1 X8.174 Y10.244 E0.03733
G1 X8.726 Y10.103 E0.02842
G1 X9.694 Y9.814 E0.0504
G1 X9.8 Y9.708 E0.00748
G1 X9.8 Y8.495 E0.06052
G1 X9.8 Y-19.792 E1.41124
G0 F12000 X9 Y-19.792
G1 F3600 E-1
G0 F12000 X9 Y-19.092
G0 X-4.879 Y9.641
;TYPE:SKIN
;BRIDGE
M107
G1 F3600 E1
G1 F1200 X-4.37 Y9.805 E0.03654
G1 X-3.003 Y9.952 E0.07941
G1 X-2.379 Y10.006 E0.03643
G1 X-1.353 Y10.07 E0.06051
G1 X0.234 Y10.105 E0.09278
G1 X1.747 Y10.051 E0.08765
G1 X2.988 Y9.956 E0.0724
G1 X4.473 Y9.777 E0.08701
G1 X4.881 Y9.64 E0.02941
G1 F3600 E-1
G0 F12000 X9.02 Y5.212
G1 F3600 E1
G1 F1200 X9.02 Y9.162 E0.21677
G1 X9.02 Y9.198 E0.00198
G1 X8.965 Y9.214 E0.00314
G1 X8.519 Y9.348 E0.02556
G1 X7.279 Y9.666 E0.07025
G1 X6.466 Y9.846 E0.0457
G1 X5.507 Y10.03 E0.05359
G1 X4.801 Y10.146 E0.03926
G1 X4.127 Y10.243 E0.03737
G1 X3.2 Y10.352 E0.05122
G1 X2.425 Y10.42 E0.04269
G1 X1.801 Y10.46 E0.03431
G1 X0.482 Y10.512 E0.07244
G1 X-0.093 Y10.512 E0.03156
G1 X-1.372 Y10.484 E0.07021
G1 X-2.411 Y10.42 E0.05713
G1 X-3.536 Y10.316 E0.062
G1 X-4.129 Y10.25 E0.03274
G1 X-5.463 Y10.04 E0.07411
G1 X-6.045 Y9.928 E0.03253
G1 X-7.233 Y9.674 E0.06667
G1 X-7.773 Y9.545 E0.03047
G1 X-8.961 Y9.219 E0.06761
G1 X-9.02 Y9.203 E0.00335
G1 X-9.02 Y9.163 E0.0022
G1 X-9.02 Y5.21 E0.21694
G1 X-8.927 Y5.182 E0.00533
G1 X-8.557 Y5.757 E0.03752
G1 X-8.192 Y6.279 E0.03496
G1 X-7.674 Y6.897 E0.04425
G1 X-7.088 Y7.5 E0.04614
G1 X-6.5 Y8.015 E0.0429
G1 X-5.886 Y8.476 E0.04214
G1 X-5.29 Y8.864 E0.03903
G1 X-4.357 Y9.377 E0.05843
G1 X-3.683 Y9.467 E0.03732
G1 X-3.018 Y9.539 E0.03671
G1 X-1.921 Y9.628 E0.0604
G1 X-1.341 Y9.659 E0.03188
G1 X-0.003 Y9.688 E0.07345
G1 X0.611 Y9.68 E0.0337
G1 X1.736 Y9.64 E0.06178
G1 X3.004 Y9.54 E0.0698
G1 X3.674 Y9.467 E0.03699
G1 X4.351 Y9.378 E0.03747
G1 X5.302 Y8.855 E0.05956
G1 X5.89 Y8.472 E0.03851
G1 X6.48 Y8.033 E0.04036
G1 X7.068 Y7.519 E0.04286
G1 X7.664 Y6.908 E0.04684
G1 X8.177 Y6.302 E0.04357
G1 X8.949 Y5.19 E0.07429
G1 X9.02 Y5.212 E0.00408
G1 F3600 E-1
G0 F12000 X8.82 Y8.858
G1 F3600 E1
G1 F1200 X8.542 Y9.136 E0.02158
G0 F12000 X7.591 Y9.38
G1 F1200 X8.82 Y8.151 E0.09538
G0 F12000 X8.82 Y7.444
G1 F1200 X6.666 Y9.598 E0.16717
G1 X6.596 Y9.668
G0 F12000 X5.786 Y9.77
G1 F1200 X8.82 Y6.737 E0.23543
G0 F12000 X8.82 Y6.029
G1 F1200 X7.839 Y7.01 E0.07614
G1 X7.769 Y7.08
G0 F12000 X7.037 Y7.812
G1 F1200 X5.192 Y9.658 E0.14323
G1 X5.122 Y9.728
G1 F3600 E-1
G0 F12000 X-5.059 Y9.302
G1 F3600 E1
G1 F1200 X-5.571 Y9.814 E0.03974
G0 F12000 X-6.164 Y9.699
G1 F1200 X-5.458 Y8.994 E0.05475
G0 F12000 X-5.887 Y8.715
G1 F1200 X-6.746 Y9.574 E0.06667
G0 F12000 X-7.326 Y9.447
G1 F1200 X-6.296 Y8.417 E0.07994
G0 F12000 X-6.695 Y8.109
G1 F1200 X-7.891 Y9.306 E0.09286
G0 F12000 X-8.446 Y9.153
G1 F1200 X-7.072 Y7.779 E0.10664
G0 F12000 X-7.432 Y7.432
G1 F1200 X-8.82 Y8.82 E0.10772
G0 F12000 X-8.82 Y8.113
G1 F1200 X-7.781 Y7.074 E0.08064
G0 F12000 X-8.107 Y6.693
G1 F1200 X-8.82 Y7.406 E0.05534
G0 F12000 X-8.82 Y6.698
G1 F1200 X-8.421 Y6.3 E0.03093
G0 F12000 X-8.82 Y5.991
G1 F1200 X-8.709 Y5.88 E0.00861
G1 F3600 E-1
;MESH:NONMESH
G0 F600 X-8.709 Y5.88 Z12.9
G0 F12000 X9.04 Y-3.859
;TIME_ELAPSED:465.654475
;LAYER:42
M106 S255
;TYPE:FILL
;MESH:overhang.stl
G1 F3600 E1
G1 F9600 X-4.478 Y-17.377 E0.95377
G1 X-4.921 Y-19.033 E0.08552
G1 X-5.279 Y-19.032 E0.01786
G1 X-4.811 Y-17.286 E0.09018
G1 X-9.04 Y-1.505 E0.8151
G1 X-9.04 Y-.558 E0.04725
G1 X9.04 Y-5.403 E0.93384
G1 X9.04 Y6.516 E0.59464
G1 X8.451 Y7.178 E0.04421
G1 X-1.073 Y9.73 E0.49192
G1 X0.367 Y9.752 E0.07185
G1 X8.08 Y-19.032 E1.4867
G1 X9.04 Y-19.032 E0.04789
G1 X9.039 Y-17.826 E0.06017
G1 X-9.039 Y-12.982 E0.93373
G1 X-9.04 Y-4.969 E0.39977
G1 X5.23 Y9.302 E1.00686
G1 X4.251 Y9.457 E0.04945
G1 X4.153 Y9.472
G1 F3600 E-1
G0 F12000 X9.13 Y-19.122
G0 X9.4 Y-19.392
;TYPE:WALL-INNER
G1 F3600 E1
G1 F3000 X-9.4 Y-19.392 E0.93794
G1 X-9.4 Y9.898 E1.46128
G1 X-7.976 Y10.286 E0.07363
G1 X-6.7 Y10.582 E0.06535
G1 X-6.136 Y10.698 E0.02873
G1 X-4.855 Y10.919 E0.06485
G1 X-4.23 Y11.004 E0.03147
G1 X-3.066 Y11.138 E0.05846
G1 X-1.914 Y11.229 E0.05765
G1 X-1.24 Y11.26 E0.03366
G1 X-0.001 Y11.283 E0.06182
G1 X1.221 Y11.26 E0.06098
G1 X1.776 Y11.236 E0.02771
G1 X3.064 Y11.138 E0.06444
G1 X3.863 Y11.052 E0.04009
G1 X4.829 Y10.92 E0.04864
G1 X5.521 Y10.812 E0.03494
G1 X6.693 Y10.584 E0.05957
G1 X7.938 Y10.296 E0.06375
G1 X9.4 Y9.9 E0.07557
G1 X9.4 Y-19.392 E1.46138
G0 F12000 X9.8 Y-19.792
;TYPE:WALL-OUTER
G1 F1200 X-9.8 Y-19.792 E0.97785
G1 X-9.8 Y10.184 E1.49551
G1 X-9.304 Y10.339 E0.02593
G1 X-8.074 Y10.674 E0.0636
G1 X-6.829 Y10.964 E0.06378
G1 X-6.21 Y11.091 E0.03153
G1 X-4.917 Y11.314 E0.06546
G1 X-4.346 Y11.393 E0.02876
G1 X-3.104 Y11.536 E0.06237
G1 X-1.939 Y11.628 E0.0583
G1 X-1.253 Y11.66 E0.03426
G1 X-0.001 Y11.683 E0.06247
G1 X1.233 Y11.66 E0.06158
G1 X1.8 Y11.636 E0.02831
G1 X2.985 Y11.546 E0.05929
G1 X3.911 Y11.449 E0.04645
G1 X4.89 Y11.315 E0.0493
G1 X5.589 Y11.206 E0.03529
G1 X6.718 Y10.988 E0.05737
G1 X7.953 Y10.705 E0.06321
G1 X9.216 Y10.364 E0.06527
G1 X9.8 Y10.187 E0.03044
G1 X9.8 Y-19.792 E1.49566
G0 F12000 X9 Y-19.792
G1 F3600 E-1
G0 F12000 X9 Y-19.092
G0 X-8.592 Y8.04
;TYPE:SKIN
G1 F3600 E1
G1 F2623 X-8.659 Y8.079 E0.00354
G1 X-8.66 Y8.001 E0.00356
G1 X-8.592 Y8.04 E0.00358
G0 F12000 X-6.924 Y9.661
G1 F2064.5 X-6.62 Y9.792 E0.0192
G1 F2364.5 X-5.587 Y9.994 E0.0533
G1 F2352.9 X-4.507 Y10.173 E0.05571
G1 F2330.1 X-2.975 Y10.351 E0.07925
G1 X-1.855 Y10.442 E0.05774
G1 F2324.5 X-1.113 Y10.475 E0.03826
G1 F2318.8 X0.00 Y10.493 E0.05748
G1 F2313.3 X1.194 Y10.472 E0.06181
G1 F2335.8 X2.468 Y10.395 E0.06543
G1 F2358.7 X3.391 Y10.311 E0.04705
G1 F2347.2 X4.346 Y10.191 E0.0491
G1 F2335.8 X5.572 Y10 E0.06361
G1 X6.535 Y9.809 E0.05033
G1 F2021.1 X6.908 Y9.657 E0.02386
G0 F12000 X8.683 Y8.037
G1 F2637.4 X8.616 Y8.076 E0.00352
G1 X8.615 Y7.998 E0.00354
G1 X8.683 Y8.037 E0.00356
G0 F12000 X9.021 Y7.044
G1 F2400 X9.02 Y9.603 E0.12767
G1 X7.854 Y9.923 E0.06032
G1 X6.56 Y10.222 E0.06626
G1 X5.461 Y10.437 E0.05587
G1 X4.773 Y10.542 E0.03472
G1 X3.767 Y10.677 E0.05064
G1 X3.03 Y10.756 E0.03698
G1 X1.757 Y10.856 E0.06371
G1 X1.21 Y10.88 E0.02732
G1 X0.006 Y10.9 E0.06008
G1 X-1.218 Y10.88 E0.06107
G1 X-1.881 Y10.848 E0.03312
G1 X-3.016 Y10.756 E0.05681
G1 X-4.737 Y10.55 E0.08647
G1 X-6.056 Y10.323 E0.06677
G1 X-6.653 Y10.201 E0.0304
G1 X-7.873 Y9.916 E0.0625
G1 X-9.02 Y9.607 E0.05926
G1 X-9.02 Y7.028 E0.12867
G1 X-8.32 Y7.843 E0.0536
G1 X-7.703 Y8.44 E0.04283
G1 X-7.122 Y8.937 E0.03814
G1 X-6.496 Y9.408 E0.03908
G1 X-5.511 Y9.601 E0.05008
G1 X-4.28 Y9.796 E0.06218
G1 X-3.172 Y9.927 E0.05566
G1 X-2.458 Y9.992 E0.03577
G1 X-1.833 Y10.036 E0.03126
G1 X-1.097 Y10.068 E0.03675
G1 X0.168 Y10.088 E0.06312
G1 X1.225 Y10.064 E0.05275
G1 X2.448 Y9.992 E0.06112
G1 X3.403 Y9.904 E0.04785
G1 X4.298 Y9.791 E0.04501
G1 X5.507 Y9.602 E0.06105
G1 X6.491 Y9.409 E0.05003
G1 X7.112 Y8.945 E0.03867
G1 X7.695 Y8.444 E0.03835
G1 X8.304 Y7.852 E0.04237
G1 X9.021 Y7.044 E0.05389
G0 F12000 X8.217 Y8.217
G1 F2400 X8.82 Y8.82 E0.04254
G0 F12000 X8.82 Y9.386
G1 F2400 X7.93 Y8.496 E0.06279
G0 F12000 X7.632 Y8.763
G1 F2400 X8.427 Y9.558 E0.05609
G0 F12000 X7.983 Y9.68
G1 F2400 X7.327 Y9.024 E0.04628
G0 F12000 X7.024 Y9.287
G1 F2400 X7.53 Y9.793 E0.0357
G1 F3600 E-1
G0 F12000 X-7.059 Y9.346
G1 F3600 E1
G1 F2400 X-7.687 Y8.718 E0.04431
G1 X-7.757 Y8.648
G0 F12000 X-7.812 Y9.724
G1 F2400 X-8.82 Y8.716 E0.07112
G0 F12000 X-8.703 Y8.267
G1 F2400 X-7.249 Y9.721 E0.10259
G1 X-7.179 Y9.791
G0 F12000 X-8.585 Y9.517
G1 F2400 X-8.82 Y9.281 E0.01662
G0 F12000 X-8.8 Y9.281
G1 F3600 E-1
;MESH:NONMESH
G0 F600 X-8.8 Y9.281 Z13.2
G0 F12000 X9.04 Y-4.158
;TIME_ELAPSED:477.152438
;LAYER:43
;TYPE:FILL
;MESH:overhang.stl
G1 F3600 E1
G1 F9600 X-4.587 Y-17.786 E0.96149
G1 X-4.921 Y-19.032 E0.06436
G1 X-5.278 Y-19.032 E0.01781
G1 X-4.921 Y-17.697 E0.06894
G1 X-9.04 Y-2.324 E0.79402
G1 X-9.039 Y-.339 E0.09903
G1 X9.04 Y-5.183 E0.93378
G1 X9.039 Y7.24 E0.61979
G1 X-1.633 Y10.1 E0.55122
G1 X-.604 Y10.14 E0.05138
G1 X0.043 Y10.146 E0.03228
G1 X7.861 Y-19.032 E1.50704
G1 X9.04 Y-19.032 E0.05882
G1 X9.04 Y-17.607 E0.07109
G1 X-9.039 Y-12.762 E0.93379
G1 X-9.04 Y-5.268 E0.37388
G1 X5.839 Y9.611 E1.04979
G1 X4.058 Y9.883 E0.08988
G1 X3.96 Y9.898
G1 F3600 E-1
G0 F12000 X9.13 Y-19.122
G0 X9.4 Y-19.392
;TYPE:WALL-INNER
G1 F3600 E1
G1 F3000 X-9.4 Y-19.392 E0.93794
G1 X-9.399 Y10.287 E1.48069
G1 X-8.581 Y10.523 E0.04247
G1 X-7.869 Y10.705 E0.03666
G1 X-6.752 Y10.964 E0.05721
G1 X-5.472 Y11.208 E0.06501
G1 X-4.293 Y11.381 E0.05945
G1 X-3.206 Y11.507 E0.05459
G1 X-2.462 Y11.573 E0.03726
G1 X-1.762 Y11.616 E0.03499
G1 X-.607 Y11.66 E0.05766
G1 X0.166 Y11.663 E0.03857
G1 X1.339 Y11.636 E0.05854
G1 X2.443 Y11.573 E0.05517
G1 X3.476 Y11.479 E0.05175
G1 X4.346 Y11.374 E0.04372
G1 X4.857 Y11.302 E0.02575
G1 X5.861 Y11.137 E0.05076
G1 X6.747 Y10.965 E0.04503
G1 X7.94 Y10.691 E0.06107
G1 X9.4 Y10.288 E0.07556
G1 X9.4 Y-19.392 E1.48074
G0 F12000 X9.8 Y-19.792
;TYPE:WALL-OUTER
G1 F1200 X-9.8 Y-19.792 E0.97785
G1 X-9.799 Y10.583 E1.51541
G1 X-8.68 Y10.911 E0.05818
G1 X-7.959 Y11.095 E0.03712
G1 X-6.834 Y11.356 E0.05762
G1 X-5.538 Y11.602 E0.06581
G1 X-4.345 Y11.777 E0.06016
G1 X-3.247 Y11.905 E0.05515
G1 X-2.492 Y11.972 E0.03782
G1 X-1.782 Y12.016 E0.03549
G1 X-.615 Y12.06 E0.05826
G1 X0.17 Y12.063 E0.03916
G1 X1.355 Y12.036 E0.05914
G1 X2.473 Y11.972 E0.05587
G1 X3.518 Y11.877 E0.05235
G1 X4.917 Y11.698 E0.07037
G1 X5.932 Y11.531 E0.05132
G1 X6.83 Y11.356 E0.04564
G1 X8.03 Y11.081 E0.06142
G1 X9.313 Y10.733 E0.06632
G1 X9.8 Y10.584 E0.02541
G1 X9.8 Y-19.792 E1.51546
G0 F12000 X9 Y-19.792
G1 F3600 E-1
G0 F12000 X9 Y-19.092
G0 X-9.015 Y8.587
;TYPE:SKIN
G1 F3600 E1
G1 F2400 X-8.137 Y9.419 E0.06035
G1 X-7.355 Y9.622 E0.04031
G1 X-6.744 Y9.759 E0.03124
G1 X-5.459 Y10.013 E0.06535
G1 X-4.941 Y10.098 E0.02619
G1 X-3.671 Y10.271 E0.06395
G1 X-2.954 Y10.347 E0.03597
G1 X-1.828 Y10.432 E0.05634
G1 X-.621 Y10.48 E0.06027
G1 X0.614 Y10.48 E0.06161
G1 X1.817 Y10.432 E0.06007
G1 X3.015 Y10.344 E0.05993
G1 X4.099 Y10.219 E0.05444
G1 X5.449 Y10.014 E0.06812
G1 X7.043 Y9.701 E0.08104
G1 X8.15 Y9.416 E0.05703
G1 X9.02 Y8.574 E0.0604
G1 X9.02 Y10.002 E0.07124
G1 X7.857 Y10.316 E0.0601
G1 X6.671 Y10.59 E0.06073
G1 X5.799 Y10.762 E0.04434
G1 X4.751 Y10.929 E0.05294
G1 X3.436 Y11.1 E0.06616
G1 X2.418 Y11.192 E0.051
G1 X1.326 Y11.256 E0.05457
G1 X0.165 Y11.28 E0.05793
G1 X-.589 Y11.28 E0.03762
G1 X-1.737 Y11.236 E0.05732
G1 X-2.425 Y11.192 E0.03439
G1 X-3.158 Y11.128 E0.03671
G1 X-4.234 Y11.001 E0.05405
G1 X-5.346 Y10.843 E0.05604
G1 X-6.663 Y10.593 E0.06688
G1 X-7.777 Y10.334 E0.05706
G1 X-8.478 Y10.156 E0.03608
G1 X-9.015 Y10.001 E0.02788
G1 X-9.015 Y8.587 E0.07054
G0 F12000 X-8.552 Y9.661
G1 F2091.5 X-8.294 Y9.789 E0.01649
G1 F2449 X-7.453 Y10.003 E0.04243
G1 F2436.5 X-6.582 Y10.199 E0.04387
G1 F2400 X-5.238 Y10.459 E0.0683
G1 F2412.1 X-4.183 Y10.603 E0.05286
G1 F2406 X-3.115 Y10.729 E0.05352
G1 F2388.1 X-2.397 Y10.79 E0.03613
G1 F2382.1 X-1.718 Y10.835 E0.0342
G1 F2400 X-.633 Y10.879 E0.05418
G1 F2436.5 X0.612 Y10.875 E0.06118
G1 F2418.1 X1.304 Y10.854 E0.03428
G1 F2382.1 X2.385 Y10.792 E0.05443
G1 F2400 X3.386 Y10.702 E0.05014
G1 F2412.1 X4.64 Y10.539 E0.06277
G1 F2406 X5.721 Y10.367 E0.05447
G1 F2455.2 X7.117 Y10.083 E0.06947
G1 F2467.9 X7.756 Y9.928 E0.0319
G1 F2436.5 X8.326 Y9.778 E0.02896
G1 F2119.2 X8.563 Y9.651 E0.01519
G1 F3600 E-1
;MESH:NONMESH
G0 F600 X8.563 Y9.651 Z13.5
G0 F12000 X-5.533 Y-19.032
;TIME_ELAPSED:488.007936
;LAYER:44
;TYPE:FILL
;MESH:overhang.stl
G1 F3600 E1
G1 F9600 X9.04 Y-4.458 E1.02824
G1 X9.04 Y7.46 E0.59459
G1 X-2.183 Y10.467 E0.57967
G1 X-3.518 Y10.343 E0.06689
G1 X-4.259 Y10.252 E0.03725
G1 X-5.461 Y10.063 E0.0607
G1 X-6.065 Y9.952 E0.03064
G1 X-7.248 Y9.701 E0.06033
G1 X-7.879 Y9.546 E0.03242
G1 X-9.04 Y9.221 E0.06015
G1 X-9.04 Y-.119 E0.46597
G1 X9.039 Y-4.964 E0.93379
G1 X9.04 Y-17.387 E0.61979
G1 X-9.039 Y-12.543 E0.93378
G1 X-9.04 Y-19.032 E0.32374
G1 X-4.782 Y-19.032 E0.21243
G1 X-8.498 Y-5.165 E0.71624
G1 X-9.04 Y-5.021 E0.02798
G1 X-9.04 Y-4.815 E0.01028
G1 X-8.446 Y-4.974 E0.03068
G1 X6.409 Y9.881 E1.0481
G1 X5.456 Y10.064 E0.04841
G1 X4.187 Y10.261 E0.06407
G1 X3.18 Y10.379 E0.05058
G1 X2.43 Y10.445 E0.03756
G1 X1.683 Y10.493 E0.03734
G1 X0.464 Y10.534 E0.06085
G1 X-.281 Y10.534 E0.03717
G1 X7.641 Y-19.033 E1.52713
G1 X9.04 Y-19.032 E0.0698
G1 X9.14 Y-19.032
G0 F12000 X9.4 Y-19.392
;TYPE:WALL-INNER
G1 F3000 X-9.4 Y-19.392 E0.93794
G1 X-9.4 Y10.677 E1.50015
G1 X-8.592 Y10.912 E0.04198
G1 X-7.36 Y11.215 E0.0633
G1 X-6.751 Y11.348 E0.0311
G1 X-5.533 Y11.58 E0.06186
G1 X-4.862 Y11.685 E0.03388
G1 X-3.679 Y11.839 E0.05952
G1 X-3.048 Y11.902 E0.03164
G1 X-1.836 Y11.992 E0.06063
G1 X-1.228 Y12.02 E0.03037
G1 X0.002 Y12.043 E0.06138
G1 X0.605 Y12.036 E0.03009
G1 X1.839 Y11.992 E0.0616
G1 X3.064 Y11.902 E0.06128
G1 X4.085 Y11.788 E0.05125
G1 X4.858 Y11.682 E0.03893
G1 X5.967 Y11.501 E0.05606
G1 X7.276 Y11.234 E0.06665
G1 X8.478 Y10.938 E0.06176
G1 X9.4 Y10.678 E0.04779
G1 X9.4 Y-19.392 E1.5002
G0 F12000 X9.8 Y-19.792
;TYPE:WALL-OUTER
G1 F1200 X-9.8 Y-19.792 E0.97785
G1 X-9.8 Y10.977 E1.53507
G1 X-8.696 Y11.298 E0.05736
G1 X-7.45 Y11.605 E0.06402
G1 X-6.831 Y11.74 E0.03161
G1 X-5.601 Y11.974 E0.06247
G1 X-4.919 Y12.081 E0.03444
G1 X-3.725 Y12.237 E0.06008
G1 X-3.082 Y12.3 E0.03223
G1 X-1.86 Y12.392 E0.06114
G1 X-1.241 Y12.42 E0.03091
G1 X0.001 Y12.443 E0.06197
G1 X0.615 Y12.436 E0.03063
G1 X1.861 Y12.392 E0.0622
G1 X3.101 Y12.3 E0.06203
G1 X4.135 Y12.185 E0.0519
G1 X4.918 Y12.078 E0.03943
G1 X6.039 Y11.895 E0.05667
G1 X7.364 Y11.624 E0.06747
G1 X8.586 Y11.323 E0.06279
G1 X9.8 Y10.98 E0.06294
G1 X9.8 Y-19.792 E1.53522
G0 F12000 X9 Y-19.792
G1 F3600 E-1
G0 F12000 X9 Y-19.092
G0 X8.926 Y9.716
;TYPE:SKIN
G1 F3600 E1
G1 F1632.7 X8.926 Y10.316 E0.044
G1 F1627.1 X8.301 Y10.488 E0.0477
G1 F1621.6 X7.172 Y10.766 E0.08585
G1 F1616.2 X5.883 Y11.03 E0.09748
G1 X4.802 Y11.206 E0.08114
G1 X4.026 Y11.314 E0.05805
G1 F1621.6 X3.02 Y11.425 E0.07473
G1 F1616.2 X1.816 Y11.515 E0.08945
G1 X0.593 Y11.559 E0.09067
G1 F1618.9 X0.004 Y11.564 E0.04357
G1 F1616.2 X-1.206 Y11.543 E0.08966
G1 F1610.7 X-1.801 Y11.514 E0.04428
G1 F1613.4 X-2.998 Y11.424 E0.08908
G1 F1621.6 X-3.576 Y11.367 E0.04289
G1 F1616.2 X-4.738 Y11.221 E0.08677
G1 F1610.7 X-5.454 Y11.108 E0.05388
G1 X-6.648 Y10.88 E0.09036
G1 F1616.2 X-7.247 Y10.751 E0.0454
G1 F1618.9 X-8.39 Y10.474 E0.08699
G1 X-8.924 Y10.321 E0.04109
G1 X-8.924 Y9.707 E0.04541
G1 F1621.6 X-8.032 Y9.956 E0.06838
G1 F1627.1 X-7.357 Y10.119 E0.0511
G1 F1624.4 X-6.162 Y10.374 E0.09007
G1 F1618.9 X-5.53 Y10.492 E0.04755
G1 F1621.6 X-4.319 Y10.683 E0.09052
G1 F1627.1 X-3.555 Y10.775 E0.05663
G1 X-2.475 Y10.874 E0.07981
G1 F1621.6 X-1.41 Y10.94 E0.07879
G1 X-.104 Y10.971 E0.09646
G1 X0.474 Y10.968 E0.04268
G1 X1.686 Y10.928 E0.08954
G1 F1627.1 X2.447 Y10.878 E0.05612
G1 F1629.9 X3.177 Y10.818 E0.05381
G1 F1627.1 X4.248 Y10.689 E0.07938
G1 X5.461 Y10.504 E0.09029
G1 F1629.9 X6.543 Y10.297 E0.08093
G1 F1632.7 X7.4 Y10.107 E0.06438
G1 X8.926 Y9.716 E0.11553
G0 F12000 X8.8 Y9.716
G1 F3600 E-1
;MESH:NONMESH
G0 F600 X8.8 Y9.716 Z13.8
G0 F12000 X9.039 Y-4.743
;TIME_ELAPSED:498.726284
;LAYER:45
;TYPE:FILL
;MESH:overhang.stl
G1 F3600 E1
G1 F9600 X-9.04 Y0.101 E0.93378
G1 X-9.04 Y-3.965 E0.20285
G1 X-5.003 Y-19.032 E0.77821
G1 X-4.921 Y-19.032 E0.00409
G1 X9.04 Y-4.76 E0.99606
G1 X9.04 Y7.68 E0.62063
G1 X-2.645 Y10.811 E0.60353
G1 X-1.891 Y10.87 E0.03773
G1 X-1.225 Y10.902 E0.03327
G1 X-.603 Y10.914 E0.03104
G1 X7.421 Y-19.032 E1.54671
G1 X9.04 Y-19.032 E0.08077
G1 X9.04 Y-17.167 E0.09305
G1 X-9.039 Y-12.322 E0.93379
G1 X-9.04 Y-5.87 E0.32189
G1 X6.992 Y10.163 E1.13118
G1 X5.459 Y10.458 E0.07788
G1 X4.776 Y10.568 E0.03451
G1 X3.82 Y10.696 E0.04812
G1 X3.721 Y10.709
G1 F3600 E-1
G0 F12000 X9.13 Y-19.122
G0 X9.4 Y-19.392
;TYPE:WALL-INNER
G1 F3600 E1
G1 F3000 X-9.4 Y-19.392 E0.93794
G1 X-9.4 Y11.082 E1.52035
G1 X-7.956 Y11.458 E0.07444
G1 X-7.35 Y11.602 E0.03108
G1 X-6.135 Y11.85 E0.06187
G1 X-5.476 Y11.967 E0.03339
G1 X-4.293 Y12.141 E0.05966
G1 X-3.665 Y12.215 E0.03155
G1 X-2.452 Y12.325 E0.06077
G1 X-1.225 Y12.392 E0.06131
G1 X0.00 Y12.415 E0.06113
G1 X1.225 Y12.392 E0.06113
G1 X2.455 Y12.325 E0.06146
G1 X3.182 Y12.266 E0.03639
G1 X4.26 Y12.143 E0.05413
G1 X5.17 Y12.016 E0.04584
G1 X6.067 Y11.865 E0.04538
G1 X6.775 Y11.722 E0.03604
G1 X7.793 Y11.5 E0.05198
G1 X8.603 Y11.294 E0.0417
G1 X9.4 Y11.07 E0.0413
G1 X9.4 Y-19.392 E1.51976
G0 F12000 X9.8 Y-19.792
;TYPE:WALL-OUTER
G1 F1200 X-9.8 Y-19.792 E0.97785
G1 X-9.8 Y11.37 E1.55468
G1 X-9.25 Y11.534 E0.02863
G1 X-8.048 Y11.847 E0.06197
G1 X-7.391 Y12.002 E0.03368
G1 X-6.21 Y12.243 E0.06013
G1 X-5.54 Y12.362 E0.03395
G1 X-4.345 Y12.537 E0.06025
G1 X-3.707 Y12.613 E0.03205
G1 X-2.481 Y12.724 E0.06142
G1 X-1.24 Y12.792 E0.06201
G1 X0.00 Y12.815 E0.06187
G1 X1.24 Y12.792 E0.06187
G1 X2.482 Y12.724 E0.06206
G1 X3.22 Y12.664 E0.03694
G1 X4.16 Y12.559 E0.04719
G1 X5.161 Y12.422 E0.05041
G1 X6.139 Y12.259 E0.04947
G1 X6.861 Y12.113 E0.03675
G1 X7.926 Y11.879 E0.0544
G1 X8.709 Y11.68 E0.04031
G1 X9.8 Y11.37 E0.05658
G1 X9.8 Y-19.792 E1.55468
G0 F12000 X9 Y-19.792
G1 F3600 E-1
G0 F12000 X9 Y-19.092
G0 X8.928 Y10.103
;TYPE:SKIN
G1 F3600 E1
G1 F1641 X8.928 Y10.709 E0.04422
G1 F1638.2 X7.684 Y11.037 E0.09403
G1 X6.677 Y11.258 E0.07535
G1 F1632.7 X5.98 Y11.397 E0.05212
G1 X4.979 Y11.563 E0.07441
G1 F1638.2 X4.131 Y11.68 E0.06257
G1 X3.134 Y11.793 E0.07334
G1 X2.422 Y11.851 E0.05221
G1 F1632.7 X1.21 Y11.919 E0.08903
G1 F1638.2 X0.016 Y11.94 E0.08728
G1 F1643.8 X-1.2 Y11.92 E0.08859
G1 F1638.2 X-2.411 Y11.851 E0.08865
G1 F1632.7 X-3.609 Y11.743 E0.08822
G1 F1638.2 X-4.227 Y11.669 E0.04549
G1 F1635.4 X-5.34 Y11.509 E0.08232
G1 F1632.7 X-6.038 Y11.383 E0.05202
G1 F1638.2 X-7.205 Y11.146 E0.08704
G1 F1641 X-7.838 Y10.997 E0.04745
G1 F1643.8 X-8.928 Y10.711 E0.08208
G1 F1646.7 X-8.928 Y10.103 E0.04421
G1 F1649.5 X-8.005 Y10.356 E0.06947
G1 X-6.802 Y10.636 E0.08966
G1 F1643.8 X-6.154 Y10.767 E0.04815
G1 X-4.93 Y10.98 E0.0905
G1 X-4.31 Y11.069 E0.04562
G1 X-3.033 Y11.214 E0.09361
G1 F1646.7 X-1.91 Y11.299 E0.08189
G1 F1643.8 X-1.251 Y11.332 E0.04806
G1 X-0.006 Y11.356 E0.0907
G1 F1641 X1.222 Y11.333 E0.08962
G1 F1643.8 X1.761 Y11.307 E0.03931
G1 X3.033 Y11.216 E0.09289
G1 F1641 X3.905 Y11.119 E0.06402
G1 F1643.8 X4.839 Y10.994 E0.06864
G1 X5.531 Y10.881 E0.05107
G1 X6.675 Y10.663 E0.08483
G1 F1646.7 X7.925 Y10.376 E0.09326
G1 F1643.8 X8.928 Y10.103 E0.07572
G0 F12000 X8.8 Y10.103
G1 F3600 E-1
;MESH:NONMESH
G0 F600 X8.8 Y10.103 Z14.1
G0 F12000 X2.628 Y5.498
;TIME_ELAPSED:509.442052
;LAYER:46
;TYPE:FILL
;MESH:overhang.stl
G1 F3600 E1
G1 F9600 X7.555 Y10.426 E0.34766
G1 X9.04 Y10.022 E0.07678
G1 X9.04 Y7.9 E0.10587
G1 X-3.119 Y11.157 E0.628
G1 X-2.441 Y11.218 E0.03396
G1 X-1.755 Y11.26 E0.03429
G1 X-.924 Y11.291 E0.04149
G1 X0.472 Y6.082 E0.26905
G1 X0.753 Y6.069 E0.01403
G1 X1.504 Y5.918 E0.03822
G1 X2.261 Y5.668 E0.03977
G1 X3.011 Y5.32 E0.04125
G1 X3.778 Y4.796 E0.04634
G1 X4.658 Y3.974 E0.06008
G1 X5.312 Y3.024 E0.05754
G1 X5.675 Y2.253 E0.04252
G1 X5.916 Y1.515 E0.03873
G1 X6.063 Y0.771 E0.03784
G1 X6.109 Y0.006 E0.03823
G1 X6.062 Y-.74 E0.03729
G1 X5.925 Y-1.492 E0.03813
G1 X5.673 Y-2.25 E0.03985
G1 X5.319 Y-3.009 E0.04178
G1 X5.021 Y-3.447 E0.02643
G1 X9.039 Y-4.524 E0.20754
G1 X9.04 Y-5.059 E0.02669
G1 X-4.932 Y-19.032 E0.98584
G1 X-5.222 Y-19.033 E0.01447
G1 X-9.04 Y-4.784 E0.73596
G1 X-9.039 Y0.32 E0.25464
G1 X-6.079 Y-.473 E0.15288
G1 X-6.062 Y-.75 E0.01385
G1 X-5.925 Y-1.488 E0.03745
G1 X-5.671 Y-2.251 E0.04012
G1 X-5.497 Y-2.626 E0.02062
G1 X-9.04 Y-6.17 E0.25001
G1 X-9.039 Y-12.103 E0.296
G1 X9.04 Y-16.947 E0.93378
G1 X9.04 Y-19.032 E0.10402
G1 X7.201 Y-19.033 E0.09175
G1 X3.446 Y-5.019 E0.72382
G1 X3.017 Y-5.313 E0.02595
G1 X2.259 Y-5.67 E0.0418
G1 X1.504 Y-5.925 E0.03976
G1 X0.752 Y-6.062 E0.03813
G1 X0.00 Y-6.111 E0.0376
G1 X-0.099 Y-6.117
G1 F3600 E-1
G0 F12000 X9.13 Y-19.122
G0 X9.4 Y-19.392
;TYPE:WALL-INNER
G1 F3600 E1
G1 F3000 X-9.4 Y-19.392 E0.93794
G1 X-9.4 Y11.455 E1.53896
G1 X-7.98 Y11.833 E0.07331
G1 X-7.339 Y11.979 E0.0328
G1 X-6.094 Y12.233 E0.06339
G1 X-4.86 Y12.438 E0.06241
G1 X-4.32 Y12.508 E0.02717
G1 X-3.065 Y12.646 E0.06299
G1 X-1.838 Y12.736 E0.06138
G1 X-.707 Y12.78 E0.05647
G1 X0.52 Y12.784 E0.06122
G1 X1.836 Y12.736 E0.0657
G1 X3.065 Y12.646 E0.06148
G1 X4.438 Y12.496 E0.06891
G1 X5.703 Y12.304 E0.06383
G1 X6.633 Y12.128 E0.04722
G1 X7.399 Y11.966 E0.03906
G1 X8.54 Y11.691 E0.05855
G1 X9.4 Y11.449 E0.04457
G1 X9.4 Y-19.392 E1.53866
G0 F12000 X9.8 Y-19.792
;TYPE:WALL-OUTER
G1 F1200 X-9.8 Y-19.792 E0.97785
G1 X-9.8 Y11.754 E1.57384
G1 X-9.313 Y11.897 E0.02532
G1 X-8.042 Y12.229 E0.06554
G1 X-7.419 Y12.371 E0.03188
G1 X-6.167 Y12.627 E0.06375
G1 X-4.918 Y12.834 E0.06316
G1 X-4.368 Y12.905 E0.02767
G1 X-3.101 Y13.044 E0.06359
G1 X-1.86 Y13.136 E0.06208
G1 X-.715 Y13.18 E0.05717
G1 X0.525 Y13.184 E0.06186
G1 X1.86 Y13.136 E0.06665
G1 X3.101 Y13.044 E0.06208
G1 X4.49 Y12.893 E0.06971
G1 X5.77 Y12.698 E0.0646
G1 X6.715 Y12.52 E0.04798
G1 X7.493 Y12.355 E0.03968
G1 X8.668 Y12.071 E0.06031
G1 X9.8 Y11.752 E0.05868
G1 X9.8 Y-19.792 E1.57374
G0 F12000 X9 Y-19.792
G1 F3600 E-1
G0 F12000 X9 Y-19.092
G0 X0.001 Y5.763
;TYPE:SKIN
G1 F3600 E1
G1 F2400 X-.711 Y5.725 E0.03557
G1 X-1.413 Y5.586 E0.0357
G1 X-2.138 Y5.349 E0.03805
G1 X-2.848 Y5.017 E0.0391
G1 X-3.737 Y4.411 E0.05368
G1 X-4.531 Y3.562 E0.05799
G1 X-5.009 Y2.86 E0.04237
G1 X-5.353 Y2.126 E0.04044
G1 X-5.582 Y1.433 E0.03641
G1 X-5.721 Y0.718 E0.03634
G1 X-5.767 Y0.011 E0.03535
G1 X-5.721 Y-.707 E0.03589
G1 X-5.593 Y-1.402 E0.03526
G1 X-5.357 Y-2.118 E0.03761
G1 X-5.002 Y-2.879 E0.04189
G1 X-4.396 Y-3.748 E0.05286
G1 X-3.55 Y-4.535 E0.05765
G1 X-2.856 Y-5.01 E0.04196
G1 X-2.132 Y-5.354 E0.03999
G1 X-1.422 Y-5.593 E0.03738
G1 X-.707 Y-5.721 E0.03624
G1 X0.00 Y-5.767 E0.03535
G1 X0.707 Y-5.721 E0.03535
G1 X1.418 Y-5.593 E0.03604
G1 X2.128 Y-5.354 E0.03738
G1 X2.851 Y-5.01 E0.03995
G1 X3.744 Y-4.399 E0.05398
G1 X4.543 Y-3.546 E0.05831
G1 X5.021 Y-2.841 E0.04249
G1 X5.353 Y-2.125 E0.03937
G1 X5.593 Y-1.41 E0.03763
G1 X5.721 Y-.699 E0.03604
G1 X5.767 Y0.001 E0.035
G1 X5.721 Y0.726 E0.03624
G1 X5.582 Y1.425 E0.03556
G1 X5.357 Y2.126 E0.03673
G1 X5.01 Y2.859 E0.04046
G1 X4.403 Y3.74 E0.05338
G1 X3.554 Y4.535 E0.05803
G1 X2.848 Y5.017 E0.04265
G1 X2.134 Y5.349 E0.03928
G1 X1.416 Y5.586 E0.03772
G1 X0.711 Y5.728 E0.03588
G1 X0.001 Y5.763 E0.03547
G0 F12000 X-2.303 Y5.051
G1 F2400 X-5.049 Y2.305 E0.19375
G1 X-5.119 Y2.235
G0 F12000 X-5.38 Y1.409
G1 F2400 X-1.413 Y5.375 E0.27986
G0 F12000 X-.699 Y5.523
G1 F2400 X-5.52 Y0.702 E0.34015
G0 F12000 X-5.561 Y0.095
G1 F2400 X-.1 Y5.557 E0.38534
G0 F12000 X0.449 Y5.54
G1 F2400 X-5.537 Y-.446 E0.42234
G0 F12000 X-5.474 Y-.948
G1 F2400 X0.95 Y5.476 E0.45325
G0 F12000 X1.416 Y5.375
G1 F2400 X-5.378 Y-1.418 E0.47932
G0 F12000 X-5.238 Y-1.843
G1 F2400 X1.841 Y5.235 E0.49943
G0 F12000 X2.247 Y5.076
G1 F2400 X-5.077 Y-2.249 E0.51678
G0 F12000 X-4.897 Y-2.634
G1 F2400 X2.633 Y4.896 E0.53128
G0 F12000 X2.985 Y4.682
G1 F2400 X-4.684 Y-2.987 E0.54109
G0 F12000 X-4.451 Y-3.32
G1 F2400 X3.321 Y4.452 E0.54836
G0 F12000 X3.627 Y4.192
G1 F2400 X-4.212 Y-3.646 E0.55305
G0 F12000 X-3.919 Y-3.919
G1 F2400 X3.919 Y3.919 E0.55301
G0 F12000 X4.212 Y3.646
G1 F2400 X-3.625 Y-4.191 E0.55294
G0 F12000 X-3.319 Y-4.451
G1 F2400 X4.451 Y3.319 E0.54822
G0 F12000 X4.681 Y2.984
G1 F2400 X-2.983 Y-4.68 E0.54074
G0 F12000 X-2.632 Y-4.895
G1 F2400 X4.896 Y2.633 E0.53114
G0 F12000 X5.078 Y2.249
G1 F2400 X-2.249 Y-5.077 E0.51692
G0 F12000 X-1.845 Y-5.239
G1 F2400 X5.238 Y1.843 E0.49971
G0 F12000 X5.375 Y1.416
G1 F2400 X-1.422 Y-5.382 E0.4796
G0 F12000 X-.949 Y-5.474
G1 F2400 X5.474 Y0.948 E0.45314
G0 F12000 X5.539 Y0.448
G1 F2400 X-.446 Y-5.537 E0.42227
G0 F12000 X0.097 Y-5.56
G1 F2400 X5.561 Y-0.096 E0.38551
G0 F12000 X5.517 Y-.706
G1 F2400 X0.704 Y-5.518 E0.33955
G0 F12000 X1.401 Y-5.387
G1 F2400 X5.384 Y-1.404 E0.28102
G1 X5.454 Y-1.334
G0 F12000 X5.05 Y-2.304
G1 F2400 X2.307 Y-5.047 E0.19353
G1 X2.237 Y-5.117
G1 F3600 E-1
G0 F12000 X8.931 Y10.494
G1 F3600 E1
G1 F1660.9 X8.931 Y11.092 E0.04311
G1 X8.383 Y11.243 E0.04098
G1 F1655.2 X7.294 Y11.505 E0.08103
G1 X6.541 Y11.667 E0.05572
G1 X5.624 Y11.84 E0.06751
G1 X4.374 Y12.026 E0.09142
G1 X3.021 Y12.175 E0.09847
G1 F1649.5 X1.812 Y12.265 E0.088
G1 F1643.8 X0.516 Y12.312 E0.09446
G1 F1649.5 X-.689 Y12.31 E0.08747
G1 F1655.2 X-1.803 Y12.267 E0.08065
G1 F1658 X-3.012 Y12.175 E0.08756
G1 F1652.3 X-4.743 Y11.979 E0.12624
G1 F1649.5 X-6.003 Y11.77 E0.09271
G1 F1655.2 X-7.266 Y11.513 E0.09324
G1 F1660.9 X-7.839 Y11.38 E0.04241
G1 F1666.7 X-8.933 Y11.094 E0.08124
G1 F1669.6 X-8.933 Y10.495 E0.04296
G1 F1672.5 X-7.93 Y10.766 E0.07438
G1 X-6.812 Y11.021 E0.0821
G1 F1666.7 X-5.526 Y11.268 E0.09408
G1 F1663.8 X-4.315 Y11.45 E0.08813
G1 F1660.9 X-3.164 Y11.579 E0.0835
G1 F1666.7 X-2.467 Y11.643 E0.05028
G1 F1663.8 X-1.774 Y11.689 E0.04998
G1 F1655.2 X-.677 Y11.729 E0.07941
G1 X0.154 Y11.733 E0.06012
G1 F1660.9 X1.347 Y11.705 E0.08603
G1 F1663.8 X2.444 Y11.644 E0.07907
G1 F1669.6 X3.446 Y11.554 E0.07215
G1 F1666.7 X4.256 Y11.459 E0.05859
G1 F1660.9 X4.923 Y11.365 E0.04856
G1 X5.823 Y11.217 E0.06575
G1 X6.784 Y11.027 E0.07062
G1 F1666.7 X7.977 Y10.752 E0.08795
G1 X8.931 Y10.494 E0.071
G0 F12000 X8.8 Y10.494
G1 F3600 E-1
;MESH:NONMESH
G0 F600 X8.8 Y10.494 Z14.4
G0 F12000 X4.369 Y6.94
;TIME_ELAPSED:527.922133
;LAYER:47
;TYPE:FILL
;MESH:overhang.stl
G1 F3600 E1
G1 F9600 X8.108 Y10.679 E0.26381
G1 X9.04 Y10.409 E0.04841
G1 X9.039 Y8.119 E0.11425
G1 X-3.55 Y11.493 E0.65023
G1 X-3.011 Y11.548 E0.02703
G1 X-1.816 Y11.635 E0.05978
G1 X-1.243 Y11.662 E0.02862
G1 X-.312 Y8.189 E0.17939
G1 X0.00 Y8.204 E0.01558
G1 X0.717 Y8.171 E0.03581
G1 X1.438 Y8.075 E0.03629
G1 X2.139 Y7.929 E0.03572
G1 X2.872 Y7.687 E0.03851
G1 X3.58 Y7.383 E0.03844
G1 X4.282 Y6.998 E0.03994
G1 X5.006 Y6.503 E0.04376
G1 X5.808 Y5.81 E0.05288
G1 X6.491 Y5.02 E0.0521
G1 X6.994 Y4.288 E0.04431
G1 X7.381 Y3.582 E0.04017
G1 X7.683 Y2.878 E0.03822
G1 X7.92 Y2.159 E0.03777
G1 X8.081 Y1.431 E0.0372
G1 X8.169 Y0.725 E0.0355
G1 X8.2 Y0.009 E0.03575
G1 X8.174 Y-.718 E0.03629
G1 X8.081 Y-1.405 E0.03459
G1 X7.922 Y-2.141 E0.03757
G1 X7.69 Y-2.861 E0.03774
G1 X7.385 Y-3.571 E0.03855
G1 X7.247 Y-3.824 E0.01438
G1 X9.04 Y-4.304 E0.0926
G1 X9.04 Y-5.359 E0.05263
G1 X-4.632 Y-19.032 E0.96467
G1 X-5.441 Y-19.033 E0.04036
G1 X-9.039 Y-5.605 E0.69356
G1 X-9.039 Y0.54 E0.30658
G1 X-8.211 Y0.318 E0.04277
G1 X-8.175 Y-.708 E0.05122
G1 X-8.081 Y-1.413 E0.03548
G1 X-7.911 Y-2.188 E0.03958
G1 X-7.695 Y-2.848 E0.03465
G1 X-7.381 Y-3.58 E0.03974
G1 X-6.948 Y-4.377 E0.04525
G1 X-9.04 Y-6.469 E0.1476
G1 X-9.04 Y-11.883 E0.27011
G1 X9.04 Y-16.728 E0.93384
G1 X9.04 Y-19.032 E0.11495
G1 X6.982 Y-19.032 E0.10267
G1 X3.825 Y-7.249 E0.60859
G1 X3.575 Y-7.384 E0.01417
G1 X2.866 Y-7.687 E0.03847
G1 X2.148 Y-7.917 E0.03761
G1 X1.417 Y-8.079 E0.03735
G1 X0.729 Y-8.172 E0.03464
G1 X0.00 Y-8.202 E0.0364
G1 X-0.099 Y-8.206
G1 F3600 E-1
G0 F12000 X9.13 Y-19.122
G0 X9.4 Y-19.392
;TYPE:WALL-INNER
G1 F3600 E1
G1 F3000 X-9.4 Y-19.392 E0.93794
G1 X-9.399 Y11.835 E1.55792
G1 X-7.984 Y12.208 E0.07301
G1 X-6.75 Y12.48 E0.06304
G1 X-6.142 Y12.597 E0.03089
G1 X-4.862 Y12.805 E0.0647
G1 X-3.683 Y12.951 E0.05927
G1 X-2.635 Y13.049 E0.05251
G1 X-1.93 Y13.096 E0.03525
G1 X-1.252 Y13.128 E0.03386
G1 X0.025 Y13.151 E0.06372
G1 X1.206 Y13.132 E0.05893
G1 X2.452 Y13.065 E0.06225
G1 X3.682 Y12.951 E0.06163
G1 X4.809 Y12.809 E0.05667
G1 X5.791 Y12.66 E0.04955
G1 X6.684 Y12.492 E0.04533
G1 X8.002 Y12.204 E0.06731
G1 X9.4 Y11.835 E0.07214
G1 X9.4 Y-19.392 E1.55792
G0 F12000 X9.8 Y-19.792
;TYPE:WALL-OUTER
G1 F1200 X-9.8 Y-19.792 E0.97785
G1 X-9.799 Y12.134 E1.59279
G1 X-9.312 Y12.277 E0.02532
G1 X-8.077 Y12.597 E0.06365
G1 X-6.831 Y12.872 E0.06366
G1 X-6.212 Y12.991 E0.03145
G1 X-4.919 Y13.201 E0.06535
G1 X-3.726 Y13.349 E0.05998
G1 X-2.667 Y13.448 E0.05306
G1 X-1.952 Y13.496 E0.03575
G1 X-1.265 Y13.528 E0.03431
G1 X0.025 Y13.551 E0.06437
G1 X1.22 Y13.532 E0.05963
G1 X2.481 Y13.464 E0.063
G1 X3.726 Y13.349 E0.06238
G1 X4.935 Y13.195 E0.0608
G1 X5.773 Y13.068 E0.04229
G1 X6.764 Y12.884 E0.05029
G1 X8.102 Y12.591 E0.06833
G1 X9.3 Y12.281 E0.06174
G1 X9.8 Y12.134 E0.026
G1 X9.8 Y-19.792 E1.59279
G0 F12000 X9 Y-19.792
G1 F3600 E-1
G0 F12000 X9 Y-19.092
G0 X0.00 Y7.863
;TYPE:SKIN
G1 F3600 E1
G1 F2400 X-.682 Y7.832 E0.03406
G1 X-1.381 Y7.738 E0.03519
G1 X-2.044 Y7.598 E0.03381
G1 X-2.749 Y7.368 E0.037
G1 X-3.436 Y7.072 E0.03732
G1 X-4.11 Y6.701 E0.03838
G1 X-4.797 Y6.229 E0.04158
G1 X-5.566 Y5.566 E0.05066
G1 X-6.221 Y4.805 E0.05009
G1 X-6.701 Y4.11 E0.04214
G1 X-7.072 Y3.436 E0.03838
G1 X-7.364 Y2.753 E0.03706
G1 X-7.59 Y2.067 E0.03603
G1 X-7.742 Y1.37 E0.03559
G1 X-7.828 Y0.69 E0.0342
G1 X-7.859 Y0.011 E0.03391
G1 X-7.832 Y-.679 E0.03445
G1 X-7.746 Y-1.349 E0.0337
G1 X-7.59 Y-2.043 E0.03549
G1 X-7.372 Y-2.734 E0.03615
G1 X-7.079 Y-3.42 E0.03722
G1 X-6.705 Y-4.107 E0.03902
G1 X-6.241 Y-4.785 E0.04099
G1 X-5.554 Y-5.573 E0.05216
G1 X-4.797 Y-6.229 E0.04997
G1 X-4.118 Y-6.697 E0.04114
G1 X-3.444 Y-7.067 E0.03836
G1 X-2.741 Y-7.368 E0.03815
G1 X-2.059 Y-7.59 E0.03578
G1 X-1.365 Y-7.742 E0.03544
G1 X-.686 Y-7.832 E0.03417
G1 X0.00 Y-7.859 E0.03425
G1 X0.686 Y-7.832 E0.03425
G1 X1.365 Y-7.742 E0.03417
G1 X2.055 Y-7.59 E0.03525
G1 X2.749 Y-7.364 E0.03641
G1 X3.421 Y-7.079 E0.03642
G1 X4.118 Y-6.701 E0.03956
G1 X4.88 Y-6.166 E0.04645
G1 X5.569 Y-5.558 E0.04584
G1 X6.244 Y-4.786 E0.05116
G1 X6.72 Y-4.071 E0.04285
G1 X7.068 Y-3.444 E0.03578
G1 X7.368 Y-2.741 E0.03813
G1 X7.59 Y-2.051 E0.03616
G1 X7.742 Y-1.353 E0.03564
G1 X7.832 Y-.678 E0.03397
G1 X7.859 Y0.003 E0.034
G1 X7.828 Y0.69 E0.03431
G1 X7.742 Y1.369 E0.03415
G1 X7.59 Y2.063 E0.03544
G1 X7.364 Y2.757 E0.03641
G1 X7.076 Y3.428 E0.03643
G1 X6.701 Y4.111 E0.03887
G1 X6.225 Y4.805 E0.04199
G1 X5.562 Y5.566 E0.05035
G1 X4.797 Y6.229 E0.0505
G1 X4.107 Y6.705 E0.04182
G1 X3.436 Y7.072 E0.03816
G1 X2.748 Y7.368 E0.03737
G1 X2.052 Y7.598 E0.03657
G1 X1.37 Y7.738 E0.03473
G1 X0.681 Y7.832 E0.03469
G1 X0.00 Y7.863 E0.03401
G1 F3600 E-1
G0 F12000 X4.694 Y6.054
G1 F3600 E1
G1 F2400 X6.07 Y4.678 E0.09708
G1 X6.14 Y4.608
G0 F12000 X6.936 Y3.246
G1 F2400 X3.246 Y6.937 E0.26038
G1 X3.176 Y7.007
G0 F12000 X2.316 Y7.3
G1 F2400 X7.296 Y2.321 E0.35133
G0 F12000 X7.497 Y1.554
G1 F2400 X1.554 Y7.497 E0.41931
G0 F12000 X0.882 Y7.604
G1 F2400 X7.602 Y0.883 E0.47417
G0 F12000 X7.647 Y0.273
G1 F2400 X0.268 Y7.652 E0.52063
G0 F12000 X-.296 Y7.65
G1 F2400 X7.647 Y-.293 E0.56042
G0 F12000 X7.611 Y-.823
G1 F2400 X-.824 Y7.612 E0.59513
G0 F12000 X-1.322 Y7.545
G1 F2400 X7.543 Y-1.321 E0.62551
G0 F12000 X7.443 Y-1.786
G1 F2400 X-1.791 Y7.448 E0.65151
G0 F12000 X-2.235 Y7.326
G1 F2400 X7.322 Y-2.231 E0.6743
G0 F12000 X7.183 Y-2.658
G1 F2400 X-2.661 Y7.186 E0.69455
G0 F12000 X-3.058 Y7.017
G1 F2400 X7.016 Y-3.056 E0.71074
G0 F12000 X6.839 Y-3.445
G1 F2400 X-3.445 Y6.839 E0.72559
G0 F12000 X-3.81 Y6.638
G1 F2400 X6.637 Y-3.808 E0.73706
G0 F12000 X6.421 Y-4.158
G1 F2400 X-4.161 Y6.424 E0.74662
G0 F12000 X-4.496 Y6.194
G1 F2400 X6.195 Y-4.498 E0.75434
G0 F12000 X5.95 Y-4.818
G1 F2400 X-4.818 Y5.949 E0.75971
G0 F12000 X-5.121 Y5.687
G1 F2400 X5.686 Y-5.12 E0.76249
G0 F12000 X5.422 Y-5.422
G1 F2400 X-5.424 Y5.424 E0.76524
G0 F12000 X-5.686 Y5.12
G1 F2400 X5.122 Y-5.687 E0.76253
G0 F12000 X4.821 Y-5.952
G1 F2400 X-5.948 Y4.817 E0.75981
G0 F12000 X-6.192 Y4.495
G1 F2400 X4.496 Y-6.193 E0.7541
G0 F12000 X4.163 Y-6.426
G1 F2400 X-6.423 Y4.161 E0.74693
G0 F12000 X-6.638 Y3.809
G1 F2400 X3.812 Y-6.64 E0.73727
G0 F12000 X3.445 Y-6.839
G1 F2400 X-6.838 Y3.444 E0.72552
G0 F12000 X-7.016 Y3.056
G1 F2400 X3.058 Y-7.017 E0.71074
G0 F12000 X2.659 Y-7.184
G1 F2400 X-7.183 Y2.658 E0.69441
G0 F12000 X-7.324 Y2.233
G1 F2400 X2.232 Y-7.323 E0.67423
G0 F12000 X1.788 Y-7.444
G1 F2400 X-7.446 Y1.789 E0.65147
G0 F12000 X-7.546 Y1.324
G1 F2400 X1.324 Y-7.547 E0.62586
G0 F12000 X0.824 Y-7.613
G1 F2400 X-7.61 Y0.822 E0.5951
G0 F12000 X-7.646 Y0.292
G1 F2400 X0.294 Y-7.648 E0.56021
G0 F12000 X-.271 Y-7.649
G1 F2400 X-7.648 Y-.272 E0.52049
G0 F12000 X-7.604 Y-.881
G1 F2400 X-.88 Y-7.605 E0.47441
G0 F12000 X-1.554 Y-7.497
G1 F2400 X-7.495 Y-1.556 E0.41917
G0 F12000 X-7.291 Y-2.326
G1 F2400 X-2.322 Y-7.295 E0.35059
G1 X-2.252 Y-7.365
G0 F12000 X-3.249 Y-6.933
G1 F2400 X-6.936 Y-3.246 E0.26014
G1 X-7.006 Y-3.176
G0 F12000 X-6.063 Y-4.685
G1 F2400 X-4.695 Y-6.053 E0.09652
G1 X-4.625 Y-6.123
G1 F3600 E-1
G0 F12000 X8.934 Y10.896
G1 F3600 E1
G1 F1678.3 X8.934 Y11.479 E0.04159
G1 F1672.5 X7.893 Y11.747 E0.07696
G1 F1666.7 X6.632 Y12.021 E0.09271
G1 F1663.8 X5.716 Y12.198 E0.06714
G1 F1666.7 X4.759 Y12.343 E0.06954
G1 F1672.5 X3.632 Y12.483 E0.0813
G1 X2.419 Y12.596 E0.08722
G1 F1660.9 X1.191 Y12.663 E0.08866
G1 F1666.7 X0.028 Y12.682 E0.08356
G1 F1678.3 X-1.231 Y12.661 E0.08983
G1 F1675.4 X-1.857 Y12.632 E0.04479
G1 F1672.5 X-2.589 Y12.581 E0.05253
G1 F1675.4 X-3.708 Y12.475 E0.08033
G1 F1672.5 X-4.738 Y12.35 E0.07428
G1 F1666.7 X-6.054 Y12.137 E0.09577
G1 X-6.65 Y12.022 E0.04361
G1 F1669.6 X-7.868 Y11.753 E0.08946
G1 F1678.3 X-8.93 Y11.479 E0.07825
G1 F1684.2 X-8.931 Y10.892 E0.04173
G1 X-7.398 Y11.277 E0.11237
G1 F1678.3 X-6.768 Y11.412 E0.04597
G1 X-5.55 Y11.644 E0.08846
G1 F1672.5 X-4.666 Y11.779 E0.06402
G1 X-3.653 Y11.907 E0.0731
G1 F1684.2 X-3.057 Y11.968 E0.04259
G1 F1678.3 X-1.862 Y12.057 E0.08549
G1 F1672.5 X-1.246 Y12.087 E0.04415
G1 F1675.4 X0.002 Y12.11 E0.08921
G1 F1678.3 X0.62 Y12.102 E0.04409
G1 X1.823 Y12.058 E0.08588
G1 F1684.2 X3.036 Y11.972 E0.08645
G1 F1690.1 X4.084 Y11.855 E0.07471
G1 F1684.2 X4.928 Y11.74 E0.06056
G1 F1675.4 X5.971 Y11.567 E0.07556
G1 F1678.3 X7.285 Y11.3 E0.09566
G1 F1684.2 X8.934 Y10.896 E0.1207
G0 F12000 X8.8 Y10.896
G1 F3600 E-1
;MESH:NONMESH
G0 F600 X8.8 Y10.896 Z14.7
G0 F12000 X4.167 Y11.795
;TIME_ELAPSED:552.644070
;LAYER:48
;TYPE:FILL
;MESH:overhang.stl
G1 F3600 E1
G1 F9600 X5.094 Y11.666 E0.04669
G1 X6.343 Y11.457 E0.06318
G1 X7.694 Y11.154 E0.06908
G1 X8.641 Y10.912 E0.04876
G1 X5.706 Y7.978 E0.20704
G1 X6.286 Y7.536 E0.03638
G1 X6.985 Y6.899 E0.04718
G1 X7.611 Y6.197 E0.04693
G1 X8.053 Y5.604 E0.0369
G1 X8.461 Y4.984 E0.03703
G1 X8.675 Y4.572 E0.02316
G1 X9.04 Y4.662 E0.01876
G1 X9.039 Y8.339 E0.18345
G1 X-3.957 Y11.821 E0.67124
G1 X-3.628 Y11.86 E0.01653
G1 X-2.429 Y11.969 E0.06007
G1 X-1.557 Y12.017 E0.04357
G1 X-.954 Y9.764 E0.11636
G1 X-1.418 Y9.713 E0.02329
G1 X-2.261 Y9.556 E0.04278
G1 X-2.261 Y9.544 E0.0006
G1 X-2.791 Y9.408 E0.0273
G1 X-3.49 Y9.171 E0.03682
G1 X-4.2 Y8.87 E0.03847
G1 X-4.975 Y8.464 E0.04365
G1 X-5.591 Y8.06 E0.03675
G1 X-6.217 Y7.596 E0.03888
G1 X-6.89 Y6.994 E0.04505
G1 X-7.536 Y6.284 E0.04789
G1 X-8.048 Y5.611 E0.04219
G1 X-8.458 Y4.991 E0.03708
G1 X-8.673 Y4.576 E0.02332
G1 X-9.039 Y4.666 E0.0188
G1 X-9.039 Y10.804 E0.30623
G1 X-8.222 Y11.02 E0.04216
G1 X-9.039 Y10.203 E0.05764
G1 X-9.109 Y10.133
G1 F3600 E-1
G0 F12000 X-9.1 Y10.133
G0 X6.762 Y-19.032
G1 F3600 E1
G1 F9600 X4.059 Y-8.943 E0.52109
G1 X3.902 Y-9.025 E0.00884
G1 X3.902 Y-8.997 E0.0014
G1 X3.479 Y-9.177 E0.02293
G1 X2.807 Y-9.402 E0.03536
G1 X2.253 Y-9.547 E0.02857
G1 X2.253 Y-9.559 E0.0006
G1 X1.421 Y-9.714 E0.04222
G1 X0.69 Y-9.795 E0.03669
G1 X0.00 Y-9.815 E0.03444
G1 X-.7 Y-9.795 E0.03494
G1 X-1.41 Y-9.716 E0.03564
G1 X-2.251 Y-9.559 E0.04268
G1 X-2.251 Y-9.547 E0.0006
G1 X-2.794 Y-9.405 E0.028
G1 X-3.49 Y-9.172 E0.03662
G1 X-3.902 Y-8.996 E0.02235
G1 X-3.902 Y-9.025 E0.00145
G1 X-4.902 Y-8.503 E0.05628
G1 X-5.596 Y-8.061 E0.04105
G1 X-6.288 Y-7.536 E0.04334
G1 X-6.98 Y-6.898 E0.04696
G1 X-7.616 Y-6.195 E0.0473
G1 X-7.977 Y-5.706 E0.03032
G1 X-9.04 Y-6.574 E0.06847
G1 X-9.04 Y-6.423 E0.00753
G1 X-5.661 Y-19.033 E0.65131
G1 X-9.04 Y-19.032 E0.16858
G1 X-9.04 Y-11.664 E0.36759
G1 X9.039 Y-16.508 E0.93378
G1 X9.04 Y-5.659 E0.54126
G1 X-4.332 Y-19.032 E0.9435
G1 X9.04 Y-19.032 E0.66713
G1 X9.14 Y-19.032
G0 F12000 X9.4 Y-19.392
;TYPE:WALL-INNER
G1 F3000 X-9.4 Y-19.392 E0.93794
G1 X-9.399 Y12.206 E1.57643
G1 X-8.584 Y12.43 E0.04217
G1 X-7.369 Y12.718 E0.0623
G1 X-6.732 Y12.851 E0.03247
G1 X-5.524 Y13.072 E0.06127
G1 X-4.866 Y13.173 E0.03321
G1 X-3.684 Y13.315 E0.05939
G1 X-2.517 Y13.421 E0.05846
G1 X-1.843 Y13.464 E0.03369
G1 X-.496 Y13.508 E0.06724
G1 X0.115 Y13.512 E0.03048
G1 X1.298 Y13.488 E0.05903
G1 X2.407 Y13.429 E0.05541
G1 X2.997 Y13.38 E0.02954
G1 X3.96 Y13.283 E0.04829
G1 X4.923 Y13.161 E0.04843
G1 X5.585 Y13.061 E0.0334
G1 X6.32 Y12.93 E0.03725
G1 X7.233 Y12.745 E0.04648
G1 X8.485 Y12.455 E0.06412
G1 X9.4 Y12.205 E0.04732
G1 X9.4 Y-19.392 E1.57638
G0 F12000 X9.8 Y-19.792
;TYPE:WALL-OUTER
G1 F1200 X-9.8 Y-19.792 E0.97785
G1 X-9.799 Y12.511 E1.6116
G1 X-8.702 Y12.814 E0.05678
G1 X-7.418 Y13.116 E0.06581
G1 X-6.809 Y13.243 E0.03104
G1 X-5.59 Y13.466 E0.06183
G1 X-4.92 Y13.569 E0.03382
G1 X-3.726 Y13.713 E0.06
G1 X-2.548 Y13.82 E0.05901
G1 X-1.862 Y13.864 E0.0343
G1 X-.504 Y13.908 E0.06779
G1 X0.118 Y13.912 E0.03103
G1 X1.312 Y13.888 E0.05958
G1 X2.434 Y13.828 E0.05606
G1 X3.037 Y13.778 E0.03019
G1 X4.005 Y13.681 E0.04854
G1 X4.982 Y13.557 E0.04913
G1 X5.655 Y13.455 E0.03396
G1 X6.344 Y13.333 E0.03491
G1 X7.323 Y13.135 E0.04983
G1 X8.59 Y12.841 E0.06489
G1 X9.8 Y12.511 E0.06257
G1 X9.8 Y-19.792 E1.6116
G0 F12000 X9 Y-19.792
G1 F3600 E-1
G0 F12000 X9 Y-19.092
G0 X9.02 Y2.867
;TYPE:SKIN
G1 F3600 E1
G1 F2400 X8.844 Y3.384 E0.02725
G1 X8.563 Y4.046 E0.03588
G1 X8.163 Y4.81 E0.04302
G1 X7.767 Y5.413 E0.03599
G1 X7.348 Y5.977 E0.03505
G1 X6.737 Y6.659 E0.04568
G1 X6.071 Y7.27 E0.04509
G1 X5.401 Y7.779 E0.04198
G1 X4.727 Y8.206 E0.03981
G1 X4.042 Y8.567 E0.03863
G1 X3.369 Y8.852 E0.03646
G1 X2.698 Y9.076 E0.03529
G1 X2.06 Y9.244 E0.03291
G1 X1.362 Y9.374 E0.03542
G1 X0.673 Y9.452 E0.03459
G1 X0.001 Y9.471 E0.03354
G1 X-.653 Y9.452 E0.03264
G1 X-1.362 Y9.374 E0.03559
G1 X-2.06 Y9.24 E0.03546
G1 X-2.699 Y9.076 E0.03291
G1 X-3.369 Y8.852 E0.03525
G1 X-4.05 Y8.563 E0.03691
G1 X-4.798 Y8.171 E0.04213
G1 X-5.397 Y7.775 E0.03582
G1 X-5.993 Y7.336 E0.03693
G1 X-6.654 Y6.745 E0.04424
G1 X-7.266 Y6.071 E0.04542
G1 X-7.768 Y5.412 E0.04133
G1 X-8.163 Y4.81 E0.03592
G1 X-8.563 Y4.046 E0.04302
G1 X-8.844 Y3.385 E0.03583
G1 X-9.016 Y2.867 E0.02723
G1 X-9.015 Y-2.867 E0.28607
G1 X-8.848 Y-3.369 E0.02639
G1 X-8.566 Y-4.038 E0.03622
G1 X-8.222 Y-4.699 E0.03718
G1 X-7.782 Y-5.391 E0.04091
G1 X-7.348 Y-5.985 E0.0367
G1 X-6.745 Y-6.65 E0.04479
G1 X-6.071 Y-7.27 E0.04569
G1 X-5.401 Y-7.779 E0.04198
G1 X-4.727 Y-8.206 E0.03981
G1 X-4.038 Y-8.567 E0.03881
G1 X-3.377 Y-8.848 E0.03583
G1 X-2.694 Y-9.076 E0.03592
G1 X-2.055 Y-9.248 E0.03301
G1 X-1.351 Y-9.377 E0.03571
G1 X-.674 Y-9.452 E0.03398
G1 X-0.001 Y-9.471 E0.03359
G1 X0.666 Y-9.452 E0.03329
G1 X1.362 Y-9.378 E0.03492
G1 X2.059 Y-9.244 E0.03541
G1 X2.706 Y-9.072 E0.0334
G1 X3.365 Y-8.852 E0.03466
G1 X4.038 Y-8.567 E0.03646
G1 X4.818 Y-8.159 E0.04392
G1 X5.405 Y-7.771 E0.0351
G1 X5.997 Y-7.336 E0.03665
G1 X6.658 Y-6.737 E0.0445
G1 X7.278 Y-6.063 E0.04569
G1 X7.783 Y-5.394 E0.04182
G1 X8.214 Y-4.712 E0.04025
G1 X8.567 Y-4.038 E0.03796
G1 X8.852 Y-3.368 E0.03632
G1 X9.02 Y-2.867 E0.02636
G1 X9.02 Y2.867 E0.28607
G1 F3600 E-1
G0 F12000 X5.72 Y-7.291
G1 F3600 E1
G1 F2400 X7.272 Y-5.739 E0.1095
G1 X7.342 Y-5.669
G0 F12000 X8.269 Y-4.176
G1 F2400 X4.178 Y-8.267 E0.28864
G1 X4.108 Y-8.337
G0 F12000 X3.175 Y-8.704
G1 F2400 X8.707 Y-3.172 E0.39031
G0 F12000 X8.82 Y-2.494
G1 F2400 X2.356 Y-8.958 E0.45607
G0 F12000 X1.624 Y-9.124
G1 F2400 X8.82 Y-1.928 E0.50772
G0 F12000 X8.82 Y-1.363
G1 F2400 X0.964 Y-9.219 E0.55428
G0 F12000 X0.356 Y-9.26
G1 F2400 X8.82 Y-.797 E0.59715
G0 F12000 X8.82 Y-.231
G1 F2400 X-.214 Y-9.265 E0.6374
G0 F12000 X-.756 Y-9.241
G1 F2400 X8.82 Y0.334 E0.6756
G0 F12000 X8.82 Y0.9
G1 F2400 X-1.265 Y-9.185 E0.71155
G0 F12000 X-1.747 Y-9.1
G1 F2400 X8.82 Y1.466 E0.74552
G0 F12000 X8.82 Y2.032
G1 F2400 X-2.21 Y-8.999 E0.77826
G0 F12000 X-2.655 Y-8.878
G1 F2400 X8.82 Y2.597 E0.80962
G0 F12000 X8.736 Y3.079
G1 F2400 X-3.079 Y-8.736 E0.83361
G0 F12000 X-3.491 Y-8.582
G1 F2400 X8.582 Y3.491 E0.85182
G0 F12000 X8.413 Y3.888
G1 F2400 X-3.888 Y-8.413 E0.8679
G0 F12000 X-4.263 Y-8.223
G1 F2400 X8.224 Y4.264 E0.88103
G0 F12000 X8.029 Y4.635
G1 F2400 X-4.634 Y-8.028 E0.89344
G0 F12000 X-4.98 Y-7.809
G1 F2400 X7.811 Y4.982 E0.90247
G0 F12000 X7.585 Y5.322
G1 F2400 X-5.324 Y-7.587 E0.9108
G0 F12000 X-5.645 Y-7.342
G1 F2400 X7.344 Y5.647 E0.91644
G0 F12000 X7.094 Y5.962
G1 F2400 X-5.964 Y-7.096 E0.92131
G0 F12000 X-6.259 Y-6.825
G1 F2400 X6.826 Y6.261 E0.92325
G0 F12000 X6.554 Y6.554
G1 F2400 X-6.554 Y-6.554 E0.92484
G0 F12000 X-6.828 Y-6.262
G1 F2400 X6.259 Y6.825 E0.92336
G0 F12000 X5.964 Y7.096
G1 F2400 X-7.097 Y-5.966 E0.92156
G0 F12000 X-7.346 Y-5.649
G1 F2400 X5.645 Y7.342 E0.91659
G0 F12000 X5.324 Y7.587
G1 F2400 X-7.585 Y-5.322 E0.9108
G0 F12000 X-7.807 Y-4.979
G1 F2400 X4.98 Y7.809 E0.90223
G0 F12000 X4.634 Y8.028
G1 F2400 X-8.027 Y-4.633 E0.8933
G0 F12000 X-8.224 Y-4.264
G1 F2400 X4.264 Y8.224 E0.8811
G0 F12000 X3.888 Y8.414
G1 F2400 X-8.413 Y-3.888 E0.86794
G0 F12000 X-8.581 Y-3.49
G1 F2400 X3.491 Y8.582 E0.85174
G0 F12000 X3.08 Y8.737
G1 F2400 X-8.734 Y-3.077 E0.83354
G0 F12000 X-8.816 Y-2.593
G1 F2400 X2.656 Y8.878 E0.80938
G0 F12000 X2.209 Y8.997
G1 F2400 X-8.816 Y-2.027 E0.77784
G0 F12000 X-8.816 Y-1.462
G1 F2400 X1.745 Y9.099 E0.74514
G0 F12000 X1.264 Y9.183
G1 F2400 X-8.816 Y-.896 E0.71116
G0 F12000 X-8.816 Y-.33
G1 F2400 X0.755 Y9.24 E0.67525
G0 F12000 X0.214 Y9.265
G1 F2400 X-8.816 Y0.235 E0.63712
G0 F12000 X-8.816 Y0.8
G1 F2400 X-.357 Y9.26 E0.59686
G0 F12000 X-.967 Y9.216
G1 F2400 X-8.816 Y1.366 E0.55382
G0 F12000 X-8.816 Y1.932
G1 F2400 X-1.629 Y9.119 E0.50708
G0 F12000 X-2.357 Y8.957
G1 F2400 X-8.816 Y2.498 E0.45572
G0 F12000 X-8.703 Y3.176
G1 F2400 X-3.173 Y8.707 E0.39021
G1 X-3.103 Y8.777
G0 F12000 X-4.173 Y8.272
G1 F2400 X-8.27 Y4.175 E0.28907
G1 X-8.34 Y4.105
G0 F12000 X-7.253 Y5.758
G1 F2400 X-5.728 Y7.283 E0.1076
G1 X-5.658 Y7.353
G1 F3600 E-1
G0 F12000 X8.939 Y11.267
G1 F3600 E1
G1 F1705.2 X8.939 Y11.852 E0.04108
G1 F1699.1 X8.371 Y12.004 E0.04144
G1 F1693.1 X7.135 Y12.29 E0.08972
G1 F1696.1 X6.234 Y12.474 E0.06492
G1 F1693.1 X5.398 Y12.618 E0.05999
G1 F1690.1 X3.982 Y12.811 E0.10124
G1 F1696.1 X2.952 Y12.918 E0.0731
G1 F1690.1 X2.272 Y12.972 E0.04833
G1 F1684.2 X1.281 Y13.023 E0.07055
G1 X0.113 Y13.048 E0.08306
G1 X-.483 Y13.043 E0.04237
G1 F1681.3 X-1.814 Y12.999 E0.09484
G1 F1687.2 X-2.475 Y12.957 E0.047
G1 F1693.1 X-3.632 Y12.853 E0.08215
G1 F1684.2 X-4.755 Y12.718 E0.08041
G1 F1678.3 X-5.441 Y12.611 E0.04953
G1 F1684.2 X-6.598 Y12.401 E0.0836
G1 F1690.1 X-7.263 Y12.263 E0.04812
G1 X-8.933 Y11.868 E0.12157
G1 F1696.1 X-8.933 Y11.268 E0.04236
G1 F1702.1 X-8.008 Y11.512 E0.0673
G1 X-7.376 Y11.659 E0.04564
G1 F1699.1 X-6.084 Y11.922 E0.09291
G1 F1693.1 X-5.534 Y12.02 E0.03951
G1 F1690.1 X-4.302 Y12.205 E0.08826
G1 X-3.633 Y12.282 E0.04771
G1 F1693.1 X-2.458 Y12.39 E0.08345
G1 F1696.1 X-1.239 Y12.455 E0.08618
G1 F1693.1 X-0.006 Y12.48 E0.08721
G1 F1690.1 X1.23 Y12.456 E0.08758
G1 F1693.1 X2.411 Y12.395 E0.08363
G1 F1699.1 X3.132 Y12.333 E0.051
G1 F1702.1 X4.203 Y12.216 E0.07579
G1 F1696.1 X5.153 Y12.081 E0.06774
G1 X6.029 Y11.939 E0.06265
G1 F1702.1 X6.792 Y11.785 E0.05476
G1 X7.838 Y11.551 E0.0754
G1 X8.939 Y11.267 E0.07999
G0 F12000 X8.8 Y11.267
G1 F3600 E-1
;MESH:NONMESH
G0 F600 X8.8 Y11.267 Z15
G0 F12000 X8.723 Y6.844
;TIME_ELAPSED:583.397210
;LAYER:49
;TYPE:FILL
;MESH:overhang.stl
G1 F3600 E1
G1 F9600 X8.263 Y7.395 E0.03581
G1 X8.268 Y7.408 E0.00069
G1 X7.414 Y8.262 E0.06025
G1 X7.402 Y8.257 E0.00065
G1 X6.797 Y8.768 E0.03951
G1 X6.861 Y8.832 E0.00452
G1 X9.04 Y9.416 E0.11255
G1 X9.04 Y9.773 E0.01781
G1 X6.772 Y9.166 E0.11713
G1 X5.859 Y9.41 E0.04715
G1 X5.471 Y9.651 E0.02279
G1 X4.794 Y10.002 E0.03805
G1 X4.1 Y10.311 E0.0379
G1 X3.56 Y10.501 E0.02856
G1 X3.56 Y10.511 E0.0005
G1 X2.741 Y10.746 E0.04251
G1 X2.054 Y10.9 E0.03513
G1 X1.367 Y11.007 E0.03469
G1 X0.7 Y11.069 E0.03342
G1 X0.00 Y11.092 E0.03494
G1 X-.371 Y11.08 E0.01852
G1 X-4.343 Y12.144 E0.20515
G1 X-3.036 Y12.289 E0.06561
G1 X-1.873 Y12.375 E0.05818
G1 X-1.501 Y10.987 E0.07169
G1 X-2.048 Y10.903 E0.02761
G1 X-2.739 Y10.747 E0.03534
G1 X-3.559 Y10.511 E0.04257
G1 X-3.559 Y10.501 E0.0005
G1 X-4.432 Y10.192 E0.0462
G1 X-5.473 Y9.649 E0.05858
G1 X-6.165 Y9.218 E0.04067
G1 X-6.74 Y8.815 E0.03503
G1 X-7.349 Y8.304 E0.03966
G1 X-7.361 Y8.309 E0.00065
G1 X-8.233 Y7.444 E0.06128
G1 X-8.228 Y7.432 E0.00065
G1 X-8.725 Y6.844 E0.03841
G1 X-9.04 Y6.959 E0.01673
G1 X-9.04 Y11.186 E0.21089
G1 X-7.893 Y11.486 E0.05915
G1 X-7.324 Y11.618 E0.02914
G1 X-9.04 Y9.902 E0.12107
G1 X-9.11 Y9.832
G1 F3600 E-1
G0 F12000 X-9.1 Y9.832
G0 X6.543 Y-19.032
G1 F3600 E1
G1 F9600 X4.197 Y-10.276 E0.45225
G1 X3.555 Y-10.502 E0.03396
G1 X3.555 Y-10.512 E0.0005
G1 X2.747 Y-10.744 E0.04194
G1 X2.046 Y-10.904 E0.03587
G1 X1.374 Y-11.007 E0.03392
G1 X0.698 Y-11.07 E0.03387
G1 X0.00 Y-11.093 E0.03484
G1 X-.7 Y-11.07 E0.03494
G1 X-1.367 Y-11.008 E0.03342
G1 X-2.057 Y-10.901 E0.03484
G1 X-2.736 Y-10.749 E0.03471
G1 X-3.565 Y-10.508 E0.04307
G1 X-3.565 Y-10.499 E0.00045
G1 X-4.101 Y-10.311 E0.02834
G1 X-4.791 Y-10.003 E0.0377
G1 X-5.474 Y-9.649 E0.03838
G1 X-6.145 Y-9.231 E0.03944
G1 X-7.029 Y-8.597 E0.05427
G1 X-7.016 Y-8.584 E0.00092
G1 X-7.402 Y-8.259 E0.02517
G1 X-7.414 Y-8.264 E0.00065
G1 X-8.276 Y-7.401 E0.06085
G1 X-8.271 Y-7.389 E0.00065
G1 X-8.724 Y-6.846 E0.03528
G1 X-8.871 Y-6.899 E0.0078
G1 X-9.04 Y-7.069 E0.01196
G1 X-9.04 Y-7.242 E0.00863
G1 X-5.88 Y-19.032 E0.60897
G1 X-9.04 Y-19.032 E0.15765
G1 X-9.04 Y-11.444 E0.37857
G1 X9.039 Y-16.289 E0.93379
G1 X9.04 Y-6.962 E0.46533
G1 X8.724 Y-6.847 E0.01678
G1 X8.243 Y-7.418 E0.03725
G1 X8.248 Y-7.43 E0.00065
G1 X7.374 Y-8.299 E0.06149
G1 X7.362 Y-8.294 E0.00065
G1 X6.752 Y-8.806 E0.03973
G1 X6.154 Y-9.226 E0.03646
G1 X5.473 Y-9.649 E0.04
G1 X5.216 Y-9.784 E0.01448
G1 X-4.033 Y-19.032 E0.65253
G1 X9.04 Y-19.032 E0.65221
G1 X9.14 Y-19.032
G0 F12000 X9.4 Y-19.392
;TYPE:WALL-INNER
G1 F3000 X-9.4 Y-19.392 E0.93794
G1 X-9.4 Y12.577 E1.59494
G1 X-8.526 Y12.814 E0.04518
G1 X-7.97 Y12.945 E0.0285
G1 X-6.755 Y13.211 E0.06205
G1 X-5.477 Y13.439 E0.06477
G1 X-4.297 Y13.604 E0.05944
G1 X-3.143 Y13.73 E0.05792
G1 X-2.414 Y13.789 E0.03649
G1 X-1.721 Y13.828 E0.03463
G1 X-.61 Y13.864 E0.05546
G1 X-0.002 Y13.871 E0.03034
G1 X1.229 Y13.848 E0.06143
G1 X1.942 Y13.816 E0.03561
G1 X3.016 Y13.742 E0.05371
G1 X4.034 Y13.636 E0.05106
G1 X4.962 Y13.514 E0.0467
G1 X5.488 Y13.434 E0.02654
G1 X6.756 Y13.211 E0.06423
G1 X8.003 Y12.939 E0.06368
G1 X8.493 Y12.821 E0.02515
G1 X9.4 Y12.576 E0.04687
G1 X9.4 Y-19.392 E1.59489
G0 F12000 X9.8 Y-19.792
;TYPE:WALL-OUTER
G1 F1200 X-9.8 Y-19.792 E0.97785
G1 X-9.8 Y12.883 E1.63016
G1 X-8.642 Y13.198 E0.05987
G1 X-8.056 Y13.336 E0.03004
G1 X-6.833 Y13.603 E0.06245
G1 X-5.54 Y13.834 E0.06553
G1 X-4.347 Y14.001 E0.0601
G1 X-3.181 Y14.128 E0.05852
G1 X-2.442 Y14.188 E0.03699
G1 X-1.739 Y14.228 E0.03513
G1 X-.619 Y14.264 E0.05591
G1 X-0.001 Y14.271 E0.03083
G1 X1.241 Y14.248 E0.06197
G1 X1.964 Y14.216 E0.03611
G1 X3.05 Y14.14 E0.05431
G1 X4.08 Y14.033 E0.05166
G1 X5.022 Y13.91 E0.0474
G1 X5.557 Y13.828 E0.027
G1 X6.833 Y13.603 E0.06464
G1 X8.392 Y13.263 E0.07961
G1 X9.8 Y12.882 E0.07277
G1 X9.8 Y-19.792 E1.63011
G0 F12000 X9 Y-19.792
G1 F3600 E-1
G0 F12000 X9 Y-19.092
G0 X0.001 Y4.963
;TYPE:SKIN
G1 F3600 E1
G1 F2400 X-.61 Y4.929 E0.03053
G1 X-1.217 Y4.81 E0.03086
G1 X-1.834 Y4.605 E0.03244
G1 X-2.452 Y4.317 E0.03402
G1 X-3.212 Y3.799 E0.04589
G1 X-3.903 Y3.058 E0.05055
G1 X-4.314 Y2.459 E0.03624
G1 X-4.609 Y1.838 E0.0343
G1 X-4.806 Y1.225 E0.03212
G1 X-4.925 Y0.622 E0.03066
G1 X-4.963 Y0.011 E0.03054
G1 X-4.925 Y-.607 E0.03089
G1 X-4.813 Y-1.21 E0.0306
G1 X-4.613 Y-1.822 E0.03212
G1 X-4.31 Y-2.471 E0.03573
G1 X-3.788 Y-3.22 E0.04555
G1 X-3.05 Y-3.907 E0.0503
G1 X-2.452 Y-4.317 E0.03617
G1 X-1.833 Y-4.61 E0.03417
G1 X-1.218 Y-4.817 E0.03237
G1 X-.615 Y-4.925 E0.03056
G1 X0.00 Y-4.967 E0.03075
G1 X0.615 Y-4.925 E0.03075
G1 X1.218 Y-4.817 E0.03056
G1 X1.832 Y-4.61 E0.03233
G1 X2.452 Y-4.314 E0.03428
G1 X3.22 Y-3.791 E0.04636
G1 X3.915 Y-3.043 E0.05094
G1 X4.321 Y-2.444 E0.0361
G1 X4.609 Y-1.83 E0.03383
G1 X4.813 Y-1.21 E0.03256
G1 X4.925 Y-.607 E0.0306
G1 X4.963 Y0.001 E0.03039
G1 X4.925 Y0.622 E0.03104
G1 X4.805 Y1.225 E0.03067
G1 X4.609 Y1.837 E0.03206
G1 X4.314 Y2.455 E0.03416
G1 X3.795 Y3.216 E0.04596
G1 X3.05 Y3.911 E0.05083
G1 X2.452 Y4.317 E0.03606
G1 X1.834 Y4.605 E0.03402
G1 X1.216 Y4.81 E0.03248
G1 X0.611 Y4.933 E0.0308
G1 X0.001 Y4.963 E0.03047
G1 F3600 E-1
G0 F12000 X-4.384 Y-1.838
G1 F3600 E1
G1 F2400 X-1.835 Y-4.388 E0.17988
G1 X-1.765 Y-4.458
G0 F12000 X-1.004 Y-4.653
G1 F2400 X-4.646 Y-1.01 E0.257
G0 F12000 X-4.74 Y-.351
G1 F2400 X-.348 Y-4.743 E0.30988
G0 F12000 X0.226 Y-4.752
G1 F2400 X-4.749 Y0.223 E0.35101
G0 F12000 X-4.697 Y0.738
G1 F2400 X0.74 Y-4.7 E0.38364
G0 F12000 X1.214 Y-4.608
G1 F2400 X-4.601 Y1.207 E0.41028
G0 F12000 X-4.464 Y1.636
G1 F2400 X1.637 Y-4.465 E0.43046
G0 F12000 X2.032 Y-4.294
G1 F2400 X-4.295 Y2.032 E0.44637
G0 F12000 X-4.105 Y2.408
G1 F2400 X2.407 Y-4.104 E0.45946
G0 F12000 X2.743 Y-3.874
G1 F2400 X-3.876 Y2.744 E0.46697
G0 F12000 X-3.627 Y3.061
G1 F2400 X3.079 Y-3.645 E0.47314
G0 F12000 X3.353 Y-3.353
G1 F2400 X-3.354 Y3.354 E0.47322
G0 F12000 X-3.081 Y3.647
G1 F2400 X3.626 Y-3.06 E0.47322
G0 F12000 X3.876 Y-2.744
G1 F2400 X-2.745 Y3.876 E0.46711
G0 F12000 X-2.408 Y4.105
G1 F2400 X4.105 Y-2.408 E0.45953
G0 F12000 X4.294 Y-2.031
G1 F2400 X-2.031 Y4.294 E0.44626
G0 F12000 X-1.633 Y4.461
G1 F2400 X4.463 Y-1.634 E0.43007
G0 F12000 X4.603 Y-1.208
G1 F2400 X-1.208 Y4.603 E0.41
G0 F12000 X-.74 Y4.7
G1 F2400 X4.697 Y-.737 E0.38361
G0 F12000 X4.748 Y-.223
G1 F2400 X-.225 Y4.75 E0.35087
G0 F12000 X0.345 Y4.746
G1 F2400 X4.74 Y0.351 E0.31009
G0 F12000 X4.642 Y1.015
G1 F2400 X1.008 Y4.649 E0.2564
G1 X0.938 Y4.719
G0 F12000 X1.841 Y4.381
G1 F2400 X4.389 Y1.834 E0.17974
G1 X4.459 Y1.764
G1 F3600 E-1
G0 F12000 X-9.02 Y5.862
G1 F3600 E1
G1 F2400 X-9.02 Y-5.849 E0.58426
G1 X-8.548 Y-6.522 E0.04101
G1 X-7.936 Y-7.256 E0.04768
G1 X-7.268 Y-7.924 E0.04713
G1 X-6.633 Y-8.457 E0.04136
G1 X-5.96 Y-8.941 E0.04136
G1 X-5.304 Y-9.35 E0.03857
G1 X-4.636 Y-9.695 E0.03751
G1 X-3.973 Y-9.993 E0.03626
G1 X-3.311 Y-10.225 E0.035
G1 X-2.657 Y-10.414 E0.03396
G1 X-1.986 Y-10.567 E0.03434
G1 X-1.276 Y-10.673 E0.03581
G1 X-.667 Y-10.728 E0.03051
G1 X0.00 Y-10.751 E0.0333
G1 X0.668 Y-10.728 E0.03335
G1 X1.28 Y-10.677 E0.03064
G1 X1.982 Y-10.567 E0.03545
G1 X2.658 Y-10.414 E0.03458
G1 X3.311 Y-10.225 E0.03392
G1 X3.973 Y-9.994 E0.03498
G1 X4.636 Y-9.695 E0.03629
G1 X5.305 Y-9.349 E0.03758
G1 X5.953 Y-8.949 E0.03799
G1 X6.541 Y-8.533 E0.03593
G1 X7.237 Y-7.952 E0.04523
G1 X7.908 Y-7.284 E0.04724
G1 X8.466 Y-6.62 E0.04327
G1 X9.02 Y-5.855 E0.04712
G1 X9.02 Y5.855 E0.58421
G1 X8.537 Y6.529 E0.04137
G1 X7.923 Y7.269 E0.04797
G1 X7.268 Y7.924 E0.04621
G1 X6.541 Y8.533 E0.04731
G1 X5.969 Y8.941 E0.03505
G1 X5.305 Y9.349 E0.03888
G1 X4.702 Y9.662 E0.0339
G1 X3.973 Y9.994 E0.03996
G1 X3.315 Y10.225 E0.03479
G1 X2.654 Y10.414 E0.0343
G1 X1.986 Y10.563 E0.03415
G1 X1.275 Y10.673 E0.03589
G1 X0.667 Y10.728 E0.03046
G1 X0.00 Y10.751 E0.0333
G1 X-.668 Y10.728 E0.03335
G1 X-1.28 Y10.677 E0.03064
G1 X-1.982 Y10.567 E0.03545
G1 X-2.658 Y10.414 E0.03458
G1 X-3.315 Y10.225 E0.03411
G1 X-3.973 Y9.994 E0.03479
G1 X-4.636 Y9.695 E0.03629
G1 X-5.305 Y9.349 E0.03758
G1 X-5.969 Y8.936 E0.03901
G1 X-6.53 Y8.545 E0.03412
G1 X-7.221 Y7.964 E0.04504
G1 X-7.896 Y7.296 E0.04738
G1 X-8.454 Y6.632 E0.04327
G1 X-9.02 Y5.862 E0.04768
G1 F3600 E-1
G0 F12000 X-0.012 Y5.344
G1 F3600 E1
G1 F2400 X0.655 Y5.312 E0.03332
G1 X1.312 Y5.181 E0.03342
G1 X1.979 Y4.959 E0.03507
G1 X2.636 Y4.654 E0.03614
G1 X3.285 Y4.214 E0.03912
G1 X4.065 Y3.486 E0.05323
G1 X4.642 Y2.654 E0.05051
G1 X4.963 Y1.975 E0.03747
G1 X5.175 Y1.331 E0.03383
G1 X5.301 Y0.687 E0.03274
G1 X5.344 Y0.021 E0.0333
G1 X5.308 Y-.632 E0.03263
G1 X5.185 Y-1.301 E0.03394
G1 X4.962 Y-1.973 E0.03532
G1 X4.662 Y-2.613 E0.03526
G1 X4.209 Y-3.289 E0.0406
G1 X3.473 Y-4.078 E0.05383
G1 X2.642 Y-4.647 E0.05025
G1 X1.986 Y-4.957 E0.0362
G1 X1.317 Y-5.184 E0.03525
G1 X0.668 Y-5.301 E0.0329
G1 X0.014 Y-5.348 E0.03271
G1 X-.651 Y-5.308 E0.03324
G1 X-1.328 Y-5.181 E0.03436
G1 X-1.978 Y-4.963 E0.0342
G1 X-2.632 Y-4.654 E0.03609
G1 X-3.297 Y-4.201 E0.04014
G1 X-4.078 Y-3.473 E0.05327
G1 X-4.629 Y-2.683 E0.04805
G1 X-4.962 Y-1.973 E0.03912
G1 X-5.178 Y-1.328 E0.03394
G1 X-5.305 Y-.657 E0.03407
G1 X-5.344 Y0.021 E0.03388
G1 X-5.302 Y0.683 E0.03309
G1 X-5.181 Y1.306 E0.03166
G1 X-4.963 Y1.975 E0.0351
G1 X-4.657 Y2.626 E0.03589
G1 X-4.194 Y3.305 E0.041
G1 X-3.461 Y4.086 E0.05344
G1 X-2.649 Y4.642 E0.0491
G1 X-1.981 Y4.958 E0.03687
G1 X-1.324 Y5.177 E0.03455
G1 X-.675 Y5.305 E0.033
G1 X-0.012 Y5.344 E0.03313
G1 F3600 E-1
G0 F12000 X8.576 Y6.132
G1 F3600 E1
G1 F2400 X6.121 Y8.587 E0.17321
G1 X6.051 Y8.657
G0 F12000 X4.715 Y9.427
G1 F2400 X8.82 Y5.322 E0.28963
G0 F12000 X8.82 Y4.756
G1 F2400 X3.698 Y9.878 E0.36138
G1 X3.628 Y9.948
G0 F12000 X2.864 Y10.146
G1 F2400 X8.82 Y4.19 E0.42023
G0 F12000 X8.82 Y3.625
G1 F2400 X2.116 Y10.329 E0.473
G0 F12000 X1.433 Y10.447
G1 F2400 X8.82 Y3.059 E0.52123
G0 F12000 X8.82 Y2.493
G1 F2400 X0.798 Y10.515 E0.566
G0 F12000 X0.204 Y10.544
G1 F2400 X8.82 Y1.928 E0.60791
G0 F12000 X8.82 Y1.362
G1 F2400 X-.357 Y10.539 E0.64749
G0 F12000 X-.892 Y10.509
G1 F2400 X8.82 Y0.796 E0.68527
G0 F12000 X8.82 Y0.231
G1 F2400 X-1.404 Y10.455 E0.72136
G0 F12000 X-1.894 Y10.38
G1 F2400 X8.82 Y-.335 E0.75597
G0 F12000 X8.82 Y-.901
G1 F2400 X-2.357 Y10.277 E0.78863
G0 F12000 X-2.809 Y10.163
G1 F2400 X2.348 Y5.006 E0.36385
G1 X2.418 Y4.936
G0 F12000 X1.442 Y5.346
G1 F2400 X-3.248 Y10.036 E0.3309
G0 F12000 X-3.667 Y9.89
G1 F2400 X0.72 Y5.503 E0.30953
G0 F12000 X0.121 Y5.536
G1 F2400 X-4.073 Y9.73 E0.29591
G0 F12000 X-4.463 Y9.554
G1 F2400 X-.429 Y5.52 E0.28462
G0 F12000 X-.932 Y5.457
G1 F2400 X-4.839 Y9.365 E0.2757
G0 F12000 X-5.212 Y9.172
G1 F2400 X-1.4 Y5.36 E0.26896
G0 F12000 X-1.825 Y5.219
G1 F2400 X-5.561 Y8.956 E0.26363
G0 F12000 X-5.908 Y8.736
G1 F2400 X-2.232 Y5.061 E0.25933
G0 F12000 X-2.617 Y4.88
G1 F2400 X-6.241 Y8.504 E0.25569
G0 F12000 X-6.561 Y8.258
G1 F2400 X-2.966 Y4.663 E0.25365
G0 F12000 X-3.303 Y4.434
G1 F2400 X-6.868 Y7.999 E0.25153
G0 F12000 X-7.169 Y7.734
G1 F2400 X-3.631 Y4.197 E0.24959
G0 F12000 X-3.905 Y3.905
G1 F2400 X-7.453 Y7.453 E0.25033
G0 F12000 X-7.737 Y7.171
G1 F2400 X-4.179 Y3.613 E0.25104
G0 F12000 X-4.436 Y3.304
G1 F2400 X-7.996 Y6.865 E0.25121
G0 F12000 X-8.255 Y6.558
G1 F2400 X-4.665 Y2.968 E0.25329
G0 F12000 X-4.882 Y2.619
G1 F2400 X-8.497 Y6.235 E0.25509
G0 F12000 X-8.737 Y5.909
G1 F2400 X-5.062 Y2.234 E0.25929
G0 F12000 X-5.221 Y1.827
G1 F2400 X-8.82 Y5.426 E0.25393
G0 F12000 X-8.82 Y4.86
G1 F2400 X-5.359 Y1.399 E0.24419
G0 F12000 X-5.457 Y0.932
G1 F2400 X-8.82 Y4.294 E0.23724
G0 F12000 X-8.82 Y3.729
G1 F2400 X-5.518 Y0.427 E0.23297
G0 F12000 X-5.536 Y-.121
G1 F2400 X-8.82 Y3.163 E0.2317
G0 F12000 X-8.82 Y2.597
G1 F2400 X-5.496 Y-.727 E0.23453
G0 F12000 X-5.353 Y-1.435
G1 F2400 X-8.82 Y2.032 E0.24462
G0 F12000 X-8.82 Y1.466
G1 F2400 X-5.005 Y-2.349 E0.26917
G1 X-4.935 Y-2.419
G1 F3600 E-1
G0 F12000 X-2.343 Y-5.011
G1 F3600 E1
G1 F2400 X2.809 Y-10.163 E0.3635
G0 F12000 X3.247 Y-10.035
G1 F2400 X-1.431 Y-5.357 E0.33006
G0 F12000 X-.728 Y-5.494
G1 F2400 X3.666 Y-9.889 E0.31006
G0 F12000 X4.073 Y-9.73
G1 F2400 X-.117 Y-5.539 E0.29566
G0 F12000 X0.428 Y-5.519
G1 F2400 X4.463 Y-9.554 E0.28469
G0 F12000 X4.839 Y-9.365
G1 F2400 X0.931 Y-5.457 E0.27573
G0 F12000 X1.404 Y-5.364
G1 F2400 X5.212 Y-9.172 E0.26867
G0 F12000 X5.562 Y-8.956
G1 F2400 X1.828 Y-5.222 E0.26345
G0 F12000 X2.232 Y-5.061
G1 F2400 X5.908 Y-8.736 E0.25933
G0 F12000 X6.239 Y-8.502
G1 F2400 X2.616 Y-4.879 E0.25562
G0 F12000 X2.968 Y-4.665
G1 F2400 X6.56 Y-8.257 E0.25344
G0 F12000 X6.868 Y-7.999
G1 F2400 X3.304 Y-4.435 E0.25146
G0 F12000 X3.633 Y-4.199
G1 F2400 X7.171 Y-7.736 E0.24959
G0 F12000 X7.454 Y-7.454
G1 F2400 X3.907 Y-3.907 E0.25026
G0 F12000 X4.18 Y-3.614
G1 F2400 X7.738 Y-7.172 E0.25104
G0 F12000 X7.997 Y-6.866
G1 F2400 X4.437 Y-3.306 E0.25118
G0 F12000 X4.664 Y-2.967
G1 F2400 X8.256 Y-6.559 E0.25344
G0 F12000 X8.497 Y-6.235
G1 F2400 X4.88 Y-2.618 E0.2552
G0 F12000 X5.06 Y-2.232
G1 F2400 X8.735 Y-5.906 E0.25926
G0 F12000 X8.82 Y-5.426
G1 F2400 X5.222 Y-1.828 E0.25386
G0 F12000 X5.362 Y-1.402
G1 F2400 X8.82 Y-4.861 E0.24402
G0 F12000 X8.82 Y-4.295
G1 F2400 X5.458 Y-.933 E0.23721
G0 F12000 X5.518 Y-.427
G1 F2400 X8.82 Y-3.729 E0.23297
G0 F12000 X8.82 Y-3.164
G1 F2400 X5.539 Y0.117 E0.23149
G0 F12000 X5.498 Y0.724
G1 F2400 X8.82 Y-2.598 E0.23439
G0 F12000 X8.82 Y-2.032
G1 F2400 X5.351 Y1.438 E0.24479
G1 X5.281 Y1.508
G0 F12000 X5.007 Y2.347
G1 F2400 X8.82 Y-1.467 E0.26906
G1 X8.89 Y-1.537
G1 F3600 E-1
G0 F12000 X2.357 Y-10.277
G1 F3600 E1
G1 F2400 X-8.82 Y0.9 E0.7886
G0 F12000 X-8.82 Y0.334
G1 F2400 X1.893 Y-10.378 E0.75582
G0 F12000 X1.404 Y-10.455
G1 F2400 X-8.82 Y-.231 E0.72136
G0 F12000 X-8.82 Y-.797
G1 F2400 X0.892 Y-10.509 E0.68523
G0 F12000 X0.357 Y-10.539
G1 F2400 X-8.82 Y-1.363 E0.64745
G0 F12000 X-8.82 Y-1.928
G1 F2400 X-.204 Y-10.544 E0.60791
G0 F12000 X-.798 Y-10.515
G1 F2400 X-8.82 Y-2.494 E0.56596
G0 F12000 X-8.82 Y-3.06
G1 F2400 X-1.431 Y-10.448 E0.5213
G0 F12000 X-2.111 Y-10.334
G1 F2400 X-8.82 Y-3.625 E0.47336
G0 F12000 X-8.82 Y-4.191
G1 F2400 X-2.865 Y-10.146 E0.42016
G1 X-2.795 Y-10.216
G0 F12000 X-3.699 Y-9.878
G1 F2400 X-8.82 Y-4.757 E0.36131
G0 F12000 X-8.82 Y-5.322
G1 F2400 X-4.71 Y-9.432 E0.28998
G1 X-4.64 Y-9.502
G0 F12000 X-6.147 Y-8.561
G1 F2400 X-8.579 Y-6.129 E0.17159
G1 X-8.649 Y-6.059
G1 F3600 E-1
G0 F12000 X8.941 Y11.654
G1 F3600 E1
G1 F1720.4 X8.941 Y12.222 E0.03953
G1 F1711.2 X8.195 Y12.42 E0.05401
G1 F1708.2 X6.778 Y12.734 E0.10174
G1 F1714.3 X5.408 Y12.979 E0.09721
G1 X4.896 Y13.058 E0.03618
G1 X3.93 Y13.181 E0.06802
G1 F1708.2 X2.975 Y13.28 E0.0673
G1 F1705.2 X1.914 Y13.355 E0.07469
G1 F1702.1 X1.215 Y13.386 E0.04922
G1 X0.001 Y13.407 E0.08541
G1 F1708.2 X-.595 Y13.403 E0.04178
G1 X-1.693 Y13.367 E0.07701
G1 F1702.1 X-2.377 Y13.326 E0.0482
G1 F1708.2 X-3.075 Y13.271 E0.04908
G1 F1714.3 X-4.234 Y13.145 E0.08143
G1 F1708.2 X-5.347 Y12.99 E0.07877
G1 X-6.657 Y12.756 E0.09328
G1 F1714.3 X-7.868 Y12.496 E0.08651
G1 F1717.4 X-8.94 Y12.224 E0.07711
G1 F1714.3 X-8.94 Y11.647 E0.0403
G1 F1717.4 X-7.987 Y11.894 E0.06864
G1 F1723.5 X-7.436 Y12.023 E0.03931
G1 X-6.095 Y12.294 E0.09505
G1 F1720.4 X-4.878 Y12.495 E0.08585
G1 F1717.4 X-4.172 Y12.588 E0.04965
G1 F1711.2 X-3.042 Y12.711 E0.07953
G1 F1708.2 X-1.832 Y12.797 E0.08503
G1 X-.592 Y12.842 E0.08698
G1 F1714.3 X0.511 Y12.843 E0.07704
G1 X1.823 Y12.797 E0.09169
G1 F1711.2 X3.036 Y12.712 E0.08508
G1 F1720.4 X4.498 Y12.552 E0.10236
G1 F1726.6 X5.648 Y12.372 E0.08072
G1 F1714.3 X6.655 Y12.188 E0.0715
G1 F1717.4 X7.441 Y12.021 E0.05602
G1 F1723.5 X8.941 Y11.654 E0.10728
G0 F12000 X8.8 Y11.654
G1 F3600 E-1
;MESH:NONMESH
G0 F600 X8.8 Y11.654 Z15.3
G0 F12000 X9.04 Y8.777
;TIME_ELAPSED:619.926257
;LAYER:50
;TYPE:FILL
;MESH:overhang.stl
G1 F3600 E1
G1 F9600 X8.409 Y8.946 E0.03259
G1 X8.751 Y8.627 E0.02333
G1 X9.04 Y8.753 E0.01573
G1 X9.04 Y10.712 E0.09773
G1 X7.803 Y9.475 E0.08728
G1 X7.475 Y9.742 E0.0211
G1 X6.778 Y10.244 E0.04285
G1 X6.095 Y10.664 E0.04
G1 X5.422 Y11.02 E0.03798
G1 X4.751 Y11.324 E0.03675
G1 X4.067 Y11.589 E0.0366
G1 X3.403 Y11.801 E0.03477
G1 X2.69 Y11.981 E0.03669
G1 X1.731 Y12.173 E0.04879
G1 X0.672 Y12.262 E0.05302
G1 X-0.001 Y12.283 E0.03359
G1 X-.667 Y12.264 E0.03324
G1 X-1.728 Y12.175 E0.05312
G1 X-2.022 Y12.114 E0.01498
G1 X-2.188 Y12.734 E0.03202
G1 X-3.641 Y12.598 E0.07281
G1 X-4.716 Y12.463 E0.05405
G1 X-2.805 Y11.951 E0.0987
G1 X-3.412 Y11.797 E0.03124
G1 X-4.063 Y11.592 E0.03405
G1 X-4.744 Y11.327 E0.03646
G1 X-5.422 Y11.019 E0.03715
G1 X-6.105 Y10.657 E0.03857
G1 X-6.896 Y10.166 E0.04645
G1 X-7.455 Y9.758 E0.03453
G1 X-8.119 Y9.213 E0.04286
G1 X-8.753 Y8.628 E0.04304
G1 X-9.04 Y8.754 E0.01564
G1 X-9.04 Y11.566 E0.14029
G1 X-7.906 Y11.859 E0.05843
G1 X-6.475 Y12.167 E0.07303
G1 X-9.04 Y9.602 E0.18097
G1 X-9.11 Y9.532
G1 F3600 E-1
G0 F12000 X-9.1 Y9.532
G0 X-5.562 Y-2.204
G0 X6.323 Y-19.032
G1 F3600 E1
G1 F9600 X4.305 Y-11.499 E0.38907
G1 X4.739 Y-11.331 E0.02322
G1 X5.414 Y-11.022 E0.03704
G1 X6.11 Y-10.654 E0.03928
G1 X6.772 Y-10.248 E0.03874
G1 X7.469 Y-9.746 E0.04285
G1 X8.129 Y-9.207 E0.04251
G1 X8.752 Y-8.63 E0.04236
G1 X9.04 Y-8.756 E0.01568
G1 X9.04 Y-16.069 E0.36485
G1 X-9.04 Y-11.225 E0.93383
G1 X-9.04 Y-19.032 E0.38949
G1 X-6.1 Y-19.032 E0.14668
G1 X-8.874 Y-8.68 E0.53468
G1 X-8.751 Y-8.627 E0.00668
G1 X-8.141 Y-9.198 E0.04169
G1 X-7.468 Y-9.748 E0.04336
G1 X-6.766 Y-10.252 E0.04311
G1 X-6.096 Y-10.663 E0.03921
G1 X-5.433 Y-11.014 E0.03743
G1 X-4.752 Y-11.325 E0.03735
G1 X-4.066 Y-11.592 E0.03673
G1 X-3.37 Y-11.808 E0.03636
G1 X-2.712 Y-11.977 E0.03389
G1 X-1.686 Y-12.181 E0.05219
G1 X-.673 Y-12.262 E0.0507
G1 X0.00 Y-12.284 E0.03359
G1 X0.674 Y-12.262 E0.03364
G1 X1.363 Y-12.206 E0.03449
G1 X2.038 Y-12.112 E0.034
G1 X2.715 Y-11.976 E0.03445
G1 X3.534 Y-11.765 E0.04219
G1 X-3.733 Y-19.032 E0.51273
G1 X9.04 Y-19.032 E0.63725
G1 X9.14 Y-19.032
G0 F12000 X9.4 Y-19.392
;TYPE:WALL-INNER
G1 F3000 X-9.4 Y-19.392 E0.93794
G1 X-9.4 Y12.947 E1.6134
G1 X-8.594 Y13.16 E0.04159
G1 X-7.445 Y13.429 E0.05887
G1 X-6.142 Y13.685 E0.06625
G1 X-4.864 Y13.889 E0.06457
G1 X-3.682 Y14.03 E0.05939
G1 X-2.45 Y14.137 E0.0617
G1 X-1.842 Y14.176 E0.0304
G1 X-.609 Y14.22 E0.06155
G1 X0.67 Y14.219 E0.06381
G1 X2.281 Y14.157 E0.08043
G1 X3.563 Y14.043 E0.06421
G1 X4.152 Y13.978 E0.02956
G1 X5.084 Y13.854 E0.04691
G1 X6.009 Y13.708 E0.04672
G1 X7.291 Y13.463 E0.06512
G1 X8.623 Y13.153 E0.06823
G1 X9.4 Y12.944 E0.04014
G1 X9.4 Y-19.392 E1.61325
G1 F3600 E-1
G0 F12000 X9.13 Y-19.122
G0 X5.796 Y1.488
G0 X5.207 Y2.962
G0 X4.57 Y3.891
G0 X3.699 Y4.705
G0 X2.953 Y5.214
G0 X2.212 Y5.558
G0 X-0.05 Y6.042
G0 X-0.034 Y5.744
G1 F3600 E1
G1 F3000 X-.67 Y5.708 E0.03178
G1 X-1.457 Y5.554 E0.04001
G1 X-2.151 Y5.32 E0.03654
G1 X-2.837 Y4.998 E0.03781
G1 X-3.725 Y4.391 E0.05366
G1 X-4.509 Y3.554 E0.05722
G1 X-4.999 Y2.84 E0.0432
G1 X-5.343 Y2.1 E0.04071
G1 X-5.574 Y1.383 E0.03758
G1 X-5.696 Y0.752 E0.03206
G1 X-5.744 Y-0.027 E0.03894
G1 X-5.708 Y-.655 E0.03138
G1 X-5.558 Y-1.454 E0.04056
G1 X-5.325 Y-2.141 E0.03619
G1 X-4.988 Y-2.867 E0.03993
G1 X-4.38 Y-3.74 E0.05308
G1 X-3.581 Y-4.484 E0.05447
G1 X-2.831 Y-5.003 E0.0455
G1 X-2.095 Y-5.345 E0.04049
G1 X-1.383 Y-5.578 E0.03738
G1 X-.67 Y-5.707 E0.03615
G1 X0.00 Y-5.748 E0.03349
G1 X0.739 Y-5.695 E0.03696
G1 X1.464 Y-5.557 E0.03682
G1 X2.156 Y-5.319 E0.03651
G1 X2.838 Y-4.997 E0.03763
G1 X3.735 Y-4.384 E0.0542
G1 X4.526 Y-3.536 E0.05786
G1 X5.024 Y-2.783 E0.04504
G1 X5.35 Y-2.078 E0.03875
G1 X5.579 Y-1.374 E0.03693
G1 X5.708 Y-.655 E0.03644
G1 X5.744 Y0.046 E0.03502
G1 X5.704 Y0.686 E0.03199
G1 X5.555 Y1.456 E0.03913
G1 X5.343 Y2.1 E0.03383
G1 X4.999 Y2.839 E0.04067
G1 X4.389 Y3.731 E0.05391
G1 X3.546 Y4.52 E0.0576
G1 X2.835 Y5.003 E0.04288
G1 X2.086 Y5.346 E0.0411
G1 X1.391 Y5.573 E0.03648
G1 X0.667 Y5.712 E0.03678
G1 X-0.034 Y5.744 E0.03501
G0 F12000 X-0.012 Y5.344
;TYPE:WALL-OUTER
G1 F1200 X-.675 Y5.305 E0.03313
G1 X-1.307 Y5.181 E0.03213
G1 X-1.981 Y4.958 E0.03542
G1 X-2.649 Y4.642 E0.03687
G1 X-3.445 Y4.098 E0.0481
G1 X-4.205 Y3.29 E0.05534
G1 X-4.657 Y2.626 E0.04007
G1 X-4.963 Y1.975 E0.03589
G1 X-5.181 Y1.307 E0.03506
G1 X-5.302 Y0.683 E0.03171
G1 X-5.344 Y0.021 E0.03309
G1 X-5.305 Y-.657 E0.03388
G1 X-5.178 Y-1.328 E0.03407
G1 X-4.962 Y-1.973 E0.03394
G1 X-4.629 Y-2.683 E0.03912
G1 X-4.061 Y-3.491 E0.04927
G1 X-3.285 Y-4.21 E0.05278
G1 X-2.645 Y-4.646 E0.03863
G1 X-1.968 Y-4.966 E0.03736
G1 X-1.309 Y-5.185 E0.03465
G1 X-.645 Y-5.308 E0.03369
G1 X0.014 Y-5.348 E0.03294
G1 X0.646 Y-5.304 E0.03161
G1 X1.336 Y-5.178 E0.03499
G1 X1.986 Y-4.957 E0.03425
G1 X2.649 Y-4.642 E0.03662
G1 X3.491 Y-4.061 E0.05104
G1 X4.199 Y-3.301 E0.05182
G1 X4.662 Y-2.613 E0.04137
G1 X4.962 Y-1.973 E0.03526
G1 X5.185 Y-1.301 E0.03532
G1 X5.308 Y-.632 E0.03394
G1 X5.344 Y0.021 E0.03263
G1 X5.301 Y0.686 E0.03325
G1 X5.175 Y1.331 E0.03279
G1 X4.963 Y1.975 E0.03383
G1 X4.641 Y2.654 E0.03749
G1 X4.094 Y3.454 E0.04835
G1 X3.285 Y4.214 E0.05538
G1 X2.62 Y4.662 E0.04
G1 X1.96 Y4.966 E0.03625
G1 X1.312 Y5.181 E0.03406
G1 X0.676 Y5.309 E0.03237
G1 X-0.012 Y5.344 E0.03437
G0 F12000 X-.675 Y5.305
G0 X-.808 Y5.279
G1 F3600 E-1
G0 F12000 X-.944 Y5.967
G0 X1.381 Y5.412
G0 X2.754 Y4.865
G0 X3.448 Y4.392
G0 X4.265 Y3.628
G0 X4.859 Y2.762
G0 X5.312 Y1.684
G0 X9.53 Y-19.522
G0 X9.8 Y-19.792
G1 F3600 E1
G1 F1200 X-9.8 Y-19.792 E0.97785
G1 X-9.8 Y13.251 E1.64852
G1 X-8.685 Y13.55 E0.05759
G1 X-7.529 Y13.82 E0.05923
G1 X-6.212 Y14.079 E0.06696
G1 X-4.92 Y14.285 E0.06527
G1 X-3.723 Y14.428 E0.06014
G1 X-2.48 Y14.536 E0.06225
G1 X-1.862 Y14.576 E0.0309
G1 X-.616 Y14.62 E0.0622
G1 X0.68 Y14.619 E0.06466
G1 X1.28 Y14.602 E0.02995
G1 X2.525 Y14.537 E0.0622
G1 X4.098 Y14.388 E0.07883
G1 X5.087 Y14.258 E0.04977
G1 X6.001 Y14.115 E0.04615
G1 X7.426 Y13.844 E0.07237
G1 X8.727 Y13.539 E0.06667
G1 X9.8 Y13.25 E0.05544
G1 X9.8 Y-19.792 E1.64847
G0 F12000 X9 Y-19.792
G1 F3600 E-1
G0 F12000 X9 Y-19.092
G0 X5.796 Y1.488
G0 X5.207 Y2.962
G0 X4.57 Y3.891
G0 X3.699 Y4.705
G0 X0.00 Y7.064
;TYPE:SKIN
G1 F3600 E1
G1 F2400 X-.609 Y7.032 E0.03043
G1 X-1.234 Y6.95 E0.03145
G1 X-1.84 Y6.822 E0.0309
G1 X-2.464 Y6.62 E0.03272
G1 X-3.1 Y6.34 E0.03467
G1 X-3.671 Y6.033 E0.03234
G1 X-4.309 Y5.593 E0.03867
G1 X-5.002 Y4.998 E0.04557
G1 X-5.588 Y4.318 E0.04478
G1 X-6.017 Y3.694 E0.03778
G1 X-6.34 Y3.107 E0.03343
G1 X-6.617 Y2.473 E0.03452
G1 X-6.818 Y1.847 E0.0328
G1 X-6.958 Y1.214 E0.03234
G1 X-7.032 Y0.619 E0.02991
G1 X-7.059 Y0.011 E0.03036
G1 X-7.036 Y-.603 E0.03065
G1 X-6.954 Y-1.216 E0.03086
G1 X-6.818 Y-1.832 E0.03147
G1 X-6.62 Y-2.458 E0.03276
G1 X-6.359 Y-3.064 E0.03292
G1 X-6.024 Y-3.683 E0.03511
G1 X-5.609 Y-4.297 E0.03697
G1 X-4.99 Y-5.006 E0.04696
G1 X-4.326 Y-5.584 E0.04392
G1 X-3.671 Y-6.033 E0.03962
G1 X-3.1 Y-6.347 E0.03251
G1 X-2.466 Y-6.616 E0.03436
G1 X-1.843 Y-6.818 E0.03267
G1 X-1.25 Y-6.947 E0.03028
G1 X-.633 Y-7.034 E0.03109
G1 X-0.017 Y-7.059 E0.03076
G1 X0.61 Y-7.036 E0.0313
G1 X1.216 Y-6.953 E0.03052
G1 X1.843 Y-6.818 E0.032
G1 X2.465 Y-6.616 E0.03263
G1 X3.076 Y-6.355 E0.03315
G1 X3.69 Y-6.021 E0.03487
G1 X4.388 Y-5.534 E0.04246
G1 X5.002 Y-4.994 E0.04079
G1 X5.609 Y-4.297 E0.04611
G1 X6.021 Y-3.687 E0.03672
G1 X6.36 Y-3.068 E0.03521
G1 X6.62 Y-2.458 E0.03308
G1 X6.818 Y-1.839 E0.03242
G1 X6.954 Y-1.225 E0.03138
G1 X7.038 Y-.581 E0.0324
G1 X7.059 Y-0.015 E0.02826
G1 X7.032 Y0.619 E0.03166
G1 X6.954 Y1.237 E0.03108
G1 X6.818 Y1.847 E0.03118
G1 X6.616 Y2.473 E0.03282
G1 X6.352 Y3.08 E0.03302
G1 X6.017 Y3.695 E0.03494
G1 X5.589 Y4.313 E0.0375
G1 X4.994 Y5.006 E0.04557
G1 X4.309 Y5.597 E0.04514
G1 X3.695 Y6.017 E0.03711
G1 X3.08 Y6.352 E0.03494
G1 X2.465 Y6.62 E0.03347
G1 X1.84 Y6.822 E0.03277
G1 X1.251 Y6.947 E0.03004
G1 X0.59 Y7.034 E0.03326
G1 X0.00 Y7.064 E0.02947
G0 F12000 X0.759 Y6.087
G1 F2400 X1.46 Y5.945 E0.03568
G1 X2.207 Y5.703 E0.03917
G1 X3.029 Y5.33 E0.04503
G1 X3.783 Y4.812 E0.04564
G1 X4.68 Y3.971 E0.06134
G1 X5.333 Y3.02 E0.05755
G1 X5.694 Y2.241 E0.04283
G1 X5.92 Y1.552 E0.03618
G1 X6.072 Y0.809 E0.03784
G1 X6.125 Y0.013 E0.0398
G1 X6.087 Y-.683 E0.03478
G1 X5.941 Y-1.5 E0.04141
G1 X5.669 Y-2.303 E0.0423
G1 X5.34 Y-3.001 E0.0385
G1 X4.827 Y-3.764 E0.04587
G1 X3.989 Y-4.671 E0.06161
G1 X3.033 Y-5.322 E0.0577
G1 X2.322 Y-5.662 E0.03932
G1 X1.515 Y-5.94 E0.04258
G1 X0.796 Y-6.071 E0.03646
G1 X0.067 Y-6.124 E0.03647
G1 X-.704 Y-6.083 E0.03852
G1 X-1.511 Y-5.94 E0.04089
G1 X-2.227 Y-5.701 E0.03766
G1 X-3.013 Y-5.336 E0.04324
G1 X-3.769 Y-4.822 E0.04561
G1 X-4.653 Y-4.003 E0.06012
G1 X-5.316 Y-3.052 E0.05784
G1 X-5.711 Y-2.194 E0.04712
G1 X-5.952 Y-1.448 E0.03911
G1 X-6.082 Y-.699 E0.03793
G1 X-6.12 Y0.066 E0.03821
G1 X-6.071 Y0.813 E0.03735
G1 X-5.949 Y1.45 E0.03236
G1 X-5.703 Y2.214 E0.04004
G1 X-5.328 Y3.025 E0.04458
G1 X-4.808 Y3.783 E0.04586
G1 X-3.95 Y4.694 E0.06243
G1 X-3.015 Y5.333 E0.0565
G1 X-2.297 Y5.67 E0.03957
G1 X-1.581 Y5.914 E0.03774
G1 X-.766 Y6.083 E0.04153
G1 X-0.011 Y6.124 E0.03772
G1 X0.759 Y6.087 E0.03846
G1 F3600 E-1
G0 F12000 X2.212 Y5.558
G0 X2.953 Y5.214
G0 X3.699 Y4.705
G0 X4.57 Y3.891
G0 X5.207 Y2.962
G0 X5.558 Y2.22
G0 X5.941 Y0.751
G0 X5.975 Y-.2
G0 X5.473 Y-4.144
G1 F3600 E1
G1 F2400 X4.185 Y-5.431 E0.09084
G1 X4.115 Y-5.501
G0 F12000 X2.792 Y-6.259
G1 F2400 X6.263 Y-2.788 E0.2449
G0 F12000 X5.629 Y-2.857
G1 F2400 X6.592 Y-1.894 E0.06794
G0 F12000 X6.014 Y-1.906
G1 F2400 X6.761 Y-1.158 E0.05274
G0 F12000 X6.206 Y-1.148
G1 F2400 X6.84 Y-.514 E0.04473
G0 F12000 X6.297 Y-.491
G1 F2400 X6.856 Y0.068 E0.03944
G0 F12000 X6.321 Y0.098
G1 F2400 X6.832 Y0.61 E0.03609
G0 F12000 X6.769 Y1.112
G1 F2400 X6.285 Y0.628 E0.03415
G0 F12000 X6.212 Y1.121
G1 F2400 X6.673 Y1.582 E0.03253
G0 F12000 X6.551 Y2.025
G1 F2400 X6.116 Y1.591 E0.03066
G0 F12000 X5.977 Y2.017
G1 F2400 X6.409 Y2.449 E0.03048
G0 F12000 X6.237 Y2.843
G1 F2400 X5.826 Y2.432 E0.029
G0 F12000 X5.646 Y2.818
G1 F2400 X6.049 Y3.22 E0.0284
G0 F12000 X5.848 Y3.586
G1 F2400 X5.455 Y3.193 E0.02773
G0 F12000 X5.225 Y3.528
G1 F2400 X5.617 Y3.92 E0.02766
G0 F12000 X5.38 Y4.248
G1 F2400 X4.995 Y3.864 E0.02713
G0 F12000 X4.748 Y4.182
G1 F2400 X5.119 Y4.553 E0.02618
G0 F12000 X4.858 Y4.858
G1 F2400 X4.455 Y4.455 E0.02843
G0 F12000 X4.164 Y4.73
G1 F2400 X4.554 Y5.12 E0.02752
G0 F12000 X4.251 Y5.382
G1 F2400 X3.866 Y4.998 E0.02713
G0 F12000 X3.531 Y5.228
G1 F2400 X3.922 Y5.619 E0.02759
G0 F12000 X3.586 Y5.848
G1 F2400 X3.195 Y5.457 E0.02759
G0 F12000 X2.819 Y5.647
G1 F2400 X3.219 Y6.048 E0.02826
G0 F12000 X2.842 Y6.236
G1 F2400 X2.427 Y5.822 E0.02925
G0 F12000 X2.015 Y5.975
G1 F2400 X2.449 Y6.409 E0.03062
G0 F12000 X2.026 Y6.551
G1 F2400 X1.587 Y6.113 E0.03094
G0 F12000 X1.126 Y6.217
G1 F2400 X1.581 Y6.672 E0.0321
G0 F12000 X1.107 Y6.764
G1 F2400 X0.636 Y6.293 E0.03323
G0 F12000 X0.608 Y6.831
G1 F2400 X0.095 Y6.318 E0.03619
G0 F12000 X0.072 Y6.86
G1 F2400 X-.491 Y6.297 E0.03972
G0 F12000 X-.517 Y6.837
G1 F2400 X-1.147 Y6.207 E0.04445
G0 F12000 X-1.162 Y6.758
G1 F2400 X-1.906 Y6.013 E0.05253
G0 F12000 X-1.889 Y6.597
G1 F2400 X-2.856 Y5.629 E0.06826
G1 X-2.926 Y5.559
G1 F3600 E-1
G0 F12000 X-4.7 Y3.705
G0 X-5.207 Y2.961
G0 X-5.558 Y2.22
G0 X-5.941 Y0.75
G0 X-5.941 Y-.728
G0 X-5.562 Y-2.204
G0 X-5.198 Y-2.985
G0 X-4.565 Y-3.896
G0 X-3.697 Y-4.703
G0 X-2.955 Y-5.209
G0 X-2.217 Y-5.558
G0 X-.736 Y-5.942
G0 X0.209 Y-5.977
G0 X2.855 Y-5.631
G1 F3600 E1
G1 F2400 X1.894 Y-6.591 E0.06777
G0 F12000 X1.904 Y-6.016
G1 F2400 X1.161 Y-6.759 E0.05242
G0 F12000 X1.143 Y-6.211
G1 F2400 X0.515 Y-6.839 E0.04431
G0 F12000 X0.496 Y-6.292
G1 F2400 X-0.068 Y-6.856 E0.03979
G0 F12000 X-0.095 Y-6.317
G1 F2400 X-.612 Y-6.834 E0.03648
G0 F12000 X-1.108 Y-6.765
G1 F2400 X-.63 Y-6.287 E0.03373
G0 F12000 X-1.119 Y-6.211
G1 F2400 X-1.579 Y-6.67 E0.03242
G0 F12000 X-2.023 Y-6.549
G1 F2400 X-1.598 Y-6.124 E0.02999
G0 F12000 X-2.021 Y-5.981
G1 F2400 X-2.447 Y-6.406 E0.03002
G0 F12000 X-2.843 Y-6.237
G1 F2400 X-2.432 Y-5.826 E0.029
G0 F12000 X-2.818 Y-5.646
G1 F2400 X-3.222 Y-6.051 E0.02854
G0 F12000 X-3.586 Y-5.848
G1 F2400 X-3.192 Y-5.455 E0.02776
G0 F12000 X-3.528 Y-5.226
G1 F2400 X-3.922 Y-5.619 E0.02776
G0 F12000 X-4.252 Y-5.383
G1 F2400 X-3.864 Y-4.996 E0.02734
G0 F12000 X-4.164 Y-4.73
G1 F2400 X-4.554 Y-5.119 E0.02748
G0 F12000 X-4.856 Y-4.856
G1 F2400 X-4.457 Y-4.457 E0.02815
G0 F12000 X-4.749 Y-4.183
G1 F2400 X-5.119 Y-4.554 E0.02614
G0 F12000 X-5.383 Y-4.252
G1 F2400 X-4.994 Y-3.863 E0.02745
G0 F12000 X-5.226 Y-3.529
G1 F2400 X-5.621 Y-3.924 E0.02787
G0 F12000 X-5.848 Y-3.586
G1 F2400 X-5.458 Y-3.195 E0.02755
G0 F12000 X-5.644 Y-2.816
G1 F2400 X-6.048 Y-3.219 E0.02847
G0 F12000 X-6.237 Y-2.843
G1 F2400 X-5.822 Y-2.427 E0.02932
G0 F12000 X-5.977 Y-2.017
G1 F2400 X-6.407 Y-2.447 E0.03034
G0 F12000 X-6.549 Y-2.023
G1 F2400 X-6.115 Y-1.59 E0.03059
G0 F12000 X-6.211 Y-1.12
G1 F2400 X-6.669 Y-1.578 E0.03231
G0 F12000 X-6.767 Y-1.11
G1 F2400 X-6.285 Y-.628 E0.03401
G0 F12000 X-6.314 Y-0.091
G1 F2400 X-6.834 Y-.612 E0.03672
G0 F12000 X-6.856 Y-0.068
G1 F2400 X-6.291 Y0.497 E0.03986
G0 F12000 X-6.836 Y0.518
G1 F2400 X-6.208 Y1.146 E0.04431
G0 F12000 X-6.763 Y1.156
G1 F2400 X-6.013 Y1.907 E0.05295
G0 F12000 X-6.594 Y1.891
G1 F2400 X-5.621 Y2.864 E0.06865
G0 F12000 X-6.26 Y2.791
G1 F2400 X-2.797 Y6.254 E0.24433
G1 X-2.727 Y6.324
G0 F12000 X-4.173 Y5.443
G1 F2400 X-5.443 Y4.173 E0.08961
G1 X-5.513 Y4.103
G1 F3600 E-1
G0 F12000 X-2.213 Y5.558
G0 X9.02 Y7.829
G1 F3600 E1
G1 F2400 X8.454 Y8.434 E0.04133
G1 X7.896 Y8.953 E0.03802
G1 X7.265 Y9.469 E0.04067
G1 X6.585 Y9.961 E0.04187
G1 X5.928 Y10.362 E0.0384
G1 X5.275 Y10.708 E0.03687
G1 X4.622 Y11.007 E0.03583
G1 X3.949 Y11.267 E0.03599
G1 X3.309 Y11.471 E0.03351
G1 X2.623 Y11.645 E0.03531
G1 X1.986 Y11.774 E0.03243
G1 X1.354 Y11.861 E0.03183
G1 X0.652 Y11.92 E0.03515
G1 X-0.001 Y11.94 E0.03259
G1 X-.648 Y11.924 E0.03229
G1 X-1.321 Y11.865 E0.0337
G1 X-1.986 Y11.774 E0.03349
G1 X-2.623 Y11.644 E0.03244
G1 X-3.309 Y11.471 E0.0353
G1 X-3.957 Y11.267 E0.03389
G1 X-4.606 Y11.011 E0.03481
G1 X-5.271 Y10.712 E0.03638
G1 X-5.936 Y10.358 E0.03758
G1 X-6.696 Y9.886 E0.04463
G1 X-7.249 Y9.481 E0.0342
G1 X-7.9 Y8.949 E0.04194
G1 X-8.442 Y8.446 E0.03689
G1 X-9.02 Y7.829 E0.04218
G1 X-9.02 Y-7.825 E0.78098
G1 X-8.458 Y-8.434 E0.04134
G1 X-7.908 Y-8.944 E0.03742
G1 X-7.254 Y-9.477 E0.04209
G1 X-6.585 Y-9.961 E0.0412
G1 X-5.928 Y-10.362 E0.0384
G1 X-5.283 Y-10.704 E0.03642
G1 X-4.613 Y-11.011 E0.03677
G1 X-3.957 Y-11.267 E0.03513
G1 X-3.289 Y-11.475 E0.0349
G1 X-2.635 Y-11.644 E0.0337
G1 X-1.982 Y-11.774 E0.03322
G1 X-1.322 Y-11.865 E0.03324
G1 X-.6 Y-11.923 E0.03614
G1 X0.00 Y-11.943 E0.02995
G1 X0.652 Y-11.92 E0.03255
G1 X1.314 Y-11.865 E0.03314
G1 X1.982 Y-11.774 E0.03363
G1 X2.631 Y-11.644 E0.03302
G1 X3.285 Y-11.475 E0.0337
G1 X3.958 Y-11.266 E0.03516
G1 X4.606 Y-11.015 E0.03467
G1 X5.267 Y-10.712 E0.03628
G1 X5.94 Y-10.358 E0.03794
G1 X6.585 Y-9.961 E0.03779
G1 X7.257 Y-9.477 E0.04132
G1 X7.904 Y-8.945 E0.04179
G1 X8.434 Y-8.458 E0.03591
G1 X9.02 Y-7.818 E0.04329
G1 X9.02 Y7.829 E0.78063
G1 F3600 E-1
G0 F12000 X-0.011 Y7.444
G1 F3600 E1
G1 F2400 X0.643 Y7.412 E0.03267
G1 X1.291 Y7.327 E0.03261
G1 X1.946 Y7.195 E0.03334
G1 X2.617 Y6.966 E0.03537
G1 X3.24 Y6.696 E0.03388
G1 X3.884 Y6.348 E0.03652
G1 X4.552 Y5.892 E0.04035
G1 X5.252 Y5.284 E0.04626
G1 X5.887 Y4.556 E0.0482
G1 X6.334 Y3.905 E0.0394
G1 X6.692 Y3.249 E0.03728
G1 X6.972 Y2.609 E0.03485
G1 X7.183 Y1.958 E0.03414
G1 X7.328 Y1.308 E0.03323
G1 X7.411 Y0.666 E0.0323
G1 X7.44 Y0.013 E0.03261
G1 X7.415 Y-.655 E0.03335
G1 X7.331 Y-1.279 E0.03141
G1 X7.192 Y-1.923 E0.03287
G1 X6.983 Y-2.581 E0.03444
G1 X6.696 Y-3.249 E0.03627
G1 X6.352 Y-3.873 E0.03555
G1 X5.914 Y-4.524 E0.03915
G1 X5.263 Y-5.269 E0.04936
G1 X4.636 Y-5.827 E0.04187
G1 X3.899 Y-6.341 E0.04483
G1 X3.252 Y-6.695 E0.03679
G1 X2.607 Y-6.969 E0.03496
G1 X1.95 Y-7.183 E0.03447
G1 X1.304 Y-7.328 E0.03303
G1 X0.659 Y-7.415 E0.03247
G1 X0.008 Y-7.44 E0.0325
G1 X-.649 Y-7.416 E0.0328
G1 X-1.3 Y-7.329 E0.03277
G1 X-1.932 Y-7.188 E0.03231
G1 X-2.59 Y-6.975 E0.0345
G1 X-3.239 Y-6.701 E0.03515
G1 X-3.885 Y-6.348 E0.03673
G1 X-4.538 Y-5.903 E0.03942
G1 X-5.252 Y-5.28 E0.04728
G1 X-5.899 Y-4.544 E0.04889
G1 X-6.352 Y-3.873 E0.04039
G1 X-6.705 Y-3.231 E0.03655
G1 X-6.977 Y-2.591 E0.03469
G1 X-7.187 Y-1.942 E0.03403
G1 X-7.328 Y-1.295 E0.03304
G1 X-7.415 Y-.655 E0.03222
G1 X-7.44 Y0.017 E0.03355
G1 X-7.411 Y0.666 E0.03241
G1 X-7.331 Y1.29 E0.03139
G1 X-7.188 Y1.94 E0.0332
G1 X-6.972 Y2.609 E0.03507
G1 X-6.692 Y3.249 E0.03485
G1 X-6.344 Y3.888 E0.0363
G1 X-5.901 Y4.534 E0.03908
G1 X-5.28 Y5.255 E0.04747
G1 X-4.552 Y5.891 E0.04823
G1 X-3.901 Y6.338 E0.0394
G1 X-3.256 Y6.688 E0.03661
G1 X-2.604 Y6.972 E0.03548
G1 X-1.952 Y7.19 E0.0343
G1 X-1.305 Y7.324 E0.03296
G1 X-.659 Y7.411 E0.03252
G1 X-0.011 Y7.444 E0.03237
G1 F3600 E-1
G0 F12000 X-8.82 Y7.584
G1 F3600 E1
G1 F2400 X-6.959 Y9.446 E0.13134
G1 X-6.889 Y9.516
G0 F12000 X-5.448 Y10.391
G1 F2400 X-8.82 Y7.019 E0.23791
G0 F12000 X-8.82 Y6.453
G1 F2400 X-4.393 Y10.88 E0.31235
G1 X-4.323 Y10.95
G0 F12000 X-3.51 Y11.198
G1 F2400 X-8.82 Y5.887 E0.37468
G0 F12000 X-8.82 Y5.322
G1 F2400 X-2.732 Y11.411 E0.42958
G0 F12000 X-2.012 Y11.565
G1 F2400 X-8.82 Y4.756 E0.48038
G0 F12000 X-8.82 Y4.19
G1 F2400 X-1.352 Y11.659 E0.52694
G0 F12000 X-.729 Y11.716
G1 F2400 X-8.82 Y3.625 E0.57086
G0 F12000 X-8.82 Y3.059
G1 F2400 X-.143 Y11.737 E0.61224
G0 F12000 X0.413 Y11.727
G1 F2400 X-8.82 Y2.493 E0.65147
G0 F12000 X-8.82 Y1.928
G1 F2400 X-5.839 Y4.909 E0.21033
G1 X-5.769 Y4.979
G0 F12000 X-4.863 Y5.885
G1 F2400 X0.945 Y11.693 E0.40979
G0 F12000 X1.462 Y11.644
G1 F2400 X-3.289 Y6.893 E0.33521
G1 X-3.359 Y6.823
G0 F12000 X-2.349 Y7.268
G1 F2400 X1.958 Y11.575 E0.30388
G0 F12000 X2.429 Y11.48
G1 F2400 X-1.579 Y7.472 E0.28279
G0 F12000 X-.907 Y7.579
G1 F2400 X2.886 Y11.372 E0.26762
G0 F12000 X3.333 Y11.253
G1 F2400 X-.289 Y7.63 E0.25559
G0 F12000 X0.276 Y7.63
G1 F2400 X3.763 Y11.116 E0.24599
G0 F12000 X4.176 Y10.964
G1 F2400 X0.805 Y7.593 E0.23784
G0 F12000 X1.304 Y7.526
G1 F2400 X4.582 Y10.805 E0.23132
G0 F12000 X4.97 Y10.627
G1 F2400 X1.776 Y7.433 E0.22535
G0 F12000 X2.221 Y7.312
G1 F2400 X5.35 Y10.441 E0.22077
G0 F12000 X5.72 Y10.245
G1 F2400 X2.643 Y7.169 E0.21706
G0 F12000 X3.041 Y7.001
G1 F2400 X6.077 Y10.037 E0.21421
G0 F12000 X6.428 Y9.822
G1 F2400 X3.427 Y6.821 E0.21174
G0 F12000 X3.795 Y6.623
G1 F2400 X6.759 Y9.588 E0.20916
G0 F12000 X7.087 Y9.35
G1 F2400 X4.148 Y6.411 E0.20736
G0 F12000 X4.484 Y6.181
G1 F2400 X7.401 Y9.098 E0.20581
G0 F12000 X7.712 Y8.844
G1 F2400 X4.805 Y5.937 E0.2051
G0 F12000 X5.108 Y5.674
G1 F2400 X8.009 Y8.574 E0.20465
G0 F12000 X8.302 Y8.302
G1 F2400 X5.407 Y5.407 E0.20426
G0 F12000 X5.671 Y5.105
G1 F2400 X8.577 Y8.012 E0.20507
G0 F12000 X8.82 Y7.689
G1 F2400 X5.935 Y4.804 E0.20355
G0 F12000 X6.179 Y4.482
G1 F2400 X8.82 Y7.123 E0.18634
G0 F12000 X8.82 Y6.558
G1 F2400 X6.409 Y4.146 E0.17014
G0 F12000 X6.623 Y3.794
G1 F2400 X8.82 Y5.992 E0.15505
G0 F12000 X8.82 Y5.426
G1 F2400 X6.822 Y3.428 E0.14097
G0 F12000 X7 Y3.041
G1 F2400 X8.82 Y4.861 E0.12841
G0 F12000 X8.82 Y4.295
G1 F2400 X7.169 Y2.644 E0.11649
G0 F12000 X7.308 Y2.217
G1 F2400 X8.82 Y3.729 E0.10668
G0 F12000 X8.82 Y3.164
G1 F2400 X7.428 Y1.771 E0.09825
G0 F12000 X7.53 Y1.307
G1 F2400 X8.82 Y2.598 E0.09105
G0 F12000 X8.82 Y2.032
G1 F2400 X7.594 Y0.806 E0.0865
G0 F12000 X7.628 Y0.274
G1 F2400 X8.82 Y1.467 E0.08414
G0 F12000 X8.82 Y0.901
G1 F2400 X7.629 Y-.291 E0.08407
G0 F12000 X7.582 Y-.904
G1 F2400 X8.82 Y0.335 E0.08738
G0 F12000 X8.82 Y-.231
G1 F2400 X7.468 Y-1.583 E0.09539
G0 F12000 X7.267 Y-2.35
G1 F2400 X8.82 Y-.796 E0.10961
G0 F12000 X8.82 Y-1.362
G1 F2400 X6.9 Y-3.282 E0.13547
G1 X6.83 Y-3.352
G0 F12000 X5.889 Y-4.859
G1 F2400 X8.82 Y-1.928 E0.2068
G0 F12000 X8.82 Y-2.493
G1 F2400 X-.414 Y-11.728 E0.65154
G0 F12000 X-.946 Y-11.694
G1 F2400 X4.828 Y-5.92 E0.40739
G1 X4.898 Y-5.85
G0 F12000 X3.285 Y-6.898
G1 F2400 X-1.461 Y-11.643 E0.33482
G0 F12000 X-1.958 Y-11.575
G1 F2400 X2.355 Y-7.261 E0.30434
G1 X2.425 Y-7.191
G0 F12000 X1.58 Y-7.471
G1 F2400 X-2.43 Y-11.481 E0.28293
G0 F12000 X-2.887 Y-11.372
G1 F2400 X0.9 Y-7.585 E0.26719
G0 F12000 X0.289 Y-7.63
G1 F2400 X-3.333 Y-11.252 E0.25555
G0 F12000 X-3.764 Y-11.118
G1 F2400 X-.276 Y-7.63 E0.2461
G0 F12000 X-.808 Y-7.596
G1 F2400 X-4.178 Y-10.966 E0.23777
G0 F12000 X-4.583 Y-10.805
G1 F2400 X-1.307 Y-7.529 E0.23114
G0 F12000 X-1.772 Y-7.429
G1 F2400 X-4.97 Y-10.627 E0.22564
G0 F12000 X-5.351 Y-10.442
G1 F2400 X-2.215 Y-7.307 E0.22123
G0 F12000 X-2.642 Y-7.168
G1 F2400 X-5.72 Y-10.245 E0.21713
G0 F12000 X-6.077 Y-10.037
G1 F2400 X-3.042 Y-7.002 E0.21414
G0 F12000 X-3.432 Y-6.826
G1 F2400 X-6.428 Y-9.822 E0.21138
G0 F12000 X-6.759 Y-9.587
G1 F2400 X-3.796 Y-6.625 E0.20902
G0 F12000 X-4.148 Y-6.411
G1 F2400 X-7.087 Y-9.35 E0.20736
G0 F12000 X-7.401 Y-9.098
G1 F2400 X-4.484 Y-6.181 E0.20581
G0 F12000 X-4.805 Y-5.936
G1 F2400 X-7.713 Y-8.844 E0.20518
G0 F12000 X-8.01 Y-8.576
G1 F2400 X-5.107 Y-5.673 E0.20482
G0 F12000 X-5.405 Y-5.405
G1 F2400 X-8.304 Y-8.304 E0.20454
G0 F12000 X-8.577 Y-8.012
G1 F2400 X-5.67 Y-5.104 E0.20514
G0 F12000 X-5.933 Y-4.802
G1 F2400 X-8.82 Y-7.689 E0.20369
G0 F12000 X-8.82 Y-7.123
G1 F2400 X-6.182 Y-4.484 E0.18616
G0 F12000 X-6.409 Y-4.146
G1 F2400 X-8.82 Y-6.558 E0.17014
G0 F12000 X-8.82 Y-5.992
G1 F2400 X-6.623 Y-3.795 E0.15501
G0 F12000 X-6.824 Y-3.43
G1 F2400 X-8.82 Y-5.426 E0.14083
G0 F12000 X-8.82 Y-4.861
G1 F2400 X-7.001 Y-3.041 E0.12838
G0 F12000 X-7.169 Y-2.643
G1 F2400 X-8.82 Y-4.295 E0.11652
G0 F12000 X-8.82 Y-3.729
G1 F2400 X-7.307 Y-2.216 E0.10675
G0 F12000 X-7.429 Y-1.772
G1 F2400 X-8.82 Y-3.164 E0.09818
G0 F12000 X-8.82 Y-2.598
G1 F2400 X-7.529 Y-1.306 E0.09112
G0 F12000 X-7.596 Y-.808
G1 F2400 X-8.82 Y-2.032 E0.08636
G0 F12000 X-8.82 Y-1.467
G1 F2400 X-7.628 Y-.274 E0.08414
G0 F12000 X-7.628 Y0.291
G1 F2400 X-8.82 Y-.901 E0.0841
G0 F12000 X-8.82 Y-.335
G1 F2400 X-7.581 Y0.904 E0.08742
G0 F12000 X-7.471 Y1.58
G1 F2400 X-8.82 Y0.231 E0.09518
G0 F12000 X-8.82 Y0.796
G1 F2400 X-7.263 Y2.353 E0.10985
G1 X-7.193 Y2.423
G0 F12000 X-6.891 Y3.292
G1 F2400 X-8.82 Y1.362 E0.13614
G1 X-8.89 Y1.292
G1 F3600 E-1
G0 F12000 X0.141 Y-11.738
G1 F3600 E1
G1 F2400 X8.82 Y-3.059 E0.61235
G0 F12000 X8.82 Y-3.625
G1 F2400 X0.733 Y-11.713 E0.57062
G0 F12000 X1.353 Y-11.657
G1 F2400 X8.82 Y-4.19 E0.52684
G0 F12000 X8.82 Y-4.756
G1 F2400 X2.013 Y-11.563 E0.48027
G0 F12000 X2.731 Y-11.411
G1 F2400 X8.82 Y-5.322 E0.42961
G0 F12000 X8.82 Y-5.887
G1 F2400 X3.513 Y-11.195 E0.37447
G1 X3.443 Y-11.265
G0 F12000 X4.389 Y-10.884
G1 F2400 X8.82 Y-6.453 E0.31263
G0 F12000 X8.82 Y-7.019
G1 F2400 X5.45 Y-10.389 E0.23777
G1 X5.38 Y-10.459
G0 F12000 X6.964 Y-9.441
G1 F2400 X8.82 Y-7.584 E0.13099
G1 X8.89 Y-7.514
G1 F3600 E-1
G0 F12000 X8.943 Y12.021
G1 F3600 E1
G1 F1726.6 X8.943 Y12.605 E0.0405
G1 F1720.4 X7.25 Y13.001 E0.12101
G1 F1714.3 X5.933 Y13.256 E0.0937
G1 F1726.6 X4.915 Y13.414 E0.07144
G1 X3.518 Y13.587 E0.09762
G1 F1720.4 X2.593 Y13.67 E0.06464
G1 F1717.4 X1.993 Y13.708 E0.04192
G1 F1720.4 X0.662 Y13.758 E0.0927
G1 X-.591 Y13.76 E0.0872
G1 X-1.814 Y13.718 E0.08517
G1 F1726.6 X-2.368 Y13.683 E0.0385
G1 F1732.9 X-3.629 Y13.572 E0.08747
G1 F1726.6 X-4.75 Y13.443 E0.07825
G1 F1720.4 X-6.055 Y13.234 E0.09198
G1 F1723.5 X-7.341 Y12.98 E0.09107
G1 F1726.6 X-8.943 Y12.608 E0.11405
G1 F1729.7 X-8.943 Y12.022 E0.04056
G1 F1732.9 X-8.005 Y12.263 E0.06692
G1 F1739.1 X-6.832 Y12.522 E0.0827
G1 F1732.9 X-6.095 Y12.661 E0.05182
G1 F1729.7 X-4.934 Y12.854 E0.08147
G1 F1732.9 X-3.643 Y13.015 E0.0899
G1 F1739.1 X-2.638 Y13.107 E0.06948
G1 F1732.9 X-1.946 Y13.154 E0.04793
G1 F1729.7 X-1.265 Y13.185 E0.04719
G1 F1732.9 X0.015 Y13.208 E0.08846
G1 F1739.1 X1.209 Y13.188 E0.08222
G1 F1732.9 X2.448 Y13.122 E0.08573
G1 F1726.6 X3.629 Y13.017 E0.08222
G1 F1732.9 X4.841 Y12.866 E0.08439
G1 F1726.6 X5.789 Y12.715 E0.06657
G1 X6.714 Y12.545 E0.06522
G1 F1736 X7.98 Y12.266 E0.08942
G1 F1732.9 X8.943 Y12.021 E0.06866
G0 F12000 X8.8 Y12.021
G1 F3600 E-1
;MESH:NONMESH
G0 F600 X8.8 Y12.021 Z15.6
G0 F12000 X-8.766 Y10.077
;TIME_ELAPSED:657.478070
;LAYER:51
;TYPE:FILL
;MESH:overhang.stl
G1 F3600 E1
G1 F9600 X-9.04 Y10.208 E0.01515
G1 X-9.04 Y11.933 E0.08606
G1 X-8.504 Y12.081 E0.02774
G1 X-7.297 Y12.368 E0.0619
G1 X-6.679 Y12.497 E0.0315
G1 X-5.177 Y12.77 E0.07616
G1 X-5.068 Y12.371 E0.02064
G1 X-6.042 Y11.909 E0.05378
G1 X-6.908 Y11.434 E0.04928
G1 X-5.661 Y12.681 E0.08798
G1 X-5.591 Y12.751
G1 F3600 E-1
G0 F12000 X5.184 Y12.767
G1 F3600 E1
G1 F9600 X6.256 Y12.577 E0.05432
G1 X7.129 Y12.403 E0.04441
G1 X8.367 Y12.116 E0.0634
G1 X9.04 Y11.93 E0.03483
G1 X9.04 Y10.209 E0.08586
G1 X8.766 Y10.078 E0.01515
G1 X8.733 Y10.105 E0.00213
G1 X9.04 Y10.411 E0.02163
G1 X9.11 Y10.481
G1 F3600 E-1
G0 F12000 X9.1 Y10.481
G0 X9.04 Y-19.032
G1 F3600 E1
G1 F9600 X6.104 Y-19.033 E0.14648
G1 X4.388 Y-12.628 E0.33082
G1 X5.371 Y-12.226 E0.05298
G1 X6.069 Y-11.898 E0.03848
G1 X6.735 Y-11.531 E0.03794
G1 X7.388 Y-11.124 E0.03839
G1 X8.08 Y-10.634 E0.0423
G1 X8.765 Y-10.078 E0.04402
G1 X9.04 Y-10.209 E0.0152
G1 X9.04 Y-15.85 E0.28143
G1 X-.245 Y-13.362 E0.47957
G1 X0.669 Y-13.34 E0.04561
G1 X1.685 Y-13.26 E0.05085
G1 X2.482 Y-13.117 E0.0404
G1 X-3.433 Y-19.032 E0.41734
G1 X-9.04 Y-19.032 E0.27973
G1 X-9.039 Y-11.005 E0.40047
G1 X-6.482 Y-11.691 E0.13208
G1 X-7.388 Y-11.125 E0.0533
G1 X-8.094 Y-10.625 E0.04316
G1 X-8.705 Y-10.128 E0.03929
G1 X-6.319 Y-19.033 E0.45994
G1 X-6.294 Y-19.129
G1 F3600 E-1
G0 F12000 X-6.294 Y-19.092
G0 X9.13 Y-19.122
G0 X9.4 Y-19.392
;TYPE:WALL-INNER
G1 F3600 E1
G1 F3000 X-9.4 Y-19.392 E0.93794
G1 X-9.4 Y13.316 E1.63181
G1 X-7.987 Y13.667 E0.07264
G1 X-7.291 Y13.82 E0.03555
G1 X-6.142 Y14.041 E0.05837
G1 X-5.319 Y14.178 E0.04162
G1 X-3.708 Y14.383 E0.08102
G1 X-3.075 Y14.442 E0.03172
G1 X-1.841 Y14.528 E0.06171
G1 X-.61 Y14.568 E0.06145
G1 X0.61 Y14.568 E0.06087
G1 X1.785 Y14.531 E0.05865
G1 X2.657 Y14.475 E0.04359
G1 X3.67 Y14.387 E0.05073
G1 X5.133 Y14.2 E0.07358
G1 X6.145 Y14.04 E0.05112
G1 X7.412 Y13.792 E0.06441
G1 X8.624 Y13.513 E0.06205
G1 X9.4 Y13.306 E0.04007
G1 X9.4 Y-19.392 E1.63131
G1 F3600 E-1
G0 F12000 X9.13 Y-19.122
G0 X8.049 Y0.71
G0 X7.805 Y2.123
G0 X7.269 Y3.532
G0 X6.4 Y4.94
G0 X5.717 Y5.729
G0 X4.935 Y6.405
G0 X4.228 Y6.891
G0 X2.825 Y7.577
G0 X1.713 Y7.879
G0 X-0.045 Y8.143
G0 X-0.031 Y7.844
G1 F3600 E1
G1 F3000 X-.663 Y7.812 E0.03157
G1 X-1.385 Y7.716 E0.03634
G1 X-2.078 Y7.57 E0.03533
G1 X-2.714 Y7.358 E0.03345
G1 X-3.446 Y7.04 E0.03982
G1 X-4.127 Y6.668 E0.03871
G1 X-4.759 Y6.236 E0.03819
G1 X-5.583 Y5.517 E0.05456
G1 X-6.231 Y4.761 E0.04968
G1 X-6.663 Y4.133 E0.03803
G1 X-7.058 Y3.409 E0.04115
G1 X-7.359 Y2.713 E0.03783
G1 X-7.564 Y2.081 E0.03315
G1 X-7.723 Y1.368 E0.03645
G1 X-7.808 Y0.717 E0.03275
G1 X-7.84 Y0.035 E0.03406
G1 X-7.811 Y-.709 E0.03715
G1 X-7.719 Y-1.379 E0.03374
G1 X-7.568 Y-2.065 E0.03504
G1 X-7.345 Y-2.747 E0.0358
G1 X-7.073 Y-3.387 E0.03469
G1 X-6.674 Y-4.112 E0.04129
G1 X-6.199 Y-4.808 E0.04204
G1 X-5.568 Y-5.528 E0.04776
G1 X-4.759 Y-6.236 E0.05363
G1 X-4.077 Y-6.699 E0.04113
G1 X-3.395 Y-7.069 E0.03871
G1 X-2.763 Y-7.337 E0.03425
G1 X-2.019 Y-7.578 E0.03902
G1 X-1.364 Y-7.724 E0.03348
G1 X-.655 Y-7.816 E0.03567
G1 X0.023 Y-7.84 E0.03385
G1 X0.712 Y-7.811 E0.0344
G1 X1.391 Y-7.718 E0.03419
G1 X2.074 Y-7.563 E0.03494
G1 X2.763 Y-7.337 E0.03618
G1 X3.448 Y-7.043 E0.03719
G1 X4.127 Y-6.669 E0.03867
G1 X4.907 Y-6.121 E0.04756
G1 X5.528 Y-5.569 E0.04145
G1 X6.2 Y-4.808 E0.05065
G1 X6.702 Y-4.066 E0.04469
G1 X7.072 Y-3.39 E0.03845
G1 X7.344 Y-2.758 E0.03433
G1 X7.583 Y-2.008 E0.03927
G1 X7.719 Y-1.38 E0.03206
G1 X7.816 Y-.651 E0.03669
G1 X7.84 Y0.031 E0.03405
G1 X7.812 Y0.667 E0.03176
G1 X7.724 Y1.368 E0.03525
G1 X7.564 Y2.081 E0.03646
G1 X7.338 Y2.769 E0.03613
G1 X7.036 Y3.456 E0.03744
G1 X6.696 Y4.08 E0.03545
G1 X6.232 Y4.763 E0.04119
G1 X5.514 Y5.586 E0.05449
G1 X4.759 Y6.236 E0.0497
G1 X4.127 Y6.668 E0.03819
G1 X3.4 Y7.063 E0.04128
G1 X2.791 Y7.327 E0.03312
G1 X2.016 Y7.588 E0.0408
G1 X1.344 Y7.723 E0.0342
G1 X0.663 Y7.812 E0.03426
G1 X-0.031 Y7.844 E0.03466
G0 F12000 X-0.011 Y7.444
;TYPE:WALL-OUTER
G1 F1200 X-.659 Y7.411 E0.03237
G1 X-1.291 Y7.327 E0.03181
G1 X-1.952 Y7.19 E0.03368
G1 X-2.604 Y6.972 E0.0343
G1 X-3.256 Y6.688 E0.03548
G1 X-3.901 Y6.338 E0.03661
G1 X-4.552 Y5.891 E0.0394
G1 X-5.28 Y5.255 E0.04823
G1 X-5.901 Y4.534 E0.04747
G1 X-6.344 Y3.888 E0.03908
G1 X-6.692 Y3.249 E0.0363
G1 X-6.972 Y2.609 E0.03485
G1 X-7.188 Y1.94 E0.03507
G1 X-7.331 Y1.29 E0.0332
G1 X-7.411 Y0.666 E0.03139
G1 X-7.44 Y0.017 E0.03241
G1 X-7.415 Y-.655 E0.03355
G1 X-7.328 Y-1.295 E0.03222
G1 X-7.187 Y-1.942 E0.03304
G1 X-6.977 Y-2.591 E0.03403
G1 X-6.705 Y-3.231 E0.03469
G1 X-6.352 Y-3.873 E0.03655
G1 X-5.899 Y-4.544 E0.04039
G1 X-5.248 Y-5.283 E0.04913
G1 X-4.533 Y-5.906 E0.04731
G1 X-3.885 Y-6.348 E0.03913
G1 X-3.239 Y-6.701 E0.03673
G1 X-2.607 Y-6.969 E0.03425
G1 X-1.932 Y-7.188 E0.0354
G1 X-1.287 Y-7.331 E0.03296
G1 X-.659 Y-7.415 E0.03161
G1 X0.008 Y-7.44 E0.0333
G1 X0.659 Y-7.415 E0.0325
G1 X1.304 Y-7.328 E0.03247
G1 X1.95 Y-7.183 E0.03303
G1 X2.607 Y-6.969 E0.03447
G1 X3.239 Y-6.701 E0.03425
G1 X3.899 Y-6.341 E0.03751
G1 X4.623 Y-5.837 E0.04401
G1 X5.262 Y-5.27 E0.04262
G1 X5.914 Y-4.524 E0.04943
G1 X6.352 Y-3.873 E0.03915
G1 X6.696 Y-3.249 E0.03555
G1 X6.976 Y-2.6 E0.03526
G1 X7.192 Y-1.923 E0.03545
G1 X7.331 Y-1.279 E0.03287
G1 X7.415 Y-.655 E0.03141
G1 X7.44 Y0.013 E0.03335
G1 X7.411 Y0.666 E0.03261
G1 X7.328 Y1.308 E0.0323
G1 X7.183 Y1.958 E0.03323
G1 X6.972 Y2.609 E0.03414
G1 X6.692 Y3.249 E0.03485
G1 X6.334 Y3.905 E0.03728
G1 X5.887 Y4.556 E0.0394
G1 X5.252 Y5.284 E0.0482
G1 X4.533 Y5.906 E0.04743
G1 X3.901 Y6.338 E0.03819
G1 X3.24 Y6.696 E0.0375
G1 X2.617 Y6.966 E0.03388
G1 X1.961 Y7.19 E0.03458
G1 X1.291 Y7.327 E0.03412
G1 X0.659 Y7.411 E0.03181
G1 X-0.011 Y7.444 E0.03347
G0 F12000 X-.659 Y7.411
G0 X-.808 Y7.392
G1 F3600 E-1
G0 F12000 X-.9 Y8.086
G0 X2.008 Y7.424
G0 X3.351 Y6.913
G0 X4.69 Y6.088
G0 X5.433 Y5.446
G0 X6.083 Y4.695
G0 X6.545 Y4.024
G0 X7.198 Y2.689
G0 X7.567 Y1.344
G0 X9.53 Y-19.522
G0 X9.8 Y-19.792
G1 F3600 E1
G1 F1200 X-9.8 Y-19.792 E0.97785
G1 X-9.8 Y13.612 E1.66653
G1 X-9.255 Y13.764 E0.02823
G1 X-8.078 Y14.057 E0.06051
G1 X-7.334 Y14.218 E0.03798
G1 X-6.212 Y14.435 E0.05701
G1 X-5.378 Y14.574 E0.04218
G1 X-3.75 Y14.781 E0.08188
G1 X-3.065 Y14.843 E0.03431
G1 X-1.861 Y14.928 E0.06022
G1 X-.616 Y14.968 E0.06215
G1 X0.616 Y14.968 E0.06146
G1 X1.862 Y14.928 E0.0622
G1 X2.691 Y14.873 E0.04145
G1 X3.711 Y14.785 E0.05108
G1 X5.151 Y14.602 E0.07242
G1 X6.145 Y14.446 E0.0502
G1 X7.501 Y14.182 E0.06892
G1 X8.727 Y13.899 E0.06277
G1 X9.8 Y13.614 E0.05539
G1 X9.8 Y-19.792 E1.66663
G0 F12000 X9 Y-19.792
G1 F3600 E-1
G0 F12000 X9 Y-19.092
G0 X8.049 Y0.71
G0 X7.805 Y2.123
G0 X7.269 Y3.532
G0 X6.4 Y4.94
G0 X5.717 Y5.729
G0 X4.935 Y6.405
G0 X4.228 Y6.891
G0 X3.091 Y7.446
G0 X0.005 Y8.66
;TYPE:SKIN
G1 F3600 E1
G1 F2253.5 X-.593 Y8.642 E0.03179
G1 F2232.6 X-1.223 Y8.571 E0.034
G1 F2243 X-1.875 Y8.449 E0.03541
G1 F2258.8 X-2.461 Y8.298 E0.03208
G1 F2264.2 X-3.037 Y8.106 E0.03211
G1 F2253.5 X-3.689 Y7.829 E0.03764
G1 F2232.6 X-4.39 Y7.462 E0.04244
G1 F2237.8 X-4.925 Y7.112 E0.03421
G1 F2248.2 X-5.469 Y6.71 E0.03602
G1 F2264.2 X-6.075 Y6.173 E0.04282
G1 F2253.5 X-6.635 Y5.554 E0.04435
G1 F2232.6 X-7.104 Y4.942 E0.04135
G1 F2222.2 X-7.461 Y4.394 E0.03524
G1 X-7.822 Y3.706 E0.04186
G1 F2232.6 X-8.084 Y3.1 E0.03541
G1 F2243 X-8.294 Y2.471 E0.0354
G1 X-8.448 Y1.897 E0.03173
G1 F2232.6 X-8.566 Y1.246 E0.03548
G1 X-8.64 Y0.617 E0.03397
G1 F2243 X-8.659 Y0.014 E0.03221
G1 F2253.5 X-8.639 Y-.592 E0.03222
G1 F2248.2 X-8.568 Y-1.218 E0.03355
G1 F2243 X-8.451 Y-1.866 E0.03515
G1 X-8.301 Y-2.448 E0.03208
G1 F2253.5 X-8.093 Y-3.076 E0.03515
G1 F2264.2 X-7.832 Y-3.685 E0.03504
G1 F2253.5 X-7.514 Y-4.293 E0.03646
G1 F2232.6 X-7.121 Y-4.913 E0.03937
G1 X-6.713 Y-5.472 E0.03712
G1 F2243 X-6.175 Y-6.071 E0.04298
G1 X-5.549 Y-6.642 E0.04523
G1 F2227.4 X-4.938 Y-7.107 E0.04128
G1 F2232.6 X-4.323 Y-7.501 E0.03917
G1 F2243 X-3.714 Y-7.822 E0.03675
G1 F2248.2 X-3.091 Y-8.085 E0.03601
G1 F2243 X-2.472 Y-8.293 E0.03486
G1 X-1.888 Y-8.448 E0.03225
G1 F2232.6 X-1.239 Y-8.57 E0.03542
G1 X-.617 Y-8.641 E0.03358
G1 F2248.2 X-0.005 Y-8.659 E0.03261
G1 F2253.5 X0.609 Y-8.642 E0.03264
G1 F2237.8 X1.231 Y-8.571 E0.0335
G1 X1.875 Y-8.448 E0.03508
G1 F2243 X2.46 Y-8.296 E0.03227
G1 F2253.5 X3.034 Y-8.106 E0.03213
G1 F2248.2 X3.688 Y-7.833 E0.03774
G1 F2227.4 X4.393 Y-7.462 E0.04283
G1 F2222.2 X4.927 Y-7.115 E0.03431
G1 F2232.6 X5.483 Y-6.702 E0.03715
G1 F2243 X6.078 Y-6.167 E0.04271
G1 F2232.6 X6.649 Y-5.542 E0.0454
G1 X7.111 Y-4.928 E0.04121
G1 F2237.8 X7.501 Y-4.317 E0.03879
G1 F2253.5 X7.829 Y-3.692 E0.0375
G1 F2264.2 X8.089 Y-3.084 E0.03497
G1 F2253.5 X8.295 Y-2.463 E0.03476
G1 F2243 X8.454 Y-1.873 E0.03262
G1 F2237.8 X8.568 Y-1.23 E0.03494
G1 F2232.6 X8.64 Y-.609 E0.03353
G1 F2237.8 X8.659 Y-0.017 E0.03169
G1 F2243 X8.637 Y0.608 E0.03338
G1 F2237.8 X8.568 Y1.239 E0.03396
G1 F2243 X8.444 Y1.883 E0.03501
G1 F2253.5 X8.297 Y2.461 E0.03169
G1 X8.091 Y3.083 E0.03481
G1 F2243 X7.829 Y3.692 E0.03539
G1 F2227.4 X7.462 Y4.389 E0.04235
G1 F2232.6 X7.107 Y4.933 E0.03484
G1 F2243 X6.715 Y5.464 E0.03523
G1 F2253.5 X6.172 Y6.076 E0.04347
G1 X5.556 Y6.633 E0.04413
G1 F2232.6 X4.94 Y7.107 E0.04169
G1 X4.323 Y7.497 E0.03915
G1 F2243 X3.704 Y7.824 E0.03737
G1 F2248.2 X3.091 Y8.085 E0.03548
G1 F2253.5 X2.473 Y8.295 E0.03468
G1 X1.888 Y8.448 E0.03213
G1 F2227.4 X1.24 Y8.569 E0.03544
G1 F2222.2 X0.624 Y8.637 E0.03339
G1 F2248.2 X0.005 Y8.66 E0.03299
G0 F12000 X-0.001 Y8.236
G1 F2253.5 X0.684 Y8.202 E0.03644
G1 F2248.2 X1.387 Y8.112 E0.03775
G1 F2274.9 X2.191 Y7.941 E0.04326
G1 X2.869 Y7.713 E0.03765
G1 F2258.8 X3.547 Y7.428 E0.03899
G1 F2264.2 X4.333 Y6.997 E0.04741
G1 F2285.7 X4.984 Y6.551 E0.04134
G1 X5.831 Y5.823 E0.05851
G1 F2280.3 X6.487 Y5.071 E0.0524
G1 F2269.5 X6.971 Y4.373 E0.04481
G1 F2264.2 X7.386 Y3.627 E0.04514
G1 F2253.5 X7.695 Y2.931 E0.04046
G1 F2264.2 X7.938 Y2.185 E0.04149
G1 F2274.9 X8.105 Y1.439 E0.04024
G1 F2269.5 X8.195 Y0.767 E0.03577
G1 F2253.5 X8.233 Y-0.007 E0.04117
G1 X8.2 Y-.746 E0.0393
G1 F2264.2 X8.114 Y-1.388 E0.03425
G1 F2274.9 X7.966 Y-2.084 E0.03745
G1 X7.734 Y-2.824 E0.04082
G1 X7.435 Y-3.538 E0.04074
G1 F2269.5 X7.046 Y-4.25 E0.04281
G1 F2274.9 X6.519 Y-5.036 E0.04981
G1 F2280.3 X5.853 Y-5.794 E0.05298
G1 F2274.9 X5.078 Y-6.482 E0.05455
G1 F2264.2 X4.369 Y-6.975 E0.04567
G1 X3.62 Y-7.394 E0.04539
G1 X2.926 Y-7.694 E0.03998
G1 X2.117 Y-7.953 E0.04492
G1 F2269.5 X1.471 Y-8.099 E0.03494
G1 F2264.2 X0.689 Y-8.207 E0.04175
G1 F2253.5 X0.02 Y-8.233 E0.03557
G1 X-.668 Y-8.209 E0.03658
G1 F2258.8 X-1.416 Y-8.11 E0.04
G1 F2269.5 X-2.106 Y-7.958 E0.03728
G1 X-2.837 Y-7.726 E0.04046
G1 F2258.8 X-3.534 Y-7.437 E0.04
G1 F2253.5 X-4.258 Y-7.043 E0.0438
G1 F2269.5 X-4.994 Y-6.544 E0.04691
G1 F2274.9 X-5.827 Y-5.824 E0.05795
G1 X-6.491 Y-5.068 E0.05296
G1 F2269.5 X-7.035 Y-4.267 E0.05108
G1 X-7.426 Y-3.554 E0.0429
G1 F2264.2 X-7.699 Y-2.917 E0.03665
G1 X-7.941 Y-2.17 E0.04153
G1 F2269.5 X-8.099 Y-1.458 E0.03848
G1 X-8.206 Y-.689 E0.04096
G1 F2258.8 X-8.233 Y-0.007 E0.03618
G1 F2253.5 X-8.205 Y0.685 E0.0368
G1 F2258.8 X-8.102 Y1.456 E0.04123
G1 F2274.9 X-7.962 Y2.104 E0.03489
G1 X-7.73 Y2.833 E0.04027
G1 F2258.8 X-7.392 Y3.614 E0.04511
G1 F2253.5 X-6.987 Y4.351 E0.04468
G1 F2269.5 X-6.543 Y4.992 E0.04114
G1 F2285.7 X-5.826 Y5.831 E0.05781
G1 X-5.07 Y6.487 E0.05243
G1 F2274.9 X-4.365 Y6.978 E0.04522
G1 F2264.2 X-3.602 Y7.399 E0.04608
G1 X-2.923 Y7.698 E0.03924
G1 F2285.7 X-2.13 Y7.958 E0.04372
G1 X-1.406 Y8.108 E0.03873
G1 F2253.5 X-.7 Y8.204 E0.03786
G1 X-0.001 Y8.236 E0.03718
G1 F3600 E-1
G0 F12000 X-2.111 Y7.81
G0 X-3.526 Y7.272
G0 X-4.935 Y6.404
G0 X-5.725 Y5.722
G0 X-6.4 Y4.94
G0 X-6.887 Y4.234
G0 X-7.574 Y2.831
G0 X-8.929 Y-1.957
G1 F3600 E1
G1 F1839.1 X-8.988 Y-1.331 E0.04094
G1 F2253.5 X-9.025 Y-.645 E0.0365
G1 F2539.7 X-9.036 Y0.002 E0.03051
G1 F2553.2 X-9.028 Y0.633 E0.02959
G1 F2285.7 X-8.991 Y1.29 E0.03447
G1 F3600 E-1
G0 F12000 X-6.4 Y4.94
G0 X-5.725 Y5.722
G0 X-4.935 Y6.404
G0 X-4.228 Y6.891
G0 X-2.825 Y7.577
G0 X-.707 Y8.051
G0 X0.707 Y8.051
G0 X2.111 Y7.811
G0 X3.526 Y7.273
G0 X4.935 Y6.405
G0 X5.717 Y5.729
G0 X8.99 Y1.307
G1 F3600 E1
G1 F2232.6 X9.02 Y1.947 E0.03436
G1 F2400 X9.02 Y9.372 E0.37043
G1 X8.524 Y9.833 E0.03378
G1 X7.867 Y10.368 E0.04227
G1 X7.221 Y10.825 E0.03948
G1 X6.567 Y11.231 E0.0384
G1 X5.904 Y11.593 E0.03769
G1 X5.254 Y11.905 E0.03597
G1 X4.612 Y12.169 E0.03463
G1 X3.939 Y12.405 E0.03558
G1 X3.294 Y12.59 E0.03348
G1 X2.624 Y12.743 E0.03429
G1 X1.918 Y12.866 E0.03575
G1 X1.307 Y12.945 E0.03074
G1 X0.653 Y12.996 E0.03273
G1 X0.00 Y13.012 E0.03259
G1 X-.653 Y12.996 E0.03259
G1 X-1.307 Y12.944 E0.03273
G1 X-1.918 Y12.87 E0.03071
G1 X-2.619 Y12.743 E0.03554
G1 X-3.278 Y12.59 E0.03375
G1 X-3.951 Y12.401 E0.03488
G1 X-4.612 Y12.165 E0.03502
G1 X-5.259 Y11.9 E0.03488
G1 X-5.897 Y11.597 E0.03524
G1 X-6.57 Y11.231 E0.03822
G1 X-7.22 Y10.821 E0.03834
G1 X-7.867 Y10.364 E0.03952
G1 X-8.532 Y9.824 E0.04274
G1 X-9.02 Y9.372 E0.03319
G1 X-9.02 Y1.965 E0.36954
G1 F2243 X-8.991 Y1.29 E0.03607
G1 X-8.841 Y1.93 E0.03509
G1 F2400 X-8.674 Y2.578 E0.03339
G1 X-8.462 Y3.216 E0.03354
G1 X-8.182 Y3.873 E0.03563
G1 X-7.806 Y4.593 E0.04052
G1 X-7.44 Y5.154 E0.03342
G1 X-6.951 Y5.794 E0.04018
G1 X-6.345 Y6.458 E0.04485
G1 X-5.729 Y7.006 E0.04113
G1 X-5.16 Y7.433 E0.03549
G1 X-4.611 Y7.796 E0.03284
G1 X-3.869 Y8.182 E0.04173
G1 X-3.227 Y8.456 E0.03482
G1 X-2.588 Y8.67 E0.03362
G1 X-1.94 Y8.842 E0.03345
G1 X-1.297 Y8.961 E0.03262
G1 X-.643 Y9.035 E0.03284
G1 X-0.006 Y9.052 E0.03179
G1 X0.647 Y9.032 E0.03259
G1 X1.282 Y8.963 E0.03187
G1 X1.925 Y8.845 E0.03262
G1 X2.576 Y8.674 E0.03358
G1 X3.212 Y8.462 E0.03345
G1 X3.855 Y8.189 E0.03485
G1 X4.509 Y7.85 E0.03675
G1 X5.148 Y7.441 E0.03785
G1 X5.797 Y6.952 E0.04054
G1 X6.45 Y6.354 E0.04418
G1 X7.01 Y5.726 E0.04198
G1 X7.429 Y5.164 E0.03497
G1 X7.806 Y4.593 E0.03414
G1 X8.178 Y3.877 E0.04025
G1 X8.463 Y3.216 E0.03591
G1 X8.67 Y2.592 E0.0328
G1 F2232.6 X8.99 Y1.307 E0.07102
G0 F12000 X8.986 Y-1.33
G1 F2212 X8.846 Y-1.92 E0.03282
G1 F2400 X8.678 Y-2.567 E0.03335
G1 X8.467 Y-3.204 E0.03348
G1 X8.193 Y-3.847 E0.03487
G1 X7.854 Y-4.497 E0.03657
G1 X7.45 Y-5.139 E0.03784
G1 X6.948 Y-5.804 E0.04157
G1 X6.376 Y-6.428 E0.04223
G1 X5.741 Y-7.007 E0.04287
G1 X5.159 Y-7.437 E0.0361
G1 X4.605 Y-7.8 E0.03304
G1 X3.869 Y-8.182 E0.04137
G1 X3.227 Y-8.457 E0.03484
G1 X2.588 Y-8.67 E0.0336
G1 X1.94 Y-8.842 E0.03345
G1 X1.297 Y-8.961 E0.03262
G1 X0.655 Y-9.035 E0.03224
G1 X0.00 Y-9.053 E0.03269
G1 X-.648 Y-9.036 E0.03234
G1 X-1.283 Y-8.963 E0.03189
G1 X-1.925 Y-8.845 E0.03257
G1 X-2.576 Y-8.674 E0.03358
G1 X-3.212 Y-8.462 E0.03345
G1 X-3.855 Y-8.188 E0.03487
G1 X-4.509 Y-7.85 E0.03673
G1 X-5.148 Y-7.445 E0.03774
G1 X-5.798 Y-6.952 E0.0407
G1 X-6.449 Y-6.351 E0.0442
G1 X-7.013 Y-5.731 E0.04182
G1 X-7.442 Y-5.147 E0.03615
G1 X-7.858 Y-4.493 E0.03867
G1 X-8.186 Y-3.861 E0.03552
G1 X-8.461 Y-3.219 E0.03484
G1 X-8.678 Y-2.567 E0.03428
G1 F1959.2 X-8.929 Y-1.957 E0.04031
G1 X-9.02 Y-2.61 E0.04029
G1 F2400 X-9.019 Y-9.372 E0.33736
G1 X-8.516 Y-9.84 E0.03428
G1 X-7.887 Y-10.352 E0.04046
G1 X-7.205 Y-10.833 E0.04164
G1 X-6.566 Y-11.235 E0.03766
G1 X-5.897 Y-11.601 E0.03804
G1 X-5.259 Y-11.901 E0.03517
G1 X-4.612 Y-12.169 E0.03494
G1 X-3.939 Y-12.405 E0.03558
G1 X-3.286 Y-12.59 E0.03386
G1 X-2.627 Y-12.744 E0.03376
G1 X-1.917 Y-12.87 E0.03598
G1 X-1.307 Y-12.949 E0.03069
G1 X-.653 Y-13 E0.03273
G1 X0.00 Y-13.015 E0.03259
G1 X0.653 Y-13 E0.03259
G1 X1.307 Y-12.948 E0.03273
G1 X1.913 Y-12.874 E0.03046
G1 X2.623 Y-12.744 E0.03601
G1 X3.278 Y-12.594 E0.03352
G1 X3.95 Y-12.401 E0.03488
G1 X4.624 Y-12.161 E0.03569
G1 X5.235 Y-11.912 E0.03292
G1 X5.913 Y-11.593 E0.03738
G1 X6.562 Y-11.235 E0.03698
G1 X7.205 Y-10.833 E0.03783
G1 X7.875 Y-10.36 E0.04092
G1 X8.528 Y-9.828 E0.04202
G1 X9.02 Y-9.372 E0.03347
G1 X9.02 Y-1.935 E0.37103
G1 F2212 X8.986 Y-1.33 E0.0328
G1 F2253.5 X9.028 Y-.617 E0.03795
G1 F2553.2 X9.036 Y0.01 E0.02941
G1 F2533 X9.025 Y0.661 E0.03078
G1 F2258.8 X8.99 Y1.307 E0.03429
G1 F3600 E-1
G0 F12000 X8.82 Y8.717
G1 F3600 E1
G1 F2400 X6.499 Y11.037 E0.16372
G1 X6.429 Y11.107
G0 F12000 X5.317 Y11.653
G1 F2400 X8.82 Y8.151 E0.24712
G0 F12000 X8.82 Y7.585
G1 F2400 X4.358 Y12.047 E0.31482
G1 X4.288 Y12.117
G0 F12000 X3.523 Y12.316
G1 F2400 X8.82 Y7.019 E0.37373
G0 F12000 X8.82 Y6.454
G1 F2400 X2.768 Y12.505 E0.42697
G0 F12000 X2.071 Y12.637
G1 F2400 X8.82 Y5.888 E0.47618
G0 F12000 X8.82 Y5.322
G1 F2400 X1.412 Y12.73 E0.52267
G0 F12000 X0.792 Y12.784
G1 F2400 X8.82 Y4.757 E0.56638
G0 F12000 X8.82 Y4.191
G1 F2400 X7.18 Y5.831 E0.11571
G1 X7.11 Y5.901
G0 F12000 X5.839 Y7.172
G1 F2400 X0.204 Y12.807 E0.39758
G0 F12000 X-.358 Y12.803
G1 F2400 X4.221 Y8.224 E0.32307
G1 X4.291 Y8.154
G0 F12000 X3.204 Y8.675
G1 F2400 X-.897 Y12.776 E0.28935
G0 F12000 X-1.416 Y12.729
G1 F2400 X2.384 Y8.93 E0.26808
G0 F12000 X1.65 Y9.098
G1 F2400 X-1.918 Y12.666 E0.25174
G0 F12000 X-2.398 Y12.58
G1 F2400 X0.986 Y9.196 E0.23876
G0 F12000 X0.378 Y9.239
G1 F2400 X-2.864 Y12.481 E0.22874
G0 F12000 X-3.32 Y12.371
G1 F2400 X-.195 Y9.246 E0.22049
G0 F12000 X-.74 Y9.225
G1 F2400 X-3.761 Y12.246 E0.21315
G0 F12000 X-4.185 Y12.105
G1 F2400 X-1.247 Y9.167 E0.20729
G0 F12000 X-1.73 Y9.083
G1 F2400 X-4.6 Y11.954 E0.20253
G0 F12000 X-5.002 Y11.79
G1 F2400 X-2.193 Y8.982 E0.19815
G0 F12000 X-2.64 Y8.863
G1 F2400 X-5.393 Y11.616 E0.19424
G0 F12000 X-5.776 Y11.433
G1 F2400 X-3.065 Y8.721 E0.19131
G0 F12000 X-3.476 Y8.567
G1 F2400 X-6.144 Y11.235 E0.18824
G0 F12000 X-6.508 Y11.034
G1 F2400 X-3.872 Y8.398 E0.18598
G0 F12000 X-4.249 Y8.209
G1 F2400 X-6.855 Y10.815 E0.18387
G0 F12000 X-7.198 Y10.592
G1 F2400 X-4.621 Y8.015 E0.18182
G0 F12000 X-4.97 Y7.799
G1 F2400 X-7.53 Y10.358 E0.18059
G0 F12000 X-7.855 Y10.117
G1 F2400 X-5.308 Y7.571 E0.17967
G0 F12000 X-5.631 Y7.328
G1 F2400 X-8.166 Y9.863 E0.17886
G0 F12000 X-8.474 Y9.605
G1 F2400 X-5.947 Y7.079 E0.17826
G0 F12000 X-6.246 Y6.812
G1 F2400 X-8.768 Y9.334 E0.17794
G0 F12000 X-8.82 Y8.82
G1 F2400 X-6.541 Y6.541 E0.1608
G0 F12000 X-6.811 Y6.245
G1 F2400 X-8.82 Y8.254 E0.14175
G0 F12000 X-8.82 Y7.688
G1 F2400 X-7.081 Y5.95 E0.12266
G0 F12000 X-7.328 Y5.631
G1 F2400 X-8.82 Y7.123 E0.10527
G0 F12000 X-8.82 Y6.557
G1 F2400 X-7.572 Y5.31 E0.08802
G0 F12000 X-7.799 Y4.97
G1 F2400 X-8.82 Y5.991 E0.07204
G0 F12000 X-8.82 Y5.426
G1 F2400 X-8.016 Y4.622 E0.05673
G0 F12000 X-8.21 Y4.25
G1 F2400 X-8.82 Y4.86 E0.04304
G0 F12000 X-8.82 Y4.294
G1 F2400 X-8.399 Y3.874 E0.02967
G0 F12000 X-8.568 Y3.477
G1 F2400 X-8.82 Y3.729 E0.01778
G0 F12000 X-8.82 Y3.163
G1 F2400 X-8.723 Y3.066 E0.00684
G1 F3600 E-1
G0 F12000 X-8.818 Y-3.061
G1 F3600 E1
G1 F2400 X-8.677 Y-3.202 E0.00995
G0 F12000 X-8.818 Y-3.627
G1 F2400 X-8.224 Y-4.221 E0.04191
G0 F12000 X-8.818 Y-4.192
G1 F2400 X-7.205 Y-5.806 E0.11384
G1 X-7.135 Y-5.876
G0 F12000 X-8.818 Y-5.889
G1 F2400 X-2.068 Y-12.64 E0.47628
G0 F12000 X-1.408 Y-12.734
G1 F2400 X-8.818 Y-5.324 E0.52282
G0 F12000 X-8.818 Y-4.758
G1 F2400 X-.787 Y-12.789 E0.56663
G0 F12000 X-.199 Y-12.811
G1 F2400 X-5.841 Y-7.169 E0.39807
G1 X-5.911 Y-7.099
G0 F12000 X-4.22 Y-8.225
G1 F2400 X0.361 Y-12.806 E0.32321
G0 F12000 X0.901 Y-12.78
G1 F2400 X-3.204 Y-8.675 E0.28963
G1 X-3.274 Y-8.605
G0 F12000 X-2.384 Y-8.93
G1 F2400 X1.42 Y-12.734 E0.26839
G0 F12000 X1.922 Y-12.67
G1 F2400 X-1.65 Y-9.098 E0.25202
G0 F12000 X-.984 Y-9.199
G1 F2400 X2.399 Y-12.582 E0.23869
G0 F12000 X2.867 Y-12.483
G1 F2400 X-.374 Y-9.243 E0.22863
G0 F12000 X0.197 Y-9.248
G1 F2400 X3.323 Y-12.374 E0.22056
G0 F12000 X3.762 Y-12.247
G1 F2400 X0.741 Y-9.226 E0.21315
G0 F12000 X1.247 Y-9.167
G1 F2400 X4.185 Y-12.105 E0.20729
G0 F12000 X4.6 Y-11.954
G1 F2400 X1.73 Y-9.084 E0.20249
G0 F12000 X2.193 Y-8.982
G1 F2400 X5.003 Y-11.791 E0.19823
G0 F12000 X5.395 Y-11.617
G1 F2400 X2.64 Y-8.863 E0.19434
G0 F12000 X3.065 Y-8.721
G1 F2400 X5.778 Y-11.435 E0.19145
G0 F12000 X6.145 Y-11.237
G1 F2400 X3.476 Y-8.567 E0.18835
G0 F12000 X3.872 Y-8.398
G1 F2400 X6.508 Y-11.034 E0.18598
G0 F12000 X6.856 Y-10.816
G1 F2400 X4.25 Y-8.21 E0.18387
G0 F12000 X4.622 Y-8.016
G1 F2400 X7.198 Y-10.592 E0.18175
G0 F12000 X7.531 Y-10.359
G1 F2400 X4.97 Y-7.799 E0.18066
G0 F12000 X5.31 Y-7.573
G1 F2400 X7.856 Y-10.119 E0.17963
G0 F12000 X8.167 Y-9.864
G1 F2400 X5.636 Y-7.333 E0.17858
G0 F12000 X5.952 Y-7.084
G1 F2400 X8.475 Y-9.606 E0.17798
G0 F12000 X8.768 Y-9.334
G1 F2400 X6.249 Y-6.814 E0.17776
G0 F12000 X6.543 Y-6.543
G1 F2400 X8.82 Y-8.82 E0.16065
G0 F12000 X8.82 Y-8.254
G1 F2400 X6.813 Y-6.247 E0.1416
G0 F12000 X7.083 Y-5.952
G1 F2400 X8.82 Y-7.688 E0.12252
G0 F12000 X8.82 Y-7.123
G1 F2400 X7.329 Y-5.632 E0.1052
G0 F12000 X7.572 Y-5.31
G1 F2400 X8.82 Y-6.557 E0.08802
G0 F12000 X8.82 Y-5.991
G1 F2400 X7.795 Y-4.967 E0.07228
G0 F12000 X8.014 Y-4.62
G1 F2400 X8.82 Y-5.426 E0.05687
G0 F12000 X8.82 Y-4.86
G1 F2400 X8.21 Y-4.25 E0.04304
G0 F12000 X8.399 Y-3.874
G1 F2400 X8.82 Y-4.294 E0.02967
G0 F12000 X8.82 Y-3.729
G1 F2400 X8.568 Y-3.477 E0.01778
G0 F12000 X8.82 Y-3.163
G1 F2400 X8.724 Y-3.067 E0.00677
G1 F3600 E-1
G0 F12000 X8.82 Y3.06
G1 F3600 E1
G1 F2400 X8.679 Y3.2 E0.00991
G0 F12000 X8.82 Y3.625
G1 F2400 X8.227 Y4.218 E0.04184
G1 X8.157 Y4.288
G1 F3600 E-1
G0 F12000 X8.055 Y-.694
G0 X7.807 Y-2.103
G0 X7.277 Y-3.517
G0 X6.415 Y-4.926
G0 X5.728 Y-5.715
G0 X-2.768 Y-12.505
G1 F3600 E1
G1 F2400 X-8.818 Y-6.455 E0.42686
G0 F12000 X-8.818 Y-7.021
G1 F2400 X-3.524 Y-12.315 E0.37352
G1 X-3.454 Y-12.385
G0 F12000 X-4.359 Y-12.046
G1 F2400 X-8.818 Y-7.587 E0.31461
G0 F12000 X-8.818 Y-8.152
G1 F2400 X-5.319 Y-11.652 E0.24691
G1 X-5.249 Y-11.722
G0 F12000 X-6.488 Y-11.049
G1 F2400 X-8.818 Y-8.718 E0.16443
G1 X-8.888 Y-8.648
G1 F3600 E-1
G0 F12000 X-7.961 Y1.412
G0 X-7.574 Y2.831
G0 X-6.887 Y4.234
G0 X-6.4 Y4.94
G0 X-5.725 Y5.722
G0 X-4.935 Y6.404
G0 X-4.228 Y6.891
G0 X-3.091 Y7.446
G0 X8.947 Y12.404
G1 F3600 E1
G1 F1751.8 X8.947 Y12.965 E0.03834
G1 X7.314 Y13.346 E0.11461
G1 F1739.1 X5.997 Y13.602 E0.09237
G1 X5.068 Y13.748 E0.06475
G1 X3.629 Y13.932 E0.09988
G1 X2.622 Y14.018 E0.06958
G1 F1742.3 X1.762 Y14.072 E0.05922
G1 F1739.1 X0.603 Y14.112 E0.07984
G1 X-.595 Y14.112 E0.08248
G1 F1742.3 X-1.809 Y14.073 E0.08347
G1 F1745.5 X-2.998 Y13.989 E0.08177
G1 X-3.651 Y13.926 E0.045
G1 X-5.195 Y13.736 E0.10672
G1 X-6.057 Y13.592 E0.05995
G1 F1742.3 X-7.192 Y13.374 E0.07943
G1 F1745.5 X-7.854 Y13.228 E0.0465
G1 F1751.8 X-8.947 Y12.958 E0.07695
G1 F1755 X-8.947 Y12.397 E0.03827
G1 F1751.8 X-7.428 Y12.763 E0.10679
G1 X-6.699 Y12.913 E0.05087
G1 X-5.534 Y13.126 E0.08095
G1 X-4.926 Y13.219 E0.04204
G1 F1748.6 X-3.649 Y13.373 E0.08808
G1 F1751.8 X-2.517 Y13.477 E0.0777
G1 X-1.894 Y13.518 E0.04267
G1 F1745.5 X-.489 Y13.563 E0.09643
G1 F1748.6 X0.102 Y13.566 E0.04047
G1 F1751.8 X1.306 Y13.542 E0.08231
G1 X2.375 Y13.486 E0.07317
G1 X3.902 Y13.349 E0.10479
G1 X4.964 Y13.208 E0.07322
G1 X6.265 Y12.995 E0.09011
G1 X7.258 Y12.797 E0.06921
G1 X8.947 Y12.404 E0.11853
G0 F12000 X8.8 Y12.404
G1 F3600 E-1
;MESH:NONMESH
G0 F600 X8.8 Y12.404 Z15.9
G0 F12000 X8.055 Y-.694
G0 X7.807 Y-2.103
G0 X7.277 Y-3.517
G0 X6.415 Y-4.926
G0 X-6.539 Y-19.033
;TIME_ELAPSED:691.449082
;LAYER:52
;TYPE:FILL
;MESH:overhang.stl
G1 F3600 E1
G1 F9600 X-8.556 Y-11.503 E0.38892
G1 X-8.779 Y-11.344 E0.01366
G1 X-9.04 Y-11.478 E0.01464
G1 X-9.04 Y-19.032 E0.37687
G1 X-3.133 Y-19.032 E0.2947
G1 X1.628 Y-14.27 E0.33595
G1 X2.66 Y-14.091 E0.05226
G1 X3.014 Y-14.016 E0.01805
G1 X9.04 Y-15.63 E0.31124
G1 X9.04 Y-11.48 E0.20704
G1 X8.779 Y-11.346 E0.01464
G1 X8.041 Y-11.875 E0.0453
G1 X7.364 Y-12.304 E0.03999
G1 X6.7 Y-12.684 E0.03817
G1 X6.027 Y-13.01 E0.03731
G1 X5.358 Y-13.305 E0.03648
G1 X4.44 Y-13.643 E0.0488
G1 X5.884 Y-19.033 E0.27839
G1 X9.04 Y-19.032 E0.15745
G1 X9.14 Y-19.032
G1 F3600 E-1
G0 F12000 X9.1 Y-19.032
G0 X9.373 Y-1.4
;TYPE:WALL-INNER
G1 F3600 E1
G1 F2810.3 X9.4 Y-2.006 E0.03231
G1 F3000 X9.4 Y-19.392 E0.86739
G1 X-9.4 Y-19.392 E0.93794
G1 X-9.4 Y-2.01 E0.86719
G1 F2816.9 X-9.375 Y-1.403 E0.03228
G1 X-9.229 Y-2.036 E0.03452
G1 F3000 X-9.054 Y-2.706 E0.03455
G1 X-8.846 Y-3.331 E0.03286
G1 X-8.541 Y-4.045 E0.03874
G1 X-8.187 Y-4.723 E0.03816
G1 X-7.765 Y-5.383 E0.03908
G1 X-7.308 Y-6 E0.03831
G1 X-6.707 Y-6.658 E0.04446
G1 X-6.04 Y-7.27 E0.04516
G1 X-5.404 Y-7.754 E0.03987
G1 X-4.693 Y-8.205 E0.04201
G1 X-4.012 Y-8.556 E0.03822
G1 X-3.338 Y-8.842 E0.03653
G1 X-2.678 Y-9.061 E0.03469
G1 X-1.998 Y-9.239 E0.03507
G1 X-1.329 Y-9.361 E0.03393
G1 X-.701 Y-9.433 E0.03154
G1 X0.016 Y-9.452 E0.03578
G1 X0.701 Y-9.433 E0.03419
G1 X1.369 Y-9.355 E0.03355
G1 X2.042 Y-9.229 E0.03416
G1 X2.689 Y-9.058 E0.03339
G1 X3.338 Y-8.842 E0.03412
G1 X4.053 Y-8.537 E0.03878
G1 X4.837 Y-8.127 E0.04414
G1 X5.369 Y-7.779 E0.03172
G1 X5.965 Y-7.339 E0.03696
G1 X6.671 Y-6.698 E0.04757
G1 X7.279 Y-6.03 E0.04506
G1 X7.759 Y-5.394 E0.03975
G1 X8.184 Y-4.725 E0.03954
G1 X8.56 Y-4.004 E0.04057
G1 X8.828 Y-3.376 E0.03406
G1 X9.066 Y-2.667 E0.03731
G1 X9.24 Y-1.992 E0.03478
G1 F2810.3 X9.373 Y-1.4 E0.03231
G1 F2934 X9.418 Y-.627 E0.0395
G1 F3370.8 X9.426 Y0.022 E0.02882
G1 F3352 X9.416 Y0.658 E0.0284
G1 F2955.7 X9.378 Y1.371 E0.03616
G1 F3600 E-1
G0 F12000 X8.399 Y3.975
G0 X8.007 Y4.728
G0 X7.202 Y5.873
G0 X6.616 Y6.53
G0 X5.294 Y7.634
G0 X3.97 Y8.402
G0 X2.645 Y8.906
G0 X1.325 Y9.2
G0 X0.00 Y9.655
G0 X-1.325 Y9.2
G0 X-2.646 Y8.906
G0 X-3.97 Y8.402
G0 X-5.294 Y7.633
G0 X-6.528 Y6.619
G0 X-7.629 Y5.301
G0 X-8.4 Y3.975
G0 X-9.376 Y1.381
G1 F3600 E1
G1 F2836.9 X-9.4 Y2.02 E0.03374
G1 F3000 X-9.4 Y13.677 E0.58157
G1 X-7.987 Y14.022 E0.07257
G1 X-6.723 Y14.285 E0.06441
G1 X-6.136 Y14.394 E0.02979
G1 X-5.482 Y14.502 E0.03307
G1 X-4.298 Y14.664 E0.05962
G1 X-3.658 Y14.733 E0.03211
G1 X-2.453 Y14.837 E0.06034
G1 X-1.471 Y14.892 E0.04907
G1 X-.578 Y14.915 E0.04457
G1 X0.609 Y14.916 E0.05922
G1 X1.869 Y14.87 E0.0629
G1 X2.483 Y14.835 E0.03068
G1 X3.244 Y14.775 E0.03808
G1 X4.231 Y14.672 E0.04951
G1 X5.479 Y14.499 E0.06286
G1 X6.759 Y14.278 E0.0648
G1 X7.918 Y14.036 E0.05907
G1 X8.618 Y13.87 E0.03589
G1 X9.4 Y13.665 E0.04033
G1 X9.4 Y2.02 E0.58097
G1 F2843.6 X9.378 Y1.371 E0.03418
G1 X9.225 Y2.042 E0.03622
G1 F3000 X9.05 Y2.718 E0.03484
G1 X8.823 Y3.39 E0.03539
G1 X8.533 Y4.061 E0.03647
G1 X8.129 Y4.832 E0.04343
G1 X7.75 Y5.403 E0.03419
G1 X7.342 Y5.951 E0.03409
G1 X6.706 Y6.663 E0.04763
G1 X6.038 Y7.272 E0.0451
G1 X5.402 Y7.752 E0.03975
G1 X4.74 Y8.178 E0.03927
G1 X4.012 Y8.556 E0.04092
G1 X3.338 Y8.842 E0.03653
G1 X2.678 Y9.06 E0.03468
G1 X1.998 Y9.238 E0.03507
G1 X1.37 Y9.355 E0.03187
G1 X0.706 Y9.429 E0.03333
G1 X-0.016 Y9.452 E0.03604
G1 X-.688 Y9.433 E0.03354
G1 X-1.37 Y9.355 E0.03425
G1 X-2.042 Y9.229 E0.03411
G1 X-2.678 Y9.061 E0.03282
G1 X-3.338 Y8.842 E0.03469
G1 X-4.053 Y8.537 E0.03878
G1 X-4.777 Y8.161 E0.0407
G1 X-5.4 Y7.753 E0.03715
G1 X-5.956 Y7.337 E0.03464
G1 X-6.656 Y6.713 E0.04678
G1 X-7.236 Y6.077 E0.04294
G1 X-7.775 Y5.373 E0.04423
G1 X-8.131 Y4.829 E0.03244
G1 X-8.557 Y4.016 E0.04579
G1 X-8.842 Y3.342 E0.03651
G1 X-9.062 Y2.678 E0.0349
G1 X-9.234 Y2.005 E0.03466
G1 F2836.9 X-9.376 Y1.381 E0.03376
G1 F2963 X-9.418 Y0.643 E0.03734
G1 F3370.8 X-9.426 Y-0.01 E0.029
G1 F3352 X-9.416 Y-.642 E0.02822
G1 F2926.8 X-9.375 Y-1.403 E0.03897
G1 F3600 E-1
G0 F12000 X-9.199 Y1.333
G0 X-8.903 Y2.652
G0 X-8.4 Y3.975
G0 X-7.629 Y5.301
G0 X-6.528 Y6.619
G0 X-5.294 Y7.633
G0 X-3.97 Y8.402
G0 X-3.219 Y8.688
G0 X-0.026 Y9.754
G0 X-0.006 Y9.052
;TYPE:WALL-OUTER
G1 F3600 E1
G1 F1200 X-.643 Y9.035 E0.03179
G1 X-1.297 Y8.961 E0.03284
G1 X-1.94 Y8.842 E0.03262
G1 X-2.588 Y8.67 E0.03345
G1 X-3.227 Y8.456 E0.03362
G1 X-3.869 Y8.182 E0.03482
G1 X-4.593 Y7.806 E0.0407
G1 X-5.16 Y7.433 E0.03386
G1 X-5.729 Y7.006 E0.03549
G1 X-6.345 Y6.458 E0.04113
G1 X-6.951 Y5.794 E0.04485
G1 X-7.44 Y5.154 E0.04018
G1 X-7.806 Y4.593 E0.03342
G1 X-8.189 Y3.859 E0.0413
G1 X-8.462 Y3.216 E0.03485
G1 X-8.674 Y2.578 E0.03354
G1 X-8.841 Y1.93 E0.03339
G1 X-8.962 Y1.299 E0.03205
G1 X-9.036 Y0.634 E0.03338
G1 X-9.052 Y0.014 E0.03094
G1 X-9.031 Y-.646 E0.03294
G1 X-8.957 Y-1.325 E0.03408
G1 X-8.842 Y-1.935 E0.03097
G1 X-8.674 Y-2.58 E0.03325
G1 X-8.46 Y-3.219 E0.03362
G1 X-8.186 Y-3.861 E0.03482
G1 X-7.858 Y-4.493 E0.03552
G1 X-7.442 Y-5.147 E0.03867
G1 X-7.026 Y-5.715 E0.03512
G1 X-6.436 Y-6.364 E0.04376
G1 X-5.798 Y-6.952 E0.04329
G1 X-5.162 Y-7.436 E0.03987
G1 X-4.509 Y-7.85 E0.03857
G1 X-3.869 Y-8.182 E0.03597
G1 X-3.212 Y-8.462 E0.03563
G1 X-2.576 Y-8.674 E0.03345
G1 X-1.925 Y-8.845 E0.03358
G1 X-1.283 Y-8.963 E0.03257
G1 X-.638 Y-9.036 E0.03238
G1 X0.006 Y-9.052 E0.03214
G1 X0.655 Y-9.035 E0.03239
G1 X1.297 Y-8.961 E0.03224
G1 X1.94 Y-8.842 E0.03262
G1 X2.588 Y-8.67 E0.03345
G1 X3.227 Y-8.456 E0.03362
G1 X3.869 Y-8.182 E0.03482
G1 X4.601 Y-7.802 E0.04115
G1 X5.159 Y-7.437 E0.03327
G1 X5.743 Y-7.004 E0.03627
G1 X6.376 Y-6.428 E0.0427
G1 X6.948 Y-5.804 E0.04223
G1 X7.45 Y-5.139 E0.04157
G1 X7.854 Y-4.497 E0.03784
G1 X8.186 Y-3.861 E0.03579
G1 X8.466 Y-3.204 E0.03563
G1 X8.678 Y-2.567 E0.03349
G1 X8.846 Y-1.92 E0.03335
G1 X8.955 Y-1.312 E0.03082
G1 X9.035 Y-.636 E0.03396
G1 X9.052 Y0.011 E0.03229
G1 X9.031 Y0.662 E0.0325
G1 X8.961 Y1.302 E0.03212
G1 X8.838 Y1.942 E0.03251
G1 X8.67 Y2.592 E0.03349
G1 X8.456 Y3.232 E0.03367
G1 X8.178 Y3.877 E0.03504
G1 X7.806 Y4.593 E0.04025
G1 X7.429 Y5.164 E0.03414
G1 X7.01 Y5.726 E0.03497
G1 X6.45 Y6.354 E0.04198
G1 X5.812 Y6.94 E0.04322
G1 X5.148 Y7.441 E0.0415
G1 X4.509 Y7.85 E0.03785
G1 X3.869 Y8.182 E0.03597
G1 X3.212 Y8.462 E0.03563
G1 X2.576 Y8.674 E0.03345
G1 X1.925 Y8.845 E0.03358
G1 X1.282 Y8.963 E0.03262
G1 X0.647 Y9.032 E0.03187
G1 X-0.006 Y9.052 E0.03259
G0 F12000 X-.643 Y9.035
G0 X-.805 Y9.017
G1 F3600 E-1
G0 F12000 X-.883 Y9.712
G0 X2.645 Y8.906
G0 X3.97 Y8.402
G0 X5.294 Y7.634
G0 X6.616 Y6.53
G0 X7.629 Y5.299
G0 X8.682 Y3.314
G0 X9.075 Y1.993
G0 X9.252 Y0.801
G0 X9.53 Y-19.522
G0 X9.8 Y-19.792
G1 F3600 E1
G1 F1200 X-9.8 Y-19.792 E0.97785
G1 X-9.8 Y13.972 E1.68449
G1 X-9.265 Y14.122 E0.02772
G1 X-8.04 Y14.42 E0.0629
G1 X-6.797 Y14.678 E0.06334
G1 X-6.237 Y14.783 E0.02843
G1 X-5.542 Y14.898 E0.03515
G1 X-4.303 Y15.066 E0.06238
G1 X-3.692 Y15.131 E0.03065
G1 X-2.481 Y15.236 E0.06064
G1 X-1.487 Y15.292 E0.04967
G1 X-.621 Y15.315 E0.04322
G1 X0.616 Y15.316 E0.06171
G1 X1.892 Y15.27 E0.0637
G1 X2.448 Y15.239 E0.02778
G1 X3.285 Y15.173 E0.04189
G1 X4.279 Y15.069 E0.04986
G1 X5.541 Y14.894 E0.06356
G1 X6.834 Y14.671 E0.06546
G1 X8.01 Y14.426 E0.05993
G1 X8.72 Y14.257 E0.03641
G1 X9.8 Y13.973 E0.05571
G1 X9.8 Y-19.792 E1.68454
G0 F12000 X9 Y-19.792
G1 F3600 E-1
G0 F12000 X9 Y-19.092
G0 X-6.212 Y-7.44
G0 X-6.899 Y-6.809
G0 X-8.955 Y-4.192
;TYPE:SKIN
G1 F3600 E1
G1 F1846.2 X-8.607 Y-4.868 E0.04931
G1 F1842.6 X-8.225 Y-5.48 E0.04688
G1 F1825.1 X-7.759 Y-6.138 E0.0529
G1 F1811.3 X-7.292 Y-6.677 E0.04714
G1 F1807.9 X-6.679 Y-7.288 E0.05732
G1 F1835.6 X-6.223 Y-7.689 E0.03961
G1 F1871.3 X-5.611 Y-8.14 E0.04864
G1 F1856.9 X-4.893 Y-8.595 E0.05481
G1 F1842.6 X-4.238 Y-8.935 E0.04796
G1 F1846.2 X-3.494 Y-9.251 E0.05243
G1 F1856.9 X-2.854 Y-9.464 E0.04349
G1 F1864.1 X-2.17 Y-9.645 E0.04545
G1 F1867.7 X-1.396 Y-9.791 E0.0505
G1 X-.608 Y-9.875 E0.0508
G1 F1856.9 X0.00 Y-9.892 E0.03922
G1 F1849.7 X0.608 Y-9.872 E0.03938
G1 F1853.3 X1.315 Y-9.808 E0.04586
G1 F1860.5 X2.153 Y-9.649 E0.05489
G1 F1846.2 X2.932 Y-9.445 E0.05223
G1 F1821.6 X3.654 Y-9.19 E0.05033
G1 F1825.1 X4.254 Y-8.927 E0.04298
G1 F1864.1 X5.055 Y-8.498 E0.05837
G1 F1878.7 X5.641 Y-8.12 E0.04444
G1 F1882.4 X6.28 Y-7.639 E0.05088
G1 F1856.9 X6.658 Y-7.309 E0.03236
G1 F1807.9 X7.272 Y-6.695 E0.05751
G1 F1832.1 X7.697 Y-6.214 E0.04195
G1 F1860.5 X8.143 Y-5.603 E0.04868
G1 F1853.3 X8.584 Y-4.906 E0.05329
G1 F1839.1 X8.957 Y-4.191 E0.05251
G0 F12000 X9.02 Y-5.035
G1 F2400 X8.598 Y-5.718 E0.04005
G1 X8.143 Y-6.357 E0.03914
G1 X7.601 Y-6.998 E0.04188
G1 X6.966 Y-7.63 E0.0447
G1 X6.275 Y-8.213 E0.0451
G1 X5.735 Y-8.589 E0.03283
G1 X5.106 Y-8.979 E0.03692
G1 X4.465 Y-9.314 E0.03608
G1 X3.834 Y-9.595 E0.03446
G1 X3.187 Y-9.825 E0.03426
G1 X2.499 Y-10.021 E0.03569
G1 X1.912 Y-10.152 E0.03001
G1 X1.283 Y-10.25 E0.03176
G1 X0.639 Y-10.312 E0.03228
G1 X0.005 Y-10.333 E0.03165
G1 X-.627 Y-10.312 E0.03155
G1 X-1.271 Y-10.252 E0.03227
G1 X-1.899 Y-10.154 E0.03171
G1 X-2.487 Y-10.028 E0.03
G1 X-3.176 Y-9.829 E0.03578
G1 X-3.819 Y-9.601 E0.03404
G1 X-4.454 Y-9.319 E0.03466
G1 X-5.072 Y-9.002 E0.03465
G1 X-5.726 Y-8.594 E0.03846
G1 X-6.365 Y-8.139 E0.03914
G1 X-6.974 Y-7.621 E0.03989
G1 X-7.618 Y-6.978 E0.0454
G1 X-8.202 Y-6.281 E0.04537
G1 X-8.563 Y-5.777 E0.03093
G1 X-9.016 Y-5.034 E0.04341
G1 X-9.016 Y-10.701 E0.28273
G1 X-8.522 Y-11.105 E0.03184
G1 X-7.831 Y-11.602 E0.04247
G1 X-7.196 Y-12.008 E0.0376
G1 X-6.599 Y-12.349 E0.0343
G1 X-5.91 Y-12.688 E0.03831
G1 X-5.233 Y-12.986 E0.0369
G1 X-4.528 Y-13.245 E0.03747
G1 X-3.949 Y-13.427 E0.03028
G1 X-3.276 Y-13.613 E0.03483
G1 X-2.623 Y-13.751 E0.0333
G1 X-1.9 Y-13.869 E0.03655
G1 X-1.345 Y-13.933 E0.02787
G1 X-.654 Y-13.984 E0.03457
G1 X-0.044 Y-13.999 E0.03044
G1 X0.65 Y-13.984 E0.03463
G1 X1.31 Y-13.936 E0.03301
G1 X1.9 Y-13.873 E0.0296
G1 X2.586 Y-13.755 E0.03473
G1 X3.265 Y-13.613 E0.03461
G1 X3.919 Y-13.436 E0.0338
G1 X4.571 Y-13.23 E0.03411
G1 X5.232 Y-12.986 E0.03515
G1 X5.88 Y-12.698 E0.03538
G1 X6.558 Y-12.37 E0.03758
G1 X7.192 Y-12.008 E0.03642
G1 X7.844 Y-11.594 E0.03853
G1 X8.521 Y-11.109 E0.04155
G1 X9.02 Y-10.694 E0.03238
G1 X9.02 Y-5.035 E0.28233
G1 F3600 E-1
G0 F12000 X8.82 Y-10.413
G1 F3600 E1
G1 F2400 X7.99 Y-11.244 E0.0586
G1 X7.92 Y-11.314
G0 F12000 X8.82 Y-9.847
G1 F2400 X6.488 Y-12.179 E0.16454
G1 X6.418 Y-12.249
G0 F12000 X5.416 Y-12.685
G1 F2400 X8.82 Y-9.281 E0.24017
G0 F12000 X8.82 Y-8.716
G1 F2400 X4.49 Y-13.046 E0.3055
G1 X4.42 Y-13.116
G0 F12000 X3.677 Y-13.294
G1 F2400 X8.82 Y-8.15 E0.3629
G0 F12000 X8.82 Y-7.584
G1 F2400 X2.927 Y-13.478 E0.41582
G0 F12000 X2.226 Y-13.613
G1 F2400 X8.82 Y-7.019 E0.46524
G0 F12000 X8.82 Y-6.453
G1 F2400 X1.566 Y-13.707 E0.51181
G0 F12000 X0.946 Y-13.762
G1 F2400 X6.198 Y-8.51 E0.37056
G1 X6.268 Y-8.44
G0 F12000 X4.755 Y-9.388
G1 F2400 X0.352 Y-13.79 E0.31062
G0 F12000 X-.218 Y-13.794
G1 F2400 X3.734 Y-9.843 E0.2788
G1 X3.804 Y-9.773
G0 F12000 X2.894 Y-10.117
G1 F2400 X-.763 Y-13.774 E0.25802
G0 F12000 X-1.291 Y-13.736
G1 F2400 X2.138 Y-10.307 E0.24193
G0 F12000 X1.452 Y-10.427
G1 F2400 X-1.8 Y-13.679 E0.22945
G0 F12000 X-2.289 Y-13.603
G1 F2400 X0.817 Y-10.496 E0.21918
G0 F12000 X0.222 Y-10.526
G1 F2400 X-2.768 Y-13.516 E0.21096
G0 F12000 X-3.234 Y-13.417
G1 F2400 X-.34 Y-10.522 E0.20422
G0 F12000 X-.874 Y-10.491
G1 F2400 X-3.678 Y-13.294 E0.1978
G0 F12000 X-4.113 Y-13.164
G1 F2400 X-1.386 Y-10.437 E0.1924
G0 F12000 X-1.876 Y-10.361
G1 F2400 X-4.542 Y-13.028 E0.18814
G0 F12000 X-4.955 Y-12.874
G1 F2400 X-2.343 Y-10.263 E0.18426
G0 F12000 X-2.794 Y-10.148
G1 F2400 X-5.358 Y-12.712 E0.1809
G0 F12000 X-5.751 Y-12.539
G1 F2400 X-3.233 Y-10.021 E0.17766
G0 F12000 X-3.651 Y-9.873
G1 F2400 X-6.134 Y-12.357 E0.17522
G0 F12000 X-6.509 Y-12.166
G1 F2400 X-4.058 Y-9.715 E0.17293
G0 F12000 X-4.449 Y-9.54
G1 F2400 X-6.871 Y-11.962 E0.17089
G0 F12000 X-7.226 Y-11.751
G1 F2400 X-4.827 Y-9.353 E0.16923
G0 F12000 X-5.2 Y-9.16
G1 F2400 X-7.571 Y-11.531 E0.16729
G0 F12000 X-7.907 Y-11.301
G1 F2400 X-5.548 Y-8.942 E0.16644
G0 F12000 X-5.893 Y-8.721
G1 F2400 X-8.236 Y-11.064 E0.16531
G0 F12000 X-8.555 Y-10.818
G1 F2400 X-6.224 Y-8.487 E0.16446
G0 F12000 X-6.549 Y-8.246
G1 F2400 X-8.816 Y-10.513 E0.15995
G0 F12000 X-8.816 Y-9.947
G1 F2400 X-6.854 Y-7.985 E0.13843
G0 F12000 X-7.156 Y-7.722
G1 F2400 X-8.816 Y-9.381 E0.11709
G0 F12000 X-8.816 Y-8.816
G1 F2400 X-7.439 Y-7.439 E0.09715
G0 F12000 X-7.722 Y-7.156
G1 F2400 X-8.816 Y-8.25 E0.07719
G0 F12000 X-8.816 Y-7.684
G1 F2400 X-7.983 Y-6.851 E0.05877
G0 F12000 X-8.241 Y-6.544
G1 F2400 X-8.816 Y-7.118 E0.04053
G0 F12000 X-8.815 Y-6.552
G1 F2400 X-8.487 Y-6.225 E0.02311
G0 F12000 X-8.815 Y-5.986
G1 F2400 X-8.724 Y-5.895 E0.00642
G1 F3600 E-1
G0 F12000 X-4.833 Y-8.404
G0 X-3.45 Y-9.06
G0 X-2.074 Y-9.468
G0 X-.688 Y-9.675
G0 X0.688 Y-9.674
G0 X2.074 Y-9.468
G0 X3.45 Y-9.059
G0 X4.651 Y-8.487
G0 X8.471 Y-6.237
G1 F3600 E1
G1 F2400 X8.82 Y-5.887 E0.02466
G1 F3600 E-1
G0 F12000 X3.97 Y-8.403
G0 X2.646 Y-8.906
G0 X1.325 Y-9.201
G0 X0.00 Y-9.655
G0 X-1.325 Y-9.201
G0 X-2.646 Y-8.906
G0 X-3.97 Y-8.403
G0 X-5.294 Y-7.635
G0 X-5.955 Y-7.133
G0 X-6.615 Y-6.527
G0 X-7.209 Y-5.87
G0 X-8.061 Y-4.623
G0 X-8.687 Y-3.3
G0 X-9.08 Y-1.977
G0 X-9.272 Y-.652
G0 X-9.274 Y0.408
G0 X-8.959 Y4.196
G1 F3600 E1
G1 F1835.6 X-8.602 Y4.879 E0.05027
G1 X-8.223 Y5.49 E0.0469
G1 F1825.1 X-7.698 Y6.205 E0.0582
G1 F1832.1 X-7.089 Y6.905 E0.06064
G1 F1860.5 X-6.292 Y7.626 E0.06917
G1 F1864.1 X-5.663 Y8.103 E0.05071
G1 F1867.7 X-5.003 Y8.53 E0.0504
G1 F1864.1 X-4.266 Y8.922 E0.05362
G1 F1828.6 X-3.654 Y9.189 E0.04372
G1 F1818.2 X-3.052 Y9.401 E0.04203
G1 F1832.1 X-2.439 Y9.579 E0.04172
G1 F1846.2 X-1.592 Y9.77 E0.05631
G1 F1860.5 X-.735 Y9.864 E0.05549
G1 F1856.9 X-0.012 Y9.892 E0.04666
G1 F1846.2 X0.607 Y9.873 E0.04017
G1 F1849.7 X1.601 Y9.77 E0.06469
G1 F1839.1 X2.439 Y9.578 E0.05597
G1 F1825.1 X3.052 Y9.401 E0.04186
G1 F1814.7 X3.654 Y9.189 E0.04211
G1 F1828.6 X4.177 Y8.963 E0.03731
G1 F1853.3 X4.956 Y8.558 E0.05672
G1 F1842.6 X5.487 Y8.221 E0.04087
G1 F1818.2 X6.018 Y7.845 E0.04285
G1 F1801.1 X6.675 Y7.292 E0.05709
G1 F1839.1 X7.14 Y6.848 E0.04186
G1 F1875 X7.678 Y6.227 E0.05247
G1 F1867.7 X8.104 Y5.663 E0.04531
G1 F1860.5 X8.537 Y4.998 E0.05107
G1 F1849.7 X8.959 Y4.192 E0.05889
G1 F3600 E-1
G0 F12000 X7.513 Y6.126
G0 X6.9 Y6.812
G0 X6.211 Y7.44
G0 X4.833 Y8.403
G0 X-5.172 Y13.293
G1 F3600 E1
G1 F2400 X-5.147 Y13.1 E0.00971
G1 X-5.241 Y12.981 E0.00757
G1 X-5.88 Y12.702 E0.03479
G1 X-6.55 Y12.375 E0.0372
G1 X-7.188 Y12.008 E0.03672
G1 X-7.844 Y11.594 E0.0387
G1 X-8.497 Y11.125 E0.04011
G1 X-9.019 Y10.693 E0.0338
G1 X-9.02 Y5.033 E0.28238
G1 X-8.578 Y5.75 E0.04202
G1 X-8.13 Y6.366 E0.038
G1 X-7.577 Y7.023 E0.04284
G1 X-6.953 Y7.639 E0.04375
G1 X-6.277 Y8.209 E0.04411
G1 X-5.763 Y8.572 E0.03139
G1 X-5.105 Y8.979 E0.0386
G1 X-4.465 Y9.314 E0.03604
G1 X-3.834 Y9.595 E0.03446
G1 X-3.187 Y9.825 E0.03426
G1 X-2.518 Y10.016 E0.03471
G1 X-1.916 Y10.152 E0.03079
G1 X-1.283 Y10.25 E0.03196
G1 X-.639 Y10.312 E0.03228
G1 X-0.007 Y10.332 E0.03155
G1 X0.639 Y10.312 E0.03224
G1 X1.271 Y10.252 E0.03167
G1 X1.903 Y10.154 E0.03191
G1 X2.487 Y10.028 E0.02981
G1 X3.176 Y9.829 E0.03578
G1 X3.819 Y9.601 E0.03404
G1 X4.454 Y9.319 E0.03466
G1 X5.093 Y8.986 E0.03595
G1 X5.726 Y8.595 E0.03712
G1 X6.298 Y8.193 E0.03488
G1 X6.97 Y7.625 E0.0439
G1 X7.614 Y6.986 E0.04526
G1 X8.216 Y6.264 E0.0469
G1 X8.584 Y5.744 E0.03178
G1 X9.02 Y5.035 E0.04153
G1 X9.02 Y10.7 E0.28263
G1 X8.514 Y11.112 E0.03255
G1 X7.852 Y11.586 E0.04062
G1 X7.226 Y11.985 E0.03704
G1 X6.51 Y12.395 E0.04116
G1 X5.911 Y12.687 E0.03325
G1 X5.237 Y12.985 E0.03677
G1 X5.153 Y13.078 E0.00625
G1 X5.162 Y13.287 E0.01044
G1 F2033.9 X5.355 Y13.508 E0.01727
G1 F1771.2 X6.78 Y13.259 E0.09779
G1 F1774.5 X8.006 Y12.993 E0.08465
G1 F1771.2 X8.949 Y12.751 E0.06581
G1 X8.949 Y13.314 E0.03806
G1 F1764.7 X7.819 Y13.593 E0.07897
G1 F1761.5 X6.678 Y13.831 E0.07923
G1 F1764.7 X5.4 Y14.048 E0.08795
G1 F2033.9 X4.424 Y14.267 E0.05889
G1 F2400 X3.229 Y14.394 E0.05995
G1 X2.429 Y14.458 E0.04004
G1 X0.596 Y14.536 E0.09153
G1 X-.552 Y14.532 E0.05727
G1 X-1.416 Y14.512 E0.04312
G1 X-2.387 Y14.458 E0.04852
G1 X-3.634 Y14.349 E0.06245
G1 X-4.469 Y14.262 E0.04188
G1 F2087 X-5.331 Y14.081 E0.05053
G1 F1791 X-5.404 Y14.054 E0.0052
G1 F1745.5 X-6.058 Y13.945 E0.04548
G1 F1761.5 X-6.853 Y13.795 E0.05499
G1 F1771.2 X-7.879 Y13.579 E0.07088
G1 F1774.5 X-8.95 Y13.317 E0.0744
G1 F1784.4 X-8.95 Y12.764 E0.03711
G1 F1777.8 X-8.032 Y12.987 E0.06363
G1 F1771.2 X-6.761 Y13.261 E0.0879
G1 F1758.2 X-5.361 Y13.507 E0.0968
G1 F2016.8 X-5.172 Y13.293 E0.01695
G1 F3600 E-1
G0 F12000 X-7.994 Y11.239
G1 F3600 E1
G1 F2400 X-8.82 Y10.414 E0.05824
G0 F12000 X-8.82 Y9.848
G1 F2400 X-6.489 Y12.179 E0.16446
G1 X-6.419 Y12.249
G0 F12000 X-5.415 Y12.687
G1 F2400 X-8.82 Y9.281 E0.24028
G0 F12000 X-8.82 Y8.716
G1 F2400 X-3.365 Y14.171 E0.38488
G0 F12000 X-2.745 Y14.226
G1 F2400 X-8.82 Y8.15 E0.42866
G0 F12000 X-8.821 Y7.584
G1 F2400 X-2.133 Y14.272 E0.47187
G0 F12000 X-1.534 Y14.305
G1 F2400 X-8.821 Y7.018 E0.51414
G0 F12000 X-8.821 Y6.452
G1 F2400 X-.951 Y14.322 E0.55527
G0 F12000 X-.375 Y14.332
G1 F2400 X-6.198 Y8.509 E0.41084
G1 X-6.268 Y8.439
G0 F12000 X-4.754 Y9.388
G1 F2400 X0.192 Y14.334 E0.34897
G0 F12000 X0.752 Y14.328
G1 F2400 X-3.732 Y9.844 E0.31637
G1 X-3.802 Y9.774
G0 F12000 X-2.894 Y10.117
G1 F2400 X1.295 Y14.305 E0.29552
G0 F12000 X1.837 Y14.282
G1 F2400 X-2.138 Y10.307 E0.28046
G0 F12000 X-1.452 Y10.427
G1 F2400 X2.38 Y14.26 E0.2704
G0 F12000 X2.906 Y14.219
G1 F2400 X-.817 Y10.496 E0.26268
G0 F12000 X-.223 Y10.525
G1 F2400 X3.424 Y14.172 E0.25732
G0 F12000 X3.934 Y14.117
G1 F2400 X0.339 Y10.521 E0.25368
G0 F12000 X0.874 Y10.491
G1 F2400 X4.445 Y14.062 E0.25195
G0 F12000 X4.88 Y13.931
G1 F2400 X1.386 Y10.437 E0.24652
G0 F12000 X1.876 Y10.361
G1 F2400 X5.315 Y13.801 E0.24268
G1 X5.385 Y13.871
G0 F12000 X5.021 Y12.941
G1 F2400 X2.344 Y10.264 E0.18888
G0 F12000 X2.793 Y10.147
G1 F2400 X5.359 Y12.713 E0.18105
G0 F12000 X5.75 Y12.538
G1 F2400 X3.233 Y10.021 E0.17759
G0 F12000 X3.651 Y9.873
G1 F2400 X6.133 Y12.355 E0.17512
G0 F12000 X6.509 Y12.166
G1 F2400 X4.057 Y9.714 E0.173
G0 F12000 X4.45 Y9.541
G1 F2400 X6.869 Y11.96 E0.17067
G0 F12000 X7.223 Y11.749
G1 F2400 X4.826 Y9.351 E0.16916
G0 F12000 X5.197 Y9.156
G1 F2400 X7.569 Y11.529 E0.16739
G0 F12000 X7.906 Y11.3
G1 F2400 X5.547 Y8.941 E0.16644
G0 F12000 X5.894 Y8.722
G1 F2400 X8.236 Y11.065 E0.16528
G0 F12000 X8.557 Y10.819
G1 F2400 X6.226 Y8.489 E0.16443
G0 F12000 X6.546 Y8.243
G1 F2400 X8.82 Y10.518 E0.16048
G0 F12000 X8.82 Y9.952
G1 F2400 X6.854 Y7.985 E0.13875
G0 F12000 X7.157 Y7.722
G1 F2400 X8.82 Y9.386 E0.11737
G0 F12000 X8.82 Y8.82
G1 F2400 X7.441 Y7.441 E0.0973
G0 F12000 X7.724 Y7.159
G1 F2400 X8.82 Y8.255 E0.07733
G0 F12000 X8.82 Y7.689
G1 F2400 X7.984 Y6.853 E0.05898
G0 F12000 X8.241 Y6.544
G1 F2400 X8.82 Y7.123 E0.04085
G0 F12000 X8.82 Y6.558
G1 F2400 X8.487 Y6.225 E0.02349
G0 F12000 X8.722 Y5.894
G1 F2400 X8.82 Y5.992 E0.00691
G1 F3600 E-1
G0 F12000 X-3.996 Y14.106
G1 F3600 E1
G1 F2400 X-4.943 Y13.159 E0.06682
G0 F12000 X-5.127 Y13.54
G1 F2400 X-4.659 Y14.008 E0.03302
G1 F3600 E-1
G0 F12000 X-8.476 Y6.232
G1 F3600 E1
G1 F2400 X-8.821 Y5.887 E0.02434
G0 F12000 X-8.8 Y5.887
G1 F3600 E-1
;MESH:NONMESH
G0 F600 X-8.8 Y5.887 Z16.2
G0 F12000 X-9.293 Y0.007
G0 X-9.198 Y-1.316
G0 X-8.908 Y-2.638
G0 X-8.404 Y-3.962
G0 X-7.642 Y-5.282
G0 X-6.615 Y-6.527
G0 X-5.955 Y-7.133
G0 X-5.205 Y-7.657
G0 X5.133 Y-14.363
;TIME_ELAPSED:721.736238
;LAYER:53
;TYPE:FILL
;MESH:overhang.stl
G1 F3600 E1
G1 F9600 X9.04 Y-15.41 E0.2018
G1 X9.04 Y-12.613 E0.13954
G1 X8.789 Y-12.477 E0.01424
G1 X7.987 Y-12.996 E0.04766
G1 X7.339 Y-13.375 E0.03745
G1 X6.682 Y-13.715 E0.03691
G1 X6.079 Y-13.996 E0.03319
G1 X5.322 Y-14.296 E0.04062
G1 X4.473 Y-14.586 E0.04476
G1 X5.664 Y-19.033 E0.22968
G1 X-6.759 Y-19.032 E0.61979
G1 X-8.449 Y-12.729 E0.32557
G1 X-7.264 Y-13.423 E0.06851
G1 X-7.257 Y-13.419 E0.0004
G1 X-6.656 Y-13.729 E0.03374
G1 X-6.014 Y-14.025 E0.03527
G1 X-5.349 Y-14.286 E0.03564
G1 X-4.797 Y-14.481 E0.02921
G1 X-4.797 Y-14.49 E0.00045
G1 X-4.01 Y-14.721 E0.04092
G1 X-3.334 Y-14.886 E0.03472
G1 X-2.422 Y-15.073 E0.04645
G1 X-2.422 Y-15.06 E0.00065
G1 X-1.375 Y-15.22 E0.05284
G1 X-1.375 Y-15.197 E0.00115
G1 X-.677 Y-15.243 E0.0349
G1 X0.00 Y-15.259 E0.03379
G1 X0.964 Y-15.236 E0.04811
G1 X-2.831 Y-19.03 E0.26772
G1 X-2.901 Y-19.1
G1 F3600 E-1
G0 F12000 X-2.901 Y-19.092
G0 X-9.173 Y-5.985
G0 X-9.4 Y-5.18
;TYPE:WALL-INNER
G1 F3600 E1
G1 F3000 X-8.889 Y-6.009 E0.04859
G1 X-8.537 Y-6.501 E0.03018
G1 X-7.901 Y-7.261 E0.04944
G1 X-7.269 Y-7.893 E0.04459
G1 X-6.597 Y-8.465 E0.04403
G1 X-5.969 Y-8.913 E0.03849
G1 X-5.255 Y-9.358 E0.04197
G1 X-4.616 Y-9.685 E0.03581
G1 X-3.953 Y-9.978 E0.03616
G1 X-3.288 Y-10.213 E0.03519
G1 X-2.571 Y-10.419 E0.03722
G1 X-1.961 Y-10.549 E0.03112
G1 X-1.309 Y-10.65 E0.03292
G1 X-.677 Y-10.71 E0.03167
G1 X0.02 Y-10.732 E0.03479
G1 X0.677 Y-10.71 E0.0328
G1 X1.309 Y-10.65 E0.03167
G1 X1.999 Y-10.542 E0.03484
G1 X2.608 Y-10.406 E0.03113
G1 X3.321 Y-10.202 E0.037
G1 X3.996 Y-9.961 E0.03576
G1 X4.616 Y-9.685 E0.03386
G1 X5.317 Y-9.319 E0.03945
G1 X5.936 Y-8.935 E0.03634
G1 X6.547 Y-8.507 E0.03722
G1 X7.247 Y-7.914 E0.04577
G1 X7.906 Y-7.256 E0.04646
G1 X8.438 Y-6.628 E0.04106
G1 X8.937 Y-5.93 E0.04281
G1 X9.4 Y-5.191 E0.04351
G1 X9.4 Y-19.392 E0.70849
G1 X-9.399 Y-19.391 E0.93789
G1 X-9.4 Y-5.18 E0.70899
G1 F3600 E-1
G0 F12000 X-9.814 Y-3.175
;TYPE:WALL-OUTER
G1 F3600 E1
G1 F1246.8 X-9.596 Y-3.825 E0.03292
G1 F1200 X-9.318 Y-4.457 E0.03445
G1 X-8.983 Y-5.097 E0.03604
G1 X-8.563 Y-5.777 E0.03987
G1 X-8.202 Y-6.281 E0.03093
G1 X-7.618 Y-6.978 E0.04537
G1 X-6.974 Y-7.621 E0.0454
G1 X-6.365 Y-8.139 E0.03989
G1 X-5.726 Y-8.594 E0.03914
G1 X-5.087 Y-8.994 E0.03761
G1 X-4.454 Y-9.319 E0.0355
G1 X-3.819 Y-9.601 E0.03466
G1 X-3.176 Y-9.829 E0.03404
G1 X-2.487 Y-10.028 E0.03578
G1 X-1.899 Y-10.154 E0.03
G1 X-1.271 Y-10.252 E0.03171
G1 X-.639 Y-10.312 E0.03167
G1 X0.007 Y-10.332 E0.03224
G1 X0.639 Y-10.312 E0.03155
G1 X1.283 Y-10.25 E0.03228
G1 X1.912 Y-10.152 E0.03176
G1 X2.499 Y-10.021 E0.03001
G1 X3.187 Y-9.825 E0.03569
G1 X3.834 Y-9.595 E0.03426
G1 X4.465 Y-9.314 E0.03446
G1 X5.106 Y-8.979 E0.03608
G1 X5.735 Y-8.589 E0.03692
G1 X6.275 Y-8.213 E0.03283
G1 X6.965 Y-7.63 E0.04507
G1 X7.601 Y-6.998 E0.04473
G1 X8.143 Y-6.357 E0.04188
G1 X8.598 Y-5.718 E0.03914
G1 X9.007 Y-5.064 E0.03848
G1 X9.312 Y-4.469 E0.03336
G1 X9.601 Y-3.812 E0.03581
G1 X9.8 Y-3.256 E0.02946
G1 X9.8 Y-19.792 E0.82498
G1 X-9.799 Y-19.791 E0.9778
G1 X-9.8 Y-3.847 E0.79545
G1 F1246.8 X-9.814 Y-3.175 E0.03228
G0 F12000 X-9.596 Y-3.825
G0 X-9.551 Y-3.929
G0 X-9.814 Y-3.175
G1 F1300.8 X-9.817 Y-3.162 E0.00061
G1 F3600 E-1
G0 F12000 X8.993 Y-6.55
;TYPE:SKIN
G1 F3600 E1
G1 F2186.8 X8.737 Y-6.882 E0.02296
G1 F2253.5 X8.042 Y-7.696 E0.05687
G1 F2232.6 X7.366 Y-8.333 E0.04982
G1 F2237.8 X6.758 Y-8.835 E0.04219
G1 X6.158 Y-9.26 E0.03934
G1 F2217.1 X5.514 Y-9.659 E0.04091
G1 F2222.2 X4.909 Y-9.979 E0.03688
G1 F2217.1 X4.295 Y-10.259 E0.03644
G1 F2206.9 X3.68 Y-10.495 E0.03574
G1 F2212 X3.072 Y-10.687 E0.03451
G1 F2206.9 X2.451 Y-10.847 E0.03479
G1 F2201.8 X1.844 Y-10.968 E0.03366
G1 X1.212 Y-11.055 E0.03469
G1 F2212 X0.607 Y-11.108 E0.03287
G1 F2227.4 X0.00 Y-11.128 E0.03265
G1 F2232.6 X-.66 Y-11.106 E0.03542
G1 X-1.362 Y-11.04 E0.03782
G1 X-2.077 Y-10.926 E0.03883
G1 F2248.2 X-2.671 Y-10.796 E0.03238
G1 F2253.5 X-3.448 Y-10.573 E0.04295
G1 F2248.2 X-4.102 Y-10.339 E0.03699
G1 F2227.4 X-4.911 Y-9.977 E0.04764
G1 X-5.509 Y-9.664 E0.03628
G1 F2217.1 X-6.16 Y-9.263 E0.04129
G1 F2201.8 X-6.756 Y-8.834 E0.03993
G1 F2227.4 X-7.496 Y-8.216 E0.05183
G1 F2181.8 X-7.873 Y-7.853 E0.02872
G1 F2186.8 X-8.24 Y-7.469 E0.02908
G1 F2243 X-8.822 Y-6.773 E0.04843
G1 F2196.8 X-8.997 Y-6.545 E0.01567
G1 F3600 E-1
G0 F12000 X-7.42 Y-8.087
G0 X-6.092 Y-9.123
G0 X-4.739 Y-9.894
G0 X-3.381 Y-10.436
G0 X-2.032 Y-10.783
G0 X-.677 Y-10.951
G0 X0.677 Y-10.951
G0 X2.031 Y-10.784
G0 X3.382 Y-10.436
G0 X4.739 Y-9.894
G0 X5.832 Y-9.271
G0 X9.02 Y-7.155
G1 F3600 E1
G1 F2400 X8.632 Y-7.624 E0.03037
G1 X8.139 Y-8.156 E0.03619
G1 X7.636 Y-8.623 E0.03424
G1 X7 Y-9.147 E0.04111
G1 X6.369 Y-9.599 E0.03872
G1 X5.729 Y-9.991 E0.03744
G1 X5.091 Y-10.333 E0.03611
G1 X4.459 Y-10.619 E0.03461
G1 X3.817 Y-10.867 E0.03434
G1 X3.18 Y-11.067 E0.03331
G1 X2.547 Y-11.234 E0.03266
G1 X1.916 Y-11.361 E0.03211
G1 X1.268 Y-11.451 E0.03264
G1 X0.641 Y-11.504 E0.03139
G1 X0.005 Y-11.525 E0.03175
G1 X-.631 Y-11.504 E0.03175
G1 X-1.269 Y-11.452 E0.03194
G1 X-1.904 Y-11.362 E0.032
G1 X-2.536 Y-11.237 E0.03214
G1 X-3.171 Y-11.07 E0.03276
G1 X-3.803 Y-10.876 E0.03298
G1 X-4.45 Y-10.623 E0.03466
G1 X-5.067 Y-10.342 E0.03382
G1 X-5.714 Y-10.001 E0.03649
G1 X-6.357 Y-9.607 E0.03762
G1 X-6.993 Y-9.151 E0.03904
G1 X-7.627 Y-8.631 E0.04091
G1 X-8.156 Y-8.143 E0.03591
G1 X-8.632 Y-7.623 E0.03517
G1 X-9.02 Y-7.152 E0.03044
G1 X-9.019 Y-11.878 E0.23578
G1 X-8.427 Y-12.31 E0.03656
G1 X-7.841 Y-12.685 E0.03471
G1 X-7.183 Y-13.072 E0.03808
G1 X-6.563 Y-13.392 E0.03481
G1 X-5.877 Y-13.712 E0.03777
G1 X-5.216 Y-13.973 E0.03546
G1 X-4.558 Y-14.201 E0.03474
G1 X-3.911 Y-14.394 E0.03368
G1 X-3.295 Y-14.545 E0.03164
G1 X-2.601 Y-14.687 E0.03534
G1 X-1.513 Y-14.853 E0.05491
G1 X-1.504 Y-14.844 E0.00063
G1 X-.655 Y-14.9 E0.04245
G1 X-0.04 Y-14.915 E0.03069
G1 X0.655 Y-14.9 E0.03468
G1 X1.504 Y-14.844 E0.04245
G1 X1.513 Y-14.853 E0.00063
G1 X2.6 Y-14.687 E0.05486
G1 X3.26 Y-14.552 E0.03361
G1 X3.903 Y-14.394 E0.03303
G1 X4.574 Y-14.197 E0.03489
G1 X5.209 Y-13.97 E0.03364
G1 X5.944 Y-13.68 E0.03942
G1 X6.52 Y-13.412 E0.0317
G1 X7.171 Y-13.076 E0.03655
G1 X7.815 Y-12.697 E0.03728
G1 X8.474 Y-12.275 E0.03904
G1 X9.02 Y-11.871 E0.03389
G1 X9.02 Y-7.155 E0.23528
G0 F12000 X8.56 Y-7.994
G1 F2400 X8.82 Y-8.254 E0.01834
G0 F12000 X8.289 Y-8.289
G1 F2400 X8.82 Y-8.82 E0.03746
G0 F12000 X8.82 Y-9.385
G1 F2400 X7.995 Y-8.561 E0.05817
G0 F12000 X7.698 Y-8.83
G1 F2400 X8.82 Y-9.951 E0.07913
G0 F12000 X8.82 Y-10.517
G1 F2400 X7.389 Y-9.086 E0.10096
G0 F12000 X7.075 Y-9.338
G1 F2400 X8.82 Y-11.082 E0.12308
G0 F12000 X8.82 Y-11.648
G1 F2400 X6.746 Y-9.574 E0.14633
G0 F12000 X6.412 Y-9.806
G1 F2400 X8.564 Y-11.959 E0.15187
G0 F12000 X8.233 Y-12.193
G1 F2400 X6.061 Y-10.021 E0.15325
G0 F12000 X5.704 Y-10.23
G1 F2400 X7.888 Y-12.413 E0.15406
G0 F12000 X7.538 Y-12.629
G1 F2400 X5.336 Y-10.427 E0.15536
G0 F12000 X4.955 Y-10.612
G1 F2400 X7.181 Y-12.838 E0.15706
G0 F12000 X6.813 Y-13.036
G1 F2400 X4.566 Y-10.788 E0.15857
G0 F12000 X4.16 Y-10.948
G1 F2400 X6.44 Y-13.229 E0.1609
G0 F12000 X6.054 Y-13.408
G1 F2400 X3.745 Y-11.099 E0.16291
G0 F12000 X3.315 Y-11.235
G1 F2400 X5.658 Y-13.578 E0.16531
G0 F12000 X5.253 Y-13.738
G1 F2400 X2.87 Y-11.355 E0.16813
G0 F12000 X2.413 Y-11.464
G1 F2400 X4.839 Y-13.89 E0.17117
G0 F12000 X4.419 Y-14.035
G1 F2400 X1.942 Y-11.558 E0.17477
G0 F12000 X1.445 Y-11.628
G1 F2400 X3.981 Y-14.163 E0.17889
G0 F12000 X3.532 Y-14.28
G1 F2400 X0.931 Y-11.679 E0.18351
G0 F12000 X0.398 Y-11.712
G1 F2400 X3.073 Y-14.387 E0.18874
G0 F12000 X2.604 Y-14.483
G1 F2400 X-.161 Y-11.719 E0.19505
G0 F12000 X-.75 Y-11.696
G1 F2400 X2.114 Y-14.559 E0.20204
G0 F12000 X1.624 Y-14.634
G1 F2400 X-1.372 Y-11.638 E0.21138
G0 F12000 X-2.038 Y-11.539
G1 F2400 X1.095 Y-14.671 E0.22101
G0 F12000 X0.56 Y-14.702
G1 F2400 X-2.757 Y-11.385 E0.23403
G1 X-2.827 Y-11.315
G0 F12000 X-3.544 Y-11.164
G1 F2400 X0.006 Y-14.714 E0.25047
G0 F12000 X-.571 Y-14.702
G1 F2400 X-4.428 Y-10.846 E0.2721
G1 X-4.498 Y-10.776
G0 F12000 X-5.496 Y-10.343
G1 F2400 X-1.173 Y-14.666 E0.30501
G0 F12000 X-1.797 Y-14.608
G1 F2400 X-7.05 Y-9.355 E0.37063
G1 X-7.12 Y-9.285
G0 F12000 X-8.819 Y-9.283
G1 F2400 X-3.919 Y-14.183 E0.34572
G0 F12000 X-3.169 Y-14.368
G1 F2400 X-8.819 Y-8.717 E0.39867
G0 F12000 X-8.82 Y-8.151
G1 F2400 X-2.465 Y-14.506 E0.44838
G1 X-2.395 Y-14.576
G0 F12000 X-4.743 Y-13.925
G1 F2400 X-8.819 Y-9.849 E0.28758
G0 F12000 X-8.819 Y-10.414
G1 F2400 X-5.644 Y-13.589 E0.22401
G1 X-5.574 Y-13.659
G0 F12000 X-6.705 Y-13.094
G1 F2400 X-8.819 Y-10.98 E0.14915
G0 F12000 X-8.819 Y-11.546
G1 F2400 X-8.052 Y-12.313 E0.05412
G1 X-7.982 Y-12.383
G1 F3600 E-1
G0 F12000 X9.4 Y5.191
;TYPE:WALL-INNER
G1 F3600 E1
G1 F3000 X8.91 Y5.975 E0.04612
G1 X8.542 Y6.495 E0.03178
G1 X7.895 Y7.27 E0.05037
G1 X7.228 Y7.931 E0.04685
G1 X6.513 Y8.532 E0.0466
G1 X5.965 Y8.916 E0.03338
G1 X5.317 Y9.319 E0.03807
G1 X4.617 Y9.685 E0.03941
G1 X3.997 Y9.961 E0.03386
G1 X3.288 Y10.213 E0.03754
G1 X2.612 Y10.409 E0.03511
G1 X2 Y10.543 E0.03126
G1 X1.309 Y10.65 E0.03488
G1 X0.677 Y10.71 E0.03167
G1 X-0.02 Y10.732 E0.03479
G1 X-.677 Y10.71 E0.0328
G1 X-1.309 Y10.65 E0.03167
G1 X-1.944 Y10.554 E0.03204
G1 X-2.609 Y10.406 E0.03399
G1 X-3.284 Y10.214 E0.03501
G1 X-3.997 Y9.961 E0.03774
G1 X-4.618 Y9.684 E0.03392
G1 X-5.315 Y9.32 E0.03923
G1 X-5.939 Y8.935 E0.03658
G1 X-6.493 Y8.548 E0.03372
G1 X-7.234 Y7.924 E0.04833
G1 X-7.896 Y7.267 E0.04653
G1 X-8.428 Y6.635 E0.04121
G1 X-8.894 Y5.998 E0.03938
G1 X-9.4 Y5.188 E0.04765
G1 X-9.4 Y14.023 E0.44078
G1 X-7.987 Y14.374 E0.07264
G1 X-6.72 Y14.637 E0.06456
G1 X-6.112 Y14.745 E0.03081
G1 X-4.866 Y14.941 E0.06293
G1 X-3.688 Y15.078 E0.05917
G1 X-2.42 Y15.182 E0.06347
G1 X-1.224 Y15.244 E0.05975
G1 X-.59 Y15.259 E0.03164
G1 X0.483 Y15.264 E0.05353
G1 X1.671 Y15.227 E0.0593
G1 X2.5 Y15.177 E0.04143
G1 X3.321 Y15.113 E0.04108
G1 X4.571 Y14.98 E0.06271
G1 X5.704 Y14.811 E0.05715
G1 X6.682 Y14.642 E0.04952
G1 X7.949 Y14.382 E0.06453
G1 X9.4 Y14.023 E0.07457
G1 X9.4 Y5.191 E0.44063
G1 F3600 E-1
G0 F12000 X9.8 Y3.25
;TYPE:WALL-OUTER
G1 F3600 E1
G1 F1200 X9.592 Y3.837 E0.03107
G1 X9.302 Y4.493 E0.03578
G1 X8.99 Y5.093 E0.03374
G1 X8.584 Y5.744 E0.03828
G1 X8.216 Y6.264 E0.03178
G1 X7.626 Y6.972 E0.04598
G1 X6.97 Y7.625 E0.04618
G1 X6.298 Y8.193 E0.0439
G1 X5.726 Y8.595 E0.03488
G1 X5.093 Y8.986 E0.03712
G1 X4.454 Y9.319 E0.03595
G1 X3.819 Y9.601 E0.03466
G1 X3.176 Y9.829 E0.03404
G1 X2.487 Y10.028 E0.03578
G1 X1.903 Y10.154 E0.02981
G1 X1.271 Y10.252 E0.03191
G1 X0.639 Y10.312 E0.03167
G1 X-0.007 Y10.332 E0.03224
G1 X-.639 Y10.312 E0.03155
G1 X-1.283 Y10.25 E0.03228
G1 X-1.916 Y10.152 E0.03196
G1 X-2.499 Y10.021 E0.02981
G1 X-3.187 Y9.825 E0.03569
G1 X-3.834 Y9.595 E0.03426
G1 X-4.465 Y9.314 E0.03446
G1 X-5.105 Y8.979 E0.03604
G1 X-5.739 Y8.588 E0.03716
G1 X-6.277 Y8.209 E0.03283
G1 X-6.953 Y7.639 E0.04411
G1 X-7.59 Y7.009 E0.0447
G1 X-8.13 Y6.366 E0.04189
G1 X-8.578 Y5.75 E0.038
G1 X-8.998 Y5.077 E0.03958
G1 X-9.302 Y4.493 E0.03285
G1 X-9.597 Y3.823 E0.03652
G1 X-9.8 Y3.25 E0.03033
G1 X-9.8 Y14.33 E0.55278
G1 X-9.259 Y14.475 E0.02794
G1 X-8.04 Y14.772 E0.0626
G1 X-6.791 Y15.031 E0.06364
G1 X-6.174 Y15.14 E0.03126
G1 X-4.92 Y15.337 E0.06333
G1 X-3.728 Y15.476 E0.05987
G1 X-2.482 Y15.58 E0.06238
G1 X-1.24 Y15.644 E0.06205
G1 X-.592 Y15.659 E0.03234
G1 X0.489 Y15.664 E0.05393
G1 X1.694 Y15.626 E0.06015
G1 X2.531 Y15.576 E0.04183
G1 X3.363 Y15.511 E0.04164
G1 X4.358 Y15.405 E0.04992
G1 X4.857 Y15.342 E0.02509
G1 X5.772 Y15.205 E0.04616
G1 X6.762 Y15.034 E0.05012
G1 X8.036 Y14.772 E0.06489
G1 X9.242 Y14.48 E0.06191
G1 X9.8 Y14.33 E0.02883
G1 X9.8 Y3.25 E0.55278
G0 F12000 X9.592 Y3.837
G0 X9.521 Y3.998
G1 F3600 E-1
G0 F12000 X-9.914 Y2.476
G1 F3600 E1
G1 F2823.5 X-9.915 Y2.47 E0.00013
G1 F3600 E-1
G0 F12000 X8.996 Y6.548
;TYPE:SKIN
G1 F3600 E1
G1 F2191.8 X8.816 Y6.782 E0.01613
G1 F2237.8 X8.053 Y7.686 E0.0633
G1 F2222.2 X7.365 Y8.332 E0.05085
G1 F2232.6 X6.754 Y8.839 E0.04258
G1 F2222.2 X6.143 Y9.274 E0.04041
G1 F2212 X5.502 Y9.665 E0.04064
G1 F2237.8 X4.843 Y10.012 E0.03985
G1 F2243 X3.912 Y10.42 E0.05426
G1 F2232.6 X2.82 Y10.767 E0.06145
G1 F2237.8 X2.073 Y10.926 E0.04087
G1 F2232.6 X1.251 Y11.053 E0.04461
G1 F2217.1 X0.608 Y11.109 E0.03486
G1 F2232.6 X-0.018 Y11.126 E0.03359
G1 X-.608 Y11.108 E0.03166
G1 F2212 X-1.219 Y11.055 E0.0332
G1 F2206.9 X-1.844 Y10.966 E0.03425
G1 X-2.452 Y10.847 E0.03361
G1 F2196.8 X-3.072 Y10.685 E0.03493
G1 F2212 X-3.911 Y10.423 E0.04758
G1 F2222.2 X-4.913 Y9.978 E0.05907
G1 F2217.1 X-5.528 Y9.652 E0.03759
G1 F2206.9 X-6.238 Y9.211 E0.04535
G1 F2237.8 X-6.793 Y8.809 E0.03667
G1 F2253.5 X-7.511 Y8.201 E0.04999
G1 F2237.8 X-8.182 Y7.536 E0.05055
G1 X-8.738 Y6.875 E0.04622
G1 F2176.9 X-8.993 Y6.543 E0.02303
G1 F3600 E-1
G0 F12000 X-7.36 Y13.263
G1 F3600 E1
G1 F2400 X-7.322 Y13.095 E0.00859
G1 X-7.396 Y12.97 E0.00725
G1 X-8.482 Y12.271 E0.06443
G1 X-9.02 Y11.871 E0.03345
G1 X-9.02 Y7.154 E0.23533
G1 X-8.632 Y7.631 E0.03068
G1 X-8.143 Y8.157 E0.03583
G1 X-7.636 Y8.624 E0.03439
G1 X-6.999 Y9.143 E0.04099
G1 X-6.463 Y9.538 E0.03322
G1 X-5.729 Y9.991 E0.04303
G1 X-5.091 Y10.333 E0.03611
G1 X-4.455 Y10.623 E0.03487
G1 X-3.825 Y10.867 E0.03371
G1 X-3.181 Y11.071 E0.0337
G1 X-2.546 Y11.234 E0.03271
G1 X-1.915 Y11.357 E0.03207
G1 X-1.277 Y11.45 E0.03217
G1 X-.641 Y11.504 E0.03184
G1 X-0.006 Y11.52 E0.03169
G1 X0.626 Y11.504 E0.03154
G1 X1.293 Y11.448 E0.03339
G1 X1.906 Y11.358 E0.03091
G1 X2.535 Y11.237 E0.03196
G1 X3.17 Y11.074 E0.03271
G1 X3.809 Y10.871 E0.03345
G1 X4.449 Y10.623 E0.03424
G1 X5.083 Y10.335 E0.03474
G1 X5.714 Y10.001 E0.03562
G1 X6.357 Y9.607 E0.03762
G1 X6.993 Y9.151 E0.03904
G1 X7.627 Y8.631 E0.04091
G1 X8.153 Y8.143 E0.0358
G1 X8.623 Y7.641 E0.03431
G1 X9.02 Y7.152 E0.03142
G1 X9.02 Y11.874 E0.23558
G1 X8.486 Y12.263 E0.03296
G1 X7.401 Y12.969 E0.06458
G1 X7.334 Y13.063 E0.00576
G1 X7.357 Y13.252 E0.0095
G1 F2046.9 X7.599 Y13.444 E0.01807
G1 F1787.7 X8.953 Y13.128 E0.09312
G1 F1791 X8.953 Y13.674 E0.0365
G1 F1787.7 X7.72 Y13.968 E0.0849
G1 F2042.6 X6.826 Y14.222 E0.05448
G1 F2400 X5.633 Y14.434 E0.06045
G1 X4.535 Y14.6 E0.0554
G1 X3.304 Y14.731 E0.06176
G1 X2.486 Y14.795 E0.04093
G1 X1.651 Y14.845 E0.04173
G1 X0.477 Y14.884 E0.0586
G1 X-1.208 Y14.864 E0.08407
G1 X-2.426 Y14.8 E0.06085
G1 X-3.626 Y14.698 E0.06008
G1 X-4.761 Y14.573 E0.05697
G1 X-6.032 Y14.373 E0.06419
G1 X-6.863 Y14.217 E0.04218
G1 F2042.6 X-7.617 Y13.988 E0.04619
G1 F1781.1 X-7.88 Y13.934 E0.01805
G1 F1791 X-8.953 Y13.674 E0.07381
G1 F1797.8 X-8.954 Y13.128 E0.03637
G1 F1784.4 X-7.553 Y13.454 E0.09652
G1 F2042.6 X-7.36 Y13.263 E0.01592
G1 F3600 E-1
G0 F12000 X-8.562 Y7.997
G1 F3600 E1
G1 F2400 X-8.82 Y8.254 E0.01817
G0 F12000 X-8.29 Y8.29
G1 F2400 X-8.82 Y8.82 E0.03739
G0 F12000 X-8.82 Y9.385
G1 F2400 X-7.997 Y8.562 E0.05807
G0 F12000 X-7.699 Y8.83
G1 F2400 X-8.82 Y9.951 E0.07909
G0 F12000 X-8.82 Y10.517
G1 F2400 X-7.387 Y9.084 E0.10111
G0 F12000 X-7.073 Y9.336
G1 F2400 X-8.82 Y11.082 E0.12323
G0 F12000 X-8.82 Y11.648
G1 F2400 X-6.747 Y9.576 E0.14623
G0 F12000 X-6.41 Y9.804
G1 F2400 X-8.566 Y11.96 E0.15212
G0 F12000 X-8.234 Y12.193
G1 F2400 X-6.061 Y10.02 E0.15332
G0 F12000 X-5.704 Y10.23
G1 F2400 X-7.889 Y12.415 E0.15416
G0 F12000 X-7.546 Y12.637
G1 F2400 X-5.337 Y10.428 E0.15586
G0 F12000 X-4.957 Y10.614
G1 F2400 X-7.216 Y12.873 E0.15938
G1 X-7.286 Y12.943
G0 F12000 X-7.519 Y13.742
G1 F2400 X-4.568 Y10.79 E0.20824
G0 F12000 X-4.162 Y10.95
G1 F2400 X-7.116 Y13.904 E0.20842
G0 F12000 X-6.692 Y14.046
G1 F2400 X-3.747 Y11.101 E0.20779
G0 F12000 X-3.318 Y11.237
G1 F2400 X-6.216 Y14.136 E0.2045
G0 F12000 X-5.733 Y14.219
G1 F2400 X-2.871 Y11.356 E0.20196
G0 F12000 X-2.412 Y11.463
G1 F2400 X-5.244 Y14.295 E0.19981
G0 F12000 X-4.755 Y14.372
G1 F2400 X-1.938 Y11.555 E0.19875
G0 F12000 X-1.445 Y11.627
G1 F2400 X-4.246 Y14.429 E0.19766
G0 F12000 X-3.737 Y14.485
G1 F2400 X-.932 Y11.68 E0.19791
G0 F12000 X-.396 Y11.71
G1 F2400 X-3.218 Y14.532 E0.19911
G0 F12000 X-2.697 Y14.576
G1 F2400 X0.164 Y11.715 E0.20186
G0 F12000 X0.752 Y11.693
G1 F2400 X-2.168 Y14.613 E0.20602
G0 F12000 X-1.631 Y14.641
G1 F2400 X1.372 Y11.639 E0.21184
G0 F12000 X2.041 Y11.536
G1 F2400 X-1.089 Y14.665 E0.2208
G0 F12000 X-.53 Y14.672
G1 F2400 X2.756 Y11.387 E0.23181
G1 X2.826 Y11.317
G0 F12000 X3.543 Y11.165
G1 F2400 X0.029 Y14.679 E0.24793
G0 F12000 X0.593 Y14.68
G1 F2400 X4.429 Y10.844 E0.27065
G1 X4.499 Y10.774
G0 F12000 X5.496 Y10.343
G1 F2400 X1.179 Y14.66 E0.30459
G0 F12000 X1.766 Y14.639
G1 F2400 X7.049 Y9.356 E0.37274
G1 X7.119 Y9.286
G0 F12000 X8.82 Y9.282
G1 F2400 X3.603 Y14.499 E0.36809
G0 F12000 X2.98 Y14.556
G1 F2400 X8.82 Y8.717 E0.41201
G0 F12000 X8.82 Y8.151
G1 F2400 X2.368 Y14.602 E0.45519
G1 X2.298 Y14.672
G0 F12000 X4.236 Y14.431
G1 F2400 X8.82 Y9.848 E0.32339
G0 F12000 X8.82 Y10.414
G1 F2400 X4.889 Y14.344 E0.27732
G0 F12000 X5.554 Y14.245
G1 F2400 X8.82 Y10.979 E0.23043
G0 F12000 X8.82 Y11.545
G1 F2400 X8.07 Y12.294 E0.05288
G1 X8 Y12.364
G0 F12000 X7.137 Y13.228
G1 F2400 X6.236 Y14.129 E0.06357
G0 F12000 X6.972 Y13.958
G1 F2400 X7.232 Y13.698 E0.01834
G1 X7.233 Y13.697
G1 X7.413 Y13.517 E0.0127
G1 F3600 E-1
;MESH:NONMESH
G0 F12000 X6.824 Y-14.596
;TIME_ELAPSED:747.825741
;LAYER:54
;MESH:overhang.stl
G0 X6.824 Y-14.596 Z16.5
;TYPE:FILL
G1 F3600 E1
G1 F9600 X9.04 Y-15.19 E0.11446
G1 X9.04 Y-13.64 E0.07733
G1 X8.794 Y-13.507 E0.01395
G1 X7.957 Y-14.015 E0.04885
G1 X7.327 Y-14.353 E0.03567
G1 X6.641 Y-14.685 E0.03802
G1 X6.094 Y-14.916 E0.02962
G1 X6.094 Y-14.924 E0.0004
G1 X5.336 Y-15.208 E0.04038
G1 X4.494 Y-15.485 E0.04422
G1 X5.444 Y-19.032 E0.1832
G1 X-6.979 Y-19.033 E0.61979
G1 X-8.384 Y-13.788 E0.2709
G1 X-7.312 Y-14.359 E0.0606
G1 X-6.645 Y-14.684 E0.03702
G1 X-6.092 Y-14.917 E0.02994
G1 X-5.322 Y-15.214 E0.04117
G1 X-4.411 Y-15.508 E0.04776
G1 X-3.326 Y-15.768 E0.05566
G1 X-2.418 Y-15.945 E0.04615
G1 X-1.308 Y-16.062 E0.05568
G1 X-.678 Y-16.1 E0.03149
G1 X0.376 Y-16.123 E0.0526
G1 X-2.532 Y-19.032 E0.20521
G1 X-2.602 Y-19.102
G1 F3600 E-1
G0 F12000 X-2.602 Y-19.092
G0 X8.592 Y-8.614
G0 X9.166 Y-7.975
G0 X9.4 Y-7.321
;TYPE:WALL-INNER
G1 F3600 E1
G1 F3000 X9.4 Y-19.392 E0.60222
G1 X-9.4 Y-19.392 E0.93794
G1 X-9.4 Y-7.322 E0.60217
G1 X-8.928 Y-7.893 E0.03696
G1 X-8.464 Y-8.401 E0.03433
G1 X-7.881 Y-8.94 E0.03961
G1 X-7.227 Y-9.476 E0.04219
G1 X-6.566 Y-9.948 E0.04052
G1 X-5.901 Y-10.355 E0.0389
G1 X-5.249 Y-10.699 E0.03678
G1 X-4.625 Y-10.983 E0.0342
G1 X-3.921 Y-11.258 E0.03771
G1 X-3.273 Y-11.457 E0.03382
G1 X-2.649 Y-11.621 E0.03219
G1 X-1.96 Y-11.759 E0.03506
G1 X-1.336 Y-11.847 E0.03144
G1 X-.644 Y-11.904 E0.03464
G1 X0.02 Y-11.924 E0.03314
G1 X0.675 Y-11.902 E0.0327
G1 X1.323 Y-11.847 E0.03245
G1 X1.959 Y-11.759 E0.03203
G1 X2.649 Y-11.621 E0.03511
G1 X3.3 Y-11.449 E0.03359
G1 X3.931 Y-11.251 E0.03299
G1 X4.593 Y-10.996 E0.03539
G1 X5.28 Y-10.686 E0.0376
G1 X5.908 Y-10.35 E0.03553
G1 X6.602 Y-9.924 E0.04063
G1 X7.254 Y-9.456 E0.04004
G1 X7.909 Y-8.917 E0.04232
G1 X8.401 Y-8.461 E0.03347
G1 X8.947 Y-7.871 E0.04011
G1 X9.4 Y-7.321 E0.03555
G0 F12000 X9.166 Y-7.975
G0 X9.57 Y-6.81
G0 X9.8 Y-6.044
;TYPE:WALL-OUTER
G1 F1200 X9.8 Y-19.792 E0.68589
G1 X-9.8 Y-19.792 E0.97785
G1 X-9.799 Y-6.044 E0.68589
G1 X-9.607 Y-6.361 E0.01849
G1 X-9.154 Y-6.992 E0.03875
G1 X-8.632 Y-7.623 E0.04086
G1 X-8.156 Y-8.143 E0.03517
G1 X-7.627 Y-8.631 E0.03591
G1 X-6.993 Y-9.151 E0.04091
G1 X-6.357 Y-9.607 E0.03904
G1 X-5.714 Y-10.001 E0.03762
G1 X-5.083 Y-10.335 E0.03562
G1 X-4.45 Y-10.623 E0.0347
G1 X-3.803 Y-10.876 E0.03466
G1 X-3.171 Y-11.07 E0.03298
G1 X-2.536 Y-11.237 E0.03276
G1 X-1.904 Y-11.363 E0.03215
G1 X-1.269 Y-11.452 E0.03199
G1 X-.631 Y-11.504 E0.03194
G1 X0.007 Y-11.524 E0.03185
G1 X0.641 Y-11.504 E0.03165
G1 X1.268 Y-11.451 E0.03139
G1 X1.916 Y-11.361 E0.03264
G1 X2.547 Y-11.234 E0.03211
G1 X3.18 Y-11.067 E0.03266
G1 X3.817 Y-10.867 E0.03331
G1 X4.459 Y-10.619 E0.03434
G1 X5.091 Y-10.333 E0.03461
G1 X5.729 Y-9.991 E0.03611
G1 X6.369 Y-9.599 E0.03744
G1 X7 Y-9.147 E0.03872
G1 X7.637 Y-8.623 E0.04115
G1 X8.129 Y-8.167 E0.03347
G1 X8.639 Y-7.616 E0.03746
G1 X9.159 Y-6.985 E0.04079
G1 X9.607 Y-6.361 E0.03832
G1 X9.8 Y-6.044 E0.01852
G0 F12000 X9.8 Y-6.844
G1 F3600 E-1
G0 F12000 X9.546 Y-6.876
G0 X8.308 Y-8.331
G0 X7.143 Y-9.339
G0 X5.843 Y-10.207
G0 X4.545 Y-10.846
G0 X3.245 Y-11.302
G0 X1.286 Y-11.691
G0 X-.649 Y-11.744
G0 X-1.948 Y-11.598
G0 X-3.895 Y-11.099
G0 X-5.194 Y-10.551
G0 X-9.062 Y-8.242
;TYPE:SKIN
G1 F3600 E1
G1 F3057.3 X-8.667 Y-8.669 E0.02278
G1 F3028.4 X-8.027 Y-9.259 E0.03442
G1 F3000 X-7.429 Y-9.747 E0.03081
G1 F3028.4 X-6.796 Y-10.197 E0.03071
G1 F3018.9 X-6.179 Y-10.582 E0.02885
G1 F2981.4 X-5.563 Y-10.916 E0.02814
G1 X-4.943 Y-11.21 E0.02756
G1 F2990.7 X-4.351 Y-11.454 E0.02564
G1 F3000 X-3.881 Y-11.63 E0.02003
G1 X-3.092 Y-11.855 E0.03275
G1 X-2.233 Y-12.056 E0.03521
G1 F3057.3 X-1.337 Y-12.183 E0.03544
G1 X-.697 Y-12.237 E0.02515
G1 F3067.1 X0.00 Y-12.26 E0.02723
G1 X0.612 Y-12.242 E0.0239
G1 F3038 X1.232 Y-12.194 E0.02451
G1 F3057.3 X1.935 Y-12.105 E0.02775
G1 F3038 X2.909 Y-11.907 E0.03917
G1 F3028.4 X3.898 Y-11.624 E0.04067
G1 F3018.9 X4.939 Y-11.212 E0.0444
G1 X5.433 Y-10.983 E0.0216
G1 F3028.4 X6.175 Y-10.582 E0.03335
G1 F3018.9 X6.796 Y-10.197 E0.02898
G1 F3047.6 X7.46 Y-9.72 E0.03212
G1 F3009.4 X8.022 Y-9.262 E0.02885
G1 F3038 X8.624 Y-8.709 E0.03222
G1 F3076.9 X9.062 Y-8.241 E0.02494
G0 F12000 X9.02 Y-8.802
G1 F2400 X8.257 Y-9.511 E0.05196
G1 X7.622 Y-10.024 E0.04073
G1 X6.992 Y-10.472 E0.03857
G1 X6.355 Y-10.874 E0.03758
G1 X5.716 Y-11.22 E0.03625
G1 X5.075 Y-11.525 E0.03542
G1 X4.452 Y-11.778 E0.03355
G1 X3.819 Y-12.001 E0.03348
G1 X3.176 Y-12.188 E0.03341
G1 X2.578 Y-12.325 E0.03061
G1 X1.946 Y-12.445 E0.03209
G1 X1.278 Y-12.531 E0.0336
G1 X0.636 Y-12.58 E0.03212
G1 X0.00 Y-12.597 E0.03174
G1 X-.626 Y-12.58 E0.03124
G1 X-1.268 Y-12.532 E0.03212
G1 X-1.935 Y-12.443 E0.03357
G1 X-2.536 Y-12.333 E0.03048
G1 X-3.111 Y-12.208 E0.02936
G1 X-3.804 Y-12.009 E0.03597
G1 X-4.444 Y-11.781 E0.0339
G1 X-5.072 Y-11.526 E0.03382
G1 X-5.71 Y-11.225 E0.03519
G1 X-6.349 Y-10.876 E0.03632
G1 X-6.983 Y-10.478 E0.03735
G1 X-7.612 Y-10.036 E0.03835
G1 X-8.254 Y-9.516 E0.04122
G1 X-9.02 Y-8.801 E0.05228
G1 X-9.02 Y-12.94 E0.2065
G1 X-8.47 Y-13.303 E0.03288
G1 X-7.816 Y-13.702 E0.03822
G1 X-7.173 Y-14.045 E0.03636
G1 X-6.501 Y-14.373 E0.03731
G1 X-5.803 Y-14.663 E0.03771
G1 X-5.201 Y-14.895 E0.03219
G1 X-4.59 Y-15.092 E0.03203
G1 X-3.918 Y-15.276 E0.03476
G1 X-3.262 Y-15.432 E0.03364
G1 X-2.632 Y-15.552 E0.032
G1 X-1.98 Y-15.649 E0.03289
G1 X-1.256 Y-15.723 E0.03631
G1 X-.655 Y-15.76 E0.03004
G1 X-0.074 Y-15.771 E0.02899
G1 X0.651 Y-15.76 E0.03617
G1 X1.287 Y-15.72 E0.03179
G1 X1.926 Y-15.652 E0.03206
G1 X2.599 Y-15.558 E0.0339
G1 X3.258 Y-15.432 E0.03347
G1 X3.902 Y-15.282 E0.03299
G1 X4.574 Y-15.092 E0.03484
G1 X5.214 Y-14.886 E0.03354
G1 X5.849 Y-14.65 E0.0338
G1 X6.497 Y-14.373 E0.03516
G1 X7.161 Y-14.053 E0.03677
G1 X7.776 Y-13.726 E0.03475
G1 X8.508 Y-13.279 E0.04279
G1 X9.02 Y-12.937 E0.03072
G1 X9.02 Y-8.802 E0.2063
G1 F3600 E-1
G0 F12000 X8.82 Y-12.676
G1 F3600 E1
G1 F2400 X8.363 Y-13.133 E0.03224
G0 F12000 X8.82 Y-12.11
G1 F2400 X7.043 Y-13.888 E0.12541
G1 X6.973 Y-13.958
G0 F12000 X5.995 Y-14.37
G1 F2400 X8.82 Y-11.544 E0.19935
G0 F12000 X8.82 Y-10.979
G1 F2400 X5.081 Y-14.718 E0.26381
G1 X5.011 Y-14.788
G0 F12000 X4.261 Y-14.972
G1 F2400 X8.82 Y-10.413 E0.32166
G0 F12000 X8.82 Y-9.847
G1 F2400 X3.498 Y-15.17 E0.37553
G0 F12000 X2.783 Y-15.319
G1 F2400 X8.82 Y-9.281 E0.42598
G1 X8.89 Y-9.211
G0 F12000 X6.546 Y-10.99
G1 F2400 X2.113 Y-15.423 E0.31277
G0 F12000 X1.471 Y-15.499
G1 F2400 X5.359 Y-11.611 E0.27432
G1 X5.429 Y-11.541
G0 F12000 X4.394 Y-12.011
G1 F2400 X0.858 Y-15.546 E0.24945
G0 F12000 X0.274 Y-15.566
G1 F2400 X3.552 Y-12.287 E0.23132
G0 F12000 X2.792 Y-12.481
G1 F2400 X-.293 Y-15.566 E0.21766
G0 F12000 X-.839 Y-15.547
G1 F2400 X2.085 Y-12.623 E0.2063
G0 F12000 X1.428 Y-12.714
G1 F2400 X-1.369 Y-15.511 E0.19734
G0 F12000 X-1.882 Y-15.458
G1 F2400 X0.808 Y-12.768 E0.18979
G0 F12000 X0.219 Y-12.792
G1 F2400 X-2.377 Y-15.387 E0.18313
G0 F12000 X-2.86 Y-15.305
G1 F2400 X-.344 Y-12.789 E0.17752
G0 F12000 X-.883 Y-12.763
G1 F2400 X-3.33 Y-15.21 E0.17265
G0 F12000 X-3.787 Y-15.101
G1 F2400 X-1.401 Y-12.715 E0.16835
G0 F12000 X-1.901 Y-12.649
G1 F2400 X-4.233 Y-14.981 E0.16454
G0 F12000 X-4.673 Y-14.855
G1 F2400 X-2.382 Y-12.565 E0.16161
G0 F12000 X-2.852 Y-12.469
G1 F2400 X-5.101 Y-14.718 E0.15868
G0 F12000 X-5.51 Y-14.561
G1 F2400 X-3.308 Y-12.359 E0.15536
G0 F12000 X-3.748 Y-12.233
G1 F2400 X-5.914 Y-14.4 E0.15286
G0 F12000 X-6.314 Y-14.234
G1 F2400 X-4.171 Y-12.091 E0.1512
G0 F12000 X-4.586 Y-11.939
G1 F2400 X-6.699 Y-14.053 E0.14912
G0 F12000 X-7.08 Y-13.868
G1 F2400 X-4.987 Y-11.775 E0.14767
G0 F12000 X-5.38 Y-11.602
G1 F2400 X-7.448 Y-13.67 E0.14591
G0 F12000 X-7.812 Y-13.469
G1 F2400 X-5.764 Y-11.421 E0.1445
G0 F12000 X-6.132 Y-11.223
G1 F2400 X-8.164 Y-13.255 E0.14337
G0 F12000 X-8.511 Y-13.036
G1 F2400 X-6.495 Y-11.021 E0.1422
G0 F12000 X-6.843 Y-10.802
G1 F2400 X-8.82 Y-12.78 E0.13952
G0 F12000 X-8.82 Y-12.214
G1 F2400 X-7.186 Y-10.58 E0.11529
G0 F12000 X-7.519 Y-10.347
G1 F2400 X-8.82 Y-11.648 E0.09179
G0 F12000 X-8.82 Y-11.082
G1 F2400 X-7.843 Y-10.106 E0.0689
G0 F12000 X-8.156 Y-9.853
G1 F2400 X-8.82 Y-10.517 E0.04685
G0 F12000 X-8.82 Y-9.951
G1 F2400 X-8.464 Y-9.595 E0.02512
G0 F12000 X-8.756 Y-9.322
G1 F2400 X-8.82 Y-9.385 E0.00448
G0 F12000 X-8.8 Y-9.385
G1 F3600 E-1
G0 F12000 X9.4 Y7.318
;TYPE:WALL-INNER
G1 F3600 E1
G1 F3000 X8.914 Y7.914 E0.03837
G1 X8.425 Y8.436 E0.03568
G1 X7.909 Y8.916 E0.03516
G1 X7.227 Y9.476 E0.04403
G1 X6.566 Y9.948 E0.04052
G1 X5.934 Y10.336 E0.037
G1 X5.249 Y10.698 E0.03865
G1 X4.594 Y10.996 E0.0359
G1 X3.966 Y11.24 E0.03361
G1 X3.269 Y11.462 E0.03649
G1 X2.611 Y11.63 E0.03388
G1 X1.963 Y11.754 E0.03292
G1 X1.364 Y11.842 E0.03021
G1 X0.636 Y11.904 E0.03645
G1 X-0.016 Y11.92 E0.03254
G1 X-.674 Y11.903 E0.03284
G1 X-1.335 Y11.846 E0.0331
G1 X-1.991 Y11.749 E0.03308
G1 X-2.61 Y11.63 E0.03145
G1 X-3.27 Y11.462 E0.03398
G1 X-3.941 Y11.25 E0.03511
G1 X-4.621 Y10.987 E0.03637
G1 X-5.245 Y10.703 E0.0342
G1 X-5.908 Y10.349 E0.0375
G1 X-6.7 Y9.86 E0.04644
G1 X-7.252 Y9.454 E0.03419
G1 X-7.907 Y8.918 E0.04222
G1 X-8.436 Y8.429 E0.03594
G1 X-8.916 Y7.913 E0.03516
G1 X-9.4 Y7.321 E0.03815
G1 X-9.399 Y14.368 E0.35158
G1 X-8.59 Y14.58 E0.04172
G1 X-7.948 Y14.731 E0.0329
G1 X-6.73 Y14.979 E0.06201
G1 X-5.965 Y15.116 E0.03877
G1 X-4.868 Y15.285 E0.05538
G1 X-3.661 Y15.421 E0.0606
G1 X-2.435 Y15.522 E0.06137
G1 X-1.815 Y15.561 E0.03099
G1 X-.664 Y15.6 E0.05746
G1 X0.534 Y15.604 E0.05977
G1 X1.875 Y15.558 E0.06694
G1 X3.069 Y15.474 E0.05972
G1 X4.335 Y15.348 E0.06347
G1 X5.28 Y15.222 E0.04756
G1 X6.72 Y14.984 E0.07282
G1 X7.588 Y14.808 E0.04419
G1 X8.433 Y14.62 E0.04319
G1 X9.4 Y14.375 E0.04977
G1 X9.4 Y7.318 E0.35208
G0 F12000 X9.167 Y7.978
G0 X9.57 Y6.811
G0 X9.8 Y6.037
;TYPE:WALL-OUTER
G1 F1200 X9.547 Y6.446 E0.02399
G1 X9.144 Y6.998 E0.0341
G1 X8.622 Y7.641 E0.04132
G1 X8.153 Y8.143 E0.03427
G1 X7.627 Y8.631 E0.0358
G1 X6.993 Y9.151 E0.04091
G1 X6.357 Y9.607 E0.03904
G1 X5.714 Y10.001 E0.03762
G1 X5.083 Y10.334 E0.0356
G1 X4.449 Y10.623 E0.03476
G1 X3.809 Y10.871 E0.03424
G1 X3.17 Y11.074 E0.03345
G1 X2.535 Y11.237 E0.03271
G1 X1.905 Y11.358 E0.03201
G1 X1.294 Y11.448 E0.03081
G1 X0.626 Y11.504 E0.03344
G1 X-0.006 Y11.52 E0.03154
G1 X-.641 Y11.504 E0.03169
G1 X-1.277 Y11.45 E0.03184
G1 X-1.915 Y11.357 E0.03217
G1 X-2.546 Y11.234 E0.03207
G1 X-3.181 Y11.071 E0.03271
G1 X-3.825 Y10.867 E0.0337
G1 X-4.455 Y10.623 E0.03371
G1 X-5.091 Y10.333 E0.03487
G1 X-5.729 Y9.991 E0.03611
G1 X-6.463 Y9.538 E0.04303
G1 X-6.999 Y9.144 E0.03319
G1 X-7.636 Y8.624 E0.04102
G1 X-8.143 Y8.157 E0.03439
G1 X-8.631 Y7.631 E0.0358
G1 X-9.155 Y6.99 E0.04131
G1 X-9.546 Y6.447 E0.03338
G1 X-9.799 Y6.039 E0.02395
G1 X-9.799 Y14.677 E0.43095
G1 X-8.682 Y14.969 E0.0576
G1 X-8.028 Y15.123 E0.03352
G1 X-6.8 Y15.373 E0.06252
G1 X-6.031 Y15.51 E0.03897
G1 X-4.921 Y15.681 E0.05603
G1 X-3.694 Y15.819 E0.0616
G1 X-2.461 Y15.921 E0.06172
G1 X-1.862 Y15.96 E0.02995
G1 X-.7 Y16 E0.05801
G1 X0.54 Y16.004 E0.06186
G1 X1.861 Y15.96 E0.06594
G1 X3.135 Y15.869 E0.06372
G1 X4.349 Y15.749 E0.06086
G1 X5.343 Y15.617 E0.05003
G1 X6.799 Y15.376 E0.07363
G1 X7.675 Y15.198 E0.0446
G1 X8.53 Y15.008 E0.0437
G1 X9.8 Y14.682 E0.06541
G1 X9.8 Y6.037 E0.4313
G0 F12000 X9.547 Y6.446
G0 X9.359 Y6.703
G1 F3600 E-1
G0 F12000 X9.55 Y6.88
G0 X8.327 Y8.312
G0 X7.143 Y9.339
G0 X5.843 Y10.206
G0 X4.545 Y10.845
G0 X3.245 Y11.304
G0 X1.326 Y11.686
G0 X-.649 Y11.744
G0 X-2.596 Y11.469
G0 X-3.896 Y11.096
G0 X-5.194 Y10.55
G0 X-9.062 Y8.245
;TYPE:SKIN
G1 F3600 E1
G1 F3076.9 X-8.637 Y8.697 E0.02414
G1 F3047.6 X-8.026 Y9.258 E0.03259
G1 F3018.9 X-7.468 Y9.713 E0.02856
G1 F3067.1 X-6.834 Y10.173 E0.03058
G1 F3047.6 X-6.18 Y10.579 E0.03024
G1 F3000 X-5.563 Y10.917 E0.02808
G1 F3038 X-4.761 Y11.289 E0.03484
G1 F3067.1 X-3.881 Y11.629 E0.03683
G1 F3038 X-2.907 Y11.911 E0.03997
G1 F3047.6 X-2.058 Y12.078 E0.034
G1 F3067.1 X-1.334 Y12.182 E0.02855
G1 F3047.6 X-.612 Y12.241 E0.02846
G1 X-0.025 Y12.256 E0.02307
G1 X0.616 Y12.241 E0.02519
G1 F3028.4 X1.232 Y12.191 E0.02444
G1 F3018.9 X1.804 Y12.118 E0.02287
G1 X2.863 Y11.922 E0.04272
G1 F3038 X3.866 Y11.633 E0.04114
G1 F3047.6 X4.712 Y11.31 E0.03558
G1 F3018.9 X5.562 Y10.916 E0.03716
G1 F3028.4 X6.06 Y10.649 E0.02234
G1 F3086.8 X6.742 Y10.233 E0.03099
G1 F3067.1 X7.417 Y9.754 E0.03231
G1 F3028.4 X8.027 Y9.259 E0.03106
G1 X8.653 Y8.681 E0.03369
G1 F3057.3 X9.063 Y8.242 E0.02353
G0 F12000 X9.02 Y8.801
G1 F2400 X9.02 Y14.079 E0.26332
G1 X8.351 Y14.246 E0.0344
G1 X7.546 Y14.427 E0.04116
G1 X6.644 Y14.611 E0.04593
G1 X5.229 Y14.841 E0.07152
G1 X4.28 Y14.97 E0.04778
G1 X3.079 Y15.09 E0.06022
G1 X1.87 Y15.175 E0.06047
G1 X0.524 Y15.224 E0.0672
G1 X-.636 Y15.219 E0.05787
G1 X-1.794 Y15.18 E0.05781
G1 X-3.624 Y15.04 E0.09157
G1 X-4.765 Y14.913 E0.05728
G1 X-5.86 Y14.745 E0.05527
G1 X-6.66 Y14.603 E0.04054
G1 X-7.843 Y14.361 E0.06024
G1 X-9.015 Y14.073 E0.06021
G1 X-9.012 Y13.174 E0.04485
G1 X-8.987 Y13.027 E0.00744
G1 X-9.016 Y12.985 E0.00255
G1 X-9.019 Y8.801 E0.20874
G1 X-8.265 Y9.506 E0.0515
G1 X-7.622 Y10.024 E0.04119
G1 X-6.992 Y10.472 E0.03857
G1 X-6.359 Y10.87 E0.0373
G1 X-5.72 Y11.216 E0.03625
G1 X-5.083 Y11.521 E0.03524
G1 X-4.452 Y11.778 E0.03399
G1 X-3.819 Y12.001 E0.03348
G1 X-3.175 Y12.185 E0.03341
G1 X-2.546 Y12.331 E0.03222
G1 X-1.944 Y12.441 E0.03053
G1 X-1.278 Y12.527 E0.0335
G1 X-.637 Y12.58 E0.03209
G1 X-0.004 Y12.592 E0.03159
G1 X0.624 Y12.58 E0.03134
G1 X1.269 Y12.528 E0.03228
G1 X1.935 Y12.439 E0.03352
G1 X2.535 Y12.333 E0.0304
G1 X3.111 Y12.208 E0.02941
G1 X3.804 Y12.009 E0.03597
G1 X4.444 Y11.781 E0.0339
G1 X5.072 Y11.526 E0.03382
G1 X5.711 Y11.221 E0.03533
G1 X6.348 Y10.876 E0.03614
G1 X6.983 Y10.478 E0.03739
G1 X7.612 Y10.032 E0.03847
G1 X8.254 Y9.516 E0.04109
G1 X9.02 Y8.801 E0.05228
G0 F12000 X8.756 Y9.322
G1 F2400 X8.82 Y9.386 E0.00452
G0 F12000 X8.464 Y9.595
G1 F2400 X8.82 Y9.952 E0.02515
G0 F12000 X8.82 Y10.518
G1 F2400 X8.155 Y9.852 E0.04695
G0 F12000 X7.841 Y10.104
G1 F2400 X8.82 Y11.083 E0.06907
G0 F12000 X8.82 Y11.649
G1 F2400 X7.517 Y10.345 E0.09197
G0 F12000 X7.186 Y10.58
G1 F2400 X8.82 Y12.215 E0.11532
G0 F12000 X8.82 Y12.78
G1 F2400 X6.842 Y10.802 E0.13956
G0 F12000 X6.495 Y11.02
G1 F2400 X8.82 Y13.346 E0.16408
G0 F12000 X8.82 Y13.912
G1 F2400 X6.131 Y11.222 E0.18976
G0 F12000 X5.762 Y11.419
G1 F2400 X8.377 Y14.034 E0.1845
G0 F12000 X7.917 Y14.139
G1 F2400 X5.379 Y11.602 E0.17903
G0 F12000 X4.987 Y11.775
G1 F2400 X7.454 Y14.242 E0.17406
G0 F12000 X6.983 Y14.337
G1 F2400 X4.586 Y11.939 E0.16916
G0 F12000 X4.171 Y12.091
G1 F2400 X6.51 Y14.43 E0.16503
G0 F12000 X6.024 Y14.509
G1 F2400 X3.748 Y12.233 E0.16058
G0 F12000 X3.308 Y12.359
G1 F2400 X5.537 Y14.588 E0.15727
G0 F12000 X5.047 Y14.664
G1 F2400 X2.852 Y12.469 E0.15487
G0 F12000 X2.381 Y12.563
G1 F2400 X4.549 Y14.731 E0.15296
G0 F12000 X4.045 Y14.793
G1 F2400 X1.898 Y12.646 E0.15148
G0 F12000 X1.399 Y12.712
G1 F2400 X3.53 Y14.844 E0.15039
G0 F12000 X3.014 Y14.894
G1 F2400 X0.88 Y12.76 E0.15057
G0 F12000 X0.341 Y12.786
G1 F2400 X2.486 Y14.931 E0.15134
G0 F12000 X1.957 Y14.968
G1 F2400 X-.223 Y12.787 E0.15385
G0 F12000 X-.81 Y12.766
G1 F2400 X1.414 Y14.991 E0.15695
G0 F12000 X0.868 Y15.01
G1 F2400 X-1.434 Y12.708 E0.16242
G0 F12000 X-2.09 Y12.618
G1 F2400 X0.315 Y15.022 E0.16965
G0 F12000 X-.253 Y15.02
G1 F2400 X-2.795 Y12.478 E0.17935
G0 F12000 X-3.555 Y12.285
G1 F2400 X-.827 Y15.012 E0.19244
G0 F12000 X-1.413 Y14.992
G1 F2400 X-4.395 Y12.01 E0.2104
G1 X-4.465 Y11.94
G0 F12000 X-5.361 Y11.609
G1 F2400 X-2.008 Y14.962 E0.23657
G0 F12000 X-2.621 Y14.916
G1 F2400 X-6.553 Y10.983 E0.27746
G1 X-6.623 Y10.913
G0 F12000 X-8.818 Y10.981
G1 F2400 X-5.147 Y14.652 E0.25901
G0 F12000 X-4.492 Y14.742
G1 F2400 X-8.818 Y10.415 E0.30526
G0 F12000 X-8.819 Y9.849
G1 F2400 X-3.856 Y14.812 E0.35017
G0 F12000 X-3.234 Y14.868
G1 F2400 X-8.819 Y9.283 E0.39405
G1 X-8.889 Y9.213
G0 F12000 X-8.817 Y11.548
G1 F2400 X-5.816 Y14.549 E0.21174
G0 F12000 X-6.503 Y14.427
G1 F2400 X-8.816 Y12.114 E0.16319
G0 F12000 X-8.816 Y12.681
G1 F2400 X-7.21 Y14.286 E0.11328
G0 F12000 X-7.927 Y14.135
G1 F2400 X-8.816 Y13.246 E0.06272
G0 F12000 X-8.815 Y13.813
G1 F2400 X-8.676 Y13.951 E0.00977
G0 F12000 X-8.674 Y13.944
G1 F3600 E-1
;MESH:NONMESH
G0 F12000 X8.267 Y-14.764
;TIME_ELAPSED:770.786503
;LAYER:55
;MESH:overhang.stl
G0 X8.267 Y-14.764 Z16.8
;TYPE:FILL
G1 F3600 E1
G1 F9600 X9.039 Y-14.971 E0.03988
G1 X9.04 Y-14.595 E0.01876
G1 X8.804 Y-14.465 E0.01344
G1 X7.966 Y-14.932 E0.04786
G1 X7.396 Y-15.22 E0.03186
G1 X7.396 Y-15.229 E0.00045
G1 X6.626 Y-15.573 E0.04207
G1 X5.972 Y-15.838 E0.0352
G1 X5.287 Y-16.078 E0.03621
G1 X4.497 Y-16.315 E0.04115
G1 X5.225 Y-19.032 E0.14033
G1 X-7.198 Y-19.033 E0.61979
G1 X-8.349 Y-14.735 E0.22198
G1 X-7.299 Y-15.273 E0.05886
G1 X-6.627 Y-15.573 E0.03672
G1 X-5.966 Y-15.841 E0.03558
G1 X-5.3 Y-16.075 E0.03522
G1 X-4.647 Y-16.276 E0.03409
G1 X-3.965 Y-16.455 E0.03518
G1 X-3.316 Y-16.601 E0.03319
G1 X-2.416 Y-16.758 E0.04558
G1 X-1.315 Y-16.875 E0.05524
G1 X-.679 Y-16.913 E0.03179
G1 X-.124 Y-16.923 E0.02769
G1 X-2.232 Y-19.032 E0.14877
G1 X-2.302 Y-19.102
G1 F3600 E-1
G0 F12000 X-2.302 Y-19.092
G0 X9.161 Y-9.544
G0 X9.4 Y-8.992
;TYPE:WALL-INNER
G1 F3600 E1
G1 F3000 X9.4 Y-19.392 E0.51886
G1 X-9.4 Y-19.392 E0.93794
G1 X-9.4 Y-8.993 E0.51881
G1 X-8.539 Y-9.799 E0.05884
G1 X-7.842 Y-10.363 E0.04473
G1 X-7.222 Y-10.799 E0.03781
G1 X-6.572 Y-11.209 E0.03834
G1 X-5.913 Y-11.571 E0.03751
G1 X-5.252 Y-11.883 E0.03647
G1 X-4.578 Y-12.158 E0.03632
G1 X-3.95 Y-12.382 E0.03326
G1 X-3.196 Y-12.599 E0.03914
G1 X-2.608 Y-12.727 E0.03002
G1 X-1.988 Y-12.839 E0.03143
G1 X-1.298 Y-12.931 E0.03473
G1 X-.666 Y-12.979 E0.03162
G1 X0.016 Y-12.996 E0.03404
G1 X0.666 Y-12.979 E0.03244
G1 X1.329 Y-12.928 E0.03317
G1 X1.985 Y-12.844 E0.033
G1 X2.633 Y-12.722 E0.0329
G1 X3.288 Y-12.573 E0.03351
G1 X3.92 Y-12.389 E0.03284
G1 X4.602 Y-12.148 E0.03609
G1 X5.254 Y-11.883 E0.03511
G1 X5.878 Y-11.587 E0.03446
G1 X6.568 Y-11.212 E0.03918
G1 X7.224 Y-10.798 E0.0387
G1 X7.844 Y-10.358 E0.03793
G1 X8.529 Y-9.804 E0.04395
G1 X9.4 Y-8.992 E0.05941
G1 F3600 E-1
G0 F12000 X9.161 Y-9.544
G0 X5.825 Y-11.436
G0 X3.884 Y-12.235
G0 X1.942 Y-12.686
G0 X0.00 Y-12.836
G0 X-1.942 Y-12.686
G0 X-3.884 Y-12.235
G0 X-5.825 Y-11.436
G0 X-7.119 Y-10.679
G0 X-8.285 Y-9.793
G0 X-9.564 Y-8.549
G0 X-9.8 Y-7.892
;TYPE:WALL-OUTER
G1 F3600 E1
G1 F1200 X-9.519 Y-8.249 E0.02267
G1 X-8.889 Y-8.923 E0.04603
G1 X-8.254 Y-9.516 E0.04335
G1 X-7.612 Y-10.036 E0.04122
G1 X-6.983 Y-10.478 E0.03835
G1 X-6.349 Y-10.876 E0.03735
G1 X-5.71 Y-11.225 E0.03632
G1 X-5.072 Y-11.526 E0.03519
G1 X-4.444 Y-11.781 E0.03382
G1 X-3.804 Y-12.009 E0.0339
G1 X-3.111 Y-12.208 E0.03597
G1 X-2.536 Y-12.333 E0.02936
G1 X-1.935 Y-12.443 E0.03048
G1 X-1.268 Y-12.532 E0.03357
G1 X-.626 Y-12.58 E0.03212
G1 X0.006 Y-12.596 E0.03154
G1 X0.636 Y-12.58 E0.03144
G1 X1.278 Y-12.531 E0.03212
G1 X1.946 Y-12.445 E0.0336
G1 X2.545 Y-12.332 E0.03041
G1 X3.176 Y-12.189 E0.03228
G1 X3.819 Y-12.001 E0.03342
G1 X4.452 Y-11.778 E0.03348
G1 X5.082 Y-11.521 E0.03395
G1 X5.716 Y-11.22 E0.03501
G1 X6.355 Y-10.874 E0.03625
G1 X6.992 Y-10.472 E0.03758
G1 X7.622 Y-10.024 E0.03857
G1 X8.257 Y-9.511 E0.04073
G1 X8.895 Y-8.917 E0.04349
G1 X9.528 Y-8.238 E0.04631
G1 X9.8 Y-7.9 E0.02164
G1 X9.8 Y-19.792 E0.59329
G1 X-9.8 Y-19.792 E0.97785
G1 X-9.8 Y-7.892 E0.59369
G0 F12000 X-9.519 Y-8.249
G0 X-9.283 Y-8.501
G1 F3600 E-1
G0 F12000 X-9.502 Y-8.707
G0 X-7.766 Y-10.22
G0 X-6.472 Y-11.082
G0 X-5.177 Y-11.744
G0 X-3.235 Y-12.421
G0 X-1.295 Y-12.769
G0 X0.647 Y-12.82
G0 X2.589 Y-12.57
G0 X4.531 Y-12.007
G0 X5.579 Y-11.544
G0 X9.114 Y-9.67
G0 X9.107 Y-9.663
;TYPE:SKIN
G1 F3600 E1
G1 F4285.7 X8.722 Y-10.018 E0.01463
G1 F4266.7 X8.046 Y-10.569 E0.02447
G1 F4210.5 X7.389 Y-11.036 E0.02292
G1 F4285.7 X6.72 Y-11.457 E0.02208
G1 X6.037 Y-11.831 E0.02176
G1 F4192.1 X5.144 Y-12.253 E0.02821
G1 F4229.1 X4.139 Y-12.628 E0.03037
G1 F4192.1 X3.104 Y-12.918 E0.0307
G1 F4120.2 X2.447 Y-13.054 E0.0195
G1 F4137.9 X1.812 Y-13.161 E0.01863
G1 F4192.1 X1.238 Y-13.227 E0.0165
G1 F4266.7 X0.615 Y-13.271 E0.01753
G1 F4304.9 X0.00 Y-13.288 E0.01711
G1 F4324.3 X-.645 Y-13.271 E0.01787
G1 F4247.8 X-1.553 Y-13.202 E0.02567
G1 F4120.2 X-2.478 Y-13.049 E0.02725
G1 F4210.5 X-3.278 Y-12.874 E0.02329
G1 F4285.7 X-4.134 Y-12.628 E0.02488
G1 F4247.8 X-5.182 Y-12.238 E0.03152
G1 F4137.9 X-6.204 Y-11.747 E0.03281
G1 F4067.8 X-6.828 Y-11.392 E0.02113
G1 F4137.9 X-7.443 Y-11.001 E0.02109
G1 F4192.1 X-8.09 Y-10.537 E0.02274
G1 F4247.8 X-8.74 Y-10.006 E0.02366
G1 X-9.106 Y-9.666 E0.01408
G1 F3600 E-1
G0 F12000 X-9.111 Y-9.673
G0 X-7.34 Y-11.012
G0 X-6.007 Y-11.793
G0 X-4.673 Y-12.381
G0 X-3.335 Y-12.809
G0 X-1.336 Y-13.167
G0 X0.668 Y-13.219
G0 X2.669 Y-12.962
G0 X4.005 Y-12.617
G0 X5.807 Y-11.875
G0 X9.02 Y-10.151
G1 F3600 E1
G1 F2400 X8.277 Y-10.77 E0.04825
G1 X7.616 Y-11.24 E0.04046
G1 X6.985 Y-11.645 E0.03741
G1 X6.347 Y-12.009 E0.03665
G1 X5.712 Y-12.317 E0.03521
G1 X5.077 Y-12.596 E0.0346
G1 X4.447 Y-12.832 E0.03356
G1 X3.805 Y-13.034 E0.03358
G1 X3.173 Y-13.206 E0.03268
G1 X2.505 Y-13.344 E0.03403
G1 X1.942 Y-13.442 E0.02851
G1 X1.223 Y-13.523 E0.0361
G1 X0.634 Y-13.564 E0.02946
G1 X0.00 Y-13.581 E0.03164
G1 X-.626 Y-13.564 E0.03124
G1 X-1.213 Y-13.528 E0.02934
G1 X-1.932 Y-13.443 E0.03612
G1 X-2.534 Y-13.342 E0.03045
G1 X-3.162 Y-13.208 E0.03204
G1 X-3.747 Y-13.05 E0.03023
G1 X-4.436 Y-12.835 E0.03601
G1 X-5.07 Y-12.6 E0.03373
G1 X-5.704 Y-12.324 E0.0345
G1 X-6.333 Y-12.016 E0.03494
G1 X-6.975 Y-11.65 E0.03687
G1 X-7.604 Y-11.249 E0.03722
G1 X-8.261 Y-10.779 E0.0403
G1 X-9.02 Y-10.161 E0.04883
G1 X-9.02 Y-13.913 E0.18719
G1 X-8.442 Y-14.275 E0.03403
G1 X-7.786 Y-14.639 E0.03743
G1 X-7.149 Y-14.963 E0.03565
G1 X-6.503 Y-15.252 E0.03531
G1 X-5.88 Y-15.509 E0.03362
G1 X-5.189 Y-15.753 E0.03656
G1 X-4.574 Y-15.94 E0.03207
G1 X-3.948 Y-16.106 E0.03231
G1 X-3.241 Y-16.267 E0.03618
G1 X-2.541 Y-16.386 E0.03542
G1 X-1.979 Y-16.465 E0.02831
G1 X-1.316 Y-16.53 E0.03324
G1 X-.656 Y-16.572 E0.03299
G1 X-0.07 Y-16.583 E0.02924
G1 X0.652 Y-16.572 E0.03602
G1 X1.292 Y-16.532 E0.03199
G1 X1.944 Y-16.469 E0.03268
G1 X2.549 Y-16.386 E0.03047
G1 X3.241 Y-16.267 E0.03503
G1 X3.888 Y-16.121 E0.03309
G1 X4.548 Y-15.947 E0.03405
G1 X5.163 Y-15.756 E0.03213
G1 X5.881 Y-15.508 E0.0379
G1 X6.468 Y-15.266 E0.03168
G1 X7.137 Y-14.971 E0.03648
G1 X7.794 Y-14.635 E0.03682
G1 X8.43 Y-14.283 E0.03627
G1 X9.02 Y-13.913 E0.03474
G1 X9.02 Y-10.151 E0.18769
G0 F12000 X8.545 Y-10.807
G1 F2400 X8.82 Y-11.082 E0.0194
G0 F12000 X8.82 Y-11.648
G1 F2400 X8.224 Y-11.052 E0.04205
G0 F12000 X7.893 Y-11.288
G1 F2400 X8.82 Y-12.214 E0.06537
G0 F12000 X8.82 Y-12.78
G1 F2400 X7.555 Y-11.515 E0.08925
G0 F12000 X7.211 Y-11.737
G1 F2400 X8.82 Y-13.345 E0.11349
G0 F12000 X8.753 Y-13.844
G1 F2400 X6.857 Y-11.948 E0.13377
G0 F12000 X6.497 Y-12.154
G1 F2400 X8.406 Y-14.063 E0.13469
G0 F12000 X8.045 Y-14.267
G1 F2400 X6.119 Y-12.341 E0.13589
G0 F12000 X5.736 Y-12.524
G1 F2400 X7.681 Y-14.469 E0.13723
G0 F12000 X7.307 Y-14.66
G1 F2400 X5.343 Y-12.697 E0.13854
G0 F12000 X4.941 Y-12.86
G1 F2400 X6.925 Y-14.845 E0.14002
G0 F12000 X6.533 Y-15.018
G1 F2400 X4.529 Y-13.014 E0.14139
G0 F12000 X4.099 Y-13.15
G1 F2400 X6.136 Y-15.187 E0.14372
G0 F12000 X5.732 Y-15.348
G1 F2400 X3.663 Y-13.279 E0.14598
G0 F12000 X3.218 Y-13.4
G1 F2400 X5.311 Y-15.493 E0.14767
G0 F12000 X4.885 Y-15.633
G1 F2400 X2.75 Y-13.498 E0.15064
G0 F12000 X2.273 Y-13.587
G1 F2400 X4.452 Y-15.766 E0.15374
G0 F12000 X4.004 Y-15.884
G1 F2400 X1.781 Y-13.661 E0.15684
G0 F12000 X1.273 Y-13.719
G1 F2400 X3.548 Y-15.993 E0.16048
G0 F12000 X3.082 Y-16.092
G1 F2400 X0.746 Y-13.757 E0.16478
G0 F12000 X0.199 Y-13.776
G1 F2400 X2.598 Y-16.174 E0.16923
G0 F12000 X2.103 Y-16.245
G1 F2400 X-.371 Y-13.771 E0.17455
G0 F12000 X-.964 Y-13.743
G1 F2400 X1.595 Y-16.302 E0.18055
G0 F12000 X1.072 Y-16.345
G1 F2400 X-1.588 Y-13.685 E0.18768
G0 F12000 X-2.246 Y-13.593
G1 F2400 X0.535 Y-16.374 E0.19621
G0 F12000 X-0.022 Y-16.383
G1 F2400 X-2.947 Y-13.458 E0.20637
G0 F12000 X-3.701 Y-13.27
G1 F2400 X-.597 Y-16.374 E0.219
G0 F12000 X-1.199 Y-16.338
G1 F2400 X-4.518 Y-13.018 E0.23421
G1 X-4.588 Y-12.948
G0 F12000 X-5.449 Y-12.653
G1 F2400 X-1.82 Y-16.282 E0.25605
G0 F12000 X-2.475 Y-16.193
G1 F2400 X-6.539 Y-12.129 E0.28674
G1 X-6.609 Y-12.059
G0 F12000 X-8.074 Y-11.159
G1 F2400 X-3.154 Y-16.08 E0.34717
G0 F12000 X-3.882 Y-15.917
G1 F2400 X-8.819 Y-10.98 E0.34833
G0 F12000 X-8.819 Y-11.546
G1 F2400 X-4.66 Y-15.705 E0.29344
G1 X-4.59 Y-15.775
G0 F12000 X-5.499 Y-15.431
G1 F2400 X-8.819 Y-12.111 E0.23424
G0 F12000 X-8.819 Y-12.677
G1 F2400 X-6.432 Y-15.064 E0.16842
G1 X-6.362 Y-15.134
G0 F12000 X-7.505 Y-14.557
G1 F2400 X-8.819 Y-13.243 E0.09271
G1 X-8.889 Y-13.173
G0 F12000 X-8.8 Y-13.173
G1 F3600 E-1
G0 F12000 X9.4 Y8.993
;TYPE:WALL-INNER
G1 F3600 E1
G1 F3000 X8.539 Y9.799 E0.05884
G1 X7.844 Y10.358 E0.0445
G1 X7.196 Y10.817 E0.03962
G1 X6.572 Y11.209 E0.03676
G1 X5.883 Y11.582 E0.03909
G1 X5.255 Y11.882 E0.03472
G1 X4.578 Y12.158 E0.03647
G1 X3.915 Y12.393 E0.03509
G1 X3.196 Y12.599 E0.03731
G1 X2.604 Y12.728 E0.03023
G1 X1.988 Y12.835 E0.03119
G1 X1.302 Y12.926 E0.03452
G1 X0.632 Y12.98 E0.03353
G1 X-0.012 Y12.992 E0.03213
G1 X-.67 Y12.978 E0.03284
G1 X-1.329 Y12.924 E0.03299
G1 X-2.016 Y12.835 E0.03456
G1 X-2.636 Y12.721 E0.03145
G1 X-3.285 Y12.57 E0.03324
G1 X-3.917 Y12.39 E0.03278
G1 X-4.576 Y12.159 E0.03484
G1 X-5.255 Y11.882 E0.03659
G1 X-5.91 Y11.568 E0.03624
G1 X-6.572 Y11.209 E0.03757
G1 X-7.196 Y10.817 E0.03676
G1 X-7.844 Y10.358 E0.03962
G1 X-8.539 Y9.799 E0.0445
G1 X-9.4 Y8.991 E0.05891
G1 X-9.4 Y14.719 E0.28577
G1 X-8.592 Y14.927 E0.04163
G1 X-7.974 Y15.07 E0.03165
G1 X-6.737 Y15.322 E0.06298
G1 X-6.127 Y15.431 E0.03092
G1 X-4.868 Y15.624 E0.06355
G1 X-3.665 Y15.76 E0.0604
G1 X-2.432 Y15.861 E0.06172
G1 X-1.27 Y15.92 E0.05805
G1 X-.627 Y15.935 E0.03209
G1 X0.61 Y15.94 E0.06171
G1 X1.184 Y15.923 E0.02865
G1 X2.482 Y15.859 E0.06484
G1 X3.9 Y15.736 E0.07101
G1 X4.891 Y15.618 E0.04979
G1 X5.492 Y15.529 E0.03031
G1 X6.764 Y15.319 E0.06432
G1 X7.63 Y15.145 E0.04407
G1 X8.481 Y14.956 E0.04349
G1 X9.4 Y14.723 E0.0473
G1 X9.4 Y8.993 E0.28587
G1 F3600 E-1
G0 F12000 X9.161 Y9.545
G0 X5.825 Y11.435
G0 X4.531 Y12.006
G0 X2.588 Y12.57
G0 X0.647 Y12.819
G0 X-1.295 Y12.768
G0 X-3.235 Y12.419
G0 X-5.177 Y11.743
G0 X-6.472 Y11.08
G0 X-7.766 Y10.218
G0 X-8.765 Y9.86
G0 X-9.564 Y8.551
G0 X-9.8 Y7.9
;TYPE:WALL-OUTER
G1 F3600 E1
G1 F1200 X-9.8 Y15.029 E0.35567
G1 X-8.682 Y15.317 E0.0576
G1 X-8.054 Y15.462 E0.03216
G1 X-6.808 Y15.716 E0.06344
G1 X-6.188 Y15.826 E0.03141
G1 X-4.921 Y16.021 E0.06396
G1 X-3.728 Y16.156 E0.0599
G1 X-2.482 Y16.26 E0.06238
G1 X-1.304 Y16.32 E0.05885
G1 X-.629 Y16.335 E0.03368
G1 X0.62 Y16.34 E0.06231
G1 X1.204 Y16.323 E0.02915
G1 X2.445 Y16.263 E0.06199
G1 X3.883 Y16.14 E0.072
G1 X4.949 Y16.014 E0.05355
G1 X5.521 Y15.93 E0.02884
G1 X6.804 Y15.719 E0.06487
G1 X7.716 Y15.535 E0.04642
G1 X8.578 Y15.344 E0.04405
G1 X9.8 Y15.03 E0.06295
G1 X9.8 Y7.892 E0.35612
G1 X9.519 Y8.249 E0.02267
G1 X8.889 Y8.923 E0.04603
G1 X8.254 Y9.516 E0.04335
G1 X7.612 Y10.032 E0.04109
G1 X6.983 Y10.478 E0.03847
G1 X6.348 Y10.876 E0.03739
G1 X5.711 Y11.221 E0.03614
G1 X5.072 Y11.526 E0.03533
G1 X4.444 Y11.781 E0.03382
G1 X3.804 Y12.009 E0.0339
G1 X3.111 Y12.208 E0.03597
G1 X2.535 Y12.334 E0.02942
G1 X1.935 Y12.439 E0.03039
G1 X1.269 Y12.528 E0.03352
G1 X0.624 Y12.58 E0.03228
G1 X-0.004 Y12.592 E0.03134
G1 X-.637 Y12.58 E0.03159
G1 X-1.278 Y12.527 E0.03209
G1 X-1.944 Y12.441 E0.0335
G1 X-2.546 Y12.331 E0.03053
G1 X-3.175 Y12.185 E0.03222
G1 X-3.819 Y12.001 E0.03341
G1 X-4.452 Y11.778 E0.03348
G1 X-5.083 Y11.521 E0.03399
G1 X-5.72 Y11.216 E0.03524
G1 X-6.359 Y10.87 E0.03625
G1 X-6.992 Y10.472 E0.0373
G1 X-7.622 Y10.024 E0.03857
G1 X-8.265 Y9.507 E0.04116
G1 X-8.894 Y8.918 E0.04299
G1 X-9.52 Y8.25 E0.04567
G1 X-9.8 Y7.9 E0.02236
G0 F12000 X-9.8 Y8.7
G1 F3600 E-1
G0 F12000 X-9.5 Y8.7
G0 X-7.766 Y10.218
G0 X-6.472 Y11.08
G0 X-5.177 Y11.743
G0 X-3.235 Y12.419
G0 X-1.295 Y12.768
G0 X0.647 Y12.819
G0 X2.588 Y12.57
G0 X4.531 Y12.006
G0 X5.579 Y11.543
G0 X9.111 Y9.673
G0 X9.106 Y9.666
;TYPE:SKIN
G1 F3600 E1
G1 F4229.1 X8.683 Y10.056 E0.01629
G1 F4247.8 X8.013 Y10.596 E0.02426
G1 F4192.1 X7.443 Y11 E0.01996
G1 F4155.8 X6.828 Y11.393 E0.02103
G1 F4102.6 X6.181 Y11.759 E0.0217
G1 F4050.6 X5.587 Y12.049 E0.01954
G1 F4067.8 X4.964 Y12.319 E0.01999
G1 F4137.9 X4.15 Y12.623 E0.02514
G1 F4324.3 X3.295 Y12.87 E0.02464
G1 F4229.1 X2.478 Y13.051 E0.02369
G1 F4067.8 X1.812 Y13.156 E0.01985
G1 F4137.9 X1.237 Y13.226 E0.01676
G1 F4229.1 X0.619 Y13.272 E0.01755
G1 F4285.7 X-0.014 Y13.284 E0.01769
G1 F4266.7 X-.615 Y13.271 E0.01687
G1 F4247.8 X-1.361 Y13.213 E0.02109
G1 X-2.061 Y13.123 E0.01989
G1 X-2.685 Y13.008 E0.01789
G1 X-3.545 Y12.808 E0.02489
G1 F4192.1 X-4.342 Y12.55 E0.02393
G1 X-5.148 Y12.252 E0.02454
G1 F4173.9 X-6.205 Y11.744 E0.03364
G1 F4137.9 X-6.825 Y11.393 E0.02062
G1 F4155.8 X-7.443 Y11 E0.0211
G1 F4173.9 X-8.062 Y10.557 E0.02184
G1 F4285.7 X-8.739 Y10.005 E0.0244
G1 F4304.9 X-9.107 Y9.664 E0.01395
G1 F3600 E-1
G0 F12000 X-9.114 Y9.67
G0 X-7.34 Y11.011
G0 X-6.007 Y11.792
G0 X-4.005 Y12.616
G0 X-2.002 Y13.081
G0 X0.00 Y13.235
G0 X2.002 Y13.081
G0 X4.006 Y12.615
G0 X5.339 Y12.11
G0 X9.02 Y10.158
G1 F3600 E1
G1 F2400 X9.02 Y14.427 E0.21298
G1 X8.4 Y14.582 E0.03188
G1 X7.555 Y14.769 E0.04318
G1 X6.684 Y14.946 E0.04434
G1 X5.442 Y15.152 E0.06281
G1 X4.799 Y15.243 E0.0324
G1 X3.828 Y15.359 E0.04879
G1 X2.431 Y15.478 E0.06995
G1 X0.617 Y15.56 E0.09059
G1 X-1.24 Y15.54 E0.09265
G1 X-2.406 Y15.48 E0.05825
G1 X-3.612 Y15.381 E0.06037
G1 X-4.742 Y15.256 E0.05672
G1 X-6.048 Y15.056 E0.06592
G1 X-6.649 Y14.95 E0.03045
G1 X-7.873 Y14.7 E0.06233
G1 X-9.019 Y14.423 E0.05882
G1 X-9.017 Y10.157 E0.21283
G1 X-8.251 Y10.783 E0.04935
G1 X-7.617 Y11.239 E0.03896
G1 X-6.984 Y11.645 E0.03752
G1 X-6.347 Y12.007 E0.03655
G1 X-5.712 Y12.316 E0.03523
G1 X-5.081 Y12.595 E0.03442
G1 X-4.445 Y12.828 E0.03379
G1 X-3.809 Y13.031 E0.03331
G1 X-3.181 Y13.201 E0.03246
G1 X-2.514 Y13.344 E0.03403
G1 X-1.905 Y13.446 E0.03081
G1 X-1.276 Y13.519 E0.03159
G1 X-.634 Y13.564 E0.03211
G1 X-0.004 Y13.576 E0.03144
G1 X0.624 Y13.564 E0.03134
G1 X1.266 Y13.52 E0.0321
G1 X1.896 Y13.447 E0.03164
G1 X2.533 Y13.342 E0.03221
G1 X3.171 Y13.204 E0.03257
G1 X3.801 Y13.033 E0.03257
G1 X4.436 Y12.835 E0.03318
G1 X5.07 Y12.6 E0.03373
G1 X5.705 Y12.319 E0.03464
G1 X6.323 Y12.019 E0.03427
G1 X6.971 Y11.65 E0.0372
G1 X7.608 Y11.245 E0.03766
G1 X8.241 Y10.791 E0.03886
G1 X9.02 Y10.158 E0.05008
G1 F3600 E-1
G0 F12000 X8.82 Y13.808
G1 F3600 E1
G1 F2400 X8.207 Y14.42 E0.04322
G0 F12000 X7.481 Y14.581
G1 F2400 X8.82 Y13.242 E0.09447
G0 F12000 X8.82 Y12.676
G1 F2400 X6.772 Y14.724 E0.1445
G0 F12000 X6.087 Y14.844
G1 F2400 X8.82 Y12.111 E0.19283
G0 F12000 X8.82 Y11.545
G1 F2400 X5.409 Y14.955 E0.24063
G0 F12000 X4.751 Y15.048
G1 F2400 X8.82 Y10.979 E0.28709
G0 F12000 X8.083 Y11.15
G1 F2400 X4.11 Y15.124 E0.28035
G0 F12000 X3.48 Y15.188
G1 F2400 X6.544 Y12.124 E0.21618
G1 X6.614 Y12.054
G0 F12000 X5.453 Y12.649
G1 F2400 X2.861 Y15.241 E0.18288
G0 F12000 X2.253 Y15.283
G1 F2400 X4.518 Y13.018 E0.15981
G1 X4.588 Y12.948
G0 F12000 X3.705 Y13.266
G1 F2400 X1.66 Y15.311 E0.14429
G0 F12000 X1.066 Y15.339
G1 F2400 X2.949 Y13.456 E0.13286
G0 F12000 X2.248 Y13.591
G1 F2400 X0.48 Y15.359 E0.12474
G0 F12000 X-0.079 Y15.353
G1 F2400 X1.59 Y13.684 E0.11776
G0 F12000 X0.967 Y13.741
G1 F2400 X-.639 Y15.347 E0.11331
G0 F12000 X-1.199 Y15.341
G1 F2400 X0.373 Y13.769 E0.11091
G0 F12000 X-.195 Y13.772
G1 F2400 X-1.737 Y15.314 E0.1088
G0 F12000 X-2.275 Y15.286
G1 F2400 X-.745 Y13.756 E0.10795
G0 F12000 X-1.275 Y13.72
G1 F2400 X-2.802 Y15.247 E0.10774
G0 F12000 X-3.325 Y15.204
G1 F2400 X-1.782 Y13.661 E0.10887
G0 F12000 X-2.273 Y13.587
G1 F2400 X-3.841 Y15.155 E0.11063
G0 F12000 X-4.351 Y15.099
G1 F2400 X-2.75 Y13.498 E0.11296
G0 F12000 X-3.216 Y13.398
G1 F2400 X-4.856 Y15.038 E0.11571
G0 F12000 X-5.346 Y14.962
G1 F2400 X-3.661 Y13.278 E0.11885
G0 F12000 X-4.098 Y13.149
G1 F2400 X-5.836 Y14.887 E0.12263
G0 F12000 X-6.321 Y14.806
G1 F2400 X-4.526 Y13.011 E0.12665
G0 F12000 X-4.941 Y12.86
G1 F2400 X-6.797 Y14.717 E0.13099
G0 F12000 X-7.267 Y14.621
G1 F2400 X-5.343 Y12.697 E0.13575
G0 F12000 X-5.735 Y12.524
G1 F2400 X-7.736 Y14.525 E0.14118
G0 F12000 X-8.195 Y14.417
G1 F2400 X-6.117 Y12.34 E0.14658
G0 F12000 X-6.495 Y12.152
G1 F2400 X-8.651 Y14.308 E0.15212
G0 F12000 X-8.819 Y13.91
G1 F2400 X-6.857 Y11.948 E0.13843
G0 F12000 X-7.211 Y11.737
G1 F2400 X-8.819 Y13.345 E0.11345
G0 F12000 X-8.819 Y12.779
G1 F2400 X-7.555 Y11.515 E0.08918
G0 F12000 X-7.892 Y11.286
G1 F2400 X-8.819 Y12.213 E0.0654
G0 F12000 X-8.819 Y11.647
G1 F2400 X-8.222 Y11.05 E0.04212
G0 F12000 X-8.54 Y10.803
G1 F2400 X-8.82 Y11.082 E0.01972
G0 F12000 X-8.8 Y11.082
G1 F3600 E-1
;MESH:NONMESH
G0 F12000 X-7.418 Y-19.031
;TIME_ELAPSED:792.325020
;LAYER:56
;MESH:overhang.stl
G0 X-7.418 Y-19.031 Z17.1
;TYPE:FILL
G1 F3600 E1
G1 F9600 X-8.336 Y-15.605 E0.17695
G1 X-8.807 Y-15.353 E0.02665
G1 X-9.039 Y-15.487 E0.01337
G1 X-9.039 Y-19.031 E0.17681
G1 X-1.931 Y-19.03 E0.35462
G1 X-.587 Y-17.686 E0.09483
G1 X0.00 Y-17.696 E0.02929
G1 X0.677 Y-17.684 E0.03378
G1 X1.315 Y-17.647 E0.03188
G1 X2.419 Y-17.535 E0.05536
G1 X3.288 Y-17.386 E0.04399
G1 X4.495 Y-17.126 E0.0616
G1 X5.005 Y-19.032 E0.09844
G1 X9.04 Y-19.032 E0.20131
G1 X9.14 Y-19.032
G1 F3600 E-1
G0 F12000 X9.1 Y-19.032
G0 X9.158 Y-10.872
G0 X9.4 Y-10.354
;TYPE:WALL-INNER
G1 F3600 E1
G1 F3000 X9.4 Y-19.392 E0.45091
G1 X-9.399 Y-19.391 E0.93789
G1 X-9.399 Y-10.368 E0.45016
G1 X-8.494 Y-11.104 E0.0582
G1 X-7.846 Y-11.568 E0.03976
G1 X-7.173 Y-11.998 E0.03984
G1 X-6.542 Y-12.358 E0.03624
G1 X-5.864 Y-12.691 E0.03769
G1 X-5.21 Y-12.975 E0.03557
G1 X-4.586 Y-13.207 E0.03321
G1 X-3.91 Y-13.419 E0.03535
G1 X-3.245 Y-13.599 E0.03437
G1 X-2.6 Y-13.736 E0.0329
G1 X-1.979 Y-13.84 E0.03141
G1 X-1.238 Y-13.927 E0.03722
G1 X-.636 Y-13.964 E0.03009
G1 X0.016 Y-13.98 E0.03254
G1 X0.662 Y-13.963 E0.03224
G1 X1.268 Y-13.921 E0.03031
G1 X2.011 Y-13.836 E0.03731
G1 X2.586 Y-13.736 E0.02912
G1 X3.242 Y-13.6 E0.03342
G1 X3.932 Y-13.413 E0.03567
G1 X4.556 Y-13.217 E0.03263
G1 X5.238 Y-12.962 E0.03633
G1 X5.886 Y-12.677 E0.03532
G1 X6.542 Y-12.358 E0.03639
G1 X7.2 Y-11.982 E0.03781
G1 X7.848 Y-11.566 E0.03842
G1 X8.496 Y-11.106 E0.03965
G1 X9.4 Y-10.354 E0.05867
G0 F12000 X9.158 Y-10.872
G0 X9.561 Y-9.968
G0 X9.8 Y-9.409
;TYPE:WALL-OUTER
G1 F1200 X9.8 Y-19.792 E0.51801
G1 X-9.799 Y-19.791 E0.9778
G1 X-9.8 Y-9.425 E0.51716
G1 X-8.879 Y-10.275 E0.06253
G1 X-8.261 Y-10.779 E0.03979
G1 X-7.604 Y-11.249 E0.0403
G1 X-6.975 Y-11.65 E0.03722
G1 X-6.333 Y-12.016 E0.03687
G1 X-5.704 Y-12.324 E0.03494
G1 X-5.07 Y-12.6 E0.0345
G1 X-4.436 Y-12.835 E0.03373
G1 X-3.805 Y-13.033 E0.03299
G1 X-3.162 Y-13.208 E0.03325
G1 X-2.534 Y-13.342 E0.03204
G1 X-1.932 Y-13.443 E0.03045
G1 X-1.213 Y-13.528 E0.03612
G1 X-.626 Y-13.564 E0.02934
G1 X0.006 Y-13.58 E0.03154
G1 X0.634 Y-13.564 E0.03134
G1 X1.223 Y-13.523 E0.02946
G1 X1.943 Y-13.442 E0.03615
G1 X2.505 Y-13.344 E0.02846
G1 X3.173 Y-13.205 E0.03404
G1 X3.812 Y-13.031 E0.03304
G1 X4.447 Y-12.832 E0.0332
G1 X5.077 Y-12.596 E0.03356
G1 X5.712 Y-12.317 E0.0346
G1 X6.332 Y-12.017 E0.03436
G1 X6.984 Y-11.645 E0.03745
G1 X7.616 Y-11.24 E0.03745
G1 X8.277 Y-10.77 E0.04046
G1 X9.025 Y-10.146 E0.0486
G1 X9.8 Y-9.409 E0.05336
G0 F12000 X9.8 Y-10.209
G1 F3600 E-1
G0 F12000 X9.5 Y-10.209
G0 X7.102 Y-11.854
G0 X5.809 Y-12.537
G0 X3.874 Y-13.265
G0 X1.936 Y-13.685
G0 X0.00 Y-13.82
G0 X-1.936 Y-13.685
G0 X-3.874 Y-13.265
G0 X-5.442 Y-12.676
G0 X-9.168 Y-10.944
G0 X-9.139 Y-10.908
;TYPE:SKIN
G1 F3600 E1
G1 F6233.8 X-8.641 Y-11.312 E0.01232
G1 F6114.6 X-8.031 Y-11.754 E0.01475
G1 F6153.8 X-7.333 Y-12.2 E0.01612
G1 F6357.6 X-6.625 Y-12.601 E0.01532
G1 F6233.8 X-5.789 Y-13.014 E0.01791
G1 F6075.9 X-5.004 Y-13.325 E0.01664
G1 X-4.206 Y-13.605 E0.01667
G1 F6274.5 X-3.3 Y-13.848 E0.0179
G1 F6315.8 X-2.648 Y-13.987 E0.01264
G1 F6274.5 X-2.049 Y-14.087 E0.01159
G1 F6233.8 X-1.257 Y-14.181 E0.01532
G1 F6114.6 X-.645 Y-14.223 E0.01201
G1 F6153.8 X0.00 Y-14.238 E0.01255
G1 F6114.6 X0.616 Y-14.223 E0.01207
G1 F6037.7 X1.209 Y-14.183 E0.01179
G1 F6000 X1.814 Y-14.119 E0.01214
G1 F5925.9 X2.486 Y-14.016 E0.01374
G1 F6075.9 X3.478 Y-13.811 E0.01996
G1 F6193.5 X4.522 Y-13.501 E0.02105
G1 F6274.5 X5.298 Y-13.21 E0.01582
G1 X5.991 Y-12.912 E0.0144
G1 F6315.8 X6.66 Y-12.583 E0.01413
G1 F6400 X7.294 Y-12.222 E0.01365
G1 F6037.7 X8.085 Y-11.715 E0.01863
G1 F6000 X8.688 Y-11.279 E0.01485
G1 F6193.5 X9.142 Y-10.904 E0.01138
G0 F12000 X9.02 Y-11.351
G1 F2400 X8.219 Y-11.938 E0.04954
G1 X7.605 Y-12.336 E0.03651
G1 X6.973 Y-12.705 E0.03651
G1 X6.345 Y-13.034 E0.03537
G1 X5.772 Y-13.298 E0.03148
G1 X5.071 Y-13.578 E0.03766
G1 X4.439 Y-13.801 E0.03344
G1 X3.808 Y-13.985 E0.03279
G1 X3.173 Y-14.143 E0.03265
G1 X2.539 Y-14.269 E0.03225
G1 X1.904 Y-14.37 E0.03208
G1 X1.222 Y-14.443 E0.03422
G1 X0.634 Y-14.484 E0.02941
G1 X0.00 Y-14.497 E0.03164
G1 X-.624 Y-14.484 E0.03114
G1 X-1.213 Y-14.448 E0.02944
G1 X-1.895 Y-14.371 E0.03424
G1 X-2.532 Y-14.27 E0.03218
G1 X-3.163 Y-14.145 E0.03209
G1 X-3.801 Y-13.99 E0.03276
G1 X-4.429 Y-13.804 E0.03268
G1 X-5.068 Y-13.577 E0.03383
G1 X-5.694 Y-13.331 E0.03356
G1 X-6.335 Y-13.038 E0.03516
G1 X-6.964 Y-12.714 E0.0353
G1 X-7.598 Y-12.341 E0.0367
G1 X-8.173 Y-11.973 E0.03406
G1 X-9.015 Y-11.361 E0.05193
G1 X-9.016 Y-14.825 E0.17282
G1 X-8.453 Y-15.154 E0.03253
G1 X-7.758 Y-15.525 E0.0393
G1 X-7.147 Y-15.809 E0.03361
G1 X-6.448 Y-16.11 E0.03797
G1 X-5.824 Y-16.347 E0.0333
G1 X-5.216 Y-16.552 E0.03201
G1 X-4.52 Y-16.754 E0.03616
G1 X-3.916 Y-16.906 E0.03107
G1 X-3.253 Y-17.043 E0.03378
G1 X-2.538 Y-17.166 E0.0362
G1 X-1.965 Y-17.239 E0.02882
G1 X-1.315 Y-17.302 E0.03258
G1 X-.652 Y-17.344 E0.03314
G1 X-0.025 Y-17.355 E0.03129
G1 X0.652 Y-17.344 E0.03378
G1 X1.292 Y-17.304 E0.03199
G1 X1.931 Y-17.241 E0.03203
G1 X2.538 Y-17.169 E0.0305
G1 X3.212 Y-17.05 E0.03415
G1 X3.887 Y-16.912 E0.03437
G1 X4.496 Y-16.758 E0.03134
G1 X5.184 Y-16.561 E0.0357
G1 X5.833 Y-16.343 E0.03416
G1 X6.484 Y-16.098 E0.0347
G1 X7.105 Y-15.828 E0.03378
G1 X7.766 Y-15.521 E0.03636
G1 X8.43 Y-15.165 E0.03759
G1 X9.02 Y-14.824 E0.034
G1 X9.02 Y-11.351 E0.17327
G1 F3600 E-1
G0 F12000 X8.82 Y-14.373
G1 F3600 E1
G1 F2400 X8.053 Y-15.14 E0.05412
G1 X7.983 Y-15.21
G0 F12000 X6.95 Y-15.677
G1 F2400 X8.82 Y-13.807 E0.13194
G0 F12000 X8.82 Y-13.241
G1 F2400 X5.993 Y-16.069 E0.1995
G1 X5.923 Y-16.139
G0 F12000 X5.127 Y-16.369
G1 F2400 X8.82 Y-12.676 E0.26056
G0 F12000 X8.82 Y-12.11
G1 F2400 X4.34 Y-16.591 E0.31612
G0 F12000 X3.597 Y-16.768
G1 F2400 X8.132 Y-12.232 E0.32
G1 X8.202 Y-12.162
G0 F12000 X6.753 Y-13.046
G1 F2400 X2.896 Y-16.903 E0.27213
G0 F12000 X2.233 Y-17
G1 F2400 X5.684 Y-13.55 E0.24345
G1 X5.754 Y-13.48
G0 F12000 X4.771 Y-13.897
G1 F2400 X1.598 Y-17.07 E0.22387
G0 F12000 X0.979 Y-17.123
G1 F2400 X3.95 Y-14.152 E0.20962
G0 F12000 X3.194 Y-14.342
G1 F2400 X0.388 Y-17.148 E0.19798
G0 F12000 X-.181 Y-17.152
G1 F2400 X2.492 Y-14.479 E0.18859
G0 F12000 X1.824 Y-14.581
G1 F2400 X-.733 Y-17.138 E0.18041
G0 F12000 X-1.265 Y-17.104
G1 F2400 X1.194 Y-14.646 E0.17346
G0 F12000 X0.588 Y-14.685
G1 F2400 X-1.781 Y-17.055 E0.16718
G0 F12000 X-2.288 Y-16.996
G1 F2400 X0.011 Y-14.697 E0.16221
G0 F12000 X-.544 Y-14.686
G1 F2400 X-2.78 Y-16.922 E0.15776
G0 F12000 X-3.26 Y-16.837
G1 F2400 X-1.08 Y-14.657 E0.15381
G0 F12000 X-1.596 Y-14.607
G1 F2400 X-3.73 Y-16.741 E0.15057
G0 F12000 X-4.187 Y-16.632
G1 F2400 X-2.097 Y-14.542 E0.14746
G0 F12000 X-2.585 Y-14.465
G1 F2400 X-4.634 Y-16.513 E0.14453
G0 F12000 X-5.071 Y-16.385
G1 F2400 X-3.057 Y-14.371 E0.1421
G0 F12000 X-3.516 Y-14.264
G1 F2400 X-5.498 Y-16.246 E0.13984
G0 F12000 X-5.915 Y-16.097
G1 F2400 X-3.967 Y-14.149 E0.13744
G0 F12000 X-4.404 Y-14.021
G1 F2400 X-6.324 Y-15.941 E0.13547
G0 F12000 X-6.722 Y-15.773
G1 F2400 X-4.825 Y-13.876 E0.13384
G0 F12000 X-5.239 Y-13.724
G1 F2400 X-7.117 Y-15.602 E0.1325
G0 F12000 X-7.503 Y-15.423
G1 F2400 X-5.646 Y-13.565 E0.13106
G0 F12000 X-6.039 Y-13.393
G1 F2400 X-7.879 Y-15.233 E0.12982
G0 F12000 X-8.248 Y-15.036
G1 F2400 X-6.428 Y-13.216 E0.12841
G0 F12000 X-6.801 Y-13.023
G1 F2400 X-8.608 Y-14.831 E0.12753
G0 F12000 X-8.816 Y-14.473
G1 F2400 X-7.169 Y-12.826 E0.1162
G0 F12000 X-7.525 Y-12.616
G1 F2400 X-8.816 Y-13.907 E0.09109
G0 F12000 X-8.816 Y-13.342
G1 F2400 X-7.876 Y-12.401 E0.06636
G0 F12000 X-8.22 Y-12.18
G1 F2400 X-8.816 Y-12.776 E0.04205
G0 F12000 X-8.816 Y-12.21
G1 F2400 X-8.551 Y-11.945 E0.0187
G1 F3600 E-1
G0 F12000 X9.4 Y10.365
;TYPE:WALL-INNER
G1 F3600 E1
G1 F3000 X8.503 Y11.094 E0.05767
G1 X7.823 Y11.583 E0.04179
G1 X7.169 Y11.998 E0.03864
G1 X6.487 Y12.384 E0.0391
G1 X5.867 Y12.685 E0.03438
G1 X5.21 Y12.975 E0.03583
G1 X4.586 Y13.207 E0.03321
G1 X3.905 Y13.419 E0.03558
G1 X3.285 Y13.588 E0.03206
G1 X2.627 Y13.731 E0.03359
G1 X1.942 Y13.844 E0.03464
G1 X1.294 Y13.919 E0.03254
G1 X0.662 Y13.963 E0.03161
G1 X-0.012 Y13.976 E0.03363
G1 X-.662 Y13.963 E0.03244
G1 X-1.294 Y13.919 E0.03161
G1 X-1.942 Y13.845 E0.03254
G1 X-2.598 Y13.735 E0.03318
G1 X-3.254 Y13.596 E0.03345
G1 X-3.931 Y13.412 E0.035
G1 X-4.583 Y13.204 E0.03414
G1 X-5.206 Y12.976 E0.0331
G1 X-5.887 Y12.676 E0.03713
G1 X-6.511 Y12.372 E0.03463
G1 X-7.2 Y11.982 E0.0395
G1 X-7.824 Y11.582 E0.03698
G1 X-8.506 Y11.092 E0.0419
G1 X-9.4 Y10.354 E0.05784
G1 X-9.399 Y15.061 E0.23483
G1 X-8.593 Y15.267 E0.0415
G1 X-7.35 Y15.54 E0.06349
G1 X-6.147 Y15.764 E0.06105
G1 X-4.862 Y15.959 E0.06484
G1 X-3.052 Y16.151 E0.09081
G1 X-1.919 Y16.228 E0.05666
G1 X-1.236 Y16.256 E0.0341
G1 X0.052 Y16.276 E0.06427
G1 X1.229 Y16.255 E0.05873
G1 X2.347 Y16.204 E0.05584
G1 X3.086 Y16.148 E0.03697
G1 X3.924 Y16.066 E0.04201
G1 X5.412 Y15.882 E0.0748
G1 X6.334 Y15.733 E0.0466
G1 X7.238 Y15.566 E0.04586
G1 X8.521 Y15.287 E0.06551
G1 X9.4 Y15.062 E0.04527
G1 X9.4 Y10.365 E0.23433
G0 F12000 X9.158 Y10.878
G0 X9.56 Y9.975
G0 X9.8 Y9.428
;TYPE:WALL-OUTER
G1 F1200 X8.875 Y10.276 E0.06261
G1 X8.241 Y10.791 E0.04075
G1 X7.608 Y11.245 E0.03886
G1 X6.971 Y11.65 E0.03766
G1 X6.312 Y12.024 E0.0378
G1 X5.705 Y12.319 E0.03367
G1 X5.07 Y12.6 E0.03464
G1 X4.436 Y12.835 E0.03373
G1 X3.801 Y13.033 E0.03318
G1 X3.171 Y13.204 E0.03257
G1 X2.533 Y13.342 E0.03257
G1 X1.896 Y13.447 E0.03221
G1 X1.266 Y13.52 E0.03164
G1 X0.624 Y13.564 E0.0321
G1 X-0.004 Y13.576 E0.03134
G1 X-.634 Y13.564 E0.03144
G1 X-1.276 Y13.519 E0.03211
G1 X-1.905 Y13.446 E0.03159
G1 X-2.514 Y13.344 E0.03081
G1 X-3.181 Y13.202 E0.03402
G1 X-3.809 Y13.031 E0.03247
G1 X-4.445 Y12.828 E0.03331
G1 X-5.081 Y12.595 E0.03379
G1 X-5.712 Y12.316 E0.03442
G1 X-6.347 Y12.006 E0.03525
G1 X-6.984 Y11.645 E0.03653
G1 X-7.617 Y11.239 E0.03752
G1 X-8.252 Y10.783 E0.039
G1 X-9.016 Y10.155 E0.04934
G1 X-9.8 Y9.409 E0.05399
G1 X-9.799 Y15.372 E0.2975
G1 X-8.701 Y15.653 E0.05654
G1 X-7.456 Y15.927 E0.0636
G1 X-6.214 Y16.158 E0.06303
G1 X-4.941 Y16.353 E0.06425
G1 X-3.08 Y16.55 E0.09336
G1 X-1.941 Y16.628 E0.05696
G1 X-1.242 Y16.656 E0.0349
G1 X0.058 Y16.676 E0.06486
G1 X1.247 Y16.655 E0.05933
G1 X2.376 Y16.603 E0.05639
G1 X3.125 Y16.546 E0.03748
G1 X3.972 Y16.463 E0.04246
G1 X5.475 Y16.277 E0.07556
G1 X6.406 Y16.127 E0.04705
G1 X7.26 Y15.97 E0.04332
G1 X8.62 Y15.675 E0.06943
G1 X9.8 Y15.372 E0.06078
G1 X9.8 Y9.428 E0.29655
G0 F12000 X9.211 Y9.968
G1 F3600 E-1
G0 F12000 X9.414 Y10.19
G0 X7.746 Y11.445
G0 X6.428 Y12.236
G0 X4.517 Y13.059
G0 X2.582 Y13.58
G0 X0.644 Y13.804
G0 X-1.29 Y13.759
G0 X-3.228 Y13.437
G0 X-4.97 Y12.882
G0 X-9.169 Y10.936
G0 X-9.141 Y10.903
;TYPE:SKIN
G1 F3600 E1
G1 F6193.5 X-8.621 Y11.326 E0.01296
G1 F6075.9 X-8.09 Y11.71 E0.01291
G1 F6000 X-7.466 Y12.117 E0.01487
G1 F6037.7 X-6.913 Y12.442 E0.01272
G1 F6000 X-6.225 Y12.8 E0.01548
G1 F5925.9 X-5.6 Y13.084 E0.01387
G1 X-4.98 Y13.333 E0.0135
G1 F5962.7 X-4.383 Y13.539 E0.01268
G1 F6000 X-3.534 Y13.797 E0.01771
G1 F6075.9 X-2.243 Y14.068 E0.026
G1 X-1.261 Y14.179 E0.01948
G1 X-.616 Y14.221 E0.01274
G1 F6037.7 X-0.015 Y14.236 E0.01192
G1 F6075.9 X0.621 Y14.222 E0.01254
G1 F6193.5 X1.241 Y14.183 E0.01201
G1 F6153.8 X2.282 Y14.06 E0.0204
G1 F6075.9 X3.535 Y13.799 E0.02522
G1 F6114.6 X4.611 Y13.468 E0.02204
G1 F6153.8 X5.428 Y13.163 E0.01697
G1 F6075.9 X6.225 Y12.8 E0.01726
G1 F6037.7 X6.846 Y12.478 E0.01387
G1 F6000 X7.469 Y12.115 E0.01439
G1 F6037.7 X7.965 Y11.795 E0.01171
G1 F6075.9 X8.622 Y11.326 E0.01591
G1 X9.142 Y10.904 E0.0132
G0 F12000 X9.02 Y11.358
G1 F2400 X9.02 Y14.765 E0.16998
G1 X8.444 Y14.914 E0.02968
G1 X7.17 Y15.189 E0.06502
G1 X6.249 Y15.362 E0.04675
G1 X5.319 Y15.508 E0.04697
G1 X3.881 Y15.684 E0.07228
G1 X3.046 Y15.768 E0.04187
G1 X2.331 Y15.823 E0.03578
G1 X1.279 Y15.87 E0.05254
G1 X0.06 Y15.896 E0.06083
G1 X-1.216 Y15.876 E0.06367
G1 X-1.872 Y15.848 E0.03276
G1 X-3.006 Y15.769 E0.05671
G1 X-4.767 Y15.587 E0.08832
G1 X-5.985 Y15.405 E0.06144
G1 X-7.279 Y15.162 E0.06569
G1 X-8.506 Y14.895 E0.06265
G1 X-9.016 Y14.764 E0.02627
G1 X-9.02 Y11.35 E0.17033
G1 X-8.219 Y11.938 E0.04957
G1 X-7.609 Y12.332 E0.03623
G1 X-7.038 Y12.669 E0.03308
G1 X-6.345 Y13.03 E0.03898
G1 X-5.708 Y13.322 E0.03496
G1 X-5.075 Y13.578 E0.03407
G1 X-4.438 Y13.798 E0.03362
G1 X-3.806 Y13.988 E0.03292
G1 X-3.172 Y14.143 E0.03256
G1 X-2.54 Y14.269 E0.03215
G1 X-1.904 Y14.37 E0.03213
G1 X-1.222 Y14.443 E0.03422
G1 X-.633 Y14.48 E0.02944
G1 X-0.006 Y14.496 E0.03129
G1 X0.626 Y14.48 E0.03154
G1 X1.211 Y14.448 E0.02923
G1 X1.895 Y14.371 E0.03434
G1 X2.532 Y14.27 E0.03218
G1 X3.164 Y14.145 E0.03214
G1 X3.796 Y13.991 E0.03245
G1 X4.431 Y13.8 E0.03308
G1 X5.065 Y13.582 E0.03345
G1 X5.696 Y13.331 E0.03388
G1 X6.337 Y13.034 E0.03525
G1 X6.964 Y12.71 E0.03521
G1 X7.597 Y12.341 E0.03655
G1 X8.234 Y11.928 E0.03788
G1 X9.02 Y11.358 E0.04844
G0 F12000 X8.552 Y11.946
G1 F2400 X8.82 Y12.214 E0.01891
G0 F12000 X8.82 Y12.78
G1 F2400 X8.218 Y12.178 E0.04247
G0 F12000 X7.874 Y12.4
G1 F2400 X8.82 Y13.345 E0.06671
G0 F12000 X8.82 Y13.911
G1 F2400 X7.524 Y12.615 E0.09144
G0 F12000 X7.167 Y12.824
G1 F2400 X8.82 Y14.477 E0.11663
G0 F12000 X8.479 Y14.701
G1 F2400 X6.799 Y13.021 E0.11853
G0 F12000 X6.425 Y13.214
G1 F2400 X8.014 Y14.802 E0.11208
G0 F12000 X7.549 Y14.903
G1 F2400 X6.039 Y13.393 E0.10654
G0 F12000 X5.647 Y13.567
G1 F2400 X7.082 Y15.002 E0.10125
G0 F12000 X6.606 Y15.091
G1 F2400 X5.242 Y13.727 E0.09624
G0 F12000 X4.825 Y13.876
G1 F2400 X6.126 Y15.177 E0.09179
G0 F12000 X5.638 Y15.254
G1 F2400 X4.401 Y14.018 E0.08724
G0 F12000 X3.966 Y14.148
G1 F2400 X5.145 Y15.327 E0.08318
G0 F12000 X4.641 Y15.389
G1 F2400 X3.517 Y14.265 E0.0793
G0 F12000 X3.057 Y14.371
G1 F2400 X4.138 Y15.452 E0.07627
G0 F12000 X3.63 Y15.509
G1 F2400 X2.585 Y14.465 E0.0737
G0 F12000 X2.097 Y14.542
G1 F2400 X3.115 Y15.56 E0.07183
G0 F12000 X2.592 Y15.602
G1 F2400 X1.596 Y14.607 E0.07024
G0 F12000 X1.079 Y14.655
G1 F2400 X2.058 Y15.635 E0.06911
G0 F12000 X1.517 Y15.659
G1 F2400 X0.541 Y14.683 E0.06886
G0 F12000 X-0.012 Y14.696
G1 F2400 X0.968 Y15.676 E0.06914
G0 F12000 X0.414 Y15.688
G1 F2400 X-.593 Y14.681 E0.07105
G0 F12000 X-1.194 Y14.646
G1 F2400 X-.146 Y15.693 E0.07391
G0 F12000 X-.721 Y15.684
G1 F2400 X-1.824 Y14.581 E0.07782
G0 F12000 X-2.491 Y14.479
G1 F2400 X-1.299 Y15.672 E0.08414
G0 F12000 X-1.891 Y15.645
G1 F2400 X-3.194 Y14.342 E0.09193
G0 F12000 X-3.948 Y14.153
G1 F2400 X-2.499 Y15.603 E0.10227
G0 F12000 X-3.111 Y15.556
G1 F2400 X-4.774 Y13.894 E0.1173
G1 X-4.844 Y13.824
G0 F12000 X-5.687 Y13.547
G1 F2400 X-3.741 Y15.492 E0.13727
G0 F12000 X-4.372 Y15.427
G1 F2400 X-6.761 Y13.038 E0.16856
G1 X-6.831 Y12.968
G0 F12000 X-8.137 Y12.228
G1 F2400 X-5.016 Y15.348 E0.22017
G0 F12000 X-5.682 Y15.248
G1 F2400 X-8.818 Y12.112 E0.22126
G0 F12000 X-8.818 Y12.678
G1 F2400 X-6.366 Y15.13 E0.173
G0 F12000 X-7.063 Y14.999
G1 F2400 X-8.818 Y13.244 E0.12382
G0 F12000 X-8.817 Y13.811
G1 F2400 X-7.779 Y14.849 E0.07324
G0 F12000 X-8.502 Y14.691
G1 F2400 X-8.817 Y14.376 E0.02222
G0 F12000 X-8.8 Y14.376
G1 F3600 E-1
;MESH:NONMESH
G0 F12000 X-7.637 Y-19.033
;TIME_ELAPSED:811.305359
;LAYER:57
;MESH:overhang.stl
G0 X-7.637 Y-19.033 Z17.4
;TYPE:FILL
G1 F3600 E1
G1 F9600 X-8.33 Y-16.448 E0.13352
G1 X-9.04 Y-16.054 E0.04051
G1 X-9.04 Y-19.032 E0.14857
G1 X-1.633 Y-19.032 E0.36954
G1 X-1.017 Y-18.416 E0.04346
G1 X0.00 Y-18.431 E0.05074
G1 X0.674 Y-18.421 E0.03363
G1 X1.316 Y-18.386 E0.03208
G1 X2.408 Y-18.277 E0.05475
G1 X3.312 Y-18.131 E0.04569
G1 X3.96 Y-17.999 E0.03299
G1 X4.476 Y-17.875 E0.02648
G1 X4.786 Y-19.033 E0.05981
G1 X9.04 Y-19.032 E0.21223
G1 X9.14 Y-19.032
G1 F3600 E-1
G0 F12000 X9.1 Y-19.032
G0 X9.155 Y-12.055
G0 X9.4 Y-11.566
;TYPE:WALL-INNER
G1 F3600 E1
G1 F3000 X9.4 Y-19.392 E0.39044
G1 X-9.4 Y-19.392 E0.93794
G1 X-9.4 Y-11.574 E0.39004
G1 X-8.388 Y-12.31 E0.06243
G1 X-7.802 Y-12.685 E0.03471
G1 X-7.148 Y-13.07 E0.03786
G1 X-6.528 Y-13.39 E0.03481
G1 X-5.84 Y-13.703 E0.03771
G1 X-5.202 Y-13.954 E0.0342
G1 X-4.574 Y-14.178 E0.03326
G1 X-3.891 Y-14.38 E0.03553
G1 X-3.241 Y-14.537 E0.03336
G1 X-2.595 Y-14.665 E0.03286
G1 X-1.94 Y-14.769 E0.03309
G1 X-1.268 Y-14.845 E0.03374
G1 X-.632 Y-14.884 E0.03179
G1 X0.012 Y-14.896 E0.03213
G1 X0.662 Y-14.883 E0.03244
G1 X1.264 Y-14.841 E0.03011
G1 X1.967 Y-14.765 E0.03528
G1 X2.618 Y-14.661 E0.03289
G1 X3.269 Y-14.531 E0.03312
G1 X3.92 Y-14.369 E0.03347
G1 X4.54 Y-14.189 E0.03221
G1 X5.219 Y-13.95 E0.03591
G1 X5.911 Y-13.674 E0.03717
G1 X6.53 Y-13.388 E0.03402
G1 X7.175 Y-13.051 E0.03631
G1 X7.823 Y-12.672 E0.03745
G1 X8.455 Y-12.261 E0.03761
G1 X9.4 Y-11.566 E0.05852
G0 F12000 X9.8 Y-10.673
;TYPE:WALL-OUTER
G1 F1200 X9.8 Y-19.792 E0.45495
G1 X-9.8 Y-19.792 E0.97785
G1 X-9.8 Y-10.7 E0.4536
G1 X-8.87 Y-11.466 E0.06011
G1 X-8.172 Y-11.973 E0.04304
G1 X-7.598 Y-12.341 E0.03402
G1 X-6.964 Y-12.714 E0.0367
G1 X-6.335 Y-13.038 E0.0353
G1 X-5.694 Y-13.331 E0.03516
G1 X-5.068 Y-13.577 E0.03356
G1 X-4.429 Y-13.804 E0.03383
G1 X-3.796 Y-13.991 E0.03293
G1 X-3.163 Y-14.145 E0.0325
G1 X-2.532 Y-14.27 E0.03209
G1 X-1.895 Y-14.371 E0.03218
G1 X-1.213 Y-14.448 E0.03424
G1 X-.624 Y-14.484 E0.02944
G1 X0.004 Y-14.496 E0.03134
G1 X0.634 Y-14.484 E0.03144
G1 X1.222 Y-14.443 E0.02941
G1 X1.904 Y-14.37 E0.03422
G1 X2.54 Y-14.269 E0.03213
G1 X3.173 Y-14.143 E0.0322
G1 X3.808 Y-13.985 E0.03265
G1 X4.439 Y-13.801 E0.03279
G1 X5.071 Y-13.578 E0.03344
G1 X5.772 Y-13.298 E0.03766
G1 X6.345 Y-13.034 E0.03148
G1 X6.973 Y-12.705 E0.03537
G1 X7.605 Y-12.336 E0.03651
G1 X8.219 Y-11.938 E0.03651
G1 X8.962 Y-11.393 E0.04597
G1 X9.8 Y-10.673 E0.05512
G0 F12000 X9.8 Y-11.473
G1 F3600 E-1
G0 F12000 X9.155 Y-12.055
G0 X7.28 Y-13.271
G0 X5.294 Y-14.178
G0 X3.308 Y-14.77
G0 X1.324 Y-15.078
G0 X-.662 Y-15.122
G0 X-2.646 Y-14.903
G0 X-4.634 Y-14.41
G0 X-6.618 Y-13.612
G0 X-8.174 Y-12.711
G0 X-9.15 Y-12.083
G0 X-9.171 Y-12.023
;TYPE:SKIN
G1 F3600 E1
G1 F9230.8 X-8.729 Y-12.349 E0.00712
G1 F3600 E-1
G0 F12000 X-8.769 Y-12.406
G0 X-7.925 Y-12.897
G0 X-5.638 Y-14.108
G0 X-5.613 Y-14.04
G1 F3600 E1
G1 F8972 X-4.99 Y-14.273 E0.00888
G1 F8807.3 X-4.397 Y-14.469 E0.00849
G0 F12000 X-4.416 Y-14.537
G0 X-3.13 Y-14.867
G0 X-3.117 Y-14.796
G1 F8888.9 X-2.495 Y-14.915 E0.00853
G1 F3600 E-1
G0 F12000 X-2.505 Y-14.985
G0 X0.00 Y-15.139
G0 X2.506 Y-14.984
G0 X2.495 Y-14.915
G1 F3600 E1
G1 F9142.9 X3.117 Y-14.796 E0.00829
G1 F3600 E-1
G0 F12000 X3.131 Y-14.866
G0 X4.883 Y-14.309
G0 X6.894 Y-13.537
G0 X6.861 Y-13.474
G1 F3600 E1
G1 F9142.9 X7.461 Y-13.153 E0.00891
G0 F12000 X7.497 Y-13.213
G0 X8.769 Y-12.407
G0 X8.726 Y-12.349
G1 F9230.8 X9.169 Y-12.022 E0.00714
G0 F12000 X9.02 Y-12.436
G1 F2400 X8.235 Y-12.955 E0.04695
G1 X7.6 Y-13.34 E0.03705
G1 X6.967 Y-13.681 E0.03587
G1 X6.34 Y-13.985 E0.03476
G1 X5.703 Y-14.256 E0.03454
G1 X5.07 Y-14.492 E0.0337
G1 X4.434 Y-14.699 E0.03337
G1 X3.82 Y-14.873 E0.03184
G1 X3.201 Y-15.015 E0.03168
G1 X2.539 Y-15.145 E0.03366
G1 X1.904 Y-15.234 E0.03199
G1 X1.269 Y-15.299 E0.03185
G1 X0.637 Y-15.34 E0.0316
G1 X0.003 Y-15.353 E0.03164
G1 X-.628 Y-15.34 E0.03149
G1 X-1.261 Y-15.3 E0.03164
G1 X-1.896 Y-15.24 E0.03182
G1 X-2.53 Y-15.146 E0.03198
G1 X-3.195 Y-15.017 E0.0338
G1 X-3.798 Y-14.875 E0.03091
G1 X-4.426 Y-14.701 E0.03251
G1 X-5.062 Y-14.495 E0.03335
G1 X-5.694 Y-14.26 E0.03364
G1 X-6.33 Y-13.993 E0.03441
G1 X-6.964 Y-13.684 E0.03519
G1 X-7.616 Y-13.332 E0.03697
G1 X-8.229 Y-12.959 E0.0358
G1 X-9.021 Y-12.434 E0.04741
G1 X-9.02 Y-15.674 E0.16164
G1 X-8.422 Y-16.007 E0.03415
G1 X-7.762 Y-16.339 E0.03686
G1 X-7.129 Y-16.621 E0.03457
G1 X-6.535 Y-16.866 E0.03206
G1 X-5.794 Y-17.134 E0.03931
G1 X-5.223 Y-17.318 E0.02993
G1 X-4.53 Y-17.514 E0.03593
G1 X-3.903 Y-17.661 E0.03213
G1 X-3.265 Y-17.79 E0.03247
G1 X-2.555 Y-17.906 E0.03589
G1 X-1.956 Y-17.982 E0.03012
G1 X-1.316 Y-18.042 E0.03207
G1 X-.682 Y-18.079 E0.03168
G1 X-0.046 Y-18.088 E0.03173
G1 X0.653 Y-18.08 E0.03488
G1 X1.289 Y-18.044 E0.03178
G1 X1.917 Y-17.985 E0.03147
G1 X2.531 Y-17.913 E0.03084
G1 X3.239 Y-17.795 E0.03581
G1 X3.889 Y-17.664 E0.03308
G1 X4.533 Y-17.51 E0.03304
G1 X5.176 Y-17.33 E0.03331
G1 X5.747 Y-17.15 E0.02987
G1 X6.508 Y-16.877 E0.04034
G1 X7.108 Y-16.632 E0.03233
G1 X7.741 Y-16.344 E0.0347
G1 X8.392 Y-16.022 E0.03623
G1 X9.02 Y-15.674 E0.03582
G1 X9.02 Y-12.436 E0.16154
G0 F12000 X8.496 Y-13.021
G1 F2400 X8.82 Y-13.345 E0.02286
G0 F12000 X8.82 Y-13.911
G1 F2400 X8.149 Y-13.24 E0.04734
G0 F12000 X7.797 Y-13.453
G1 F2400 X8.82 Y-14.477 E0.07221
G0 F12000 X8.82 Y-15.042
G1 F2400 X7.434 Y-13.656 E0.09779
G0 F12000 X7.066 Y-13.854
G1 F2400 X8.787 Y-15.575 E0.12143
G0 F12000 X8.423 Y-15.777
G1 F2400 X6.686 Y-14.04 E0.12255
G0 F12000 X6.299 Y-14.219
G1 F2400 X8.05 Y-15.969 E0.12351
G0 F12000 X7.671 Y-16.156
G1 F2400 X5.903 Y-14.388 E0.12474
G0 F12000 X5.496 Y-14.547
G1 F2400 X7.282 Y-16.333 E0.12601
G0 F12000 X6.889 Y-16.505
G1 F2400 X5.082 Y-14.699 E0.12746
G0 F12000 X4.655 Y-14.837
G1 F2400 X6.488 Y-16.67 E0.12933
G0 F12000 X6.073 Y-16.821
G1 F2400 X4.219 Y-14.967 E0.13081
G0 F12000 X3.775 Y-15.088
G1 F2400 X5.655 Y-16.968 E0.13264
G0 F12000 X5.225 Y-17.104
G1 F2400 X3.314 Y-15.194 E0.1348
G0 F12000 X2.843 Y-15.288
G1 F2400 X4.786 Y-17.231 E0.13709
G0 F12000 X4.34 Y-17.35
G1 F2400 X2.361 Y-15.372 E0.13959
G0 F12000 X1.863 Y-15.44
G1 F2400 X3.882 Y-17.458 E0.14242
G0 F12000 X3.413 Y-17.555
G1 F2400 X1.349 Y-15.491 E0.14563
G0 F12000 X0.82 Y-15.528
G1 F2400 X2.935 Y-17.643 E0.14922
G0 F12000 X2.449 Y-17.722
G1 F2400 X0.274 Y-15.547 E0.15346
G0 F12000 X-.293 Y-15.546
G1 F2400 X1.942 Y-17.781 E0.15769
G0 F12000 X1.425 Y-17.83
G1 F2400 X-.881 Y-15.524 E0.1627
G0 F12000 X-1.492 Y-15.479
G1 F2400 X0.895 Y-17.866 E0.16842
G0 F12000 X0.348 Y-17.884
G1 F2400 X-2.129 Y-15.407 E0.17477
G0 F12000 X-2.807 Y-15.295
G1 F2400 X-.216 Y-17.886 E0.18281
G0 F12000 X-.795 Y-17.872
G1 F2400 X-3.524 Y-15.144 E0.19251
G0 F12000 X-4.286 Y-14.948
G1 F2400 X-1.399 Y-17.834 E0.20366
G0 F12000 X-2.027 Y-17.772
G1 F2400 X-5.11 Y-14.689 E0.21752
G1 X-5.18 Y-14.619
G0 F12000 X-6.029 Y-14.336
G1 F2400 X-2.681 Y-17.683 E0.23618
G0 F12000 X-3.365 Y-17.565
G1 F2400 X-7.083 Y-13.847 E0.26232
G1 X-7.153 Y-13.777
G0 F12000 X-8.43 Y-13.066
G1 F2400 X-4.083 Y-17.413 E0.3067
G0 F12000 X-4.844 Y-17.218
G1 F2400 X-8.82 Y-13.242 E0.28053
G0 F12000 X-8.82 Y-13.808
G1 F2400 X-5.659 Y-16.968 E0.22299
G1 X-5.589 Y-17.038
G0 F12000 X-6.55 Y-16.643
G1 F2400 X-8.82 Y-14.373 E0.16016
G0 F12000 X-8.82 Y-14.939
G1 F2400 X-7.54 Y-16.219 E0.09031
G1 X-7.47 Y-16.289
G0 F12000 X-8.702 Y-15.623
G1 F2400 X-8.82 Y-15.505 E0.00833
G0 F12000 X-8.8 Y-15.505
G1 F3600 E-1
G0 F12000 X9.4 Y11.574
;TYPE:WALL-INNER
G1 F3600 E1
G1 F3000 X8.452 Y12.264 E0.0585
G1 X7.799 Y12.687 E0.03882
G1 X7.175 Y13.051 E0.03604
G1 X6.506 Y13.397 E0.03758
G1 X5.846 Y13.702 E0.03627
G1 X5.196 Y13.96 E0.03489
G1 X4.546 Y14.183 E0.03428
G1 X3.908 Y14.375 E0.03324
G1 X3.266 Y14.532 E0.03297
G1 X2.595 Y14.665 E0.03413
G1 X1.94 Y14.769 E0.03309
G1 X1.234 Y14.848 E0.03544
G1 X0.619 Y14.88 E0.03072
G1 X-0.016 Y14.896 E0.03169
G1 X-.657 Y14.879 E0.03199
G1 X-1.264 Y14.841 E0.03034
G1 X-1.967 Y14.765 E0.03528
G1 X-2.618 Y14.661 E0.03289
G1 X-3.267 Y14.531 E0.03302
G1 X-3.922 Y14.371 E0.03364
G1 X-4.567 Y14.176 E0.03362
G1 X-5.225 Y13.949 E0.03473
G1 X-5.875 Y13.686 E0.03498
G1 X-6.529 Y13.385 E0.03592
G1 X-7.241 Y13.014 E0.04005
G1 X-7.805 Y12.682 E0.03265
G1 X-8.427 Y12.28 E0.03695
G1 X-9.4 Y11.568 E0.06015
G1 X-9.4 Y15.404 E0.19138
G1 X-8.595 Y15.607 E0.04142
G1 X-7.358 Y15.879 E0.06319
G1 X-6.781 Y15.989 E0.02931
G1 X-5.465 Y16.207 E0.06655
G1 X-4.289 Y16.361 E0.05917
G1 X-3.302 Y16.458 E0.04948
G1 X-1.872 Y16.56 E0.07152
G1 X-1.219 Y16.587 E0.03261
G1 X0.073 Y16.608 E0.06447
G1 X0.683 Y16.6 E0.03044
G1 X1.825 Y16.564 E0.057
G1 X2.89 Y16.495 E0.05324
G1 X4.322 Y16.358 E0.07177
G1 X5.382 Y16.216 E0.05336
G1 X6.366 Y16.061 E0.0497
G1 X7.27 Y15.895 E0.04585
G1 X8.556 Y15.615 E0.06566
G1 X9.4 Y15.403 E0.04342
G1 X9.4 Y11.574 E0.19103
G0 F12000 X9.8 Y10.7
;TYPE:WALL-OUTER
G1 F1200 X8.87 Y11.466 E0.06011
G1 X8.234 Y11.928 E0.03922
G1 X7.597 Y12.341 E0.03788
G1 X6.964 Y12.71 E0.03655
G1 X6.337 Y13.034 E0.03521
G1 X5.698 Y13.33 E0.03513
G1 X5.066 Y13.582 E0.03394
G1 X4.43 Y13.8 E0.03354
G1 X3.796 Y13.991 E0.03303
G1 X3.163 Y14.145 E0.0325
G1 X2.532 Y14.27 E0.03209
G1 X1.895 Y14.371 E0.03218
G1 X1.212 Y14.448 E0.03429
G1 X0.609 Y14.48 E0.03013
G1 X-0.006 Y14.496 E0.03069
G1 X-.633 Y14.48 E0.03129
G1 X-1.222 Y14.443 E0.02944
G1 X-1.904 Y14.37 E0.03422
G1 X-2.54 Y14.269 E0.03213
G1 X-3.172 Y14.143 E0.03215
G1 X-3.806 Y13.988 E0.03256
G1 X-4.437 Y13.798 E0.03288
G1 X-5.075 Y13.578 E0.03367
G1 X-5.708 Y13.322 E0.03407
G1 X-6.345 Y13.03 E0.03496
G1 X-7.038 Y12.669 E0.03898
G1 X-7.609 Y12.332 E0.03308
G1 X-8.219 Y11.938 E0.03623
G1 X-8.939 Y11.41 E0.04454
G1 X-9.801 Y10.682 E0.05629
G1 X-9.8 Y15.716 E0.25115
G1 X-8.681 Y15.997 E0.05756
G1 X-7.455 Y16.268 E0.06264
G1 X-6.817 Y16.389 E0.0324
G1 X-5.542 Y16.601 E0.06448
G1 X-4.329 Y16.759 E0.06103
G1 X-3.334 Y16.857 E0.04988
G1 X-1.889 Y16.96 E0.07227
G1 X-1.225 Y16.987 E0.03315
G1 X0.078 Y17.008 E0.06502
G1 X0.695 Y17 E0.03078
G1 X1.851 Y16.963 E0.0577
G1 X2.955 Y16.89 E0.0552
G1 X4.374 Y16.754 E0.07112
G1 X5.444 Y16.611 E0.05386
G1 X6.438 Y16.455 E0.0502
G1 X7.355 Y16.286 E0.04652
G1 X8.653 Y16.003 E0.06628
G1 X9.8 Y15.715 E0.059
G1 X9.8 Y10.7 E0.2502
G0 F12000 X9.183 Y11.208
G1 F3600 E-1
G0 F12000 X9.155 Y12.059
G0 X7.28 Y13.271
G0 X5.292 Y14.18
G0 X3.305 Y14.769
G0 X1.324 Y15.079
G0 X-.661 Y15.12
G0 X-2.646 Y14.902
G0 X-4.634 Y14.409
G0 X-6.619 Y13.611
G0 X-7.369 Y13.198
G0 X-9.15 Y12.082
G0 X-9.166 Y12.023
;TYPE:SKIN
G1 F3600 E1
G1 F9600 X-8.591 Y12.442 E0.00887
G1 F9411.8 X-8.108 Y12.76 E0.00736
G1 F9056.6 X-7.461 Y13.153 E0.01001
G1 F9142.9 X-6.634 Y13.587 E0.01223
G1 X-6.365 Y13.715 E0.0039
G1 F3600 E-1
G0 F12000 X-6.395 Y13.78
G0 X-4.43 Y14.45
G0 X-2.45 Y14.992
G0 X-2.439 Y14.923
G1 F3600 E1
G1 F9056.6 X-3.113 Y14.797 E0.00907
G1 F9320.4 X-2.676 Y14.882 E0.00572
G1 F9142.9 X-2.439 Y14.923 E0.00315
G0 F12000 X-2.45 Y14.992
G0 X-.62 Y15.182
G0 X-.618 Y15.109
G1 F9320.4 X-1.244 Y15.072 E0.00806
G1 X-.666 Y15.107 E0.00744
G1 F9411.8 X-.618 Y15.109 E0.00061
G1 F3600 E-1
G0 F12000 X-.62 Y15.182
G0 X1.987 Y15.003
G0 X4.416 Y14.537
G0 X4.397 Y14.469
G1 F3600 E1
G1 F9320.4 X4.644 Y14.391 E0.00333
G1 X4.99 Y14.274 E0.00469
G1 F9056.6 X4.397 Y14.469 E0.00825
G0 F12000 X4.416 Y14.537
G0 X6.291 Y13.828
G0 X6.262 Y13.763
G1 F9230.8 X6.607 Y13.6 E0.00495
G1 F9320.4 X6.86 Y13.473 E0.00364
G1 F8972 X6.262 Y13.763 E0.00887
G0 F12000 X6.291 Y13.828
G0 X7.494 Y13.215
G0 X7.458 Y13.151
G1 F9142.9 X8.104 Y12.763 E0.00987
G1 F8972 X8.729 Y12.348 E0.01001
G1 X8.104 Y12.763 E0.01001
G1 F9142.9 X7.458 Y13.151 E0.00987
G1 F3600 E-1
G0 F12000 X7.494 Y13.215
G0 X5.292 Y14.18
G0 X3.305 Y14.769
G0 X1.7 Y15.02
G0 X-3.491 Y15.505
G1 F3600 E1
G1 F1422.2 X-3.271 Y15.542 E0.01878
G1 F1605.4 X-1.982 Y15.7 E0.09686
G1 F1856.9 X-1.312 Y15.749 E0.04332
G1 F1971.3 X-.659 Y15.777 E0.0397
G1 F2025.3 X-0.012 Y15.789 E0.03826
G1 F2012.6 X0.633 Y15.78 E0.03838
G1 F1967.2 X1.282 Y15.752 E0.03954
G1 F1856.9 X1.948 Y15.704 E0.04306
G1 F1690.1 X2.606 Y15.631 E0.0469
G1 F1490.7 X3.511 Y15.501 E0.07344
G1 F3600 E-1
G0 F12000 X9.02 Y12.436
G1 F3600 E1
G1 F2400 X9.02 Y15.104 E0.13311
G1 X8.472 Y15.243 E0.02821
G1 X7.201 Y15.521 E0.06491
G1 X6.297 Y15.689 E0.04587
G1 X5.352 Y15.834 E0.0477
G1 X4.233 Y15.98 E0.0563
G1 X2.886 Y16.111 E0.06752
G1 X1.804 Y16.184 E0.0541
G1 X0.675 Y16.22 E0.05635
G1 X0.075 Y16.228 E0.02994
G1 X-1.202 Y16.204 E0.06372
G1 X-1.844 Y16.18 E0.03205
G1 X-3.261 Y16.076 E0.07088
G1 X-4.237 Y15.982 E0.04892
G1 X-5.348 Y15.838 E0.05589
G1 X-6.686 Y15.62 E0.06763
G1 X-7.282 Y15.506 E0.03027
G1 X-8.501 Y15.233 E0.06232
G1 X-9.019 Y15.107 E0.0266
G1 X-9.016 Y12.436 E0.13326
G1 X-8.235 Y12.955 E0.04678
G1 X-7.6 Y13.34 E0.03705
G1 X-6.964 Y13.685 E0.0361
G1 X-6.468 Y13.925 E0.02749
G1 X-5.7 Y14.256 E0.04172
G1 X-5.07 Y14.492 E0.03356
G1 X-4.434 Y14.699 E0.03337
G1 X-3.802 Y14.873 E0.0327
G1 X-3.204 Y15.019 E0.03071
G1 X-2.536 Y15.141 E0.03388
G1 X-1.907 Y15.238 E0.03175
G1 X-1.269 Y15.304 E0.032
G1 X-.636 Y15.34 E0.03163
G1 X-0.004 Y15.352 E0.03154
G1 X0.628 Y15.34 E0.03154
G1 X1.26 Y15.304 E0.03158
G1 X1.897 Y15.24 E0.03194
G1 X2.531 Y15.142 E0.03201
G1 X3.194 Y15.017 E0.03366
G1 X3.794 Y14.875 E0.03076
G1 X4.426 Y14.701 E0.0327
G1 X5.001 Y14.519 E0.03009
G1 X5.695 Y14.26 E0.03696
G1 X6.331 Y13.989 E0.03449
G1 X6.963 Y13.685 E0.03499
G1 X7.592 Y13.344 E0.0357
G1 X8.228 Y12.96 E0.03707
G1 X9.02 Y12.436 E0.04738
G0 F12000 X8.82 Y14.373
G1 F2400 X8.065 Y15.129 E0.0533
G0 F12000 X7.341 Y15.286
G1 F2400 X8.82 Y13.808 E0.10432
G0 F12000 X8.82 Y13.242
G1 F2400 X6.64 Y15.422 E0.15381
G0 F12000 X5.957 Y15.539
G1 F2400 X8.429 Y13.067 E0.17441
G1 X8.499 Y12.997
G0 F12000 X7.084 Y13.847
G1 F2400 X5.289 Y15.641 E0.12661
G0 F12000 X4.639 Y15.726
G1 F2400 X6.031 Y14.334 E0.09821
G1 X6.101 Y14.264
G0 F12000 X5.106 Y14.693
G1 F2400 X3.989 Y15.81 E0.07881
G0 F12000 X3.843 Y15.39
G1 F2400 X4.287 Y14.946 E0.03133
G1 F3600 E-1
G0 F12000 X0.815 Y15.101
G0 X-3.774 Y15.088
G1 F3600 E1
G1 F2400 X-4.441 Y15.754 E0.04703
G0 F12000 X-4.941 Y15.689
G1 F2400 X-4.217 Y14.965 E0.05108
G0 F12000 X-4.654 Y14.837
G1 F2400 X-5.439 Y15.621 E0.05535
G0 F12000 X-5.926 Y15.542
G1 F2400 X-5.081 Y14.698 E0.05958
G0 F12000 X-5.495 Y14.546
G1 F2400 X-6.412 Y15.463 E0.0647
G0 F12000 X-6.893 Y15.378
G1 F2400 X-5.902 Y14.387 E0.06992
G0 F12000 X-6.297 Y14.216
G1 F2400 X-7.364 Y15.283 E0.07528
G0 F12000 X-7.824 Y15.178
G1 F2400 X-6.687 Y14.041 E0.08022
G0 F12000 X-7.068 Y13.856
G1 F2400 X-8.284 Y15.073 E0.08583
G0 F12000 X-8.745 Y14.967
G1 F2400 X-7.434 Y13.656 E0.0925
G0 F12000 X-7.797 Y13.453
G1 F2400 X-8.818 Y14.475 E0.07207
G0 F12000 X-8.818 Y13.909
G1 F2400 X-8.149 Y13.241 E0.04717
G0 F12000 X-8.496 Y13.021
G1 F2400 X-8.817 Y13.342 E0.02265
G0 F12000 X-8.8 Y13.342
G1 F3600 E-1
;MESH:NONMESH
G0 F12000 X-4.491 Y-19.032
;TIME_ELAPSED:829.740467
;LAYER:58
;MESH:overhang.stl
G0 X-4.491 Y-19.032 Z17.7
;TYPE:FILL
G1 F3600 E1
G1 F9600 X-9.04 Y-19.032 E0.22695
G1 X-9.039 Y-16.861 E0.10831
G1 X-8.34 Y-17.231 E0.03946
G1 X-7.857 Y-19.033 E0.09308
G1 X-7.832 Y-19.129
G1 F3600 E-1
G0 F12000 X-7.832 Y-19.092
G0 X4.567 Y-19.033
G1 F3600 E1
G1 F9600 X4.453 Y-18.608 E0.02195
G1 X4.487 Y-19.032 E0.02122
G1 X9.04 Y-19.032 E0.22715
G1 X9.14 Y-19.032
G1 F3600 E-1
G0 F12000 X9.1 Y-19.032
G0 X9.153 Y-13.125
G0 X9.4 Y-12.662
;TYPE:WALL-INNER
G1 F3600 E1
G1 F3000 X9.4 Y-19.392 E0.33576
G1 X-9.4 Y-19.392 E0.93794
G1 X-9.4 Y-12.662 E0.33576
G1 X-8.437 Y-13.301 E0.05766
G1 X-7.833 Y-13.669 E0.03529
G1 X-7.139 Y-14.044 E0.03936
G1 X-6.485 Y-14.362 E0.03628
G1 X-5.834 Y-14.635 E0.03522
G1 X-5.186 Y-14.875 E0.03447
G1 X-4.533 Y-15.087 E0.03425
G1 X-3.89 Y-15.265 E0.03329
G1 X-3.294 Y-15.405 E0.03054
G1 X-2.604 Y-15.54 E0.03508
G1 X-1.934 Y-15.638 E0.03378
G1 X-1.287 Y-15.699 E0.03242
G1 X-.636 Y-15.74 E0.03254
G1 X0.012 Y-15.752 E0.03233
G1 X0.663 Y-15.739 E0.03248
G1 X1.309 Y-15.697 E0.0323
G1 X1.96 Y-15.631 E0.03265
G1 X2.584 Y-15.543 E0.03144
G1 X3.291 Y-15.405 E0.03594
G1 X3.911 Y-15.262 E0.03174
G1 X4.558 Y-15.079 E0.03355
G1 X5.21 Y-14.867 E0.0342
G1 X5.834 Y-14.635 E0.03321
G1 X6.514 Y-14.345 E0.03688
G1 X7.157 Y-14.033 E0.03566
G1 X7.807 Y-13.682 E0.03685
G1 X8.456 Y-13.289 E0.03785
G1 X9.4 Y-12.662 E0.05654
G0 F12000 X9.8 Y-11.837
;TYPE:WALL-OUTER
G1 F1200 X9.8 Y-19.792 E0.39688
G1 X-9.8 Y-19.792 E0.97785
G1 X-9.8 Y-11.837 E0.39688
G1 X-8.863 Y-12.539 E0.05841
G1 X-8.229 Y-12.959 E0.03794
G1 X-7.616 Y-13.332 E0.0358
G1 X-6.964 Y-13.684 E0.03697
G1 X-6.33 Y-13.993 E0.03519
G1 X-5.694 Y-14.26 E0.03441
G1 X-5.062 Y-14.495 E0.03364
G1 X-4.426 Y-14.701 E0.03335
G1 X-3.798 Y-14.875 E0.03251
G1 X-3.195 Y-15.017 E0.03091
G1 X-2.53 Y-15.146 E0.0338
G1 X-1.896 Y-15.24 E0.03198
G1 X-1.261 Y-15.3 E0.03182
G1 X-.628 Y-15.34 E0.03164
G1 X0.004 Y-15.352 E0.03154
G1 X0.637 Y-15.34 E0.03159
G1 X1.269 Y-15.299 E0.0316
G1 X1.904 Y-15.235 E0.03184
G1 X2.539 Y-15.145 E0.032
G1 X3.201 Y-15.015 E0.03366
G1 X3.803 Y-14.877 E0.03081
G1 X4.434 Y-14.699 E0.03271
G1 X5.07 Y-14.492 E0.03337
G1 X5.703 Y-14.256 E0.0337
G1 X6.34 Y-13.985 E0.03454
G1 X6.967 Y-13.681 E0.03476
G1 X7.6 Y-13.34 E0.03587
G1 X8.235 Y-12.955 E0.03705
G1 X8.872 Y-12.532 E0.03815
G1 X9.8 Y-11.837 E0.05784
G0 F12000 X9.8 Y-12.637
G0 X9.153 Y-13.125
G0 X9.016 Y-13.422
;TYPE:SKIN
G1 F2400 X8.226 Y-13.914 E0.04643
G1 X7.594 Y-14.267 E0.03612
G1 X6.964 Y-14.591 E0.03534
G1 X6.329 Y-14.871 E0.03462
G1 X5.699 Y-15.126 E0.03391
G1 X5.063 Y-15.349 E0.03362
G1 X4.436 Y-15.544 E0.03276
G1 X3.803 Y-15.71 E0.03265
G1 X3.168 Y-15.852 E0.03246
G1 X2.53 Y-15.962 E0.0323
G1 X1.905 Y-16.051 E0.0315
G1 X1.269 Y-16.115 E0.03189
G1 X0.636 Y-16.152 E0.03163
G1 X0.00 Y-16.165 E0.03174
G1 X-.628 Y-16.152 E0.03134
G1 X-1.26 Y-16.116 E0.03158
G1 X-1.897 Y-16.051 E0.03195
G1 X-2.525 Y-15.963 E0.03164
G1 X-3.158 Y-15.854 E0.03205
G1 X-3.796 Y-15.712 E0.03261
G1 X-4.427 Y-15.546 E0.03255
G1 X-5.055 Y-15.356 E0.03273
G1 X-5.692 Y-15.129 E0.03374
G1 X-6.323 Y-14.874 E0.03395
G1 X-6.958 Y-14.591 E0.03468
G1 X-7.587 Y-14.271 E0.03521
G1 X-8.239 Y-13.91 E0.03718
G1 X-9.015 Y-13.424 E0.04568
G1 X-9.016 Y-16.483 E0.15261
G1 X-8.41 Y-16.805 E0.03424
G1 X-7.774 Y-17.106 E0.0351
G1 X-7.14 Y-17.383 E0.03452
G1 X-6.41 Y-17.662 E0.03899
G1 X-5.877 Y-17.85 E0.0282
G1 X-5.181 Y-18.063 E0.03631
G1 X-4.533 Y-18.233 E0.03342
G1 X-3.902 Y-18.38 E0.03232
G1 X-3.191 Y-18.52 E0.03615
G1 X-2.554 Y-18.616 E0.03214
G1 X-1.67 Y-18.728 E0.04446
G1 X-.669 Y-18.779 E0.05
G1 X-0.023 Y-18.791 E0.03223
G1 X0.648 Y-18.78 E0.03348
G1 X1.658 Y-18.724 E0.05047
G1 X2.515 Y-18.624 E0.04305
G1 X3.22 Y-18.514 E0.0356
G1 X3.856 Y-18.387 E0.03236
G1 X4.507 Y-18.236 E0.03334
G1 X5.181 Y-18.063 E0.03472
G1 X5.829 Y-17.861 E0.03386
G1 X6.367 Y-17.681 E0.0283
G1 X7.085 Y-17.403 E0.03841
G1 X7.728 Y-17.126 E0.03493
G1 X8.405 Y-16.805 E0.03738
G1 X9.016 Y-16.48 E0.03453
G1 X9.016 Y-13.422 E0.15256
G0 F12000 X8.816 Y-16.074
G1 F2400 X8.217 Y-16.674 E0.0423
G1 X8.147 Y-16.744
G0 F12000 X7.181 Y-17.144
G1 F2400 X8.816 Y-15.508 E0.11539
G0 F12000 X8.816 Y-14.943
G1 F2400 X6.25 Y-17.509 E0.18105
G1 X6.18 Y-17.579
G0 F12000 X5.412 Y-17.781
G1 F2400 X8.816 Y-14.377 E0.24017
G0 F12000 X8.816 Y-13.811
G1 F2400 X4.63 Y-17.997 E0.29534
G0 F12000 X3.886 Y-18.176
G1 F2400 X7.543 Y-14.518 E0.25806
G1 X7.613 Y-14.448
G0 F12000 X6.468 Y-15.028
G1 F2400 X3.178 Y-18.318 E0.23213
G0 F12000 X2.507 Y-18.424
G1 F2400 X5.534 Y-15.397 E0.21357
G1 X5.604 Y-15.327
G0 F12000 X4.69 Y-15.675
G1 F2400 X1.866 Y-18.499 E0.19925
G0 F12000 X1.253 Y-18.546
G1 F2400 X3.91 Y-15.889 E0.18747
G0 F12000 X3.181 Y-16.053
G1 F2400 X0.655 Y-18.579 E0.17822
G0 F12000 X0.079 Y-18.588
G1 F2400 X2.499 Y-16.169 E0.17071
G0 F12000 X1.843 Y-16.259
G1 F2400 X-.479 Y-18.581 E0.16383
G0 F12000 X-1.024 Y-18.56
G1 F2400 X1.218 Y-16.318 E0.15819
G0 F12000 X0.618 Y-16.353
G1 F2400 X-1.563 Y-18.533 E0.15385
G0 F12000 X-2.07 Y-18.475
G1 F2400 X0.04 Y-16.365 E0.14887
G0 F12000 X-.516 Y-16.355
G1 F2400 X-2.571 Y-18.41 E0.14499
G0 F12000 X-3.062 Y-18.336
G1 F2400 X-1.055 Y-16.329 E0.1416
G0 F12000 X-1.577 Y-16.285
G1 F2400 X-3.539 Y-18.247 E0.13843
G0 F12000 X-4.007 Y-18.149
G1 F2400 X-2.085 Y-16.227 E0.13561
G0 F12000 X-2.58 Y-16.157
G1 F2400 X-4.467 Y-18.043 E0.1331
G0 F12000 X-4.915 Y-17.926
G1 F2400 X-3.063 Y-16.074 E0.13067
G0 F12000 X-3.531 Y-15.976
G1 F2400 X-5.355 Y-17.8 E0.12869
G0 F12000 X-5.788 Y-17.667
G1 F2400 X-3.989 Y-15.868 E0.12693
G0 F12000 X-4.437 Y-15.751
G1 F2400 X-6.207 Y-17.521 E0.12488
G0 F12000 X-6.619 Y-17.367
G1 F2400 X-4.873 Y-15.621 E0.12319
G0 F12000 X-5.299 Y-15.481
G1 F2400 X-7.029 Y-17.211 E0.12206
G0 F12000 X-7.424 Y-17.041
G1 F2400 X-5.716 Y-15.333 E0.12051
G0 F12000 X-6.121 Y-15.172
G1 F2400 X-7.814 Y-16.865 E0.11945
G0 F12000 X-8.197 Y-16.683
G1 F2400 X-6.52 Y-15.005 E0.11836
G0 F12000 X-6.911 Y-14.831
G1 F2400 X-8.572 Y-16.492 E0.11719
G0 F12000 X-8.816 Y-16.169
G1 F2400 X-7.292 Y-14.646 E0.10749
G0 F12000 X-7.666 Y-14.455
G1 F2400 X-8.816 Y-15.604 E0.0811
G0 F12000 X-8.816 Y-15.038
G1 F2400 X-8.031 Y-14.254 E0.05535
G0 F12000 X-8.393 Y-14.05
G1 F2400 X-8.816 Y-14.472 E0.02981
G0 F12000 X-8.816 Y-13.907
G1 F2400 X-8.741 Y-13.832 E0.00529
G1 F3600 E-1
G0 F12000 X9.4 Y12.663
;TYPE:WALL-INNER
G1 F3600 E1
G1 F3000 X8.435 Y13.302 E0.05774
G1 X7.782 Y13.696 E0.03805
G1 X7.137 Y14.045 E0.03659
G1 X6.488 Y14.357 E0.03593
G1 X5.835 Y14.635 E0.03541
G1 X5.122 Y14.9 E0.03795
G1 X4.532 Y15.086 E0.03086
G1 X3.887 Y15.264 E0.03338
G1 X3.268 Y15.41 E0.03173
G1 X2.592 Y15.537 E0.03432
G1 X1.937 Y15.638 E0.03306
G1 X1.283 Y15.704 E0.03279
G1 X0.636 Y15.739 E0.03233
G1 X-0.012 Y15.752 E0.03234
G1 X-.659 Y15.739 E0.03229
G1 X-1.309 Y15.702 E0.03248
G1 X-1.968 Y15.634 E0.03305
G1 X-2.609 Y15.534 E0.03237
G1 X-3.265 Y15.415 E0.03326
G1 X-3.908 Y15.259 E0.03301
G1 X-4.558 Y15.079 E0.03365
G1 X-5.211 Y14.867 E0.03425
G1 X-5.831 Y14.635 E0.03303
G1 X-6.642 Y14.285 E0.04407
G1 X-7.162 Y14.032 E0.02885
G1 X-7.807 Y13.682 E0.03661
G1 X-8.456 Y13.289 E0.03785
G1 X-9.4 Y12.662 E0.05654
G1 X-9.4 Y15.743 E0.15371
G1 X-8.597 Y15.942 E0.04127
G1 X-7.364 Y16.209 E0.06294
G1 X-6.603 Y16.355 E0.03866
G1 X-5.47 Y16.539 E0.05727
G1 X-4.299 Y16.689 E0.0589
G1 X-3.682 Y16.755 E0.03096
G1 X-2.446 Y16.856 E0.06187
G1 X-1.837 Y16.892 E0.03044
G1 X-.605 Y16.932 E0.0615
G1 X0.711 Y16.929 E0.06566
G1 X1.852 Y16.891 E0.05696
G1 X2.941 Y16.821 E0.05444
G1 X3.691 Y16.754 E0.03757
G1 X4.479 Y16.667 E0.03955
G1 X5.407 Y16.545 E0.0467
G1 X6.37 Y16.395 E0.04862
G1 X7.297 Y16.224 E0.04703
G1 X8.59 Y15.946 E0.06598
G1 X9.4 Y15.743 E0.04166
G1 X9.4 Y12.663 E0.15366
G0 F12000 X9.8 Y11.836
;TYPE:WALL-OUTER
G1 F1200 X8.863 Y12.539 E0.05844
G1 X8.228 Y12.96 E0.03801
G1 X7.592 Y13.344 E0.03707
G1 X6.963 Y13.685 E0.0357
G1 X6.331 Y13.989 E0.03499
G1 X5.695 Y14.26 E0.03449
G1 X5.001 Y14.519 E0.03696
G1 X4.426 Y14.701 E0.03009
G1 X3.795 Y14.875 E0.03266
G1 X3.194 Y15.017 E0.03081
G1 X2.531 Y15.142 E0.03366
G1 X1.897 Y15.24 E0.03201
G1 X1.26 Y15.304 E0.03194
G1 X0.628 Y15.34 E0.03158
G1 X-0.004 Y15.352 E0.03154
G1 X-.636 Y15.34 E0.03154
G1 X-1.269 Y15.304 E0.03163
G1 X-1.907 Y15.238 E0.032
G1 X-2.537 Y15.141 E0.0318
G1 X-3.204 Y15.019 E0.03383
G1 X-3.802 Y14.873 E0.03071
G1 X-4.434 Y14.699 E0.0327
G1 X-5.071 Y14.492 E0.03342
G1 X-5.7 Y14.256 E0.03352
G1 X-6.468 Y13.925 E0.04172
G1 X-6.972 Y13.68 E0.02796
G1 X-7.6 Y13.34 E0.03563
G1 X-8.235 Y12.955 E0.03705
G1 X-8.873 Y12.532 E0.03819
G1 X-9.8 Y11.833 E0.05792
G1 X-9.8 Y16.055 E0.21064
G1 X-8.682 Y16.333 E0.05748
G1 X-7.439 Y16.602 E0.06345
G1 X-6.685 Y16.747 E0.03831
G1 X-5.521 Y16.936 E0.05883
G1 X-4.343 Y17.086 E0.05925
G1 X-3.716 Y17.153 E0.03146
G1 X-2.47 Y17.256 E0.06238
G1 X-1.851 Y17.292 E0.03093
G1 X-.605 Y17.332 E0.0622
G1 X0.723 Y17.329 E0.06625
G1 X1.878 Y17.291 E0.05765
G1 X2.976 Y17.219 E0.0549
G1 X3.734 Y17.152 E0.03796
G1 X4.531 Y17.064 E0.04
G1 X5.469 Y16.94 E0.0472
G1 X6.467 Y16.784 E0.0504
G1 X7.381 Y16.615 E0.04637
G1 X8.662 Y16.341 E0.06535
G1 X9.8 Y16.055 E0.05854
G1 X9.8 Y11.836 E0.21049
G0 F12000 X9.16 Y12.316
G0 X9.153 Y13.123
G0 X9.017 Y13.423
;TYPE:SKIN
G1 F2400 X9.019 Y15.443 E0.10078
G1 X8.507 Y15.571 E0.02633
G1 X7.225 Y15.85 E0.06546
G1 X6.332 Y16.014 E0.0453
G1 X5.196 Y16.188 E0.05734
G1 F1939.4 X4.788 Y16.146 E0.02532
G1 F1666.7 X4.421 Y16.209 E0.02675
G1 F1791 X3.644 Y16.319 E0.05246
G1 F1963.2 X2.907 Y16.406 E0.04526
G1 F2142.9 X1.828 Y16.499 E0.06051
G1 F2324.5 X0.647 Y16.55 E0.06089
G1 F2406 X-.639 Y16.551 E0.064
G1 F2330.1 X-1.815 Y16.5 E0.06049
G1 F2201.8 X-2.415 Y16.453 E0.03273
G1 F2008.4 X-3.636 Y16.322 E0.07321
G1 F1811.3 X-4.247 Y16.235 E0.0408
G1 F1684.2 X-4.785 Y16.146 E0.03877
G1 F1939.4 X-5.218 Y16.193 E0.02689
G1 F2400 X-6.537 Y15.979 E0.06667
G1 X-7.201 Y15.852 E0.03373
G1 X-8.502 Y15.57 E0.06641
G1 X-9.019 Y15.443 E0.02656
G1 X-9.017 Y13.423 E0.10078
G1 X-8.23 Y13.914 E0.04628
G1 X-7.593 Y14.267 E0.03633
G1 X-6.967 Y14.587 E0.03508
G1 X-6.33 Y14.871 E0.0348
G1 X-5.699 Y15.126 E0.03395
G1 X-5.014 Y15.365 E0.0362
G1 F1939.4 X-4.661 Y15.573 E0.0253
G1 F1720.4 X-3.819 Y15.77 E0.06018
G1 F1904.8 X-3.177 Y15.892 E0.04108
G1 F2051.3 X-2.535 Y15.987 E0.03788
G1 F2181.8 X-1.906 Y16.064 E0.03478
G1 F2296.7 X-1.269 Y16.119 E0.03333
G1 F2376.2 X-.636 Y16.152 E0.03194
G1 F2418.1 X0.004 Y16.161 E0.03169
G1 F2424.2 X0.628 Y16.151 E0.03082
G1 F2382.1 X1.26 Y16.12 E0.03181
G1 F2296.7 X1.898 Y16.065 E0.03339
G1 F2181.8 X2.528 Y15.988 E0.03483
G1 F2060.1 X3.165 Y15.894 E0.03742
G1 F1912.4 X3.809 Y15.771 E0.04105
G1 F1777.8 X4.638 Y15.587 E0.05719
G1 F2008.4 X5.016 Y15.364 E0.02617
G1 F2400 X5.69 Y15.129 E0.03561
G1 X6.323 Y14.874 E0.03405
G1 X6.957 Y14.595 E0.03456
G1 X7.588 Y14.27 E0.03541
G1 X8.221 Y13.919 E0.03611
G1 X9.017 Y13.423 E0.04679
G0 F12000 X8.741 Y13.832
G1 F2400 X8.818 Y13.909 E0.00543
G0 F12000 X8.392 Y14.049
G1 F2400 X8.818 Y14.475 E0.03006
G0 F12000 X8.819 Y15.042
G1 F2400 X8.031 Y14.254 E0.0556
G0 F12000 X7.667 Y14.455
G1 F2400 X8.565 Y15.353 E0.06336
G0 F12000 X8.101 Y15.455
G1 F2400 X7.294 Y14.648 E0.05694
G0 F12000 X6.913 Y14.833
G1 F2400 X7.637 Y15.556 E0.05105
G0 F12000 X7.172 Y15.657
G1 F2400 X6.521 Y15.006 E0.04593
G0 F12000 X6.121 Y15.172
G1 F2400 X6.693 Y15.744 E0.04036
G0 F12000 X6.213 Y15.829
G1 F2400 X5.716 Y15.333 E0.03503
G0 F12000 X5.296 Y15.479
G1 F2400 X5.722 Y15.904 E0.03002
G0 F12000 X5.232 Y15.98
G1 F2400 X4.936 Y15.684 E0.02088
G1 F3600 E-1
G0 F12000 X0.494 Y15.964
G0 X-4.996 Y15.935
G1 F3600 E1
G1 F2400 X-5.536 Y15.394 E0.03814
G0 F12000 X-5.561 Y15.935
G1 F2400 X-6.47 Y15.026 E0.06413
G1 X-6.54 Y14.956
G0 F12000 X-6.928 Y15.7
G1 F2400 X-8.818 Y13.809 E0.13338
G0 F12000 X-8.818 Y14.375
G1 F2400 X-7.642 Y15.551 E0.08297
G0 F12000 X-8.363 Y15.396
G1 F2400 X-8.819 Y14.94 E0.03217
G0 F12000 X-7.546 Y14.516
G1 F2400 X-6.237 Y15.824 E0.09232
G1 X-6.167 Y15.894
G0 F12000 X-6.155 Y15.823
G1 F3600 E-1
;MESH:NONMESH
G0 F12000 X-6.778 Y-19.032
;TIME_ELAPSED:845.149068
;LAYER:59
;MESH:overhang.stl
G0 X-6.778 Y-19.032 Z18
;TYPE:FILL
G1 F3600 E1
G1 F9600 X-9.04 Y-19.032 E0.11285
G1 X-9.04 Y-17.621 E0.0704
G1 X-8.363 Y-17.963 E0.03784
G1 X-8.076 Y-19.033 E0.05527
G1 X-8.051 Y-19.129
G1 F3600 E-1
G0 F12000 X-8.051 Y-19.092
G0 X4.605 Y-16.162
G0 X6.579 Y-15.462
G0 X7.695 Y-14.9
G0 X9.153 Y-14.1
G0 X9.4 Y-13.652
;TYPE:WALL-INNER
G1 F3600 E1
G1 F3000 X9.4 Y-19.392 E0.28637
G1 X-9.4 Y-19.392 E0.93794
G1 X-9.4 Y-13.655 E0.28622
G1 X-8.423 Y-14.266 E0.05749
G1 X-7.769 Y-14.627 E0.03727
G1 X-7.121 Y-14.957 E0.03628
G1 X-6.473 Y-15.245 E0.03538
G1 X-5.826 Y-15.506 E0.03481
G1 X-5.171 Y-15.739 E0.03468
G1 X-4.529 Y-15.933 E0.03346
G1 X-3.883 Y-16.102 E0.03331
G1 X-3.226 Y-16.248 E0.03358
G1 X-2.581 Y-16.359 E0.03265
G1 X-1.937 Y-16.449 E0.03244
G1 X-1.283 Y-16.516 E0.0328
G1 X-.659 Y-16.552 E0.03118
G1 X0.012 Y-16.564 E0.03348
G1 X0.659 Y-16.552 E0.03228
G1 X1.283 Y-16.516 E0.03118
G1 X1.961 Y-16.446 E0.03401
G1 X2.598 Y-16.356 E0.0321
G1 X3.255 Y-16.242 E0.03327
G1 X3.905 Y-16.097 E0.03323
G1 X4.554 Y-15.926 E0.03348
G1 X5.195 Y-15.727 E0.03349
G1 X5.849 Y-15.497 E0.03459
G1 X6.491 Y-15.237 E0.03456
G1 X7.115 Y-14.961 E0.03404
G1 X7.789 Y-14.617 E0.03775
G1 X8.438 Y-14.254 E0.0371
G1 X9.4 Y-13.652 E0.05662
G0 F12000 X9.8 Y-12.867
;TYPE:WALL-OUTER
G1 F1200 X9.8 Y-19.792 E0.34549
G1 X-9.8 Y-19.792 E0.97785
G1 X-9.801 Y-12.87 E0.34534
G1 X-8.859 Y-13.522 E0.05716
G1 X-8.229 Y-13.916 E0.03707
G1 X-7.587 Y-14.271 E0.0366
G1 X-6.958 Y-14.591 E0.03521
G1 X-6.323 Y-14.874 E0.03468
G1 X-5.692 Y-15.129 E0.03395
G1 X-5.055 Y-15.356 E0.03374
G1 X-4.427 Y-15.546 E0.03273
G1 X-3.796 Y-15.712 E0.03255
G1 X-3.158 Y-15.854 E0.03261
G1 X-2.525 Y-15.963 E0.03205
G1 X-1.897 Y-16.051 E0.03164
G1 X-1.26 Y-16.116 E0.03195
G1 X-.628 Y-16.152 E0.03158
G1 X0.004 Y-16.164 E0.03154
G1 X0.636 Y-16.152 E0.03154
G1 X1.269 Y-16.115 E0.03163
G1 X1.905 Y-16.05 E0.0319
G1 X2.53 Y-15.962 E0.03149
G1 X3.168 Y-15.852 E0.0323
G1 X3.803 Y-15.71 E0.03246
G1 X4.436 Y-15.544 E0.03265
G1 X5.063 Y-15.349 E0.03276
G1 X5.699 Y-15.126 E0.03362
G1 X6.329 Y-14.871 E0.03391
G1 X6.964 Y-14.59 E0.03464
G1 X7.594 Y-14.267 E0.03532
G1 X8.226 Y-13.914 E0.03612
G1 X8.862 Y-13.517 E0.0374
G1 X9.8 Y-12.867 E0.05693
G0 F12000 X9.8 Y-13.667
G1 F3600 E-1
G0 F12000 X9.153 Y-14.1
G0 X7.237 Y-15.168
G0 X5.262 Y-15.96
G0 X3.288 Y-16.483
G0 X1.316 Y-16.753
G0 X-.658 Y-16.792
G0 X-2.629 Y-16.598
G0 X-4.604 Y-16.163
G0 X-6.204 Y-15.595
G0 X-9.02 Y-14.336
;TYPE:SKIN
G1 F3600 E1
G1 F2400 X-9.02 Y-17.248 E0.14528
G1 X-8.417 Y-17.553 E0.03371
G1 X-7.77 Y-17.848 E0.03548
G1 X-7.111 Y-18.122 E0.03561
G1 X-5.943 Y-18.555 E0.06215
G1 X-5.929 Y-18.543 E0.00092
G1 X-5.199 Y-18.76 E0.03799
G1 X-4.207 Y-19.012 E0.05106
G1 X4.21 Y-19.012 E0.41993
G1 X5.154 Y-18.771 E0.04861
G1 X5.791 Y-18.583 E0.03314
G1 X6.445 Y-18.364 E0.03441
G1 X7.095 Y-18.125 E0.03455
G1 X7.74 Y-17.86 E0.03479
G1 X8.366 Y-17.576 E0.0343
G1 X9.02 Y-17.248 E0.0365
G1 X9.02 Y-14.359 E0.14413
G1 X7.946 Y-14.963 E0.06147
G1 X7.265 Y-15.312 E0.03818
G1 X6.645 Y-15.584 E0.03378
G1 X5.995 Y-15.846 E0.03496
G1 X5.291 Y-16.093 E0.03722
G1 X4.659 Y-16.288 E0.033
G1 X4.004 Y-16.462 E0.03381
G1 X3.361 Y-16.608 E0.0329
G1 X2.663 Y-16.73 E0.03535
G1 X2.013 Y-16.822 E0.03275
G1 X1.345 Y-16.891 E0.0335
G1 X0.675 Y-16.928 E0.03348
G1 X0.021 Y-16.944 E0.03264
G1 X-.64 Y-16.932 E0.03298
G1 X-1.305 Y-16.892 E0.03324
G1 X-1.972 Y-16.828 E0.03343
G1 X-2.632 Y-16.735 E0.03325
G1 X-3.327 Y-16.614 E0.0352
G1 X-3.968 Y-16.472 E0.03275
G1 X-4.628 Y-16.298 E0.03405
G1 X-5.278 Y-16.104 E0.03384
G1 X-5.956 Y-15.861 E0.03593
G1 X-6.616 Y-15.594 E0.03552
G1 X-7.314 Y-15.283 E0.03812
G1 X-7.943 Y-14.963 E0.03521
G1 X-8.619 Y-14.59 E0.03852
G1 X-9.02 Y-14.336 E0.02368
G0 F12000 X-8.82 Y-16.636
G1 F2400 X-7.874 Y-17.582 E0.06675
G1 X-7.804 Y-17.652
G0 F12000 X-6.904 Y-17.986
G1 F2400 X-8.82 Y-16.07 E0.13518
G0 F12000 X-8.82 Y-15.505
G1 F2400 X-6.005 Y-18.319 E0.19858
G1 X-5.935 Y-18.389
G0 F12000 X-5.21 Y-18.549
G1 F2400 X-8.82 Y-14.939 E0.2547
G0 F12000 X-8.076 Y-15.117
G1 F2400 X-4.448 Y-18.745 E0.25597
G0 F12000 X-3.816 Y-18.812
G1 F2400 X-6.975 Y-15.653 E0.22288
G1 X-7.045 Y-15.583
G0 F12000 X-6.006 Y-16.056
G1 F2400 X-3.25 Y-18.812 E0.19445
G0 F12000 X-2.684 Y-18.812
G1 F2400 X-5.143 Y-16.353 E0.1735
G1 X-5.213 Y-16.283
G0 F12000 X-4.354 Y-16.576
G1 F2400 X-2.118 Y-18.812 E0.15776
G0 F12000 X-1.553 Y-18.812
G1 F2400 X-3.608 Y-16.756 E0.14503
G0 F12000 X-2.91 Y-16.889
G1 F2400 X-.987 Y-18.812 E0.13568
G0 F12000 X-.421 Y-18.812
G1 F2400 X-2.242 Y-16.992 E0.12845
G0 F12000 X-1.604 Y-17.064
G1 F2400 X0.144 Y-18.812 E0.12333
G0 F12000 X0.71 Y-18.812
G1 F2400 X-.99 Y-17.112 E0.11994
G0 F12000 X-.4 Y-17.137
G1 F2400 X1.276 Y-18.812 E0.11822
G0 F12000 X1.841 Y-18.812
G1 F2400 X0.17 Y-17.14 E0.11793
G0 F12000 X0.721 Y-17.125
G1 F2400 X2.407 Y-18.812 E0.11899
G0 F12000 X2.973 Y-18.812
G1 F2400 X1.257 Y-17.096 E0.12107
G0 F12000 X1.774 Y-17.048
G1 F2400 X3.538 Y-18.812 E0.12446
G0 F12000 X4.104 Y-18.812
G1 F2400 X2.278 Y-16.986 E0.12883
G0 F12000 X2.771 Y-16.913
G1 F2400 X4.571 Y-18.714 E0.12704
G0 F12000 X5.023 Y-18.599
G1 F2400 X3.253 Y-16.829 E0.12488
G0 F12000 X3.72 Y-16.731
G1 F2400 X5.462 Y-18.472 E0.12287
G0 F12000 X5.893 Y-18.338
G1 F2400 X4.177 Y-16.622 E0.12107
G0 F12000 X4.624 Y-16.504
G1 F2400 X6.317 Y-18.197 E0.11945
G0 F12000 X6.732 Y-18.046
G1 F2400 X5.059 Y-16.373 E0.11804
G0 F12000 X5.487 Y-16.235
G1 F2400 X7.141 Y-17.889 E0.1167
G0 F12000 X7.543 Y-17.725
G1 F2400 X5.906 Y-16.088 E0.1155
G0 F12000 X6.315 Y-15.932
G1 F2400 X7.935 Y-17.552 E0.1143
G0 F12000 X8.323 Y-17.374
G1 F2400 X6.718 Y-15.769 E0.11324
G0 F12000 X7.111 Y-15.597
G1 F2400 X8.7 Y-17.186 E0.11211
G0 F12000 X8.82 Y-16.739
G1 F2400 X7.497 Y-15.416 E0.09334
G0 F12000 X7.872 Y-15.225
G1 F2400 X8.82 Y-16.174 E0.06692
G0 F12000 X8.82 Y-15.608
G1 F2400 X8.239 Y-15.027 E0.04099
G0 F12000 X8.598 Y-14.821
G1 F2400 X8.82 Y-15.042 E0.01563
G0 F12000 X8.8 Y-15.042
G1 F3600 E-1
G0 F12000 X9.4 Y13.655
;TYPE:WALL-INNER
G1 F3600 E1
G1 F3000 X8.415 Y14.269 E0.05791
G1 X7.788 Y14.618 E0.0358
G1 X7.152 Y14.946 E0.0357
G1 X6.473 Y15.245 E0.03701
G1 X5.823 Y15.507 E0.03496
G1 X5.174 Y15.734 E0.0343
G1 X4.529 Y15.933 E0.03368
G1 X3.883 Y16.102 E0.03331
G1 X3.226 Y16.248 E0.03358
G1 X2.581 Y16.359 E0.03265
G1 X1.937 Y16.449 E0.03244
G1 X1.264 Y16.516 E0.03374
G1 X0.636 Y16.552 E0.03138
G1 X-0.012 Y16.564 E0.03233
G1 X-.659 Y16.551 E0.03229
G1 X-1.283 Y16.516 E0.03118
G1 X-1.961 Y16.446 E0.03401
G1 X-2.598 Y16.356 E0.0321
G1 X-3.255 Y16.242 E0.03327
G1 X-3.905 Y16.097 E0.03323
G1 X-4.529 Y15.933 E0.03219
G1 X-5.201 Y15.726 E0.03508
G1 X-5.849 Y15.497 E0.03429
G1 X-6.493 Y15.237 E0.03465
G1 X-7.121 Y14.957 E0.0343
G1 X-7.787 Y14.617 E0.03731
G1 X-8.442 Y14.253 E0.03739
G1 X-9.399 Y13.655 E0.0563
G1 X-9.4 Y16.076 E0.12078
G1 X-8.625 Y16.27 E0.03986
G1 X-7.991 Y16.41 E0.03239
G1 X-6.753 Y16.655 E0.06296
G1 X-5.467 Y16.868 E0.06503
G1 X-4.769 Y16.959 E0.03512
G1 X-3.684 Y17.078 E0.05446
G1 X-3.073 Y17.133 E0.03061
G1 X-1.808 Y17.216 E0.06325
G1 X-.607 Y17.256 E0.05995
G1 X0.024 Y17.26 E0.03148
G1 X1.32 Y17.235 E0.06467
G1 X2.423 Y17.18 E0.0551
G1 X3.486 Y17.097 E0.05319
G1 X4.309 Y17.015 E0.04126
G1 X5.435 Y16.868 E0.05665
G1 X6.41 Y16.715 E0.04924
G1 X7.317 Y16.549 E0.046
G1 X8.005 Y16.407 E0.03505
G1 X9.4 Y16.089 E0.07138
G1 X9.4 Y13.655 E0.12143
G0 F12000 X9.8 Y12.866
;TYPE:WALL-OUTER
G1 F1200 X8.858 Y13.522 E0.05727
G1 X8.221 Y13.919 E0.03745
G1 X7.594 Y14.268 E0.0358
G1 X6.957 Y14.595 E0.03572
G1 X6.323 Y14.874 E0.03456
G1 X5.691 Y15.129 E0.034
G1 X5.056 Y15.352 E0.03358
G1 X4.427 Y15.546 E0.03284
G1 X3.796 Y15.712 E0.03255
G1 X3.158 Y15.854 E0.03261
G1 X2.525 Y15.963 E0.03205
G1 X1.897 Y16.051 E0.03164
G1 X1.242 Y16.117 E0.03284
G1 X0.628 Y16.152 E0.03068
G1 X-0.004 Y16.164 E0.03154
G1 X-.636 Y16.152 E0.03154
G1 X-1.269 Y16.115 E0.03163
G1 X-1.905 Y16.05 E0.0319
G1 X-2.53 Y15.962 E0.03149
G1 X-3.168 Y15.852 E0.0323
G1 X-3.803 Y15.71 E0.03246
G1 X-4.464 Y15.535 E0.03411
G1 X-5.068 Y15.348 E0.03154
G1 X-5.699 Y15.126 E0.03337
G1 X-6.33 Y14.871 E0.03395
G1 X-6.967 Y14.587 E0.0348
G1 X-7.593 Y14.267 E0.03508
G1 X-8.23 Y13.914 E0.03633
G1 X-8.867 Y13.516 E0.03747
G1 X-9.8 Y12.866 E0.05673
G1 X-9.8 Y16.388 E0.17571
G1 X-8.711 Y16.66 E0.056
G1 X-8.069 Y16.802 E0.0328
G1 X-6.836 Y17.047 E0.06272
G1 X-5.542 Y17.262 E0.06544
G1 X-4.813 Y17.357 E0.03668
G1 X-3.72 Y17.476 E0.05485
G1 X-3.119 Y17.53 E0.0301
G1 X-1.822 Y17.616 E0.06485
G1 X-.61 Y17.656 E0.0605
G1 X0.031 Y17.66 E0.03198
G1 X1.339 Y17.635 E0.06527
G1 X2.453 Y17.579 E0.05565
G1 X3.526 Y17.495 E0.0537
G1 X4.36 Y17.412 E0.04181
G1 X5.497 Y17.263 E0.05721
G1 X6.482 Y17.109 E0.04974
G1 X7.397 Y16.941 E0.04641
G1 X8.093 Y16.797 E0.03546
G1 X9.124 Y16.563 E0.05274
G1 X9.8 Y16.388 E0.03484
G1 X9.8 Y12.866 E0.17571
G0 F12000 X9.144 Y13.323
G1 F3600 E-1
G0 F12000 X9.156 Y14.105
G0 X7.601 Y14.967
G0 X4.466 Y16.477
;TYPE:SKIN
G1 F3600 E1
G1 F1864.1 X4.804 Y16.223 E0.02716
G1 F2513.1 X5.24 Y16.109 E0.02147
G1 F2212 X5.96 Y15.897 E0.04063
G1 F1893.5 X6.65 Y15.659 E0.04616
G1 F2025.3 X7.006 Y15.422 E0.02528
G1 F2400 X7.313 Y15.288 E0.01671
G1 X7.944 Y14.962 E0.03543
G1 X8.637 Y14.58 E0.03948
G1 X9.02 Y14.34 E0.02255
G1 X9.02 Y15.776 E0.07164
G1 X7.924 Y16.032 E0.05615
G1 X7.246 Y16.175 E0.03457
G1 F2025.3 X6.808 Y16.179 E0.0259
G1 F1835.6 X6.336 Y16.291 E0.03164
G1 F2069 X4.912 Y16.584 E0.08414
G1 F1748.6 X4.466 Y16.477 E0.03141
G1 F3600 E-1
G0 F12000 X0.657 Y16.792
G0 X-1.316 Y16.753
G0 X-2.435 Y16.599
G0 X-7.15 Y15.795
G1 F3600 E1
G1 F2615.8 X-7.829 Y15.66 E0.03169
G1 X-8.637 Y15.474 E0.03795
G1 X-8.637 Y15.012 E0.02115
G1 X-8.159 Y15.283 E0.02515
G1 X-7.15 Y15.795 E0.05179
G0 F12000 X-4.511 Y16.465
G1 F1784.4 X-4.969 Y16.577 E0.03164
G1 F2162.2 X-6.115 Y16.336 E0.06485
G1 F2206.9 X-6.808 Y16.255 E0.03786
G1 F2400 X-7.91 Y16.037 E0.05604
G1 X-9.02 Y15.779 E0.05685
G1 X-9.019 Y14.362 E0.07069
G1 X-7.97 Y14.951 E0.06002
G1 X-7.323 Y15.279 E0.03619
G1 F2206.9 X-5.998 Y15.882 E0.07898
G1 F2181.8 X-5.328 Y16.086 E0.03844
G1 F2480.6 X-4.849 Y16.212 E0.02391
G1 F1875 X-4.511 Y16.465 E0.02696
G1 F1536 X-4.028 Y16.557 E0.03833
G1 F1736 X-3.376 Y16.664 E0.04557
G1 F1991.7 X-2.666 Y16.753 E0.04302
G1 F2264.2 X-2.012 Y16.822 E0.03478
G1 F2533 X-1.306 Y16.874 E0.03346
G1 F2727.3 X-.672 Y16.901 E0.02786
G1 F2815.2 X-0.02 Y16.912 E0.02773
G1 F2865.7 X0.639 Y16.899 E0.02754
G1 F2782.6 X1.282 Y16.874 E0.02769
G1 F2560 X1.972 Y16.824 E0.03236
G1 F2280.3 X2.635 Y16.758 E0.03499
G1 F2008.4 X3.299 Y16.674 E0.0399
G1 F1742.3 X3.988 Y16.566 E0.04793
G1 F1521.4 X4.466 Y16.477 E0.03827
G0 F12000 X7.195 Y15.794
G1 F2615.8 X7.156 Y15.787 E0.00181
G1 X8.116 Y15.303 E0.04921
G1 X8.637 Y15.012 E0.02732
G1 X8.637 Y15.47 E0.02096
G1 X7.836 Y15.657 E0.03765
G1 X7.195 Y15.794 E0.03
G1 F3600 E-1
;MESH:NONMESH
G0 F12000 X9.4 Y-14.574
;TIME_ELAPSED:859.195236
;LAYER:60
;MESH:overhang.stl
G0 X9.4 Y-14.574 Z18.3
;TYPE:WALL-INNER
G1 F3600 E1
G1 F3000 X9.4 Y-19.392 E0.24037
G1 X-9.399 Y-19.391 E0.93789
G1 X-9.4 Y-14.576 E0.24022
G1 X-8.408 Y-15.157 E0.05735
G1 X-7.7 Y-15.537 E0.04009
G1 X-7.109 Y-15.808 E0.03244
G1 X-6.461 Y-16.086 E0.03518
G1 X-5.816 Y-16.329 E0.03439
G1 X-5.164 Y-16.549 E0.03433
G1 X-4.522 Y-16.735 E0.03335
G1 X-3.898 Y-16.891 E0.03209
G1 X-3.228 Y-17.027 E0.03411
G1 X-2.577 Y-17.139 E0.03296
G1 X-1.933 Y-17.226 E0.03242
G1 X-1.305 Y-17.286 E0.03147
G1 X-.636 Y-17.324 E0.03343
G1 X0.012 Y-17.336 E0.03233
G1 X0.659 Y-17.323 E0.03229
G1 X1.305 Y-17.286 E0.03228
G1 X1.957 Y-17.223 E0.03268
G1 X2.598 Y-17.136 E0.03227
G1 X3.244 Y-17.024 E0.03271
G1 X3.898 Y-16.891 E0.0333
G1 X4.544 Y-16.729 E0.03323
G1 X5.189 Y-16.541 E0.03352
G1 X5.832 Y-16.322 E0.03389
G1 X6.485 Y-16.076 E0.03481
G1 X7.128 Y-15.799 E0.03493
G1 X7.782 Y-15.49 E0.03609
G1 X8.429 Y-15.146 E0.03656
G1 X9.4 Y-14.574 E0.05622
G0 F12000 X9.8 Y-13.828
;TYPE:WALL-OUTER
G1 F1200 X9.8 Y-19.792 E0.29755
G1 X-9.799 Y-19.791 E0.9778
G1 X-9.8 Y-13.833 E0.29725
G1 X-8.846 Y-14.437 E0.05633
G1 X-8.219 Y-14.805 E0.03627
G1 X-7.511 Y-15.185 E0.04009
G1 X-6.951 Y-15.44 E0.0307
G1 X-6.319 Y-15.712 E0.03433
G1 X-5.688 Y-15.95 E0.03365
G1 X-5.052 Y-16.165 E0.03349
G1 X-4.425 Y-16.347 E0.03257
G1 X-3.801 Y-16.503 E0.03209
G1 X-3.159 Y-16.633 E0.03268
G1 X-2.523 Y-16.743 E0.0322
G1 X-1.895 Y-16.828 E0.03162
G1 X-1.26 Y-16.888 E0.03182
G1 X-.628 Y-16.924 E0.03158
G1 X0.004 Y-16.936 E0.03154
G1 X0.636 Y-16.924 E0.03154
G1 X1.267 Y-16.888 E0.03153
G1 X1.903 Y-16.827 E0.03188
G1 X2.53 Y-16.742 E0.03157
G1 X3.164 Y-16.632 E0.0321
G1 X3.801 Y-16.503 E0.03243
G1 X4.432 Y-16.345 E0.03245
G1 X5.061 Y-16.162 E0.03268
G1 X5.691 Y-15.948 E0.03319
G1 X6.327 Y-15.708 E0.03391
G1 X6.958 Y-15.437 E0.03426
G1 X7.594 Y-15.137 E0.03508
G1 X8.226 Y-14.801 E0.03571
G1 X8.852 Y-14.433 E0.03623
G1 X9.8 Y-13.828 E0.05611
G0 F12000 X9.8 Y-14.628
G1 F3600 E-1
G0 F12000 X9.153 Y-15.016
G0 X7.219 Y-16.022
G0 X5.25 Y-16.773
G0 X3.28 Y-17.265
G0 X1.313 Y-17.525
G0 X-.657 Y-17.563
G0 X-2.626 Y-17.376
G0 X-4.595 Y-16.963
G0 X-6.19 Y-16.429
G0 X-9.017 Y-15.239
;TYPE:SKIN
G1 F3600 E1
G1 F2400 X-9.016 Y-17.978 E0.13665
G1 X-8.397 Y-18.28 E0.03436
G1 X-7.765 Y-18.555 E0.03439
G1 X-7.14 Y-18.802 E0.03353
G1 X-6.573 Y-19.008 E0.0301
G1 X6.568 Y-19.011 E0.65561
G1 X7.113 Y-18.813 E0.02893
G1 X7.742 Y-18.567 E0.0337
G1 X8.376 Y-18.286 E0.0346
G1 X9.02 Y-17.978 E0.03561
G1 X9.02 Y-15.257 E0.13575
G1 X7.963 Y-15.825 E0.05987
G1 X7.29 Y-16.142 E0.03711
G1 X6.631 Y-16.424 E0.03576
G1 X5.963 Y-16.676 E0.03562
G1 X5.277 Y-16.91 E0.03616
G1 X4.648 Y-17.093 E0.03268
G1 X3.994 Y-17.258 E0.03365
G1 X3.319 Y-17.393 E0.03434
G1 X2.659 Y-17.509 E0.03343
G1 X1.959 Y-17.603 E0.03524
G1 X1.336 Y-17.664 E0.03123
G1 X0.679 Y-17.7 E0.03283
G1 X0.017 Y-17.716 E0.03304
G1 X-.64 Y-17.704 E0.03278
G1 X-1.301 Y-17.664 E0.03304
G1 X-1.97 Y-17.604 E0.03351
G1 X-2.627 Y-17.515 E0.03308
G1 X-3.295 Y-17.398 E0.03383
G1 X-3.983 Y-17.261 E0.035
G1 X-4.617 Y-17.103 E0.0326
G1 X-5.265 Y-16.912 E0.0337
G1 X-5.936 Y-16.686 E0.03532
G1 X-6.595 Y-16.44 E0.03509
G1 X-7.259 Y-16.157 E0.03601
G1 X-7.824 Y-15.898 E0.03101
G1 X-8.586 Y-15.493 E0.04305
G1 X-9.017 Y-15.239 E0.02496
G0 F12000 X-8.44 Y-15.794
G1 F2400 X-8.817 Y-16.171 E0.0266
G0 F12000 X-8.817 Y-16.737
G1 F2400 X-8.072 Y-15.992 E0.05256
G0 F12000 X-7.693 Y-16.179
G1 F2400 X-8.817 Y-17.302 E0.07927
G0 F12000 X-8.806 Y-17.857
G1 F2400 X-7.305 Y-16.356 E0.1059
G0 F12000 X-6.908 Y-16.524
G1 F2400 X-8.427 Y-18.043 E0.10717
G0 F12000 X-8.036 Y-18.219
G1 F2400 X-6.505 Y-16.687 E0.10806
G0 F12000 X-6.093 Y-16.841
G1 F2400 X-7.641 Y-18.389 E0.10922
G0 F12000 X-7.235 Y-18.549
G1 F2400 X-5.672 Y-16.986 E0.11028
G0 F12000 X-5.247 Y-17.126
G1 F2400 X-6.824 Y-18.704 E0.1113
G0 F12000 X-6.363 Y-18.808
G1 F2400 X-4.809 Y-17.254 E0.10964
G0 F12000 X-4.362 Y-17.373
G1 F2400 X-5.797 Y-18.808 E0.10125
G0 F12000 X-5.231 Y-18.808
G1 F2400 X-3.905 Y-17.481 E0.09359
G0 F12000 X-3.433 Y-17.575
G1 F2400 X-4.665 Y-18.808 E0.08696
G0 F12000 X-4.1 Y-18.808
G1 F2400 X-2.954 Y-17.661 E0.08089
G0 F12000 X-2.466 Y-17.739
G1 F2400 X-3.535 Y-18.808 E0.07542
G0 F12000 X-2.969 Y-18.808
G1 F2400 X-1.966 Y-17.805 E0.07077
G0 F12000 X-1.447 Y-17.852
G1 F2400 X-2.403 Y-18.808 E0.06745
G0 F12000 X-1.838 Y-18.808
G1 F2400 X-.918 Y-17.888 E0.06491
G0 F12000 X-.373 Y-17.91
G1 F2400 X-1.273 Y-18.809 E0.06346
G0 F12000 X-.707 Y-18.809
G1 F2400 X0.19 Y-17.912 E0.06329
G0 F12000 X0.772 Y-17.895
G1 F2400 X-.141 Y-18.809 E0.06445
G0 F12000 X0.424 Y-18.809
G1 F2400 X1.372 Y-17.862 E0.06685
G0 F12000 X1.999 Y-17.8
G1 F2400 X0.99 Y-18.809 E0.07119
G0 F12000 X1.555 Y-18.81
G1 F2400 X2.653 Y-17.712 E0.07747
G0 F12000 X3.337 Y-17.594
G1 F2400 X2.121 Y-18.81 E0.0858
G0 F12000 X2.686 Y-18.81
G1 F2400 X4.044 Y-17.452 E0.09581
G0 F12000 X4.806 Y-17.256
G1 F2400 X3.252 Y-18.81 E0.10964
G0 F12000 X3.818 Y-18.81
G1 F2400 X5.625 Y-17.002 E0.12753
G1 X5.695 Y-16.932
G0 F12000 X6.51 Y-16.683
G1 F2400 X4.383 Y-18.81 E0.15007
G0 F12000 X4.948 Y-18.81
G1 F2400 X7.49 Y-16.269 E0.17932
G1 X7.56 Y-16.199
G0 F12000 X8.642 Y-15.682
G1 F2400 X5.514 Y-18.81 E0.2207
G0 F12000 X6.08 Y-18.81
G1 F2400 X8.82 Y-16.07 E0.19332
G0 F12000 X8.82 Y-16.636
G1 F2400 X6.709 Y-18.747 E0.14894
G1 X6.639 Y-18.817
G0 F12000 X7.623 Y-18.399
G1 F2400 X8.82 Y-17.202 E0.08445
G0 F12000 X8.82 Y-17.767
G1 F2400 X8.66 Y-17.927 E0.01129
G1 F3600 E-1
G0 F12000 X9.4 Y14.576
;TYPE:WALL-INNER
G1 F3600 E1
G1 F3000 X8.407 Y15.158 E0.05742
G1 X7.763 Y15.502 E0.03643
G1 X7.048 Y15.837 E0.03939
G1 X6.46 Y16.086 E0.03186
G1 X6.045 Y16.242 E0.02212
G1 F2419.4 X5.715 Y16.461 E0.0245
G1 F2116.4 X5.19 Y16.612 E0.03863
G1 F2334.6 X4.532 Y16.777 E0.04349
G1 F2580.6 X3.876 Y16.917 E0.0389
G1 F2816.9 X3.227 Y17.032 E0.03502
G1 F3053.4 X2.596 Y17.125 E0.03126
G1 F3287.7 X1.932 Y17.202 E0.03043
G1 F3488.4 X1.278 Y17.256 E0.02816
G1 F3614.5 X0.635 Y17.283 E0.02665
G1 F3692.3 X-0.011 Y17.294 E0.02619
G1 F3681 X-.653 Y17.284 E0.02611
G1 F3614.5 X-1.302 Y17.253 E0.0269
G1 F3488.4 X-1.932 Y17.203 E0.02712
G1 F3278.7 X-2.596 Y17.125 E0.03052
G1 F3045.7 X-3.245 Y17.029 E0.03224
G1 F2816.9 X-3.903 Y16.912 E0.03551
G1 F2564.1 X-4.559 Y16.771 E0.03917
G1 F2316.6 X-5.215 Y16.607 E0.04369
G1 F2112.7 X-5.713 Y16.462 E0.03675
G1 F2429.1 X-6.044 Y16.243 E0.02445
G1 F3000 X-6.497 Y16.071 E0.02417
G1 X-7.066 Y15.825 E0.03093
G1 X-7.754 Y15.505 E0.03786
G1 X-8.428 Y15.146 E0.0381
G1 X-9.399 Y14.575 E0.0562
G1 X-9.4 Y16.406 E0.09135
G1 X-8.642 Y16.592 E0.03894
G1 X-7.366 Y16.87 E0.06515
G1 X-6.263 Y17.063 E0.05586
G1 F2429.1 X-5.854 Y17.032 E0.02527
G1 F2090.6 X-5.474 Y17.111 E0.02779
G1 F2334.6 X-4.297 Y17.306 E0.07648
G1 F2666.7 X-3.689 Y17.387 E0.03443
G1 F2985.1 X-2.453 Y17.518 E0.06232
G1 F3314.9 X-1.802 Y17.565 E0.02947
G1 F3539.8 X-.611 Y17.612 E0.0504
G1 F3681 X0.124 Y17.618 E0.02989
G1 F3614.5 X1.326 Y17.591 E0.04979
G1 F3370.8 X2.441 Y17.519 E0.04961
G1 F3015.1 X3.499 Y17.411 E0.05279
G1 F2690.6 X4.302 Y17.306 E0.04505
G1 F2343.8 X5.435 Y17.117 E0.07335
G1 F2090.6 X5.854 Y17.032 E0.03061
G1 F2419.4 X6.262 Y17.063 E0.02531
G1 F3000 X6.774 Y16.98 E0.02588
G1 X7.41 Y16.859 E0.0323
G1 X8.624 Y16.6 E0.06193
G1 X9.4 Y16.407 E0.03989
G1 X9.4 Y14.576 E0.09135
G0 F12000 X9.8 Y13.828
;TYPE:WALL-OUTER
G1 F1200 X8.846 Y14.437 E0.05647
G1 X8.219 Y14.805 E0.03627
G1 X7.565 Y15.154 E0.03698
G1 X6.891 Y15.469 E0.03712
G1 X6.319 Y15.712 E0.03101
G1 X5.684 Y15.95 E0.03383
G1 X5.057 Y16.16 E0.03299
G1 X4.425 Y16.347 E0.03288
G1 X3.801 Y16.503 E0.03209
G1 X3.158 Y16.634 E0.03274
G1 X2.523 Y16.743 E0.03214
G1 X1.896 Y16.828 E0.03157
G1 X1.259 Y16.888 E0.03192
G1 X0.628 Y16.92 E0.03152
G1 X-0.004 Y16.932 E0.03154
G1 X-.635 Y16.92 E0.03149
G1 X-1.268 Y16.888 E0.03162
G1 X-1.903 Y16.827 E0.03183
G1 X-2.53 Y16.742 E0.03157
G1 X-3.164 Y16.633 E0.03209
G1 X-3.801 Y16.503 E0.03244
G1 X-4.433 Y16.344 E0.03251
G1 X-5.064 Y16.158 E0.03282
G1 X-5.691 Y15.948 E0.03299
G1 X-6.338 Y15.704 E0.0345
G1 X-6.897 Y15.462 E0.03039
G1 X-7.594 Y15.137 E0.03837
G1 X-8.226 Y14.801 E0.03571
G1 X-8.852 Y14.433 E0.03623
G1 X-9.8 Y13.828 E0.05611
G1 X-9.8 Y16.719 E0.14423
G1 X-8.742 Y16.981 E0.05438
G1 X-7.439 Y17.263 E0.06651
G1 X-6.765 Y17.386 E0.03418
G1 X-5.543 Y17.586 E0.06178
G1 X-4.342 Y17.738 E0.0604
G1 X-3.724 Y17.8 E0.03099
G1 X-2.474 Y17.904 E0.06258
G1 X-1.814 Y17.94 E0.03298
G1 X-.613 Y17.976 E0.05995
G1 X0.132 Y17.98 E0.03717
G1 X1.343 Y17.96 E0.06043
G1 X2.47 Y17.904 E0.0563
G1 X3.54 Y17.82 E0.05355
G1 X4.356 Y17.736 E0.04093
G1 X5.51 Y17.588 E0.05804
G1 X6.848 Y17.373 E0.06761
G1 X7.418 Y17.266 E0.02893
G1 X8.703 Y16.993 E0.06554
G1 X9.8 Y16.719 E0.05641
G1 X9.8 Y13.828 E0.14423
G0 F12000 X9.126 Y14.258
G1 F3600 E-1
G0 F12000 X9.154 Y15.015
G0 X6.486 Y16.566
;TYPE:SKIN
G1 F3600 E1
G1 F1751.8 X7.224 Y16.253 E0.05479
G1 X7.858 Y15.962 E0.04768
G1 X8.946 Y15.377 E0.08443
G1 X8.946 Y16.065 E0.04702
G1 X7.317 Y16.411 E0.11383
G1 X6.693 Y16.534 E0.04347
G1 X6.486 Y16.566 E0.01432
G1 F3600 E-1
G0 F12000 X0.641 Y17.162
G0 X-1.09 Y17.13
G0 X-6.622 Y16.528
G1 F3600 E1
G1 F2021.1 X-7.293 Y16.51 E0.03977
G1 F2341.5 X-8.043 Y16.306 E0.03975
G1 F2025.3 X-8.946 Y16.038 E0.05569
G1 F1839.1 X-8.944 Y15.366 E0.04375
G1 F1758.2 X-8.545 Y15.594 E0.0313
G1 F1920 X-7.91 Y15.877 E0.04336
G1 F2330.1 X-7.187 Y16.167 E0.04003
G1 F2021.1 X-6.622 Y16.528 E0.03972
G1 F1748.6 X-6.266 Y16.627 E0.0253
G0 F12000 X-6.355 Y16.767
G1 F3600 E-1
;MESH:NONMESH
G0 F12000 X-6.415 Y16.744
G0 X9.4 Y-15.447
;TIME_ELAPSED:871.349177
;LAYER:61
;MESH:overhang.stl
G0 X9.4 Y-15.447 Z18.6
;TYPE:WALL-INNER
G1 F3600 E1
G1 F3000 X9.4 Y-19.392 E0.19682
G1 X-9.4 Y-19.392 E0.93794
G1 X-9.4 Y-15.448 E0.19677
G1 X-8.393 Y-16.001 E0.05732
G1 X-7.745 Y-16.325 E0.03614
G1 X-7.1 Y-16.612 E0.03522
G1 X-6.416 Y-16.892 E0.03687
G1 X-5.801 Y-17.113 E0.0326
G1 X-5.163 Y-17.314 E0.03337
G1 X-4.514 Y-17.496 E0.03363
G1 X-3.902 Y-17.641 E0.03138
G1 X-3.223 Y-17.776 E0.03454
G1 X-2.574 Y-17.884 E0.03282
G1 X-1.874 Y-17.974 E0.03521
G1 X-1.283 Y-18.024 E0.02959
G1 X-.659 Y-18.06 E0.03118
G1 X0.008 Y-18.068 E0.03328
G1 X0.659 Y-18.06 E0.03248
G1 X1.303 Y-18.022 E0.03219
G1 X1.899 Y-17.968 E0.02986
G1 X2.594 Y-17.881 E0.03494
G1 X3.239 Y-17.773 E0.03263
G1 X3.926 Y-17.64 E0.03491
G1 X4.539 Y-17.49 E0.03148
G1 X5.18 Y-17.309 E0.03323
G1 X5.804 Y-17.113 E0.03263
G1 X6.413 Y-16.889 E0.03237
G1 X7.118 Y-16.604 E0.03794
G1 X7.763 Y-16.314 E0.03528
G1 X8.414 Y-15.99 E0.03628
G1 X9.4 Y-15.447 E0.05616
G0 F12000 X9.8 Y-14.713
;TYPE:WALL-OUTER
G1 F1200 X9.8 Y-19.792 E0.25339
G1 X-9.8 Y-19.792 E0.97785
G1 X-9.8 Y-14.712 E0.25344
G1 X-8.845 Y-15.296 E0.05585
G1 X-8.214 Y-15.643 E0.03593
G1 X-7.582 Y-15.959 E0.03525
G1 X-6.948 Y-16.242 E0.03464
G1 X-6.256 Y-16.525 E0.0373
G1 X-5.681 Y-16.731 E0.03047
G1 X-5.055 Y-16.929 E0.03276
G1 X-4.422 Y-17.107 E0.03281
G1 X-3.824 Y-17.249 E0.03066
G1 X-3.157 Y-17.382 E0.03393
G1 X-2.522 Y-17.487 E0.03211
G1 X-1.841 Y-17.576 E0.03426
G1 X-1.26 Y-17.624 E0.02908
G1 X-.627 Y-17.66 E0.03163
G1 X0.003 Y-17.668 E0.03143
G1 X0.636 Y-17.66 E0.03158
G1 X1.267 Y-17.624 E0.03153
G1 X1.849 Y-17.571 E0.02916
G1 X2.529 Y-17.486 E0.03419
G1 X3.163 Y-17.381 E0.03206
G1 X3.832 Y-17.251 E0.034
G1 X4.431 Y-17.105 E0.03076
G1 X5.06 Y-16.927 E0.03261
G1 X5.694 Y-16.728 E0.03315
G1 X6.263 Y-16.518 E0.03026
G1 X6.954 Y-16.239 E0.03718
G1 X7.585 Y-15.956 E0.0345
G1 X8.221 Y-15.64 E0.03543
G1 X8.853 Y-15.291 E0.03602
G1 X9.8 Y-14.713 E0.05535
G0 F12000 X9.8 Y-15.513
G1 F3600 E-1
G0 F12000 X9.151 Y-15.87
G0 X7.205 Y-16.83
G0 X5.24 Y-17.544
G0 X3.276 Y-18.014
G0 X1.311 Y-18.264
G0 X-.654 Y-18.3
G0 X-2.62 Y-18.121
G0 X-4.585 Y-17.727
G0 X-6.177 Y-17.218
G0 X-9.02 Y-16.088
;TYPE:SKIN
G1 F3600 E1
G1 F2400 X-9.02 Y-18.676 E0.12912
G1 X-8.292 Y-19.012 E0.04
G1 X-3.213 Y-19.012 E0.25339
G1 F1935.5 X-2.814 Y-18.917 E0.02537
G1 F1705.2 X-1.998 Y-18.945 E0.05733
G1 F1875 X-.696 Y-18.968 E0.08316
G1 F1967.2 X0.677 Y-18.968 E0.08357
G1 F1882.4 X1.922 Y-18.946 E0.07921
G1 F1711.2 X2.827 Y-18.917 E0.06336
G1 F1943.3 X3.226 Y-19.011 E0.02526
G1 F2400 X8.295 Y-19.012 E0.25289
G1 X9.02 Y-18.676 E0.03987
G1 X9.02 Y-16.11 E0.12802
G1 X7.93 Y-16.655 E0.0608
G1 X7.242 Y-16.963 E0.03761
G1 X6.588 Y-17.23 E0.03524
G1 X5.93 Y-17.472 E0.03498
G1 X4.676 Y-17.849 E0.06533
G1 X4.028 Y-18.007 E0.03328
G1 X3.155 Y-18.171 E0.04432
G1 F1943.3 X2.777 Y-18.331 E0.02529
G1 F1708.2 X1.903 Y-18.413 E0.06153
G1 F1846.2 X1.34 Y-18.453 E0.03661
G1 F1927.7 X0.682 Y-18.48 E0.0409
G1 F1975.3 X0.013 Y-18.489 E0.04056
G1 F1979.4 X-.673 Y-18.48 E0.0415
G1 F1882.4 X-1.95 Y-18.414 E0.08134
G1 F1708.2 X-2.767 Y-18.331 E0.05756
G1 F1935.5 X-3.146 Y-18.172 E0.02543
G1 F2400 X-3.996 Y-18.009 E0.04318
G1 X-4.602 Y-17.867 E0.03105
G1 X-5.268 Y-17.677 E0.03455
G1 X-5.916 Y-17.476 E0.03385
G1 X-6.533 Y-17.253 E0.03273
G1 X-7.241 Y-16.961 E0.03821
G1 X-7.897 Y-16.671 E0.03578
G1 X-8.565 Y-16.34 E0.03719
G1 X-9.02 Y-16.088 E0.02595
G0 F12000 X-8.82 Y-18.333
G1 F2400 X-8.42 Y-18.733 E0.02822
G0 F12000 X-7.775 Y-18.813
G1 F2400 X-8.82 Y-17.767 E0.07377
G0 F12000 X-8.82 Y-17.202
G1 F2400 X-7.209 Y-18.813 E0.11366
G0 F12000 X-6.643 Y-18.813
G1 F2400 X-8.82 Y-16.636 E0.1536
G0 F12000 X-8.094 Y-16.797
G1 F2400 X-6.078 Y-18.813 E0.14224
G0 F12000 X-5.512 Y-18.813
G1 F2400 X-7.082 Y-17.243 E0.11077
G1 X-7.152 Y-17.173
G0 F12000 X-6.159 Y-17.6
G1 F2400 X-4.946 Y-18.813 E0.08558
G0 F12000 X-4.38 Y-18.813
G1 F2400 X-5.325 Y-17.868 E0.06667
G1 X-5.395 Y-17.798
G0 F12000 X-4.54 Y-18.087
G1 F2400 X-3.814 Y-18.813 E0.05122
G0 F12000 X-3.248 Y-18.813
G1 F2400 X-3.815 Y-18.247 E0.03997
G1 X-3.885 Y-18.177
G0 F12000 X-3.01 Y-18.486
G1 F2400 X-2.854 Y-18.642 E0.01101
G1 F3600 E-1
G0 F12000 X3.133 Y-18.407
G1 F3600 E1
G1 F2400 X3.538 Y-18.811 E0.02854
G0 F12000 X3.586 Y-18.294
G1 F2400 X4.103 Y-18.811 E0.03648
G0 F12000 X4.67 Y-18.812
G1 F2400 X4.062 Y-18.204 E0.0429
G0 F12000 X4.516 Y-18.093
G1 F2400 X5.235 Y-18.812 E0.05073
G0 F12000 X5.801 Y-18.812
G1 F2400 X4.961 Y-17.972 E0.05927
G0 F12000 X5.396 Y-17.841
G1 F2400 X6.367 Y-18.812 E0.06851
G0 F12000 X6.932 Y-18.812
G1 F2400 X5.831 Y-17.71 E0.07772
G0 F12000 X6.252 Y-17.566
G1 F2400 X7.498 Y-18.812 E0.08791
G0 F12000 X8.064 Y-18.812
G1 F2400 X6.665 Y-17.413 E0.09871
G0 F12000 X7.068 Y-17.25
G1 F2400 X8.51 Y-18.692 E0.10174
G0 F12000 X8.82 Y-18.436
G1 F2400 X7.466 Y-17.082 E0.09553
G0 F12000 X7.857 Y-16.908
G1 F2400 X8.82 Y-17.871 E0.06794
G0 F12000 X8.82 Y-17.305
G1 F2400 X8.239 Y-16.724 E0.04099
G0 F12000 X8.615 Y-16.535
G1 F2400 X8.82 Y-16.739 E0.01443
G0 F12000 X8.8 Y-16.739
G1 F3600 E-1
G0 F12000 X5.302 Y17.405
;TYPE:WALL-INNER
G1 F3600 E1
G1 F2352.9 X5.72 Y17.493 E0.02717
G1 F3007.5 X6.543 Y17.324 E0.04181
G1 F2870.8 X7.301 Y17.204 E0.04001
G1 F3000 X8.622 Y16.929 E0.06732
G1 X9.4 Y16.735 E0.04
G1 X9.4 Y15.448 E0.06421
G1 X8.393 Y16.001 E0.05732
G1 X7.769 Y16.313 E0.03481
G1 F2870.8 X6.423 Y16.908 E0.07672
G1 F3007.5 X5.639 Y17.141 E0.0407
G1 F2352.9 X5.302 Y17.405 E0.02723
G1 F2006.7 X4.522 Y17.564 E0.05937
G1 F2454 X3.689 Y17.703 E0.05151
G1 F2963 X2.998 Y17.797 E0.03523
G1 F3600 E-1
G0 F12000 X0.051 Y17.881
G0 X-2.995 Y17.799
G1 F3600 E1
G1 F2898.6 X-3.933 Y17.667 E0.04891
G1 F2404.8 X-4.558 Y17.557 E0.0395
G1 F2000 X-5.311 Y17.403 E0.05752
G1 F2348.3 X-5.647 Y17.142 E0.02712
G1 F3243.2 X-5.823 Y17.093 E0.00843
G1 F3092.8 X-6.395 Y16.897 E0.02926
G1 F3000 X-7.118 Y16.604 E0.03892
G1 X-7.763 Y16.314 E0.03528
G1 X-8.415 Y15.99 E0.03632
G1 X-9.4 Y15.443 E0.05621
G1 X-9.4 Y16.735 E0.06446
G1 X-8.613 Y16.931 E0.04046
G1 X-7.379 Y17.192 E0.06293
G1 F3149.6 X-5.73 Y17.492 E0.07965
G1 F2348.3 X-5.311 Y17.403 E0.0273
G1 F3600 E-1
G0 F12000 X-1.282 Y17.864
G0 X0.64 Y17.9
G0 X2.562 Y17.725
G0 X4.485 Y17.339
G0 X6.407 Y16.725
G0 X7.964 Y16.019
G0 X9.556 Y15.16
G0 X9.8 Y14.712
;TYPE:WALL-OUTER
G1 F3600 E1
G1 F1200 X8.845 Y15.296 E0.05585
G1 X8.214 Y15.643 E0.03593
G1 X7.582 Y15.959 E0.03525
G1 X6.948 Y16.242 E0.03464
G1 X6.264 Y16.522 E0.03687
G1 X5.681 Y16.731 E0.0309
G1 X5.055 Y16.929 E0.03276
G1 X4.416 Y17.108 E0.03311
G1 X3.824 Y17.249 E0.03036
G1 X2.936 Y17.418 E0.0451
G1 F991.7 X2.543 Y17.568 E0.02539
G1 F864.9 X1.849 Y17.643 E0.04832
G1 F898.9 X1.263 Y17.687 E0.03914
G1 F921.3 X0.628 Y17.718 E0.04131
G1 F932 X-0.004 Y17.725 E0.0406
G1 F930.2 X-.639 Y17.719 E0.04087
G1 F919.5 X-1.272 Y17.687 E0.04127
G1 F897.2 X-1.858 Y17.642 E0.03922
G1 F864.9 X-2.543 Y17.568 E0.04769
G1 F991.7 X-2.933 Y17.42 E0.02518
G1 F1200 X-3.832 Y17.251 E0.04564
G1 X-4.431 Y17.105 E0.03076
G1 X-5.061 Y16.927 E0.03266
G1 X-5.689 Y16.728 E0.03287
G1 X-6.263 Y16.518 E0.03049
G1 X-6.954 Y16.239 E0.03718
G1 X-7.585 Y15.956 E0.0345
G1 X-8.221 Y15.64 E0.03543
G1 X-8.857 Y15.287 E0.03629
G1 X-9.801 Y14.712 E0.05515
G1 X-9.8 Y17.047 E0.11649
G1 X-8.688 Y17.323 E0.05716
G1 X-7.453 Y17.585 E0.06299
G1 X-6.835 Y17.699 E0.03135
G1 X-5.585 Y17.902 E0.06318
G1 X-4.344 Y18.056 E0.06239
G1 X-3.022 Y18.182 E0.06625
G1 F991.7 X-2.609 Y18.129 E0.02514
G1 F866.4 X-1.797 Y18.19 E0.05627
G1 F905.7 X-.477 Y18.241 E0.08732
G1 F924.9 X0.749 Y18.233 E0.07936
G1 F904 X1.886 Y18.184 E0.07537
G1 F864.9 X2.611 Y18.129 E0.05033
G1 F991.7 X3.028 Y18.18 E0.02536
G1 F1200 X3.733 Y18.12 E0.0353
G1 X4.616 Y18.024 E0.04431
G1 X5.522 Y17.909 E0.04556
G1 X6.517 Y17.754 E0.05024
G1 X7.416 Y17.59 E0.04559
G1 X8.718 Y17.317 E0.06637
G1 X9.8 Y17.047 E0.05564
G1 X9.8 Y14.712 E0.11649
G0 F12000 X9.118 Y15.129
G0 X9.152 Y15.869
G0 X8.964 Y16.325
;TYPE:SKIN
G1 F1407.6 X8.922 Y16.399 E0.00724
G1 X8.837 Y16.399 E0.00723
G1 X8.794 Y16.325 E0.00728
G1 X8.836 Y16.251 E0.00724
G1 X8.921 Y16.251 E0.00723
G1 X8.964 Y16.325 E0.00728
G1 F3600 E-1
G0 F12000 X3.204 Y17.62
G0 X1.282 Y17.864
G0 X-.64 Y17.9
G0 X-2.562 Y17.725
G0 X-3.653 Y17.506
G0 X-8.794 Y16.326
G1 F3600 E1
G1 F1411.8 X-8.836 Y16.4 E0.00722
G1 X-8.921 Y16.4 E0.00721
G1 X-8.964 Y16.326 E0.00726
G1 X-8.922 Y16.252 E0.00722
G1 X-8.837 Y16.252 E0.00721
G1 X-8.794 Y16.326 E0.00726
G0 F12000 X-8.812 Y16.266
G1 F3600 E-1
;MESH:NONMESH
G0 F12000 X-8.854 Y16.255
G0 X9.4 Y-16.258
;TIME_ELAPSED:882.206792
;LAYER:62
;MESH:overhang.stl
G0 X9.4 Y-16.258 Z18.9
;TYPE:WALL-INNER
G1 F3600 E1
G1 F3000 X9.4 Y-19.392 E0.15636
G1 X2.885 Y-19.391 E0.32503
G1 F2424.2 X2.486 Y-19.294 E0.02535
G1 F2090.6 X1.905 Y-19.313 E0.04162
G1 F2247.2 X-0.017 Y-19.337 E0.12802
G1 F2298.9 X-1.319 Y-19.325 E0.08477
G1 F2131.4 X-2.481 Y-19.296 E0.08162
G1 F2419.4 X-2.88 Y-19.392 E0.02539
G1 F3000 X-9.4 Y-19.392 E0.32528
G1 X-9.4 Y-16.258 E0.15636
G1 X-8.38 Y-16.799 E0.0576
G1 X-7.675 Y-17.131 E0.03888
G1 X-7.085 Y-17.386 E0.03207
G1 X-6.448 Y-17.626 E0.03396
G1 X-5.824 Y-17.847 E0.03303
G1 X-5.153 Y-18.053 E0.03502
G1 X-4.511 Y-18.221 E0.03311
G1 X-3.899 Y-18.362 E0.03133
G1 X-3.239 Y-18.49 E0.03354
G1 X-2.815 Y-18.557 E0.02142
G1 F2419.4 X-2.445 Y-18.708 E0.02472
G1 F2090.6 X-1.909 Y-18.758 E0.03854
G1 F2205.9 X-1.283 Y-18.794 E0.04254
G1 F2290.1 X-.637 Y-18.818 E0.04225
G1 F2339.2 X0.013 Y-18.827 E0.04159
G1 X0.659 Y-18.818 E0.04134
G1 F2290.1 X1.268 Y-18.794 E0.03983
G1 F2197.8 X1.909 Y-18.756 E0.04373
G1 F2087 X2.451 Y-18.707 E0.03903
G1 F2424.2 X2.819 Y-18.557 E0.02453
G1 F3000 X3.239 Y-18.49 E0.02122
G1 X3.899 Y-18.362 E0.03354
G1 X4.529 Y-18.217 E0.03225
G1 X5.178 Y-18.046 E0.03348
G1 X5.819 Y-17.847 E0.03349
G1 X6.461 Y-17.622 E0.03394
G1 X7.085 Y-17.386 E0.03328
G1 X7.758 Y-17.095 E0.03658
G1 X8.407 Y-16.786 E0.03586
G1 X9.4 Y-16.258 E0.05611
G0 F12000 X9.8 Y-15.554
;TYPE:WALL-OUTER
G1 F1200 X9.8 Y-19.792 E0.21143
G1 X-9.8 Y-19.792 E0.97785
G1 X-9.8 Y-15.559 E0.21119
G1 X-8.842 Y-16.101 E0.05491
G1 X-8.21 Y-16.437 E0.03571
G1 X-7.516 Y-16.764 E0.03827
G1 X-6.943 Y-17.012 E0.03115
G1 X-6.315 Y-17.249 E0.03349
G1 X-5.683 Y-17.472 E0.03344
G1 X-5.051 Y-17.666 E0.03298
G1 X-4.421 Y-17.831 E0.03249
G1 X-3.823 Y-17.969 E0.03062
G1 X-3.156 Y-18.098 E0.03389
G1 X-2.521 Y-18.199 E0.03208
G1 X-1.84 Y-18.284 E0.03424
G1 X-1.259 Y-18.328 E0.02907
G1 X-.628 Y-18.36 E0.03152
G1 X0.004 Y-18.372 E0.03154
G1 X0.635 Y-18.36 E0.03149
G1 X1.249 Y-18.328 E0.03067
G1 X1.852 Y-18.279 E0.03018
G1 X2.528 Y-18.198 E0.03397
G1 X3.163 Y-18.097 E0.03208
G1 X3.829 Y-17.967 E0.03385
G1 X4.427 Y-17.83 E0.03061
G1 X5.06 Y-17.664 E0.03265
G1 X5.687 Y-17.469 E0.03276
G1 X6.319 Y-17.248 E0.0334
G1 X6.952 Y-17.008 E0.03377
G1 X7.586 Y-16.733 E0.03448
G1 X8.219 Y-16.433 E0.03495
G1 X8.848 Y-16.098 E0.03555
G1 X9.8 Y-15.554 E0.0547
G0 F12000 X9.8 Y-16.354
G1 F3600 E-1
G0 F12000 X9.15 Y-16.676
G0 X7.192 Y-17.603
G0 X6.08 Y-17.987
G0 X2.931 Y-18.963
;TYPE:SKIN
G1 F3600 E1
G1 F1864.1 X3.315 Y-18.934 E0.02474
G0 F12000 X3.324 Y-18.934
G1 F2038.2 X4.041 Y-19.008 E0.04234
G1 F2400 X9.02 Y-19.01 E0.2484
G1 X9.02 Y-16.887 E0.10592
G1 X8.587 Y-17.121 E0.02456
G1 X7.894 Y-17.449 E0.03825
G1 X7.26 Y-17.724 E0.03448
G1 X6.647 Y-17.956 E0.0327
G1 X5.943 Y-18.205 E0.03725
G1 X5.283 Y-18.408 E0.03445
G1 X4.628 Y-18.582 E0.03381
G1 X4.022 Y-18.723 E0.03104
G1 F2038.2 X3.324 Y-18.934 E0.04284
G0 F12000 X4.95 Y-18.809
G1 F2400 X5.095 Y-18.663 E0.01027
G0 F12000 X5.515 Y-18.809
G1 F2400 X5.895 Y-18.429 E0.02681
G0 F12000 X6.081 Y-18.809
G1 F2400 X6.765 Y-18.125 E0.04826
G0 F12000 X6.647 Y-18.809
G1 F2400 X7.708 Y-17.748 E0.07486
G1 X7.778 Y-17.678
G0 F12000 X7.778 Y-18.809
G1 F2400 X8.82 Y-17.767 E0.07352
G0 F12000 X8.761 Y-17.26
G1 F2400 X7.212 Y-18.809 E0.10929
G1 X7.142 Y-18.879
G0 F12000 X8.344 Y-18.809
G1 F2400 X8.82 Y-18.332 E0.03362
G1 F3600 E-1
G0 F12000 X0.654 Y-19.002
G0 X-3.3 Y-18.938
G1 F3600 E1
G1 F1991.7 X-4.019 Y-18.732 E0.04496
G1 F2318.8 X-4.599 Y-18.598 E0.03074
G1 F2358.7 X-5.248 Y-18.418 E0.03419
G1 F2400 X-5.911 Y-18.216 E0.03458
G1 X-6.575 Y-17.981 E0.03514
G1 X-7.215 Y-17.74 E0.03412
G1 X-7.762 Y-17.509 E0.02962
G1 X-8.578 Y-17.126 E0.04497
G1 X-9.02 Y-16.887 E0.02507
G1 X-9.019 Y-19.011 E0.10597
G1 F2358.7 X-4.045 Y-19.005 E0.2525
G1 F1991.7 X-3.3 Y-18.938 E0.04497
G1 F1846.2 X-2.928 Y-18.965 E0.02419
G0 F12000 X-5.09 Y-18.667
G1 F2400 X-5.233 Y-18.81 E0.01009
G0 F12000 X-5.527 Y-18.538
G1 F2400 X-5.8 Y-18.811 E0.01926
G0 F12000 X-5.964 Y-18.409
G1 F2400 X-6.366 Y-18.811 E0.02836
G0 F12000 X-6.382 Y-18.262
G1 F2400 X-6.932 Y-18.811 E0.03877
G0 F12000 X-7.497 Y-18.81
G1 F2400 X-6.797 Y-18.111 E0.04935
G0 F12000 X-7.208 Y-17.956
G1 F2400 X-8.062 Y-18.81 E0.06025
G0 F12000 X-8.628 Y-18.81
G1 F2400 X-7.609 Y-17.792 E0.07186
G0 F12000 X-8.002 Y-17.618
G1 F2400 X-8.82 Y-18.436 E0.05771
G0 F12000 X-8.82 Y-17.871
G1 F2400 X-8.386 Y-17.437 E0.03062
G0 F12000 X-8.393 Y-17.458
G1 F3600 E-1
G0 F12000 X-8.391 Y-17.459
G0 X-6.887 Y17.537
;TYPE:WALL-INNER
G1 F3600 E1
G1 F2264.2 X-7.786 Y17.154 E0.0646
G1 X-8.461 Y16.831 E0.04947
G1 X-9.335 Y16.357 E0.06573
G1 X-9.334 Y17.014 E0.04343
G1 X-8.474 Y17.219 E0.05844
G1 X-7.418 Y17.439 E0.07131
G1 X-6.887 Y17.537 E0.03569
G1 F3600 E-1
G0 F12000 X6.883 Y17.538
G1 F3600 E1
G1 F2264.2 X8.221 Y17.273 E0.09017
G1 X9.335 Y17.015 E0.07559
G1 X9.335 Y16.37 E0.04264
G1 X8.433 Y16.846 E0.06742
G1 X7.697 Y17.193 E0.05379
G1 X6.883 Y17.538 E0.05844
G1 F3600 E-1
G0 F12000 X9.554 Y15.988
G0 X9.8 Y15.557
;TYPE:WALL-OUTER
G1 F3600 E1
G1 F1200 X8.846 Y16.101 E0.05479
G1 X8.234 Y16.425 E0.03455
G1 X7.515 Y16.765 E0.03968
G1 X6.944 Y17.007 E0.03094
G1 X6.314 Y17.25 E0.03369
G1 F993.8 X5.717 Y17.544 E0.04009
G1 F892.2 X5.062 Y17.719 E0.04549
G1 F983.6 X4.429 Y17.864 E0.03953
G1 F1071.4 X3.825 Y17.983 E0.0344
G1 F1165 X3.155 Y18.095 E0.03491
G1 F1256.5 X2.519 Y18.183 E0.03059
G1 F1344.5 X1.841 Y18.256 E0.03036
G1 F1411.8 X1.266 Y18.295 E0.02444
G1 F1463.4 X0.626 Y18.325 E0.02621
G1 F1490.7 X-0.002 Y18.332 E0.02522
G1 X-.634 Y18.325 E0.02538
G1 F1463.4 X-1.25 Y18.294 E0.02523
G1 F1420.1 X-1.849 Y18.251 E0.02532
G1 F1348.3 X-2.525 Y18.182 E0.03017
G1 F1256.5 X-3.166 Y18.095 E0.03082
G1 F1159.4 X-3.833 Y17.983 E0.03492
G1 F1071.4 X-4.436 Y17.861 E0.03438
G1 F983.6 X-5.072 Y17.716 E0.0397
G1 F890.5 X-5.717 Y17.544 E0.04488
G1 F991.7 X-6.32 Y17.247 E0.04058
G1 F1200 X-6.951 Y17.004 E0.03373
G1 X-7.586 Y16.733 E0.03444
G1 X-8.243 Y16.421 E0.03629
G1 X-8.847 Y16.098 E0.03417
G1 X-9.8 Y15.559 E0.05462
G1 X-9.799 Y17.376 E0.09065
G1 X-8.569 Y17.674 E0.06314
G1 X-7.503 Y17.896 E0.05432
G1 X-6.52 Y18.069 E0.0498
G1 F991.7 X-5.855 Y18.092 E0.04017
G1 F892.2 X-5.157 Y18.218 E0.04759
G1 F1019.1 X-3.9 Y18.408 E0.07468
G1 F1159.4 X-3.201 Y18.488 E0.03633
G1 F1263.2 X-2.448 Y18.558 E0.03584
G1 F1379.3 X-1.116 Y18.634 E0.05791
G1 F1463.4 X0.153 Y18.655 E0.05192
G1 F1454.5 X1.352 Y18.628 E0.04936
G1 F1363.6 X2.486 Y18.556 E0.04989
G1 F1224.5 X3.559 Y18.449 E0.05272
G1 F1081.1 X4.583 Y18.313 E0.05721
G1 F923.1 X5.852 Y18.091 E0.08355
G1 F993.8 X6.598 Y18.066 E0.04497
G1 F1200 X8.324 Y17.726 E0.08777
G1 X9.8 Y17.389 E0.07553
G1 X9.8 Y15.557 E0.0914
G0 F12000 X9.105 Y15.953
G1 F3600 E-1
;MESH:NONMESH
G0 F12000 X3.197 Y-19.286
;TIME_ELAPSED:891.152423
;LAYER:63
;MESH:overhang.stl
G0 X3.197 Y-19.286 Z19.2
;TYPE:WALL-INNER
G1 F3600 E1
G1 F2376.2 X3.89 Y-19.055 E0.04601
G1 F3000 X4.521 Y-18.914 E0.03226
G1 X5.171 Y-18.748 E0.03347
G1 X5.809 Y-18.558 E0.03321
G1 X6.458 Y-18.343 E0.03411
G1 X7.1 Y-18.104 E0.03418
G1 X7.747 Y-17.838 E0.0349
G1 X8.393 Y-17.541 E0.03547
G1 X9.4 Y-17.037 E0.05618
G1 X9.4 Y-19.392 E0.11749
G1 X3.92 Y-19.392 E0.2734
G1 F2376.2 X3.197 Y-19.286 E0.04603
G1 F2131.4 X2.572 Y-19.334 E0.04402
G1 F2660.8 X1.274 Y-19.4 E0.07311
G1 F3287.7 X-0.011 Y-19.42 E0.05851
G1 X-1.296 Y-19.399 E0.05851
G1 F2919.7 X-1.91 Y-19.374 E0.0315
G1 F2510.5 X-2.591 Y-19.333 E0.04067
G1 F2139 X-3.173 Y-19.29 E0.04083
G1 F2395.2 X-3.929 Y-19.392 E0.04767
G1 F3000 X-9.4 Y-19.392 E0.27295
G1 X-9.4 Y-17.036 E0.11754
G1 X-8.396 Y-17.544 E0.05614
G1 X-7.727 Y-17.846 E0.03662
G1 X-7.079 Y-18.116 E0.03502
G1 X-6.441 Y-18.35 E0.0339
G1 X-5.794 Y-18.564 E0.034
G1 X-5.146 Y-18.754 E0.03369
G1 X-4.501 Y-18.919 E0.03322
G1 X-3.897 Y-19.05 E0.03083
G1 F2395.2 X-3.173 Y-19.29 E0.04766
G1 F3600 E-1
G0 F12000 X1.279 Y-19.246
G0 X3.198 Y-19.02
G0 X5.116 Y-18.597
G0 X7.035 Y-17.96
G0 X8.123 Y-17.463
G0 X9.551 Y-16.767
G0 X9.8 Y-16.344
;TYPE:WALL-OUTER
G1 F3600 E1
G1 F1200 X9.8 Y-19.792 E0.17202
G1 X-9.8 Y-19.792 E0.97785
G1 X-9.8 Y-16.344 E0.17202
G1 X-8.839 Y-16.871 E0.05468
G1 X-8.207 Y-17.191 E0.03534
G1 X-7.573 Y-17.477 E0.0347
G1 X-6.941 Y-17.74 E0.03415
G1 X-6.315 Y-17.97 E0.03327
G1 X-5.681 Y-18.18 E0.03332
G1 X-5.053 Y-18.365 E0.03266
G1 X-4.415 Y-18.528 E0.03285
G1 X-3.822 Y-18.657 E0.03028
G1 X-3.101 Y-18.795 E0.03662
G1 X-2.52 Y-18.879 E0.02929
G1 X-1.853 Y-18.96 E0.03352
G1 X-1.257 Y-19.008 E0.02983
G1 X-.624 Y-19.036 E0.03161
G1 X0.004 Y-19.048 E0.03134
G1 X0.629 Y-19.036 E0.03119
G1 X1.265 Y-19.008 E0.03176
G1 X1.836 Y-18.959 E0.02859
G1 X2.527 Y-18.878 E0.03471
G1 X3.108 Y-18.789 E0.02932
G1 X3.828 Y-18.66 E0.03649
G1 X4.422 Y-18.526 E0.03038
G1 X5.057 Y-18.364 E0.03269
G1 X5.683 Y-18.178 E0.03258
G1 X6.318 Y-17.968 E0.03337
G1 X6.948 Y-17.734 E0.03353
G1 X7.58 Y-17.474 E0.03409
G1 X8.214 Y-17.183 E0.0348
G1 X8.844 Y-16.868 E0.03514
G1 X9.8 Y-16.344 E0.05439
G0 F12000 X9.8 Y-17.144
G1 F3600 E-1
G0 F12000 X9.15 Y-17.445
G0 X8.033 Y-17.948
G0 X5.262 Y-19.063
;TYPE:SKIN
G1 F3600 E1
G1 F2750.7 X5.947 Y-19.011 E0.0299
G1 F2400 X9.02 Y-19.012 E0.15331
G1 X9.02 Y-17.648 E0.06805
G1 X8.564 Y-17.883 E0.02559
G1 X7.903 Y-18.183 E0.03621
G1 X7.241 Y-18.457 E0.03574
G1 X6.589 Y-18.696 E0.03464
G1 X5.932 Y-18.918 E0.0346
G1 F2750.7 X5.262 Y-19.063 E0.02984
G0 F12000 X5.257 Y-19.064
G1 F3221.5 X5.262 Y-19.063 E0.00019
G1 F3600 E-1
G0 F12000 X8.577 Y-18.488
G1 F3600 E1
G1 F1481.5 X8.537 Y-18.418 E0.00652
G1 X8.456 Y-18.418 E0.00655
G1 X8.415 Y-18.488 E0.00656
G1 X8.455 Y-18.558 E0.00652
G1 X8.536 Y-18.558 E0.00655
G1 X8.577 Y-18.488 E0.00656
G1 F3600 E-1
G0 F12000 X1.279 Y-19.246
G0 X-.639 Y-19.278
G0 X-8.416 Y-18.488
G1 F3600 E1
G1 F1481.5 X-8.456 Y-18.418 E0.00652
G1 X-8.537 Y-18.418 E0.00655
G1 X-8.578 Y-18.488 E0.00656
G1 X-8.538 Y-18.558 E0.00652
G1 X-8.457 Y-18.558 E0.00655
G1 X-8.416 Y-18.488 E0.00656
G0 F12000 X-5.655 Y-19.009
G1 F2400 X-6.563 Y-18.71 E0.04769
G1 X-7.206 Y-18.472 E0.03421
G1 X-7.873 Y-18.197 E0.03599
G1 X-8.563 Y-17.887 E0.03774
G1 X-9.02 Y-17.652 E0.02564
G1 X-9.02 Y-19.012 E0.06785
G1 X-5.655 Y-19.009 E0.16788
G1 F3600 E-1
G0 F12000 X-7.852 Y17.76
;TYPE:WALL-INNER
G1 F3600 E1
G1 F3458.2 X-8.38 Y17.518 E0.02514
G1 X-9.427 Y16.998 E0.05059
G1 X-9.427 Y17.405 E0.01761
G1 X-8.62 Y17.601 E0.03594
G1 X-7.852 Y17.76 E0.03394
G1 F3600 E-1
G0 F12000 X7.823 Y17.77
G1 F3600 E1
G1 F3458.2 X8.621 Y17.601 E0.0353
G1 X9.427 Y17.405 E0.0359
G1 X9.427 Y17 E0.01753
G1 X8.359 Y17.525 E0.05151
G1 X7.823 Y17.77 E0.02551
G1 F3600 E-1
G0 F12000 X5.223 Y18.45
;TYPE:WALL-OUTER
G1 F3600 E1
G1 F937.5 X5.642 Y18.545 E0.02744
G1 F1159.4 X6.835 Y18.305 E0.06284
G1 F1004.2 X7.109 Y18.241 E0.01678
G1 F1078.7 X7.782 Y18.158 E0.03764
G1 F1200 X8.709 Y17.963 E0.04726
G1 X9.8 Y17.698 E0.05601
G1 X9.8 Y16.344 E0.06755
G1 X8.841 Y16.872 E0.05462
G1 X8.204 Y17.186 E0.03543
G1 X7.577 Y17.473 E0.0344
G1 F1078.7 X6.963 Y17.777 E0.03803
G1 F1045.8 X6.345 Y17.971 E0.03708
G1 F1215.2 X5.565 Y18.193 E0.03995
G1 F937.5 X5.223 Y18.45 E0.02732
G0 F12000 X5.642 Y18.545
G0 X6.004 Y18.473
G0 X5.223 Y18.45
G1 F790.8 X4.434 Y18.602 E0.06083
G1 F930.2 X3.721 Y18.717 E0.04648
G1 F1071.4 X3.103 Y18.802 E0.03486
G1 F1230.8 X2.518 Y18.865 E0.02862
G1 F1399.4 X1.835 Y18.925 E0.02933
G1 F1563.5 X0.622 Y18.982 E0.0465
G1 F1678.3 X-0.003 Y18.988 E0.0223
G1 F1684.2 X-.622 Y18.982 E0.022
G1 F1548.4 X-1.83 Y18.924 E0.04676
G1 F1383.3 X-2.525 Y18.864 E0.03019
G1 F1224.5 X-3.105 Y18.799 E0.02854
G1 F1059.6 X-3.837 Y18.701 E0.04173
G1 F923.1 X-4.446 Y18.6 E0.04004
G1 F792.1 X-5.183 Y18.46 E0.0567
G1 F943 X-5.526 Y18.204 E0.02717
G1 F1218.3 X-6.326 Y17.977 E0.04087
G1 F1043.5 X-6.966 Y17.775 E0.0385
G1 F912.5 X-7.642 Y17.536 E0.04704
G1 F997.9 X-8.208 Y17.186 E0.03992
G1 F1200 X-8.849 Y16.868 E0.0357
G1 X-9.799 Y16.343 E0.05415
G1 X-9.8 Y17.698 E0.0676
G1 X-8.527 Y18.007 E0.06535
G1 F997.9 X-7.816 Y18.066 E0.0428
G1 F933.9 X-6.83 Y18.305 E0.06504
G1 F1159.4 X-5.604 Y18.555 E0.06461
G1 F943 X-5.183 Y18.46 E0.0274
G0 F12000 X-5.526 Y18.204
G0 X-5.883 Y18.103
G1 F3600 E-1
;MESH:NONMESH
G0 F600 X-5.883 Y18.103 Z19.5
G0 F12000 X-6.182 Y18.234
G0 X-9.324 Y17.513
G0 X-9.377 Y17.723
;TIME_ELAPSED:898.378111
;LAYER:64
;TYPE:WALL-INNER
;MESH:overhang.stl
G1 F3600 E1
G1 F3370.8 X-9.443 Y17.685 E0.00338
G1 X-9.443 Y17.761 E0.00337
G1 X-9.377 Y17.723 E0.00338
G1 F3600 E-1
G0 F12000 X-6.979 Y18.524
;TYPE:WALL-OUTER
G1 F3600 E1
G1 F1006.3 X-7.381 Y18.23 E0.02963
G1 F1280 X-8.211 Y17.905 E0.04169
G1 F1200 X-8.842 Y17.601 E0.03494
G1 X-9.799 Y17.096 E0.05398
G1 X-9.799 Y18.019 E0.04605
G1 F1280 X-7.477 Y18.564 E0.11156
G1 F1006.3 X-6.979 Y18.524 E0.02972
G0 F12000 X-7.381 Y18.23
G0 X-7.662 Y18.12
G0 X-6.979 Y18.524
G1 F884 X-6.321 Y18.698 E0.0461
G1 F1118.9 X-5.671 Y18.849 E0.03571
G1 F1463.4 X-5.034 Y18.98 E0.02661
G1 F2000 X-4.361 Y19.105 E0.02049
G1 F3200 X-3.429 Y19.242 E0.01762
G1 F3600 E-1
G0 F12000 X9.465 Y17.723
;TYPE:WALL-INNER
G1 F3600 E1
G1 F3352 X9.399 Y17.685 E0.0034
G1 X9.399 Y17.761 E0.00339
G1 X9.465 Y17.723 E0.0034
G1 F3600 E-1
G0 F12000 X6.976 Y18.524
;TYPE:WALL-OUTER
G1 F3600 E1
G1 F1021.3 X7.441 Y18.572 E0.0274
G1 F1290.3 X9.201 Y18.168 E0.08378
G1 F1200 X9.8 Y18.019 E0.03079
G1 X9.8 Y17.094 E0.04615
G1 X8.835 Y17.605 E0.05448
G1 X8.204 Y17.908 E0.03492
G1 F1266.5 X7.502 Y18.191 E0.03578
G1 F1363.6 X7.351 Y18.242 E0.007
G1 F1021.3 X6.976 Y18.524 E0.0275
G0 F12000 X7.441 Y18.572
G0 X7.765 Y18.498
G0 X6.976 Y18.524
G1 F895.5 X6.321 Y18.696 E0.04527
G1 F1124.1 X5.675 Y18.849 E0.03536
G1 F1454.5 X5.066 Y18.974 E0.02559
G1 F1983.5 X4.361 Y19.105 E0.02164
G1 F3157.9 X3.419 Y19.242 E0.01805
G1 F4615.4 X3.411 Y19.243 E0.0001
G1 X3.419 Y19.242 E0.0001
G1 F3600 E-1
G0 F12000 X5.265 Y-19.391
;TYPE:WALL-INNER
G1 F3600 E1
G1 F3000 X5.801 Y-19.241 E0.02777
G1 X6.456 Y-19.033 E0.03429
G1 X7.094 Y-18.802 E0.03385
G1 X7.673 Y-18.571 E0.0311
G1 X8.362 Y-18.276 E0.03739
G1 X9.4 Y-17.776 E0.05748
G1 X9.4 Y-19.392 E0.08062
G1 X5.265 Y-19.391 E0.2063
G1 F3600 E-1
G0 F12000 X-5.266 Y-19.392
G1 F3600 E1
G1 F3000 X-9.4 Y-19.392 E0.20625
G1 X-9.4 Y-17.777 E0.08057
G1 X-8.364 Y-18.274 E0.05733
G1 X-7.656 Y-18.583 E0.03854
G1 X-7.078 Y-18.81 E0.03098
G1 X-6.431 Y-19.04 E0.03426
G1 X-5.785 Y-19.245 E0.03381
G1 X-5.266 Y-19.392 E0.02691
G1 F3600 E-1
G0 F12000 X9.8 Y-17.095
;TYPE:WALL-OUTER
G1 F3600 E1
G1 F1200 X9.8 Y-19.792 E0.13455
G1 X5.138 Y-19.792 E0.23259
G1 F1061.9 X4.499 Y-19.74 E0.03614
G1 F1090.9 X3.177 Y-19.804 E0.07264
G1 F1437.1 X1.846 Y-19.847 E0.05548
G1 F1764.7 X0.623 Y-19.866 E0.0415
G1 F1904.8 X-.633 Y-19.866 E0.03948
G1 F1777.8 X-1.856 Y-19.848 E0.04119
G1 F1441.4 X-3.186 Y-19.804 E0.05527
G1 F1090.9 X-4.498 Y-19.74 E0.07209
G1 F1061.9 X-5.194 Y-19.792 E0.03935
G1 F1200 X-9.8 Y-19.792 E0.22979
G1 X-9.8 Y-17.094 E0.1346
G1 X-8.835 Y-17.605 E0.05448
G1 X-8.204 Y-17.908 E0.03492
G1 X-7.51 Y-18.211 E0.03778
G1 X-6.944 Y-18.433 E0.03033
G1 X-6.309 Y-18.659 E0.03363
G1 X-5.675 Y-18.861 E0.0332
G1 X-5.081 Y-19.031 E0.03082
G1 F1064.3 X-4.428 Y-19.246 E0.03867
G1 F1025.6 X-3.79 Y-19.346 E0.0377
G1 F1263.2 X-2.515 Y-19.503 E0.06089
G1 F1558.4 X-1.834 Y-19.56 E0.02625
G1 F1777.8 X-.622 Y-19.614 E0.04086
G1 F1920 X0.002 Y-19.62 E0.01946
G1 X0.627 Y-19.614 E0.01949
G1 F1764.7 X1.84 Y-19.557 E0.0412
G1 F1548.4 X2.521 Y-19.502 E0.02642
G1 F1259.8 X3.797 Y-19.345 E0.06109
G1 F1025.6 X4.438 Y-19.244 E0.03788
G1 F1061.9 X5.051 Y-19.037 E0.03648
G1 F1200 X5.681 Y-18.859 E0.03266
G1 X6.32 Y-18.657 E0.03343
G1 X6.946 Y-18.43 E0.03322
G1 X7.515 Y-18.204 E0.03054
G1 X8.211 Y-17.905 E0.03779
G1 X8.842 Y-17.601 E0.03494
G1 X9.8 Y-17.095 E0.05405
G0 F12000 X9.8 Y-17.895
G0 X9.149 Y-18.177
G0 X7.709 Y-18.989
;TYPE:SKIN
G1 F2157.3 X8.998 Y-18.99 E0.07154
G1 X8.998 Y-18.411 E0.03214
G1 X8.53 Y-18.64 E0.02892
G1 X7.709 Y-18.989 E0.04951
G1 F3600 E-1
G0 F12000 X7.783 Y-18.792
G0 X-7.708 Y-18.99
G1 F3600 E1
G1 F2157.3 X-8.525 Y-18.64 E0.04933
G1 X-8.998 Y-18.413 E0.02912
G1 X-8.998 Y-18.99 E0.03203
G1 X-7.708 Y-18.99 E0.0716
G0 F12000 X-7.781 Y-18.792
G1 F3600 E-1
;MESH:NONMESH
G0 F12000 X-7.912 Y-18.792
G0 X-8.914 Y18.413
;TIME_ELAPSED:903.893368
;LAYER:65
;note -- min layer time used
;MESH:overhang.stl
G0 X-8.914 Y18.413 Z19.8
;TYPE:WALL-OUTER
G1 F3600 E1
G1 F869.2 X-9.321 Y18.45 E0.02763
G1 F1132.4 X-9.792 Y18.33 E0.02522
G1 F1135.1 X-9.792 Y17.818 E0.0265
G1 F1132.4 X-9.205 Y18.127 E0.03442
G1 F869.2 X-8.914 Y18.413 E0.02758
G0 F12000 X-9.205 Y18.127
G0 X-9.552 Y17.945
G0 X-8.914 Y18.413
G1 F803.9 X-8.226 Y18.642 E0.053
G1 F1073.1 X-7.568 Y18.847 E0.03774
G1 F1544.5 X-6.852 Y19.047 E0.02828
G1 F3600 E-1
G0 F12000 X7.81 Y18.781
G1 F3600 E1
G1 F1160.3 X8.838 Y18.313 E0.0572
G1 F1137.9 X9.793 Y17.829 E0.05528
G1 X9.793 Y18.331 E0.02592
G1 X8.703 Y18.59 E0.05785
G1 F1160.3 X7.81 Y18.781 E0.04624
G0 F12000 X8.592 Y18.614
G1 F3600 E-1
G0 F12000 X7.515 Y18.863
G1 F3600 E1
G1 F1586.1 X6.852 Y19.047 E0.02549
G1 F3600 E-1
G0 F12000 X7.737 Y-19.312
;TYPE:WALL-INNER
G1 F3600 E1
G1 F850.3 X8.387 Y-19.037 E0.04877
G1 X9.323 Y-18.606 E0.0712
G1 X9.323 Y-19.315 E0.04899
G1 X7.737 Y-19.312 E0.10959
G1 F3600 E-1
G0 F12000 X5.101 Y-19.735
;TYPE:WALL-OUTER
G1 F3600 E1
G1 F1033.1 X5.684 Y-19.515 E0.03544
G1 F1177.7 X6.314 Y-19.318 E0.03293
G1 X6.943 Y-19.1 E0.03321
G1 X7.574 Y-18.861 E0.03366
G1 X8.208 Y-18.594 E0.03432
G1 X8.823 Y-18.311 E0.03378
G1 X9.8 Y-17.816 E0.05464
G1 X9.8 Y-19.792 E0.09858
G1 X5.715 Y-19.792 E0.2038
G1 F1033.1 X5.101 Y-19.735 E0.03507
G0 F12000 X5.684 Y-19.515
G0 X5.852 Y-19.463
G0 X5.101 Y-19.735
G1 F1090.5 X4.411 Y-19.816 E0.03743
G1 F1647.2 X3.766 Y-19.881 E0.02312
G1 F2944.3 X3.04 Y-19.942 E0.01454
G1 F3600 E-1
G0 F12000 X-7.738 Y-19.312
;TYPE:WALL-INNER
G1 F3600 E1
G1 F850.3 X-9.323 Y-19.315 E0.10952
G1 X-9.322 Y-18.611 E0.04864
G1 X-8.39 Y-19.031 E0.07064
G1 X-7.738 Y-19.312 E0.04906
G1 F3600 E-1
G0 F12000 X-5.067 Y-19.739
;TYPE:WALL-OUTER
G1 F3600 E1
G1 F1042.2 X-5.726 Y-19.792 E0.03727
G1 F1177.7 X-9.8 Y-19.792 E0.20325
G1 X-9.8 Y-17.818 E0.09848
G1 X-8.835 Y-18.307 E0.05397
G1 X-8.203 Y-18.592 E0.03459
G1 X-7.568 Y-18.864 E0.03446
G1 X-6.942 Y-19.102 E0.03341
G1 X-6.309 Y-19.319 E0.03338
G1 X-5.677 Y-19.517 E0.03304
G1 F1042.2 X-5.067 Y-19.739 E0.0366
G0 F12000 X-5.726 Y-19.792
G0 X-5.865 Y-19.792
G0 X-5.067 Y-19.739
G1 F1090.5 X-4.444 Y-19.812 E0.0338
G1 F1618.8 X-3.77 Y-19.881 E0.02459
G1 F2907.9 X-3.027 Y-19.943 E0.01506
G1 F3600 E-1
;MESH:NONMESH
G0 F12000 X-9.736 Y18.599
;TIME_ELAPSED:907.904343
;LAYER:66
;note -- min layer time used
;MESH:overhang.stl
G0 X-9.736 Y18.599 Z20.1
;TYPE:WALL-OUTER
G1 F3600 E1
G1 F579.7 X-8.809 Y18.934 E0.0509
G1 F3600 E-1
G0 F12000 X9.736 Y18.599
G1 F3600 E1
G1 F486.8 X9.472 Y18.698 E0.01734
G1 F3600 E-1
G0 F12000 X9.379 Y-19.298
;TYPE:WALL-INNER
G1 F3600 E1
G1 F408.2 X9.342 Y-19.361 E0.00536
G1 X9.269 Y-19.361 E0.00535
G1 X9.233 Y-19.298 E0.00532
G1 X9.27 Y-19.235 E0.00536
G1 X9.343 Y-19.235 E0.00535
G1 X9.379 Y-19.298 E0.00532
G1 F3600 E-1
G0 F12000 X6.285 Y-19.877
;TYPE:WALL-OUTER
G1 F3600 E1
G1 F761.9 X6.973 Y-19.736 E0.02759
G1 F600 X7.516 Y-19.537 E0.02885
G1 X8.205 Y-19.256 E0.03712
G1 X8.861 Y-18.968 E0.03574
G1 X9.8 Y-18.495 E0.05245
G1 X9.8 Y-19.792 E0.06471
G1 X6.976 Y-19.792 E0.14089
G1 F761.9 X6.285 Y-19.877 E0.02735
G0 F12000 X6.973 Y-19.736
G0 X7.065 Y-19.703
G0 X6.285 Y-19.877
G1 F1043.5 X6.28 Y-19.878 E0.00015
G1 F3600 E-1
G0 F12000 X-9.232 Y-19.297
;TYPE:WALL-INNER
G1 F3600 E1
G1 F406.8 X-9.269 Y-19.36 E0.00538
G1 X-9.342 Y-19.36 E0.00537
G1 X-9.378 Y-19.297 E0.00534
G1 X-9.341 Y-19.234 E0.00538
G1 X-9.268 Y-19.234 E0.00537
G1 X-9.232 Y-19.297 E0.00534
G1 F3600 E-1
G0 F12000 X-6.814 Y-19.791
;TYPE:WALL-OUTER
G1 F3600 E1
G1 F600 X-9.8 Y-19.792 E0.14897
G1 X-9.8 Y-18.506 E0.06416
G1 X-8.854 Y-18.967 E0.0525
G1 X-8.201 Y-19.257 E0.03565
G1 X-7.566 Y-19.52 E0.03429
G1 X-6.814 Y-19.791 E0.03988
G0 F12000 X-7.614 Y-19.791
G1 F3600 E-1
;MESH:NONMESH
G0 F12000 X-9.849 Y19.029
;TIME_ELAPSED:911.116100
;LAYER:67
;note -- min layer time used
;MESH:overhang.stl
G0 X-9.849 Y19.029 Z20.4
;TYPE:WALL-OUTER
G1 F3600 E1
G1 F991.7 X-9.894 Y19.055 E0.00157
G1 X-9.894 Y19.003 E0.00157
G1 X-9.849 Y19.029 E0.00157
G1 F3600 E-1
G0 F12000 X9.91 Y19.026
G1 F3600 E1
G1 F1000 X9.865 Y19.052 E0.00156
G1 X9.865 Y19 E0.00156
G1 X9.91 Y19.026 E0.00156
G1 F3600 E-1
G0 F12000 X9.779 Y-19.206
G1 F3600 E1
G1 F543 X8.541 Y-19.771 E0.07502
G1 X9.779 Y-19.77 E0.06825
G1 X9.779 Y-19.206 E0.03109
G0 F12000 X9.779 Y-19.77
G0 X9.543 Y-19.77
G1 F3600 E-1
G0 F12000 X-9.78 Y-19.19
G1 F3600 E1
G1 F545.5 X-9.78 Y-19.769 E0.03178
G1 X-8.569 Y-19.772 E0.06646
G1 X-9.78 Y-19.19 E0.07374
G0 F12000 X-9.06 Y-19.536
G1 F3600 E-1
;MESH:NONMESH
G0 F600 X-9.06 Y-19.536 Z20.7
G0 F12000 X-9.753 Y-19.794
;TIME_ELAPSED:912.852442
;LAYER:68
;note -- min layer time used
;TYPE:WALL-OUTER
;MESH:overhang.stl
G1 F3600 E1
G1 F603 X-9.826 Y-19.752 E0.00418
G1 X-9.827 Y-19.836 E0.00417
G1 X-9.753 Y-19.794 E0.00422
G1 F3600 E-1
G0 F12000 X9.851 Y-19.794
G1 F3600 E1
G1 F606.1 X9.778 Y-19.752 E0.00416
G1 X9.777 Y-19.836 E0.00415
G1 X9.851 Y-19.794 E0.0042
;TIME_ELAPSED:913.137197
G1 F3600 E-1
M82 ;absolute extrusion mode
M107
M104 S0
M140 S0
;Retract the filament
G92 E1
G1 E-1 F300
G28 X0 Y0
M84
M83 ;relative extrusion mode
M104 S0
;End of Gcode
;SETTING_3 {"global_quality": "[general]\\nversion = 4\\nname = pla\\ndefinition
;SETTING_3  = custom\\n\\n[metadata]\\ntype = quality_changes\\nquality_type = f
;SETTING_3 ast\\nsetting_version = 23\\n\\n[values]\\nacceleration_enabled = Fal
;SETTING_3 se\\nadhesion_type = none\\nbridge_settings_enabled = True\\nlayer_he
;SETTING_3 ight = 0.3\\nlayer_height_0 = 0.3\\nmaterial_bed_temperature = 50\\nm
;SETTING_3 inimum_polygon_circumference = 0.1\\nrelative_extrusion = True\\nretr
;SETTING_3 action_combing = all\\nspeed_slowdown_layers = 1\\nsupport_enable = F
;SETTING_3 alse\\nsupport_structure = tree\\nsupport_type = buildplate\\n\\n", "
;SETTING_3 extruder_quality": ["[general]\\nversion = 4\\nname = pla\\ndefinitio
;SETTING_3 n = custom\\n\\n[metadata]\\ntype = quality_changes\\nquality_type = 
;SETTING_3 fast\\nintent_category = default\\nposition = 0\\nsetting_version = 2
;SETTING_3 3\\n\\n[values]\\nacceleration_print = 600\\nacceleration_travel = 60
;SETTING_3 0\\nacceleration_travel_layer_0 = =acceleration_layer_0 * acceleratio
;SETTING_3 n_travel / acceleration_print\\nbottom_layers = 3\\nbridge_skin_mater
;SETTING_3 ial_flow = 75\\nbridge_wall_material_flow = 65\\nbrim_gap = 3\\ncool_
;SETTING_3 fan_speed = 100\\nfill_outline_gaps = True\\nhole_xy_offset = 0.075\\
;SETTING_3 ninfill_pattern = cubic\\ninfill_sparse_density = 10\\nline_width = 0
;SETTING_3 .4\\nmagic_fuzzy_skin_outside_only = True\\nmaterial_flow = 100.0\\nm
;SETTING_3 aterial_print_temperature = 205.0\\nmin_bead_width = 0.1\\nmin_infill
;SETTING_3 _area = 1\\nminimum_support_area = 1\\noptimize_wall_printing_order =
;SETTING_3  True\\nretract_at_layer_change = True\\nretraction_amount = 1.0\\nre
;SETTING_3 traction_combing_max_distance = 3\\nretraction_count_max = 25\\nretra
;SETTING_3 ction_extrusion_window = =retraction_amount\\nretraction_hop = 0\\nre
;SETTING_3 traction_hop_enabled = True\\nretraction_min_travel = =line_width * 2
;SETTING_3 \\nretraction_speed = 60\\nroofing_layer_count = 1\\nskirt_brim_speed
;SETTING_3  = 40\\nskirt_height = 1\\nskirt_line_count = 2\\nslicing_tolerance =
;SETTING_3  exclusive\\nspeed_infill = 160\\nspeed_layer_0 = 30\\nspeed_print = 
;SETTING_3 120\\nspeed_print_layer_0 = 30\\nspeed_roofing = 40\\nspeed_support =
;SETTING_3  100\\nspeed_topbottom = 40\\nspeed_travel = 200\\nspeed_travel_layer
;SETTING_3 _0 = 160\\nspeed_wall = 60\\nspeed_wall_0 = 20\\nspeed_wall_x = 50\\n
;SETTING_3 support_angle = 75.0\\nsupport_brim_line_count = 20\\nsupport_fan_ena
;SETTING_3 ble = True\\nsupport_infill_rate = 8\\nsupport_interface_density = 25
;SETTING_3 \\nsupport_offset = 1.0\\nsupport_top_distance = 0.28\\nsupport_tree_
;SETTING_3 angle = 60\\nsupport_tree_branch_diameter = 10\\nsupport_tree_max_dia
;SETTING_3 meter = 15\\nsupport_tree_top_rate = 20\\nsupport_z_distance = 0.15\\
;SETTING_3 ntop_bottom_thickness = 0.64\\ntop_layers = 4\\ntravel_avoid_other_pa
;SETTING_3 rts = False\\nwall_0_wipe_dist = 0.8\\nwall_line_count = 2\\nwall_thi
;SETTING_3 ckness = =wall_line_width_0 if magic_spiralize else 0.8\\nz_seam_corn
;SETTING_3 er = z_seam_corner_weighted\\nz_seam_position = frontright\\nzig_zagg
;SETTING_3 ify_infill = True\\nzig_zaggify_support = True\\n\\n"]}
