;FLAVOR:RepRap
;TIME:919
;Filament used: 1.34427m
;Layer height: 0.3
;MINX:-24.762
;MINY:-5.303
;MINZ:0.6
;MAXX:24.822
;MAXY:5.303
;MAXZ:26.7
;TARGET_MACHINE.NAME:Unknown
;Generated with Cura_SteamEngine 5.8.1
T0
M104 S205
M109 S205
M82 ;absolute extrusion mode
; G28 ;Home
G1 Z15.0 F6000 ;Move the platform down 15mm
;Prime the extruder
G92 E0
G1 F200 E3
G92 E0
M83 ;relative extrusion mode
G1 F3600 E-1
;LAYER_COUNT:90
;LAYER:1
M106 S255
;MESH:pi 3mm.stl
G0 F12000 X0.00 Y0.000 Z0.6
G0 X6.947 Y4.418
;TYPE:WALL-INNER
G1 F3600 E1
G1 F3000 X7.362 Y4.419 E0.0207
G1 X8.384 Y2.653 E0.1018
G1 X8.528 Y2.304 E0.01884
G1 X8.961 Y0.308 E0.1019
G1 X9.094 Y-.127 E0.02269
G1 X8.954 Y-.564 E0.02289
G1 X8.506 Y-2.553 E0.10172
G1 X8.377 Y-2.86 E0.01661
G1 X7.397 Y-4.661 E0.10229
G1 X6.939 Y-4.657 E0.02285
G1 F600 X6.982 Y-2.307 E0.07622
G1 X7.008 Y-0.061 E0.07284
G1 X6.952 Y2.498 E0.083
G1 F3000 X6.947 Y4.418 E0.09579
G0 F12000 X6.545 Y4.816
;TYPE:WALL-OUTER
G1 F1200 X7.592 Y4.819 E0.05224
G1 F600 X8.744 Y2.831 E0.07451
G1 F1200 X8.912 Y2.424 E0.02197
G1 X9.356 Y0.376 E0.10455
G1 X9.514 Y-.13 E0.02645
G1 X9.349 Y-.633 E0.02641
G1 X8.888 Y-2.675 E0.10444
G1 X8.739 Y-3.033 E0.01935
G1 F600 X7.633 Y-5.063 E0.07497
G1 F1200 X6.532 Y-5.053 E0.05493
G1 F600 X6.582 Y-2.303 E0.08919
G1 X6.608 Y-0.07 E0.07242
G1 X6.552 Y2.496 E0.08323
G1 X6.545 Y4.816 E0.07523
G0 F12000 X7.345 Y4.818
G0 X7.201 Y4.135
G0 X7.327 Y3.718
;TYPE:SKIN
;BRIDGE
G1 F1200 X7.332 Y2.502 E0.0455
G1 X7.388 Y-0.051 E0.09555
G1 X7.332 Y-3.981 E0.14707
G1 X8.031 Y-2.694 E0.0548
G1 X8.14 Y-2.427 E0.01079
G1 X8.58 Y-.479 E0.07473
G1 X8.693 Y-.124 E0.01394
G1 X8.613 Y0.126 E0.00982
G1 X8.164 Y2.18 E0.07867
G1 X8.04 Y2.483 E0.01225
G1 X7.327 Y3.718 E0.05336
G1 F3600 E-1
G0 F12000 X8.41 Y-.355
G1 F3600 E1
G1 F1200 X8.398 Y0.175 E0.01984
G0 F12000 X7.954 Y2.165
G1 F1200 X8.045 Y-1.944 E0.15379
G1 X8.047 Y-2.043
G0 F12000 X7.666 Y-2.948
G1 F1200 X7.537 Y2.954 E0.22089
G1 X7.535 Y3.053
G0 F12000 X7.552 Y3.023
G1 F3600 E-1
;MESH:NONMESH
G0 F12000 X7.552 Y2.992
G0 X-8.5 Y2.464
;TIME_ELAPSED:6.501866
;LAYER:2
;MESH:pi 3mm.stl
G0 X-8.5 Y2.464 Z0.9
;TYPE:WALL-INNER
;BRIDGE
G1 F3600 E1
G1 F600 X-8.485 Y-0.021 E0.11786
G1 F2146.7 X-8.455 Y-.636 E0.04293
G1 F2409.6 X-8.415 Y-1.533 E0.05577
G1 F2803.7 X-8.374 Y-2.43 E0.04793
G1 F3053.4 X-8.373 Y-3.133 E0.03446
G1 X-8.759 Y-2.5 E0.03634
G1 F2803.7 X-8.872 Y-1.585 E0.04922
G1 F2404.8 X-8.986 Y-.67 E0.05739
G1 F2142.9 X-9.077 Y-0.016 E0.04612
G1 F600 X-8.539 Y2.403 E0.11753
G1 F2051.3 X-8.5 Y2.464 E0.00528
G0 F12000 X-8.227 Y3.353
G0 X-7.985 Y4.126
;TYPE:WALL-OUTER
G1 F1200 X-8.008 Y2.626 E0.07484
G1 F600 X-7.976 Y-2.713 E0.17314
G1 F1200 X-7.979 Y-4.336 E0.08097
G1 X-8.579 Y-3.554 E0.04917
G1 X-9.137 Y-2.641 E0.05338
G1 X-9.446 Y-.752 E0.0955
G1 X-9.579 Y-0.005 E0.03785
G1 F600 X-9 Y2.6 E0.08654
G1 F1200 X-7.985 Y4.126 E0.09144
G0 F12000 X-7.997 Y3.326
G1 F3600 E-1
G0 F12000 X6.914 Y4.402
;TYPE:WALL-INNER
G1 F3600 E1
G1 F3000 X7.836 Y4.407
G1 X8.851 Y4.412
G1 X10.403 Y4.44 E0.07744
G1 X11.054 Y2.919 E0.08254
G1 X11.208 Y2.404 E0.02682
G1 X11.227 Y2.207 E0.00987
G1 F600 X11.664 Y-.128 E0.07704
G1 F3000 X11.608 Y-.546 E0.02104
G1 F600 X11.174 Y-2.612 E0.06846
G1 F3000 X11.041 Y-3.039 E0.02231
G1 X10.309 Y-4.681 E0.08969
G1 F600 X7.858 Y-4.655 E0.07949
G1 F1500 X6.898 Y-4.645 E0.0479
G1 F3000 X6.931 Y-2.64 E0.10004
G1 X6.956 Y-2.112 E0.02637
G1 X6.98 Y-0.08 E0.10138
G1 X6.94 Y1.946 E0.1011
G1 X6.917 Y2.494 E0.02736
G1 X6.914 Y4.402
G0 F12000 X6.513 Y4.8
;TYPE:WALL-OUTER
G1 F1200 X7.605 Y4.806
G1 X8.844 Y4.812
G1 X10.665 Y4.845 E0.09086
G1 X11.431 Y3.055 E0.09714
G1 X11.602 Y2.481 E0.02988
G1 X11.627 Y2.235 E0.01234
G1 F600 X12.069 Y-.118 E0.07764
G1 F1200 X12.002 Y-.614 E0.02497
G1 F600 X11.562 Y-2.713 E0.06955
G1 F1200 X11.416 Y-3.181 E0.02446
G1 X10.567 Y-5.085 E0.10401
G1 F600 X7.641 Y-5.053 E0.09489
G1 X6.641 Y-5.043 E0.04989
G1 F750 X6.492 Y-5.041 E0.00743
G1 F1200 X6.531 Y-2.621 E0.12075
G1 X6.556 Y-2.107 E0.02567
G1 X6.58 Y-0.088 E0.10074
G1 X6.54 Y1.929 E0.10065
G1 X6.517 Y2.485 E0.02776
G1 X6.513 Y4.8 E0.1155
G0 F12000 X7.313 Y4.804
G0 X7.293 Y4.021
;TYPE:SKIN
;BRIDGE
M107
G1 F1200 X7.296 Y2.505 E0.07563
G1 X7.32 Y1.961 E0.02717
G1 X7.36 Y-0.072 E0.10145
G1 X7.336 Y-2.147 E0.10353
G1 X7.309 Y-2.625 E0.02389
G1 X7.283 Y-4.266 E0.08188
G1 X8.065 Y-4.275 E0.03902
G1 X10.062 Y-4.298 E0.09964
G1 X10.68 Y-2.909 E0.07585
G1 X10.802 Y-2.521 E0.02029
G1 X11.287 Y-.201 E0.11825
G1 X10.855 Y2.094 E0.11651
G1 X10.83 Y2.333 E0.01199
G1 X10.695 Y2.791 E0.02382
G1 X10.153 Y4.053 E0.06852
G1 X8.999 Y4.034 E0.05758
G1 X8.056 Y4.027 E0.04705
G1 X7.293 Y4.021 E0.03807
G0 F12000 X9.66 Y3.847
G1 F1200 X10.308 Y3.185 E0.04622
G1 X10.377 Y3.114
G0 F12000 X10.657 Y2.067
G1 F1200 X8.922 Y3.839 E0.12373
G0 F12000 X8.185 Y3.83
G1 F1200 X10.833 Y1.125 E0.18885
G1 X10.902 Y1.054
G0 F12000 X11.011 Y0.182
G1 F1200 X7.493 Y3.775 E0.25087
G0 F12000 X7.495 Y3.011
G1 F1200 X11.004 Y-.573 E0.25024
G0 F12000 X10.873 Y-1.201
G1 F1200 X7.507 Y2.236 E0.24001
G0 F12000 X7.531 Y1.45
G1 F1200 X10.742 Y-1.829 E0.22896
G0 F12000 X10.61 Y-2.457
G1 F1200 X7.546 Y0.673 E0.21852
G0 F12000 X7.56 Y-.103
G1 F1200 X10.413 Y-3.017 E0.20346
G0 F12000 X10.18 Y-3.541
G1 F1200 X7.551 Y-.856 E0.18748
G0 F12000 X7.542 Y-1.609
G1 F1200 X9.947 Y-4.065 E0.17149
G0 F12000 X9.225 Y-4.089
G1 F1200 X7.525 Y-2.353 E0.12122
G0 F12000 X7.502 Y-3.091
G1 F1200 X8.47 Y-4.08 E0.06904
G0 F12000 X7.716 Y-4.072
G1 F1200 X7.49 Y-3.841 E0.01612
G0 F12000 X7.513 Y-3.841
G1 F3600 E-1
;MESH:NONMESH
G0 F12000 X-8.352 Y2.612
;TIME_ELAPSED:15.873370
;LAYER:3
M106 S255
;MESH:pi 3mm.stl
G0 X-8.352 Y2.612 Z1.2
;TYPE:WALL-INNER
G1 F3600 E1
G1 F3000 X-8.32 Y-2.709 E0.26547
G1 X-8.322 Y-3.894 E0.05912
G1 X-8.323 Y-4.674 E0.03891
G1 X-9.457 Y-4.684 E0.05658
G1 X-9.821 Y-4.079 E0.03523
G1 X-10.584 Y-2.536 E0.08588
G1 X-10.715 Y-1.684 E0.04301
G1 X-10.937 Y-0.022 E0.08365
G1 X-10.782 Y0.905 E0.04689
G1 X-10.468 Y2.516 E0.08189
G1 X-10.282 Y2.912 E0.02183
G1 X-9.783 Y3.796 E0.05064
G1 X-9.229 Y4.644 E0.05054
G1 X-8.322 Y4.634 E0.04525
G1 X-8.337 Y3.597 E0.05174
G1 X-8.352 Y2.612 E0.04915
G0 F12000 X-7.952 Y2.614
;TYPE:WALL-OUTER
G1 F1200 X-7.92 Y-2.709 E0.26557
G1 X-7.923 Y-4.319 E0.08032
G1 X-7.924 Y-5.07 E0.03747
G1 X-9.639 Y-5.086 E0.08557
G1 X-9.826 Y-4.846 E0.01518
G1 X-10.172 Y-4.271 E0.03348
G1 X-10.97 Y-2.658 E0.08978
G1 X-11.11 Y-1.751 E0.04579
G1 X-11.341 Y-0.016 E0.08732
G1 X-11.175 Y0.981 E0.05043
G1 X-10.852 Y2.641 E0.08437
G1 X-10.638 Y3.096 E0.02509
G1 X-10.125 Y4.004 E0.05203
G1 X-9.444 Y5.046 E0.0621
G1 X-7.916 Y5.03 E0.07624
G1 X-7.93 Y4.106 E0.0461
G1 X-7.952 Y2.614 E0.07444
G0 F12000 X-7.948 Y1.814
G0 X-8.649 Y1.81
G0 X-8.732 Y2.606
;TYPE:SKIN
;BRIDGE
G1 F1200 X-8.726 Y3.013 E0.01523
G1 X-8.707 Y4.258 E0.04659
G1 X-9.021 Y4.263 E0.01175
G1 X-9.445 Y3.615 E0.02898
G1 X-10.085 Y2.481 E0.04872
G1 X-10.405 Y0.842 E0.06249
G1 X-10.549 Y-0.024 E0.03285
G1 X-10.338 Y-1.622 E0.06031
G1 X-10.215 Y-2.422 E0.03029
G1 X-9.492 Y-3.88 E0.06089
G1 X-9.239 Y-4.298 E0.01828
G1 X-8.7 Y-4.293 E0.02017
G1 X-8.7 Y-3.359 E0.03495
G1 X-8.7 Y-2.711 E0.02425
G1 X-8.732 Y2.606 E0.19895
G1 F3600 E-1
G0 F12000 X-10.285 Y-.495
G1 F3600 E1
G1 F1200 X-9.625 Y2.89 E0.12904
G1 X-9.606 Y2.988
G0 F12000 X-8.93 Y2.271
G1 F1200 X-9.887 Y-2.633 E0.18696
G0 F12000 X-9.595 Y-3.223
G1 F1200 X-8.918 Y0.246 E0.13225
G1 X-8.899 Y0.344
G0 F12000 X-8.905 Y-1.778
G1 F1200 X-9.302 Y-3.81 E0.07747
G0 F12000 X-8.9 Y-3.839
G1 F1200 X-8.95 Y-4.095 E0.00976
G0 F12000 X-10.119 Y-1.733
G1 F1200 X-9.021 Y3.894 E0.21452
G1 X-9.002 Y3.992
G0 F12000 X-8.961 Y3.967
G1 F3600 E-1
G0 F12000 X-8.959 Y3.969
G0 X6.881 Y4.39
;TYPE:WALL-INNER
G1 F3600 E1
G1 F3000 X8.8 Y4.4 E0.09574
G1 X10.837 Y4.444 E0.10165
G1 X12.49 Y4.48 E0.08249
G1 X12.877 Y3.24 E0.06481
G1 X13.108 Y2.456 E0.04078
G1 F600 X13.332 Y0.215 E0.07303
G1 F3000 X13.392 Y-.113 E0.01664
G1 X13.132 Y-2.058 E0.0979
G1 X13.009 Y-2.647 E0.03002
G1 X12.586 Y-4.112 E0.07607
G1 X12.396 Y-4.701 E0.03088
G1 X10.753 Y-4.675 E0.08198
G1 X8.762 Y-4.644 E0.09934
G1 X6.858 Y-4.631 E0.09499
G1 X6.891 Y-2.642 E0.09925
G1 X6.928 Y-1.788 E0.04265
G1 X6.948 Y-0.084 E0.08502
G1 X6.916 Y1.617 E0.08488
G1 X6.881 Y2.485 E0.04334
G1 X6.881 Y4.39 E0.09504
G0 F12000 X6.481 Y4.788
;TYPE:WALL-OUTER
G1 F1200 X8.792 Y4.8 E0.1153
G1 X8.981 Y4.805 E0.00943
G1 X10.668 Y4.841
G1 F600 X12.782 Y4.888 E0.06857
G1 F1200 X13.261 Y3.353 E0.08022
G1 X13.502 Y2.533 E0.04264
G1 F600 X13.731 Y0.251 E0.07437
G1 F1200 X13.797 Y-.102 E0.01792
G1 X13.526 Y-2.126 E0.10188
G1 X13.397 Y-2.743 E0.03145
G1 X12.967 Y-4.234 E0.07742
G1 X12.686 Y-5.105 E0.04566
G1 F600 X10.576 Y-5.072 E0.06843
G1 X9.576 Y-5.057 E0.0499
G1 F750 X8.76 Y-5.044 E0.04072
G1 F1200 X6.452 Y-5.029 E0.11515
G1 X6.491 Y-2.624 E0.12
G1 X6.528 Y-1.783 E0.042
G1 X6.548 Y-0.092 E0.08437
G1 X6.516 Y1.601 E0.08448
G1 X6.481 Y2.477 E0.04374
G1 X6.481 Y4.788 E0.1153
G0 F12000 X7.281 Y4.792
G0 X7.26 Y4.009
;TYPE:SKIN
;BRIDGE
M107
G1 F1200 X7.26 Y2.493 E0.07563
G1 X7.296 Y1.633 E0.04294
G1 X7.329 Y-0.082 E0.08558
G1 X7.308 Y-1.819 E0.08667
G1 X7.269 Y-2.631 E0.04056
G1 X7.244 Y-4.253 E0.08093
G1 X8.762 Y-4.264 E0.07574
G1 X10.922 Y-4.295 E0.10777
G1 X12.13 Y-4.313 E0.06027
G1 X12.637 Y-2.559 E0.09109
G1 X12.754 Y-1.994 E0.02879
G1 X13.005 Y-.117 E0.09448
G1 X12.953 Y0.175 E0.0148
G1 X12.73 Y2.385 E0.11082
G1 X12.516 Y3.117 E0.03805
G1 X12.21 Y4.088 E0.05079
G1 X11 Y4.064 E0.06038
G1 X8.809 Y4.02 E0.10933
G1 X7.26 Y4.009 E0.07728
G1 F3600 E-1
G0 F12000 X11.368 Y3.871
G1 F3600 E1
G1 F1200 X12.367 Y2.915 E0.06898
G1 X12.439 Y2.846
G0 F12000 X12.569 Y1.982
G1 F1200 X10.614 Y3.856 E0.13511
G0 F12000 X9.859 Y3.841
G1 F1200 X12.651 Y1.165 E0.19294
G1 X12.723 Y1.096
G0 F12000 X12.733 Y0.349
G1 F1200 X9.104 Y3.826 E0.25074
G0 F12000 X8.343 Y3.817
G1 F1200 X12.763 Y-.418 E0.3054
G0 F12000 X12.675 Y-1.072
G1 F1200 X7.579 Y3.811 E0.35212
G0 F12000 X7.461 Y3.186
G1 F1200 X12.588 Y-1.727 E0.35427
G0 F12000 X12.475 Y-2.357
G1 F1200 X7.462 Y2.446 E0.34637
G0 F12000 X7.494 Y1.677
G1 F1200 X12.317 Y-2.943 E0.3332
G0 F12000 X12.15 Y-3.521
G1 F1200 X7.51 Y0.924 E0.32057
G0 F12000 X7.524 Y0.173
G1 F1200 X11.982 Y-4.099 E0.30804
G0 F12000 X11.213 Y-4.1
G1 F1200 X7.523 Y-.565 E0.25494
G0 F12000 X7.514 Y-1.294
G1 F1200 X10.43 Y-4.089 E0.20152
G0 F12000 X9.648 Y-4.077
G1 F1200 X7.498 Y-2.017 E0.14855
G0 F12000 X7.468 Y-2.726
G1 F1200 X8.866 Y-4.066 E0.09661
G0 F12000 X8.089 Y-4.059
G1 F1200 X7.457 Y-3.454 E0.04365
G1 X7.385 Y-3.385
G0 F12000 X7.479 Y-3.385
G1 F3600 E-1
;MESH:NONMESH
G0 F12000 X-8.262 Y4.614
;TIME_ELAPSED:28.809380
;LAYER:4
M106 S255
;MESH:pi 3mm.stl
G0 X-8.262 Y4.614 Z1.5
;TYPE:WALL-INNER
G1 F3600 E1
G1 F3000 X-8.296 Y2.605 E0.10024
G1 X-8.288 Y0.873 E0.08641
G1 X-8.272 Y-0.065 E0.0468
G1 X-8.26 Y-2.707 E0.13181
G1 X-8.268 Y-4.654 E0.09714
G1 X-9.93 Y-4.679 E0.08293
G1 X-11.148 Y-4.697 E0.06077
G1 F600 X-12.205 Y-2.571 E0.07699
G1 F3000 X-12.453 Y-.984 E0.08014
G1 X-12.555 Y-0.061 E0.04633
G1 X-12.446 Y0.816 E0.04409
G1 X-12.166 Y2.469 E0.08364
G1 X-11.422 Y4.036 E0.08654
G1 X-11.082 Y4.644 E0.03475
G1 X-9.721 Y4.63 E0.0679
G1 X-8.262 Y4.614 E0.07279
G0 F12000 X-7.856 Y5.01
;TYPE:WALL-OUTER
G1 F1200 X-7.896 Y2.607 E0.1199
G1 X-7.888 Y0.88 E0.08616
G1 X-7.872 Y-0.063 E0.04705
G1 X-7.86 Y-2.711 E0.13211
G1 X-7.868 Y-5.05 E0.11669
G1 X-9.592 Y-5.068 E0.08602
G1 X-9.72 Y-5.07 E0.00639
G1 X-11.393 Y-5.101 E0.08348
G1 F600 X-12.591 Y-2.694 E0.08719
G1 F1200 X-12.849 Y-1.037 E0.08366
G1 X-12.958 Y-0.058 E0.04914
G1 X-12.842 Y0.874 E0.04686
G1 X-12.551 Y2.591 E0.08688
G1 X-11.778 Y4.22 E0.08996
G1 X-11.315 Y5.046 E0.04724
G1 X-9.48 Y5.027 E0.09155
G1 X-7.856 Y5.01 E0.08103
G0 F12000 X-7.869 Y4.21
G0 X-8.648 Y4.234
;TYPE:SKIN
;BRIDGE
M107
G1 F1200 X-9.969 Y4.251 E0.06591
G1 X-10.859 Y4.262 E0.04441
G1 X-11.082 Y3.864 E0.02276
G1 X-11.799 Y2.351 E0.08353
G1 X-12.074 Y0.707 E0.08316
G1 X-12.17 Y-0.062 E0.03866
G1 X-12.081 Y-.881 E0.0411
G1 X-11.839 Y-2.454 E0.0794
G1 X-10.913 Y-4.31 E0.10348
G1 X-10.161 Y-4.299 E0.03752
G1 X-8.648 Y-4.278 E0.07549
G1 X-8.64 Y-2.896 E0.06895
G1 X-8.652 Y-0.077 E0.14064
G1 X-8.668 Y0.864 E0.04695
G1 X-8.676 Y2.603 E0.08676
G1 X-8.648 Y4.234 E0.08138
G0 F12000 X-8.862 Y3.405
G1 F1200 X-9.521 Y4.045 E0.04583
G0 F12000 X-10.297 Y4.055
G1 F1200 X-8.875 Y2.674 E0.09889
G0 F12000 X-8.873 Y1.93
G1 F1200 X-10.861 Y3.86 E0.13823
G0 F12000 X-11.102 Y3.352
G1 F1200 X-8.87 Y1.184 E0.15524
G0 F12000 X-8.861 Y0.432
G1 F1200 X-11.343 Y2.843 E0.17263
G0 F12000 X-11.585 Y2.334
G1 F1200 X-8.851 Y-.32 E0.1901
G0 F12000 X-8.848 Y-1.066
G1 F1200 X-11.703 Y1.707 E0.19856
G0 F12000 X-11.81 Y1.067
G1 F1200 X-8.845 Y-1.812 E0.20619
G0 F12000 X-8.842 Y-2.558
G1 F1200 X-11.907 Y0.419 E0.21317
G0 F12000 X-11.943 Y-.29
G1 F1200 X-8.842 Y-3.301 E0.21564
G0 F12000 X-8.847 Y-4.039
G1 F1200 X-11.84 Y-1.133 E0.20813
G1 X-11.911 Y-1.064
G0 F12000 X-11.706 Y-2.006
G1 F1200 X-9.558 Y-4.091 E0.14935
G0 F12000 X-10.313 Y-4.102
G1 F1200 X-11.245 Y-3.197 E0.06481
G1 X-11.316 Y-3.128
G0 F12000 X-11.272 Y-3.106
G1 F3600 E-1
G0 F12000 X7.272 Y-.851
;TYPE:FILL
M106 S255
G1 F3600 E1
G1 F9600 X8.451 Y-1.167 E0.0609
G1 X8.615 Y-.447 E0.03684
G1 X8.719 Y-.125 E0.01688
G1 X8.623 Y0.19 E0.01643
G1 X8.181 Y2.206 E0.10297
G1 X8.057 Y2.51 E0.01638
G1 X7.559 Y3.368 E0.04949
G1 X7.203 Y3.272 E0.0184
G1 X7.205 Y2.497 E0.03867
G1 X7.252 Y1.301 E0.05971
G1 X7.28 Y-0.086 E0.06921
G1 X7.264 Y-1.469 E0.069
G1 X7.204 Y-2.721 E0.06253
G1 X7.192 Y-3.525 E0.04012
G1 X7.556 Y-3.62 E0.01877
G1 X7.652 Y-3.645
G1 F3600 E-1
G0 F12000 X7.113 Y4.111
G0 X6.844 Y4.378
;TYPE:WALL-INNER
G1 F3600 E1
G1 F3000 X8.748 Y4.388 E0.09499
G1 X10.858 Y4.429 E0.10529
G1 X12.911 Y4.481 E0.10246
G1 X14.284 Y4.516 E0.06852
G1 F600 X14.82 Y2.479 E0.06831
G1 F3000 X14.949 Y1.248 E0.06175
G1 X15.06 Y-0.057 E0.06534
G1 X14.888 Y-1.221 E0.0587
G1 X14.705 Y-2.692 E0.07395
G1 X14.188 Y-4.723 E0.10456
G1 X12.818 Y-4.699 E0.06836
G1 X8.702 Y-4.628 E0.20538
G1 X6.817 Y-4.615 E0.09405
G1 X6.844 Y-2.699 E0.0956
G1 X6.904 Y-1.49 E0.06039
G1 X6.92 Y-0.083 E0.0702
G1 X6.892 Y1.293 E0.06866
G1 X6.845 Y2.477 E0.05912
G1 X6.844 Y4.378 E0.09484
G0 F12000 X6.447 Y4.776
;TYPE:WALL-OUTER
G1 F1200 X8.74 Y4.788 E0.1144
G1 X10.848 Y4.829 E0.10519
G1 X12.788 Y4.878 E0.09682
G1 X14.59 Y4.924 E0.08993
G1 F600 X15.214 Y2.551 E0.07957
G1 F1200 X15.344 Y1.321 E0.06171
G1 X15.462 Y-0.069 E0.0696
G1 X15.285 Y-1.271 E0.06061
G1 X15.099 Y-2.766 E0.07516
G1 F600 X14.497 Y-5.131 E0.07914
G1 F1200 X12.69 Y-5.099 E0.09017
G1 X8.7 Y-5.028 E0.19909
G1 X6.411 Y-5.013 E0.1142
G1 X6.444 Y-2.687 E0.11606
G1 X6.504 Y-1.463 E0.06114
G1 X6.52 Y-0.091 E0.06845
G1 X6.492 Y1.277 E0.06826
G1 X6.445 Y2.469 E0.05952
G1 X6.44 Y3.931 E0.07294
G1 X6.447 Y4.776 E0.04216
G0 F12000 X7.247 Y4.78
G0 X7.586 Y3.998
;TYPE:SKIN
;BRIDGE
M107
G1 F1200 X8.358 Y2.669 E0.08435
G1 X8.502 Y2.32 E0.02072
G1 X8.95 Y0.283 E0.11446
G1 X9.064 Y-.107 E0.0223
G1 X8.942 Y-.537 E0.02453
G1 X8.458 Y-2.669 E0.11998
G1 X7.604 Y-4.238 E0.09803
G1 X8.702 Y-4.248 E0.06026
G1 X12.941 Y-4.317 E0.23266
G1 X13.893 Y-4.333 E0.05225
G1 X14.327 Y-2.626 E0.09666
G1 X14.509 Y-1.175 E0.08025
G1 X14.674 Y-0.041 E0.06289
G1 X14.566 Y1.217 E0.06929
G1 X14.442 Y2.403 E0.06544
G1 X13.99 Y4.128 E0.09786
G1 X13.028 Y4.103 E0.05281
G1 X10.866 Y4.048 E0.11869
G1 X8.752 Y4.008 E0.11604
G1 X7.586 Y3.998 E0.06399
G0 F12000 X8.045 Y3.604
G1 F1200 X8.251 Y3.803 E0.01572
G0 F12000 X8.304 Y3.159
G1 F1200 X8.98 Y3.812 E0.05158
G0 F12000 X9.714 Y3.825
G1 F1200 X8.556 Y2.707 E0.08833
G0 F12000 X8.733 Y2.182
G1 F1200 X10.448 Y3.84 E0.13091
G0 F12000 X11.184 Y3.856
G1 F1200 X8.86 Y1.61 E0.17737
G0 F12000 X8.987 Y1.037
G1 F1200 X11.923 Y3.875 E0.2241
G0 F12000 X12.662 Y3.893
G1 F1200 X9.115 Y0.465 E0.27071
G0 F12000 X9.261 Y-0.089
G1 F1200 X13.4 Y3.912 E0.31592
G0 F12000 X13.897 Y3.696
G1 F1200 X9.043 Y-.995 E0.37045
G1 X8.972 Y-1.064
G0 F12000 X8.841 Y-1.885
G1 F1200 X14.043 Y3.142 E0.397
G0 F12000 X14.188 Y2.587
G1 F1200 X8.618 Y-2.797 E0.42514
G1 X8.547 Y-2.866
G0 F12000 X8.756 Y-4.054
G1 F1200 X14.351 Y1.354 E0.42704
G0 F12000 X14.285 Y1.986
G1 F1200 X8.049 Y-4.042 E0.47598
G1 X7.978 Y-4.111
G0 F12000 X9.465 Y-4.064
G1 F1200 X14.409 Y0.714 E0.37732
G0 F12000 X14.464 Y0.072
G1 F1200 X10.173 Y-4.075 E0.32749
G0 F12000 X10.882 Y-4.085
G1 F1200 X14.375 Y-.709 E0.26659
G1 X14.446 Y-.64
G0 F12000 X14.266 Y-1.509
G1 F1200 X11.589 Y-4.097 E0.20434
G0 F12000 X12.298 Y-4.107
G1 F1200 X14.167 Y-2.301 E0.14263
G1 X14.238 Y-2.232
G0 F12000 X13.981 Y-3.176
G1 F1200 X13.006 Y-4.118 E0.0744
G1 X12.935 Y-4.187
G0 F12000 X12.934 Y-4.102
G1 F3600 E-1
;MESH:NONMESH
G0 F12000 X12.932 Y-4.102
G0 X-8.204 Y4.594
;TIME_ELAPSED:44.833021
;LAYER:5
M106 S255
;MESH:pi 3mm.stl
G0 X-8.204 Y4.594 Z1.8
;TYPE:WALL-INNER
G1 F3600 E1
G1 F3000 X-8.24 Y2.594 E0.0998
G1 X-8.236 Y1.173 E0.07089
G1 X-8.216 Y-0.057 E0.06137
G1 X-8.201 Y-2.706 E0.13216
G1 X-8.216 Y-3.722 E0.05069
G1 X-8.214 Y-4.631 E0.04535
G1 X-11.601 Y-4.686 E0.169
G1 X-12.701 Y-4.704 E0.05489
G1 F600 X-13.478 Y-2.621 E0.0721
G1 F3000 X-13.63 Y-1.469 E0.05797
G1 X-13.795 Y-0.063 E0.07063
G1 F600 X-13.466 Y2.564 E0.08586
G1 F3000 X-13.259 Y3.266 E0.03651
G1 X-12.726 Y4.639 E0.07348
G1 X-11.554 Y4.627 E0.05847
G1 X-8.204 Y4.594 E0.16714
G0 F12000 X-7.796 Y4.99
;TYPE:WALL-OUTER
G1 F1200 X-7.84 Y2.595 E0.11951
G1 X-7.836 Y1.18 E0.07059
G1 X-7.816 Y-0.055 E0.06162
G1 X-7.801 Y-2.712 E0.13256
G1 X-7.816 Y-3.721 E0.05034
G1 X-7.813 Y-5.026 E0.06511
G1 X-11.403 Y-5.084 E0.17913
G1 X-12.977 Y-5.109 E0.07854
G1 F600 X-13.868 Y-2.719 E0.08272
G1 F1200 X-14.028 Y-1.515 E0.0606
G1 X-14.198 Y-0.061 E0.07303
G1 F600 X-13.859 Y2.646 E0.08847
G1 F1200 X-13.638 Y3.395 E0.03896
G1 X-12.999 Y5.042 E0.08814
G1 X-11.33 Y5.025 E0.08327
G1 X-7.796 Y4.99 E0.17632
G0 F12000 X-7.81 Y4.19
G0 X-8.588 Y4.214
;TYPE:SKIN
;BRIDGE
M107
G1 F1200 X-11.769 Y4.247 E0.17458
G1 X-12.463 Y4.254 E0.03809
G1 X-12.898 Y3.139 E0.06568
G1 X-13.091 Y2.49 E0.03716
G1 X-13.41 Y-0.065 E0.14131
G1 X-13.25 Y-1.411 E0.07439
G1 X-13.104 Y-2.531 E0.06198
G1 X-12.437 Y-4.317 E0.10463
G1 X-11.791 Y-4.307 E0.03546
G1 X-8.594 Y-4.255 E0.17547
G1 X-8.596 Y-3.722 E0.02925
G1 X-8.581 Y-2.743 E0.05373
G1 X-8.736 Y-2.49 E0.01628
G1 X-9.027 Y-.702 E0.09942
G1 X-9.152 Y-0.009 E0.03865
G1 X-8.616 Y2.38 E0.13437
G1 X-8.588 Y4.214 E0.10066
G1 F3600 E-1
G0 F12000 X-11.587 Y4.045
G1 F3600 E1
G1 F1200 X-12.763 Y2.892 E0.09038
G1 X-12.834 Y2.822
G0 F12000 X-12.95 Y2.009
G1 F1200 X-10.88 Y4.038 E0.15907
G0 F12000 X-10.174 Y4.03
G1 F1200 X-13.05 Y1.21 E0.22105
G1 X-13.121 Y1.14
G0 F12000 X-13.15 Y0.412
G1 F1200 X-9.467 Y4.023 E0.28306
G0 F12000 X-8.791 Y3.985
G1 F1200 X-13.179 Y-.316 E0.3372
G0 F12000 X-13.101 Y-.94
G1 F1200 X-8.802 Y3.275 E0.33041
G0 F12000 X-8.813 Y2.563
G1 F1200 X-13.023 Y-1.564 E0.32354
G0 F12000 X-12.946 Y-2.188
G1 F1200 X-8.971 Y1.709 E0.30549
G1 X-8.9 Y1.779
G0 F12000 X-9.171 Y0.812
G1 F1200 X-12.808 Y-2.753 E0.27949
G0 F12000 X-12.617 Y-3.266
G1 F1200 X-9.345 Y-0.058 E0.25147
G0 F12000 X-9.238 Y-.654
G1 F1200 X-12.425 Y-3.778 E0.24491
G0 F12000 X-12.05 Y-4.111
G1 F1200 X-9.139 Y-1.257 E0.22372
G0 F12000 X-9.041 Y-1.861
G1 F1200 X-11.324 Y-4.099 E0.17545
G0 F12000 X-10.598 Y-4.087
G1 F1200 X-8.942 Y-2.464 E0.12725
G0 F12000 X-8.784 Y-3.01
G1 F1200 X-9.871 Y-4.075 E0.08351
G0 F12000 X-9.145 Y-4.063
G1 F1200 X-8.791 Y-3.717 E0.02717
G0 F12000 X-8.816 Y-3.717
G1 F3600 E-1
G0 F12000 X7.242 Y-.624
;TYPE:FILL
M106 S255
G1 F3600 E1
G1 F9600 X11.016 Y-1.635 E0.19492
G1 X11.248 Y-.53 E0.05633
G1 X10.024 Y4.041 E0.23608
G1 X8.698 Y4.016 E0.06617
G1 X7.17 Y4.007 E0.07623
G1 X7.169 Y2.489 E0.07573
G1 X7.228 Y0.976 E0.07554
G1 X7.248 Y-0.09 E0.05319
G1 X7.236 Y-1.15 E0.05289
G1 X7.167 Y-2.651 E0.07496
G1 X7.14 Y-4.246 E0.07959
G1 X8.657 Y-4.256 E0.07569
G1 X10.095 Y-4.28 E0.07175
G1 X10.195 Y-4.281
G1 F3600 E-1
G0 F12000 X7.081 Y4.099
G0 X6.811 Y4.366
;TYPE:WALL-INNER
G1 F3600 E1
G1 F3000 X8.695 Y4.376 E0.09399
G1 X10.24 Y4.404 E0.07709
G1 X14.486 Y4.516 E0.21191
G1 X14.7 Y4.518 E0.01068
G1 X15.901 Y4.531 E0.05992
G1 X16.29 Y3.026 E0.07755
G1 F600 X16.216 Y-0.089 E0.10104
G1 X16.289 Y-2.761 E0.08668
G1 F3000 X15.705 Y-4.746 E0.10323
G1 X14.603 Y-4.73 E0.05498
G1 X14.431 Y-4.728 E0.00858
G1 X13.591 Y-4.7 E0.04193
G1 X8.656 Y-4.616 E0.24624
G1 X6.778 Y-4.603 E0.0937
G1 X6.807 Y-2.626 E0.09864
G1 X6.876 Y-1.169 E0.07277
G1 X6.888 Y-0.088 E0.05393
G1 X6.868 Y0.968 E0.05269
G1 X6.809 Y2.469 E0.07494
G1 X6.804 Y3.602 E0.05653
G1 X6.811 Y4.366 E0.03812
G0 F12000 X6.415 Y4.764
;TYPE:WALL-OUTER
G1 F1200 X8.688 Y4.776 E0.1134
G1 X10.23 Y4.804 E0.07694
G1 X14.482 Y4.916 E0.21221
G1 X14.595 Y4.917 E0.00564
G1 X16.209 Y4.934 E0.08053
G1 X16.691 Y3.072 E0.09596
G1 F600 X16.616 Y-0.078 E0.10218
G1 X16.691 Y-2.813 E0.08873
G1 X16.003 Y-5.15 E0.079
G1 F1200 X14.502 Y-5.129 E0.07489
G1 X14.418 Y-5.128 E0.00419
G1 X13.584 Y-5.1 E0.04163
G1 X8.654 Y-5.016 E0.24599
G1 X6.374 Y-5.001 E0.11375
G1 X6.384 Y-3.806 E0.05962
G1 X6.407 Y-2.608 E0.05978
G1 X6.476 Y-1.143 E0.07317
G1 X6.488 Y-0.096 E0.05224
G1 X6.468 Y0.952 E0.05229
G1 X6.409 Y2.461 E0.07534
G1 X6.404 Y3.606 E0.05712
G1 X6.415 Y4.764 E0.05778
G0 F12000 X7.215 Y4.768
G1 F3600 E-1
G0 F12000 X7.218 Y4.07
G0 X10.556 Y4.031
;TYPE:SKIN
;BRIDGE
M107
G1 F3600 E1
G1 F1200 X11.047 Y2.88 E0.06867
G1 X11.207 Y2.224 E0.03706
G1 X11.66 Y-.216 E0.13619
G1 X11.155 Y-2.621 E0.13486
G1 X11.027 Y-3.021 E0.02305
G1 X10.474 Y-4.265 E0.07471
G1 X13.596 Y-4.319 E0.17136
G1 X14.43 Y-4.348 E0.0458
G1 X14.699 Y-4.352 E0.01476
G1 X15.422 Y-4.361 E0.03968
G1 X15.907 Y-2.709 E0.09449
G1 X15.836 Y-0.094 E0.14356
G1 X15.907 Y2.976 E0.16852
G1 X15.605 Y4.146 E0.06631
G1 X14.8 Y4.139 E0.04418
G1 X14.5 Y4.136 E0.01646
G1 X10.556 Y4.031 E0.21652
G0 F12000 X10.97 Y3.573
G1 F1200 X11.232 Y3.849 E0.02088
G0 F12000 X11.939 Y3.868
G1 F1200 X11.184 Y3.072 E0.06021
G0 F12000 X11.34 Y2.509
G1 F1200 X12.646 Y3.886 E0.10415
G0 F12000 X13.353 Y3.905
G1 F1200 X11.467 Y1.916 E0.15042
G0 F12000 X11.578 Y1.308
G1 F1200 X14.06 Y3.924 E0.1979
G0 F12000 X14.763 Y3.938
G1 F1200 X11.69 Y0.699 E0.24502
G0 F12000 X11.801 Y0.09
G1 F1200 X15.453 Y3.939 E0.29118
G0 F12000 X15.6 Y3.368
G1 F1200 X11.768 Y-.672 E0.30558
G1 X11.7 Y-.744
G0 F12000 X11.573 Y-1.604
G1 F1200 X15.702 Y2.748 E0.32922
G0 F12000 X15.684 Y2.004
G1 F1200 X11.378 Y-2.536 E0.34339
G1 X11.31 Y-2.608
G0 F12000 X10.927 Y-3.737
G1 F1200 X15.667 Y1.259 E0.37794
G0 F12000 X15.651 Y0.515
G1 F1200 X11.293 Y-4.079 E0.34751
G0 F12000 X11.971 Y-4.091
G1 F1200 X15.64 Y-.222 E0.29262
G0 F12000 X15.659 Y-.929
G1 F1200 X12.649 Y-4.102 E0.24002
G0 F12000 X13.327 Y-4.114
G1 F1200 X15.678 Y-1.635 E0.1875
G0 F12000 X15.697 Y-2.342
G1 F1200 X13.999 Y-4.133 E0.13544
G0 F12000 X14.67 Y-4.151
G1 F1200 X15.546 Y-3.227 E0.06987
G1 X15.614 Y-3.155
G0 F12000 X15.556 Y-3.14
G1 F3600 E-1
;MESH:NONMESH
G0 F12000 X15.555 Y-3.142
G0 X-9.22 Y4.007
;TIME_ELAPSED:62.534921
;LAYER:6
M106 S255
;MESH:pi 3mm.stl
G0 X-9.22 Y4.007 Z2.1
;TYPE:FILL
G1 F3600 E1
G1 F9600 X-8.519 Y3.819 E0.03621
G1 X-8.511 Y4.217 E0.01986
G1 X-9.081 Y4.222 E0.02844
G1 X-9.478 Y3.608 E0.03648
G1 X-10.111 Y2.483 E0.0644
G1 X-10.431 Y0.831 E0.08395
G1 X-10.58 Y-0.037 E0.04394
G1 X-10.364 Y-1.623 E0.07986
G1 X-10.238 Y-2.432 E0.04085
G1 X-9.519 Y-3.89 E0.0811
G1 X-9.288 Y-4.268 E0.0221
G1 X-9.236 Y-4.353
G1 F3600 E-1
G0 F12000 X-9.237 Y-4.331
G0 X-8.422 Y4.308
G0 X-8.144 Y4.573
;TYPE:WALL-INNER
G1 F3600 E1
G1 F3000 X-8.184 Y2.581 E0.0994
G1 X-8.18 Y1.474 E0.05523
G1 X-8.156 Y-0.047 E0.07589
G1 X-8.14 Y-2.709 E0.13281
G1 X-8.16 Y-4.028 E0.06581
G1 X-8.16 Y-4.61 E0.02904
G1 X-13.134 Y-4.698 E0.24819
G1 X-13.955 Y-4.712 E0.04097
G1 X-14.444 Y-3.305 E0.07431
G1 X-14.689 Y-2.635 E0.03559
G1 F600 X-15.031 Y-0.06 E0.08424
G1 X-14.714 Y2.57 E0.0859
G1 F3000 X-14.227 Y4.218 E0.08573
G1 X-14.06 Y4.648 E0.02301
G1 X-13.162 Y4.631 E0.04481
G1 X-12.002 Y4.608 E0.05788
G1 X-8.144 Y4.573 E0.19248
G0 F12000 X-7.736 Y4.969
;TYPE:WALL-OUTER
G1 F1200 X-7.784 Y2.583 E0.11906
G1 X-7.78 Y1.48 E0.05503
G1 X-7.756 Y-0.045 E0.07609
G1 X-7.74 Y-2.715 E0.13321
G1 X-7.76 Y-4.028 E0.06551
G1 X-7.76 Y-5.006 E0.04879
G1 X-8.787 Y-5.017 E0.05124
G1 X-10.081 Y-5.048 E0.06458
G1 X-12.985 Y-5.096 E0.1449
G1 X-14.238 Y-5.117 E0.06252
G1 X-14.82 Y-3.443 E0.08842
G1 X-15.08 Y-2.731 E0.03782
G1 F600 X-15.434 Y-0.062 E0.08731
G1 X-15.107 Y2.651 E0.08862
G1 F1200 X-14.606 Y4.347 E0.08823
G1 X-14.332 Y5.053 E0.03778
G1 X-13.007 Y5.027 E0.06612
G1 X-11.998 Y5.008 E0.05035
G1 X-7.736 Y4.969 E0.21264
G0 F12000 X-7.752 Y4.169
G0 X-8.455 Y4.183
G0 X-9.498 Y4.202
;TYPE:SKIN
;BRIDGE
M107
G1 F1200 X-11.784 Y4.225 E0.12546
G1 X-13.309 Y4.252 E0.0837
G1 X-13.815 Y4.261 E0.02777
G1 X-14.335 Y2.495 E0.10103
G1 X-14.646 Y-0.058 E0.14114
G1 X-14.316 Y-2.547 E0.13779
G1 X-14.109 Y-3.113 E0.03307
G1 X-13.686 Y-4.325 E0.07045
G1 X-13.275 Y-4.318 E0.02256
G1 X-9.712 Y-4.253 E0.19557
G1 X-10.565 Y-2.531 E0.10546
G1 X-10.698 Y-1.679 E0.04732
G1 X-10.923 Y-0.035 E0.09106
G1 X-10.77 Y0.866 E0.05015
G1 X-10.431 Y2.605 E0.09723
G1 X-9.767 Y3.79 E0.07455
G1 X-9.498 Y4.202 E0.027
G1 F3600 E-1
G0 F12000 X-13.459 Y4.054
G1 F3600 E1
G1 F1200 X-13.755 Y3.747 E0.0234
G0 F12000 X-12.775 Y4.042
G1 F1200 X-14.065 Y2.705 E0.10196
G1 X-14.134 Y2.634
G0 F12000 X-14.215 Y1.829
G1 F1200 X-12.092 Y4.03 E0.16782
G0 F12000 X-11.406 Y4.021
G1 F1200 X-14.315 Y1.006 E0.22992
G1 X-14.384 Y0.935
G0 F12000 X-14.415 Y0.182
G1 F1200 X-10.718 Y4.014 E0.29221
G0 F12000 X-10.029 Y4.007
G1 F1200 X-14.385 Y-.507 E0.34426
G0 F12000 X-14.301 Y-1.14
G1 F1200 X-10.621 Y2.674 E0.29085
G1 X-10.552 Y2.745
G0 F12000 X-10.797 Y1.772
G1 F1200 X-14.217 Y-1.773 E0.27032
G0 F12000 X-14.133 Y-2.406
G1 F1200 X-10.972 Y0.87 E0.24983
G1 X-10.903 Y0.941
G0 F12000 X-11.12 Y-0.004
G1 F1200 X-13.962 Y-2.948 E0.22456
G0 F12000 X-13.775 Y-3.475
G1 F1200 X-11.041 Y-.642 E0.21606
G0 F12000 X-10.955 Y-1.273
G1 F1200 X-13.588 Y-4.002 E0.20811
G0 F12000 X-12.999 Y-4.111
G1 F1200 X-10.866 Y-1.9 E0.1686
G0 F12000 X-10.769 Y-2.52
G1 F1200 X-12.292 Y-4.099 E0.12039
G0 F12000 X-11.585 Y-4.085
G1 F1200 X-10.549 Y-3.012 E0.08185
G0 F12000 X-10.313 Y-3.488
G1 F1200 X-10.878 Y-4.073 E0.04463
G0 F12000 X-10.171 Y-4.06
G1 F1200 X-10.077 Y-3.963 E0.00741
G1 F3600 E-1
G0 F12000 X7.102 Y-4.23
;TYPE:FILL
M106 S255
G1 F3600 E1
G1 F9600 X7.12 Y-2.707 E0.07599
G1 X7.208 Y-.827 E0.0939
G1 X7.214 Y-.397 E0.02145
G1 X12.792 Y-1.891 E0.2881
G1 X13.032 Y-.126 E0.08887
G1 X12.983 Y0.141 E0.01354
G1 X12.758 Y2.386 E0.11256
G1 X12.237 Y4.087 E0.08875
G1 X9.807 Y4.029 E0.12127
G1 X12.04 Y-4.302 E0.43031
G1 X12.16 Y-4.303 E0.00599
G1 X8.609 Y-4.24 E0.17719
G1 X7.102 Y-4.23 E0.07519
G1 F3600 E-1
G0 F12000 X15.993 Y4.257
G0 X16.262 Y4.526
;TYPE:WALL-INNER
G1 F3600 E1
G1 F3000 X16.232 Y2.579 E0.09715
G1 X16.176 Y0.631 E0.09723
G1 X16.168 Y-.102 E0.03657
G1 X16.248 Y-2.817 E0.13551
G1 X16.275 Y-4.236 E0.07081
G1 X16.284 Y-4.744 E0.02535
G1 X16.125 Y-4.742 E0.00793
G1 X14.477 Y-4.724 E0.08222
G1 X13.251 Y-4.684 E0.0612
G1 X8.608 Y-4.6 E0.23168
G1 X6.739 Y-4.587 E0.09325
G1 X6.76 Y-2.686 E0.09485
G1 X6.848 Y-.849 E0.09175
G1 X6.857 Y-.102 E0.03727
G1 X6.844 Y0.644 E0.03722
G1 X6.772 Y2.459 E0.09062
G1 X6.782 Y4.353 E0.09449
G1 X8.644 Y4.36 E0.0929
G1 X9.856 Y4.384 E0.06048
G1 X14.534 Y4.508 E0.23347
G1 X16.262 Y4.526 E0.08621
G0 F12000 X15.993 Y4.257
G0 X15.933 Y2.594
G0 X16.632 Y2.568
;TYPE:WALL-OUTER
G1 F1200 X16.576 Y0.627 E0.09688
G1 X16.568 Y-0.09 E0.03577
G1 X16.648 Y-2.809 E0.13571
G1 X16.668 Y-3.884 E0.05364
G1 X16.692 Y-5.149 E0.06312
G1 X16.008 Y-5.141 E0.03413
G1 X14.465 Y-5.124 E0.07699
G1 X13.244 Y-5.084 E0.06095
G1 X8.606 Y-5 E0.23143
G1 X6.335 Y-4.985 E0.1133
G1 X6.36 Y-2.674 E0.1153
G1 X6.448 Y-.823 E0.09245
G1 X6.457 Y-.101 E0.03602
G1 X6.444 Y0.628 E0.03638
G1 X6.372 Y2.452 E0.09107
G1 X6.384 Y4.752 E0.11475
G1 X8.636 Y4.76 E0.11235
G1 X9.846 Y4.784 E0.06038
G1 X14.53 Y4.908 E0.23377
G1 X16.215 Y4.925 E0.08407
G1 X16.694 Y4.93 E0.0239
G1 X16.664 Y4.588 E0.01713
G1 X16.66 Y4.329 E0.01292
G1 X16.632 Y2.568 E0.08787
G0 F12000 X16.609 Y1.769
G1 F3600 E-1
G0 F12000 X15.91 Y1.787
G0 X12.596 Y4.075
;TYPE:SKIN
;BRIDGE
M107
G1 F3600 E1
G1 F1200 X13.09 Y2.444 E0.09352
G1 X13.319 Y0.189 E0.12439
G1 X13.371 Y-.151 E0.01888
G1 X13.115 Y-2.051 E0.10521
G1 X12.988 Y-2.635 E0.0328
G1 X12.516 Y-4.289 E0.09439
G1 X14.475 Y-4.343 E0.10755
G1 X15.896 Y-4.357 E0.07799
G1 X15.87 Y-2.965 E0.07641
G1 X15.788 Y-.11 E0.15674
G1 X15.796 Y0.631 E0.04067
G1 X15.851 Y2.534 E0.10448
G1 X15.873 Y4.141 E0.0882
G1 X14.547 Y4.128 E0.07277
G1 X12.596 Y4.075 E0.10711
G1 F3600 E-1
G0 F12000 X15.667 Y3.783
G1 F3600 E1
G1 F1200 X15.504 Y3.938 E0.01234
G0 F12000 X14.783 Y3.93
G1 F1200 X15.658 Y3.105 E0.066
G0 F12000 X15.647 Y2.428
G1 F1200 X14.07 Y3.915 E0.11895
G0 F12000 X13.361 Y3.896
G1 F1200 X15.628 Y1.759 E0.17097
G0 F12000 X15.609 Y1.09
G1 F1200 X12.95 Y3.596 E0.20052
G1 X12.878 Y3.664
G0 F12000 X13.24 Y2.636
G1 F1200 X15.593 Y0.417 E0.17749
G0 F12000 X15.592 Y-.268
G1 F1200 X13.353 Y1.843 E0.16888
G0 F12000 X13.429 Y1.083
G1 F1200 X15.612 Y-.975 E0.16465
G0 F12000 X15.632 Y-1.681
G1 F1200 X13.507 Y0.323 E0.1603
G0 F12000 X13.54 Y-.395
G1 F1200 X15.653 Y-2.388 E0.1594
G0 F12000 X15.673 Y-3.093
G1 F1200 X13.458 Y-1.005 E0.16705
G0 F12000 X13.376 Y-1.615
G1 F1200 X15.685 Y-3.792 E0.17416
G0 F12000 X15.337 Y-4.152
G1 F1200 X13.283 Y-2.215 E0.15494
G0 F12000 X13.154 Y-2.78
G1 F1200 X14.601 Y-4.144 E0.10913
G0 F12000 X13.852 Y-4.125
G1 F1200 X13 Y-3.322 E0.06425
G0 F12000 X12.846 Y-3.864
G1 F1200 X13.1 Y-4.104 E0.01918
G0 F12000 X13.099 Y-4.083
G1 F3600 E-1
;MESH:NONMESH
G0 F12000 X13.097 Y-4.083
G0 X-9.118 Y4.2
;TIME_ELAPSED:78.229415
;LAYER:7
M106 S255
;MESH:pi 3mm.stl
G0 X-9.118 Y4.2 Z2.4
;TYPE:FILL
G1 F3600 E1
G1 F9600 X-8.46 Y4.024 E0.03398
G1 X-8.456 Y4.193 E0.00843
G1 X-10.36 Y4.211 E0.095
G1 X-11.475 Y3.096 E0.07867
G1 X-11.823 Y2.363 E0.04048
G1 X-12.164 Y0.356 E0.10156
G1 X-12.197 Y-0.054 E0.02052
G1 X-12.087 Y-.991 E0.04707
G1 X-11.862 Y-2.461 E0.07419
G1 X-10.95 Y-4.287 E0.10183
G1 X-10.906 Y-4.376
G1 F3600 E-1
G0 F12000 X-10.906 Y-4.351
G0 X-8.364 Y4.287
G0 X-8.089 Y4.549
;TYPE:WALL-INNER
G1 F3600 E1
G1 F3000 X-8.128 Y2.576 E0.09845
G1 X-8.128 Y1.773 E0.04006
G1 X-8.096 Y-0.061 E0.09151
G1 X-8.084 Y-2.705 E0.13191
G1 X-8.104 Y-4.589 E0.094
G1 X-10.021 Y-4.632 E0.09566
G1 X-14.382 Y-4.706 E0.2176
G1 X-15.209 Y-4.72 E0.04127
G1 F600 X-15.838 Y-2.644 E0.07034
G1 F3000 X-16.039 Y-.971 E0.08407
G1 X-16.132 Y-0.015 E0.04792
G1 X-15.942 Y1.78 E0.09005
G1 X-15.87 Y2.611 E0.04161
G1 F600 X-15.321 Y4.653 E0.06857
G1 F3000 X-14.493 Y4.642 E0.04131
G1 X-12.881 Y4.62 E0.08043
G1 X-11.57 Y4.584 E0.06543
G1 X-8.089 Y4.549 E0.17368
G0 F12000 X-7.681 Y4.945
;TYPE:WALL-OUTER
G1 F1200 X-7.728 Y2.576 E0.11821
G1 X-7.728 Y1.78 E0.03971
G1 X-7.696 Y-0.059 E0.09176
G1 X-7.684 Y-2.71 E0.13226
G1 X-7.704 Y-4.252 E0.07694
G1 X-7.704 Y-4.985 E0.03657
G1 X-14.244 Y-5.102 E0.32633
G1 X-15.504 Y-5.125 E0.06287
G1 F600 X-16.231 Y-2.726 E0.08129
G1 F1200 X-16.437 Y-1.014 E0.08603
G1 X-16.534 Y-0.013 E0.05017
G1 X-16.34 Y1.814 E0.09166
G1 X-16.266 Y2.681 E0.04341
G1 F600 X-15.627 Y5.057 E0.07979
G1 F1200 X-14.339 Y5.04 E0.06426
G1 X-12.87 Y5.02 E0.0733
G1 X-11.566 Y4.984 E0.06508
G1 X-7.681 Y4.945 E0.19383
G0 F12000 X-7.696 Y4.145
G1 F3600 E-1
G0 F12000 X-8.398 Y4.159
G0 X-11.328 Y4.199
;TYPE:SKIN
;BRIDGE
M107
G1 F3600 E1
G1 F1200 X-12.882 Y4.24 E0.08531
G1 X-14.63 Y4.264 E0.09594
G1 X-15.031 Y4.269 E0.02201
G1 X-15.494 Y2.549 E0.09775
G1 X-15.56 Y1.747 E0.04416
G1 X-15.746 Y-0.017 E0.09734
G1 X-15.657 Y-.914 E0.04947
G1 X-15.459 Y-2.57 E0.09153
G1 X-14.928 Y-4.333 E0.10105
G1 X-14.514 Y-4.326 E0.02272
G1 X-11.336 Y-4.273 E0.17443
G1 X-12.185 Y-2.567 E0.10458
G1 X-12.422 Y-1.047 E0.08442
G1 X-12.536 Y-0.072 E0.05387
G1 X-12.415 Y0.89 E0.05321
G1 X-12.146 Y2.467 E0.08779
G1 X-11.328 Y4.199 E0.10512
G0 F12000 X-14.16 Y4.056
G1 F1200 X-15.158 Y3.024 E0.07879
G1 X-15.227 Y2.953
G0 F12000 X-15.328 Y2.129
G1 F1200 X-13.473 Y4.048 E0.14647
G0 F12000 X-12.789 Y4.037
G1 F1200 X-15.403 Y1.333 E0.2064
G1 X-15.472 Y1.262
G0 F12000 X-15.488 Y0.525
G1 F1200 X-12.112 Y4.018 E0.26659
G0 F12000 X-11.842 Y3.577
G1 F1200 X-15.524 Y-.232 E0.29073
G0 F12000 X-15.459 Y-.884
G1 F1200 X-12.375 Y2.307 E0.24354
G1 X-12.306 Y2.378
G0 F12000 X-12.525 Y1.432
G1 F1200 X-15.383 Y-1.524 E0.22565
G0 F12000 X-15.307 Y-2.165
G1 F1200 X-12.657 Y0.576 E0.20923
G0 F12000 X-12.718 Y-.206
G1 F1200 X-15.192 Y-2.766 E0.19538
G0 F12000 X-15.027 Y-3.314
G1 F1200 X-12.645 Y-.851 E0.18804
G0 F12000 X-12.558 Y-1.479
G1 F1200 X-14.861 Y-3.862 E0.18187
G0 F12000 X-14.419 Y-4.124
G1 F1200 X-12.461 Y-2.099 E0.15458
G0 F12000 X-12.344 Y-2.697
G1 F1200 X-13.712 Y-4.112 E0.10801
G0 F12000 X-13.005 Y-4.1
G1 F1200 X-12.108 Y-3.172 E0.07083
G0 F12000 X-11.871 Y-3.647
G1 F1200 X-12.298 Y-4.088 E0.03369
G0 F12000 X-12.298 Y-4.074
G1 F3600 E-1
G0 F12000 X11.815 Y-4.286
;TYPE:FILL
M106 S255
G1 F3600 E1
G1 F9600 X9.591 Y4.013 E0.42865
G1 X14.018 Y4.126 E0.22094
G1 X14.466 Y2.432 E0.08742
G1 X14.591 Y1.232 E0.06019
G1 X14.699 Y-0.049 E0.06414
G1 X14.535 Y-1.176 E0.05682
G1 X14.417 Y-2.106 E0.04677
G1 X7.199 Y-.172 E0.37281
G1 X7.08 Y-2.699 E0.12621
G1 X7.064 Y-4.218 E0.07579
G1 X9.431 Y-4.236 E0.11809
G1 X12.92 Y-4.308 E0.1741
G1 X13.918 Y-4.339 E0.04981
G1 X14.018 Y-4.342
G1 F3600 E-1
G0 F12000 X15.939 Y4.252
G0 X16.213 Y4.521
;TYPE:WALL-INNER
G1 F3600 E1
G1 F3000 X16.176 Y2.572 E0.09725
G1 X16.132 Y0.936 E0.08165
G1 X16.12 Y-.11 E0.05219
G1 X16.2 Y-2.811 E0.13481
G1 X16.239 Y-4.742 E0.09636
G1 X14.524 Y-4.719 E0.08557
G1 X12.913 Y-4.668 E0.08041
G1 X9.429 Y-4.596 E0.17385
G1 X6.699 Y-4.576 E0.1362
G1 X6.72 Y-2.678 E0.0947
G1 X6.824 Y-.529 E0.10734
G1 X6.82 Y0.316 E0.04216
G1 X6.736 Y2.45 E0.10655
G1 X6.749 Y4.341 E0.09434
G1 X8.6 Y4.348 E0.09235
G1 X14.574 Y4.5 E0.29814
G1 X16.213 Y4.521 E0.08178
G0 F12000 X16.663 Y4.925
;TYPE:WALL-OUTER
G1 F1200 X16.608 Y4.261 E0.03324
G1 X16.576 Y2.562 E0.08478
G1 X16.532 Y0.931 E0.0814
G1 X16.52 Y-0.098 E0.05134
G1 X16.6 Y-2.803 E0.13501
G1 X16.647 Y-5.148 E0.11702
G1 X14.512 Y-5.119 E0.10653
G1 X12.905 Y-5.068 E0.08021
G1 X9.426 Y-4.996 E0.17361
G1 X6.295 Y-4.973 E0.15621
G1 X6.32 Y-2.666 E0.1151
G1 X6.424 Y-.498 E0.10829
G1 X6.42 Y0.3 E0.03981
G1 X6.336 Y2.444 E0.10705
G1 X6.351 Y4.74 E0.11455
G1 X8.59 Y4.748 E0.1117
G1 X14.569 Y4.9 E0.29839
G1 X16.663 Y4.925 E0.10448
G0 F12000 X16.608 Y4.261
G0 X16.606 Y4.127
G1 F3600 E-1
G0 F12000 X15.906 Y4.138
G0 X15.27 Y-2.273
;TYPE:SKIN
G1 F3600 E1
G1 F1646.7 X15.318 Y-1.286 E0.07185
G0 F12000 X15.344 Y1.268
G1 F2042.6 X15.317 Y1.912 E0.03779
G1 F1732.9 X15.29 Y2.556 E0.04454
G0 F12000 X14.371 Y4.111
G1 F2400 X14.794 Y2.507 E0.08276
G1 X14.936 Y1.185 E0.06633
G1 F1935.5 X15.065 Y0.796 E0.02535
G1 F1678.3 X15.115 Y-0.079 E0.06253
G1 F2016.8 X14.871 Y-1.216 E0.06904
G1 F2400 X14.687 Y-2.678 E0.07351
G1 X14.274 Y-4.33 E0.08496
G1 X15.848 Y-4.353 E0.07854
G1 X15.82 Y-2.83 E0.076
G1 X15.774 Y-1.268 E0.07796
G1 F2016.8 X15.665 Y-.109 E0.06911
G1 F1678.3 X15.655 Y0.818 E0.06614
G1 F1935.5 X15.759 Y1.211 E0.02515
G1 F2400 X15.827 Y4.133 E0.14582
G1 X14.371 Y4.111 E0.07265
G0 F12000 X14.88 Y3.702
G1 F1732.9 X15.29 Y2.556 E0.0841
G1 X15.421 Y3.71 E0.08025
G1 F1875 X14.88 Y3.702 E0.03455
G1 F3600 E-1
G0 F12000 X15.025 Y-2.58
G1 F3600 E1
G1 F2400 X15.624 Y-3.178 E0.04223
G0 F12000 X15.635 Y-3.755
G1 F2400 X14.826 Y-2.947 E0.05704
G0 F12000 X14.713 Y-3.399
G1 F2400 X15.462 Y-4.148 E0.05285
G0 F12000 X14.888 Y-4.14
G1 F2400 X14.6 Y-3.852 E0.02032
G1 F3600 E-1
;MESH:NONMESH
G0 F12000 X-12.474 Y-4.294
;TIME_ELAPSED:91.119197
;LAYER:8
;MESH:pi 3mm.stl
G0 X-12.474 Y-4.294 Z2.7
;TYPE:FILL
G1 F3600 E1
G1 F9600 X-13.13 Y-2.529 E0.09394
G1 X-13.252 Y-1.612 E0.04615
G1 X-13.435 Y-0.061 E0.07792
G1 X-13.116 Y2.486 E0.12806
G1 X-12.918 Y3.161 E0.03509
G1 X-12.5 Y4.237 E0.05759
G1 X-11.141 Y4.2 E0.06783
G1 X-10.081 Y4.19 E0.05289
G1 X-13.307 Y0.964 E0.22761
G1 X-13.377 Y0.894
G1 F3600 E-1
G0 F12000 X-8.308 Y4.267
G0 X-8.03 Y4.53
;TYPE:WALL-INNER
G1 F3600 E1
G1 F3000 X-8.064 Y3.117 E0.07052
G1 X-8.072 Y2.073 E0.05209
G1 X-8.036 Y-0.067 E0.10678
G1 X-8.024 Y-2.711 E0.13191
G1 X-8.052 Y-4.576 E0.09306
G1 X-9.963 Y-4.616 E0.09536
G1 X-15.633 Y-4.71 E0.28292
G1 X-16.322 Y-4.721 E0.03438
G1 F600 X-16.949 Y-2.622 E0.07104
G1 F3000 X-17.025 Y-1.97 E0.03275
G1 X-17.224 Y0.033 E0.10042
G1 X-17.17 Y0.528 E0.02484
G1 F600 X-16.986 Y2.641 E0.06878
G1 F3000 X-16.432 Y4.663 E0.1046
G1 X-15.738 Y4.649 E0.03463
G1 X-14.872 Y4.632 E0.04321
G1 X-12.858 Y4.608 E0.10049
G1 X-11.138 Y4.56 E0.08584
G1 X-8.03 Y4.53 E0.15507
G0 F12000 X-7.621 Y4.926
;TYPE:WALL-OUTER
G1 F1200 X-7.664 Y3.114 E0.09043
G1 X-7.672 Y2.08 E0.05159
G1 X-7.636 Y-0.065 E0.10703
G1 X-7.624 Y-2.717 E0.13231
G1 X-7.652 Y-4.968 E0.11231
G1 X-9.957 Y-5.016 E0.11502
G1 X-15.513 Y-5.107 E0.27723
G1 X-16.619 Y-5.125 E0.05519
G1 F600 X-17.343 Y-2.703 E0.08198
G1 F1200 X-17.421 Y-2.038 E0.0334
G1 X-17.626 Y0.035 E0.10393
G1 X-17.568 Y0.562 E0.02645
G1 F600 X-17.382 Y2.712 E0.06998
G1 X-16.736 Y5.069 E0.07925
G1 F1200 X-15.631 Y5.047 E0.05514
G1 X-14.867 Y5.032 E0.03812
G1 X-12.847 Y5.008 E0.10079
G1 X-11.134 Y4.96 E0.0855
G1 X-7.621 Y4.926 E0.17527
G0 F12000 X-7.639 Y4.127
G1 F3600 E-1
G0 F12000 X-8.342 Y4.143
G0 X-12.868 Y4.224
;TYPE:SKIN
;BRIDGE
M107
G1 F3600 E1
G1 F1200 X-15.841 Y4.268 E0.16317
G1 X-16.144 Y4.273 E0.01663
G1 X-16.61 Y2.58 E0.09637
G1 X-16.784 Y0.542 E0.11225
G1 X-16.838 Y0.027 E0.02842
G1 X-16.651 Y-1.862 E0.10417
G1 X-16.571 Y-2.543 E0.03763
G1 X-16.039 Y-4.333 E0.10248
G1 X-15.749 Y-4.328 E0.01592
G1 X-12.839 Y-4.28 E0.15972
G1 X-13.452 Y-2.634 E0.09639
G1 X-13.599 Y-1.562 E0.05938
G1 X-13.776 Y-0.053 E0.08338
G1 X-13.451 Y2.541 E0.14347
G1 X-13.249 Y3.244 E0.04014
G1 X-12.868 Y4.224 E0.0577
G0 F12000 X-15.538 Y4.064
G1 F1200 X-16.176 Y3.403 E0.05042
G1 X-16.245 Y3.332
G0 F12000 X-16.423 Y2.428
G1 F1200 X-14.853 Y4.054 E0.12404
G0 F12000 X-14.168 Y4.043
G1 F1200 X-16.49 Y1.639 E0.18342
G0 F12000 X-16.557 Y0.849
G1 F1200 X-13.483 Y4.032 E0.24284
G0 F12000 X-13.404 Y3.394
G1 F1200 X-16.635 Y0.049 E0.25522
G0 F12000 X-16.575 Y-.609
G1 F1200 X-13.665 Y2.405 E0.22992
G1 X-13.596 Y2.476
G0 F12000 X-13.77 Y1.576
G1 F1200 X-16.51 Y-1.261 E0.21645
G0 F12000 X-16.444 Y-1.913
G1 F1200 X-13.875 Y0.747 E0.20294
G1 X-13.806 Y0.818
G0 F12000 X-13.972 Y-0.072
G1 F1200 X-16.361 Y-2.546 E0.18874
G0 F12000 X-16.197 Y-3.096
G1 F1200 X-13.898 Y-.715 E0.18164
G0 F12000 X-13.823 Y-1.358
G1 F1200 X-16.034 Y-3.647 E0.17465
G0 F12000 X-15.804 Y-4.128
G1 F1200 X-13.743 Y-1.995 E0.16277
G0 F12000 X-13.659 Y-2.628
G1 F1200 X-15.097 Y-4.117 E0.1136
G0 F12000 X-14.391 Y-4.105
G1 F1200 X-13.471 Y-3.153 E0.07265
G0 F12000 X-13.278 Y-3.673
G1 F1200 X-13.685 Y-4.094 E0.03214
G0 F12000 X-13.685 Y-4.078
G1 F3600 E-1
G0 F12000 X15.305 Y-4.365
;TYPE:FILL
M106 S255
G1 F3600 E1
G1 F9600 X15.818 Y-3.852 E0.03619
G1 X15.778 Y-2.251 E0.0799
G1 X7.145 Y0.062 E0.44589
G1 X7.06 Y2.459 E0.11966
G1 X7.072 Y3.97 E0.07539
G1 X8.552 Y3.976 E0.07384
G1 X9.376 Y3.998 E0.04112
G1 X11.592 Y-4.273 E0.4272
G1 X12.577 Y-4.292 E0.04915
G1 X14.588 Y-4.356 E0.10038
G1 X15.828 Y-4.372 E0.06187
G1 X15.928 Y-4.373
G1 F3600 E-1
G0 F12000 X15.89 Y-4.374
G0 X15.858 Y0.179
G0 X15.906 Y4.244
G0 X16.194 Y4.513
;TYPE:WALL-INNER
G1 F3600 E1
G1 F3000 X16.148 Y3.911 E0.03012
G1 X16.124 Y2.554 E0.06771
G1 X16.088 Y1.24 E0.06558
G1 X16.072 Y-.123 E0.06801
G1 X16.156 Y-2.809 E0.13407
G1 X16.195 Y-4.735 E0.09611
G1 X14.572 Y-4.716 E0.08098
G1 X12.572 Y-4.652 E0.09983
G1 X8.511 Y-4.572 E0.20264
G1 X6.662 Y-4.562 E0.09225
G1 X6.68 Y-2.673 E0.09425
G1 X6.796 Y-.213 E0.12287
G1 X6.7 Y2.441 E0.1325
G1 X6.716 Y4.329 E0.0942
G1 X8.548 Y4.336 E0.0914
G1 X14.623 Y4.496 E0.30319
G1 X16.194 Y4.513 E0.07838
G0 F12000 X16.627 Y4.917
;TYPE:WALL-OUTER
G1 F1200 X16.548 Y3.904 E0.05069
G1 X16.524 Y2.543 E0.06791
G1 X16.488 Y1.235 E0.06528
G1 X16.472 Y-.111 E0.06716
G1 X16.556 Y-2.801 E0.13427
G1 X16.603 Y-5.133 E0.11637
G1 X16.065 Y-5.136 E0.02684
G1 X14.56 Y-5.116 E0.07509
G1 X12.564 Y-5.052 E0.09963
G1 X8.509 Y-4.972 E0.20234
G1 X6.258 Y-4.96 E0.1123
G1 X6.28 Y-2.662 E0.11465
G1 X6.396 Y-.176 E0.12416
G1 X6.3 Y2.435 E0.13035
G1 X6.319 Y4.728 E0.1144
G1 X8.538 Y4.736 E0.11071
G1 X14.619 Y4.896 E0.30349
G1 X16.627 Y4.917 E0.10019
G0 F12000 X16.565 Y4.12
G0 X15.572 Y3.908
G1 F3600 E-1
;MESH:NONMESH
G0 F12000 X15.548 Y3.907
G0 X-13.718 Y-4.302
;TIME_ELAPSED:102.813630
;LAYER:9
;MESH:pi 3mm.stl
G0 X-13.718 Y-4.302 Z3
;TYPE:FILL
G1 F3600 E1
G1 F9600 X-14.127 Y-3.13 E0.06193
G1 X-14.343 Y-2.544 E0.03116
G1 X-14.67 Y-0.06 E0.125
G1 X-14.649 Y0.112 E0.00864
G1 X-13.467 Y-4.298 E0.22778
G1 X-9.902 Y-4.24 E0.17788
G1 X-8.344 Y-4.203 E0.07775
G1 X-8.324 Y-2.701 E0.07494
G1 X-8.336 Y-0.085 E0.13051
G1 X-8.38 Y2.383 E0.12315
G1 X-8.339 Y4.154 E0.08838
G1 X-9.804 Y4.167 E0.07309
G1 X-14.596 Y-.625 E0.3381
G1 X-14.666 Y-.695
G1 F3600 E-1
G0 F12000 X-12.778 Y4.293
G0 X-12.771 Y4.59
;TYPE:WALL-INNER
G1 F3600 E1
G1 F3000 X-10.706 Y4.536 E0.10306
G1 X-7.97 Y4.51 E0.13651
G1 X-8.02 Y2.377 E0.10645
G1 X-7.976 Y-0.077 E0.12245
G1 X-7.964 Y-2.698 E0.13076
G1 X-7.989 Y-4.554 E0.0926
G1 X-9.892 Y-4.6 E0.09497
G1 X-14.615 Y-4.676 E0.23566
G1 X-15.826 Y-4.704 E0.06043
G1 X-16.743 Y-4.711 E0.04575
G1 X-17.432 Y-4.716 E0.03438
G1 X-17.613 Y-4.105 E0.03179
G1 X-17.56 Y-2.274 E0.09139
G1 X-17.531 Y-.955
G1 X-17.508 Y0.059
G1 X-17.532 Y1.024
G1 F600 X-17.584 Y3.154 E0.06909
G1 F3000 X-17.595 Y4.498 E0.06705
G1 X-17.547 Y4.674 E0.0091
G1 X-16.852 Y4.662 E0.03468
G1 X-12.771 Y4.59 E0.20363
G1 F3600 E-1
G0 F12000 X-12.778 Y4.293
G0 X-7.838 Y4.642
G0 X-7.561 Y4.906
;TYPE:WALL-OUTER
G1 F3600 E1
G1 F1200 X-7.62 Y2.384 E0.12586
G1 X-7.576 Y-0.075 E0.1227
G1 X-7.564 Y-2.703 E0.13111
G1 X-7.594 Y-4.944 E0.11181
G1 X-9.886 Y-5 E0.11438
G1 X-14.605 Y-5.076 E0.23546
G1 X-15.823 Y-5.104 E0.06078
G1 X-16.623 Y-5.11 E0.03991
G1 X-17.73 Y-5.118 E0.05523
G1 X-18.015 Y-4.157 E0.05001
G1 X-17.96 Y-2.265 E0.09443
G1 X-17.959 Y-2.244 E0.00105
G1 X-17.922 Y-.557
G1 X-17.908 Y0.049
G1 X-17.922 Y0.627
G1 F600 X-17.984 Y3.15 E0.08184
G1 F1200 X-17.995 Y4.55 E0.06985
G1 X-17.851 Y5.08 E0.0274
G1 X-16.743 Y5.06 E0.05529
G1 X-12.761 Y4.99 E0.19869
G1 X-10.702 Y4.936 E0.10276
G1 X-7.561 Y4.906 E0.15671
G0 F12000 X-7.579 Y4.107
G1 F3600 E-1
G0 F12000 X-8.28 Y4.122
G0 X-14.203 Y4.232
;TYPE:SKIN
;BRIDGE
M107
G1 F3600 E1
G1 F1200 X-16.955 Y4.283 E0.15105
G1 X-17.213 Y4.288 E0.01416
G1 X-17.205 Y3.37 E0.05038
G1 X-17.203 Y3.164 E0.01131
G1 X-17.128 Y0.069 E0.1699
G1 X-17.18 Y-2.281 E0.129
G1 X-17.205 Y-3.173 E0.04897
G1 X-17.23 Y-4.053 E0.04831
G1 X-17.147 Y-4.334 E0.01608
G1 X-16.857 Y-4.332 E0.01592
G1 X-15.836 Y-4.324 E0.05603
G1 X-14.084 Y-4.286 E0.09617
G1 X-14.679 Y-2.599 E0.09817
G1 X-15.012 Y-0.042 E0.14151
G1 X-14.699 Y2.545 E0.14301
G1 X-14.203 Y4.232 E0.0965
G0 F12000 X-14.611 Y3.554
G1 F1200 X-15.131 Y4.049 E0.0394
G0 F12000 X-15.87 Y4.063
G1 F1200 X-14.769 Y3.015 E0.08342
G0 F12000 X-14.911 Y2.46
G1 F1200 X-16.611 Y4.077 E0.12876
G0 F12000 X-17.008 Y3.766
G1 F1200 X-14.986 Y1.84 E0.15325
G0 F12000 X-15.061 Y1.222
G1 F1200 X-17.001 Y3.068 E0.14696
G0 F12000 X-16.984 Y2.361
G1 F1200 X-15.136 Y0.603 E0.13998
G0 F12000 X-15.211 Y-0.016
G1 F1200 X-16.966 Y1.655 E0.13299
G0 F12000 X-16.949 Y0.948
G1 F1200 X-15.117 Y-.796 E0.13881
G0 F12000 X-15.011 Y-1.587
G1 F1200 X-16.932 Y0.241 E0.14553
G0 F12000 X-16.94 Y-.441
G1 F1200 X-14.905 Y-2.379 E0.15422
G1 X-14.833 Y-2.447
G0 F12000 X-14.627 Y-3.333
G1 F1200 X-16.956 Y-1.116 E0.17646
G0 F12000 X-16.973 Y-1.791
G1 F1200 X-14.551 Y-4.097 E0.18353
G0 F12000 X-15.261 Y-4.111
G1 F1200 X-16.989 Y-2.465 E0.13097
G0 F12000 X-17.006 Y-3.14
G1 F1200 X-15.972 Y-4.125 E0.07837
G0 F12000 X-16.691 Y-4.13
G1 F1200 X-17.023 Y-3.814 E0.02515
G0 F12000 X-17.006 Y-3.812
G1 F3600 E-1
G0 F12000 X-17.006 Y-3.81
G0 X7.107 Y0.292
;TYPE:FILL
M106 S255
G1 F3600 E1
G1 F9600 X7.021 Y2.456 E0.10805
G1 X7.039 Y3.957 E0.07489
G1 X8.5 Y3.96 E0.07289
G1 X9.161 Y3.979 E0.03299
G1 X11.368 Y-4.255 E0.4253
G1 X12.238 Y-4.272 E0.04341
G1 X14.632 Y-4.348 E0.1195
G1 X15.783 Y-4.362 E0.05743
G1 X15.611 Y-4.359 E0.00858
G1 X15.781 Y-4.19 E0.01196
G1 X15.752 Y-2.818 E0.06846
G1 X15.726 Y-2.018 E0.03993
G1 X7.107 Y0.292 E0.44518
G1 F3600 E-1
G0 F12000 X15.874 Y4.237
G0 X16.161 Y4.504
;TYPE:WALL-INNER
G1 F3600 E1
G1 F3000 X16.089 Y3.608 E0.04485
G1 X16.044 Y1.54 E0.1032
G1 X16.024 Y-.132 E0.08342
G1 X16.112 Y-2.806 E0.13348
G1 X16.151 Y-4.721 E0.09556
G1 X14.617 Y-4.708 E0.07653
G1 X12.233 Y-4.632 E0.119
G1 X8.664 Y-4.56 E0.17809
G1 X6.616 Y-4.547 E0.10218
G1 X6.628 Y-2.822 E0.08606
G1 X6.764 Y-.139 E0.13403
G1 X6.661 Y2.437 E0.12862
G1 X6.682 Y4.316 E0.09375
G1 X8.497 Y4.32 E0.09055
G1 X14.67 Y4.488 E0.30809
G1 X16.161 Y4.504 E0.07439
G0 F12000 X16.595 Y4.909
;TYPE:WALL-OUTER
G1 F1200 X16.488 Y3.565 E0.06726
G1 X16.444 Y1.535 E0.1013
G1 X16.424 Y-.119 E0.08252
G1 X16.512 Y-2.798 E0.13373
G1 X16.559 Y-5.12 E0.11587
G1 X15.803 Y-5.123 E0.03772
G1 X14.605 Y-5.108 E0.05977
G1 X12.225 Y-5.032 E0.1188
G1 X8.662 Y-4.96 E0.1778
G1 X6.214 Y-4.945 E0.12213
G1 X6.228 Y-2.81 E0.10652
G1 X6.364 Y-0.093 E0.13572
G1 X6.348 Y0.127 E0.011
G1 X6.261 Y2.431 E0.11503
G1 X6.286 Y4.716 E0.11401
G1 X8.486 Y4.72 E0.10976
G1 X14.666 Y4.888 E0.30844
G1 X16.595 Y4.909 E0.09624
G0 F12000 X16.532 Y4.112
G0 X15.541 Y3.9
G1 F3600 E-1
;MESH:NONMESH
G0 F12000 X15.514 Y3.9
G0 X-14.96 Y-4.311
;TIME_ELAPSED:113.953807
;LAYER:10
;MESH:pi 3mm.stl
G0 X-14.96 Y-4.311 Z3.3
;TYPE:FILL
G1 F3600 E1
G1 F9600 X-15.487 Y-2.569 E0.0908
G1 X-15.568 Y-1.897 E0.03377
G1 X-9.523 Y4.148 E0.42651
G1 X-8.279 Y4.137 E0.06207
G1 X-8.316 Y2.54 E0.0797
G1 X-8.272 Y-0.077 E0.13058
G1 X-8.257 Y-2.799 E0.1358
G1 X-8.283 Y-4.185 E0.06916
G1 X-10.34 Y-4.236 E0.10266
G1 X-13.691 Y-4.284 E0.1672
G1 X-15.519 Y2.54 E0.35245
G1 X-15.544 Y2.636
G0 F12000 X-17.266 Y4.389
G0 X-17.537 Y4.661
;TYPE:WALL-INNER
G1 F3000 X-12.72 Y4.577 E0.24036
G1 X-10.274 Y4.515 E0.12207
G1 X-7.91 Y4.493 E0.11795
G1 X-7.956 Y2.533 E0.09781
G1 X-7.912 Y-0.07 E0.12988
G1 X-7.897 Y-2.788 E0.1356
G1 X-7.93 Y-4.538 E0.08732
G1 X-10.331 Y-4.596 E0.11982
G1 X-14.215 Y-4.652 E0.19379
G1 X-15.843 Y-4.692 E0.08125
G1 X-17.561 Y-4.706 E0.08571
G1 X-17.48 Y-1.926 E0.13875
G1 X-17.436 Y0.056 E0.09891
G1 X-17.524 Y3.424 E0.16809
G1 X-17.537 Y4.661 E0.06172
G0 F12000 X-17.941 Y5.068
;TYPE:WALL-OUTER
G1 F1200 X-12.71 Y4.977 E0.26102
G1 X-10.27 Y4.915 E0.12177
G1 X-7.501 Y4.889 E0.13815
G1 X-7.556 Y2.54 E0.11722
G1 X-7.512 Y-0.069 E0.13018
G1 X-7.504 Y-2.652 E0.12887
G1 X-7.497 Y-2.78 E0.0064
G1 X-7.537 Y-4.928 E0.10718
G1 X-10.325 Y-4.996 E0.13914
G1 X-14.205 Y-5.052 E0.19359
G1 X-15.839 Y-5.092 E0.08155
G1 X-17.973 Y-5.11 E0.10647
G1 X-17.88 Y-1.917 E0.15937
G1 X-17.836 Y0.046 E0.09796
G1 X-17.924 Y3.42 E0.16839
G1 X-17.941 Y5.068 E0.08222
G0 F12000 X-17.142 Y5.055
G1 F3600 E-1
G0 F12000 X-17.154 Y4.356
G0 X-16.54 Y-1.211
;TYPE:SKIN
;BRIDGE
M107
G1 F3600 E1
G1 F1200 X-16.583 Y-0.037 E0.10041
G1 X-16.534 Y1.232 E0.10977
G1 F3600 E-1
G0 F12000 X-15.408 Y4.244
G1 F3600 E1
G1 F1200 X-17.153 Y4.272 E0.09578
G1 X-17.144 Y3.434 E0.04599
G1 X-17.056 Y0.062 E0.18512
G1 X-17.1 Y-1.933 E0.10951
G1 X-17.166 Y-4.322 E0.13116
G1 X-15.851 Y-4.312 E0.07217
G1 X-15.316 Y-4.298 E0.02937
G1 X-15.816 Y-2.65 E0.09451
G1 X-16.027 Y-.908 E0.0963
G1 X-16.112 Y-0.001 E0.04999
G1 X-15.923 Y1.771 E0.0978
G1 X-15.852 Y2.59 E0.04511
G1 X-15.408 Y4.244 E0.09398
G0 F12000 X-15.713 Y3.883
G1 F1200 X-15.89 Y4.051 E0.01339
G0 F12000 X-15.86 Y3.333
G1 F1200 X-16.629 Y4.063 E0.05819
G0 F12000 X-16.946 Y3.674
G1 F1200 X-16.008 Y2.784 E0.07096
G0 F12000 X-16.09 Y2.173
G1 F1200 X-16.932 Y2.972 E0.0637
G0 F12000 X-16.913 Y2.265
G1 F1200 X-16.188 Y1.576 E0.05489
G1 X-16.116 Y1.508
G1 F3600 E-1
G0 F12000 X-16.516 Y-1.559
G1 F3600 E1
G1 F1200 X-16.105 Y-1.949 E0.03109
G0 F12000 X-16.904 Y-1.88
G1 F1200 X-15.99 Y-2.747 E0.06914
G1 X-15.918 Y-2.815
G0 F12000 X-16.921 Y-2.553
G1 F1200 X-15.702 Y-3.71 E0.09223
G0 F12000 X-16.007 Y-4.11
G1 F1200 X-16.938 Y-3.226 E0.07046
G0 F12000 X-16.955 Y-3.9
G1 F1200 X-16.726 Y-4.117 E0.01731
G0 F12000 X-16.726 Y-4.102
G1 F3600 E-1
G0 F12000 X6.988 Y3.689
;TYPE:FILL
M106 S255
G1 F3600 E1
G1 F9600 X7.245 Y3.946 E0.01813
G1 X6.991 Y3.945 E0.01267
G1 X6.977 Y2.446 E0.07479
G1 X7.046 Y0.527 E0.0958
G1 X15.669 Y-1.783 E0.44537
G1 X15.616 Y-.143 E0.08186
G1 X15.64 Y1.852 E0.09954
G1 X15.669 Y3.281 E0.07131
G1 X15.739 Y4.134 E0.0427
G1 X14.797 Y4.121 E0.047
G1 X8.945 Y3.965 E0.29206
G1 X11.144 Y-4.241 E0.42384
G1 X11.899 Y-4.256 E0.03767
G1 X14.682 Y-4.344 E0.13891
G1 X15.739 Y-4.354 E0.05274
G1 X15.839 Y-4.354
G1 F3600 E-1
G0 F12000 X15.802 Y-4.355
G0 X15.769 Y0.674
G0 X15.842 Y4.23
G0 X16.129 Y4.499
;TYPE:WALL-INNER
G1 F3600 E1
G1 F3000 X16.028 Y3.233 E0.06336
G1 X16 Y1.848 E0.06911
G1 X15.976 Y-.144 E0.09939
G1 X16.064 Y-2.801 E0.13263
G1 X16.109 Y-4.713 E0.09542
G1 X14.666 Y-4.704 E0.07199
G1 X11.893 Y-4.616 E0.13842
G1 X8.255 Y-4.54 E0.18154
G1 X6.56 Y-4.534 E0.08456
G1 X6.568 Y-3.103 E0.07139
G1 X6.631 Y-2.186 E0.04586
G1 X6.732 Y-.138 E0.1023
G1 X6.688 Y0.441 E0.02897
G1 X6.617 Y2.428 E0.0992
G1 X6.635 Y4.305 E0.09365
G1 X8.444 Y4.312 E0.09025
G1 X14.788 Y4.481 E0.31662
G1 X16.129 Y4.499 E0.06691
G0 F12000 X16.563 Y4.905
;TYPE:WALL-OUTER
G1 F1200 X16.428 Y3.225 E0.08409
G1 X16.4 Y1.843 E0.06896
G1 X16.376 Y-.131 E0.09849
G1 X16.464 Y-2.791 E0.13278
G1 X16.519 Y-5.112 E0.11583
G1 X15.546 Y-5.115 E0.04854
G1 X14.654 Y-5.104 E0.04451
G1 X11.885 Y-5.016 E0.13822
G1 X8.253 Y-4.94 E0.18124
G1 X6.158 Y-4.932 E0.10452
G1 X6.168 Y-3.088 E0.092
G1 X6.232 Y-2.166 E0.04611
G1 X6.332 Y-0.09 E0.10369
G1 X6.288 Y0.417 E0.02539
G1 X6.217 Y2.423 E0.10014
G1 X6.239 Y4.704 E0.1138
G1 X8.434 Y4.712 E0.10951
G1 X14.782 Y4.881 E0.31682
G1 X16.563 Y4.905 E0.08886
G0 F12000 X16.499 Y4.108
G0 X15.509 Y3.893
G1 F3600 E-1
;MESH:NONMESH
G0 F12000 X15.481 Y3.892
G0 X-16.066 Y-4.325
;TIME_ELAPSED:123.549398
;LAYER:11
;MESH:pi 3mm.stl
G0 X-16.066 Y-4.325 Z3.6
;TYPE:FILL
G1 F3600 E1
G1 F9600 X-16.576 Y-2.619 E0.08883
G1 X-17.073 Y-2.685 E0.02501
G1 X-17.004 Y0.047 E0.13634
G1 X-17.04 Y1.203 E0.0577
G1 X-17.076 Y2.91 E0.08518
G1 X-16.562 Y2.843 E0.02586
G1 X-16.186 Y4.209 E0.07068
G1 X-13.914 Y-4.271 E0.43799
G1 X-9.888 Y-4.212 E0.20088
G1 X-8.207 Y-4.17 E0.08389
G1 X-8.181 Y-3.057 E0.05554
G1 X-8.203 Y-2.685 E0.01859
G1 X-8.212 Y-.516 E0.10821
G1 X-8.2 Y-0.042 E0.02366
G1 X-8.248 Y2.522 E0.12794
G1 X-8.211 Y4.12 E0.07975
G1 X-9.244 Y4.127 E0.05154
G1 X-16.442 Y-3.07 E0.50782
G1 X-16.512 Y-3.14
G1 F3600 E-1
G0 F12000 X-17.204 Y4.376
G0 X-17.473 Y4.649
;TYPE:WALL-INNER
G1 F3600 E1
G1 F3000 X-12.662 Y4.564 E0.24006
G1 X-9.841 Y4.492 E0.14079
G1 X-7.842 Y4.477 E0.09973
G1 X-7.888 Y2.515 E0.09791
G1 X-7.84 Y-0.03 E0.12699
G1 X-7.852 Y-.523 E0.0246
G1 X-7.844 Y-2.659 E0.10657
G1 X-7.821 Y-3.047 E0.01939
G1 X-7.855 Y-4.522 E0.07361
G1 X-9.879 Y-4.572 E0.10101
G1 X-13.82 Y-4.628 E0.19664
G1 X-15.859 Y-4.68 E0.10176
G1 X-17.491 Y-4.693 E0.08142
G1 X-17.4 Y-1.578 E0.15547
G1 X-17.364 Y0.052 E0.08134
G1 X-17.4 Y1.191 E0.05685
G1 X-17.432 Y2.724 E0.0765
G1 X-17.464 Y3.7 E0.04872
G1 X-17.473 Y4.649 E0.04735
G0 F12000 X-17.877 Y5.056
;TYPE:WALL-OUTER
G1 F1200 X-12.652 Y4.964 E0.26072
G1 X-9.838 Y4.892 E0.14044
G1 X-7.433 Y4.873 E0.11999
G1 X-7.488 Y2.523 E0.11727
G1 X-7.44 Y-0.031 E0.12744
G1 X-7.452 Y-.521 E0.02445
G1 X-7.444 Y-2.636 E0.10552
G1 X-7.421 Y-3.04 E0.02019
G1 X-7.464 Y-4.912 E0.09342
G1 X-9.873 Y-4.972 E0.12022
G1 X-13.81 Y-5.028 E0.19644
G1 X-15.855 Y-5.08 E0.10206
G1 X-17.905 Y-5.099 E0.10228
G1 X-17.8 Y-1.569 E0.17619
G1 X-17.764 Y0.039 E0.08024
G1 X-17.8 Y1.183 E0.0571
G1 X-17.832 Y2.711 E0.07625
G1 X-17.864 Y3.696 E0.04917
G1 X-17.877 Y5.056 E0.06785
G0 F12000 X-17.078 Y5.042
G0 X-16.554 Y4.23
;TYPE:SKIN
G1 F2162.2 X-17.068 Y4.238 E0.02847
G1 X-17.057 Y3.271 E0.05355
G1 X-16.828 Y3.241 E0.01279
G1 X-16.554 Y4.23 E0.05683
G1 F3600 E-1
G0 F12000 X-16.849 Y-3.04
G1 F3600 E1
G1 F1979.4 X-17.019 Y-3.062 E0.01037
G1 X-17.058 Y-4.268 E0.07299
G1 X-16.481 Y-4.263 E0.03491
G1 X-16.849 Y-3.04 E0.07726
G0 F12000 X-16.845 Y-3.039
G1 F3600 E-1
G0 F12000 X-16.845 Y-3.037
G0 X6.938 Y3.339
;TYPE:FILL
G1 F3600 E1
G1 F9600 X7.538 Y3.939 E0.04233
G1 X6.946 Y3.937 E0.02954
G1 X6.928 Y2.443 E0.07454
G1 X6.991 Y0.761 E0.08397
G1 X15.616 Y-1.55 E0.44548
G1 X15.568 Y-.151 E0.06984
G1 X15.61 Y2.943 E0.15437
G1 X15.705 Y4.125 E0.05916
G1 X14.77 Y4.112 E0.04665
G1 X8.729 Y3.954 E0.30149
G1 X10.922 Y-4.228 E0.42261
G1 X14.733 Y-4.34 E0.19021
G1 X15.695 Y-4.344 E0.04799
G1 X15.795 Y-4.344
G1 F3600 E-1
G0 F12000 X15.759 Y-4.345
G0 X15.691 Y-.145
G0 X15.714 Y1.593
G0 X15.81 Y4.222
G0 X16.096 Y4.49
;TYPE:WALL-INNER
G1 F3600 E1
G1 F3000 X15.968 Y2.885 E0.08033
G1 X15.928 Y-.153 E0.15158
G1 X16.02 Y-2.799 E0.13209
G1 X16.065 Y-4.703 E0.09502
G1 X14.716 Y-4.7 E0.0673
G1 X11.525 Y-4.6 E0.15928
G1 X7.815 Y-4.524 E0.18513
G1 X6.503 Y-4.518 E0.06546
G1 X6.508 Y-3.379 E0.05683
G1 X6.616 Y-1.866 E0.07568
G1 X6.7 Y-.138 E0.08631
G1 X6.632 Y0.729 E0.04339
G1 X6.568 Y2.424 E0.08462
G1 X6.59 Y4.297 E0.09345
G1 X8.384 Y4.304 E0.0895
G1 X14.76 Y4.472 E0.31821
G1 X16.096 Y4.49 E0.06666
G0 F12000 X16.53 Y4.896
;TYPE:WALL-OUTER
G1 F1200 X16.368 Y2.893 E0.10026
G1 X16.328 Y-.139 E0.15128
G1 X16.42 Y-2.789 E0.13229
G1 X16.475 Y-5.101 E0.11538
G1 X15.286 Y-5.107 E0.05932
G1 X14.704 Y-5.1 E0.02904
G1 X11.517 Y-5 E0.15908
G1 X7.813 Y-4.924 E0.18483
G1 X6.101 Y-4.916 E0.08541
G1 X6.108 Y-3.364 E0.07743
G1 X6.216 Y-1.846 E0.07592
G1 X6.3 Y-0.091 E0.08766
G1 X6.232 Y0.705 E0.03986
G1 X6.168 Y2.419 E0.08557
G1 X6.194 Y4.696 E0.11361
G1 X8.374 Y4.704 E0.10876
G1 X14.754 Y4.872 E0.31841
G1 X16.53 Y4.896 E0.08861
G0 F12000 X16.466 Y4.099
G0 X15.477 Y3.885
G1 F3600 E-1
;MESH:NONMESH
G0 F12000 X15.449 Y3.884
G0 X-8.132 Y-0.037
;TIME_ELAPSED:131.494506
;LAYER:12
;MESH:pi 3mm.stl
G0 X-8.132 Y-0.037 Z3.9
;TYPE:FILL
G1 F3600 E1
G1 F9600 X-8.148 Y-.805 E0.03832
G1 X-8.14 Y-2.664 E0.09275
G1 X-8.105 Y-3.312 E0.03238
G1 X-8.127 Y-4.153 E0.04197
G1 X-9.85 Y-4.2 E0.08599
G1 X-13.431 Y-4.244 E0.17867
G1 X-14.135 Y-4.263 E0.03514
G1 X-16.417 Y4.254 E0.4399
G1 X-17.053 Y4.265 E0.03173
G1 X-17.004 Y2.719 E0.07717
G1 X-16.98 Y1.513 E0.06018
G1 X-16.932 Y0.054 E0.07283
G1 X-17 Y-2.715 E0.13819
G1 X-17.05 Y-4.316 E0.07991
G1 X-17.039 Y-3.968 E0.01737
G1 X-8.964 Y4.108 E0.56977
G1 X-8.143 Y4.102 E0.04096
G1 X-8.176 Y2.523 E0.07879
G1 X-8.132 Y-0.037 E0.12774
G1 F3600 E-1
G0 F12000 X-17.142 Y4.361
G0 X-17.412 Y4.633
;TYPE:WALL-INNER
G1 F3600 E1
G1 F3000 X-12.823 Y4.552 E0.22898
G1 X-9.581 Y4.472 E0.16179
G1 X-7.775 Y4.459 E0.0901
G1 X-7.816 Y2.517 E0.09691
G1 X-7.772 Y-0.026 E0.12689
G1 X-7.788 Y-.811 E0.03917
G1 X-7.78 Y-2.64 E0.09125
G1 X-7.745 Y-3.305 E0.03322
G1 X-7.774 Y-4.503 E0.05979
G1 X-9.84 Y-4.56 E0.10311
G1 X-13.424 Y-4.604 E0.17882
G1 X-15.88 Y-4.668 E0.12257
G1 X-17.423 Y-4.677 E0.07698
G1 X-17.36 Y-2.704 E0.09848
G1 X-17.292 Y0.049 E0.13739
G1 X-17.34 Y1.501 E0.07248
G1 X-17.364 Y2.712 E0.06043
G1 X-17.404 Y3.968 E0.06269
G1 X-17.412 Y4.633 E0.03318
G0 F12000 X-17.817 Y5.04
;TYPE:WALL-OUTER
G1 F1200 X-12.813 Y4.952 E0.24969
G1 X-9.578 Y4.872 E0.16144
G1 X-7.365 Y4.857 E0.11041
G1 X-7.416 Y2.524 E0.11642
G1 X-7.372 Y-0.027 E0.12729
G1 X-7.388 Y-.809 E0.03902
G1 X-7.38 Y-2.619 E0.0903
G1 X-7.345 Y-3.299 E0.03397
G1 X-7.384 Y-4.893 E0.07955
G1 X-9.835 Y-4.96 E0.12233
G1 X-13.414 Y-5.004 E0.17857
G1 X-15.876 Y-5.068 E0.12287
G1 X-17.193 Y-5.079 E0.06571
G1 X-17.837 Y-5.073 E0.03213
G1 X-17.76 Y-2.694 E0.11875
G1 X-17.692 Y0.035 E0.13619
G1 X-17.74 Y1.493 E0.07278
G1 X-17.764 Y2.699 E0.06018
G1 X-17.804 Y3.963 E0.06309
G1 X-17.817 Y5.04 E0.05374
G0 F12000 X-17.018 Y5.026
G0 X-16.808 Y4.031
G1 F3600 E-1
G0 F12000 X-16.806 Y4.024
G0 X6.89 Y2.991
;TYPE:FILL
G1 F3600 E1
G1 F9600 X7.832 Y3.933 E0.06646
G1 X6.899 Y3.928 E0.04655
G1 X6.885 Y2.434 E0.07454
G1 X6.939 Y0.995 E0.07184
G1 X15.564 Y-1.316 E0.44548
G1 X15.524 Y-.16 E0.05771
G1 X15.554 Y2.605 E0.13795
G1 X15.675 Y4.118 E0.07572
G1 X14.811 Y4.104 E0.04311
G1 X8.513 Y3.941 E0.31431
G1 X10.699 Y-4.218 E0.42141
G1 X15.048 Y-4.339 E0.21706
G1 X15.147 Y-4.341
G1 F3600 E-1
G0 F12000 X15.778 Y4.215
G0 X16.065 Y4.485
;TYPE:WALL-INNER
G1 F3600 E1
G1 F3000 X15.913 Y2.584 E0.09514
G1 X15.884 Y-.161 E0.13696
G1 X15.976 Y-2.792 E0.13134
G1 X16.021 Y-4.694 E0.09492
G1 X15.032 Y-4.699 E0.04934
G1 X11.054 Y-4.584 E0.19855
G1 X7.37 Y-4.508 E0.18383
G1 X6.445 Y-4.505 E0.04615
G1 X6.452 Y-3.658 E0.04226
G1 X6.527 Y-2.677 E0.04909
G1 X6.596 Y-1.547 E0.05648
G1 X6.668 Y-.139 E0.07034
G1 X6.576 Y1.017 E0.05786
G1 X6.525 Y2.417 E0.06989
G1 X6.543 Y4.287 E0.0933
G1 X8.332 Y4.296 E0.08925
G1 X14.802 Y4.464 E0.3229
G1 X16.065 Y4.485 E0.06302
G0 F12000 X16.499 Y4.892
;TYPE:WALL-OUTER
G1 F1200 X16.312 Y2.552 E0.11712
G1 X16.284 Y-.147 E0.13466
G1 X16.376 Y-2.782 E0.13154
G1 X16.431 Y-5.092 E0.11528
G1 X15.021 Y-5.099 E0.07035
G1 X11.046 Y-4.984 E0.1984
G1 X7.369 Y-4.908 E0.18349
G1 X6.042 Y-4.904 E0.0662
G1 X6.052 Y-3.641 E0.06301
G1 X6.128 Y-2.653 E0.04944
G1 X6.196 Y-1.527 E0.05628
G1 X6.268 Y-0.091 E0.07173
G1 X6.176 Y0.993 E0.05428
G1 X6.125 Y2.411 E0.07079
G1 X6.147 Y4.685 E0.11346
G1 X8.322 Y4.696 E0.10851
G1 X14.796 Y4.864 E0.3231
G1 X16.499 Y4.892 E0.08497
G0 F12000 X16.436 Y4.095
G0 X15.445 Y3.877
G1 F3600 E-1
;MESH:NONMESH
G0 F12000 X15.416 Y3.877
G0 X-8.065 Y-0.028
;TIME_ELAPSED:139.084469
;LAYER:13
;MESH:pi 3mm.stl
G0 X-8.065 Y-0.028 Z4.2
;TYPE:FILL
G1 F3600 E1
G1 F9600 X-8.088 Y-1.094 E0.0532
G1 X-8.079 Y-2.65 E0.07763
G1 X-8.029 Y-3.573 E0.04612
G1 X-8.043 Y-4.135 E0.02805
G1 X-9.578 Y-4.176 E0.07661
G1 X-10.102 Y-4.2 E0.02617
G1 X-12.864 Y-4.22 E0.1378
G1 X-14.356 Y-4.258 E0.07446
G1 X-16.635 Y4.247 E0.43929
G1 X-16.985 Y4.253 E0.01746
G1 X-16.86 Y0.048 E0.20988
G1 X-16.928 Y-2.707 E0.13749
G1 X-16.978 Y-4.3 E0.07951
G1 X-16.976 Y-4.204 E0.00479
G1 X-8.683 Y4.089 E0.58512
G1 X-8.075 Y4.085 E0.03033
G1 X-8.108 Y2.515 E0.07834
G1 X-8.065 Y-0.028 E0.12689
G1 F3600 E-1
G0 F12000 X-17.081 Y4.35
G0 X-17.361 Y4.621
;TYPE:WALL-INNER
G1 F3600 E1
G1 F3000 X-12.758 Y4.539 E0.22968
G1 X-9.51 Y4.456 E0.1621
G1 X-7.702 Y4.441 E0.0902
G1 X-7.748 Y2.509 E0.09642
G1 X-7.705 Y-0.018 E0.12609
G1 X-7.728 Y-1.1 E0.05399
G1 X-7.72 Y-2.625 E0.07608
G1 X-7.669 Y-3.566 E0.04702
G1 X-7.691 Y-4.487 E0.04596
G1 X-9.568 Y-4.536 E0.09368
G1 X-10.08 Y-4.56 E0.02557
G1 X-12.86 Y-4.58 E0.1387
G1 X-15.894 Y-4.656 E0.15141
G1 X-17.351 Y-4.658 E0.07269
G1 X-17.288 Y-2.696 E0.09794
G1 X-17.22 Y0.044 E0.13674
G1 X-17.361 Y4.621 E0.22846
G0 F12000 X-17.757 Y5.025
;TYPE:WALL-OUTER
G1 F1200 X-16.825 Y5.016 E0.0465
G1 X-12.748 Y4.939 E0.20344
G1 X-9.506 Y4.856 E0.1618
G1 X-7.282 Y4.837 E0.11096
G1 X-7.312 Y4.209 E0.03137
G1 X-7.348 Y2.516 E0.08448
G1 X-7.305 Y-0.019 E0.12649
G1 X-7.328 Y-1.098 E0.05384
G1 X-7.32 Y-2.603 E0.07509
G1 X-7.269 Y-3.56 E0.04781
G1 X-7.3 Y-4.877 E0.06572
G1 X-9.55 Y-4.936 E0.11229
G1 X-10.07 Y-4.96 E0.02597
G1 X-12.85 Y-4.98 E0.1387
G1 X-15.891 Y-5.056 E0.15176
G1 X-16.89 Y-5.063 E0.04984
G1 X-17.765 Y-5.054 E0.04366
G1 X-17.688 Y-2.686 E0.1182
G1 X-17.62 Y0.031 E0.13559
G1 X-17.748 Y4.233 E0.20974
G1 X-17.757 Y5.025 E0.03952
G0 F12000 X-16.957 Y5.018
G0 X-16.743 Y4.026
G1 F3600 E-1
G0 F12000 X-16.741 Y4.016
G0 X6.837 Y2.638
;TYPE:FILL
G1 F3600 E1
G1 F9600 X8.125 Y3.927 E0.09091
G1 X6.851 Y3.917 E0.06356
G1 X6.836 Y2.481 E0.07165
G1 X6.887 Y1.228 E0.06256
G1 X15.516 Y-1.084 E0.44569
G1 X15.496 Y-.461 E0.0311
G1 X15.518 Y2.553 E0.15037
G1 X15.642 Y4.113 E0.07807
G1 X14.843 Y4.1 E0.03987
G1 X8.297 Y3.929 E0.32669
G1 X10.475 Y-4.202 E0.41996
G1 X11.541 Y-4.242 E0.05322
G1 X14.817 Y-4.332 E0.1635
G1 X14.916 Y-4.334
G1 F3600 E-1
G0 F12000 X15.747 Y4.209
G0 X16.033 Y4.478
;TYPE:WALL-INNER
G1 F3600 E1
G1 F3000 X15.876 Y2.49 E0.09949
G1 X15.856 Y-.461 E0.14723
G1 X15.936 Y-2.787 E0.11611
G1 X15.978 Y-4.684 E0.09466
G1 X14.804 Y-4.692 E0.05857
G1 X11.524 Y-4.602 E0.1637
G1 X10.592 Y-4.564 E0.04654
G1 X6.389 Y-4.492 E0.20972
G1 X6.394 Y-3.898 E0.02964
G1 X6.487 Y-2.675 E0.06119
G1 X6.58 Y-1.225 E0.07249
G1 X6.632 Y-.141 E0.05414
G1 X6.52 Y1.3 E0.07211
G1 X6.476 Y2.467 E0.05826
G1 X6.495 Y4.276 E0.09026
G1 X8.281 Y4.288 E0.08911
G1 X14.833 Y4.46 E0.32699
G1 X16.033 Y4.478 E0.05987
G0 F12000 X16.467 Y4.884
;TYPE:WALL-OUTER
G1 F1200 X16.276 Y2.5 E0.11932
G1 X16.256 Y-.447 E0.14703
G1 X16.336 Y-2.778 E0.11636
G1 X16.387 Y-5.081 E0.11493
G1 X14.794 Y-5.092 E0.07948
G1 X11.508 Y-5.002 E0.164
G1 X10.584 Y-4.964 E0.04614
G1 X6.93 Y-4.896 E0.18233
G1 X5.986 Y-4.889 E0.0471
G1 X5.992 Y-3.913 E0.04869
G1 X6.088 Y-2.649 E0.06324
G1 X6.18 Y-1.206 E0.07214
G1 X6.232 Y-0.095 E0.05549
G1 X6.12 Y1.276 E0.06863
G1 X6.076 Y2.471 E0.05966
G1 X6.099 Y4.673 E0.10986
G1 X8.271 Y4.688 E0.10836
G1 X14.827 Y4.86 E0.32719
G1 X16.467 Y4.884 E0.08183
G0 F12000 X16.404 Y4.087
G0 X15.414 Y3.871
G1 F3600 E-1
;MESH:NONMESH
G0 F12000 X15.385 Y3.871
G0 X-16.853 Y4.241
;TIME_ELAPSED:146.707171
;LAYER:14
;MESH:pi 3mm.stl
G0 X-16.853 Y4.241 Z4.5
;TYPE:FILL
G1 F3600 E1
G1 F9600 X-14.577 Y-4.254 E0.43876
G1 X-15.92 Y-4.284 E0.06702
G1 X-16.763 Y-4.291 E0.04206
G1 X-8.399 Y4.073 E0.59013
G1 X-9.44 Y4.084 E0.05194
G1 X-12.941 Y4.176 E0.17473
G1 X-16.918 Y4.241 E0.19844
G1 X-16.788 Y0.039 E0.20974
G1 X-16.911 Y-4.294 E0.21626
G1 X-16.913 Y-4.393
G1 F3600 E-1
G0 F12000 X-16.914 Y-4.348
G0 X-16.911 Y-1.87
G0 X-17.016 Y4.337
G0 X-17.288 Y4.606
;TYPE:WALL-INNER
G1 F3600 E1
G1 F3000 X-16.53 Y4.6 E0.03782
G1 X-12.929 Y4.536 E0.17968
G1 X-9.438 Y4.444 E0.17423
G1 X-7.622 Y4.425 E0.09061
G1 X-7.648 Y3.873 E0.02757
G1 X-7.676 Y2.501 E0.06846
G1 X-7.633 Y-0.014 E0.12549
G1 X-7.664 Y-1.383 E0.06832
G1 X-7.66 Y-2.609 E0.06117
G1 X-7.593 Y-3.826 E0.06081
G1 X-7.608 Y-4.466 E0.03194
G1 X-9.494 Y-4.516 E0.09413
G1 X-10.334 Y-4.564 E0.04198
G1 X-12.823 Y-4.572 E0.12418
G1 X-15.911 Y-4.644 E0.1541
G1 X-16.583 Y-4.651 E0.03353
G1 X-17.283 Y-4.643 E0.03493
G1 X-17.22 Y-2.685 E0.09774
G1 X-17.148 Y0.035 E0.13575
G1 X-17.288 Y4.606 E0.22816
G0 F12000 X-17.693 Y5.01
;TYPE:WALL-OUTER
G1 F1200 X-16.524 Y5 E0.05832
G1 X-12.919 Y4.936 E0.17988
G1 X-9.434 Y4.844 E0.17393
G1 X-7.202 Y4.821 E0.11136
G1 X-7.248 Y3.865 E0.04775
G1 X-7.276 Y2.508 E0.06772
G1 X-7.233 Y-0.015 E0.12589
G1 X-7.264 Y-1.381 E0.06817
G1 X-7.26 Y-2.587 E0.06017
G1 X-7.193 Y-3.82 E0.06161
G1 X-7.216 Y-4.856 E0.0517
G1 X-9.472 Y-4.916 E0.11259
G1 X-10.322 Y-4.964 E0.04247
G1 X-12.813 Y-4.972 E0.12428
G1 X-15.906 Y-5.044 E0.15435
G1 X-16.588 Y-5.051 E0.03403
G1 X-17.697 Y-5.038 E0.05533
G1 X-17.62 Y-2.674 E0.118
G1 X-17.548 Y0.023 E0.1346
G1 X-17.687 Y4.494 E0.22317
G1 X-17.693 Y5.01 E0.02575
G0 F12000 X-16.893 Y5.004
G0 X-16.676 Y4.01
G1 F3600 E-1
G0 F12000 X-16.675 Y4.001
G0 X10.254 Y-4.193
;TYPE:FILL
G1 F3600 E1
G1 F9600 X8.08 Y3.92 E0.41904
G1 X6.804 Y3.909 E0.06366
G1 X6.797 Y2.298 E0.08037
G1 X8.422 Y3.924 E0.11469
G1 X10.141 Y3.968 E0.08579
G1 X11.542 Y4.018 E0.06994
G1 X15.61 Y4.109 E0.203
G1 X15.486 Y2.55 E0.07802
G1 X15.468 Y0.495 E0.10253
G1 X15.441 Y-.103 E0.02986
G1 X15.469 Y-.852 E0.03739
G1 X6.836 Y1.461 E0.44589
G1 X6.96 Y-.109 E0.07857
G1 X6.923 Y-.926 E0.0408
G1 X6.811 Y-2.698 E0.08858
G1 X6.704 Y-4.124 E0.07134
G1 X10.132 Y-4.188 E0.17105
G1 X11.559 Y-4.243 E0.07125
G1 X14.777 Y-4.327 E0.1606
G1 X14.876 Y-4.329
G1 F3600 E-1
G0 F12000 X15.716 Y4.207
G0 X16.001 Y4.476
;TYPE:WALL-INNER
G1 F3600 E1
G1 F3000 X15.845 Y2.528 E0.0975
G1 X15.828 Y0.481 E0.10213
G1 X15.8 Y-.168 E0.03241
G1 X15.833 Y-.797 E0.03142
G1 X15.916 Y-3.221 E0.121
G1 X15.949 Y-4.679 E0.07276
G1 X14.765 Y-4.687 E0.05907
G1 X11.542 Y-4.603 E0.16085
G1 X10.128 Y-4.548 E0.0706
G1 X6.31 Y-4.478 E0.19051
G1 X6.451 Y-2.671 E0.09043
G1 X6.564 Y-.905 E0.08829
G1 X6.599 Y-0.063 E0.04204
G1 X6.464 Y1.588 E0.08264
G1 X6.432 Y2.405 E0.04079
G1 X6.448 Y4.268 E0.09295
G1 X8.234 Y4.28 E0.08911
G1 X10.13 Y4.328 E0.09462
G1 X11.58 Y4.38 E0.07239
G1 X16.001 Y4.476 E0.22062
G0 F12000 X16.435 Y4.884
;TYPE:WALL-OUTER
G1 F1200 X16.244 Y2.496 E0.11952
G1 X16.228 Y0.47 E0.10108
G1 X16.2 Y-.147 E0.03081
G1 X16.233 Y-.783 E0.03177
G1 X16.316 Y-3.211 E0.1212
G1 X16.359 Y-5.077 E0.09312
G1 X14.755 Y-5.087 E0.08003
G1 X11.526 Y-5.003 E0.16115
G1 X10.12 Y-4.948 E0.0702
G1 X5.929 Y-4.874 E0.20912
G1 X5.932 Y-4.189 E0.03418
G1 X6.052 Y-2.645 E0.07726
G1 X6.164 Y-.886 E0.08793
G1 X6.2 Y-0.095 E0.0395
G1 X6.064 Y1.564 E0.08305
G1 X6.032 Y2.399 E0.04169
G1 X6.051 Y4.665 E0.11306
G1 X8.224 Y4.68 E0.10841
G1 X10.116 Y4.728 E0.09442
G1 X11.542 Y4.78 E0.07119
G1 X14.801 Y4.856 E0.16264
G1 X16.435 Y4.884 E0.08153
G0 F12000 X16.372 Y4.087
G0 X15.383 Y3.869
G1 F3600 E-1
;MESH:NONMESH
G0 F12000 X15.354 Y3.868
G0 X-7.925 Y-0.021
;TIME_ELAPSED:154.304215
;LAYER:15
;MESH:pi 3mm.stl
G0 X-7.925 Y-0.021 Z4.8
;TYPE:FILL
G1 F3600 E1
G1 F9600 X-7.96 Y-1.665 E0.08204
G1 X-7.956 Y-2.617 E0.0475
G1 X-7.875 Y-4.101 E0.07415
G1 X-9.375 Y-4.138 E0.07486
G1 X-10.59 Y-4.204 E0.06071
G1 X-12.781 Y-4.212 E0.10931
G1 X-14.799 Y-4.249 E0.1007
G1 X-16.82 Y3.297 E0.38974
G1 X-16.716 Y0.036 E0.16277
G1 X-16.838 Y-4.27 E0.21491
G1 X-16.288 Y-4.275 E0.02744
G1 X-16.444 Y-4.274 E0.00778
G1 X-8.115 Y4.055 E0.58766
G1 X-7.922 Y4.054 E0.00963
G1 X-7.944 Y3.541 E0.02562
G1 X-7.968 Y2.496 E0.05215
G1 X-7.925 Y-0.021 E0.12559
G1 F3600 E-1
G0 F12000 X-16.947 Y4.318
G0 X-17.223 Y4.588
;TYPE:WALL-INNER
G1 F3600 E1
G1 F3000 X-13.172 Y4.536 E0.20212
G1 X-11.951 Y4.491 E0.06096
G1 X-9.366 Y4.428 E0.129
G1 X-7.544 Y4.41 E0.0909
G1 X-7.584 Y3.534 E0.04375
G1 X-7.608 Y2.489 E0.05215
G1 X-7.565 Y-0.01 E0.12469
G1 X-7.6 Y-1.671 E0.08289
G1 X-7.596 Y-2.592 E0.04595
G1 X-7.516 Y-4.095 E0.07509
G1 X-7.526 Y-4.451 E0.01777
G1 X-9.424 Y-4.5 E0.09472
G1 X-10.582 Y-4.564 E0.05786
G1 X-12.779 Y-4.572 E0.10961
G1 X-16.287 Y-4.635 E0.17504
G1 X-17.211 Y-4.625 E0.0461
G1 X-17.148 Y-2.677 E0.09724
G1 X-17.076 Y0.032 E0.1352
G1 X-17.223 Y4.588 E0.22742
G0 F12000 X-17.637 Y4.993
;TYPE:WALL-OUTER
G1 F1200 X-13.162 Y4.936 E0.22328
G1 X-11.941 Y4.891 E0.06096
G1 X-9.362 Y4.828 E0.12871
G1 X-7.126 Y4.806 E0.11156
G1 X-7.184 Y3.525 E0.06397
G1 X-7.208 Y2.496 E0.05135
G1 X-7.165 Y-0.011 E0.12509
G1 X-7.2 Y-1.669 E0.08274
G1 X-7.196 Y-2.571 E0.045
G1 X-7.116 Y-4.075 E0.07514
G1 X-7.136 Y-4.841 E0.03823
G1 X-9.402 Y-4.9 E0.11309
G1 X-10.57 Y-4.964 E0.05836
G1 X-12.772 Y-4.972 E0.10986
G1 X-16.291 Y-5.035 E0.17559
G1 X-17.625 Y-5.021 E0.06656
G1 X-17.548 Y-2.666 E0.11755
G1 X-17.476 Y0.019 E0.134
G1 X-17.637 Y4.993 E0.24828
G0 F12000 X-16.837 Y4.983
G0 X-16.606 Y3.992
G1 F3600 E-1
G0 F12000 X-16.605 Y3.982
G0 X10.031 Y-4.186
;TYPE:FILL
G1 F3600 E1
G1 F9600 X7.861 Y3.913 E0.41831
G1 X6.76 Y3.901 E0.05493
G1 X6.748 Y2.415 E0.07414
G1 X6.764 Y1.964 E0.02251
G1 X8.729 Y3.929 E0.13864
G1 X11.557 Y4.016 E0.14116
G1 X15.581 Y4.109 E0.20081
G1 X15.458 Y2.546 E0.07822
G1 X15.44 Y0.802 E0.08701
G1 X15.401 Y-0.096 E0.04484
G1 X15.425 Y-.619 E0.02612
G1 X6.784 Y1.696 E0.4463
G1 X6.928 Y-.118 E0.09079
G1 X6.775 Y-2.692 E0.12864
G1 X6.666 Y-4.118 E0.07135
G1 X9.668 Y-4.172 E0.14979
G1 X11.511 Y-4.243 E0.09202
G1 X14.749 Y-4.328 E0.1616
G1 X14.848 Y-4.33
G1 F3600 E-1
G0 F12000 X15.685 Y4.204
G0 X15.973 Y4.474
;TYPE:WALL-INNER
G1 F3600 E1
G1 F3000 X15.816 Y2.482 E0.09969
G1 X15.8 Y0.789 E0.08447
G1 X15.76 Y-.165 E0.04764
G1 X15.809 Y-1.086 E0.04601
G1 X15.868 Y-2.777 E0.08442
G1 X15.916 Y-4.677 E0.09482
G1 X14.738 Y-4.688 E0.05877
G1 X11.495 Y-4.603 E0.16185
G1 X9.663 Y-4.532 E0.09147
G1 X6.276 Y-4.471 E0.16901
G1 X6.415 Y-2.665 E0.09037
G1 X6.567 Y-0.062 E0.13009
G1 X6.408 Y1.876 E0.09701
G1 X6.388 Y2.397 E0.02601
G1 X6.404 Y4.258 E0.09285
G1 X8.199 Y4.277 E0.08956
G1 X9.661 Y4.312 E0.07296
G1 X11.544 Y4.376 E0.094
G1 X14.781 Y4.456 E0.16154
G1 X15.973 Y4.474 E0.05948
G0 F12000 X16.415 Y4.88
;TYPE:WALL-OUTER
G1 F1200 X16.364 Y4.376 E0.02527
G1 X16.216 Y2.492 E0.09428
G1 X16.2 Y0.778 E0.08552
G1 X16.16 Y-.143 E0.04599
G1 X16.209 Y-1.072 E0.04641
G1 X16.268 Y-2.767 E0.08462
G1 X16.326 Y-5.073 E0.11508
G1 X14.728 Y-5.088 E0.07973
G1 X11.479 Y-5.003 E0.16215
G1 X9.656 Y-4.932 E0.09102
G1 X5.846 Y-4.863 E0.19011
G1 X6.016 Y-2.641 E0.11118
G1 X6.168 Y-0.095 E0.12725
G1 X6.008 Y1.852 E0.09746
G1 X5.988 Y2.391 E0.02691
G1 X6.007 Y4.654 E0.11291
G1 X8.189 Y4.677 E0.10887
G1 X9.647 Y4.712 E0.07276
G1 X11.534 Y4.776 E0.0942
G1 X14.775 Y4.856 E0.16174
G1 X16.415 Y4.88 E0.08183
G0 F12000 X16.364 Y4.376
G0 X16.342 Y4.084
G0 X15.352 Y3.866
G1 F3600 E-1
;MESH:NONMESH
G0 F12000 X15.323 Y3.866
G0 X-7.853 Y-0.016
;TIME_ELAPSED:161.983574
;LAYER:16
;MESH:pi 3mm.stl
G0 X-7.853 Y-0.016 Z5.1
;TYPE:FILL
G1 F3600 E1
G1 F9600 X-7.896 Y-1.946 E0.09631
G1 X-7.896 Y-2.602 E0.03273
G1 X-7.814 Y-4.084 E0.07405
G1 X-9.355 Y-4.124 E0.07691
G1 X-10.836 Y-4.204 E0.074
G1 X-12.736 Y-4.208 E0.09479
G1 X-15.019 Y-4.244 E0.11391
G1 X-16.713 Y2.075 E0.32639
G1 X-16.648 Y0.029 E0.10213
G1 X-16.767 Y-4.197 E0.21092
G1 X-16.556 Y-4.254 E0.0109
G1 X-15.984 Y-4.259 E0.02854
G1 X-16.128 Y-4.257 E0.00718
G1 X-7.843 Y4.028 E0.58455
G1 X-7.884 Y3.192 E0.04176
G1 X-7.896 Y2.484 E0.03533
G1 X-7.853 Y-0.016 E0.12474
G1 F3600 E-1
G0 F12000 X-16.877 Y4.306
G0 X-17.152 Y4.573
;TYPE:WALL-INNER
G1 F3600 E1
G1 F3000 X-13.343 Y4.535 E0.19004
G1 X-11.468 Y4.468 E0.0936
G1 X-9.294 Y4.412 E0.1085
G1 X-7.466 Y4.394 E0.0912
G1 X-7.524 Y3.187 E0.06029
G1 X-7.536 Y2.481 E0.03523
G1 X-7.493 Y-0.006 E0.1241
G1 X-7.536 Y-1.952 E0.09711
G1 X-7.536 Y-2.577 E0.03118
G1 X-7.435 Y-4.435 E0.09283
G1 X-9.379 Y-4.486 E0.09702
G1 X-10.829 Y-4.564 E0.07245
G1 X-12.734 Y-4.568 E0.09504
G1 X-15.983 Y-4.619 E0.16211
G1 X-17.142 Y-4.609 E0.05782
G1 X-17.092 Y-3.137 E0.07348
G1 X-17.008 Y0.024 E0.15776
G1 X-17.152 Y4.573 E0.22706
G0 F12000 X-17.565 Y4.977
;TYPE:WALL-OUTER
G1 F1200 X-13.329 Y4.935 E0.21135
G1 X-11.458 Y4.868 E0.0934
G1 X-9.29 Y4.812 E0.1082
G1 X-7.046 Y4.79 E0.11196
G1 X-7.124 Y3.18 E0.08042
G1 X-7.136 Y2.488 E0.03453
G1 X-7.093 Y-0.007 E0.12449
G1 X-7.136 Y-1.952 E0.09706
G1 X-7.136 Y-2.555 E0.03008
G1 X-7.04 Y-4.354 E0.08988
G1 X-7.052 Y-4.825 E0.02351
G1 X-9.357 Y-4.886 E0.11504
G1 X-10.818 Y-4.964 E0.07299
G1 X-12.728 Y-4.968 E0.09529
G1 X-15.987 Y-5.019 E0.16261
G1 X-17.556 Y-5.005 E0.07828
G1 X-17.492 Y-3.126 E0.0938
G1 X-17.408 Y0.011 E0.15656
G1 X-17.565 Y4.977 E0.24788
G0 F12000 X-16.765 Y4.97
G0 X-16.536 Y3.98
G1 F3600 E-1
G0 F12000 X-16.535 Y3.97
G0 X9.81 Y-4.179
;TYPE:FILL
G1 F3600 E1
G1 F9600 X7.644 Y3.903 E0.41744
G1 X6.713 Y3.89 E0.04645
G1 X6.701 Y2.274 E0.08062
G1 X6.73 Y1.93 E0.01722
G1 X15.372 Y-.386 E0.44637
G1 X15.357 Y-.101 E0.01424
G1 X15.412 Y1.107 E0.06033
G1 X15.426 Y2.545 E0.07175
G1 X15.554 Y4.105 E0.07809
G1 X11.534 Y4.016 E0.20061
G1 X9.031 Y3.932 E0.12495
G1 X6.752 Y1.653 E0.1608
G1 X6.9 Y-.114 E0.08846
G1 X6.735 Y-2.689 E0.12873
G1 X6.626 Y-4.107 E0.07095
G1 X9.201 Y-4.156 E0.12849
G1 X11.386 Y-4.239 E0.10909
G1 X14.726 Y-4.327 E0.16669
G1 X14.825 Y-4.329
G1 F3600 E-1
G0 F12000 X15.657 Y4.203
G0 X15.948 Y4.473
;TYPE:WALL-INNER
G1 F3600 E1
G1 F3000 X15.784 Y2.482 E0.09967
G1 X15.772 Y1.093 E0.0693
G1 X15.716 Y-.104 E0.05978
G1 X15.784 Y-1.348 E0.06216
G1 X15.864 Y-3.762 E0.1205
G1 X15.885 Y-4.674 E0.04551
G1 X14.714 Y-4.687 E0.05843
G1 X11.483 Y-4.603 E0.16125
G1 X9.196 Y-4.516 E0.11418
G1 X6.239 Y-4.46 E0.14755
G1 X6.375 Y-2.663 E0.08991
G1 X6.536 Y-.113 E0.12747
G1 X6.341 Y2.263 E0.11894
G1 X6.356 Y4.247 E0.09898
G1 X8.096 Y4.268 E0.08682
G1 X9.193 Y4.296 E0.05475
G1 X11.521 Y4.376 E0.11621
G1 X15.948 Y4.473 E0.22092
G0 F12000 X16.388 Y4.88
;TYPE:WALL-OUTER
G1 F1200 X16.308 Y4.033 E0.04245
G1 X16.184 Y2.493 E0.07708
G1 X16.172 Y1.082 E0.0704
G1 X16.116 Y-.144 E0.06123
G1 X16.184 Y-1.33 E0.05927
G1 X16.264 Y-3.752 E0.1209
G1 X16.295 Y-5.07 E0.06577
G1 X14.704 Y-5.087 E0.07938
G1 X11.468 Y-5.003 E0.1615
G1 X9.188 Y-4.916 E0.11383
G1 X5.808 Y-4.852 E0.16866
G1 X5.976 Y-2.637 E0.11082
G1 X6.136 Y-0.095 E0.12707
G1 X5.941 Y2.248 E0.1173
G1 X5.959 Y4.642 E0.11944
G1 X8.086 Y4.668 E0.10612
G1 X9.179 Y4.696 E0.05455
G1 X11.511 Y4.776 E0.11641
G1 X14.749 Y4.852 E0.16159
G1 X16.388 Y4.88 E0.08178
G0 F12000 X16.313 Y4.084
G0 X15.325 Y3.864
G1 F3600 E-1
;MESH:NONMESH
G0 F12000 X15.293 Y3.863
G0 X-15.899 Y-4.255
;TIME_ELAPSED:169.677626
;LAYER:17
;MESH:pi 3mm.stl
G0 X-15.899 Y-4.255 Z5.4
;TYPE:FILL
G1 F3600 E1
G1 F9600 X-16.714 Y-4.243 E0.04066
G1 X-16.67 Y-2.722 E0.07591
G1 X-16.644 Y-2.313 E0.02045
G1 X-16.585 Y0.055 E0.11818
G1 X-16.625 Y0.931 E0.04375
G1 X-15.238 Y-4.246 E0.26739
G1 X-12.69 Y-4.208 E0.12713
G1 X-11.09 Y-4.204 E0.07982
G1 X-9.276 Y-4.105 E0.09064
G1 X-7.758 Y-4.065 E0.07576
G1 X-7.836 Y-2.578 E0.07429
G1 X-7.785 Y-0.086 E0.12435
G1 X-7.828 Y2.649 E0.13647
G1 X-7.775 Y3.796 E0.05729
G1 X-15.706 Y-4.262 E0.56407
G1 X-16.706 Y-3.994 E0.05165
G1 X-16.802 Y-3.969
G1 F3600 E-1
G0 F12000 X-16.768 Y-3.969
G0 X-16.737 Y0.032
G0 X-16.82 Y4.295
G0 X-17.097 Y4.566
;TYPE:WALL-INNER
G1 F3600 E1
G1 F3000 X-13.566 Y4.531 E0.17617
G1 X-10.936 Y4.44 E0.13129
G1 X-9.222 Y4.396 E0.08554
G1 X-7.389 Y4.378 E0.09145
G1 X-7.468 Y2.648 E0.0864
G1 X-7.425 Y-0.08 E0.13612
G1 X-7.476 Y-2.56 E0.12375
G1 X-7.378 Y-4.416 E0.09273
G1 X-9.253 Y-4.464 E0.09357
G1 X-11.081 Y-4.564 E0.09134
G1 X-12.689 Y-4.568 E0.08022
G1 X-15.901 Y-4.615 E0.16026
G1 X-17.085 Y-4.599 E0.05908
G1 X-17.03 Y-2.711 E0.09423
G1 X-17.004 Y-2.292 E0.02094
G1 X-16.944 Y-0.005 E0.11414
G1 X-16.972 Y0.48 E0.02424
G1 X-17.097 Y4.566 E0.20395
G0 F12000 X-17.509 Y4.97
;TYPE:WALL-OUTER
G1 F1200 X-13.552 Y4.931 E0.19743
G1 X-10.926 Y4.84 E0.13109
G1 X-9.218 Y4.796 E0.08524
G1 X-6.97 Y4.774 E0.11216
G1 X-7.068 Y2.616 E0.10777
G1 X-7.025 Y-0.088 E0.13492
G1 X-7.076 Y-2.539 E0.12231
G1 X-6.957 Y-4.805 E0.11321
G1 X-9.231 Y-4.864 E0.11349
G1 X-11.07 Y-4.964 E0.09188
G1 X-12.683 Y-4.968 E0.08047
G1 X-15.906 Y-5.015 E0.16081
G1 X-17.497 Y-4.994 E0.07938
G1 X-17.426 Y-2.625 E0.11824
G1 X-17.404 Y-2.282 E0.01715
G1 X-17.344 Y0.013 E0.11454
G1 X-17.372 Y0.462 E0.02244
G1 X-17.509 Y4.97 E0.22501
G0 F12000 X-16.709 Y4.963
G0 X-16.48 Y3.97
G1 F3600 E-1
G0 F12000 X-16.479 Y3.96
G0 X9.588 Y-4.17
;TYPE:FILL
G1 F3600 E1
G1 F9600 X7.428 Y3.892 E0.4164
G1 X6.664 Y3.882 E0.03812
G1 X6.651 Y2.171 E0.08536
G1 X15.319 Y-.152 E0.44771
G1 X15.384 Y1.41 E0.078
G1 X15.394 Y2.542 E0.05648
G1 X15.526 Y4.104 E0.07821
G1 X11.494 Y4.012 E0.20121
G1 X9.341 Y3.941 E0.10747
G1 X6.729 Y1.329 E0.18429
G1 X6.832 Y-.119 E0.07242
G1 X6.691 Y-2.669 E0.12741
G1 X6.586 Y-4.096 E0.07139
G1 X8.736 Y-4.136 E0.10728
G1 X11.468 Y-4.243 E0.1364
G1 X14.7 Y-4.328 E0.1613
G1 X14.799 Y-4.33
G1 F3600 E-1
G0 F12000 X15.632 Y4.2
G0 X15.922 Y4.47
;TYPE:WALL-INNER
G1 F3600 E1
G1 F3000 X15.849 Y3.72 E0.03759
G1 X15.752 Y2.477 E0.0622
G1 X15.744 Y1.396 E0.05393
G1 X15.676 Y-.162 E0.0778
G1 X15.761 Y-1.669 E0.0753
G1 X15.8 Y-2.77 E0.05496
G1 X15.851 Y-4.675 E0.09507
G1 X14.689 Y-4.688 E0.05798
G1 X11.45 Y-4.603 E0.16165
G1 X8.732 Y-4.496 E0.13571
G1 X6.2 Y-4.447 E0.12635
G1 X6.331 Y-2.65 E0.08989
G1 X6.472 Y-.115 E0.12667
G1 X6.293 Y2.392 E0.12539
G1 X6.308 Y4.239 E0.09215
G1 X8.045 Y4.26 E0.08667
G1 X11.481 Y4.372 E0.17151
G1 X14.729 Y4.452 E0.16209
G1 X15.922 Y4.47 E0.05953
G0 F12000 X16.363 Y4.876
;TYPE:WALL-OUTER
G1 F1200 X16.248 Y3.688 E0.05955
G1 X16.152 Y2.488 E0.06006
G1 X16.144 Y1.386 E0.05498
G1 X16.076 Y-.14 E0.07621
G1 X16.161 Y-1.655 E0.0757
G1 X16.2 Y-2.759 E0.05511
G1 X16.262 Y-5.07 E0.11534
G1 X14.679 Y-5.088 E0.07898
G1 X11.434 Y-5.003 E0.16195
G1 X8.724 Y-4.896 E0.13531
G1 X5.771 Y-4.834 E0.14736
G1 X5.932 Y-2.628 E0.11035
G1 X6.072 Y-.101 E0.12627
G1 X5.893 Y2.379 E0.12405
G1 X5.911 Y4.634 E0.11251
G1 X8.032 Y4.66 E0.10583
G1 X11.471 Y4.772 E0.17166
G1 X14.723 Y4.852 E0.16229
G1 X16.363 Y4.876 E0.08183
G0 F12000 X16.286 Y4.081
G0 X15.299 Y3.861
G1 F3600 E-1
;MESH:NONMESH
G0 F12000 X15.263 Y3.861
G0 X-15.844 Y-4.251
;TIME_ELAPSED:177.331474
;LAYER:18
;MESH:pi 3mm.stl
G0 X-15.844 Y-4.251 Z5.7
;TYPE:FILL
G1 F3600 E1
G1 F9600 X-16.659 Y-4.239 E0.04066
G1 X-16.618 Y-2.726 E0.07551
G1 X-16.569 Y-2.02 E0.03531
G1 X-16.526 Y-.259 E0.08788
G1 X-15.458 Y-4.245 E0.20588
G1 X-15.302 Y-4.242 E0.00778
G1 X-7.707 Y3.564 E0.54336
G1 X-7.756 Y2.512 E0.05254
G1 X-7.713 Y-0.008 E0.12574
G1 X-7.771 Y-2.576 E0.12815
G1 X-7.694 Y-4.046 E0.07344
G1 X-9.194 Y-4.088 E0.07486
G1 X-11.338 Y-4.204 E0.10712
G1 X-12.647 Y-4.208 E0.06531
G1 X-14.971 Y-4.24 E0.11596
G1 X-16.646 Y-3.791 E0.08652
G1 X-16.742 Y-3.766
G1 F3600 E-1
G0 F12000 X-16.71 Y-3.766
G0 X-16.653 Y-.702
G0 X-16.768 Y4.289
G0 X-17.044 Y4.558
;TYPE:WALL-INNER
G1 F3600 E1
G1 F3000 X-13.793 Y4.531 E0.1622
G1 X-12.532 Y4.495 E0.06294
G1 X-10.408 Y4.412 E0.10605
G1 X-9.149 Y4.38 E0.06283
G1 X-7.309 Y4.362 E0.0918
G1 X-7.396 Y2.515 E0.09225
G1 X-7.353 Y0.002 E0.12539
G1 X-7.412 Y-2.557 E0.1277
G1 X-7.316 Y-4.397 E0.09192
G1 X-9.172 Y-4.448 E0.09263
G1 X-11.329 Y-4.564 E0.10777
G1 X-12.645 Y-4.568 E0.06566
G1 X-15.847 Y-4.611 E0.15976
G1 X-17.03 Y-4.595 E0.05903
G1 X-16.974 Y-2.642 E0.09748
G1 X-16.928 Y-1.963 E0.03395
G1 X-16.88 Y-0.009 E0.09751
G1 X-16.928 Y0.777 E0.03929
G1 X-17.044 Y4.558 E0.18872
G0 F12000 X-17.457 Y4.962
;TYPE:WALL-OUTER
G1 F1200 X-13.782 Y4.931 E0.18335
G1 X-12.516 Y4.895 E0.06319
G1 X-10.398 Y4.812 E0.10575
G1 X-9.145 Y4.78 E0.06253
G1 X-6.89 Y4.758 E0.11251
G1 X-6.996 Y2.492 E0.11317
G1 X-6.953 Y0.001 E0.1243
G1 X-7.012 Y-2.536 E0.12661
G1 X-6.895 Y-4.785 E0.11235
G1 X-9.151 Y-4.848 E0.1126
G1 X-11.318 Y-4.964 E0.10827
G1 X-12.639 Y-4.968 E0.06591
G1 X-15.852 Y-5.011 E0.16031
G1 X-17.442 Y-4.99 E0.07933
G1 X-17.376 Y-2.658 E0.11639
G1 X-17.328 Y-1.953 E0.03525
G1 X-17.28 Y0.009 E0.09791
G1 X-17.328 Y0.758 E0.03744
G1 X-17.457 Y4.962 E0.20984
G0 F12000 X-16.657 Y4.956
G0 X-16.428 Y3.964
G1 F3600 E-1
G0 F12000 X-16.427 Y3.954
G0 X9.366 Y-4.162
;TYPE:FILL
G1 F3600 E1
G1 F9600 X7.211 Y3.881 E0.41542
G1 X6.603 Y3.87 E0.03034
G1 X6.589 Y2.407 E0.07299
G1 X15.284 Y0.077 E0.4491
G1 X15.356 Y1.714 E0.08175
G1 X15.366 Y2.537 E0.04106
G1 X15.434 Y3.406 E0.04349
G1 X15.5 Y4.1 E0.03478
G1 X11.472 Y4.012 E0.20101
G1 X9.648 Y3.948 E0.09106
G1 X6.675 Y0.976 E0.20973
G1 X6.756 Y-.119 E0.05478
G1 X6.619 Y-2.661 E0.127
G1 X6.518 Y-4.075 E0.07072
G1 X8.275 Y-4.12 E0.08769
G1 X11.303 Y-4.235 E0.15118
G1 X14.679 Y-4.323 E0.16849
G1 X14.778 Y-4.325
G1 F3600 E-1
G0 F12000 X15.607 Y4.198
G0 X15.898 Y4.465
;TYPE:WALL-INNER
G1 F3600 E1
G1 F3000 X15.793 Y3.38 E0.05438
G1 X15.724 Y2.475 E0.04528
G1 X15.716 Y1.701 E0.03862
G1 X15.636 Y-.101 E0.08999
G1 X15.737 Y-1.964 E0.09308
G1 X15.817 Y-4.67 E0.13506
G1 X14.669 Y-4.683 E0.05728
G1 X11.286 Y-4.595 E0.16884
G1 X8.268 Y-4.48 E0.15068
G1 X7.263 Y-4.46 E0.05015
G1 X6.132 Y-4.424 E0.05645
G1 X6.26 Y-2.637 E0.08938
G1 X6.396 Y-.115 E0.12601
G1 X6.214 Y2.364 E0.12401
G1 X6.232 Y2.651 E0.01435
G1 X6.247 Y4.225 E0.07853
G1 X8.031 Y4.253 E0.08902
G1 X11.46 Y4.372 E0.17118
G1 X14.7 Y4.448 E0.16169
G1 X15.898 Y4.465 E0.05977
G0 F12000 X16.339 Y4.872
;TYPE:WALL-OUTER
G1 F1200 X16.192 Y3.348 E0.07639
G1 X16.124 Y2.484 E0.04324
G1 X16.116 Y1.69 E0.03961
G1 X16.036 Y-.14 E0.09139
G1 X16.136 Y-1.913 E0.0886
G1 X16.229 Y-5.066 E0.15737
G1 X14.659 Y-5.083 E0.07833
G1 X11.271 Y-4.995 E0.16909
G1 X8.26 Y-4.88 E0.15033
G1 X7.251 Y-4.86 E0.05035
G1 X5.703 Y-4.81 E0.07727
G1 X5.86 Y-2.615 E0.10979
G1 X5.996 Y-.101 E0.12561
G1 X5.813 Y2.362 E0.12322
G1 X5.832 Y2.686 E0.01619
G1 X5.851 Y4.619 E0.09644
G1 X8.017 Y4.653 E0.10808
G1 X11.45 Y4.772 E0.17138
G1 X14.694 Y4.848 E0.16189
G1 X16.339 Y4.872 E0.08208
G0 F12000 X16.263 Y4.076
G0 X15.274 Y3.859
G1 F3600 E-1
;MESH:NONMESH
G0 F12000 X15.239 Y3.858
G0 X-9.11 Y-4.072
;TIME_ELAPSED:184.916482
;LAYER:19
;MESH:pi 3mm.stl
G0 X-9.11 Y-4.072 Z6
;TYPE:FILL
G1 F3600 E1
G1 F9600 X-11.583 Y-4.204 E0.12355
G1 X-12.597 Y-4.204 E0.05059
G1 X-15.207 Y-4.236 E0.13022
G1 X-7.643 Y3.328 E0.53368
G1 X-7.608 Y3.986 E0.03287
G1 X-9.886 Y4.028 E0.11367
G1 X-12.495 Y4.128 E0.13026
G1 X-14.032 Y4.172 E0.07671
G1 X-15.753 Y4.192 E0.08587
G1 X-16.62 Y4.189 E0.04326
G1 X-16.525 Y1.087 E0.15483
G1 X-16.457 Y0.05 E0.05185
G1 X-16.485 Y-1.23 E0.06387
G1 X-15.678 Y-4.242 E0.15557
G1 X-16.607 Y-4.231 E0.04635
G1 X-16.59 Y-3.587 E0.03214
G1 X-14.211 Y-4.224 E0.12287
G1 X-14.115 Y-4.249
G1 F3600 E-1
G0 F12000 X-16.715 Y4.281
G0 X-16.992 Y4.549
;TYPE:WALL-INNER
G1 F3600 E1
G1 F3000 X-16.36 Y4.544 E0.03153
G1 X-15.749 Y4.552 E0.03049
G1 X-14.018 Y4.532 E0.08637
G1 X-12.479 Y4.488 E0.07681
G1 X-9.88 Y4.388 E0.12976
G1 X-7.229 Y4.341 E0.13228
G1 X-7.328 Y2.489 E0.09253
G1 X-7.285 Y-.277 E0.13801
G1 X-7.336 Y-2.546 E0.11323
G1 X-7.246 Y-4.375 E0.09136
G1 X-9.088 Y-4.432 E0.09194
G1 X-11.576 Y-4.564 E0.1243
G1 X-12.596 Y-4.564 E0.05089
G1 X-15.79 Y-4.603 E0.15936
G1 X-16.978 Y-4.587 E0.05927
G1 X-16.926 Y-2.712 E0.09358
G1 X-16.855 Y-1.632 E0.054
G1 X-16.816 Y-0.013 E0.0808
G1 X-16.884 Y1.073 E0.05429
G1 X-16.992 Y4.549 E0.1735
G0 F12000 X-17.405 Y4.953
;TYPE:WALL-OUTER
G1 F1200 X-16.365 Y4.944 E0.05189
G1 X-15.745 Y4.952 E0.03093
G1 X-14.007 Y4.932 E0.08671
G1 X-12.463 Y4.888 E0.07706
G1 X-9.87 Y4.788 E0.12946
G1 X-9.071 Y4.768 E0.03987
G1 X-6.807 Y4.735 E0.11296
G1 X-6.928 Y2.46 E0.11366
G1 X-6.885 Y-.279 E0.13667
G1 X-6.936 Y-2.526 E0.11213
G1 X-6.826 Y-4.762 E0.11169
G1 X-9.067 Y-4.832 E0.11186
G1 X-11.566 Y-4.964 E0.12485
G1 X-12.591 Y-4.964 E0.05114
G1 X-15.795 Y-5.003 E0.15986
G1 X-17.39 Y-4.982 E0.07958
G1 X-17.322 Y-2.618 E0.11799
G1 X-17.255 Y-1.622 E0.0498
G1 X-17.216 Y0.007 E0.08129
G1 X-17.284 Y1.054 E0.05235
G1 X-17.405 Y4.953 E0.19462
G0 F12000 X-16.605 Y4.947
G0 X-16.375 Y3.956
G1 F3600 E-1
G0 F12000 X-16.374 Y3.947
G0 X9.144 Y-4.15
;TYPE:FILL
G1 F3600 E1
G1 F9600 X6.996 Y3.864 E0.41393
G1 X6.538 Y3.854 E0.02286
G1 X6.526 Y2.643 E0.06042
G1 X15.25 Y0.305 E0.4506
G1 X15.328 Y2.022 E0.08575
G1 X15.332 Y2.476 E0.02265
G1 X15.477 Y4.096 E0.08115
G1 X11.4 Y4.006 E0.20345
G1 X9.954 Y3.955 E0.07219
G1 X6.625 Y0.626 E0.23488
G1 X6.681 Y-.124 E0.03752
G1 X6.543 Y-2.646 E0.12601
G1 X6.445 Y-4.05 E0.07022
G1 X7.809 Y-4.096 E0.06809
G1 X11.394 Y-4.239 E0.179
G1 X14.652 Y-4.323 E0.1626
G1 X14.751 Y-4.325
G1 F3600 E-1
G0 F12000 X15.582 Y4.195
G0 X15.874 Y4.464
;TYPE:WALL-INNER
G1 F3600 E1
G1 F3000 X15.692 Y2.469 E0.09994
G1 X15.688 Y2.009 E0.02295
G1 X15.592 Y-0.096 E0.10513
G1 X15.713 Y-2.255 E0.10788
G1 X15.785 Y-4.668 E0.12044
G1 X14.643 Y-4.683 E0.05698
G1 X11.376 Y-4.599 E0.16305
G1 X7.797 Y-4.456 E0.1787
G1 X6.059 Y-4.397 E0.08676
G1 X6.183 Y-2.622 E0.08877
G1 X6.321 Y-.119 E0.12506
G1 X6.138 Y2.348 E0.12342
G1 X6.169 Y2.957 E0.03042
G1 X6.182 Y4.207 E0.06237
G1 X7.95 Y4.244 E0.08823
G1 X11.385 Y4.366 E0.17148
G1 X14.676 Y4.444 E0.16423
G1 X15.874 Y4.464 E0.05978
G0 F12000 X16.315 Y4.872
;TYPE:WALL-OUTER
G1 F1200 X16.092 Y2.481 E0.11981
G1 X16.088 Y1.998 E0.0241
G1 X15.992 Y-.136 E0.10657
G1 X16.112 Y-2.205 E0.1034
G1 X16.197 Y-5.062 E0.1426
G1 X14.633 Y-5.083 E0.07804
G1 X11.36 Y-4.999 E0.16334
G1 X7.783 Y-4.856 E0.1786
G1 X5.631 Y-4.783 E0.10743
G1 X5.784 Y-2.6 E0.10918
G1 X5.921 Y-.119 E0.12397
G1 X5.737 Y2.343 E0.12317
G1 X5.769 Y2.961 E0.03087
G1 X5.786 Y4.599 E0.08172
G1 X7.936 Y4.644 E0.10729
G1 X11.371 Y4.766 E0.17148
G1 X14.669 Y4.844 E0.16458
G1 X16.315 Y4.872 E0.08213
G0 F12000 X16.241 Y4.076
G0 X15.249 Y3.856
G1 F3600 E-1
;MESH:NONMESH
G0 F12000 X15.214 Y3.856
G0 X-7.582 Y3.09
;TIME_ELAPSED:192.518362
;LAYER:20
;MESH:pi 3mm.stl
G0 X-7.582 Y3.09 Z6.3
;TYPE:FILL
G1 F3600 E1
G1 F9600 X-14.497 Y-3.825 E0.48789
G1 X-14.389 Y-4.227 E0.02077
G1 X-14.594 Y-4.228 E0.01023
G1 X-14.689 Y-3.877 E0.01814
G1 X-16.532 Y-3.383 E0.09519
G1 X-16.552 Y-4.229 E0.04222
G1 X-15.732 Y-4.239 E0.04091
G1 X-15.899 Y-4.237 E0.00833
G1 X-16.474 Y-2.091 E0.11084
G1 X-16.425 Y-1.36 E0.03655
G1 X-16.393 Y0.044 E0.07006
G1 X-16.48 Y1.383 E0.06694
G1 X-16.565 Y4.182 E0.13971
G1 X-15.708 Y4.188 E0.04276
G1 X-14.249 Y4.172 E0.07279
G1 X-12.434 Y4.12 E0.09059
G1 X-8.999 Y3.992 E0.17149
G1 X-7.537 Y3.965 E0.07295
G1 X-7.582 Y3.09 E0.04371
G1 F3600 E-1
G0 F12000 X-16.662 Y4.274
G0 X-16.937 Y4.543
;TYPE:WALL-INNER
G1 F3600 E1
G1 F3000 X-15.705 Y4.548 E0.06147
G1 X-14.235 Y4.532 E0.07334
G1 X-12.419 Y4.48 E0.09064
G1 X-8.994 Y4.352 E0.17099
G1 X-7.159 Y4.319 E0.09156
G1 X-7.252 Y2.472 E0.09226
G1 X-7.212 Y-0.082 E0.12744
G1 X-7.26 Y-2.531 E0.1222
G1 X-7.17 Y-4.355 E0.09111
G1 X-9.009 Y-4.412 E0.09179
G1 X-11.825 Y-4.563 E0.14069
G1 X-15.735 Y-4.599 E0.19508
G1 X-16.921 Y-4.584 E0.05917
G1 X-16.896 Y-3.787 E0.03978
G1 X-16.878 Y-2.716 E0.05344
G1 X-16.784 Y-1.304 E0.0706
G1 X-16.752 Y-0.017 E0.06423
G1 X-16.84 Y1.369 E0.06929
G1 X-16.937 Y4.543 E0.15843
G0 F12000 X-17.349 Y4.946
;TYPE:WALL-OUTER
G1 F1200 X-16.518 Y4.94 E0.04146
G1 X-15.701 Y4.948 E0.04076
G1 X-14.224 Y4.932 E0.07369
G1 X-12.404 Y4.88 E0.09084
G1 X-8.987 Y4.752 E0.17059
G1 X-6.739 Y4.711 E0.11217
G1 X-6.852 Y2.452 E0.11284
G1 X-6.812 Y-0.085 E0.12659
G1 X-6.816 Y-.591 E0.02525
G1 X-6.86 Y-2.511 E0.09581
G1 X-6.749 Y-4.742 E0.11144
G1 X-8.987 Y-4.812 E0.11171
G1 X-11.814 Y-4.963 E0.14124
G1 X-15.74 Y-4.999 E0.19588
G1 X-17.333 Y-4.978 E0.07948
G1 X-17.296 Y-3.78 E0.0598
G1 X-17.276 Y-2.653 E0.05624
G1 X-17.184 Y-1.294 E0.06796
G1 X-17.152 Y0.002 E0.06468
G1 X-17.24 Y1.35 E0.0674
G1 X-17.349 Y4.946 E0.17949
G0 F12000 X-16.549 Y4.941
G0 X-16.322 Y3.949
G1 F3600 E-1
G0 F12000 X-16.322 Y3.944
G0 X8.919 Y-4.129
;TYPE:FILL
G1 F3600 E1
G1 F9600 X6.782 Y3.845 E0.41186
G1 X6.476 Y3.838 E0.01527
G1 X6.464 Y2.879 E0.04785
G1 X15.22 Y0.533 E0.45225
G1 X15.305 Y2.515 E0.09897
G1 X15.453 Y4.097 E0.07927
G1 X11.255 Y4.002 E0.20949
G1 X10.264 Y3.965 E0.04948
G1 X6.575 Y0.276 E0.26028
G1 X6.605 Y-.12 E0.01981
G1 X6.471 Y-2.63 E0.1254
G1 X6.373 Y-4.026 E0.06982
G1 X7.277 Y-4.056 E0.04513
G1 X11.445 Y-4.242 E0.20815
G1 X14.627 Y-4.324 E0.1588
G1 X14.726 Y-4.326
G1 F3600 E-1
G0 F12000 X15.558 Y4.193
G0 X15.848 Y4.462
;TYPE:WALL-INNER
G1 F3600 E1
G1 F3000 X15.664 Y2.486 E0.09901
G1 X15.552 Y-0.098 E0.12904
G1 X15.689 Y-2.541 E0.12207
G1 X15.753 Y-4.666 E0.10606
G1 X14.618 Y-4.684 E0.05663
G1 X11.428 Y-4.602 E0.1592
G1 X7.265 Y-4.416 E0.2079
G1 X5.987 Y-4.373 E0.0638
G1 X6.112 Y-2.605 E0.08843
G1 X6.245 Y-.115 E0.1244
G1 X6.058 Y2.331 E0.12239
G1 X6.109 Y3.237 E0.04527
G1 X6.119 Y4.191 E0.0476
G1 X7.886 Y4.229 E0.08818
G1 X8.276 Y4.256 E0.0195
G1 X11.24 Y4.362 E0.14797
G1 X14.648 Y4.444 E0.17008
G1 X15.848 Y4.462 E0.05987
G0 F12000 X16.288 Y4.868
;TYPE:WALL-OUTER
G1 F1200 X16.064 Y2.469 E0.12021
G1 X15.952 Y-.136 E0.13008
G1 X16.089 Y-2.529 E0.11958
G1 X16.165 Y-5.059 E0.12628
G1 X14.608 Y-5.084 E0.07769
G1 X11.335 Y-4.999 E0.16335
G1 X7.251 Y-4.816 E0.20396
G1 X5.559 Y-4.759 E0.08446
G1 X5.712 Y-2.583 E0.10883
G1 X5.845 Y-.115 E0.12331
G1 X5.657 Y2.327 E0.12219
G1 X5.709 Y3.241 E0.04567
G1 X5.723 Y4.583 E0.06696
G1 X7.858 Y4.628 E0.10654
G1 X8.255 Y4.656 E0.01986
G1 X11.281 Y4.764 E0.15106
G1 X14.642 Y4.844 E0.16773
G1 X16.288 Y4.868 E0.08213
G0 F12000 X16.214 Y4.072
G0 X15.225 Y3.854
G1 F3600 E-1
;MESH:NONMESH
G0 F12000 X15.191 Y3.853
G0 X-15.679 Y-4.235
;TIME_ELAPSED:200.123485
;LAYER:21
;MESH:pi 3mm.stl
G0 X-15.679 Y-4.235 Z6.6
;TYPE:FILL
G1 F3600 E1
G1 F9600 X-16.501 Y-4.223 E0.04101
G1 X-16.476 Y-3.178 E0.05215
G1 X-14.278 Y-3.767 E0.11353
G1 X-14.157 Y-4.222 E0.02349
G1 X-13.952 Y-4.22 E0.01023
G1 X-14.087 Y-3.715 E0.02608
G1 X-7.519 Y2.853 E0.46341
G1 X-7.466 Y3.947 E0.05464
G1 X-8.804 Y3.972 E0.06676
G1 X-12.378 Y4.108 E0.17844
G1 X-14.469 Y4.172 E0.10437
G1 X-15.662 Y4.184 E0.05952
G1 X-16.515 Y4.178 E0.04256
G1 X-16.436 Y1.68 E0.12469
G1 X-16.329 Y0.04 E0.08199
G1 X-16.353 Y-1.026 E0.0532
G1 X-16.478 Y-2.897 E0.09355
G1 X-16.121 Y-4.229 E0.0688
G1 X-16.096 Y-4.325
G1 F3600 E-1
G0 F12000 X-16.096 Y-4.29
G0 X-16.609 Y4.267
G0 X-16.885 Y4.536
;TYPE:WALL-INNER
G1 F3600 E1
G1 F3000 X-15.659 Y4.544 E0.06117
G1 X-14.454 Y4.532 E0.06012
G1 X-12.363 Y4.468 E0.10437
G1 X-8.8 Y4.332 E0.17789
G1 X-7.085 Y4.3 E0.08558
G1 X-7.18 Y2.471 E0.09137
G1 X-7.144 Y-0.049 E0.12574
G1 X-7.145 Y-.877 E0.04131
G1 X-7.184 Y-2.502 E0.08109
G1 X-7.088 Y-4.333 E0.09147
G1 X-8.664 Y-4.384 E0.07867
G1 X-12.079 Y-4.564 E0.17061
G1 X-15.683 Y-4.595 E0.17981
G1 X-16.869 Y-4.579 E0.05918
G1 X-16.824 Y-2.672 E0.09517
G1 X-16.712 Y-.972 E0.085
G1 X-16.688 Y-0.021 E0.04746
G1 X-16.796 Y1.665 E0.08429
G1 X-16.885 Y4.536 E0.1433
G0 F12000 X-17.297 Y4.938
;TYPE:WALL-OUTER
G1 F1200 X-15.655 Y4.944 E0.08192
G1 X-14.442 Y4.932 E0.06052
G1 X-12.347 Y4.868 E0.10457
G1 X-8.792 Y4.732 E0.17749
G1 X-6.668 Y4.692 E0.10599
G1 X-6.78 Y2.437 E0.11264
G1 X-6.744 Y-0.049 E0.12404
G1 X-6.745 Y-.887 E0.04181
G1 X-6.784 Y-2.482 E0.0796
G1 X-6.699 Y-4.222 E0.08691
G1 X-6.635 Y-4.719 E0.025
G1 X-8.643 Y-4.784 E0.10023
G1 X-12.067 Y-4.964 E0.17106
G1 X-15.688 Y-4.995 E0.18066
G1 X-17.279 Y-4.974 E0.07938
G1 X-17.224 Y-2.654 E0.11578
G1 X-17.112 Y-.962 E0.0846
G1 X-17.088 Y-0.002 E0.04791
G1 X-17.196 Y1.646 E0.0824
G1 X-17.297 Y4.938 E0.16432
G0 F12000 X-16.497 Y4.94
G0 X-16.269 Y3.945
G1 F3600 E-1
G0 F12000 X-16.269 Y3.94
G0 X8.696 Y-4.117
;TYPE:FILL
G1 F3600 E1
G1 F9600 X6.568 Y3.825 E0.4102
G1 X6.43 Y3.821 E0.00689
G1 X6.388 Y3.119 E0.03509
G1 X15.21 Y0.755 E0.45566
G1 X15.277 Y2.51 E0.08762
G1 X15.426 Y4.093 E0.07933
G1 X11.382 Y4.004 E0.2018
G1 X10.575 Y3.976 E0.04029
G1 X6.532 Y-0.067 E0.28526
G1 X6.399 Y-2.611 E0.12709
G1 X6.303 Y-3.991 E0.06901
G1 X8.085 Y-4.091 E0.08904
G1 X10.884 Y-4.205 E0.13976
G1 X11.394 Y-4.24 E0.0255
G1 X14.602 Y-4.319 E0.1601
G1 X14.701 Y-4.321
G1 F3600 E-1
G0 F12000 X15.532 Y4.19
G0 X15.823 Y4.457
;TYPE:WALL-INNER
G1 F3600 E1
G1 F3000 X15.638 Y2.517 E0.09723
G1 X15.528 Y-.351 E0.14319
G1 X15.668 Y-2.803 E0.12253
G1 X15.722 Y-4.661 E0.09274
G1 X14.594 Y-4.679 E0.05628
G1 X11.377 Y-4.6 E0.16055
G1 X10.862 Y-4.564 E0.02576
G1 X7.823 Y-4.436 E0.15175
G1 X6.728 Y-4.376 E0.05471
G1 X5.915 Y-4.349 E0.04058
G1 X6.04 Y-2.589 E0.08803
G1 X6.168 Y-.114 E0.12364
G1 X6.066 Y1.304 E0.07093
G1 X5.978 Y2.321 E0.05093
G1 X6.049 Y3.514 E0.05962
G1 X6.055 Y4.174 E0.03293
G1 X7.831 Y4.209 E0.08862
G1 X8.638 Y4.272 E0.04038
G1 X11.37 Y4.364 E0.13638
G1 X14.62 Y4.44 E0.16219
G1 X15.823 Y4.457 E0.06002
G0 F12000 X16.263 Y4.864
;TYPE:WALL-OUTER
G1 F1200 X16.036 Y2.479 E0.11953
G1 X15.928 Y-.38 E0.14274
G1 X16.068 Y-2.785 E0.12019
G1 X16.134 Y-5.055 E0.1133
G1 X14.585 Y-5.079 E0.07729
G1 X11.358 Y-5 E0.16104
G1 X10.845 Y-4.964 E0.02566
G1 X7.801 Y-4.836 E0.152
G1 X6.715 Y-4.776 E0.05426
G1 X5.487 Y-4.735 E0.0613
G1 X5.64 Y-2.57 E0.10828
G1 X5.768 Y-.101 E0.12334
G1 X5.668 Y1.27 E0.06858
G1 X5.577 Y2.315 E0.05233
G1 X5.649 Y3.518 E0.06013
G1 X5.659 Y4.567 E0.05234
G1 X7.8 Y4.608 E0.10683
G1 X8.616 Y4.672 E0.04084
G1 X11.36 Y4.764 E0.13698
G1 X14.614 Y4.84 E0.16239
G1 X16.263 Y4.864 E0.08228
G0 F12000 X16.188 Y4.068
G0 X15.199 Y3.851
G1 F3600 E-1
;MESH:NONMESH
G0 F12000 X15.165 Y3.851
G0 X-15.625 Y-4.227
;TIME_ELAPSED:207.710875
;LAYER:22
;MESH:pi 3mm.stl
G0 X-15.625 Y-4.227 Z6.9
;TYPE:FILL
G1 F3600 E1
G1 F9600 X-16.344 Y-4.218 E0.03587
G1 X-16.439 Y-3.863 E0.01833
G1 X-16.412 Y-2.689 E0.05859
G1 X-16.277 Y-.695 E0.09971
G1 X-16.264 Y-0.022 E0.03358
G1 X-16.397 Y1.975 E0.09985
G1 X-16.462 Y4.17 E0.10956
G1 X-15.611 Y4.18 E0.04246
G1 X-14.69 Y4.172 E0.04595
G1 X-12.317 Y4.1 E0.11844
G1 X-8.209 Y3.94 E0.2051
G1 X-7.396 Y3.924 E0.04057
G1 X-7.458 Y2.613 E0.06548
G1 X-14.288 Y-4.217 E0.48189
G1 X-12.332 Y-4.204 E0.09759
G1 X-11.905 Y-4.182 E0.02133
G1 X-16.418 Y-2.973 E0.23309
G1 X-16.514 Y-2.948
G1 F3600 E-1
G0 F12000 X-16.479 Y-2.948
G0 X-16.402 Y-.562
G0 X-16.555 Y4.263
G0 X-16.833 Y4.528
;TYPE:WALL-INNER
G1 F3600 E1
G1 F3000 X-15.61 Y4.54 E0.06102
G1 X-14.675 Y4.532 E0.04665
G1 X-12.301 Y4.46 E0.11849
G1 X-8.204 Y4.3 E0.20456
G1 X-7.017 Y4.276 E0.05923
G1 X-7.108 Y2.459 E0.09076
G1 X-7.072 Y-0.06 E0.12569
G1 X-7.076 Y-1.149 E0.05433
G1 X-7.108 Y-2.485 E0.06667
G1 X-7.04 Y-3.901 E0.07073
G1 X-6.988 Y-4.306 E0.02037
G1 X-8.071 Y-4.344 E0.05406
G1 X-12.326 Y-4.564 E0.21257
G1 X-15.63 Y-4.587 E0.16484
G1 X-16.817 Y-4.571 E0.05923
G1 X-16.772 Y-2.672 E0.09477
G1 X-16.636 Y-.636 E0.1018
G1 X-16.625 Y0.021 E0.03278
G1 X-16.756 Y1.962 E0.09706
G1 X-16.833 Y4.528 E0.12808
G0 F12000 X-17.245 Y4.93
;TYPE:WALL-OUTER
G1 F1200 X-15.606 Y4.94 E0.08177
G1 X-14.663 Y4.932 E0.04705
G1 X-12.285 Y4.86 E0.11869
G1 X-8.196 Y4.7 E0.20416
G1 X-6.557 Y4.668 E0.08179
G1 X-6.636 Y3.871 E0.03996
G1 X-6.708 Y2.425 E0.07223
G1 X-6.672 Y-0.062 E0.12409
G1 X-6.676 Y-1.159 E0.05473
G1 X-6.708 Y-2.466 E0.06523
G1 X-6.639 Y-3.899 E0.07158
G1 X-6.532 Y-4.691 E0.03987
G1 X-8.051 Y-4.744 E0.07583
G1 X-12.314 Y-4.964 E0.21296
G1 X-15.635 Y-4.987 E0.16569
G1 X-17.227 Y-4.966 E0.07943
G1 X-17.172 Y-2.654 E0.11538
G1 X-17.036 Y-.628 E0.10131
G1 X-17.024 Y-0.006 E0.03104
G1 X-17.156 Y1.942 E0.09741
G1 X-17.245 Y4.93 E0.14914
G0 F12000 X-16.445 Y4.934
G0 X-16.216 Y3.94
G1 F3600 E-1
G0 F12000 X-16.216 Y3.936
G0 X8.467 Y-4.085
;TYPE:FILL
G1 F3600 E1
G1 F9600 X6.353 Y3.805 E0.40752
G1 X6.324 Y3.357 E0.0224
G1 X15.214 Y0.975 E0.45917
G1 X15.256 Y2.043 E0.05332
G1 X15.259 Y2.547 E0.02515
G1 X15.409 Y4.089 E0.07729
G1 X10.894 Y3.994 E0.2253
G1 X6.435 Y-.465 E0.31461
G1 X6.323 Y-2.6 E0.10666
G1 X6.229 Y-3.981 E0.06906
G1 X10.376 Y-4.173 E0.20712
G1 X11.363 Y-4.24 E0.04935
G1 X11.793 Y-4.24 E0.02145
G1 X14.595 Y-4.32 E0.13985
G1 X14.694 Y-4.322
G1 F3600 E-1
G0 F12000 X15.514 Y4.189
G0 X15.806 Y4.457
;TYPE:WALL-INNER
G1 F3600 E1
G1 F3000 X15.618 Y2.518 E0.09719
G1 X15.616 Y2.032 E0.02425
G1 X15.512 Y-.675 E0.13515
G1 X15.634 Y-2.773 E0.10485
G1 X15.66 Y-3.071 E0.01492
G1 X15.7 Y-4.659 E0.07925
G1 X14.591 Y-4.68 E0.05534
G1 X11.796 Y-4.6 E0.1395
G1 X11.345 Y-4.6 E0.0225
G1 X10.355 Y-4.532 E0.04951
G1 X7.773 Y-4.42 E0.12894
G1 X5.846 Y-4.317 E0.09628
G1 X5.964 Y-2.576 E0.08706
G1 X6.093 Y-.114 E0.123
G1 X6.017 Y0.931 E0.05227
G1 X5.902 Y2.3 E0.06854
G1 X6.01 Y4.158 E0.09285
G1 X7.769 Y4.193 E0.08777
G1 X8.929 Y4.28 E0.05804
G1 X11.341 Y4.364 E0.12041
G1 X14.464 Y4.436 E0.15585
G1 X15.806 Y4.457 E0.06696
G0 F12000 X16.247 Y4.864
;TYPE:WALL-OUTER
G1 F1200 X16.016 Y2.48 E0.1195
G1 X16.016 Y2.024 E0.02275
G1 X15.912 Y-.652 E0.13361
G1 X16.032 Y-2.738 E0.10424
G1 X16.06 Y-3.048 E0.01553
G1 X16.11 Y-5.051 E0.09996
G1 X14.589 Y-5.08 E0.0759
G1 X11.796 Y-5 E0.1394
G1 X11.331 Y-5 E0.0232
G1 X10.337 Y-4.932 E0.04971
G1 X7.752 Y-4.82 E0.12909
G1 X6.183 Y-4.736 E0.07839
G1 X5.418 Y-4.711 E0.03819
G1 X5.564 Y-2.555 E0.10781
G1 X5.693 Y-.115 E0.1219
G1 X5.619 Y0.897 E0.05062
G1 X5.501 Y2.295 E0.06999
G1 X5.589 Y3.798 E0.07511
G1 X5.595 Y4.551 E0.03757
G1 X7.739 Y4.592 E0.10698
G1 X8.907 Y4.68 E0.05844
G1 X11.332 Y4.764 E0.12106
G1 X14.458 Y4.836 E0.156
G1 X16.247 Y4.864 E0.08926
G0 F12000 X16.17 Y4.068
G0 X15.181 Y3.849
G1 F3600 E-1
;MESH:NONMESH
G0 F12000 X15.146 Y3.849
G0 X-15.568 Y-4.223
;TIME_ELAPSED:215.282528
;LAYER:23
;MESH:pi 3mm.stl
G0 X-15.568 Y-4.223 Z7.2
;TYPE:FILL
G1 F3600 E1
G1 F9600 X-16.394 Y-4.211 E0.04121
G1 X-16.36 Y-2.681 E0.07635
G1 X-16.192 Y-.105 E0.12879
G1 X-16.352 Y2.268 E0.11866
G1 X-16.41 Y4.171 E0.09499
G1 X-15.564 Y4.176 E0.04221
G1 X-14.918 Y4.168 E0.03223
G1 X-12.18 Y4.089 E0.13666
G1 X-7.324 Y3.897 E0.24246
G1 X-7.396 Y2.375 E0.07602
G1 X-13.984 Y-4.213 E0.46482
G1 X-12.564 Y-4.204 E0.07085
G1 X-11.259 Y-4.136 E0.0652
G1 X-16.362 Y-2.769 E0.26357
G1 X-16.458 Y-2.744
G1 F3600 E-1
G0 F12000 X-16.423 Y-2.744
G0 X-16.333 Y-.614
G0 X-16.504 Y4.262
G0 X-16.781 Y4.528
;TYPE:WALL-INNER
G1 F3600 E1
G1 F3000 X-15.56 Y4.536 E0.06092
G1 X-14.903 Y4.528 E0.03278
G1 X-12.164 Y4.449 E0.13671
G1 X-7.611 Y4.268 E0.22733
G1 X-6.91 Y4.256 E0.03498
G1 X-6.98 Y3.563 E0.03475
G1 X-7.036 Y2.447 E0.05575
G1 X-7.004 Y-0.055 E0.12484
G1 X-7.008 Y-1.426 E0.0684
G1 X-7.032 Y-2.473 E0.05225
G1 X-6.98 Y-3.573 E0.05494
G1 X-6.887 Y-4.283 E0.03572
G1 X-8.905 Y-4.372 E0.10078
G1 X-12.558 Y-4.564 E0.1825
G1 X-15.573 Y-4.583 E0.15042
G1 X-16.762 Y-4.567 E0.05932
G1 X-16.72 Y-2.667 E0.09481
G1 X-16.552 Y-.104 E0.12814
G1 X-16.712 Y2.254 E0.11791
G1 X-16.781 Y4.528 E0.1135
G0 F12000 X-17.193 Y4.925
;TYPE:WALL-OUTER
G1 F1200 X-15.555 Y4.936 E0.08172
G1 X-14.892 Y4.928 E0.03308
G1 X-12.148 Y4.849 E0.13696
G1 X-7.604 Y4.668 E0.22688
G1 X-6.469 Y4.648 E0.05663
G1 X-6.58 Y3.543 E0.05541
G1 X-6.636 Y2.413 E0.05645
G1 X-6.604 Y-0.056 E0.12319
G1 X-6.608 Y-1.435 E0.0688
G1 X-6.632 Y-2.454 E0.05085
G1 X-6.579 Y-3.571 E0.05579
G1 X-6.432 Y-4.667 E0.05517
G1 X-7.635 Y-4.712 E0.06006
G1 X-12.546 Y-4.964 E0.24533
G1 X-15.578 Y-4.983 E0.15127
G1 X-17.171 Y-4.962 E0.07948
G1 X-17.12 Y-2.649 E0.11542
G1 X-16.952 Y-0.098 E0.12755
G1 X-17.112 Y2.234 E0.11662
G1 X-17.193 Y4.925 E0.13432
G0 F12000 X-16.393 Y4.93
G0 X-16.164 Y3.94
G1 F3600 E-1
G0 F12000 X-16.164 Y3.934
G0 X8.242 Y-4.065
;TYPE:FILL
G1 F3600 E1
G1 F9600 X6.247 Y3.382 E0.38463
G1 X6.259 Y3.593 E0.01054
G1 X15.214 Y1.194 E0.46252
G1 X15.236 Y1.743 E0.02741
G1 X15.239 Y2.548 E0.04016
G1 X15.383 Y4.087 E0.07712
G1 X11.815 Y4.012 E0.17805
G1 X11.191 Y3.991 E0.03115
G1 X6.338 Y-.862 E0.34241
G1 X6.251 Y-2.587 E0.08617
G1 X6.159 Y-3.961 E0.0687
G1 X7.941 Y-4.052 E0.08902
G1 X9.865 Y-4.137 E0.09608
G1 X11.349 Y-4.24 E0.07422
G1 X12.028 Y-4.24 E0.03388
G1 X14.641 Y-4.32 E0.13042
G1 X14.74 Y-4.323
G1 F3600 E-1
G0 F12000 X15.49 Y4.185
G0 X15.779 Y4.457
;TYPE:WALL-INNER
G1 F3600 E1
G1 F3000 X15.598 Y2.516 E0.09726
G1 X15.596 Y1.732 E0.03911
G1 X15.492 Y-.892 E0.13101
G1 X15.598 Y-2.77 E0.09384
G1 X15.648 Y-3.331 E0.0281
G1 X15.684 Y-4.659 E0.06628
G1 X14.636 Y-4.68 E0.0523
G1 X12.032 Y-4.6 E0.12998
G1 X11.329 Y-4.6 E0.03507
G1 X9.843 Y-4.496 E0.07432
G1 X7.726 Y-4.404 E0.10572
G1 X5.773 Y-4.302 E0.09757
G1 X5.892 Y-2.563 E0.08696
G1 X6.015 Y-0.071 E0.12448
G1 X5.822 Y2.284 E0.11789
G1 X5.926 Y4.145 E0.09299
G1 X7.709 Y4.177 E0.08897
G1 X9.22 Y4.288 E0.07559
G1 X11.804 Y4.372 E0.12898
G1 X15.779 Y4.457 E0.19836
G0 F12000 X16.218 Y4.867
;TYPE:WALL-OUTER
G1 F1200 X15.996 Y2.479 E0.11965
G1 X15.996 Y1.724 E0.03767
G1 X15.892 Y-.928 E0.13241
G1 X15.996 Y-2.734 E0.09025
G1 X16.048 Y-3.308 E0.02875
G1 X16.094 Y-5.051 E0.08699
G1 X14.634 Y-5.08 E0.07285
G1 X12.032 Y-5 E0.12988
G1 X11.315 Y-5 E0.03577
G1 X9.825 Y-4.896 E0.07452
G1 X7.705 Y-4.804 E0.10587
G1 X5.346 Y-4.686 E0.11784
G1 X5.492 Y-2.543 E0.10716
G1 X5.616 Y-.103 E0.12189
G1 X5.421 Y2.279 E0.11924
G1 X5.552 Y4.539 E0.11294
G1 X7.679 Y4.576 E0.10613
G1 X9.199 Y4.688 E0.07604
G1 X11.795 Y4.772 E0.12958
G1 X16.218 Y4.867 E0.22072
G0 F12000 X16.144 Y4.071
G0 X15.16 Y3.846
G1 F3600 E-1
;MESH:NONMESH
G0 F12000 X15.123 Y3.845
G0 X-15.515 Y-4.219
;TIME_ELAPSED:222.848048
;LAYER:24
;MESH:pi 3mm.stl
G0 X-15.515 Y-4.219 Z7.5
;TYPE:FILL
G1 F3600 E1
G1 F9600 X-16.341 Y-4.207 E0.04121
G1 X-16.31 Y-2.716 E0.0744
G1 X-16.137 Y-0.025 E0.13453
G1 X-16.313 Y2.635 E0.133
G1 X-16.358 Y4.166 E0.07641
G1 X-15.516 Y4.172 E0.04201
G1 X-12.146 Y4.086 E0.16818
G1 X-11.513 Y4.051 E0.03163
G1 X-7.222 Y3.883 E0.21424
G1 X-7.28 Y3.303 E0.02908
G1 X-7.336 Y2.135 E0.05834
G1 X-13.68 Y-4.209 E0.4476
G1 X-12.797 Y-4.204 E0.04405
G1 X-10.581 Y-4.098 E0.11068
G1 X-16.299 Y-2.566 E0.29533
G1 X-16.395 Y-2.541
G1 F3600 E-1
G0 F12000 X-16.362 Y-2.542
G0 X-16.277 Y-.505
G0 X-16.451 Y4.257
G0 X-16.729 Y4.521
;TYPE:WALL-INNER
G1 F3600 E1
G1 F3000 X-15.506 Y4.532 E0.06102
G1 X-12.199 Y4.448 E0.16504
G1 X-11.496 Y4.412 E0.03512
G1 X-6.825 Y4.233 E0.23321
G1 X-6.924 Y3.234 E0.05008
G1 X-6.964 Y2.395 E0.04191
G1 X-6.932 Y-0.062 E0.12259
G1 X-6.94 Y-1.699 E0.08167
G1 X-6.956 Y-2.456 E0.03778
G1 X-6.92 Y-3.248 E0.03955
G1 X-6.787 Y-4.257 E0.05077
G1 X-8.692 Y-4.348 E0.09515
G1 X-9.916 Y-4.42 E0.06117
G1 X-12.773 Y-4.564 E0.14272
G1 X-15.52 Y-4.579 E0.13705
G1 X-16.71 Y-4.563 E0.05937
G1 X-16.67 Y-2.706 E0.09267
G1 X-16.5 Y-0.03 E0.13378
G1 X-16.672 Y2.621 E0.13254
G1 X-16.729 Y4.521 E0.09483
G0 F12000 X-17.141 Y4.917
;TYPE:WALL-OUTER
G1 F1200 X-15.496 Y4.932 E0.08207
G1 X-12.184 Y4.848 E0.16529
G1 X-11.48 Y4.812 E0.03517
G1 X-7.008 Y4.636 E0.22328
G1 X-6.385 Y4.624 E0.03109
G1 X-6.524 Y3.214 E0.07069
G1 X-6.564 Y2.401 E0.04061
G1 X-6.532 Y-0.064 E0.12299
G1 X-6.54 Y-1.707 E0.08197
G1 X-6.556 Y-2.438 E0.03648
G1 X-6.519 Y-3.247 E0.0404
G1 X-6.332 Y-4.643 E0.07027
G1 X-6.858 Y-4.66 E0.02626
G1 X-8.801 Y-4.755 E0.09705
G1 X-9.879 Y-4.82 E0.05388
G1 X-12.762 Y-4.964 E0.14401
G1 X-15.525 Y-4.979 E0.13785
G1 X-17.119 Y-4.958 E0.07953
G1 X-17.068 Y-2.649 E0.11522
G1 X-16.9 Y-0.002 E0.13233
G1 X-17.072 Y2.602 E0.1302
G1 X-17.141 Y4.917 E0.11555
G0 F12000 X-16.341 Y4.924
G0 X-16.112 Y3.934
G1 F3600 E-1
G0 F12000 X-16.112 Y3.93
G0 X8.015 Y-4.037
;TYPE:FILL
G1 F3600 E1
G1 F9600 X6.145 Y2.943 E0.36051
G1 X6.192 Y3.774 E0.04153
G1 X6.39 Y3.778 E0.00988
G1 X15.214 Y1.413 E0.45577
G1 X15.219 Y2.551 E0.05678
G1 X15.362 Y4.087 E0.07696
G1 X11.505 Y4.005 E0.19247
G1 X6.241 Y-1.259 E0.3714
G1 X6.178 Y-2.589 E0.06643
G1 X6.086 Y-3.943 E0.06771
G1 X9.355 Y-4.101 E0.16328
G1 X11.33 Y-4.24 E0.09878
G1 X12.265 Y-4.243 E0.04665
G1 X12.365 Y-4.243
G1 F3600 E-1
G0 F12000 X15.47 Y4.187
G0 X15.764 Y4.458
;TYPE:WALL-INNER
G1 F3600 E1
G1 F3000 X15.578 Y2.52 E0.09713
G1 X15.576 Y1.432 E0.05428
G1 X15.472 Y-1.223 E0.13256
G1 X15.562 Y-2.769 E0.07726
G1 X15.64 Y-3.593 E0.04129
G1 X15.668 Y-4.662 E0.05335
G1 X14.823 Y-4.676 E0.04216
G1 X12.267 Y-4.603 E0.12757
G1 X11.311 Y-4.6 E0.0477
G1 X9.331 Y-4.46 E0.09903
G1 X7.678 Y-4.388 E0.08255
G1 X5.701 Y-4.284 E0.09877
G1 X5.82 Y-2.549 E0.08676
G1 X5.935 Y-0.071 E0.12376
G1 X5.746 Y2.268 E0.11707
G1 X5.852 Y4.129 E0.093
G1 X7.649 Y4.161 E0.08967
G1 X9.513 Y4.3 E0.09325
G1 X11.59 Y4.368 E0.10368
G1 X15.764 Y4.458 E0.20829
G0 F12000 X16.214 Y4.867
;TYPE:WALL-OUTER
G1 F1200 X16.136 Y4.207 E0.03316
G1 X15.976 Y2.483 E0.08638
G1 X15.976 Y1.424 E0.05283
G1 X15.872 Y-1.2 E0.13101
G1 X15.96 Y-2.731 E0.07651
G1 X16.04 Y-3.569 E0.042
G1 X16.078 Y-5.055 E0.07416
G1 X14.812 Y-5.076 E0.06317
G1 X12.265 Y-5.003 E0.12712
G1 X11.296 Y-5 E0.04834
G1 X9.313 Y-4.86 E0.09918
G1 X7.657 Y-4.788 E0.0827
G1 X5.274 Y-4.662 E0.11905
G1 X5.42 Y-2.53 E0.10662
G1 X5.536 Y-.103 E0.12122
G1 X5.345 Y2.263 E0.11842
G1 X5.474 Y4.523 E0.11294
G1 X7.619 Y4.56 E0.10703
G1 X9.491 Y4.7 E0.09366
G1 X11.582 Y4.768 E0.10438
G1 X16.214 Y4.867 E0.23114
G0 F12000 X16.136 Y4.207
G0 X16.124 Y4.073
G0 X15.14 Y3.847
G1 F3600 E-1
;MESH:NONMESH
G0 F12000 X15.103 Y3.847
G0 X-15.462 Y-4.211
;TIME_ELAPSED:230.410530
;LAYER:25
;MESH:pi 3mm.stl
G0 X-15.462 Y-4.211 Z7.8
;TYPE:FILL
G1 F3600 E1
G1 F9600 X-16.294 Y-4.2 E0.04151
G1 X-16.276 Y-2.863 E0.06671
G1 X-16.089 Y-0.028 E0.14175
G1 X-16.256 Y2.626 E0.13267
G1 X-16.28 Y2.863 E0.01188
G1 X-16.311 Y4.162 E0.06483
G1 X-15.465 Y4.168 E0.04221
G1 X-12.345 Y4.085 E0.15571
G1 X-10.966 Y4.019 E0.06888
G1 X-7.13 Y3.871 E0.19152
G1 X-7.252 Y2.597 E0.06385
G1 X-7.244 Y1.928 E0.03338
G1 X-13.388 Y-4.217 E0.43353
G1 X-10.621 Y-4.09 E0.13819
G1 X-9.94 Y-4.05 E0.03403
G1 X-16.242 Y-2.362 E0.32549
G1 X-16.338 Y-2.337
G1 F3600 E-1
G0 F12000 X-16.304 Y-2.338
G0 X-16.229 Y-.467
G0 X-16.405 Y4.252
G0 X-16.678 Y4.517
;TYPE:WALL-INNER
G1 F3600 E1
G1 F3000 X-15.454 Y4.528 E0.06107
G1 X-12.084 Y4.437 E0.16819
G1 X-10.948 Y4.38 E0.05675
G1 X-6.736 Y4.217 E0.21029
G1 X-6.892 Y2.588 E0.08164
G1 X-6.86 Y-0.067 E0.13247
G1 X-6.872 Y-1.976 E0.09524
G1 X-6.855 Y-2.977 E0.04995
G1 X-6.683 Y-4.243 E0.06374
G1 X-8.612 Y-4.332 E0.09634
G1 X-10.182 Y-4.425 E0.07846
G1 X-12.988 Y-4.56 E0.14015
G1 X-15.467 Y-4.571 E0.12368
G1 X-16.659 Y-4.555 E0.05947
G1 X-16.636 Y-2.848 E0.08517
G1 X-16.452 Y-0.026 E0.14109
G1 X-16.615 Y2.6 E0.13126
G1 X-16.64 Y2.839 E0.01199
G1 X-16.678 Y4.517 E0.08374
G0 F12000 X-17.087 Y4.913
;TYPE:WALL-OUTER
G1 F1200 X-15.444 Y4.928 E0.08197
G1 X-12.064 Y4.837 E0.16869
G1 X-10.932 Y4.78 E0.05655
G1 X-6.296 Y4.6 E0.23147
G1 X-6.492 Y2.593 E0.10061
G1 X-6.46 Y-0.069 E0.13282
G1 X-6.472 Y-1.971 E0.09489
G1 X-6.459 Y-2.923 E0.0475
G1 X-6.228 Y-4.622 E0.08554
G1 X-8.588 Y-4.732 E0.11787
G1 X-10.163 Y-4.825 E0.07871
G1 X-12.978 Y-4.96 E0.1406
G1 X-15.472 Y-4.971 E0.12443
G1 X-17.065 Y-4.95 E0.07948
G1 X-17.036 Y-2.832 E0.10568
G1 X-16.852 Y-0.006 E0.14129
G1 X-17.013 Y2.558 E0.12817
G1 X-17.04 Y2.813 E0.01279
G1 X-17.087 Y4.913 E0.1048
G0 F12000 X-16.287 Y4.92
G0 X-16.067 Y3.927
G1 F3600 E-1
G0 F12000 X-16.067 Y3.925
G0 X7.79 Y-4.015
;TYPE:FILL
G1 F3600 E1
G1 F9600 X6.041 Y2.509 E0.33698
G1 X6.112 Y3.755 E0.06226
G1 X7.208 Y3.778 E0.05469
G1 X15.197 Y1.638 E0.41262
G1 X15.199 Y2.551 E0.04555
G1 X15.343 Y4.095 E0.07736
G1 X11.809 Y4.009 E0.17636
G1 X6.146 Y-1.653 E0.39952
G1 X6.103 Y-2.556 E0.0451
G1 X6.01 Y-3.928 E0.06861
G1 X8.846 Y-4.065 E0.14165
G1 X11.319 Y-4.24 E0.12369
G1 X12.5 Y-4.244 E0.05892
G1 X14.5 Y-4.304 E0.09983
G1 X15.28 Y-4.316 E0.03892
G1 X15.38 Y-4.317
G1 F3600 E-1
G0 F12000 X15.344 Y-4.318
G0 X15.217 Y-1.477
G0 X15.301 Y1.75
G0 X15.456 Y4.195
G0 X15.751 Y4.463
;TYPE:WALL-INNER
G1 F3600 E1
G1 F3000 X15.686 Y3.904 E0.02808
G1 X15.558 Y2.52 E0.06934
G1 X15.556 Y1.132 E0.06925
G1 X15.456 Y-1.44 E0.12841
G1 X15.53 Y-2.763 E0.06611
G1 X15.628 Y-3.848 E0.05435
G1 X15.651 Y-4.662 E0.04063
G1 X15.036 Y-4.672 E0.03069
G1 X14.486 Y-4.664 E0.02744
G1 X12.503 Y-4.604 E0.09898
G1 X11.299 Y-4.6 E0.06007
G1 X8.823 Y-4.424 E0.12384
G1 X5.626 Y-4.27 E0.15968
G1 X5.744 Y-2.534 E0.08681
G1 X5.861 Y-.117 E0.12073
G1 X5.666 Y2.252 E0.11859
G1 X5.772 Y4.11 E0.09285
G1 X7.593 Y4.145 E0.09087
G1 X9.808 Y4.308 E0.11081
G1 X12.284 Y4.384 E0.12359
G1 X15.751 Y4.463 E0.17301
G0 F12000 X16.202 Y4.871
;TYPE:WALL-OUTER
G1 F1200 X16.084 Y3.867 E0.05043
G1 X15.956 Y2.483 E0.06934
G1 X15.956 Y1.124 E0.0678
G1 X15.856 Y-1.476 E0.12981
G1 X15.928 Y-2.727 E0.06252
G1 X16.028 Y-3.824 E0.05496
G1 X16.062 Y-5.055 E0.06144
G1 X15.03 Y-5.072 E0.05149
G1 X14.474 Y-5.064 E0.02774
G1 X12.501 Y-5.004 E0.09848
G1 X11.284 Y-5 E0.06072
G1 X8.805 Y-4.824 E0.12399
G1 X7.606 Y-4.772 E0.05987
G1 X5.201 Y-4.642 E0.12016
G1 X5.344 Y-2.514 E0.10641
G1 X5.461 Y-.119 E0.11963
G1 X5.265 Y2.247 E0.11844
G1 X5.394 Y4.503 E0.11274
G1 X7.563 Y4.544 E0.10823
G1 X9.787 Y4.708 E0.11126
G1 X12.274 Y4.784 E0.12413
G1 X14.829 Y4.848 E0.12751
G1 X16.202 Y4.871 E0.06851
G0 F12000 X16.109 Y4.077
G0 X15.125 Y3.855
G1 F3600 E-1
;MESH:NONMESH
G0 F12000 X15.083 Y3.854
G0 X-15.521 Y-4.211
;TIME_ELAPSED:238.012350
;LAYER:26
;MESH:pi 3mm.stl
G0 X-15.521 Y-4.211 Z8.1
;TYPE:FILL
G1 F3600 E1
G1 F9600 X-16.264 Y-4.2 E0.03707
G1 X-16.252 Y-3.172 E0.05129
G1 X-16.193 Y-2.674 E0.02502
G1 X-16.174 Y-2.051 E0.0311
G1 X-16.048 Y-0.03 E0.10102
G1 X-16.181 Y2.02 E0.10249
G1 X-16.201 Y2.626 E0.03025
G1 X-16.26 Y3.137 E0.02566
G1 X-16.283 Y4.161 E0.0511
G1 X-15.461 Y4.168 E0.04101
G1 X-12.039 Y4.074 E0.17079
G1 X-10.413 Y3.987 E0.08124
G1 X-7.044 Y3.858 E0.1682
G1 X-7.177 Y2.524 E0.06688
G1 X-7.169 Y1.703 E0.04096
G1 X-13.065 Y-4.193 E0.41599
G1 X-10.72 Y-4.09 E0.11711
G1 X-9.296 Y-4.003 E0.07118
G1 X-16.177 Y-2.16 E0.35539
G1 X-16.273 Y-2.135
G1 F3600 E-1
G0 F12000 X-16.24 Y-2.135
G0 X-16.181 Y-.427
G0 X-16.378 Y4.252
G0 X-16.651 Y4.517
;TYPE:WALL-INNER
G1 F3600 E1
G1 F3000 X-15.45 Y4.528 E0.05992
G1 X-12.076 Y4.436 E0.16839
G1 X-10.395 Y4.348 E0.08398
G1 X-6.648 Y4.204 E0.18708
G1 X-6.818 Y2.495 E0.08568
G1 X-6.792 Y0.061 E0.12144
G1 X-6.803 Y-2.593 E0.13241
G1 X-6.583 Y-4.223 E0.08206
G1 X-8.533 Y-4.317 E0.0974
G1 X-10.452 Y-4.433 E0.09591
G1 X-13.202 Y-4.56 E0.13734
G1 X-15.526 Y-4.571 E0.11595
G1 X-16.628 Y-4.556 E0.05498
G1 X-16.612 Y-3.146 E0.07035
G1 X-16.556 Y-2.708 E0.02203
G1 X-16.534 Y-2.034 E0.03364
G1 X-16.408 Y-0.026 E0.10038
G1 X-16.54 Y2.006 E0.10159
G1 X-16.564 Y2.658 E0.03255
G1 X-16.62 Y3.112 E0.02282
G1 X-16.651 Y4.517 E0.07011
G0 F12000 X-17.059 Y4.913
;TYPE:WALL-OUTER
G1 F1200 X-15.44 Y4.928 E0.08078
G1 X-12.06 Y4.836 E0.16869
G1 X-10.38 Y4.748 E0.08393
G1 X-6.208 Y4.588 E0.20829
G1 X-6.42 Y2.456 E0.10689
G1 X-6.392 Y0.059 E0.11959
G1 X-6.407 Y-2.539 E0.12962
G1 X-6.128 Y-4.602 E0.10386
G1 X-8.509 Y-4.716 E0.11892
G1 X-10.432 Y-4.833 E0.09612
G1 X-13.193 Y-4.96 E0.13789
G1 X-15.532 Y-4.971 E0.11669
G1 X-17.033 Y-4.95 E0.07489
G1 X-17.012 Y-3.118 E0.0914
G1 X-16.953 Y-2.658 E0.02314
G1 X-16.936 Y-2.058 E0.02995
G1 X-16.808 Y-0.01 E0.10237
G1 X-16.94 Y1.986 E0.0998
G1 X-16.961 Y2.609 E0.0311
G1 X-17.02 Y3.083 E0.02383
G1 X-17.059 Y4.913 E0.09132
G0 F12000 X-16.259 Y4.92
G0 X-16.04 Y3.927
G1 F3600 E-1
G0 F12000 X-16.04 Y3.925
G0 X7.563 Y-3.989
;TYPE:FILL
G1 F3600 E1
G1 F9600 X5.978 Y1.926 E0.30551
G1 X5.952 Y2.248 E0.01612
G1 X6.039 Y3.73 E0.07406
G1 X7.553 Y3.766 E0.07556
G1 X7.958 Y3.797 E0.02026
G1 X15.176 Y1.863 E0.37281
G1 X15.179 Y2.551 E0.03432
G1 X15.275 Y3.595 E0.05231
G1 X15.334 Y4.1 E0.02537
G1 X12.116 Y4.017 E0.1606
G1 X6.052 Y-2.047 E0.42785
G1 X6.039 Y-2.54 E0.0246
G1 X5.952 Y-3.907 E0.06834
G1 X8.337 Y-4.029 E0.11914
G1 X11.285 Y-4.24 E0.14745
G1 X12.737 Y-4.243 E0.07244
G1 X14.461 Y-4.296 E0.08605
G1 X15.276 Y-4.302 E0.04066
G1 X15.376 Y-4.302
G1 F3600 E-1
G0 F12000 X15.327 Y-4.303
G0 X15.198 Y-1.751
G0 X15.281 Y1.701
G0 X15.444 Y4.2
G0 X15.74 Y4.469
;TYPE:WALL-INNER
G1 F3600 E1
G1 F3000 X15.634 Y3.567 E0.04531
G1 X15.538 Y2.519 E0.0525
G1 X15.532 Y0.832 E0.08417
G1 X15.436 Y-1.771 E0.12995
G1 X15.494 Y-2.76 E0.04943
G1 X15.62 Y-4.108 E0.06755
G1 X15.633 Y-4.673 E0.0282
G1 X14.446 Y-4.656 E0.05923
G1 X12.738 Y-4.603 E0.08525
G1 X11.279 Y-4.6 E0.07279
G1 X8.313 Y-4.388 E0.14835
G1 X6.305 Y-4.292 E0.10029
G1 X5.569 Y-4.24 E0.03681
G1 X5.679 Y-2.519 E0.08604
G1 X5.677 Y-2.343 E0.00878
G1 X5.784 Y-.15 E0.10954
G1 X5.59 Y2.244 E0.11983
G1 X5.7 Y4.077 E0.09161
G1 X6.409 Y4.104 E0.0354
G1 X7.533 Y4.125 E0.05609
G1 X10.1 Y4.316 E0.12842
G1 X12.84 Y4.4 E0.13676
G1 X14.482 Y4.436 E0.08194
G1 X15.153 Y4.46 E0.0335
G1 X15.74 Y4.469 E0.02929
G0 F12000 X16.19 Y4.876
;TYPE:WALL-OUTER
G1 F1200 X16.032 Y3.531 E0.06756
G1 X15.936 Y2.483 E0.0525
G1 X15.932 Y0.824 E0.08277
G1 X15.836 Y-1.748 E0.12841
G1 X15.892 Y-2.723 E0.04872
G1 X16.02 Y-4.084 E0.0682
G1 X16.043 Y-5.055 E0.04846
G1 X15.221 Y-5.067 E0.04101
G1 X14.434 Y-5.056 E0.03927
G1 X12.734 Y-5.003 E0.08485
G1 X11.264 Y-5 E0.07334
G1 X8.294 Y-4.788 E0.14855
G1 X6.277 Y-4.691 E0.10074
G1 X5.145 Y-4.61 E0.05662
G1 X5.28 Y-2.493 E0.10583
G1 X5.277 Y-2.339 E0.00768
G1 X5.384 Y-.103 E0.11168
G1 X5.189 Y2.239 E0.11725
G1 X5.322 Y4.463 E0.11115
G1 X6.402 Y4.504 E0.05392
G1 X7.503 Y4.524 E0.05494
G1 X10.079 Y4.716 E0.12887
G1 X12.831 Y4.8 E0.13736
G1 X14.468 Y4.836 E0.08169
G1 X15.147 Y4.86 E0.0339
G1 X16.19 Y4.876 E0.05204
G0 F12000 X16.097 Y4.082
G0 X15.119 Y3.859
G1 F3600 E-1
;MESH:NONMESH
G0 F12000 X15.068 Y3.857
G0 X-15.521 Y-4.211
;TIME_ELAPSED:245.623452
;LAYER:27
;MESH:pi 3mm.stl
G0 X-15.521 Y-4.211 Z8.4
;TYPE:FILL
G1 F3600 E1
G1 F9600 X-16.235 Y-4.204 E0.03562
G1 X-16.224 Y-3.448 E0.03772
G1 X-16.127 Y-2.656 E0.03981
G1 X-16.112 Y-1.736 E0.04591
G1 X-16.002 Y-0.025 E0.08554
G1 X-16.111 Y1.675 E0.08499
G1 X-16.149 Y2.628 E0.04758
G1 X-16.239 Y3.404 E0.03897
G1 X-16.258 Y4.162 E0.03783
G1 X-15.456 Y4.168 E0.04001
G1 X-14.487 Y4.132 E0.04838
G1 X-11.979 Y4.067 E0.12517
G1 X-9.866 Y3.959 E0.10556
G1 X-7.18 Y3.851 E0.13411
G1 X-7.013 Y3.227 E0.03223
G1 X-7.104 Y2.288 E0.04707
G1 X-7.094 Y1.478 E0.04041
G1 X-12.741 Y-4.17 E0.39846
G1 X-10.963 Y-4.093 E0.08879
G1 X-8.665 Y-3.953 E0.11486
G1 X-16.116 Y-1.957 E0.38484
G1 X-16.212 Y-1.932
G1 F3600 E-1
G0 F12000 X-16.176 Y-1.932
G0 X-16.132 Y-.388
G0 X-16.351 Y4.254
G0 X-16.626 Y4.519
;TYPE:WALL-INNER
G1 F3600 E1
G1 F3000 X-15.442 Y4.528 E0.05907
G1 X-14.48 Y4.492 E0.04803
G1 X-11.966 Y4.426 E0.12547
G1 X-9.849 Y4.32 E0.10575
G1 X-6.557 Y4.186 E0.16437
G1 X-6.744 Y2.28 E0.09555
G1 X-6.716 Y-0.029 E0.1152
G1 X-6.693 Y-.211 E0.00915
G1 X-6.712 Y-2.408 E0.10961
G1 X-6.474 Y-4.204 E0.09039
G1 X-8.453 Y-4.3 E0.09885
G1 X-10.715 Y-4.437 E0.11306
G1 X-13.414 Y-4.56 E0.13479
G1 X-15.527 Y-4.571 E0.10542
G1 X-16.599 Y-4.558 E0.05349
G1 X-16.584 Y-3.419 E0.05683
G1 X-16.487 Y-2.639 E0.03921
G1 X-16.472 Y-1.721 E0.04581
G1 X-16.364 Y0.009 E0.08648
G1 X-16.472 Y1.659 E0.08249
G1 X-16.512 Y2.653 E0.04963
G1 X-16.6 Y3.38 E0.03653
G1 X-16.626 Y4.519 E0.05684
G0 F12000 X-17.035 Y4.917
;TYPE:WALL-OUTER
G1 F1200 X-15.436 Y4.928 E0.07978
G1 X-14.47 Y4.892 E0.04823
G1 X-11.946 Y4.826 E0.12597
G1 X-9.833 Y4.72 E0.10555
G1 X-6.117 Y4.568 E0.18555
G1 X-6.344 Y2.285 E0.11446
G1 X-6.315 Y-0.028 E0.11541
G1 X-6.293 Y-.185 E0.00791
G1 X-6.311 Y-2.411 E0.11106
G1 X-6.02 Y-4.582 E0.10928
G1 X-8.518 Y-4.705 E0.12478
G1 X-10.695 Y-4.837 E0.10881
G1 X-13.405 Y-4.96 E0.13534
G1 X-15.531 Y-4.971 E0.10607
G1 X-17.005 Y-4.954 E0.07354
G1 X-16.984 Y-3.391 E0.07799
G1 X-16.887 Y-2.632 E0.03817
G1 X-16.872 Y-1.705 E0.04625
G1 X-16.764 Y-0.01 E0.08474
G1 X-16.872 Y1.639 E0.08245
G1 X-16.909 Y2.605 E0.04823
G1 X-17 Y3.351 E0.03749
G1 X-17.035 Y4.917 E0.07815
G0 F12000 X-16.235 Y4.922
G0 X-16.013 Y3.929
G1 F3600 E-1
G0 F12000 X-16.013 Y3.926
G0 X7.339 Y-3.97
;TYPE:FILL
G1 F3600 E1
G1 F9600 X5.957 Y1.184 E0.26622
G1 X5.9 Y1.88 E0.03484
G1 X5.901 Y2.638 E0.03782
G1 X5.963 Y3.693 E0.05272
G1 X7.502 Y3.751 E0.07684
G1 X8.637 Y3.834 E0.05678
G1 X15.159 Y2.087 E0.33685
G1 X15.16 Y2.476 E0.01941
G1 X15.224 Y3.266 E0.03954
G1 X15.321 Y4.103 E0.04204
G1 X12.42 Y4.021 E0.14479
G1 X5.984 Y-2.415 E0.45409
G1 X5.89 Y-3.873 E0.07289
G1 X7.104 Y-3.958 E0.06071
G1 X7.826 Y-3.993 E0.03606
G1 X11.27 Y-4.24 E0.17226
G1 X12.963 Y-4.244 E0.08446
G1 X14.421 Y-4.288 E0.07277
G1 X15.239 Y-4.3 E0.04081
G1 X15.339 Y-4.301
G1 F3600 E-1
G0 F12000 X15.306 Y-4.304
G0 X15.18 Y-2.025
G0 X15.271 Y2.057
G0 X15.433 Y4.203
G0 X15.728 Y4.473
;TYPE:WALL-INNER
G1 F3600 E1
G1 F3000 X15.582 Y3.227 E0.06259
G1 X15.52 Y2.471 E0.03784
G1 X15.512 Y0.533 E0.09669
G1 X15.42 Y-2.048 E0.12885
G1 X15.462 Y-2.752 E0.03519
G1 X15.638 Y-4.66 E0.09559
G1 X14.407 Y-4.648 E0.06142
G1 X12.966 Y-4.604 E0.07193
G1 X11.263 Y-4.6 E0.08496
G1 X7.802 Y-4.352 E0.17311
G1 X7.057 Y-4.316 E0.03721
G1 X5.507 Y-4.207 E0.07752
G1 X5.624 Y-2.433 E0.0887
G1 X5.613 Y-2.069 E0.01817
G1 X5.704 Y-.149 E0.0959
G1 X5.54 Y1.869 E0.10101
G1 X5.541 Y2.65 E0.03896
G1 X5.623 Y4.04 E0.06947
G1 X7.473 Y4.109 E0.09236
G1 X10.387 Y4.324 E0.14578
G1 X15.728 Y4.473 E0.26657
G0 F12000 X16.178 Y4.88
;TYPE:WALL-OUTER
G1 F1200 X15.98 Y3.193 E0.08474
G1 X15.92 Y2.485 E0.03545
G1 X15.912 Y0.525 E0.09779
G1 X15.82 Y-2.024 E0.12725
G1 X15.86 Y-2.715 E0.03453
G1 X16.012 Y-4.344 E0.08162
G1 X16.027 Y-5.054 E0.03543
G1 X15.444 Y-5.063 E0.02909
G1 X14.395 Y-5.048 E0.05234
G1 X12.965 Y-5.004 E0.07138
G1 X11.248 Y-5 E0.08566
G1 X7.782 Y-4.752 E0.17336
G1 X7.029 Y-4.715 E0.03761
G1 X5.081 Y-4.578 E0.09743
G1 X5.224 Y-2.466 E0.10561
G1 X5.213 Y-2.066 E0.01996
G1 X5.304 Y-.103 E0.09804
G1 X5.14 Y1.853 E0.09793
G1 X5.143 Y2.716 E0.04306
G1 X5.245 Y4.426 E0.08546
G1 X7.443 Y4.508 E0.10973
G1 X10.367 Y4.724 E0.14628
G1 X14.471 Y4.836 E0.20483
G1 X15.369 Y4.868 E0.04483
G1 X16.178 Y4.88 E0.04037
G0 F12000 X16.085 Y4.086
G0 X15.108 Y3.859
G1 F3600 E-1
;MESH:NONMESH
G0 F12000 X15.056 Y3.858
G0 X-16.05 Y-1.755
;TIME_ELAPSED:253.245260
;LAYER:28
;MESH:pi 3mm.stl
G0 X-16.05 Y-1.755 Z8.7
;TYPE:FILL
G1 F3600 E1
G1 F9600 X-8.017 Y-3.907 E0.4149
G1 X-11.256 Y-4.096 E0.16187
G1 X-12.418 Y-4.146 E0.05803
G1 X-7.012 Y1.26 E0.38142
G1 X-7.021 Y2.209 E0.04735
G1 X-7.005 Y2.376 E0.00837
G1 X-7.399 Y3.849 E0.07607
G1 X-9.313 Y3.928 E0.09557
G1 X-11.928 Y4.058 E0.13062
G1 X-13.842 Y4.112 E0.09553
G1 X-15.423 Y4.172 E0.07893
G1 X-16.228 Y4.164 E0.04016
G1 X-16.215 Y3.673 E0.0245
G1 X-16.093 Y2.627 E0.05254
G1 X-16.044 Y1.332 E0.06465
G1 X-15.953 Y-0.027 E0.06795
G1 X-16.044 Y-1.391 E0.0682
G1 X-16.068 Y-2.653 E0.06297
G1 X-16.201 Y-3.713 E0.0533
G1 X-16.207 Y-4.215 E0.02505
G1 X-16.208 Y-4.315
G1 F3600 E-1
G0 F12000 X-16.208 Y-4.269
G0 X-16.09 Y-.449
G0 X-16.323 Y4.256
G0 X-16.597 Y4.521
;TYPE:WALL-INNER
G1 F3600 E1
G1 F3000 X-15.409 Y4.532 E0.05927
G1 X-13.833 Y4.472 E0.07868
G1 X-11.906 Y4.418 E0.09618
G1 X-9.3 Y4.288 E0.13018
G1 X-7.251 Y4.208 E0.1023
G1 X-6.464 Y4.168 E0.03931
G1 X-6.662 Y2.18 E0.09967
G1 X-6.64 Y-0.015 E0.10951
G1 X-6.585 Y-.466 E0.02267
G1 X-6.6 Y-2.379 E0.09544
G1 X-6.362 Y-4.186 E0.09093
G1 X-8.377 Y-4.284 E0.10065
G1 X-10.989 Y-4.441 E0.13055
G1 X-13.632 Y-4.56 E0.13199
G1 X-15.746 Y-4.572 E0.10547
G1 X-16.572 Y-4.563 E0.04121
G1 X-16.56 Y-3.691 E0.04351
G1 X-16.432 Y-2.701 E0.0498
G1 X-16.404 Y-1.374 E0.06622
G1 X-16.316 Y0.006 E0.06899
G1 X-16.404 Y1.316 E0.0655
G1 X-16.452 Y2.603 E0.06425
G1 X-16.576 Y3.648 E0.0525
G1 X-16.597 Y4.521 E0.04357
G0 F12000 X-17.007 Y4.917
;TYPE:WALL-OUTER
G1 F1200 X-15.403 Y4.932 E0.08003
G1 X-13.822 Y4.872 E0.07893
G1 X-11.886 Y4.818 E0.09662
G1 X-9.284 Y4.688 E0.12998
G1 X-7.232 Y4.608 E0.10245
G1 X-6.023 Y4.547 E0.06039
G1 X-6.264 Y2.14 E0.12069
G1 X-6.239 Y-0.035 E0.10852
G1 X-6.185 Y-.441 E0.02043
G1 X-6.199 Y-2.391 E0.09729
G1 X-5.929 Y-4.404 E0.10133
G1 X-5.938 Y-4.565 E0.00804
G1 X-8.407 Y-4.687 E0.12333
G1 X-10.935 Y-4.84 E0.12635
G1 X-13.622 Y-4.96 E0.13419
G1 X-15.75 Y-4.972 E0.10617
G1 X-16.977 Y-4.958 E0.06122
G1 X-16.96 Y-3.663 E0.06461
G1 X-16.829 Y-2.65 E0.05096
G1 X-16.804 Y-1.357 E0.06452
G1 X-16.716 Y-0.01 E0.06735
G1 X-16.804 Y1.295 E0.06525
G1 X-16.853 Y2.605 E0.0654
G1 X-16.976 Y3.619 E0.05096
G1 X-17.007 Y4.917 E0.06478
G0 F12000 X-16.207 Y4.924
G0 X-15.985 Y3.931
G1 F3600 E-1
G0 F12000 X-15.985 Y3.928
G0 X7.109 Y-3.932
;TYPE:FILL
G1 F3600 E1
G1 F9600 X5.94 Y0.429 E0.22525
G1 X5.845 Y1.604 E0.05881
G1 X5.856 Y2.188 E0.02914
G1 X5.841 Y2.948 E0.03792
G1 X5.885 Y3.659 E0.03554
G1 X7.131 Y3.711 E0.06222
G1 X9.311 Y3.873 E0.10906
G1 X15.143 Y2.31 E0.30123
G1 X15.145 Y2.67 E0.01796
G1 X15.313 Y4.104 E0.07203
G1 X14.433 Y4.072 E0.04393
G1 X12.727 Y4.028 E0.08514
G1 X5.901 Y-2.798 E0.48161
G1 X5.831 Y-3.843 E0.05225
G1 X7.259 Y-3.942 E0.07141
G1 X7.555 Y-3.976 E0.01486
G1 X11.253 Y-4.24 E0.18496
G1 X13.199 Y-4.244 E0.09709
G1 X14.381 Y-4.28 E0.059
G1 X15.208 Y-4.292 E0.04126
G1 X15.308 Y-4.293
G1 F3600 E-1
G0 F12000 X15.272 Y-4.297
G0 X15.157 Y-2.421
G0 X15.251 Y2.111
G0 X15.421 Y4.205
G0 X15.718 Y4.478
;TYPE:WALL-INNER
G1 F3600 E1
G1 F3000 X15.5 Y2.57 E0.09581
G1 X15.492 Y0.233 E0.11659
G1 X15.396 Y-2.411 E0.132
G1 X15.6 Y-4.658 E0.11256
G1 X14.367 Y-4.64 E0.06152
G1 X13.202 Y-4.604 E0.05815
G1 X11.246 Y-4.6 E0.09759
G1 X7.485 Y-4.33 E0.18812
G1 X7.19 Y-4.297 E0.01481
G1 X5.451 Y-4.177 E0.08697
G1 X5.564 Y-2.432 E0.08724
G1 X5.545 Y-1.801 E0.03149
G1 X5.623 Y-0.066 E0.08665
G1 X5.485 Y1.595 E0.08315
G1 X5.496 Y2.193 E0.02984
G1 X5.481 Y2.959 E0.03822
G1 X5.546 Y4.006 E0.05234
G1 X7.101 Y4.069 E0.07764
G1 X10.683 Y4.336 E0.1792
G1 X14.423 Y4.432 E0.18665
G1 X15.718 Y4.478 E0.06465
G0 F12000 X16.167 Y4.884
;TYPE:WALL-OUTER
G1 F1200 X15.901 Y2.592 E0.11512
G1 X15.892 Y0.225 E0.11809
G1 X15.796 Y-2.407 E0.1314
G1 X16 Y-4.604 E0.11008
G1 X16.01 Y-5.064 E0.02295
G1 X14.355 Y-5.04 E0.08258
G1 X13.201 Y-5.004 E0.0576
G1 X11.232 Y-5 E0.09823
G1 X7.441 Y-4.728 E0.18962
G1 X7.162 Y-4.696 E0.01401
G1 X5.033 Y-4.549 E0.10647
G1 X5.056 Y-4.043 E0.02527
G1 X5.164 Y-2.417 E0.0813
G1 X5.145 Y-1.798 E0.0309
G1 X5.224 Y-0.099 E0.08486
G1 X5.085 Y1.583 E0.0842
G1 X5.096 Y2.185 E0.03004
G1 X5.081 Y2.967 E0.03902
G1 X5.169 Y4.391 E0.07118
G1 X7.071 Y4.468 E0.09497
G1 X10.663 Y4.736 E0.1797
G1 X14.408 Y4.832 E0.1869
G1 X15.591 Y4.876 E0.05906
G1 X16.167 Y4.884 E0.02874
G0 F12000 X16.075 Y4.09
G0 X15.095 Y3.859
G1 F3600 E-1
;MESH:NONMESH
G0 F12000 X15.043 Y3.857
G0 X-15.986 Y-1.553
;TIME_ELAPSED:260.867681
;LAYER:29
;MESH:pi 3mm.stl
G0 X-15.986 Y-1.553 Z9
;TYPE:FILL
G1 F3600 E1
G1 F9600 X-7.367 Y-3.862 E0.44517
G1 X-8.347 Y-3.911 E0.04895
G1 X-11.49 Y-4.099 E0.15709
G1 X-12.095 Y-4.123 E0.03021
G1 X-6.933 Y1.039 E0.36421
G1 X-6.936 Y1.301 E0.01307
G1 X-7.618 Y3.844 E0.13135
G1 X-8.77 Y3.895 E0.05753
G1 X-11.902 Y4.056 E0.15646
G1 X-13.186 Y4.088 E0.06408
G1 X-15.392 Y4.172 E0.11014
G1 X-16.223 Y4.165 E0.04146
G1 X-16.041 Y2.626 E0.07732
G1 X-15.976 Y0.984 E0.08198
G1 X-15.912 Y0.008 E0.0488
G1 X-15.976 Y-1.033 E0.05203
G1 X-16.008 Y-2.645 E0.08044
G1 X-16.205 Y-4.216 E0.07899
G1 X-16.217 Y-4.315
G1 F3600 E-1
G0 F12000 X-16.217 Y-4.272
G0 X-16.032 Y-0.025
G0 X-16.296 Y4.258
G0 X-16.57 Y4.523
;TYPE:WALL-INNER
G1 F3600 E1
G1 F3000 X-15.378 Y4.532 E0.05947
G1 X-13.179 Y4.448 E0.10979
G1 X-11.891 Y4.416 E0.06428
G1 X-8.752 Y4.256 E0.15681
G1 X-6.374 Y4.149 E0.11876
G1 X-6.548 Y2.34 E0.09067
G1 X-6.58 Y1.628 E0.03556
G1 X-6.559 Y-0.095 E0.08597
G1 X-6.477 Y-.718 E0.03135
G1 X-6.488 Y-2.349 E0.08137
G1 X-6.249 Y-4.168 E0.09153
G1 X-8.324 Y-4.27 E0.10365
G1 X-11.223 Y-4.444 E0.14489
G1 X-13.848 Y-4.556 E0.13108
G1 X-15.975 Y-4.575 E0.10612
G1 X-16.544 Y-4.567 E0.02839
G1 X-16.536 Y-3.967 E0.02994
G1 X-16.372 Y-2.693 E0.06408
G1 X-16.336 Y-1.022 E0.08339
G1 X-16.272 Y0.003 E0.05124
G1 X-16.338 Y1.012 E0.05045
G1 X-16.4 Y2.6 E0.07929
G1 X-16.556 Y3.915 E0.06607
G1 X-16.57 Y4.523 E0.03034
G0 F12000 X-16.979 Y4.921
;TYPE:WALL-OUTER
G1 F1200 X-15.372 Y4.932 E0.08018
G1 X-13.169 Y4.848 E0.10999
G1 X-11.876 Y4.816 E0.06453
G1 X-8.734 Y4.656 E0.15696
G1 X-5.984 Y4.532 E0.13734
G1 X-5.973 Y4.108 E0.02116
G1 X-6.148 Y2.322 E0.08953
G1 X-6.18 Y1.598 E0.03616
G1 X-6.163 Y-0.043 E0.08187
G1 X-6.077 Y-.693 E0.03271
G1 X-6.087 Y-2.367 E0.08352
G1 X-5.857 Y-4.093 E0.08687
G1 X-5.879 Y-4.549 E0.02278
G1 X-8.3 Y-4.669 E0.12093
G1 X-11.203 Y-4.844 E0.14509
G1 X-13.838 Y-4.956 E0.13158
G1 X-15.98 Y-4.975 E0.10687
G1 X-16.949 Y-4.962 E0.04835
G1 X-16.936 Y-3.939 E0.05104
G1 X-16.769 Y-2.642 E0.06524
G1 X-16.736 Y-1.005 E0.08169
G1 X-16.672 Y-0.01 E0.04974
G1 X-16.736 Y0.947 E0.04785
G1 X-16.801 Y2.6 E0.08253
G1 X-16.956 Y3.887 E0.06467
G1 X-16.979 Y4.921 E0.0516
G0 F12000 X-16.179 Y4.926
G0 X-15.959 Y3.955
G1 F3600 E-1
G0 F12000 X-15.956 Y3.931
G0 X6.881 Y-3.901
;TYPE:FILL
G1 F3600 E1
G1 F9600 X5.902 Y-.246 E0.18878
G1 X5.908 Y-.114 E0.00659
G1 X5.789 Y1.333 E0.07243
G1 X5.804 Y2.167 E0.04162
G1 X5.786 Y3.253 E0.05419
G1 X5.807 Y3.62 E0.01834
G1 X6.517 Y3.653 E0.03546
G1 X7.057 Y3.709 E0.02709
G1 X9.975 Y3.915 E0.14594
G1 X15.125 Y2.535 E0.266
G1 X15.3 Y4.101 E0.07861
G1 X13.039 Y4.04 E0.11284
G1 X5.817 Y-3.182 E0.50955
G1 X5.777 Y-3.81 E0.03139
G1 X6.542 Y-3.862 E0.03825
G1 X7.607 Y-3.981 E0.05346
G1 X7.959 Y-3.99 E0.01757
G1 X11.241 Y-4.24 E0.16421
G1 X13.431 Y-4.244 E0.10926
G1 X15.174 Y-4.287 E0.08699
G1 X15.273 Y-4.289
G1 F3600 E-1
G0 F12000 X15.238 Y-4.293
G0 X15.143 Y-2.588
G0 X15.231 Y2.012
G0 X15.41 Y4.202
G0 X15.705 Y4.473
;TYPE:WALL-INNER
G1 F3600 E1
G1 F3000 X15.483 Y2.549 E0.09663
G1 X15.472 Y-0.063 E0.13031
G1 X15.382 Y-2.612 E0.12725
G1 X15.57 Y-4.652 E0.10221
G1 X14.327 Y-4.632 E0.06202
G1 X13.434 Y-4.604 E0.04457
G1 X11.232 Y-4.6 E0.10986
G1 X7.938 Y-4.349 E0.16481
G1 X7.577 Y-4.34 E0.01802
G1 X6.506 Y-4.221 E0.05376
G1 X5.398 Y-4.146 E0.0554
G1 X5.504 Y-2.383 E0.08812
G1 X5.481 Y-1.531 E0.04252
G1 X5.548 Y-.145 E0.06923
G1 X5.429 Y1.324 E0.07353
G1 X5.444 Y2.171 E0.04226
G1 X5.425 Y3.263 E0.05449
G1 X5.468 Y3.967 E0.03519
G1 X6.442 Y4.008 E0.04864
G1 X7.001 Y4.066 E0.02804
G1 X10.942 Y4.344 E0.19711
G1 X15.705 Y4.473 E0.23771
G0 F12000 X16.155 Y4.885
;TYPE:WALL-OUTER
G1 F1200 X15.881 Y2.503 E0.11962
G1 X15.872 Y-0.071 E0.12842
G1 X15.78 Y-2.575 E0.12501
G1 X16.01 Y-5.06 E0.12451
G1 X14.315 Y-5.032 E0.08458
G1 X13.433 Y-5.004 E0.04403
G1 X11.216 Y-5 E0.11061
G1 X7.897 Y-4.748 E0.16606
G1 X7.55 Y-4.74 E0.01732
G1 X6.478 Y-4.62 E0.05382
G1 X4.981 Y-4.518 E0.07486
G1 X5.016 Y-3.741 E0.0388
G1 X5.104 Y-2.414 E0.06635
G1 X5.081 Y-1.527 E0.04427
G1 X5.148 Y-0.099 E0.07132
G1 X5.029 Y1.311 E0.0706
G1 X5.044 Y2.164 E0.04256
G1 X5.025 Y3.271 E0.05524
G1 X5.09 Y4.351 E0.05398
G1 X6.437 Y4.409 E0.06726
G1 X6.966 Y4.464 E0.02653
G1 X10.922 Y4.744 E0.19786
G1 X16.155 Y4.885 E0.26117
G0 F12000 X16.064 Y4.091
G0 X15.083 Y3.859
G1 F3600 E-1
;MESH:NONMESH
G0 F12000 X15.034 Y3.858
G0 X-15.922 Y-1.349
;TIME_ELAPSED:268.495913
;LAYER:30
;MESH:pi 3mm.stl
G0 X-15.922 Y-1.349 Z9.3
;TYPE:FILL
G1 F3600 E1
G1 F9600 X-6.712 Y-3.817 E0.4757
G1 X-7.912 Y-3.877 E0.05994
G1 X-11.773 Y-4.103 E0.19296
G1 X-7.071 Y0.599 E0.33175
G1 X-6.85 Y0.539 E0.01142
G1 X-6.852 Y0.746 E0.01033
G1 X-7.02 Y0.791 E0.00868
G1 X-7.839 Y3.846 E0.1578
G1 X-12.048 Y4.053 E0.21024
G1 X-13.192 Y4.088 E0.0571
G1 X-15.363 Y4.176 E0.1084
G1 X-16.171 Y4.171 E0.04031
G1 X-15.985 Y2.618 E0.07803
G1 X-15.908 Y0.635 E0.09901
G1 X-15.868 Y0.006 E0.03144
G1 X-15.908 Y-.684 E0.03448
G1 X-15.949 Y-2.638 E0.09751
G1 X-16.147 Y-4.212 E0.07915
G1 X-16.159 Y-4.311
G1 F3600 E-1
G0 F12000 X-16.159 Y-4.276
G0 X-15.987 Y-0.024
G0 X-16.056 Y1.482
G0 X-16.269 Y4.261
G0 X-16.543 Y4.527
;TYPE:WALL-INNER
G1 F3600 E1
G1 F3000 X-15.347 Y4.536 E0.05967
G1 X-13.182 Y4.448 E0.1081
G1 X-11.786 Y4.406 E0.06968
G1 X-6.318 Y4.132 E0.27314
G1 X-6.31 Y3.806 E0.01627
G1 X-6.454 Y2.352 E0.0729
G1 X-6.5 Y1.315 E0.05179
G1 X-6.483 Y-.105 E0.07085
G1 X-6.365 Y-.975 E0.0438
G1 X-6.376 Y-2.358 E0.069
G1 X-6.186 Y-3.794 E0.07227
G1 X-6.202 Y-4.152 E0.01788
G1 X-7.892 Y-4.237 E0.08442
G1 X-11.487 Y-4.448 E0.17966
G1 X-14.064 Y-4.556 E0.12868
G1 X-16.516 Y-4.571 E0.12233
G1 X-16.512 Y-4.238 E0.01661
G1 X-16.312 Y-2.689 E0.07792
G1 X-16.268 Y-.674 E0.10055
G1 X-16.228 Y0.001 E0.03373
G1 X-16.268 Y0.62 E0.03095
G1 X-16.348 Y2.645 E0.10111
G1 X-16.536 Y4.187 E0.0775
G1 X-16.543 Y4.527 E0.01697
G0 F12000 X-16.951 Y4.925
;TYPE:WALL-OUTER
G1 F1200 X-15.34 Y4.936 E0.08037
G1 X-13.17 Y4.848 E0.10835
G1 X-11.766 Y4.806 E0.07008
G1 X-5.928 Y4.513 E0.29163
G1 X-5.909 Y3.792 E0.03598
G1 X-6.056 Y2.312 E0.0742
G1 X-6.1 Y1.286 E0.05123
G1 X-6.087 Y-0.051 E0.06671
G1 X-5.965 Y-.949 E0.04521
G1 X-5.973 Y-2.362 E0.0705
G1 X-5.785 Y-3.777 E0.07121
G1 X-5.82 Y-4.533 E0.03776
G1 X-7.868 Y-4.636 E0.1023
G1 X-11.467 Y-4.848 E0.17987
G1 X-14.054 Y-4.956 E0.12918
G1 X-16.206 Y-4.975 E0.10737
G1 X-16.921 Y-4.966 E0.03567
G1 X-16.912 Y-4.21 E0.03772
G1 X-16.709 Y-2.638 E0.07908
G1 X-16.668 Y-.657 E0.09885
G1 X-16.628 Y-0.01 E0.03234
G1 X-16.668 Y0.599 E0.03045
G1 X-16.745 Y2.597 E0.09975
G1 X-16.936 Y4.159 E0.07851
G1 X-16.951 Y4.925 E0.03822
G0 F12000 X-16.151 Y4.93
G0 X-15.907 Y3.961
G1 F3600 E-1
G0 F12000 X-15.904 Y3.934
G0 X6.654 Y-3.878
;TYPE:FILL
G1 F3600 E1
G1 F9600 X5.801 Y-.693 E0.1645
G1 X5.828 Y-.113 E0.02897
G1 X5.733 Y1.065 E0.05896
G1 X5.753 Y2.146 E0.05394
G1 X5.728 Y3.577 E0.0714
G1 X7.452 Y3.751 E0.08645
G1 X7.928 Y3.765 E0.02376
G1 X10.661 Y3.951 E0.13667
G1 X15.131 Y2.754 E0.23087
G1 X15.287 Y4.102 E0.0677
G1 X13.345 Y4.045 E0.09693
G1 X5.73 Y-3.57 E0.53728
G1 X5.716 Y-3.77 E0.01
G1 X7.517 Y-3.976 E0.09044
G1 X8.22 Y-4.001 E0.03509
G1 X11.192 Y-4.232 E0.14872
G1 X13.641 Y-4.248 E0.12218
G1 X15.142 Y-4.272 E0.07489
G1 X15.242 Y-4.273
G1 F3600 E-1
G0 F12000 X15.203 Y-4.277
G0 X15.133 Y-2.707
G0 X15.218 Y1.987
G0 X15.396 Y4.204
G0 X15.692 Y4.475
;TYPE:WALL-INNER
G1 F3600 E1
G1 F3000 X15.471 Y2.553 E0.09652
G1 X15.472 Y-0.064 E0.13056
G1 X15.372 Y-2.66 E0.12961
G1 X15.535 Y-4.639 E0.09907
G1 X13.64 Y-4.608 E0.09455
G1 X11.18 Y-4.592 E0.12273
G1 X8.231 Y-4.361 E0.14758
G1 X7.497 Y-4.337 E0.03664
G1 X5.347 Y-4.09 E0.10797
G1 X5.376 Y-3.468 E0.03107
G1 X5.448 Y-2.352 E0.05579
G1 X5.413 Y-1.262 E0.05441
G1 X5.467 Y-0.066 E0.05973
G1 X5.373 Y1.056 E0.05617
G1 X5.393 Y2.151 E0.05464
G1 X5.368 Y3.566 E0.07061
G1 X5.39 Y3.931 E0.01824
G1 X5.845 Y3.951 E0.02272
G1 X7.432 Y4.112 E0.07958
G1 X7.901 Y4.125 E0.02341
G1 X11.07 Y4.34 E0.15847
G1 X15.692 Y4.475 E0.23069
G0 F12000 X16.142 Y4.889
;TYPE:WALL-OUTER
G1 F1200 X15.869 Y2.507 E0.11962
G1 X15.876 Y2.24 E0.01333
G1 X15.872 Y-0.072 E0.11535
G1 X15.772 Y-2.701 E0.13126
G1 X15.973 Y-5.045 E0.11737
G1 X13.638 Y-5.008 E0.11651
G1 X11.162 Y-4.992 E0.12353
G1 X8.191 Y-4.76 E0.14868
G1 X7.467 Y-4.736 E0.03614
G1 X5.797 Y-4.544 E0.08387
G1 X4.929 Y-4.488 E0.04339
G1 X4.976 Y-3.442 E0.05224
G1 X5.048 Y-2.386 E0.05281
G1 X5.013 Y-1.258 E0.0563
G1 X5.068 Y-0.099 E0.05789
G1 X4.973 Y1.043 E0.05717
G1 X4.993 Y2.144 E0.05494
G1 X4.968 Y3.575 E0.0714
G1 X5.013 Y4.315 E0.03699
G1 X5.802 Y4.349 E0.0394
G1 X6.311 Y4.404 E0.02554
G1 X6.438 Y4.409 E0.00634
G1 X7.406 Y4.512 E0.04857
G1 X7.874 Y4.524 E0.02336
G1 X11.05 Y4.74 E0.15882
G1 X16.142 Y4.889 E0.25415
G0 F12000 X16.051 Y4.095
G0 X15.069 Y3.861
G1 F3600 E-1
;MESH:NONMESH
G0 F12000 X15.02 Y3.859
G0 X-15.854 Y-1.148
;TIME_ELAPSED:276.141450
;LAYER:31
;MESH:pi 3mm.stl
G0 X-15.854 Y-1.148 Z9.6
;TYPE:FILL
G1 F3600 E1
G1 F9600 X-6.482 Y-3.659 E0.48406
G1 X-6.486 Y-3.79 E0.00654
G1 X-7.19 Y-3.826 E0.03517
G1 X-7.939 Y-3.877 E0.03745
G1 X-11.447 Y-4.076 E0.1753
G1 X-6.777 Y0.594 E0.32949
G1 X-6.765 Y-.153 E0.03727
G1 X-6.617 Y-1.249 E0.05518
G1 X-6.619 Y-1.526 E0.01382
G1 X-8.06 Y3.855 E0.27792
G1 X-12.028 Y4.051 E0.19821
G1 X-15.329 Y4.176 E0.16481
G1 X-16.114 Y4.171 E0.03916
G1 X-15.929 Y2.614 E0.07823
G1 X-15.84 Y0.266 E0.11723
G1 X-15.839 Y-.298 E0.02814
G1 X-15.883 Y-2.632 E0.11646
G1 X-16.081 Y-4.212 E0.07944
G1 X-16.093 Y-4.311
G1 F3600 E-1
G0 F12000 X-16.094 Y-4.276
G0 X-15.963 Y-.303
G0 X-16.037 Y2.073
G0 X-16.226 Y4.267
G0 X-16.52 Y4.527
;TYPE:WALL-INNER
G1 F3600 E1
G1 F3000 X-15.314 Y4.536 E0.06017
G1 X-12.008 Y4.411 E0.16505
G1 X-8.15 Y4.223 E0.1927
G1 X-7.433 Y4.169 E0.03587
G1 X-6.262 Y4.114 E0.05849
G1 X-6.246 Y3.483 E0.03149
G1 X-6.364 Y2.296 E0.05951
G1 X-6.424 Y1 E0.06473
G1 X-6.407 Y-.112 E0.05548
G1 X-6.257 Y-1.23 E0.05628
G1 X-6.262 Y-2.341 E0.05543
G1 X-6.114 Y-3.482 E0.0574
G1 X-6.143 Y-4.135 E0.03261
G1 X-7.162 Y-4.185 E0.0509
G1 X-7.902 Y-4.237 E0.03701
G1 X-11.728 Y-4.453 E0.19118
G1 X-14.275 Y-4.556 E0.12717
G1 X-16.492 Y-4.574 E0.11061
G1 X-16.248 Y-2.685 E0.09503
G1 X-16.199 Y-.292 E0.11941
G1 X-16.2 Y0.263 E0.02769
G1 X-16.288 Y2.591 E0.11623
G1 X-16.52 Y4.527 E0.09728
G0 F12000 X-16.923 Y4.925
;TYPE:WALL-OUTER
G1 F1200 X-15.308 Y4.936 E0.08057
G1 X-11.989 Y4.811 E0.1657
G1 X-8.12 Y4.622 E0.19326
G1 X-7.398 Y4.568 E0.03612
G1 X-5.872 Y4.496 E0.07622
G1 X-5.845 Y3.468 E0.0513
G1 X-5.964 Y2.278 E0.05967
G1 X-6.024 Y0.969 E0.06537
G1 X-6.011 Y-0.059 E0.05129
G1 X-5.857 Y-1.205 E0.05769
G1 X-5.864 Y-2.309 E0.05508
G1 X-5.713 Y-3.465 E0.05816
G1 X-5.76 Y-4.517 E0.05254
G1 X-7.134 Y-4.584 E0.06863
G1 X-7.863 Y-4.634 E0.03646
G1 X-11.674 Y-4.852 E0.19044
G1 X-14.265 Y-4.956 E0.12937
G1 X-16.889 Y-4.979 E0.13092
G1 X-16.884 Y-4.487 E0.02455
G1 X-16.643 Y-2.612 E0.09431
G1 X-16.599 Y-.292 E0.11577
G1 X-16.6 Y0.248 E0.02694
G1 X-16.689 Y2.593 E0.11708
G1 X-16.912 Y4.427 E0.09217
G1 X-16.923 Y4.925 E0.02485
G0 F12000 X-16.123 Y4.93
G0 X-15.854 Y3.966
G1 F3600 E-1
G0 F12000 X-15.851 Y3.937
G0 X6.429 Y-3.854
;TYPE:FILL
G1 F3600 E1
G1 F9600 X5.704 Y-1.149 E0.13972
G1 X5.748 Y-.151 E0.04984
G1 X5.677 Y0.789 E0.04703
G1 X5.704 Y2.127 E0.06677
G1 X5.677 Y3.577 E0.07235
G1 X7.445 Y3.756 E0.08866
G1 X8.527 Y3.793 E0.05401
G1 X11.325 Y3.993 E0.13995
G1 X15.144 Y2.97 E0.19725
G1 X15.274 Y4.104 E0.05695
G1 X13.653 Y4.053 E0.08091
G1 X5.816 Y-3.784 E0.55294
G1 X7.498 Y-3.976 E0.08446
G1 X8.516 Y-4.013 E0.05082
G1 X11.133 Y-4.216 E0.13095
G1 X12.858 Y-4.244 E0.08607
G1 X12.958 Y-4.245
G1 F3600 E-1
G0 F12000 X15.382 Y4.206
G0 X15.677 Y4.478
;TYPE:WALL-INNER
G1 F3600 E1
G1 F3000 X15.453 Y2.505 E0.09907
G1 X15.48 Y2.032 E0.02364
G1 X15.476 Y-0.098 E0.10627
G1 X15.456 Y-.341 E0.01216
G1 X15.368 Y-2.665 E0.11603
G1 X15.524 Y-4.636 E0.09864
G1 X13.907 Y-4.607 E0.08069
G1 X12.851 Y-4.604 E0.05268
G1 X11.121 Y-4.576 E0.08632
G1 X8.501 Y-4.372 E0.13111
G1 X7.477 Y-4.337 E0.05112
G1 X5.292 Y-4.087 E0.10972
G1 X5.332 Y-3.162 E0.04619
G1 X5.387 Y-2.387 E0.03876
G1 X5.349 Y-.989 E0.06977
G1 X5.387 Y-0.067 E0.04604
G1 X5.317 Y0.787 E0.04275
G1 X5.344 Y2.131 E0.06707
G1 X5.315 Y3.901 E0.08832
G1 X7.425 Y4.117 E0.10582
G1 X8.499 Y4.153 E0.05361
G1 X11.027 Y4.332 E0.12644
G1 X15.677 Y4.478 E0.2321
G0 F12000 X16.127 Y4.892
;TYPE:WALL-OUTER
G1 F1200 X15.856 Y2.477 E0.12124
G1 X15.88 Y2.042 E0.02174
G1 X15.876 Y-.115 E0.10761
G1 X15.856 Y-.356 E0.01206
G1 X15.768 Y-2.705 E0.11727
G1 X15.958 Y-5.044 E0.11708
G1 X13.905 Y-5.007 E0.10244
G1 X12.845 Y-5.004 E0.05288
G1 X11.102 Y-4.976 E0.08697
G1 X8.487 Y-4.772 E0.13086
G1 X7.447 Y-4.736 E0.05192
G1 X4.876 Y-4.442 E0.1291
G1 X4.933 Y-3.134 E0.06532
G1 X4.988 Y-2.359 E0.03876
G1 X4.949 Y-.986 E0.06853
G1 X4.988 Y-0.099 E0.0443
G1 X4.917 Y0.775 E0.04375
G1 X4.944 Y2.124 E0.06732
G1 X4.913 Y3.895 E0.08837
G1 X4.937 Y4.265 E0.0185
G1 X7.398 Y4.516 E0.12342
G1 X8.471 Y4.552 E0.05356
G1 X11.007 Y4.732 E0.12684
G1 X16.127 Y4.892 E0.25556
G0 F12000 X16.038 Y4.097
G0 X15.056 Y3.862
G1 F3600 E-1
;MESH:NONMESH
G0 F12000 X15.007 Y3.86
G0 X-15.796 Y-.944
;TIME_ELAPSED:283.803563
;LAYER:32
;MESH:pi 3mm.stl
G0 X-15.796 Y-.944 Z9.9
;TYPE:FILL
G1 F3600 E1
G1 F9600 X-6.417 Y-3.457 E0.48443
G1 X-6.431 Y-3.78 E0.01613
G1 X-8.234 Y-3.897 E0.09014
G1 X-11.123 Y-4.052 E0.14434
G1 X-6.698 Y0.373 E0.31221
G1 X-6.689 Y-.165 E0.02684
G1 X-6.509 Y-1.503 E0.06735
G1 X-6.517 Y-2.322 E0.04086
G1 X-6.415 Y-3.104 E0.03934
G1 X-8.285 Y3.876 E0.36051
G1 X-12.152 Y4.056 E0.19313
G1 X-15.298 Y4.18 E0.15708
G1 X-16.063 Y4.174 E0.03817
G1 X-15.877 Y2.612 E0.07848
G1 X-15.812 Y0.93 E0.08398
G1 X-15.788 Y0.056 E0.04362
G1 X-15.796 Y-1.071 E0.05623
G1 X-15.824 Y-2.624 E0.07749
G1 X-16.021 Y-4.209 E0.07968
G1 X-16.033 Y-4.308
G1 F3600 E-1
G0 F12000 X-16.034 Y-4.274
G0 X-15.917 Y-1.069
G0 X-15.992 Y2.256
G0 X-16.172 Y4.27
G0 X-16.469 Y4.531
;TYPE:WALL-INNER
G1 F3600 E1
G1 F3000 X-15.282 Y4.54 E0.05922
G1 X-12.133 Y4.416 E0.15723
G1 X-8.278 Y4.235 E0.19254
G1 X-6.206 Y4.086 E0.10364
G1 X-6.181 Y3.166 E0.04592
G1 X-6.268 Y2.277 E0.04456
G1 X-6.344 Y0.689 E0.07932
G1 X-6.331 Y-.124 E0.04057
G1 X-6.149 Y-1.486 E0.06855
G1 X-6.151 Y-2.348 E0.04301
G1 X-6.042 Y-3.167 E0.04122
G1 X-6.086 Y-4.12 E0.0476
G1 X-8.21 Y-4.257 E0.10619
G1 X-11.613 Y-4.439 E0.17002
G1 X-11.933 Y-4.44 E0.01596
G1 X-12.758 Y-4.485 E0.04122
G1 X-14.492 Y-4.556 E0.08658
G1 X-16.431 Y-4.573 E0.09674
G1 X-16.188 Y-2.676 E0.09542
G1 X-16.156 Y-1.065 E0.08039
G1 X-16.148 Y0.057 E0.05598
G1 X-16.172 Y0.92 E0.04307
G1 X-16.236 Y2.588 E0.08328
G1 X-16.469 Y4.531 E0.09763
G0 F12000 X-16.92 Y4.928
;TYPE:WALL-OUTER
G1 F1200 X-15.276 Y4.94 E0.08202
G1 X-12.115 Y4.816 E0.15782
G1 X-8.25 Y4.634 E0.19304
G1 X-6.663 Y4.52 E0.07938
G1 X-5.816 Y4.477 E0.04231
G1 X-5.781 Y3.152 E0.06613
G1 X-5.868 Y2.258 E0.04481
G1 X-5.944 Y0.657 E0.07996
G1 X-5.935 Y-0.071 E0.03632
G1 X-5.749 Y-1.461 E0.06997
G1 X-5.755 Y-2.295 E0.04161
G1 X-5.641 Y-3.149 E0.04298
G1 X-5.704 Y-4.501 E0.06752
G1 X-6.394 Y-4.536 E0.03447
G1 X-8.173 Y-4.656 E0.08896
G1 X-11.602 Y-4.839 E0.17132
G1 X-11.911 Y-4.84 E0.01542
G1 X-12.742 Y-4.885 E0.04152
G1 X-14.482 Y-4.956 E0.08688
G1 X-16.862 Y-4.973 E0.11874
G1 X-16.859 Y-4.747 E0.01128
G1 X-16.585 Y-2.626 E0.1067
G1 X-16.556 Y-1.062 E0.07804
G1 X-16.548 Y0.046 E0.05528
G1 X-16.572 Y0.904 E0.04282
G1 X-16.637 Y2.588 E0.08408
G1 X-16.92 Y4.928 E0.11759
G0 F12000 X-16.12 Y4.933
G0 X-15.802 Y3.975
G1 F3600 E-1
G0 F12000 X-15.798 Y3.94
G0 X6.205 Y-3.839
;TYPE:FILL
G1 F3600 E1
G1 F9600 X5.675 Y-1.861 E0.10216
G1 X5.641 Y-.732 E0.05635
G1 X5.672 Y-.116 E0.03077
G1 X5.621 Y0.524 E0.03203
G1 X5.652 Y2.109 E0.07909
G1 X5.627 Y3.576 E0.0732
G1 X7.438 Y3.763 E0.09083
G1 X8.522 Y3.793 E0.0541
G1 X11.002 Y3.964 E0.12402
G1 X12.114 Y4.001 E0.05551
G1 X15.159 Y3.185 E0.15728
G1 X15.267 Y4.105 E0.04621
G1 X13.961 Y4.062 E0.06519
G1 X6.076 Y-3.823 E0.55633
G1 X7.475 Y-3.98 E0.07023
G1 X8.804 Y-4.024 E0.06634
G1 X11.078 Y-4.2 E0.11379
G1 X15.127 Y-4.26 E0.20203
G1 X15.227 Y-4.261
G1 F3600 E-1
G0 F12000 X15.192 Y-4.264
G0 X15.126 Y-2.712
G0 X15.199 Y2.001
G0 X15.374 Y4.205
G0 X15.672 Y4.478
;TYPE:WALL-INNER
G1 F3600 E1
G1 F3000 X15.446 Y2.516 E0.09853
G1 X15.484 Y1.726 E0.03946
G1 X15.48 Y-0.098 E0.091
G1 X15.444 Y-.628 E0.0265
G1 X15.365 Y-2.737 E0.10529
G1 X15.518 Y-4.627 E0.0946
G1 X11.064 Y-4.56 E0.22224
G1 X8.819 Y-4.385 E0.11234
G1 X7.456 Y-4.341 E0.06804
G1 X5.24 Y-4.09 E0.11126
G1 X5.292 Y-2.862 E0.06132
G1 X5.328 Y-2.302 E0.028
G1 X5.281 Y-.723 E0.07881
G1 X5.312 Y-.144 E0.02893
G1 X5.261 Y0.516 E0.03303
G1 X5.292 Y2.115 E0.07979
G1 X5.262 Y3.9 E0.08907
G1 X7.416 Y4.124 E0.10804
G1 X8.498 Y4.153 E0.054
G1 X10.987 Y4.324 E0.12447
G1 X15.672 Y4.478 E0.23386
G0 F12000 X16.122 Y4.892
;TYPE:WALL-OUTER
G1 F1200 X15.848 Y2.49 E0.12061
G1 X15.884 Y1.735 E0.03771
G1 X15.88 Y-.112 E0.09215
G1 X15.844 Y-.644 E0.0266
G1 X15.764 Y-2.705 E0.1029
G1 X15.932 Y-4.781 E0.10391
G1 X15.923 Y-5.033 E0.01258
G1 X11.046 Y-4.96 E0.24334
G1 X8.777 Y-4.784 E0.11354
G1 X7.427 Y-4.74 E0.06739
G1 X4.824 Y-4.446 E0.13069
G1 X4.89 Y-2.879 E0.07825
G1 X4.928 Y-2.334 E0.02726
G1 X4.881 Y-.719 E0.08061
G1 X4.912 Y-0.094 E0.03122
G1 X4.861 Y0.503 E0.02989
G1 X4.892 Y2.108 E0.08009
G1 X4.856 Y4.26 E0.10738
G1 X7.39 Y4.524 E0.12711
G1 X8.47 Y4.552 E0.0539
G1 X10.967 Y4.724 E0.12487
G1 X16.122 Y4.892 E0.25732
G0 F12000 X16.032 Y4.098
G0 X15.049 Y3.86
G1 F3600 E-1
;MESH:NONMESH
G0 F12000 X14.999 Y3.858
G0 X-15.79 Y-.726
;TIME_ELAPSED:291.495840
;LAYER:33
;MESH:pi 3mm.stl
G0 X-15.79 Y-.726 Z10.2
;TYPE:FILL
G1 F3600 E1
G1 F9600 X-6.351 Y-3.255 E0.48752
G1 X-6.333 Y-2.865 E0.01948
G1 X-6.398 Y-2.355 E0.02565
G1 X-6.397 Y-1.76 E0.02968
G1 X-6.646 Y0.125 E0.09486
G1 X-10.803 Y-4.032 E0.2933
G1 X-8.32 Y-3.9 E0.12405
G1 X-6.454 Y-3.78 E0.09329
G1 X-8.508 Y3.885 E0.3959
G1 X-13.185 Y4.1 E0.23358
G1 X-15.266 Y4.184 E0.10391
G1 X-16.004 Y4.179 E0.03682
G1 X-15.856 Y2.646 E0.07684
G1 X-15.797 Y0.418 E0.11119
G1 X-15.733 Y-0.095 E0.02579
G1 X-15.788 Y-.477 E0.01925
G1 X-15.803 Y-2.615 E0.10667
G1 X-15.953 Y-4.206 E0.07973
G1 X-15.962 Y-4.305
G1 F3600 E-1
G0 F12000 X-15.963 Y-4.27
G0 X-15.847 Y-0.018
G0 X-16.12 Y4.273
G0 X-16.417 Y4.536
;TYPE:WALL-INNER
G1 F3600 E1
G1 F3000 X-15.25 Y4.544 E0.05822
G1 X-13.167 Y4.46 E0.10401
G1 X-8.238 Y4.235 E0.24616
G1 X-6.15 Y4.081 E0.10445
G1 X-6.117 Y2.854 E0.06124
G1 X-6.176 Y2.252 E0.03018
G1 X-6.276 Y0.06 E0.10947
G1 X-6.037 Y-1.736 E0.09039
G1 X-6.04 Y-2.322 E0.02924
G1 X-5.97 Y-2.854 E0.02677
G1 X-6.028 Y-4.112 E0.06283
G1 X-8.168 Y-4.253 E0.107
G1 X-11.54 Y-4.431 E0.16846
G1 X-12.129 Y-4.432 E0.02939
G1 X-13.62 Y-4.512 E0.07449
G1 X-14.707 Y-4.556 E0.05428
G1 X-16.369 Y-4.57 E0.08292
G1 X-16.29 Y-3.946 E0.03138
G1 X-16.163 Y-2.601 E0.0674
G1 X-16.148 Y-.447 E0.10747
G1 X-16.094 Y-0.076 E0.0187
G1 X-16.157 Y0.39 E0.02346
G1 X-16.214 Y2.614 E0.11099
G1 X-16.324 Y3.743 E0.05659
G1 X-16.417 Y4.536 E0.03983
G0 F12000 X-16.867 Y4.933
;TYPE:WALL-OUTER
G1 F1200 X-15.244 Y4.944 E0.08097
G1 X-13.147 Y4.86 E0.1047
G1 X-8.209 Y4.634 E0.24662
G1 X-5.76 Y4.453 E0.12251
G1 X-5.717 Y2.84 E0.0805
G1 X-5.776 Y2.234 E0.03038
G1 X-5.875 Y0.045 E0.10932
G1 X-5.637 Y-1.712 E0.08846
G1 X-5.643 Y-2.27 E0.02784
G1 X-5.569 Y-2.837 E0.02853
G1 X-5.644 Y-4.488 E0.08245
G1 X-8.144 Y-4.652 E0.12499
G1 X-11.53 Y-4.831 E0.16916
G1 X-12.107 Y-4.832 E0.02879
G1 X-13.62 Y-4.912 E0.07559
G1 X-14.697 Y-4.956 E0.05378
G1 X-16.824 Y-4.974 E0.10612
G1 X-16.688 Y-3.908 E0.05361
G1 X-16.563 Y-2.598 E0.06565
G1 X-16.548 Y-.416 E0.10886
G1 X-16.492 Y-0.042 E0.01887
G1 X-16.556 Y0.349 E0.01977
G1 X-16.612 Y2.576 E0.11114
G1 X-16.721 Y3.696 E0.05614
G1 X-16.867 Y4.933 E0.06214
G0 F12000 X-16.067 Y4.938
G0 X-15.748 Y3.977
G1 F3600 E-1
G0 F12000 X-15.744 Y3.942
G0 X6.346 Y-3.854
;TYPE:FILL
G1 F3600 E1
G1 F9600 X14.264 Y4.065 E0.55869
G1 X15.253 Y4.099 E0.04937
G1 X15.172 Y3.401 E0.03506
G1 X12.871 Y4.018 E0.11885
G1 X10.96 Y3.952 E0.0954
G1 X9.086 Y3.82 E0.09373
G1 X7.426 Y3.772 E0.08285
G1 X5.578 Y3.582 E0.09268
G1 X5.6 Y2.089 E0.07449
G1 X5.565 Y0.237 E0.09241
G1 X5.632 Y-2.337 E0.12846
G1 X5.625 Y-2.492 E0.00774
G1 X5.979 Y-3.814 E0.06828
G1 X7.453 Y-3.98 E0.074
G1 X9.104 Y-4.037 E0.08242
G1 X11.021 Y-4.184 E0.09592
G1 X15.126 Y-4.252 E0.20483
G1 X15.225 Y-4.253
G1 F3600 E-1
G0 F12000 X15.188 Y-4.256
G0 X15.122 Y-2.714
G0 X15.19 Y2.008
G0 X15.363 Y4.202
G0 X15.653 Y4.473
;TYPE:WALL-INNER
G1 F3600 E1
G1 F3000 X15.434 Y2.52 E0.09805
G1 X15.492 Y1.432 E0.05436
G1 X15.488 Y-0.093 E0.07608
G1 X15.428 Y-.912 E0.04097
G1 X15.36 Y-2.668 E0.08767
G1 X15.515 Y-4.618 E0.09759
G1 X11.009 Y-4.544 E0.22484
G1 X9.088 Y-4.396 E0.09612
G1 X7.432 Y-4.341 E0.08266
G1 X5.188 Y-4.085 E0.11268
G1 X5.272 Y-2.329 E0.08771
G1 X5.205 Y0.223 E0.12736
G1 X5.24 Y2.094 E0.09336
G1 X5.212 Y3.906 E0.09041
G1 X7.404 Y4.132 E0.10994
G1 X9.095 Y4.181 E0.0844
G1 X10.944 Y4.312 E0.09248
G1 X15.653 Y4.473 E0.23507
G0 F12000 X16.089 Y4.888
;TYPE:WALL-OUTER
G1 F1200 X16.036 Y4.261 E0.03139
G1 X15.836 Y2.497 E0.08857
G1 X15.892 Y1.442 E0.05271
G1 X15.888 Y-.108 E0.07733
G1 X15.828 Y-.928 E0.04102
G1 X15.76 Y-2.709 E0.08892
G1 X15.903 Y-4.445 E0.0869
G1 X15.883 Y-5.024 E0.0289
G1 X10.99 Y-4.944 E0.24415
G1 X9.075 Y-4.796 E0.09582
G1 X7.403 Y-4.74 E0.08346
G1 F1237.1 X4.701 Y-4.432 E0.13161
G1 X4.776 Y-4.31 E0.00693
G1 F1200 X4.872 Y-2.293 E0.10074
G1 X4.816 Y-.416 E0.09369
G1 X4.805 Y0.223 E0.03188
G1 X4.84 Y2.088 E0.09306
G1 X4.808 Y4.128 E0.10179
G1 X4.757 Y4.261 E0.00711
G1 X7.378 Y4.532 E0.13146
G1 X9.067 Y4.58 E0.0843
G1 X10.923 Y4.712 E0.09283
G1 X16.089 Y4.888 E0.25788
G0 F12000 X16.036 Y4.261
G0 X16.017 Y4.092
G1 F3600 E-1
G0 F12000 X15.324 Y4.171
G0 X5.056 Y-4.201
G0 X4.447 Y-4.553
G1 F3600 E1
G1 F4660.2 X4.412 Y-4.552 E0.00045
G0 F12000 X5.712 Y-3.542
G1 F3600 E-1
;MESH:NONMESH
G0 F12000 X5.815 Y-3.544
G0 X-6.544 Y-0.072
;TIME_ELAPSED:299.294148
;LAYER:34
;MESH:pi 3mm.stl
G0 X-6.544 Y-0.072 Z10.5
;TYPE:FILL
G1 F3600 E1
G1 F9600 X-10.493 Y-4.021 E0.27862
G1 X-10.373 Y-4.016 E0.00599
G1 X-11.486 Y-4.064 E0.05558
G1 X-12.326 Y-4.064 E0.04191
G1 X-14.965 Y-4.192 E0.13182
G1 X-15.958 Y-4.203 E0.04954
G1 X-15.803 Y-2.625 E0.07911
G1 X-15.792 Y-.768 E0.09265
G1 X-15.752 Y-.517 E0.01268
G1 X-6.282 Y-3.054 E0.48912
G1 X-6.315 Y-3.764 E0.03546
G1 X-6.671 Y-3.789 E0.0178
G1 X-8.731 Y3.9 E0.39713
G1 X-8.222 Y3.875 E0.02542
G1 X-6.445 Y3.743 E0.0889
G1 X-6.413 Y2.551 E0.05949
G1 X-6.443 Y2.254 E0.01489
G1 X-6.544 Y-0.072 E0.11615
G1 F3600 E-1
G0 F12000 X-16.103 Y4.274
G0 X-16.395 Y4.539
;TYPE:WALL-INNER
G1 F3600 E1
G1 F3000 X-15.221 Y4.544 E0.05857
G1 X-11.519 Y4.375 E0.18489
G1 X-10.433 Y4.342 E0.05421
G1 X-8.205 Y4.235 E0.11128
G1 X-6.094 Y4.078 E0.10561
G1 X-6.053 Y2.539 E0.07681
G1 X-6.084 Y2.227 E0.01564
G1 X-6.184 Y-0.083 E0.11535
G1 X-5.926 Y-2.012 E0.0971
G1 X-5.894 Y-2.517 E0.02525
G1 X-5.97 Y-4.102 E0.07917
G1 X-8.151 Y-4.253 E0.10907
G1 X-10.107 Y-4.365 E0.09775
G1 X-11.465 Y-4.424 E0.06781
G1 X-12.322 Y-4.424 E0.04276
G1 X-14.923 Y-4.552 E0.12992
G1 X-16.356 Y-4.568 E0.0715
G1 X-16.163 Y-2.612 E0.09806
G1 X-16.152 Y-.737 E0.09355
G1 X-16.039 Y-0.02 E0.03621
G1 X-16.161 Y0.683 E0.0356
G1 X-16.21 Y2.622 E0.09677
G1 X-16.395 Y4.539 E0.09608
G0 F12000 X-16.835 Y4.937
;TYPE:WALL-OUTER
G1 F1200 X-15.213 Y4.944 E0.08092
G1 X-11.507 Y4.775 E0.18509
G1 X-10.414 Y4.742 E0.05455
G1 X-8.175 Y4.634 E0.11183
G1 X-5.704 Y4.45 E0.12362
G1 X-5.653 Y2.524 E0.09612
G1 X-5.684 Y2.209 E0.01579
G1 X-5.783 Y-0.083 E0.11445
G1 X-5.528 Y-1.972 E0.0951
G1 X-5.493 Y-2.514 E0.0271
G1 X-5.588 Y-4.476 E0.098
G1 X-8.113 Y-4.652 E0.12628
G1 X-10.025 Y-4.761 E0.09554
G1 X-11.457 Y-4.824 E0.07151
G1 X-12.302 Y-4.824 E0.04216
G1 X-14.911 Y-4.952 E0.13032
G1 X-16.798 Y-4.973 E0.09415
G1 X-16.563 Y-2.61 E0.11847
G1 X-16.552 Y-.705 E0.09504
G1 X-16.447 Y-0.023 E0.03443
G1 X-16.56 Y0.644 E0.03375
G1 X-16.608 Y2.584 E0.09682
G1 X-16.835 Y4.937 E0.11794
G0 F12000 X-16.035 Y4.94
G0 X-15.74 Y3.97
G1 F3600 E-1
G0 F12000 X-15.737 Y3.944
G0 X6.61 Y-3.889
;TYPE:FILL
G1 F3600 E1
G1 F9600 X14.575 Y4.076 E0.56197
G1 X15.245 Y4.1 E0.03345
G1 X15.187 Y3.616 E0.02432
G1 X13.62 Y4.036 E0.08094
G1 X10.915 Y3.941 E0.13504
G1 X9.416 Y3.837 E0.07497
G1 X7.421 Y3.776 E0.09958
G1 X5.679 Y3.595 E0.08738
G1 X5.692 Y2.686 E0.04535
G1 X5.426 Y2.602 E0.01392
G1 X5.552 Y2.32 E0.01541
G1 X5.509 Y-0.023 E0.11691
G1 X5.555 Y-1.825 E0.08993
G1 X5.433 Y-2.617 E0.03998
G1 X5.716 Y-2.708 E0.01483
G1 X5.679 Y-3.514 E0.04025
G1 X5.753 Y-3.791 E0.0143
G1 X7.435 Y-3.984 E0.08447
G1 X9.421 Y-4.049 E0.09913
G1 X10.961 Y-4.168 E0.07706
G1 X14.086 Y-4.219 E0.15593
G1 X14.186 Y-4.22
G1 F3600 E-1
G0 F12000 X5.422 Y3.631
G0 X5.391 Y3.927
;TYPE:WALL-INNER
G1 F3600 E1
G1 F3000 X7.397 Y4.136 E0.10062
G1 X9.389 Y4.197 E0.09943
G1 X10.9 Y4.3 E0.07556
G1 X14.201 Y4.416 E0.16479
G1 X14.722 Y4.444 E0.02603
G1 X15.634 Y4.474 E0.04552
G1 X15.59 Y3.957 E0.02589
G1 X15.426 Y2.531 E0.07161
G1 X15.496 Y1.109 E0.07103
G1 X15.496 Y-0.086 E0.05962
G1 X15.416 Y-1.199 E0.05567
G1 X15.356 Y-2.667 E0.0733
G1 X15.472 Y-4.123 E0.07287
G1 X15.456 Y-4.609 E0.02426
G1 X14.601 Y-4.6 E0.04266
G1 X14.082 Y-4.579 E0.02591
G1 X10.949 Y-4.528 E0.15633
G1 X9.38 Y-4.408 E0.07851
G1 X7.413 Y-4.345 E0.09818
G1 X5.266 Y-4.097 E0.10783
G1 X4.789 Y-4.058 E0.02388
G1 X4.475 Y-4.032 E0.01572
G1 X4.104 Y-3.97 E0.01877
G1 X4.846 Y-2.85 E0.06703
G1 X5.017 Y-2.592 E0.01544
G1 X5.108 Y-2.356 E0.01262
G1 X5.198 Y-1.807 E0.02776
G1 X5.149 Y-0.037 E0.08834
G1 X5.19 Y2.254 E0.11432
G1 X5.087 Y2.487 E0.01271
G1 X4.828 Y2.872 E0.02315
G1 X4.198 Y3.809 E0.05633
G1 X4.5 Y3.859 E0.01527
G1 X4.812 Y3.883 E0.01561
G1 X5.391 Y3.927 E0.02897
G0 F12000 X5.349 Y4.325
;TYPE:WALL-OUTER
G1 F1200 X7.37 Y4.536 E0.10138
G1 X9.362 Y4.596 E0.09943
G1 X10.879 Y4.7 E0.07586
G1 X14.179 Y4.816 E0.16474
G1 X14.708 Y4.844 E0.02643
G1 X16.07 Y4.888 E0.06799
G1 X15.988 Y3.912 E0.04886
G1 X15.828 Y2.506 E0.0706
G1 X15.896 Y1.119 E0.06928
G1 X15.896 Y-.1 E0.06082
G1 X15.816 Y-1.215 E0.05577
G1 X15.756 Y-2.709 E0.0746
G1 X15.872 Y-4.113 E0.07028
G1 X15.842 Y-5.013 E0.04493
G1 X14.586 Y-5 E0.06267
G1 X14.076 Y-4.979 E0.02547
G1 X10.93 Y-4.928 E0.15698
G1 X9.367 Y-4.808 E0.07821
G1 X7.383 Y-4.744 E0.09903
G1 X5.233 Y-4.496 E0.10798
G1 X4.718 Y-4.453 E0.02578
G1 X4.425 Y-4.429 E0.01467
G1 X3.565 Y-4.285 E0.0435
G1 F1145.6 X2.072 Y-4.017 E0.07927
G1 X3.583 Y-3.892 E0.07923
G1 F1200 X3.735 Y-3.803 E0.00879
G1 X4.677 Y-2.379 E0.08518
G1 X4.707 Y-2.334 E0.0027
G1 X4.796 Y-1.777 E0.02814
G1 X4.749 Y-0.039 E0.08674
G1 X4.789 Y2.213 E0.11237
G1 X4.661 Y2.403 E0.01143
G1 X3.814 Y3.664 E0.07579
G1 X3.68 Y3.75 E0.00794
G1 X2.506 Y3.938 E0.05932
G1 X4.452 Y4.257 E0.09838
G1 X4.747 Y4.279 E0.01476
G1 X5.349 Y4.325 E0.03012
G0 F12000 X6.144 Y4.408
G1 F3600 E-1
G0 F12000 X6.248 Y3.417
G0 X2.072 Y-4.017
G1 F3600 E1
G1 F1156.6 X1.792 Y-4.014 E0.01449
G1 F3600 E-1
G0 F12000 X5.258 Y-2.923
;TYPE:SKIN
G1 F3600 E1
G1 F2335.8 X4.811 Y-3.597 E0.04146
G1 X4.766 Y-3.665 E0.00418
G1 X4.808 Y-3.669 E0.00216
G1 X5.324 Y-3.713 E0.02655
G1 X5.357 Y-2.955 E0.03889
G1 X5.258 Y-2.923 E0.00533
G1 F3600 E-1
G0 F12000 X5.439 Y-1.819
G0 X5.433 Y1.599
G0 X5.352 Y3.558
G1 F3600 E1
G1 F2580.6 X4.836 Y3.516 E0.02402
G1 X5.253 Y2.891 E0.03486
G1 X5.359 Y2.925 E0.00516
G1 X5.352 Y3.558 E0.02937
G0 F12000 X5.37 Y3.326
G1 F3600 E-1
;MESH:NONMESH
G0 F600 X5.37 Y3.326 Z10.8
G0 F12000 X6.877 Y-3.922
;TIME_ELAPSED:307.939544
;LAYER:35
;TYPE:FILL
;MESH:pi 3mm.stl
G1 F3600 E1
G1 F9600 X14.88 Y4.081 E0.56465
G1 X15.232 Y4.098 E0.01758
G1 X15.201 Y3.832 E0.01336
G1 X14.361 Y4.057 E0.04339
G1 X10.87 Y3.932 E0.17428
G1 X9.414 Y3.837 E0.07279
G1 X7.408 Y3.783 E0.10012
G1 X5.627 Y3.603 E0.08931
G1 X5.653 Y2.09 E0.0755
G1 X5.626 Y0.657 E0.07151
G1 X5.706 Y0.651 E0.004
G1 X5.672 Y-.132 E0.0391
G1 X5.672 Y-1.008 E0.0437
G1 X5.652 Y-1.009 E0.001
G1 X5.691 Y-2.351 E0.06698
G1 X5.654 Y-2.906 E0.02775
G1 X5.616 Y-3.774 E0.04335
G1 X7.417 Y-3.984 E0.09046
G1 X9.693 Y-4.06 E0.11361
G1 X10.905 Y-4.152 E0.06064
G1 X14.023 Y-4.204 E0.15558
G1 X14.123 Y-4.205
G1 F3600 E-1
G0 F12000 X14.13 Y-3.969
G0 X-15.677 Y-.317
G1 F3600 E1
G1 F9600 X-6.456 Y-2.788 E0.47627
G1 X-6.482 Y-2.58 E0.01046
G1 X-6.227 Y-2.4 E0.01557
G1 X-6.235 Y-2.119 E0.01402
G1 X-6.041 Y-.809 E0.06607
G1 X-6.691 Y-.693 E0.03294
G1 X-6.692 Y-.52 E0.00863
G1 X-10.175 Y-4.004 E0.24578
G1 X-8.146 Y-3.895 E0.10137
G1 X-6.886 Y-3.805 E0.06302
G1 X-8.954 Y3.912 E0.39859
G1 X-9.929 Y3.959 E0.0487
G1 X-11.489 Y4.008 E0.07787
G1 X-15.208 Y4.184 E0.18575
G1 X-15.995 Y4.173 E0.03927
G1 X-15.844 Y2.6 E0.07884
G1 X-15.805 Y1.004 E0.07965
G1 X-15.631 Y-0.012 E0.05143
G1 X-15.792 Y-1.065 E0.05314
G1 X-15.803 Y-2.708 E0.08197
G1 X-15.954 Y-4.199 E0.07477
G1 X-15.964 Y-4.298
G1 F3600 E-1
G0 F12000 X-15.965 Y-4.263
G0 X-6.366 Y2.768
G0 X-5.987 Y2.766
;TYPE:WALL-INNER
G1 F3600 E1
G1 F3000 X-6.068 Y2.464 E0.0156
G1 X-6.043 Y1.874 E0.02946
G1 X-5.729 Y1.222 E0.0361
G1 X-5.374 Y0.486
G1 X-5.546 Y0.069
G1 X-5.681 Y-.838
G1 X-5.876 Y-2.148
G1 X-5.871 Y-2.325
G1 X-5.784 Y-2.548
G1 X-5.552 Y-2.756
G1 X-5.509 Y-2.778
G1 F600 X-3.557 Y-3.768 E0.07098
G1 F3000 X-5.263 Y-4.047 E0.08624
G1 X-5.569 Y-4.069 E0.01531
G1 X-8.102 Y-4.253 E0.1267
G1 X-9.587 Y-4.333 E0.07419
G1 X-11.395 Y-4.412 E0.09029
G1 X-12.519 Y-4.416 E0.05608
G1 X-15.135 Y-4.552 E0.13069
G1 X-16.353 Y-4.565 E0.06077
G1 X-16.162 Y-2.677 E0.09467
G1 X-16.152 Y-1.036 E0.08187
G1 X-15.995 Y-0.02 E0.05129
G1 X-16.165 Y0.974 E0.05031
G1 X-16.207 Y2.626 E0.08245
G1 X-16.39 Y4.53 E0.09543
G1 X-15.191 Y4.544 E0.05982
G1 X-11.479 Y4.368 E0.1854
G1 X-9.909 Y4.319 E0.07837
G1 X-8.169 Y4.235 E0.08691
G1 X-5.709 Y4.052 E0.12307
G1 X-5.695 Y4.051 E0.0007
G1 X-5.458 Y4.042 E0.01183
G1 X-3.828 Y3.771 E0.08244
G1 X-5.272 Y3.033 E0.0809
G1 X-5.473 Y3.065 E0.01015
G1 X-5.629 Y3.042 E0.00787
G1 X-5.667 Y3.013 E0.00238
G1 X-5.987 Y2.766 E0.02017
G1 F3600 E-1
G0 F12000 X-6.666 Y2.77
G0 X4.349 Y3.871
G1 F3600 E1
G1 F3000 X6.014 Y4.003 E0.08333
G1 X7.387 Y4.144 E0.06886
G1 X9.387 Y4.197 E0.09982
G1 X10.855 Y4.292 E0.07339
G1 X14.143 Y4.408 E0.16414
G1 X15.077 Y4.457 E0.04666
G1 X15.61 Y4.474 E0.02661
G1 X15.538 Y3.613 E0.04311
G1 X15.414 Y2.538 E0.05399
G1 X15.504 Y0.801 E0.08678
G1 X15.5 Y-0.081 E0.044
G1 X15.4 Y-1.487 E0.07032
G1 X15.352 Y-2.671 E0.05912
G1 X15.439 Y-3.788 E0.0559
G1 X15.414 Y-4.6 E0.04053
G1 X14.833 Y-4.592 E0.02899
G1 X14.018 Y-4.564 E0.04068
G1 X10.892 Y-4.512 E0.15598
G1 X9.676 Y-4.42 E0.06084
G1 X7.393 Y-4.345 E0.11396
G1 X5.868 Y-4.165 E0.07661
G1 X4.334 Y-4.044 E0.07677
G1 X3.504 Y-3.904 E0.04199
G1 F2334.6 X3.49 Y-3.899 E0.00095
G1 X2.789 Y-3.668 E0.04732
G1 X3.236 Y-3.288 E0.03761
G1 F3000 X3.788 Y-2.456 E0.04981
G1 X3.881 Y-2.219 E0.0127
G1 X4.069 Y-1.041 E0.05951
G1 X4.499 Y-.361 E0.04014
G1 X4.493 Y0.009 E0.01846
G1 X4.201 Y0.682 E0.0366
G1 X4.074 Y2.006 E0.06636
G1 X3.975 Y2.283 E0.01468
G1 X3.363 Y3.195 E0.05479
G1 X2.959 Y3.453 E0.02392
G1 X2.369 Y3.547 E0.02981
G1 X3.657 Y3.758 E0.06512
G1 X4.349 Y3.871 E0.03498
G1 F3600 E-1
G0 F12000 X4.38 Y3.576
G0 X4.856 Y-.23
G0 X4.087 Y-2.439
G0 X3.328 Y-3.617
G0 X2.789 Y-3.668
G1 F3600 E1
G1 F2170 X1.82 Y-3.665 E0.06684
G1 F3600 E-1
G0 F12000 X3.632 Y-3.317
G0 X-.285 Y-3.868
;TYPE:WALL-OUTER
G1 F3600 E1
G1 F1090.9 X-.791 Y-3.788 E0.02811
G1 F866.4 X-2.456 Y-3.949 E0.11558
G1 F3600 E-1
G0 F12000 X-3.018 Y-3.853
G0 X-5.754 Y-2.468
G0 X-6.297 Y1.706
G0 X-5.662 Y2.012
G1 F3600 E1
G1 F1200 X-5.499 Y1.673 E0.01877
G1 X-4.93 Y0.485 E0.06572
G1 X-5.15 Y0.01 E0.02612
G1 X-5.337 Y-1.242 E0.06316
G1 X-5.438 Y-1.921 E0.03425
G1 X-5.484 Y-2.227 E0.01544
G1 X-5.485 Y-2.235 E0.0004
G1 X-5.371 Y-2.399 E0.00996
G1 F600 X-2.767 Y-3.721 E0.0947
G1 F995.9 X-2.456 Y-3.949 E0.02318
G1 X-2.834 Y-4.056 E0.02362
G1 F600 X-5.216 Y-4.445 E0.07827
G1 F1200 X-5.587 Y-4.472 E0.01856
G1 X-8.187 Y-4.658 E0.13005
G1 X-9.569 Y-4.733 E0.06905
G1 X-11.385 Y-4.812 E0.09069
G1 X-12.499 Y-4.816 E0.05558
G1 X-15.123 Y-4.952 E0.13109
G1 X-16.753 Y-4.969 E0.08133
G1 X-16.767 Y-4.69 E0.01394
G1 X-16.56 Y-2.637 E0.10294
G1 X-16.552 Y-1.004 E0.08147
G1 X-16.401 Y-0.021 E0.04962
G1 X-16.564 Y0.936 E0.04843
G1 X-16.605 Y2.588 E0.08244
G1 X-16.807 Y4.68 E0.10486
G1 X-16.791 Y4.925 E0.01225
G1 X-15.184 Y4.944 E0.08018
G1 X-11.467 Y4.768 E0.18565
G1 X-9.89 Y4.719 E0.07871
G1 X-8.139 Y4.634 E0.08746
G1 X-5.706 Y4.453 E0.12172
G1 X-5.693 Y4.452 E0.00065
G1 X-5.417 Y4.44 E0.01378
G1 F600 X-2.793 Y4.005 E0.08625
G1 F1509.4 X-2.357 Y4.053 E0.0174
G1 F1860.5 X-2.466 Y4.042 E0.00353
G1 F1411.8 X-2.712 Y3.894 E0.01217
G1 F600 X-5.232 Y2.603 E0.09182
G1 F1200 X-5.522 Y2.657 E0.01472
G1 X-5.641 Y2.565 E0.0075
G1 X-5.649 Y2.349 E0.01078
G1 X-5.662 Y2.012 E0.01683
G0 F12000 X-5.317 Y1.291
G1 F3600 E-1
G0 F12000 X-6.22 Y0.855
G0 X-2.357 Y4.053
G1 F3600 E1
G1 F2553.2 X-2.182 Y4.032 E0.00413
G1 X-.505 Y3.826 E0.03962
G1 F3600 E-1
G0 F12000 X2.609 Y3.99
G1 F3600 E1
G1 F1200 X4.301 Y4.269 E0.08555
G1 X5.973 Y4.401 E0.08368
G1 X7.361 Y4.544 E0.06961
G1 X9.361 Y4.596 E0.09981
G1 X10.835 Y4.692 E0.07369
G1 X14.123 Y4.808 E0.16414
G1 X15.063 Y4.856 E0.04696
G1 X16.046 Y4.888 E0.04907
G1 X15.935 Y3.567 E0.06614
G1 X15.816 Y2.513 E0.05292
G1 X15.904 Y0.811 E0.08503
G1 X15.9 Y-0.096 E0.04525
G1 X15.8 Y-1.503 E0.07037
G1 X15.752 Y-2.713 E0.06041
G1 X15.839 Y-3.778 E0.05331
G1 X15.802 Y-5.005 E0.06124
G1 X14.819 Y-4.992 E0.04905
G1 X14.012 Y-4.964 E0.04029
G1 X10.874 Y-4.912 E0.15658
G1 X9.663 Y-4.82 E0.06059
G1 X7.363 Y-4.744 E0.11481
G1 X5.836 Y-4.564 E0.07671
G1 X4.285 Y-4.441 E0.07762
G1 X2.702 Y-4.174
G1 X1.833 Y-4.106
G1 X1.563 Y-4.085
G1 F1221.4 X0.035 Y-3.862 E0.07569
G1 F1329.6 X-.285 Y-3.868 E0.01441
G1 F1348.3 X-.169 Y-3.851 E0.00521
G1 F1237.1 X0.392 Y-3.581 E0.03013
G1 F1200 X1.749 Y-3.231 E0.06992
G1 X2.751 Y-3.156 E0.05013
G1 X2.903 Y-3.067 E0.00879
G1 X3.479 Y-2.199 E0.05197
G1 X3.687 Y-.897 E0.06578
G1 X4.11 Y-.227 E0.03953
G1 X4.109 Y-.103 E0.00619
G1 X3.809 Y0.58 E0.03722
G1 X3.671 Y2.018 E0.07207
G1 X3.031 Y2.972 E0.05731
G1 X2.896 Y3.058 E0.00799
G1 X1.755 Y3.24 E0.05764
G1 X-0.034 Y3.739 E0.09266
G1 F600 X2.514 Y3.981 E0.083
G1 X2.609 Y3.99 E0.00476
G0 F12000 X3.398 Y4.12
G1 F3600 E-1
G0 F12000 X3.512 Y3.433
G0 X4.292 Y2.237
G0 X4.856 Y-.23
G0 X4.862 Y-1.807
;TYPE:SKIN
G1 F3600 E1
G1 F1935.5 X4.738 Y-2.312 E0.03217
G1 F2109.9 X4.636 Y-2.474 E0.01086
G1 X4.51 Y-2.816 E0.02068
G1 X4.254 Y-3.21 E0.02666
G1 X4.868 Y-3.27 E0.03501
G1 X4.916 Y-2.309 E0.0546
G1 F1935.5 X4.862 Y-1.807 E0.03123
G1 F1846.2 X4.866 Y-1.336 E0.03055
G1 F3600 E-1
G0 F12000 X4.892 Y1.851
G1 F3600 E1
G1 F2109.9 X4.878 Y2.116 E0.01506
G0 F12000 X4.365 Y3.085
G1 F2474.2 X4.649 Y2.67 E0.02434
G1 F2253.5 X4.878 Y2.116 E0.03185
G1 X4.906 Y2.66 E0.02894
G1 F2474.2 X4.897 Y3.138 E0.02314
G1 X4.365 Y3.085 E0.02587
G0 F12000 X4.444 Y3.501
G1 F2400 X3.979 Y3.425 E0.02351
G1 X3.695 Y3.379 E0.01435
G1 X4.313 Y2.451 E0.05562
G1 X4.452 Y2.045 E0.02141
G1 X4.48 Y1.748 E0.01488
G1 F1935.5 X4.613 Y1.36 E0.02537
G1 F1666.7 X4.651 Y0.797 E0.04054
G1 F1867.7 X4.759 Y0.478 E0.02159
G1 X4.814 Y0.315 E0.01103
G1 F2060.1 X4.872 Y0.185 E0.00827
G1 F2162.2 X4.902 Y-.119 E0.01692
G1 F2201.8 X4.878 Y-.442 E0.01761
G1 F2105.3 X4.768 Y-.689 E0.01538
G1 X4.743 Y-.744 E0.00344
G1 F2222.2 X4.428 Y-1.18 E0.02898
G1 F2400 X4.258 Y-2.275 E0.05528
G1 X4.123 Y-2.63 E0.01895
G1 X3.537 Y-3.523 E0.05329
G1 X3.885 Y-3.582 E0.01761
G1 X4.345 Y-3.661 E0.02329
G1 X5.273 Y-3.736 E0.04645
G1 X5.347 Y-2.34 E0.06974
G1 X5.32 Y-1.331 E0.05036
G1 F2147.7 X5.266 Y-.831 E0.02804
G1 F1951.2 X5.287 Y-.798 E0.0024
G1 F2105.3 X5.322 Y-.189 E0.03469
G1 F2167 X5.321 Y0.378 E0.03133
G1 F1912.4 X5.209 Y0.608 E0.01602
G1 F1702.1 X5.203 Y1.382 E0.05445
G1 F1935.5 X5.316 Y1.816 E0.02774
G1 F2400 X5.287 Y3.564 E0.08722
G1 X4.444 Y3.501 E0.04217
G1 F3600 E-1
G0 F12000 X4.461 Y3.282
G0 X-6 Y3.482
G1 F3600 E1
G1 F1297.3 X-5.734 Y3.542 E0.02517
G1 F1470.1 X-5.681 Y3.542 E0.00432
G1 X-5.506 Y3.54 E0.01425
G0 F12000 X-6.305 Y2.198
G0 X-6.219 Y1.278
G1 F2025.3 X-6.296 Y1.263 E0.00464
G1 F2142.9 X-6.349 Y0.154 E0.06204
G1 F2370.4 X-6.36 Y-.413 E0.02865
G1 F2474.2 X-6.006 Y-.475 E0.01739
G1 F2341.5 X-5.926 Y0.166 E0.03303
G1 F2114.5 X-5.83 Y0.473 E0.01821
G1 F2025.3 X-6.219 Y1.278 E0.05286
G1 F3600 E-1
G0 F12000 X-6.192 Y-2.695
G0 X-6.013 Y-3.136
G1 F3600 E1
G1 F1927.7 X-6.034 Y-3.671 E0.03326
G1 X-5.549 Y-3.634 E0.03021
G1 X-5.311 Y-3.616 E0.01483
G1 X-4.918 Y-3.554 E0.02471
G1 X-5.531 Y-3.246 E0.04261
G1 X-5.745 Y-3.139 E0.01486
G1 X-6.047 Y-2.876 E0.02487
G1 X-6.013 Y-3.136 E0.01629
G0 F12000 X-6.036 Y-3.186
G1 F3600 E-1
;MESH:NONMESH
G0 F12000 X-6.034 Y-3.187
G0 X7.144 Y-3.955
;TIME_ELAPSED:320.449564
;LAYER:36
;MESH:pi 3mm.stl
G0 X7.144 Y-3.955 Z11.1
;TYPE:FILL
G1 F3600 E1
G1 F9600 X15.198 Y4.096 E0.56815
G1 X15.194 Y4.054 E0.0021
G1 X15.062 Y4.089 E0.00681
G1 X14.104 Y4.04 E0.04786
G1 X10.83 Y3.92 E0.16345
G1 X9.709 Y3.849 E0.05604
G1 X7.397 Y3.791 E0.11538
G1 X6.675 Y3.718 E0.0362
G1 X5.576 Y3.633 E0.05499
G1 X5.601 Y2.077 E0.07764
G1 X5.566 Y0.222 E0.09256
G1 X5.631 Y-2.302 E0.12596
G1 X5.563 Y-3.805 E0.07506
G1 X6.516 Y-3.884 E0.04771
G1 X7.395 Y-3.984 E0.04414
G1 X9.982 Y-4.068 E0.12913
G1 X10.851 Y-4.136 E0.04349
G1 X13.96 Y-4.191 E0.15513
G1 X14.06 Y-4.192
G1 F3600 E-1
G0 F12000 X-.228 Y-3.555
G0 X-15.602 Y-.118
G1 F3600 E1
G1 F9600 X-6.367 Y-2.592 E0.47698
G1 X-6.404 Y-2.304 E0.01449
G1 X-6.399 Y-1.753 E0.02749
G1 X-6.544 Y-.672 E0.05441
G1 X-9.851 Y-3.979 E0.23333
G1 X-8.989 Y-3.941 E0.04305
G1 X-7.1 Y-3.825 E0.09442
G1 X-9.176 Y3.924 E0.40023
G1 X-11.434 Y4 E0.11272
G1 X-14.293 Y4.136 E0.1428
G1 X-15.394 Y4.172 E0.05496
G1 X-15.988 Y4.165 E0.02964
G1 X-15.843 Y2.661 E0.07538
G1 X-15.809 Y1.297 E0.06807
G1 X-15.587 Y-0.019 E0.06658
G1 X-15.796 Y-1.366 E0.06801
G1 X-15.803 Y-2.714 E0.06725
G1 X-15.947 Y-4.193 E0.07414
G1 X-15.956 Y-4.292
G1 F3600 E-1
G0 F12000 X-15.957 Y-4.256
G0 X-3.566 Y-3.481
G0 X-3.517 Y-3.775
;TYPE:WALL-INNER
G1 F3600 E1
G1 F3000 X-5.065 Y-4.027 E0.07825
G1 X-6.756 Y-4.162 E0.08463
G1 X-8.975 Y-4.302 E0.11093
G1 X-11.322 Y-4.404 E0.1172
G1 X-12.717 Y-4.404 E0.0696
G1 X-15.344 Y-4.548 E0.13126
G1 X-16.315 Y-4.557 E0.04845
G1 X-16.325 Y-4.336 E0.01104
G1 X-16.162 Y-2.684 E0.08282
G1 X-16.156 Y-1.336 E0.06725
G1 X-15.952 Y-0.024 E0.06624
G1 X-16.169 Y1.269 E0.06541
G1 X-16.202 Y2.63 E0.06792
G1 X-16.365 Y4.326 E0.085
G1 X-16.352 Y4.521 E0.00975
G1 X-15.383 Y4.532 E0.04835
G1 X-14.272 Y4.496 E0.05546
G1 X-11.424 Y4.36 E0.14225
G1 X-9.406 Y4.295 E0.10073
G1 X-8.16 Y4.237 E0.06223
G1 X-6.219 Y4.096 E0.09709
G1 X-5.276 Y4.054 E0.04709
G1 X-3.491 Y3.755 E0.09029
G1 X-3.056 Y3.72 E0.02177
G1 X-2.287 Y3.659 E0.03849
G1 X-2.807 Y3.181 E0.03524
G1 X-4.042 Y2.551 E0.06917
G1 X-4.305 Y2.284 E0.0187
G1 X-4.368 Y2.05 E0.01209
G1 X-4.354 Y1.849 E0.01005
G1 X-4.066 Y1.251 E0.03311
G1 X-4.581 Y0.18 E0.05929
G1 X-4.806 Y-1.352 E0.07725
G1 X-4.799 Y-1.568 E0.01078
G1 X-4.738 Y-1.73 E0.00864
G1 X-4.605 Y-1.894 E0.01053
G1 X-3.929 Y-2.478 E0.04457
G1 F2934 X-2.415 Y-3.25 E0.08669
G1 F2830.2 X-1.652 Y-3.175 E0.04054
G1 F2823.5 X-.797 Y-3.519 E0.04885
G1 F2898.6 X-2.705 Y-3.712 E0.09902
G1 F2970.3 X-2.78 Y-3.718 E0.00379
G1 X-3.517 Y-3.775 E0.03725
G1 F3600 E-1
G0 F12000 X-3.566 Y-3.481
G0 X-.228 Y-3.555
G0 X2.131 Y-2.545
G0 X3.464 Y-.254
G0 X3.363 Y3.451
G0 X3.337 Y3.746
G1 F3600 E1
G1 F3000 X4.201 Y3.887 E0.04368
G1 X6.635 Y4.075 E0.12179
G1 X7.375 Y4.152 E0.03712
G1 X9.682 Y4.209 E0.11513
G1 X10.814 Y4.28 E0.05659
G1 X14.083 Y4.4 E0.1632
G1 X15.59 Y4.472 E0.07527
G1 X15.49 Y3.269 E0.06022
G1 X15.406 Y2.547 E0.03626
G1 X15.508 Y0.493 E0.1026
G1 X15.508 Y-0.078 E0.02849
G1 X15.388 Y-1.771 E0.08468
G1 X15.353 Y-2.745 E0.04862
G1 X15.411 Y-3.455 E0.03554
G1 X15.375 Y-4.592 E0.05675
G1 X13.955 Y-4.551 E0.07087
G1 X10.838 Y-4.496 E0.15553
G1 X9.996 Y-4.429 E0.04214
G1 X7.373 Y-4.345 E0.13093
G1 X6.478 Y-4.242 E0.04495
G1 X4.191 Y-4.052 E0.11449
G1 X3.343 Y-3.913 E0.04287
G1 X1.42 Y-3.765 E0.09622
G1 X0.347 Y-3.61 E0.05409
G1 X0.097 Y-3.574 E0.0126
G1 X1.605 Y-2.804 E0.08447
G1 X1.972 Y-2.74 E0.01859
G1 X2.373 Y-2.474 E0.02401
G1 X2.524 Y-2.232 E0.01423
G1 X2.596 Y-1.95 E0.01452
G1 X3.481 Y-.535 E0.08327
G1 X3.56 Y-.338 E0.01059
G1 X3.553 Y-0.048 E0.01447
G1 X2.872 Y1.515 E0.08506
G1 X2.825 Y1.927 E0.02069
G1 X2.537 Y2.432 E0.029
G1 X2.127 Y2.694 E0.02427
G1 X1.366 Y2.864 E0.0389
G1 X0.277 Y3.465 E0.06206
G1 X0.779 Y3.511 E0.02515
G1 X3.337 Y3.746 E0.12816
G1 F3600 E-1
G0 F12000 X3.363 Y3.451
G0 X-.285 Y3.592
G0 X-1.943 Y3.753
G0 X-4.179 Y2.818
G0 X-3.86 Y2.195
;TYPE:WALL-OUTER
G1 F3600 E1
G1 F1200 X-3.947 Y2.106 E0.00621
G1 X-3.964 Y1.972 E0.00674
G1 X-3.622 Y1.251 E0.03981
G1 X-4.194 Y0.064 E0.06574
G1 X-4.41 Y-1.41 E0.07432
G1 X-4.385 Y-1.556 E0.00739
G1 X-3.683 Y-2.155 E0.04604
G1 X-2.367 Y-2.821 E0.07358
G1 X-1.59 Y-2.752 E0.03892
G1 X-.624 Y-3.141 E0.05195
G1 F1012.7 X-.265 Y-3.35 E0.02456
G1 X0.121 Y-3.114 E0.02675
G1 F1200 X1.477 Y-2.42 E0.076
G1 X1.903 Y-2.346 E0.02157
G1 X2.037 Y-2.257 E0.00803
G1 X2.178 Y-2.02 E0.01376
G1 X2.215 Y-1.805 E0.01088
G1 X3.17 Y-.278 E0.08985
G1 X3.169 Y-.176 E0.00509
G1 X2.48 Y1.412 E0.08636
G1 X2.435 Y1.837 E0.02132
G1 X2.203 Y2.211 E0.02196
G1 X2.067 Y2.298 E0.00805
G1 X1.711 Y2.352 E0.01796
G1 X1.213 Y2.491 E0.02579
G1 F1167.9 X-.399 Y3.385 E0.09449
G1 F1142.9 X-.958 Y3.427 E0.02937
G1 F1121.5 X-1.77 Y3.518 E0.04362
G1 F1142.9 X-1.928 Y3.447 E0.00907
G1 F1200 X-2.576 Y2.85 E0.04396
G1 X-3.86 Y2.195 E0.07191
G0 F12000 X-3.947 Y2.106
G0 X-3.964 Y1.972
G0 X-3.733 Y1.484
G1 F3600 E-1
G0 F12000 X-4.387 Y1.252
G0 X-4.334 Y2.208
G0 X-1.943 Y3.753
G0 X-.451 Y3.608
G0 X15.736 Y4.612
G0 X16.026 Y4.885
G1 F3600 E1
G1 F1200 X15.887 Y3.223 E0.08321
G1 X15.808 Y2.522 E0.03519
G1 X15.908 Y0.503 E0.10085
G1 X15.908 Y-0.092 E0.02968
G1 X15.788 Y-1.787 E0.08478
G1 X15.752 Y-2.713 E0.04623
G1 X15.811 Y-3.445 E0.03664
G1 X15.762 Y-4.997 E0.07747
G1 X15.052 Y-4.988 E0.03542
G1 X13.948 Y-4.951 E0.05511
G1 X10.818 Y-4.896 E0.15618
G1 X9.955 Y-4.828 E0.04319
G1 X7.343 Y-4.744 E0.13038
G1 X6.445 Y-4.64 E0.0451
G1 X4.141 Y-4.449 E0.11534
G1 X3.312 Y-4.312 E0.04192
G1 X1.391 Y-4.165 E0.09612
G1 X0.309 Y-4.008 E0.05455
G1 F1008.4 X-.25 Y-3.913 E0.03366
G1 X-.318 Y-3.902 E0.00409
G1 X-.392 Y-3.889 E0.00446
G1 X-.837 Y-3.94 E0.02659
G1 F1200 X-2.196 Y-4.081 E0.06816
G1 X-3.453 Y-4.17 E0.06287
G1 X-5.017 Y-4.425 E0.07906
G1 X-6.73 Y-4.561 E0.08573
G1 X-8.957 Y-4.702 E0.11133
G1 X-11.313 Y-4.804 E0.11765
G1 X-12.695 Y-4.804 E0.06895
G1 X-15.331 Y-4.948 E0.13171
G1 X-16.697 Y-4.961 E0.06815
G1 X-16.727 Y-4.326 E0.03172
G1 X-16.56 Y-2.644 E0.08433
G1 X-16.556 Y-1.304 E0.06685
G1 X-16.357 Y-0.025 E0.06458
G1 X-16.568 Y1.231 E0.06354
G1 X-16.6 Y2.592 E0.06792
G1 X-16.767 Y4.32 E0.08661
G1 X-16.728 Y4.917 E0.02985
G1 X-15.379 Y4.932 E0.06731
G1 X-14.253 Y4.896 E0.05621
G1 X-11.411 Y4.76 E0.14195
G1 X-9.388 Y4.695 E0.10098
G1 X-8.136 Y4.636 E0.06253
G1 X-6.201 Y4.496 E0.09679
G1 X-5.234 Y4.452 E0.04829
G1 X-3.408 Y4.148 E0.09235
G1 X-2.624 Y4.086 E0.03924
G1 X-2.333 Y4.063 E0.01456
G1 F1142.9 X-1.718 Y3.952 E0.03274
G1 F1121.5 X-.897 Y3.84 E0.04423
G1 F1142.9 X-.214 Y3.82 E0.03579
G1 F1167.9 X-0.015 Y3.838 E0.01024
G1 X3.317 Y4.146 E0.17153
G1 F1200 X4.153 Y4.285 E0.04228
G1 X6.593 Y4.473 E0.12209
G1 X7.349 Y4.552 E0.03792
G1 X9.657 Y4.608 E0.11518
G1 X10.794 Y4.68 E0.05684
G1 X14.063 Y4.8 E0.1632
G1 X15.32 Y4.864 E0.06279
G1 X16.026 Y4.885 E0.03524
G0 F12000 X15.96 Y4.088
G1 F3600 E-1
G0 F12000 X15.263 Y4.146
G0 X3.446 Y3.374
;TYPE:SKIN
;BRIDGE
M107
G1 F3600 E1
G1 F1200 X1.837 Y3.229 E0.0806
G1 X1.572 Y3.205 E0.01328
G1 X2.227 Y3.06 E0.03347
G1 X2.797 Y2.693 E0.03382
G1 X3.055 Y2.335 E0.02202
G1 X3.188 Y2.036 E0.01633
G1 X3.244 Y1.609 E0.02149
G1 X3.872 Y0.173 E0.07819
G1 X3.945 Y-.12 E0.01506
G1 X3.932 Y-.387 E0.01334
G1 X3.827 Y-.68 E0.01553
G1 X3.819 Y-.701 E0.00112
G1 X3.689 Y-.91 E0.01228
G1 X2.953 Y-2.094 E0.06955
G1 X2.864 Y-2.396 E0.01571
G1 X2.635 Y-2.731 E0.02024
G1 X2.107 Y-3.083 E0.03166
G1 X1.725 Y-3.168 E0.01952
G1 X1.452 Y-3.306 E0.01526
G1 X1.32 Y-3.373 E0.00739
G1 X3.436 Y-3.54 E0.1059
G1 X4.233 Y-3.673 E0.04031
G1 X5.222 Y-3.755 E0.04951
G1 X5.291 Y-2.301 E0.07262
G1 X5.224 Y0.206 E0.12512
G1 X5.259 Y2.067 E0.09286
G1 X5.235 Y3.584 E0.07569
G1 X4.241 Y3.509 E0.04973
G1 X3.446 Y3.374 E0.04023
G0 F12000 X5.048 Y2.732
G1 F1200 X4.346 Y3.316 E0.04556
G0 F12000 X3.646 Y3.206
G1 F1200 X5.058 Y2.03 E0.09168
G0 F12000 X5.046 Y1.347
G1 F1200 X2.912 Y3.124 E0.13854
G1 X2.836 Y3.187
G0 F12000 X3.396 Y2.027
G1 F1200 X5.033 Y0.664 E0.10627
G0 F12000 X5.03 Y-0.028
G1 F1200 X3.69 Y1.088 E0.087
G1 X3.614 Y1.151
G0 F12000 X4.109 Y0.046
G1 F1200 X5.049 Y-.737 E0.06104
G0 F12000 X5.068 Y-1.447
G1 F1200 X4.058 Y-.606 E0.06557
G0 F12000 X3.813 Y-1.095
G1 F1200 X5.086 Y-2.156 E0.08268
G0 F12000 X5.065 Y-2.832
G1 F1200 X3.528 Y-1.552 E0.09979
G0 F12000 X3.243 Y-2.008
G1 F1200 X5.033 Y-3.498 E0.11619
G1 X5.109 Y-3.561
G0 F12000 X4.149 Y-3.456
G1 F1200 X3.021 Y-2.517 E0.07322
G0 F12000 X2.689 Y-2.934
G1 F1200 X3.15 Y-3.318 E0.02993
G1 F3600 E-1
G0 F12000 X0.11 Y-3.531
G0 X-3.581 Y-3.398
G1 F3600 E1
G1 F1200 X-3.435 Y-3.385 E0.00731
G1 X-3.055 Y-3.352 E0.01903
G1 X-4.12 Y-2.806 E0.05971
G1 X-4.847 Y-2.184 E0.04773
G1 X-5.059 Y-1.93 E0.01651
G1 X-5.172 Y-1.625 E0.01623
G1 X-5.184 Y-1.333 E0.01458
G1 X-4.948 Y0.276 E0.08113
G1 X-4.484 Y1.256 E0.0541
G1 X-4.716 Y1.788 E0.02896
G1 X-4.742 Y2.092 E0.01522
G1 X-4.638 Y2.46 E0.01908
G1 X-4.242 Y2.875 E0.02862
G1 X-3.326 Y3.341 E0.05127
G1 X-3.682 Y3.4 E0.018
G1 X-5.31 Y3.672 E0.08235
G1 X-6.161 Y3.713 E0.04251
G1 X-6.136 Y2.862 E0.04247
G1 X-6.198 Y2.239 E0.03124
G1 X-6.295 Y0.053 E0.10917
G1 X-6.055 Y-1.751 E0.09079
G1 X-6.063 Y-2.287 E0.02674
G1 X-5.987 Y-2.862 E0.02894
G1 X-6.029 Y-3.723 E0.04301
G1 X-5.16 Y-3.657 E0.04348
G1 X-3.581 Y-3.398 E0.07983
G0 F12000 X-5.596 Y-3.49
G1 F1200 X-5.788 Y-2.892 E0.03133
G0 F12000 X-5.053 Y-3.437
G1 F1200 X-6.037 Y-.381 E0.16017
G1 X-6.067 Y-.286
G0 F12000 X-5.321 Y-.865
G1 F1200 X-6.037 Y1.36 E0.11661
G1 X-6.067 Y1.455
G0 F12000 X-4.813 Y1.035
G1 F1200 X-5.602 Y3.486 E0.12846
G0 F12000 X-5.021 Y3.421
G1 F1200 X-4.761 Y2.614 E0.0423
G0 F12000 X-4.335 Y3.031
G1 F1200 X-4.429 Y3.322 E0.01526
G0 F12000 X-5.942 Y2.805
G1 F1200 X-5.143 Y0.322 E0.13013
G1 X-5.113 Y0.227
G0 F12000 X-5.107 Y-1.77
G0 X-4.798 Y-2.491
G1 F1200 X-4.521 Y-3.349 E0.04498
G0 F12000 X-3.989 Y-3.263
G1 F1200 X-4.053 Y-3.065 E0.01038
G0 F12000 X-4.061 Y-3.084
G1 F3600 E-1
;MESH:NONMESH
G0 F600 X-4.061 Y-3.084 Z11.4
G0 F12000 X-.611 Y-3.508
G0 X7.41 Y-3.989
;TIME_ELAPSED:335.321034
;LAYER:37
M106 S255
;TYPE:FILL
;MESH:pi 3mm.stl
G1 F3600 E1
G1 F9600 X15.143 Y3.743 E0.54557
G1 X15.173 Y4.092 E0.01748
G1 X14.067 Y4.038 E0.05524
G1 X11.087 Y3.929 E0.14877
G1 X10.006 Y3.865 E0.05403
G1 X7.37 Y3.796 E0.13156
G1 X4.778 Y3.596 E0.1297
G1 X5.554 Y2.439 E0.0695
G1 X5.51 Y-0.021 E0.12275
G1 X5.56 Y-1.832 E0.09039
G1 X5.435 Y-2.613 E0.03946
G1 X4.968 Y-3.32 E0.04227
G1 X5.094 Y-3.792 E0.02437
G1 X7.113 Y-3.955 E0.10106
G1 X7.379 Y-3.989 E0.01338
G1 X10.278 Y-4.08 E0.1447
G1 X10.795 Y-4.12 E0.02587
G1 X13.896 Y-4.175 E0.15473
G1 X13.996 Y-4.176
G1 F3600 E-1
G0 F12000 X-.178 Y-3.366
G0 X-15.565 Y0.093
G1 F3600 E1
G1 F9600 X-6.263 Y-2.4 E0.48046
G1 X-6.286 Y-2.039 E0.01805
G1 X-6.443 Y-.873 E0.0587
G1 X-9.536 Y-3.965 E0.21819
G1 X-8.979 Y-3.943 E0.02781
G1 X-7.317 Y-3.839 E0.08308
G1 X-9.399 Y3.931 E0.40132
G1 X-11.366 Y3.987 E0.09817
G1 X-13.764 Y4.104 E0.11978
G1 X-15.989 Y4.173 E0.11106
G1 X-15.844 Y2.67 E0.07533
G1 X-15.813 Y1.6 E0.0534
G1 X-15.566 Y0.118 E0.07496
G1 X-15.565 Y-.161 E0.01392
G1 X-15.796 Y-1.663 E0.07582
G1 X-15.799 Y-2.651 E0.04929
G1 X-15.95 Y-4.204 E0.07784
G1 X-15.959 Y-4.303
G1 F3600 E-1
G0 F12000 X-15.96 Y-4.251
G0 X-.178 Y-3.366
G0 X1.426 Y-2.557
G0 X2.926 Y-.546
G0 X2.624 Y-.357
;TYPE:WALL-INNER
G1 F3600 E1
G1 F3000 X2.615 Y-.124 E0.01163
G1 F600 X1.72 Y1.961 E0.07358
G1 F3000 X1.46 Y2.249 E0.01936
G1 F2977.7 X-.188 Y3.164 E0.09475
G1 F3076.9 X-1.258 Y3.241 E0.05218
G1 F3108.8 X-1.621 Y3.1 E0.01875
G1 F3000 X-2.508 Y2.292 E0.05986
G1 X-2.87 Y1.772 E0.03161
G1 X-3.624 Y0.207 E0.08667
G1 X-3.744 Y-.642 E0.04278
G1 X-3.7 Y-.891 E0.01262
G1 X-3.601 Y-1.062 E0.00986
G1 X-2.678 Y-1.87 E0.0612
G1 X-2.452 Y-2.128 E0.01711
G1 X-2.224 Y-2.29 E0.01395
G1 X-.932 Y-2.808 E0.06945
G1 F2702.7 X-.457 Y-3.046 E0.02942
G1 F2339.2 X-.37 Y-3.1 E0.00655
G1 F2390.4 X-.206 Y-3.117 E0.01032
G1 F2777.8 X1.245 Y-2.38 E0.08769
G1 F3000 X1.654 Y-2.073 E0.02551
G1 X1.823 Y-1.865 E0.01337
G1 X2.109 Y-1.281 E0.03244
G1 X2.537 Y-.599 E0.04017
G1 X2.624 Y-.357 E0.01283
G1 F3600 E-1
G0 F12000 X2.926 Y-.546
G0 X15.28 Y4.192
G0 X15.567 Y4.472
G1 F3600 E1
G1 F3000 X15.396 Y2.509 E0.09831
G1 X15.522 Y0.046 E0.12304
G1 X15.341 Y-2.59 E0.13182
G1 X15.379 Y-3.121 E0.02656
G1 X15.334 Y-4.585 E0.07307
G1 X13.891 Y-4.535 E0.07203
G1 X10.781 Y-4.48 E0.15518
G1 X10.292 Y-4.441 E0.02447
G1 X7.357 Y-4.349 E0.1465
G1 X7.081 Y-4.313 E0.01389
G1 X1.264 Y-3.843 E0.29116
G1 X0.763 Y-3.77 E0.02526
G1 X0.213 Y-3.735 E0.0275
G1 F2765 X-.388 Y-3.623 E0.03309
G1 F2510.5 X-.589 Y-3.644 E0.01205
G1 F2702.7 X-1.218 Y-3.659 E0.03484
G1 F3000 X-2.027 Y-3.742 E0.04057
G1 X-4.115 Y-3.887 E0.10442
G1 X-4.844 Y-4.003 E0.03683
G1 X-7.193 Y-4.191 E0.11757
G1 X-8.714 Y-4.286 E0.07603
G1 X-11.253 Y-4.396 E0.12679
G1 X-12.912 Y-4.396 E0.08277
G1 X-15.559 Y-4.544 E0.13227
G1 X-16.263 Y-4.552 E0.03512
G1 X-16.29 Y-3.976 E0.02877
G1 X-16.159 Y-2.635 E0.06722
G1 X-16.156 Y-1.636 E0.04984
G1 X-15.908 Y-0.027 E0.08122
G1 X-16.173 Y1.566 E0.08057
G1 X-16.202 Y2.638 E0.0535
G1 X-16.33 Y3.962 E0.06636
G1 X-16.296 Y4.51 E0.02739
G1 X-15.563 Y4.52 E0.03657
G1 X-13.502 Y4.455 E0.10287
G1 X-11.35 Y4.348 E0.1075
G1 X-8.874 Y4.275 E0.12358
G1 X-8.063 Y4.236 E0.04051
G1 X-6.728 Y4.136 E0.06679
G1 X-5.092 Y4.062 E0.0817
G1 X-4.017 Y3.883 E0.05437
G1 X-2.18 Y3.733 E0.09195
G1 X-1.798 Y3.677 E0.01926
G1 F3108.8 X-1.232 Y3.61 E0.02744
G1 F3061.2 X-.213 Y3.579 E0.04984
G1 F2955.7 X0.505 Y3.582 E0.03636
G1 F3000 X4.025 Y3.898 E0.17632
G1 X7.355 Y4.156 E0.16663
G1 X9.981 Y4.225 E0.13106
G1 X10.825 Y4.274 E0.04218
G1 X14.053 Y4.397 E0.16116
G1 X15.567 Y4.472 E0.07563
G0 F12000 X16.003 Y4.893
;TYPE:WALL-OUTER
G1 F1200 X15.834 Y2.873 E0.10113
G1 X15.796 Y2.529 E0.01727
G1 X15.923 Y0.042 E0.12424
G1 X15.74 Y-2.649 E0.13456
G1 X15.779 Y-3.11 E0.02308
G1 X15.722 Y-4.999 E0.09429
G1 X13.884 Y-4.935 E0.09175
G1 X10.762 Y-4.88 E0.15578
G1 X10.251 Y-4.84 E0.02557
G1 X7.325 Y-4.748 E0.14605
G1 X7.049 Y-4.712 E0.01389
G1 X1.219 Y-4.241 E0.29181
G1 X0.688 Y-4.164 E0.02677
G1 X-1.177 Y-4.057 E0.0932
G1 X-1.999 Y-4.141 E0.04122
G1 X-4.052 Y-4.282 E0.10267
G1 X-4.796 Y-4.401 E0.03759
G1 X-7.167 Y-4.59 E0.11866
G1 X-8.696 Y-4.686 E0.07643
G1 X-11.245 Y-4.796 E0.12729
G1 X-12.891 Y-4.796 E0.08212
G1 X-15.544 Y-4.944 E0.13256
G1 X-16.645 Y-4.957 E0.05493
G1 X-16.691 Y-3.966 E0.04949
G1 X-16.559 Y-2.633 E0.06683
G1 X-16.556 Y-1.604 E0.05134
G1 X-16.316 Y-0.026 E0.07963
G1 X-16.572 Y1.528 E0.07857
G1 X-16.6 Y2.6 E0.0535
G1 X-16.731 Y3.956 E0.06797
G1 X-16.672 Y4.906 E0.04749
G1 X-15.551 Y4.92 E0.05593
G1 X-13.482 Y4.855 E0.10327
G1 X-11.338 Y4.748 E0.1071
G1 X-8.856 Y4.675 E0.12388
G1 X-8.1 Y4.64 E0.03776
G1 X-6.71 Y4.536 E0.06954
G1 X-5.05 Y4.46 E0.0829
G1 X-3.936 Y4.276 E0.05633
G1 X-2.151 Y4.133 E0.08934
G1 X-1.185 Y3.993 E0.0487
G1 X0.467 Y3.98 E0.08242
G1 X3.994 Y4.297 E0.17667
G1 X7.335 Y4.556 E0.16718
G1 X9.957 Y4.624 E0.13086
G1 X10.75 Y4.672 E0.03964
G1 X14.033 Y4.797 E0.16391
G1 X16.003 Y4.893 E0.0984
G0 F12000 X15.937 Y4.096
G1 F3600 E-1
G0 F12000 X15.242 Y4.153
G0 X-.178 Y-3.366
G0 X-2.504 Y-2.436
G0 X-4.039 Y-.995
G0 X-3.344 Y-.656
G1 F3600 E1
G1 F1200 X-3.302 Y-.788 E0.00691
G1 X-2.394 Y-1.586 E0.06031
G1 X-2.075 Y-1.918 E0.02297
G1 X-.242 Y-2.651 E0.09849
G1 X-.125 Y-2.627 E0.00596
G1 X1.096 Y-2.002 E0.06843
G1 X1.464 Y-1.689 E0.0241
G1 X1.759 Y-1.086 E0.03349
G1 X2.198 Y-.387 E0.04118
G1 X2.224 Y-.238 E0.00755
G1 F600 X1.352 Y1.803 E0.07197
G1 F1200 X1.266 Y1.899 E0.00643
G1 X-.297 Y2.766 E0.08917
G1 X-1.231 Y2.856 E0.04681
G1 X-1.351 Y2.804 E0.00652
G1 X-2.272 Y1.958 E0.06239
G1 X-2.525 Y1.57 E0.02311
G1 X-3.237 Y0.089 E0.08198
G1 X-3.344 Y-.656 E0.03755
G0 F12000 X-3.302 Y-.788
G0 X-2.806 Y-1.224
G1 F3600 E-1
G0 F12000 X-3.266 Y-1.754
G0 X-2.504 Y-2.436
G0 X-.178 Y-3.366
G0 X1.426 Y-2.557
G0 X2.971 Y-.352
G0 X1.826 Y2.32
G0 X0.534 Y3.201
;TYPE:SKIN
;BRIDGE
M107
G1 F3600 E1
G1 F1200 X1.673 Y2.566 E0.07157
G1 X1.886 Y2.328 E0.01753
G1 X2.055 Y2.139 E0.01391
G1 X2.985 Y-0.023 E0.12916
G1 X3.001 Y-.37 E0.01906
G1 X2.947 Y-.64 E0.01511
G1 X2.942 Y-.663 E0.00129
G1 X2.436 Y-1.47 E0.05227
G1 X2.192 Y-1.959 E0.02999
G1 X2.14 Y-2.063 E0.00638
G1 X1.912 Y-2.343 E0.01982
G1 X1.445 Y-2.701 E0.03229
G1 X0.203 Y-3.336 E0.07655
G1 X0.734 Y-3.384 E0.02926
G1 X1.282 Y-3.46 E0.03036
G1 X4.302 Y-3.707 E0.16629
G1 X5.109 Y-2.481 E0.08055
G1 X5.219 Y-1.81 E0.03732
G1 X5.168 Y-0.038 E0.09729
G1 X5.21 Y2.336 E0.1303
G1 X4.403 Y3.542 E0.07964
G1 X0.534 Y3.201 E0.21315
G1 F3600 E-1
G0 F12000 X1.826 Y2.32
G0 X2.971 Y-.352
G0 X1.957 Y-2.14
G0 X-.178 Y-3.366
G0 X-.918 Y-3.253
G1 F3600 E1
G1 F1200 X-1.075 Y-3.158 E0.01007
G1 X-1.989 Y-2.79 E0.05407
G1 X-2.367 Y-2.638 E0.02236
G1 X-2.739 Y-2.376 E0.02497
G1 X-2.942 Y-2.142 E0.017
G1 X-3.899 Y-1.301 E0.06992
G1 X-4.038 Y-1.06 E0.01527
G1 X-4.123 Y-.659 E0.0225
G1 X-3.992 Y0.304 E0.05334
G1 X-3.197 Y1.962 E0.10091
G1 X-2.763 Y2.573 E0.04113
G1 X-1.922 Y3.332 E0.06217
G1 X-2.043 Y3.342 E0.00666
G1 X-3.996 Y3.496 E0.10751
G1 X-5.125 Y3.68 E0.06278
G1 X-6.106 Y3.726 E0.0539
G1 X-6.084 Y2.89 E0.04589
G1 X-6.1 Y2.262 E0.03448
G1 X-6.203 Y-0.075 E0.12838
G1 X-5.945 Y-2.005 E0.10686
G1 X-5.916 Y-2.522 E0.02842
G1 X-5.973 Y-3.711 E0.06533
G1 X-4.936 Y-3.633 E0.05707
G1 X-4.104 Y-3.502 E0.04622
G1 X-2.061 Y-3.36 E0.11239
G1 X-.918 Y-3.253 E0.063
G1 F3600 E-1
G0 F12000 X3.632 Y-3.451
G1 F3600 E1
G1 F1200 X5.018 Y-1.791 E0.11868
G0 F12000 X4.997 Y-1.037
G1 F1200 X3.022 Y-3.401 E0.16905
G0 F12000 X2.412 Y-3.352
G1 F1200 X4.975 Y-.283 E0.21943
G0 F12000 X4.978 Y0.5
G1 F1200 X1.803 Y-3.301 E0.27179
G0 F12000 X1.484 Y-2.903
G1 F1200 X1.198 Y-3.246 E0.02451
G0 F12000 X2.642 Y-1.517
G1 F1200 X4.992 Y1.297 E0.2012
G0 F12000 X5.007 Y2.094
G1 F1200 X3.187 Y-0.084 E0.15577
G0 F12000 X2.993 Y0.464
G1 F1200 X4.786 Y2.611 E0.15351
G0 F12000 X4.497 Y3.044
G1 F1200 X2.772 Y0.979 E0.14766
G0 F12000 X2.55 Y1.493
G1 F1200 X4.068 Y3.311 E0.12998
G0 F12000 X3.365 Y3.248
G1 F1200 X2.329 Y2.008 E0.08868
G0 F12000 X2.045 Y2.448
G1 F1200 X2.661 Y3.186 E0.05276
G0 F12000 X1.958 Y3.124
G1 F1200 X1.68 Y2.791 E0.02381
G1 F3600 E-1
G0 F12000 X2.971 Y-.352
G0 X1.957 Y-2.14
G0 X-.178 Y-3.366
G0 X-2.504 Y-2.436
G0 X-4.039 Y-.995
G0 X-3.874 Y0.152
G0 X-2.555 Y3.181
G1 F3600 E1
G1 F1200 X-5.901 Y-.825 E0.28645
G0 F12000 X-5.99 Y-.152
G1 F1200 X-3.165 Y3.23 E0.24183
G0 F12000 X-3.777 Y3.278
G1 F1200 X-5.971 Y0.651 E0.18783
G1 X-6.035 Y0.575
G0 F12000 X-5.935 Y1.474
G1 F1200 X-4.366 Y3.352 E0.1343
G0 F12000 X-4.939 Y3.446
G1 F1200 X-5.899 Y2.297 E0.08217
G0 F12000 X-5.889 Y3.088
G1 F1200 X-5.546 Y3.499 E0.02938
G1 F3600 E-1
G0 F12000 X-4.102 Y0.549
G1 F3600 E1
G1 F1200 X-5.811 Y-1.498 E0.14634
G0 F12000 X-5.734 Y-2.185
G1 F1200 X-4.303 Y-.472 E0.12249
G0 F12000 X-4.205 Y-1.134
G1 F1200 X-5.739 Y-2.971 E0.13134
G0 F12000 X-5.508 Y-3.474
G1 F1200 X-3.911 Y-1.562 E0.13672
G0 F12000 X-3.534 Y-1.891
G1 F1200 X-4.801 Y-3.409 E0.10851
G0 F12000 X-4.058 Y-3.299
G1 F1200 X-3.157 Y-2.219 E0.07719
G0 F12000 X-2.806 Y-2.58
G1 F1200 X-3.366 Y-3.25 E0.04792
G0 F12000 X-2.674 Y-3.201
G1 F1200 X-2.379 Y-2.848 E0.02525
G0 F12000 X-1.982 Y-3.153
G1 F1200 X-1.891 Y-3.044 E0.00779
G0 F12000 X-1.898 Y-3.069
G1 F3600 E-1
;MESH:NONMESH
G0 F600 X-1.898 Y-3.069 Z11.7
G0 F12000 X-.505 Y-3.309
G0 X7.7 Y-3.999
;TIME_ELAPSED:352.310124
;LAYER:38
M106 S255
;TYPE:FILL
;MESH:pi 3mm.stl
G1 F3600 E1
G1 F9600 X15.097 Y3.397 E0.52186
G1 X15.153 Y4.083 E0.03434
G1 X10.274 Y3.876 E0.24363
G1 X7.547 Y3.808 E0.13609
G1 X7.093 Y3.815 E0.02265
G1 X4.089 Y3.59 E0.15029
G1 X3.839 Y3.592 E0.01247
G1 X3.702 Y3.338 E0.0144
G1 X4.411 Y2.279 E0.06358
G1 X4.554 Y0.776 E0.07532
G1 X4.997 Y-.242 E0.05539
G1 X4.418 Y-1.166 E0.0544
G1 X4.324 Y-1.739 E0.02897
G1 X4.879 Y-3.809 E0.10692
G1 X7.127 Y-3.995 E0.11254
G1 X7.451 Y-3.992 E0.01617
G1 X10.279 Y-4.081 E0.14116
G1 X10.471 Y-4.096 E0.00961
G1 X13.832 Y-4.16 E0.16771
G1 X13.931 Y-4.161
G1 F3600 E-1
G0 F12000 X-0.058 Y2.805
G0 X-9.617 Y3.928
G1 F3600 E1
G1 F9600 X-7.532 Y-3.855 E0.40199
G1 X-5.31 Y-3.68 E0.1112
G1 X-5.239 Y-3.322 E0.01821
G1 X-6.332 Y-2.767 E0.06116
G1 X-6.245 Y-2.185 E0.02936
G1 X-15.554 Y0.309 E0.48081
G1 X-15.5 Y-0.018 E0.01654
G1 X-15.796 Y-1.966 E0.0983
G1 X-15.799 Y-2.656 E0.03442
G1 X-15.892 Y-3.615 E0.04807
G1 X-15.865 Y-4.185 E0.02847
G1 X-14.718 Y-4.113 E0.05734
G1 X-13.13 Y-4.029 E0.07934
G1 X-11.203 Y-4.028 E0.09614
G1 X-9.215 Y-3.944 E0.09927
G1 X-6.034 Y-.763 E0.22444
G1 X-5.88 Y0.269 E0.05206
G1 X-5.778 Y0.486 E0.01196
G1 X-6.432 Y1.847 E0.07533
G1 X-6.418 Y3.778 E0.09634
G1 X-7.26 Y3.817 E0.04205
G1 X-8.091 Y3.879 E0.04157
G1 X-11.293 Y3.98 E0.15983
G1 X-11.392 Y3.983
G1 F3600 E-1
G0 F12000 X-3.017 Y-.407
G0 X-2.745 Y-.117
;TYPE:WALL-INNER
G1 F3600 E1
G1 F3000 X-2.659 Y-.335 E0.01169
G1 X-1.938 Y-1.012 E0.04934
G1 X-.992 Y-2.104 E0.07208
G1 X-.809 Y-2.221 E0.01084
G1 X-.265 Y-2.433 E0.02913
G1 X0.091 Y-2.356 E0.01817
G1 X0.442 Y-2.161 E0.02003
G1 X1.138 Y-1.617 E0.04407
G1 X1.306 Y-1.41 E0.0133
G1 X1.804 Y-.396 E0.05636
G1 X1.792 Y-0.065 E0.01652
G1 X1.222 Y0.907 E0.05622
G1 X0.797 Y1.91 E0.05435
G1 X0.556 Y2.189 E0.01839
G1 X-.12 Y2.567 E0.03864
G1 X-.635 Y2.62 E0.02583
G1 X-1.015 Y2.49 E0.02004
G1 X-1.434 Y2.102 E0.02849
G1 X-2.315 Y0.753 E0.08038
G1 X-2.667 Y0.343 E0.02696
G1 X-2.75 Y0.132 E0.01131
G1 X-2.745 Y-.117 E0.01243
G1 F3600 E-1
G0 F12000 X-3.017 Y-.407
G0 X-1.617 Y2.265
G0 X-.928 Y2.889
G0 X15.256 Y4.182
G0 X15.546 Y4.461
G1 F3600 E1
G1 F3000 X15.392 Y2.537 E0.0963
G1 X15.522 Y-0.002 E0.12684
G1 X15.341 Y-2.594 E0.12963
G1 X15.347 Y-2.778 E0.00918
G1 X15.294 Y-4.571 E0.08949
G1 X13.828 Y-4.52 E0.07318
G1 X10.453 Y-4.456 E0.16841
G1 X10.263 Y-4.44 E0.00951
G1 X7.457 Y-4.352 E0.14006
G1 X7.114 Y-4.355 E0.01711
G1 X3.996 Y-4.1 E0.15608
G1 X3.71 Y-4.103 E0.01427
G1 X0.989 Y-3.912 E0.13609
G1 X-1.452 Y-3.769 E0.12199
G1 X-4.672 Y-3.989 E0.16102
G1 X-7.464 Y-4.211 E0.13973
G1 X-8.218 Y-4.258 E0.03769
G1 X-11.182 Y-4.388 E0.14802
G1 X-13.108 Y-4.388 E0.09609
G1 X-16.207 Y-4.564 E0.15486
G1 X-16.254 Y-3.612 E0.04755
G1 X-16.159 Y-2.644 E0.04853
G1 X-16.156 Y-1.94 E0.03512
G1 X-15.878 Y-.119 E0.0919
G1 X-15.88 Y0.071 E0.00948
G1 X-16.177 Y1.858 E0.09038
G1 X-16.198 Y2.642 E0.03913
G1 X-16.29 Y3.598 E0.04792
G1 X-16.232 Y4.523 E0.04624
G1 X-12.796 Y4.414 E0.17151
G1 X-11.283 Y4.34 E0.07557
G1 X-8.164 Y4.244 E0.15568
G1 X-7.236 Y4.176 E0.04642
G1 X-4.909 Y4.07 E0.11621
G1 X-4.495 Y4.001 E0.02094
G1 X-1.992 Y3.807 E0.12525
G1 X-1.445 Y3.731 E0.02755
G1 X0.893 Y3.716 E0.11665
G1 X3.703 Y3.955 E0.1407
G1 X4.073 Y3.949 E0.01846
G1 X7.086 Y4.175 E0.15074
G1 X7.544 Y4.168 E0.02285
G1 X10.265 Y4.236 E0.13579
G1 X15.546 Y4.461 E0.26371
G0 F12000 X15.982 Y4.881
;TYPE:WALL-OUTER
G1 F1200 X15.792 Y2.585 E0.11494
G1 X15.923 Y-0.006 E0.12943
G1 X15.74 Y-2.622 E0.13083
G1 X15.747 Y-2.772 E0.00749
G1 X15.682 Y-4.985 E0.11045
G1 X13.82 Y-4.92 E0.09295
G1 X10.431 Y-4.856 E0.16911
G1 X10.251 Y-4.84 E0.00902
G1 X7.461 Y-4.752 E0.13926
G1 X7.1 Y-4.755 E0.01801
G1 X4.021 Y-4.5 E0.15414
G1 X3.698 Y-4.503 E0.01612
G1 X1.044 Y-4.316 E0.13274
G1 X-1.509 Y-4.169 E0.12758
G1 X-1.803 Y-4.198 E0.01474
G1 X-4.64 Y-4.388 E0.14186
G1 X-7.438 Y-4.61 E0.14003
G1 X-8.2 Y-4.658 E0.03809
G1 X-11.173 Y-4.788 E0.14847
G1 X-13.087 Y-4.788 E0.09549
G1 X-14.673 Y-4.872 E0.07924
G1 X-15.752 Y-4.94 E0.05394
G1 X-16.589 Y-4.949 E0.04176
G1 X-16.655 Y-3.602 E0.06728
G1 X-16.559 Y-2.642 E0.04813
G1 X-16.556 Y-1.908 E0.03662
G1 X-16.272 Y-0.027 E0.09491
G1 X-16.576 Y1.82 E0.09339
G1 X-16.596 Y2.604 E0.03913
G1 X-16.691 Y3.592 E0.04952
G1 X-16.608 Y4.898 E0.06529
G1 X-15.749 Y4.908 E0.04286
G1 X-12.784 Y4.814 E0.148
G1 X-11.271 Y4.74 E0.07557
G1 X-8.143 Y4.644 E0.15613
G1 X-7.218 Y4.576 E0.04627
G1 X-4.866 Y4.468 E0.11747
G1 X-4.482 Y4.402 E0.01944
G1 X-1.947 Y4.205 E0.12685
G1 X-1.457 Y4.132 E0.02472
G1 X0.881 Y4.116 E0.11665
G1 X3.691 Y4.355 E0.1407
G1 X4.043 Y4.348 E0.01756
G1 X7.074 Y4.575 E0.15164
G1 X7.534 Y4.568 E0.02295
G1 X10.249 Y4.636 E0.13549
G1 X13.95 Y4.788 E0.1848
G1 X15.982 Y4.881 E0.10148
G0 F12000 X15.917 Y4.084
G1 F3600 E-1
G0 F12000 X15.219 Y4.141
G0 X-.928 Y2.889
G0 X-2.905 Y0.54
G0 X-2.357 Y0.058
G1 F3600 E1
G1 F1200 X-2.327 Y-0.098 E0.00793
G1 X-1.649 Y-.735 E0.04641
G1 X-.72 Y-1.811 E0.07092
G1 X-.2 Y-2.024 E0.02803
G1 X0.196 Y-1.846 E0.02166
G1 X0.928 Y-1.274 E0.04635
G1 X1.395 Y-.324 E0.05281
G1 X1.405 Y-.193 E0.00655
G1 X0.864 Y0.727 E0.05325
G1 X0.429 Y1.754 E0.05564
G1 X0.348 Y1.847 E0.00615
G1 X-.244 Y2.178 E0.03384
G1 X-.638 Y2.22 E0.01977
G1 X-.765 Y2.177 E0.00669
G1 X-1.115 Y1.853 E0.02379
G1 X-1.996 Y0.51 E0.08013
G1 X-2.357 Y0.058 E0.02886
G0 F12000 X-2.327 Y-0.098
G0 X-1.86 Y-.537
G1 F3600 E-1
G0 F12000 X-2.338 Y-1.046
G0 X-3.128 Y-.223
G0 X-6.078 Y3.292
;TYPE:SKIN
;BRIDGE
M107
G1 F3600 E1
G1 F1200 X-6.091 Y1.925 E0.07502
G1 X-5.42 Y0.532 E0.08485
G1 X-5.423 Y0.443 E0.00489
G1 X-5.55 Y0.164 E0.01682
G1 X-5.956 Y-2.574 E0.1519
G1 X-4.006 Y-3.56 E0.11992
G1 X-1.424 Y-3.388 E0.14201
G1 X-1.127 Y-3.406 E0.01633
G1 X-.27 Y-3.38 E0.05082
G1 X0.279 Y-3.489 E0.03317
G1 X2.216 Y-3.615 E0.10653
G1 X3.083 Y-3.555 E0.04769
G1 X3.877 Y-2.353 E0.07906
G1 X4.093 Y-1.043 E0.07286
G1 X4.614 Y-.211 E0.05387
G1 X4.219 Y0.697 E0.05434
G1 X4.077 Y2.162 E0.08077
G1 X3.23 Y3.432 E0.08378
G1 X2.82 Y3.498 E0.02279
G1 X0.942 Y3.336 E0.10345
G1 X-.123 Y3.343 E0.0583
G1 X-.628 Y3.36 E0.02676
G1 X-1.489 Y3.351 E0.0456
G1 X-2.057 Y3.431 E0.03148
G1 X-4.215 Y3.596 E0.11878
G1 X-5.275 Y3.053 E0.06536
G1 X-6.078 Y3.292 E0.04598
G1 F3600 E-1
G0 F12000 X-4.511 Y1.408
G0 X-1.268 Y-2.364
G1 F3600 E1
G1 F1200 X-1.427 Y-2.18 E0.01335
G1 X-2.209 Y-1.279 E0.06547
G1 X-2.83 Y-.694 E0.04682
G1 X-2.996 Y-.49 E0.01443
G1 X-3.107 Y-.228 E0.01562
G1 X-3.124 Y0.161 E0.02137
G1 X-2.994 Y0.533 E0.02163
G1 X-2.621 Y0.977 E0.03182
G1 X-1.744 Y2.322 E0.08812
G1 X-1.234 Y2.8 E0.03798
G1 X-1.094 Y2.847 E0.00786
G1 X-.697 Y2.981 E0.0223
G1 X-.132 Y2.944 E0.03037
G1 X0.17 Y2.839 E0.0175
G1 X0.778 Y2.498 E0.03826
G1 X1.136 Y2.085 E0.03
G1 X1.197 Y1.94 E0.00863
G1 X1.56 Y1.082 E0.05113
G1 X1.95 Y0.415 E0.0424
G1 X2.089 Y0.178 E0.01508
G1 X2.163 Y-0.034 E0.01232
G1 X2.166 Y-0.086 E0.00286
G1 X2.18 Y-.382 E0.01626
G1 X2.165 Y-.443 E0.00345
G1 X2.126 Y-.593 E0.00851
G1 X1.624 Y-1.611 E0.06229
G1 X1.368 Y-1.918 E0.02194
G1 X0.682 Y-2.457 E0.04788
G1 X0.273 Y-2.688 E0.02578
G1 X-.232 Y-2.872 E0.03436
G1 X-.349 Y-2.868 E0.00848
G1 X-.978 Y-2.554 E0.04466
G1 X-1.268 Y-2.364 E0.01903
G1 F3600 E-1
G0 F12000 X-5.599 Y-2.531
G1 F3600 E1
G1 F1200 X-5.686 Y-2.116 E0.02327
G0 F12000 X-5.027 Y-2.82
G1 F1200 X-5.475 Y-.691 E0.1194
G1 X-5.495 Y-.594
G0 F12000 X-2.87 Y-.931
G1 F1200 X-2.382 Y-3.253 E0.13021
G0 F12000 X-2.886 Y-3.286
G1 F1200 X-4.278 Y3.338 E0.37146
G0 F12000 X-3.772 Y3.361
G1 F1200 X-3.188 Y0.582 E0.15584
G0 F12000 X-2.785 Y1.094
G1 F1200 X-3.253 Y3.321 E0.12489
G0 F12000 X-2.733 Y3.281
G1 F1200 X-2.398 Y1.686 E0.08944
G0 F12000 X-2.012 Y2.279
G1 F1200 X-2.214 Y3.24 E0.05389
G0 F12000 X-1.677 Y3.115
G1 F1200 X-1.598 Y2.739 E0.02109
G0 F12000 X-1.149 Y3.038
G1 F1200 X-1.174 Y3.154 E0.00651
G0 F12000 X0.362 Y3.141
G1 F1200 X0.405 Y2.935 E0.01155
G0 F12000 X0.873 Y3.137
G1 F1200 X0.998 Y2.546 E0.03315
G0 F12000 X1.377 Y3.174
G1 F1200 X1.83 Y1.015 E0.12106
G1 X1.85 Y0.918
G0 F12000 X2.1 Y-0.002
G0 X2.222 Y-.848
G1 F1200 X2.754 Y-3.378 E0.14188
G0 F12000 X2.25 Y-3.412
G1 F1200 X1.865 Y-1.578 E0.10284
G0 F12000 X1.463 Y-2.099
G1 F1200 X1.733 Y-3.383 E0.07201
G0 F12000 X1.215 Y-3.35
G1 F1200 X1.025 Y-2.444 E0.0508
G0 F12000 X0.577 Y-2.745
G1 F1200 X0.697 Y-3.316 E0.03202
G0 F12000 X0.172 Y-3.249
G1 F1200 X0.117 Y-2.988 E0.01464
G0 F12000 X-.864 Y-3.181
G1 F1200 X-.943 Y-2.805 E0.02109
G0 F12000 X-1.373 Y-3.191
G1 F1200 X-1.552 Y-2.341 E0.04767
G1 X-1.572 Y-2.244
G0 F12000 X-1.878 Y-3.219
G1 F1200 X-2.226 Y-1.564 E0.09281
G1 X-2.246 Y-1.467
G0 F12000 X-3.39 Y-3.319
G1 F1200 X-4.74 Y3.102 E0.36008
G0 F12000 X-5.201 Y2.868
G1 F1200 X-3.893 Y-3.354 E0.34892
G0 F12000 X-4.456 Y-3.11
G1 F1200 X-5.736 Y2.981 E0.34157
G1 X-5.756 Y3.078
G1 F3600 E-1
G0 F12000 X1.878 Y3.217
G1 F3600 E1
G1 F1200 X3.191 Y-3.028 E0.35021
G0 F12000 X3.579 Y-2.442
G1 F1200 X2.38 Y3.26 E0.31976
G0 F12000 X2.886 Y3.286
G1 F1200 X3.849 Y-1.295 E0.2569
G1 X3.869 Y-1.392
G0 F12000 X4.194 Y-.507
G1 F1200 X3.539 Y2.608 E0.17469
G1 X3.519 Y2.705
G1 F3600 E-1
;MESH:NONMESH
G0 F600 X3.519 Y2.705 Z12
G0 F12000 X7.987 Y-4.012
;TIME_ELAPSED:368.749326
;LAYER:39
M106 S255
;TYPE:FILL
;MESH:pi 3mm.stl
G1 F3600 E1
G1 F9600 X15.071 Y3.071 E0.49978
G1 X15.11 Y3.554 E0.02418
G1 X14.972 Y4.069 E0.0266
G1 X10.569 Y3.892 E0.21984
G1 X7.805 Y3.824 E0.13794
G1 X6.771 Y3.835 E0.05159
G1 X4.102 Y3.636 E0.13353
G1 X3.417 Y3.65 E0.03418
G1 X2.677 Y3.589 E0.03704
G1 X2.998 Y2.391 E0.06188
G1 X3.176 Y2.127 E0.01589
G1 X3.225 Y1.608 E0.02601
G1 X4.056 Y-.3 E0.10383
G1 X3.82 Y-.677 E0.02219
G1 X4.666 Y-3.833 E0.16301
G1 X6.806 Y-4.008 E0.10712
G1 X7.709 Y-4.004 E0.04505
G1 X10.662 Y-4.1 E0.1474
G1 X11.294 Y-4.1 E0.03153
G1 X13.77 Y-4.148 E0.12355
G1 X14.945 Y-4.184 E0.05865
G1 X15.044 Y-4.187
G1 F3600 E-1
G0 F12000 X14.996 Y-4.175
G0 X-.214 Y2.707
G0 X-9.838 Y3.932
G1 F3600 E1
G1 F9600 X-7.748 Y-3.868 E0.40287
G1 X-4.747 Y-3.677 E0.15002
G1 X-4.4 Y-3.683 E0.01731
G1 X-3.277 Y-3.608 E0.05615
G1 X-3.204 Y-3.249 E0.01828
G1 X-4.135 Y-2.777 E0.05208
G1 X-4.547 Y-2.421 E0.02717
G1 X-15.545 Y0.526 E0.56805
G1 X-15.455 Y-0.016 E0.02741
G1 X-15.799 Y-2.266 E0.11356
G1 X-15.799 Y-2.666 E0.01996
G1 X-15.853 Y-3.25 E0.02926
G1 X-15.809 Y-4.164 E0.04565
G1 X-13.287 Y-4.019 E0.12603
G1 X-11.129 Y-4.015 E0.10766
G1 X-8.892 Y-3.921 E0.1117
G1 X-4.97 Y0.001 E0.27672
G1 X-4.926 Y0.292 E0.01468
G1 X-4.465 Y1.253 E0.05318
G1 X-5.039 Y2.446 E0.06605
G1 X-3.414 Y3.278 E0.09108
G1 X-3.487 Y3.636 E0.01823
G1 X-4.795 Y3.727 E0.06541
G1 X-7.769 Y3.857 E0.14852
G1 X-8.068 Y3.88 E0.01496
G1 X-11.223 Y3.972 E0.15747
G1 X-11.322 Y3.974
G1 F3600 E-1
G0 F12000 X-.214 Y2.707
G0 X-.223 Y1.896
;TYPE:WALL-INNER
G1 F3600 E1
G1 F3000 X-.549 Y1.873 E0.0163
G1 X-.795 Y1.705 E0.01486
G1 X-2.007 Y0.329 E0.09148
G1 X-2.1 Y-0.002 E0.01715
G1 X-2.043 Y-.26 E0.01318
G1 X-1.912 Y-.442 E0.01119
G1 X-.708 Y-1.573 E0.08241
G1 X-.469 Y-1.706 E0.01365
G1 X-.18 Y-1.716 E0.01443
G1 X0.067 Y-1.601 E0.01359
G1 X0.623 Y-1.164 E0.03528
G1 X0.791 Y-.958 E0.01326
G1 X1.108 Y-.313 E0.03586
G1 X1.103 Y-0.03 E0.01412
G1 X1.055 Y0.109 E0.00734
G1 X0.174 Y1.612 E0.08692
G1 X0.056 Y1.756 E0.00929
G1 X-.223 Y1.896 E0.01557
G1 F3600 E-1
G0 F12000 X0.205 Y2.148
G0 X15.256 Y4.179
G0 X15.546 Y4.459
G1 F3600 E1
G1 F3000 X15.388 Y2.547 E0.09572
G1 X15.759 Y-0.079 E0.13231
G1 X15.393 Y-1.959 E0.09555
G1 X15.345 Y-2.663 E0.0352
G1 X15.306 Y-4.169 E0.07516
G1 X15.255 Y-4.556 E0.01947
G1 X13.764 Y-4.508 E0.07442
G1 X11.296 Y-4.46 E0.12315
G1 X10.646 Y-4.46 E0.03243
G1 X7.716 Y-4.364 E0.14626
G1 X6.791 Y-4.368 E0.04615
G1 X4.098 Y-4.145 E0.13481
G1 X3.418 Y-4.151 E0.03393
G1 X1.08 Y-3.988 E0.11693
G1 X-1.663 Y-3.864 E0.13699
G1 X-4.389 Y-4.043 E0.13629
G1 X-4.727 Y-4.037 E0.01687
G1 X-7.952 Y-4.244 E0.16123
G1 X-11.109 Y-4.375 E0.15764
G1 X-13.305 Y-4.38 E0.10956
G1 X-16.151 Y-4.546 E0.14223
G1 X-16.214 Y-3.251 E0.06468
G1 X-16.159 Y-2.648 E0.03021
G1 X-16.159 Y-2.238 E0.02045
G1 X-15.834 Y-.12 E0.1069
G1 X-15.836 Y0.072 E0.00958
G1 X-16.184 Y2.151 E0.10516
G1 X-16.194 Y2.649 E0.02485
G1 X-16.254 Y3.235 E0.02939
G1 X-16.172 Y4.503 E0.06339
G1 X-11.984 Y4.367 E0.20905
G1 X-11.214 Y4.332 E0.03846
G1 X-8.053 Y4.24 E0.15777
G1 X-7.744 Y4.216 E0.01546
G1 X-4.782 Y4.088 E0.14791
G1 X-1.741 Y3.872 E0.1521
G1 X0.934 Y3.805 E0.1335
G1 X3.406 Y4.011 E0.12376
G1 X4.121 Y3.997 E0.03568
G1 X6.764 Y4.195 E0.13223
G1 X7.803 Y4.184 E0.05184
G1 X10.559 Y4.252 E0.13754
G1 X13.909 Y4.38 E0.16725
G1 X15.546 Y4.459 E0.08177
G0 F12000 X15.959 Y4.878
;TYPE:WALL-OUTER
G1 F1200 X15.938 Y4.341 E0.02681
G1 X15.793 Y2.54 E0.09014
G1 X16.165 Y-0.09 E0.13252
G1 X15.792 Y-1.986 E0.0964
G1 X15.744 Y-2.69 E0.0352
G1 X15.704 Y-4.227 E0.07671
G1 X15.66 Y-4.417 E0.00973
G1 X15.642 Y-4.969 E0.02755
G1 X13.756 Y-4.908 E0.09414
G1 X11.296 Y-4.86 E0.12275
G1 X10.64 Y-4.86 E0.03273
G1 X7.724 Y-4.764 E0.14556
G1 X6.773 Y-4.768 E0.04745
G1 X4.045 Y-4.544 E0.13656
G1 X3.406 Y-4.551 E0.03188
G1 X1.062 Y-4.388 E0.11723
G1 X-1.694 Y-4.264 E0.13764
G1 X-4.381 Y-4.443 E0.13435
G1 X-4.701 Y-4.436 E0.01597
G1 X-7.931 Y-4.644 E0.16148
G1 X-11.101 Y-4.775 E0.15829
G1 X-13.283 Y-4.78 E0.10886
G1 X-15.973 Y-4.936 E0.13443
G1 X-16.533 Y-4.944 E0.02794
G1 X-16.615 Y-3.241 E0.08506
G1 X-16.559 Y-2.648 E0.02972
G1 X-16.559 Y-2.208 E0.02195
G1 X-16.228 Y-0.027 E0.11006
G1 X-16.584 Y2.115 E0.10833
G1 X-16.592 Y2.609 E0.02465
G1 X-16.655 Y3.228 E0.03104
G1 X-16.548 Y4.889 E0.08304
G1 X-15.947 Y4.896 E0.02999
G1 X-11.966 Y4.767 E0.19872
G1 X-11.202 Y4.732 E0.03816
G1 X-8.031 Y4.64 E0.15827
G1 X-7.726 Y4.616 E0.01526
G1 X-4.768 Y4.488 E0.14771
G1 X-1.731 Y4.272 E0.1519
G1 X0.901 Y4.204 E0.13135
G1 X3.394 Y4.411 E0.1248
G1 X4.091 Y4.396 E0.03478
G1 X6.751 Y4.595 E0.13308
G1 X7.793 Y4.584 E0.05199
G1 X10.544 Y4.652 E0.13729
G1 X13.89 Y4.78 E0.16705
G1 X15.959 Y4.878 E0.10334
G0 F12000 X15.938 Y4.341
G0 X15.917 Y4.079
G1 F3600 E-1
G0 F12000 X15.219 Y4.137
G0 X0.355 Y1.892
G0 X-.303 Y1.504
G1 F3600 E1
G1 F1200 X-.448 Y1.495 E0.00725
G1 X-1.693 Y0.081 E0.09399
G1 X-1.692 Y-0.099 E0.00898
G1 X-.393 Y-1.32 E0.08894
G1 X-.23 Y-1.325 E0.00814
G1 X0.413 Y-.821 E0.04076
G1 X0.712 Y-.201 E0.03434
G1 X0.696 Y-0.067 E0.00673
G1 X-.195 Y1.45 E0.08777
G1 X-.303 Y1.504 E0.00602
G0 F12000 X-.448 Y1.495
G0 X-.88 Y1.004
G1 F3600 E-1
G0 F12000 X-1.407 Y1.467
G0 X-4.119 Y1.319
;TYPE:SKIN
;BRIDGE
M107
G1 F3600 E1
G1 F1200 X-4.12 Y1.182 E0.00752
G1 X-4.594 Y0.192 E0.06024
G1 X-4.873 Y-1.684 E0.10409
G1 X-3.94 Y-2.496 E0.06788
G1 X-2.437 Y-3.251 E0.09231
G1 X-1.66 Y-3.18 E0.04282
G1 X-.793 Y-3.521 E0.05113
G1 X0.156 Y-3.565 E0.05214
G1 X1.609 Y-2.825 E0.08949
G1 X2.236 Y-2.71 E0.03498
G1 X2.577 Y-2.193 E0.03399
G1 X2.62 Y-1.951 E0.01349
G1 X3.67 Y-.271 E0.10872
G1 X2.9 Y1.498 E0.10588
G1 X2.842 Y2.006 E0.02806
G1 X2.401 Y2.668 E0.04365
G1 X1.808 Y2.762 E0.03295
G1 X1.377 Y2.881 E0.02454
G1 X0.362 Y3.437 E0.06351
G1 X-1.749 Y3.492 E0.11589
G1 X-2.448 Y3.538 E0.03844
G1 X-2.817 Y3.2 E0.02746
G1 X-4.587 Y2.294 E0.10912
G1 X-4.119 Y1.319 E0.05935
G1 F3600 E-1
G0 F12000 X-.214 Y2.707
G0 X-0.093 Y2.251
G1 F3600 E1
G1 F1200 X0.273 Y2.064 E0.02256
G1 X0.505 Y1.801 E0.01925
G1 X1.4 Y0.268 E0.09742
G1 X1.466 Y0.072 E0.01135
G1 X1.47 Y-.432 E0.02766
G1 X1.132 Y-1.121 E0.04212
G1 X0.884 Y-1.435 E0.02196
G1 X0.267 Y-1.919 E0.04304
G1 X-.111 Y-2.087 E0.0227
G1 X-.591 Y-2.062 E0.02638
G1 X-.966 Y-1.85 E0.02364
G1 X-2.174 Y-.714 E0.091
G1 X-2.372 Y-.446 E0.01829
G1 X-2.48 Y-0.02 E0.02412
G1 X-2.446 Y0.239 E0.01434
G1 X-2.33 Y0.534 E0.0174
G1 X-1.08 Y1.956 E0.1039
G1 X-.847 Y2.102 E0.01509
G1 X-.656 Y2.223 E0.01241
G1 X-.622 Y2.244 E0.00219
G1 X-0.093 Y2.251 E0.02903
G1 F3600 E-1
G0 F12000 X0.083 Y2.355
G0 X3.061 Y-.867
G1 F3600 E1
G1 F1200 X2.95 Y0.885 E0.09634
G1 X2.944 Y0.984
G0 F12000 X1.468 Y0.546
G1 F1200 X1.333 Y2.687 E0.11773
G0 F12000 X1.842 Y2.556
G1 F1200 X2.16 Y-2.463 E0.27599
G0 F12000 X1.668 Y-2.615
G1 F1200 X1.549 Y-.725 E0.10393
G1 X1.543 Y-.626
G0 F12000 X1.096 Y-1.487
G1 F1200 X1.18 Y-2.821 E0.07335
G0 F12000 X0.695 Y-3.066
G1 F1200 X0.621 Y-1.9 E0.06412
G0 F12000 X0.138 Y-2.187
G1 F1200 X0.21 Y-3.312 E0.06187
G0 F12000 X-.289 Y-3.345
G1 F1200 X-.358 Y-2.267 E0.05928
G0 F12000 X-.867 Y-2.139
G1 F1200 X-.793 Y-3.307 E0.06423
G0 F12000 X-1.307 Y-3.101
G1 F1200 X-1.394 Y-1.722 E0.07583
G0 F12000 X-1.927 Y-1.221
G1 F1200 X-1.815 Y-2.994 E0.09749
G0 F12000 X-2.313 Y-3.039
G1 F1200 X-2.463 Y-.657 E0.13098
G1 X-2.469 Y-.558
G0 F12000 X-2.54 Y0.548
G1 F1200 X-2.697 Y3.038 E0.13692
G0 F12000 X-3.182 Y2.788
G1 F1200 X-2.827 Y-2.832 E0.30904
G0 F12000 X-3.344 Y-2.572
G1 F1200 X-3.668 Y2.54 E0.28111
G0 F12000 X-4.153 Y2.29
G1 F1200 X-4.121 Y1.783 E0.02788
G0 F12000 X-4.061 Y0.843
G1 F1200 X-3.863 Y-2.298 E0.17272
G0 F12000 X-4.393 Y-1.837
G1 F1200 X-4.483 Y-.417 E0.07808
G1 X-4.489 Y-.318
G0 F12000 X-2.075 Y1.125
G1 F1200 X-2.214 Y3.323 E0.12087
G0 F12000 X-1.711 Y3.292
G1 F1200 X-1.608 Y1.658 E0.08985
G0 F12000 X-1.138 Y2.154
G1 F1200 X-1.209 Y3.278 E0.06181
G0 F12000 X-.708 Y3.265
G1 F1200 X-.655 Y2.437 E0.04553
G0 F12000 X-.156 Y2.467
G1 F1200 X-.206 Y3.252 E0.04317
G0 F12000 X0.296 Y3.239
G1 F1200 X0.359 Y2.244 E0.05471
G1 X0.365 Y2.145
G0 F12000 X0.815 Y2.963
G1 F1200 X0.906 Y1.51 E0.0799
G1 X0.912 Y1.411
G0 F12000 X2.355 Y2.376
G1 F1200 X2.606 Y-1.595 E0.21836
G1 X2.612 Y-1.694
G1 F3600 E-1
;MESH:NONMESH
G0 F600 X2.612 Y-1.694 Z12.3
G0 F12000 X1.018 Y-3.687
G0 X1.019 Y-3.693
;TIME_ELAPSED:383.046831
;LAYER:40
M106 S255
;TYPE:FILL
;MESH:pi 3mm.stl
G1 F3600 E1
G1 F9600 X0.275 Y-3.493 E0.03844
G1 X0.311 Y-3.659 E0.00847
G1 X1.121 Y-3.697 E0.04046
G1 X3.135 Y-3.839 E0.10073
G1 X4.123 Y-3.824 E0.0493
G1 X4.452 Y-3.852 E0.01647
G1 X2.441 Y3.65 E0.38749
G1 X3.123 Y3.707 E0.03414
G1 X4.151 Y3.688 E0.0513
G1 X6.445 Y3.855 E0.11475
G1 X8.069 Y3.84 E0.08103
G1 X11.375 Y3.92 E0.16499
G1 X13.869 Y4.012 E0.12451
G1 X14.756 Y4.055 E0.0443
G1 X15.848 Y-0.02 E0.21048
G1 X15.816 Y0.447 E0.02335
G1 X15.537 Y2.4 E0.09842
G1 X15.401 Y3.102 E0.03567
G1 X8.274 Y-4.026 E0.50288
G1 X10.663 Y-4.1 E0.11924
G1 X12.416 Y-4.108 E0.08746
G1 X13.706 Y-4.132 E0.06437
G1 X14.935 Y-4.171 E0.06135
G1 X15.034 Y-4.174
G1 F3600 E-1
G0 F12000 X14.998 Y-4.165
G0 X-1.734 Y-3.697
G0 X-15.757 Y-4.143
G1 F3600 E1
G1 F9600 X-15.824 Y-2.727 E0.07072
G1 X-15.609 Y-1.332 E0.07042
G1 X-15.605 Y-1.007 E0.01622
G1 X-15.455 Y-0.023 E0.04966
G1 X-15.6 Y0.841 E0.04371
G1 X-15.606 Y1.138 E0.01482
G1 X-15.833 Y2.502 E0.06899
G1 X-15.854 Y2.856 E0.01769
G1 X-15.774 Y4.111 E0.06274
G1 X-10.857 Y3.952 E0.24544
G1 X-10.058 Y3.935 E0.03987
G1 X-8.178 Y-3.083 E0.36247
G1 X-8.401 Y-3.917 E0.04307
G1 X-8.041 Y-3.907 E0.01797
G1 X-7.845 Y-3.174 E0.03785
G1 X-3.617 Y1.054 E0.29831
G1 X-3.972 Y0.316 E0.04086
G1 X-4.172 Y-1.046 E0.06868
G1 X-2.939 Y-2.122 E0.08164
G1 X-2.577 Y-2.538 E0.02751
G1 X-1.148 Y-3.112 E0.07683
G1 X-15.585 Y0.757 E0.74568
G1 X-15.681 Y0.782
G1 F3600 E-1
G0 F12000 X-15.654 Y0.787
G0 X-15.86 Y4.205
G0 X-16.113 Y4.482
;TYPE:WALL-INNER
G1 F3600 E1
G1 F3000 X-10.851 Y4.312 E0.26266
G1 X-7.948 Y4.246 E0.14487
G1 X-5.227 Y4.124 E0.13589
G1 X-4.803 Y4.127 E0.02115
G1 X-2.135 Y3.937 E0.13344
G1 X-1.726 Y3.939 E0.02041
G1 X0.461 Y3.88 E0.10915
G1 X1.045 Y3.896 E0.02915
G1 X3.112 Y4.067 E0.10348
G1 X4.142 Y4.048 E0.0514
G1 X6.439 Y4.215 E0.1149
G1 X8.067 Y4.2 E0.08122
G1 X11.367 Y4.28 E0.16469
G1 X13.854 Y4.372 E0.12416
G1 X15.507 Y4.449 E0.08256
G1 X15.815 Y2.862 E0.08065
G1 X15.892 Y2.464 E0.02022
G1 X16.175 Y0.48 E0.09998
G1 X16.213 Y-0.058 E0.02691
G1 X16.157 Y-.602 E0.02728
G1 X15.772 Y-2.548 E0.09897
G1 X15.753 Y-2.602 E0.00286
G1 X15.668 Y-2.835 E0.01237
G1 X15.281 Y-4.267 E0.07401
G1 X15.255 Y-4.543 E0.01383
G1 X13.7 Y-4.492 E0.07762
G1 X12.415 Y-4.468 E0.06412
G1 X10.647 Y-4.46 E0.08821
G1 X7.976 Y-4.376 E0.13332
G1 X7.276 Y-4.387 E0.03493
G1 X6.468 Y-4.38 E0.04031
G1 X4.114 Y-4.184 E0.11785
G1 X3.121 Y-4.199 E0.04955
G1 X1.097 Y-4.056 E0.10123
G1 X-1.111 Y-3.952 E0.11028
G1 X-1.757 Y-3.937 E0.03224
G1 X-4.105 Y-4.095 E0.11741
G1 X-4.741 Y-4.08 E0.03174
G1 X-7.604 Y-4.263 E0.14313
G1 X-7.921 Y-4.264 E0.01582
G1 X-9.643 Y-4.312 E0.08594
G1 X-10.982 Y-4.372 E0.06687
G1 X-13.498 Y-4.372 E0.12552
G1 X-14.519 Y-4.424 E0.051
G1 X-16.1 Y-4.526 E0.07904
G1 X-16.186 Y-2.709 E0.09075
G1 X-15.967 Y-1.288 E0.07173
G1 X-15.966 Y-.984 E0.01517
G1 X-15.82 Y-0.025 E0.0484
G1 X-15.961 Y0.819 E0.04269
G1 X-15.955 Y1.037 E0.01088
G1 X-16.191 Y2.46 E0.07196
G1 X-16.215 Y2.858 E0.01989
G1 X-16.113 Y4.482 E0.08118
G1 F3600 E-1
G0 F12000 X-15.86 Y4.205
G0 X-.827 Y1.354
G0 X-.435 Y1.012
G1 F3600 E1
G1 F3000 X-.623 Y0.988 E0.00946
G1 X-.829 Y0.887 E0.01145
G1 X-1.379 Y0.269 E0.04127
G1 X-1.44 Y-0.023 E0.01488
G1 X-1.408 Y-.224 E0.01015
G1 X-1.326 Y-.395 E0.00946
G1 X-.808 Y-.886 E0.03561
G1 X-.63 Y-.967 E0.00976
G1 X-.38 Y-.988 E0.01252
G1 X-0.088 Y-.867 E0.01577
G1 X0.211 Y-.613 E0.01957
G1 X0.396 Y-.257 E0.02002
G1 X0.425 Y0.007 E0.01325
G1 X0.386 Y0.178 E0.00875
G1 X-0.001 Y0.829 E0.03778
G1 X-.214 Y0.964 E0.01258
G1 X-.435 Y1.012 E0.01128
G0 F12000 X-.446 Y0.612
;TYPE:WALL-OUTER
G1 F1200 X-.568 Y0.575 E0.00636
G1 X-.99 Y0.105 E0.03151
G1 X-1.04 Y-0.008 E0.00616
G1 X-1.026 Y-.129 E0.00608
G1 X-.563 Y-.562 E0.03163
G1 X-.43 Y-.591 E0.00679
G1 X-.103 Y-.365 E0.01983
G1 X0.018 Y-.126 E0.01336
G1 X0.018 Y0.005 E0.00654
G1 X-.302 Y0.552 E0.03162
G1 X-.446 Y0.612 E0.00778
G0 F12000 X-.568 Y0.575
G0 X-.99 Y0.105
G0 X-1.006 Y0.068
G1 F3600 E-1
G0 F12000 X-1.543 Y0.537
G0 X-16.233 Y4.613
G0 X-16.487 Y4.895
G1 F3600 E1
G1 F1200 X-10.841 Y4.712 E0.28183
G1 X-7.93 Y4.646 E0.14527
G1 X-5.198 Y4.524 E0.13644
G1 X-4.791 Y4.527 E0.02031
G1 X-2.107 Y4.336 E0.13424
G1 X-1.715 Y4.339 E0.01956
G1 X0.45 Y4.28 E0.10805
G1 X1.045 Y4.296 E0.0297
G1 X3.099 Y4.467 E0.10283
G1 X4.139 Y4.448 E0.05189
G1 X6.427 Y4.615 E0.11445
G1 X8.057 Y4.6 E0.08132
G1 X11.352 Y4.68 E0.16444
G1 X13.834 Y4.772 E0.12391
G1 X15.213 Y4.84 E0.06888
G1 X15.958 Y4.864 E0.03719
G1 X15.927 Y4.385 E0.02395
G1 X16.138 Y3.297 E0.05529
G1 X16.286 Y2.53 E0.03897
G1 X16.573 Y0.522 E0.1012
G1 X16.615 Y-0.064 E0.02931
G1 X16.553 Y-.662 E0.02999
G1 X16.158 Y-2.657 E0.10146
G1 X16.054 Y-2.939 E0.015
G1 X16.016 Y-3.08 E0.00729
G1 X15.66 Y-4.417 E0.06903
G1 X15.642 Y-4.957 E0.02696
G1 X13.692 Y-4.892 E0.09734
G1 X12.413 Y-4.868 E0.06382
G1 X10.64 Y-4.86 E0.08846
G1 X7.984 Y-4.776 E0.13257
G1 X7.272 Y-4.787 E0.03553
G1 X6.45 Y-4.78 E0.04101
G1 X4.088 Y-4.584 E0.11825
G1 X3.11 Y-4.599 E0.0488
G1 X1.078 Y-4.456 E0.10163
G1 X-1.122 Y-4.352 E0.10988
G1 X-1.73 Y-4.336 E0.03034
G1 X-4.097 Y-4.495 E0.11836
G1 X-4.741 Y-4.48 E0.03214
G1 X-7.591 Y-4.663 E0.14248
G1 X-7.91 Y-4.664 E0.01592
G1 X-9.625 Y-4.712 E0.0856
G1 X-10.973 Y-4.772 E0.06732
G1 X-13.478 Y-4.772 E0.12497
G1 X-14.493 Y-4.823 E0.0507
G1 X-16.48 Y-4.952 E0.09934
G1 X-16.579 Y-2.865 E0.10424
G1 X-16.56 Y-2.509 E0.01779
G1 X-16.362 Y-1.227 E0.06472
G1 X-16.367 Y-.96 E0.01332
G1 X-16.228 Y-0.027 E0.04706
G1 X-16.363 Y0.793 E0.04146
G1 X-16.358 Y1.025 E0.01158
G1 X-16.589 Y2.415 E0.0703
G1 X-16.615 Y2.859 E0.02219
G1 X-16.487 Y4.895 E0.10178
G0 F12000 X-15.688 Y4.87
G1 F3600 E-1
G0 F12000 X-15.71 Y4.172
G0 X-.325 Y1.812
G0 X2.726 Y-.33
;TYPE:SKIN
G1 F3600 E1
G1 F2400 X1.655 Y2.166 E0.13551
G1 X-.173 Y3.177 E0.10422
G1 X-1.427 Y3.3 E0.06286
G1 X-2.578 Y2.257 E0.07749
G1 X-2.889 Y1.774 E0.02866
G1 X-3.642 Y0.212 E0.08651
G1 X-3.806 Y-.908 E0.05647
G1 X-2.702 Y-1.87 E0.07306
G1 X-2.372 Y-2.252 E0.02518
G1 X-.186 Y-3.128 E0.11749
G1 X1.304 Y-2.37 E0.0834
G1 X1.78 Y-1.998 E0.03014
G1 X2.128 Y-1.288 E0.03945
G1 X2.726 Y-.33 E0.05634
G1 F3600 E-1
G0 F12000 X-.325 Y1.812
G0 X-.743 Y1.348
G1 F3600 E1
G1 F2400 X-.556 Y1.374 E0.00942
G1 X-.432 Y1.392 E0.00625
G1 X-.116 Y1.314 E0.01624
G1 X-0.007 Y1.287 E0.0056
G1 X0.19 Y1.152 E0.01191
G1 X0.389 Y0.918 E0.01533
G1 X0.737 Y0.328 E0.03417
G1 X0.803 Y0.004 E0.0165
G1 X0.75 Y-.388 E0.01973
G1 X0.493 Y-.863 E0.02694
G1 X0.156 Y-1.159 E0.02238
G1 X-0.085 Y-1.299 E0.01391
G1 X-.219 Y-1.319 E0.00676
G1 X-.371 Y-1.343 E0.00768
G1 X-.525 Y-1.366 E0.00777
G1 X-.759 Y-1.322 E0.01188
G1 X-1.006 Y-1.21 E0.01353
G1 X-1.636 Y-.618 E0.04313
G1 X-1.799 Y-.186 E0.02304
G1 X-1.801 Y0.146 E0.01656
G1 X-1.737 Y0.368 E0.01153
G1 X-1.571 Y0.621 E0.0151
G1 X-1.071 Y1.188 E0.03772
G1 X-.743 Y1.348 E0.01821
G0 F12000 X-.794 Y1.391
G0 X-2.47 Y2.056
G1 F2400 X-2.154 Y2.372 E0.0223
G0 F12000 X-.912 Y3.048
G1 F2400 X-3.116 Y0.844 E0.1555
G1 X-3.186 Y0.774
G0 F12000 X-3.485 Y-0.091
G1 F2400 X-.397 Y2.997 E0.21788
G0 F12000 X0.015 Y2.843
G1 F2400 X-3.581 Y-.753 E0.25372
G0 F12000 X-3.324 Y-1.061
G1 F2400 X-1.964 Y0.299 E0.09596
G0 F12000 X-1.976 Y-.279
G1 F2400 X-3.022 Y-1.325 E0.0738
G0 F12000 X-2.72 Y-1.589
G1 F2400 X-1.815 Y-.684 E0.06385
G0 F12000 X-1.545 Y-.979
G1 F2400 X-2.437 Y-1.872 E0.06297
G0 F12000 X-2.133 Y-2.133
G1 F2400 X-1.256 Y-1.256 E0.06188
G0 F12000 X-.909 Y-1.474
G1 F2400 X-1.729 Y-2.295 E0.05789
G0 F12000 X-1.325 Y-2.456
G1 F2400 X-.433 Y-1.564 E0.06294
G1 X-.363 Y-1.494
G0 F12000 X-.921 Y-2.618
G1 F2400 X2.166 Y0.469 E0.2178
G0 F12000 X1.996 Y0.865
G1 F2400 X0.982 Y-.149 E0.07154
G0 F12000 X0.928 Y0.363
G1 F2400 X1.826 Y1.26 E0.06332
G0 F12000 X1.656 Y1.656
G1 F2400 X0.73 Y0.73 E0.06533
G0 F12000 X0.513 Y1.078
G1 F2400 X1.471 Y2.037 E0.06763
G0 F12000 X1.107 Y2.239
G1 F2400 X0.233 Y1.365 E0.06167
G0 F12000 X-.17 Y1.527
G1 F2400 X0.743 Y2.44 E0.06442
G0 F12000 X0.379 Y2.642
G1 F2400 X-.712 Y1.551 E0.07698
G1 X-.782 Y1.481
G1 F3600 E-1
G0 F12000 X2.336 Y0.073
G1 F3600 E1
G1 F2400 X-.518 Y-2.78 E0.20133
G0 F12000 X0.04 Y-2.788
G1 F2400 X2.478 Y-.351 E0.17198
G1 X2.548 Y-.281
G0 F12000 X1.713 Y-1.681
G1 F2400 X1.192 Y-2.202 E0.03676
G1 F3600 E-1
;MESH:NONMESH
G0 F600 X1.192 Y-2.202 Z12.6
G0 F12000 X2.468 Y-3.855
G0 X2.468 Y-3.861
;TIME_ELAPSED:394.250563
;LAYER:41
;TYPE:FILL
;MESH:pi 3mm.stl
G1 F3600 E1
G1 F9600 X-15.595 Y0.979 E0.93296
G1 X-15.638 Y-0.031 E0.05043
G1 X-15.596 Y-1.252 E0.06095
G1 X-15.8 Y-2.571 E0.06659
G1 X-15.8 Y-3.112 E0.02699
G1 X-15.737 Y-3.388 E0.01412
G1 X-15.701 Y-4.123 E0.03671
G1 X-14.374 Y-4.037 E0.06634
G1 X-13.715 Y-4.004 E0.03292
G1 X-12.111 Y-4 E0.08002
G1 X-10.982 Y-4.011 E0.05633
G1 X-8.306 Y-3.935 E0.13356
G1 X-.752 Y3.62 E0.53301
G1 X-1.79 Y3.647 E0.0518
G1 X-2.526 Y3.638 E0.03672
G1 X-4.832 Y3.803 E0.11534
G1 X-5.552 Y3.796 E0.03592
G1 X-7.976 Y3.907 E0.12106
G1 X-8.349 Y3.904 E0.01861
G1 X-10.279 Y3.942 E0.09631
G1 X-8.17 Y-3.931 E0.40663
G1 X-7.28 Y-3.923 E0.0444
G1 X-4.824 Y-3.765 E0.12278
G1 X-3.832 Y-3.787 E0.0495
G1 X-1.775 Y-3.649 E0.10285
G1 X-.741 Y-3.68 E0.05161
G1 X1.139 Y-3.769 E0.0939
G1 X2.843 Y-3.887 E0.08522
G1 X4.236 Y-3.867 E0.0695
G1 X2.205 Y3.712 E0.39146
G1 X2.82 Y3.763 E0.03079
G1 X4.197 Y3.736 E0.06871
G1 X6.125 Y3.879 E0.09645
G1 X7.414 Y3.871 E0.06431
G1 X8.333 Y3.852 E0.04586
G1 X12.669 Y3.965 E0.2164
G1 X14.543 Y4.033 E0.09356
G1 X15.061 Y2.099 E0.09989
G1 X15.041 Y2.442 E0.01714
G1 X8.563 Y-4.036 E0.45706
G1 X10.558 Y-4.099 E0.09958
G1 X13.626 Y-4.115 E0.15307
G1 X15.348 Y-4.17 E0.08595
G1 X15.447 Y-4.173
G1 F3600 E-1
G0 F12000 X-15.799 Y4.184
G0 X-16.053 Y4.462
;TYPE:WALL-INNER
G1 F3600 E1
G1 F3000 X-12.072 Y4.336 E0.19871
G1 X-8.354 Y4.264 E0.18553
G1 X-7.959 Y4.267 E0.01971
G1 X-5.548 Y4.156 E0.12041
G1 X-4.827 Y4.163 E0.03597
G1 X-2.507 Y3.997 E0.11604
G1 X-1.695 Y4.006 E0.04051
G1 X0.14 Y3.956 E0.09158
G1 X1.102 Y3.981 E0.04801
G1 X2.811 Y4.123 E0.08556
G1 X4.217 Y4.097 E0.07016
G1 X6.117 Y4.239 E0.09506
G1 X7.425 Y4.231 E0.06526
G1 X8.328 Y4.212 E0.04506
G1 X12.659 Y4.325 E0.21615
G1 X15.923 Y4.443 E0.16295
G1 X16.004 Y4.446 E0.00404
G1 X16.383 Y2.481 E0.09984
G1 X16.606 Y0.901 E0.07961
G1 X16.673 Y-0.058 E0.04796
G1 X16.577 Y-1.007 E0.04759
G1 X16.272 Y-2.561 E0.07901
G1 X16.041 Y-3.194 E0.03362
G1 X15.673 Y-4.541 E0.06966
G1 X15.656 Y-4.54 E0.00085
G1 X13.628 Y-4.475 E0.10123
G1 X10.541 Y-4.459 E0.15401
G1 X8.241 Y-4.388 E0.1148
G1 X7.282 Y-4.404 E0.04785
G1 X6.144 Y-4.392 E0.05678
G1 X4.186 Y-4.229 E0.09802
G1 X2.829 Y-4.247 E0.06771
G1 X1.117 Y-4.128 E0.08562
G1 X-.752 Y-4.04 E0.09335
G1 X-1.767 Y-4.008 E0.05066
G1 X-3.821 Y-4.147 E0.10271
G1 X-4.792 Y-4.124 E0.04846
G1 X-7.264 Y-4.283 E0.12358
G1 X-7.914 Y-4.284 E0.03243
G1 X-10.974 Y-4.371 E0.15273
G1 X-12.11 Y-4.36 E0.05668
G1 X-13.694 Y-4.364 E0.07903
G1 X-14.355 Y-4.397 E0.03302
G1 X-16.042 Y-4.505 E0.08434
G1 X-16.1 Y-3.348 E0.0578
G1 X-16.16 Y-3.162 E0.00975
G1 X-16.16 Y-2.542 E0.03093
G1 X-15.958 Y-1.236 E0.06593
G1 X-15.999 Y-0.027 E0.06035
G1 X-15.953 Y1.027 E0.05263
G1 X-16.19 Y2.455 E0.07222
G1 X-16.207 Y2.843 E0.01938
G1 X-16.141 Y3.051 E0.01089
G1 X-16.053 Y4.462 E0.07053
G0 F12000 X-16.428 Y4.874
;TYPE:WALL-OUTER
G1 F1200 X-12.064 Y4.736 E0.21783
G1 X-8.358 Y4.664 E0.18493
G1 X-7.952 Y4.667 E0.02026
G1 X-5.517 Y4.556 E0.12161
G1 X-4.815 Y4.563 E0.03502
G1 X-2.479 Y4.396 E0.11684
G1 X-1.781 Y4.407 E0.03483
G1 X0.13 Y4.356 E0.09537
G1 X1.069 Y4.38 E0.04686
G1 X2.799 Y4.523 E0.0866
G1 X4.187 Y4.496 E0.06926
G1 X6.103 Y4.639 E0.09586
G1 X7.433 Y4.631 E0.06636
G1 X8.318 Y4.612 E0.04416
G1 X12.645 Y4.725 E0.21595
G1 X15.957 Y4.844 E0.16534
G1 X16.332 Y4.858 E0.01872
G1 F600 X16.778 Y2.547 E0.07633
G1 F1200 X17.004 Y0.943 E0.08081
G1 X17.075 Y-0.064 E0.05036
G1 X16.973 Y-1.066 E0.05025
G1 X16.658 Y-2.669 E0.0815
G1 X16.432 Y-3.282 E0.03259
G1 X15.976 Y-4.951 E0.08632
G1 X15.645 Y-4.94 E0.01652
G1 X13.626 Y-4.875 E0.10078
G1 X10.529 Y-4.859 E0.15451
G1 X8.248 Y-4.788 E0.11385
G1 X7.351 Y-4.804 E0.04476
G1 X6.126 Y-4.792 E0.06112
G1 X4.132 Y-4.628 E0.09982
G1 X2.818 Y-4.647 E0.06556
G1 X1.098 Y-4.528 E0.08602
G1 X-.765 Y-4.44 E0.09305
G1 X-1.77 Y-4.408 E0.05017
G1 X-3.813 Y-4.547 E0.10216
G1 X-4.781 Y-4.524 E0.04831
G1 X-7.251 Y-4.683 E0.12348
G1 X-7.902 Y-4.684 E0.03248
G1 X-10.97 Y-4.771 E0.15312
G1 X-12.109 Y-4.76 E0.05683
G1 X-13.674 Y-4.764 E0.07808
G1 X-14.329 Y-4.796 E0.03272
G1 X-16.422 Y-4.931 E0.10464
G1 X-16.502 Y-3.402 E0.07639
G1 X-16.56 Y-3.227 E0.0092
G1 X-16.56 Y-2.512 E0.03567
G1 X-16.36 Y-1.189 E0.06675
G1 X-16.399 Y-0.025 E0.0581
G1 X-16.358 Y1.025 E0.05242
G1 X-16.588 Y2.413 E0.07019
G1 X-16.61 Y2.899 E0.02427
G1 X-16.54 Y3.111 E0.01114
G1 X-16.428 Y4.874 E0.08813
G0 F12000 X-15.629 Y4.849
G1 F3600 E-1
G0 F12000 X-15.65 Y4.151
G0 X-3.021 Y-0.015
;TYPE:SKIN
G1 F3600 E1
G1 F2400 X-1.962 Y-1.014 E0.07263
G1 X-.956 Y-2.184 E0.07698
G1 X-.159 Y-2.504 E0.04285
G1 X0.407 Y-2.214 E0.03173
G1 X1.264 Y-1.542 E0.05433
G1 X1.912 Y-.225 E0.07323
G1 X1.237 Y0.925 E0.06653
G1 X0.734 Y2.114 E0.06441
G1 X-.122 Y2.589 E0.04884
G1 X-.851 Y2.663 E0.03656
G1 X-1.442 Y2.121 E0.04001
G1 X-2.316 Y0.782 E0.07977
G1 X-3.021 Y-0.015 E0.05309
G1 F3600 E-1
G0 F12000 X-.795 Y-2.033
G1 F3600 E1
G1 F2400 X-.983 Y-1.846 E0.01323
G0 F12000 X-0.042 Y-2.22
G1 F2400 X-2.515 Y0.252 E0.17445
G0 F12000 X-2.249 Y0.552
G1 F2400 X0.327 Y-2.024 E0.18175
G0 F12000 X0.643 Y-1.775
G1 F2400 X-2.015 Y0.883 E0.18754
G0 F12000 X-1.79 Y1.225
G1 F2400 X0.96 Y-1.526 E0.19406
G0 F12000 X1.206 Y-1.206
G1 F2400 X-1.566 Y1.566 E0.19558
G0 F12000 X-1.342 Y1.908
G1 F2400 X1.392 Y-.827 E0.19293
G0 F12000 X1.579 Y-.448
G1 F2400 X-1.065 Y2.196 E0.18655
G0 F12000 X-.756 Y2.453
G1 F2400 X1.338 Y0.359 E0.14774
G1 X1.408 Y0.289
G0 F12000 X0.787 Y1.476
G1 F2400 X-0.066 Y2.329 E0.06018
G1 X-.136 Y2.399
G1 F3600 E-1
G0 F12000 X15.699 Y3.743
G1 F3600 E1
G1 F1916.2 X15.516 Y3.733 E0.01145
G1 X15.42 Y2.554 E0.07392
G1 F1904.8 X15.437 Y2.433 E0.00768
G1 F1764.7 X15.556 Y0.801 E0.11103
G1 F1635.4 X15.6 Y-0.013 E0.05968
G1 F1638.2 X15.533 Y-.879 E0.06348
G1 F1726.6 X15.361 Y-2.562 E0.11732
G1 F1882.4 X15.371 Y-2.779 E0.01382
G1 F1971.3 X15.354 Y-3.33 E0.03348
G1 X15.554 Y-3.37 E0.01239
G1 X15.653 Y-3.011 E0.02262
G1 X15.861 Y-2.442 E0.0368
G1 F1797.8 X16.106 Y-.953 E0.10051
G1 F1635.4 X16.194 Y-0.047 E0.06664
G1 F1632.7 X16.135 Y0.837 E0.06498
G1 F1758.2 X15.952 Y2.404 E0.10744
G1 F1897.2 X15.699 Y3.743 E0.086
G0 F12000 X15.538 Y3.711
G1 F3600 E-1
;MESH:NONMESH
G0 F600 X15.538 Y3.711 Z12.9
G0 F12000 X-4.865 Y-3.813
;TIME_ELAPSED:404.361478
;LAYER:42
;TYPE:FILL
;MESH:pi 3mm.stl
G1 F3600 E1
G1 F9600 X-6.938 Y-3.944 E0.10363
G1 X-8.018 Y-3.946 E0.05388
G1 X-.398 Y3.673 E0.5376
G1 X-1.821 Y3.711 E0.07102
G1 X-2.835 Y3.7 E0.05059
G1 X-4.868 Y3.839 E0.10166
G1 X-5.868 Y3.832 E0.04989
G1 X-7.945 Y3.928 E0.10373
G1 X-8.6 Y3.924 E0.03268
G1 X-10.504 Y3.961 E0.09501
G1 X-8.382 Y-3.957 E0.40897
G1 X-10.804 Y-4.023 E0.12088
G1 X-12.158 Y-4 E0.06756
G1 X-13.913 Y-3.993 E0.08756
G1 X-15.702 Y-4.108 E0.08944
G1 X-15.743 Y-3.272 E0.04176
G1 X-16.001 Y-2.5 E0.04061
G1 X-16.086 Y-0.031 E0.12325
G1 X-16.02 Y1.312 E0.06708
G1 X3.513 Y-3.922 E1.00888
G1 X4.03 Y-3.915 E0.0258
G1 X1.97 Y3.773 E0.39709
G1 X2.525 Y3.819 E0.02778
G1 X4.245 Y3.784 E0.08583
G1 X5.801 Y3.9 E0.07784
G1 X7.429 Y3.892 E0.08122
G1 X8.594 Y3.868 E0.05813
G1 X13.684 Y4.001 E0.25403
G1 X13.832 Y3.988 E0.00741
G1 X15.15 Y4.035 E0.0658
G1 X15.027 Y2.542 E0.07474
G1 X15.079 Y2.18 E0.01825
G1 X8.85 Y-4.049 E0.43949
G1 X10.554 Y-4.104 E0.08506
G1 X13.489 Y-4.116 E0.14643
G1 X13.75 Y-4.105 E0.01303
G1 X14.949 Y-4.138 E0.05984
G1 X14.988 Y-2.772 E0.06818
G1 X14.981 Y-2.725 E0.00237
G1 X15.038 Y-1.874 E0.04255
G1 X15.409 Y-0.02 E0.09433
G1 X14.33 Y4.006 E0.20795
G1 X14.305 Y4.102
G1 F3600 E-1
G0 F12000 X14.306 Y4.067
G0 X-.195 Y3.79
G0 X-15.801 Y4.166
G0 X-16.053 Y4.444
;TYPE:WALL-INNER
G1 F3600 E1
G1 F3000 X-13.171 Y4.352 E0.14386
G1 X-11.246 Y4.32 E0.09605
G1 X-11.026 Y4.331 E0.01099
G1 X-8.604 Y4.284 E0.12086
G1 X-7.925 Y4.288 E0.03388
G1 X-5.864 Y4.192 E0.10294
G1 X-4.851 Y4.199 E0.05054
G1 X-2.883 Y4.061 E0.09843
G1 X-1.813 Y4.071 E0.05338
G1 X-.174 Y4.028 E0.0818
G1 X1.121 Y4.065 E0.06463
G1 X2.515 Y4.179 E0.06978
G1 X4.265 Y4.145 E0.08732
G1 X5.793 Y4.26 E0.07645
G1 X7.439 Y4.252 E0.08212
G1 X8.588 Y4.228 E0.05734
G1 X13.688 Y4.363 E0.25453
G1 X13.849 Y4.348 E0.00807
G1 X16.413 Y4.445 E0.12801
G1 X16.496 Y4.448 E0.00414
G1 X16.876 Y2.496 E0.09921
G1 X17.042 Y1.325 E0.05901
G1 X17.137 Y-0.058 E0.06916
G1 X17.001 Y-1.415 E0.06804
G1 X16.772 Y-2.571 E0.05879
G1 X16.408 Y-3.555 E0.05234
G1 X16.144 Y-4.534 E0.05059
G1 X16.091 Y-4.532 E0.00265
G1 X13.742 Y-4.464 E0.11724
G1 X13.51 Y-4.476 E0.01159
G1 X10.539 Y-4.464 E0.14823
G1 X8.505 Y-4.4 E0.10153
G1 X7.306 Y-4.42 E0.05983
G1 X5.82 Y-4.404 E0.07414
G1 X4.201 Y-4.272 E0.08104
G1 X2.534 Y-4.295 E0.08317
G1 X1.137 Y-4.196 E0.06987
G1 X-.435 Y-4.123 E0.07851
G1 X-1.833 Y-4.085 E0.06977
G1 X-3.534 Y-4.199 E0.08505
G1 X-4.83 Y-4.172 E0.06467
G1 X-6.923 Y-4.304 E0.10463
G1 X-7.893 Y-4.304 E0.04839
G1 X-10.799 Y-4.383 E0.14503
G1 X-12.158 Y-4.36 E0.06781
G1 X-13.895 Y-4.353 E0.08666
G1 X-16.044 Y-4.491 E0.10743
G1 X-16.1 Y-3.34 E0.05749
G1 X-16.359 Y-2.564 E0.04081
G1 X-16.398 Y-1.439 E0.05616
G1 X-16.447 Y-0.025 E0.07059
G1 X-16.387 Y1.199 E0.06114
G1 X-16.324 Y2.492 E0.06458
G1 X-16.137 Y3.117 E0.03255
G1 X-16.053 Y4.444 E0.06634
G1 F3600 E-1
G0 F12000 X-15.801 Y4.166
G0 X-16.17 Y-4.634
G0 X-16.424 Y-4.916
;TYPE:WALL-OUTER
G1 F3600 E1
G1 F1200 X-16.497 Y-3.414 E0.07502
G1 X-16.757 Y-2.636 E0.04092
G1 X-16.785 Y-1.832 E0.04014
G1 X-16.847 Y-0.022 E0.09035
G1 X-16.768 Y1.593 E0.08067
G1 X-16.721 Y2.566 E0.0486
G1 X-16.538 Y3.117 E0.02897
G1 X-16.438 Y4.691 E0.07869
G1 X-16.387 Y4.855 E0.00857
G1 X-13.164 Y4.752 E0.16088
G1 X-11.266 Y4.72 E0.09471
G1 X-11.032 Y4.731 E0.01169
G1 X-8.606 Y4.684 E0.12106
G1 X-7.917 Y4.688 E0.03437
G1 X-5.834 Y4.592 E0.10403
G1 X-4.839 Y4.599 E0.04964
G1 X-2.855 Y4.46 E0.09922
G1 X-1.81 Y4.471 E0.05214
G1 X-.186 Y4.428 E0.08105
G1 X1.089 Y4.464 E0.06364
G1 X2.503 Y4.579 E0.07078
G1 X4.235 Y4.544 E0.08643
G1 X5.779 Y4.66 E0.07725
G1 X7.447 Y4.652 E0.08322
G1 X8.578 Y4.628 E0.05644
G1 X13.701 Y4.763 E0.25568
G1 X13.869 Y4.748 E0.00841
G1 X16.337 Y4.838 E0.12321
G1 X16.798 Y4.855 E0.02302
G1 X16.962 Y4.15 E0.03611
G1 X17.27 Y2.562 E0.0807
G1 X17.44 Y1.367 E0.06022
G1 X17.539 Y-0.064 E0.07156
G1 X17.397 Y-1.474 E0.0707
G1 X17.158 Y-2.681 E0.06139
G1 X16.794 Y-3.659 E0.05206
G1 X16.448 Y-4.943 E0.06634
G1 X15.982 Y-4.93 E0.02326
G1 X13.711 Y-4.864 E0.11335
G1 X13.522 Y-4.876 E0.00945
G1 X10.532 Y-4.864 E0.14917
G1 X8.512 Y-4.8 E0.10083
G1 X7.367 Y-4.82 E0.05713
G1 X5.802 Y-4.804 E0.07808
G1 X4.177 Y-4.672 E0.08134
G1 X2.522 Y-4.695 E0.08258
G1 X1.118 Y-4.596 E0.07022
G1 X-.447 Y-4.523 E0.07816
G1 X-1.806 Y-4.484 E0.06783
G1 X-3.525 Y-4.599 E0.08595
G1 X-4.821 Y-4.572 E0.06467
G1 X-6.911 Y-4.704 E0.10448
G1 X-7.882 Y-4.704 E0.04844
G1 X-10.797 Y-4.783 E0.14548
G1 X-12.16 Y-4.76 E0.06801
G1 X-13.869 Y-4.752 E0.08526
G1 X-16.424 Y-4.916 E0.12773
G0 F12000 X-16.462 Y-4.118
G1 F3600 E-1
G0 F12000 X-15.768 Y-4.084
G0 X-.245 Y2.36
;TYPE:SKIN
G1 F3600 E1
G1 F2400 X-2.361 Y-0.042 E0.1597
G1 X-.336 Y-1.948 E0.13874
G1 X0.748 Y-1.091 E0.06894
G1 X1.22 Y-.133 E0.05328
G1 X-.245 Y2.36 E0.14426
G0 F12000 X-.264 Y1.998
G1 F2400 X-.539 Y1.724 E0.01937
G0 F12000 X-0.055 Y1.642
G1 F2400 X-1.899 Y-.202 E0.1301
G0 F12000 X-1.607 Y-.476
G1 F2400 X0.154 Y1.286 E0.12428
G0 F12000 X0.364 Y0.93
G1 F2400 X-1.316 Y-.75 E0.11853
G0 F12000 X-1.025 Y-1.025
G1 F2400 X0.573 Y0.573 E0.11275
G0 F12000 X0.783 Y0.217
G1 F2400 X-.733 Y-1.299 E0.10696
G0 F12000 X-.442 Y-1.573
G1 F2400 X0.992 Y-.139 E0.10118
G1 X1.062 Y-0.069
G1 F3600 E-1
G0 F12000 X15.879 Y3.663
G1 F3600 E1
G1 F2798.8 X15.834 Y3.662 E0.00193
G1 X15.744 Y2.561 E0.04726
G1 F2782.6 X15.932 Y1.252 E0.0569
G1 F1889.8 X16.149 Y0.878 E0.0274
G1 X16.276 Y1.3 E0.02792
G1 F2758.6 X16.128 Y2.363 E0.04658
G1 F2774.6 X15.879 Y3.663 E0.05712
G0 F12000 X16.149 Y0.878
G1 F1441.4 X16.25 Y-0.066 E0.07886
G1 F1395.3 X16.067 Y-1.279 E0.10527
G1 F1344.5 X15.927 Y-1.987 E0.06427
G1 F1383.3 X15.883 Y-2.317 E0.02882
G0 F12000 X15.289 Y-4.127
G1 F2400 X15.852 Y-4.143 E0.0281
G1 X16.044 Y-3.434 E0.03665
G1 X16.403 Y-2.465 E0.05155
G1 X16.622 Y-1.362 E0.0561
G1 X16.755 Y-0.044 E0.06609
G1 X16.66 Y1.278 E0.06612
G1 X16.5 Y2.421 E0.05758
G1 X16.184 Y4.049 E0.08274
G1 X15.49 Y4.022 E0.03465
G1 X15.37 Y2.551 E0.07363
G1 X15.74 Y-0.093 E0.1332
G1 X15.375 Y-1.919 E0.0929
G1 X15.321 Y-2.712 E0.03965
G1 X15.328 Y-2.803 E0.00455
G1 X15.289 Y-4.127 E0.06608
G0 F12000 X15.293 Y-3.91
G1 F3600 E-1
;MESH:NONMESH
G0 F600 X15.293 Y-3.91 Z13.2
G0 F12000 X-4.88 Y-3.856
;TIME_ELAPSED:414.259134
;LAYER:43
;TYPE:FILL
;MESH:pi 3mm.stl
G1 F3600 E1
G1 F9600 X-6.598 Y-3.964 E0.08588
G1 X-7.735 Y-3.963 E0.05673
G1 X-0.015 Y3.757 E0.54469
G1 X-.534 Y3.744 E0.0259
G1 X-1.849 Y3.78 E0.06563
G1 X-3.239 Y3.764 E0.06935
G1 X-4.892 Y3.879 E0.08267
G1 X-6.184 Y3.868 E0.06446
G1 X-7.909 Y3.948 E0.08615
G1 X-8.85 Y3.944 E0.04695
G1 X-10.729 Y3.98 E0.09376
G1 X-8.595 Y-3.984 E0.41134
G1 X-10.095 Y-4.024 E0.07486
G1 X-10.93 Y-4.035 E0.04166
G1 X-13.033 Y-3.992 E0.10494
G1 X-14.113 Y-3.985 E0.05388
G1 X-15.913 Y-4.105 E0.09
G1 X-16.382 Y-2.686 E0.07456
G1 X-15.825 Y-2.718 E0.02783
G1 X-15.601 Y-1.257 E0.07374
G1 X-15.608 Y-1.007 E0.01248
G1 X-15.457 Y-0.025 E0.04957
G1 X-15.6 Y0.841 E0.04379
G1 X-15.593 Y1.055 E0.01068
G1 X-15.655 Y1.434 E0.01916
G1 X4.546 Y-3.979 E1.04339
G1 X3.823 Y-3.963 E0.03608
G1 X1.734 Y3.834 E0.40271
G1 X2.229 Y3.875 E0.02478
G1 X4.292 Y3.832 E0.10295
G1 X5.481 Y3.919 E0.05948
G1 X7.441 Y3.908 E0.09779
G1 X8.857 Y3.88 E0.07066
G1 X13.576 Y4.006 E0.23552
G1 X14.012 Y3.977 E0.0218
G1 X15.229 Y4.017 E0.06075
G1 X15.549 Y2.35 E0.08469
G1 X9.137 Y-4.062 E0.4524
G1 X10.499 Y-4.107 E0.06799
G1 X13.39 Y-4.115 E0.14423
G1 X13.857 Y-4.085 E0.02335
G1 X14.949 Y-4.119 E0.05451
G1 X15.336 Y-2.701 E0.07333
G1 X15.43 Y-2.448 E0.01347
G1 X15.604 Y-1.567 E0.0448
G1 X14.118 Y3.982 E0.2866
G1 X14.093 Y4.078
G1 F3600 E-1
G0 F12000 X14.094 Y4.042
G0 X13.767 Y-4.151
G0 X13.789 Y-4.445
;TYPE:WALL-INNER
G1 F3600 E1
G1 F3000 X13.406 Y-4.475 E0.01917
G1 X10.485 Y-4.467 E0.14573
G1 X8.763 Y-4.412 E0.08595
G1 X7.381 Y-4.44 E0.06896
G1 X5.492 Y-4.416 E0.09425
G1 X4.273 Y-4.317 E0.06102
G1 X2.242 Y-4.343 E0.10134
G1 X1.153 Y-4.264 E0.05447
G1 X-0.042 Y-4.208 E0.05968
G1 X-1.868 Y-4.157 E0.09114
G1 X-3.25 Y-4.247 E0.06909
G1 X-4.868 Y-4.216 E0.08074
G1 X-6.583 Y-4.324 E0.08573
G1 X-7.861 Y-4.324 E0.06376
G1 X-10.084 Y-4.384 E0.11095
G1 X-10.937 Y-4.395 E0.04256
G1 X-13.035 Y-4.352 E0.10469
G1 X-14.096 Y-4.345 E0.05293
G1 X-16.168 Y-4.482 E0.1036
G1 X-16.499 Y-3.484 E0.05246
G1 X-16.797 Y-2.582 E0.04739
G1 X-16.833 Y-1.956 E0.03128
G1 X-16.895 Y-0.025 E0.09639
G1 X-16.805 Y1.967 E0.09948
G1 X-16.758 Y2.479 E0.02565
G1 X-16.722 Y2.563 E0.00456
G1 X-16.619 Y2.806 E0.01317
G1 X-16.101 Y4.43 E0.08504
G1 X-14.185 Y4.371 E0.09563
G1 X-11.428 Y4.32 E0.13757
G1 X-10.931 Y4.343 E0.02482
G1 X-8.853 Y4.304 E0.10369
G1 X-7.889 Y4.308 E0.04809
G1 X-6.18 Y4.228 E0.08536
G1 X-4.875 Y4.239 E0.06511
G1 X-3.229 Y4.124 E0.08232
G1 X-1.841 Y4.14 E0.06925
G1 X-.497 Y4.104 E0.06708
G1 X1.146 Y4.146 E0.082
G1 X2.219 Y4.235 E0.05372
G1 X4.313 Y4.193 E0.10449
G1 X5.473 Y4.279 E0.05803
G1 X7.451 Y4.268 E0.09868
G1 X8.853 Y4.24 E0.06996
G1 X13.587 Y4.367 E0.23627
G1 X13.938 Y4.337 E0.01758
G1 X16.498 Y4.422 E0.12779
G1 X16.893 Y4.458 E0.01979
G1 X16.953 Y4.463 E0.003
G1 X17.168 Y3.532 E0.04767
G1 X17.367 Y2.512 E0.05185
G1 X17.474 Y1.745 E0.03864
G1 X17.601 Y-0.054 E0.08998
G1 X17.422 Y-1.819 E0.08851
G1 X17.272 Y-2.58 E0.0387
G1 X16.78 Y-3.91 E0.07075
G1 X16.611 Y-4.532 E0.03216
G1 X16.559 Y-4.53 E0.0026
G1 X13.789 Y-4.445 E0.13826
G1 F3600 E-1
G0 F12000 X13.767 Y-4.151
G0 X16.258 Y-4.222
G0 X16.215 Y-4.92
;TYPE:WALL-OUTER
G1 F3600 E1
G1 F1200 X13.82 Y-4.844 E0.11955
G1 X13.42 Y-4.875 E0.02002
G1 X10.479 Y-4.867 E0.14673
G1 X8.771 Y-4.812 E0.08526
G1 X7.383 Y-4.84 E0.06926
G1 X5.474 Y-4.816 E0.09525
G1 X4.221 Y-4.716 E0.06271
G1 X2.23 Y-4.743 E0.09934
G1 X1.134 Y-4.664 E0.05482
G1 X-0.054 Y-4.608 E0.05934
G1 X-1.842 Y-4.556 E0.08924
G1 X-3.241 Y-4.647 E0.06994
G1 X-4.861 Y-4.616 E0.08084
G1 X-6.571 Y-4.724 E0.08548
G1 X-7.85 Y-4.724 E0.06381
G1 X-10.078 Y-4.784 E0.1112
G1 X-10.863 Y-4.795 E0.03917
G1 X-13.038 Y-4.752 E0.10853
G1 X-14.07 Y-4.744 E0.05149
G1 X-16.45 Y-4.902 E0.119
G1 X-16.765 Y-3.949 E0.05008
G1 X-17.193 Y-2.658 E0.06786
G1 X-17.232 Y-2.006 E0.03259
G1 X-17.295 Y-0.022 E0.09903
G1 X-17.204 Y1.994 E0.10068
G1 X-17.151 Y2.578 E0.02926
G1 X-16.989 Y2.959 E0.02066
G1 X-16.948 Y3.089 E0.0068
G1 X-16.391 Y4.839 E0.09162
G1 X-14.177 Y4.771 E0.11051
G1 X-11.446 Y4.72 E0.13627
G1 X-10.937 Y4.743 E0.02542
G1 X-8.855 Y4.704 E0.10389
G1 X-7.881 Y4.708 E0.04859
G1 X-6.15 Y4.628 E0.08645
G1 X-4.863 Y4.639 E0.06421
G1 X-3.209 Y4.524 E0.08272
G1 X-1.838 Y4.54 E0.0684
G1 X-.507 Y4.504 E0.06643
G1 X1.113 Y4.544 E0.08085
G1 X2.207 Y4.635 E0.05477
G1 X4.283 Y4.592 E0.10359
G1 X5.459 Y4.679 E0.05883
G1 X7.459 Y4.668 E0.09978
G1 X8.842 Y4.64 E0.06901
G1 X13.598 Y4.767 E0.23736
G1 X13.971 Y4.736 E0.01867
G1 X16.462 Y4.82 E0.12435
G1 X16.801 Y4.851 E0.01698
G1 X17.264 Y4.893 E0.02319
G1 X17.556 Y3.634 E0.06448
G1 X17.762 Y2.578 E0.05368
G1 X17.872 Y1.787 E0.03984
G1 X18.003 Y-0.06 E0.09238
G1 X17.818 Y-1.878 E0.09117
G1 X17.658 Y-2.689 E0.04124
G1 X17.166 Y-4.015 E0.07056
G1 X16.909 Y-4.962 E0.04895
G1 X16.448 Y-4.934 E0.02304
G1 X16.215 Y-4.92 E0.01165
G0 F12000 X15.416 Y-4.895
G1 F3600 E-1
G0 F12000 X15.437 Y-4.197
G0 X15.574 Y4.008
;TYPE:SKIN
G1 F3600 E1
G1 F2400 X15.877 Y2.451 E0.07914
G1 X16.155 Y0.493 E0.09866
G1 X16.192 Y-0.054 E0.02735
G1 X16.137 Y-.616 E0.02817
G1 X15.756 Y-2.524 E0.09707
G1 X15.655 Y-2.809 E0.01509
G1 X15.3 Y-4.107 E0.06714
G1 X16.32 Y-4.139 E0.05091
G1 X16.41 Y-3.807 E0.01716
G1 X16.902 Y-2.473 E0.07094
G1 X17.042 Y-1.766 E0.03596
G1 X17.219 Y-0.044 E0.08636
G1 X17.092 Y1.699 E0.08719
G1 X16.991 Y2.436 E0.03711
G1 X16.792 Y3.466 E0.05234
G1 X16.658 Y4.046 E0.0297
G1 X15.574 Y4.008 E0.05411
G0 F12000 X16.582 Y1.301
G1 F1889.8 X16.708 Y1.722 E0.02784
G1 F2758.6 X16.619 Y2.379 E0.02878
G1 X16.37 Y3.662 E0.05673
G1 F2774.6 X16.021 Y3.65 E0.01507
G1 X16.246 Y2.497 E0.0507
G1 X16.365 Y1.674 E0.03589
G1 F1889.8 X16.582 Y1.301 E0.02734
G1 F1486.1 X16.66 Y0.568 E0.05939
G1 F1538.5 X16.701 Y-0.028 E0.0465
G1 F1543.4 X16.639 Y-.688 E0.05143
G1 F1445.8 X16.489 Y-1.684 E0.08342
G1 F1350.2 X16.364 Y-2.32 E0.05748
G1 F1470.1 X15.943 Y-3.629 E0.11199
G1 F3600 E-1
G0 F12000 X-.356 Y1.463
G1 F3600 E1
G1 F2400 X-1.698 Y-0.067 E0.10153
G1 X-.492 Y-1.212 E0.08297
G1 X0.232 Y-.639 E0.04606
G1 X0.528 Y-0.037 E0.03347
G1 X-.356 Y1.463 E0.08686
G0 F12000 X-.467 Y1.032
G1 F2400 X-.145 Y0.711 E0.02268
G0 F12000 X-.731 Y0.731
G1 F2400 X0.216 Y-.216 E0.06682
G0 F12000 X0.001 Y-.567
G1 F2400 X-.995 Y0.429 E0.07027
G0 F12000 X-1.259 Y0.128
G1 F2400 X-.314 Y-.817 E0.06667
G1 X-.244 Y-.887
G1 F3600 E-1
G0 F12000 X-16.133 Y2.049
G1 F3600 E1
G1 F2060.1 X-16.384 Y2.032 E0.01462
G1 X-16.439 Y0.863 E0.06802
G1 F1886.1 X-16.435 Y-0.02 E0.05606
G1 F1878.7 X-16.448 Y-.938 E0.05851
G1 F2046.9 X-16.41 Y-2.307 E0.08011
G1 F2055.7 X-16.142 Y-2.325 E0.01565
G1 F2060.1 X-15.974 Y-1.241 E0.06376
G1 F2051.3 X-15.981 Y-.965 E0.01612
G1 F1878.7 X-15.88 Y-0.018 E0.0607
G1 F1875 X-15.973 Y0.798 E0.05245
G1 F2051.3 X-15.966 Y1.037 E0.01396
G1 F2060.1 X-16.133 Y2.049 E0.05962
G1 F3600 E-1
;MESH:NONMESH
G0 F600 X-16.133 Y2.049 Z13.5
G0 F12000 X-4.922 Y-3.9
;TIME_ELAPSED:424.181016
;LAYER:44
;TYPE:FILL
;MESH:pi 3mm.stl
G1 F3600 E1
G1 F9600 X-6.254 Y-3.984 E0.06659
G1 X-7.456 Y-3.984 E0.05997
G1 X0.376 Y3.848 E0.55259
G1 X-.814 Y3.816 E0.05939
G1 X-1.878 Y3.844 E0.0531
G1 X-3.648 Y3.825 E0.08831
G1 X-4.904 Y3.915 E0.06282
G1 X-6.5 Y3.904 E0.07963
G1 X-7.873 Y3.967 E0.06857
G1 X-9.095 Y3.96 E0.06097
G1 X-10.953 Y3.998 E0.09272
G1 X-8.807 Y-4.01 E0.41362
G1 X-9.64 Y-4.032 E0.04157
G1 X-10.867 Y-4.043 E0.06122
G1 X-14.084 Y-3.984 E0.16052
G1 X-14.647 Y-4.005 E0.02811
G1 X-15.708 Y-4.073 E0.05304
G1 X-15.747 Y-3.277 E0.03976
G1 X-15.803 Y-3.108 E0.00888
G1 X-15.802 Y-2.572 E0.02674
G1 X-15.601 Y-1.254 E0.06652
G1 X-15.64 Y-0.039 E0.06065
G1 X-15.594 Y1.056 E0.05468
G1 X-15.694 Y1.664 E0.03074
G1 X5.722 Y-4.075 E1.10615
G1 X5.183 Y-4.068 E0.02689
G1 X4.296 Y-3.996 E0.0444
G1 X3.615 Y-4.007 E0.03398
G1 X1.498 Y3.895 E0.40814
G1 X1.928 Y3.931 E0.02153
G1 X4.341 Y3.884 E0.12041
G1 X5.155 Y3.943 E0.04072
G1 X7.457 Y3.928 E0.11485
G1 X9.117 Y3.896 E0.08283
G1 X13.474 Y4.011 E0.21745
G1 X14.03 Y3.961 E0.02785
G1 X15.722 Y4.015 E0.08446
G1 X16.013 Y2.514 E0.07628
G1 X9.423 Y-4.076 E0.46496
G1 X10.374 Y-4.106 E0.04747
G1 X13.303 Y-4.111 E0.14613
G1 X13.969 Y-4.069 E0.03329
G1 X15.418 Y-4.114 E0.07233
G1 X15.746 Y-2.916 E0.06197
G1 X13.9 Y3.973 E0.35582
G1 X13.875 Y4.069
G1 F3600 E-1
G0 F12000 X13.873 Y4.038
G0 X16.345 Y-4.208
G0 X16.336 Y-4.504
;TYPE:WALL-INNER
G1 F3600 E1
G1 F3000 X13.904 Y-4.429 E0.12139
G1 X13.319 Y-4.471 E0.02926
G1 X10.356 Y-4.466 E0.14782
G1 X9.028 Y-4.424 E0.06629
G1 X7.397 Y-4.456 E0.08139
G1 X5.169 Y-4.428 E0.11116
G1 X4.286 Y-4.356 E0.0442
G1 X1.945 Y-4.391 E0.11681
G1 X1.173 Y-4.336 E0.03861
G1 X0.315 Y-4.296 E0.04285
G1 X-1.908 Y-4.229 E0.11096
G1 X-2.966 Y-4.299 E0.0529
G1 X-4.91 Y-4.26 E0.09701
G1 X-6.239 Y-4.344 E0.06644
G1 X-7.841 Y-4.344 E0.07992
G1 X-9.629 Y-4.392 E0.08924
G1 X-10.874 Y-4.403 E0.06212
G1 X-14.079 Y-4.344 E0.15993
G1 X-14.623 Y-4.365 E0.02716
G1 X-16.589 Y-4.49 E0.09828
G1 X-16.608 Y-4.491 E0.00095
G1 X-17.233 Y-2.601 E0.09931
G1 X-17.296 Y-1.544 E0.05283
G1 X-17.347 Y-0.021 E0.07603
G1 X-17.273 Y1.515 E0.07672
G1 X-17.186 Y2.497 E0.04918
G1 X-17.156 Y2.569 E0.00389
G1 X-16.926 Y3.115 E0.02956
G1 X-16.506 Y4.425 E0.06863
G1 X-14.307 Y4.352 E0.10977
G1 X-14.07 Y4.364 E0.01184
G1 X-11.611 Y4.324 E0.1227
G1 X-10.838 Y4.355 E0.0386
G1 X-9.1 Y4.32 E0.08673
G1 X-7.853 Y4.327 E0.06221
G1 X-6.497 Y4.264 E0.06772
G1 X-4.9 Y4.275 E0.07968
G1 X-3.631 Y4.185 E0.06347
G1 X-1.869 Y4.204 E0.08791
G1 X-.82 Y4.176 E0.05235
G1 X1.17 Y4.229 E0.09932
G1 X1.919 Y4.291 E0.0375
G1 X4.361 Y4.245 E0.12185
G1 X5.149 Y4.303 E0.03942
G1 X7.467 Y4.288 E0.11565
G1 X9.112 Y4.256 E0.08208
G1 X13.477 Y4.371 E0.21785
G1 X14.051 Y4.321 E0.02875
G1 X16.579 Y4.402 E0.12619
G1 X17.363 Y4.474 E0.03928
G1 X17.422 Y4.479 E0.00295
G1 X17.771 Y2.984 E0.07659
G1 X17.896 Y2.334 E0.03302
G1 F600 X18.065 Y-0.05 E0.0775
G1 X17.841 Y-2.228 E0.071
G1 F3000 X17.772 Y-2.593 E0.01853
G1 X17.148 Y-4.27 E0.08927
G1 X17.072 Y-4.55 E0.01447
G1 X17.023 Y-4.547 E0.00245
G1 X16.336 Y-4.504 E0.03434
G0 F12000 X16.323 Y-4.904
;TYPE:WALL-OUTER
G1 F1200 X13.933 Y-4.828 E0.1193
G1 X13.333 Y-4.871 E0.03001
G1 X10.344 Y-4.866 E0.14912
G1 X9.036 Y-4.824 E0.06529
G1 X7.399 Y-4.856 E0.08169
G1 X5.15 Y-4.828 E0.11221
G1 X4.26 Y-4.756 E0.04455
G1 X1.934 Y-4.791 E0.11606
G1 X1.154 Y-4.736 E0.03901
G1 X0.303 Y-4.696 E0.0425
G1 X-1.882 Y-4.628 E0.10906
G1 X-2.957 Y-4.699 E0.05375
G1 X-4.905 Y-4.66 E0.09721
G1 X-6.227 Y-4.744 E0.06609
G1 X-7.83 Y-4.744 E0.07997
G1 X-9.584 Y-4.792 E0.08754
G1 X-10.881 Y-4.803 E0.06471
G1 X-14.064 Y-4.744 E0.15883
G1 X-14.597 Y-4.764 E0.02661
G1 X-16.459 Y-4.883 E0.09309
G1 X-16.89 Y-4.91 E0.02154
G1 F600 X-17.629 Y-2.677 E0.07628
G1 F1200 X-17.696 Y-1.562 E0.05573
G1 X-17.747 Y-0.018 E0.07707
G1 X-17.672 Y1.542 E0.07792
G1 X-17.579 Y2.595 E0.05274
G1 X-17.295 Y3.27 E0.03654
G1 X-17.227 Y3.484 E0.0112
G1 X-16.795 Y4.835 E0.07076
G1 X-14.326 Y4.752 E0.12325
G1 X-14.076 Y4.764 E0.01249
G1 X-11.627 Y4.724 E0.1222
G1 X-10.842 Y4.755 E0.03919
G1 X-9.102 Y4.72 E0.08683
G1 X-7.845 Y4.727 E0.06271
G1 X-6.466 Y4.664 E0.06887
G1 X-4.887 Y4.675 E0.07878
G1 X-3.585 Y4.584 E0.06512
G1 X-1.866 Y4.604 E0.08577
G1 X-.83 Y4.576 E0.05171
G1 X1.137 Y4.628 E0.09817
G1 X1.907 Y4.691 E0.03854
G1 X4.331 Y4.644 E0.12096
G1 X5.135 Y4.703 E0.04022
G1 X7.475 Y4.688 E0.11675
G1 X9.102 Y4.656 E0.08119
G1 X13.489 Y4.771 E0.21894
G1 X14.081 Y4.72 E0.02964
G1 X16.543 Y4.8 E0.12289
G1 X17.271 Y4.867 E0.03647
G1 X17.732 Y4.909 E0.02309
G1 X18.156 Y3.102 E0.0926
G1 X18.293 Y2.386 E0.03637
G1 F600 X18.467 Y-0.056 E0.07939
G1 X18.237 Y-2.286 E0.0727
G1 F1200 X18.158 Y-2.701 E0.02108
G1 X17.534 Y-4.375 E0.08913
G1 X17.373 Y-4.97 E0.03075
G1 X16.916 Y-4.941 E0.02285
G1 X16.323 Y-4.904 E0.02964
G0 F12000 X15.524 Y-4.879
G1 F3600 E-1
G0 F12000 X15.546 Y-4.182
G0 X16.708 Y3.5
;TYPE:SKIN
G1 F3600 E1
G1 F1415.9 X16.948 Y2.352 E0.09918
G1 F1463.4 X17.096 Y0.968 E0.11388
G1 F1533.5 X17.163 Y-0.024 E0.07763
G1 F1543.4 X17.066 Y-1.051 E0.08003
G1 F1472.4 X16.859 Y-2.416 E0.11227
G1 F1428.6 X16.525 Y-3.33 E0.08156
G1 F1500 X16.434 Y-3.617 E0.02403
G0 F12000 X15.772 Y-4.104
G1 F2400 X16.787 Y-4.148 E0.05069
G1 X17.439 Y-2.386 E0.09373
G1 X17.683 Y-0.04 E0.11767
G1 X17.517 Y2.289 E0.11649
G1 X17.393 Y2.927 E0.03243
G1 X17.125 Y4.068 E0.05847
G1 X16.611 Y4.02 E0.02576
G1 X16.069 Y4.003 E0.02705
G1 X16.369 Y2.454 E0.07872
G1 X16.587 Y0.917 E0.07745
G1 X16.652 Y-0.05 E0.04835
G1 X16.563 Y-1 E0.0476
G1 X16.252 Y-2.544 E0.07858
G1 X16.027 Y-3.169 E0.03314
G1 X15.772 Y-4.104 E0.04835
G1 F3600 E-1
G0 F12000 X-16.423 Y1.014
G1 F3600 E1
G1 F1646.7 X-16.472 Y-0.018 E0.07513
G1 F1641 X-16.433 Y-1.214 E0.08731
G0 F12000 X-16.07 Y-4.054
G1 F2186.8 X-16.102 Y-3.344 E0.03892
G1 F2171.9 X-16.16 Y-3.164 E0.01043
G1 F2274.9 X-16.138 Y-2.529 E0.03344
G1 F2400 X-15.941 Y-1.24 E0.06506
G1 X-15.98 Y-0.031 E0.06035
G1 X-15.933 Y1.039 E0.05343
G1 X-16.17 Y2.45 E0.07138
G1 X-16.21 Y3.394 E0.04714
G1 X-16.422 Y3.431 E0.01074
G1 X-16.575 Y2.961 E0.02466
G1 X-16.811 Y2.41 E0.0299
G1 X-16.891 Y1.494 E0.04587
G1 X-16.964 Y-0.018 E0.07552
G1 X-16.916 Y-1.481 E0.07303
G1 X-16.853 Y-2.525 E0.05218
G1 F2274.9 X-16.588 Y-3.266 E0.04142
G1 F2171.9 X-16.324 Y-4.07 E0.04665
G1 F2186.8 X-16.07 Y-4.054 E0.01394
G0 F12000 X-16.082 Y-3.86
G1 F3600 E-1
;MESH:NONMESH
G0 F600 X-16.082 Y-3.86 Z13.8
G0 F12000 X-4.958 Y-3.944
;TIME_ELAPSED:434.506413
;LAYER:45
;TYPE:FILL
;MESH:pi 3mm.stl
G1 F3600 E1
G1 F9600 X-5.913 Y-4.004 E0.04774
G1 X-7.174 Y-4.004 E0.06291
G1 X0.771 Y3.941 E0.56056
G1 X-1.136 Y3.892 E0.09517
G1 X-1.904 Y3.912 E0.03833
G1 X-3.982 Y3.888 E0.10368
G1 X-4.941 Y3.955 E0.04796
G1 X-6.82 Y3.94 E0.09375
G1 X-7.837 Y3.987 E0.05079
G1 X-9.349 Y3.98 E0.07543
G1 X-10.732 Y4.007 E0.06901
G1 X-11.171 Y3.99 E0.02192
G1 X-9.022 Y-4.032 E0.41433
G1 X-10.776 Y-4.059 E0.08752
G1 X-13.971 Y-3.996 E0.15943
G1 X-15.708 Y-4.031 E0.08668
G1 X-15.747 Y-3.277 E0.03767
G1 X-16.003 Y-2.504 E0.04062
G1 X-16.09 Y-0.044 E0.12281
G1 X-15.992 Y1.964 E0.1003
G1 X6.653 Y-4.104 E1.16962
G1 X4.865 Y-4.084 E0.08921
G1 X4.341 Y-4.04 E0.02623
G1 X3.407 Y-4.054 E0.0466
G1 X1.26 Y3.959 E0.41387
G1 X1.628 Y3.987 E0.01841
G1 X4.39 Y3.932 E0.13782
G1 X4.842 Y3.963 E0.0226
G1 X7.482 Y3.948 E0.13171
G1 X9.377 Y3.908 E0.09456
G1 X13.364 Y4.014 E0.19898
G1 X14.205 Y3.947 E0.04209
G1 X16.218 Y4.012 E0.10048
G1 X16.478 Y2.678 E0.06781
G1 X9.711 Y-4.088 E0.47741
G1 X10.394 Y-4.111 E0.03409
G1 X11.739 Y-4.104 E0.0671
G1 X13.196 Y-4.111 E0.07269
G1 X14.067 Y-4.053 E0.04355
G1 X15.846 Y-4.112 E0.0888
G1 X13.675 Y3.989 E0.41842
G1 X13.65 Y4.085
G1 F3600 E-1
G0 F12000 X13.648 Y4.052
G0 X16.45 Y-4.194
G0 X16.441 Y-4.492
;TYPE:WALL-INNER
G1 F3600 E1
G1 F3000 X14.012 Y-4.413 E0.12125
G1 X13.211 Y-4.471 E0.04007
G1 X11.74 Y-4.464 E0.07339
G1 X10.381 Y-4.471 E0.0678
G1 X9.292 Y-4.436 E0.05436
G1 X7.414 Y-4.472 E0.09371
G1 X4.846 Y-4.444 E0.12813
G1 X4.331 Y-4.4 E0.02579
G1 X1.65 Y-4.439 E0.13377
G1 X0.67 Y-4.38 E0.04898
G1 X-1.911 Y-4.304 E0.12882
G1 X-2.677 Y-4.351 E0.03829
G1 X-4.948 Y-4.304 E0.11332
G1 X-5.899 Y-4.364 E0.04754
G1 X-7.819 Y-4.364 E0.09579
G1 X-9.264 Y-4.398 E0.07211
G1 X-10.782 Y-4.419 E0.07574
G1 X-13.968 Y-4.356 E0.15898
G1 X-15.192 Y-4.381 E0.06108
G1 X-17.03 Y-4.501 E0.09189
G1 X-17.047 Y-4.502 E0.00085
G1 X-17.669 Y-2.622 E0.09879
G1 X-17.757 Y-1.062 E0.07795
G1 X-17.795 Y-0.021 E0.05197
G1 X-17.741 Y1.063 E0.05415
G1 X-17.614 Y2.517 E0.07282
G1 X-17.585 Y2.585 E0.00369
G1 X-17.223 Y3.437 E0.04618
G1 X-16.904 Y4.426 E0.05184
G1 X-14.39 Y4.332 E0.12551
G1 X-13.904 Y4.359 E0.02428
G1 X-11.795 Y4.324 E0.10523
G1 X-10.741 Y4.367 E0.05263
G1 X-9.352 Y4.34 E0.06931
G1 X-7.817 Y4.347 E0.07658
G1 X-6.817 Y4.3 E0.04995
G1 X-4.924 Y4.315 E0.09445
G1 X-4.004 Y4.249 E0.04602
G1 X-1.897 Y4.272 E0.10512
G1 X-1.14 Y4.252 E0.03778
G1 X1.187 Y4.313 E0.11613
G1 X1.622 Y4.347 E0.02177
G1 X4.419 Y4.293 E0.13957
G1 X4.824 Y4.323 E0.02026
G1 X7.492 Y4.308 E0.13311
G1 X9.373 Y4.268 E0.09386
G1 X13.371 Y4.375 E0.19953
G1 X14.207 Y4.307 E0.04185
G1 X16.655 Y4.386 E0.12219
G1 X17.833 Y4.493 E0.05901
G1 X17.892 Y4.498 E0.00295
G1 X18.34 Y2.542 E0.10011
G1 F600 X18.529 Y-0.046 E0.08415
G1 X18.259 Y-2.63 E0.08425
G1 F3000 X17.543 Y-4.559 E0.10265
G1 X17.489 Y-4.556 E0.0027
G1 X16.441 Y-4.492 E0.05238
G0 F12000 X16.427 Y-4.892
;TYPE:WALL-OUTER
G1 F1200 X14.041 Y-4.812 E0.1191
G1 X13.225 Y-4.871 E0.04082
G1 X11.742 Y-4.864 E0.07399
G1 X10.375 Y-4.871 E0.0682
G1 X9.3 Y-4.836 E0.05366
G1 X7.415 Y-4.872 E0.09406
G1 X4.826 Y-4.844 E0.12917
G1 X4.305 Y-4.8 E0.02609
G1 X1.641 Y-4.839 E0.13292
G1 X0.658 Y-4.78 E0.04913
G1 X-1.917 Y-4.704 E0.12852
G1 X-2.669 Y-4.751 E0.03759
G1 X-4.945 Y-4.704 E0.11357
G1 X-5.887 Y-4.764 E0.04709
G1 X-7.809 Y-4.764 E0.09589
G1 X-9.258 Y-4.798 E0.07231
G1 X-10.79 Y-4.819 E0.07644
G1 X-13.963 Y-4.756 E0.15833
G1 X-15.166 Y-4.78 E0.06003
G1 X-16.825 Y-4.888 E0.08294
G1 X-16.9 Y-4.896 E0.00376
G1 X-17.324 Y-4.94 E0.02127
G1 F600 X-18.065 Y-2.698 E0.07657
G1 F1200 X-18.156 Y-1.114 E0.07916
G1 X-18.195 Y-0.018 E0.05471
G1 X-18.14 Y1.09 E0.05535
G1 X-18.007 Y2.615 E0.07637
G1 X-17.591 Y3.593 E0.05302
G1 X-17.523 Y3.804 E0.01106
G1 X-17.193 Y4.832 E0.05386
G1 X-15.293 Y4.772 E0.09484
G1 X-14.412 Y4.732 E0.044
G1 X-13.912 Y4.759 E0.02498
G1 X-11.811 Y4.724 E0.10483
G1 X-10.745 Y4.767 E0.05323
G1 X-9.354 Y4.74 E0.06941
G1 X-7.809 Y4.747 E0.07708
G1 X-6.786 Y4.7 E0.05109
G1 X-4.911 Y4.715 E0.09355
G1 X-3.957 Y4.648 E0.04771
G1 X-1.894 Y4.672 E0.10293
G1 X-1.15 Y4.652 E0.03713
G1 X1.156 Y4.712 E0.11509
G1 X1.61 Y4.747 E0.02272
G1 X4.39 Y4.692 E0.13872
G1 X4.811 Y4.723 E0.02106
G1 X7.5 Y4.708 E0.13416
G1 X9.362 Y4.668 E0.09292
G1 X13.382 Y4.775 E0.20063
G1 X14.205 Y4.707 E0.0412
G1 X16.619 Y4.784 E0.1205
G1 X17.741 Y4.886 E0.05621
G1 X18.204 Y4.928 E0.02319
G1 F600 X18.737 Y2.602 E0.07738
G1 X18.931 Y-0.052 E0.0863
G1 X18.651 Y-2.722 E0.08706
G1 X17.906 Y-4.732 E0.06951
G1 F1200 X17.84 Y-4.978 E0.01271
G1 X17.381 Y-4.95 E0.02294
G1 X16.427 Y-4.892 E0.04768
G0 F12000 X15.628 Y-4.866
G1 F3600 E-1
G0 F12000 X15.65 Y-4.168
G0 X17.185 Y3.525
;TYPE:SKIN
G1 F3600 E1
G1 F1443.6 X17.422 Y2.389 E0.09625
G1 F1467.9 X17.53 Y1.388 E0.08213
G1 F1536 X17.627 Y-0.023 E0.11025
G1 F1538.5 X17.481 Y-1.488 E0.11458
G1 F1476.9 X17.324 Y-2.521 E0.08471
G1 F1432.8 X16.924 Y-3.609 E0.09687
G0 F12000 X16.239 Y-4.098
G1 F2400 X17.284 Y-4.16 E0.05223
G1 X17.883 Y-2.545 E0.08594
G1 X18.147 Y-0.036 E0.12587
G1 X17.961 Y2.478 E0.12577
G1 X17.595 Y4.088 E0.08237
G1 X16.563 Y3.993 E0.0517
G1 X16.857 Y2.495 E0.07616
G1 X17.023 Y1.337 E0.05836
G1 X17.116 Y-0.042 E0.06895
G1 X16.98 Y-1.424 E0.06928
G1 X16.752 Y-2.552 E0.05741
G1 X16.405 Y-3.504 E0.05055
G1 X16.239 Y-4.098 E0.03077
G1 F3600 E-1
G0 F12000 X-16.061 Y4.014
G1 F3600 E1
G1 F2400 X-16.628 Y4.031 E0.0283
G1 X-16.875 Y3.282 E0.03935
G1 X-17.239 Y2.423 E0.04654
G1 X-17.359 Y1.042 E0.06916
G1 X-17.412 Y-0.018 E0.05295
G1 X-17.375 Y-1.038 E0.05092
G1 X-17.289 Y-2.55 E0.07556
G1 X-16.778 Y-4.101 E0.08147
G1 X-16.047 Y-4.052 E0.03655
G1 X-16.083 Y-3.338 E0.03567
G1 X-16.338 Y-2.562 E0.04075
G1 X-16.428 Y-0.039 E0.12595
G1 X-16.307 Y2.496 E0.12662
G1 X-16.122 Y3.039 E0.02862
G1 X-16.061 Y4.014 E0.04874
G0 F12000 X-16.514 Y3.118
G1 F2253.5 X-16.773 Y2.423 E0.03941
G1 F1839.1 X-16.869 Y1 E0.09286
G1 F1649.5 X-16.919 Y-0.026 E0.07457
G1 F1739.1 X-16.812 Y-2.543 E0.17345
G1 F1886.1 X-16.527 Y-3.421 E0.0586
G1 F3600 E-1
;MESH:NONMESH
G0 F600 X-16.527 Y-3.421 Z14.1
G0 F12000 X7.428 Y-4.127
;TIME_ELAPSED:445.512739
;LAYER:46
;TYPE:FILL
;MESH:pi 3mm.stl
G1 F3600 E1
G1 F9600 X4.534 Y-4.096 E0.14439
G1 X4.346 Y-4.084 E0.0094
G1 X3.201 Y-4.101 E0.05713
G1 X1.021 Y4.035 E0.42023
G1 X-1.454 Y3.964 E0.12353
G1 X-1.939 Y3.979 E0.02421
G1 X-4.394 Y3.953 E0.12249
G1 X-4.963 Y3.991 E0.02845
G1 X-7.133 Y3.976 E0.10826
G1 X-7.797 Y4.004 E0.03316
G1 X-9.598 Y3.996 E0.08985
G1 X-10.636 Y4.019 E0.0518
G1 X-11.391 Y3.989 E0.0377
G1 X-9.236 Y-4.052 E0.41532
G1 X-7.808 Y-4.02 E0.07126
G1 X-6.891 Y-4.021 E0.04575
G1 X1.175 Y4.046 E0.56914
G1 X4.414 Y3.98 E0.16163
G1 X7.432 Y3.969 E0.15057
G1 X9.637 Y3.924 E0.11003
G1 X13.447 Y4.023 E0.19015
G1 X15.621 Y-4.089 E0.41899
G1 X16.355 Y-4.113 E0.03664
G1 X16.451 Y-3.771 E0.01772
G1 X16.926 Y-2.484 E0.06844
G1 X17.067 Y-1.77 E0.03631
G1 X17.242 Y-0.052 E0.08615
G1 X17.118 Y1.725 E0.08887
G1 X17.017 Y2.445 E0.03627
G1 X16.94 Y2.84 E0.02008
G1 X9.998 Y-4.101 E0.48976
G1 X9.588 Y-4.088 E0.02047
G1 X7.552 Y-4.125 E0.10159
G1 X-16.429 Y2.301 E1.23863
G1 X-16.276 Y2.697 E0.02118
G1 X-15.858 Y4.012 E0.06884
G1 X-15.831 Y4.011 E0.00135
G1 X-15.871 Y3.97 E0.00286
G1 X-15.941 Y3.899
G1 F3600 E-1
G0 F12000 X18.417 Y2.519
G0 X18.708 Y2.569
;TYPE:WALL-INNER
G1 F3600 E1
G1 F3000 X18.92 Y-0.041 E0.13064
G1 X18.629 Y-2.708 E0.13385
G1 X18.457 Y-3.252 E0.02846
G1 X18.041 Y-4.569 E0.06891
G1 X17.97 Y-4.565 E0.00355
G1 X16.566 Y-4.48 E0.07017
G1 X14.123 Y-4.397 E0.12195
G1 X13.122 Y-4.471 E0.05008
G1 X10.25 Y-4.47 E0.14328
G1 X9.552 Y-4.448 E0.03484
G1 X7.433 Y-4.487 E0.10574
G1 X4.518 Y-4.456 E0.14544
G1 X4.398 Y-4.445 E0.00601
G1 X1.362 Y-4.487 E0.15148
G1 X1.043 Y-4.464 E0.01596
G1 X-1.947 Y-4.376 E0.14924
G1 X-2.393 Y-4.403 E0.02229
G1 X-4.985 Y-4.348 E0.12934
G1 X-5.559 Y-4.383 E0.02869
G1 X-7.805 Y-4.38 E0.11205
G1 X-8.702 Y-4.404 E0.04477
G1 X-10.704 Y-4.431 E0.09989
G1 X-13.876 Y-4.368 E0.15828
G1 X-15.173 Y-4.38 E0.06471
G1 X-15.764 Y-4.401 E0.0295
G1 X-16.943 Y-4.478 E0.05895
G1 X-17.465 Y-4.529 E0.02617
G1 X-17.484 Y-4.531 E0.00095
G1 X-18.109 Y-2.643 E0.09922
G1 X-18.22 Y-.648 E0.09968
G1 X-18.243 Y-0.02 E0.03135
G1 X-18.213 Y0.611 E0.03152
G1 X-18.046 Y2.532 E0.0962
G1 X-18.014 Y2.608 E0.00411
G1 X-17.523 Y3.761 E0.06252
G1 X-17.31 Y4.416 E0.03436
G1 X-15.835 Y4.372 E0.07362
G1 X-14.483 Y4.316 E0.06751
G1 X-13.746 Y4.351 E0.03681
G1 X-11.975 Y4.324 E0.08837
G1 X-10.646 Y4.379 E0.06636
G1 X-9.601 Y4.356 E0.05215
G1 X-7.78 Y4.364 E0.09085
G1 X-7.099 Y4.336 E0.034
G1 X-4.947 Y4.351 E0.10737
G1 X-4.35 Y4.312 E0.02985
G1 X-1.928 Y4.339 E0.12084
G1 X-1.495 Y4.324 E0.02162
G1 X1.319 Y4.403 E0.14045
G1 X4.413 Y4.34 E0.15439
G1 X7.439 Y4.329 E0.15097
G1 X9.632 Y4.284 E0.10943
G1 X13.262 Y4.379 E0.18116
G1 X14.288 Y4.292 E0.05137
G1 X16.726 Y4.366 E0.12169
G1 X18.302 Y4.506 E0.07894
G1 X18.375 Y4.513 E0.00366
G1 X18.593 Y3.241 E0.06439
G1 X18.708 Y2.569 E0.03401
G0 F12000 X19.105 Y2.619
;TYPE:WALL-OUTER
G1 F1200 X19.322 Y-0.051 E0.13365
G1 X19.206 Y-1.113 E0.0533
G1 X19.023 Y-2.79
G1 X18.973 Y-2.947
G1 F600 X18.328 Y-4.987 E0.06938
G1 F1200 X17.846 Y-4.958 E0.02409
G1 X16.552 Y-4.88 E0.06468
G1 X14.153 Y-4.796 E0.11976
G1 X13.136 Y-4.871 E0.05088
G1 X10.237 Y-4.87 E0.14463
G1 X9.56 Y-4.848 E0.03379
G1 X7.435 Y-4.887 E0.10603
G1 X4.498 Y-4.856 E0.14654
G1 X4.368 Y-4.844 E0.00651
G1 X1.35 Y-4.887 E0.15058
G1 X1.014 Y-4.864 E0.0168
G1 X-1.953 Y-4.776 E0.14809
G1 X-2.385 Y-4.803 E0.02159
G1 X-4.985 Y-4.748 E0.12974
G1 X-5.547 Y-4.783 E0.02809
G1 X-7.794 Y-4.78 E0.1121
G1 X-8.696 Y-4.804 E0.04502
G1 X-10.712 Y-4.831 E0.10059
G1 X-13.872 Y-4.768 E0.15768
G1 X-15.159 Y-4.78 E0.06421
G1 X-15.738 Y-4.8 E0.0289
G1 X-16.904 Y-4.876 E0.0583
G1 X-17.336 Y-4.919 E0.02166
G1 X-17.764 Y-4.961 E0.02146
G1 F600 X-18.505 Y-2.718 E0.0766
G1 F1200 X-18.62 Y-.666 E0.10254
G1 X-18.643 Y-0.018 E0.03235
G1 X-18.612 Y0.638 E0.03276
G1 X-18.439 Y2.63 E0.09976
G1 X-17.891 Y3.917 E0.06979
G1 X-17.822 Y4.132 E0.01127
G1 X-17.589 Y4.853 E0.0378
G1 X-16.89 Y4.804 E0.03496
G1 X-15.818 Y4.772 E0.05351
G1 X-14.502 Y4.716 E0.06571
G1 X-13.752 Y4.751 E0.03746
G1 X-11.991 Y4.724 E0.08787
G1 X-10.65 Y4.779 E0.06696
G1 X-9.603 Y4.756 E0.05225
G1 X-7.772 Y4.764 E0.09135
G1 X-7.102 Y4.736 E0.03346
G1 X-4.935 Y4.751 E0.10811
G1 X-4.333 Y4.712 E0.0301
G1 X-1.923 Y4.739 E0.12024
G1 X-1.47 Y4.724 E0.02261
G1 X1.312 Y4.803 E0.13885
G1 X4.415 Y4.74 E0.15484
G1 X7.441 Y4.729 E0.15097
G1 X9.622 Y4.684 E0.10883
G1 X13.274 Y4.779 E0.18226
G1 X14.319 Y4.692 E0.05232
G1 X16.69 Y4.764 E0.11834
G1 X18.211 Y4.9 E0.07619
G1 X18.672 Y4.941 E0.02309
G1 X18.811 Y4.336 E0.03097
G1 X19.064 Y2.857 E0.07486
G1 X19.105 Y2.619 E0.01205
G0 F12000 X19.169 Y1.822
G1 F3600 E-1
G0 F12000 X18.478 Y1.766
G0 X16.684 Y-4.109
;TYPE:SKIN
G1 F3600 E1
G1 F2400 X17.764 Y-4.171 E0.05397
G1 X18.255 Y-2.63 E0.08069
G1 X18.534 Y-0.029 E0.13051
G1 X18.329 Y2.522 E0.12768
G1 X18.054 Y4.1 E0.07991
G1 X17.057 Y4.01 E0.04994
G1 X17.349 Y2.519 E0.0758
G1 X17.455 Y1.76 E0.03823
G1 X17.58 Y-0.073 E0.09166
G1 X17.403 Y-1.809 E0.08706
G1 X17.247 Y-2.586 E0.03954
G1 X16.684 Y-4.109 E0.08101
G0 F12000 X17.398 Y-3.639
G1 F1568.6 X17.75 Y-2.616 E0.08258
G1 F1684.2 X17.866 Y-1.858 E0.05452
G1 F1764.7 X18.053 Y-0.02 E0.12535
G1 F1771.2 X17.92 Y1.782 E0.12215
G1 F1745.5 X17.845 Y2.464 E0.04707
G1 F1663.8 X17.646 Y3.565 E0.08052
G1 F3600 E-1
G0 F12000 X-16.9 Y-3.642
G1 F3600 E1
G1 F1875 X-17.253 Y-2.56 E0.07268
G1 F1732.9 X-17.368 Y-0.013 E0.17617
G1 F1641 X-17.341 Y0.552 E0.04127
G1 F1726.6 X-17.28 Y1.465 E0.06346
G1 F1912.4 X-17.218 Y2.379 E0.05736
G1 F2105.3 X-16.975 Y3.002 E0.03803
G1 F2324.5 X-16.751 Y3.622 E0.03396
G0 F12000 X-16.216 Y4
G1 F2400 X-17.036 Y4.027 E0.04093
G1 X-17.165 Y3.626 E0.02102
G1 X-17.671 Y2.438 E0.06442
G1 X-17.832 Y0.591 E0.0925
G1 X-17.86 Y-0.018 E0.03042
G1 X-17.839 Y-.59 E0.02856
G1 X-17.729 Y-2.57 E0.09893
G1 X-17.218 Y-4.114 E0.08114
G1 X-16.292 Y-4.053 E0.0463
G1 X-16.778 Y-2.573 E0.07772
G1 X-16.812 Y-1.984 E0.02943
G1 X-16.876 Y-0.027 E0.09769
G1 X-16.764 Y2.382 E0.12032
G1 X-16.6 Y2.806 E0.02268
G1 X-16.216 Y4 E0.06257
G0 F12000 X-16.221 Y3.786
G1 F3600 E-1
;MESH:NONMESH
G0 F600 X-16.221 Y3.786 Z14.4
G0 F12000 X13.23 Y4.015
;TIME_ELAPSED:455.907895
;LAYER:47
;TYPE:FILL
;MESH:pi 3mm.stl
G1 F3600 E1
G1 F9600 X15.394 Y-4.061 E0.41713
G1 X14.217 Y-4.023 E0.05875
G1 X13.009 Y-4.112 E0.06043
G1 X10.288 Y-4.112 E0.13575
G1 X17.399 Y3 E0.50175
G1 X17.169 Y3.995 E0.05095
G1 X14.381 Y3.917 E0.13915
G1 X13.143 Y4.022 E0.06199
G1 X9.902 Y3.936 E0.16175
G1 X7.401 Y3.984 E0.1248
G1 X4.158 Y4 E0.1618
G1 X1.495 Y4.066 E0.1329
G1 X-6.612 Y-4.041 E0.57199
G1 X-7.777 Y-4.04 E0.05812
G1 X-9.452 Y-4.064 E0.08357
G1 X-11.609 Y3.985 E0.41574
G1 X-10.538 Y4.027 E0.05347
G1 X-9.847 Y4.016 E0.03448
G1 X-7.759 Y4.024 E0.10417
G1 X-7.446 Y4.012 E0.01563
G1 X-4.985 Y4.031 E0.12278
G1 X-4.742 Y4.012 E0.01216
G1 X-1.781 Y4.04 E0.14773
G1 X-.455 Y4.072 E0.06617
G1 X0.789 Y4.079 E0.06206
G1 X2.988 Y-4.126 E0.4238
G1 X4.545 Y-4.104 E0.07769
G1 X7.444 Y-4.143 E0.14464
G1 X8.375 Y-4.126 E0.04646
G1 X-16.753 Y2.607 E1.29786
G1 X-16.575 Y3.023 E0.02257
G1 X-16.264 Y4.002 E0.05125
G1 X-15.568 Y3.974 E0.03475
G1 X-16.618 Y2.924 E0.07408
G1 X-16.688 Y2.854
G1 F3600 E-1
G0 F12000 X13.597 Y3.986
G0 X18.524 Y4.221
G0 X18.748 Y4.512
;TYPE:WALL-INNER
G1 F3600 E1
G1 F3000 X19.076 Y2.573 E0.09811
G1 X19.234 Y0.599 E0.0988
G1 X19.295 Y-0.042 E0.03212
G1 X19.203 Y-.7 E0.03315
G1 X18.996 Y-2.649 E0.09778
G1 X18.859 Y-3.186 E0.02765
G1 X18.421 Y-4.561 E0.072
G1 X16.616 Y-4.456 E0.0902
G1 X14.244 Y-4.38 E0.1184
G1 X13.017 Y-4.472 E0.06139
G1 X10.21 Y-4.472 E0.14004
G1 X9.816 Y-4.46 E0.01967
G1 X7.446 Y-4.503 E0.11826
G1 X4.547 Y-4.464 E0.14464
G1 X0.971 Y-4.515 E0.17843
G1 X-.674 Y-4.488 E0.08208
G1 X-2.001 Y-4.452 E0.06623
G1 X-5.027 Y-4.392 E0.151
G1 X-5.219 Y-4.403 E0.00959
G1 X-7.777 Y-4.4 E0.12762
G1 X-10.622 Y-4.439 E0.14195
G1 X-13.694 Y-4.38 E0.15329
G1 X-15.745 Y-4.4 E0.10233
G1 X-16.336 Y-4.421 E0.0295
G1 X-17.022 Y-4.466 E0.0343
G1 X-17.9 Y-4.551 E0.04401
G1 X-17.92 Y-4.553 E0.001
G1 X-18.545 Y-2.663 E0.09931
G1 F600 X-18.69 Y0.018 E0.08707
G1 X-18.474 Y2.553 E0.0825
G1 F3000 X-18.444 Y2.625 E0.00389
G1 X-18.006 Y3.654 E0.05579
G1 X-17.888 Y3.931 E0.01502
G1 X-17.8 Y4.138 E0.01122
G1 X-17.703 Y4.443 E0.01597
G1 X-16.993 Y4.392 E0.03551
G1 X-14.56 Y4.296 E0.12148
G1 X-13.585 Y4.347 E0.04871
G1 X-12.156 Y4.324 E0.0713
G1 X-10.549 Y4.387 E0.08024
G1 X-9.849 Y4.376 E0.03493
G1 X-7.743 Y4.384 E0.10507
G1 X-7.415 Y4.372 E0.01637
G1 X-4.975 Y4.391 E0.12174
G1 X-4.722 Y4.372 E0.01266
G1 X-1.785 Y4.4 E0.14653
G1 X-.467 Y4.432 E0.06577
G1 X0.994 Y4.44 E0.07289
G1 X4.157 Y4.36 E0.15785
G1 X7.411 Y4.344 E0.16234
G1 X9.897 Y4.296 E0.12405
G1 X13.154 Y4.383 E0.16255
G1 X14.391 Y4.276 E0.06194
G1 X16.943 Y4.348 E0.12737
G1 X18.748 Y4.512 E0.09042
G0 F12000 X19.081 Y4.944
;TYPE:WALL-OUTER
G1 F1200 X19.473 Y2.623 E0.11744
G1 X19.632 Y0.637 E0.0994
G1 X19.698 Y-0.051 E0.03448
G1 X19.601 Y-.742 E0.03481
G1 X19.39 Y-2.72 E0.09924
G1 X19.225 Y-3.356 E0.03278
G1 X18.708 Y-4.979 E0.08498
G1 X16.603 Y-4.856 E0.1052
G1 X14.265 Y-4.78 E0.1167
G1 X13.032 Y-4.872 E0.06169
G1 X10.204 Y-4.872 E0.14109
G1 X9.824 Y-4.86 E0.01897
G1 X7.447 Y-4.903 E0.11861
G1 X4.553 Y-4.864 E0.1444
G1 X1.041 Y-4.915 E0.17523
G1 X-.685 Y-4.888 E0.08612
G1 X-5.025 Y-4.792 E0.21658
G1 X-5.207 Y-4.803 E0.0091
G1 X-7.771 Y-4.8 E0.12792
G1 X-10.63 Y-4.839 E0.14265
G1 X-13.69 Y-4.78 E0.15269
G1 X-15.731 Y-4.8 E0.10183
G1 X-16.31 Y-4.82 E0.0289
G1 X-16.984 Y-4.864 E0.0337
G1 X-17.772 Y-4.94 E0.0395
G1 X-18.2 Y-4.981 E0.02145
G1 F600 X-18.941 Y-2.738 E0.0766
G1 X-19.091 Y0.024 E0.0897
G1 X-18.867 Y2.651 E0.0855
G1 F1200 X-18.181 Y4.259 E0.08722
G1 X-18.122 Y4.444 E0.00969
G1 X-17.989 Y4.865 E0.02203
G1 X-16.977 Y4.792 E0.05062
G1 X-14.581 Y4.696 E0.11963
G1 X-13.592 Y4.747 E0.04941
G1 X-12.172 Y4.724 E0.07085
G1 X-10.553 Y4.787 E0.08083
G1 X-9.851 Y4.776 E0.03503
G1 X-7.736 Y4.784 E0.10552
G1 X-7.418 Y4.772 E0.01588
G1 X-4.96 Y4.791 E0.12263
G1 X-4.706 Y4.772 E0.01271
G1 X-1.795 Y4.8 E0.14524
G1 X-.473 Y4.832 E0.06597
G1 X0.998 Y4.84 E0.07339
G1 X4.159 Y4.76 E0.15775
G1 X7.419 Y4.744 E0.16264
G1 X9.886 Y4.696 E0.1231
G1 X13.166 Y4.783 E0.1637
G1 X14.422 Y4.676 E0.06289
G1 X16.927 Y4.748 E0.12503
G1 X19.081 Y4.944 E0.10791
G0 F12000 X19.214 Y4.156
G1 F3600 E-1
G0 F12000 X18.528 Y4.04
G0 X17.186 Y-4.107
;TYPE:SKIN
G1 F3600 E1
G1 F2400 X18.148 Y-4.163 E0.04808
G1 X18.487 Y-3.098 E0.05576
G1 X18.618 Y-2.577 E0.0268
G1 X18.82 Y-.658 E0.09627
G1 X18.91 Y-0.027 E0.0318
G1 X18.852 Y0.56 E0.02943
G1 X18.697 Y2.527 E0.09844
G1 X18.433 Y4.099 E0.07953
G1 X17.513 Y4.017 E0.04608
G1 X17.743 Y3.038 E0.05017
G1 X17.88 Y2.326 E0.03617
G1 X18.045 Y-0.045 E0.11858
G1 X17.824 Y-2.213 E0.10872
G1 X17.751 Y-2.585 E0.01891
G1 X17.186 Y-4.107 E0.081
G0 F12000 X17.822 Y-3.687
G1 F1959.2 X18.139 Y-2.769 E0.05935
G1 F2096.1 X18.219 Y-2.407 E0.02118
G1 F2191.8 X18.404 Y-.609 E0.09874
G1 F2162.2 X18.474 Y-0.029 E0.03235
G1 F2181.8 X18.293 Y2.359 E0.13143
G1 F2186.8 X18.155 Y3.159 E0.04445
G1 F2051.3 X18.062 Y3.619 E0.02739
G1 F3600 E-1
G0 F12000 X-17.334 Y-3.659
G1 F3600 E1
G1 F1875 X-17.688 Y-2.58 E0.07252
G1 F1797.8 X-17.747 Y-1.56 E0.06805
G1 F1714.3 X-17.813 Y-0.033 E0.10675
G1 F1751.8 X-17.711 Y1.528 E0.10692
G1 F1849.7 X-17.641 Y2.349 E0.05334
G1 F2000 X-17.566 Y2.63 E0.01741
G1 F2186.8 X-17.289 Y3.28 E0.03869
G1 F2285.7 X-17.162 Y3.622 E0.01911
G0 F12000 X-16.622 Y3.995
G1 F2400 X-17.423 Y4.042 E0.04003
G1 X-18.095 Y2.459 E0.0858
G1 X-18.307 Y0.004 E0.12294
G1 X-18.165 Y-2.59 E0.12961
G1 X-17.652 Y-4.141 E0.0815
G1 X-16.735 Y-4.053 E0.04596
G1 X-17.214 Y-2.593 E0.07666
G1 X-17.276 Y-1.536 E0.05282
G1 X-17.324 Y-0.023 E0.07552
G1 X-17.252 Y1.51 E0.07657
G1 X-17.169 Y2.494 E0.04927
G1 X-16.896 Y3.138 E0.0349
G1 X-16.622 Y3.995 E0.04489
G0 F12000 X-16.629 Y3.779
G1 F3600 E-1
;MESH:NONMESH
G0 F600 X-16.629 Y3.779 Z14.7
G0 F12000 X-9.667 Y-4.082
;TIME_ELAPSED:466.943280
;LAYER:48
;TYPE:FILL
;MESH:pi 3mm.stl
G1 F3600 E1
G1 F9600 X-11.828 Y3.984 E0.41661
G1 X-10.434 Y4.039 E0.0696
G1 X-4.953 Y4.056 E0.27345
G1 X-1.909 Y4.088 E0.15187
G1 X0.565 Y4.096 E0.12343
G1 X2.769 Y-4.129 E0.42482
G1 X4.838 Y-4.108 E0.10323
G1 X7.426 Y-4.148 E0.12913
G1 X9.188 Y-4.124 E0.08791
G1 X-17.06 Y2.909 E1.35571
G1 X-16.874 Y3.345 E0.02365
G1 X-16.664 Y4.002 E0.03441
G1 X-15.298 Y3.944 E0.06821
G1 X-17.307 Y1.935 E0.14175
G1 X-17.383 Y1.044 E0.04461
G1 X-17.434 Y-0.033 E0.05379
G1 X-17.4 Y-1.077 E0.05211
G1 X-17.316 Y-2.555 E0.07386
G1 X-16.818 Y-4.065 E0.07933
G1 X-13.567 Y-4.032 E0.1622
G1 X-10.532 Y-4.091 E0.15145
G1 X-7.749 Y-4.06 E0.13885
G1 X-6.331 Y-4.06 E0.07074
G1 X1.795 Y4.066 E0.57333
G1 X3.85 Y4.011 E0.10256
G1 X7.046 Y4 E0.15945
G1 X10.16 Y3.952 E0.15538
G1 X13.031 Y4.026 E0.14328
G1 X14.487 Y3.905 E0.07289
G1 X16.867 Y3.965 E0.11878
G1 X17.637 Y4.012 E0.03849
G1 X17.837 Y3.138 E0.04473
G1 X10.588 Y-4.112 E0.51149
G1 X12.909 Y-4.112 E0.1158
G1 X14.329 Y-4.007 E0.07104
G1 X15.167 Y-4.034 E0.04183
G1 X13.007 Y4.026 E0.4163
G1 X12.982 Y4.122
G1 F3600 E-1
G0 F12000 X12.983 Y4.088
G0 X14.499 Y4.024
G0 X15.378 Y4.055
G0 X18.893 Y4.219
G0 X19.115 Y4.511
;TYPE:WALL-INNER
G1 F3600 E1
G1 F3000 X19.447 Y2.578 E0.09785
G1 X19.57 Y1.006 E0.07867
G1 X19.671 Y-0.042 E0.05253
G1 X19.523 Y-1.097 E0.05315
G1 X19.36 Y-2.648 E0.07781
G1 X19.139 Y-3.493 E0.04358
G1 X18.801 Y-4.56 E0.05584
G1 X16.677 Y-4.432 E0.10616
G1 X16.113 Y-4.423 E0.02814
G1 X14.356 Y-4.364 E0.08771
G1 X12.917 Y-4.472 E0.07199
G1 X10.083 Y-4.472 E0.14139
G1 X7.425 Y-4.508 E0.13262
G1 X4.841 Y-4.468 E0.12893
G1 X3.772 Y-4.473 E0.05333
G1 X1.169 Y-4.512 E0.12988
G1 X0.717 Y-4.535 E0.02258
G1 X-2.038 Y-4.491 E0.13747
G1 X-5.028 Y-4.42 E0.14921
G1 X-7.748 Y-4.42 E0.1357
G1 X-10.54 Y-4.451 E0.1393
G1 X-13.563 Y-4.392 E0.15085
G1 X-14.143 Y-4.398 E0.02894
G1 X-16.318 Y-4.42
G1 X-16.921 Y-4.442
G1 X-18.338 Y-4.575
G1 X-18.356 Y-4.577
G1 X-18.996 Y-2.637 E0.10192
G1 F600 X-19.064 Y-.501 E0.0693
G1 F1500 X-19.078 Y-0.052 E0.02241
G1 F3000 X-19.06 Y0.121 E0.00868
G1 X-19.006 Y1.074 E0.04762
G1 X-18.951 Y2.051 E0.04882
G1 X-18.906 Y2.572 E0.02609
G1 X-18.823 Y2.765 E0.01048
G1 X-18.1 Y4.452 E0.09157
G1 X-17.079 Y4.38 E0.05106
G1 X-14.657 Y4.276 E0.12095
G1 X-13.425 Y4.339 E0.06155
G1 X-12.34 Y4.324 E0.05414
G1 X-10.451 Y4.399 E0.09432
G1 X-4.955 Y4.416 E0.2742
G1 X-1.913 Y4.448 E0.15177
G1 X0.68 Y4.456 E0.12937
G1 X3.847 Y4.371 E0.15806
G1 X7.053 Y4.36 E0.15995
G1 X10.156 Y4.312 E0.15483
G1 X13.042 Y4.387 E0.14403
G1 X14.497 Y4.264 E0.07285
G1 X16.841 Y4.325 E0.11698
G1 X17.588 Y4.37 E0.03734
G1 X19.115 Y4.511 E0.07651
G0 F12000 X19.438 Y4.943
;TYPE:WALL-OUTER
G1 F1200 X19.535 Y4.445 E0.02531
G1 X19.845 Y2.627 E0.09201
G1 X19.968 Y1.044 E0.07921
G1 X20.074 Y-0.051 E0.05489
G1 X19.921 Y-1.139 E0.05481
G1 X19.754 Y-2.72 E0.07932
G1 X19.523 Y-3.604 E0.04558
G1 X19.088 Y-4.978 E0.0719
G1 X16.671 Y-4.832 E0.1208
G1 X16.099 Y-4.823 E0.02854
G1 X14.377 Y-4.764 E0.08596
G1 X12.932 Y-4.872 E0.07229
G1 X10.089 Y-4.872 E0.14184
G1 X7.425 Y-4.908 E0.13292
G1 X4.843 Y-4.868 E0.12883
G1 X3.778 Y-4.873 E0.05313
G1 X1.189 Y-4.912 E0.12918
G1 X0.724 Y-4.935 E0.02323
G1 X-2.048 Y-4.891 E0.13831
G1 X-5.028 Y-4.82 E0.14871
G1 X-7.743 Y-4.82 E0.13545
G1 X-10.548 Y-4.851 E0.13995
G1 X-13.559 Y-4.792 E0.15025
G1 X-16.304 Y-4.82 E0.13696
G1 X-16.883 Y-4.84 E0.0289
G1 X-18.21 Y-4.965 E0.0665
G1 X-18.636 Y-5.005 E0.02135
G1 F600 X-19.394 Y-2.705 E0.07853
G1 X-19.479 Y-0.036 E0.0866
G1 F1200 X-19.473 Y0.02 E0.00281
G1 X-19.46 Y0.144 E0.00622
G1 X-19.437 Y0.551 E0.02034
G1 X-19.349 Y2.085 E0.07666
G1 X-19.299 Y2.67 E0.02929
G1 X-18.477 Y4.586 E0.10402
G1 X-18.415 Y4.778 E0.01007
G1 X-18.385 Y4.873 E0.00497
G1 X-17.061 Y4.78 E0.06622
G1 X-14.677 Y4.676 E0.11905
G1 X-13.432 Y4.739 E0.06219
G1 X-12.356 Y4.724 E0.05369
G1 X-10.457 Y4.799 E0.09482
G1 X-4.959 Y4.816 E0.2743
G1 X-1.914 Y4.848 E0.15192
G1 X0.685 Y4.856 E0.12967
G1 X3.849 Y4.771 E0.15791
G1 X7.06 Y4.76 E0.1602
G1 X10.146 Y4.712 E0.15398
G1 X13.054 Y4.787 E0.14513
G1 X14.527 Y4.664 E0.07374
G1 X16.277 Y4.716 E0.08735
G1 X16.817 Y4.724 E0.02694
G1 X17.551 Y4.768 E0.03669
G1 X19.438 Y4.943 E0.09455
G0 F12000 X19.535 Y4.445
G0 X19.584 Y4.157
G1 F3600 E-1
G0 F12000 X18.897 Y4.04
G0 X17.834 Y-4.022
;TYPE:SKIN
G1 F3600 E1
G1 F1649.5 X18.455 Y-4.062 E0.04517
G1 F1632.7 X18.671 Y-3.397 E0.05128
G1 F1660.9 X18.892 Y-2.633 E0.05734
G1 F1684.2 X19.054 Y-1.094 E0.11002
G1 F1660.9 X19.192 Y-0.03 E0.07735
G1 F1649.5 X19.101 Y0.96 E0.07217
G1 F1672.5 X18.984 Y2.521 E0.11207
G1 F1643.8 X18.72 Y3.992 E0.10886
G1 F1605.4 X18.104 Y3.934 E0.04615
G1 F1643.8 X18.408 Y2.533 E0.10442
G1 F1660.9 X18.602 Y-0.034 E0.18559
G1 F1658 X18.324 Y-2.617 E0.18761
G1 F1681.3 X17.834 Y-4.022 E0.10597
G1 F3600 E-1
G0 F12000 X-17.024 Y3.994
G1 F3600 E1
G1 F2400 X-17.856 Y4.054 E0.04162
G1 X-18.545 Y2.446 E0.08728
G1 X-18.695 Y-0.071 E0.1258
G1 X-18.616 Y-2.568 E0.12464
G1 X-18.088 Y-4.169 E0.08411
G1 X-17.169 Y-4.08 E0.04606
G1 X-17.654 Y-2.614 E0.07704
G1 X-17.74 Y-1.092 E0.07605
G1 X-17.772 Y-0.023 E0.05336
G1 X-17.724 Y1.053 E0.05374
G1 X-17.597 Y2.509 E0.07292
G1 X-17.196 Y3.458 E0.0514
G1 X-17.024 Y3.994 E0.02808
G0 F12000 X-17.587 Y3.613
G1 F2167 X-17.997 Y2.642 E0.05824
G1 F1959.2 X-18.08 Y2.334 E0.0195
G1 F1856.9 X-18.173 Y1.071 E0.08166
G1 F1889.8 X-18.231 Y-0.032 E0.06998
G1 F1849.7 X-18.2 Y-1.115 E0.07013
G1 F1832.1 X-18.136 Y-2.574 E0.09545
G1 F1875 X-17.77 Y-3.685 E0.0747
G1 F3600 E-1
;MESH:NONMESH
G0 F600 X-17.77 Y-3.685 Z15
G0 F12000 X-9.883 Y-4.095
;TIME_ELAPSED:477.620591
;LAYER:49
;TYPE:FILL
;MESH:pi 3mm.stl
G1 F3600 E1
G1 F9600 X-12.048 Y3.984 E0.41728
G1 X-10.334 Y4.052 E0.08558
G1 X-7.667 Y4.048 E0.13306
G1 X-5.287 Y4.06 E0.11874
G1 X-4.935 Y4.072 E0.01757
G1 X-2.397 Y4.092 E0.12663
G1 X-1.943 Y4.108 E0.02266
G1 X0.34 Y4.116 E0.1139
G1 X2.551 Y-4.135 E0.42617
G1 X3.47 Y-4.12 E0.04586
G1 X4.319 Y-4.127 E0.04236
G1 X5.122 Y-4.116 E0.04007
G1 X7.347 Y-4.148 E0.11102
G1 X9.984 Y-4.118 E0.13157
G1 X-17.369 Y3.211 E1.41278
G1 X-17.069 Y3.996 E0.04193
G1 X-15.037 Y3.905 E0.10148
G1 X-17.808 Y1.134 E0.19551
G1 X-17.854 Y0.587 E0.02739
G1 X-17.882 Y-0.032 E0.03091
G1 X-17.863 Y-.631 E0.0299
G1 X-17.753 Y-2.575 E0.09714
G1 X-17.26 Y-4.07 E0.07854
G1 X-16.523 Y-4.075 E0.03677
G1 X-13.43 Y-4.044 E0.15432
G1 X-10.464 Y-4.103 E0.148
G1 X-7.726 Y-4.064 E0.13661
G1 X-6.04 Y-4.069 E0.08412
G1 X2.091 Y4.062 E0.57369
G1 X3.566 Y4.028 E0.07361
G1 X4.454 Y4.032 E0.0443
G1 X6.71 Y4.016 E0.11256
G1 X7.417 Y3.992 E0.03529
G1 X10.017 Y3.96 E0.12972
G1 X12.922 Y4.03 E0.14497
G1 X14.594 Y3.888 E0.08372
G1 X16.04 Y3.93 E0.07217
G1 X16.933 Y3.945 E0.04456
G1 X18.098 Y4.02 E0.05824
G1 X18.233 Y3.234 E0.03979
G1 X10.884 Y-4.115 E0.51851
G1 X12.811 Y-4.112 E0.09614
G1 X14.436 Y-3.991 E0.0813
G1 X14.94 Y-4.005 E0.02515
G1 X12.787 Y4.027 E0.41486
G1 X12.762 Y4.123
G1 F3600 E-1
G0 F12000 X12.763 Y4.089
G0 X14.605 Y4.01
G0 X16.533 Y4.081
G0 X19.252 Y4.217
G0 X19.469 Y4.512
;TYPE:WALL-INNER
G1 F3600 E1
G1 F3000 X19.591 Y3.901 E0.03108
G1 X19.815 Y2.582 E0.06675
G1 X19.906 Y1.414 E0.05845
G1 X20.047 Y-0.042 E0.07298
G1 X19.843 Y-1.495 E0.0732
G1 X19.72 Y-2.644 E0.05765
G1 X19.419 Y-3.806 E0.05989
G1 X19.183 Y-4.553 E0.03908
G1 X16.748 Y-4.412 E0.12169
G1 X15.923 Y-4.395 E0.04117
G1 X14.464 Y-4.348 E0.07283
G1 X12.821 Y-4.472 E0.0822
G1 X10.104 Y-4.477 E0.13555
G1 X7.342 Y-4.508 E0.13781
G1 X5.126 Y-4.476 E0.11057
G1 X4.318 Y-4.487 E0.04032
G1 X3.471 Y-4.48 E0.04226
G1 X1.176 Y-4.516 E0.11451
G1 X0.412 Y-4.551 E0.03816
G1 X-4.542 Y-4.456 E0.2472
G1 X-5.014 Y-4.432 E0.02358
G1 X-7.725 Y-4.424 E0.13525
G1 X-10.47 Y-4.463 E0.13696
G1 X-13.427 Y-4.404 E0.14755
G1 X-16.525 Y-4.435 E0.15457
G1 X-17.126 Y-4.43 E0.02999
G1 X-18.778 Y-4.589 E0.0828
G1 X-18.797 Y-4.591 E0.00095
G1 X-18.906 Y-4.2 E0.02025
G1 X-19.334 Y-2.668 E0.07936
G1 X-19.419 Y-0.062 E0.13008
G1 X-19.365 Y0.468 E0.02658
G1 X-19.238 Y2.592 E0.10616
G1 X-18.7 Y4.069 E0.07842
G1 X-18.558 Y4.461 E0.0208
G1 X-18.534 Y4.459 E0.0012
G1 X-17.135 Y4.36 E0.06997
G1 X-14.744 Y4.256 E0.1194
G1 X-13.261 Y4.335 E0.07409
G1 X-12.519 Y4.324 E0.03702
G1 X-10.352 Y4.412 E0.1082
G1 X-7.668 Y4.408 E0.13391
G1 X-5.291 Y4.42 E0.11859
G1 X-4.951 Y4.432 E0.01697
G1 X-2.402 Y4.452 E0.12717
G1 X-1.96 Y4.468 E0.02207
G1 X0.369 Y4.476 E0.11619
G1 X1.232 Y4.443 E0.04309
G1 X3.564 Y4.388 E0.11638
G1 X4.455 Y4.392 E0.04445
G1 X6.727 Y4.376 E0.11335
G1 X7.42 Y4.352 E0.03459
G1 X10.015 Y4.32 E0.12947
G1 X12.933 Y4.391 E0.14562
G1 X14.604 Y4.248 E0.08367
G1 X16.089 Y4.292 E0.07412
G1 X16.911 Y4.305 E0.04101
G1 X17.992 Y4.374 E0.05404
G1 X19.469 Y4.512 E0.07401
G0 F12000 X19.791 Y4.944
;TYPE:WALL-OUTER
G1 F1200 X19.985 Y3.969 E0.0496
G1 X20.213 Y2.631 E0.06772
G1 X20.304 Y1.452 E0.059
G1 X20.45 Y-0.051 E0.07534
G1 X20.241 Y-1.538 E0.07492
G1 X20.114 Y-2.716 E0.05911
G1 X19.803 Y-3.916 E0.06185
G1 X19.469 Y-4.976 E0.05545
G1 X18.94 Y-4.936 E0.02647
G1 X16.74 Y-4.812 E0.10993
G1 X15.91 Y-4.795 E0.04142
G1 X14.485 Y-4.748 E0.07113
G1 X12.836 Y-4.872 E0.0825
G1 X10.108 Y-4.877 E0.1361
G1 X7.336 Y-4.908 E0.1383
G1 X5.132 Y-4.876 E0.10997
G1 X4.314 Y-4.887 E0.04081
G1 X3.477 Y-4.88 E0.04176
G1 X1.194 Y-4.916 E0.11391
G1 X0.417 Y-4.951 E0.0388
G1 X-4.556 Y-4.856 E0.24815
G1 X-5.015 Y-4.832 E0.02293
G1 X-7.719 Y-4.824 E0.1349
G1 X-10.478 Y-4.863 E0.13766
G1 X-13.423 Y-4.804 E0.14696
G1 X-16.531 Y-4.835 E0.15507
G1 X-17.088 Y-4.828 E0.02779
G1 X-18.65 Y-4.98 E0.0783
G1 X-19.097 Y-5.023 E0.0224
G1 X-19.434 Y-3.806 E0.063
G1 X-19.732 Y-2.729 E0.05575
G1 X-19.819 Y-0.048 E0.13383
G1 X-19.764 Y0.492 E0.02708
G1 X-19.634 Y2.674 E0.10905
G1 X-19.207 Y3.846 E0.06223
G1 X-19.07 Y4.222 E0.01997
G1 X-18.791 Y4.878 E0.03556
G1 X-18.4 Y4.85 E0.01956
G1 X-17.117 Y4.76 E0.06417
G1 X-14.765 Y4.656 E0.11746
G1 X-13.268 Y4.735 E0.07479
G1 X-12.535 Y4.724 E0.03657
G1 X-10.36 Y4.812 E0.1086
G1 X-7.67 Y4.808 E0.1342
G1 X-5.305 Y4.82 E0.11799
G1 X-4.959 Y4.832 E0.01727
G1 X-2.416 Y4.852 E0.12687
G1 X-1.968 Y4.868 E0.02237
G1 X0.376 Y4.876 E0.11694
G1 X1.242 Y4.843 E0.04324
G1 X3.562 Y4.788 E0.11578
G1 X4.458 Y4.792 E0.0447
G1 X6.735 Y4.776 E0.1136
G1 X7.425 Y4.752 E0.03445
G1 X10.005 Y4.72 E0.12873
G1 X12.945 Y4.791 E0.14672
G1 X14.635 Y4.648 E0.08462
G1 X16.049 Y4.692 E0.07058
G1 X16.885 Y4.704 E0.04171
G1 X17.955 Y4.772 E0.05349
G1 X19.791 Y4.944 E0.092
G0 F12000 X19.947 Y4.16
G0 X19.263 Y4.025
G0 X18.535 Y3.958
;TYPE:SKIN
G1 F1696.1 X18.775 Y2.555 E0.10048
G1 F1672.5 X18.99 Y-0.014 E0.18456
G1 F1684.2 X18.693 Y-2.652 E0.18873
G1 F1708.2 X18.273 Y-4.035 E0.10131
G1 X18.869 Y-4.068 E0.04184
G1 F1714.3 X19.258 Y-2.622 E0.10459
G1 F1720.4 X19.383 Y-1.446 E0.08231
G1 F1690.1 X19.572 Y-0.029 E0.10128
G1 F1672.5 X19.441 Y1.368 E0.10045
G1 F1684.2 X19.352 Y2.512 E0.08158
G1 F1690.1 X19.101 Y4.01 E0.1076
G1 F1696.1 X18.535 Y3.958 E0.04012
G1 F3600 E-1
G0 F12000 X-18.196 Y-3.708
G1 F3600 E1
G1 F2147.7 X-18.521 Y-2.632 E0.06267
G1 F2307.7 X-18.625 Y-0.087 E0.13216
G1 F2424.2 X-18.582 Y0.62 E0.03498
G1 F2364.5 X-18.44 Y2.538 E0.09739
G1 F2201.8 X-18.014 Y3.621 E0.06329
G0 F12000 X-17.4 Y3.996
G1 F2400 X-18.299 Y4.061 E0.04497
G1 X-18.857 Y2.515 E0.082
G1 X-18.984 Y0.439 E0.10377
G1 X-19.035 Y-0.079 E0.02597
G1 X-18.952 Y-2.613 E0.12649
G1 X-18.519 Y-4.18 E0.08111
G1 X-17.609 Y-4.092 E0.04561
G1 X-18.092 Y-2.624 E0.0771
G1 X-18.2 Y-.643 E0.09898
G1 X-18.22 Y-0.023 E0.03095
G1 X-18.192 Y0.606 E0.03141
G1 X-18.029 Y2.53 E0.09633
G1 X-17.4 Y3.996 E0.07959
G0 F12000 X-17.414 Y3.778
G1 F3600 E-1
;MESH:NONMESH
G0 F600 X-17.414 Y3.778 Z15.3
G0 F12000 X-10.099 Y-4.107
;TIME_ELAPSED:487.840172
;LAYER:50
;TYPE:FILL
;MESH:pi 3mm.stl
G1 F3600 E1
G1 F9600 X-12.266 Y3.981 E0.41774
G1 X-10.258 Y4.06 E0.10026
G1 X-7.599 Y4.056 E0.13266
G1 X-5.553 Y4.068 E0.10208
G1 X-4.709 Y4.086 E0.04212
G1 X-2.708 Y4.104 E0.09983
G1 X-1.958 Y4.128 E0.03744
G1 X0.117 Y4.13 E0.10352
G1 X2.334 Y-4.142 E0.42726
G1 X3.147 Y-4.128 E0.04057
G1 X4.34 Y-4.135 E0.05952
G1 X5.417 Y-4.124 E0.05373
G1 X7.348 Y-4.152 E0.09635
G1 X10.804 Y-4.119 E0.17243
G1 X-17.675 Y3.512 E1.47095
G1 X-17.472 Y3.984 E0.02563
G1 X-14.771 Y3.872 E0.13487
G1 X-18.306 Y0.337 E0.24941
G1 X-18.332 Y0.02 E0.01587
G1 X-18.191 Y-2.597 E0.13075
G1 X-17.694 Y-4.1 E0.07898
G1 X-16.753 Y-4.049 E0.04702
G1 X-14.665 Y-4.071 E0.10418
G1 X-13.293 Y-4.06 E0.06845
G1 X-10.394 Y-4.111 E0.14465
G1 X-7.703 Y-4.068 E0.13427
G1 X-7.19 Y-4.079 E0.0256
G1 X-5.751 Y-4.079 E0.07179
G1 X2.39 Y4.062 E0.57439
G1 X3.244 Y4.04 E0.04262
G1 X4.45 Y4.044 E0.06017
G1 X6.393 Y4.032 E0.09694
G1 X7.389 Y4 E0.04972
G1 X9.646 Y3.972 E0.11261
G1 X12.857 Y4.035 E0.16023
G1 X14.696 Y3.872 E0.09211
G1 X15.875 Y3.908 E0.05885
G1 X16.998 Y3.925 E0.05603
G1 X18.469 Y4.018 E0.07354
G1 X18.593 Y3.294 E0.03665
G1 X11.182 Y-4.117 E0.52289
G1 X12.738 Y-4.112 E0.07763
G1 X14.709 Y-3.963 E0.09861
G1 X12.567 Y4.03 E0.41284
G1 X12.542 Y4.126
G1 F3600 E-1
G0 F12000 X12.542 Y4.092
G0 X14.711 Y3.995
G0 X16.807 Y4.075
G0 X19.608 Y4.216
G0 X19.825 Y4.508
;TYPE:WALL-INNER
G1 F3600 E1
G1 F3000 X20.04 Y3.427 E0.05499
G1 X20.184 Y2.581 E0.04281
G1 X20.246 Y1.824 E0.03789
G1 X20.42 Y-0.038 E0.0933
G1 X20.163 Y-1.89 E0.09328
G1 X20.08 Y-2.643 E0.03779
G1 X19.587 Y-4.547 E0.09812
G1 X16.818 Y-4.388 E0.13837
G1 X15.713 Y-4.371 E0.05514
G1 X14.566 Y-4.333 E0.05726
G1 X12.748 Y-4.472 E0.09097
G1 X10.439 Y-4.48 E0.1152
G1 X8.081 Y-4.511 E0.11765
G1 X7.341 Y-4.512 E0.03692
G1 X5.421 Y-4.484 E0.0958
G1 X4.34 Y-4.495 E0.05393
G1 X3.148 Y-4.488 E0.05947
G1 X1.183 Y-4.52 E0.09805
G1 X0.099 Y-4.571 E0.05414
G1 X-4.227 Y-4.488 E0.21586
G1 X-5 Y-4.44 E0.03864
G1 X-7.203 Y-4.439 E0.10991
G1 X-7.699 Y-4.428 E0.02475
G1 X-10.399 Y-4.471 E0.13472
G1 X-13.29 Y-4.42 E0.14426
G1 X-14.668 Y-4.431 E0.06875
G1 X-16.732 Y-4.408 E0.10298
G1 X-17.734 Y-4.462 E0.05006
G1 X-19.13 Y-4.598 E0.06998
G1 X-19.645 Y-2.719 E0.0972
G1 X-19.692 Y-2.005 E0.0357
G1 X-19.759 Y-0.07 E0.0966
G1 X-19.667 Y0.788 E0.04305
G1 X-19.562 Y2.58 E0.08956
G1 X-18.876 Y4.456 E0.09966
G1 X-17.178 Y4.332 E0.08494
G1 X-14.832 Y4.236 E0.11714
G1 X-13.099 Y4.327 E0.08658
G1 X-12.7 Y4.324 E0.01991
G1 X-10.276 Y4.42 E0.12103
G1 X-7.6 Y4.416 E0.13351
G1 X-5.556 Y4.428 E0.10198
G1 X-4.915 Y4.444 E0.03199
G1 X-2.712 Y4.464 E0.10991
G1 X-1.973 Y4.488 E0.03689
G1 X0.061 Y4.492 E0.10148
G1 X1.245 Y4.451 E0.05911
G1 X3.241 Y4.4 E0.09961
G1 X4.451 Y4.404 E0.06037
G1 X6.408 Y4.392 E0.09764
G1 X7.392 Y4.36 E0.04912
G1 X9.644 Y4.332 E0.11236
G1 X12.863 Y4.395 E0.16063
G1 X14.712 Y4.232 E0.0926
G1 X15.863 Y4.268 E0.05745
G1 X16.974 Y4.285 E0.05543
G1 X18.396 Y4.374 E0.07108
G1 X19.825 Y4.508 E0.07161
G0 F12000 X20.147 Y4.94
;TYPE:WALL-OUTER
G1 F1200 X20.431 Y3.515 E0.07249
G1 X20.581 Y2.631 E0.04473
G1 X20.644 Y1.861 E0.03854
G1 X20.822 Y-0.047 E0.0956
G1 X20.561 Y-1.934 E0.09504
G1 X20.474 Y-2.715 E0.03921
G1 X20.076 Y-4.248 E0.07902
G1 X19.845 Y-4.976 E0.0381
G1 X19.04 Y-4.916 E0.04027
G1 X16.812 Y-4.788 E0.11134
G1 X15.699 Y-4.771 E0.05553
G1 X14.596 Y-4.732 E0.05506
G1 X12.764 Y-4.872 E0.09167
G1 X10.445 Y-4.88 E0.1157
G1 X8.081 Y-4.911 E0.11795
G1 X7.335 Y-4.912 E0.03722
G1 X5.425 Y-4.884 E0.0953
G1 X4.337 Y-4.895 E0.05428
G1 X3.154 Y-4.888 E0.05902
G1 X1.202 Y-4.92 E0.0974
G1 X0.105 Y-4.971 E0.05479
G1 X-4.243 Y-4.888 E0.21696
G1 X-5 Y-4.84 E0.03784
G1 X-7.212 Y-4.839 E0.11036
G1 X-7.692 Y-4.828 E0.02395
G1 X-10.406 Y-4.871 E0.13542
G1 X-13.286 Y-4.82 E0.14371
G1 X-14.672 Y-4.831 E0.06915
G1 X-16.711 Y-4.808 E0.10173
G1 X-17.696 Y-4.86 E0.04921
G1 X-19.427 Y-5.028 E0.08677
G1 X-20.041 Y-2.786 E0.11597
G1 X-20.092 Y-2.025 E0.03805
G1 X-20.159 Y-0.056 E0.09829
G1 X-20.064 Y0.84 E0.04495
G1 X-19.958 Y2.662 E0.09105
G1 X-19.148 Y4.877 E0.11766
G1 X-17.161 Y4.732 E0.0994
G1 X-14.853 Y4.636 E0.11525
G1 X-13.107 Y4.727 E0.08723
G1 X-12.716 Y4.724 E0.01951
G1 X-10.284 Y4.82 E0.12143
G1 X-7.602 Y4.816 E0.13381
G1 X-5.566 Y4.828 E0.10158
G1 X-4.96 Y4.844 E0.03024
G1 X-2.725 Y4.864 E0.11151
G1 X-1.98 Y4.888 E0.03719
G1 X0.068 Y4.892 E0.10218
G1 X1.255 Y4.851 E0.05925
G1 X3.239 Y4.8 E0.09901
G1 X4.453 Y4.804 E0.06057
G1 X6.416 Y4.792 E0.09794
G1 X7.397 Y4.76 E0.04897
G1 X9.636 Y4.732 E0.11171
G1 X12.877 Y4.795 E0.16172
G1 X14.743 Y4.632 E0.09345
G1 X15.853 Y4.668 E0.05541
G1 X16.949 Y4.684 E0.05469
G1 X18.359 Y4.772 E0.07048
G1 X20.147 Y4.94 E0.0896
G0 F12000 X20.303 Y4.156
G0 X19.62 Y4.021
G0 X18.903 Y3.957
;TYPE:SKIN
G1 F1702.1 X19.143 Y2.559 E0.09978
G1 F1678.3 X19.365 Y-0.027 E0.18517
G1 F1669.6 X19.277 Y-.688 E0.04782
G1 F1720.4 X19.052 Y-2.642 E0.13689
G1 F1764.7 X18.911 Y-3.192 E0.03852
G1 F1748.6 X18.649 Y-4.036 E0.06051
G1 F1726.6 X19.233 Y-4.072 E0.04058
G1 X19.623 Y-2.605 E0.10527
G1 X19.703 Y-1.839 E0.05341
G1 F1693.1 X19.945 Y-0.021 E0.1297
G1 F1672.5 X19.721 Y2.513 E0.18212
G1 F1690.1 X19.586 Y3.336 E0.05908
G1 F1705.2 X19.455 Y4.009 E0.04815
G1 F1714.3 X18.903 Y3.957 E0.03873
G1 F3600 E-1
G0 F12000 X-17.955 Y3.925
G1 F3600 E1
G1 F1702.1 X-18.56 Y3.971 E0.04268
G1 F1708.2 X-19.099 Y2.545 E0.10686
G1 F1745.5 X-19.219 Y0.747 E0.12362
G1 F1758.2 X-19.298 Y-0.094 E0.05752
G1 F1702.1 X-19.225 Y-1.973 E0.13228
G1 F1669.6 X-19.18 Y-2.685 E0.05116
G1 F1655.2 X-18.779 Y-4.087 E0.10549
G1 F1646.7 X-18.171 Y-4.028 E0.04442
G1 F1678.3 X-18.608 Y-2.651 E0.10307
G1 F1690.1 X-18.653 Y-1.947 E0.04998
G1 F1714.3 X-18.745 Y0.009 E0.13677
G1 F1764.7 X-18.539 Y2.524 E0.17122
G1 F1739.1 X-17.955 Y3.925 E0.1045
G0 F12000 X-17.962 Y3.791
G1 F3600 E-1
;MESH:NONMESH
G0 F600 X-17.962 Y3.791 Z15.6
G0 F12000 X-.216 Y-4.227
;TIME_ELAPSED:498.133559
;LAYER:51
;TYPE:FILL
;MESH:pi 3mm.stl
G1 F3600 E1
G1 F9600 X-3.909 Y-4.156 E0.18428
G1 X-4.96 Y-4.092 E0.05253
G1 X-6.882 Y-4.088 E0.09589
G1 X-7.669 Y-4.076 E0.03927
G1 X-10.316 Y-4.115 E0.13207
G1 X-12.488 Y3.99 E0.41863
G1 X-14.458 Y3.885 E0.09842
G1 X-18.711 Y-.368 E0.30007
G1 X-18.704 Y0.102 E0.02345
G1 X-18.572 Y2.441 E0.11688
G1 X-17.985 Y3.815 E0.07454
G1 X11.621 Y-4.118 E1.52916
G1 X12.632 Y-4.116 E0.05044
G1 X14.492 Y-3.972 E0.09307
G1 X12.345 Y4.039 E0.41378
G1 X12.959 Y4.025 E0.03064
G1 X14.8 Y3.86 E0.09222
G1 X15.678 Y3.884 E0.04382
G1 X17.064 Y3.901 E0.06915
G1 X18.839 Y4.015 E0.08874
G1 X18.952 Y3.353 E0.03351
G1 X11.481 Y-4.118 E0.52712
G1 X10.583 Y-4.12 E0.0448
G1 X9.984 Y-4.136 E0.02989
G1 X8.299 Y-4.155 E0.08407
G1 X7.324 Y-4.156 E0.04864
G1 X5.709 Y-4.132 E0.08058
G1 X4.34 Y-4.147 E0.0683
G1 X2.839 Y-4.136 E0.07489
G1 X2.116 Y-4.149 E0.03608
G1 X-.107 Y4.147 E0.42849
G1 X1.192 Y4.096 E0.06486
G1 X2.689 Y4.061 E0.07471
G1 X-5.462 Y-4.091 E0.57513
G1 X-5.532 Y-4.161
G1 F3600 E-1
G0 F12000 X-5.533 Y-4.152
G0 X19.965 Y4.213
G0 X20.184 Y4.507
;TYPE:WALL-INNER
G1 F3600 E1
G1 F3000 X20.541 Y2.693 E0.09224
G1 X20.796 Y-0.037 E0.13679
G1 X20.481 Y-2.272 E0.11261
G1 X20.443 Y-2.645 E0.01871
G1 X19.946 Y-4.551 E0.09827
G1 X19.161 Y-4.492 E0.03927
G1 X16.909 Y-4.368 E0.11252
G1 X15.53 Y-4.343 E0.06881
G1 X14.677 Y-4.317 E0.04258
G1 X12.644 Y-4.476 E0.10174
G1 X10.586 Y-4.48 E0.10267
G1 X10.031 Y-4.496 E0.0277
G1 X8.303 Y-4.515 E0.08622
G1 X7.316 Y-4.516 E0.04924
G1 X5.712 Y-4.492 E0.08003
G1 X4.338 Y-4.507 E0.06855
G1 X2.841 Y-4.496 E0.07469
G1 X1.188 Y-4.524 E0.08248
G1 X-.204 Y-4.587 E0.06952
G1 X-3.919 Y-4.516 E0.18538
G1 X-4.986 Y-4.452 E0.05333
G1 X-6.89 Y-4.448 E0.09499
G1 X-7.666 Y-4.436 E0.03872
G1 X-10.319 Y-4.475 E0.13237
G1 X-13.087 Y-4.432 E0.13811
G1 X-13.295 Y-4.42 E0.01039
G1 X-16.507 Y-4.388 E0.16026
G1 X-18.106 Y-4.47 E0.07988
G1 X-19.456 Y-4.6 E0.06766
G1 X-19.973 Y-2.727 E0.09694
G1 X-20.048 Y-1.602 E0.05625
G1 X-20.099 Y-0.083 E0.07583
G1 X-19.965 Y1.164 E0.06257
G1 X-19.882 Y2.572 E0.07037
G1 X-19.192 Y4.452 E0.09991
G1 X-17.212 Y4.308 E0.09904
G1 X-14.917 Y4.216 E0.11459
G1 X-12.98 Y4.328 E0.0968
G1 X-10.201 Y4.428 E0.13873
G1 X-7.599 Y4.424 E0.12981
G1 X-5.815 Y4.432 E0.08901
G1 X-4.953 Y4.456 E0.04302
G1 X-3.021 Y4.472 E0.09639
G1 X-1.981 Y4.504 E0.05191
G1 X-.247 Y4.512 E0.08651
G1 X1.197 Y4.456 E0.0721
G1 X2.933 Y4.416 E0.08663
G1 X4.451 Y4.42 E0.07573
G1 X6.083 Y4.408 E0.08142
G1 X7.36 Y4.364 E0.06375
G1 X9.272 Y4.34 E0.0954
G1 X12.433 Y4.399 E0.15773
G1 X12.968 Y4.384 E0.0267
G1 X14.816 Y4.22 E0.09256
G1 X15.665 Y4.244 E0.04237
G1 X17.043 Y4.261 E0.06875
G1 X18.802 Y4.374 E0.08794
G1 X20.184 Y4.507 E0.06927
G0 F12000 X20.506 Y4.939
;TYPE:WALL-OUTER
G1 F1200 X20.937 Y2.751 E0.11126
G1 X21.198 Y-0.047 E0.1402
G1 X20.877 Y-2.335 E0.11527
G1 X20.838 Y-2.716 E0.01911
G1 X20.25 Y-4.974 E0.11641
G1 X19.139 Y-4.892 E0.05558
G1 X16.88 Y-4.768 E0.11287
G1 X15.516 Y-4.743 E0.06806
G1 X14.708 Y-4.716 E0.04033
G1 X12.66 Y-4.876 E0.10249
G1 X10.598 Y-4.88 E0.10287
G1 X10.039 Y-4.896 E0.0279
G1 X8.303 Y-4.915 E0.08661
G1 X7.31 Y-4.916 E0.04954
G1 X5.717 Y-4.892 E0.07948
G1 X4.335 Y-4.907 E0.06895
G1 X2.847 Y-4.896 E0.07424
G1 X1.206 Y-4.924 E0.08188
G1 X-.199 Y-4.987 E0.07017
G1 X-3.935 Y-4.916 E0.18642
G1 X-4.987 Y-4.852 E0.05258
G1 X-6.896 Y-4.848 E0.09524
G1 X-7.66 Y-4.836 E0.03812
G1 X-10.325 Y-4.875 E0.13297
G1 X-13.101 Y-4.832 E0.13851
G1 X-13.325 Y-4.82 E0.01119
G1 X-16.487 Y-4.788 E0.15776
G1 X-18.068 Y-4.868 E0.07898
G1 X-19.724 Y-5.029 E0.08301
G1 X-19.892 Y-4.525 E0.0265
G1 X-20.369 Y-2.794 E0.08958
G1 X-20.448 Y-1.622 E0.0586
G1 X-20.499 Y-0.068 E0.07757
G1 X-20.364 Y1.188 E0.06302
G1 X-20.278 Y2.654 E0.07326
G1 X-19.464 Y4.873 E0.11792
G1 X-17.199 Y4.708 E0.1133
G1 X-16.289 Y4.677 E0.04543
G1 X-14.94 Y4.616 E0.06737
G1 X-12.998 Y4.728 E0.09705
G1 X-10.208 Y4.828 E0.13928
G1 X-7.601 Y4.824 E0.13006
G1 X-5.826 Y4.832 E0.08856
G1 X-4.96 Y4.856 E0.04322
G1 X-3.033 Y4.872 E0.09614
G1 X-1.988 Y4.904 E0.05216
G1 X-.24 Y4.912 E0.08721
G1 X1.207 Y4.856 E0.07225
G1 X2.932 Y4.816 E0.08608
G1 X4.454 Y4.82 E0.07593
G1 X6.091 Y4.808 E0.08167
G1 X7.365 Y4.764 E0.0636
G1 X9.264 Y4.74 E0.09475
G1 X12.435 Y4.799 E0.15823
G1 X12.992 Y4.784 E0.0278
G1 X14.846 Y4.62 E0.09286
G1 X15.657 Y4.644 E0.04048
G1 X17.017 Y4.66 E0.06786
G1 X18.764 Y4.772 E0.08734
G1 X20.506 Y4.939 E0.08731
G0 F12000 X20.66 Y4.155
G0 X19.977 Y4.019
G0 X19.27 Y3.957
;TYPE:SKIN
G1 F1714.3 X19.515 Y2.562 E0.09893
G1 F1672.5 X19.641 Y1.019 E0.11083
G1 F1658 X19.741 Y-0.027 E0.07588
G1 F1666.7 X19.593 Y-1.092 E0.07725
G1 F1714.3 X19.412 Y-2.646 E0.10927
G1 F1768 X19.195 Y-3.488 E0.05889
G1 F1764.7 X19.026 Y-4.032 E0.03865
G1 F1751.8 X19.6 Y-4.068 E0.03931
G1 F1745.5 X19.983 Y-2.605 E0.10374
G1 F1729.7 X20.023 Y-2.216 E0.02707
G1 F1690.1 X20.321 Y-0.021 E0.15693
G1 F1675.4 X20.078 Y2.631 E0.19033
G1 F1714.3 X19.816 Y4.009 E0.09797
G1 F1736 X19.27 Y3.957 E0.03783
G1 F3600 E-1
G0 F12000 X-18.35 Y3.956
G1 F3600 E1
G1 F1889.8 X-18.895 Y3.996 E0.03462
G1 F1893.5 X-19.448 Y2.538 E0.09861
G1 F1908.5 X-19.538 Y1.096 E0.09064
G1 F1867.7 X-19.651 Y-.106 E0.0774
G1 F1818.2 X-19.604 Y-1.57 E0.09646
G1 F1832.1 X-19.537 Y-2.688 E0.0732
G1 F1835.6 X-19.124 Y-4.12 E0.09722
G1 F1818.2 X-18.575 Y-4.068 E0.03632
G1 F1856.9 X-19.028 Y-2.637 E0.09679
G1 F1853.3 X-19.075 Y-1.552 E0.07017
G1 F1818.2 X-19.123 Y-.106 E0.09528
G1 F1839.1 X-18.964 Y2.343 E0.15978
G1 F1931.6 X-18.913 Y2.599 E0.01618
G1 F1947.3 X-18.35 Y3.956 E0.09034
G0 F12000 X-18.36 Y3.791
G1 F3600 E-1
;MESH:NONMESH
G0 F600 X-18.36 Y3.791 Z15.9
G0 F12000 X-.529 Y-4.243
;TIME_ELAPSED:508.416697
;LAYER:52
;TYPE:FILL
;MESH:pi 3mm.stl
G1 F3600 E1
G1 F9600 X-3.594 Y-4.184 E0.15294
G1 X-4.914 Y-4.101 E0.06599
G1 X-6.605 Y-4.1 E0.08436
G1 X-7.639 Y-4.08 E0.0516
G1 X-10.533 Y-4.127 E0.1444
G1 X-12.707 Y3.987 E0.41909
G1 X-13.614 Y3.913 E0.0454
G1 X-14.158 Y3.885 E0.02718
G1 X-19.03 Y-.988 E0.34378
G1 X-19.06 Y-0.069 E0.04587
G1 X-19.006 Y0.449 E0.02598
G1 X-18.887 Y2.513 E0.10314
G1 X-18.341 Y4.003 E0.07917
G1 X-17.69 Y3.955 E0.03257
G1 X12.477 Y-4.128 E1.55813
G1 X14.275 Y-3.982 E0.09
G1 X12.124 Y4.047 E0.41469
G1 X13.052 Y4.016 E0.04632
G1 X14.907 Y3.844 E0.09294
G1 X15.483 Y3.86 E0.02875
G1 X17.086 Y3.879 E0.07998
G1 X19.208 Y4.017 E0.10609
G1 X19.312 Y3.413 E0.03058
G1 X11.781 Y-4.117 E0.53132
G1 X10.746 Y-4.12 E0.05164
G1 X9.934 Y-4.14 E0.04052
G1 X8.516 Y-4.155 E0.07075
G1 X7.305 Y-4.156 E0.06042
G1 X5.998 Y-4.14 E0.06521
G1 X4.342 Y-4.159 E0.08262
G1 X2.517 Y-4.144 E0.09105
G1 X1.898 Y-4.153 E0.03089
G1 X-.33 Y4.159 E0.42933
G1 X1.246 Y4.099 E0.07868
G1 X2.988 Y4.06 E0.08693
G1 X-5.172 Y-4.101 E0.57577
G1 X-5.242 Y-4.171
G1 F3600 E-1
G0 F12000 X-5.243 Y-4.162
G0 X20.32 Y4.211
G0 X20.539 Y4.506
;TYPE:WALL-INNER
G1 F3600 E1
G1 F3000 X20.921 Y2.546 E0.09962
G1 X21.164 Y-0.039 E0.12953
G1 X20.806 Y-2.643 E0.13114
G1 X20.309 Y-4.548 E0.09822
G1 X19.262 Y-4.472 E0.05237
G1 X16.959 Y-4.344 E0.11507
G1 X14.824 Y-4.3 E0.10654
G1 X12.635 Y-4.476 E0.10956
G1 X10.748 Y-4.48 E0.09414
G1 X9.944 Y-4.5 E0.04012
G1 X8.52 Y-4.515 E0.07105
G1 X7.298 Y-4.516 E0.06097
G1 X6 Y-4.5 E0.06476
G1 X4.34 Y-4.519 E0.08282
G1 X2.518 Y-4.504 E0.0909
G1 X1.192 Y-4.524 E0.06616
G1 X-.517 Y-4.603 E0.08535
G1 X-3.607 Y-4.544 E0.15419
G1 X-4.972 Y-4.46 E0.06823
G1 X-6.616 Y-4.46 E0.08202
G1 X-7.637 Y-4.44 E0.05095
G1 X-10.274 Y-4.483 E0.13158
G1 X-12.859 Y-4.44 E0.12898
G1 X-13.768 Y-4.392 E0.04541
G1 X-16.285 Y-4.364 E0.12558
G1 X-18.474 Y-4.482 E0.10937
G1 X-19.75 Y-4.604 E0.06395
G1 X-19.953 Y-3.978 E0.03283
G1 X-20.297 Y-2.735 E0.06434
G1 X-20.4 Y-1.194 E0.07705
G1 X-20.434 Y-0.091 E0.05506
G1 X-20.265 Y1.508 E0.08022
G1 X-20.202 Y2.564 E0.05278
G1 X-19.512 Y4.448 E0.1001
G1 X-17.251 Y4.284 E0.1131
G1 X-16.201 Y4.251 E0.05241
G1 X-15.008 Y4.2 E0.05957
G1 X-13.635 Y4.273 E0.0686
G1 X-12.912 Y4.332 E0.03619
G1 X-10.125 Y4.436 E0.13914
G1 X-7.555 Y4.428 E0.12822
G1 X-6.072 Y4.436 E0.07399
G1 X-4.948 Y4.472 E0.05611
G1 X-3.33 Y4.484 E0.08072
G1 X-1.99 Y4.524 E0.06688
G1 X-.555 Y4.528 E0.07159
G1 X1.251 Y4.459 E0.09017
G1 X2.614 Y4.428 E0.06802
G1 X4.458 Y4.436 E0.092
G1 X5.759 Y4.428 E0.06491
G1 X7.332 Y4.372 E0.07853
G1 X8.899 Y4.352 E0.07818
G1 X10.013 Y4.364 E0.05558
G1 X12.096 Y4.407 E0.10394
G1 X13.062 Y4.376 E0.04822
G1 X14.922 Y4.204 E0.09319
G1 X15.47 Y4.22 E0.02735
G1 X17.076 Y4.239 E0.08013
G1 X19.206 Y4.378 E0.10649
G1 X20.539 Y4.506 E0.06681
G0 F12000 X20.862 Y4.939
;TYPE:WALL-OUTER
G1 F1200 X21.317 Y2.603 E0.11873
G1 X21.566 Y-0.047 E0.13279
G1 X21.199 Y-2.721 E0.13466
G1 X20.612 Y-4.972 E0.11606
G1 X19.24 Y-4.872 E0.06863
G1 X16.952 Y-4.744 E0.11433
G1 X14.819 Y-4.7 E0.10644
G1 X12.651 Y-4.876 E0.10852
G1 X10.758 Y-4.88 E0.09444
G1 X9.948 Y-4.9 E0.04042
G1 X8.52 Y-4.915 E0.07125
G1 X7.293 Y-4.916 E0.06122
G1 X6.005 Y-4.9 E0.06426
G1 X4.336 Y-4.919 E0.08327
G1 X2.524 Y-4.904 E0.0904
G1 X1.21 Y-4.924 E0.06556
G1 X-.511 Y-5.003 E0.08595
G1 X-3.623 Y-4.944 E0.15529
G1 X-4.972 Y-4.86 E0.06743
G1 X-6.624 Y-4.86 E0.08242
G1 X-7.631 Y-4.84 E0.05025
G1 X-10.181 Y-4.883 E0.12724
G1 X-12.873 Y-4.84 E0.13432
G1 X-13.797 Y-4.792 E0.04616
G1 X-16.263 Y-4.764 E0.12304
G1 X-18.436 Y-4.88 E0.10857
G1 X-20.031 Y-5.033 E0.07994
G1 X-20.332 Y-4.11 E0.04844
G1 X-20.693 Y-2.802 E0.0677
G1 X-20.8 Y-1.214 E0.07941
G1 X-20.835 Y-0.076 E0.0568
G1 X-20.664 Y1.532 E0.08068
G1 X-20.598 Y2.646 E0.05568
G1 X-19.784 Y4.869 E0.11811
G1 X-17.239 Y4.684 E0.12731
G1 X-16.183 Y4.651 E0.05271
G1 X-15.029 Y4.6 E0.05763
G1 X-13.667 Y4.672 E0.06805
G1 X-12.936 Y4.732 E0.03659
G1 X-10.132 Y4.836 E0.13999
G1 X-7.557 Y4.828 E0.12847
G1 X-6.085 Y4.836 E0.07344
G1 X-4.956 Y4.872 E0.05635
G1 X-3.342 Y4.884 E0.08053
G1 X-1.996 Y4.924 E0.06718
G1 X-.548 Y4.928 E0.07224
G1 X1.261 Y4.859 E0.09032
G1 X2.612 Y4.828 E0.06742
G1 X4.46 Y4.836 E0.0922
G1 X5.767 Y4.828 E0.06521
G1 X7.337 Y4.772 E0.07838
G1 X8.895 Y4.752 E0.07774
G1 X10.005 Y4.764 E0.05538
G1 X12.098 Y4.807 E0.10444
G1 X13.087 Y4.776 E0.04937
G1 X14.939 Y4.604 E0.09279
G1 X15.461 Y4.62 E0.02605
G1 X17.082 Y4.64 E0.08088
G1 X19.168 Y4.776 E0.10429
G1 X20.862 Y4.939 E0.0849
G0 F12000 X21.014 Y4.154
G0 X20.331 Y4.02
G0 X19.629 Y3.959
;TYPE:SKIN
G1 F1732.9 X19.876 Y2.571 E0.09741
G1 F1690.1 X20.112 Y-0.027 E0.18481
G1 F1672.5 X19.913 Y-1.484 E0.10528
G1 F1717.4 X19.775 Y-2.641 E0.08124
G1 F1764.7 X19.417 Y-4.033 E0.09752
G1 X19.966 Y-4.071 E0.03734
G1 F1745.5 X20.35 Y-2.558 E0.10708
G1 F1693.1 X20.69 Y-0.025 E0.18074
G1 F1678.3 X20.458 Y2.483 E0.17969
G1 F1720.4 X20.17 Y4.011 E0.10822
G1 F1751.8 X19.629 Y3.959 E0.03715
G1 F3600 E-1
G0 F12000 X-18.745 Y3.978
G1 F3600 E1
G1 F2055.7 X-19.229 Y4.015 E0.02827
G1 F2025.3 X-19.771 Y2.532 E0.09335
G1 F1955.2 X-19.835 Y1.476 E0.06479
G1 F1871.3 X-19.988 Y-.114 E0.1022
G1 F1821.6 X-19.956 Y-1.162 E0.06892
G1 F1860.5 X-19.866 Y-2.669 E0.09716
G1 F1927.7 X-19.462 Y-4.147 E0.09517
G1 F1947.3 X-18.964 Y-4.099 E0.03076
G1 F1935.5 X-19.36 Y-2.66 E0.09233
G1 F1871.3 X-19.428 Y-1.145 E0.09703
G1 F1821.6 X-19.462 Y-.115 E0.06774
G1 F1832.1 X-19.405 Y0.464 E0.03802
G1 F1882.4 X-19.273 Y2.526 E0.13143
G1 F1991.7 X-18.745 Y3.978 E0.09288
G0 F12000 X-18.757 Y3.792
G1 F3600 E-1
;MESH:NONMESH
G0 F600 X-18.757 Y3.792 Z16.2
G0 F12000 X12.464 Y4.04
;TIME_ELAPSED:518.856110
;LAYER:53
;TYPE:FILL
;MESH:pi 3mm.stl
G1 F3600 E1
G1 F9600 X13.133 Y4.008 E0.03341
G1 X15.009 Y3.832 E0.09401
G1 X17.197 Y3.861 E0.10917
G1 X19.559 Y4.011 E0.11808
G1 X19.688 Y3.364 E0.03291
G1 X19.829 Y2.54 E0.04171
G1 X19.89 Y1.792 E0.03744
G1 X20.062 Y-0.032 E0.0914
G1 X19.811 Y-1.828 E0.09047
G1 X19.726 Y-2.588 E0.03815
G1 X19.336 Y-4.089 E0.07737
G1 X17.044 Y-3.964 E0.11452
G1 X14.868 Y-3.926 E0.10858
G1 X14.058 Y-3.997 E0.04057
G1 X11.901 Y4.057 E0.41598
G1 X9.953 Y4.016 E0.09721
G1 X8.535 Y4 E0.07075
G1 X7.302 Y4.016 E0.06152
G1 X5.422 Y4.084 E0.09385
G1 X3.31 Y4.081 E0.10537
G1 X-4.886 Y-4.115 E0.57827
G1 X-3.289 Y-4.212 E0.07982
G1 X-.837 Y-4.263 E0.12236
G1 X1.675 Y-4.145 E0.12546
G1 X-.559 Y4.189 E0.43046
G1 X-1.982 Y4.184 E0.07099
G1 X-3.632 Y4.132 E0.08236
G1 X-4.934 Y4.124 E0.06496
G1 X-6.331 Y4.08 E0.06973
G1 X-10.031 Y4.084 E0.18459
G1 X-12.923 Y3.97 E0.14439
G1 X-10.755 Y-4.12 E0.41785
G1 X-12.728 Y-4.084 E0.09845
G1 X-14.248 Y-4 E0.07595
G1 X-16.056 Y-3.98 E0.09021
G1 X-18.886 Y-4.131 E0.14139
G1 X-19.292 Y-2.654 E0.07642
G1 X-19.362 Y-1.62 E0.0517
G1 X-13.857 Y3.885 E0.38841
G1 X-15.157 Y3.82 E0.06494
G1 X-16.563 Y3.874 E0.0702
G1 X13.115 Y-4.078 E1.53287
G1 X12.459 Y-4.116 E0.03278
G1 X12.083 Y-4.117 E0.01876
G1 X19.667 Y3.468 E0.53513
G1 X19.737 Y3.538
G0 F12000 X20.665 Y4.208
G0 X20.892 Y4.5
;TYPE:WALL-INNER
G1 F3000 X21.276 Y2.093 E0.1216
G1 X21.471 Y-0.031 E0.10641
G1 X21.413 Y-.389 E0.01809
G1 X21.101 Y-2.63 E0.11288
G1 X20.656 Y-4.544 E0.09804
G1 X19.397 Y-4.452 E0.06298
G1 X17.028 Y-4.324 E0.11836
G1 X14.932 Y-4.284 E0.10459
G1 X13.109 Y-4.441 E0.09129
G1 X12.467 Y-4.476 E0.03208
G1 X10.902 Y-4.48 E0.07808
G1 X9.92 Y-4.508 E0.04901
G1 X8.457 Y-4.52 E0.07299
G1 X7.057 Y-4.517 E0.06985
G1 X6.292 Y-4.504 E0.03817
G1 X4.342 Y-4.527 E0.09729
G1 X2.266 Y-4.512 E0.10357
G1 X1.195 Y-4.528 E0.05344
G1 X-.824 Y-4.623 E0.10084
G1 X-3.299 Y-4.572 E0.1235
G1 X-4.96 Y-4.472 E0.08302
G1 X-6.329 Y-4.471 E0.0683
G1 X-7.605 Y-4.444 E0.06367
G1 X-9.056 Y-4.464 E0.0724
G1 X-10.107 Y-4.491 E0.05245
G1 X-12.737 Y-4.444 E0.13123
G1 X-14.238 Y-4.36 E0.075
G1 X-16.061 Y-4.34 E0.09096
G1 X-18.846 Y-4.49 E0.13915
G1 X-20.058 Y-4.608 E0.06075
G1 X-20.392 Y-3.579 E0.05397
G1 X-20.625 Y-2.739 E0.04349
G1 X-20.752 Y-.79 E0.09744
G1 X-20.774 Y-.103 E0.03429
G1 X-20.565 Y1.855 E0.09824
G1 X-20.522 Y2.551 E0.03479
G1 X-19.828 Y4.444 E0.10059
G1 X-17.295 Y4.256 E0.12672
G1 X-16.012 Y4.218 E0.06404
G1 X-15.099 Y4.18 E0.04559
G1 X-14.11 Y4.233 E0.04941
G1 X-12.808 Y4.34 E0.06518
G1 X-10.049 Y4.444 E0.13774
G1 X-6.333 Y4.44 E0.18539
G1 X-4.948 Y4.484 E0.06913
G1 X-3.637 Y4.492 E0.06541
G1 X-1.997 Y4.544 E0.08186
G1 X-.867 Y4.548 E0.05638
G1 X1.211 Y4.468 E0.10375
G1 X2.255 Y4.44 E0.0521
G1 X5.439 Y4.444 E0.15885
G1 X7.304 Y4.376 E0.09311
G1 X8.531 Y4.36 E0.06122
G1 X9.949 Y4.376 E0.07075
G1 X11.67 Y4.412 E0.08588
G1 X12.485 Y4.4 E0.04066
G1 X13.145 Y4.369 E0.03296
G1 X15.027 Y4.192 E0.09431
G1 X17.175 Y4.221 E0.10717
G1 X19.586 Y4.374 E0.12053
G1 X20.892 Y4.5 E0.06546
G0 F12000 X21.228 Y4.934
;TYPE:WALL-OUTER
G1 F1200 X21.673 Y2.143 E0.141
G1 X21.874 Y-0.045 E0.10962
G1 X21.809 Y-.444 E0.02017
G1 X21.495 Y-2.703 E0.11379
G1 X20.968 Y-4.968 E0.11602
G1 X19.375 Y-4.852 E0.07969
G1 X17.02 Y-4.724 E0.11766
G1 X14.93 Y-4.684 E0.10429
G1 X13.137 Y-4.84 E0.08979
G1 X12.478 Y-4.876 E0.03293
G1 X10.914 Y-4.88 E0.07803
G1 X9.928 Y-4.908 E0.04921
G1 X8.457 Y-4.92 E0.07339
G1 X7.051 Y-4.917 E0.07015
G1 X6.297 Y-4.904 E0.03762
G1 X4.339 Y-4.927 E0.09769
G1 X2.272 Y-4.912 E0.10313
G1 X1.214 Y-4.928 E0.05279
G1 X-.819 Y-5.023 E0.10154
G1 X-3.315 Y-4.972 E0.12455
G1 X-4.96 Y-4.872 E0.08222
G1 X-6.337 Y-4.871 E0.0687
G1 X-7.599 Y-4.844 E0.06298
G1 X-9.046 Y-4.864 E0.0722
G1 X-10.105 Y-4.891 E0.05285
G1 X-12.752 Y-4.844 E0.13208
G1 X-14.269 Y-4.76 E0.0758
G1 X-16.039 Y-4.74 E0.08831
G1 X-18.808 Y-4.888 E0.13834
G1 X-20.339 Y-5.037 E0.07674
G1 X-20.776 Y-3.694 E0.07046
G1 X-21.021 Y-2.806 E0.04596
G1 X-21.152 Y-.81 E0.0998
G1 X-21.175 Y-0.088 E0.03604
G1 X-20.964 Y1.879 E0.0987
G1 X-20.918 Y2.634 E0.03774
G1 X-20.1 Y4.865 E0.11855
G1 X-17.283 Y4.656 E0.14093
G1 X-16 Y4.618 E0.06404
G1 X-15.121 Y4.58 E0.04389
G1 X-14.143 Y4.632 E0.04886
G1 X-12.832 Y4.74 E0.06563
G1 X-10.056 Y4.844 E0.13859
G1 X-6.345 Y4.84 E0.18514
G1 X-4.956 Y4.884 E0.06933
G1 X-3.649 Y4.892 E0.06521
G1 X-2.004 Y4.944 E0.08211
G1 X-.86 Y4.948 E0.05707
G1 X1.222 Y4.868 E0.10395
G1 X2.253 Y4.84 E0.05146
G1 X5.447 Y4.844 E0.15935
G1 X7.309 Y4.776 E0.09296
G1 X8.527 Y4.76 E0.06077
G1 X9.941 Y4.776 E0.07055
G1 X11.669 Y4.812 E0.08623
G1 X12.497 Y4.8 E0.04131
G1 X13.173 Y4.768 E0.03376
G1 X15.059 Y4.592 E0.0945
G1 X17.149 Y4.62 E0.10428
G1 X19.548 Y4.772 E0.11993
G1 X21.228 Y4.934 E0.0842
G0 F12000 X21.353 Y4.144
G0 X20.666 Y4.034
G0 X19.98 Y3.965
;TYPE:SKIN
G1 F1825.1 X20.081 Y3.443 E0.03488
G1 F1839.1 X20.224 Y2.592 E0.05618
G1 F1804.5 X20.471 Y-0.018 E0.17396
G1 F1781.1 X20.213 Y-1.878 E0.12624
G1 F1832.1 X20.12 Y-2.64 E0.05017
G1 F1839.1 X19.768 Y-4.032 E0.09348
G1 F1818.2 X20.309 Y-4.072 E0.03572
G1 F1825.1 X20.662 Y-2.552 E0.10237
G1 F1797.8 X21.014 Y-0.01 E0.17092
G1 F1764.7 X20.834 Y1.978 E0.13544
G1 F1804.5 X20.736 Y2.676 E0.04677
G1 F1832.1 X20.518 Y4.017 E0.08879
G1 F1814.7 X19.98 Y3.965 E0.03566
G1 F3600 E-1
G0 F12000 X-19.064 Y3.971
G1 F3600 E1
G1 F2069 X-19.546 Y4.007 E0.02797
G1 F2033.9 X-20.091 Y2.522 E0.09312
G1 F1967.2 X-20.128 Y1.874 E0.03951
G1 F1875 X-20.327 Y-.126 E0.12835
G1 F1818.2 X-20.308 Y-.759 E0.04171
G1 F1853.3 X-20.192 Y-2.673 E0.12389
G1 F1920 X-19.973 Y-3.48 E0.05215
G1 F1975.3 X-19.759 Y-4.154 E0.04287
G1 F2000 X-19.284 Y-4.108 E0.02857
G1 F1963.2 X-19.676 Y-2.705 E0.08885
G1 F1908.5 X-19.726 Y-2.033 E0.04228
G1 F1860.5 X-19.798 Y-0.069 E0.12648
G1 F1835.6 X-19.705 Y0.812 E0.05779
G1 F1882.4 X-19.592 Y2.519 E0.10882
G1 F1995.8 X-19.064 Y3.971 E0.09269
G0 F12000 X-19.076 Y3.787
G1 F3600 E-1
;MESH:NONMESH
G0 F600 X-19.076 Y3.787 Z16.5
G0 F12000 X12.38 Y-4.12
;TIME_ELAPSED:529.388133
;LAYER:54
;TYPE:FILL
;MESH:pi 3mm.stl
G1 F3600 E1
G1 F9600 X20.016 Y3.516 E0.53876
G1 X19.917 Y4.015 E0.02538
G1 X17.266 Y3.841 E0.13254
G1 X15.216 Y3.816 E0.10228
G1 X13.251 Y4 E0.09846
G1 X12.302 Y4.042 E0.04739
G1 X11.683 Y4.05 E0.03088
G1 X13.844 Y-4.015 E0.41656
G1 X13.73 Y-4.024 E0.00571
G1 X-15.504 Y3.81 E1.50995
G1 X-17.356 Y3.872 E0.09245
G1 X-18.981 Y3.991 E0.08129
G1 X-19.53 Y2.494 E0.07955
G1 X-19.608 Y1.141 E0.06761
G1 X-19.738 Y-0.083 E0.06141
G1 X-19.688 Y-1.611 E0.07627
G1 X-19.648 Y-2.207 E0.0298
G1 X-13.516 Y3.925 E0.43265
G1 X-13.139 Y3.959 E0.01888
G1 X-10.974 Y-4.124 E0.41748
G1 X-10.04 Y-4.139 E0.0466
G1 X-8.722 Y-4.104 E0.06578
G1 X-7.58 Y-4.088 E0.05698
G1 X-6.015 Y-4.12 E0.07809
G1 X-4.597 Y-4.126 E0.07074
G1 X3.627 Y4.098 E0.58025
G1 X1.953 Y4.096 E0.08352
G1 X-.778 Y4.19 E0.13633
G1 X1.459 Y-4.156 E0.43108
G1 X4.347 Y-4.179 E0.14409
G1 X6.583 Y-4.152 E0.11156
G1 X8.943 Y-4.163 E0.11774
G1 X9.83 Y-4.152 E0.04426
G1 X11.061 Y-4.12 E0.06144
G1 X12.384 Y-4.12 E0.066
G1 X13.179 Y-4.07 E0.03974
G1 X13.278 Y-4.064
G1 F3600 E-1
G0 F12000 X20.954 Y4.197
G0 X21.18 Y4.489
;TYPE:WALL-INNER
G1 F3600 E1
G1 F3000 X21.616 Y1.73 E0.13936
G1 X21.779 Y-0.025 E0.08793
G1 X21.657 Y-.754 E0.03688
G1 X21.401 Y-2.614 E0.09367
G1 X20.956 Y-4.531 E0.09818
G1 X19.699 Y-4.444 E0.06286
G1 X17.098 Y-4.3 E0.12996
G1 X15.128 Y-4.268 E0.0983
G1 X13.16 Y-4.432 E0.09852
G1 X12.397 Y-4.48 E0.03814
G1 X11.063 Y-4.48 E0.06655
G1 X9.838 Y-4.512 E0.06114
G1 X8.944 Y-4.523 E0.04461
G1 X6.584 Y-4.512 E0.11774
G1 X4.345 Y-4.539 E0.11171
G1 X1.95 Y-4.52 E0.11949
G1 X1.2 Y-4.532 E0.03742
G1 X-1.136 Y-4.639 E0.11667
G1 X-2.987 Y-4.604 E0.09236
G1 X-4.941 Y-4.484 E0.09767
G1 X-6.025 Y-4.48 E0.05408
G1 X-7.577 Y-4.448 E0.07745
G1 X-8.717 Y-4.464 E0.05688
G1 X-10.035 Y-4.499 E0.06578
G1 X-11.641 Y-4.472 E0.08013
G1 X-12.607 Y-4.444 E0.04821
G1 X-14.711 Y-4.328 E0.10513
G1 X-15.837 Y-4.316 E0.05618
G1 X-19.215 Y-4.498 E0.16877
G1 X-20.362 Y-4.611 E0.0575
G1 X-20.946 Y-2.813 E0.09432
G1 X-21.121 Y-.165 E0.1324
G1 X-20.86 Y2.256 E0.12148
G1 X-20.845 Y2.545 E0.01444
G1 X-20.149 Y4.436 E0.10053
G1 X-17.337 Y4.232 E0.14066
G1 X-15.186 Y4.16 E0.10737
G1 X-14.587 Y4.194 E0.02993
G1 X-12.902 Y4.34 E0.08438
G1 X-9.973 Y4.448 E0.14623
G1 X-6.593 Y4.444 E0.16863
G1 X-4.948 Y4.496 E0.08211
G1 X-3.945 Y4.504 E0.05004
G1 X-2.002 Y4.564 E0.09698
G1 X-1.175 Y4.564 E0.04126
G1 X1.948 Y4.456 E0.1559
G1 X5.117 Y4.46 E0.1581
G1 X7.271 Y4.384 E0.10753
G1 X8.158 Y4.372 E0.04426
G1 X9.885 Y4.388 E0.08616
G1 X11.199 Y4.415 E0.06557
G1 X12.32 Y4.402 E0.05593
G1 X13.262 Y4.361 E0.04704
G1 X15.233 Y4.176 E0.09877
G1 X17.244 Y4.201 E0.10034
G1 X19.562 Y4.353 E0.11589
G1 X19.894 Y4.366 E0.01658
G1 X21.18 Y4.489 E0.06445
G0 F12000 X21.516 Y4.923
;TYPE:WALL-OUTER
G1 F1200 X22.013 Y1.779 E0.1588
G1 X22.182 Y-0.04 E0.09114
G1 X22.053 Y-.808 E0.03885
G1 X21.795 Y-2.687 E0.09462
G1 X21.268 Y-4.954 E0.11612
G1 X19.684 Y-4.844 E0.07922
G1 X17.092 Y-4.7 E0.12951
G1 X15.127 Y-4.668 E0.09805
G1 X13.237 Y-4.828 E0.09463
G1 X12.409 Y-4.88 E0.04139
G1 X11.074 Y-4.88 E0.0666
G1 X9.844 Y-4.912 E0.06139
G1 X8.943 Y-4.923 E0.04495
G1 X6.589 Y-4.912 E0.11744
G1 X4.342 Y-4.939 E0.11211
G1 X1.956 Y-4.92 E0.11904
G1 X1.218 Y-4.932 E0.03682
G1 X-1.131 Y-5.039 E0.11731
G1 X-3.003 Y-5.004 E0.09341
G1 X-4.943 Y-4.884 E0.09697
G1 X-6.033 Y-4.88 E0.05438
G1 X-7.571 Y-4.848 E0.07675
G1 X-8.706 Y-4.864 E0.05663
G1 X-10.033 Y-4.899 E0.06623
G1 X-11.652 Y-4.872 E0.08078
G1 X-12.623 Y-4.844 E0.04846
G1 X-14.741 Y-4.728 E0.10583
G1 X-15.815 Y-4.716 E0.05359
G1 X-19.176 Y-4.896 E0.16792
G1 X-20.643 Y-5.041 E0.07355
G1 X-21.342 Y-2.889 E0.11289
G1 X-21.523 Y-.157 E0.1366
G1 X-21.26 Y2.277 E0.12214
G1 X-21.241 Y2.627 E0.01749
G1 X-20.42 Y4.857 E0.11856
G1 X-17.323 Y4.632 E0.15492
G1 X-15.208 Y4.56 E0.10558
G1 X-14.622 Y4.592 E0.02928
G1 X-12.927 Y4.74 E0.08489
G1 X-9.98 Y4.848 E0.14713
G1 X-6.605 Y4.844 E0.16838
G1 X-4.956 Y4.896 E0.08231
G1 X-3.957 Y4.904 E0.04984
G1 X-2.008 Y4.964 E0.09728
G1 X-1.168 Y4.964 E0.04191
G1 X1.948 Y4.856 E0.15555
G1 X5.124 Y4.86 E0.15845
G1 X7.277 Y4.784 E0.10748
G1 X8.154 Y4.772 E0.04376
G1 X9.877 Y4.788 E0.08596
G1 X11.197 Y4.815 E0.06587
G1 X12.325 Y4.802 E0.05628
G1 X13.29 Y4.76 E0.04819
G1 X15.267 Y4.576 E0.09906
G1 X17.218 Y4.6 E0.09734
G1 X19.515 Y4.752 E0.11485
G1 X19.856 Y4.764 E0.01702
G1 X21.516 Y4.923 E0.0832
G0 F12000 X21.64 Y4.133
G0 X20.956 Y4.023
G0 X20.316 Y3.975
;TYPE:SKIN
G1 F1983.5 X20.559 Y2.701 E0.07829
G1 F1951.2 X20.683 Y1.569 E0.06988
G1 F1893.5 X20.83 Y-0.037 E0.10198
G1 F1943.3 X20.465 Y-2.634 E0.16159
G1 F1959.2 X20.111 Y-4.041 E0.08867
G1 F1931.6 X20.621 Y-4.077 E0.03169
G1 F1935.5 X20.975 Y-2.549 E0.09703
G1 F1943.3 X21.235 Y-.693 E0.11547
G1 F1912.4 X21.339 Y-0.011 E0.0432
G1 F1882.4 X21.191 Y1.617 E0.10398
G1 F1951.2 X21.031 Y2.745 E0.06991
G1 F1983.5 X20.82 Y4.023 E0.07819
G1 F1943.3 X20.316 Y3.975 E0.03119
G1 F3600 E-1
G0 F12000 X-8.461 Y3.932
G0 X-19.385 Y3.966
G1 F3600 E1
G1 F2055.7 X-19.869 Y4.003 E0.02827
G1 F2025.3 X-20.415 Y2.514 E0.09376
G1 F1959.2 X-20.432 Y2.214 E0.01836
G1 F1867.7 X-20.673 Y-.174 E0.15387
G1 F1853.3 X-20.513 Y-2.727 E0.16527
G1 F1975.3 X-20.067 Y-4.164 E0.09121
G1 F2051.3 X-19.604 Y-4.118 E0.02716
G1 F1983.5 X-20.003 Y-2.719 E0.08782
G1 F1912.4 X-20.081 Y-1.629 E0.06842
G1 F1860.5 X-20.139 Y-0.076 E0.10002
G1 F1832.1 X-20.009 Y1.156 E0.08097
G1 F1882.4 X-19.916 Y2.507 E0.08614
G1 F1991.7 X-19.385 Y3.966 E0.09334
G0 F12000 X-19.397 Y3.782
G1 F3600 E-1
;MESH:NONMESH
G0 F600 X-19.397 Y3.782 Z16.8
G0 F12000 X14.352 Y-3.971
;TIME_ELAPSED:539.876920
;LAYER:55
;TYPE:FILL
;MESH:pi 3mm.stl
G1 F3600 E1
G1 F9600 X-14.737 Y3.823 E1.50245
G1 X-15.228 Y3.78 E0.02459
G1 X-17.391 Y3.844 E0.10796
G1 X-19.299 Y3.985 E0.09545
G1 X-19.849 Y2.492 E0.07938
G1 X-19.908 Y1.489 E0.05013
G1 X-20.077 Y-0.095 E0.07947
G1 X-20.041 Y-1.206 E0.05546
G1 X-19.943 Y-2.668 E0.0731
G1 X-19.914 Y-2.773 E0.00543
G1 X-13.184 Y3.958 E0.47487
G1 X-13.355 Y3.945 E0.00856
G1 X-11.193 Y-4.124 E0.41676
G1 X-9.964 Y-4.143 E0.06132
G1 X-8.38 Y-4.104 E0.07905
G1 X-7.545 Y-4.096 E0.04166
G1 X-5.735 Y-4.132 E0.09032
G1 X-4.874 Y-4.133 E0.04296
G1 X-4.337 Y-4.166 E0.02684
G1 X3.943 Y4.114 E0.5842
G1 X1.628 Y4.108 E0.1155
G1 X-1.002 Y4.206 E0.1313
G1 X1.244 Y-4.173 E0.43279
G1 X4.35 Y-4.191 E0.15496
G1 X6.874 Y-4.16 E0.12593
G1 X8.994 Y-4.167 E0.10577
G1 X9.768 Y-4.16 E0.03862
G1 X11.221 Y-4.124 E0.07251
G1 X12.682 Y-4.118 E0.07289
G1 X20.359 Y3.56 E0.54169
G1 X20.272 Y4.005 E0.02262
G1 X19.586 Y3.972 E0.03426
G1 X17.33 Y3.821 E0.1128
G1 X15.394 Y3.796 E0.0966
G1 X13.34 Y3.992 E0.10294
G1 X12.206 Y4.042 E0.05663
G1 X11.463 Y4.052 E0.03707
G1 X13.629 Y-4.032 E0.41754
G1 X15.33 Y-3.888 E0.08517
G1 X17.186 Y-3.916 E0.09261
G1 X18.793 Y-4.005 E0.0803
G1 X19.407 Y-4.05 E0.03071
G1 X20.062 Y-4.074 E0.0327
G1 X20.162 Y-4.077
G1 F3600 E-1
G0 F12000 X21.242 Y4.188
G0 X21.467 Y4.482
;TYPE:WALL-INNER
G1 F3600 E1
G1 F3000 X21.78 Y2.53 E0.09863
G1 X21.96 Y1.323 E0.06088
G1 X22.087 Y-0.018 E0.0672
G1 X21.905 Y-1.118 E0.05563
G1 X21.701 Y-2.598 E0.07454
G1 X21.329 Y-4.2 E0.08205
G1 X21.228 Y-4.516 E0.01655
G1 X20.009 Y-4.432 E0.06096
G1 X19.392 Y-4.41 E0.0308
G1 X18.774 Y-4.365 E0.03091
G1 X17.17 Y-4.276 E0.08015
G1 X15.337 Y-4.248 E0.09146
G1 X13.305 Y-4.421 E0.10174
G1 X12.289 Y-4.48 E0.05077
G1 X11.224 Y-4.484 E0.05313
G1 X9.778 Y-4.52 E0.07216
G1 X8.997 Y-4.527 E0.03897
G1 X6.876 Y-4.52 E0.10582
G1 X4.349 Y-4.551 E0.12608
G1 X1.36 Y-4.528 E0.14913
G1 X-1.444 Y-4.655 E0.14004
G1 X-2.679 Y-4.632 E0.06163
G1 X-4.932 Y-4.492 E0.11262
G1 X-5.746 Y-4.492 E0.04061
G1 X-7.542 Y-4.456 E0.08962
G1 X-8.376 Y-4.464 E0.04161
G1 X-9.959 Y-4.503 E0.079
G1 X-11.176 Y-4.484 E0.06072
G1 X-12.479 Y-4.448 E0.06503
G1 X-15.46 Y-4.288 E0.14894
G1 X-19.587 Y-4.506 E0.20618
G1 X-20.669 Y-4.612 E0.05424
G1 X-21.277 Y-2.731 E0.09862
G1 X-21.438 Y-.113 E0.13086
G1 X-21.17 Y2.523 E0.13219
G1 X-20.465 Y4.432 E0.10153
G1 X-17.375 Y4.204 E0.15458
G1 X-15.241 Y4.14 E0.10651
G1 X-13.258 Y4.313 E0.09931
G1 X-12.577 Y4.356 E0.03404
G1 X-9.901 Y4.456 E0.1336
G1 X-6.858 Y4.452 E0.15182
G1 X-4.949 Y4.508 E0.09528
G1 X-4.253 Y4.512 E0.03472
G1 X-2.008 Y4.58 E0.11205
G1 X-1.482 Y4.584 E0.02624
G1 X1.622 Y4.468 E0.15497
G1 X4.794 Y4.476 E0.15825
G1 X7.242 Y4.388 E0.12221
G1 X7.793 Y4.38 E0.02749
G1 X10.798 Y4.42 E0.14993
G1 X12.224 Y4.402 E0.07115
G1 X13.35 Y4.353 E0.05623
G1 X15.41 Y4.156 E0.10324
G1 X17.306 Y4.181 E0.0946
G1 X18.907 Y4.281 E0.08003
G1 X19.569 Y4.333 E0.03313
G1 X20.197 Y4.362 E0.03136
G1 X21.467 Y4.482 E0.06364
G0 F12000 X21.758 Y4.912
;TYPE:WALL-OUTER
G1 F1200 X21.891 Y4.364 E0.02813
G1 X22.176 Y2.589 E0.08969
G1 X22.357 Y1.371 E0.06143
G1 X22.49 Y-0.032 E0.07031
G1 X22.301 Y-1.172 E0.05765
G1 X22.095 Y-2.671 E0.07549
G1 X21.715 Y-4.306 E0.08374
G1 X21.513 Y-4.937 E0.03305
G1 X19.995 Y-4.832 E0.07591
G1 X19.411 Y-4.812 E0.02915
G1 X18.752 Y-4.764 E0.03296
G1 X17.164 Y-4.676 E0.07935
G1 X15.338 Y-4.648 E0.09111
G1 X13.333 Y-4.82 E0.1004
G1 X12.301 Y-4.88 E0.05157
G1 X11.234 Y-4.884 E0.05323
G1 X9.782 Y-4.92 E0.07246
G1 X8.995 Y-4.927 E0.03927
G1 X6.881 Y-4.92 E0.10547
G1 X4.346 Y-4.951 E0.12648
G1 X1.378 Y-4.928 E0.14808
G1 X-1.439 Y-5.055 E0.14068
G1 X-2.695 Y-5.032 E0.06267
G1 X-4.932 Y-4.892 E0.11182
G1 X-5.754 Y-4.892 E0.04101
G1 X-7.538 Y-4.856 E0.08902
G1 X-8.366 Y-4.864 E0.04131
G1 X-9.957 Y-4.903 E0.0794
G1 X-11.187 Y-4.884 E0.06137
G1 X-12.495 Y-4.848 E0.06528
G1 X-15.439 Y-4.688 E0.14709
G1 X-19.548 Y-4.904 E0.20528
G1 X-20.951 Y-5.041 E0.07033
G1 X-21.673 Y-2.806 E0.11718
G1 X-21.839 Y-.105 E0.13501
G1 X-21.563 Y2.614 E0.13635
G1 X-20.736 Y4.853 E0.11908
G1 X-17.363 Y4.604 E0.16874
G1 X-15.234 Y4.54 E0.10626
G1 X-13.288 Y4.712 E0.09746
G1 X-12.597 Y4.756 E0.03454
G1 X-9.908 Y4.856 E0.13425
G1 X-6.87 Y4.852 E0.15157
G1 X-4.956 Y4.908 E0.09553
G1 X-4.265 Y4.912 E0.03447
G1 X-2.016 Y4.98 E0.11225
G1 X-1.476 Y4.984 E0.02694
G1 X1.621 Y4.868 E0.15462
G1 X4.8 Y4.876 E0.1586
G1 X7.248 Y4.788 E0.12221
G1 X7.787 Y4.78 E0.02689
G1 X10.803 Y4.82 E0.15048
G1 X12.306 Y4.8 E0.07499
G1 X13.378 Y4.752 E0.05354
G1 X15.443 Y4.556 E0.10349
G1 X17.281 Y4.58 E0.09171
G1 X18.876 Y4.68 E0.07973
G1 X19.545 Y4.732 E0.03348
G1 X20.159 Y4.76 E0.03066
G1 X21.758 Y4.912 E0.08013
G0 F12000 X21.891 Y4.364
G0 X21.928 Y4.132
G0 X21.119 Y4.034
;TYPE:SKIN
G1 F2087 X20.651 Y3.99 E0.02697
G1 F2133.3 X20.923 Y2.539 E0.08286
G1 F2087 X21.065 Y1.215 E0.0764
G1 F2000 X21.18 Y-0.014 E0.0739
G1 F2064.5 X20.815 Y-2.623 E0.15279
G1 F2096.1 X20.454 Y-4.047 E0.08392
G1 F2064.5 X20.93 Y-4.08 E0.02767
G1 F2077.9 X21.292 Y-2.535 E0.09144
G1 F2087 X21.499 Y-1.06 E0.08546
G1 F2038.2 X21.662 Y-0.008 E0.06254
G1 F2000 X21.542 Y1.261 E0.07631
G1 F2087 X21.363 Y2.58 E0.07637
G1 F2128.6 X21.119 Y4.034 E0.08293
G1 F3600 E-1
G0 F12000 X15.402 Y3.919
G0 X-9.406 Y3.905
G0 X-19.704 Y3.959
G1 F3600 E1
G1 F2064.5 X-20.186 Y3.996 E0.02804
G1 F2025.3 X-20.738 Y2.5 E0.09427
G1 F1916.2 X-20.995 Y-.129 E0.16506
G1 F1920 X-20.844 Y-2.68 E0.15937
G1 F2042.6 X-20.379 Y-4.17 E0.0915
G1 F2096.1 X-19.925 Y-4.126 E0.02606
G1 F2016.8 X-20.338 Y-2.68 E0.08928
G1 F1923.8 X-20.431 Y-1.22 E0.09105
G1 F1882.4 X-20.472 Y-0.052 E0.07434
G1 F1853.3 X-20.308 Y1.504 E0.10109
G1 F1889.8 X-20.239 Y2.495 E0.06294
G1 F1995.8 X-19.704 Y3.959 E0.09351
G0 F12000 X-19.715 Y3.778
G1 F3600 E-1
;MESH:NONMESH
G0 F600 X-19.715 Y3.778 Z17.1
G0 F12000 X14.968 Y-3.917
;TIME_ELAPSED:550.493005
;LAYER:56
;TYPE:FILL
;MESH:pi 3mm.stl
G1 F3600 E1
G1 F9600 X-14.121 Y3.878 E1.50246
G1 X-15.434 Y3.765 E0.06575
G1 X-17.431 Y3.82 E0.09967
G1 X-19.617 Y3.982 E0.10936
G1 X-20.17 Y2.482 E0.07976
G1 X-20.209 Y1.833 E0.03244
G1 X-20.416 Y-.104 E0.09719
G1 X-20.394 Y-.793 E0.03439
G1 X-20.273 Y-2.672 E0.09394
G1 X-20.109 Y-3.267 E0.03079
G1 X-12.868 Y3.974 E0.51089
G1 X-13.569 Y3.925 E0.03506
G1 X-11.415 Y-4.115 E0.41526
G1 X-9.881 Y-4.151 E0.07655
G1 X-7.525 Y-4.1 E0.11757
G1 X-5.446 Y-4.143 E0.10374
G1 X-4.861 Y-4.145 E0.02919
G1 X-4.065 Y-4.194 E0.03979
G1 X4.26 Y4.131 E0.58737
G1 X1.278 Y4.124 E0.14877
G1 X-1.225 Y4.219 E0.12497
G1 X1.024 Y-4.174 E0.4335
G1 X4.321 Y-4.204 E0.16449
G1 X7.097 Y-4.161 E0.13851
G1 X9.748 Y-4.164 E0.13226
G1 X11.378 Y-4.124 E0.08135
G1 X12.206 Y-4.12 E0.04131
G1 X13.026 Y-4.074 E0.04097
G1 X20.678 Y3.579 E0.53993
G1 X20.611 Y3.997 E0.02112
G1 X19.614 Y3.956 E0.04978
G1 X18.654 Y3.882 E0.04804
G1 X17.396 Y3.801 E0.06289
G1 X16.092 Y3.784 E0.06506
G1 X15.351 Y3.799 E0.03698
G1 X13.453 Y3.984 E0.09514
G1 X12.118 Y4.042 E0.06667
G1 X11.242 Y4.056 E0.04371
G1 X13.415 Y-4.053 E0.41883
G1 X15.281 Y-3.89 E0.09345
G1 X15.952 Y-3.876 E0.03348
G1 X17.254 Y-3.896 E0.06496
G1 X18.524 Y-3.965 E0.06345
G1 X19.476 Y-4.033 E0.04762
G1 X20.399 Y-4.063 E0.04607
G1 X20.499 Y-4.066
G1 F3600 E-1
G0 F12000 X21.496 Y4.173
G0 X21.705 Y4.466
;TYPE:WALL-INNER
G1 F3600 E1
G1 F3000 X21.847 Y3.877 E0.03023
G1 X22.064 Y2.537 E0.06772
G1 X22.319 Y0.868 E0.08423
G1 X22.395 Y-0.008 E0.04387
G1 X22.153 Y-1.481 E0.07447
G1 X22.001 Y-2.578 E0.05525
G1 X21.725 Y-3.764 E0.06075
G1 X21.491 Y-4.5 E0.03853
G1 X20.32 Y-4.42 E0.05856
G1 X19.467 Y-4.392 E0.04258
G1 X18.505 Y-4.324 E0.04811
G1 X17.238 Y-4.256 E0.0633
G1 X15.956 Y-4.236 E0.06397
G1 X15.3 Y-4.25 E0.03274
G1 X13.405 Y-4.413 E0.09489
G1 X12.213 Y-4.48 E0.05956
G1 X11.381 Y-4.484 E0.04151
G1 X9.761 Y-4.524 E0.08085
G1 X7.149 Y-4.52 E0.13031
G1 X7.028 Y-4.528 E0.00605
G1 X4.321 Y-4.564 E0.13506
G1 X1.207 Y-4.536 E0.15536
G1 X-1.751 Y-4.675 E0.14774
G1 X-2.45 Y-4.656 E0.03489
G1 X-4.92 Y-4.504 E0.12346
G1 X-5.456 Y-4.503 E0.02674
G1 X-7.522 Y-4.46 E0.1031
G1 X-9.883 Y-4.511 E0.11782
G1 X-12.364 Y-4.452 E0.12381
G1 X-15.576 Y-4.276 E0.16049
G1 X-19.922 Y-4.506 E0.21713
G1 X-20.996 Y-4.609 E0.05383
G1 X-21.467 Y-2.91 E0.08796
G1 X-21.55 Y-2.679 E0.01225
G1 X-21.702 Y-.112 E0.12829
G1 X-21.441 Y2.516 E0.13176
G1 X-20.794 Y4.429 E0.10075
G1 X-17.418 Y4.18 E0.16889
G1 X-15.444 Y4.124 E0.09852
G1 X-13.3 Y4.308 E0.10736
G1 X-12.456 Y4.364 E0.0422
G1 X-9.825 Y4.464 E0.13136
G1 X-7.118 Y4.456 E0.13505
G1 X-4.952 Y4.52 E0.10811
G1 X-4.566 Y4.524 E0.01926
G1 X-1.895 Y4.603 E0.13332
G1 X1.306 Y4.484 E0.15981
G1 X4.43 Y4.492 E0.15586
G1 X7.424 Y4.392 E0.14945
G1 X10.355 Y4.428 E0.14624
G1 X12.134 Y4.402 E0.08876
G1 X13.465 Y4.345 E0.06646
G1 X15.381 Y4.158 E0.09604
G1 X16.088 Y4.144 E0.03528
G1 X17.375 Y4.161 E0.06421
G1 X18.631 Y4.241 E0.06279
G1 X19.6 Y4.317 E0.04849
G1 X20.504 Y4.354 E0.04514
G1 X21.705 Y4.466 E0.06018
G0 F12000 X22.013 Y4.896
;TYPE:WALL-OUTER
G1 F1200 X22.239 Y3.956 E0.04823
G1 X22.464 Y2.576 E0.06976
G1 X22.717 Y0.916 E0.08377
G1 X22.798 Y-0.024 E0.04707
G1 X22.549 Y-1.536 E0.07645
G1 X22.395 Y-2.651 E0.05616
G1 X22.111 Y-3.87 E0.06244
G1 X21.777 Y-4.921 E0.05502
G1 X20.307 Y-4.82 E0.07351
G1 X19.447 Y-4.792 E0.04293
G1 X18.483 Y-4.724 E0.04821
G1 X17.232 Y-4.656 E0.0625
G1 X15.964 Y-4.636 E0.06327
G1 X15.334 Y-4.648 E0.03144
G1 X13.433 Y-4.812 E0.09519
G1 X12.225 Y-4.88 E0.06036
G1 X11.391 Y-4.884 E0.04161
G1 X9.765 Y-4.924 E0.08115
G1 X7.129 Y-4.92 E0.13151
G1 X7.049 Y-4.928 E0.00401
G1 X4.317 Y-4.964 E0.13631
G1 X1.226 Y-4.936 E0.15422
G1 X-1.747 Y-5.075 E0.14849
G1 X-2.383 Y-5.06 E0.03174
G1 X-4.92 Y-4.904 E0.12681
G1 X-5.464 Y-4.903 E0.02714
G1 X-7.513 Y-4.86 E0.10225
G1 X-9.883 Y-4.911 E0.11827
G1 X-12.38 Y-4.852 E0.12461
G1 X-15.555 Y-4.676 E0.15864
G1 X-19.884 Y-4.904 E0.21627
G1 X-21.263 Y-5.037 E0.06912
G1 X-21.468 Y-4.406 E0.0331
G1 X-21.851 Y-3.024 E0.07155
G1 X-21.946 Y-2.759 E0.01404
G1 X-22.103 Y-.104 E0.13269
G1 X-21.835 Y2.601 E0.13561
G1 X-21.311 Y4.148 E0.08149
G1 X-21.055 Y4.849 E0.03723
G1 X-17.406 Y4.58 E0.18254
G1 X-15.45 Y4.524 E0.09763
G1 X-13.327 Y4.707 E0.10631
G1 X-12.477 Y4.764 E0.0425
G1 X-9.832 Y4.864 E0.13205
G1 X-7.13 Y4.856 E0.1348
G1 X-4.96 Y4.92 E0.10831
G1 X-4.578 Y4.924 E0.01906
G1 X-1.893 Y5.003 E0.13401
G1 X1.305 Y4.884 E0.15966
G1 X4.436 Y4.892 E0.15621
G1 X7.419 Y4.792 E0.14891
G1 X10.361 Y4.828 E0.14679
G1 X12.21 Y4.8 E0.09226
G1 X13.493 Y4.744 E0.06407
G1 X15.42 Y4.556 E0.09659
G1 X16.083 Y4.544 E0.03308
G1 X17.349 Y4.56 E0.06317
G1 X18.6 Y4.64 E0.06254
G1 X19.576 Y4.716 E0.04884
G1 X20.467 Y4.752 E0.04449
G1 X22.013 Y4.896 E0.07746
G0 F12000 X22.199 Y4.119
G0 X21.411 Y4.034
;TYPE:SKIN
G1 F2186.8 X20.974 Y3.995 E0.02402
G1 F2181.8 X21.271 Y2.151 E0.1025
G1 F2069 X21.425 Y0.717 E0.08347
G1 F1987.6 X21.488 Y0.002 E0.04324
G1 F2060.1 X21.108 Y-2.628 E0.15445
G1 F2152.5 X20.772 Y-4.05 E0.08128
G1 F2176.9 X21.202 Y-4.081 E0.02371
G1 F2152.5 X21.328 Y-3.669 E0.02397
G1 F2105.3 X21.591 Y-2.514 E0.06737
G1 F2082.4 X21.748 Y-1.423 E0.06338
G1 F2038.2 X21.97 Y0.006 E0.08495
G1 F1987.6 X21.907 Y0.768 E0.04606
G1 F2069 X21.712 Y2.19 E0.08307
G1 F2176.9 X21.411 Y4.034 E0.10277
G1 F3600 E-1
G0 F12000 X15.387 Y3.92
G0 X-12.36 Y3.888
G0 X-20.019 Y3.956
G1 F3600 E1
G1 F2073.4 X-20.503 Y3.993 E0.02803
G1 F2060.1 X-21.022 Y2.5 E0.09187
G1 F2016.8 X-21.279 Y-.125 E0.15659
G1 F2008.4 X-21.132 Y-2.598 E0.1477
G1 F2069 X-20.695 Y-4.168 E0.09431
G1 F2109.9 X-20.223 Y-4.123 E0.02691
G1 F2123.9 X-20.41 Y-3.533 E0.03489
G1 F2114.5 X-20.653 Y-2.663 E0.05115
G1 F2060.1 X-20.768 Y-.807 E0.10808
G1 F2012.6 X-20.796 Y-.121 E0.04085
G1 F1983.5 X-20.592 Y1.848 E0.1195
G1 F2000 X-20.547 Y2.492 E0.03865
G1 F2051.3 X-20.019 Y3.956 E0.09084
G0 F12000 X-20.031 Y3.771
G1 F3600 E-1
;MESH:NONMESH
G0 F600 X-20.031 Y3.771 Z17.4
G0 F12000 X0.815 Y-4.214
;TIME_ELAPSED:561.136008
;LAYER:57
;TYPE:FILL
;MESH:pi 3mm.stl
G1 F3600 E1
G1 F9600 X-1.451 Y4.244 E0.43685
G1 X-2.04 Y4.263 E0.0294
G1 X-7.609 Y4.091 E0.27797
G1 X-9.738 Y4.111 E0.10622
G1 X-12.325 Y4.012 E0.12916
G1 X-12.544 Y3.998 E0.01095
G1 X-20.273 Y-3.731 E0.54532
G1 X-20.144 Y-4.135 E0.02116
G1 X-15.747 Y-3.907 E0.21966
G1 X-12.259 Y-4.09 E0.17426
G1 X-11.636 Y-4.108 E0.03109
G1 X-13.785 Y3.91 E0.41414
G1 X-13.509 Y3.933 E0.01382
G1 X15.665 Y-3.884 E1.50684
G1 X16.357 Y-3.86 E0.03454
G1 X17.325 Y-3.872 E0.0483
G1 X18.263 Y-3.925 E0.04687
G1 X19.567 Y-4.015 E0.06521
G1 X20.698 Y-4.054 E0.05646
G1 X21.056 Y-2.524 E0.07839
G1 X21.273 Y-.926 E0.08046
G1 X21.265 Y-.926 E0.0004
G1 X21.419 Y-0.007 E0.04649
G1 X21.26 Y1.685 E0.08479
G1 X20.966 Y3.567 E0.09503
G1 X13.349 Y-4.05 E0.53742
G1 X13.651 Y-4.032 E0.01509
G1 X13.197 Y-4.06 E0.02269
G1 X11.023 Y4.056 E0.41918
G1 X9.86 Y4.072 E0.05803
G1 X7.21 Y4.04 E0.13222
G1 X4.632 Y4.129 E0.12869
G1 X4.564 Y4.135 E0.00341
G1 X-3.79 Y-4.219 E0.58942
G1 X-2.042 Y-4.329 E0.08738
G1 X0.815 Y-4.214 E0.14265
G1 F3600 E-1
G0 F12000 X21.748 Y4.166
G0 X21.957 Y4.457
;TYPE:WALL-INNER
G1 F3600 E1
G1 F3000 X22.214 Y3.392 E0.05466
G1 X22.656 Y0.501 E0.14591
G1 X22.706 Y-0.007 E0.02547
G1 X22.397 Y-1.844 E0.09294
G1 X22.297 Y-2.562 E0.03617
G1 X22.121 Y-3.329 E0.03926
G1 X21.751 Y-4.486 E0.0606
G1 X20.634 Y-4.412 E0.05585
G1 X19.462 Y-4.37 E0.05851
G1 X18.161 Y-4.28 E0.06506
G1 X17.308 Y-4.232 E0.04262
G1 X16.36 Y-4.22 E0.0473
G1 X15.246 Y-4.257 E0.05561
G1 X13.505 Y-4.401 E0.08716
G1 X12.106 Y-4.484 E0.06992
G1 X11.539 Y-4.484 E0.02829
G1 X10.218 Y-4.52 E0.06593
G1 X7.002 Y-4.511 E0.16045
G1 X6.703 Y-4.544 E0.01501
G1 X4.334 Y-4.571 E0.1182
G1 X1.458 Y-4.548 E0.14349
G1 X-2.044 Y-4.691 E0.17486
G1 X-4.892 Y-4.512 E0.14237
G1 X-7.491 Y-4.464 E0.12969
G1 X-9.81 Y-4.519 E0.11573
G1 X-12.219 Y-4.452 E0.12023
G1 X-15.764 Y-4.268 E0.1771
G1 X-20.192 Y-4.498 E0.22121
G1 X-21.224 Y-4.601 E0.05174
G1 X-21.627 Y-3.156 E0.07484
G1 X-21.793 Y-2.697 E0.02435
G1 X-21.853 Y-2.02 E0.03391
G1 X-21.962 Y-.117 E0.0951
G1 X-21.768 Y1.853 E0.09876
G1 X-21.695 Y2.496 E0.03229
G1 X-21.051 Y4.412 E0.10084
G1 X-17.457 Y4.152 E0.17977
G1 X-15.661 Y4.104 E0.08963
G1 X-13.426 Y4.301 E0.11194
G1 X-12.34 Y4.372 E0.0543
G1 X-9.751 Y4.471 E0.12926
G1 X-7.606 Y4.451 E0.10702
G1 X-2.037 Y4.623 E0.27797
G1 X1.534 Y4.504 E0.17826
G1 X4.407 Y4.511 E0.14333
G1 X4.659 Y4.488 E0.01262
G1 X7.204 Y4.4 E0.12705
G1 X9.865 Y4.432 E0.13277
G1 X12.036 Y4.402 E0.10832
G1 X13.546 Y4.337 E0.0754
G1 X15.291 Y4.172 E0.08745
G1 X16.496 Y4.128 E0.06016
G1 X17.437 Y4.141 E0.04695
G1 X18.355 Y4.197 E0.04588
G1 X19.629 Y4.296 E0.06375
G1 X20.813 Y4.35 E0.05913
G1 X21.957 Y4.457 E0.05732
G0 F12000 X22.265 Y4.885
;TYPE:WALL-OUTER
G1 F1200 X22.607 Y3.469 E0.07268
G1 X23.053 Y0.551 E0.14727
G1 X23.11 Y-0.021 E0.02868
G1 X22.793 Y-1.9 E0.09507
G1 X22.691 Y-2.635 E0.03702
G1 X22.507 Y-3.435 E0.04095
G1 X22.037 Y-4.906 E0.07704
G1 X20.62 Y-4.812 E0.07085
G1 X19.541 Y-4.775 E0.05386
G1 X18.22 Y-4.684 E0.06606
G1 X17.303 Y-4.632 E0.04582
G1 X16.373 Y-4.62 E0.0464
G1 X15.247 Y-4.658 E0.05621
G1 X13.533 Y-4.8 E0.0858
G1 X12.118 Y-4.884 E0.07072
G1 X11.55 Y-4.884 E0.02834
G1 X10.224 Y-4.92 E0.06618
G1 X9.397 Y-4.923 E0.04126
G1 X7.066 Y-4.908 E0.1163
G1 X6.727 Y-4.944 E0.01701
G1 X4.331 Y-4.971 E0.11954
G1 X1.458 Y-4.948 E0.14334
G1 X1.221 Y-4.964 E0.01185
G1 X-2.049 Y-5.091 E0.16326
G1 X-4.9 Y-4.912 E0.14252
G1 X-7.481 Y-4.864 E0.12879
G1 X-9.811 Y-4.919 E0.11628
G1 X-12.235 Y-4.852 E0.12098
G1 X-15.743 Y-4.668 E0.17526
G1 X-20.152 Y-4.896 E0.22026
G1 X-21.52 Y-5.032 E0.06859
G1 X-22.003 Y-3.292 E0.09009
G1 X-22.187 Y-2.784 E0.02696
G1 X-22.252 Y-2.049 E0.03681
G1 X-22.363 Y-.109 E0.09695
G1 X-22.166 Y1.899 E0.10066
G1 X-22.087 Y2.584 E0.0344
G1 X-21.331 Y4.833 E0.11837
G1 X-17.446 Y4.552 E0.19433
G1 X-15.67 Y4.504 E0.08864
G1 X-13.456 Y4.7 E0.11089
G1 X-12.361 Y4.772 E0.05475
G1 X-9.757 Y4.871 E0.13001
G1 X-7.607 Y4.851 E0.10727
G1 X-2.037 Y5.023 E0.27802
G1 X1.533 Y4.904 E0.17821
G1 X4.426 Y4.911 E0.14433
G1 X4.673 Y4.888 E0.01238
G1 X7.199 Y4.8 E0.1261
G1 X9.871 Y4.832 E0.13332
G1 X12.042 Y4.802 E0.10832
G1 X13.574 Y4.736 E0.0765
G1 X15.306 Y4.572 E0.0868
G1 X16.491 Y4.528 E0.05916
G1 X17.413 Y4.54 E0.046
G1 X18.324 Y4.596 E0.04554
G1 X19.605 Y4.696 E0.0641
G1 X20.775 Y4.748 E0.05843
G1 X22.265 Y4.885 E0.07465
G0 F12000 X22.452 Y4.108
G0 X21.654 Y4.037
;TYPE:SKIN
G1 F2285.7 X21.251 Y3.999 E0.0212
G1 F2232.6 X21.376 Y3.268 E0.03977
G1 F2181.8 X21.613 Y1.75 E0.08432
G1 F2142.9 X21.8 Y0.017 E0.0974
G1 F2060.1 X21.671 Y-.793 E0.04767
G1 F2077.9 X21.411 Y-2.599 E0.10514
G1 F2201.8 X21.058 Y-4.046 E0.081
G1 F2274.9 X21.469 Y-4.074 E0.02168
G1 F2201.8 X21.724 Y-3.233 E0.04779
G1 F2114.5 X21.889 Y-2.498 E0.04266
G1 F2087 X21.992 Y-1.786 E0.04128
G1 F2016.8 X22.288 Y0.078 E0.11205
G1 F2069 X22.05 Y1.791 E0.10009
G1 F2181.8 X21.811 Y3.345 E0.08629
G1 F2232.6 X21.654 Y4.037 E0.03806
G1 F3600 E-1
G0 F12000 X-20.506 Y-4.137
G1 F3600 E1
G1 F2324.5 X-20.723 Y-3.452 E0.03701
G1 F2347.2 X-20.789 Y-3.447 E0.00338
G1 F2553.2 X-20.862 Y-3.31 E0.00728
G1 F2461.5 X-20.963 Y-2.549 E0.03734
G1 F2186.8 X-21.12 Y-.15 E0.13164
G1 F2232.6 X-20.838 Y2.513 E0.14362
G1 F2253.5 X-20.319 Y3.958 E0.08158
G1 F2222.2 X-20.772 Y3.992 E0.02448
G1 F2206.9 X-21.29 Y2.48 E0.08672
G1 F2186.8 X-21.559 Y-.133 E0.14383
G1 F2171.9 X-21.45 Y-1.984 E0.10222
G1 X-21.396 Y-2.612 E0.03475
G1 F2461.5 X-21.191 Y-3.401 E0.03965
G1 F2553.2 X-21.078 Y-3.685 E0.01433
G1 F2324.5 X-20.938 Y-4.18 E0.0265
G1 F2302.2 X-20.506 Y-4.137 E0.02258
G0 F12000 X-20.527 Y-3.931
G1 F3600 E-1
;MESH:NONMESH
G0 F600 X-20.527 Y-3.931 Z17.7
G0 F12000 X11.987 Y4.04
;TIME_ELAPSED:571.874052
;LAYER:58
;TYPE:FILL
;MESH:pi 3mm.stl
G1 F3600 E1
G1 F9600 X13.641 Y3.968 E0.0826
G1 X15.339 Y3.809 E0.08508
G1 X16.911 Y3.752 E0.07848
G1 X17.502 Y3.76 E0.02949
G1 X19.673 Y3.917 E0.10859
G1 X21.185 Y3.985 E0.07551
G1 X21.428 Y2.48 E0.07606
G1 X21.607 Y1.277 E0.06068
G1 X21.726 Y-0.002 E0.06409
G1 X21.512 Y-1.291 E0.06519
G1 X21.52 Y-1.291 E0.0004
G1 X21.349 Y-2.523 E0.06205
G1 X20.995 Y-4.041 E0.07777
G1 X19.616 Y-3.995 E0.06884
G1 X17.993 Y-3.881 E0.08117
G1 X17.393 Y-3.848 E0.02998
G1 X16.761 Y-3.84 E0.03153
G1 X16.375 Y-3.855 E0.01927
G1 X-12.858 Y3.979 E1.5099
G1 X-13.49 Y3.939 E0.03159
G1 X-14 Y3.893 E0.02555
G1 X-11.857 Y-4.103 E0.413
G1 X-15.198 Y-3.932 E0.1669
G1 X-16.389 Y-3.92 E0.05942
G1 X-20.366 Y-4.124 E0.19867
G1 X-12.224 Y4.018 E0.57446
G1 X-10.572 Y4.084 E0.08248
G1 X-9.778 Y4.089 E0.03961
G1 X-9.62 Y4.099 E0.0079
G1 X-7.754 Y4.08 E0.0931
G1 X-7.425 Y4.104 E0.01646
G1 X-5.092 Y4.17 E0.11644
G1 X-4.895 Y4.192 E0.00989
G1 X-1.681 Y4.284 E0.16041
G1 X0.606 Y-4.25 E0.44079
G1 X-2.055 Y-4.353 E0.13286
G1 X-3.525 Y-4.253 E0.07351
G1 X4.856 Y4.128 E0.59132
G1 X7.19 Y4.044 E0.11652
G1 X9.214 Y4.071 E0.10099
G1 X9.858 Y4.04 E0.03217
G1 X10.805 Y4.049 E0.04725
G1 X12.98 Y-4.069 E0.41929
G1 X13.673 Y-4.026 E0.03464
G1 X21.255 Y3.556 E0.53495
G1 X21.325 Y3.626
G0 F12000 X22.001 Y4.151
G0 X22.212 Y4.442
;TYPE:WALL-INNER
G1 F3000 X22.562 Y2.984 E0.07481
G1 X23.016 Y0.02 E0.1496
G1 X22.643 Y-2.217 E0.11315
G1 X22.513 Y-2.896 E0.03449
G1 X22.014 Y-4.47 E0.08238
G1 X20.949 Y-4.4 E0.05325
G1 X19.605 Y-4.355 E0.06709
G1 X17.974 Y-4.24 E0.08157
G1 X17.377 Y-4.208 E0.02983
G1 X16.765 Y-4.2 E0.03054
G1 X15.336 Y-4.253 E0.07134
G1 X14.494 Y-4.314 E0.04212
G1 X13.604 Y-4.393 E0.04458
G1 X12.029 Y-4.484 E0.07871
G1 X11.133 Y-4.499 E0.04471
G1 X9.445 Y-4.492 E0.08422
G1 X9.012 Y-4.511 E0.02162
G1 X6.989 Y-4.499 E0.10093
G1 X6.382 Y-4.556 E0.03042
G1 X4.311 Y-4.584 E0.10333
G1 X1.77 Y-4.56 E0.12678
G1 X1.198 Y-4.6 E0.02861
G1 X0.646 Y-4.608 E0.02754
G1 X-2.059 Y-4.715 E0.13506
G1 X-4.935 Y-4.52 E0.14381
G1 X-7.467 Y-4.468 E0.12635
G1 X-9.445 Y-4.515 E0.09871
G1 X-9.699 Y-4.504 E0.01268
G1 X-10.899 Y-4.488 E0.05987
G1 X-12.092 Y-4.456 E0.05954
G1 X-15.188 Y-4.292 E0.15468
G1 X-16.407 Y-4.28 E0.06082
G1 X-20.436 Y-4.488 E0.20128
G1 X-21.453 Y-4.589 E0.05099
G1 X-21.777 Y-3.433 E0.0599
G1 X-22.041 Y-2.683 E0.03967
G1 X-22.137 Y-1.607 E0.0539
G1 X-22.226 Y-.12 E0.07432
G1 X-22.073 Y1.437 E0.07805
G1 X-21.951 Y2.478 E0.05229
G1 X-21.303 Y4.39 E0.10072
G1 X-20.301 Y4.316 E0.05013
G1 X-19.661 Y4.292 E0.03195
G1 X-18.951 Y4.229 E0.03556
G1 X-17.502 Y4.128 E0.07247
G1 X-16.243 Y4.092 E0.06284
G1 X-15.675 Y4.104 E0.02834
G1 X-13.509 Y4.297 E0.10849
G1 X-12.221 Y4.38 E0.06439
G1 X-10.59 Y4.444 E0.08143
G1 X-9.797 Y4.449 E0.03956
G1 X-9.632 Y4.459 E0.00825
G1 X-7.766 Y4.44 E0.0931
G1 X-7.437 Y4.464 E0.01646
G1 X-5.08 Y4.532 E0.11764
G1 X-4.92 Y4.553 E0.00805
G1 X-2.348 Y4.63 E0.12838
G1 X-2.027 Y4.655 E0.01606
G1 X0.628 Y4.568 E0.13253
G1 X1.216 Y4.56 E0.02934
G1 X1.837 Y4.528 E0.03102
G1 X4.404 Y4.532 E0.12807
G1 X4.883 Y4.486 E0.02401
G1 X7.185 Y4.404 E0.11492
G1 X9.232 Y4.431 E0.10213
G1 X9.812 Y4.4 E0.02898
G1 X11.258 Y4.412 E0.07214
G1 X12.006 Y4.4 E0.03732
G1 X13.65 Y4.329 E0.0821
G1 X15.365 Y4.168 E0.08594
G1 X16.905 Y4.112 E0.07688
G1 X17.512 Y4.121 E0.03029
G1 X19.659 Y4.277 E0.1074
G1 X21.117 Y4.342 E0.07281
G1 X22.212 Y4.442 E0.05486
G0 F12000 X22.521 Y4.87
;TYPE:WALL-OUTER
G1 F1200 X22.955 Y3.061 E0.09281
G1 X23.421 Y0.018 E0.15359
G1 X23.036 Y-2.292 E0.11684
G1 X22.901 Y-2.994 E0.03566
G1 X22.3 Y-4.89 E0.09923
G1 X20.935 Y-4.8 E0.06825
G1 X19.527 Y-4.752 E0.07029
G1 X17.952 Y-4.64 E0.07878
G1 X17.371 Y-4.608 E0.02903
G1 X16.78 Y-4.6 E0.02949
G1 X15.365 Y-4.652 E0.07064
G1 X14.53 Y-4.712 E0.04177
G1 X13.633 Y-4.792 E0.04493
G1 X12.044 Y-4.884 E0.07941
G1 X11.131 Y-4.899 E0.04556
G1 X9.463 Y-4.892 E0.08322
G1 X9.02 Y-4.911 E0.02212
G1 X6.989 Y-4.899 E0.10133
G1 X6.404 Y-4.956 E0.02932
G1 X4.307 Y-4.984 E0.10463
G1 X1.777 Y-4.96 E0.12623
G1 X1.215 Y-5 E0.02811
G1 X0.662 Y-5.008 E0.02759
G1 X-2.065 Y-5.115 E0.13616
G1 X-4.943 Y-4.92 E0.14391
G1 X-7.457 Y-4.868 E0.12545
G1 X-9.449 Y-4.915 E0.09941
G1 X-9.705 Y-4.904 E0.01278
G1 X-10.909 Y-4.888 E0.06007
G1 X-12.108 Y-4.856 E0.05984
G1 X-15.217 Y-4.692 E0.15532
G1 X-16.387 Y-4.68 E0.05837
G1 X-20.424 Y-4.889 E0.20168
G1 X-21.748 Y-5.02 E0.06638
G1 X-22.155 Y-3.565 E0.07538
G1 X-22.435 Y-2.769 E0.0421
G1 X-22.536 Y-1.637 E0.0567
G1 X-22.627 Y-.112 E0.07622
G1 X-22.47 Y1.483 E0.07996
G1 X-22.343 Y2.567 E0.05445
G1 X-21.583 Y4.812 E0.11825
G1 X-20.287 Y4.716 E0.06483
G1 X-19.693 Y4.696 E0.02965
G1 X-18.923 Y4.628 E0.03856
G1 X-17.49 Y4.528 E0.07167
G1 X-16.251 Y4.492 E0.06184
G1 X-15.67 Y4.504 E0.02899
G1 X-13.54 Y4.696 E0.1067
G1 X-12.241 Y4.78 E0.06494
G1 X-10.599 Y4.844 E0.08198
G1 X-9.822 Y4.848 E0.03877
G1 X-9.642 Y4.859 E0.009
G1 X-7.777 Y4.84 E0.09305
G1 X-7.457 Y4.864 E0.01601
G1 X-5.13 Y4.929 E0.11614
G1 X-4.952 Y4.952 E0.00895
G1 X-2.378 Y5.029 E0.12847
G1 X-2.035 Y5.055 E0.01716
G1 X0.633 Y4.968 E0.13318
G1 X1.229 Y4.96 E0.02974
G1 X1.869 Y4.928 E0.03197
G1 X4.422 Y4.932 E0.12737
G1 X4.921 Y4.884 E0.02501
G1 X7.179 Y4.804 E0.11272
G1 X9.24 Y4.831 E0.10283
G1 X9.846 Y4.8 E0.03027
G1 X11.264 Y4.812 E0.07075
G1 X12.018 Y4.8 E0.03762
G1 X13.678 Y4.728 E0.0829
G1 X15.38 Y4.568 E0.08529
G1 X16.899 Y4.512 E0.07583
G1 X17.483 Y4.52 E0.02914
G1 X19.636 Y4.676 E0.1077
G1 X21.079 Y4.74 E0.07206
G1 X22.521 Y4.87 E0.07223
G0 F12000 X22.707 Y4.092
G0 X21.917 Y4.019
;TYPE:SKIN
G1 F2370.4 X21.535 Y3.94 E0.0197
G1 F2274.9 X21.729 Y2.859 E0.05781
G1 F2191.8 X21.962 Y1.341 E0.0839
G1 F2096.1 X22.104 Y-0.006 E0.07737
G1 F2016.8 X21.918 Y-1.161 E0.06946
G1 F2087 X21.705 Y-2.595 E0.08318
G1 F2258.8 X21.361 Y-3.978 E0.07554
G1 F2376.2 X21.738 Y-4.068 E0.01953
G1 F2253.5 X22.116 Y-2.799 E0.07035
G1 F2114.5 X22.24 Y-2.145 E0.03769
G1 F2033.9 X22.589 Y0.018 E0.12898
G1 F2087 X22.399 Y1.382 E0.07901
G1 F2191.8 X22.161 Y2.929 E0.08551
G1 F2274.9 X21.917 Y4.019 E0.05879
G0 F12000 X21.729 Y3.801
G1 F3600 E-1
;MESH:NONMESH
G0 F600 X21.729 Y3.801 Z18
G0 F12000 X20.357 Y3.821
G0 X12.107 Y4.031
;TIME_ELAPSED:581.607396
;LAYER:59
;TYPE:FILL
;MESH:pi 3mm.stl
G1 F3600 E1
G1 F9600 X13.741 Y3.96 E0.0816
G1 X15.382 Y3.807 E0.08222
G1 X17.472 Y3.732 E0.10434
G1 X19.699 Y3.9 E0.11142
G1 X21.475 Y3.975 E0.08868
G1 X21.714 Y2.471 E0.07598
G1 X21.955 Y0.866 E0.08097
G1 X22.035 Y0.006 E0.04309
G1 X21.758 Y-1.655 E0.08401
G1 X21.766 Y-1.655 E0.0004
G1 X21.651 Y-2.498 E0.04245
G1 X21.293 Y-4.032 E0.07859
G1 X19.599 Y-3.973 E0.08457
G1 X17.388 Y-3.822 E0.11056
G1 X17.108 Y-3.832 E0.01398
G1 X-12.199 Y4.021 E1.51371
G1 X-13.573 Y3.935 E0.06868
G1 X-14.215 Y3.876 E0.03216
G1 X-12.08 Y-4.091 E0.4115
G1 X-15.031 Y-3.94 E0.14742
G1 X-16.759 Y-3.92 E0.08622
G1 X-20.027 Y-4.084 E0.16325
G1 X-11.894 Y4.049 E0.57383
G1 X-9.936 Y4.064 E0.09769
G1 X-9.584 Y4.079 E0.01758
G1 X-7.956 Y4.064 E0.08122
G1 X-7.412 Y4.104 E0.02721
G1 X-5.317 Y4.168 E0.10457
G1 X-4.917 Y4.212 E0.02008
G1 X-2.654 Y4.282 E0.11296
G1 X-1.915 Y4.339 E0.03698
G1 X0.396 Y-4.288 E0.44558
G1 X-2.054 Y-4.381 E0.12232
G1 X-3.269 Y-4.297 E0.06076
G1 X5.146 Y4.118 E0.59372
G1 X7.166 Y4.048 E0.10084
G1 X8.923 Y4.071 E0.08766
G1 X9.971 Y4.016 E0.05236
G1 X10.593 Y4.021 E0.03103
G1 X12.763 Y-4.076 E0.41822
G1 X14.002 Y-3.997 E0.06194
G1 X21.543 Y3.545 E0.53209
G1 X21.613 Y3.615
G0 F12000 X22.255 Y4.136
G0 X22.465 Y4.425
;TYPE:WALL-INNER
G1 F3000 X22.929 Y2.502 E0.09869
G1 X23.258 Y-0.011 E0.12644
G1 X22.889 Y-2.521 E0.12657
G1 X22.277 Y-4.455 E0.1012
G1 X21.262 Y-4.392 E0.05074
G1 X19.638 Y-4.335 E0.08107
G1 X17.306 Y-4.18 E0.1166
G1 X15.413 Y-4.249 E0.0945
G1 X13.669 Y-4.383 E0.08726
G1 X12.17 Y-4.471 E0.07491
G1 X9.309 Y-4.468 E0.14274
G1 X8.612 Y-4.499 E0.03481
G1 X6.845 Y-4.491 E0.08816
G1 X6.069 Y-4.572 E0.03893
G1 X4.302 Y-4.592 E0.08816
G1 X2.093 Y-4.572 E0.11021
G1 X1.194 Y-4.64 E0.04498
G1 X0.32 Y-4.648 E0.04361
G1 X-2.059 Y-4.743 E0.11878
G1 X-4.852 Y-4.55 E0.13968
G1 X-5.171 Y-4.517 E0.016
G1 X-7.428 Y-4.468 E0.11263
G1 X-9.154 Y-4.511 E0.08614
G1 X-10.067 Y-4.472 E0.04559
G1 X-11.97 Y-4.456 E0.09494
G1 X-15.021 Y-4.3 E0.15241
G1 X-16.775 Y-4.28 E0.08751
G1 X-20.736 Y-4.482 E0.19787
G1 X-21.683 Y-4.576 E0.04748
G1 X-21.926 Y-3.698 E0.04545
G1 X-22.293 Y-2.67 E0.05446
G1 X-22.425 Y-1.196 E0.07383
G1 X-22.486 Y-.12 E0.05377
G1 X-22.376 Y1.027 E0.05749
G1 X-22.207 Y2.461 E0.07204
G1 X-21.554 Y4.375 E0.10089
G1 X-20.572 Y4.304 E0.04912
G1 X-19.725 Y4.277 E0.04228
G1 X-18.589 Y4.175 E0.0569
G1 X-17.543 Y4.104 E0.05231
G1 X-16.593 Y4.076 E0.04742
G1 X-15.484 Y4.118 E0.05537
G1 X-13.597 Y4.293 E0.09455
G1 X-12.101 Y4.388 E0.07479
G1 X-11.474 Y4.412 E0.0313
G1 X-9.941 Y4.424 E0.07648
G1 X-9.601 Y4.439 E0.01698
G1 X-7.964 Y4.424 E0.08167
G1 X-7.424 Y4.464 E0.02701
G1 X-5.345 Y4.527 E0.10377
G1 X-4.937 Y4.572 E0.02048
G1 X-2.677 Y4.641 E0.1128
G1 X-2.038 Y4.691 E0.03198
G1 X0.387 Y4.614 E0.12104
G1 X1.206 Y4.6 E0.04087
G1 X2.167 Y4.548 E0.04801
G1 X4.402 Y4.555 E0.11151
G1 X5.183 Y4.476 E0.03916
G1 X7.161 Y4.408 E0.09874
G1 X8.927 Y4.431 E0.08811
G1 X9.943 Y4.376 E0.05076
G1 X12.125 Y4.391 E0.10886
G1 X13.751 Y4.321 E0.0812
G1 X15.417 Y4.165 E0.08348
G1 X17.478 Y4.093 E0.10289
G1 X19.688 Y4.26 E0.11057
G1 X21.421 Y4.334 E0.08654
G1 X22.465 Y4.425 E0.05228
G0 F12000 X22.773 Y4.853
;TYPE:WALL-OUTER
G1 F1200 X23.323 Y2.575 E0.11692
G1 X23.662 Y-0.014 E0.13027
G1 X23.28 Y-2.611 E0.13096
G1 X22.564 Y-4.874 E0.11842
G1 X21.248 Y-4.792 E0.06578
G1 X19.563 Y-4.732 E0.08412
G1 X17.342 Y-4.58 E0.11107
G1 X15.444 Y-4.648 E0.09475
G1 X13.734 Y-4.78 E0.08557
G1 X12.182 Y-4.871 E0.07756
G1 X9.327 Y-4.868 E0.14244
G1 X8.62 Y-4.899 E0.03531
G1 X6.887 Y-4.889 E0.08646
G1 X6.092 Y-4.972 E0.03988
G1 X4.298 Y-4.992 E0.08951
G1 X2.1 Y-4.972 E0.10966
G1 X1.211 Y-5.04 E0.04448
G1 X0.336 Y-5.048 E0.04366
G1 X-2.065 Y-5.143 E0.11988
G1 X-4.8 Y-4.955 E0.13677
G1 X-5.207 Y-4.916 E0.0204
G1 X-7.418 Y-4.868 E0.11033
G1 X-9.158 Y-4.911 E0.08684
G1 X-10.07 Y-4.872 E0.04554
G1 X-11.982 Y-4.856 E0.09539
G1 X-15.049 Y-4.7 E0.15321
G1 X-16.755 Y-4.68 E0.08512
G1 X-20.696 Y-4.88 E0.19687
G1 X-21.979 Y-5.008 E0.06433
G1 X-22.303 Y-3.832 E0.06086
G1 X-22.687 Y-2.756 E0.057
G1 X-22.824 Y-1.225 E0.07669
G1 X-22.887 Y-.112 E0.05562
G1 X-22.769 Y1.107 E0.0611
G1 X-22.599 Y2.551 E0.07254
G1 X-22.222 Y3.636 E0.05731
G1 X-21.835 Y4.797 E0.06106
G1 X-20.559 Y4.704 E0.06383
G1 X-19.701 Y4.676 E0.04283
G1 X-18.562 Y4.574 E0.05705
G1 X-17.531 Y4.504 E0.05156
G1 X-16.608 Y4.476 E0.04607
G1 X-15.521 Y4.516 E0.05427
G1 X-13.628 Y4.692 E0.09485
G1 X-12.121 Y4.788 E0.07534
G1 X-11.483 Y4.812 E0.03185
G1 X-9.959 Y4.824 E0.07604
G1 X-9.608 Y4.839 E0.01753
G1 X-7.964 Y4.824 E0.08202
G1 X-7.445 Y4.864 E0.02597
G1 X-5.389 Y4.925 E0.10262
G1 X-4.965 Y4.972 E0.02128
G1 X-2.708 Y5.04 E0.11265
G1 X-2.047 Y5.091 E0.03308
G1 X0.394 Y5.014 E0.12184
G1 X1.22 Y5 E0.04122
G1 X2.201 Y4.948 E0.04901
G1 X4.422 Y4.955 E0.11081
G1 X5.197 Y4.876 E0.03887
G1 X7.155 Y4.808 E0.09774
G1 X8.935 Y4.831 E0.08881
G1 X9.978 Y4.776 E0.05211
G1 X12.132 Y4.791 E0.10747
G1 X13.778 Y4.72 E0.0822
G1 X15.456 Y4.564 E0.08408
G1 X17.448 Y4.492 E0.09945
G1 X19.664 Y4.66 E0.11087
G1 X21.386 Y4.732 E0.08599
G1 X22.773 Y4.853 E0.06946
G0 F12000 X22.96 Y4.076
G0 X22.273 Y3.576
;TYPE:SKIN
G1 F2376.2 X21.894 Y3.5 E0.01948
G1 F2264.2 X22.094 Y2.345 E0.06199
G1 F2201.8 X22.304 Y0.929 E0.07784
G1 F2191.8 X22.396 Y-0.004 E0.05122
G1 F2119.2 X22.155 Y-1.524 E0.08695
G1 X22.019 Y-2.493 E0.05529
G1 F2258.8 X21.76 Y-3.528 E0.05656
G1 F2382.1 X22.134 Y-3.631 E0.0195
G1 F2237.8 X22.486 Y-2.433 E0.06681
G1 F2128.6 X22.846 Y-0.006 E0.13802
G1 F2191.8 X22.73 Y0.962 E0.05326
G1 F2201.8 X22.532 Y2.419 E0.07996
G1 F2264.2 X22.273 Y3.576 E0.0627
G0 F12000 X22.069 Y3.527
G1 F3600 E-1
;MESH:NONMESH
G0 F600 X22.069 Y3.527 Z18.3
G0 F12000 X-12.305 Y-4.074
;TIME_ELAPSED:591.475858
;LAYER:60
;TYPE:FILL
;MESH:pi 3mm.stl
G1 F3600 E1
G1 F9600 X-14.43 Y3.858 E0.40968
G1 X-13.671 Y3.93 E0.03804
G1 X-12.266 Y4.02 E0.07024
G1 X-11.616 Y4.026 E0.03243
G1 X-19.687 Y-4.045 E0.56945
G1 X-17.172 Y-3.917 E0.12564
G1 X-14.835 Y-3.948 E0.1166
G1 X-12.408 Y-4.072 E0.12124
G1 X-10.222 Y-4.088 E0.10906
G1 X-9.602 Y-4.104 E0.03094
G1 X-8.871 Y-4.143 E0.03652
G1 X-7.431 Y-4.108 E0.07186
G1 X-5.412 Y-4.149 E0.10075
G1 X-4.841 Y-4.214 E0.02867
G1 X-3.012 Y-4.342 E0.09147
G1 X5.441 Y4.112 E0.59644
G1 X7.146 Y4.052 E0.08512
G1 X8.594 Y4.071 E0.07225
G1 X10.385 Y3.977 E0.08948
G1 X12.543 Y-4.078 E0.41604
G1 X11.196 Y-4.087 E0.0672
G1 X9.169 Y-4.084 E0.10113
G1 X8.196 Y-4.127 E0.04859
G1 X6.741 Y-4.124 E0.07259
G1 X5.75 Y-4.224 E0.04969
G1 X4.29 Y-4.24 E0.07284
G1 X2.404 Y-4.224 E0.0941
G1 X1.175 Y-4.316 E0.06149
G1 X0.186 Y-4.326 E0.04934
G1 X-2.141 Y4.359 E0.44858
G1 X-2.97 Y4.294 E0.04149
G1 X-4.93 Y4.232 E0.09783
G1 X-5.577 Y4.16 E0.03248
G1 X-7.403 Y4.108 E0.09114
G1 X-8.145 Y4.052 E0.03712
G1 X-9.544 Y4.063 E0.0698
G1 X-10.063 Y4.04 E0.02592
G1 X-11.4 Y4.028 E0.06671
G1 X17.94 Y-3.834 E1.51542
G1 X17.652 Y-3.814 E0.0144
G1 X15.472 Y-3.887 E0.10882
G1 X14.328 Y-3.972 E0.05723
G1 X22.317 Y4.017 E0.56367
G1 X21.753 Y3.971 E0.02823
G1 X19.733 Y3.881 E0.10088
G1 X17.602 Y3.724 E0.1066
G1 X15.501 Y3.801 E0.10489
G1 X13.864 Y3.948 E0.082
G1 X12.711 Y4 E0.05758
G1 X12.612 Y4.004
G1 F3600 E-1
G0 F12000 X17.647 Y3.845
G0 X22.509 Y4.12
G0 X22.716 Y4.411
;TYPE:WALL-INNER
G1 F3600 E1
G1 F3000 X23.139 Y2.482 E0.09852
G1 X23.454 Y-0.017 E0.12566
G1 X23.14 Y-2.158 E0.10796
G1 X23.038 Y-2.787 E0.03179
G1 X22.532 Y-4.442 E0.08634
G1 X21.573 Y-4.38 E0.04794
G1 X19.564 Y-4.309 E0.10029
G1 X17.57 Y-4.172 E0.09972
G1 X15.498 Y-4.245 E0.10344
G1 X13.772 Y-4.374 E0.08635
G1 X12.74 Y-4.436 E0.05158
G1 X11.198 Y-4.447 E0.07693
G1 X9.172 Y-4.444 E0.10108
G1 X8.216 Y-4.487 E0.04774
G1 X6.767 Y-4.483 E0.07229
G1 X5.77 Y-4.584 E0.05
G1 X4.288 Y-4.6 E0.07394
G1 X2.414 Y-4.584 E0.0935
G1 X1.186 Y-4.676 E0.06144
G1 X-0.017 Y-4.688 E0.06002
G1 X-2.059 Y-4.771 E0.10196
G1 X-4.861 Y-4.574 E0.14014
G1 X-5.439 Y-4.509 E0.02902
G1 X-7.427 Y-4.468 E0.0992
G1 X-8.871 Y-4.503 E0.07206
G1 X-9.619 Y-4.464 E0.03737
G1 X-10.223 Y-4.448 E0.03014
G1 X-12.414 Y-4.432 E0.10931
G1 X-14.857 Y-4.308 E0.12204
G1 X-17.149 Y-4.276 E0.11436
G1 X-19.833 Y-4.42 E0.1341
G1 X-21.008 Y-4.474 E0.05868
G1 X-21.914 Y-4.561 E0.04541
G1 X-22.077 Y-3.971 E0.03054
G1 X-22.544 Y-2.655 E0.06967
G1 X-22.709 Y-.783 E0.09376
G1 X-22.75 Y-.119 E0.03319
G1 X-22.679 Y0.605 E0.03629
G1 X-22.463 Y2.445 E0.09243
G1 X-21.806 Y4.359 E0.10096
G1 X-20.844 Y4.288 E0.04812
G1 X-19.732 Y4.252 E0.05551
G1 X-17.614 Y4.077 E0.10603
G1 X-16.953 Y4.06 E0.03299
G1 X-15.539 Y4.114 E0.0706
G1 X-13.696 Y4.289 E0.09236
G1 X-12.282 Y4.38 E0.07069
G1 X-10.068 Y4.4 E0.11046
G1 X-9.56 Y4.423 E0.02537
G1 X-8.121 Y4.413 E0.07179
G1 X-7.416 Y4.468 E0.03528
G1 X-5.605 Y4.519 E0.09039
G1 X-4.949 Y4.592 E0.03293
G1 X-2.993 Y4.653 E0.09763
G1 X-2.042 Y4.727 E0.04759
G1 X-0.036 Y4.659 E0.10014
G1 X1.199 Y4.644 E0.06162
G1 X2.499 Y4.572 E0.06496
G1 X4.398 Y4.576 E0.09474
G1 X5.442 Y4.472 E0.05234
G1 X7.141 Y4.412 E0.08482
G1 X8.596 Y4.431 E0.0726
G1 X10.076 Y4.352 E0.07394
G1 X11.87 Y4.368 E0.08951
G1 X12.732 Y4.36 E0.04301
G1 X13.875 Y4.309 E0.05708
G1 X15.498 Y4.161 E0.08131
G1 X17.674 Y4.085 E0.10863
G1 X19.72 Y4.24 E0.10237
G1 X21.726 Y4.33 E0.10018
G1 X22.716 Y4.411 E0.04956
G0 F12000 X23.025 Y4.838
;TYPE:WALL-OUTER
G1 F1200 X23.157 Y4.289 E0.02817
G1 X23.534 Y2.55 E0.08877
G1 X23.858 Y-0.021 E0.12928
G1 X23.535 Y-2.222 E0.11098
G1 X23.428 Y-2.878 E0.03316
G1 X22.822 Y-4.862 E0.1035
G1 X21.559 Y-4.78 E0.06314
G1 X19.603 Y-4.712 E0.09764
G1 X17.584 Y-4.572 E0.10097
G1 X15.528 Y-4.644 E0.10264
G1 X13.796 Y-4.774 E0.08665
G1 X12.753 Y-4.836 E0.05213
G1 X11.197 Y-4.847 E0.07763
G1 X9.19 Y-4.844 E0.10013
G1 X8.224 Y-4.887 E0.04824
G1 X6.807 Y-4.881 E0.0707
G1 X5.792 Y-4.984 E0.0509
G1 X4.285 Y-5 E0.07519
G1 X2.421 Y-4.984 E0.093
G1 X1.203 Y-5.076 E0.06094
G1 X-0.001 Y-5.088 E0.06007
G1 X-2.065 Y-5.171 E0.10306
G1 X-4.897 Y-4.972 E0.14164
G1 X-5.475 Y-4.908 E0.02901
G1 X-7.417 Y-4.868 E0.09691
G1 X-8.877 Y-4.903 E0.07286
G1 X-9.63 Y-4.864 E0.03762
G1 X-10.226 Y-4.848 E0.02975
G1 X-12.426 Y-4.832 E0.10976
G1 X-14.885 Y-4.708 E0.12284
G1 X-17.127 Y-4.676 E0.11187
G1 X-19.815 Y-4.82 E0.1343
G1 X-20.968 Y-4.872 E0.05758
G1 X-22.21 Y-4.995 E0.06227
G1 X-22.45 Y-4.119 E0.04531
G1 X-22.938 Y-2.741 E0.07293
G1 X-23.108 Y-.813 E0.09656
G1 X-23.151 Y-.112 E0.03504
G1 X-23.076 Y0.651 E0.03825
G1 X-22.855 Y2.535 E0.09464
G1 X-22.087 Y4.781 E0.11842
G1 X-20.831 Y4.688 E0.06283
G1 X-19.708 Y4.652 E0.05606
G1 X-17.574 Y4.476 E0.10683
G1 X-16.968 Y4.46 E0.03024
G1 X-15.577 Y4.512 E0.06945
G1 X-13.728 Y4.688 E0.09266
G1 X-12.296 Y4.78 E0.07159
G1 X-10.086 Y4.8 E0.11026
G1 X-9.568 Y4.823 E0.02587
G1 X-8.152 Y4.812 E0.07065
G1 X-7.437 Y4.868 E0.03578
G1 X-5.649 Y4.917 E0.08924
G1 X-4.977 Y4.992 E0.03373
G1 X-3.024 Y5.052 E0.09748
G1 X-2.051 Y5.127 E0.04869
G1 X-0.031 Y5.059 E0.10084
G1 X1.213 Y5.044 E0.06207
G1 X2.533 Y4.972 E0.06595
G1 X4.418 Y4.976 E0.09404
G1 X5.456 Y4.872 E0.05205
G1 X7.135 Y4.812 E0.08382
G1 X8.604 Y4.831 E0.07329
G1 X10.11 Y4.752 E0.07524
G1 X11.874 Y4.768 E0.08801
G1 X12.742 Y4.76 E0.04331
G1 X13.902 Y4.708 E0.05793
G1 X15.541 Y4.56 E0.0821
G1 X17.644 Y4.484 E0.10499
G1 X19.696 Y4.64 E0.10267
G1 X21.693 Y4.728 E0.09973
G1 X23.025 Y4.838 E0.06668
G0 F12000 X23.157 Y4.289
G0 X23.206 Y4.06
G0 X22.24 Y3.772
G1 F3600 E-1
;MESH:NONMESH
G0 F600 X22.24 Y3.772 Z18.6
G0 F12000 X-10.512 Y4.009
;TIME_ELAPSED:601.125379
;LAYER:61
;TYPE:FILL
;MESH:pi 3mm.stl
G1 F3600 E1
G1 F9600 X6.157 Y-.457 E0.86095
G1 X6.396 Y-0.013 E0.02516
G1 X5.174 Y2.361 E0.13321
G1 X5.387 Y3.514 E0.0585
G1 X5.111 Y3.482 E0.01386
G1 X-2.754 Y-4.383 E0.55492
G1 X-2.053 Y-4.433 E0.03506
G1 X-0.026 Y-4.356 E0.1012
G1 X-2.366 Y4.378 E0.45111
G1 X-3.282 Y4.306 E0.04584
G1 X-4.934 Y4.253 E0.08246
G1 X-5.832 Y4.156 E0.04506
G1 X-7.387 Y4.108 E0.07762
G1 X-8.328 Y4.036 E0.04708
G1 X-9.521 Y4.047 E0.05952
G1 X-10.174 Y4.013 E0.03262
G1 X-11.341 Y4 E0.05823
G1 X-19.355 Y-4.014 E0.56543
G1 X-17.537 Y-3.917 E0.09083
G1 X-14.683 Y-3.956 E0.1424
G1 X-12.527 Y-4.062 E0.10769
G1 X-14.644 Y3.838 E0.40804
G1 X-15.611 Y3.745 E0.04847
G1 X-17.513 Y3.681 E0.09494
G1 X-19.763 Y3.868 E0.11264
G1 X-21.137 Y3.916 E0.06859
G1 X-21.236 Y3.919
G1 F3600 E-1
G0 F12000 X-18.201 Y3.824
G0 X13.319 Y3.972
G1 F3600 E1
G1 F9600 X13.945 Y3.944 E0.03126
G1 X15.575 Y3.797 E0.08165
G1 X17.786 Y3.716 E0.11038
G1 X19.766 Y3.861 E0.09905
G1 X22.592 Y3.992 E0.14114
G1 X14.653 Y-3.946 E0.5601
G1 X13.298 Y-4.04 E0.06776
G1 X12.315 Y-4.046 E0.04904
G1 X10.167 Y3.97 E0.41403
G1 X9.08 Y4.027 E0.05431
G1 X9.024 Y3.586 E0.02218
G1 X9.506 Y3.487 E0.02455
G1 X9.836 Y2.531 E0.05046
G1 X9.797 Y0.959 E0.07845
G1 X8.232 Y0.247 E0.08578
G1 X8.293 Y-.117 E0.01841
G1 X8.464 Y-.132 E0.00856
G1 X9.847 Y-.82 E0.07706
G1 X9.897 Y-1.459 E0.03198
G1 X18.936 Y-3.881 E0.46687
G1 X19.624 Y-3.928 E0.0344
G1 X21.997 Y-4.016 E0.11847
G1 X22.509 Y-4.048 E0.02559
G1 X22.833 Y-2.976 E0.05587
G1 X22.949 Y-2.456 E0.02658
G1 X23.03 Y-1.742 E0.03585
G1 X23.282 Y-0.013 E0.08717
G1 X23.055 Y1.752 E0.08878
G1 X22.971 Y2.552 E0.04013
G1 X22.58 Y4.007 E0.07517
G1 X22.555 Y4.103
G0 F12000 X22.931 Y4.395
;TYPE:WALL-INNER
G1 F3000 X23.342 Y2.474 E0.09801
G1 X23.412 Y1.791 E0.03425
G1 X23.646 Y-0.018 E0.091
G1 X23.387 Y-1.779 E0.0888
G1 X23.303 Y-2.517 E0.03706
G1 X23.183 Y-3.064 E0.02794
G1 X22.771 Y-4.426 E0.07099
G1 X21.978 Y-4.376 E0.03964
G1 X19.604 Y-4.289 E0.11852
G1 X17.838 Y-4.165 E0.08832
G1 X15.582 Y-4.237 E0.11261
G1 X13.87 Y-4.366 E0.08565
G1 X13.309 Y-4.4 E0.02804
G1 X11.545 Y-4.408 E0.08801
G1 X10.631 Y-4.424 E0.04561
G1 X9.036 Y-4.42 E0.07958
G1 X7.816 Y-4.475 E0.06093
G1 X6.687 Y-4.471 E0.05633
G1 X5.445 Y-4.596 E0.06228
G1 X4.261 Y-4.611 E0.05907
G1 X2.735 Y-4.596 E0.07614
G1 X1.182 Y-4.712 E0.0777
G1 X-.366 Y-4.729 E0.07723
G1 X-2.058 Y-4.795 E0.08448
G1 X-4.873 Y-4.598 E0.14078
G1 X-5.706 Y-4.505 E0.04182
G1 X-7.408 Y-4.468 E0.08493
G1 X-8.591 Y-4.499 E0.05904
G1 X-9.584 Y-4.444 E0.04962
G1 X-10.372 Y-4.424 E0.03933
G1 X-11.864 Y-4.416 E0.07444
G1 X-12.116 Y-4.404 E0.01259
G1 X-12.921 Y-4.404 E0.04016
G1 X-14.69 Y-4.316 E0.08836
G1 X-17.517 Y-4.276 E0.14105
G1 X-19.838 Y-4.4 E0.11596
G1 X-21.279 Y-4.466 E0.07197
G1 X-22.122 Y-4.538 E0.04221
G1 X-22.793 Y-2.642 E0.10034
G1 X-23.016 Y-.16 E0.12433
G1 X-22.719 Y2.43 E0.13006
G1 X-22.062 Y4.344 E0.10096
G1 X-21.117 Y4.276 E0.04727
G1 X-19.744 Y4.228 E0.06854
G1 X-17.499 Y4.041 E0.11239
G1 X-15.59 Y4.107 E0.0953
G1 X-14.551 Y4.213 E0.0521
G1 X-13.77 Y4.281 E0.03911
G1 X-12.793 Y4.344 E0.04884
G1 X-10.196 Y4.372 E0.12957
G1 X-9.523 Y4.407 E0.03362
G1 X-8.305 Y4.397 E0.06077
G1 X-7.403 Y4.468 E0.04514
G1 X-5.863 Y4.515 E0.07687
G1 X-4.962 Y4.613 E0.04522
G1 X-3.305 Y4.665 E0.08271
G1 X-2.051 Y4.763 E0.06275
G1 X-.368 Y4.704 E0.08402
G1 X1.195 Y4.684 E0.07798
G1 X2.834 Y4.592 E0.0819
G1 X4.394 Y4.595 E0.07783
G1 X5.684 Y4.465 E0.06468
G1 X7.117 Y4.416 E0.07153
G1 X8.274 Y4.431 E0.05773
G1 X10.211 Y4.328 E0.09677
G1 X11.779 Y4.344 E0.07823
G1 X13.34 Y4.332 E0.07788
G1 X13.955 Y4.305 E0.03071
G1 X15.578 Y4.157 E0.08131
G1 X17.858 Y4.077 E0.11382
G1 X19.753 Y4.221 E0.09481
G1 X22.113 Y4.329 E0.11786
G1 X22.931 Y4.395 E0.04094
G0 F12000 X23.249 Y4.822
;TYPE:WALL-OUTER
G1 F1200 X23.738 Y2.536 E0.11663
G1 X23.809 Y1.842 E0.0348
G1 X24.05 Y-0.022 E0.09377
G1 X23.785 Y-1.825 E0.09092
G1 X23.698 Y-2.583 E0.03807
G1 X23.57 Y-3.165 E0.02973
G1 X23.062 Y-4.846 E0.08761
G1 X21.964 Y-4.776 E0.05489
G1 X19.643 Y-4.692 E0.11587
G1 X17.789 Y-4.564 E0.09272
G1 X15.612 Y-4.636 E0.10867
G1 X13.934 Y-4.764 E0.08396
G1 X13.321 Y-4.8 E0.03064
G1 X11.552 Y-4.808 E0.08826
G1 X10.63 Y-4.824 E0.04601
G1 X9.054 Y-4.82 E0.07863
G1 X7.824 Y-4.875 E0.06143
G1 X6.727 Y-4.869 E0.05473
G1 X5.468 Y-4.996 E0.06313
G1 X4.257 Y-5.011 E0.06042
G1 X2.741 Y-4.996 E0.07564
G1 X1.199 Y-5.112 E0.07715
G1 X-.35 Y-5.129 E0.07728
G1 X-2.064 Y-5.195 E0.08558
G1 X-4.909 Y-4.996 E0.14228
G1 X-5.734 Y-4.904 E0.04141
G1 X-7.398 Y-4.868 E0.08304
G1 X-8.597 Y-4.899 E0.05984
G1 X-9.594 Y-4.844 E0.04982
G1 X-10.374 Y-4.824 E0.03893
G1 X-11.874 Y-4.816 E0.07484
G1 X-12.144 Y-4.804 E0.01348
G1 X-12.931 Y-4.804 E0.03926
G1 X-14.717 Y-4.716 E0.08921
G1 X-17.495 Y-4.676 E0.13861
G1 X-19.82 Y-4.8 E0.11616
G1 X-21.24 Y-4.864 E0.07092
G1 X-21.813 Y-4.92 E0.02872
G1 X-22.442 Y-4.961 E0.03145
G1 X-22.603 Y-4.377 E0.03022
G1 X-23.187 Y-2.728 E0.08728
G1 X-23.418 Y-.155 E0.12888
G1 X-23.111 Y2.519 E0.13428
G1 X-22.34 Y4.765 E0.11847
G1 X-21.103 Y4.676 E0.06187
G1 X-19.72 Y4.628 E0.06904
G1 X-17.476 Y4.44 E0.11235
G1 X-15.631 Y4.505 E0.0921
G1 X-14.586 Y4.611 E0.0524
G1 X-13.8 Y4.68 E0.03936
G1 X-12.808 Y4.744 E0.04959
G1 X-10.217 Y4.772 E0.12927
G1 X-9.531 Y4.807 E0.03427
G1 X-8.336 Y4.796 E0.05962
G1 X-7.425 Y4.868 E0.04559
G1 X-5.906 Y4.913 E0.07582
G1 X-4.99 Y5.012 E0.04597
G1 X-3.336 Y5.064 E0.08256
G1 X-2.059 Y5.163 E0.0639
G1 X-.363 Y5.104 E0.08466
G1 X1.209 Y5.084 E0.07843
G1 X2.869 Y4.992 E0.08294
G1 X4.414 Y4.995 E0.07708
G1 X5.721 Y4.864 E0.06553
G1 X7.111 Y4.816 E0.06939
G1 X8.283 Y4.831 E0.05848
G1 X10.243 Y4.728 E0.09792
G1 X11.782 Y4.744 E0.07679
G1 X13.35 Y4.732 E0.07823
G1 X13.982 Y4.704 E0.03156
G1 X15.616 Y4.556 E0.08185
G1 X17.828 Y4.476 E0.11043
G1 X19.729 Y4.62 E0.09511
G1 X22.081 Y4.728 E0.11747
G1 X23.249 Y4.822 E0.05846
G0 F12000 X23.416 Y4.04
G1 F3600 E-1
G0 F12000 X22.736 Y3.895
G0 X18.765 Y3.849
G0 X5.834 Y4.078
;TYPE:SKIN
G1 F3600 E1
G1 F2400 X5.53 Y2.412 E0.08449
G1 X6.578 Y0.377 E0.1142
G1 X8.144 Y0.579 E0.07878
G1 X9.462 Y1.179 E0.07225
G1 X9.491 Y2.472 E0.06452
G1 X9.244 Y3.191 E0.03793
G1 X8.02 Y3.446 E0.06238
G1 X7.945 Y3.5 E0.00461
G1 X7.896 Y3.632 E0.00702
G1 X7.896 Y4.042 E0.02045
G1 X7.122 Y4.036 E0.03862
G1 X5.834 Y4.078 E0.06429
G1 F3600 E-1
G0 F12000 X8.801 Y3.078
G1 F3600 E1
G1 F2400 X9.212 Y2.667 E0.029
G0 F12000 X9.281 Y2.033
G1 F2400 X8.089 Y3.224 E0.08407
G0 F12000 X7.721 Y3.593
G1 F2400 X7.475 Y3.839 E0.01736
G0 F12000 X6.905 Y3.843
G1 F2400 X9.269 Y1.479 E0.16679
G0 F12000 X8.997 Y1.186
G1 F2400 X6.32 Y3.862 E0.18884
G0 F12000 X5.961 Y3.656
G1 F2400 X8.608 Y1.009 E0.18676
G0 F12000 X8.219 Y0.832
G1 F2400 X5.874 Y3.177 E0.16545
G0 F12000 X5.786 Y2.699
G1 F2400 X7.756 Y0.73 E0.13896
G0 F12000 X7.254 Y0.665
G1 F2400 X6.019 Y1.901 E0.08717
G1 X5.949 Y1.971
G0 F12000 X6.619 Y0.735
G1 F2400 X6.753 Y0.601 E0.00945
G1 F3600 E-1
G0 F12000 X3.587 Y-4.222
G1 F3600 E1
G1 F2400 X4.258 Y-4.227 E0.03348
G1 X5.421 Y-4.216 E0.05802
G1 X6.652 Y-4.093 E0.06172
G1 X7.803 Y-4.091 E0.05742
G1 X9.294 Y-4.026 E0.07446
G1 X9.634 Y-2.525 E0.07678
G1 X9.521 Y-1.037 E0.07445
G1 X8.372 Y-.464 E0.06406
G1 X6.626 Y-.307 E0.08746
G1 X5.58 Y-2.252 E0.11018
G1 X3.587 Y-4.222 E0.13981
G0 F12000 X4.332 Y-3.766
G1 F2400 X4.587 Y-4.021 E0.01799
G0 F12000 X4.616 Y-3.485
G1 F2400 X5.149 Y-4.018 E0.03761
G0 F12000 X5.686 Y-3.989
G1 F2400 X4.9 Y-3.202 E0.05549
G0 F12000 X5.184 Y-2.921
G1 F2400 X6.2 Y-3.937 E0.07168
G0 F12000 X6.722 Y-3.894
G1 F2400 X5.468 Y-2.64 E0.08848
G0 F12000 X5.749 Y-2.355
G1 F2400 X7.287 Y-3.893 E0.10851
G0 F12000 X7.849 Y-3.889
G1 F2400 X5.948 Y-1.988 E0.13413
G0 F12000 X6.146 Y-1.621
G1 F2400 X8.391 Y-3.866 E0.1584
G0 F12000 X8.933 Y-3.842
G1 F2400 X6.344 Y-1.253 E0.18267
G0 F12000 X6.542 Y-.885
G1 F2400 X9.198 Y-3.541 E0.1874
G0 F12000 X9.303 Y-3.08
G1 F2400 X6.74 Y-.518 E0.1808
G0 F12000 X7.362 Y-.573
G1 F2400 X9.407 Y-2.618 E0.14429
G0 F12000 X9.397 Y-2.043
G1 F2400 X7.984 Y-.63 E0.09969
G1 X7.914 Y-.56
G0 F12000 X8.84 Y-.921
G1 F2400 X9.35 Y-1.43 E0.03595
G1 F3600 E-1
G0 F12000 X3.801 Y4.191
G1 F3600 E1
G1 F2176.9 X4.188 Y3.737 E0.03281
G1 F2186.8 X5.131 Y3.847 E0.05198
G1 F2196.8 X5.127 Y4.118 E0.01477
G1 X4.369 Y4.194 E0.04152
G1 F2186.8 X3.801 Y4.191 E0.0311
G0 F12000 X3.802 Y3.997
G1 F3600 E-1
;MESH:NONMESH
G0 F600 X3.802 Y3.997 Z18.9
G0 F12000 X-5.41 Y2.862
;TIME_ELAPSED:614.356529
;LAYER:62
;TYPE:FILL
;MESH:pi 3mm.stl
G1 F3600 E1
G1 F9600 X2.402 Y0.768 E0.4035
G1 X3.23 Y1.03 E0.04333
G1 X3.37 Y0.723 E0.01683
G1 X2.504 Y0.449 E0.04532
G1 X-.462 Y-2.391 E0.20487
G1 X-.743 Y-3.438 E0.05408
G1 X-1.121 Y-3.514 E0.01924
G1 X-.795 Y-2.302 E0.06262
G1 X-2.314 Y3.365 E0.29271
G1 X-4.071 Y2.857 E0.09125
G1 X-5.082 Y3.003 E0.05096
G1 X-7.386 Y2.007 E0.12523
G1 X-7.797 Y2.149 E0.02169
G1 X-8.428 Y1.999 E0.03236
G1 X-7.342 Y0.006 E0.11323
G1 X-8.524 Y-2.225 E0.12596
G1 X-7.028 Y-3.216 E0.08953
G1 X-5.762 Y-3.618 E0.06627
G1 X-5.849 Y-4.15 E0.02689
G1 X-5.064 Y-4.239 E0.03941
G1 X-4.965 Y-4.25
G1 F3600 E-1
G0 F12000 X-14.86 Y3.824
G1 F3600 E1
G1 F9600 X-12.758 Y-4.02 E0.40515
G1 X-13.419 Y-4.02 E0.03298
G1 X-14.503 Y-3.964 E0.05415
G1 X-17.902 Y-3.917 E0.16959
G1 X-19.018 Y-3.976 E0.05576
G1 X-11.062 Y3.98 E0.56134
G1 X-13.286 Y3.952 E0.11096
G1 X-14.39 Y3.872 E0.05522
G1 X-15.668 Y3.741 E0.06409
G1 X-17.663 Y3.672 E0.09959
G1 X-19.772 Y3.844 E0.10557
G1 X-21.411 Y3.9 E0.08182
G1 X-21.51 Y3.903
G1 F3600 E-1
G0 F12000 X19.915 Y-3.924
G1 F3600 E1
G1 F9600 X11.179 Y-1.583 E0.45122
G1 X11.225 Y-2.496 E0.04561
G1 X11.043 Y-3.304 E0.04132
G1 X10.785 Y-4.022 E0.03806
G1 X12.086 Y-4.011 E0.06491
G1 X11.117 Y-.395 E0.18677
G1 X11.07 Y-0.02 E0.01886
G1 X11.088 Y0.862 E0.04401
G1 X11.15 Y2.529 E0.08322
G1 X10.476 Y3.947 E0.07833
G1 X11.682 Y3.956 E0.06017
G1 X14.071 Y3.932 E0.11919
G1 X15.616 Y3.795 E0.07738
G1 X17.347 Y3.732 E0.08642
G1 X18.439 Y3.742 E0.05448
G1 X19.792 Y3.841 E0.06768
G1 X22.375 Y3.955 E0.12899
G1 X23.461 Y-.1 E0.20943
G1 X23.474 Y-0.016 E0.00424
G1 X23.299 Y1.357 E0.06905
G1 X23.189 Y2.41 E0.05282
G1 X22.862 Y3.963 E0.07918
G1 X14.977 Y-3.922 E0.55633
G1 X15.669 Y-3.872 E0.03461
G1 X17.236 Y-3.82 E0.07822
G1 X18.313 Y-3.816 E0.05373
G1 X19.712 Y-3.917 E0.06998
G1 X21.962 Y-3.992 E0.11232
G1 X22.061 Y-3.995
G1 F3600 E-1
G0 F12000 X22.925 Y4.087
G0 X23.141 Y4.377
;TYPE:WALL-INNER
G1 F3600 E1
G1 F3000 X23.546 Y2.462 E0.09765
G1 X23.656 Y1.395 E0.05351
G1 X23.838 Y-0.022 E0.07128
G1 X23.635 Y-1.393 E0.06915
G1 X23.511 Y-2.506 E0.05587
G1 X23.326 Y-3.344 E0.04281
G1 X23.005 Y-4.413 E0.05569
G1 X21.925 Y-4.352 E0.05397
G1 X19.7 Y-4.276 E0.11107
G1 X18.332 Y-4.177 E0.06843
G1 X17.239 Y-4.18 E0.05453
G1 X15.668 Y-4.233 E0.07842
G1 X13.873 Y-4.364 E0.08979
G1 X11.372 Y-4.372 E0.12478
G1 X10.1 Y-4.396 E0.06347
G1 X8.9 Y-4.396 E0.05987
G1 X7.415 Y-4.463 E0.07416
G1 X6.607 Y-4.463 E0.04031
G1 X5.134 Y-4.612 E0.07386
G1 X4.257 Y-4.62 E0.04376
G1 X3.061 Y-4.608 E0.05967
G1 X1.174 Y-4.748 E0.0944
G1 X-.678 Y-4.769 E0.0924
G1 X-2.058 Y-4.823 E0.0689
G1 X-4.884 Y-4.622 E0.14135
G1 X-5.973 Y-4.497 E0.05469
G1 X-7.365 Y-4.472 E0.06946
G1 X-8.318 Y-4.491 E0.04755
G1 X-9.546 Y-4.428 E0.06135
G1 X-10.524 Y-4.4 E0.04881
G1 X-11.872 Y-4.391 E0.06725
G1 X-12.232 Y-4.38 E0.01797
G1 X-13.424 Y-4.38 E0.05947
G1 X-14.525 Y-4.324 E0.055
G1 X-17.88 Y-4.276 E0.1674
G1 X-19.842 Y-4.38 E0.09802
G1 X-21.519 Y-4.456 E0.08375
G1 X-22.373 Y-4.524 E0.04274
G1 X-23.044 Y-2.627 E0.10039
G1 X-23.187 Y-1.029 E0.08004
G1 X-23.253 Y-.117 E0.04562
G1 X-23.152 Y0.875 E0.04975
G1 X-22.975 Y2.414 E0.07729
G1 X-22.315 Y4.327 E0.10096
G1 X-21.393 Y4.26 E0.04612
G1 X-19.752 Y4.204 E0.08192
G1 X-17.667 Y4.032 E0.10437
G1 X-15.645 Y4.103 E0.10094
G1 X-14.427 Y4.23 E0.0611
G1 X-13.294 Y4.312 E0.05667
G1 X-10.325 Y4.348 E0.14813
G1 X-9.488 Y4.391 E0.04181
G1 X-8.492 Y4.381 E0.04969
G1 X-7.395 Y4.468 E0.0549
G1 X-6.153 Y4.504 E0.06199
G1 X-4.973 Y4.633 E0.05922
G1 X-3.623 Y4.677 E0.06739
G1 X-2.059 Y4.795 E0.07825
G1 X-.609 Y4.75 E0.07238
G1 X1.187 Y4.724 E0.08961
G1 X3.167 Y4.616 E0.09893
G1 X4.394 Y4.616 E0.06122
G1 X5.944 Y4.461 E0.07772
G1 X7.094 Y4.424 E0.0574
G1 X7.965 Y4.431 E0.04346
G1 X9.323 Y4.352 E0.06787
G1 X10.343 Y4.304 E0.05094
G1 X11.685 Y4.316 E0.06696
G1 X14.078 Y4.292 E0.11939
G1 X15.681 Y4.152 E0.08028
G1 X17.341 Y4.092 E0.08287
G1 X18.42 Y4.101 E0.05383
G1 X19.78 Y4.2 E0.06803
G1 X22.056 Y4.3 E0.11366
G1 X22.606 Y4.333 E0.02749
G1 X23.141 Y4.377 E0.02678
G0 F12000 X23.46 Y4.805
;TYPE:WALL-OUTER
G1 F1200 X23.942 Y2.524 E0.11631
G1 X24.053 Y1.446 E0.05407
G1 X24.242 Y-0.026 E0.07404
G1 X24.033 Y-1.437 E0.07116
G1 X23.906 Y-2.571 E0.05693
G1 X23.714 Y-3.445 E0.04464
G1 X23.297 Y-4.831 E0.07221
G1 X21.911 Y-4.752 E0.06926
G1 X19.679 Y-4.676 E0.11142
G1 X18.287 Y-4.576 E0.06963
G1 X17.253 Y-4.58 E0.05159
G1 X15.697 Y-4.632 E0.07767
G1 X13.888 Y-4.764 E0.09049
G1 X11.38 Y-4.772 E0.12513
G1 X10.1 Y-4.796 E0.06387
G1 X8.918 Y-4.796 E0.05897
G1 X7.423 Y-4.863 E0.07466
G1 X6.647 Y-4.861 E0.03871
G1 X5.156 Y-5.012 E0.07477
G1 X4.253 Y-5.02 E0.04505
G1 X3.065 Y-5.008 E0.05927
G1 X1.191 Y-5.148 E0.09375
G1 X-.662 Y-5.169 E0.09245
G1 X-2.064 Y-5.223 E0.07
G1 X-4.921 Y-5.02 E0.1429
G1 X-6.001 Y-4.896 E0.05424
G1 X-7.357 Y-4.872 E0.06766
G1 X-8.324 Y-4.891 E0.04825
G1 X-9.558 Y-4.828 E0.06164
G1 X-10.526 Y-4.8 E0.04831
G1 X-11.884 Y-4.791 E0.06775
G1 X-12.232 Y-4.78 E0.01737
G1 X-13.434 Y-4.78 E0.05997
G1 X-14.553 Y-4.724 E0.0559
G1 X-17.859 Y-4.676 E0.16495
G1 X-19.824 Y-4.78 E0.09817
G1 X-21.513 Y-4.857 E0.08435
G1 X-21.876 Y-4.893 E0.0182
G1 X-22.649 Y-4.943 E0.03865
G1 X-23.438 Y-2.713 E0.11801
G1 X-23.586 Y-1.058 E0.0829
G1 X-23.655 Y-.111 E0.04737
G1 X-23.55 Y0.921 E0.05175
G1 X-23.367 Y2.503 E0.07945
G1 X-22.593 Y4.749 E0.11852
G1 X-21.379 Y4.66 E0.06073
G1 X-19.728 Y4.604 E0.08242
G1 X-17.705 Y4.432 E0.10129
G1 X-15.687 Y4.501 E0.10074
G1 X-14.462 Y4.628 E0.06144
G1 X-13.311 Y4.712 E0.05758
G1 X-10.345 Y4.748 E0.14799
G1 X-9.496 Y4.791 E0.04241
G1 X-8.524 Y4.78 E0.0485
G1 X-7.417 Y4.868 E0.0554
G1 X-6.162 Y4.905 E0.06264
G1 X-5.001 Y5.032 E0.05827
G1 X-3.653 Y5.076 E0.06729
G1 X-2.067 Y5.195 E0.07935
G1 X-.603 Y5.15 E0.07307
G1 X1.201 Y5.124 E0.09001
G1 X3.2 Y5.016 E0.09988
G1 X4.414 Y5.016 E0.06057
G1 X5.981 Y4.86 E0.07856
G1 X7.09 Y4.824 E0.05536
G1 X7.975 Y4.831 E0.04415
G1 X9.342 Y4.752 E0.06831
G1 X10.374 Y4.704 E0.05154
G1 X11.689 Y4.716 E0.06561
G1 X14.098 Y4.692 E0.12019
G1 X15.696 Y4.552 E0.08003
G1 X17.338 Y4.492 E0.08197
G1 X18.391 Y4.5 E0.05254
G1 X19.756 Y4.6 E0.06828
G1 X22.032 Y4.7 E0.11366
G1 X22.573 Y4.732 E0.02704
G1 X23.46 Y4.805 E0.0444
G0 F12000 X23.625 Y4.023
G1 F3600 E-1
G0 F12000 X22.944 Y3.879
G0 X-8.799 Y2.209
;TYPE:SKIN
G1 F3600 E1
G1 F2400 X-8.709 Y2.279 E0.00569
G1 X-7.784 Y2.497 E0.04741
G1 X-7.397 Y2.371 E0.02031
G1 X-5.129 Y3.35 E0.12324
G1 X-4.095 Y3.205 E0.05209
G1 X-3.461 Y3.387 E0.03291
G1 F2186.8 X-2.781 Y3.615 E0.03927
G1 F1860.5 X-2.1 Y3.844 E0.04624
G1 F1672.5 X-.813 Y3.688 E0.09281
G1 F1935.5 X-.405 Y3.541 E0.02683
G1 F2400 X1.269 Y3.4 E0.08381
G1 X2.206 Y3.247 E0.04737
G1 X2.314 Y3.181 E0.00631
G1 X2.991 Y2.367 E0.05282
G1 X4.067 Y0.018 E0.1289
G1 X4.078 Y-0.082 E0.00502
G1 X3.083 Y-2.424 E0.12695
G1 X2.222 Y-3.281 E0.06061
G1 X1.229 Y-3.55 E0.05133
G1 F1935.5 X0.891 Y-3.683 E0.02247
G1 F1681.3 X-.444 Y-3.787 E0.09536
G1 F1901 X-2.063 Y-4.048 E0.10329
G1 F1951.2 X-3.436 Y-3.749 E0.08623
G1 F1835.6 X-4.674 Y-4.046 E0.08305
G1 X-4.662 Y-4.195 E0.00975
G1 X-3.457 Y-4.28 E0.0788
G1 F2087 X-2.059 Y-4.441 E0.08074
G1 F2128.6 X-.691 Y-4.336 E0.07718
G1 F1846.2 X-.687 Y-4.32 E0.00107
G1 F1702.1 X0.924 Y-4.274 E0.11337
G1 F1935.5 X1.366 Y-4.351 E0.02776
G1 F2400 X3.045 Y-4.228 E0.08399
G1 X4.248 Y-4.239 E0.06002
G1 X5.105 Y-4.232 E0.04276
G1 X6.572 Y-4.084 E0.07356
G1 X7.403 Y-4.08 E0.04146
G1 X8.883 Y-4.016 E0.07391
G1 X10.43 Y-4.008 E0.07718
G1 X10.711 Y-3.216 E0.04193
G1 X10.882 Y-2.466 E0.03838
G1 X10.78 Y-.524 E0.09702
G1 X10.728 Y-0.031 E0.02473
G1 X10.748 Y0.873 E0.04511
G1 X10.806 Y2.454 E0.07893
G1 X10.287 Y3.546 E0.06032
G1 X10.177 Y3.931 E0.01998
G1 X7.95 Y4.048 E0.11126
G1 X7.097 Y4.044 E0.04256
G1 X5.905 Y4.08 E0.0595
G1 X4.369 Y4.236 E0.07703
G1 X3.204 Y4.236 E0.05812
G1 X1.181 Y4.344 E0.10107
G1 X-.366 Y4.365 E0.07719
G1 F1935.5 X-.76 Y4.277 E0.02497
G1 F1732.9 X-2.034 Y4.354 E0.08819
G1 F1853.3 X-2.231 Y4.338 E0.01277
G1 F2087 X-3.597 Y4.296 E0.07841
G1 F2400 X-4.941 Y4.252 E0.06709
G1 X-6.07 Y4.129 E0.05666
G1 X-7.368 Y4.088 E0.06479
G1 X-8.46 Y4 E0.05466
G1 X-9.594 Y4.01 E0.05658
G1 X-10.154 Y2.842 E0.06462
G1 X-10.392 Y2.752 E0.01269
G1 X-10.459 Y0.413 E0.11674
G1 X-10.54 Y-0.003 E0.02114
G1 X-10.454 Y-.519 E0.0261
G1 X-10.176 Y-2.555 E0.10252
G1 X-10.048 Y-2.62 E0.00716
G1 X-9.254 Y-4.058 E0.08195
G1 X-8.328 Y-4.107 E0.04626
G1 X-7.371 Y-4.092 E0.04775
G1 X-6.185 Y-4.113 E0.05918
G1 X-6.142 Y-3.851 E0.01325
G1 X-7.174 Y-3.527 E0.05396
G1 X-8.819 Y-2.435 E0.09851
G1 X-8.907 Y-2.295 E0.00825
G1 X-8.885 Y-2.174 E0.00614
G1 X-7.728 Y0.002 E0.12295
G1 X-8.812 Y1.996 E0.11323
G1 X-8.836 Y2.098 E0.00523
G1 X-8.799 Y2.209 E0.00584
G0 F12000 X-9.204 Y3.806
G1 F2400 X-9.716 Y3.295 E0.03609
G0 F12000 X-10.206 Y2.239
G1 F2400 X-8.644 Y3.801 E0.11021
G0 F12000 X-8.048 Y3.832
G1 F2400 X-10.223 Y1.657 E0.15346
G0 F12000 X-10.239 Y1.075
G1 F2400 X-7.433 Y3.881 E0.19798
G0 F12000 X-6.845 Y3.903
G1 F2400 X-8.124 Y2.624 E0.09024
G0 F12000 X-7.552 Y2.63
G1 F2400 X-6.259 Y3.923 E0.09123
G0 F12000 X-5.643 Y3.973
G1 F2400 X-6.747 Y2.87 E0.07786
G1 X-6.817 Y2.8
G0 F12000 X-5.751 Y3.3
G1 F2400 X-5.008 Y4.043 E0.05242
G0 F12000 X-4.958 Y3.528
G1 F2400 X-4.417 Y4.069 E0.03817
G0 F12000 X-3.831 Y4.088
G1 F2400 X-4.461 Y3.458 E0.04445
G0 F12000 X-3.878 Y3.475
G1 F2400 X-3.262 Y4.092 E0.0435
G0 F12000 X-3.02 Y3.768
G1 F2400 X-2.703 Y4.085 E0.02237
G0 F12000 X-.631 Y3.894
G1 F2400 X-.361 Y4.164 E0.01905
G0 F12000 X-.233 Y3.727
G1 F2400 X0.197 Y4.156 E0.0303
G0 F12000 X0.289 Y3.683
G1 F2400 X0.755 Y4.149 E0.03288
G0 F12000 X0.811 Y3.639
G1 F2400 X1.307 Y4.136 E0.03503
G0 F12000 X1.845 Y4.108
G1 F2400 X1.329 Y3.592 E0.03641
G0 F12000 X1.817 Y3.514
G1 F2400 X2.382 Y4.079 E0.03986
G0 F12000 X2.918 Y4.05
G1 F2400 X2.288 Y3.42 E0.04445
G0 F12000 X2.593 Y3.159
G1 F2400 X3.47 Y4.036 E0.06188
G0 F12000 X4.036 Y4.036
G1 F2400 X2.85 Y2.85 E0.08368
G0 F12000 X3.106 Y2.541
G1 F2400 X4.579 Y4.014 E0.10393
G0 F12000 X5.093 Y3.961
G1 F2400 X3.301 Y2.17 E0.1264
G0 F12000 X3.479 Y1.782
G1 F2400 X5.606 Y3.909 E0.15007
G0 F12000 X6.135 Y3.872
G1 F2400 X3.656 Y1.394 E0.17487
G0 F12000 X3.834 Y1.006
G1 F2400 X6.684 Y3.856 E0.20108
G0 F12000 X7.238 Y3.844
G1 F2400 X4.011 Y0.617 E0.22768
G0 F12000 X4.189 Y0.229
G1 F2400 X7.807 Y3.847 E0.25527
G0 F12000 X8.352 Y3.826
G1 F2400 X4.185 Y-.34 E0.29397
G1 X4.115 Y-.41
G0 F12000 X3.767 Y-1.324
G1 F2400 X8.889 Y3.798 E0.36138
G0 F12000 X9.426 Y3.769
G1 F2400 X3.348 Y-2.309 E0.42884
G1 X3.278 Y-2.379
G0 F12000 X2.149 Y-3.508
G1 F2400 X1.517 Y-4.139 E0.04456
G0 F12000 X1.373 Y-3.718
G1 F2400 X1.058 Y-4.033 E0.02222
G0 F12000 X2.128 Y-4.095
G1 F2400 X9.963 Y3.741 E0.55284
G0 F12000 X10.153 Y3.364
G1 F2400 X2.739 Y-4.05 E0.5231
G0 F12000 X3.323 Y-4.031
G1 F2400 X10.334 Y2.98 E0.49466
G0 F12000 X10.517 Y2.597
G1 F2400 X3.884 Y-4.035 E0.46796
G0 F12000 X4.448 Y-4.037
G1 F2400 X10.592 Y2.106 E0.43346
G0 F12000 X10.571 Y1.52
G1 F2400 X5.019 Y-4.032 E0.39172
G0 F12000 X5.64 Y-3.977
G1 F2400 X10.549 Y0.933 E0.34639
G0 F12000 X10.537 Y0.354
G1 F2400 X6.269 Y-3.913 E0.3011
G0 F12000 X6.865 Y-3.883
G1 F2400 X10.546 Y-.202 E0.25971
G0 F12000 X10.591 Y-.723
G1 F2400 X7.436 Y-3.878 E0.2226
G0 F12000 X8.027 Y-3.852
G1 F2400 X10.619 Y-1.26 E0.18288
G0 F12000 X10.647 Y-1.798
G1 F2400 X8.619 Y-3.826 E0.14309
G0 F12000 X9.197 Y-3.813
G1 F2400 X10.675 Y-2.336 E0.10425
G0 F12000 X10.55 Y-3.026
G1 F2400 X9.765 Y-3.811 E0.05539
G1 X9.695 Y-3.881
G1 F3600 E-1
G0 F12000 X-7.142 Y-3.748
G1 F3600 E1
G1 F2400 X-7.288 Y-3.894 E0.0103
G0 F12000 X-7.507 Y-3.547
G1 F2400 X-7.859 Y-3.9 E0.02487
G0 F12000 X-8.427 Y-3.901
G1 F2400 X-7.846 Y-3.321 E0.04096
G0 F12000 X-8.186 Y-3.095
G1 F2400 X-8.964 Y-3.873 E0.05489
G0 F12000 X-9.27 Y-3.613
G1 F2400 X-8.526 Y-2.869 E0.05249
G0 F12000 X-8.866 Y-2.644
G1 F2400 X-9.471 Y-3.248 E0.04265
G0 F12000 X-9.671 Y-2.883
G1 F2400 X-9.091 Y-2.302 E0.04096
G1 X-9.021 Y-2.232
G0 F12000 X-9.871 Y-2.517
G1 F2400 X-8.64 Y-1.286 E0.08685
G1 X-8.57 Y-1.216
G0 F12000 X-7.997 Y-0.078
G1 F2400 X-10.035 Y-2.116 E0.14379
G0 F12000 X-10.103 Y-1.618
G1 F2400 X-8.141 Y0.344 E0.13843
G0 F12000 X-8.34 Y0.711
G1 F2400 X-10.171 Y-1.12 E0.12919
G0 F12000 X-10.238 Y-.622
G1 F2400 X-8.54 Y1.077 E0.11984
G0 F12000 X-8.739 Y1.443
G1 F2400 X-10.316 Y-.134 E0.11127
G0 F12000 X-10.255 Y0.493
G1 F2400 X-8.939 Y1.809 E0.09285
G1 X-8.869 Y1.879
G1 F3600 E-1
;MESH:NONMESH
G0 F600 X-8.869 Y1.879 Z19.2
G0 F12000 X-2.15 Y1.934
;TIME_ELAPSED:633.714787
;LAYER:63
;TYPE:FILL
;MESH:pi 3mm.stl
G1 F3600 E1
G1 F9600 X-1.085 Y-2.04 E0.20526
G1 X0.386 Y-1.843 E0.07404
G1 X2.037 Y-.192 E0.11649
G1 X2.153 Y-0.028 E0.01002
G1 X1.177 Y1.316 E0.08287
G1 X-.84 Y1.857 E0.10419
G1 X-2.02 Y1.988 E0.05923
G1 X-3.952 Y1.183 E0.10442
G1 X-4.721 Y0.546 E0.04982
G1 X-5.169 Y0.326 E0.0249
G1 X-5.181 Y-.108 E0.02166
G1 X-5.295 Y-.643 E0.02729
G1 X-4.633 Y-.88 E0.03508
G1 X-4.086 Y-1.433 E0.03881
G1 X-2.567 Y-1.997 E0.08084
G1 X-2.079 Y-2.127 E0.0252
G1 X-1.983 Y-2.152
G1 F3600 E-1
G0 F12000 X11.858 Y-3.978
G1 F3600 E1
G1 F9600 X11.763 Y-3.625 E0.01824
G1 X11.676 Y-3.978 E0.01814
G1 X14.31 Y-3.972 E0.13141
G1 X15.299 Y-3.9 E0.04947
G1 X23.081 Y3.882 E0.54906
G1 X23.393 Y2.397 E0.0757
G1 X23.543 Y0.957 E0.07223
G1 X23.666 Y-0.02 E0.04913
G1 X23.514 Y-1.114 E0.0551
G1 X22.163 Y3.925 E0.26028
G1 X19.824 Y3.825 E0.1168
G1 X18.781 Y3.746 E0.05218
G1 X17.166 Y3.736 E0.08057
G1 X15.706 Y3.79 E0.07289
G1 X14.375 Y3.908 E0.06666
G1 X11.81 Y3.925 E0.12797
G1 X11.921 Y2.787 E0.05704
G1 X12.024 Y2.315 E0.0241
G1 X12.159 Y-0.02 E0.11669
G1 X12.098 Y-1.61 E0.07938
G1 X20.756 Y-3.93 E0.44719
G1 X22.068 Y-3.972 E0.06549
G1 X22.167 Y-3.975
G1 F3600 E-1
G0 F12000 X-15.074 Y3.803
G1 F3600 E1
G1 F9600 X-12.985 Y-3.993 E0.40267
G1 X-13.911 Y-3.992 E0.0462
G1 X-14.353 Y-3.972 E0.02207
G1 X-18.178 Y-3.912 E0.19085
G1 X-18.68 Y-3.938 E0.02508
G1 X-11.592 Y3.149 E0.50006
G1 X-11.368 Y3.958 E0.04188
G1 X-12.235 Y3.936 E0.04327
G1 X-13.928 Y3.918 E0.08447
G1 X-15.727 Y3.737 E0.09021
G1 X-17.855 Y3.664 E0.10623
G1 X-19.78 Y3.82 E0.09635
G1 X-21.716 Y3.89 E0.09665
G1 X-21.815 Y3.893
G1 F3600 E-1
G0 F12000 X-17.906 Y3.785
G0 X18.753 Y3.866
G0 X23.13 Y4.07
G0 X23.349 Y4.362
;TYPE:WALL-INNER
G1 F3600 E1
G1 F3000 X23.75 Y2.447 E0.09761
G1 X23.9 Y0.996 E0.07278
G1 X24.03 Y-0.026 E0.0514
G1 X23.887 Y-1.009 E0.04956
G1 X23.723 Y-2.492 E0.07444
G1 X23.467 Y-3.623 E0.05785
G1 X23.236 Y-4.398 E0.04035
G1 X22.048 Y-4.332 E0.05936
G1 X19.739 Y-4.256 E0.11526
G1 X18.679 Y-4.181 E0.05302
G1 X17.067 Y-4.184 E0.08042
G1 X15.753 Y-4.229 E0.06559
G1 X14.317 Y-4.332 E0.07183
G1 X11.196 Y-4.34 E0.15571
G1 X9.55 Y-4.371 E0.08213
G1 X8.763 Y-4.368 E0.03926
G1 X7.016 Y-4.452 E0.08726
G1 X6.527 Y-4.451 E0.0244
G1 X4.829 Y-4.624 E0.08515
G1 X4.226 Y-4.632 E0.03009
G1 X3.354 Y-4.621 E0.04351
G1 X1.17 Y-4.788 E0.10928
G1 X-.968 Y-4.808 E0.10667
G1 X-2.058 Y-4.851 E0.05442
G1 X-4.896 Y-4.646 E0.14196
G1 X-6.241 Y-4.493 E0.06754
G1 X-7.366 Y-4.472 E0.05614
G1 X-8.03 Y-4.487 E0.03314
G1 X-9.511 Y-4.408 E0.07399
G1 X-10.675 Y-4.376 E0.05809
G1 X-11.817 Y-4.367 E0.05698
G1 X-12.32 Y-4.352 E0.02511
G1 X-13.934 Y-4.352 E0.08052
G1 X-14.378 Y-4.332 E0.02217
G1 X-18.176 Y-4.272 E0.18951
G1 X-19.85 Y-4.36 E0.08363
G1 X-21.807 Y-4.449 E0.09774
G1 X-22.628 Y-4.508 E0.04107
G1 X-23.25 Y-2.703 E0.09525
G1 X-23.437 Y-.125 E0.12895
G1 X-23.185 Y2.411 E0.12714
G1 X-22.813 Y3.602 E0.06225
G1 X-22.567 Y4.312 E0.03749
G1 X-21.666 Y4.248 E0.04506
G1 X-19.76 Y4.18 E0.09515
G1 X-17.904 Y4.024 E0.09292
G1 X-15.706 Y4.099 E0.10972
G1 X-13.959 Y4.278 E0.08761
G1 X-12.24 Y4.296 E0.08577
G1 X-11.633 Y4.312 E0.03029
G1 X-10.453 Y4.324 E0.05887
G1 X-9.447 Y4.375 E0.05025
G1 X-8.676 Y4.369 E0.03847
G1 X-7.383 Y4.472 E0.06471
G1 X-6.41 Y4.5 E0.04856
G1 X-4.99 Y4.656 E0.07127
G1 X-3.937 Y4.685 E0.05255
G1 X-2.066 Y4.831 E0.09363
G1 X-1.036 Y4.796 E0.05142
G1 X1.175 Y4.768 E0.11032
G1 X3.498 Y4.636 E0.11608
G1 X4.39 Y4.639 E0.0445
G1 X6.208 Y4.453 E0.09117
G1 X7.073 Y4.428 E0.04317
G1 X7.637 Y4.435 E0.02814
G1 X9.268 Y4.336 E0.08152
G1 X10.476 Y4.28 E0.06033
G1 X11.583 Y4.288 E0.05523
G1 X14.383 Y4.268 E0.1397
G1 X15.757 Y4.148 E0.06881
G1 X17.16 Y4.096 E0.07004
G1 X18.762 Y4.105 E0.07993
G1 X19.812 Y4.184 E0.05253
G1 X22.173 Y4.285 E0.1179
G1 X23.349 Y4.362 E0.0588
G0 F12000 X23.668 Y4.79
;TYPE:WALL-OUTER
G1 F1200 X24.146 Y2.509 E0.11627
G1 X24.297 Y1.046 E0.07338
G1 X24.434 Y-0.03 E0.05412
G1 X24.285 Y-1.053 E0.05158
G1 X24.118 Y-2.558 E0.07555
G1 X23.854 Y-3.725 E0.05969
G1 X23.529 Y-4.815 E0.05675
G1 X22.035 Y-4.732 E0.07465
G1 X19.719 Y-4.656 E0.11561
G1 X18.635 Y-4.58 E0.05421
G1 X17.081 Y-4.584 E0.07753
G1 X15.781 Y-4.628 E0.06489
G1 X14.332 Y-4.732 E0.07248
G1 X11.204 Y-4.74 E0.15606
G1 X9.606 Y-4.771 E0.07974
G1 X8.782 Y-4.768 E0.04111
G1 X7.024 Y-4.852 E0.08781
G1 X6.568 Y-4.848 E0.02275
G1 X4.852 Y-5.024 E0.08606
G1 X4.22 Y-5.032 E0.03153
G1 X3.384 Y-5.02 E0.04171
G1 X1.187 Y-5.188 E0.10993
G1 X-.952 Y-5.208 E0.10672
G1 X-2.064 Y-5.251 E0.05552
G1 X-4.933 Y-5.044 E0.14351
G1 X-6.269 Y-4.892 E0.06708
G1 X-7.357 Y-4.872 E0.05429
G1 X-8.036 Y-4.887 E0.03388
G1 X-9.522 Y-4.808 E0.07424
G1 X-10.678 Y-4.776 E0.0577
G1 X-11.829 Y-4.767 E0.05743
G1 X-12.32 Y-4.752 E0.02451
G1 X-13.943 Y-4.752 E0.08097
G1 X-14.384 Y-4.732 E0.02202
G1 X-18.155 Y-4.672 E0.18816
G1 X-19.832 Y-4.76 E0.08378
G1 X-21.779 Y-4.848 E0.09724
G1 X-22.905 Y-4.929 E0.05632
G1 X-23.646 Y-2.783 E0.11327
G1 X-23.839 Y-.119 E0.13326
G1 X-23.579 Y2.491 E0.13086
G1 X-23.198 Y3.713 E0.06386
G1 X-22.845 Y4.733 E0.05385
G1 X-21.652 Y4.648 E0.05967
G1 X-19.736 Y4.58 E0.09565
G1 X-17.873 Y4.424 E0.09327
G1 X-15.747 Y4.497 E0.10613
G1 X-14.306 Y4.644 E0.07226
G1 X-13.792 Y4.68 E0.02571
G1 X-12.25 Y4.696 E0.07693
G1 X-11.64 Y4.712 E0.03044
G1 X-10.473 Y4.724 E0.05822
G1 X-9.455 Y4.775 E0.05085
G1 X-8.708 Y4.768 E0.03727
G1 X-7.405 Y4.872 E0.06521
G1 X-6.417 Y4.901 E0.04931
G1 X-5.018 Y5.056 E0.07022
G1 X-3.968 Y5.084 E0.0524
G1 X-2.075 Y5.231 E0.09473
G1 X-1.031 Y5.196 E0.05211
G1 X1.189 Y5.168 E0.11077
G1 X3.533 Y5.036 E0.11713
G1 X4.41 Y5.039 E0.04375
G1 X6.246 Y4.852 E0.09207
G1 X7.067 Y4.828 E0.04098
G1 X7.647 Y4.835 E0.02894
G1 X9.286 Y4.736 E0.08192
G1 X10.506 Y4.68 E0.06093
G1 X11.586 Y4.688 E0.05388
G1 X14.402 Y4.668 E0.14049
G1 X15.772 Y4.548 E0.06861
G1 X17.158 Y4.496 E0.0692
G1 X18.732 Y4.504 E0.07853
G1 X19.788 Y4.584 E0.05284
G1 X22.149 Y4.684 E0.1179
G1 X23.065 Y4.74 E0.04578
G1 X23.668 Y4.79 E0.03019
G0 F12000 X23.832 Y4.008
G1 F3600 E-1
G0 F12000 X23.146 Y3.868
G0 X-5.662 Y-.738
;TYPE:SKIN
G1 F3600 E1
G1 F2400 X-5.52 Y-0.063 E0.03441
G1 X-5.502 Y0.446 E0.02541
G1 X-5.451 Y0.564 E0.00641
G1 X-4.91 Y0.829 E0.03005
G1 X-4.123 Y1.479 E0.05092
G1 X-2.077 Y2.334 E0.11063
G1 X1.115 Y1.981 E0.16022
G1 X2.486 Y0.094 E0.11637
G1 X2.531 Y-0.078 E0.00887
G1 X1.16 Y-2.016 E0.11844
G1 X1.046 Y-2.094 E0.00689
G1 X-.757 Y-2.335 E0.09075
G1 X-2.108 Y-2.472 E0.06775
G1 X-2.656 Y-2.326 E0.02829
G1 X-4.276 Y-1.725 E0.0862
G1 X-4.823 Y-1.17 E0.03888
G1 X-5.535 Y-.916 E0.03771
G1 X-5.621 Y-.846 E0.00553
G1 X-5.662 Y-.738 E0.00576
G1 F3600 E-1
G0 F12000 X11.401 Y3.906
G1 F3600 E1
G1 F2400 X10.47 Y3.9 E0.04645
G1 X9.25 Y3.956 E0.06093
G1 X7.626 Y4.051 E0.08116
G1 X7.078 Y4.048 E0.02734
G1 X6.212 Y4.072 E0.04322
G1 X4.362 Y4.256 E0.09275
G1 X3.54 Y4.256 E0.04101
G1 X1.181 Y4.387 E0.11787
G1 X-1.039 Y4.416 E0.11077
G1 X-2.055 Y4.447 E0.05071
G1 X-3.908 Y4.304 E0.09272
G1 X-4.958 Y4.276 E0.0524
G1 X-6.326 Y4.125 E0.06866
G1 X-7.356 Y4.092 E0.05141
G1 X-8.648 Y3.988 E0.06467
G1 X-9.435 Y3.992 E0.03926
G1 X-10.434 Y3.944 E0.0499
G1 X-11.016 Y3.934 E0.02904
G1 X-11.416 Y2.509 E0.07384
G1 X-11.443 Y1.683 E0.04123
G1 X-11.764 Y-0.007 E0.08582
G1 X-11.438 Y-1.942 E0.0979
G1 X-11.349 Y-2.585 E0.03239
G1 X-10.912 Y-3.596 E0.05495
G1 X-10.79 Y-3.995 E0.02082
G1 X-9.502 Y-4.028 E0.06428
G1 X-8.02 Y-4.103 E0.07403
G1 X-7.372 Y-4.092 E0.03233
G1 X-6.207 Y-4.112 E0.05813
G1 X-4.83 Y-4.267 E0.06913
G1 X-2.048 Y-4.467 E0.13915
G1 X-.98 Y-4.428 E0.05332
G1 X1.151 Y-4.408 E0.10632
G1 X3.364 Y-4.24 E0.11072
G1 X4.196 Y-4.251 E0.04151
G1 X4.8 Y-4.244 E0.03014
G1 X6.491 Y-4.072 E0.0848
G1 X7.003 Y-4.072 E0.02554
G1 X8.742 Y-3.988 E0.08686
G1 X9.528 Y-3.988 E0.03921
G1 X11.326 Y-3.958 E0.08972
G1 X11.729 Y-2.331 E0.08362
G1 X11.819 Y-0.035 E0.11464
G1 X11.681 Y2.268 E0.1151
G1 X11.58 Y2.745 E0.02433
G1 X11.488 Y3.725 E0.04911
G1 X11.401 Y3.906 E0.01002
G0 F12000 X11.005 Y3.703
G1 F2400 X11.319 Y3.388 E0.02219
G0 F12000 X11.379 Y2.763
G1 F2400 X10.441 Y3.701 E0.06618
G0 F12000 X9.848 Y3.729
G1 F2400 X11.491 Y2.085 E0.11596
G0 F12000 X11.527 Y1.484
G1 F2400 X9.255 Y3.756 E0.1603
G0 F12000 X8.654 Y3.791
G1 F2400 X11.563 Y0.882 E0.20525
G0 F12000 X11.6 Y0.279
G1 F2400 X8.053 Y3.826 E0.25026
G0 F12000 X7.463 Y3.851
G1 F2400 X11.609 Y-.295 E0.29252
G0 F12000 X11.587 Y-.839
G1 F2400 X6.894 Y3.854 E0.33112
G0 F12000 X6.312 Y3.87
G1 F2400 X11.565 Y-1.383 E0.37063
G0 F12000 X11.544 Y-1.928
G1 F2400 X5.694 Y3.923 E0.41278
G0 F12000 X5.066 Y3.985
G1 F2400 X11.495 Y-2.444 E0.4536
G0 F12000 X11.382 Y-2.897
G1 F2400 X4.438 Y4.047 E0.48994
G0 F12000 X3.864 Y4.056
G1 F2400 X11.27 Y-3.35 E0.52253
G0 F12000 X11.116 Y-3.763
G1 F2400 X3.285 Y4.069 E0.55255
G0 F12000 X2.686 Y4.103
G1 F2400 X10.56 Y-3.772 E0.55559
G0 F12000 X10.003 Y-3.781
G1 F2400 X2.087 Y4.136 E0.55855
G0 F12000 X1.488 Y4.169
G1 F2400 X9.445 Y-3.788 E0.56141
G0 F12000 X8.879 Y-3.788
G1 F2400 X0.901 Y4.19 E0.56289
G0 F12000 X0.327 Y4.198
G1 F2400 X8.333 Y-3.808 E0.56487
G0 F12000 X7.794 Y-3.834
G1 F2400 X-.246 Y4.206 E0.56727
G0 F12000 X-.819 Y4.213
G1 F2400 X7.254 Y-3.86 E0.56959
G0 F12000 X6.701 Y-3.873
G1 F2400 X2.673 Y0.156 E0.28423
G0 F12000 X2.596 Y-.333
G1 F2400 X6.167 Y-3.904 E0.25195
G0 F12000 X5.653 Y-3.956
G1 F2400 X2.362 Y-.665 E0.2322
G0 F12000 X2.127 Y-.996
G1 F2400 X5.14 Y-4.009 E0.21258
G0 F12000 X4.612 Y-4.047
G1 F2400 X1.893 Y-1.327 E0.19188
G0 F12000 X1.659 Y-1.659
G1 F2400 X4.05 Y-4.05 E0.1687
G0 F12000 X3.478 Y-4.043
G1 F2400 X1.424 Y-1.99 E0.14489
G0 F12000 X1.131 Y-2.263
G1 F2400 X2.941 Y-4.072 E0.12767
G0 F12000 X2.415 Y-4.112
G1 F2400 X0.651 Y-2.348 E0.12446
G0 F12000 X0.151 Y-2.414
G1 F2400 X1.889 Y-4.151 E0.12259
G0 F12000 X1.363 Y-4.191
G1 F2400 X-.347 Y-2.481 E0.12065
G0 F12000 X-.85 Y-2.544
G1 F2400 X0.817 Y-4.212 E0.11765
G0 F12000 X0.257 Y-4.217
G1 F2400 X-1.363 Y-2.596 E0.11434
G0 F12000 X-1.877 Y-2.649
G1 F2400 X-.303 Y-4.222 E0.11102
G0 F12000 X-.863 Y-4.228
G1 F2400 X-2.524 Y-2.568 E0.11716
G1 X-2.594 Y-2.498
G0 F12000 X-3.392 Y-2.265
G1 F2400 X-1.413 Y-4.244 E0.13963
G0 F12000 X-1.959 Y-4.264
G1 F2400 X-4.291 Y-1.932 E0.16454
G1 X-4.361 Y-1.862
G0 F12000 X-5.8 Y-.422
G1 F2400 X-9.987 Y3.765 E0.29542
G0 F12000 X-9.448 Y3.791
G1 F2400 X-5.716 Y0.059 E0.26331
G0 F12000 X-5.662 Y0.571
G1 F2400 X-8.881 Y3.789 E0.22708
G0 F12000 X-8.338 Y3.813
G1 F2400 X-5.357 Y0.832 E0.21033
G0 F12000 X-4.985 Y1.025
G1 F2400 X-7.814 Y3.854 E0.1996
G0 F12000 X-7.288 Y3.894
G1 F2400 X-4.675 Y1.281 E0.18436
G0 F12000 X-4.364 Y1.536
G1 F2400 X-6.739 Y3.911 E0.16757
G0 F12000 X-6.201 Y3.938
G1 F2400 X-4.006 Y1.743 E0.15487
G0 F12000 X-3.607 Y1.91
G1 F2400 X-5.691 Y3.994 E0.14704
G0 F12000 X-5.182 Y4.05
G1 F2400 X-3.208 Y2.077 E0.13924
G0 F12000 X-2.81 Y2.244
G1 F2400 X-4.65 Y4.084 E0.12982
G0 F12000 X-4.099 Y4.099
G1 F2400 X-2.411 Y2.411 E0.1191
G0 F12000 X-1.961 Y2.526
G1 F2400 X-3.565 Y4.13 E0.11317
G0 F12000 X-3.04 Y4.171
G1 F2400 X-1.324 Y2.455 E0.12107
G0 F12000 X-.687 Y2.384
G1 F2400 X-2.515 Y4.212 E0.12898
G0 F12000 X-1.983 Y4.246
G1 F2400 X-0.049 Y2.312 E0.13645
G0 F12000 X0.587 Y2.242
G1 F2400 X-1.399 Y4.227 E0.14009
G1 X-1.469 Y4.297
G1 F3600 E-1
G0 F12000 X-2.559 Y-4.229
G1 F3600 E1
G1 F2400 X-10.527 Y3.739 E0.56219
G0 F12000 X-10.913 Y3.56
G1 F2400 X-3.169 Y-4.185 E0.54642
G0 F12000 X-3.779 Y-4.141
G1 F2400 X-11.037 Y3.118 E0.51213
G0 F12000 X-11.162 Y2.676
G1 F2400 X-4.389 Y-4.096 E0.47784
G0 F12000 X-5.004 Y-4.047
G1 F2400 X-11.227 Y2.176 E0.43907
G0 F12000 X-11.249 Y1.632
G1 F2400 X-5.641 Y-3.975 E0.39564
G0 F12000 X-6.271 Y-3.912
G1 F2400 X-11.339 Y1.157 E0.35761
G0 F12000 X-11.43 Y0.682
G1 F2400 X-6.846 Y-3.902 E0.32343
G0 F12000 X-7.421 Y-3.893
G1 F2400 X-11.519 Y0.206 E0.28917
G0 F12000 X-11.498 Y-.381
G1 F2400 X-7.978 Y-3.902 E0.24839
G0 F12000 X-8.57 Y-3.875
G1 F2400 X-11.384 Y-1.061 E0.19854
G0 F12000 X-11.268 Y-1.742
G1 F2400 X-9.166 Y-3.845 E0.14834
G0 F12000 X-9.755 Y-3.821
G1 F2400 X-11.172 Y-2.405 E0.09994
G1 X-11.242 Y-2.335
G0 F12000 X-10.807 Y-3.335
G1 F2400 X-10.335 Y-3.807 E0.0333
G0 F12000 X-10.335 Y-3.785
G1 F3600 E-1
;MESH:NONMESH
G0 F600 X-10.335 Y-3.785 Z19.5
G0 F12000 X-15.287 Y3.78
;TIME_ELAPSED:657.469901
;LAYER:64
;TYPE:FILL
;MESH:pi 3mm.stl
G1 F3600 E1
G1 F9600 X-13.212 Y-3.965 E0.40003
G1 X-14.103 Y-3.964 E0.04445
G1 X-14.397 Y-3.975 E0.01468
G1 X-18.347 Y-3.905 E0.1971
G1 X-12.623 Y1.819 E0.40386
G1 X-12.614 Y2.487 E0.03333
G1 X-12.241 Y3.91 E0.07339
G1 X-14.254 Y3.884 E0.10044
G1 X-15.789 Y3.729 E0.07697
G1 X-17.369 Y3.676 E0.07887
G1 X-18.364 Y3.678 E0.04964
G1 X-19.792 Y3.796 E0.07149
G1 X-21.886 Y3.868 E0.10453
G1 X-21.985 Y3.871
G1 F3600 E-1
G0 F12000 X21.597 Y-3.936
G1 F3600 E1
G1 F9600 X12.748 Y-1.565 E0.45705
G1 X12.808 Y-0.019 E0.07719
G1 X12.737 Y1.21 E0.06142
G1 X12.621 Y2.417 E0.06049
G1 X12.433 Y3.3 E0.04504
G1 X12.374 Y3.898 E0.02998
G1 X14.644 Y3.886 E0.11325
G1 X15.784 Y3.786 E0.05709
G1 X16.983 Y3.744 E0.05986
G1 X19.121 Y3.75 E0.10667
G1 X19.851 Y3.804 E0.03652
G1 X21.953 Y3.891 E0.10496
G1 X22.837 Y0.59 E0.17049
G1 X22.831 Y1.531 E0.04695
G1 X22.893 Y2.857 E0.06623
G1 X23.498 Y2.873 E0.03019
G1 X23.304 Y3.805 E0.04749
G1 X15.634 Y-3.866 E0.5412
G1 X16.89 Y-3.828 E0.06269
G1 X18.98 Y-3.82 E0.10427
G1 X19.792 Y-3.877 E0.04061
G1 X22.191 Y-3.955 E0.11975
G1 X23.218 Y-4.009 E0.05131
G1 X23.317 Y-4.014
G1 F3600 E-1
G0 F12000 X23.272 Y-4.001
G0 X23.339 Y4.058
G0 X23.558 Y4.344
;TYPE:WALL-INNER
G1 F3600 E1
G1 F3000 X23.958 Y2.434 E0.09736
G1 X24.144 Y0.593 E0.09232
G1 X24.226 Y-0.029 E0.0313
G1 X24.135 Y-.626 E0.03013
G1 X23.931 Y-2.481 E0.0931
G1 X23.611 Y-3.908 E0.07296
G1 X23.468 Y-4.384 E0.0248
G1 X22.173 Y-4.316 E0.0647
G1 X19.859 Y-4.24 E0.11551
G1 X19.024 Y-4.181 E0.04176
G1 X16.893 Y-4.188 E0.10632
G1 X15.835 Y-4.221 E0.05281
G1 X14.734 Y-4.303 E0.05508
G1 X11.024 Y-4.308 E0.18509
G1 X8.629 Y-4.344 E0.1195
G1 X6.443 Y-4.443 E0.10917
G1 X4.46 Y-4.643 E0.09943
G1 X3.675 Y-4.637 E0.03916
G1 X1.162 Y-4.824 E0.12572
G1 X-1.293 Y-4.848 E0.12249
G1 X-2.057 Y-4.879 E0.03815
G1 X-4.908 Y-4.666 E0.14263
G1 X-6.508 Y-4.489 E0.08031
G1 X-7.344 Y-4.472 E0.04172
G1 X-7.749 Y-4.479 E0.02021
G1 X-9.475 Y-4.388 E0.08623
G1 X-10.826 Y-4.352 E0.06743
G1 X-11.76 Y-4.343 E0.0466
G1 X-12.408 Y-4.324 E0.03234
G1 X-14.1 Y-4.324 E0.08441
G1 X-14.387 Y-4.335 E0.01433
G1 X-18.47 Y-4.264 E0.20373
G1 X-21.998 Y-4.437 E0.17622
G1 X-22.859 Y-4.497 E0.04306
G1 X-23.386 Y-2.934 E0.08229
G1 X-23.478 Y-2.07 E0.04335
G1 X-23.621 Y-.128 E0.09715
G1 X-23.369 Y2.391 E0.1263
G1 X-22.779 Y4.292 E0.0993
G1 X-21.865 Y4.228 E0.04571
G1 X-19.772 Y4.156 E0.10448
G1 X-18.348 Y4.037 E0.07129
G1 X-17.372 Y4.036 E0.04869
G1 X-15.766 Y4.091 E0.08017
G1 X-14.273 Y4.244 E0.07488
G1 X-12.316 Y4.268 E0.09764
G1 X-11.508 Y4.288 E0.04032
G1 X-10.583 Y4.296 E0.04615
G1 X-9.408 Y4.359 E0.05871
G1 X-8.864 Y4.353 E0.02714
G1 X-7.375 Y4.472 E0.07452
G1 X-6.67 Y4.492 E0.03519
G1 X-5.002 Y4.676 E0.08372
G1 X-4.253 Y4.697 E0.03738
G1 X-2.074 Y4.867 E0.10904
G1 X-1.369 Y4.844 E0.03519
G1 X1.171 Y4.808 E0.12673
G1 X3.83 Y4.66 E0.13286
G1 X4.389 Y4.66 E0.02789
G1 X6.487 Y4.448 E0.1052
G1 X7.053 Y4.432 E0.02825
G1 X7.31 Y4.435 E0.01282
G1 X9.224 Y4.32 E0.09566
G1 X10.608 Y4.256 E0.06912
G1 X11.49 Y4.264 E0.044
G1 X14.653 Y4.246 E0.15781
G1 X15.838 Y4.144 E0.05934
G1 X16.978 Y4.104 E0.05691
G1 X19.101 Y4.109 E0.10592
G1 X19.839 Y4.164 E0.03692
G1 X22.294 Y4.264 E0.12258
G1 X23.558 Y4.344 E0.06319
G0 F12000 X23.881 Y4.764
;TYPE:WALL-OUTER
G1 F1200 X24.148 Y3.449 E0.06694
G1 X24.354 Y2.496 E0.04864
G1 X24.541 Y0.645 E0.09282
G1 X24.63 Y-0.033 E0.03412
G1 X24.533 Y-.67 E0.03215
G1 X24.326 Y-2.547 E0.09421
G1 X23.998 Y-4.009 E0.07475
G1 X23.761 Y-4.8 E0.0412
G1 X22.159 Y-4.716 E0.08003
G1 X19.755 Y-4.636 E0.12
G1 X18.979 Y-4.58 E0.03882
G1 X16.905 Y-4.588 E0.10347
G1 X15.865 Y-4.62 E0.05191
G1 X14.748 Y-4.703 E0.05588
G1 X11.032 Y-4.708 E0.18539
G1 X8.647 Y-4.744 E0.119
G1 X6.483 Y-4.841 E0.10807
G1 X4.478 Y-5.043 E0.10054
G1 X3.705 Y-5.036 E0.03857
G1 X1.179 Y-5.224 E0.12637
G1 X-1.277 Y-5.248 E0.12254
G1 X-2.064 Y-5.279 E0.03929
G1 X-4.854 Y-5.072 E0.13958
G1 X-6.537 Y-4.888 E0.08447
G1 X-7.336 Y-4.872 E0.03987
G1 X-7.756 Y-4.879 E0.02096
G1 X-9.486 Y-4.788 E0.08643
G1 X-10.83 Y-4.752 E0.06708
G1 X-11.772 Y-4.743 E0.047
G1 X-12.408 Y-4.724 E0.03174
G1 X-14.084 Y-4.724 E0.08362
G1 X-14.383 Y-4.735 E0.01493
G1 X-18.45 Y-4.664 E0.20293
G1 X-21.97 Y-4.836 E0.17582
G1 X-23.139 Y-4.917 E0.05846
G1 X-23.779 Y-3.02 E0.09988
G1 X-23.876 Y-2.106 E0.04586
G1 X-24.023 Y-.123 E0.0992
G1 X-23.763 Y2.471 E0.13006
G1 X-23.067 Y4.713 E0.11712
G1 X-21.851 Y4.628 E0.06081
G1 X-19.748 Y4.556 E0.10498
G1 X-18.316 Y4.436 E0.07169
G1 X-17.385 Y4.436 E0.04645
G1 X-15.807 Y4.489 E0.07877
G1 X-14.296 Y4.644 E0.07578
G1 X-12.326 Y4.668 E0.09829
G1 X-11.512 Y4.688 E0.04062
G1 X-10.605 Y4.696 E0.04525
G1 X-9.416 Y4.759 E0.0594
G1 X-8.896 Y4.752 E0.02595
G1 X-7.397 Y4.872 E0.07502
G1 X-6.677 Y4.893 E0.03594
G1 X-5.03 Y5.076 E0.08267
G1 X-4.284 Y5.096 E0.03723
G1 X-2.083 Y5.267 E0.11014
G1 X-1.363 Y5.244 E0.03594
G1 X1.185 Y5.208 E0.12713
G1 X3.864 Y5.06 E0.13386
G1 X4.409 Y5.06 E0.02719
G1 X6.509 Y4.848 E0.1053
G1 X7.047 Y4.832 E0.02685
G1 X7.319 Y4.835 E0.01357
G1 X9.242 Y4.72 E0.09611
G1 X10.638 Y4.656 E0.06972
G1 X11.492 Y4.664 E0.04261
G1 X14.277 Y4.648 E0.13895
G1 X14.789 Y4.636 E0.02555
G1 X15.852 Y4.544 E0.05323
G1 X16.977 Y4.504 E0.05616
G1 X19.071 Y4.508 E0.10447
G1 X19.816 Y4.564 E0.03727
G1 X22.269 Y4.664 E0.12248
G1 X23.881 Y4.764 E0.08058
G0 F12000 X24.04 Y3.981
G0 X23.357 Y3.843
G0 X23.575 Y2.539
;TYPE:SKIN
G1 F2394 X23.209 Y2.53 E0.01831
G1 F2307.7 X23.192 Y1.541 E0.05132
G1 F1967.2 X23.245 Y-0.008 E0.09434
G1 F1951.2 X23.16 Y-1.586 E0.09697
G1 F2152.5 X23.118 Y-2.871 E0.07152
G1 F2258.8 X23.441 Y-2.891 E0.01715
G1 F2313.3 X23.547 Y-2.422 E0.02489
G1 F2105.3 X23.705 Y-.581 E0.10509
G1 F1875 X23.777 Y-0.028 E0.03561
G1 X23.715 Y0.588 E0.03954
G1 F2042.6 X23.638 Y1.554 E0.05681
G1 F2222.2 X23.575 Y2.539 E0.05318
G1 F3600 E-1
G0 F12000 X4.719 Y-4.231
G1 F3600 E1
G1 F2400 X6.452 Y-4.06 E0.08688
G1 X8.486 Y-3.967 E0.10158
G1 X8.826 Y-2.465 E0.07683
G1 X8.757 Y-1.553 E0.04563
G1 X8.148 Y-1.248 E0.03398
G1 X7.078 Y-1.152 E0.0536
G1 X6.227 Y-2.741 E0.08993
G1 X4.719 Y-4.231 E0.10576
G1 F3600 E-1
G0 F12000 X7.134 Y2.857
G1 F3600 E1
G1 F2400 X7.092 Y2.981 E0.00653
G1 X7.095 Y4.049 E0.05328
G1 X6.642 Y4.06 E0.02261
G1 X6.366 Y2.536 E0.07727
G1 X7.03 Y1.245 E0.07243
G1 X7.92 Y1.359 E0.04477
G1 X8.675 Y1.699 E0.04131
G1 X8.691 Y2.347 E0.03234
G1 X8.637 Y2.498 E0.008
G1 X7.251 Y2.783 E0.07059
G1 X7.134 Y2.857 E0.00691
G1 F3600 E-1
G0 F12000 X8.389 Y-3.49
G1 F3600 E1
G1 F2400 X8.096 Y-3.784 E0.02071
G0 F12000 X7.502 Y-3.811
G1 F2400 X8.555 Y-2.758 E0.07429
G0 F12000 X8.602 Y-2.146
G1 F2400 X6.91 Y-3.838 E0.11938
G0 F12000 X6.31 Y-3.873
G1 F2400 X8.522 Y-1.66 E0.1561
G0 F12000 X8.145 Y-1.471
G1 F2400 X5.682 Y-3.935 E0.17381
G1 X5.612 Y-4.005
G0 F12000 X6.618 Y-2.433
G1 F2400 X7.647 Y-1.404 E0.0726
G1 X7.717 Y-1.334
G0 F12000 X7.763 Y1.541
G1 F2400 X8.486 Y2.263 E0.05098
G0 F12000 X8.067 Y2.411
G1 F2400 X7.135 Y1.478 E0.06579
G0 F12000 X6.942 Y1.851
G1 F2400 X7.598 Y2.507 E0.04628
G0 F12000 X7.15 Y2.624
G1 F2400 X6.75 Y2.225 E0.02819
G0 F12000 X6.585 Y2.625
G1 F2400 X6.905 Y2.945 E0.02258
G0 F12000 X6.71 Y3.316
G1 F2400 X6.894 Y3.5 E0.01298
G1 F3600 E-1
G0 F12000 X0.732 Y0.082
G1 F3600 E1
G1 F2400 X0.739 Y-.109 E0.00954
G1 X0.664 Y-.225 E0.00689
G1 X0.28 Y-.303 E0.01955
G1 X-.313 Y-.27 E0.02963
G1 X-.411 Y-.224 E0.0054
G1 X-.473 Y-.127 E0.00574
G1 X-.478 Y0.043 E0.00849
G1 X-.351 Y0.209 E0.01043
G1 X0.341 Y0.239 E0.03456
G1 X0.591 Y0.207 E0.01257
G1 X0.732 Y0.082 E0.0094
G1 F3600 E-1
G0 F12000 X8.868 Y2.842
G1 F3600 E1
G1 F2400 X8.965 Y2.722 E0.0077
G1 X9.072 Y2.386 E0.01759
G1 X9.041 Y1.528 E0.04283
G1 X8.984 Y1.426 E0.00583
G1 X8.03 Y0.988 E0.05237
G1 X6.95 Y0.848 E0.05433
G1 X6.78 Y0.897 E0.00883
G1 X5.966 Y2.475 E0.08858
G1 X6.264 Y4.086 E0.08174
G1 X4.826 Y4.23 E0.0721
G1 X4.362 Y4.185 E0.02326
G1 X4.253 Y4.28 E0.00721
G1 X3.868 Y4.28 E0.01921
G1 X1.157 Y4.428 E0.13545
G1 X-1.371 Y4.464 E0.12614
G1 X-2.063 Y4.483 E0.03454
G1 X-4.224 Y4.316 E0.10813
G1 X-4.97 Y4.296 E0.03723
G1 X-6.585 Y4.117 E0.08107
G1 X-7.348 Y4.092 E0.03809
G1 X-8.835 Y3.972 E0.07443
G1 X-9.395 Y3.976 E0.02794
G1 X-10.565 Y3.916 E0.05845
G1 X-11.889 Y3.894 E0.06606
G1 X-12.272 Y2.436 E0.07521
G1 X-12.315 Y-0.035 E0.1233
G1 X-12.272 Y-.641 E0.03031
G1 X-12.176 Y-2.446 E0.09018
G1 X-12.118 Y-2.812 E0.01849
G1 X-11.99 Y-3.954 E0.05733
G1 X-10.856 Y-3.972 E0.05658
G1 X-9.466 Y-4.008 E0.06937
G1 X-7.739 Y-4.095 E0.08627
G1 X-7.351 Y-4.092 E0.01936
G1 X-6.477 Y-4.108 E0.04361
G1 X-4.938 Y-4.278 E0.07725
G1 X-2.048 Y-4.495 E0.14459
G1 X-1.304 Y-4.468 E0.03714
G1 X1.143 Y-4.444 E0.12209
G1 X3.685 Y-4.256 E0.12717
G1 X4.146 Y-4.259 E0.023
G1 X5.921 Y-2.507 E0.12443
G1 X6.821 Y-.815 E0.09561
G1 X6.985 Y-.76 E0.00863
G1 X8.251 Y-.875 E0.06342
G1 X9.069 Y-1.281 E0.04556
G1 X9.126 Y-1.406 E0.00685
G1 X9.21 Y-2.491 E0.05429
G1 X8.879 Y-3.96 E0.07513
G1 X11.017 Y-3.928 E0.10668
G1 X11.939 Y-3.924 E0.046
G1 X12.306 Y-2.442 E0.07617
G1 X12.419 Y-1.233 E0.06058
G1 X12.467 Y-0.03 E0.06007
G1 X12.396 Y1.188 E0.06087
G1 X12.282 Y2.365 E0.059
G1 X12.096 Y3.225 E0.0439
G1 X12.033 Y3.879 E0.03278
G1 X10.663 Y3.875 E0.06835
G1 X9.206 Y3.94 E0.07276
G1 X7.476 Y4.043 E0.08646
G1 X7.473 Y3.131 E0.0455
G1 X8.868 Y2.842 E0.07107
G1 F3600 E-1
G0 F12000 X11.546 Y-3.727
G1 F3600 E1
G1 F2400 X11.859 Y-3.415 E0.02205
G0 F12000 X12.045 Y-2.663
G1 F2400 X10.974 Y-3.734 E0.07556
G0 F12000 X10.402 Y-3.741
G1 F2400 X12.147 Y-1.995 E0.12315
G0 F12000 X12.207 Y-1.369
G1 F2400 X9.829 Y-3.748 E0.16782
G0 F12000 X9.257 Y-3.754
G1 F2400 X12.237 Y-.774 E0.21026
G0 F12000 X12.261 Y-.184
G1 F2400 X9.259 Y-3.186 E0.21181
G0 F12000 X9.409 Y-2.471
G1 F2400 X12.244 Y0.365 E0.20006
G0 F12000 X12.213 Y0.899
G1 F2400 X9.368 Y-1.946 E0.20073
G0 F12000 X9.327 Y-1.421
G1 F2400 X12.173 Y1.425 E0.2008
G0 F12000 X12.123 Y1.94
G1 F2400 X9.106 Y-1.076 E0.21283
G0 F12000 X8.728 Y-.889
G1 F2400 X12.06 Y2.443 E0.23509
G0 F12000 X11.959 Y2.908
G1 F2400 X8.35 Y-.701 E0.25463
G0 F12000 X7.845 Y-.64
G1 F2400 X11.879 Y3.394 E0.28462
G0 F12000 X11.597 Y3.678
G1 F2400 X7.328 Y-.591 E0.3012
G0 F12000 X6.689 Y-.665
G1 F2400 X8.202 Y0.848 E0.10675
G0 F12000 X7.507 Y0.719
G1 F2400 X2.657 Y-4.132 E0.34223
G0 F12000 X2.046 Y-4.177
G1 F2400 X6.894 Y0.671 E0.34205
G0 F12000 X6.556 Y0.899
G1 F2400 X1.435 Y-4.221 E0.36128
G0 F12000 X0.844 Y-4.247
G1 F2400 X6.363 Y1.272 E0.3894
G0 F12000 X6.171 Y1.645
G1 F2400 X0.274 Y-4.252 E0.41607
G0 F12000 X-.298 Y-4.257
G1 F2400 X5.979 Y2.019 E0.44284
G0 F12000 X5.793 Y2.399
G1 F2400 X-.869 Y-4.263 E0.47004
G0 F12000 X-1.444 Y-4.272
G1 F2400 X5.868 Y3.039 E0.51587
G0 F12000 X5.996 Y3.733
G1 F2400 X-2.032 Y-4.294 E0.56638
G0 F12000 X-2.559 Y-4.256
G1 F2400 X5.644 Y3.947 E0.57877
G0 F12000 X5.129 Y3.998
G1 F2400 X0.85 Y-.281 E0.30191
G1 X0.713 Y-.418
G1 X-3.085 Y-4.216 E0.26797
G0 F12000 X-3.612 Y-4.178
G1 F2400 X0.073 Y-.493 E0.26
G0 F12000 X-.429 Y-.429
G1 F2400 X-4.138 Y-4.138 E0.26169
G0 F12000 X-4.664 Y-4.098
G1 F2400 X-.668 Y-.102 E0.28194
G0 F12000 X-.147 Y0.419
G1 F2400 X3.532 Y4.098 E0.25957
G0 F12000 X2.996 Y4.127
G1 F2400 X-5.18 Y-4.049 E0.57686
G0 F12000 X-5.69 Y-3.993
G1 F2400 X2.459 Y4.156 E0.57496
G0 F12000 X1.923 Y4.185
G1 F2400 X-6.2 Y-3.937 E0.57309
G0 F12000 X-6.732 Y-3.903
G1 F2400 X1.386 Y4.214 E0.57273
G0 F12000 X0.838 Y4.232
G1 F2400 X-7.287 Y-3.893 E0.57326
G0 F12000 X-7.849 Y-3.889
G1 F2400 X0.28 Y4.24 E0.57354
G0 F12000 X-.277 Y4.248
G1 F2400 X-8.388 Y-3.862 E0.57224
G0 F12000 X-8.926 Y-3.835
G1 F2400 X-.835 Y4.256 E0.57086
G0 F12000 X-1.392 Y4.265
G1 F2400 X-9.465 Y-3.808 E0.56959
G0 F12000 X-10.018 Y-3.796
G1 F2400 X-1.943 Y4.279 E0.56973
G0 F12000 X-2.543 Y4.245
G1 F2400 X-10.572 Y-3.784 E0.56649
G0 F12000 X-11.126 Y-3.772
G1 F2400 X-3.156 Y4.198 E0.56233
G0 F12000 X-3.769 Y4.151
G1 F2400 X-11.679 Y-3.76 E0.55813
G0 F12000 X-11.857 Y-3.372
G1 F2400 X-4.373 Y4.112 E0.52804
G0 F12000 X-4.955 Y4.096
G1 F2400 X-11.913 Y-2.862 E0.49092
G0 F12000 X-11.981 Y-2.364
G1 F2400 X-5.591 Y4.026 E0.45085
G0 F12000 X-6.227 Y3.956
G1 F2400 X-12.01 Y-1.827 E0.40802
G0 F12000 X-12.038 Y-1.29
G1 F2400 X-6.841 Y3.907 E0.36668
G0 F12000 X-7.43 Y3.884
G1 F2400 X-12.067 Y-.753 E0.32717
G0 F12000 X-12.102 Y-.223
G1 F2400 X-8.044 Y3.835 E0.28631
G0 F12000 X-8.659 Y3.787
G1 F2400 X-12.109 Y0.336 E0.24345
G0 F12000 X-12.099 Y0.911
G1 F2400 X-9.236 Y3.775 E0.20204
G0 F12000 X-9.823 Y3.753
G1 F2400 X-12.089 Y1.487 E0.15988
G0 F12000 X-12.079 Y2.063
G1 F2400 X-10.419 Y3.723 E0.11712
G0 F12000 X-11 Y3.708
G1 F2400 X-11.993 Y2.715 E0.07006
G0 F12000 X-11.791 Y3.483
G1 F2400 X-11.575 Y3.698 E0.0152
G1 F3600 E-1
G0 F12000 X0.428 Y0.428
G1 F3600 E1
G1 F2400 X4.08 Y4.08 E0.25767
G0 F12000 X4.55 Y3.984
G1 F2400 X0.843 Y0.277 E0.26155
G1 X0.773 Y0.207
G1 F3600 E-1
G0 F12000 X3.268 Y-4.086
G1 F3600 E1
G1 F2400 X6.658 Y-.696 E0.23918
G1 X6.728 Y-.626
G0 F12000 X6.015 Y-1.905
G1 F2400 X3.862 Y-4.057 E0.15187
G1 X3.792 Y-4.127
G1 F3600 E-1
G0 F12000 X9.257 Y1.904
G1 F3600 E1
G1 F2400 X11.029 Y3.676 E0.12502
G0 F12000 X10.472 Y3.683
G1 F2400 X9.251 Y2.463 E0.08611
G0 F12000 X9.089 Y2.867
G1 F2400 X9.93 Y3.707 E0.0593
G0 F12000 X9.388 Y3.731
G1 F2400 X8.835 Y3.178 E0.03902
G1 X8.731 Y3.075 E0.0073
G0 F12000 X8.263 Y3.172
G1 F2400 X8.852 Y3.76 E0.04152
G0 F12000 X8.318 Y3.792
G1 F2400 X7.795 Y3.27 E0.03687
G0 F12000 X7.674 Y3.714
G1 F2400 X7.784 Y3.824 E0.00776
G0 F12000 X7.785 Y3.806
G1 F3600 E-1
;MESH:NONMESH
G0 F600 X7.785 Y3.806 Z19.8
G0 F12000 X13.349 Y-1.506
;TIME_ELAPSED:684.336822
;LAYER:65
;TYPE:FILL
;MESH:pi 3mm.stl
G1 F3600 E1
G1 F9600 X22.448 Y-3.944 E0.46996
G1 X22.554 Y-3.948 E0.00529
G1 X19.827 Y-3.857 E0.13613
G1 X19.387 Y-3.825 E0.02201
G1 X16.714 Y-3.832 E0.13336
G1 X15.945 Y-3.854 E0.03838
G1 X22.473 Y2.674 E0.46059
G1 X22.418 Y2.248 E0.02143
G1 X22.424 Y1.315 E0.04655
G1 X21.742 Y3.861 E0.1315
G1 X19.884 Y3.784 E0.09278
G1 X19.455 Y3.757 E0.02145
G1 X16.804 Y3.748 E0.13226
G1 X15.901 Y3.78 E0.04508
G1 X15.155 Y3.844 E0.03735
G1 X14.305 Y3.86 E0.04241
G1 X12.93 Y3.868 E0.0686
G1 X13.245 Y2.393 E0.07525
G1 X13.465 Y0.116 E0.11413
G1 X13.434 Y-.617 E0.0366
G1 X13.349 Y-1.506 E0.04455
G1 F3600 E-1
G0 F12000 X8.429 Y-.253
G0 X-15.501 Y3.76
G1 F3600 E1
G1 F9600 X-13.439 Y-3.936 E0.3975
G1 X-13.97 Y-3.936 E0.02649
G1 X-14.779 Y-3.967 E0.04039
G1 X-18.054 Y-3.912 E0.16341
G1 X-13.161 Y0.981 E0.34523
G1 X-13.139 Y2.455 E0.07355
G1 X-12.766 Y3.877 E0.07334
G1 X-14.487 Y3.861 E0.08586
G1 X-15.839 Y3.725 E0.06779
G1 X-17.148 Y3.68 E0.06534
G1 X-18.67 Y3.682 E0.07593
G1 X-19.8 Y3.776 E0.05657
G1 X-21.98 Y3.844 E0.10881
G1 X-22.079 Y3.847
G1 F3600 E-1
G0 F12000 X6.457 Y0.149
G0 X8.204 Y0.368
G0 X9.672 Y1.041
G0 X9.71 Y2.364
G0 X9.547 Y3.181
G0 X9.215 Y3.066
;TYPE:WALL-INNER
G1 F3600 E1
G1 F3000 X8.963 Y3.227 E0.01492
G1 X7.873 Y3.456 E0.05557
G1 X7.875 Y4.38 E0.0461
G1 X9.16 Y4.304 E0.06422
G1 X10.74 Y4.232 E0.07891
G1 X11.412 Y4.236 E0.03353
G1 X14.314 Y4.22 E0.14478
G1 X15.176 Y4.204 E0.04301
G1 X15.913 Y4.14 E0.03691
G1 X16.798 Y4.108 E0.04418
G1 X19.435 Y4.117 E0.13156
G1 X19.914 Y4.146 E0.02394
G1 X22.415 Y4.248 E0.12488
G1 X23.768 Y4.335 E0.06764
G1 X24.162 Y2.42 E0.09754
G1 X24.419 Y-0.022 E0.1225
G1 X24.387 Y-.237 E0.01084
G1 X24.139 Y-2.469 E0.11204
G1 X23.713 Y-4.374 E0.09739
G1 X22.297 Y-4.3 E0.07074
G1 X19.816 Y-4.216 E0.12385
G1 X19.326 Y-4.184 E0.0245
G1 X16.717 Y-4.192 E0.13016
G1 X15.917 Y-4.217 E0.03993
G1 X15.147 Y-4.272 E0.03851
G1 X10.85 Y-4.272 E0.21438
G1 X9.207 Y-4.309 E0.08199
G1 X9.614 Y-2.522 E0.09144
G1 X9.52 Y-1.3 E0.06115
G1 X9.366 Y-1.025 E0.01572
G1 X9.196 Y-.898 E0.01059
G1 X8.379 Y-.492 E0.04552
G1 X7.011 Y-.361 E0.06856
G1 X6.576 Y-.509 E0.02292
G1 X6.442 Y-.677 E0.01072
G1 X5.597 Y-2.265 E0.08974
G1 X3.486 Y-4.346 E0.14789
G1 X1.773 Y-4.813 E0.08858
G1 X1.155 Y-4.86 E0.03092
G1 X-1.617 Y-4.888 E0.1383
G1 X-2.055 Y-4.903 E0.02186
G1 X-4.92 Y-4.69 E0.14333
G1 X-6.775 Y-4.481 E0.09313
G1 X-7.449 Y-4.476 E0.03363
G1 X-9.44 Y-4.368 E0.09948
G1 X-10.98 Y-4.328 E0.07686
G1 X-11.667 Y-4.324 E0.03428
G1 X-12.496 Y-4.296 E0.04138
G1 X-13.968 Y-4.296 E0.07344
G1 X-14.767 Y-4.327 E0.03989
G1 X-18.762 Y-4.26 E0.19934
G1 X-21.353 Y-4.388 E0.12942
G1 X-22.091 Y-4.413 E0.03684
G1 X-23.08 Y-4.484 E0.04947
G1 X-23.472 Y-3.328 E0.0609
G1 X-23.592 Y-2.618 E0.03592
G1 X-23.69 Y-1.686 E0.04675
G1 X-23.805 Y-.136 E0.07754
G1 X-23.553 Y2.367 E0.12551
G1 X-22.965 Y4.271 E0.09942
G1 X-21.959 Y4.204 E0.0503
G1 X-19.779 Y4.136 E0.10881
G1 X-18.654 Y4.041 E0.05633
G1 X-17.151 Y4.04 E0.07498
G1 X-15.818 Y4.087 E0.06654
G1 X-14.5 Y4.221 E0.06609
G1 X-12.392 Y4.24 E0.10517
G1 X-10.712 Y4.272 E0.08383
G1 X-9.372 Y4.343 E0.06695
G1 X-9.049 Y4.341 E0.01611
G1 X-7.361 Y4.472 E0.08447
G1 X-6.89 Y4.491 E0.02352
G1 X-5.015 Y4.696 E0.0941
G1 X-4.569 Y4.709 E0.02226
G1 X-2.084 Y4.903 E0.12435
G1 X-1.705 Y4.888 E0.01892
G1 X0.594 Y4.855 E0.11471
G1 X3.648 Y4.374 E0.15424
G1 X4.051 Y3.891 E0.03138
G1 X4.308 Y3.781 E0.01395
G1 X4.504 Y3.771 E0.00979
G1 X5.827 Y3.926 E0.06646
G1 X5.585 Y2.613 E0.06661
G1 X5.626 Y2.262 E0.01763
G1 X6.411 Y0.743 E0.0853
G1 X6.552 Y0.579 E0.01079
G1 X6.993 Y0.45 E0.02292
G1 X8.117 Y0.593 E0.05653
G1 X9.144 Y1.061 E0.05631
G1 X9.307 Y1.196 E0.01056
G1 X9.444 Y1.446 E0.01422
G1 X9.475 Y2.467 E0.05096
G1 X9.343 Y2.854 E0.0204
G1 X9.215 Y3.066 E0.01236
G0 F12000 X8.923 Y2.793
;TYPE:WALL-OUTER
G1 F1200 X8.839 Y2.847 E0.00498
G1 X7.473 Y3.131 E0.06961
G1 X7.476 Y4.804 E0.08347
G1 X9.178 Y4.704 E0.08506
G1 X10.77 Y4.632 E0.07951
G1 X11.414 Y4.636 E0.03213
G1 X14.321 Y4.62 E0.14503
G1 X15.197 Y4.604 E0.04371
G1 X15.928 Y4.54 E0.03661
G1 X16.797 Y4.508 E0.04338
G1 X19.409 Y4.516 E0.13031
G1 X19.847 Y4.544 E0.0219
G1 X22.389 Y4.648 E0.12693
G1 X24.09 Y4.757 E0.08504
G1 X24.558 Y2.481 E0.11593
G1 X24.822 Y-0.031 E0.12601
G1 X24.785 Y-.281 E0.01261
G1 X24.534 Y-2.535 E0.11315
G1 X24.142 Y-4.288 E0.08962
G1 X23.99 Y-4.788 E0.02607
G1 X22.283 Y-4.7 E0.08528
G1 X19.795 Y-4.616 E0.1242
G1 X19.327 Y-4.584 E0.0234
G1 X16.729 Y-4.592 E0.12962
G1 X15.945 Y-4.616 E0.03913
G1 X15.161 Y-4.672 E0.03921
G1 X10.859 Y-4.672 E0.21463
G1 X8.656 Y-4.721 E0.10994
G1 X8.763 Y-4.449 E0.01458
G1 X9.211 Y-2.492 E0.10016
G1 X9.12 Y-1.377 E0.05581
G1 X9.061 Y-1.278 E0.00575
G1 X8.251 Y-.875 E0.04514
G1 X6.985 Y-.76 E0.06342
G1 X6.821 Y-.815 E0.00863
G1 X5.921 Y-2.507 E0.09561
G1 X3.692 Y-4.704 E0.15614
G1 X1.841 Y-5.209 E0.09572
G1 X1.171 Y-5.26 E0.03352
G1 X-1.603 Y-5.288 E0.1384
G1 X-2.063 Y-5.303 E0.02296
G1 X-4.957 Y-5.088 E0.14478
G1 X-6.805 Y-4.88 E0.09278
G1 X-7.461 Y-4.876 E0.03273
G1 X-9.45 Y-4.768 E0.09938
G1 X-10.982 Y-4.728 E0.07646
G1 X-11.675 Y-4.724 E0.03457
G1 X-12.496 Y-4.696 E0.04098
G1 X-13.952 Y-4.696 E0.07264
G1 X-14.763 Y-4.727 E0.04049
G1 X-18.742 Y-4.66 E0.19854
G1 X-21.357 Y-4.788 E0.13062
G1 X-22.063 Y-4.812 E0.03524
G1 X-23.36 Y-4.905 E0.06487
G1 X-23.861 Y-3.426 E0.07791
G1 X-23.989 Y-2.672 E0.03816
G1 X-24.088 Y-1.722 E0.04765
G1 X-24.207 Y-.131 E0.0796
G1 X-23.947 Y2.447 E0.12927
G1 X-23.249 Y4.692 E0.11729
G1 X-21.947 Y4.604 E0.06511
G1 X-19.756 Y4.536 E0.10936
G1 X-18.624 Y4.44 E0.05668
G1 X-17.165 Y4.44 E0.07279
G1 X-15.859 Y4.485 E0.0652
G1 X-14.53 Y4.621 E0.06665
G1 X-12.402 Y4.64 E0.10617
G1 X-10.733 Y4.672 E0.08328
G1 X-9.38 Y4.743 E0.06759
G1 X-9.08 Y4.74 E0.01497
G1 X-7.384 Y4.872 E0.08487
G1 X-6.934 Y4.889 E0.02247
G1 X-5.042 Y5.096 E0.09496
G1 X-4.6 Y5.108 E0.02206
G1 X-2.092 Y5.303 E0.1255
G1 X-1.699 Y5.288 E0.01962
G1 X0.572 Y5.256 E0.11331
G1 X1.147 Y5.173 E0.02898
G1 X3.858 Y4.746 E0.13692
G1 X4.31 Y4.206 E0.03513
G1 X4.414 Y4.164 E0.0056
G1 X6.318 Y4.386 E0.09563
G1 X5.967 Y2.476 E0.09689
G1 X6.78 Y0.897 E0.08861
G1 X6.95 Y0.848 E0.00883
G1 X8.03 Y0.988 E0.05433
G1 X8.947 Y1.409 E0.05034
G1 X9.047 Y1.537 E0.0081
G1 X9.073 Y2.414 E0.04377
G1 X8.923 Y2.793 E0.02034
G0 F12000 X8.839 Y2.847
G0 X8.154 Y2.989
G1 F3600 E-1
G0 F12000 X8.295 Y3.674
G0 X9.411 Y3.378
G0 X9.684 Y2.598
G0 X9.953 Y-1.197
;TYPE:SKIN
G1 F3600 E1
G1 F1897.2 X10.031 Y-2.394 E0.0757
G1 F2042.6 X9.918 Y-2.989 E0.0355
G1 F2493.5 X9.637 Y-3.957 E0.0484
G1 F3600 E-1
G0 F12000 X9.856 Y-2.54
G0 X9.727 Y-.9
G0 X8.429 Y-.253
G0 X6.504 Y-0.082
G0 X2.608 Y-4.096
G1 F3600 E1
G1 F1751.8 X1.476 Y-4.404 E0.08018
G1 F1991.7 X0.585 Y-4.453 E0.05365
G1 F2307.7 X-.307 Y-4.502 E0.04635
G1 F3600 E-1
G0 F12000 X-3.404 Y-4.463
G1 F3600 E1
G1 F3096.8 X-3.461 Y-4.43 E0.00255
G1 X-3.461 Y-4.496 E0.00255
G1 X-3.404 Y-4.463 E0.00255
G1 F3600 E-1
G0 F12000 X-8.19 Y-3.915
G1 F3600 E1
G1 F1445.8 X-8.231 Y-3.843 E0.00686
G1 X-8.314 Y-3.843 E0.00687
G1 X-8.356 Y-3.915 E0.0069
G1 X-8.315 Y-3.987 E0.00686
G1 X-8.232 Y-3.987 E0.00687
G1 X-8.19 Y-3.915 E0.0069
G1 F3600 E-1
G0 F12000 X-9.62 Y1.798
G1 F3600 E1
G1 F2400 X-9.663 Y0.329 E0.07332
G1 X-9.728 Y-0.007 E0.01707
G1 X-9.662 Y-.39 E0.01939
G1 X-9.495 Y-1.622 E0.06203
G1 X-8.636 Y-0.002 E0.09148
G1 X-9.62 Y1.798 E0.10234
G1 F3600 E-1
G0 F12000 X-5.314 Y4.213
G1 F3600 E1
G1 F1672.5 X-6.834 Y4.007 E0.10982
G1 F1566.1 X-7.469 Y3.974 E0.04862
G1 F1627.1 X-7.813 Y3.972 E0.02531
G1 F1624.4 X-8.651 Y3.883 E0.06212
G1 F1563.5 X-9.002 Y3.147 E0.06245
G1 X-8.381 Y3.292 E0.04884
G1 F1578.9 X-7.712 Y3.422 E0.05168
G1 X-7.433 Y3.34 E0.02205
G1 F1566.1 X-6.769 Y3.629 E0.05537
G1 F1672.5 X-5.314 Y4.213 E0.11224
G1 F1807.9 X-5.191 Y4.231 E0.00823
G1 F1658 X-4.677 Y4.211 E0.03715
G1 F1409.7 X-4.162 Y4.19 E0.04378
G1 F1411.8 X-3.655 Y4.281 E0.04369
G1 F1660.9 X-3.147 Y4.373 E0.03722
G1 F2025.3 X-2.639 Y4.464 E0.03051
G1 F2580.6 X-2.132 Y4.556 E0.02391
G1 F2774.6 X-1.71 Y4.522 E0.01827
G1 F2318.8 X-1.081 Y4.471 E0.03259
G1 F1935.5 X-.452 Y4.419 E0.03905
G1 F1672.5 X0.558 Y4.367 E0.0724
G1 F1652.3 X1.387 Y4.265 E0.06053
G1 F1729.7 X2.671 Y4.06 E0.09001
G0 F12000 X2.658 Y4.07
G1 F1794.4 X2.786 Y3.968 E0.01092
G1 F1835.6 X3.103 Y3.566 E0.0334
G1 F1860.5 X3.418 Y3.199 E0.03113
G1 F2082.4 X3.686 Y2.772 E0.02899
G1 F2400 X4.935 Y0.041 E0.14982
G1 X4.939 Y-0.095 E0.00679
G1 F2347.2 X3.754 Y-2.904 E0.15552
G1 F2253.5 X3.011 Y-3.644 E0.05572
G1 F1897.2 X2.608 Y-4.096 E0.03822
G1 F1742.3 X2.765 Y-4.083 E0.01083
G1 F2008.4 X3.276 Y-3.99 E0.03097
G1 F2206.9 X4.047 Y-3.227 E0.05885
G1 F2296.7 X5.285 Y-2.031 E0.08974
G1 F2400 X6.103 Y-.497 E0.08673
G1 X6.39 Y-.186 E0.02111
G1 X6.999 Y0.024 E0.03214
G1 X8.467 Y-.111 E0.07355
G1 X9.365 Y-.556 E0.05
G1 X9.616 Y-.739 E0.0155
G1 F2091.5 X9.953 Y-1.197 E0.03255
G1 X9.979 Y-.708 E0.02803
G1 F2400 X9.928 Y-0.052 E0.03283
G1 X9.948 Y0.891 E0.04706
G1 F2033.9 X9.896 Y1.4 E0.03012
G1 X9.568 Y0.921 E0.03418
G1 F2400 X9.317 Y0.722 E0.01598
G1 X8.245 Y0.225 E0.05895
G1 X7.001 Y0.063 E0.06259
G1 X6.379 Y0.247 E0.03236
G1 X6.104 Y0.517 E0.01923
G1 X5.282 Y2.096 E0.08881
G1 X5.211 Y2.334 E0.01239
G1 X5.208 Y2.644 E0.01547
G1 X5.358 Y3.486 E0.04267
G1 X4.551 Y3.393 E0.04053
G1 X4.218 Y3.41 E0.01664
G1 F2082.4 X3.808 Y3.543 E0.02478
G1 F1860.5 X3.425 Y3.966 E0.03672
G1 F1842.6 X2.658 Y4.07 E0.0503
G1 F3600 E-1
G0 F12000 X6.457 Y0.149
G0 X8.204 Y0.368
G0 X9.672 Y1.041
G0 X9.896 Y1.4
G1 F3600 E1
G1 F1751.8 X9.926 Y2.27 E0.0595
G1 F1967.2 X9.857 Y2.561 E0.0182
G1 F2307.7 X9.519 Y3.29 E0.04169
G0 F12000 X8.978 Y3.956
G1 F1871.3 X8.572 Y3.827 E0.02726
G1 X8.932 Y3.598 E0.0273
G1 F2553.2 X9.111 Y3.566 E0.00853
G1 F2412.1 X9.519 Y3.29 E0.02445
G1 X9.357 Y3.921 E0.03234
G1 F2553.2 X8.978 Y3.956 E0.01785
G0 F12000 X8.572 Y3.827
G1 F1483.8 X8.367 Y3.855 E0.0167
G1 F3600 E-1
G0 F12000 X9.411 Y3.378
G0 X9.714 Y2.511
G0 X9.672 Y1.041
G0 X8.204 Y0.368
G0 X6.789 Y0.191
G0 X-9.32 Y-.863
G1 F3600 E1
G1 F2400 X-9.407 Y-.776 E0.00614
G0 F12000 X-9.123 Y-.494
G1 F2400 X-9.508 Y-.109 E0.02716
G0 F12000 X-9.462 Y0.411
G1 F2400 X-8.927 Y-.124 E0.03775
G0 F12000 X-9.32 Y0.834
G1 F2400 X-9.443 Y0.957 E0.00868
G1 F3600 E-1
G0 F12000 X3.998 Y-2.867
G1 F3600 E1
G1 F2400 X4.062 Y-2.93 E0.00448
G0 F12000 X4.35 Y-2.653
G1 F2400 X4.162 Y-2.465 E0.01326
G0 F12000 X4.326 Y-2.063
G1 F2400 X4.639 Y-2.376 E0.02208
G0 F12000 X4.927 Y-2.099
G1 F2400 X4.491 Y-1.662 E0.0308
G0 F12000 X4.658 Y-1.264
G1 F2400 X5.186 Y-1.792 E0.03725
G0 F12000 X5.382 Y-1.423
G1 F2400 X4.827 Y-.868 E0.03916
G0 F12000 X4.996 Y-.471
G1 F2400 X5.579 Y-1.054 E0.04113
G0 F12000 X5.776 Y-.685
G1 F2400 X5.122 Y-0.031 E0.04614
G1 X5.052 Y0.039
G0 F12000 X5.985 Y-.328
G1 F2400 X4.769 Y0.888 E0.0858
G1 X4.699 Y0.958
G0 F12000 X4.291 Y1.932
G1 F2400 X6.272 Y-0.049 E0.13977
G1 X6.342 Y-.119
G0 F12000 X5.446 Y1.342
G1 F2400 X3.806 Y2.983 E0.11575
G0 F12000 X4.126 Y3.228
G1 F2400 X5.015 Y2.339 E0.06272
G0 F12000 X5.045 Y2.874
G1 F2400 X4.709 Y3.21 E0.02371
G1 F3600 E-1
G0 F12000 X6.457 Y0.149
G0 X8.791 Y0.26
G1 F3600 E1
G1 F2400 X9.404 Y-.353 E0.04325
G0 F12000 X9.733 Y-.116
G1 F2400 X9.178 Y0.438 E0.03912
G0 F12000 X9.531 Y0.651
G1 F2400 X9.738 Y0.444 E0.0146
G1 F3600 E-1
G0 F12000 X-9.172 Y-2.802
G1 F3600 E1
G1 F1886.1 X-9.062 Y-2.777 E0.00716
G1 F2222.2 X-7.353 Y-3.909 E0.11045
G1 F2400 X-6.783 Y-4.089 E0.02982
G1 X-6.777 Y-4.098 E0.00054
G1 X-4.929 Y-4.304 E0.09277
G1 X-4.371 Y-4.347 E0.02792
G1 X-4.363 Y-4.337 E0.00064
G1 X-3.443 Y-4.118 E0.04718
G1 X-2.077 Y-4.478 E0.07048
G1 X-.376 Y-4.135 E0.08657
G1 X1.299 Y-3.966 E0.08399
G1 X2.436 Y-3.657 E0.05878
G1 X3.435 Y-2.657 E0.07052
G1 X4.553 Y-0.035 E0.14221
G1 X3.353 Y2.588 E0.14391
G1 X2.482 Y3.629 E0.06772
G1 X1.271 Y3.817 E0.06114
G1 X-.554 Y3.976 E0.09139
G1 X-2.106 Y4.211 E0.07831
G1 X-4.128 Y3.631 E0.10495
G1 X-5.188 Y3.785 E0.05344
G1 X-7.344 Y2.848 E0.11728
G1 X-7.482 Y2.84 E0.0069
G1 X-7.759 Y2.936 E0.01463
G1 X-9.418 Y2.547 E0.08501
G1 X-9.556 Y2.571 E0.00699
G1 X-9.681 Y2.72 E0.0097
G1 X-9.695 Y2.827 E0.00538
G1 X-9.154 Y3.966 E0.06291
G1 X-10.689 Y3.892 E0.07667
G1 X-12.416 Y3.858 E0.08618
G1 X-12.796 Y2.404 E0.07498
G1 X-12.816 Y1.112 E0.06447
G1 X-12.851 Y-0.035 E0.05725
G1 X-12.756 Y-1.268 E0.0617
G1 X-12.696 Y-2.407 E0.0569
G1 X-12.554 Y-3.366 E0.04837
G1 X-12.492 Y-3.921 E0.02786
G1 X-11.667 Y-3.944 E0.04118
G1 X-10.978 Y-3.948 E0.03437
G1 X-9.43 Y-3.988 E0.07726
G1 X-8.797 Y-4.023 E0.03163
G1 X-9.256 Y-3.184 E0.04771
G1 X-9.28 Y-3.074 E0.00562
G1 F2008.4 X-9.172 Y-2.802 E0.01745
G1 F3600 E-1
G0 F12000 X-9.83 Y2.452
G1 F3600 E1
G1 F2400 X-9.605 Y2.467 E0.01125
G1 X-9.5 Y2.376 E0.00693
G1 X-8.237 Y0.062 E0.13152
G1 F2388.1 X-8.235 Y-0.055 E0.00587
G1 F2364.5 X-9.325 Y-2.114 E0.11797
G1 F1991.7 X-9.372 Y-2.286 E0.01072
G1 F1729.7 X-9.415 Y-2.307 E0.00331
G1 F2008.4 X-9.73 Y-2.198 E0.01987
G1 F2400 X-9.814 Y-2.106 E0.00622
G1 X-10.026 Y-.499 E0.08087
G1 X-10.112 Y-0.02 E0.02428
G1 X-10.04 Y0.383 E0.02042
G1 X-9.986 Y2.288 E0.09508
G1 X-9.945 Y2.38 E0.00503
G1 X-9.83 Y2.452 E0.00677
G1 F3600 E-1
G0 F12000 X6.457 Y0.149
G0 X8.204 Y0.368
G0 X9.672 Y1.041
G0 X9.751 Y3.892
G1 F3600 E1
G1 F2400 X9.881 Y3.427 E0.02409
G1 X10.376 Y2.365 E0.05846
G1 X10.328 Y0.89 E0.07363
G1 X10.309 Y-0.03 E0.04591
G1 X10.38 Y-.936 E0.04534
G1 X10.456 Y-2.426 E0.07443
G1 X10.312 Y-3.088 E0.0338
G1 X10.016 Y-3.909 E0.04354
G1 X10.839 Y-3.892 E0.04107
G1 X12.514 Y-3.892 E0.08357
G1 X12.756 Y-3.066 E0.04294
G1 X12.918 Y-2.414 E0.03352
G1 X13.092 Y-.582 E0.09181
G1 X13.123 Y0.098 E0.03396
G1 X12.906 Y2.337 E0.11223
G1 X12.584 Y3.848 E0.07708
G1 X10.731 Y3.852 E0.09245
G1 X9.751 Y3.892 E0.04893
G0 F12000 X12.189 Y3.65
G1 F2400 X12.484 Y3.355 E0.02081
G0 F12000 X12.637 Y2.636
G1 F2400 X11.623 Y3.651 E0.07158
G0 F12000 X11.056 Y3.651
G1 F2400 X12.741 Y1.967 E0.11885
G0 F12000 X12.801 Y1.341
G1 F2400 X10.48 Y3.662 E0.16376
G0 F12000 X10.066 Y3.511
G1 F2400 X12.862 Y0.714 E0.19731
G0 F12000 X12.922 Y0.088
G1 F2400 X10.566 Y2.445 E0.16626
G0 F12000 X10.565 Y1.88
G1 F2400 X12.898 Y-.453 E0.16461
G0 F12000 X12.854 Y-.974
G1 F2400 X10.545 Y1.334 E0.16288
G0 F12000 X10.527 Y0.787
G1 F2400 X12.804 Y-1.491 E0.16069
G0 F12000 X12.755 Y-2.007
G1 F2400 X10.515 Y0.233 E0.15804
G0 F12000 X10.535 Y-.353
G1 F2400 X12.688 Y-2.506 E0.15191
G0 F12000 X12.576 Y-2.959
G1 F2400 X10.581 Y-.964 E0.14076
G0 F12000 X10.612 Y-1.561
G1 F2400 X12.449 Y-3.398 E0.12961
G0 F12000 X12.177 Y-3.692
G1 F2400 X10.642 Y-2.157 E0.1083
G0 F12000 X10.604 Y-2.684
G1 F2400 X11.611 Y-3.692 E0.07108
G0 F12000 X11.046 Y-3.692
G1 F2400 X10.502 Y-3.148 E0.03838
G0 F12000 X10.353 Y-3.565
G1 F2400 X10.487 Y-3.699 E0.00945
G1 F3600 E-1
G0 F12000 X9.727 Y-.9
G0 X8.429 Y-.253
G0 X6.504 Y-0.082
G0 X3.895 Y-1.066
G1 F3600 E1
G1 F2400 X-1.016 Y3.845 E0.3465
G0 F12000 X-.366 Y3.76
G1 F2400 X4.064 Y-.67 E0.31256
G0 F12000 X4.233 Y-.273
G1 F2400 X0.255 Y3.705 E0.28067
G0 F12000 X0.874 Y3.651
G1 F2400 X4.14 Y0.385 E0.23043
G1 X4.21 Y0.315
G0 F12000 X3.663 Y1.428
G1 F2400 X1.514 Y3.577 E0.15162
G0 F12000 X2.184 Y3.473
G1 F2400 X3.186 Y2.471 E0.0707
G1 X3.256 Y2.401
G1 F3600 E-1
G0 F12000 X3.726 Y-1.463
G1 F3600 E1
G1 F2400 X-1.682 Y3.945 E0.38156
G0 F12000 X-2.262 Y3.959
G1 F2400 X3.557 Y-1.86 E0.41056
G0 F12000 X3.388 Y-2.256
G1 F2400 X-2.702 Y3.833 E0.42965
G0 F12000 X-3.142 Y3.708
G1 F2400 X3.188 Y-2.622 E0.44662
G0 F12000 X2.905 Y-2.905
G1 F2400 X-3.583 Y3.583 E0.45776
G0 F12000 X-4.023 Y3.458
G1 F2400 X2.622 Y-3.188 E0.46888
G0 F12000 X2.339 Y-3.47
G1 F2400 X-4.634 Y3.503 E0.49198
G0 F12000 X-5.241 Y3.544
G1 F2400 X1.899 Y-3.596 E0.50377
G0 F12000 X1.454 Y-3.717
G1 F2400 X-5.636 Y3.373 E0.50024
G0 F12000 X-6.03 Y3.202
G1 F2400 X0.97 Y-3.799 E0.49392
G0 F12000 X0.456 Y-3.85
G1 F2400 X-6.424 Y3.03 E0.48542
G0 F12000 X-6.819 Y2.859
G1 F2400 X-0.058 Y-3.902 E0.47703
G0 F12000 X-.556 Y-3.969
G1 F2400 X-7.213 Y2.688 E0.46969
G0 F12000 X-7.81 Y2.719
G1 F2400 X-1.027 Y-4.064 E0.47858
G0 F12000 X-1.498 Y-4.158
G1 F2400 X-8.268 Y2.611 E0.47762
G0 F12000 X-8.726 Y2.504
G1 F2400 X-1.969 Y-4.253 E0.47674
G0 F12000 X-2.673 Y-4.115
G1 F2400 X-9.185 Y2.396 E0.45942
G0 F12000 X-9.95 Y2.596
G1 F2400 X-11.039 Y3.685 E0.07683
G0 F12000 X-10.49 Y3.702
G1 F2400 X-9.82 Y3.032 E0.04727
G0 F12000 X-9.638 Y3.415
G1 F2400 X-9.952 Y3.729 E0.02215
G0 F12000 X-10.187 Y2.267
G1 F2400 X-11.594 Y3.675 E0.09931
G0 F12000 X-12.15 Y3.664
G1 F2400 X-10.202 Y1.717 E0.13741
G0 F12000 X-10.218 Y1.167
G1 F2400 X-12.355 Y3.304 E0.15078
G0 F12000 X-12.471 Y2.855
G1 F2400 X-10.233 Y0.617 E0.1579
G0 F12000 X-10.293 Y0.111
G1 F2400 X-12.589 Y2.406 E0.16196
G0 F12000 X-12.604 Y1.856
G1 F2400 X-10.225 Y-.523 E0.16785
G0 F12000 X-10.138 Y-1.175
G1 F2400 X-12.613 Y1.299 E0.17459
G0 F12000 X-12.627 Y0.747
G1 F2400 X-10.052 Y-1.828 E0.18168
G1 X-9.982 Y-1.898
G0 F12000 X-9.133 Y-2.181
G1 F2400 X-8.216 Y-3.098 E0.0647
G1 X-8.146 Y-3.168
G0 F12000 X-9.217 Y-3.794
G1 F2400 X-12.623 Y-.387 E0.24035
G0 F12000 X-12.644 Y0.199
G1 F2400 X-9.462 Y-2.983 E0.22451
G1 X-9.392 Y-3.053
G0 F12000 X-9.798 Y-3.779
G1 F2400 X-12.576 Y-1.001 E0.196
G0 F12000 X-12.538 Y-1.604
G1 F2400 X-10.378 Y-3.764 E0.1524
G0 F12000 X-10.959 Y-3.748
G1 F2400 X-12.507 Y-2.201 E0.10918
G0 F12000 X-12.429 Y-2.845
G1 F2400 X-11.529 Y-3.745 E0.0635
G0 F12000 X-12.107 Y-3.732
G1 F2400 X-12.33 Y-3.509 E0.01573
G1 F3600 E-1
G0 F12000 X-8.937 Y-1.811
G1 F3600 E1
G1 F2400 X-6.903 Y-3.845 E0.14351
G0 F12000 X-6.223 Y-3.959
G1 F2400 X-8.741 Y-1.441 E0.17766
G0 F12000 X-8.545 Y-1.071
G1 F2400 X-5.587 Y-4.03 E0.20874
G0 F12000 X-4.95 Y-4.101
G1 F2400 X-8.35 Y-.701 E0.23989
G0 F12000 X-8.154 Y-.332
G1 F2400 X-4.354 Y-4.131 E0.26808
G0 F12000 X-3.898 Y-4.022
G1 F2400 X-8.043 Y0.124 E0.29249
G1 X-8.113 Y0.194
G0 F12000 X-8.721 Y1.368
G1 F2400 X-3.439 Y-3.915 E0.37271
G1 X-3.369 Y-3.985
G1 F3600 E-1
G0 F12000 X6.504 Y-0.082
G0 X23.459 Y3.932
G1 F3600 E1
G1 F2400 X22.97 Y3.899 E0.02445
G1 X22.757 Y2.224 E0.08424
G1 X22.773 Y0.014 E0.11026
G1 X22.701 Y-2.339 E0.11745
G1 X22.895 Y-3.949 E0.0809
G1 X23.41 Y-3.975 E0.02573
G1 X23.762 Y-2.41 E0.08003
G1 X24.005 Y-.194 E0.11122
G1 X24.034 Y-0.014 E0.0091
G1 X23.781 Y2.365 E0.11936
G1 X23.459 Y3.932 E0.07981
G0 F12000 X23.294 Y1.899
G1 F1882.4 X23.139 Y1.498 E0.02735
G1 F2455.2 X23.186 Y0.006 E0.0728
G1 F2461.5 X23.087 Y-1.9 E0.09284
G1 F1878.7 X23.234 Y-2.309 E0.0277
G1 X23.437 Y-1.924 E0.02774
G1 F2461.5 X23.616 Y-0.006 E0.0937
G1 F2455.2 X23.491 Y1.518 E0.07457
G1 F1882.4 X23.294 Y1.899 E0.02728
G0 F12000 X23.277 Y2.185
G1 F1470.1 X23.294 Y1.899 E0.02333
G1 F3600 E-1
;MESH:NONMESH
G0 F600 X23.294 Y1.899 Z20.1
G0 F12000 X6.457 Y0.149
G0 X-22.11 Y3.821
;TIME_ELAPSED:713.427069
;LAYER:66
;TYPE:FILL
;MESH:pi 3mm.stl
G1 F3600 E1
G1 F9600 X-19.808 Y3.752 E0.1149
G1 X-18.972 Y3.682 E0.04185
G1 X-16.929 Y3.688 E0.10193
G1 X-15.712 Y3.727 E0.06075
G1 X-13.665 Y-3.912 E0.39456
G1 X-13.336 Y-3.91 E0.01641
G1 X-13.557 Y-2.421 E0.0751
G1 X-13.584 Y-1.897 E0.02618
G1 X-13.739 Y0.103 E0.10008
G1 X-17.759 Y-3.917 E0.28363
G1 X-19.062 Y-3.896 E0.06502
G1 X-20.956 Y-3.986 E0.0946
G1 X-22.188 Y-4.033 E0.06151
G1 X-23.049 Y-4.091 E0.04305
G1 X-23.098 Y-3.944 E0.00773
G1 X-22.651 Y-4.064 E0.02309
G1 X-22.555 Y-4.089
G1 F3600 E-1
G0 F12000 X-9.286 Y-2.532
G0 X-7.938 Y0.003
G0 X-8.579 Y2.067
G0 X-8.97 Y2.241
;TYPE:WALL-INNER
G1 F3600 E1
G1 F3000 X-7.78 Y2.52 E0.06098
G1 X-7.598 Y2.457 E0.00961
G1 X-7.184 Y2.481 E0.02069
G1 X-5.133 Y3.373 E0.11158
G1 X-4.103 Y3.225 E0.05191
G1 X-2.08 Y3.803 E0.10497
G1 X-.626 Y3.582 E0.07337
G1 X1.223 Y3.42 E0.0926
G1 X2.272 Y3.257 E0.05296
G1 X3.011 Y2.373 E0.05748
G1 X4.116 Y-0.041 E0.13245
G1 X3.097 Y-2.429 E0.12953
G1 X2.228 Y-3.299 E0.06135
G1 X1.226 Y-3.572 E0.05181
G1 X-.417 Y-3.737 E0.08238
G1 X-2.065 Y-4.068 E0.08386
G1 X-3.375 Y-3.727 E0.06753
G1 X-3.544 Y-3.732 E0.00844
G1 X-5.045 Y-4.092 E0.07701
G1 X-6.447 Y-3.776 E0.0717
G1 X-7.178 Y-3.545 E0.03825
G1 F2970.3 X-8.875 Y-2.42 E0.10259
G1 F2898.6 X-9.033 Y-2.426 E0.00816
G1 F2934 X-7.866 Y-.216 E0.12749
G1 F3000 X-7.834 Y-0.056 E0.00814
G1 X-7.853 Y0.192 E0.01241
G1 X-8.97 Y2.241 E0.11643
G1 F3600 E-1
G0 F12000 X-8.579 Y2.067
G0 X-7.938 Y0.003
G0 X-9.286 Y-2.532
G0 X-10.357 Y-0.001
G0 X-10.209 Y2.601
G0 X-9.837 Y4.047
G0 X-9.428 Y4.316
G1 F3600 E1
G1 F3000 X-10.085 Y2.938 E0.07616
G1 X-10.071 Y2.763 E0.00876
G1 X-10.192 Y2.701 E0.00678
G1 X-10.384 Y2.407 E0.01752
G1 X-10.439 Y0.427 E0.09882
G1 X-10.507 Y0.074 E0.01794
G1 X-10.208 Y-2.201 E0.11448
G1 X-10.116 Y-2.373 E0.00973
G1 X-9.943 Y-2.537 E0.01189
G1 F2941.2 X-9.539 Y-2.669 E0.02163
G1 F2877.7 X-9.599 Y-2.738 E0.00476
G1 F2941.2 X-9.677 Y-3.152 E0.02144
G1 F3000 X-9.607 Y-3.376 E0.01171
G1 X-9.07 Y-4.361 E0.05597
G1 X-11.131 Y-4.303 E0.10286
G1 X-11.633 Y-4.3 E0.02505
G1 X-12.583 Y-4.268 E0.04742
G1 X-13.852 Y-4.272 E0.06331
G1 X-15.146 Y-4.319 E0.0646
G1 X-19.058 Y-4.256 E0.1952
G1 X-20.937 Y-4.346 E0.09385
G1 X-22.185 Y-4.393 E0.06231
G1 X-23.302 Y-4.469 E0.05586
G1 X-23.592 Y-3.608 E0.04533
G1 X-23.765 Y-2.601 E0.05098
G1 X-23.902 Y-1.298 E0.06537
G1 X-23.985 Y-.145 E0.05767
G1 X-23.736 Y2.348 E0.125
G1 X-23.298 Y3.764 E0.07395
G1 X-23.173 Y4.255 E0.02528
G1 X-22.058 Y4.18 E0.05575
G1 X-19.787 Y4.112 E0.11335
G1 X-18.956 Y4.041 E0.04161
G1 X-16.933 Y4.048 E0.10093
G1 X-15.917 Y4.08 E0.05071
G1 X-14.996 Y4.172 E0.04618
G1 X-14.196 Y4.196 E0.03993
G1 X-12.47 Y4.212 E0.08611
G1 X-10.833 Y4.248 E0.08169
G1 X-9.428 Y4.316 E0.07018
G0 F12000 X-9.837 Y4.047
G0 X-10.361 Y3.036
G0 X-9.83 Y2.452
;TYPE:WALL-OUTER
G1 F1200 X-9.923 Y2.405 E0.0052
G1 X-9.987 Y2.308 E0.0058
G1 X-10.04 Y0.383 E0.09608
G1 X-10.111 Y0.022 E0.01836
G1 X-10.026 Y-.499 E0.02634
G1 X-9.811 Y-2.101 E0.08064
G1 X-9.731 Y-2.198 E0.00627
G1 F1004.2 X-9.415 Y-2.307 E0.01993
G1 F864.9 X-9.372 Y-2.286 E0.00331
G1 F995.9 X-9.325 Y-2.116 E0.0106
G1 F1188.1 X-8.241 Y-0.062 E0.11703
G1 F1200 X-8.238 Y0.063 E0.00624
G1 X-9.5 Y2.376 E0.13145
G1 X-9.605 Y2.467 E0.00693
G1 X-9.83 Y2.452 E0.01125
G0 F12000 X-9.923 Y2.405
G0 X-9.987 Y2.308
G0 X-10.002 Y1.729
G1 F3600 E-1
G0 F12000 X-10.702 Y1.747
G0 X-10.014 Y-2.396
G0 X-9.172 Y-2.318
G0 X-9.172 Y-2.802
G1 F3600 E1
G1 F1004.2 X-9.28 Y-3.075 E0.0175
G1 F1200 X-9.256 Y-3.184 E0.00557
G1 X-8.37 Y-4.808 E0.0923
G1 X-9.414 Y-4.752 E0.05216
G1 X-11.134 Y-4.703 E0.08585
G1 X-11.646 Y-4.7 E0.02554
G1 X-12.581 Y-4.668 E0.04667
G1 X-13.838 Y-4.672 E0.06271
G1 X-15.142 Y-4.719 E0.0651
G1 X-19.038 Y-4.656 E0.1944
G1 X-20.917 Y-4.746 E0.09385
G1 X-22.158 Y-4.792 E0.06196
G1 X-23.583 Y-4.889 E0.07126
G1 X-23.981 Y-3.706 E0.06227
G1 X-24.161 Y-2.656 E0.05315
G1 X-24.3 Y-1.334 E0.06632
G1 X-24.387 Y-.139 E0.05978
G1 X-24.13 Y2.428 E0.12871
G1 X-23.686 Y3.862 E0.07489
G1 X-23.479 Y4.677 E0.04195
G1 X-22.046 Y4.58 E0.07166
G1 X-19.764 Y4.512 E0.1139
G1 X-18.927 Y4.44 E0.04191
G1 X-16.945 Y4.448 E0.09888
G1 X-15.915 Y4.481 E0.05141
G1 X-15.022 Y4.572 E0.04478
G1 X-14.204 Y4.596 E0.04083
G1 X-12.479 Y4.612 E0.08606
G1 X-10.853 Y4.648 E0.08114
G1 X-8.779 Y4.747 E0.10359
G1 X-9.689 Y2.825 E0.10609
G1 X-9.681 Y2.72 E0.00525
G1 X-9.556 Y2.571 E0.0097
G1 X-9.418 Y2.547 E0.00699
G1 X-7.759 Y2.936 E0.08501
G1 X-7.482 Y2.84 E0.01463
G1 X-7.344 Y2.848 E0.0069
G1 X-5.188 Y3.785 E0.11728
G1 X-4.128 Y3.631 E0.05344
G1 X-2.106 Y4.211 E0.10495
G1 X-.554 Y3.976 E0.07831
G1 X1.271 Y3.817 E0.09139
G1 X2.482 Y3.629 E0.06114
G1 X3.353 Y2.588 E0.06772
G1 X4.553 Y-0.035 E0.14391
G1 X3.435 Y-2.657 E0.14221
G1 X2.436 Y-3.657 E0.07052
G1 X1.299 Y-3.966 E0.05878
G1 X-.376 Y-4.135 E0.08399
G1 X-2.077 Y-4.478 E0.08657
G1 X-3.443 Y-4.118 E0.07048
G1 X-5.042 Y-4.502 E0.08204
G1 X-6.551 Y-4.162 E0.07717
G1 X-7.352 Y-3.909 E0.04191
G1 F1111.1 X-9.062 Y-2.777 E0.1105
G1 F943 X-9.172 Y-2.802 E0.00716
G0 F12000 X-9.28 Y-3.075
G0 X-9.256 Y-3.184
G0 X-9.068 Y-3.529
G1 F3600 E-1
G0 F12000 X-9.682 Y-3.865
G0 X-10.372 Y-2.737
G0 X-10.764 Y0.003
G0 X-10.6 Y2.92
G0 X-10.121 Y3.853
;TYPE:SKIN
G1 F3600 E1
G1 F2142.9 X-10.417 Y3.115 E0.04443
G1 F2882.9 X-10.644 Y2.56 E0.0249
G1 F3678.2 X-10.695 Y2.296 E0.00875
G1 F3706.6 X-10.714 Y1.632 E0.02146
G1 F3127 X-10.776 Y1.049 E0.02245
G1 F2394 X-10.839 Y0.465 E0.02938
G1 F2069 X-10.912 Y-0.014 E0.02804
G1 F2060.1 X-10.572 Y-2.342 E0.13674
G1 F2123.9 X-10.449 Y-2.593 E0.01576
G1 F1736 X-10.156 Y-2.993 E0.0342
G1 F1592 X-10.12 Y-3.231 E0.0181
G1 F1666.7 X-9.892 Y-3.856 E0.0478
G1 F3600 E-1
G0 F12000 X-10.372 Y-2.737
G0 X-10.764 Y0.003
G0 X-10.57 Y3.879
G1 F3600 E1
G1 F2400 X-12.945 Y3.823 E0.11852
G1 X-13.324 Y2.377 E0.07458
G1 X-13.332 Y1.697 E0.03393
G1 X-13.387 Y-0.039 E0.08665
G1 X-13.244 Y-1.86 E0.09113
G1 X-13.216 Y-2.392 E0.02658
G1 X-12.997 Y-3.873 E0.07469
G1 X-11.634 Y-3.919 E0.06804
G1 X-11.132 Y-3.919 E0.02504
G1 X-10.369 Y-3.94 E0.03808
G1 X-10.513 Y-3.465 E0.02476
G1 X-10.941 Y-2.468 E0.05413
G1 X-11.014 Y-1.91 E0.02808
G1 X-11.339 Y-0.008 E0.09627
G1 X-11.024 Y1.65 E0.0842
G1 X-10.995 Y2.46 E0.04044
G1 X-10.68 Y3.587 E0.05838
G1 X-10.57 Y3.879 E0.01557
G0 F12000 X-12.201 Y3.638
G1 F2400 X-12.995 Y2.845 E0.05599
G0 F12000 X-13.127 Y2.147
G1 F2400 X-11.623 Y3.651 E0.10612
G0 F12000 X-11.045 Y3.663
G1 F2400 X-13.136 Y1.572 E0.14753
G0 F12000 X-13.155 Y0.987
G1 F2400 X-11.015 Y3.128 E0.15102
G0 F12000 X-11.202 Y2.374
G1 F2400 X-13.174 Y0.402 E0.13914
G0 F12000 X-13.178 Y-.167
G1 F2400 X-11.219 Y1.792 E0.13822
G0 F12000 X-11.326 Y1.119
G1 F2400 X-13.136 Y-.691 E0.12771
G0 F12000 X-13.094 Y-1.215
G1 F2400 X-11.457 Y0.423 E0.11553
G0 F12000 X-11.51 Y-.197
G1 F2400 X-13.052 Y-1.739 E0.1088
G0 F12000 X-13.023 Y-2.275
G1 F2400 X-11.428 Y-.68 E0.11254
G0 F12000 X-11.345 Y-1.162
G1 F2400 X-12.958 Y-2.775 E0.11381
G0 F12000 X-12.885 Y-3.268
G1 F2400 X-11.262 Y-1.645 E0.11451
G0 F12000 X-11.185 Y-2.134
G1 F2400 X-12.733 Y-3.682 E0.10922
G0 F12000 X-12.185 Y-3.7
G1 F2400 X-11.096 Y-2.611 E0.07683
G0 F12000 X-10.926 Y-3.007
G1 F2400 X-11.638 Y-3.718 E0.0502
G0 F12000 X-11.08 Y-3.726
G1 F2400 X-10.757 Y-3.403 E0.02279
G1 F3600 E-1
G0 F12000 X-9.433 Y-2.619
G0 X-2.641 Y3.107
G1 F3600 E1
G1 F1889.8 X-3.067 Y3.145 E0.0271
G1 F2526.3 X-4.053 Y2.83 E0.04906
G1 F2376.2 X-5.079 Y2.978 E0.05223
G1 F2400 X-7.06 Y2.118 E0.10774
G1 X-7.64 Y2.084 E0.02899
G1 X-7.803 Y2.124 E0.00837
G1 X-8.395 Y1.985 E0.03034
G1 X-7.483 Y0.305 E0.09537
G1 X-7.455 Y-0.08 E0.01926
G1 X-7.519 Y-.37 E0.01482
G1 X-8.495 Y-2.214 E0.10409
G1 X-7.009 Y-3.197 E0.08889
G1 X-6.34 Y-3.406 E0.03497
G1 X-5.046 Y-3.698 E0.06618
G1 X-3.619 Y-3.357 E0.0732
G1 F2449 X-3.289 Y-3.353 E0.01614
G1 F2487 X-2.076 Y-3.682 E0.06051
G1 F2594.6 X-1.067 Y-3.501 E0.04731
G1 F1882.4 X-.706 Y-3.269 E0.0273
G1 X-1.12 Y-3.153 E0.02735
G1 F2580.6 X-1.925 Y-3.254 E0.03764
G1 F2474.2 X-2.1 Y-3.286 E0.00861
G1 F2519.7 X-2.897 Y-3.074 E0.03919
G1 F2474.2 X-3.492 Y-2.867 E0.03049
G1 F2400 X-4.724 Y-2.408 E0.06559
G1 X-5.266 Y-1.861 E0.03842
G1 X-6.484 Y-1.426 E0.06453
G1 X-6.546 Y-1.366 E0.0043
G1 X-6.58 Y-1.206 E0.00816
G1 X-6.316 Y0.028 E0.06296
G1 X-6.291 Y0.976 E0.04731
G1 X-6.228 Y1.082 E0.00615
G1 X-5.345 Y1.506 E0.04887
G1 F2376.2 X-4.552 Y2.168 E0.05205
G1 F2335.8 X-3.906 Y2.445 E0.03603
G1 F2500 X-2.95 Y2.811 E0.04903
G1 F1889.8 X-2.641 Y3.107 E0.02711
G1 F1439.3 X-2.05 Y3.274 E0.05109
G1 F1493 X-.65 Y3.092 E0.11322
G1 F1511.8 X1.114 Y2.918 E0.14039
G1 F1472.4 X1.546 Y2.859 E0.03546
G1 F3600 E-1
G0 F12000 X3.53 Y0.141
G1 F3600 E1
G1 F1853.3 X2.648 Y2.141 E0.14122
G1 F2025.3 X2.051 Y2.877 E0.05603
G1 F1732.9 X1.546 Y2.859 E0.03492
G1 X1.746 Y2.528 E0.02672
G1 F2025.3 X2.243 Y1.867 E0.04889
G1 F1853.3 X3.53 Y0.141 E0.1391
G1 F1699.1 X3.598 Y-0.048 E0.01415
G1 F1663.8 X3.548 Y-.176 E0.00989
G0 F12000 X3.543 Y-.186
G1 F1777.8 X2.303 Y-1.882 E0.1415
G1 F2033.9 X1.73 Y-2.625 E0.05524
G1 F2016.8 X1.661 Y-2.799 E0.01111
G1 F1641 X1.533 Y-2.962 E0.01512
G1 F1774.5 X2.019 Y-2.942 E0.03282
G1 F2033.9 X2.728 Y-2.174 E0.06153
G1 F1777.8 X3.543 Y-.186 E0.14471
G1 F3600 E-1
G0 F12000 X1.533 Y-2.962
G1 F3600 E1
G1 F1418 X1.132 Y-3.045 E0.03458
G1 X-.448 Y-3.228 E0.13431
G1 F1456.8 X-.706 Y-3.269 E0.02147
G0 F12000 X-3.605 Y-3.039
G1 F2400 X-3.747 Y-3.181 E0.01002
G0 F12000 X-4.016 Y-2.884
G1 F2400 X-4.491 Y-3.359 E0.03351
G0 F12000 X-4.426 Y-2.729
G1 F2400 X-5.163 Y-3.466 E0.052
G0 F12000 X-5.625 Y-3.362
G1 F2400 X-4.838 Y-2.575 E0.05553
G0 F12000 X-5.119 Y-2.291
G1 F2400 X-6.087 Y-3.258 E0.06826
G0 F12000 X-6.531 Y-3.137
G1 F2400 X-5.415 Y-2.021 E0.07874
G0 F12000 X-5.832 Y-1.872
G1 F2400 X-6.954 Y-2.994 E0.07916
G0 F12000 X-7.294 Y-2.768
G1 F2400 X-6.248 Y-1.723 E0.07377
G0 F12000 X-6.64 Y-1.549
G1 F2400 X-7.634 Y-2.543 E0.07013
G0 F12000 X-7.973 Y-2.316
G1 F2400 X-6.763 Y-1.106 E0.08537
G0 F12000 X-6.609 Y-.386
G1 F2400 X-8.078 Y-1.855 E0.10365
G1 X-8.148 Y-1.925
G0 F12000 X-7.445 Y-.657
G1 F2400 X-6.509 Y0.279 E0.06604
G0 F12000 X-6.494 Y0.86
G1 F2400 X-7.268 Y0.086 E0.05461
G1 X-7.338 Y0.016
G1 F3600 E-1
G0 F12000 X-4.285 Y2.503
G1 F3600 E1
G1 F2400 X-4.151 Y2.637 E0.00945
G0 F12000 X-4.643 Y2.711
G1 F2400 X-5.887 Y1.467 E0.08777
G1 X-5.957 Y1.397
G0 F12000 X-5.221 Y2.698
G1 F2400 X-7.382 Y0.537 E0.15247
G0 F12000 X-7.581 Y0.904
G1 F2400 X-6.221 Y2.264 E0.09596
G1 X-6.151 Y2.334
G0 F12000 X-7.139 Y1.912
G1 F2400 X-7.78 Y1.271 E0.04523
G0 F12000 X-7.979 Y1.638
G1 F2400 X-7.718 Y1.899 E0.01841
G1 F3600 E-1
G0 F12000 X-6.175 Y-1.131
G1 F3600 E1
G1 F2400 X-5.054 Y-1.534 E0.05943
G1 X-4.505 Y-2.083 E0.03873
G1 X-2.791 Y-2.721 E0.09124
G1 X-2.106 Y-2.902 E0.03535
G1 X-1.976 Y-2.876 E0.00661
G1 X-.667 Y-2.749 E0.06561
G1 X1.347 Y-2.481 E0.10136
G1 X3.086 Y-0.018 E0.15042
G1 X1.346 Y2.378 E0.14773
G1 X-2.126 Y2.763 E0.17428
G1 X-4.343 Y1.838 E0.11985
G1 X-5.145 Y1.179 E0.05179
G1 X-5.915 Y0.808 E0.04264
G1 X-5.939 Y-0.031 E0.04188
G1 X-6.175 Y-1.131 E0.05613
G0 F12000 X-5.723 Y0.499
G1 F2400 X-5.378 Y0.845 E0.02438
G0 F12000 X-5.749 Y-0.093
G1 F2400 X-3.816 Y1.841 E0.13642
G1 X-3.746 Y1.911
G0 F12000 X-2.845 Y2.246
G1 F2400 X-5.903 Y-.812 E0.21576
G0 F12000 X-5.638 Y-1.112
G1 F2400 X-1.981 Y2.545 E0.25802
G0 F12000 X-1.471 Y2.488
G1 F2400 X-5.222 Y-1.262 E0.26462
G0 F12000 X-4.852 Y-1.458
G1 F2400 X-.962 Y2.432 E0.27446
G0 F12000 X-.453 Y2.376
G1 F2400 X-4.567 Y-1.739 E0.2903
G0 F12000 X-4.233 Y-1.97
G1 F2400 X0.057 Y2.319 E0.30265
G0 F12000 X0.566 Y2.263
G1 F2400 X-3.82 Y-2.123 E0.30946
G0 F12000 X-3.408 Y-2.277
G1 F2400 X1.076 Y2.207 E0.31637
G0 F12000 X1.399 Y1.965
G1 F2400 X-2.996 Y-2.43 E0.31009
G0 F12000 X-2.572 Y-2.572
G1 F2400 X1.637 Y1.637 E0.29697
G0 F12000 X1.875 Y1.31
G1 F2400 X-2.124 Y-2.69 E0.28219
G0 F12000 X-1.497 Y-2.628
G1 F2400 X2.113 Y0.981 E0.25467
G0 F12000 X2.351 Y0.654
G1 F2400 X-.87 Y-2.567 E0.22726
G0 F12000 X-.225 Y-2.488
G1 F2400 X2.589 Y0.326 E0.19854
G0 F12000 X2.827 Y-0.001
G1 F2400 X0.427 Y-2.401 E0.16933
G0 F12000 X1.079 Y-2.315
G1 F2400 X1.557 Y-1.837 E0.03373
G1 F3600 E-1
G0 F12000 X14.36 Y3.832
;TYPE:FILL
G1 F3600 E1
G1 F9600 X15.571 Y3.808 E0.06043
G1 X15.971 Y3.777 E0.02002
G1 X16.62 Y3.752 E0.0324
G1 X19.768 Y3.76 E0.15705
G1 X22.171 Y3.857 E0.11998
G1 X22.057 Y2.299 E0.07794
G1 X22.067 Y1.968 E0.01652
G1 X16.253 Y-3.846 E0.41021
G1 X15.549 Y-3.883 E0.03517
G1 X13.449 Y-3.876 E0.10477
G1 X13.816 Y-2.363 E0.07767
G1 X13.912 Y-1.438 E0.0464
G1 X22.094 Y-3.63 E0.4226
G1 X22.002 Y-2.334 E0.06482
G1 X22.108 Y-.357 E0.09877
G1 X22.115 Y0.312 E0.03338
G1 X22.071 Y1.814 E0.07497
G1 X21.53 Y3.832 E0.10423
G1 X21.505 Y3.928
G1 F3600 E-1
G0 F12000 X21.507 Y3.893
G0 X18.725 Y3.883
G0 X10.415 Y3.972
G0 X10.07 Y4.246
;TYPE:WALL-INNER
G1 F3600 E1
G1 F3000 X10.876 Y4.208 E0.04026
G1 X14.37 Y4.192 E0.17432
G1 X15.586 Y4.168 E0.06068
G1 X15.991 Y4.136 E0.02027
G1 X16.614 Y4.112 E0.0311
G1 X19.765 Y4.12 E0.1572
G1 X22.53 Y4.232 E0.13806
G1 X23.979 Y4.324 E0.07244
G1 X24.196 Y3.253 E0.05452
G1 X24.103 Y2.525 E0.03662
G1 X24.016 Y0.611 E0.09559
G1 X24.018 Y-0.098 E0.03537
G1 X24 Y-.652 E0.02765
G1 X23.988 Y-2.512 E0.0928
G1 X24.038 Y-2.979 E0.02343
G1 X24.086 Y-3.615 E0.03182
G1 X23.92 Y-4.357 E0.03793
G1 X22.422 Y-4.284 E0.07482
G1 X19.678 Y-4.188 E0.13698
G1 X16.544 Y-4.196 E0.15636
G1 X15.916 Y-4.217 E0.03135
G1 X15.555 Y-4.243 E0.01806
G1 X13.351 Y-4.236 E0.10996
G1 X10.32 Y-4.246 E0.15122
G1 X10.682 Y-3.248 E0.05296
G1 X10.86 Y-2.461 E0.04026
G1 X10.779 Y-.904 E0.07778
G1 X10.709 Y-0.018 E0.04434
G1 X10.729 Y0.894 E0.04551
G1 X10.78 Y2.302 E0.07029
G1 X10.723 Y2.581 E0.01421
G1 X10.258 Y3.566 E0.05434
G1 X10.07 Y4.246 E0.0352
G0 F12000 X9.538 Y4.671
;TYPE:WALL-OUTER
G1 F1200 X10.902 Y4.608 E0.06812
G1 X14.378 Y4.592 E0.17342
G1 X15.606 Y4.568 E0.06128
G1 X16.007 Y4.536 E0.02007
G1 X16.613 Y4.512 E0.03026
G1 X19.749 Y4.52 E0.15646
G1 X22.505 Y4.632 E0.13761
G1 X24.302 Y4.745 E0.08983
G1 X24.601 Y3.268 E0.07518
G1 X24.5 Y2.465 E0.04038
G1 X24.416 Y0.582 E0.09404
G1 X24.418 Y-.111 E0.03457
G1 X24.4 Y-.654 E0.02711
G1 X24.388 Y-2.514 E0.0928
G1 X24.436 Y-2.94 E0.02139
G1 X24.49 Y-3.645 E0.03528
G1 X24.236 Y-4.773 E0.05769
G1 X22.408 Y-4.684 E0.09131
G1 X19.679 Y-4.588 E0.13623
G1 X16.557 Y-4.596 E0.15576
G1 X15.945 Y-4.616 E0.03055
G1 X15.569 Y-4.643 E0.01881
G1 X10.683 Y-4.64 E0.24376
G1 X9.747 Y-4.658 E0.04671
G1 X10.312 Y-3.088 E0.08325
G1 X10.458 Y-2.431 E0.03358
G1 X10.38 Y-.936 E0.07469
G1 X10.309 Y-0.03 E0.04534
G1 X10.329 Y0.908 E0.04681
G1 X10.382 Y2.366 E0.07279
G1 X9.881 Y3.426 E0.05849
G1 X9.538 Y4.671 E0.06443
G0 F12000 X10.337 Y4.635
G1 F3600 E-1
G0 F12000 X10.415 Y3.972
G0 X11.029 Y2.501
G0 X11.152 Y-2.278
G0 X11.08 Y-2.282
;TYPE:SKIN
G1 F3600 E1
G1 F5748.5 X11.071 Y-.883 E0.02914
G1 F4705.9 X11.019 Y2.256 E0.07988
G1 F6857.1 X10.936 Y2.674 E0.00744
G1 F3840 X10.705 Y3.51 E0.02704
G1 F2493.5 X10.556 Y3.855 E0.01805
G0 F12000 X10.975 Y3.826
G1 F2400 X11.08 Y3.58 E0.01334
G1 X11.171 Y2.664 E0.04592
G1 X11.268 Y2.209 E0.02321
G1 X11.4 Y-0.032 E0.112
G1 X11.307 Y-2.296 E0.11305
G1 X11.237 Y-2.511 E0.01128
G1 X10.918 Y-3.859 E0.06911
G1 X13.102 Y-3.856 E0.10896
G1 X13.478 Y-2.306 E0.07957
G1 X13.71 Y-0.036 E0.11384
G1 X13.497 Y2.041 E0.10417
G1 X13.454 Y2.294 E0.0128
G1 X13.373 Y3.056 E0.03823
G1 X13.213 Y3.816 E0.03875
G1 X10.975 Y3.826 E0.11166
G0 F12000 X11.297 Y3.378
G1 F2400 X11.542 Y3.623 E0.01729
G0 F12000 X12.106 Y3.62
G1 F2400 X11.351 Y2.866 E0.05323
G0 F12000 X11.435 Y2.384
G1 F2400 X12.669 Y3.618 E0.08707
G0 F12000 X13.081 Y3.465
G1 F2400 X11.488 Y1.871 E0.11243
G0 F12000 X11.519 Y1.337
G1 F2400 X13.178 Y2.996 E0.11705
G0 F12000 X13.233 Y2.485
G1 F2400 X11.551 Y0.803 E0.11867
G0 F12000 X11.582 Y0.269
G1 F2400 X13.302 Y1.988 E0.12132
G0 F12000 X13.355 Y1.476
G1 F2400 X11.589 Y-.291 E0.12464
G0 F12000 X11.566 Y-.879
G1 F2400 X13.407 Y0.962 E0.12989
G0 F12000 X13.46 Y0.449
G1 F2400 X11.543 Y-1.468 E0.13525
G0 F12000 X11.519 Y-2.057
G1 F2400 X13.506 Y-0.071 E0.14016
G0 F12000 X13.441 Y-.701
G1 F2400 X11.384 Y-2.758 E0.14513
G0 F12000 X11.208 Y-3.499
G1 F2400 X13.377 Y-1.331 E0.153
G0 F12000 X13.312 Y-1.962
G1 F2400 X11.615 Y-3.659 E0.11973
G0 F12000 X12.182 Y-3.657
G1 F2400 X13.189 Y-2.65 E0.07105
G0 F12000 X13.008 Y-3.397
G1 F2400 X12.748 Y-3.656 E0.01831
G1 F3600 E-1
G0 F12000 X23.67 Y3.922
G1 F3600 E1
G1 F2400 X22.538 Y3.853 E0.05658
G1 X22.477 Y3.403 E0.02266
G1 X22.396 Y2.291 E0.05562
G1 X22.452 Y0.326 E0.09807
G1 X22.448 Y-.35 E0.03373
G1 X22.34 Y-2.33 E0.09893
G1 X22.452 Y-3.903 E0.07868
G1 X23.617 Y-3.959 E0.05819
G1 X23.701 Y-3.585 E0.01912
G1 X23.608 Y-2.524 E0.05314
G1 X23.62 Y-.646 E0.0937
G1 X23.636 Y-0.097 E0.0274
G1 X23.636 Y0.58 E0.03378
G1 X23.72 Y2.505 E0.09613
G1 X23.809 Y3.239 E0.03689
G1 X23.67 Y3.922 E0.03477
G0 F12000 X22.908 Y3.675
G1 F2400 X22.681 Y3.448 E0.01602
G0 F12000 X22.637 Y2.838
G1 F2400 X23.51 Y3.711 E0.06159
G0 F12000 X23.605 Y3.24
G1 F2400 X22.598 Y2.233 E0.07105
G0 F12000 X22.613 Y1.683
G1 F2400 X23.529 Y2.599 E0.06463
G0 F12000 X23.498 Y2.002
G1 F2400 X22.629 Y1.133 E0.06131
G0 F12000 X22.644 Y0.583
G1 F2400 X23.472 Y1.411 E0.05842
G0 F12000 X23.447 Y0.82
G1 F2400 X22.649 Y0.021 E0.05634
G0 F12000 X22.636 Y-.557
G1 F2400 X23.436 Y0.243 E0.05644
G0 F12000 X23.429 Y-.33
G1 F2400 X22.603 Y-1.155 E0.05824
G0 F12000 X22.571 Y-1.754
G1 F2400 X23.419 Y-.906 E0.05983
G0 F12000 X23.415 Y-1.475
G1 F2400 X22.541 Y-2.349 E0.06167
G0 F12000 X22.579 Y-2.877
G1 F2400 X23.412 Y-2.044 E0.05877
G0 F12000 X23.414 Y-2.607
G1 F2400 X22.616 Y-3.405 E0.0563
G0 F12000 X22.865 Y-3.722
G1 F2400 X23.46 Y-3.127 E0.04198
G0 F12000 X23.475 Y-3.678
G1 F2400 X23.405 Y-3.748 E0.00494
G0 F12000 X23.403 Y-3.734
G1 F3600 E-1
;MESH:NONMESH
G0 F12000 X23.401 Y-3.734
G0 X-5.711 Y-.873
;TIME_ELAPSED:737.397556
;LAYER:67
;MESH:pi 3mm.stl
G0 X-5.711 Y-.873 Z20.4
;TYPE:WALL-INNER
G1 F3600 E1
G1 F3000 X-5.538 Y-0.05 E0.04196
G1 X-5.521 Y0.554 E0.03015
G1 X-4.911 Y0.848 E0.03378
G1 X-4.134 Y1.492 E0.05035
G1 X-2.068 Y2.354 E0.11168
G1 X1.126 Y2 E0.16033
G1 X2.594 Y-0.022 E0.12466
G1 X1.121 Y-2.108 E0.1274
G1 X-.713 Y-2.351 E0.0923
G1 X-2.094 Y-2.492 E0.06926
G1 X-2.67 Y-2.339 E0.02973
G1 X-4.284 Y-1.739 E0.08591
G1 X-4.842 Y-1.189 E0.03909
G1 X-5.711 Y-.873 E0.04613
G0 F12000 X-6.175 Y-1.131
;TYPE:WALL-OUTER
G1 F1200 X-5.939 Y-0.031 E0.05613
G1 X-5.915 Y0.808 E0.04188
G1 X-5.145 Y1.179 E0.04264
G1 X-4.343 Y1.838 E0.05179
G1 X-2.126 Y2.763 E0.11985
G1 X1.346 Y2.378 E0.17428
G1 X3.086 Y-0.018 E0.14773
G1 X1.347 Y-2.481 E0.15042
G1 X-.667 Y-2.749 E0.10136
G1 X-1.976 Y-2.876 E0.06561
G1 X-2.106 Y-2.902 E0.00661
G1 X-2.791 Y-2.721 E0.03535
G1 X-4.505 Y-2.083 E0.09124
G1 X-5.054 Y-1.534 E0.03873
G1 X-6.175 Y-1.131 E0.05943
G0 F12000 X-6.008 Y-.349
G1 F3600 E-1
G0 F12000 X-5.326 Y-.493
G0 X1.52 Y-.893
;TYPE:SKIN
G1 F3600 E1
G1 F2513.1 X2.144 Y-0.015 E0.05132
G1 F2601.6 X1.53 Y0.83 E0.04807
G1 F3600 E-1
G0 F12000 X-3.612 Y0.016
G1 F3600 E1
G1 F2400 X-3.54 Y0.167 E0.00835
G1 X-2.941 Y0.662 E0.03877
G1 X-2.316 Y0.92 E0.03373
G1 X-.812 Y0.99 E0.07512
G1 F1935.5 X-.418 Y1.102 E0.02534
G1 F1791 X0.477 Y1.107 E0.05983
G1 F2133.3 X1.408 Y0.939 E0.0531
G1 F2138.1 X0.871 Y1.579 E0.04679
G1 F1897.2 X0.349 Y1.636 E0.03314
G1 F1708.2 X-.399 Y1.689 E0.05256
G1 F1935.5 X-.785 Y1.829 E0.0254
G1 F2400 X-2.01 Y1.963 E0.06148
G1 X-3.931 Y1.162 E0.10384
G1 X-4.724 Y0.516 E0.05103
G1 X-5.146 Y0.309 E0.02345
G1 X-5.156 Y-0.084 E0.01961
G1 X-5.268 Y-.627 E0.02766
G1 X-4.735 Y-.822 E0.02832
G1 X-4.533 Y-.951 E0.01196
G1 X-4.069 Y-1.411 E0.0326
G1 X-2.555 Y-1.972 E0.08055
G1 X-2.067 Y-2.101 E0.02518
G1 X-.752 Y-1.967 E0.06595
G1 X0.293 Y-1.832 E0.05257
G1 F1991.7 X0.291 Y-1.75 E0.00493
G1 F1797.8 X0.848 Y-1.68 E0.03739
G1 F1912.4 X1.426 Y-.976 E0.05703
G1 F1804.5 X0.664 Y-1.139 E0.05171
G1 F1705.2 X0.267 Y-1.19 E0.02811
G1 F1991.7 X0.267 Y-1.108 E0.00493
G1 F2400 X-2.301 Y-.953 E0.12835
G1 X-2.992 Y-.695 E0.0368
G1 X-3.574 Y-.107 E0.04128
G1 X-3.612 Y0.016 E0.00642
G0 F12000 X-3.788 Y-1.303
G1 F2400 X-4.962 Y-.129 E0.08283
G0 F12000 X-4.791 Y0.265
G1 F2400 X-2.89 Y-1.636 E0.13413
G1 X-2.82 Y-1.706
G0 F12000 X-3.736 Y-.224
G1 F2400 X-4.443 Y0.483 E0.04988
G0 F12000 X-4.132 Y0.738
G1 F2400 X-3.683 Y0.289 E0.03168
G0 F12000 X-3.384 Y0.555
G1 F2400 X-3.82 Y0.992 E0.0308
G0 F12000 X-3.421 Y1.158
G1 F2400 X-3.074 Y0.811 E0.02448
G0 F12000 X-2.681 Y0.984
G1 F2400 X-3.022 Y1.325 E0.02406
G0 F12000 X-2.623 Y1.492
G1 F2400 X-2.251 Y1.12 E0.02625
G0 F12000 X-2.224 Y1.658
G1 F2400 X-1.711 Y1.146 E0.03616
G0 F12000 X-1.172 Y1.172
G1 F2400 X-1.732 Y1.732 E0.03951
G0 F12000 X-1.097 Y1.662
G1 F2400 X-.691 Y1.257 E0.02861
G1 F3600 E-1
G0 F12000 X-3.091 Y-.868
G1 F3600 E1
G1 F2400 X-2.065 Y-1.894 E0.07239
G0 F12000 X-1.546 Y-1.848
G1 F2400 X-2.238 Y-1.156 E0.04882
G0 F12000 X-1.636 Y-1.193
G1 F2400 X-1.032 Y-1.796 E0.04258
G0 F12000 X-.525 Y-1.737
G1 F2400 X-1.033 Y-1.23 E0.03581
G0 F12000 X-.431 Y-1.266
G1 F2400 X-0.025 Y-1.672 E0.02865
G0 F12000 X0.257 Y-1.389
G1 F2400 X0.171 Y-1.302 E0.0061
G1 F3600 E-1
G0 F12000 X-3.14 Y-0.003
G1 F3600 E1
G1 F2400 X-2.773 Y-.372 E0.02596
G1 X-2.226 Y-.574 E0.02909
G1 X0.268 Y-.727 E0.12466
G1 X1.286 Y-.589 E0.05125
G1 X1.697 Y-0.007 E0.03555
G1 X1.286 Y0.551 E0.03458
G1 X0.333 Y0.659 E0.04785
G1 X-2.228 Y0.541 E0.1279
G1 X-2.739 Y0.33 E0.02758
G1 X-3.14 Y-0.003 E0.026
G0 F12000 X-2.609 Y-.22
G1 F2400 X-2.827 Y-0.001 E0.01542
G0 F12000 X-2.483 Y0.22
G1 F2400 X-1.867 Y-.396 E0.04346
G0 F12000 X-1.264 Y-.433
G1 F2400 X-2.047 Y0.35 E0.05524
G0 F12000 X-1.505 Y0.374
G1 F2400 X-.662 Y-.47 E0.05951
G0 F12000 X-0.059 Y-.506
G1 F2400 X-.964 Y0.399 E0.06385
G0 F12000 X-.424 Y0.424
G1 F2400 X0.494 Y-.494 E0.06477
G0 F12000 X0.993 Y-.428
G1 F2400 X0.117 Y0.449 E0.06184
G0 F12000 X0.716 Y0.415
G1 F2400 X1.322 Y-.191 E0.04276
G1 X1.392 Y-.261
G1 F3600 E-1
G0 F12000 X-22.058 Y-4.003
;TYPE:FILL
G1 F3600 E1
G1 F9600 X-23.392 Y-3.646 E0.0689
G1 X-23.272 Y-4.079 E0.02242
G1 X-22.309 Y-4.014 E0.04815
G1 X-19.306 Y-3.888 E0.14995
G1 X-17.461 Y-3.919 E0.09206
G1 X-14.143 Y-.6 E0.23414
G1 X-14.067 Y-2.479 E0.09382
G1 X-13.856 Y-3.888 E0.07108
G1 X-13.891 Y-3.89 E0.00175
G1 X-15.929 Y3.718 E0.39295
G1 X-16.709 Y3.692 E0.03894
G1 X-19.219 Y3.684 E0.12523
G1 X-19.806 Y3.728 E0.02937
G1 X-22.172 Y3.796 E0.11809
G1 X-22.271 Y3.798
G1 F3600 E-1
G0 F12000 X-17.144 Y3.83
G0 X-11.24 Y3.961
G0 X-10.867 Y4.226
;TYPE:WALL-INNER
G1 F3600 E1
G1 F3000 X-11.07 Y3.678 E0.02916
G1 X-11.398 Y2.503 E0.06086
G1 X-11.423 Y1.694 E0.04038
G1 X-11.744 Y-0.017 E0.08685
G1 X-11.41 Y-1.969 E0.0988
G1 X-11.328 Y-2.57 E0.03026
G1 X-10.889 Y-3.604 E0.05604
G1 X-10.677 Y-4.298 E0.0362
G1 X-12.671 Y-4.24 E0.09952
G1 X-13.699 Y-4.244 E0.05129
G1 X-15.527 Y-4.311 E0.09126
G1 X-19.354 Y-4.248 E0.19096
G1 X-20.539 Y-4.306 E0.05919
G1 X-22.281 Y-4.373 E0.08697
G1 X-23.523 Y-4.457 E0.06211
G1 X-23.716 Y-3.891 E0.02983
G1 X-23.941 Y-2.582 E0.06626
G1 X-24.114 Y-.911 E0.08381
G1 X-24.169 Y-.156 E0.03777
G1 X-23.92 Y2.327 E0.1245
G1 X-23.615 Y3.314 E0.05154
G1 X-23.378 Y4.236 E0.04749
G1 X-22.154 Y4.156 E0.0612
G1 X-19.793 Y4.088 E0.11784
G1 X-19.263 Y4.045 E0.02653
G1 X-16.712 Y4.052 E0.12727
G1 X-15.952 Y4.077 E0.03794
G1 X-15.361 Y4.136 E0.02963
G1 X-14.213 Y4.168 E0.0573
G1 X-12.546 Y4.184 E0.08317
G1 X-10.867 Y4.226 E0.08379
G0 F12000 X-10.279 Y4.656
;TYPE:WALL-OUTER
G1 F1200 X-10.68 Y3.587 E0.05696
G1 X-11 Y2.419 E0.06042
G1 X-11.024 Y1.65 E0.03838
G1 X-11.34 Y-0.009 E0.08426
G1 X-11.014 Y-1.91 E0.09623
G1 X-10.942 Y-2.465 E0.02792
G1 X-10.513 Y-3.466 E0.05433
G1 X-10.133 Y-4.712 E0.06499
G1 X-12.669 Y-4.64 E0.12657
G1 X-13.684 Y-4.644 E0.05064
G1 X-15.523 Y-4.711 E0.09181
G1 X-19.334 Y-4.648 E0.19016
G1 X-20.541 Y-4.708 E0.06029
G1 X-22.254 Y-4.772 E0.08552
G1 X-23.803 Y-4.877 E0.07746
G1 X-24.105 Y-3.99 E0.04675
G1 X-24.337 Y-2.636 E0.06854
G1 X-24.512 Y-.946 E0.08477
G1 X-24.571 Y-.151 E0.03977
G1 X-24.314 Y2.407 E0.12826
G1 X-24.002 Y3.414 E0.0526
G1 X-23.683 Y4.657 E0.06402
G1 X-22.142 Y4.556 E0.07705
G1 X-19.771 Y4.488 E0.11834
G1 X-19.235 Y4.444 E0.02683
G1 X-16.725 Y4.452 E0.12523
G1 X-15.971 Y4.477 E0.03764
G1 X-15.387 Y4.536 E0.02928
G1 X-14.217 Y4.568 E0.05839
G1 X-12.555 Y4.584 E0.08292
G1 X-10.989 Y4.62 E0.07815
G1 X-10.279 Y4.656 E0.03547
G0 F12000 X-10.559 Y3.908
G1 F3600 E-1
G0 F12000 X-11.24 Y3.961
G0 X-11.639 Y2.538
G0 X-11.989 Y-0.006
G0 X-11.607 Y-2.379
G0 X-11.157 Y-3.928
;TYPE:SKIN
G1 F3600 E1
G1 F2659.3 X-11.228 Y-3.732 E0.00939
G1 F3600 E-1
G0 F12000 X-11.564 Y-2.643
G0 X-11.989 Y-0.006
G0 X-11.477 Y3.826
G1 F3600 E1
G1 F2400 X-13.436 Y3.793 E0.09775
G1 X-13.851 Y2.345 E0.07515
G1 X-13.812 Y-.323 E0.13312
G1 X-13.728 Y-2.453 E0.10635
G1 X-13.515 Y-3.863 E0.07114
G1 X-12.641 Y-3.859 E0.0436
G1 X-11.586 Y-3.89 E0.05266
G1 X-11.744 Y-2.322 E0.07862
G1 X-11.736 Y-2.313 E0.0006
G1 X-12.128 Y-0.015 E0.1163
G1 X-11.852 Y1.453 E0.07452
G1 X-11.868 Y1.469 E0.00113
G1 X-11.846 Y2.407 E0.04681
G1 X-11.477 Y3.826 E0.07315
G0 F12000 X-11.814 Y3.328
G1 F2400 X-12.101 Y3.615 E0.02025
G0 F12000 X-12.657 Y3.606
G1 F2400 X-11.93 Y2.879 E0.05129
G0 F12000 X-12.046 Y2.43
G1 F2400 X-13.213 Y3.596 E0.0823
G0 F12000 X-13.395 Y3.212
G1 F2400 X-12.061 Y1.879 E0.09409
G0 F12000 X-12.079 Y1.331
G1 F2400 X-13.521 Y2.773 E0.10174
G0 F12000 X-13.646 Y2.333
G1 F2400 X-12.168 Y0.854 E0.10432
G0 F12000 X-12.258 Y0.378
G1 F2400 X-13.643 Y1.764 E0.09775
G0 F12000 X-13.634 Y1.189
G1 F2400 X-12.311 Y-.134 E0.09334
G0 F12000 X-12.195 Y-.816
G1 F2400 X-13.625 Y0.614 E0.10089
G0 F12000 X-13.617 Y0.04
G1 F2400 X-12.079 Y-1.498 E0.10851
G0 F12000 X-11.963 Y-2.179
G1 F2400 X-13.603 Y-.54 E0.11568
G0 F12000 X-13.58 Y-1.128
G1 F2400 X-11.896 Y-2.812 E0.11882
G0 F12000 X-11.833 Y-3.441
G1 F2400 X-13.557 Y-1.717 E0.12164
G0 F12000 X-13.534 Y-2.305
G1 F2400 X-12.166 Y-3.673 E0.09652
G0 F12000 X-12.745 Y-3.66
G1 F2400 X-13.45 Y-2.955 E0.04974
G1 X-13.52 Y-2.885
G1 F3600 E-1
G0 F12000 X-23.377 Y2.766
G1 F3600 E1
G1 F2318.8 X-23.535 Y2.25 E0.02787
G1 F2060.1 X-23.65 Y0.602 E0.09602
G1 F1794.4 X-23.712 Y-.164 E0.05128
G1 F1811.3 X-23.678 Y-.867 E0.04653
G1 F2000 X-23.616 Y-1.774 E0.05443
G1 F2296.7 X-23.553 Y-2.681 E0.0474
G1 X-23.187 Y-2.671 E0.01909
G1 F2025.3 X-23.174 Y-1.425 E0.07367
G1 F1825.1 X-23.16 Y-.179 E0.08175
G1 F1794.4 X-23.131 Y0.573 E0.05022
G1 F2060.1 X-23.124 Y2.215 E0.09544
G1 F2318.8 X-23.139 Y2.756 E0.02795
G1 X-23.377 Y2.766 E0.0123
G0 F12000 X-23.176 Y2.705
G1 F3600 E-1
G0 F12000 X21.317 Y3.808
;TYPE:FILL
G1 F3600 E1
G1 F9600 X21.756 Y2.169 E0.08465
G1 X21.881 Y3.829 E0.08305
G1 X19.987 Y3.759 E0.09456
G1 X16.439 Y3.76 E0.17701
G1 X14.064 Y3.812 E0.11852
G1 X14.152 Y2.92 E0.04472
G1 X14.223 Y2.348 E0.02876
G1 X14.377 Y1.4 E0.04792
G1 X14.363 Y1.4 E0.0007
G1 X14.514 Y-0.036 E0.07204
G1 X14.381 Y-1.344 E0.06559
G1 X21.784 Y-3.328 E0.38237
G1 X21.712 Y-2.324 E0.05022
G1 X21.796 Y-.768 E0.07774
G1 X21.797 Y-0.005 E0.03807
G1 X21.81 Y0.729 E0.03663
G1 X21.792 Y1.393 E0.03314
G1 X16.56 Y-3.839 E0.36915
G1 X19.929 Y-3.824 E0.16808
G1 X21.824 Y-3.881 E0.09458
G1 X21.923 Y-3.884
G1 F3600 E-1
G0 F12000 X11.652 Y3.926
G0 X11.248 Y4.182
;TYPE:WALL-INNER
G1 F3600 E1
G1 F3000 X13.535 Y4.16 E0.1141
G1 X14.437 Y4.164 E0.045
G1 X16.436 Y4.12 E0.09975
G1 X19.992 Y4.119 E0.17741
G1 X22.645 Y4.217 E0.13245
G1 X23.898 Y4.293 E0.06263
G1 X23.668 Y2.484 E0.09098
G1 X23.604 Y1.087 E0.06977
G1 X23.607 Y-0.012 E0.05483
G1 X23.576 Y-1.124 E0.0555
G1 X23.572 Y-2.54 E0.07064
G1 X23.674 Y-3.391 E0.04276
G1 X23.745 Y-4.325 E0.04673
G1 X22.543 Y-4.264 E0.06005
G1 X19.933 Y-4.184 E0.13027
G1 X16.362 Y-4.2 E0.17816
G1 X15.996 Y-4.215 E0.01828
G1 X11.247 Y-4.206 E0.23693
G1 X11.71 Y-2.331 E0.09635
G1 X11.801 Y-0.051 E0.11384
G1 X11.668 Y2.224 E0.11369
G1 X11.566 Y2.726 E0.02556
G1 X11.477 Y3.62 E0.04482
G1 X11.248 Y4.182 E0.03028
G0 F12000 X10.671 Y4.587
;TYPE:WALL-OUTER
G1 F1200 X13.533 Y4.56 E0.14279
G1 X14.445 Y4.564 E0.0455
G1 X16.436 Y4.52 E0.09936
G1 X19.992 Y4.519 E0.17741
G1 X22.621 Y4.616 E0.13125
G1 X24.355 Y4.721 E0.08667
G1 X24.065 Y2.434 E0.11501
G1 X24.004 Y1.059 E0.06867
G1 X24.007 Y-0.017 E0.05368
G1 X23.976 Y-1.126 E0.05535
G1 X23.969 Y-2.492 E0.06815
G1 X24.074 Y-3.377 E0.04446
G1 X24.179 Y-4.748 E0.0686
G1 X22.531 Y-4.664 E0.08233
G1 X19.935 Y-4.584 E0.12958
G1 X16.379 Y-4.6 E0.17741
G1 X16.004 Y-4.615 E0.01872
G1 X13.117 Y-4.604 E0.14403
G1 X10.736 Y-4.607 E0.11879
G1 X11.308 Y-2.292 E0.11897
G1 X11.401 Y-0.047 E0.1121
G1 X11.264 Y2.231 E0.11386
G1 X11.17 Y2.664 E0.02211
G1 X11.075 Y3.616 E0.04773
G1 X10.753 Y4.295 E0.03749
G1 X10.671 Y4.587 E0.01513
G0 F12000 X11.471 Y4.58
G1 F3600 E-1
G0 F12000 X11.652 Y3.926
G0 X11.902 Y2.299
G0 X12.04 Y-0.033
G0 X11.965 Y-1.922
G0 X11.732 Y-3.824
;TYPE:SKIN
G1 F3600 E1
G1 F2400 X13.531 Y-3.827 E0.08975
G1 X13.872 Y-2.451 E0.07073
G1 X14.013 Y-1.569 E0.04456
G1 X14.166 Y-0.036 E0.07686
G1 X14.009 Y1.525 E0.07827
G1 X13.886 Y2.283 E0.03831
G1 X13.809 Y2.924 E0.03221
G1 X13.723 Y3.781 E0.04297
G1 X11.832 Y3.793 E0.09434
G1 X11.939 Y2.787 E0.05047
G1 X12.048 Y2.256 E0.02704
G1 X12.181 Y-0.052 E0.11534
G1 X12.083 Y-2.404 E0.11744
G1 X11.732 Y-3.824 E0.07298
G0 F12000 X12.012 Y-3.526
G1 F2400 X12.111 Y-3.625 E0.00698
G0 F12000 X12.122 Y-3.071
G1 F2400 X12.677 Y-3.626 E0.03916
G0 F12000 X13.243 Y-3.627
G1 F2400 X12.232 Y-2.616 E0.07133
G0 F12000 X12.299 Y-2.117
G1 F2400 X13.46 Y-3.278 E0.08191
G0 F12000 X13.573 Y-2.825
G1 F2400 X12.321 Y-1.573 E0.08834
G0 F12000 X12.343 Y-1.029
G1 F2400 X13.682 Y-2.368 E0.09447
G0 F12000 X13.76 Y-1.881
G1 F2400 X12.364 Y-.484 E0.09853
G0 F12000 X12.374 Y0.071
G1 F2400 X13.828 Y-1.383 E0.10259
G0 F12000 X13.881 Y-.87
G1 F2400 X12.34 Y0.671 E0.10873
G0 F12000 X12.305 Y1.271
G1 F2400 X13.932 Y-.356 E0.11479
G0 F12000 X13.941 Y0.202
G1 F2400 X12.271 Y1.871 E0.11779
G0 F12000 X12.2 Y2.507
G1 F2400 X13.877 Y0.831 E0.11829
G0 F12000 X13.814 Y1.459
G1 F2400 X12.101 Y3.172 E0.12086
G0 F12000 X12.248 Y3.591
G1 F2400 X13.709 Y2.131 E0.10305
G0 F12000 X13.624 Y2.781
G1 F2400 X12.818 Y3.587 E0.05687
G0 F12000 X13.388 Y3.583
G1 F2400 X13.558 Y3.412 E0.01203
G1 F3600 E-1
G0 F12000 X23.46 Y3.885
G1 F3600 E1
G1 F2400 X22.218 Y3.808 E0.06208
G1 X22.104 Y2.279 E0.07649
G1 X22.148 Y0.746 E0.07651
G1 X22.136 Y0.009 E0.03677
G1 X22.136 Y-.772 E0.03896
G1 X22.053 Y-2.318 E0.07724
G1 X22.163 Y-3.871 E0.07767
G1 X23.354 Y-3.923 E0.05948
G1 X23.192 Y-2.583 E0.06734
G1 X23.196 Y-1.119 E0.07304
G1 X23.224 Y-0.023 E0.0547
G1 X23.224 Y1.096 E0.05583
G1 X23.284 Y2.457 E0.06797
G1 X23.46 Y3.885 E0.07178
G0 F12000 X23.004 Y3.455
G1 F2400 X22.591 Y3.433 E0.02063
G1 F2449 X22.497 Y2.28 E0.05656
G1 F2651.9 X22.517 Y0.753 E0.06895
G1 F2857.1 X22.503 Y-.776 E0.06408
G1 F2711.9 X22.434 Y-2.391 E0.07137
G1 F2566.8 X22.524 Y-3.496 E0.05172
G1 F2560 X22.914 Y-3.514 E0.01826
G1 F2644.6 X22.803 Y-2.549 E0.04398
G1 F2758.6 X22.852 Y-0.016 E0.10996
G1 F2790.7 X22.853 Y1.096 E0.04771
G1 F2651.9 X22.893 Y2.477 E0.06238
G1 F2455.2 X23.004 Y3.455 E0.048
G1 F3600 E-1
;MESH:NONMESH
G0 F12000 X-2.576 Y-0.029
;TIME_ELAPSED:755.528794
;LAYER:68
;MESH:pi 3mm.stl
G0 X-2.576 Y-0.029 Z20.7
;TYPE:WALL-INNER
G1 F3600 E1
G1 F3296.7 X-2.144 Y0.163 E0.02146
G1 F3038 X-.913 Y0.189 E0.06066
G1 F2625.8 X0.318 Y0.215 E0.07018
G1 F2459 X1.044 Y0.132 E0.04448
G1 X1.15 Y-0.013 E0.01093
G1 X1.035 Y-.175 E0.01209
G1 X0.252 Y-.281 E0.04809
G1 F2620.1 X-.947 Y-.239 E0.06853
G1 F3038 X-2.146 Y-.196 E0.05911
G1 F3296.7 X-2.576 Y-0.029 E0.02094
G0 F12000 X-3.14 Y-0.003
;TYPE:WALL-OUTER
G1 F1200 X-2.739 Y0.33 E0.026
G1 X-2.228 Y0.541 E0.02758
G1 X0.333 Y0.659 E0.1279
G1 X1.286 Y0.551 E0.04785
G1 X1.697 Y-0.007 E0.03458
G1 X1.286 Y-.589 E0.03555
G1 X0.268 Y-.727 E0.05125
G1 X-2.226 Y-.574 E0.12466
G1 X-2.773 Y-.372 E0.02909
G1 X-3.14 Y-0.003 E0.02596
G0 F12000 X-2.739 Y0.33
G0 X-2.482 Y0.436
G1 F3600 E-1
G0 F12000 X21.104 Y3.781
;TYPE:FILL
G1 F3600 E1
G1 F9600 X21.48 Y2.377 E0.07251
G1 X21.585 Y3.794 E0.07089
G1 X20.178 Y3.755 E0.07022
G1 X16.388 Y3.768 E0.18908
G1 X16.068 Y3.748 E0.016
G1 X14.478 Y3.776 E0.07934
G1 X14.656 Y2.339 E0.07224
G1 X14.891 Y0.883 E0.07358
G1 X14.877 Y0.883 E0.0007
G1 X14.974 Y-0.035 E0.04605
G1 X14.846 Y-1.248 E0.06085
G1 X21.474 Y-3.024 E0.34234
G1 X21.423 Y-2.316 E0.03541
G1 X21.484 Y-1.186 E0.05646
G1 X21.485 Y0.004 E0.05937
G1 X21.499 Y0.799 E0.03967
G1 X16.86 Y-3.84 E0.32731
G1 X20.113 Y-3.82 E0.1623
G1 X21.534 Y-3.851 E0.07091
G1 X21.634 Y-3.853
G1 F3600 E-1
G0 F12000 X23.163 Y3.961
G0 X23.461 Y4.242
;TYPE:WALL-INNER
G1 F3600 E1
G1 F3000 X23.228 Y2.389 E0.09317
G1 X23.188 Y1.561 E0.04136
G1 X23.199 Y-0.001 E0.07793
G1 X23.152 Y-1.593 E0.07946
G1 X23.152 Y-2.492 E0.04485
G1 X23.366 Y-4.283 E0.08999
G1 X22.667 Y-4.248 E0.03492
G1 X21.023 Y-4.196 E0.08206
G1 X20.116 Y-4.18 E0.04526
G1 X16.307 Y-4.203 E0.19004
G1 X15.382 Y-4.18 E0.04616
G1 X11.861 Y-4.172 E0.17566
G1 X12.286 Y-2.412 E0.09033
G1 X12.398 Y-1.288 E0.05635
G1 X12.448 Y-0.069 E0.06087
G1 X12.374 Y1.206 E0.06372
G1 X12.256 Y2.392 E0.05946
G1 X12.078 Y3.232 E0.04284
G1 X11.988 Y4.149 E0.04597
G1 X14.472 Y4.136 E0.12393
G1 X16.11 Y4.108 E0.08173
G1 X16.373 Y4.128 E0.01316
G1 X20.182 Y4.115 E0.19003
G1 X21.114 Y4.136 E0.04651
G1 X22.767 Y4.197 E0.08252
G1 X23.461 Y4.242 E0.0347
G1 F3600 E-1
G0 F12000 X23.163 Y3.961
G0 X11.666 Y-4.317
G0 X11.32 Y-4.572
;TYPE:WALL-OUTER
G1 F3600 E1
G1 F1200 X11.511 Y-3.92 E0.0339
G1 X11.888 Y-2.372 E0.07949
G1 X12 Y-1.248 E0.05635
G1 X12.048 Y-0.031 E0.06076
G1 X11.976 Y1.168 E0.05993
G1 X11.868 Y2.288 E0.05614
G1 X11.682 Y3.171 E0.04502
G1 X11.546 Y4.553 E0.06928
G1 X13.396 Y4.536 E0.0923
G1 X14.479 Y4.536 E0.05403
G1 X16.091 Y4.508 E0.08044
G1 X16.359 Y4.528 E0.01341
G1 X20.183 Y4.515 E0.19078
G1 X21.1 Y4.536 E0.04576
G1 X22.741 Y4.596 E0.08192
G1 X23.919 Y4.672 E0.05889
G1 X23.629 Y2.386 E0.11496
G1 X23.588 Y1.53 E0.04275
G1 X23.598 Y-0.09 E0.08082
G1 X23.552 Y-1.595 E0.07512
G1 X23.549 Y-2.444 E0.04236
G1 X23.709 Y-3.78 E0.06713
G1 X23.782 Y-4.704 E0.04624
G1 X22.655 Y-4.648 E0.0563
G1 X21.016 Y-4.596 E0.08181
G1 X20.118 Y-4.58 E0.04481
G1 X16.3 Y-4.603 E0.19048
G1 X15.381 Y-4.58 E0.04586
G1 X11.32 Y-4.572 E0.2026
G0 F12000 X11.511 Y-3.92
G0 X11.539 Y-3.803
G0 X12.343 Y-3.792
;TYPE:SKIN
G1 F2400 X13.967 Y-3.795 E0.08102
G1 X14.307 Y-2.42 E0.07067
G1 X14.518 Y-1.101 E0.06664
G1 X14.626 Y-0.031 E0.05365
G1 X14.525 Y1.006 E0.05198
G1 X14.318 Y2.275 E0.06415
G1 X14.148 Y3.756 E0.07437
G1 X12.409 Y3.763 E0.08676
G1 X12.455 Y3.283 E0.02406
G1 X12.628 Y2.456 E0.04215
G1 X12.752 Y1.241 E0.06093
G1 X12.828 Y-0.072 E0.06562
G1 X12.776 Y-1.313 E0.06197
G1 X12.651 Y-2.54 E0.06153
G1 X12.343 Y-3.792 E0.06432
G0 F12000 X13.376 Y-3.594
G1 F2400 X13.954 Y-3.017 E0.04075
G0 F12000 X14.127 Y-2.278
G1 F2400 X12.811 Y-3.594 E0.09285
G0 F12000 X12.712 Y-3.127
G1 F2400 X14.235 Y-1.604 E0.10746
G0 F12000 X14.334 Y-.939
G1 F2400 X12.864 Y-2.41 E0.10375
G0 F12000 X12.929 Y-1.779
G1 F2400 X14.397 Y-.31 E0.10361
G0 F12000 X14.397 Y0.255
G1 F2400 X12.982 Y-1.16 E0.09984
G0 F12000 X13.007 Y-.569
G1 F2400 X14.347 Y0.771 E0.09454
G0 F12000 X14.28 Y1.269
G1 F2400 X13.023 Y0.013 E0.08865
G0 F12000 X12.992 Y0.547
G1 F2400 X14.201 Y1.756 E0.0853
G0 F12000 X14.122 Y2.243
G1 F2400 X12.961 Y1.081 E0.08195
G0 F12000 X12.916 Y1.602
G1 F2400 X14.063 Y2.749 E0.08093
G0 F12000 X14.004 Y3.256
G1 F2400 X12.864 Y2.116 E0.08043
G0 F12000 X12.799 Y2.616
G1 F2400 X13.74 Y3.557 E0.06639
G0 F12000 X13.176 Y3.56
G1 F2400 X12.701 Y3.084 E0.03355
G1 F3600 E-1
G0 F12000 X23.024 Y3.823
G1 F3600 E1
G1 F2400 X21.923 Y3.782 E0.05497
G1 X21.812 Y2.271 E0.07559
G1 X21.845 Y1.154 E0.05575
G1 X21.825 Y0.016 E0.05678
G1 X21.824 Y-1.188 E0.06007
G1 X21.761 Y-2.31 E0.05606
G1 X21.871 Y-3.837 E0.07638
G1 X22.933 Y-3.872 E0.05301
G1 X22.773 Y-2.544 E0.06673
G1 X22.772 Y-1.588 E0.0477
G1 X22.816 Y-0.022 E0.07816
G1 X22.808 Y1.526 E0.07723
G1 X22.852 Y2.47 E0.04715
G1 X23.024 Y3.823 E0.06804
G1 F3600 E-1
G0 F12000 X22.349 Y-3.335
G1 F3600 E1
G1 F1545.9 X22.261 Y-2.443 E0.06942
G1 F1629.9 X22.303 Y-1.208 E0.09078
G1 F1705.2 X22.327 Y1.151 E0.16566
G1 F1681.3 X22.32 Y1.547 E0.02821
G1 F1573.8 X22.328 Y2.366 E0.06231
G1 F1467.9 X22.416 Y3.268 E0.07393
G1 F3600 E-1
G0 F12000 X-14.513 Y-1.271
;TYPE:FILL
G1 F3600 E1
G1 F9600 X-14.468 Y-2.385 E0.05562
G1 X-14.431 Y-2.695 E0.01558
G1 X-16.147 Y3.707 E0.33067
G1 X-19.533 Y3.688 E0.16893
G1 X-19.812 Y3.704 E0.01394
G1 X-22.468 Y3.781 E0.13256
G1 X-22.313 Y2.29 E0.07479
G1 X-22.249 Y-.119 E0.12023
G1 X-22.365 Y-2.722 E0.12999
G1 X-22.537 Y-3.999 E0.06429
G1 X-22.491 Y-3.667 E0.01672
G1 X-21.416 Y-3.955 E0.05552
G1 X-19.648 Y-3.884 E0.08828
G1 X-17.164 Y-3.923 E0.12394
G1 X-14.513 Y-1.271 E0.18708
G1 F3600 E-1
G0 F12000 X-12.136 Y3.913
G0 X-11.795 Y4.18
;TYPE:WALL-INNER
G1 F3600 E1
G1 F3000 X-12.251 Y2.445 E0.0895
G1 X-12.295 Y-0.059 E0.12494
G1 X-12.251 Y-.623 E0.02822
G1 X-12.16 Y-2.419 E0.08972
G1 X-12.092 Y-2.855 E0.02202
G1 X-11.993 Y-3.828 E0.04879
G1 X-11.846 Y-4.24 E0.02182
G1 X-12.76 Y-4.212 E0.04562
G1 X-13.567 Y-4.216 E0.04026
G1 X-15.907 Y-4.303 E0.11682
G1 X-19.644 Y-4.244 E0.18646
G1 X-22.377 Y-4.353 E0.13646
G1 X-23.743 Y-4.445 E0.0683
G1 X-23.835 Y-4.171 E0.01442
G1 X-24.113 Y-2.561 E0.08151
G1 X-24.36 Y-.222 E0.11734
G1 X-24.104 Y2.304 E0.12667
G1 X-23.93 Y2.871 E0.02959
G1 X-23.585 Y4.221 E0.06952
G1 X-22.254 Y4.136 E0.06654
G1 X-19.797 Y4.064 E0.12263
G1 X-19.525 Y4.048 E0.01359
G1 X-16.052 Y4.066 E0.17327
G1 X-15.731 Y4.096 E0.01608
G1 X-14.256 Y4.14 E0.07362
G1 X-12.622 Y4.156 E0.08152
G1 X-11.795 Y4.18 E0.04128
G0 F12000 X-11.192 Y4.599
;TYPE:WALL-OUTER
G1 F1200 X-11.46 Y3.887 E0.03795
G1 X-11.852 Y2.364 E0.07846
G1 X-11.896 Y-0.028 E0.11936
G1 X-11.852 Y-.597 E0.02847
G1 X-11.758 Y-2.421 E0.09112
G1 X-11.695 Y-2.803 E0.01932
G1 X-11.592 Y-3.821 E0.05105
G1 X-11.317 Y-4.454 E0.03443
G1 X-11.254 Y-4.658 E0.01065
G1 X-12.758 Y-4.612 E0.07507
G1 X-13.552 Y-4.616 E0.03961
G1 X-15.903 Y-4.703 E0.11737
G1 X-19.628 Y-4.644 E0.18586
G1 X-22.35 Y-4.752 E0.13591
G1 X-24.023 Y-4.865 E0.08366
G1 X-24.225 Y-4.27 E0.03135
G1 X-24.509 Y-2.616 E0.08373
G1 X-24.762 Y-.223 E0.12005
G1 X-24.498 Y2.384 E0.13073
G1 X-24.318 Y2.97 E0.03058
G1 X-23.891 Y4.641 E0.08605
G1 X-22.242 Y4.536 E0.08244
G1 X-19.778 Y4.464 E0.12298
G1 X-19.527 Y4.448 E0.01255
G1 X-16.089 Y4.464 E0.17152
G1 X-15.755 Y4.496 E0.01674
G1 X-14.26 Y4.54 E0.07462
G1 X-12.634 Y4.556 E0.08113
G1 X-11.192 Y4.599 E0.07197
G0 F12000 X-11.46 Y3.887
G0 X-11.469 Y3.85
G0 X-12.292 Y3.785
;TYPE:SKIN
G1 F2400 X-13.871 Y3.762 E0.07878
G1 X-14.235 Y2.304 E0.07497
G1 X-14.192 Y-.733 E0.15153
G1 X-14.128 Y-2.348 E0.08064
G1 X-13.955 Y-3.838 E0.07484
G1 X-12.371 Y-3.83 E0.07903
G1 X-12.459 Y-2.954 E0.04392
G1 X-12.526 Y-2.541 E0.02087
G1 X-12.628 Y-.691 E0.09244
G1 X-12.672 Y-0.083 E0.03041
G1 X-12.628 Y2.472 E0.12749
G1 X-12.292 Y3.785 E0.06762
G0 F12000 X-13.403 Y3.567
G1 F2400 X-13.818 Y3.153 E0.02925
G0 F12000 X-14.006 Y2.399
G1 F2400 X-12.83 Y3.574 E0.08294
G0 F12000 X-12.655 Y3.184
G1 F2400 X-14.028 Y1.811 E0.09687
G0 F12000 X-14.021 Y1.253
G1 F2400 X-12.828 Y2.446 E0.08417
G0 F12000 X-12.838 Y1.87
G1 F2400 X-14.013 Y0.695 E0.0829
G0 F12000 X-14.005 Y0.137
G1 F2400 X-12.848 Y1.294 E0.08163
G0 F12000 X-12.858 Y0.718
G1 F2400 X-13.997 Y-.421 E0.08036
G0 F12000 X-13.983 Y-.972
G1 F2400 X-12.868 Y0.143 E0.07867
G0 F12000 X-12.849 Y-.404
G1 F2400 X-13.961 Y-1.516 E0.07846
G0 F12000 X-13.939 Y-2.06
G1 F2400 X-12.815 Y-.936 E0.0793
G0 F12000 X-12.785 Y-1.471
G1 F2400 X-13.9 Y-2.586 E0.07867
G0 F12000 X-13.84 Y-3.092
G1 F2400 X-12.756 Y-2.008 E0.07648
G0 F12000 X-12.727 Y-2.544
G1 F2400 X-13.782 Y-3.599 E0.07444
G0 F12000 X-13.255 Y-3.639
G1 F2400 X-12.652 Y-3.035 E0.04258
G0 F12000 X-12.601 Y-3.55
G1 F2400 X-12.687 Y-3.636 E0.00607
G1 F3600 E-1
G0 F12000 X-23.291 Y3.82
G1 F3600 E1
G1 F2400 X-23.562 Y2.774 E0.05391
G1 X-23.726 Y2.228 E0.02844
G1 X-23.975 Y-.219 E0.12271
G1 X-23.735 Y-2.492 E0.11403
G1 X-23.469 Y-4.044 E0.07856
G1 X-22.881 Y-4.003 E0.02941
G1 X-22.7 Y-2.674 E0.06692
G1 X-22.589 Y-.141 E0.12649
G1 X-22.652 Y2.271 E0.12038
G1 X-22.81 Y3.787 E0.07604
G1 X-23.291 Y3.82 E0.02405
G0 F12000 X-23.136 Y2.659
G1 F1655.2 X-23.189 Y2.125 E0.03882
G1 F1389.3 X-23.195 Y1.969 E0.01345
G1 F3600 E-1
G0 F12000 X-23.22 Y-2.155
G1 F3600 E1
G1 F1435 X-23.211 Y-2.427 E0.02271
G0 F12000 X-23.31 Y-1.814
G1 F2400 X-22.842 Y-1.346 E0.03302
G0 F12000 X-22.816 Y-.754
G1 F2400 X-23.631 Y-1.569 E0.0575
G0 F12000 X-23.685 Y-1.058
G1 F2400 X-22.789 Y-.162 E0.06322
G0 F12000 X-22.802 Y0.391
G1 F2400 X-23.739 Y-.546 E0.06611
G0 F12000 X-23.751 Y0.008
G1 F2400 X-22.817 Y0.942 E0.0659
G0 F12000 X-22.832 Y1.493
G1 F2400 X-23.687 Y0.638 E0.06032
G0 F12000 X-23.622 Y1.268
G1 F2400 X-23.269 Y1.621 E0.02491
G1 F3600 E-1
;MESH:NONMESH
G0 F600 X-23.269 Y1.621 Z21
G0 F12000 X-14.888 Y-1.811
;TIME_ELAPSED:769.619839
;LAYER:69
;TYPE:FILL
;MESH:pi 3mm.stl
G1 F3600 E1
G1 F9600 X-16.364 Y3.7 E0.28464
G1 X-19.905 Y3.688 E0.17666
G1 X-21.981 Y3.738 E0.1036
G1 X-21.92 Y2.222 E0.07569
G1 X-21.914 Y0.37 E0.0924
G1 X-21.894 Y-.118 E0.02437
G1 X-21.928 Y-2.158 E0.10179
G1 X-21.983 Y-3.228 E0.05345
G1 X-21.999 Y-3.228 E0.0008
G1 X-22.056 Y-3.957 E0.03648
G1 X-22.025 Y-3.572 E0.01927
G1 X-20.768 Y-3.909 E0.06493
G1 X-19.905 Y-3.876 E0.04309
G1 X-16.867 Y-3.925 E0.15159
G1 X-14.882 Y-1.94 E0.14005
G1 X-14.888 Y-1.811 E0.00644
G1 F3600 E-1
G0 F12000 X-12.665 Y3.869
G0 X-12.326 Y4.138
;TYPE:WALL-INNER
G1 F3600 E1
G1 F3000 X-12.776 Y2.401 E0.08952
G1 X-12.797 Y1.095 E0.06517
G1 X-12.832 Y-0.032 E0.05625
G1 X-12.739 Y-1.215 E0.0592
G1 X-12.674 Y-2.457 E0.06205
G1 X-12.54 Y-3.358 E0.04545
G1 X-12.448 Y-4.181 E0.04132
G1 X-13.435 Y-4.188 E0.04924
G1 X-16.287 Y-4.295 E0.14239
G1 X-19.899 Y-4.236 E0.18023
G1 X-22.467 Y-4.333 E0.12821
G1 X-23.96 Y-4.43 E0.07464
G1 X-24.234 Y-2.857 E0.07966
G1 X-24.212 Y-2.623 E0.01173
G1 X-24.104 Y-.162 E0.1229
G1 X-24.055 Y2.299 E0.1228
G1 X-24.123 Y2.905 E0.03042
G1 X-23.793 Y4.201 E0.06672
G1 X-22.347 Y4.108 E0.07229
G1 X-19.91 Y4.048 E0.12162
G1 X-16.054 Y4.06 E0.19238
G1 X-14.297 Y4.112 E0.0877
G1 X-12.326 Y4.138 E0.09834
G0 F12000 X-11.805 Y4.552
;TYPE:WALL-OUTER
G1 F1200 X-12.379 Y2.35 E0.11353
G1 X-12.397 Y1.083 E0.06322
G1 X-12.432 Y-0.036 E0.05585
G1 X-12.34 Y-1.189 E0.05771
G1 X-12.28 Y-2.379 E0.05944
G1 X-12.143 Y-3.306 E0.04675
G1 X-11.997 Y-4.612 E0.06556
G1 X-12.846 Y-4.584 E0.04238
G1 X-13.42 Y-4.588 E0.02864
G1 X-16.283 Y-4.695 E0.14294
G1 X-19.884 Y-4.636 E0.17968
G1 X-22.441 Y-4.732 E0.12766
G1 X-24.246 Y-4.85 E0.09024
G1 X-24.345 Y-4.554 E0.01557
G1 X-24.638 Y-2.872 E0.08518
G1 X-24.612 Y-2.616 E0.01284
G1 X-24.504 Y-.153 E0.123
G1 X-24.452 Y2.25 E0.11991
G1 X-24.529 Y2.933 E0.03429
G1 X-24.099 Y4.621 E0.0869
G1 X-22.337 Y4.508 E0.08809
G1 X-19.911 Y4.448 E0.12107
G1 X-16.066 Y4.46 E0.19183
G1 X-14.301 Y4.512 E0.08809
G1 X-12.71 Y4.528 E0.07938
G1 X-11.805 Y4.552 E0.04517
G0 F12000 X-12.006 Y3.779
G0 X-12.819 Y3.745
;TYPE:SKIN
G1 F2400 X-14.262 Y3.729 E0.072
G1 X-14.619 Y2.281 E0.0744
G1 X-14.571 Y-1.145 E0.17094
G1 X-14.524 Y-2.32 E0.05867
G1 X-14.346 Y-3.841 E0.0764
G1 X-13.448 Y-3.808 E0.04483
G1 X-12.857 Y-3.805 E0.02949
G1 X-13.05 Y-2.518 E0.06493
G1 X-13.118 Y-1.23 E0.06435
G1 X-13.208 Y-0.092 E0.05695
G1 X-13.146 Y2.474 E0.12806
G1 X-12.819 Y3.745 E0.06548
G0 F12000 X-13.095 Y3.478
G1 F2400 X-13.158 Y3.541 E0.00444
G0 F12000 X-13.211 Y3.029
G1 F2400 X-13.718 Y3.536 E0.03577
G0 F12000 X-14.139 Y3.391
G1 F2400 X-13.327 Y2.579 E0.05729
G0 F12000 X-13.361 Y2.048
G1 F2400 X-14.251 Y2.937 E0.06276
G0 F12000 X-14.363 Y2.483
G1 F2400 X-13.374 Y1.494 E0.06978
G0 F12000 X-13.386 Y0.94
G1 F2400 X-14.414 Y1.969 E0.07257
G0 F12000 X-14.406 Y1.395
G1 F2400 X-13.397 Y0.386 E0.07119
G0 F12000 X-13.403 Y-.174
G1 F2400 X-14.398 Y0.822 E0.07024
G0 F12000 X-14.39 Y0.248
G1 F2400 X-13.354 Y-.788 E0.0731
G0 F12000 X-13.308 Y-1.399
G1 F2400 X-14.383 Y-.325 E0.07581
G0 F12000 X-14.374 Y-.899
G1 F2400 X-13.278 Y-1.995 E0.07733
G0 F12000 X-13.242 Y-2.597
G1 F2400 X-14.357 Y-1.482 E0.07867
G0 F12000 X-14.333 Y-2.072
G1 F2400 X-13.146 Y-3.259 E0.08375
G0 F12000 X-13.365 Y-3.606
G1 F2400 X-14.279 Y-2.691 E0.06452
G0 F12000 X-14.204 Y-3.332
G1 F2400 X-13.911 Y-3.625 E0.02067
G1 F3600 E-1
G0 F12000 X-23.499 Y3.801
G1 F3600 E1
G1 F2400 X-23.736 Y2.878 E0.04754
G1 X-23.667 Y2.284 E0.02983
G1 X-23.724 Y-.169 E0.12241
G1 X-23.832 Y-2.641 E0.12345
G1 X-23.85 Y-2.843 E0.01012
G1 X-23.645 Y-4.025 E0.05985
G1 X-22.4 Y-3.95 E0.06223
G1 X-22.313 Y-2.987 E0.04824
G1 X-22.268 Y-2.148 E0.04192
G1 X-22.233 Y-.132 E0.10059
G1 X-22.252 Y0.347 E0.02392
G1 X-22.26 Y2.208 E0.09285
G1 X-22.319 Y3.722 E0.07559
G1 X-23.499 Y3.801 E0.059
G0 F12000 X-22.786 Y3.553
G1 F2400 X-22.502 Y3.269 E0.02004
G0 F12000 X-22.479 Y2.68
G1 F2400 X-23.356 Y3.557 E0.06188
G0 F12000 X-23.47 Y3.106
G1 F2400 X-22.46 Y2.095 E0.0713
G0 F12000 X-22.457 Y1.527
G1 F2400 X-23.498 Y2.568 E0.07345
G0 F12000 X-23.474 Y1.978
G1 F2400 X-22.455 Y0.959 E0.0719
G0 F12000 X-22.453 Y0.391
G1 F2400 X-23.487 Y1.425 E0.07295
G0 F12000 X-23.499 Y0.872
G1 F2400 X-22.434 Y-.193 E0.07514
G0 F12000 X-22.444 Y-.75
G1 F2400 X-23.512 Y0.319 E0.07539
G0 F12000 X-23.526 Y-.233
G1 F2400 X-22.453 Y-1.305 E0.07567
G0 F12000 X-22.463 Y-1.861
G1 F2400 X-23.549 Y-.775 E0.07662
G0 F12000 X-23.574 Y-1.317
G1 F2400 X-22.482 Y-2.408 E0.07701
G0 F12000 X-22.511 Y-2.944
G1 F2400 X-23.598 Y-1.858 E0.07666
G0 F12000 X-23.621 Y-2.401
G1 F2400 X-22.557 Y-3.464 E0.07504
G0 F12000 X-22.812 Y-3.775
G1 F2400 X-23.626 Y-2.961 E0.05743
G0 F12000 X-23.507 Y-3.646
G1 F2400 X-23.346 Y-3.807 E0.01136
G0 F12000 X-23.347 Y-3.791
G1 F3600 E-1
G0 F12000 X15.289 Y-1.147
;TYPE:FILL
G1 F3600 E1
G1 F9600 X21.163 Y-2.721 E0.30339
G1 X21.245 Y-3.831 E0.05553
G1 X20.282 Y-3.816 E0.04805
G1 X19.456 Y-3.84 E0.04123
G1 X17.154 Y-3.845 E0.11485
G1 X21.176 Y0.177 E0.28377
G1 X21.2 Y1.542 E0.06811
G1 X21.18 Y2.27 E0.03633
G1 X21.204 Y2.586 E0.01581
G1 X20.893 Y3.747 E0.05996
G1 X19.531 Y3.771 E0.06796
G1 X16.694 Y3.772 E0.14154
G1 X15.967 Y3.729 E0.03633
G1 X14.914 Y3.747 E0.05254
G1 X15.091 Y2.327 E0.07139
G1 X15.447 Y0.083 E0.11335
G1 X15.393 Y-.425 E0.02549
G1 X15.407 Y-.425 E0.0007
G1 X15.076 Y-2.447 E0.10222
G1 X14.743 Y-3.793 E0.06918
G1 X15.805 Y-3.812 E0.05299
G1 X16.603 Y-3.847 E0.03985
G1 X16.702 Y-3.851
G1 F3600 E-1
G0 F12000 X12.769 Y-3.886
G0 X12.42 Y-4.141
;TYPE:WALL-INNER
G1 F3600 E1
G1 F3000 X12.743 Y-3.035 E0.05748
G1 X12.898 Y-2.379 E0.03363
G1 X13.074 Y-.587 E0.08983
G1 X13.098 Y0.138 E0.03619
G1 X12.889 Y2.312 E0.10896
G1 X12.591 Y3.737 E0.07263
G1 X12.553 Y4.113 E0.01885
G1 X14.524 Y4.112 E0.09833
G1 X15.948 Y4.088 E0.07105
G1 X16.682 Y4.132 E0.03669
G1 X19.54 Y4.131 E0.14259
G1 X20.388 Y4.116 E0.04231
G1 X21.87 Y4.144 E0.07395
G1 X23.029 Y4.191 E0.05787
G1 X22.776 Y2.191 E0.10058
G1 X22.791 Y0.007 E0.10896
G1 X22.723 Y-2.343 E0.11729
G1 X22.947 Y-4.239 E0.09525
G1 X21.778 Y-4.2 E0.05835
G1 X20.286 Y-4.176 E0.07445
G1 X19.47 Y-4.2 E0.04073
G1 X16.582 Y-4.207 E0.14408
G1 X15.803 Y-4.172 E0.0389
G1 X14.2 Y-4.144 E0.07999
G1 X12.42 Y-4.141 E0.0888
G0 F12000 X11.887 Y-4.54
;TYPE:WALL-OUTER
G1 F1200 X12.355 Y-2.94 E0.08317
G1 X12.5 Y-2.34 E0.0308
G1 X12.676 Y-.548 E0.08983
G1 X12.7 Y0.1 E0.03235
G1 X12.491 Y2.267 E0.10861
G1 X12.195 Y3.675 E0.07178
G1 X12.11 Y4.517 E0.04222
G1 X13.265 Y4.508 E0.05762
G1 X14.531 Y4.512 E0.06316
G1 X15.924 Y4.488 E0.06951
G1 X16.67 Y4.532 E0.03728
G1 X19.548 Y4.531 E0.14358
G1 X20.38 Y4.516 E0.04152
G1 X21.856 Y4.544 E0.07365
G1 X22.861 Y4.58 E0.05017
G1 X23.487 Y4.621 E0.0313
G1 X23.177 Y2.222 E0.12068
G1 X23.191 Y0.003 E0.11071
G1 X23.125 Y-2.34 E0.11694
G1 X23.401 Y-4.662 E0.11666
G1 X22.779 Y-4.632 E0.03107
G1 X21.772 Y-4.6 E0.05026
G1 X20.298 Y-4.576 E0.07355
G1 X19.476 Y-4.6 E0.04103
G1 X16.573 Y-4.607 E0.14483
G1 X15.796 Y-4.572 E0.0388
G1 X14.2 Y-4.544 E0.07964
G1 X11.887 Y-4.54 E0.1154
G0 F12000 X12.111 Y-3.773
G1 F3600 E-1
G0 F12000 X12.769 Y-3.886
G0 X13.135 Y-2.457
G0 X13.344 Y0.109
G0 X12.979 Y3.731
;TYPE:SKIN
G1 F3600 E1
G1 F2400 X13.264 Y2.356 E0.07006
G1 X13.48 Y0.092 E0.11346
G1 X13.452 Y-.628 E0.03595
G1 X13.268 Y-2.48 E0.09285
G1 X13.111 Y-3.128 E0.03326
G1 X12.926 Y-3.761 E0.0329
G1 X14.393 Y-3.767 E0.07319
G1 X14.74 Y-2.411 E0.06983
G1 X15.034 Y-.579 E0.09257
G1 X15.102 Y0.079 E0.033
G1 X14.754 Y2.268 E0.11058
G1 X14.578 Y3.728 E0.07337
G1 X12.979 Y3.731 E0.07977
G0 F12000 X14.006 Y3.53
G1 F2400 X14.454 Y3.082 E0.03161
G0 F12000 X14.532 Y2.439
G1 F2400 X13.44 Y3.531 E0.07705
G0 F12000 X13.317 Y3.088
G1 F2400 X14.63 Y1.775 E0.09264
G0 F12000 X14.737 Y1.102
G1 F2400 X13.464 Y2.375 E0.08982
G0 F12000 X13.524 Y1.749
G1 F2400 X14.844 Y0.43 E0.0931
G0 F12000 X14.875 Y-.168
G1 F2400 X13.584 Y1.124 E0.09112
G0 F12000 X13.644 Y0.498
G1 F2400 X14.816 Y-.674 E0.08269
G0 F12000 X14.738 Y-1.161
G1 F2400 X13.67 Y-0.094 E0.07532
G0 F12000 X13.652 Y-.641
G1 F2400 X14.659 Y-1.648 E0.07105
G0 F12000 X14.581 Y-2.136
G1 F2400 X13.601 Y-1.156 E0.06914
G0 F12000 X13.55 Y-1.671
G1 F2400 X14.484 Y-2.604 E0.06586
G0 F12000 X14.368 Y-3.055
G1 F2400 X13.499 Y-2.185 E0.06135
G0 F12000 X13.425 Y-2.677
G1 F2400 X14.253 Y-3.505 E0.05842
G0 F12000 X13.747 Y-3.565
G1 F2400 X13.316 Y-3.133 E0.03044
G1 F3600 E-1
G0 F12000 X22.591 Y3.792
G1 F3600 E1
G1 F2400 X21.637 Y3.762 E0.04762
G1 X21.516 Y2.263 E0.07503
G1 X21.541 Y1.559 E0.03514
G1 X21.513 Y0.019 E0.07684
G1 X21.512 Y-1.604 E0.08097
G1 X21.472 Y-2.302 E0.03488
G1 X21.583 Y-3.816 E0.07574
G1 X22.517 Y-3.841 E0.04661
G1 X22.34 Y-2.371 E0.07387
G1 X22.407 Y-0.025 E0.11709
G1 X22.396 Y2.264 E0.1142
G1 X22.591 Y3.792 E0.07685
G0 F12000 X22.062 Y3.311
G1 F1912.4 X21.956 Y2.259 E0.0662
G1 F2046.9 X21.969 Y1.556 E0.04113
G1 F2114.5 X21.936 Y-1.621 E0.17991
G1 F2105.3 X21.91 Y-2.404 E0.04456
G1 F1987.6 X22.003 Y-3.375 E0.05876
G1 F3600 E-1
;MESH:NONMESH
G0 F12000 X-15.232 Y-2.591
;TIME_ELAPSED:782.364575
;LAYER:70
;MESH:pi 3mm.stl
G0 X-15.232 Y-2.591 Z21.3
;TYPE:FILL
G1 F3600 E1
G1 F9600 X-16.558 Y-3.916 E0.09352
G1 X-15.03 Y-3.859 E0.07629
G1 X-15.142 Y-3.365 E0.02527
G1 X-15.263 Y-2.333 E0.05184
G1 X-15.294 Y-1.569 E0.03815
G1 X-15.3 Y-1.089 E0.02395
G1 X-16.583 Y3.699 E0.2473
G1 X-19.744 Y3.688 E0.1577
G1 X-19.916 Y3.677 E0.0086
G1 X-20.536 Y3.676 E0.03093
G1 X-21.645 Y3.705 E0.05535
G1 X-21.587 Y2.224 E0.07394
G1 X-21.582 Y0.839 E0.0691
G1 X-21.541 Y-.106 E0.04719
G1 X-21.565 Y-1.597 E0.0744
G1 X-21.627 Y-2.444 E0.04237
G1 X-21.649 Y-3.453 E0.05035
G1 X-20.097 Y-3.869 E0.08016
G1 X-16.602 Y-3.931 E0.17439
G1 X-16.503 Y-3.932
G1 F3600 E-1
G0 F12000 X-13.181 Y3.837
G0 X-12.834 Y4.099
;TYPE:WALL-INNER
G1 F3600 E1
G1 F3000 X-13.049 Y3.352 E0.03878
G1 X-13.303 Y2.375 E0.05036
G1 X-13.312 Y1.673 E0.03503
G1 X-13.367 Y-0.072 E0.0871
G1 X-13.227 Y-1.811 E0.08704
G1 X-13.2 Y-2.378 E0.02832
G1 X-12.932 Y-4.145 E0.08916
G1 X-16.158 Y-4.261 E0.16105
G1 X-16.589 Y-4.291 E0.02155
G1 X-20.049 Y-4.228 E0.17265
G1 X-20.646 Y-4.24 E0.02979
G1 X-22.569 Y-4.309 E0.096
G1 X-23.887 Y-4.398 E0.06591
G1 X-23.712 Y-2.572 E0.09152
G1 X-23.604 Y-.148 E0.12105
G1 X-23.576 Y1.297 E0.0721
G1 X-23.606 Y2.378 E0.05395
G1 X-23.675 Y3.098 E0.03609
G1 X-23.793 Y4.169 E0.05376
G1 X-22.449 Y4.088 E0.06717
G1 X-20.54 Y4.036 E0.09528
G1 X-19.934 Y4.037 E0.03023
G1 X-19.76 Y4.048 E0.0087
G1 X-16.241 Y4.06 E0.17556
G1 X-15.858 Y4.04 E0.01913
G1 X-14.341 Y4.084 E0.07572
G1 X-12.834 Y4.099 E0.07519
G0 F12000 X-12.302 Y4.505
;TYPE:WALL-OUTER
G1 F1200 X-12.662 Y3.251 E0.06509
G1 X-12.904 Y2.295 E0.0492
G1 X-12.912 Y1.66 E0.03168
G1 X-12.968 Y-0.04 E0.08486
G1 X-12.828 Y-1.785 E0.08734
G1 X-12.798 Y-2.379 E0.02967
G1 X-12.562 Y-3.918 E0.07768
G1 X-12.495 Y-4.572 E0.0328
G1 X-13.116 Y-4.552 E0.031
G1 X-16.13 Y-4.66 E0.15047
G1 X-16.578 Y-4.691 E0.0224
G1 X-20.041 Y-4.628 E0.1728
G1 X-20.632 Y-4.64 E0.02949
G1 X-22.542 Y-4.708 E0.09535
G1 X-24.33 Y-4.828 E0.0894
G1 X-24.112 Y-2.554 E0.11397
G1 X-24.004 Y-.14 E0.12056
G1 X-23.976 Y1.286 E0.07116
G1 X-24.004 Y2.34 E0.0526
G1 X-24.073 Y3.054 E0.03579
G1 X-24.243 Y4.597 E0.07745
G1 X-22.438 Y4.488 E0.09022
G1 X-20.54 Y4.436 E0.09473
G1 X-19.959 Y4.436 E0.02899
G1 X-19.773 Y4.448 E0.0093
G1 X-16.23 Y4.46 E0.17676
G1 X-15.87 Y4.44 E0.01799
G1 X-14.345 Y4.484 E0.07611
G1 X-12.302 Y4.505 E0.10193
G0 F12000 X-12.522 Y3.737
G0 X-13.338 Y3.71
;TYPE:SKIN
G1 F2400 X-14.647 Y3.7 E0.06531
G1 X-15.003 Y2.26 E0.074
G1 X-14.952 Y-1.555 E0.19035
G1 X-14.924 Y-2.296 E0.037
G1 X-14.806 Y-3.302 E0.05053
G1 X-14.689 Y-3.825 E0.02674
G1 X-13.372 Y-3.776 E0.06575
G1 X-13.57 Y-2.491 E0.06487
G1 X-13.606 Y-1.827 E0.03318
G1 X-13.744 Y-0.096 E0.08663
G1 X-13.674 Y2.447 E0.12692
G1 X-13.338 Y3.71 E0.0652
G0 F12000 X-14.032 Y3.504
G1 F2400 X-14.64 Y2.896 E0.0429
G0 F12000 X-14.803 Y2.168
G1 F2400 X-13.656 Y3.314 E0.08089
G0 F12000 X-13.854 Y2.551
G1 F2400 X-14.796 Y1.609 E0.06646
G0 F12000 X-14.788 Y1.051
G1 F2400 X-13.887 Y1.952 E0.06357
G0 F12000 X-13.9 Y1.373
G1 F2400 X-14.78 Y0.494 E0.06205
G0 F12000 X-14.773 Y-0.065
G1 F2400 X-13.917 Y0.791 E0.0604
G0 F12000 X-13.934 Y0.209
G1 F2400 X-14.765 Y-.623 E0.05867
G0 F12000 X-14.758 Y-1.182
G1 F2400 X-13.924 Y-.347 E0.05888
G0 F12000 X-13.882 Y-.871
G1 F2400 X-14.745 Y-1.735 E0.06092
G0 F12000 X-14.725 Y-2.28
G1 F2400 X-13.84 Y-1.395 E0.06244
G0 F12000 X-13.801 Y-1.921
G1 F2400 X-14.665 Y-2.786 E0.061
G0 F12000 X-14.604 Y-3.29
G1 F2400 X-13.772 Y-2.459 E0.05867
G0 F12000 X-13.701 Y-2.953
G1 F2400 X-14.361 Y-3.613 E0.04657
G0 F12000 X-13.772 Y-3.59
G1 F2400 X-13.625 Y-3.443 E0.01037
G1 F3600 E-1
G0 F12000 X-23.364 Y3.762
G1 F3600 E1
G1 F2400 X-23.223 Y2.401 E0.06826
G1 X-23.195 Y1.297 E0.0551
G1 X-23.224 Y-.156 E0.0725
G1 X-23.332 Y-2.589 E0.1215
G1 X-23.463 Y-3.985 E0.06995
G1 X-22.646 Y-3.931 E0.04085
G1 X-22.046 Y-3.907 E0.02996
G1 X-21.981 Y-3.095 E0.04064
G1 X-21.964 Y-2.439 E0.03274
G1 X-21.905 Y-1.597 E0.04211
G1 X-21.88 Y-.118 E0.0738
G1 X-21.92 Y0.815 E0.04659
G1 X-21.924 Y2.211 E0.06965
G1 X-21.984 Y3.68 E0.07335
G1 X-23.364 Y3.762 E0.06897
G0 F12000 X-23.132 Y3.456
G1 F2400 X-23.044 Y3.543 E0.00617
G0 F12000 X-22.506 Y3.516
G1 F2400 X-23.079 Y2.943 E0.04043
G0 F12000 X-23.026 Y2.43
G1 F2400 X-22.168 Y3.288 E0.06054
G0 F12000 X-22.146 Y2.744
G1 F2400 X-23.01 Y1.88 E0.06096
G0 F12000 X-22.997 Y1.328
G1 F2400 X-22.123 Y2.201 E0.06163
G0 F12000 X-22.122 Y1.637
G1 F2400 X-23.006 Y0.752 E0.06241
G0 F12000 X-23.018 Y0.175
G1 F2400 X-22.12 Y1.073 E0.06336
G0 F12000 X-22.107 Y0.52
G1 F2400 X-23.035 Y-.408 E0.06548
G0 F12000 X-23.062 Y-1
G1 F2400 X-22.084 Y-0.022 E0.069
G0 F12000 X-22.088 Y-.592
G1 F2400 X-23.088 Y-1.592 E0.07056
G0 F12000 X-23.114 Y-2.184
G1 F2400 X-22.098 Y-1.167 E0.07172
G0 F12000 X-22.116 Y-1.752
G1 F2400 X-23.15 Y-2.785 E0.07292
G0 F12000 X-23.209 Y-3.41
G1 F2400 X-22.159 Y-2.36 E0.07408
G0 F12000 X-22.176 Y-2.943
G1 F2400 X-22.989 Y-3.755 E0.05733
G0 F12000 X-22.391 Y-3.723
G1 F2400 X-22.217 Y-3.55 E0.01224
G1 F3600 E-1
G0 F12000 X15.729 Y-1.046
;TYPE:FILL
G1 F3600 E1
G1 F9600 X20.853 Y-2.418 E0.26464
G1 X20.956 Y-3.816 E0.06994
G1 X20.454 Y-3.808 E0.02505
G1 X19.225 Y-3.848 E0.06135
G1 X17.446 Y-3.853 E0.08876
G1 X20.853 Y-.446 E0.24038
G1 X20.895 Y1.949 E0.11951
G1 X20.886 Y2.277 E0.01637
G1 X20.931 Y2.788 E0.02559
G1 X20.673 Y3.751 E0.04974
G1 X19.303 Y3.78 E0.06836
G1 X17.024 Y3.78 E0.1137
G1 X15.8 Y3.705 E0.06118
G1 X15.352 Y3.713 E0.02235
G1 X15.526 Y2.315 E0.07028
G1 X15.89 Y-0.034 E0.11859
G1 X15.507 Y-2.448 E0.12194
G1 X15.165 Y-3.767 E0.06798
G1 X16.965 Y-3.855 E0.08991
G1 X17.064 Y-3.859
G1 F3600 E-1
G0 F12000 X13.459 Y3.824
G0 X13.133 Y4.085
;TYPE:WALL-INNER
G1 F3600 E1
G1 F3000 X14.572 Y4.084 E0.07179
G1 X15.781 Y4.065 E0.06032
G1 X17.011 Y4.14 E0.06148
G1 X19.315 Y4.14 E0.11495
G1 X20.58 Y4.112 E0.06313
G1 X22.596 Y4.152 E0.1006
G1 X22.497 Y3.385 E0.03858
G1 X22.417 Y2.313 E0.05363
G1 X22.472 Y0.348 E0.09807
G1 X22.468 Y-.35 E0.03482
G1 X22.364 Y-2.301 E0.09747
G1 X22.44 Y-3.444 E0.05715
G1 X22.53 Y-4.201 E0.03803
G1 X20.459 Y-4.168 E0.10334
G1 X19.241 Y-4.208 E0.0608
G1 X16.943 Y-4.215 E0.11465
G1 X15.589 Y-4.148 E0.06763
G1 X12.99 Y-4.111 E0.12968
G1 X13.157 Y-3.54 E0.02968
G1 X13.461 Y-2.266 E0.06534
G1 X13.688 Y-0.036 E0.11183
G1 X13.469 Y2.068 E0.10554
G1 X13.424 Y2.346 E0.01405
G1 X13.351 Y3.084 E0.037
G1 X13.133 Y4.085 E0.05111
G1 F3600 E-1
G0 F12000 X13.459 Y3.824
G0 X13.532 Y-0.038
G0 X13.325 Y-2.049
G0 X12.806 Y-4.252
G0 X12.458 Y-4.509
;TYPE:WALL-OUTER
G1 F3600 E1
G1 F1200 X12.775 Y-3.42 E0.05659
G1 X13.059 Y-2.252 E0.05997
G1 X13.288 Y-0.036 E0.11115
G1 X13.07 Y2.037 E0.10399
G1 X13.027 Y2.294 E0.013
G1 X12.96 Y2.999 E0.03533
G1 X12.702 Y4.184 E0.0605
G1 X12.673 Y4.484 E0.01504
G1 X14.579 Y4.484 E0.09509
G1 X15.757 Y4.464 E0.05878
G1 X16.999 Y4.54 E0.06208
G1 X19.324 Y4.54 E0.11599
G1 X20.572 Y4.512 E0.06228
G1 X23.05 Y4.561 E0.12365
G1 X22.896 Y3.355 E0.06066
G1 X22.816 Y2.262 E0.05468
G1 X22.872 Y0.353 E0.09528
G1 X22.868 Y-.362 E0.03567
G1 X22.764 Y-2.346 E0.09912
G1 X22.837 Y-3.396 E0.05251
G1 X22.983 Y-4.611 E0.06105
G1 X20.472 Y-4.568 E0.12529
G1 X19.248 Y-4.608 E0.0611
G1 X16.933 Y-4.615 E0.1155
G1 X15.583 Y-4.548 E0.06743
G1 X12.458 Y-4.509 E0.15592
G0 F12000 X12.681 Y-3.741
G1 F3600 E-1
G0 F12000 X13.338 Y-3.856
G0 X13.697 Y-2.34
G0 X13.934 Y-0.038
G0 X13.605 Y3.702
;TYPE:SKIN
G1 F3600 E1
G1 F2400 X13.724 Y3.144 E0.02846
G1 X13.791 Y2.443 E0.03513
G1 X13.838 Y2.161 E0.01426
G1 X14.064 Y-0.015 E0.10915
G1 X13.835 Y-2.305 E0.11482
G1 X13.5 Y-3.735 E0.07327
G1 X14.814 Y-3.753 E0.06556
G1 X15.168 Y-2.406 E0.06948
G1 X15.545 Y-0.031 E0.11997
G1 X15.186 Y2.269 E0.11614
G1 X15.01 Y3.696 E0.07173
G1 X13.605 Y3.702 E0.0701
G0 F12000 X13.919 Y3.171
G1 F2400 X14.247 Y3.499 E0.02314
G0 F12000 X14.81 Y3.497
G1 F2400 X13.97 Y2.657 E0.05927
G0 F12000 X14.039 Y2.16
G1 F2400 X14.893 Y3.014 E0.06025
G0 F12000 X14.955 Y2.51
G1 F2400 X14.092 Y1.647 E0.06089
G0 F12000 X14.146 Y1.135
G1 F2400 X15.024 Y2.013 E0.06195
G0 F12000 X15.1 Y1.524
G1 F2400 X14.199 Y0.622 E0.06361
G0 F12000 X14.252 Y0.11
G1 F2400 X15.177 Y1.034 E0.06523
G0 F12000 X15.253 Y0.545
G1 F2400 X14.22 Y-.488 E0.07288
G0 F12000 X14.155 Y-1.119
G1 F2400 X15.329 Y0.056 E0.08287
G0 F12000 X15.254 Y-.585
G1 F2400 X14.091 Y-1.749 E0.08209
G0 F12000 X14.025 Y-2.38
G1 F2400 X15.148 Y-1.257 E0.07923
G0 F12000 X15.041 Y-1.93
G1 F2400 X13.85 Y-3.12 E0.084
G0 F12000 X13.995 Y-3.541
G1 F2400 X14.901 Y-2.635 E0.06392
G0 F12000 X14.699 Y-3.403
G1 F2400 X14.553 Y-3.549 E0.0103
G1 F3600 E-1
G0 F12000 X21.979 Y-3.715
G1 F3600 E1
G1 F1616.2 X21.891 Y-2.465 E0.09284
G1 F1931.6 X21.999 Y-2.105 E0.0233
G1 F2400 X22.088 Y-.351 E0.08762
G1 X22.092 Y0.334 E0.03418
G1 X22.036 Y2.234 E0.09483
G1 X22.14 Y3.764 E0.07651
G1 X21.356 Y3.747 E0.03912
G1 X21.224 Y2.261 E0.07443
G1 X21.233 Y1.962 E0.01492
G1 X21.2 Y-0.011 E0.09845
G1 X21.198 Y-2.062 E0.10232
G1 F1931.6 X21.299 Y-2.507 E0.02829
G1 F1616.2 X21.384 Y-3.707 E0.08913
G1 F1618.9 X21.979 Y-3.715 E0.04401
G1 F3600 E-1
G0 F12000 X21.715 Y3.359
G1 F3600 E1
G1 F2388.1 X21.63 Y2.254 E0.05557
G1 F2133.3 X21.649 Y0.329 E0.10805
G1 F1967.2 X21.644 Y-.337 E0.04054
G1 F2138.1 X21.6 Y-2.022 E0.0944
G1 F3600 E-1
;MESH:NONMESH
G0 F600 X21.6 Y-2.022 Z21.6
G0 F12000 X16.075 Y-.919
;TIME_ELAPSED:794.918601
;LAYER:71
;TYPE:FILL
;MESH:pi 3mm.stl
G1 F3600 E1
G1 F9600 X20.563 Y-2.121 E0.2318
G1 X20.625 Y-3.223 E0.05507
G1 X20.67 Y-3.804 E0.02907
G1 X18.994 Y-3.856 E0.08366
G1 X17.738 Y-3.861 E0.06266
G1 X20.602 Y-.997 E0.20207
G1 X20.62 Y2.262 E0.16259
G1 X20.667 Y2.954 E0.0346
G1 X20.451 Y3.758 E0.04153
G1 X19.072 Y3.784 E0.06881
G1 X17.378 Y3.788 E0.08451
G1 X15.772 Y3.689 E0.08028
G1 X15.85 Y2.568 E0.05606
G1 X15.913 Y1.967 E0.03015
G1 X16.205 Y-0.031 E0.10074
G1 X15.909 Y-2.035 E0.10106
G1 X15.879 Y-2.383 E0.01743
G1 X15.561 Y-3.778 E0.07138
G1 X17.27 Y-3.863 E0.08537
G1 X17.369 Y-3.867
G1 F3600 E-1
G0 F12000 X13.779 Y-3.843
G0 X13.447 Y-4.099
;TYPE:WALL-INNER
G1 F3600 E1
G1 F3000 X13.881 Y-2.323 E0.09121
G1 X13.985 Y-1.666 E0.03319
G1 X14.148 Y-0.06 E0.08054
G1 X13.981 Y1.584 E0.08244
G1 X13.859 Y2.339 E0.03816
G1 X13.682 Y4.053 E0.08597
G1 X14.623 Y4.056 E0.04695
G1 X15.613 Y4.04 E0.0494
G1 X17.366 Y4.148 E0.08762
G1 X19.082 Y4.144 E0.08561
G1 X20.772 Y4.112 E0.08433
G1 X22.264 Y4.14 E0.07445
G1 X22.125 Y2.306 E0.09176
G1 X22.167 Y0.759 E0.07721
G1 X22.156 Y-.767 E0.07613
G1 X22.073 Y-2.368 E0.07998
G1 X22.205 Y-4.188 E0.09104
G1 X20.678 Y-4.163 E0.07619
G1 X19.009 Y-4.216 E0.08331
G1 X17.266 Y-4.223 E0.08696
G1 X15.373 Y-4.128 E0.09456
G1 X13.447 Y-4.099 E0.0961
G0 F12000 X12.939 Y-4.491
;TYPE:WALL-OUTER
G1 F1200 X13.486 Y-2.26 E0.1146
G1 X13.591 Y-1.593 E0.03369
G1 X13.748 Y-0.028 E0.07847
G1 X13.586 Y1.52 E0.07765
G1 X13.463 Y2.287 E0.03875
G1 X13.238 Y4.452 E0.10859
G1 X14.63 Y4.456 E0.06945
G1 X15.589 Y4.44 E0.04785
G1 X17.354 Y4.548 E0.08822
G1 X19.09 Y4.544 E0.08661
G1 X20.764 Y4.512 E0.08353
G1 X22.696 Y4.548 E0.0964
G1 X22.524 Y2.276 E0.11367
G1 X22.567 Y0.762 E0.07556
G1 X22.556 Y-.778 E0.07683
G1 X22.472 Y-2.339 E0.07799
G1 X22.636 Y-4.596 E0.1129
G1 X20.672 Y-4.563 E0.098
G1 X19.016 Y-4.616 E0.08266
G1 X17.257 Y-4.623 E0.08776
G1 X15.367 Y-4.528 E0.09441
G1 X12.939 Y-4.491 E0.12115
G0 F12000 X13.129 Y-3.714
G0 X13.93 Y-3.723
;TYPE:SKIN
G1 F2400 X15.217 Y-3.741 E0.06421
G1 X15.538 Y-2.336 E0.0719
G1 X15.568 Y-1.994 E0.01713
G1 X15.861 Y-0.027 E0.09922
G1 X15.578 Y1.902 E0.09727
G1 X15.509 Y2.53 E0.03152
G1 X15.432 Y3.662 E0.05661
G1 X14.619 Y3.676 E0.04057
G1 X14.102 Y3.673 E0.02579
G1 X14.227 Y2.439 E0.06188
G1 X14.358 Y1.641 E0.04035
G1 X14.524 Y0.017 E0.08144
G1 X14.368 Y-1.671 E0.08457
G1 X14.254 Y-2.384 E0.03602
G1 X13.93 Y-3.723 E0.06873
G0 F12000 X14.202 Y-3.454
G1 F2400 X14.272 Y-3.524 E0.00494
G0 F12000 X14.312 Y-2.998
G1 F2400 X14.849 Y-3.535 E0.03789
G0 F12000 X15.124 Y-3.245
G1 F2400 X14.422 Y-2.543 E0.04953
G0 F12000 X14.508 Y-2.063
G1 F2400 X15.23 Y-2.785 E0.05094
G0 F12000 X15.335 Y-2.324
G1 F2400 X14.578 Y-1.568 E0.05338
G0 F12000 X14.627 Y-1.051
G1 F2400 X15.392 Y-1.816 E0.05397
G0 F12000 X15.466 Y-1.324
G1 F2400 X14.676 Y-.534 E0.05574
G0 F12000 X14.724 Y-0.016
G1 F2400 X15.539 Y-.831 E0.0575
G0 F12000 X15.612 Y-.339
G1 F2400 X14.662 Y0.612 E0.06706
G0 F12000 X14.6 Y1.24
G1 F2400 X15.623 Y0.216 E0.07221
G0 F12000 X15.526 Y0.879
G1 F2400 X14.521 Y1.884 E0.07091
G0 F12000 X14.418 Y2.553
G1 F2400 X15.428 Y1.542 E0.0713
G0 F12000 X15.344 Y2.192
G1 F2400 X14.353 Y3.183 E0.06992
G0 F12000 X14.631 Y3.471
G1 F2400 X15.288 Y2.814 E0.04635
G1 X15.358 Y2.744
G1 F3600 E-1
G0 F12000 X21.748 Y3.652
G1 F3600 E1
G1 F1616.2 X21.157 Y3.64 E0.04379
G1 F1618.9 X21.056 Y2.249 E0.10315
G1 F1589.4 X21.06 Y0.75 E0.11293
G1 F1555.9 X21.051 Y-.741 E0.11474
G1 F1589.4 X21.015 Y-2.441 E0.1281
G1 F1627.1 X21.097 Y-3.692 E0.09226
G1 F1621.6 X21.69 Y-3.702 E0.04379
G1 F1632.7 X21.6 Y-2.272 E0.10508
G1 F1594.7 X21.667 Y-.761 E0.11356
G1 F1555.9 X21.676 Y0.748 E0.11613
G1 F1589.4 X21.648 Y2.224 E0.11121
G1 F1618.9 X21.748 Y3.652 E0.10588
G0 F12000 X21.629 Y3.529
G1 F3600 E-1
G0 F12000 X21.616 Y3.528
G0 X-15.513 Y-3.171
;TYPE:FILL
G1 F3600 E1
G1 F9600 X-16.209 Y-3.867 E0.04911
G1 X-15.363 Y-3.843 E0.04222
G1 X-15.608 Y-2.744 E0.05618
G1 X-15.672 Y-2.218 E0.02644
G1 X-15.694 Y-.44 E0.08871
G1 X-16.807 Y3.715 E0.2146
G1 X-19.412 Y3.704 E0.12997
G1 X-20.078 Y3.669 E0.03327
G1 X-21.309 Y3.668 E0.06141
G1 X-21.253 Y2.228 E0.0719
G1 X-21.249 Y1.305 E0.04605
G1 X-21.189 Y-0.094 E0.06986
G1 X-21.203 Y-1.028 E0.0466
G1 X-21.303 Y-2.429 E0.07007
G1 X-21.323 Y-3.321 E0.04451
G1 X-19.198 Y-3.891 E0.10976
G1 X-16.908 Y-3.927 E0.11426
G1 X-16.808 Y-3.928
G1 F3600 E-1
G0 F12000 X-13.685 Y3.808
G0 X-13.338 Y4.07
;TYPE:WALL-INNER
G1 F3600 E1
G1 F3000 X-13.829 Y2.34 E0.08972
G1 X-13.792 Y-.349 E0.13417
G1 X-13.702 Y-2.486 E0.10671
G1 X-13.451 Y-4.141 E0.08351
G1 X-15.963 Y-4.221 E0.12539
G1 X-16.893 Y-4.287 E0.04651
G1 X-19.22 Y-4.251 E0.11611
G1 X-20.166 Y-4.216 E0.04723
G1 X-21.271 Y-4.236 E0.05514
G1 X-22.661 Y-4.289 E0.0694
G1 X-23.405 Y-4.339 E0.0372
G1 X-23.33 Y-3.789 E0.02769
G1 X-23.212 Y-2.524 E0.06339
G1 X-23.104 Y-.135 E0.11931
G1 X-23.092 Y0.6 E0.03667
G1 X-23.139 Y2.345 E0.08709
G1 X-23.322 Y4.112 E0.08863
G1 X-22.566 Y4.064 E0.03779
G1 X-21.168 Y4.028 E0.06977
G1 X-20.101 Y4.028 E0.05323
G1 X-19.419 Y4.064 E0.03407
G1 X-16.645 Y4.075 E0.1384
G1 X-15.712 Y4.02 E0.04663
G1 X-14.386 Y4.056 E0.06618
G1 X-13.338 Y4.07 E0.05229
G0 F12000 X-12.806 Y4.476
;TYPE:WALL-OUTER
G1 F1200 X-13.428 Y2.289 E0.11344
G1 X-13.392 Y-.333 E0.13082
G1 X-13.306 Y-2.426 E0.10451
G1 X-12.988 Y-4.527 E0.10601
G1 X-15.935 Y-4.62 E0.1471
G1 X-16.882 Y-4.687 E0.04736
G1 X-19.234 Y-4.651 E0.11736
G1 X-20.192 Y-4.616 E0.04783
G1 X-21.256 Y-4.636 E0.05309
G1 X-22.634 Y-4.688 E0.0688
G1 X-23.868 Y-4.771 E0.0617
G1 X-23.728 Y-3.751 E0.05137
G1 X-23.612 Y-2.506 E0.06238
G1 X-23.504 Y-.128 E0.11876
G1 X-23.492 Y0.59 E0.03583
G1 X-23.537 Y2.305 E0.08559
G1 X-23.771 Y4.541 E0.11216
G1 X-22.534 Y4.464 E0.06183
G1 X-21.168 Y4.428 E0.06817
G1 X-20.121 Y4.428 E0.05224
G1 X-19.43 Y4.464 E0.03452
G1 X-16.634 Y4.475 E0.13949
G1 X-15.67 Y4.42 E0.04817
G1 X-14.391 Y4.456 E0.06383
G1 X-12.806 Y4.476 E0.07908
G0 F12000 X-13.024 Y3.707
G0 X-13.685 Y3.808
G0 X-14.342 Y3.289
;TYPE:SKIN
G1 F2681.6 X-14.715 Y3.283 E0.01666
G1 F2630.1 X-14.991 Y2.293 E0.04679
G1 F2513.1 X-14.958 Y-.371 E0.12694
G1 F2376.2 X-14.923 Y-2.158 E0.09006
G1 F2341.5 X-14.878 Y-2.589 E0.02216
G1 F2449 X-14.708 Y-3.408 E0.0409
G1 F2526.3 X-14.337 Y-3.396 E0.01759
G1 F2474.2 X-14.497 Y-2.42 E0.04786
G1 F2442.7 X-14.567 Y-.372 E0.10045
G1 F2526.3 X-14.602 Y2.364 E0.12969
G1 F2637.4 X-14.342 Y3.289 E0.04362
G0 F12000 X-13.839 Y3.679
G1 F2400 X-15.003 Y3.658 E0.05808
G1 X-15.387 Y2.281 E0.07132
G1 X-15.332 Y-2.191 E0.22313
G1 X-15.274 Y-2.674 E0.02427
G1 X-15.02 Y-3.81 E0.05807
G1 X-13.888 Y-3.775 E0.0565
G1 X-14.086 Y-2.458 E0.06644
G1 X-14.172 Y-.361 E0.10471
G1 X-14.206 Y2.273 E0.13142
G1 X-14.169 Y2.523 E0.01261
G1 X-13.839 Y3.679 E0.05998
G1 F3600 E-1
G0 F12000 X-22.893 Y3.693
G1 F3600 E1
G1 F2400 X-22.757 Y2.32 E0.06883
G1 X-22.712 Y0.606 E0.08554
G1 X-22.724 Y-.144 E0.03742
G1 X-22.832 Y-2.542 E0.11976
G1 X-22.956 Y-3.919 E0.06898
G1 X-21.679 Y-3.87 E0.06376
G1 X-21.64 Y-2.422 E0.07227
G1 X-21.541 Y-1.028 E0.06972
G1 X-21.528 Y-.103 E0.04615
G1 X-21.588 Y1.283 E0.06921
G1 X-21.592 Y2.214 E0.04645
G1 X-21.646 Y3.66 E0.07219
G1 X-22.893 Y3.693 E0.06223
G0 F12000 X-22.449 Y3.28
G1 F2455.2 X-22.367 Y2.327 E0.04665
G1 F2546.4 X-22.324 Y0.613 E0.08062
G1 F2487 X-22.325 Y-.151 E0.03678
G1 F2370.4 X-22.356 Y-.99 E0.04241
G1 F2382.1 X-22.435 Y-2.561 E0.07907
G1 F2376.2 X-22.505 Y-3.492 E0.04704
G1 F2313.3 X-22.075 Y-3.475 E0.02227
G1 F2376.2 X-22.036 Y-2.411 E0.05365
G1 F2388.1 X-21.946 Y-1.013 E0.07024
G1 F2364.5 X-21.927 Y-.168 E0.0428
G1 F2500 X-21.973 Y1.268 E0.06881
G1 F2553.2 X-21.982 Y2.202 E0.0438
G1 F2449 X-22.031 Y3.268 E0.05217
G1 F2382.1 X-22.449 Y3.28 E0.02102
G1 F3600 E-1
;MESH:NONMESH
G0 F12000 X16.41 Y-.789
;TIME_ELAPSED:805.819736
;LAYER:72
;MESH:pi 3mm.stl
G0 X16.41 Y-.789 Z21.9
;TYPE:FILL
G1 F3600 E1
G1 F9600 X20.362 Y-1.848 E0.20412
G1 X20.349 Y-2.66 E0.04052
G1 X20.415 Y-3.813 E0.05762
G1 X18.768 Y-3.864 E0.08221
G1 X18.033 Y-3.866 E0.03667
G1 X20.367 Y-1.532 E0.16468
G1 X20.38 Y-.715 E0.04077
G1 X20.372 Y-0.046 E0.03338
G1 X20.377 Y1.645 E0.08436
G1 X20.393 Y2.269 E0.03114
G1 X20.441 Y2.977 E0.0354
G1 X20.231 Y3.762 E0.04054
G1 X18.908 Y3.791 E0.06602
G1 X17.726 Y3.792 E0.05897
G1 X16.095 Y3.698 E0.08151
G1 X16.151 Y2.895 E0.04016
G1 X16.233 Y2.304 E0.02977
G1 X16.293 Y1.543 E0.03808
G1 X16.522 Y-0.027 E0.07916
G1 X16.285 Y-1.637 E0.08119
G1 X16.22 Y-2.38 E0.03721
G1 X15.905 Y-3.781 E0.07164
G1 X17.649 Y-3.867 E0.08711
G1 X17.748 Y-3.871
G1 F3600 E-1
G0 F12000 X14.206 Y-3.821
G0 X13.877 Y-4.087
;TYPE:WALL-INNER
G1 F3600 E1
G1 F3000 X14.309 Y-2.312 E0.09114
G1 X14.497 Y-1.144 E0.05902
G1 X14.608 Y-0.022 E0.05625
G1 X14.493 Y1.063 E0.05443
G1 X14.291 Y2.331 E0.06406
G1 X14.18 Y3.27 E0.04717
G1 X14.104 Y4.028 E0.03801
G1 X14.678 Y4.032 E0.02864
G1 X15.443 Y4.02 E0.03817
G1 X17.714 Y4.152 E0.11349
G1 X18.919 Y4.151 E0.06012
G1 X20.964 Y4.108 E0.10205
G1 X21.97 Y4.127 E0.0502
G1 X21.833 Y2.292 E0.0918
G1 X21.864 Y1.164 E0.0563
G1 X21.844 Y-0.036 E0.05988
G1 X21.844 Y-1.183 E0.05722
G1 X21.785 Y-2.359 E0.05874
G1 X21.914 Y-4.176 E0.09088
G1 X20.862 Y-4.159 E0.05249
G1 X18.781 Y-4.224 E0.10387
G1 X17.627 Y-4.227 E0.05757
G1 X15.157 Y-4.104 E0.12338
G1 X13.877 Y-4.087 E0.06387
G0 F12000 X13.362 Y-4.479
;TYPE:WALL-OUTER
G1 F1200 X13.555 Y-3.739 E0.03815
G1 X13.914 Y-2.248 E0.07651
G1 X14.103 Y-1.069 E0.05957
G1 X14.208 Y-0.031 E0.05205
G1 X14.098 Y1 E0.05173
G1 X13.895 Y2.276 E0.06446
G1 X13.782 Y3.23 E0.04793
G1 X13.662 Y4.425 E0.05992
G1 X14.684 Y4.432 E0.05099
G1 X15.42 Y4.42 E0.03672
G1 X17.702 Y4.552 E0.11404
G1 X18.927 Y4.551 E0.06112
G1 X20.956 Y4.508 E0.10125
G1 X22.408 Y4.535 E0.07245
G1 X22.348 Y3.875 E0.03306
G1 X22.232 Y2.263 E0.08063
G1 X22.264 Y1.166 E0.05475
G1 X22.244 Y-0.036 E0.05998
G1 X22.244 Y-1.194 E0.05777
G1 X22.184 Y-2.331 E0.0568
G1 X22.344 Y-4.584 E0.11269
G1 X20.856 Y-4.559 E0.07425
G1 X18.788 Y-4.624 E0.10322
G1 X17.617 Y-4.627 E0.05842
G1 X15.151 Y-4.504 E0.12318
G1 X13.362 Y-4.479 E0.08926
G0 F12000 X13.555 Y-3.739
G0 X13.563 Y-3.705
G1 F3600 E-1
G0 F12000 X14.243 Y-3.869
G0 X14.737 Y-1.157
G0 X14.971 Y3.241
;TYPE:SKIN
G1 F3600 E1
G1 F2400 X15.042 Y2.548 E0.03475
G1 F2519.7 X15.247 Y1.173 E0.06606
G1 F2553.2 X15.38 Y-0.026 E0.05657
G1 X15.256 Y-1.185 E0.05466
G1 F2623 X15.078 Y-2.391 E0.05565
G1 F2546.4 X14.854 Y-3.329 E0.04535
G1 F2506.5 X15.248 Y-3.338 E0.01883
G1 F2487 X15.488 Y-2.273 E0.05256
G1 F2553.2 X15.567 Y-1.543 E0.03443
G1 F2539.7 X15.774 Y-0.028 E0.07209
G1 X15.575 Y1.425 E0.06914
G1 F2526.3 X15.495 Y2.201 E0.03697
G1 F2430.4 X15.412 Y2.796 E0.0296
G1 F2412.1 X15.38 Y3.237 E0.02195
G1 F2400 X14.971 Y3.241 E0.02041
G1 F3600 E-1
G0 F12000 X14.853 Y-0.035
G0 X14.361 Y-3.715
G1 F3600 E1
G1 F2400 X15.565 Y-3.729 E0.06007
G1 X15.882 Y-2.332 E0.07147
G1 X15.948 Y-1.582 E0.03756
G1 X16.177 Y-0.028 E0.07837
G1 X15.954 Y1.486 E0.07635
G1 X15.893 Y2.254 E0.03844
G1 X15.809 Y2.856 E0.03032
G1 X15.754 Y3.637 E0.03906
G1 X14.527 Y3.646 E0.06122
G1 X14.655 Y2.431 E0.06095
G1 X14.87 Y1.121 E0.06623
G1 X14.985 Y-0.02 E0.05721
G1 X14.88 Y-1.147 E0.05647
G1 X14.678 Y-2.392 E0.06293
G1 X14.361 Y-3.715 E0.06787
G1 F3600 E-1
G0 F12000 X21.47 Y3.654
G1 F3600 E1
G1 F1708.2 X20.907 Y3.644 E0.03947
G1 F1711.2 X20.812 Y2.248 E0.09791
G1 F1690.1 X20.8 Y-0.026 E0.1611
G1 F1672.5 X20.806 Y-.704 E0.04854
G1 F1684.2 X20.766 Y-2.537 E0.13035
G1 X20.835 Y-3.689 E0.08205
G1 F1678.3 X21.412 Y-3.697 E0.04117
G1 F1702.1 X21.326 Y-2.384 E0.09256
G1 F1696.1 X21.376 Y-1.179 E0.08514
G1 F1666.7 X21.376 Y-0.045 E0.08147
G1 F1655.2 X21.392 Y1.152 E0.0866
G1 F1678.3 X21.372 Y2.24 E0.07763
G1 F1711.2 X21.47 Y3.654 E0.09918
G0 F12000 X21.337 Y3.518
G1 F3600 E-1
G0 F12000 X21.323 Y3.517
G0 X-15.723 Y-3.68
;TYPE:FILL
G1 F3600 E1
G1 F9600 X-15.87 Y-3.828 E0.01041
G1 X-15.693 Y-3.816 E0.00885
G1 X-16.017 Y-2.345 E0.07515
G1 X-15.995 Y-.134 E0.11031
G1 X-17.029 Y3.723 E0.19922
G1 X-19.136 Y3.716 E0.10512
G1 X-20.263 Y3.661 E0.05629
G1 X-20.975 Y3.661 E0.03552
G1 X-20.92 Y2.233 E0.0713
G1 X-20.917 Y1.776 E0.0228
G1 X-20.827 Y-.266 E0.10197
G1 X-20.98 Y-2.42 E0.10773
G1 X-20.998 Y-3.189 E0.03838
G1 X-18.333 Y-3.903 E0.13765
G1 X-17.191 Y-3.923 E0.05698
G1 X-17.091 Y-3.924
G1 F3600 E-1
G0 F12000 X-14.121 Y3.771
G0 X-13.786 Y4.034
;TYPE:WALL-INNER
G1 F3600 E1
G1 F3000 X-14.217 Y2.306 E0.08885
G1 X-14.172 Y-.755 E0.15273
G1 X-14.11 Y-2.353 E0.07978
G1 X-13.901 Y-4.127 E0.08912
G1 X-15.777 Y-4.182 E0.09363
G1 X-17.189 Y-4.283 E0.07062
G1 X-19.046 Y-4.251 E0.09266
G1 X-20.322 Y-4.204 E0.0637
G1 X-21.891 Y-4.236 E0.07829
G1 X-22.939 Y-4.281 E0.05233
G1 X-22.72 Y-2.647 E0.08225
G1 X-22.608 Y-.143 E0.12505
G1 X-22.671 Y2.295 E0.12167
G1 X-22.851 Y4.044 E0.08772
G1 X-21.796 Y4.02 E0.05265
G1 X-20.266 Y4.02 E0.07633
G1 X-19.159 Y4.076 E0.0553
G1 X-16.953 Y4.083 E0.11006
G1 X-15.515 Y4 E0.07186
G1 X-14.432 Y4.028 E0.05405
G1 X-13.786 Y4.034 E0.03223
G0 F12000 X-13.273 Y4.438
;TYPE:WALL-OUTER
G1 F1200 X-13.813 Y2.276 E0.11118
G1 X-13.772 Y-.74 E0.15048
G1 X-13.711 Y-2.324 E0.07908
G1 X-13.453 Y-4.514 E0.11002
G1 X-15.748 Y-4.581 E0.11455
G1 X-17.178 Y-4.683 E0.07152
G1 X-19.06 Y-4.651 E0.09391
G1 X-20.349 Y-4.604 E0.06435
G1 X-21.876 Y-4.636 E0.0762
G1 X-22.73 Y-4.668 E0.04264
G1 X-23.401 Y-4.712 E0.03355
G1 X-23.121 Y-2.647 E0.10397
G1 X-23.008 Y-.11 E0.1267
G1 X-23.069 Y2.253 E0.11793
G1 X-23.3 Y4.481 E0.11175
G1 X-22.633 Y4.44 E0.03334
G1 X-21.796 Y4.42 E0.04177
G1 X-20.286 Y4.42 E0.07533
G1 X-19.17 Y4.476 E0.05575
G1 X-16.942 Y4.483 E0.11116
G1 X-15.474 Y4.4 E0.07336
G1 X-14.436 Y4.428 E0.0518
G1 X-13.273 Y4.438 E0.05802
G0 F12000 X-13.466 Y3.662
G1 F3600 E-1
G0 F12000 X-14.121 Y3.771
G0 X-14.423 Y2.479
G0 X-14.923 Y-3.239
;TYPE:SKIN
G1 F3600 E1
G1 F1331.5 X-15.085 Y-2.243 E0.09074
G1 F1299.1 X-15.107 Y-.376 E0.1721
G1 F1383.3 X-15.156 Y2.256 E0.22786
G1 F1428.6 X-14.95 Y3.104 E0.07314
G0 F12000 X-14.274 Y3.647
G1 F2400 X-15.366 Y3.626 E0.05449
G1 X-15.719 Y2.213 E0.07266
G1 X-15.656 Y-.375 E0.12915
G1 X-15.676 Y-2.307 E0.09639
G1 X-15.348 Y-3.786 E0.07558
G1 X-14.329 Y-3.754 E0.05086
G1 X-14.491 Y-2.36 E0.07001
G1 X-14.552 Y-.768 E0.07948
G1 X-14.596 Y2.351 E0.15562
G1 X-14.274 Y3.647 E0.06662
G1 F3600 E-1
G0 F12000 X-22.43 Y3.651
G1 F3600 E1
G1 F2400 X-22.293 Y2.329 E0.06631
G1 X-22.227 Y-.146 E0.12352
G1 X-22.345 Y-2.756 E0.13035
G1 X-22.497 Y-3.876 E0.05639
G1 X-21.352 Y-3.844 E0.05715
G1 X-21.32 Y-2.415 E0.07131
G1 X-21.165 Y-.257 E0.10794
G1 X-21.256 Y1.75 E0.10023
G1 X-21.26 Y2.221 E0.0235
G1 X-21.313 Y3.64 E0.07084
G1 X-22.43 Y3.651 E0.05573
G1 F3600 E-1
G0 F12000 X-21.878 Y-3.317
G1 F3600 E1
G1 F1486.1 X-21.836 Y-2.762 E0.04485
G1 F1568.6 X-21.824 Y-2.405 E0.02727
G1 F1509.4 X-21.697 Y-.252 E0.17108
G1 F1488.4 X-21.779 Y2.353 E0.20967
G1 F1474.7 X-21.831 Y3.101 E0.06088
G1 F3600 E-1
;MESH:NONMESH
G0 F600 X-21.831 Y3.101 Z22.2
G0 F12000 X-17.503 Y-3.919
;TIME_ELAPSED:816.379853
;LAYER:73
;TYPE:FILL
;MESH:pi 3mm.stl
G1 F3600 E1
G1 F9600 X-18.725 Y-3.899 E0.06097
G1 X-20.692 Y-3.829 E0.0982
G1 X-20.656 Y-2.425 E0.07007
G1 X-20.515 Y-0.092 E0.11661
G1 X-20.579 Y2.099 E0.10936
G1 X-20.637 Y3.641 E0.07699
G1 X-18.864 Y3.728 E0.08856
G1 X-17.25 Y3.728 E0.08052
G1 X-16.315 Y0.241 E0.18011
G1 X-16.291 Y-.742 E0.04906
G1 X-16.307 Y-2.452 E0.08532
G1 X-16.014 Y-3.815 E0.06955
G1 X-17.463 Y-3.917 E0.07247
G1 X-20.673 Y-3.057 E0.1658
G1 X-20.769 Y-3.032
G1 F3600 E-1
G0 F12000 X-14.51 Y3.74
G0 X-14.173 Y4.004
;TYPE:WALL-INNER
G1 F3600 E1
G1 F3000 X-14.601 Y2.288 E0.08823
G1 X-14.552 Y-1.168 E0.17244
G1 X-14.508 Y-2.296 E0.05632
G1 X-14.297 Y-4.107 E0.09096
G1 X-15.562 Y-4.145 E0.06314
G1 X-17.489 Y-4.279 E0.09637
G1 X-18.743 Y-4.259 E0.06257
G1 X-20.478 Y-4.196 E0.08662
G1 X-22.473 Y-4.235 E0.09955
G1 X-22.392 Y-3.645 E0.02971
G1 X-22.316 Y-2.68 E0.04829
G1 X-22.288 Y-2.123 E0.02782
G1 X-22.251 Y-0.095 E0.10119
G1 X-22.271 Y0.359 E0.02267
G1 X-22.28 Y2.235 E0.0936
G1 X-22.326 Y3.462 E0.06126
G1 X-22.383 Y4.008 E0.02739
G1 X-20.426 Y4.012 E0.09764
G1 X-18.888 Y4.088 E0.07682
G1 X-17.293 Y4.091 E0.07958
G1 X-15.265 Y3.976 E0.10134
G1 X-14.173 Y4.004 E0.0545
G0 F12000 X-13.645 Y4.409
;TYPE:WALL-OUTER
G1 F1200 X-13.799 Y3.86 E0.02845
G1 X-14.195 Y2.265 E0.08199
G1 X-14.152 Y-1.152 E0.17049
G1 X-14.107 Y-2.296 E0.05712
G1 X-13.92 Y-3.871 E0.07913
G1 X-13.784 Y-4.491 E0.03167
G1 X-15.534 Y-4.544 E0.08735
G1 X-17.478 Y-4.679 E0.09722
G1 X-18.757 Y-4.659 E0.06382
G1 X-20.504 Y-4.596 E0.08721
G1 X-22.931 Y-4.645 E0.12111
G1 X-22.788 Y-3.58 E0.05361
G1 X-22.716 Y-2.659 E0.04609
G1 X-22.688 Y-2.116 E0.02713
G1 X-22.651 Y-.101 E0.10055
G1 X-22.671 Y0.349 E0.02247
G1 X-22.68 Y2.22 E0.09335
G1 X-22.724 Y3.421 E0.05996
G1 X-22.828 Y4.408 E0.04951
G1 X-20.446 Y4.412 E0.11884
G1 X-18.898 Y4.488 E0.07732
G1 X-17.282 Y4.491 E0.08062
G1 X-15.296 Y4.376 E0.09925
G1 X-14.477 Y4.4 E0.04088
G1 X-13.645 Y4.409 E0.04151
G0 F12000 X-13.799 Y3.86
G0 X-13.854 Y3.637
G1 F3600 E-1
G0 F12000 X-14.532 Y3.749
G0 X-14.781 Y2.585
G0 X-15.275 Y-3.258
;TYPE:SKIN
G1 F3600 E1
G1 F1514.2 X-15.419 Y-2.362 E0.07176
G1 F1461.2 X-15.456 Y-0.052 E0.18932
G1 F1558.4 X-15.494 Y2.259 E0.17758
G1 F1660.9 X-15.278 Y3.124 E0.06427
G0 F12000 X-14.662 Y3.613
G1 F2400 X-15.322 Y3.596 E0.03294
G1 X-15.654 Y3.614 E0.01659
G1 X-16.011 Y2.192 E0.07315
G1 X-16.004 Y1.511 E0.03398
G1 X-15.947 Y-.726 E0.11164
G1 X-15.963 Y-2.415 E0.08427
G1 X-15.675 Y-3.767 E0.06896
G1 X-14.721 Y-3.738 E0.04762
G1 X-14.879 Y-2.392 E0.06761
G1 X-14.932 Y-1.181 E0.06047
G1 X-14.975 Y2.361 E0.17672
G1 X-14.662 Y3.613 E0.06438
G1 F3600 E-1
G0 F12000 X-21.501 Y-3.348
G1 F3600 E1
G1 F1629.9 X-21.358 Y-0.087 E0.23979
G1 F1566.1 X-21.375 Y0.388 E0.03634
G1 F1613.4 X-21.411 Y2.254 E0.1385
G1 F1681.3 X-21.442 Y3.139 E0.06307
G0 F12000 X-20.977 Y3.627
G1 F2400 X-21.948 Y3.627 E0.04844
G1 X-21.9 Y2.247 E0.06889
G1 X-21.887 Y0.379 E0.0932
G1 X-21.867 Y-0.086 E0.02322
G1 X-21.908 Y-2.132 E0.1021
G1 X-21.936 Y-2.702 E0.02847
G1 X-22.027 Y-3.843 E0.05711
G1 X-21.032 Y-3.824 E0.04965
G1 X-20.996 Y-2.418 E0.07017
G1 X-20.853 Y-.103 E0.11572
G1 X-20.916 Y2.087 E0.1093
G1 X-20.977 Y3.627 E0.07689
G0 F12000 X-20.977 Y3.412
G1 F3600 E-1
G0 F12000 X18.534 Y-3.876
;TYPE:FILL
G1 F3600 E1
G1 F9600 X18.323 Y-3.876 E0.01053
G1 X20.132 Y-2.067 E0.12763
G1 X20.14 Y-1.569 E0.02485
G1 X16.747 Y-.66 E0.17525
G1 X16.839 Y-0.024 E0.03206
G1 X16.669 Y1.143 E0.05884
G1 X16.582 Y2.282 E0.05699
G1 X16.449 Y3.227 E0.04761
G1 X16.416 Y3.705 E0.0239
G1 X18.18 Y3.807 E0.08815
G1 X20.263 Y3.766 E0.10394
G1 X20.213 Y3.009 E0.03785
G1 X20.009 Y3.771 E0.03936
G1 X19.984 Y3.867
G1 F3600 E-1
G0 F12000 X19.984 Y3.832
G0 X14.633 Y-3.819
G0 X14.296 Y-4.074
;TYPE:WALL-INNER
G1 F3600 E1
G1 F3000 X14.532 Y-3.172 E0.04652
G1 X14.725 Y-2.357 E0.04179
G1 X15.009 Y-.621 E0.08776
G1 X15.079 Y0.086 E0.03544
G1 X14.724 Y2.348 E0.11423
G1 X14.528 Y4.003 E0.08315
G1 X15.276 Y3.996 E0.03732
G1 X18.042 Y4.16 E0.13824
G1 X18.563 Y4.16 E0.02599
G1 X21.15 Y4.108 E0.12909
G1 X21.689 Y4.116 E0.02689
G1 X21.613 Y3.278 E0.04198
G1 X21.536 Y2.218 E0.05302
G1 X21.559 Y1.57 E0.03235
G1 X21.532 Y-0.016 E0.07914
G1 X21.532 Y-1.598 E0.07893
G1 X21.492 Y-2.269 E0.03354
G1 X21.628 Y-4.165 E0.09483
G1 X21.012 Y-4.155 E0.03074
G1 X18.55 Y-4.236 E0.1229
G1 X17.956 Y-4.236 E0.02963
G1 X14.963 Y-4.084 E0.14951
G1 X14.296 Y-4.074 E0.03328
G0 F12000 X13.779 Y-4.467
;TYPE:WALL-OUTER
G1 F1200 X14.143 Y-3.079 E0.07159
G1 X14.33 Y-2.293 E0.04031
G1 X14.615 Y-.545 E0.08836
G1 X14.676 Y0.055 E0.03009
G1 X14.327 Y2.299 E0.1133
G1 X14.165 Y3.619 E0.06635
G1 X14.086 Y4.401 E0.03921
G1 X15.252 Y4.396 E0.05817
G1 X18.03 Y4.56 E0.13884
G1 X18.571 Y4.56 E0.02699
G1 X21.144 Y4.508 E0.12839
G1 X22.128 Y4.524 E0.0491
G1 X22.012 Y3.248 E0.06392
G1 X21.936 Y2.256 E0.04964
G1 X21.959 Y1.574 E0.03404
G1 X21.932 Y-0.016 E0.07934
G1 X21.932 Y-1.61 E0.07952
G1 X21.892 Y-2.319 E0.03543
G1 X22.06 Y-4.572 E0.11271
G1 X21.025 Y-4.555 E0.05164
G1 X18.556 Y-4.636 E0.12325
G1 X17.946 Y-4.636 E0.03043
G1 X14.935 Y-4.484 E0.15041
G1 X13.779 Y-4.467 E0.05768
G0 F12000 X13.981 Y-3.694
G1 F3600 E-1
G0 F12000 X14.659 Y-3.87
G0 X15.138 Y-1.249
G0 X15.717 Y3.264
;TYPE:SKIN
G1 F3600 E1
G1 F2742.9 X15.371 Y3.244 E0.01513
G1 F2711.9 X15.453 Y2.559 E0.03046
G1 F2909.1 X15.813 Y0.061 E0.10388
G1 F3178.8 X15.738 Y-.685 E0.02824
G1 F3096.8 X15.48 Y-2.412 E0.06752
G1 F2900.3 X15.255 Y-3.343 E0.03954
G1 F2798.8 X15.605 Y-3.362 E0.015
G1 F2774.6 X15.852 Y-2.273 E0.04819
G1 F2944.8 X15.972 Y-1.139 E0.04637
G1 F3116.9 X16.131 Y0.005 E0.04437
G1 F3096.8 X15.979 Y1.03 E0.04006
G1 F2909.1 X15.864 Y2.192 E0.04806
G1 F2735 X15.717 Y3.264 E0.04737
G1 F3600 E-1
G0 F12000 X15.452 Y1.053
G0 X14.787 Y-3.693
G1 F3600 E1
G1 F2400 X15.898 Y-3.751 E0.0555
G1 X16.226 Y-2.325 E0.073
G1 X16.324 Y-1.171 E0.05778
G1 X16.493 Y-0.024 E0.05784
G1 X16.33 Y1.086 E0.05597
G1 X16.24 Y2.25 E0.05825
G1 X16.109 Y3.188 E0.04725
G1 X16.077 Y3.661 E0.02365
G1 X14.953 Y3.596 E0.05617
G1 X15.09 Y2.458 E0.05718
G1 X15.456 Y0.077 E0.12018
G1 X15.392 Y-.627 E0.03527
G1 X15.086 Y-2.481 E0.09375
G1 X14.787 Y-3.693 E0.06228
G1 F3600 E-1
G0 F12000 X20.661 Y3.67
G1 F3600 E1
G1 F1814.7 X20.565 Y2.195 E0.09753
G1 F1784.4 X20.55 Y1.22 E0.06543
G1 F1768 X20.545 Y-0.008 E0.08317
G1 F1794.4 X20.554 Y-1.073 E0.07107
G1 F1825.1 X20.528 Y-2.305 E0.08084
G1 F1797.8 X20.55 Y-3.165 E0.0573
G1 F1745.5 X20.58 Y-3.713 E0.03765
G1 F1742.3 X21.136 Y-3.694 E0.03823
G1 F1791 X21.048 Y-2.324 E0.09178
G1 F1818.2 X21.084 Y-1.595 E0.04807
G1 F1787.7 X21.083 Y-0.053 E0.10328
G1 F1774.5 X21.103 Y1.556 E0.10858
G1 F1794.4 X21.093 Y2.212 E0.04378
G1 F1818.2 X21.199 Y3.66 E0.09561
G1 F1807.9 X20.661 Y3.67 E0.03564
G0 F12000 X20.66 Y3.518
G1 F3600 E-1
;MESH:NONMESH
G0 F12000 X20.662 Y3.518
G0 X-17.787 Y-3.915
;TIME_ELAPSED:826.358106
;LAYER:74
;MESH:pi 3mm.stl
G0 X-17.787 Y-3.915 Z22.5
;TYPE:FILL
G1 F3600 E1
G1 F9600 X-18.536 Y-3.902 E0.03737
G1 X-20.386 Y-3.832 E0.09236
G1 X-20.396 Y-2.508 E0.06606
G1 X-20.251 Y-0.085 E0.1211
G1 X-20.329 Y2.265 E0.11731
G1 X-20.333 Y3.654 E0.0693
G1 X-18.646 Y3.74 E0.08427
G1 X-17.474 Y3.743 E0.05847
G1 X-16.622 Y0.567 E0.16405
G1 X-16.583 Y-1.089 E0.08264
G1 X-16.595 Y-2.278 E0.05932
G1 X-16.489 Y-2.984 E0.03562
G1 X-16.505 Y-2.984 E0.0008
G1 X-16.325 Y-3.811 E0.04223
G1 X-16.889 Y-3.851 E0.02821
G1 X-20.393 Y-2.912 E0.18098
G1 X-20.489 Y-2.887
G1 F3600 E-1
G0 F12000 X-14.885 Y3.701
G0 X-14.539 Y3.966
;TYPE:WALL-INNER
G1 F3600 E1
G1 F3000 X-14.731 Y3.283 E0.0354
G1 X-14.981 Y2.261 E0.05249
G1 X-14.932 Y-1.577 E0.19149
G1 X-14.904 Y-2.273 E0.03475
G1 X-14.789 Y-3.267 E0.04992
G1 X-14.611 Y-4.081 E0.04157
G1 X-15.367 Y-4.105 E0.03774
G1 X-17.785 Y-4.275 E0.12093
G1 X-18.553 Y-4.262 E0.03832
G1 X-20.633 Y-4.184 E0.10384
G1 X-22.089 Y-4.211 E0.07265
G1 X-22.001 Y-3.104 E0.0554
G1 X-21.986 Y-2.475 E0.03139
G1 X-21.925 Y-1.59 E0.04426
G1 X-21.899 Y-.106 E0.07405
G1 X-21.939 Y0.827 E0.04659
G1 X-21.944 Y2.241 E0.07055
G1 X-22.015 Y4 E0.08783
G1 X-20.585 Y4 E0.07134
G1 X-18.651 Y4.1 E0.09662
G1 X-17.613 Y4.103 E0.05179
G1 X-15.077 Y3.956 E0.12673
G1 X-14.539 Y3.966 E0.02685
G0 F12000 X-14.009 Y4.375
;TYPE:WALL-OUTER
G1 F1200 X-14.343 Y3.188 E0.06152
G1 X-14.575 Y2.24 E0.04869
G1 X-14.532 Y-1.561 E0.18964
G1 X-14.503 Y-2.272 E0.0355
G1 X-14.388 Y-3.24 E0.04863
G1 X-14.116 Y-4.467 E0.0627
G1 X-15.339 Y-4.504 E0.06104
G1 X-17.774 Y-4.675 E0.12178
G1 X-18.568 Y-4.662 E0.03962
G1 X-20.66 Y-4.584 E0.10444
G1 X-22.523 Y-4.619 E0.09296
G1 X-22.4 Y-3.061 E0.07797
G1 X-22.384 Y-2.418 E0.03209
G1 X-22.324 Y-1.552 E0.04331
G1 X-22.299 Y-.1 E0.07245
G1 X-22.339 Y0.817 E0.04579
G1 X-22.344 Y2.225 E0.07025
G1 X-22.431 Y4.4 E0.1086
G1 X-20.605 Y4.4 E0.0911
G1 X-18.662 Y4.5 E0.09706
G1 X-17.602 Y4.503 E0.05288
G1 X-15.084 Y4.356 E0.12584
G1 X-14.009 Y4.375 E0.05364
G0 F12000 X-14.225 Y3.605
G1 F3600 E-1
G0 F12000 X-14.885 Y3.701
G0 X-15.189 Y2.429
G0 X-15.618 Y-3.279
;TYPE:SKIN
G1 F3600 E1
G1 F1821.6 X-15.656 Y-3.06 E0.01461
G1 F1742.3 X-15.765 Y-2.217 E0.05842
G1 F1739.1 X-15.798 Y0.009 E0.15327
G1 F1835.6 X-15.832 Y2.235 E0.14522
G1 F1951.2 X-15.602 Y3.164 E0.05873
G0 F12000 X-15.052 Y3.57
G1 F2400 X-15.938 Y3.622 E0.04428
G1 X-16.304 Y2.168 E0.0748
G1 X-16.292 Y1.091 E0.05374
G1 X-16.239 Y-1.075 E0.10809
G1 X-16.251 Y-2.258 E0.05902
G1 X-16.119 Y-3.152 E0.04509
G1 X-15.985 Y-3.764 E0.03126
G1 X-15.082 Y-3.702 E0.04516
G1 X-15.146 Y-3.415 E0.01467
G1 X-15.275 Y-2.369 E0.05258
G1 X-15.312 Y-1.59 E0.03891
G1 X-15.355 Y2.332 E0.19568
G1 X-15.052 Y3.57 E0.06359
G1 F3600 E-1
G0 F12000 X-21.176 Y-3.363
G1 F3600 E1
G1 F1991.7 X-21.169 Y-2.507 E0.05146
G1 F2064.5 X-21.112 Y-1.587 E0.05346
G1 F1939.4 X-21.052 Y-0.084 E0.09287
G1 F1818.2 X-21.086 Y0.854 E0.06181
G1 F1821.6 X-21.134 Y3.155 E0.15128
G0 F12000 X-20.672 Y3.622
G1 F2400 X-21.619 Y3.616 E0.04725
G1 X-21.563 Y2.253 E0.06806
G1 X-21.555 Y0.845 E0.07025
G1 X-21.519 Y-0.051 E0.04474
G1 X-21.544 Y-1.568 E0.07569
G1 X-21.603 Y-2.474 E0.0453
G1 X-21.62 Y-3.125 E0.03249
G1 X-21.674 Y-3.82 E0.03478
G1 X-20.726 Y-3.806 E0.0473
G1 X-20.736 Y-2.505 E0.06491
G1 X-20.589 Y-0.073 E0.12155
G1 X-20.668 Y2.245 E0.11571
G1 X-20.672 Y3.622 E0.0687
G0 F12000 X-20.672 Y3.403
G1 F3600 E-1
G0 F12000 X19.789 Y3.773
;TYPE:FILL
G1 F3600 E1
G1 F9600 X19.989 Y3.025 E0.03863
G1 X20.041 Y3.768 E0.03716
G1 X18.468 Y3.799 E0.07849
G1 X17.726 Y3.767 E0.03705
G1 X16.728 Y3.707 E0.04988
G1 X16.926 Y2.302 E0.07079
G1 X17.045 Y0.743 E0.07801
G1 X17.156 Y-0.021 E0.03852
G1 X17.083 Y-.53 E0.02565
G1 X19.914 Y-1.289 E0.14623
G1 X19.902 Y-2.309 E0.05089
G1 X19.916 Y-3.826 E0.07569
G1 X18.635 Y-3.864 E0.06394
G1 X19.905 Y-2.594 E0.08961
G1 X19.975 Y-2.524
G1 F3600 E-1
G0 F12000 X15.051 Y-3.816
G0 X14.713 Y-4.063
;TYPE:WALL-INNER
G1 F3600 E1
G1 F3000 X15.157 Y-2.34 E0.08877
G1 X15.525 Y-0.053 E0.11557
G1 X15.159 Y2.312 E0.11939
G1 X14.958 Y3.963 E0.08298
G1 X17.286 Y4.1 E0.11635
G1 X18.454 Y4.159 E0.05835
G1 X21.407 Y4.105 E0.14735
G1 X21.246 Y2.281 E0.09135
G1 X21.251 Y1.975 E0.01527
G1 X21.22 Y-0.032 E0.10014
G1 X21.22 Y-2.01 E0.09868
G1 X21.205 Y-2.341 E0.01653
G1 X21.34 Y-4.149 E0.09045
G1 X18.371 Y-4.231 E0.14818
G1 X17.066 Y-4.18 E0.06516
G1 X14.713 Y-4.063 E0.11754
G0 F12000 X14.198 Y-4.455
;TYPE:WALL-OUTER
G1 F1200 X14.762 Y-2.276 E0.11229
G1 X15.123 Y-0.032 E0.11339
G1 X14.763 Y2.256 E0.11555
G1 X14.511 Y4.374 E0.10641
G1 X15.084 Y4.372 E0.02859
G1 X17.266 Y4.5 E0.10905
G1 X18.448 Y4.559 E0.05904
G1 X21.337 Y4.504 E0.14416
G1 X21.845 Y4.515 E0.02535
G1 X21.644 Y2.246 E0.11364
G1 X21.651 Y1.978 E0.01338
G1 X21.62 Y-0.032 E0.10029
G1 X21.62 Y-2.022 E0.09928
G1 X21.604 Y-2.311 E0.01444
G1 X21.772 Y-4.556 E0.11232
G1 X21.21 Y-4.547 E0.02804
G1 X18.369 Y-4.631 E0.1418
G1 X17.046 Y-4.58 E0.06605
G1 X14.719 Y-4.464 E0.11624
G1 X14.198 Y-4.455 E0.026
G0 F12000 X14.398 Y-3.681
G1 F3600 E-1
G0 F12000 X15.079 Y-3.857
G0 X15.39 Y-2.415
G0 X15.731 Y-.274
G0 X15.949 Y3.13
;TYPE:SKIN
G1 F3600 E1
G1 F1566.1 X16.077 Y2.19 E0.07253
G1 F1729.7 X16.263 Y0.617 E0.10965
G1 F1963.2 X16.358 Y-0.033 E0.04007
G1 F1959.2 X16.257 Y-.718 E0.04232
G1 F1732.9 X16.05 Y-2.354 E0.11395
G1 F1563.5 X15.843 Y-3.225 E0.06856
G0 F12000 X15.196 Y-3.707
G1 F2400 X16.248 Y-3.756 E0.05254
G1 X16.566 Y-2.321 E0.07333
G1 X16.704 Y-.762 E0.07808
G1 X16.809 Y-0.021 E0.03734
G1 X16.706 Y0.686 E0.03564
G1 X16.584 Y2.258 E0.07866
G1 X16.387 Y3.664 E0.07083
G1 X15.385 Y3.604 E0.05008
G1 X15.526 Y2.421 E0.05944
G1 X15.913 Y-0.025 E0.12355
G1 X15.53 Y-2.405 E0.12027
G1 X15.196 Y-3.707 E0.06706
G1 F3600 E-1
G0 F12000 X20.421 Y3.687
G1 F3600 E1
G1 F1920 X20.323 Y2.225 E0.09138
G1 X20.293 Y0.791 E0.08945
G1 F1904.8 X20.287 Y-0.069 E0.05406
G1 F1931.6 X20.302 Y-1.444 E0.08524
G1 F1951.2 X20.286 Y-2.31 E0.05315
G1 F1882.4 X20.317 Y-3.728 E0.09022
G1 F1825.1 X20.861 Y-3.712 E0.0357
G1 F1886.1 X20.778 Y-2.366 E0.08561
G1 F1943.3 X20.792 Y-2.003 E0.02238
G1 F1920 X20.789 Y-0.07 E0.12055
G1 F1931.6 X20.818 Y2.289 E0.14624
G1 F1923.8 X20.932 Y3.677 E0.08668
G1 F1897.2 X20.421 Y3.687 E0.03226
G0 F12000 X20.419 Y3.523
G1 F3600 E-1
;MESH:NONMESH
G0 F12000 X-18.085 Y-3.909
;TIME_ELAPSED:835.913278
;LAYER:75
;MESH:pi 3mm.stl
G0 X-18.085 Y-3.909 Z22.8
;TYPE:FILL
G1 F3600 E1
G1 F9600 X-20.133 Y-3.837 E0.10224
G1 X-20.138 Y-3.064 E0.03857
G1 X-20.129 Y-2.397 E0.03328
G1 X-19.988 Y-0.082 E0.11571
G1 X-20.033 Y1.372 E0.07258
G1 X-20.074 Y2.26 E0.04435
G1 X-20.075 Y3.667 E0.0702
G1 X-18.186 Y3.762 E0.09436
G1 X-17.691 Y3.734 E0.02474
G1 X-16.924 Y0.87 E0.14792
G1 X-16.876 Y-1.438 E0.11517
G1 X-16.884 Y-2.283 E0.04216
G1 X-16.674 Y-3.688 E0.07087
G1 X-20.134 Y-2.761 E0.17871
G1 X-20.23 Y-2.736
G1 F3600 E-1
G0 F12000 X-15.246 Y3.693
G0 X-14.902 Y3.936
;TYPE:WALL-INNER
G1 F3600 E1
G1 F3000 X-15.365 Y2.275 E0.08603
G1 X-15.308 Y-2.232 E0.22487
G1 X-15.246 Y-2.695 E0.02331
G1 X-14.946 Y-4.049 E0.06919
G1 X-18.079 Y-4.271 E0.1567
G1 X-20.789 Y-4.172 E0.13529
G1 X-21.742 Y-4.19 E0.04755
G1 X-21.689 Y-3.507 E0.03418
G1 X-21.658 Y-2.393 E0.0556
G1 X-21.56 Y-1.009 E0.06922
G1 X-21.547 Y-0.092 E0.04575
G1 X-21.607 Y1.295 E0.06926
G1 X-21.612 Y2.244 E0.04735
G1 X-21.68 Y3.992 E0.08727
G1 X-20.749 Y3.992 E0.04645
G1 X-18.182 Y4.122 E0.12823
G1 X-14.902 Y3.936 E0.1639
G0 F12000 X-14.373 Y4.343
;TYPE:WALL-OUTER
G1 F1200 X-14.964 Y2.224 E0.10975
G1 X-14.911 Y-2.182 E0.21983
G1 X-14.856 Y-2.608 E0.02143
G1 X-14.448 Y-4.443 E0.09378
G1 X-15.139 Y-4.464 E0.03449
G1 X-18.072 Y-4.671 E0.14669
G1 X-20.817 Y-4.572 E0.13704
G1 X-22.175 Y-4.599 E0.06776
G1 X-22.088 Y-3.466 E0.05669
G1 X-22.06 Y-2.41 E0.0527
G1 X-21.96 Y-.987 E0.07117
G1 X-21.947 Y-0.087 E0.04491
G1 X-22.007 Y1.285 E0.06851
G1 X-22.012 Y2.228 E0.04705
G1 X-22.096 Y4.392 E0.10804
G1 X-20.769 Y4.392 E0.0662
G1 X-18.181 Y4.523 E0.12928
G1 X-14.888 Y4.336 E0.16455
G1 X-14.373 Y4.343 E0.0257
G0 F12000 X-14.587 Y3.573
G1 F3600 E-1
G0 F12000 X-15.246 Y3.693
G0 X-15.571 Y2.447
G0 X-15.94 Y-3.298
;TYPE:SKIN
G1 F3600 E1
G1 F2147.7 X-16.111 Y-2.398 E0.05107
G1 F2196.8 X-16.115 Y-1.416 E0.05352
G1 F2147.7 X-16.165 Y2.093 E0.19565
G1 F2291.2 X-16.089 Y2.544 E0.0239
G1 F2436.5 X-15.913 Y3.205 E0.03361
G0 F12000 X-15.393 Y3.578
G1 F2400 X-16.226 Y3.626 E0.04163
G1 X-16.595 Y2.148 E0.076
G1 X-16.579 Y0.674 E0.07354
G1 X-16.536 Y-1.423 E0.10464
G1 X-16.543 Y-2.269 E0.04221
G1 X-16.315 Y-3.761 E0.0753
G1 X-15.413 Y-3.7 E0.0451
G1 X-15.68 Y-2.471 E0.06275
G1 X-15.744 Y2.322 E0.23915
G1 X-15.393 Y3.578 E0.06506
G1 F3600 E-1
G0 F12000 X-20.888 Y-3.379
G1 F3600 E1
G1 F2291.2 X-20.87 Y-2.367 E0.0529
G1 F2406 X-20.784 Y-1.041 E0.06613
G1 F2318.8 X-20.746 Y-0.072 E0.05007
G1 F2162.2 X-20.795 Y1.315 E0.07686
G1 F2123.9 X-20.841 Y3.186 E0.10551
G0 F12000 X-20.416 Y3.614
G1 F2400 X-21.284 Y3.608 E0.04331
G1 X-21.231 Y2.256 E0.0675
G1 X-21.224 Y1.344 E0.0455
G1 X-21.167 Y-0.039 E0.06906
G1 X-21.18 Y-1.023 E0.0491
G1 X-21.28 Y-2.476 E0.07266
G1 X-21.318 Y-3.8 E0.06608
G1 X-20.47 Y-3.802 E0.04231
G1 X-20.476 Y-3.07 E0.03652
G1 X-20.468 Y-2.393 E0.03378
G1 X-20.329 Y-0.087 E0.11526
G1 X-20.371 Y1.33 E0.07073
G1 X-20.412 Y2.234 E0.04515
G1 X-20.416 Y3.614 E0.06885
G0 F12000 X-20.404 Y3.412
G1 F3600 E-1
G0 F12000 X-20.402 Y3.412
G0 X19.569 Y3.768
;TYPE:FILL
G1 F3600 E1
G1 F9600 X19.757 Y3.068 E0.03616
G1 X19.799 Y3.766 E0.03489
G1 X18.746 Y3.776 E0.05254
G1 X18.023 Y3.757 E0.03608
G1 X17.076 Y3.707 E0.04731
G1 X17.269 Y2.313 E0.07021
G1 X17.421 Y0.341 E0.09868
G1 X17.473 Y-0.018 E0.0181
G1 X17.418 Y-.4 E0.01925
G1 X19.675 Y-1.005 E0.11658
G1 X19.684 Y-1.825 E0.04091
G1 X19.677 Y-2.32 E0.0247
G1 X19.691 Y-3.825 E0.07509
G1 X18.958 Y-3.842 E0.03658
G1 X19.684 Y-3.116 E0.05122
G1 X19.754 Y-3.046
G1 F3600 E-1
G0 F12000 X15.452 Y-3.824
G0 X15.125 Y-4.068
;TYPE:WALL-INNER
G1 F3600 E1
G1 F3000 X15.51 Y-2.369 E0.08691
G1 X15.552 Y-1.986 E0.01922
G1 X15.842 Y-0.022 E0.09905
G1 X15.556 Y1.919 E0.09788
G1 X15.494 Y2.513 E0.0298
G1 X15.388 Y3.975 E0.07313
G1 X18.014 Y4.117 E0.1312
G1 X18.702 Y4.136 E0.03434
G1 X21.123 Y4.109 E0.12079
G1 X21.053 Y3.31 E0.04001
G1 X20.981 Y2.266 E0.05221
G1 X20.966 Y-.53 E0.1395
G1 X20.94 Y-2.452 E0.0959
G1 X20.981 Y-3.215 E0.03812
G1 X21.053 Y-4.152 E0.04688
G1 X18.562 Y-4.211 E0.12431
G1 X17.878 Y-4.191 E0.03414
G1 X15.125 Y-4.068 E0.13748
G0 F12000 X14.63 Y-4.446
;TYPE:WALL-OUTER
G1 F1200 X15.124 Y-2.256 E0.112
G1 X15.155 Y-1.937 E0.01599
G1 X15.436 Y-0.045 E0.09543
G1 X15.159 Y1.869 E0.09648
G1 X15.094 Y2.506 E0.03195
G1 X14.962 Y4.352 E0.09233
G1 X17.965 Y4.516 E0.15004
G1 X18.698 Y4.536 E0.03658
G1 X20.621 Y4.52 E0.09594
G1 X21.558 Y4.5 E0.04676
G1 X21.452 Y3.282 E0.061
G1 X21.38 Y2.225 E0.05286
G1 X21.366 Y-.535 E0.1377
G1 X21.34 Y-2.431 E0.0946
G1 X21.38 Y-3.184 E0.03762
G1 X21.484 Y-4.538 E0.06775
G1 X20.453 Y-4.572 E0.05146
G1 X18.551 Y-4.611 E0.09491
G1 X17.86 Y-4.591 E0.03449
G1 X14.63 Y-4.446 E0.16131
G0 F12000 X14.806 Y-3.666
G1 F3600 E-1
G0 F12000 X15.49 Y-3.821
G0 X16.026 Y-.41
G0 X16.314 Y3.157
;TYPE:SKIN
G1 F3600 E1
G1 F1748.6 X16.492 Y1.57 E0.10935
G1 F1878.7 X16.671 Y-0.017 E0.10179
G1 F1853.3 X16.532 Y-1.2 E0.07696
G1 F1684.2 X16.392 Y-2.384 E0.08476
G1 F1624.4 X16.206 Y-3.24 E0.06457
G0 F12000 X15.596 Y-3.707
G1 F2400 X16.6 Y-3.752 E0.05014
G1 X16.909 Y-2.322 E0.07299
G1 X17.08 Y-.35 E0.09875
G1 X17.125 Y-0.017 E0.01676
G1 X17.082 Y0.283 E0.01512
G1 X16.929 Y2.252 E0.09853
G1 X16.734 Y3.666 E0.07121
G1 X15.799 Y3.615 E0.04672
G1 X15.872 Y2.571 E0.05221
G1 X15.93 Y1.98 E0.02963
G1 X16.225 Y-0.019 E0.10081
G1 X15.931 Y-2.03 E0.1014
G1 X15.88 Y-2.449 E0.02106
G1 X15.596 Y-3.707 E0.06434
G1 F3600 E-1
G0 F12000 X20.175 Y3.701
G1 F3600 E1
G1 F2008.4 X20.088 Y2.268 E0.08559
G1 F1979.4 X20.047 Y0.374 E0.1146
G1 F1983.5 X20.06 Y-1.813 E0.13203
G1 F2033.9 X20.052 Y-2.322 E0.02997
G1 F1983.5 X20.08 Y-3.747 E0.08604
G1 F1967.2 X20.582 Y-3.735 E0.03056
G1 F2008.4 X20.524 Y-2.469 E0.07556
G1 F2025.3 X20.562 Y2.199 E0.27598
G1 F2004.2 X20.662 Y3.695 E0.08958
G1 F1991.7 X20.175 Y3.701 E0.02928
G0 F12000 X20.175 Y3.525
G1 F3600 E-1
;MESH:NONMESH
G0 F12000 X-18.255 Y-3.894
;TIME_ELAPSED:845.079748
;LAYER:76
;MESH:pi 3mm.stl
G0 X-18.255 Y-3.894 Z23.1
;TYPE:FILL
G1 F3600 E1
G1 F9600 X-19.881 Y-3.838 E0.08117
G1 X-19.867 Y-2.384 E0.07254
G1 X-19.725 Y-0.077 E0.11531
G1 X-19.756 Y0.925 E0.05001
G1 X-19.819 Y2.257 E0.06653
G1 X-19.819 Y3.678 E0.07089
G1 X-18.438 Y3.748 E0.06899
G1 X-17.907 Y3.721 E0.02653
G1 X-17.219 Y1.151 E0.13273
G1 X-17.21 Y0.256 E0.04465
G1 X-17.168 Y-1.787 E0.10195
G1 X-17.173 Y-2.288 E0.025
G1 X-17.009 Y-3.379 E0.05504
G1 X-19.869 Y-2.612 E0.14773
G1 X-19.965 Y-2.587
G1 F3600 E-1
G0 F12000 X-15.6 Y3.705
G0 X-15.266 Y3.946
;TYPE:WALL-INNER
G1 F3600 E1
G1 F3000 X-15.698 Y2.218 E0.08886
G1 X-15.636 Y-.357 E0.1285
G1 X-15.657 Y-2.311 E0.09749
G1 X-15.273 Y-4.046 E0.08865
G1 X-18.247 Y-4.255 E0.14874
G1 X-21.378 Y-4.146 E0.1563
G1 X-21.342 Y-2.461 E0.08408
G1 X-21.188 Y-.261 E0.11003
G1 X-21.276 Y1.764 E0.10112
G1 X-21.28 Y2.243 E0.0239
G1 X-21.343 Y3.962 E0.08582
G1 X-19.01 Y4.08 E0.11654
G1 X-18.333 Y4.103 E0.0338
G1 X-15.266 Y3.946 E0.15321
G0 F12000 X-14.74 Y4.315
;TYPE:WALL-OUTER
G1 F1200 X-14.947 Y3.573 E0.03843
G1 X-15.297 Y2.174 E0.07195
G1 X-15.236 Y-.354 E0.12616
G1 X-15.252 Y-2.292 E0.09669
G1 X-14.782 Y-4.412 E0.10834
G1 X-18.24 Y-4.655 E0.17295
G1 X-20.973 Y-4.56 E0.13643
G1 X-21.827 Y-4.579 E0.04262
G1 X-21.772 Y-3.873 E0.03533
G1 X-21.74 Y-2.402 E0.07341
G1 X-21.588 Y-.227 E0.10878
G1 X-21.676 Y1.754 E0.09893
G1 X-21.68 Y2.228 E0.02365
G1 X-21.76 Y4.38 E0.10744
G1 X-20.933 Y4.384 E0.04126
G1 X-19.027 Y4.48 E0.09521
G1 X-18.33 Y4.503 E0.03479
G1 X-15.748 Y4.376 E0.12897
G1 X-14.74 Y4.315 E0.05038
G0 F12000 X-14.947 Y3.573
G0 X-14.954 Y3.544
G1 F3600 E-1
G0 F12000 X-15.636 Y3.713
G0 X-15.91 Y2.387
G0 X-16.249 Y-3.313
;TYPE:SKIN
G1 F3600 E1
G1 F2296.7 X-16.429 Y-2.353 E0.05092
G1 F2285.7 X-16.434 Y-.362 E0.1043
G1 F2264.2 X-16.473 Y1.775 E0.11303
G0 F12000 X-15.86 Y3.507
G1 F1649.5 X-16.458 Y3.537 E0.04346
G1 F1643.8 X-16.748 Y2.297 E0.09276
G1 F1943.3 X-16.883 Y1.823 E0.03037
G1 F2400 X-16.867 Y0.257 E0.07813
G1 X-16.828 Y-1.771 E0.1012
G1 X-16.831 Y-2.273 E0.02505
G1 X-16.602 Y-3.755 E0.07481
G1 X-15.738 Y-3.696 E0.04321
G1 X-16.032 Y-2.372 E0.06766
G1 X-16.016 Y-.364 E0.10018
G1 X-16.068 Y1.837 E0.10984
G1 F1943.3 X-16.169 Y2.233 E0.02518
G1 F1643.8 X-15.86 Y3.507 E0.09549
G1 F3600 E-1
G0 F12000 X-20.254 Y3.541
G1 F3600 E1
G1 F1632.7 X-20.851 Y3.509 E0.04385
G1 F1643.8 X-20.806 Y1.781 E0.12591
G1 F1672.5 X-20.725 Y-.251 E0.14559
G1 F1678.3 X-20.871 Y-2.436 E0.15623
G1 F1655.2 X-20.898 Y-3.691 E0.09081
G1 F1649.5 X-20.31 Y-3.711 E0.04271
G1 F1655.2 X-20.294 Y-2.459 E0.09058
G1 F1666.7 X-20.152 Y-0.076 E0.1715
G1 F1672.5 X-20.242 Y2.227 E0.165
G1 F1655.2 X-20.254 Y3.541 E0.09506
G0 F12000 X-20.247 Y3.418
G1 F3600 E-1
G0 F12000 X19.354 Y3.753
;TYPE:FILL
G1 F3600 E1
G1 F9600 X19.528 Y3.103 E0.03357
G1 X19.565 Y3.751 E0.03238
G1 X18.994 Y3.756 E0.02849
G1 X17.421 Y3.709 E0.07851
G1 X17.616 Y2.308 E0.07057
G1 X17.786 Y-0.019 E0.1164
G1 X17.766 Y-.273 E0.01271
G1 X19.432 Y-.72 E0.08606
G1 X19.465 Y-3.816 E0.15447
G1 X19.28 Y-3.82 E0.00923
G1 X19.464 Y-3.636 E0.01298
G1 X19.534 Y-3.566
G1 F3600 E-1
G0 F12000 X15.798 Y-3.815
G0 X15.472 Y-4.06
;TYPE:WALL-INNER
G1 F3600 E1
G1 F3000 X15.854 Y-2.365 E0.08668
G1 X15.929 Y-1.575 E0.03959
G1 X16.159 Y-0.025 E0.07818
G1 X15.933 Y1.511 E0.07746
G1 X15.879 Y2.23 E0.03597
G1 X15.79 Y2.867 E0.03209
G1 X15.713 Y3.969 E0.05511
G1 X17.77 Y4.08 E0.10277
G1 X18.988 Y4.116 E0.06079
G1 X20.875 Y4.097 E0.09415
G1 X20.752 Y2.229 E0.0934
G1 X20.736 Y1.638 E0.0295
G1 X20.732 Y-0.056 E0.08451
G1 X20.739 Y-.724 E0.03333
G1 X20.708 Y-2.655 E0.09635
G1 X20.793 Y-4.149 E0.07466
G1 X18.817 Y-4.191 E0.09861
G1 X17.659 Y-4.156 E0.0578
G1 X15.472 Y-4.06 E0.10921
G0 F12000 X14.976 Y-4.438
;TYPE:WALL-OUTER
G1 F1200 X15.464 Y-2.277 E0.11053
G1 X15.531 Y-1.528 E0.03752
G1 X15.752 Y-0.026 E0.07574
G1 X15.535 Y1.467 E0.07527
G1 X15.48 Y2.2 E0.03667
G1 X15.392 Y2.825 E0.03149
G1 X15.286 Y4.347 E0.07612
G1 X17.753 Y4.48 E0.12326
G1 X18.951 Y4.516 E0.0598
G1 X21.302 Y4.493 E0.1173
G1 X21.152 Y2.218 E0.11375
G1 X21.136 Y1.637 E0.029
G1 X21.132 Y-0.051 E0.08421
G1 X21.139 Y-.73 E0.03388
G1 X21.108 Y-2.632 E0.0949
G1 X21.216 Y-4.54 E0.09534
G1 X18.805 Y-4.591 E0.12031
G1 X17.641 Y-4.556 E0.0581
G1 X14.976 Y-4.438 E0.13309
G0 F12000 X15.152 Y-3.658
G1 F3600 E-1
G0 F12000 X15.836 Y-3.811
G0 X16.1 Y-2.363
G0 X16.346 Y-.471
G0 X16.65 Y3.137
;TYPE:SKIN
G1 F3600 E1
G1 F1584.2 X16.769 Y2.2 E0.07139
G1 F1563.5 X16.813 Y1.622 E0.04439
G1 F1736 X16.992 Y-0.011 E0.11331
G1 F1761.5 X16.804 Y-1.677 E0.11397
G1 F1621.6 X16.737 Y-2.383 E0.05236
G1 F1638.2 X16.55 Y-3.228 E0.06325
G0 F12000 X15.941 Y-3.698
G1 F2400 X16.947 Y-3.741 E0.05024
G1 X17.253 Y-2.314 E0.07281
G1 X17.443 Y-0.015 E0.11509
G1 X17.276 Y2.266 E0.1141
G1 X17.083 Y3.661 E0.07026
G1 X16.119 Y3.607 E0.04817
G1 X16.168 Y2.909 E0.03491
G1 X16.251 Y2.325 E0.02943
G1 X16.312 Y1.555 E0.03854
G1 X16.541 Y-0.009 E0.07886
G1 X16.309 Y-1.609 E0.08066
G1 X16.224 Y-2.457 E0.04252
G1 X15.941 Y-3.698 E0.0635
G1 F3600 E-1
G0 F12000 X19.943 Y3.685
G1 F3600 E1
G1 F2008.4 X19.858 Y2.275 E0.08422
G1 F1975.3 X19.811 Y-0.05 E0.14096
G1 F1995.8 X19.827 Y-2.656 E0.15634
G1 F2016.8 X19.848 Y-3.745 E0.06467
G1 F1979.4 X20.344 Y-3.734 E0.03001
G1 F2016.8 X20.294 Y-2.673 E0.06306
G1 F2000 X20.31 Y-.721 E0.11687
G1 F1951.2 X20.305 Y-0.058 E0.04069
G1 F1975.3 X20.318 Y1.637 E0.10275
G1 F2016.8 X20.334 Y2.239 E0.03575
G1 F2008.4 X20.424 Y3.679 E0.08602
G1 F2000 X19.943 Y3.685 E0.0288
G0 F12000 X19.942 Y3.508
G1 F3600 E-1
;MESH:NONMESH
G0 F12000 X-18.551 Y-3.87
;TIME_ELAPSED:853.910184
;LAYER:77
;MESH:pi 3mm.stl
G0 X-18.551 Y-3.87 Z23.4
;TYPE:FILL
G1 F3600 E1
G1 F9600 X-19.627 Y-3.837 E0.05371
G1 X-19.604 Y-2.34 E0.07469
G1 X-19.462 Y-0.066 E0.11367
G1 X-19.564 Y2.247 E0.11551
G1 X-19.563 Y3.683 E0.07164
G1 X-18.568 Y3.718 E0.04967
G1 X-18.12 Y3.697 E0.02238
G1 X-17.514 Y1.434 E0.11688
G1 X-17.498 Y-.119 E0.07748
G1 X-17.458 Y-2.314 E0.10953
G1 X-17.343 Y-3.07 E0.03815
G1 X-19.605 Y-2.464 E0.11683
G1 X-19.701 Y-2.439
G1 F3600 E-1
G0 F12000 X-15.89 Y3.687
G0 X-15.555 Y3.932
;TYPE:WALL-INNER
G1 F3600 E1
G1 F3000 X-15.989 Y2.2 E0.08908
G1 X-15.984 Y1.496 E0.03512
G1 X-15.928 Y-.709 E0.11004
G1 X-15.945 Y-2.416 E0.08517
G1 X-15.593 Y-4.042 E0.083
G1 X-17.799 Y-4.197 E0.11033
G1 X-18.544 Y-4.231 E0.03721
G1 X-21.055 Y-4.149 E0.12534
G1 X-21.014 Y-2.435 E0.08554
G1 X-20.876 Y-.104 E0.1165
G1 X-20.936 Y2.096 E0.1098
G1 X-21.008 Y3.976 E0.09386
G1 X-20.082 Y4.024 E0.04626
G1 X-18.56 Y4.079 E0.07598
G1 X-15.555 Y3.932 E0.1501
G0 F12000 X-15.049 Y4.308
;TYPE:WALL-OUTER
G1 F1200 X-15.583 Y2.173 E0.1098
G1 X-15.584 Y1.506 E0.03328
G1 X-15.528 Y-.706 E0.11039
G1 X-15.54 Y-2.395 E0.08427
G1 X-15.105 Y-4.408 E0.10275
G1 X-17.752 Y-4.596 E0.13239
G1 X-18.542 Y-4.631 E0.03945
G1 X-21.466 Y-4.537 E0.14595
G1 X-21.414 Y-2.425 E0.1054
G1 X-21.276 Y-0.08 E0.11719
G1 X-21.336 Y2.08 E0.1078
G1 X-21.423 Y4.355 E0.11358
G1 X-20.097 Y4.424 E0.06624
G1 X-18.558 Y4.479 E0.07683
G1 X-15.049 Y4.308 E0.17527
G0 F12000 X-15.243 Y3.532
G0 X-16.154 Y3.486
;TYPE:SKIN
G1 F1627.1 X-16.759 Y3.514 E0.04457
G1 F1616.2 X-17.078 Y2.142 E0.10436
G1 F1602.7 X-17.017 Y-2.338 E0.33473
G1 F1594.7 X-16.807 Y-3.643 E0.09925
G1 F1589.4 X-16.181 Y-3.599 E0.04728
G1 F1616.2 X-16.416 Y-2.429 E0.08841
G1 F1594.7 X-16.417 Y-.755 E0.12569
G1 F1571.2 X-16.466 Y1.48 E0.17036
G1 F1605.4 X-16.471 Y2.204 E0.054
G1 F1624.4 X-16.154 Y3.486 E0.09735
G1 F3600 E-1
G0 F12000 X-19.978 Y3.569
G1 F3600 E1
G1 F1751.8 X-20.536 Y3.543 E0.03818
G1 X-20.423 Y-.108 E0.24966
G1 F1758.2 X-20.56 Y-2.447 E0.15956
G1 X-20.587 Y-3.706 E0.08576
G1 F1748.6 X-20.035 Y-3.725 E0.03782
G1 F1764.7 X-20.014 Y-2.333 E0.09446
G1 X-19.875 Y-0.071 E0.15377
G1 F1784.4 X-19.968 Y2.22 E0.15386
G1 X-19.978 Y3.569 E0.09052
G0 F12000 X-19.973 Y3.431
G1 F3600 E-1
G0 F12000 X18.099 Y-.143
;TYPE:FILL
G1 F3600 E1
G1 F9600 X19.17 Y-.43 E0.05532
G1 X19.24 Y2.224 E0.13245
G1 X19.294 Y3.157 E0.04663
G1 X19.14 Y3.732 E0.0297
G1 X17.76 Y3.69 E0.06888
G1 X17.948 Y2.27 E0.07146
G1 X18.109 Y-0.012 E0.11413
G1 X17.919 Y-2.343 E0.11668
G1 X17.63 Y-3.771 E0.07269
G1 X19.24 Y-3.815 E0.08035
G1 X19.339 Y-3.817
G1 F3600 E-1
G0 F12000 X16.14 Y-3.805
G0 X15.816 Y-4.052
;TYPE:WALL-INNER
G1 F3600 E1
G1 F3000 X16.198 Y-2.361 E0.08649
G1 X16.309 Y-1.162 E0.06007
G1 X16.475 Y-0.023 E0.05743
G1 X16.309 Y1.107 E0.05698
G1 X16.223 Y2.234 E0.05639
G1 X16.09 Y3.206 E0.04895
G1 X16.037 Y3.961 E0.03776
G1 X17.537 Y4.042 E0.07494
G1 X19.233 Y4.095 E0.08466
G1 X20.643 Y4.081 E0.07035
G1 X20.52 Y2.215 E0.0933
G1 X20.496 Y1.212 E0.05005
G1 X20.496 Y-0.068 E0.06386
G1 X20.507 Y-1.091 E0.05104
G1 X20.488 Y-2.318 E0.06122
G1 X20.496 Y-3.178 E0.04291
G1 X20.55 Y-4.138 E0.04797
G1 X19.071 Y-4.171 E0.07381
G1 X17.433 Y-4.124 E0.08175
G1 X15.816 Y-4.052 E0.08075
G0 F12000 X15.326 Y-4.43
;TYPE:WALL-OUTER
G1 F1200 X15.808 Y-2.273 E0.11027
G1 X15.911 Y-1.116 E0.05795
G1 X16.068 Y-0.024 E0.05504
G1 X15.911 Y1.063 E0.05479
G1 X15.823 Y2.216 E0.05769
G1 X15.692 Y3.165 E0.04779
G1 X15.61 Y4.339 E0.05871
G1 X17.537 Y4.444 E0.09628
G1 X19.203 Y4.495 E0.08316
G1 X21.07 Y4.477 E0.09315
G1 X20.92 Y2.205 E0.1136
G1 X20.896 Y1.212 E0.04956
G1 X20.896 Y-0.063 E0.06361
G1 X20.907 Y-1.097 E0.05159
G1 X20.888 Y-2.314 E0.06072
G1 X20.896 Y-3.156 E0.04201
G1 X20.972 Y-4.528 E0.06855
G1 X19.06 Y-4.571 E0.09541
G1 X17.415 Y-4.524 E0.0821
G1 X15.326 Y-4.43 E0.10433
G0 F12000 X15.5 Y-3.65
G1 F3600 E-1
G0 F12000 X16.177 Y-3.803
G0 X16.443 Y-2.359
G0 X16.986 Y3.131
;TYPE:SKIN
G1 F3600 E1
G1 F1610.7 X17.109 Y2.178 E0.07143
G1 F1608 X17.18 Y1.217 E0.07175
G1 F1748.6 X17.311 Y0.003 E0.08361
G1 F1771.2 X17.171 Y-1.258 E0.08577
G1 F1672.5 X17.077 Y-2.369 E0.07982
G1 X16.893 Y-3.224 E0.06261
G0 F12000 X16.285 Y-3.691
G1 F2400 X17.289 Y-3.736 E0.05014
G1 X17.581 Y-2.292 E0.0735
G1 X17.767 Y0.001 E0.11477
G1 X17.608 Y2.243 E0.11213
G1 X17.418 Y3.653 E0.07098
G1 X16.421 Y3.598 E0.04982
G1 X16.595 Y2.324 E0.06415
G1 X16.688 Y1.151 E0.0587
G1 X16.857 Y-0.009 E0.05848
G1 X16.688 Y-1.195 E0.05977
G1 X16.581 Y-2.396 E0.06016
G1 X16.285 Y-3.691 E0.06627
G1 F3600 E-1
G0 F12000 X19.707 Y3.668
G1 F3600 E1
G1 F2000 X19.624 Y2.292 E0.08253
G1 F1967.2 X19.569 Y-0.062 E0.14332
G1 X19.616 Y-3.739 E0.22382
G1 F2004.2 X20.104 Y-3.726 E0.02917
G1 F2012.6 X20.079 Y-3.196 E0.03157
G1 F2016.8 X20.07 Y-2.318 E0.05213
G1 F1979.4 X20.077 Y-1.09 E0.07429
G1 F1935.5 X20.067 Y-0.068 E0.06323
G1 F1959.2 X20.076 Y1.212 E0.07823
G1 F2000 X20.101 Y2.254 E0.0624
G1 X20.191 Y3.662 E0.08447
G1 F1991.7 X19.707 Y3.668 E0.0291
G0 F12000 X19.706 Y3.491
G1 F3600 E-1
;MESH:NONMESH
G0 F12000 X-18.774 Y-3.851
;TIME_ELAPSED:862.305830
;LAYER:78
;MESH:pi 3mm.stl
G0 X-18.774 Y-3.851 Z23.7
;TYPE:FILL
G1 F3600 E1
G1 F9600 X-19.365 Y-3.834 E0.0295
G1 X-19.343 Y-2.326 E0.07524
G1 X-19.199 Y-0.062 E0.11318
G1 X-19.309 Y2.251 E0.11553
G1 X-19.306 Y3.676 E0.07109
G1 X-18.789 Y3.694 E0.02581
G1 X-18.334 Y3.676 E0.02272
G1 X-17.814 Y1.734 E0.1003
G1 X-17.796 Y-.161 E0.09455
G1 X-17.773 Y-.469 E0.01541
G1 X-17.743 Y-2.302 E0.09146
G1 X-17.676 Y-2.761 E0.02314
G1 X-19.342 Y-2.315 E0.08604
G1 X-19.438 Y-2.29
G1 F3600 E-1
G0 F12000 X-16.18 Y3.672
G0 X-15.848 Y3.917
;TYPE:WALL-INNER
G1 F3600 E1
G1 F3000 X-16.281 Y2.171 E0.08975
G1 X-16.272 Y1.081 E0.05438
G1 X-16.22 Y-1.094 E0.10854
G1 X-16.233 Y-2.26 E0.05818
G1 X-16.098 Y-3.143 E0.04456
G1 X-15.907 Y-4.038 E0.04566
G1 X-17.548 Y-4.157 E0.08208
G1 X-18.766 Y-4.211 E0.06083
G1 X-20.741 Y-4.156 E0.09857
G1 X-20.756 Y-2.492 E0.08302
G1 X-20.611 Y-0.045 E0.1223
G1 X-20.687 Y2.239 E0.11401
G1 X-20.693 Y3.985 E0.08711
G1 X-18.786 Y4.055 E0.0952
G1 X-17.484 Y4 E0.06501
G1 X-15.848 Y3.917 E0.08173
G0 F12000 X-15.355 Y4.292
;TYPE:WALL-OUTER
G1 F1200 X-15.48 Y3.73 E0.02872
G1 X-15.88 Y2.124 E0.08257
G1 X-15.872 Y1.091 E0.05154
G1 X-15.82 Y-1.054 E0.10705
G1 X-15.83 Y-2.243 E0.05932
G1 X-15.7 Y-3.094 E0.04295
G1 X-15.42 Y-4.404 E0.06683
G1 X-17.524 Y-4.556 E0.10524
G1 X-18.762 Y-4.611 E0.06182
G1 X-21.137 Y-4.545 E0.11853
G1 X-21.156 Y-2.482 E0.10293
G1 X-21.011 Y-0.055 E0.1213
G1 X-21.087 Y2.229 E0.11401
G1 X-21.095 Y4.371 E0.10687
G1 X-18.785 Y4.455 E0.11532
G1 X-17.464 Y4.4 E0.06596
G1 X-15.355 Y4.292 E0.10536
G0 F12000 X-15.48 Y3.73
G0 X-15.534 Y3.513
G0 X-16.45 Y3.467
;TYPE:SKIN
G1 F1602.7 X-17.064 Y3.498 E0.04593
G1 F1597.3 X-17.373 Y2.157 E0.10316
G1 F1573.8 X-17.348 Y-.129 E0.17394
G1 F1568.6 X-17.328 Y-.445 E0.02417
G1 F1594.7 X-17.303 Y-2.263 E0.13652
G1 F1616.2 X-17.099 Y-3.645 E0.1035
G1 F1618.9 X-16.51 Y-3.603 E0.04367
G1 X-16.708 Y-2.261 E0.10033
G1 F1594.7 X-16.705 Y-1.099 E0.08725
G1 F1578.9 X-16.755 Y1.068 E0.16437
G1 F1594.7 X-16.764 Y2.188 E0.0841
G1 F1605.4 X-16.45 Y3.467 E0.09823
G1 F3600 E-1
G0 F12000 X-19.711 Y3.573
G1 F3600 E1
G1 F1804.5 X-20.244 Y3.555 E0.03539
G1 F1811.3 X-20.24 Y2.253 E0.08607
G1 F1787.7 X-20.155 Y-0.048 E0.15422
G1 F1758.2 X-20.303 Y-2.499 E0.16722
G1 F1774.5 X-20.295 Y-3.72 E0.08239
G1 F1794.4 X-19.768 Y-3.737 E0.03518
G1 F1784.4 X-19.751 Y-2.316 E0.09536
G1 F1764.7 X-19.609 Y-0.068 E0.15283
G1 F1791 X-19.712 Y2.219 E0.15305
G1 F1811.3 X-19.711 Y3.573 E0.08951
G0 F12000 X-19.706 Y3.425
G1 F3600 E-1
G0 F12000 X18.432 Y-0.013
;TYPE:FILL
G1 F3600 E1
G1 F9600 X18.936 Y-.148 E0.02603
G1 X19.002 Y2.541 E0.1342
G1 X19.026 Y2.541 E0.0012
G1 X19.062 Y3.207 E0.03328
G1 X18.93 Y3.696 E0.02527
G1 X18.095 Y3.67 E0.04168
G1 X18.28 Y2.257 E0.0711
G1 X18.315 Y1.589 E0.03337
G1 X18.432 Y-0.002 E0.07959
G1 X18.245 Y-2.329 E0.11647
G1 X17.958 Y-3.75 E0.07233
G1 X18.995 Y-3.778 E0.05175
G1 X19.095 Y-3.78
G1 F3600 E-1
G0 F12000 X16.489 Y-3.796
G0 X16.165 Y-4.043
;TYPE:WALL-INNER
G1 F3600 E1
G1 F3000 X16.55 Y-2.277 E0.09018
G1 X16.685 Y-.75 E0.07648
G1 X16.791 Y-0.027 E0.03646
G1 X16.689 Y0.702 E0.03672
G1 X16.567 Y2.24 E0.07697
G1 X16.385 Y3.56 E0.06648
G1 X16.358 Y3.953 E0.01965
G1 X17.353 Y4.008 E0.04972
G1 X19.475 Y4.072 E0.10592
G1 X20.411 Y4.065 E0.0467
G1 X20.292 Y2.206 E0.09294
G1 X20.26 Y0.791 E0.07061
G1 X20.256 Y-0.081 E0.0435
G1 X20.276 Y-1.464 E0.06901
G1 X20.26 Y-2.327 E0.04306
G1 X20.273 Y-3.538 E0.06042
G1 X20.306 Y-4.128 E0.02948
G1 X19.334 Y-4.147 E0.0485
G1 X17.204 Y-4.088 E0.10631
G1 X16.165 Y-4.043 E0.05188
G0 F12000 X15.674 Y-4.422
;TYPE:WALL-OUTER
G1 F1200 X16.152 Y-2.242 E0.11134
G1 X16.287 Y-.704 E0.07703
G1 X16.387 Y-0.025 E0.03424
G1 X16.291 Y0.658 E0.03441
G1 X16.167 Y2.22 E0.07817
G1 X15.988 Y3.505 E0.06473
G1 X15.93 Y4.331 E0.04131
G1 X17.341 Y4.408 E0.0705
G1 X19.478 Y4.472 E0.10666
G1 X20.833 Y4.461 E0.0676
G1 X20.776 Y3.415 E0.05226
G1 X20.692 Y2.197 E0.06091
G1 X20.66 Y0.789 E0.07026
G1 X20.656 Y-0.075 E0.04311
G1 X20.676 Y-1.471 E0.06965
G1 X20.66 Y-2.323 E0.04251
G1 X20.672 Y-3.516 E0.05952
G1 X20.728 Y-4.52 E0.05017
G1 X19.324 Y-4.547 E0.07006
G1 X17.187 Y-4.488 E0.10666
G1 X15.674 Y-4.422 E0.07556
G0 F12000 X15.845 Y-3.641
G1 F3600 E-1
G0 F12000 X16.527 Y-3.785
G0 X16.736 Y-2.626
G0 X17.321 Y3.131
;TYPE:SKIN
G1 F3600 E1
G1 F1649.5 X17.444 Y2.183 E0.06939
G1 F1663.8 X17.546 Y0.807 E0.0993
G1 F1777.8 X17.627 Y0.01 E0.05396
G1 F1801.1 X17.539 Y-.843 E0.05701
G1 F1711.2 X17.414 Y-2.297 E0.10211
G1 F1696.1 X17.223 Y-3.22 E0.06654
G0 F12000 X16.631 Y-3.681
G1 F2400 X17.613 Y-3.718 E0.04903
G1 X17.905 Y-2.28 E0.07321
G1 X18.087 Y0.001 E0.11416
G1 X17.936 Y2.236 E0.11176
G1 X17.751 Y3.649 E0.0711
G1 X16.765 Y3.595 E0.04927
G1 X16.939 Y2.328 E0.0638
G1 X17.067 Y0.759 E0.07854
G1 X17.173 Y-0.009 E0.03868
G1 X17.065 Y-.784 E0.03904
G1 X16.928 Y-2.314 E0.07664
G1 X16.631 Y-3.681 E0.06979
G1 F3600 E-1
G0 F12000 X19.961 Y3.642
G1 F3600 E1
G1 F1971.3 X19.471 Y3.647 E0.02976
G1 F1975.3 X19.418 Y2.734 E0.05544
G1 F1967.2 X19.377 Y2.197 E0.03278
G1 F1931.6 X19.323 Y-0.046 E0.13908
G1 F1951.2 X19.373 Y-3.723 E0.22566
G1 F1995.8 X19.853 Y-3.715 E0.0288
G1 F1987.6 X19.838 Y-2.331 E0.08338
G1 F1951.2 X19.846 Y-1.463 E0.05327
G1 F1916.2 X19.825 Y-0.088 E0.08593
G1 F1927.7 X19.834 Y0.793 E0.05472
G1 F1955.2 X19.868 Y2.214 E0.08705
G1 F1967.2 X19.961 Y3.642 E0.0871
G0 F12000 X19.788 Y3.472
G1 F3600 E-1
;MESH:NONMESH
G0 F12000 X19.779 Y3.471
G0 X-19.055 Y-2.172
;TIME_ELAPSED:870.476757
;LAYER:79
;MESH:pi 3mm.stl
G0 X-19.055 Y-2.172 Z24
;TYPE:FILL
G1 F3600 E1
G1 F9600 X-18.023 Y-2.449 E0.05331
G1 X-18.049 Y-.761 E0.08422
G1 X-18.093 Y-.179 E0.02912
G1 X-18.108 Y1.437 E0.08063
G1 X-18.091 Y1.949 E0.02556
G1 X-18.547 Y3.65 E0.08786
G1 X-19.053 Y3.672 E0.02527
G1 X-19.056 Y2.435 E0.06171
G1 X-18.922 Y-.181 E0.13068
G1 X-19.065 Y-2.316 E0.10675
G1 X-19.104 Y-3.831 E0.07561
G1 X-19.106 Y-3.93
G1 F3600 E-1
G0 F12000 X-19.106 Y-3.885
G0 X-16.479 Y3.655
G0 X-16.151 Y3.901
;TYPE:WALL-INNER
G1 F3600 E1
G1 F3000 X-16.281 Y3.312 E0.03009
G1 X-16.573 Y2.147 E0.05992
G1 X-16.56 Y0.667 E0.07384
G1 X-16.516 Y-1.434 E0.10484
G1 X-16.514 Y-2.306 E0.0435
G1 X-16.327 Y-3.53 E0.06177
G1 X-16.219 Y-4.034 E0.02572
G1 X-17.327 Y-4.112 E0.05542
G1 X-18.989 Y-4.187 E0.083
G1 X-20.488 Y-4.145 E0.07481
G1 X-20.496 Y-3.082 E0.05303
G1 X-20.488 Y-2.374 E0.03532
G1 X-20.347 Y-0.043 E0.11651
G1 X-20.392 Y1.368 E0.07043
G1 X-20.432 Y2.23 E0.04305
G1 X-20.432 Y3.981 E0.08736
G1 X-19.019 Y4.031 E0.07054
G1 X-16.151 Y3.901 E0.14323
G0 F12000 X-15.659 Y4.276
;TYPE:WALL-OUTER
G1 F1200 X-15.893 Y3.215 E0.05421
G1 X-16.172 Y2.1 E0.05734
G1 X-16.16 Y0.675 E0.0711
G1 X-16.116 Y-1.436 E0.10534
G1 X-16.118 Y-2.246 E0.04041
G1 X-15.936 Y-3.446 E0.06055
G1 X-15.732 Y-4.4 E0.04867
G1 X-17.292 Y-4.512 E0.07803
G1 X-18.986 Y-4.587 E0.0846
G1 X-20.885 Y-4.533 E0.09478
G1 X-20.896 Y-3.081 E0.07244
G1 X-20.888 Y-2.36 E0.03597
G1 X-20.747 Y-0.051 E0.11541
G1 X-20.792 Y1.35 E0.06993
G1 X-20.832 Y2.221 E0.0435
G1 X-20.832 Y4.367 E0.10706
G1 X-19.017 Y4.431 E0.09061
G1 X-17.225 Y4.356 E0.08948
G1 X-15.659 Y4.276 E0.07823
G0 F12000 X-15.831 Y3.495
G1 F3600 E-1
G0 F12000 X-16.517 Y3.647
G0 X-16.785 Y2.324
G0 X-16.792 Y-3.594
;TYPE:SKIN
G1 F3600 E1
G1 F1627.1 X-16.995 Y-2.266 E0.09886
G1 F1610.7 X-16.996 Y-1.438 E0.06155
G1 F1578.9 X-17.031 Y-.14 E0.09847
G1 F1568.6 X-17.052 Y1.438 E0.12046
G1 F1584.2 X-17.041 Y2.28 E0.06365
G1 F1920 X-16.83 Y2.683 E0.02837
G1 F2400 X-16.614 Y3.539 E0.04404
G1 X-17.454 Y3.577 E0.04195
G1 X-17.616 Y2.871 E0.03614
G1 F1935.5 X-17.6 Y2.432 E0.02718
G1 F1616.2 X-17.646 Y2.07 E0.02704
G1 F1592 X-17.662 Y1.447 E0.04687
G1 F1568.6 X-17.645 Y-.149 E0.12183
G1 F1584.2 X-17.609 Y-.742 E0.0449
G1 F1610.7 X-17.588 Y-2.259 E0.11278
G1 F1624.4 X-17.384 Y-3.633 E0.10239
G1 F1629.9 X-16.792 Y-3.594 E0.04358
G1 F3600 E-1
G0 F12000 X-17.21 Y2.831
G1 F3600 E1
G1 F2335.8 X-17.13 Y3.153 E0.01701
G0 F12000 X-19.458 Y3.569
G1 F1811.3 X-19.987 Y3.549 E0.03499
G1 F1807.9 X-19.985 Y2.248 E0.08616
G1 F1777.8 X-19.89 Y-0.03 E0.15356
G1 F1745.5 X-20.033 Y-2.397 E0.16267
G1 F1748.6 X-20.043 Y-3.078 E0.04664
G1 F1764.7 X-20.04 Y-3.705 E0.04254
G1 F1774.5 X-19.508 Y-3.722 E0.03592
G1 F1761.5 X-19.478 Y-2.305 E0.09634
G1 F1739.1 X-19.338 Y-.182 E0.14648
G1 F1771.2 X-19.46 Y2.426 E0.1765
G1 F1811.3 X-19.458 Y3.569 E0.07556
G0 F12000 X-19.452 Y3.417
G1 F3600 E-1
G0 F12000 X16.515 Y-4.043
;TYPE:WALL-INNER
G1 F3600 E1
G1 F3000 X16.891 Y-2.305 E0.08872
G1 X17.06 Y-.379 E0.09646
G1 X17.105 Y-0.009 E0.0186
G1 X17.065 Y0.295 E0.0153
G1 X16.911 Y2.284 E0.09953
G1 X16.68 Y3.958 E0.08431
G1 X20.176 Y4.066 E0.1745
G1 X20.064 Y2.195 E0.09351
G1 X20.02 Y0.357 E0.09172
G1 X20.044 Y-1.822 E0.10872
G1 X20.036 Y-2.398 E0.02874
G1 X20.054 Y-4.14 E0.08691
G1 X16.515 Y-4.043 E0.17663
G0 F12000 X16.026 Y-4.414
;TYPE:WALL-OUTER
G1 F1200 X16.496 Y-2.242 E0.11087
G1 X16.667 Y-.291 E0.09771
G1 X16.705 Y-0.013 E0.014
G1 X16.667 Y0.251 E0.01331
G1 X16.515 Y2.228 E0.09892
G1 X16.288 Y3.849 E0.08166
G1 X16.254 Y4.323 E0.02371
G1 X17.122 Y4.372 E0.04337
G1 X19.717 Y4.452 E0.12953
G1 X20.599 Y4.445 E0.044
G1 X20.464 Y2.185 E0.11295
G1 X20.42 Y0.361 E0.09103
G1 X20.444 Y-1.828 E0.10922
G1 X20.436 Y-2.394 E0.02824
G1 X20.452 Y-3.875 E0.07389
G1 X20.485 Y-4.508 E0.03162
G1 X19.578 Y-4.527 E0.04526
G1 X16.962 Y-4.456 E0.13056
G1 X16.026 Y-4.414 E0.04674
G0 F12000 X16.195 Y-3.633
G1 F3600 E-1
G0 F12000 X16.88 Y-3.781
G0 X17.082 Y-2.618
G0 X17.664 Y3.119
;TYPE:SKIN
G1 F3600 E1
G1 F1699.1 X17.784 Y2.181 E0.06664
G1 F1726.6 X17.906 Y0.431 E0.12165
G1 F1801.1 X17.945 Y0.00 E0.02877
G1 F1791 X17.75 Y-2.296 E0.15405
G1 F1761.5 X17.56 Y-3.215 E0.06379
G0 F12000 X16.983 Y-3.671
G1 F2400 X17.945 Y-3.699 E0.04801
G1 X18.233 Y-2.26 E0.07322
G1 X18.411 Y0.001 E0.11315
G1 X18.324 Y1.213 E0.06062
G1 X18.268 Y2.233 E0.05096
G1 X18.085 Y3.617 E0.06965
G1 X17.114 Y3.583 E0.04847
G1 X17.287 Y2.34 E0.06261
G1 X17.439 Y0.38 E0.09808
G1 X17.485 Y0.007 E0.01875
G1 X17.268 Y-2.35 E0.11809
G1 X16.983 Y-3.671 E0.06742
G1 F3600 E-1
G0 F12000 X19.724 Y3.626
G1 F3600 E1
G1 F1959.2 X19.232 Y3.608 E0.03009
G1 F1963.2 X19.204 Y3.079 E0.03231
G1 F1943.3 X19.137 Y2.2 E0.05432
G1 F1904.8 X19.082 Y-0.026 E0.13997
G1 F1923.8 X19.134 Y-3.686 E0.22781
G1 F1959.2 X19.624 Y-3.702 E0.02996
G1 F1947.3 X19.608 Y-2.392 E0.08056
G1 F1920 X19.613 Y-1.818 E0.0358
G1 F1912.4 X19.589 Y0.362 E0.1365
G1 F1920 X19.635 Y2.176 E0.11316
G1 F1943.3 X19.724 Y3.626 E0.08951
G0 F12000 X19.54 Y3.462
G1 F3600 E-1
;MESH:NONMESH
G0 F12000 X19.54 Y3.448
G0 X-18.345 Y2.283
;TIME_ELAPSED:878.301792
;LAYER:80
;MESH:pi 3mm.stl
G0 X-18.345 Y2.283 Z24.3
G0 X-18.4 Y2.285
;TYPE:FILL
G1 F3600 E1
G1 F9600 X-18.76 Y3.626 E0.06927
G1 X-18.802 Y3.627 E0.0021
G1 X-18.805 Y2.304 E0.066
G1 X-18.345 Y2.283 E0.02297
G1 X-18.4 Y2.285 E0.00275
G1 F3600 E-1
G0 F12000 X-18.426 Y-2.121
G1 F3600 E1
G1 F9600 X-18.33 Y-2.147 E0.00496
G1 X-18.334 Y-2.116 E0.00156
G1 X-18.773 Y-2.143 E0.02194
G1 X-18.816 Y-3.789 E0.08215
G1 X-18.818 Y-3.888
G1 F3600 E-1
G0 F12000 X-18.82 Y-3.852
G0 X-16.782 Y3.639
G0 X-16.455 Y3.883
;TYPE:WALL-INNER
G1 F3600 E1
G1 F3000 X-16.862 Y2.11 E0.09076
G1 X-16.848 Y0.252 E0.0927
G1 X-16.808 Y-1.779 E0.10135
G1 X-16.806 Y-2.312 E0.02659
G1 X-16.542 Y-4.032 E0.08682
G1 X-17.095 Y-4.073 E0.02767
G1 X-19.209 Y-4.167 E0.10557
G1 X-20.233 Y-4.137 E0.05111
G1 X-20.24 Y-3.446 E0.03448
G1 X-20.224 Y-2.362 E0.05409
G1 X-20.084 Y-0.03 E0.11655
G1 X-20.112 Y0.922 E0.04752
G1 X-20.176 Y2.227 E0.06518
G1 X-20.176 Y3.973 E0.08711
G1 X-19.25 Y4.007 E0.04623
G1 X-16.455 Y3.883 E0.13958
G0 F12000 X-15.96 Y4.259
;TYPE:WALL-OUTER
G1 F1200 X-16.31 Y2.707 E0.07937
G1 X-16.464 Y2.072 E0.0326
G1 X-16.448 Y0.26 E0.0904
G1 X-16.408 Y-1.782 E0.1019
G1 X-16.412 Y-2.238 E0.02275
G1 X-16.172 Y-3.798 E0.07874
G1 X-16.044 Y-4.397 E0.03056
G1 X-17.064 Y-4.472 E0.05103
G1 X-19.206 Y-4.567 E0.10697
G1 X-20.629 Y-4.525 E0.07102
G1 X-20.64 Y-3.445 E0.05388
G1 X-20.624 Y-2.348 E0.05474
G1 X-20.484 Y-0.061 E0.11431
G1 X-20.512 Y0.902 E0.04806
G1 X-20.576 Y2.217 E0.06568
G1 X-20.576 Y4.359 E0.10686
G1 X-19.249 Y4.407 E0.06625
G1 X-16.991 Y4.312 E0.11275
G1 X-15.96 Y4.259 E0.0515
G0 F12000 X-16.135 Y3.479
G1 F3600 E-1
G0 F12000 X-16.82 Y3.631
G0 X-17.078 Y2.302
G0 X-17.082 Y-3.598
;TYPE:SKIN
G1 F3600 E1
G1 F1643.8 X-17.28 Y-2.284 E0.09679
G1 F1632.7 X-17.298 Y-1.036 E0.09154
G1 F1594.7 X-17.327 Y-.149 E0.06664
G1 F1566.1 X-17.34 Y1.099 E0.09542
G1 F1584.2 X-17.337 Y2.183 E0.08193
G1 F1610.7 X-17.302 Y2.338 E0.01181
G1 F1935.5 X-17.113 Y2.704 E0.02548
G1 F2400 X-16.924 Y3.523 E0.04193
G1 X-17.767 Y3.56 E0.0421
G1 X-17.925 Y2.882 E0.03473
G1 F1935.5 X-17.883 Y2.449 E0.02691
G1 F1616.2 X-17.931 Y2.075 E0.02794
G1 F1589.4 X-17.954 Y1.106 E0.07302
G1 F1566.1 X-17.941 Y-.158 E0.09665
G1 F1594.7 X-17.889 Y-1.03 E0.06559
G1 F1629.9 X-17.87 Y-2.264 E0.09066
G1 F1638.2 X-17.67 Y-3.624 E0.10047
G1 F1643.8 X-17.082 Y-3.598 E0.04287
G1 F3600 E-1
G0 F12000 X-17.501 Y2.849
G1 F3600 E1
G1 F2237.8 X-17.438 Y3.13 E0.01541
G0 F12000 X-19.205 Y3.558
G1 F1818.2 X-19.732 Y3.545 E0.03472
G1 F1801.1 X-19.726 Y2.245 E0.08642
G1 F1781.1 X-19.662 Y0.941 E0.08777
G1 F1758.2 X-19.628 Y-0.088 E0.07011
G1 F1720.4 X-19.659 Y-.727 E0.04452
G1 F1702.1 X-19.763 Y-2.377 E0.1163
G1 F1714.3 X-19.782 Y-3.69 E0.09172
G1 F1726.6 X-19.231 Y-3.706 E0.03823
G1 F1720.4 X-19.196 Y-2.292 E0.09844
G1 F1702.1 X-19.095 Y-.762 E0.10786
G1 F1720.4 X-19.076 Y-0.085 E0.04714
G1 F1781.1 X-19.207 Y2.746 E0.19052
G1 F1818.2 X-19.205 Y3.558 E0.05347
G0 F12000 X-19.209 Y3.406
G1 F3600 E-1
G0 F12000 X-19.207 Y3.406
G0 X19.942 Y4.032
;TYPE:WALL-INNER
G1 F3600 E1
G1 F3000 X19.836 Y2.182 E0.09245
G1 X19.784 Y-0.067 E0.11223
G1 X19.828 Y-4.107 E0.20157
G1 X16.868 Y-4.024 E0.14773
G1 X17.239 Y-2.265 E0.08969
G1 X17.419 Y-0.061 E0.11032
G1 X17.257 Y2.275 E0.11682
G1 X17.025 Y3.939 E0.08382
G1 X19.942 Y4.032 E0.1456
G0 F12000 X20.365 Y4.445
;TYPE:WALL-OUTER
G1 F1200 X20.236 Y2.173 E0.11353
G1 X20.184 Y-0.063 E0.11158
G1 X20.233 Y-4.52 E0.22237
G1 X16.377 Y-4.405 E0.19246
G1 X16.84 Y-2.233 E0.1108
G1 X17.02 Y0.003 E0.11192
G1 X16.859 Y2.232 E0.11149
G1 X16.569 Y4.319 E0.10512
G1 X20.365 Y4.445 E0.18949
G0 F12000 X20.32 Y3.647
G1 F3600 E-1
G0 F12000 X19.622 Y3.685
G0 X18.653 Y-3.153
;TYPE:SKIN
G1 F3600 E1
G1 F2119.2 X18.882 Y-3.306 E0.01556
G1 F1904.8 X18.899 Y-3.648 E0.02153
G1 F1916.2 X19.391 Y-3.662 E0.03076
G1 F1904.8 X19.384 Y-3.258 E0.0254
G1 F2119.2 X19.428 Y-2.448 E0.04583
G1 F2400 X19.404 Y-0.097 E0.1173
G1 X19.456 Y2.189 E0.11408
G1 X19.533 Y3.636 E0.07229
G1 X18.951 Y3.617 E0.02905
G1 X18.936 Y3.353 E0.01319
G1 X18.736 Y3.164 E0.01373
G1 X18.595 Y3.171 E0.00704
G1 X18.467 Y3.287 E0.00862
G1 X18.417 Y3.602 E0.01591
G1 X17.461 Y3.571 E0.04772
G1 X17.631 Y2.34 E0.062
G1 X17.8 Y-0.009 E0.11749
G1 X17.612 Y-2.349 E0.11712
G1 X17.334 Y-3.655 E0.06662
G1 X18.284 Y-3.683 E0.04742
G1 X18.37 Y-3.269 E0.0211
G1 X18.49 Y-3.154 E0.00829
G1 X18.653 Y-3.153 E0.00813
G0 F12000 X18.934 Y-3.128
G1 F2400 X19.176 Y-2.886 E0.01707
G0 F12000 X19.227 Y-2.269
G1 F2400 X18.537 Y-2.959 E0.04868
G0 F12000 X18.151 Y-3.345
G1 F2400 X18.021 Y-3.475 E0.00917
G0 F12000 X17.61 Y-3.321
G1 F2400 X19.221 Y-1.71 E0.11366
G0 F12000 X19.215 Y-1.15
G1 F2400 X17.76 Y-2.604 E0.10262
G0 F12000 X17.845 Y-1.954
G1 F2400 X19.209 Y-.59 E0.09624
G0 F12000 X19.206 Y-0.028
G1 F2400 X17.894 Y-1.339 E0.09253
G0 F12000 X17.944 Y-.723
G1 F2400 X19.219 Y0.552 E0.08996
G0 F12000 X19.232 Y1.13
G1 F2400 X17.994 Y-.108 E0.08735
G0 F12000 X17.965 Y0.429
G1 F2400 X19.245 Y1.709 E0.09031
G0 F12000 X19.261 Y2.29
G1 F2400 X17.928 Y0.957 E0.09405
G0 F12000 X17.891 Y1.486
G1 F2400 X19.291 Y2.886 E0.09878
G0 F12000 X18.801 Y2.961
G1 F2400 X19.267 Y3.427 E0.03288
G0 F12000 X18.799 Y2.96
G1 F2400 X17.854 Y2.015 E0.06667
G0 F12000 X17.806 Y2.532
G1 F2400 X18.388 Y3.115 E0.0411
G0 F12000 X18.099 Y3.391
G1 F2400 X17.737 Y3.029 E0.02554
G0 F12000 X17.756 Y3.033
G1 F3600 E-1
;MESH:NONMESH
G0 F12000 X17.756 Y3.035
G0 X-16.76 Y3.864
;TIME_ELAPSED:886.163685
;LAYER:81
;MESH:pi 3mm.stl
G0 X-16.76 Y3.864 Z24.6
;TYPE:WALL-INNER
G1 F3600 E1
G1 F3000 X-17.157 Y2.096 E0.0904
G1 X-17.136 Y-.135 E0.11131
G1 X-17.098 Y-2.28 E0.10703
G1 X-16.833 Y-4.026 E0.08811
G1 X-19.452 Y-4.143 E0.13079
G1 X-19.988 Y-4.128 E0.02675
G1 X-19.964 Y-2.347 E0.08886
G1 X-19.819 Y-0.029 E0.11587
G1 X-19.924 Y2.222 E0.11242
G1 X-19.921 Y3.966 E0.08701
G1 X-19.478 Y3.984 E0.02212
G1 X-16.76 Y3.864 E0.13573
G0 F12000 X-16.264 Y4.242
;TYPE:WALL-OUTER
G1 F1200 X-16.759 Y2.051 E0.11206
G1 X-16.736 Y-.128 E0.10872
G1 X-16.7 Y-2.246 E0.10568
G1 X-16.369 Y-4.407 E0.10907
G1 X-19.43 Y-4.543 E0.15286
G1 X-20.377 Y-4.517 E0.04726
G1 X-20.384 Y-3.809 E0.03532
G1 X-20.364 Y-2.332 E0.07369
G1 X-20.219 Y-0.033 E0.11493
G1 X-20.324 Y2.213 E0.11218
G1 X-20.32 Y4.351 E0.10667
G1 X-19.477 Y4.384 E0.04209
G1 X-16.264 Y4.242 E0.16045
G0 F12000 X-16.44 Y3.462
G1 F3600 E-1
G0 F12000 X-17.124 Y3.616
G0 X-17.372 Y2.27
G0 X-17.375 Y-3.576
;TYPE:SKIN
G1 F3600 E1
G1 F1658 X-17.562 Y-2.34 E0.09027
G1 F1608 X-17.624 Y-.164 E0.16209
G1 F1558.4 X-17.631 Y0.757 E0.07076
G1 F1600 X-17.624 Y2.11 E0.10125
G1 F1627.1 X-17.571 Y2.404 E0.02198
G1 F1931.6 X-17.391 Y2.773 E0.02545
G1 F2400 X-17.231 Y3.502 E0.03724
G1 X-18.082 Y3.54 E0.0425
G1 X-18.196 Y2.914 E0.03174
G1 F1931.6 X-18.154 Y2.506 E0.02542
G1 F1624.4 X-18.214 Y2.075 E0.03208
G1 F1594.7 X-18.247 Y0.765 E0.09839
G1 F1558.4 X-18.24 Y-.173 E0.07207
G1 F1600 X-18.169 Y-1.321 E0.08608
G1 F1646.7 X-18.153 Y-2.26 E0.06829
G1 F1649.5 X-17.959 Y-3.602 E0.09843
G1 F1655.2 X-17.375 Y-3.576 E0.04229
G1 F3600 E-1
G0 F12000 X-17.687 Y3.107
G1 F3600 E1
G1 F2222.2 X-17.714 Y3.154 E0.00292
G1 X-17.768 Y3.154 E0.00291
G1 X-17.795 Y3.107 E0.00292
G1 X-17.768 Y3.06 E0.00292
G1 X-17.714 Y3.06 E0.00291
G1 X-17.687 Y3.107 E0.00292
G0 F12000 X-19.478 Y3.541
G1 F1791 X-19.471 Y2.24 E0.08698
G1 F1748.6 X-19.361 Y-0.038 E0.15617
G1 F1702.1 X-19.415 Y-1.083 E0.07361
G1 F1663.8 X-19.496 Y-2.352 E0.09151
G1 F1675.4 X-19.513 Y-3.68 E0.09492
G1 F1687.2 X-18.949 Y-3.655 E0.04007
G1 F1678.3 X-18.915 Y-2.284 E0.09784
G1 F1666.7 X-18.84 Y-1.118 E0.08394
G1 F1696.1 X-18.809 Y-.137 E0.06929
G1 F1742.3 X-18.924 Y2.254 E0.16451
G1 F1771.2 X-18.971 Y3.518 E0.08551
G1 F1811.3 X-19.478 Y3.541 E0.03355
G0 F12000 X-19.323 Y3.385
G1 F3600 E-1
G0 F12000 X-19.322 Y3.377
G0 X19.702 Y3.989
;TYPE:WALL-INNER
G1 F3600 E1
G1 F3000 X19.596 Y2.183 E0.09026
G1 X19.54 Y-.111 E0.11448
G1 X19.601 Y-4.074 E0.19774
G1 X17.214 Y-4.007 E0.11913
G1 X17.563 Y-2.253 E0.08922
G1 X17.744 Y-0.02 E0.11177
G1 X17.587 Y2.247 E0.11337
G1 X17.366 Y3.92 E0.08419
G1 X19.702 Y3.989 E0.11659
G0 F12000 X20.127 Y4.401
;TYPE:WALL-OUTER
G1 F1200 X19.996 Y2.173 E0.11135
G1 X19.94 Y-.105 E0.11368
G1 X20.008 Y-4.486 E0.2186
G1 X16.728 Y-4.394 E0.1637
G1 X17.164 Y-2.221 E0.11057
G1 X17.344 Y0.011 E0.11172
G1 X17.187 Y2.231 E0.11103
G1 X16.912 Y4.306 E0.10443
G1 X20.127 Y4.401 E0.16047
G0 F12000 X20.081 Y3.603
G1 F3600 E-1
G0 F12000 X19.383 Y3.642
G0 X18.807 Y1.123
;TYPE:SKIN
G1 F3600 E1
G1 F2644.6 X18.426 Y1.114 E0.01725
G1 F2807 X18.484 Y-0.021 E0.04848
G1 X18.412 Y-1.188 E0.04987
G1 F2644.6 X18.792 Y-1.201 E0.01721
G1 X18.807 Y1.123 E0.10522
G0 F12000 X19.295 Y3.597
G1 F2400 X17.799 Y3.551 E0.07467
G1 X17.959 Y2.335 E0.06119
G1 X18.124 Y-0.009 E0.11723
G1 X17.94 Y-2.289 E0.11412
G1 X17.675 Y-3.638 E0.06859
G1 X19.212 Y-3.682 E0.07671
G1 X19.16 Y-.116 E0.17793
G1 X19.216 Y2.189 E0.11503
G1 X19.295 Y3.597 E0.07036
G0 F12000 X19.061 Y3.001
G1 F2400 X18.684 Y3.378 E0.0266
G0 F12000 X18.134 Y3.362
G1 F2400 X19.031 Y2.465 E0.06329
G0 F12000 X19.009 Y1.921
G1 F2400 X18.094 Y2.836 E0.06456
G0 F12000 X18.168 Y2.196
G1 F2400 X18.996 Y1.369 E0.05838
G0 F12000 X18.5 Y1.299
G1 F2400 X18.212 Y1.587 E0.02032
G0 F12000 X18.34 Y-1.369
G1 F2400 X18.987 Y-2.016 E0.04565
G0 F12000 X18.995 Y-2.59
G1 F2400 X18.183 Y-1.778 E0.05729
G0 F12000 X18.141 Y-2.302
G1 F2400 X19.003 Y-3.164 E0.06082
G0 F12000 X18.743 Y-3.469
G1 F2400 X18.048 Y-2.775 E0.049
G0 F12000 X17.956 Y-3.248
G1 F2400 X18.16 Y-3.452 E0.01439
G0 F12000 X18.159 Y-3.435
G1 F3600 E-1
;MESH:NONMESH
G0 F12000 X18.157 Y-3.435
G0 X-17.065 Y3.846
;TIME_ELAPSED:893.091808
;LAYER:82
;MESH:pi 3mm.stl
G0 X-17.065 Y3.846 Z24.9
;TYPE:WALL-INNER
G1 F3600 E1
G1 F3000 X-17.453 Y2.12 E0.08826
G1 X-17.437 Y-.126 E0.11206
G1 X-17.412 Y-.457 E0.01656
G1 X-17.382 Y-2.279 E0.09091
G1 X-17.125 Y-4.003 E0.08696
G1 X-19.727 Y-4.121 E0.12995
G1 X-19.7 Y-2.331 E0.08931
G1 X-19.559 Y-0.026 E0.11521
G1 X-19.668 Y2.219 E0.11214
G1 X-19.666 Y3.958 E0.08676
G1 X-17.065 Y3.846 E0.12988
G0 F12000 X-16.569 Y4.226
;TYPE:WALL-OUTER
G1 F1200 X-17.055 Y2.075 E0.11002
G1 X-17.036 Y-.136 E0.11031
G1 X-17.012 Y-.438 E0.01511
G1 X-16.984 Y-2.245 E0.09016
G1 X-16.663 Y-4.382 E0.10781
G1 X-19.667 Y-4.523 E0.15004
G1 X-20.133 Y-4.509 E0.02326
G1 X-20.1 Y-2.316 E0.10942
G1 X-19.959 Y-0.03 E0.11427
G1 X-20.068 Y2.209 E0.11184
G1 X-20.064 Y4.347 E0.10667
G1 X-19.696 Y4.36 E0.01837
G1 X-16.569 Y4.226 E0.15615
G0 F12000 X-16.745 Y3.446
G0 X-17.536 Y3.482
;TYPE:SKIN
G1 F2400 X-19.284 Y3.559 E0.08729
G1 X-19.288 Y2.247 E0.06546
G1 X-19.175 Y-0.014 E0.11294
G1 X-19.319 Y-2.331 E0.11582
G1 X-19.337 Y-3.725 E0.06955
G1 X-17.563 Y-3.642 E0.0886
G1 X-17.76 Y-2.31 E0.06718
G1 X-17.792 Y-.473 E0.09166
G1 X-17.816 Y-.135 E0.01691
G1 X-17.834 Y2.163 E0.11465
G1 X-17.536 Y3.482 E0.06746
G0 F12000 X-18.728 Y3.333
G1 F2400 X-19.086 Y2.976 E0.02522
G0 F12000 X-19.088 Y2.408
G1 F2400 X-18.186 Y3.31 E0.06364
G0 F12000 X-17.826 Y3.104
G1 F2400 X-19.069 Y1.862 E0.08767
G0 F12000 X-19.042 Y1.323
G1 F2400 X-17.991 Y2.374 E0.07415
G0 F12000 X-18.028 Y1.771
G1 F2400 X-19.015 Y0.784 E0.06964
G0 F12000 X-18.989 Y0.245
G1 F2400 X-18.025 Y1.208 E0.06798
G0 F12000 X-18.021 Y0.646
G1 F2400 X-18.994 Y-.327 E0.06865
G0 F12000 X-19.032 Y-.93
G1 F2400 X-18.018 Y0.084 E0.07154
G0 F12000 X-17.993 Y-.457
G1 F2400 X-19.069 Y-1.533 E0.07592
G0 F12000 X-19.106 Y-2.135
G1 F2400 X-17.982 Y-1.011 E0.0793
G0 F12000 X-17.972 Y-1.567
G1 F2400 X-19.124 Y-2.72 E0.08132
G0 F12000 X-19.131 Y-3.292
G1 F2400 X-17.962 Y-2.123 E0.08248
G0 F12000 X-17.912 Y-2.639
G1 F2400 X-18.771 Y-3.497 E0.06057
G0 F12000 X-18.177 Y-3.469
G1 F2400 X-17.84 Y-3.132 E0.02378
G0 F12000 X-17.861 Y-3.137
G1 F3600 E-1
G0 F12000 X-17.861 Y-3.139
G0 X19.464 Y3.967
;TYPE:WALL-INNER
G1 F3600 E1
G1 F3000 X19.397 Y2.732 E0.06171
G1 X19.353 Y2.217 E0.02579
G1 X19.292 Y-0.086 E0.11494
G1 X19.357 Y-4.039 E0.19724
G1 X17.542 Y-3.99 E0.09058
G1 X17.891 Y-2.237 E0.08917
G1 X18.068 Y-0.04 E0.10996
G1 X17.956 Y1.557 E0.07987
G1 X17.919 Y2.255 E0.03487
G1 X17.698 Y3.912 E0.0834
G1 X19.464 Y3.967 E0.08815
G0 F12000 X19.888 Y4.381
;TYPE:WALL-OUTER
G1 F1200 X19.798 Y2.731 E0.08244
G1 X19.752 Y2.178 E0.02768
G1 X19.692 Y-0.079 E0.11264
G1 X19.764 Y-4.45 E0.2181
G1 X17.056 Y-4.378 E0.13515
G1 X17.492 Y-2.205 E0.11057
G1 X17.668 Y0.015 E0.1111
G1 X17.558 Y1.512 E0.07489
G1 X17.519 Y2.227 E0.03572
G1 X17.244 Y4.298 E0.10423
G1 X19.888 Y4.381 E0.13197
G0 F12000 X19.845 Y3.582
G1 F3600 E-1
G0 F12000 X19.147 Y3.621
G0 X18.583 Y-3.201
;TYPE:SKIN
G1 F3600 E1
G1 F2077.9 X18.555 Y-3.152 E0.00325
G1 X18.498 Y-3.152 E0.00328
G1 X18.469 Y-3.201 E0.00328
G1 X18.497 Y-3.25 E0.00325
G1 X18.554 Y-3.25 E0.00328
G1 X18.583 Y-3.201 E0.00328
G1 F3600 E-1
G0 F12000 X18.667 Y3.132
G1 F3600 E1
G1 F2142.9 X18.639 Y3.18 E0.00311
G1 X18.583 Y3.18 E0.00313
G1 X18.555 Y3.132 E0.00311
G1 X18.583 Y3.084 E0.00311
G1 X18.639 Y3.084 E0.00313
G1 X18.667 Y3.132 E0.00311
G0 F12000 X19.06 Y3.573
G1 F2400 X18.131 Y3.543 E0.04637
G1 X18.238 Y2.734 E0.04071
G1 F2042.6 X18.366 Y2.296 E0.02675
G1 F1821.6 X18.388 Y1.583 E0.04689
G1 F2025.3 X18.465 Y-0.004 E0.09393
G1 F2077.9 X18.401 Y-1.156 E0.06648
G1 F1856.9 X18.336 Y-2.309 E0.07447
G1 F2033.9 X18.102 Y-3.117 E0.04952
G1 F2400 X18.003 Y-3.618 E0.02548
G1 X18.968 Y-3.645 E0.04816
G1 X18.961 Y-3.194 E0.0225
G1 F2033.9 X18.876 Y-2.358 E0.04947
G1 F1768 X18.906 Y2.298 E0.31534
G1 F2042.6 X19.016 Y2.753 E0.02744
G1 F2400 X19.06 Y3.573 E0.04097
G0 F12000 X18.832 Y3.367
G1 F3600 E-1
;MESH:NONMESH
G0 F12000 X18.831 Y3.347
G0 X-17.375 Y3.831
;TIME_ELAPSED:899.277408
;LAYER:83
;MESH:pi 3mm.stl
G0 X-17.375 Y3.831 Z25.2
;TYPE:WALL-INNER
G1 F3600 E1
G1 F3000 X-17.647 Y2.642 E0.06085
G1 X-17.72 Y2.102 E0.02719
G1 X-17.748 Y1.469 E0.03161
G1 X-17.731 Y-.178 E0.08217
G1 X-17.688 Y-.744 E0.02832
G1 X-17.662 Y-2.282 E0.07674
G1 X-17.409 Y-3.992 E0.08624
G1 X-19.464 Y-4.08 E0.10262
G1 X-19.424 Y-2.303 E0.08868
G1 X-19.284 Y-.203 E0.105
G1 X-19.416 Y2.442 E0.13212
G1 X-19.41 Y3.905 E0.07299
G1 X-17.375 Y3.831 E0.10159
G0 F12000 X-16.877 Y4.213
;TYPE:WALL-OUTER
G1 F1200 X-17.255 Y2.563 E0.08445
G1 X-17.323 Y2.053 E0.02567
G1 X-17.348 Y1.442 E0.03051
G1 X-17.332 Y-.148 E0.07933
G1 X-17.288 Y-.726 E0.02892
G1 X-17.264 Y-2.246 E0.07584
G1 X-16.947 Y-4.373 E0.10729
G1 X-19.869 Y-4.498 E0.14591
G1 X-19.86 Y-3.671 E0.04126
G1 X-19.823 Y-2.277 E0.06957
G1 X-19.684 Y-.165 E0.1056
G1 X-19.816 Y2.433 E0.12978
G1 X-19.808 Y4.32 E0.09414
G1 X-16.877 Y4.213 E0.14633
G0 F12000 X-17.055 Y3.434
G1 F3600 E-1
G0 F12000 X-17.741 Y3.589
G0 X-18.52 Y-2.664
;TYPE:SKIN
G1 F3600 E1
G1 F1886.1 X-18.678 Y-3.061 E0.02713
G1 F2637.4 X-18.682 Y-3.281 E0.00999
G1 F2630.1 X-18.285 Y-3.263 E0.01809
G1 F2637.4 X-18.317 Y-3.038 E0.01032
G1 F1886.1 X-18.52 Y-2.664 E0.02702
G1 F1519 X-18.54 Y-2.341 E0.02551
G1 F1672.5 X-18.523 Y-1.564 E0.05564
G1 F1889.8 X-18.505 Y-.787 E0.04924
G1 F2217.1 X-18.507 Y-.174 E0.03311
G1 F2264.2 X-18.556 Y1.474 E0.08719
G1 F1983.5 X-18.56 Y2.09 E0.03719
G1 F1635.4 X-18.501 Y2.957 E0.06362
G0 F12000 X-17.845 Y3.465
G1 F2400 X-19.029 Y3.508 E0.05911
G1 X-19.036 Y2.481 E0.05124
G1 X-18.903 Y-.133 E0.13058
G1 X-19.044 Y-2.316 E0.10914
G1 X-19.074 Y-3.682 E0.06817
G1 X-17.847 Y-3.629 E0.06127
G1 X-18.04 Y-2.311 E0.06646
G1 X-18.068 Y-.773 E0.07674
G1 X-18.112 Y-.149 E0.03121
G1 X-18.128 Y1.478 E0.08118
G1 X-18.103 Y2.085 E0.03031
G1 X-18.027 Y2.659 E0.02889
G1 X-17.845 Y3.465 E0.04122
G0 F12000 X-18.074 Y3.26
G1 F3600 E-1
G0 F12000 X-18.12 Y3.261
G0 X18.029 Y3.905
;TYPE:WALL-INNER
G1 F3600 E1
G1 F3000 X19.225 Y3.941 E0.0597
G1 X19.177 Y3.055 E0.04427
G1 X19.108 Y2.193 E0.04314
G1 X19.095 Y1.681 E0.02555
G1 F2419.4 X18.988 Y1.284 E0.02544
G1 F2027 X18.972 Y-1.388 E0.1973
G1 F2419.4 X19.074 Y-1.786 E0.02542
G1 F3000 X19.115 Y-4.005 E0.11073
G1 X17.873 Y-3.972 E0.06199
G1 X18.209 Y-2.292 E0.08548
G1 X18.255 Y-1.761 E0.02659
G1 F2419.4 X18.38 Y-1.37 E0.02539
G1 F2139 X18.453 Y-0.007 E0.09551
G1 F2135.2 X18.397 Y1.275 E0.08995
G1 F2419.4 X18.279 Y1.669 E0.02544
G1 F3000 X18.247 Y2.256 E0.02933
G1 X18.029 Y3.905 E0.08298
G0 F12000 X18.334 Y3.648
G0 X19.369 Y4.08
G0 X19.648 Y4.353
;TYPE:WALL-OUTER
G1 F1200 X19.575 Y3.023 E0.06645
G1 X19.508 Y2.182 E0.04209
G1 X19.448 Y-0.057 E0.11174
G1 X19.508 Y-3.854 E0.18946
G1 X19.534 Y-4.417 E0.02812
G1 X17.401 Y-4.358 E0.10646
G1 X17.506 Y-3.747 E0.03093
G1 X17.82 Y-2.188 E0.07934
G1 X17.988 Y0.019 E0.11043
G1 X17.904 Y1.183 E0.05822
G1 X17.847 Y2.226 E0.05211
G1 X17.575 Y4.291 E0.10391
G1 X19.648 Y4.353 E0.10347
G0 F12000 X19.605 Y3.555
G1 F3600 E-1
G0 F12000 X18.907 Y3.593
G0 X18.645 Y-2.286
;TYPE:SKIN
G1 F3600 E1
G1 F2021.1 X18.299 Y-3.614 E0.0813
G1 F2171.9 X18.744 Y-3.626 E0.02454
G1 F2021.1 X18.645 Y-2.286 E0.0796
G1 F1979.4 X18.661 Y-1.836 E0.02724
G1 F3600 E-1
G0 F12000 X18.683 Y1.739
G1 F3600 E1
G1 F1971.3 X18.68 Y2.295 E0.03377
G0 F12000 X18.84 Y3.568
G1 F2630.1 X18.439 Y3.555 E0.01827
G1 X18.503 Y3.066 E0.02245
G1 F2191.8 X18.68 Y2.295 E0.04322
G1 X18.814 Y3.075 E0.04324
G1 F2630.1 X18.84 Y3.568 E0.02247
G0 F12000 X18.593 Y3.343
G1 F3600 E-1
;MESH:NONMESH
G0 F12000 X18.594 Y3.365
G0 X-17.686 Y3.824
;TIME_ELAPSED:904.606899
;LAYER:84
;MESH:pi 3mm.stl
G0 X-17.686 Y3.824 Z25.5
;TYPE:WALL-INNER
G1 F3600 E1
G1 F3000 X-17.882 Y2.97 E0.04371
G1 X-18.004 Y2.106 E0.04353
G1 X-18.04 Y1.098 E0.05032
G1 X-18.027 Y-.193 E0.06441
G1 X-17.964 Y-1.036 E0.04217
G1 X-17.942 Y-2.282 E0.06217
G1 X-17.69 Y-3.982 E0.08574
G1 X-19.179 Y-4.044 E0.07435
G1 X-19.136 Y-2.296 E0.08723
G1 X-19.031 Y-.736 E0.078
G1 X-19.019 Y-0.093 E0.03208
G1 X-19.164 Y2.778 E0.14342
G1 X-19.159 Y3.881 E0.05503
G1 X-17.686 Y3.824 E0.07354
G0 F12000 X-17.189 Y4.205
;TYPE:WALL-OUTER
G1 F1200 X-17.492 Y2.881 E0.06776
G1 X-17.607 Y2.057 E0.04151
G1 X-17.64 Y1.102 E0.04767
G1 X-17.628 Y-.163 E0.06311
G1 X-17.564 Y-1.018 E0.04278
G1 X-17.544 Y-2.246 E0.06127
G1 X-17.229 Y-4.362 E0.10673
G1 X-19.59 Y-4.462 E0.1179
G1 X-19.535 Y-2.27 E0.10939
G1 X-19.431 Y-.728 E0.07711
G1 X-19.419 Y-0.097 E0.03149
G1 X-19.564 Y2.753 E0.14237
G1 X-19.557 Y4.296 E0.07698
G1 X-17.189 Y4.205 E0.11823
G0 F12000 X-17.367 Y3.426
G0 X-18.052 Y3.582
G0 X-18.742 Y3.444
;TYPE:SKIN
G1 F2077.9 X-18.761 Y2.787 E0.03787
G1 F2147.7 X-18.726 Y2.104 E0.03813
G1 F2307.7 X-18.758 Y2.097 E0.0017
G1 F2742.9 X-18.679 Y-0.084 E0.09527
G1 F2926.8 X-18.677 Y-.743 E0.02696
G1 F2526.3 X-18.748 Y-2.322 E0.07491
G1 F2181.8 X-18.723 Y-3.592 E0.06971
G1 F2082.4 X-18.199 Y-3.569 E0.03016
G1 F2181.8 X-18.329 Y-2.312 E0.06935
G1 F2455.2 X-18.325 Y-1.068 E0.06067
G1 F2823.5 X-18.363 Y-.215 E0.03621
G1 F2917.9 X-18.39 Y1.102 E0.05405
G1 F2651.9 X-18.379 Y2.084 E0.04434
G1 F2307.7 X-18.409 Y2.091 E0.0016
G1 F2077.9 X-18.272 Y3.143 E0.06113
G1 F2012.6 X-18.206 Y3.424 E0.01717
G1 X-18.742 Y3.444 E0.03191
G0 F12000 X-18.567 Y3.258
G1 F3600 E-1
G0 F12000 X-18.56 Y3.258
G0 X18.932 Y3.871
;TYPE:WALL-INNER
G1 F3600 E1
G1 F3149.6 X18.893 Y2.226 E0.07819
G1 F3428.6 X18.862 Y-2.303 E0.19771
G1 F3061.2 X18.808 Y-3.921 E0.07915
G1 F2816.9 X18.281 Y-3.906 E0.02801
G1 F3108.8 X18.517 Y-2.201 E0.08287
G1 F3726.7 X18.576 Y-1.077 E0.0452
G1 F4395.6 X18.635 Y0.047 E0.03832
G1 F4477.6 X18.595 Y0.852 E0.02694
G1 F3773.6 X18.549 Y2.251 E0.05552
G1 F3141.4 X18.423 Y3.855 E0.07666
G1 F2884.6 X18.932 Y3.871 E0.02642
G0 F12000 X19.408 Y4.329
;TYPE:WALL-OUTER
G1 F1200 X19.356 Y3.354 E0.04871
G1 X19.264 Y2.186 E0.05845
G1 X19.204 Y-0.035 E0.11085
G1 X19.257 Y-3.397 E0.16775
G1 X19.302 Y-4.386 E0.04939
G1 X17.74 Y-4.342 E0.07796
G1 X17.929 Y-3.247 E0.05544
G1 X18.144 Y-2.172 E0.05469
G1 X18.312 Y0.023 E0.10983
G1 X18.252 Y0.833 E0.04052
G1 X18.175 Y2.222 E0.0694
G1 X17.907 Y4.282 E0.10364
G1 X19.408 Y4.329 E0.07492
G0 F12000 X19.366 Y3.53
G1 F3600 E-1
;MESH:NONMESH
G0 F12000 X-18.805 Y3.741
;TIME_ELAPSED:908.689776
;LAYER:85
;note -- min layer time used
;MESH:pi 3mm.stl
G0 X-18.805 Y3.741 Z25.8
;TYPE:WALL-INNER
G1 F3600 E1
G1 F1719.6 X-18.127 Y3.714 E0.05137
G1 F1733.8 X-18.223 Y3.261 E0.03477
G1 F1918.7 X-18.332 Y2.112 E0.07831
G1 F2269.1 X-18.351 Y0.758 E0.07769
G1 F2473.4 X-18.334 Y-.211 E0.05101
G1 F2361.5 X-18.275 Y-1.333 E0.06194
G1 F2112.9 X-18.276 Y-2.323 E0.061
G1 F2138.9 X-17.945 Y-3.969 E0.10219
G1 F2274 X-18.913 Y-4.011 E0.05547
G1 F2138.9 X-18.791 Y-2.355 E0.10107
G1 X-18.74 Y-1.123 E0.07505
G1 F2405 X-18.746 Y-0.097 E0.05554
G1 F2473.4 X-18.781 Y0.782 E0.0463
G1 F2259.2 X-18.819 Y2.145 E0.07857
G1 F1947.3 X-18.822 Y3.091 E0.06324
G1 F1757.2 X-18.805 Y3.741 E0.04817
G0 F12000 X-18.641 Y3.57
G0 X-17.832 Y3.945
G0 X-17.504 Y4.193
;TYPE:WALL-OUTER
G1 F1200 X-17.734 Y3.164 E0.0526
G1 X-17.891 Y2.057 E0.05578
G1 X-17.936 Y0.762 E0.06465
G1 X-17.928 Y-.18 E0.047
G1 X-17.84 Y-1.306 E0.05635
G1 X-17.824 Y-2.242 E0.0467
G1 X-17.629 Y-3.535 E0.06524
G1 X-17.488 Y-4.35 E0.04126
G1 X-19.325 Y-4.43 E0.09174
G1 X-19.288 Y-3.886 E0.0272
G1 X-19.247 Y-2.26 E0.08115
G1 X-19.168 Y-1.084 E0.0588
G1 X-19.151 Y-.126 E0.0478
G1 X-19.312 Y3.093 E0.1608
G1 X-19.305 Y4.264 E0.05842
G1 X-17.504 Y4.193 E0.08992
G0 F12000 X-17.678 Y3.412
G1 F3600 E-1
G0 F12000 X-18.365 Y3.568
G0 X-18.529 Y2.102
G0 X-18.576 Y0.771
G0 X-18.396 Y-3.568
;TYPE:SKIN
G1 F3600 E1
G1 F1761 X-18.426 Y-3.516 E0.00364
G1 X-18.486 Y-3.516 E0.00364
G1 X-18.516 Y-3.568 E0.00364
G1 X-18.486 Y-3.62 E0.00364
G1 X-18.426 Y-3.62 E0.00364
G1 X-18.396 Y-3.568 E0.00364
G0 F12000 X-18.283 Y-3.612
G1 F3600 E-1
G0 F12000 X-18.285 Y-3.672
G0 X18.666 Y-3.897
;TYPE:WALL-INNER
G1 F3600 E1
G1 F2138.9 X18.635 Y-3.95 E0.00374
G1 X18.574 Y-3.95 E0.00371
G1 X18.544 Y-3.897 E0.00371
G1 X18.575 Y-3.844 E0.00374
G1 X18.636 Y-3.844 E0.00371
G1 X18.666 Y-3.897 E0.00371
G1 F3600 E-1
G0 F12000 X18.777 Y3.865
G1 F3600 E1
G1 F2309.2 X18.749 Y3.817 E0.00313
G1 X18.693 Y3.817 E0.00316
G1 X18.665 Y3.865 E0.00313
G1 X18.693 Y3.913 E0.00313
G1 X18.749 Y3.913 E0.00316
G1 X18.777 Y3.865 E0.00313
G0 F12000 X19.172 Y4.305
;TYPE:WALL-OUTER
G1 F1200 X19.136 Y3.679 E0.03128
G1 F1118.9 X18.993 Y2.223 E0.07828
G1 F1039 X18.961 Y-2.227 E0.25643
G1 F1111.1 X19.004 Y-2.889 E0.03574
G1 F1200 X19.07 Y-4.354 E0.07316
G1 X18.081 Y-4.326 E0.04936
G1 X18.34 Y-2.824 E0.07604
G1 F1111.1 X18.5 Y-2.186 E0.03544
G1 F1090.9 X18.556 Y-1.079 E0.06083
G1 F1237.1 X18.613 Y0.029 E0.05369
G1 F1240.3 X18.575 Y1.123 E0.05284
G1 F1106 X18.537 Y2.218 E0.05931
G1 F1118.9 X18.321 Y3.656 E0.07781
G1 F1200 X18.239 Y4.275 E0.03115
G1 X19.172 Y4.305 E0.04657
G0 F12000 X19.136 Y3.679
G0 X19.12 Y3.507
G1 F3600 E-1
;MESH:NONMESH
G0 F12000 X-18.529 Y-2.318
;TIME_ELAPSED:912.415063
;LAYER:86
;note -- min layer time used
;MESH:pi 3mm.stl
G0 X-18.529 Y-2.318 Z26.1
;TYPE:WALL-INNER
G1 F3600 E1
G1 F918.6 X-18.35 Y-3.201 E0.0472
G1 F1028.9 X-18.218 Y-3.969 E0.03645
G1 X-18.641 Y-3.988 E0.0198
G1 X-18.6 Y-3.375 E0.02874
G1 X-18.597 Y-3.203 E0.00805
G1 F918.6 X-18.529 Y-2.318 E0.0465
G1 F895.2 X-18.515 Y-1.613 E0.03791
G1 F1048.5 X-18.542 Y-.598 E0.0466
G1 F1260.9 X-18.57 Y0.417 E0.03875
G1 F1228.8 X-18.576 Y1.263 E0.03313
G1 F984.3 X-18.582 Y2.109 E0.04136
G0 F12000 X-18.526 Y3.405
G1 F559.2 X-18.505 Y3.657 E0.02176
G0 F12000 X-17.817 Y4.185
;TYPE:WALL-OUTER
G1 F964.6 X-17.979 Y3.467 E0.03672
G1 X-18.171 Y2.057 E0.07099
G1 X-18.232 Y0.421 E0.08168
G1 X-18.224 Y-.196 E0.03078
G1 X-18.116 Y-1.594 E0.06995
G1 X-18.104 Y-2.243 E0.03238
G1 X-17.969 Y-3.135 E0.04501
G1 X-17.761 Y-4.337 E0.06086
G1 X-19.057 Y-4.394 E0.06472
G1 X-18.987 Y-3.365 E0.05146
G1 X-18.96 Y-2.254 E0.05544
G1 X-18.903 Y-1.44 E0.04071
G1 X-18.879 Y-.157 E0.06402
G1 X-19.06 Y3.406 E0.17799
G1 X-19.057 Y4.232 E0.04121
G1 X-17.817 Y4.185 E0.06191
G0 F12000 X-17.979 Y3.467
G0 X-17.987 Y3.404
G1 F3600 E-1
G0 F12000 X18.747 Y-2.418
G1 F3600 E1
G1 F979.3 X18.412 Y-4.312 E0.09452
G1 F997 X18.845 Y-4.325 E0.02091
G1 F979.3 X18.747 Y-2.418 E0.09384
G0 F12000 X18.788 Y-3.216
G0 X18.747 Y-2.418
G1 F1034.4 X18.772 Y-2.14 E0.01299
G1 F1232.7 X18.792 Y-1.42 E0.02812
G1 F1543.3 X18.813 Y-.699 E0.02249
G1 F2063.3 X18.834 Y0.022 E0.01682
G1 X18.825 Y0.75 E0.01698
G1 F1549.5 X18.816 Y1.478 E0.02261
G1 F1240.6 X18.806 Y2.206 E0.02824
G0 F12000 X18.803 Y2.325
G1 F1051.3 X18.958 Y4.295 E0.09045
G1 X18.551 Y4.283 E0.01864
G1 X18.803 Y2.325 E0.09037
G0 F12000 X18.701 Y3.118
G1 F3600 E-1
;MESH:NONMESH
G0 F12000 X-18.524 Y-2.051
;TIME_ELAPSED:915.704951
;LAYER:87
;note -- min layer time used
;MESH:pi 3mm.stl
G0 X-18.524 Y-2.051 Z26.4
;TYPE:WALL-OUTER
G1 F3600 E1
G1 F467.8 X-18.699 Y-2.447 E0.0277
G1 F638.3 X-18.689 Y-2.85 E0.01891
G1 F555.6 X-18.698 Y-4.289 E0.07754
G1 F512.8 X-18.129 Y-4.262 E0.03325
G1 F545.5 X-18.237 Y-3.341 E0.05089
G1 F625 X-18.345 Y-2.42 E0.04441
G1 F467.8 X-18.524 Y-2.051 E0.02624
G0 F12000 X-18.345 Y-2.42
G0 X-18.3 Y-2.807
G1 F3600 E-1
G0 F12000 X-18.589 Y2.082
G1 F3600 E1
G1 F382.8 X-18.432 Y2.884 E0.06391
G1 F447.8 X-18.275 Y3.686 E0.05463
G1 F481.9 X-18.192 Y4.124 E0.02769
G1 F475.2 X-18.754 Y4.147 E0.03543
G1 F481.9 X-18.763 Y3.72 E0.02653
G1 F447.8 X-18.676 Y2.901 E0.05506
G1 F382.8 X-18.589 Y2.082 E0.06441
G0 F12000 X-18.673 Y2.877
G0 X-18.589 Y2.082
G1 F374.4 X-18.584 Y1.355 E0.05812
G1 F414.5 X-18.579 Y0.628 E0.0525
G1 F464.2 X-18.574 Y-0.099 E0.04688
G1 F457.1 X-18.547 Y-.957 E0.05621
G1 F398 X-18.519 Y-1.815 E0.06456
G1 F365.9 X-18.524 Y-2.051 E0.01931
G1 F3600 E-1
G0 F12000 X18.71 Y-4.357
G1 F3600 E1
G1 F923.1 X18.662 Y-4.329 E0.0018
G1 X18.662 Y-4.385 E0.00182
G1 X18.71 Y-4.357 E0.0018
G1 F3600 E-1
G0 F12000 X18.818 Y4.351
G1 F3600 E1
G1 F1165 X18.781 Y4.373 E0.00111
G1 X18.78 Y4.329 E0.00113
G1 X18.818 Y4.351 E0.00113
G1 F3600 E-1
;MESH:NONMESH
G0 F12000 X-18.416 Y-4.223
;TIME_ELAPSED:918.577796
;LAYER:88
;note -- min layer time used
;MESH:pi 3mm.stl
G0 X-18.416 Y-4.223 Z26.7
;TYPE:WALL-OUTER
G1 F3600 E1
G1 F449.4 X-18.442 Y-3.711 E0.03414
G1 F585.4 X-18.468 Y-3.199 E0.02622
G1 F839.2 X-18.495 Y-2.687 E0.01829
G1 F1481.5 X-18.521 Y-2.174 E0.01038
G1 F3600 E-1
G0 F12000 X-18.507 Y4.113
G1 F3600 E1
G1 F520.6 X-18.529 Y3.595 E0.02981
G1 F661.2 X-18.552 Y3.076 E0.02352
G1 F905.7 X-18.575 Y2.558 E0.01714
G1 F1437.1 X-18.598 Y2.039 E0.01082
G1 F2162.2 X-18.597 Y1.83 E0.00289
;TIME_ELAPSED:919.204186
G1 F3600 E-1
M82 ;absolute extrusion mode
M107
M104 S0
M140 S0
;Retract the filament
G92 E1
G1 E-1 F300
G28 X0 Y0
M84
M83 ;relative extrusion mode
M104 S0
;End of Gcode
;SETTING_3 {"global_quality": "[general]\\nversion = 4\\nname = pla\\ndefinition
;SETTING_3  = custom\\n\\n[metadata]\\ntype = quality_changes\\nquality_type = f
;SETTING_3 ast\\nsetting_version = 23\\n\\n[values]\\nacceleration_enabled = Fal
;SETTING_3 se\\nadhesion_type = none\\nbridge_settings_enabled = True\\nlayer_he
;SETTING_3 ight = 0.3\\nlayer_height_0 = 0.3\\nmaterial_bed_temperature = 50\\nm
;SETTING_3 inimum_polygon_circumference = 0.1\\nrelative_extrusion = True\\nretr
;SETTING_3 action_combing = all\\nspeed_slowdown_layers = 1\\nsupport_enable = F
;SETTING_3 alse\\nsupport_structure = tree\\nsupport_type = buildplate\\n\\n", "
;SETTING_3 extruder_quality": ["[general]\\nversion = 4\\nname = pla\\ndefinitio
;SETTING_3 n = custom\\n\\n[metadata]\\ntype = quality_changes\\nquality_type = 
;SETTING_3 fast\\nintent_category = default\\nposition = 0\\nsetting_version = 2
;SETTING_3 3\\n\\n[values]\\nacceleration_print = 600\\nacceleration_travel = 60
;SETTING_3 0\\nacceleration_travel_layer_0 = =acceleration_layer_0 * acceleratio
;SETTING_3 n_travel / acceleration_print\\nbottom_layers = 3\\nbridge_skin_mater
;SETTING_3 ial_flow = 75\\nbridge_wall_material_flow = 65\\nbrim_gap = 3\\ncool_
;SETTING_3 fan_speed = 100\\nfill_outline_gaps = True\\nhole_xy_offset = 0.075\\
;SETTING_3 ninfill_pattern = cubic\\ninfill_sparse_density = 10\\nline_width = 0
;SETTING_3 .4\\nmagic_fuzzy_skin_outside_only = True\\nmaterial_flow = 100.0\\nm
;SETTING_3 aterial_print_temperature = 205.0\\nmin_bead_width = 0.1\\nmin_infill
;SETTING_3 _area = 1\\nminimum_support_area = 1\\noptimize_wall_printing_order =
;SETTING_3  True\\nretract_at_layer_change = True\\nretraction_amount = 1.0\\nre
;SETTING_3 traction_combing_max_distance = 3\\nretraction_count_max = 25\\nretra
;SETTING_3 ction_extrusion_window = =retraction_amount\\nretraction_hop = 0\\nre
;SETTING_3 traction_hop_enabled = True\\nretraction_min_travel = =line_width * 2
;SETTING_3 \\nretraction_speed = 60\\nroofing_layer_count = 1\\nskirt_brim_speed
;SETTING_3  = 40\\nskirt_height = 1\\nskirt_line_count = 2\\nslicing_tolerance =
;SETTING_3  exclusive\\nspeed_infill = 160\\nspeed_layer_0 = 30\\nspeed_print = 
;SETTING_3 120\\nspeed_print_layer_0 = 30\\nspeed_roofing = 40\\nspeed_support =
;SETTING_3  100\\nspeed_topbottom = 40\\nspeed_travel = 200\\nspeed_travel_layer
;SETTING_3 _0 = 160\\nspeed_wall = 60\\nspeed_wall_0 = 20\\nspeed_wall_x = 50\\n
;SETTING_3 support_angle = 75.0\\nsupport_brim_line_count = 20\\nsupport_fan_ena
;SETTING_3 ble = True\\nsupport_infill_rate = 8\\nsupport_interface_density = 25
;SETTING_3 \\nsupport_offset = 1.0\\nsupport_top_distance = 0.28\\nsupport_tree_
;SETTING_3 angle = 60\\nsupport_tree_branch_diameter = 10\\nsupport_tree_max_dia
;SETTING_3 meter = 15\\nsupport_tree_top_rate = 20\\nsupport_z_distance = 0.15\\
;SETTING_3 ntop_bottom_thickness = 0.64\\ntop_layers = 4\\ntravel_avoid_other_pa
;SETTING_3 rts = False\\nwall_0_wipe_dist = 0.8\\nwall_line_count = 2\\nwall_thi
;SETTING_3 ckness = =wall_line_width_0 if magic_spiralize else 0.8\\nz_seam_corn
;SETTING_3 er = z_seam_corner_weighted\\nz_seam_position = frontright\\nzig_zagg
;SETTING_3 ify_infill = True\\nzig_zaggify_support = True\\n\\n"]}
