;FLAVOR:Marlin
;TIME:1401
;Filament used: 1.10265m
;Layer height: 0.13
;MINX:-39.945
;MINY:-4.918
;MINZ:0.43
;MAXX:39.943
;MAXY:4.896
;MAXZ:40.21
;TARGET_MACHINE.NAME:Unknown
;Generated with Cura_SteamEngine 5.8.1
M104 S205
M105
M109 S205
M82 ;absolute extrusion mode
G28 ; home


;Prime the extruder
G92 E0
G1 F200 E3
G92 E0
M83 ;relative extrusion mode
G1 F3600 E-1
;LAYER_COUNT:308
;LAYER:1
;note -- min layer time used
M106 S255
;MESH:bridge.stl
G0 F12000 X0.00 Y0.000 Z0.43
G0 X39.921 Y-4.896
;TYPE:WALL-OUTER
G1 F3600 E1
G1 F1310.7 X39.884 Y-4.874 E0.00048
G1 X39.883 Y-4.918 E0.00049
G1 X39.921 Y-4.896 E0.00049
G1 F3600 E-1
G0 F12000 X39.896 Y4.896
G1 F3600 E1
G1 F1677 X39.942 Y4.059 E0.00729
G1 F3600 E-1
G0 F12000 X-39.941 Y4.081
G1 F3600 E1
G1 F1677 X-39.896 Y4.896 E0.0071
G1 F3600 E-1
G0 F12000 X-39.871 Y-4.896
G1 F3600 E1
G1 F1310.7 X-39.908 Y-4.874 E0.00048
G1 X-39.909 Y-4.918 E0.00049
G1 X-39.871 Y-4.896 E0.00049
G1 F3600 E-1
;MESH:NONMESH
G0 F600 X-39.871 Y-4.896 Z0.56
G0 F12000 X-39.851 Y-4.851
;TIME_ELAPSED:3.024850
;LAYER:2
;note -- min layer time used
;TYPE:WALL-OUTER
;MESH:bridge.stl
G1 F3600 E1
G1 F1097.6 X-39.901 Y-3.952 E0.01197
G1 F3600 E-1
G0 F12000 X-39.851 Y4.851
G1 F3600 E1
G1 F1088.7 X-39.9 Y3.955 E0.01203
G1 F1741.9 X-39.937 Y3.062 E0.00749
G1 F3600 E-1
G0 F12000 X39.851 Y-4.851
G1 F3600 E1
G1 F1106.6 X39.9 Y-3.952 E0.01187
G1 F3600 E-1
G0 F12000 X39.851 Y4.851
G1 F3600 E1
G1 F1093.1 X39.901 Y3.955 E0.01198
G1 F1741.9 X39.942 Y2.995 E0.00805
G1 F3600 E-1
;MESH:NONMESH
G0 F600 X39.942 Y2.995 Z0.69
G0 F12000 X-39.807 Y-4.807
;TIME_ELAPSED:4.652981
;LAYER:3
;note -- min layer time used
;TYPE:WALL-OUTER
;MESH:bridge.stl
G1 F3600 E1
G1 F796.5 X-39.854 Y-3.957 E0.0156
G1 F1075.7 X-39.896 Y-3.003 E0.01295
G1 F1534.1 X-39.928 Y-2.003 E0.00952
G1 F3600 E-1
G0 F12000 X-39.808 Y4.808
G1 F3600 E1
G1 F796.5 X-39.856 Y3.96 E0.01556
G1 F1080 X-39.896 Y3.005 E0.01292
G1 F1666.7 X-39.945 Y1.154 E0.01621
G1 F3600 E-1
G0 F12000 X39.808 Y-4.808
G1 F3600 E1
G1 F803.6 X39.856 Y-3.956 E0.0155
G1 F1088.7 X39.896 Y-3.007 E0.01273
G1 F1500 X39.924 Y-2.155 E0.00829
G1 F2030.1 X39.943 Y-1.169 E0.00709
G1 F3600 E-1
G0 F12000 X39.928 Y2.005
G1 F3600 E1
G1 F1534.1 X39.896 Y3.005 E0.00952
G1 F1080 X39.854 Y3.96 E0.01292
G1 F796.5 X39.807 Y4.807 E0.01554
G1 F3600 E-1
;MESH:NONMESH
G0 F600 X39.807 Y4.807 Z0.82
G0 F12000 X-39.762 Y-4.762
;TIME_ELAPSED:6.647828
;LAYER:4
;note -- min layer time used
;TYPE:WALL-OUTER
;MESH:bridge.stl
G1 F3600 E1
G1 F623.6 X-39.799 Y-4.097 E0.01559
G1 X-39.806 Y-3.961 E0.00319
G1 F778.1 X-39.848 Y-3.006 E0.01793
G1 F992.6 X-39.88 Y-2.005 E0.01472
G1 F1227.3 X-39.9 Y-.997 E0.01199
G1 F1391.8 X-39.906 Y0.001 E0.01046
G1 F1384.6 X-39.9 Y1 E0.01053
G1 F1216.2 X-39.88 Y2.008 E0.0121
G1 F985.4 X-39.848 Y3.009 E0.01483
G1 F780.3 X-39.808 Y3.96 E0.0178
G1 F627.9 X-39.8 Y4.092 E0.00307
G1 X-39.762 Y4.762 E0.0156
G1 F3600 E-1
G0 F12000 X39.762 Y-4.762
G1 F3600 E1
G1 F626.5 X39.8 Y-4.092 E0.01563
G1 X39.807 Y-3.966 E0.00294
G1 F782.6 X39.848 Y-3.01 E0.01784
G1 F992.6 X39.88 Y-2.005 E0.01478
G1 F1227.3 X39.9 Y-1.001 E0.01194
G1 F1391.8 X39.906 Y0.001 E0.01051
G1 X39.9 Y1 E0.01047
G1 F1227.3 X39.88 Y2.008 E0.01199
G1 F992.6 X39.848 Y3.009 E0.01472
G1 F778.1 X39.805 Y3.965 E0.01795
G1 F623.6 X39.798 Y4.097 E0.00309
G1 X39.762 Y4.762 E0.01559
G1 F3600 E-1
;MESH:NONMESH
G0 F600 X39.762 Y4.762 Z0.95
G0 F12000 X-39.717 Y-4.717
;TIME_ELAPSED:8.925549
;LAYER:5
;note -- min layer time used
;TYPE:WALL-OUTER
;MESH:bridge.stl
G1 F3600 E1
G1 F515.3 X-39.727 Y-4.543 E0.00494
G1 X-39.759 Y-3.971 E0.01622
G1 F612.2 X-39.794 Y-3.161 E0.01932
G1 X-39.8 Y-3.009 E0.00363
G1 F733.7 X-39.832 Y-2.003 E0.02002
G1 F854.4 X-39.852 Y-.998 E0.01717
G1 F927.8 X-39.858 Y0.002 E0.01573
G1 F924.7 X-39.852 Y1.002 E0.01578
G1 F849.1 X-39.832 Y2.007 E0.01728
G1 F729.7 X-39.8 Y3.013 E0.02013
G1 F610.9 X-39.794 Y3.161 E0.00354
G1 X-39.76 Y3.964 E0.0192
G1 F514.3 X-39.727 Y4.539 E0.01634
G1 X-39.717 Y4.717 E0.00506
G1 F3600 E-1
G0 F12000 X39.717 Y-4.717
G1 F3600 E1
G1 F515.3 X39.727 Y-4.539 E0.00505
G1 X39.759 Y-3.971 E0.01611
G1 F612.2 X39.794 Y-3.161 E0.01932
G1 X39.8 Y-3.013 E0.00353
G1 F733.7 X39.832 Y-2.007 E0.02002
G1 F854.4 X39.852 Y-1.002 E0.01717
G1 F931 X39.858 Y0.002 E0.01574
G1 X39.852 Y1.002 E0.01567
G1 F854.4 X39.832 Y2.007 E0.01717
G1 F733.7 X39.8 Y3.013 E0.02002
G1 F613.6 X39.794 Y3.161 E0.00352
G1 X39.76 Y3.964 E0.01911
G1 F516.3 X39.727 Y4.543 E0.01639
G1 X39.717 Y4.717 E0.00493
G1 F3600 E-1
;MESH:NONMESH
G0 F600 X39.717 Y4.717 Z1.08
G0 F12000 X-39.672 Y-4.672
;TIME_ELAPSED:11.582703
;LAYER:6
;note -- min layer time used
;TYPE:WALL-OUTER
;MESH:bridge.stl
G1 F3600 E1
G1 F437.6 X-39.711 Y-3.977 E0.02321
G1 F503.7 X-39.728 Y-3.609 E0.01067
G1 X-39.754 Y-3.018 E0.01714
G1 F585.7 X-39.786 Y-2.01 E0.02513
G1 F668.3 X-39.787 Y-1.901 E0.00238
G1 X-39.81 Y0.002 E0.04156
G1 F697.7 X-39.804 Y1.003 E0.02094
G1 F656.9 X-39.788 Y1.901 E0.01995
G1 X-39.786 Y2.004 E0.00229
G1 F585.7 X-39.754 Y3.012 E0.02513
G1 F504.7 X-39.727 Y3.609 E0.01728
G1 X-39.711 Y3.969 E0.01042
G1 F437.6 X-39.672 Y4.672 E0.02348
G1 F3600 E-1
G0 F12000 X39.672 Y-4.672
G1 F3600 E1
G1 F437.6 X39.711 Y-3.977 E0.02321
G1 F504.7 X39.728 Y-3.609 E0.01065
G1 X39.754 Y-3.022 E0.01699
G1 F587 X39.786 Y-2.014 E0.02507
G1 F668.3 X39.787 Y-1.901 E0.00247
G1 X39.81 Y0.002 E0.04156
G1 F699.5 X39.804 Y1.003 E0.02088
G1 F658.5 X39.788 Y1.901 E0.0199
G1 X39.786 Y2.004 E0.00228
G1 F587 X39.754 Y3.012 E0.02507
G1 F504.7 X39.727 Y3.609 E0.01728
G1 X39.711 Y3.969 E0.01042
G1 F437.6 X39.672 Y4.672 E0.02348
G1 F3600 E-1
;MESH:NONMESH
G0 F600 X39.672 Y4.672 Z1.21
G0 F12000 X-39.628 Y-4.628
;TIME_ELAPSED:14.611293
;LAYER:7
;note -- min layer time used
;TYPE:WALL-OUTER
;MESH:bridge.stl
G1 F3600 E1
G1 F380.8 X-39.663 Y-3.981 E0.02483
G1 F427.9 X-39.705 Y-3.022 E0.03274
G1 F484.7 X-39.727 Y-2.349 E0.02027
G1 X-39.738 Y-2.013 E0.01012
G1 F538.9 X-39.762 Y-0.003 E0.05443
G1 F540 X-39.738 Y2.005 E0.05427
G1 F484.7 X-39.727 Y2.349 E0.01036
G1 X-39.706 Y3.015 E0.02006
G1 F429.3 X-39.665 Y3.972 E0.03256
G1 F382.4 X-39.628 Y4.628
G1 F3600 E-1
G0 F12000 X39.628 Y-4.628
G1 F3600 E1
G1 F381.9 X39.665 Y-3.982 E0.02473
G1 F428.6 X39.705 Y-3.025 E0.03261
G1 F484.7 X39.727 Y-2.349 E0.02036
G1 X39.738 Y-2.017 E0.01
G1 F540 X39.762 Y-0.003 E0.05443
G1 X39.738 Y2.005 E0.05427
G1 F485.6 X39.727 Y2.349 E0.01034
G1 X39.706 Y3.015 E0.02002
G1 F427.9 X39.663 Y3.974 E0.03274
G1 F380.8 X39.628 Y4.628
G1 F3600 E-1
;MESH:NONMESH
G0 F600 X39.628 Y4.628 Z1.34
G0 F12000 X-39.583 Y4.583
;TIME_ELAPSED:18.007811
;LAYER:8
;note -- min layer time used
;TYPE:WALL-OUTER
;MESH:bridge.stl
G1 F3600 E1
G1 F337.9 X-39.617 Y3.976 E0.02625
G1 F372.4 X-39.658 Y3.018 E0.03757
G1 F413.5 X-39.69 Y2.011 E0.03556
G1 F454.5 X-39.716 Y-0.005 E0.06473
G1 F453.8 X-39.69 Y-2.02 E0.0648
G1 F413.5 X-39.657 Y-3.026 E0.03552
G1 F371.4 X-39.615 Y-3.986 E0.03776
G1 F336.2 X-39.582 Y-4.582 E0.02591
G1 F3600 E-1
G0 F12000 X39.582 Y4.582
G1 F3600 E1
G1 F336.2 X39.615 Y3.978 E0.02625
G1 F371.4 X39.658 Y3.018 E0.03776
G1 F414.1 X39.69 Y2.011 E0.0355
G1 F454.5 X39.716 Y-0.005 E0.06473
G1 X39.69 Y-2.02 E0.0647
G1 F413.5 X39.657 Y-3.029 E0.03563
G1 F371.9 X39.617 Y-3.987 E0.03762
G1 F337.5 X39.583 Y-4.583 E0.02581
G1 F3600 E-1
;MESH:NONMESH
G0 F600 X39.583 Y-4.583 Z1.47
G0 F12000 X-39.307 Y4.744
;TIME_ELAPSED:21.761606
;LAYER:9
;note -- min layer time used
;TYPE:WALL-OUTER
;MESH:bridge.stl
G1 F3600 E1
G1 F1061.5 X-39.744 Y4.744 E0.01094
G1 F1124.6 X-39.77 Y3.383 E0.03215
G1 F1276.5 X-39.796 Y2.022 E0.02833
G1 F1420.4 X-39.809 Y0.004 E0.03774
G1 F1424.5 X-39.796 Y-2.014 E0.03763
G1 F1247.4 X-39.76 Y-3.98 E0.04187
G1 F1101.9 X-39.744 Y-4.744 E0.01842
G1 F1063.8 X-39.308 Y-4.744 E0.01089
G1 F1099.5 X-39.38 Y-3.972 E0.01873
G1 F1195.8 X-39.44 Y-3.015 E0.0213
G1 F1314.1 X-39.488 Y-2.014 E0.02026
G1 F1412.3 X-39.518 Y-1.004 E0.01901
G1 F1467.1 X-39.527 Y-0.003 E0.01812
G1 X-39.518 Y0.999 E0.01814
G1 F1412.3 X-39.488 Y2.008 E0.01899
G1 F1314.1 X-39.44 Y3.011 E0.0203
G1 F1195.8 X-39.379 Y3.965 E0.02124
G1 F1099.5 X-39.307 Y4.744 E0.0189
G0 F12000 X-39.379 Y3.965
G0 X-39.38 Y3.948
G1 F3600 E-1
G0 F12000 X39.744 Y4.744
G1 F3600 E1
G1 F1063.8 X39.308 Y4.744 E0.01089
G1 F1101.9 X39.379 Y3.972 E0.01869
G1 F1195.8 X39.439 Y3.015 E0.0213
G1 F1314.1 X39.488 Y2.014 E0.02026
G1 F1412.3 X39.518 Y1.004 E0.01901
G1 F1467.1 X39.527 Y0.003 E0.01812
G1 X39.518 Y-1.003 E0.01822
G1 F1412.3 X39.488 Y-2.008 E0.01891
G1 F1314.1 X39.44 Y-3.015 E0.02038
G1 F1198.7 X39.379 Y-3.965 E0.02109
G1 F1101.9 X39.308 Y-4.744 E0.01886
G1 F1063.8 X39.744 Y-4.744 E0.01089
G1 F1127.2 X39.77 Y-3.383 E0.03208
G1 F1279.9 X39.796 Y-2.022 E0.02825
G1 F1412.3 X39.806 Y-1.014 E0.01896
G1 F1454 X39.806 Y1 E0.03679
G1 F1350.2 X39.78 Y3.021 E0.03976
G1 F1153.7 X39.744 Y4.744 E0.03968
G0 F12000 X39.76 Y3.944
G1 F3600 E-1
;MESH:NONMESH
G0 F600 X39.76 Y3.944 Z1.6
G0 F12000 X-39.236 Y4.722
;TIME_ELAPSED:24.726740
;LAYER:10
;note -- min layer time used
;TYPE:WALL-OUTER
;MESH:bridge.stl
G1 F3600 E1
G1 F968.8 X-39.722 Y4.722 E0.01332
G1 F1040.6 X-39.757 Y3.033 E0.0431
G1 F1192.2 X-39.782 Y1.011 E0.04503
G1 F1272.5 X-39.782 Y-1.001 E0.04198
G1 F1192.2 X-39.757 Y-3.022 E0.04501
G1 F1040.6 X-39.72 Y-4.72 E0.04333
G1 F1006.5 X-39.248 Y-4.72 E0.01245
G1 F1081.9 X-39.37 Y-3.018 E0.04187
G1 F1163.9 X-39.416 Y-2.014 E0.02292
G1 F1240.3 X-39.446 Y-1.005 E0.02161
G1 F1282.4 X-39.455 Y-0.003 E0.02074
G1 X-39.446 Y0.999 E0.02074
G1 F1240.3 X-39.416 Y2.009 E0.02163
G1 F1163.9 X-39.371 Y3.011 E0.02288
G1 F1077.1 X-39.313 Y3.923 E0.02252
G1 F1000.4 X-39.236 Y4.722 E0.0213
G0 F12000 X-39.312 Y3.926
G1 F3600 E-1
G0 F12000 X-39.475 Y3.952
G0 X39.472 Y4.512
G0 X39.721 Y4.721
G1 F3600 E1
G1 F1002.4 X39.248 Y4.721 E0.01253
G1 F1081.9 X39.37 Y3.018 E0.04189
G1 F1163.9 X39.416 Y2.014 E0.02292
G1 F1240.3 X39.446 Y1.005 E0.02161
G1 F1282.4 X39.455 Y0.003 E0.02074
G1 X39.446 Y-1.003 E0.02083
G1 F1240.3 X39.416 Y-2.009 E0.02154
G1 F1166.7 X39.371 Y-3.015 E0.02291
G1 F1077.1 X39.313 Y-3.923 E0.02242
G1 F1000.4 X39.236 Y-4.722 E0.0213
G1 F968.8 X39.722 Y-4.722 E0.01332
G1 F1040.6 X39.757 Y-3.037 E0.04299
G1 F1192.2 X39.782 Y-1.015 E0.04503
G1 F1272.5 X39.782 Y1.001 E0.04206
G1 F1195.1 X39.757 Y3.022 E0.0449
G1 F1040.6 X39.721 Y4.721 E0.04335
G0 F12000 X39.737 Y3.921
G1 F3600 E-1
;MESH:NONMESH
G0 F600 X39.737 Y3.921 Z1.73
G0 F12000 X39.572 Y3.934
G0 X-39.471 Y4.512
G0 X-39.164 Y4.698
;TIME_ELAPSED:27.939033
;LAYER:11
;note -- min layer time used
;TYPE:WALL-OUTER
;MESH:bridge.stl
G1 F3600 E1
G1 F887.2 X-39.698 Y4.698 E0.01599
G1 F929.2 X-39.723 Y3.363 E0.03818
G1 F1028.3 X-39.749 Y2.028 E0.0345
G1 F1117.1 X-39.761 Y0.005 E0.04811
G1 X-39.749 Y-2.016 E0.04806
G1 F1050.3 X-39.733 Y-3.027 E0.02558
G1 F945.3 X-39.698 Y-4.698 E0.04697
G1 F887.2 X-39.164 Y-4.698 E0.01599
G1 F910.3 X-39.238 Y-3.925 E0.02266
G1 F973.3 X-39.298 Y-3.02 E0.02476
G1 F1048 X-39.347 Y-2.017 E0.02545
G1 F1107.1 X-39.374 Y-1.005 E0.02429
G1 F1140.5 X-39.383 Y-0.003 E0.02334
G1 X-39.374 Y0.999 E0.02334
G1 F1109.6 X-39.347 Y2.009 E0.02419
G1 F1050.3 X-39.299 Y3.014 E0.02545
G1 F971.4 X-39.235 Y3.97 E0.0262
G1 F910.3 X-39.164 Y4.698 E0.02135
G0 F12000 X-39.235 Y3.97
G0 X-39.239 Y3.902
G1 F3600 E-1
G0 F12000 X-39.475 Y3.926
G0 X39.374 Y4.512
G0 X39.698 Y4.698
G1 F3600 E1
G1 F887.2 X39.164 Y4.698 E0.01599
G1 F910.3 X39.238 Y3.925 E0.02266
G1 F971.4 X39.298 Y3.02 E0.0248
G1 F1050.3 X39.347 Y2.017 E0.0254
G1 F1109.6 X39.374 Y1.005 E0.02424
G1 F1140.5 X39.383 Y0.003 E0.02334
G1 X39.374 Y-1.003 E0.02344
G1 F1109.6 X39.347 Y-2.009 E0.0241
G1 F1050.3 X39.299 Y-3.018 E0.02555
G1 F971.4 X39.235 Y-3.97 E0.02609
G1 F910.3 X39.164 Y-4.698 E0.02135
G1 F887.2 X39.698 Y-4.698 E0.01599
G1 F945.3 X39.733 Y-3.043 E0.04652
G1 F1050.3 X39.749 Y-2.029 E0.02565
G1 F1117.1 X39.761 Y-0.005 E0.04813
G1 X39.749 Y2.016 E0.04806
G1 F1050.3 X39.733 Y3.027 E0.02558
G1 F947.1 X39.698 Y4.698 E0.04688
G0 F12000 X39.714 Y3.898
G1 F3600 E-1
;MESH:NONMESH
G0 F600 X39.714 Y3.898 Z1.86
G0 F12000 X39.479 Y3.903
G0 X-39.374 Y4.512
G0 X-39.092 Y4.675
;TIME_ELAPSED:31.390908
;LAYER:12
;note -- min layer time used
;TYPE:WALL-OUTER
;MESH:bridge.stl
G1 F3600 E1
G1 F817 X-39.675 Y4.675 E0.01894
G1 F865.9 X-39.709 Y3.045 E0.04996
G1 F949.7 X-39.725 Y2.053 E0.02772
G1 F1006.1 X-39.738 Y-0.041 E0.05523
G1 F1008.2 X-39.725 Y-2.014 E0.05193
G1 F953.4 X-39.709 Y-2.97 E0.02661
G1 F869 X-39.675 Y-4.675 E0.05208
G1 F843.6 X-39.105 Y-4.675 E0.01793
G1 F896 X-39.229 Y-2.963 E0.05084
G1 F951.5 X-39.275 Y-2.014 E0.0265
G1 F1000 X-39.302 Y-1.006 E0.02676
G1 F1027.2 X-39.314 Y-0.053 E0.02462
G1 X-39.302 Y1 E0.02721
G1 F1000 X-39.275 Y2.03 E0.02734
G1 F951.5 X-39.227 Y3.016 E0.02753
G1 F886.3 X-39.16 Y3.973 E0.02873
G1 F833.6 X-39.092 Y4.675 E0.02245
G0 F12000 X-39.16 Y3.973
G0 X-39.166 Y3.879
G1 F3600 E-1
G0 F12000 X-39.43 Y3.903
G0 X39.276 Y4.512
G0 X39.675 Y4.675
G1 F3600 E1
G1 F843.6 X39.105 Y4.675 E0.01793
G1 F896 X39.229 Y2.963 E0.05084
G1 F951.5 X39.274 Y2.014 E0.0265
G1 F997.9 X39.302 Y1.006 E0.02681
G1 F1027.2 X39.314 Y0.053 E0.02462
G1 X39.302 Y-1.004 E0.02731
G1 F1000 X39.275 Y-2.01 E0.02671
G1 F951.5 X39.226 Y-3.019 E0.02817
G1 F892.7 X39.105 Y-4.675 E0.04936
G1 F842.2 X39.675 Y-4.675 E0.01796
G1 F867.5 X39.709 Y-3.049 E0.04975
G1 F949.7 X39.725 Y-2.032 E0.02842
G1 F1006.1 X39.738 Y0.041 E0.05468
G1 F978.1 X39.71 Y2.97 E0.07947
G1 F867.5 X39.675 Y4.675 E0.05217
G0 F12000 X39.691 Y3.875
G1 F3600 E-1
;MESH:NONMESH
G0 F600 X39.691 Y3.875 Z1.99
G0 F12000 X39.425 Y3.875
G0 X-39.275 Y4.512
G0 X-39.02 Y4.652
;TIME_ELAPSED:35.056677
;LAYER:13
;note -- min layer time used
;TYPE:WALL-OUTER
;MESH:bridge.stl
G1 F3600 E1
G1 F760.2 X-39.652 Y4.652 E0.02207
G1 F798.5 X-39.683 Y3.047 E0.05336
G1 F880 X-39.71 Y1.079 E0.05936
G1 F926.5 X-39.71 Y-.946 E0.05801
G1 F883.2 X-39.683 Y-3.032 E0.06269
G1 F799.8 X-39.652 Y-4.652 E0.05377
G1 F778.2 X-39.031 Y-4.652 E0.02118
G1 F818.4 X-39.152 Y-3.026 E0.05287
G1 F867.6 X-39.203 Y-1.923 E0.03378
G1 F911.1 X-39.23 Y-.951 E0.02833
G1 F931.8 X-39.239 Y0.04 E0.02823
G1 X-39.23 Y1.06 E0.02905
G1 F909.4 X-39.2 Y2.009 E0.02771
G1 F867.6 X-39.152 Y3.017 E0.03087
G1 F813 X-39.088 Y3.974 E0.03131
G1 F772.1 X-39.02 Y4.652 E0.02342
G0 F12000 X-39.088 Y3.974
G0 X-39.095 Y3.856
G1 F3600 E-1
G0 F12000 X-39.334 Y3.877
G0 X39.177 Y4.512
G0 X39.652 Y4.652
G1 F3600 E1
G1 F778.2 X39.032 Y4.652 E0.02114
G1 F819.8 X39.151 Y3.026 E0.05278
G1 F867.6 X39.202 Y1.923 E0.03378
G1 F909.4 X39.23 Y0.951 E0.02838
G1 F931.8 X39.239 Y-0.04 E0.02823
G1 X39.23 Y-1.064 E0.02917
G1 F909.4 X39.2 Y-2.013 E0.02771
G1 F867.6 X39.151 Y-3.021 E0.03087
G1 F813 X39.088 Y-3.974 E0.03118
G1 F772.1 X39.02 Y-4.652 E0.02342
G1 F760.2 X39.652 Y-4.652 E0.02207
G1 F799.8 X39.684 Y-3.052 E0.05311
G1 F883.2 X39.71 Y-1.083 E0.05917
G1 F926.5 X39.71 Y0.946 E0.05812
G1 F883.2 X39.684 Y3.032 E0.06269
G1 F798.5 X39.652 Y4.652 E0.05386
G0 F12000 X39.667 Y3.852
G1 F3600 E-1
;MESH:NONMESH
G0 F600 X39.667 Y3.852 Z2.12
G0 F12000 X39.425 Y3.852
G0 X39.505 Y-4.118
G0 X-39.177 Y-4.512
G0 X-39.318 Y-4.118
;TIME_ELAPSED:39.056390
;LAYER:14
;note -- min layer time used
;TYPE:WALL-INNER
;MESH:bridge.stl
G1 F3600 E1
G1 F1224.8 X-39.308 Y-4.308 E0.00487
G1 F3600 E-1
G0 F12000 X-39.336 Y-1.29
G0 X-39.319 Y4.11
G1 F3600 E1
G1 F1217.1 X-39.307 Y4.307 E0.00509
G1 F3600 E-1
G0 F12000 X-38.809 Y4.75
;TYPE:WALL-OUTER
G1 F3600 E1
G1 F1290.1 X-38.89 Y4.059 E0.01692
G1 F1044.2 X-39.037 Y3.635 E0.01349
G1 F897.3 X-39.077 Y3.018 E0.02162
G1 F942.5 X-39.125 Y2.009 E0.03363
G1 F984 X-39.155 Y1.001 E0.03216
G1 F1007.9 X-39.167 Y-0.005 E0.03132
G1 X-39.155 Y-1.009 E0.03126
G1 F984 X-39.125 Y-2.017 E0.03216
G1 F942.5 X-39.076 Y-3.027 E0.03367
G1 F898.7 X-39.036 Y-3.642 E0.02152
G1 F1046.1 X-38.89 Y-4.07 E0.01356
G1 F1290.1 X-38.812 Y-4.75 E0.01665
G1 X-39.75 Y-4.75 E0.02281
G1 X-39.749 Y-4.118 E0.01537
G1 F1046.1 X-39.644 Y-3.669 E0.01383
G1 F921.5 X-39.675 Y-2.02 E0.05616
G1 F990.7 X-39.689 Y0.009 E0.06426
G1 F1007.9 X-39.685 Y1.019 E0.03144
G1 F966 X-39.665 Y2.34 E0.04291
G1 F904.3 X-39.645 Y3.661 E0.04584
G1 F1044.2 X-39.75 Y4.11 E0.01386
G1 F1290.1 X-39.75 Y4.75 E0.01557
G1 X-38.809 Y4.75 E0.02289
G0 F12000 X-38.89 Y4.059
G0 X-38.924 Y3.961
G1 F3600 E-1
G0 F12000 X-39.225 Y3.988
G0 X39.079 Y4.512
G0 X39.308 Y4.308
;TYPE:WALL-INNER
G1 F3600 E1
G1 F1224.8 X39.318 Y4.134 E0.00446
G1 F3600 E-1
G0 F12000 X39.34 Y1.215
G0 X39.317 Y-4.135
G1 F3600 E1
G1 F1219.7 X39.307 Y-4.307 E0.00443
G1 F3600 E-1
G0 F12000 X39.357 Y1.014
G0 X39.139 Y4.459
G0 X38.813 Y4.75
;TYPE:WALL-OUTER
G1 F3600 E1
G1 F1290.1 X39.75 Y4.75 E0.02279
G1 X39.75 Y4.134 E0.01498
G1 F1046.1 X39.645 Y3.684 E0.01386
G1 F921.5 X39.675 Y2.02 E0.05667
G1 F990.7 X39.689 Y-0.009 E0.06426
G1 X39.675 Y-2.038 E0.06426
G1 F920.1 X39.645 Y-3.686 E0.05621
G1 F1044.2 X39.75 Y-4.135 E0.01386
G1 F1290.1 X39.75 Y-4.75 E0.01496
G1 X38.81 Y-4.75 E0.02286
G1 X38.887 Y-4.084 E0.01631
G1 F1044.2 X39.034 Y-3.66 E0.01349
G1 F897.3 X39.076 Y-3.022 E0.02236
G1 F942.5 X39.125 Y-2.013 E0.03363
G1 F984 X39.155 Y-1.005 E0.03216
G1 F1007.9 X39.167 Y0.005 E0.03145
G1 X39.155 Y1.009 E0.03126
G1 F984 X39.124 Y2.017 E0.03216
G1 F940.9 X39.076 Y3.027 E0.03372
G1 F898.7 X39.036 Y3.657 E0.02204
G1 F1046.1 X38.889 Y4.086 E0.0136
G1 F1290.1 X38.813 Y4.75 E0.01625
G0 F12000 X39.613 Y4.75
G1 F3600 E-1
;MESH:NONMESH
G0 F600 X39.613 Y4.75 Z2.25
G0 F12000 X39.455 Y4.455
G0 X39.231 Y3.038
G0 X-39.079 Y-4.512
G0 X-39.26 Y-4.26
;TIME_ELAPSED:43.248923
;LAYER:15
;note -- min layer time used
;TYPE:WALL-INNER
;MESH:bridge.stl
G1 F3600 E1
G1 F1455.4 X-39.317 Y-3.056 E0.03407
G1 F1762 X-39.351 Y-2.04 E0.02374
G1 F2024.4 X-39.372 Y-1.021 E0.02071
G1 F2174.8 X-39.378 Y-0.007 E0.01918
G1 X-39.372 Y1.004 E0.01913
G1 F2019 X-39.352 Y2.022 E0.02075
G1 F1762 X-39.317 Y3.042 E0.02383
G1 F1458.2 X-39.262 Y4.262 E0.03445
G1 F3600 E-1
G0 F12000 X-38.713 Y4.75
;TYPE:WALL-OUTER
G1 F3600 E1
G1 F1691.5 X-38.805 Y3.966 E0.0192
G1 X-38.886 Y3.013 E0.02326
G1 X-38.954 Y2.007 E0.02452
G1 X-38.994 Y1 E0.02451
G1 X-39.006 Y-0.003 E0.0244
G1 X-38.994 Y-1.006 E0.0244
G1 X-38.954 Y-2.013 E0.02451
G1 X-38.885 Y-3.018 E0.0245
G1 X-38.801 Y-3.973 E0.02332
G1 X-38.713 Y-4.749 E0.01899
G1 X-39.749 Y-4.749 E0.0252
G1 X-39.75 Y4.75 E0.23103
G1 X-38.713 Y4.75 E0.02522
G0 F12000 X-38.805 Y3.966
G0 X-38.805 Y3.956
G1 F3600 E-1
G0 F12000 X-39.127 Y3.985
G0 X38.98 Y4.512
G0 X39.26 Y4.26
;TYPE:WALL-INNER
G1 F3600 E1
G1 F1455.4 X39.317 Y3.042 E0.03447
G1 F1766.1 X39.352 Y2.022 E0.02377
G1 F2024.4 X39.372 Y1.004 E0.02069
G1 F2174.8 X39.378 Y-0.007 E0.01913
G1 X39.372 Y-1.025 E0.01926
G1 F2019 X39.351 Y-2.044 E0.02077
G1 F1762 X39.317 Y-3.058 E0.02369
G1 F1461 X39.262 Y-4.262 E0.03394
G1 F3600 E-1
G0 F12000 X39.258 Y1.014
G0 X39.04 Y4.459
G0 X38.712 Y4.75
;TYPE:WALL-OUTER
G1 F3600 E1
G1 F1691.5 X39.75 Y4.75 E0.02525
G1 X39.75 Y-4.75 E0.23105
G1 X38.714 Y-4.75 E0.0252
G1 X38.806 Y-3.966 E0.0192
G1 X38.886 Y-3.017 E0.02316
G1 X38.954 Y-2.011 E0.02452
G1 X38.994 Y-1.004 E0.02451
G1 X39.006 Y0.003 E0.02449
G1 X38.994 Y1.006 E0.0244
G1 X38.954 Y2.013 E0.02451
G1 X38.886 Y3.018 E0.0245
G1 X38.801 Y3.973 E0.02332
G1 X38.712 Y4.75 E0.01902
G0 F12000 X39.512 Y4.75
G1 F3600 E-1
;MESH:NONMESH
G0 F600 X39.512 Y4.75 Z2.38
G0 F12000 X39.512 Y4.425
G0 X39.132 Y3.038
G0 X-38.98 Y-4.512
G0 X-39.214 Y-4.214
;TIME_ELAPSED:46.732807
;LAYER:16
;note -- min layer time used
;TYPE:WALL-INNER
;MESH:bridge.stl
G1 F3600 E1
G1 F1235.3 X-39.268 Y-3.064 E0.03845
G1 F1443.1 X-39.301 Y-2.041 E0.02926
G1 F1600.4 X-39.322 Y-1.023 E0.02625
G1 F1692.7 X-39.328 Y-0.008 E0.02474
G1 F1696.5 X-39.322 Y1.004 E0.02461
G1 F1600.4 X-39.302 Y2.024 E0.0263
G1 F1440.4 X-39.269 Y3.043 E0.0292
G1 F1237.3 X-39.215 Y4.215 E0.03912
G1 F3600 E-1
G0 F12000 X-38.613 Y4.75
;TYPE:WALL-OUTER
G1 F3600 E1
G1 F1696.5 X-38.706 Y3.966 E0.0192
G1 X-38.79 Y3.013 E0.02327
G1 X-38.854 Y2.007 E0.02452
G1 X-38.894 Y0.999 E0.02454
G1 X-38.906 Y-0.003 E0.02437
G1 X-38.894 Y-1.006 E0.0244
G1 X-38.854 Y-2.013 E0.02451
G1 X-38.789 Y-3.02 E0.02454
G1 X-38.701 Y-3.972 E0.02325
G1 X-38.615 Y-4.75 E0.01904
G1 X-39.75 Y-4.75 E0.0276
G1 X-39.75 Y4.75 E0.23105
G1 X-38.613 Y4.75 E0.02765
G0 F12000 X-38.706 Y3.966
G0 X-38.706 Y3.956
G1 F3600 E-1
G0 F12000 X-39.028 Y3.985
G0 X38.882 Y4.512
G0 X39.214 Y4.214
;TYPE:WALL-INNER
G1 F3600 E1
G1 F1237.3 X39.269 Y3.043 E0.03909
G1 F1443.1 X39.302 Y2.024 E0.02915
G1 F1603.8 X39.322 Y1.004 E0.02625
G1 F1696.5 X39.328 Y-0.008 E0.02461
G1 X39.322 Y-1.027 E0.02478
G1 F1600.4 X39.301 Y-2.045 E0.02625
G1 F1440.4 X39.269 Y-3.065 E0.02923
G1 F1239.3 X39.215 Y-4.215 E0.03833
G1 F3600 E-1
G0 F12000 X39.129 Y1.403
G0 X38.942 Y4.459
G0 X38.616 Y4.75
;TYPE:WALL-OUTER
G1 F3600 E1
G1 F1696.5 X39.75 Y4.75 E0.02758
G1 X39.75 Y-4.75 E0.23105
G1 X38.614 Y-4.75 E0.02763
G1 X38.705 Y-3.967 E0.01917
G1 X38.79 Y-3.017 E0.0232
G1 X38.854 Y-2.011 E0.02452
G1 X38.894 Y-1.003 E0.02454
G1 X38.906 Y0.003 E0.02447
G1 X38.894 Y1.006 E0.0244
G1 X38.854 Y2.013 E0.02451
G1 X38.789 Y3.02 E0.02454
G1 X38.701 Y3.972 E0.02325
G1 X38.616 Y4.75 E0.01903
G0 F12000 X39.416 Y4.75
G1 F3600 E-1
;MESH:NONMESH
G0 F600 X39.416 Y4.75 Z2.51
G0 F12000 X39.416 Y4.425
G0 X-38.881 Y4.512
G0 X-39.168 Y4.168
;TIME_ELAPSED:50.324392
;LAYER:17
;note -- min layer time used
;TYPE:WALL-INNER
;MESH:bridge.stl
G1 F3600 E1
G1 F1092.4 X-39.219 Y3.046 E0.04334
G1 F1238 X-39.252 Y2.026 E0.03475
G1 F1351.8 X-39.272 Y1.005 E0.03185
G1 F1418.1 X-39.278 Y-0.009 E0.03014
G1 F1415.5 X-39.272 Y-1.025 E0.03026
G1 F1349.4 X-39.251 Y-2.044 E0.03184
G1 F1238 X-39.218 Y-3.065 E0.03478
G1 F1093.9 X-39.168 Y-4.168 E0.04255
G1 F3600 E-1
G0 F12000 X-39.035 Y1.408
G0 X-38.842 Y4.459
G0 X-38.513 Y4.75
;TYPE:WALL-OUTER
G1 F3600 E1
G1 F1733.2 X-38.606 Y3.967 E0.01918
G1 X-38.69 Y3.013 E0.02329
G1 X-38.754 Y2.007 E0.02452
G1 X-38.794 Y1 E0.02451
G1 X-38.806 Y-0.004 E0.02442
G1 X-38.794 Y-1.006 E0.02437
G1 X-38.754 Y-2.013 E0.02451
G1 X-38.69 Y-3.019 E0.02452
G1 X-38.605 Y-3.974 E0.02332
G1 X-38.514 Y-4.75 E0.019
G1 X-39.75 Y-4.75 E0.03006
G1 X-39.75 Y4.75 E0.23105
G1 X-38.513 Y4.75 E0.03009
G0 F12000 X-38.606 Y3.967
G0 X-38.606 Y3.957
G1 F3600 E-1
G0 F12000 X-38.929 Y3.986
G0 X38.783 Y4.512
G0 X39.168 Y4.168
;TYPE:WALL-INNER
G1 F3600 E1
G1 F1093.9 X39.219 Y3.046 E0.04328
G1 F1240 X39.252 Y2.026 E0.03469
G1 F1354.1 X39.272 Y1.005 E0.03179
G1 F1418.1 X39.278 Y-0.009 E0.03014
G1 X39.272 Y-1.029 E0.03032
G1 F1351.8 X39.251 Y-2.048 E0.03178
G1 F1236.1 X39.218 Y-3.069 E0.03484
G1 F1092.4 X39.168 Y-4.168 E0.04245
G1 F3600 E-1
G0 F12000 X39.035 Y1.408
G0 X38.843 Y4.459
G0 X38.517 Y4.75
;TYPE:WALL-OUTER
G1 F3600 E1
G1 F1733.2 X39.75 Y4.75 E0.02999
G1 X39.75 Y-4.75 E0.23105
G1 X38.514 Y-4.75 E0.03006
G1 X38.605 Y-3.967 E0.01917
G1 X38.69 Y-3.017 E0.0232
G1 X38.754 Y-2.011 E0.02452
G1 X38.794 Y-1.004 E0.02451
G1 X38.806 Y0.004 E0.02452
G1 X38.794 Y1.006 E0.02437
G1 X38.754 Y2.013 E0.02451
G1 X38.689 Y3.019 E0.02452
G1 X38.605 Y3.973 E0.02329
G1 X38.517 Y4.75 E0.01902
G0 F12000 X39.317 Y4.75
G1 F3600 E-1
;MESH:NONMESH
G0 F600 X39.317 Y4.75 Z2.64
G0 F12000 X39.317 Y4.425
G0 X38.935 Y3.038
G0 X-38.782 Y-4.512
G0 X-39.121 Y-4.121
;TIME_ELAPSED:54.098972
;LAYER:18
;note -- min layer time used
;TYPE:WALL-INNER
;MESH:bridge.stl
G1 F3600 E1
G1 F948 X-39.168 Y-3.069 E0.0461
G1 F1054.7 X-39.203 Y-2.05 E0.04012
G1 F1151.2 X-39.23 Y-0.012 E0.07348
G1 X-39.204 Y2.025 E0.07344
G1 F1054.7 X-39.169 Y3.052 E0.04043
G1 F949.1 X-39.123 Y4.123 E0.04687
G1 F3600 E-1
G0 F12000 X-38.418 Y4.75
;TYPE:WALL-OUTER
G1 F3600 E1
G1 F1706.3 X-38.51 Y3.965 E0.01922
G1 X-38.59 Y3.013 E0.02324
G1 X-38.658 Y2.006 E0.02455
G1 X-38.694 Y1 E0.02448
G1 X-38.71 Y-0.004 E0.02442
G1 X-38.694 Y-1.005 E0.02435
G1 X-38.658 Y-2.013 E0.02453
G1 X-38.59 Y-3.018 E0.0245
G1 X-38.505 Y-3.973 E0.02332
G1 X-38.417 Y-4.75 E0.01902
G1 X-39.75 Y-4.75 E0.03242
G1 X-39.75 Y4.75 E0.23105
G1 X-38.418 Y4.75 E0.0324
G0 F12000 X-38.51 Y3.965
G0 X-38.51 Y3.956
G1 F3600 E-1
G0 F12000 X-38.832 Y3.984
G0 X38.685 Y4.512
G0 X39.121 Y4.121
;TYPE:WALL-INNER
G1 F3600 E1
G1 F948 X39.169 Y3.052 E0.04685
G1 F1056.2 X39.204 Y2.025 E0.04038
G1 F1152.9 X39.23 Y-0.012 E0.07333
G1 F1151.2 X39.203 Y-2.054 E0.07362
G1 F1054.7 X39.169 Y-3.07 E0.04
G1 F950.3 X39.123 Y-4.123 E0.04603
G1 F3600 E-1
G0 F12000 X38.907 Y1.679
G0 X38.745 Y4.459
G0 X38.417 Y4.75
;TYPE:WALL-OUTER
G1 F3600 E1
G1 F1706.3 X39.75 Y4.75 E0.03242
G1 X39.75 Y-4.75 E0.23105
G1 X38.418 Y-4.75 E0.0324
G1 X38.509 Y-3.966 E0.0192
G1 X38.59 Y-3.017 E0.02317
G1 X38.658 Y-2.01 E0.02455
G1 X38.694 Y-1.004 E0.02448
G1 X38.71 Y0.004 E0.02452
G1 X38.694 Y1.005 E0.02435
G1 X38.658 Y2.013 E0.02453
G1 X38.589 Y3.018 E0.0245
G1 X38.505 Y3.973 E0.02332
G1 X38.417 Y4.75 E0.01902
G0 F12000 X39.217 Y4.75
G1 F3600 E-1
;MESH:NONMESH
G0 F600 X39.217 Y4.75 Z2.77
G0 F12000 X39.217 Y4.425
G0 X-38.684 Y4.512
G0 X-38.824 Y4.312
;TIME_ELAPSED:57.938470
;LAYER:19
;note -- min layer time used
;TYPE:WALL-INNER
;MESH:bridge.stl
G1 F3600 E1
G1 F2289.4 X-38.907 Y3.039 E0.03034
G1 F2439 X-38.956 Y2.023 E0.02271
G1 F2609.6 X-38.986 Y1.004 E0.02127
G1 F2700.6 X-38.995 Y-0.008 E0.0204
G1 F2693.4 X-38.986 Y-1.022 E0.0205
G1 F2602.9 X-38.955 Y-2.038 E0.02126
G1 F2433.1 X-38.906 Y-3.058 E0.02285
G1 F2279 X-38.82 Y-4.312 E0.03003
G1 F2170.9 X-39.312 Y-4.312 E0.01234
G1 F2228.6 X-39.336 Y-3.052 E0.03079
G1 F2505.8 X-39.362 Y-1.006 E0.04446
G1 F2671.9 X-39.362 Y1.029 E0.04147
G1 F2493.4 X-39.335 Y3.074 E0.04466
G1 F2228.6 X-39.312 Y4.312 E0.03025
G1 F2180.3 X-38.824 Y4.312 E0.01219
G1 F3600 E-1
G0 F12000 X-38.318 Y4.749
;TYPE:WALL-OUTER
G1 F3600 E1
G1 F2238.5 X-38.409 Y3.966 E0.01917
G1 X-38.494 Y3.012 E0.02329
G1 X-38.558 Y2.007 E0.02449
G1 X-38.598 Y1 E0.02451
G1 X-38.61 Y-0.004 E0.02442
G1 X-38.598 Y-1.006 E0.02437
G1 X-38.558 Y-2.012 E0.02449
G1 X-38.493 Y-3.02 E0.02457
G1 X-38.403 Y-3.997 E0.02386
G1 X-38.317 Y-4.75 E0.01843
G1 X-39.75 Y-4.75 E0.03485
G1 X-39.749 Y4.749 E0.23103
G1 X-38.318 Y4.749 E0.0348
G0 F12000 X-38.409 Y3.966
G0 X-38.41 Y3.955
G1 F3600 E-1
G0 F12000 X-38.732 Y3.984
G0 X38.586 Y4.512
G0 X39.312 Y4.312
;TYPE:WALL-INNER
G1 F3600 E1
G1 F2310.4 X39.352 Y2.03 E0.05378
G1 F2630.1 X39.365 Y-0.01 E0.04223
G1 F2623.2 X39.352 Y-2.054 E0.04242
G1 F2310.4 X39.313 Y-4.313 E0.05324
G1 F2170.9 X38.824 Y-4.313 E0.01226
G1 F2289.4 X38.907 Y-3.043 E0.03027
G1 F2444.9 X38.956 Y-2.027 E0.02265
G1 F2609.6 X38.986 Y-1.008 E0.02127
G1 F2700.6 X38.995 Y0.008 E0.02048
G1 X38.986 Y1.022 E0.02044
G1 F2609.6 X38.955 Y2.038 E0.02121
G1 F2433.1 X38.906 Y3.058 E0.02285
G1 F2279 X38.82 Y4.312 E0.03003
G1 F2170.9 X39.312 Y4.312 E0.01234
G1 F3600 E-1
G0 F12000 X38.32 Y4.75
;TYPE:WALL-OUTER
G1 F3600 E1
G1 F2238.5 X39.75 Y4.75 E0.03478
G1 X39.75 Y-4.75 E0.23105
G1 X38.317 Y-4.75 E0.03485
G1 X38.409 Y-3.967 E0.01917
G1 X38.494 Y-3.016 E0.02322
G1 X38.558 Y-2.011 E0.02449
G1 X38.598 Y-1.004 E0.02451
G1 X38.61 Y0.004 E0.02452
G1 X38.598 Y1.006 E0.02437
G1 X38.558 Y2.012 E0.02449
G1 X38.493 Y3.02 E0.02457
G1 X38.402 Y3.999 E0.02391
G1 X38.32 Y4.75 E0.01837
G0 F12000 X39.12 Y4.75
G1 F3600 E-1
;MESH:NONMESH
G0 F600 X39.12 Y4.75 Z2.9
G0 F12000 X39.12 Y4.425
G0 X-38.585 Y4.512
G0 X-38.753 Y4.29
;TIME_ELAPSED:61.354248
;LAYER:20
;note -- min layer time used
;TYPE:WALL-INNER
;MESH:bridge.stl
G1 F3600 E1
G1 F2065.5 X-38.832 Y3.04 E0.03317
G1 F2185.9 X-38.881 Y2.024 E0.02545
G1 F2321.3 X-38.911 Y1.005 E0.02402
G1 F2392.6 X-38.92 Y-0.008 E0.02316
G1 F2387 X-38.911 Y-1.023 E0.02326
G1 F2316 X-38.88 Y-2.039 E0.02401
G1 F2181.2 X-38.832 Y-3.057 E0.02556
G1 F2065.5 X-38.748 Y-4.289 E0.0327
G1 F1984.5 X-39.289 Y-4.289 E0.01491
G1 F2091.1 X-39.327 Y-2.032 E0.05905
G1 F2332 X-39.34 Y0.01 E0.0479
G1 X-39.327 Y2.053 E0.04792
G1 F2086.8 X-39.29 Y4.29 E0.05865
G1 F1976.7 X-38.753 Y4.29 E0.01486
G1 F3600 E-1
G0 F12000 X-38.217 Y4.75
;TYPE:WALL-OUTER
G1 F3600 E1
G1 F2249.1 X-38.317 Y3.902 E0.02077
G1 X-38.394 Y3.012 E0.02173
G1 X-38.458 Y2.007 E0.02449
G1 X-38.498 Y1 E0.02451
G1 X-38.51 Y-0.003 E0.0244
G1 X-38.498 Y-1.006 E0.0244
G1 X-38.458 Y-2.012 E0.02449
G1 X-38.393 Y-3.019 E0.02454
G1 X-38.309 Y-3.974 E0.02332
G1 X-38.218 Y-4.749 E0.01898
G1 X-39.749 Y-4.749 E0.03724
G1 X-39.75 Y4.75 E0.23103
G1 X-38.217 Y4.75 E0.03728
G0 F12000 X-38.31 Y3.956
G1 F3600 E-1
G0 F12000 X-38.635 Y3.984
G0 X38.485 Y4.512
G0 X39.289 Y4.289
;TYPE:WALL-INNER
G1 F3600 E1
G1 F2091.1 X39.327 Y2.032 E0.05905
G1 F2337.4 X39.34 Y-0.01 E0.04779
G1 F2332 X39.327 Y-2.057 E0.04802
G1 F2091.1 X39.29 Y-4.29 E0.05842
G1 F1984.5 X38.752 Y-4.29 E0.01483
G1 F2065.5 X38.832 Y-3.06 E0.03264
G1 F2185.9 X38.881 Y-2.028 E0.02585
G1 F2321.3 X38.911 Y-1.009 E0.02402
G1 F2392.6 X38.92 Y0.008 E0.02325
G1 X38.911 Y1.023 E0.02321
G1 F2321.3 X38.88 Y2.039 E0.02395
G1 F2181.2 X38.832 Y3.057 E0.02556
G1 F2065.5 X38.75 Y4.288 E0.03267
G1 F1976.7 X39.289 Y4.289 E0.01492
G1 F3600 E-1
G0 F12000 X38.218 Y4.749
;TYPE:WALL-OUTER
G1 F3600 E1
G1 F2249.1 X39.75 Y4.75 E0.03726
G1 X39.75 Y-4.75 E0.23105
G1 X38.218 Y-4.75 E0.03726
G1 X38.317 Y-3.902 E0.02076
G1 X38.394 Y-3.016 E0.02163
G1 X38.458 Y-2.011 E0.02449
G1 X38.498 Y-1.004 E0.02451
G1 X38.51 Y0.003 E0.02449
G1 X38.498 Y1.006 E0.0244
G1 X38.458 Y2.012 E0.02449
G1 X38.393 Y3.019 E0.02454
G1 X38.309 Y3.974 E0.02332
G1 X38.218 Y4.749 E0.01898
G0 F12000 X39.018 Y4.749
G1 F3600 E-1
;MESH:NONMESH
G0 F600 X39.018 Y4.749 Z3.03
G0 F12000 X39.018 Y4.425
G0 X-38.486 Y4.512
G0 X-38.679 Y4.266
;TIME_ELAPSED:64.874808
;LAYER:21
;note -- min layer time used
;TYPE:WALL-INNER
;MESH:bridge.stl
G1 F3600 E1
G1 F1895.9 X-38.757 Y3.045 E0.03558
G1 F1992.1 X-38.809 Y2.022 E0.02835
G1 F2098.7 X-38.836 Y1.008 E0.02664
G1 F2161 X-38.848 Y-0.012 E0.02602
G1 X-38.836 Y-1.021 E0.02574
G1 F2098.7 X-38.808 Y-2.044 E0.02688
G1 F1992.1 X-38.757 Y-3.059 E0.02812
G1 F1888.8 X-38.678 Y-4.266 E0.0353
G1 F1824.6 X-39.266 Y-4.266 E0.01777
G1 F1917.2 X-39.303 Y-2.03 E0.0643
G1 F2116.1 X-39.316 Y0.015 E0.05328
G1 X-39.303 Y2.06 E0.05328
G1 F1917.2 X-39.266 Y4.266 E0.06344
G1 F1827.9 X-38.679 Y4.266 E0.0177
G1 F3600 E-1
G0 F12000 X-38.115 Y4.75
;TYPE:WALL-OUTER
G1 F3600 E1
G1 F2266.6 X-38.214 Y3.966 E0.01922
G1 X-38.294 Y3.013 E0.02326
G1 X-38.362 Y2.005 E0.02457
G1 X-38.398 Y1.001 E0.02443
G1 X-38.414 Y-0.005 E0.02447
G1 X-38.398 Y-1.005 E0.02432
G1 X-38.362 Y-2.013 E0.02453
G1 X-38.293 Y-3.018 E0.0245
G1 X-38.213 Y-3.934 E0.02236
G1 X-38.117 Y-4.75 E0.01998
G1 X-39.75 Y-4.75 E0.03972
G1 X-39.75 Y4.75 E0.23105
G1 X-38.115 Y4.75 E0.03977
G0 F12000 X-38.214 Y3.966
G0 X-38.214 Y3.957
G1 F3600 E-1
G0 F12000 X-39.006 Y3.958
G0 X38.385 Y4.512
G0 X39.266 Y4.266
;TYPE:WALL-INNER
G1 F3600 E1
G1 F1917.2 X39.303 Y2.03 E0.0643
G1 F2120.5 X39.316 Y-0.015 E0.05316
G1 F2116.1 X39.303 Y-2.064 E0.05338
G1 F1917.2 X39.266 Y-4.266 E0.06332
G1 F1827.9 X38.679 Y-4.266 E0.0177
G1 F1895.9 X38.757 Y-3.049 E0.03546
G1 F1992.1 X38.809 Y-2.026 E0.02835
G1 F2103 X38.836 Y-1.012 E0.02659
G1 F2161 X38.848 Y0.012 E0.02612
G1 X38.836 Y1.021 E0.02574
G1 F2098.7 X38.808 Y2.044 E0.02688
G1 F1992.1 X38.757 Y3.059 E0.02812
G1 F1888.8 X38.678 Y4.266 E0.0353
G1 F1824.6 X39.266 Y4.266 E0.01777
G1 F3600 E-1
G0 F12000 X38.955 Y3.955
G0 X38.117 Y4.75
;TYPE:WALL-OUTER
G1 F3600 E1
G1 F2266.6 X39.75 Y4.75 E0.03972
G1 X39.75 Y-4.75 E0.23105
G1 X38.116 Y-4.75 E0.03974
G1 X38.214 Y-3.966 E0.01922
G1 X38.294 Y-3.017 E0.02316
G1 X38.362 Y-2.01 E0.02455
G1 X38.398 Y-1.005 E0.02446
G1 X38.414 Y0.005 E0.02457
G1 X38.398 Y1.005 E0.02432
G1 X38.362 Y2.013 E0.02453
G1 X38.293 Y3.018 E0.0245
G1 X38.213 Y3.934 E0.02236
G1 X38.117 Y4.75 E0.01998
G0 F12000 X38.917 Y4.75
G1 F3600 E-1
;MESH:NONMESH
G0 F600 X38.917 Y4.75 Z3.16
G0 F12000 X39.006 Y3.958
G0 X-38.385 Y4.512
G0 X-38.604 Y4.241
;TIME_ELAPSED:68.527885
;LAYER:22
;note -- min layer time used
;TYPE:WALL-INNER
;MESH:bridge.stl
G1 F3600 E1
G1 F1744 X-38.682 Y3.047 E0.03803
G1 F1824.7 X-38.734 Y2.026 E0.03105
G1 F1920.3 X-38.764 Y1.005 E0.02948
G1 F1968.2 X-38.773 Y-0.009 E0.02855
G1 F1964.5 X-38.764 Y-1.025 E0.02867
G1 F1916.7 X-38.733 Y-2.045 E0.02951
G1 F1824.7 X-38.685 Y-3.017 E0.02956
G1 F1744 X-38.596 Y-4.24 E0.03897
G1 F1686.6 X-39.241 Y-4.241 E0.0212
G1 F1762 X-39.278 Y-2.036 E0.06937
G1 F1927.5 X-39.291 Y0.012 E0.05889
G1 X-39.278 Y2.064 E0.059
G1 F1762 X-39.241 Y4.241 E0.06849
G1 F1686.6 X-38.604 Y4.241 E0.02093
G1 F3600 E-1
G0 F12000 X-38.014 Y4.75
;TYPE:WALL-OUTER
G1 F3600 E1
G1 F2278.8 X-38.109 Y3.967 E0.01918
G1 X-38.194 Y3.014 E0.02327
G1 X-38.262 Y2.007 E0.02455
G1 X-38.302 Y1 E0.02451
G1 X-38.314 Y-0.004 E0.02442
G1 X-38.302 Y-1.006 E0.02437
G1 X-38.262 Y-2.013 E0.02451
G1 X-38.198 Y-2.972 E0.02338
G1 X-38.105 Y-3.974 E0.02447
G1 X-38.014 Y-4.749 E0.01898
G1 X-39.75 Y-4.75 E0.04222
G1 X-39.75 Y4.75 E0.23105
G1 X-38.014 Y4.75 E0.04222
G0 F12000 X-38.109 Y3.967
G0 X-38.109 Y3.957
G1 F3600 E-1
G0 F12000 X-38.903 Y3.958
G0 X38.282 Y4.512
G0 X38.955 Y3.955
G0 X39.241 Y4.241
;TYPE:WALL-INNER
G1 F3600 E1
G1 F1762 X39.278 Y2.036 E0.06937
G1 F1931.2 X39.291 Y-0.012 E0.05878
G1 F1927.5 X39.278 Y-2.068 E0.05912
G1 F1765 X39.242 Y-4.242 E0.06828
G1 F1686.6 X38.603 Y-4.242 E0.021
G1 F1744 X38.682 Y-3.051 E0.03793
G1 F1824.7 X38.734 Y-2.03 E0.03105
G1 F1920.3 X38.764 Y-1.009 E0.02948
G1 F1968.2 X38.773 Y0.009 E0.02867
G1 X38.764 Y1.025 E0.02861
G1 F1920.3 X38.733 Y2.045 E0.02945
G1 F1824.7 X38.685 Y3.017 E0.02956
G1 F1744 X38.596 Y4.24 E0.03897
G1 F1686.6 X39.241 Y4.241 E0.0212
G1 F3600 E-1
G0 F12000 X38.955 Y3.955
G0 X38.014 Y4.749
;TYPE:WALL-OUTER
G1 F3600 E1
G1 F2278.8 X39.75 Y4.75 E0.04222
G1 X39.75 Y-4.75 E0.23105
G1 X38.015 Y-4.75 E0.0422
G1 X38.109 Y-3.967 E0.01918
G1 X38.194 Y-3.018 E0.02317
G1 X38.262 Y-2.011 E0.02455
G1 X38.302 Y-1.004 E0.02451
G1 X38.314 Y0.004 E0.02452
G1 X38.302 Y1.007 E0.0244
G1 X38.262 Y2.013 E0.02449
G1 X38.198 Y2.972 E0.02338
G1 X38.105 Y3.974 E0.02447
G1 X38.014 Y4.749 E0.01898
G0 F12000 X38.814 Y4.749
G1 F3600 E-1
;MESH:NONMESH
G0 F600 X38.814 Y4.749 Z3.29
G0 F12000 X38.903 Y3.958
G0 X-38.282 Y4.512
G0 X-38.521 Y4.217
;TIME_ELAPSED:72.306366
;LAYER:23
;note -- min layer time used
;TYPE:WALL-INNER
;MESH:bridge.stl
G1 F3600 E1
G1 F1614.6 X-38.607 Y3.047 E0.04045
G1 F1677.7 X-38.653 Y2.124 E0.03067
G1 F1751.9 X-38.686 Y1.06 E0.03383
G1 F1800.9 X-38.698 Y0.027 E0.03194
G1 X-38.689 Y-.979 E0.0311
G1 F1757.9 X-38.655 Y-2.044 E0.03375
G1 F1677.7 X-38.606 Y-3.07 E0.03409
G1 F1609.6 X-38.524 Y-4.216 E0.03974
G1 F1565.5 X-39.216 Y-4.216 E0.02461
G1 F1589.7 X-39.236 Y-3.065 E0.04032
G1 F1711.2 X-39.263 Y-.96 E0.0685
G1 F1788.4 X-39.262 Y1.091 E0.06385
G1 F1751.9 X-39.251 Y2.161 E0.03401
G1 F1627.4 X-39.217 Y4.217 E0.07035
G1 F1565.5 X-38.521 Y4.217 E0.02475
G1 F3600 E-1
G0 F12000 X-37.91 Y4.75
;TYPE:WALL-OUTER
G1 F3600 E1
G1 F2289.2 X-38.005 Y3.968 E0.01916
G1 X-38.094 Y3.013 E0.02333
G1 X-38.154 Y2.103 E0.02218
G1 X-38.198 Y1.052 E0.02558
G1 X-38.214 Y0.033 E0.02479
G1 X-38.202 Y-.959 E0.02413
G1 X-38.158 Y-2.012 E0.02563
G1 X-38.093 Y-3.021 E0.02459
G1 X-38.001 Y-3.973 E0.02326
G1 X-37.913 Y-4.75 E0.01902
G1 X-39.75 Y-4.75 E0.04468
G1 X-39.75 Y4.75 E0.23105
G1 X-37.91 Y4.75 E0.04475
G0 F12000 X-38.005 Y3.968
G0 X-38.006 Y3.957
G1 F3600 E-1
G0 F12000 X-38.8 Y3.958
G0 X38.18 Y4.512
G0 X38.955 Y3.955
G0 X39.216 Y4.216
;TYPE:WALL-INNER
G1 F3600 E1
G1 F1589.7 X39.236 Y3.065 E0.04032
G1 F1711.2 X39.263 Y0.96 E0.0685
G1 F1791.5 X39.262 Y-1.091 E0.06374
G1 F1751.9 X39.251 Y-2.165 E0.03413
G1 F1627.4 X39.217 Y-4.217 E0.07021
G1 F1565.5 X38.525 Y-4.217 E0.02461
G1 F1612.1 X38.607 Y-3.071 E0.03968
G1 F1677.7 X38.653 Y-2.128 E0.03133
G1 F1754.9 X38.686 Y-1.06 E0.0339
G1 F1800.9 X38.698 Y-0.027 E0.03194
G1 F1804.1 X38.689 Y0.979 E0.03105
G1 F1757.9 X38.655 Y2.044 E0.03375
G1 F1677.7 X38.605 Y3.07 E0.03409
G1 F1609.6 X38.524 Y4.216 E0.03974
G1 F1565.5 X39.216 Y4.216 E0.02461
G1 F3600 E-1
G0 F12000 X38.955 Y3.955
G0 X38.24 Y4.459
G0 X37.913 Y4.75
;TYPE:WALL-OUTER
G1 F3600 E1
G1 F2289.2 X39.75 Y4.75 E0.04468
G1 X39.75 Y-4.75 E0.23105
G1 X37.911 Y-4.75 E0.04473
G1 X38.005 Y-3.968 E0.01916
G1 X38.094 Y-3.017 E0.02323
G1 X38.154 Y-2.107 E0.02218
G1 X38.198 Y-1.052 E0.02568
G1 X38.214 Y-0.033 E0.02479
G1 X38.202 Y0.959 E0.02413
G1 X38.158 Y2.012 E0.02563
G1 X38.093 Y3.021 E0.02459
G1 X38.001 Y3.973 E0.02326
G1 X37.913 Y4.75 E0.01902
G0 F12000 X38.713 Y4.75
G1 F3600 E-1
;MESH:NONMESH
G0 F600 X38.713 Y4.75 Z3.42
G0 F12000 X38.8 Y3.958
G0 X-38.179 Y4.512
G0 X-38.301 Y4.325
;TIME_ELAPSED:76.184170
;LAYER:24
;note -- min layer time used
;TYPE:WALL-INNER
;MESH:bridge.stl
G1 F3600 E1
G1 F2350.5 X-38.414 Y3.042 E0.03133
G1 X-38.483 Y2.024 E0.02482
G1 X-38.523 Y1.005 E0.0248
G1 X-38.535 Y-0.009 E0.02466
G1 X-38.523 Y-1.023 E0.02466
G1 X-38.482 Y-2.042 E0.0248
G1 X-38.413 Y-3.059 E0.02479
G1 X-38.288 Y-4.324 E0.03092
G1 X-39.325 Y-4.325 E0.02522
G1 X-39.325 Y4.325 E0.21038
G1 X-38.301 Y4.325 E0.02491
G1 F3600 E-1
G0 F12000 X-37.81 Y4.75
;TYPE:WALL-OUTER
G1 F3600 E1
G1 F2350.5 X-37.905 Y3.967 E0.01918
G1 X-37.99 Y3.014 E0.02327
G1 X-38.058 Y2.007 E0.02455
G1 X-38.098 Y1 E0.02451
G1 X-38.11 Y-0.004 E0.02442
G1 X-38.098 Y-1.006 E0.02437
G1 X-38.058 Y-2.013 E0.02451
G1 X-37.989 Y-3.02 E0.02455
G1 X-37.901 Y-3.974 E0.0233
G1 X-37.81 Y-4.749 E0.01898
G1 X-39.75 Y-4.75 E0.04718
G1 X-39.75 Y4.75 E0.23105
G1 X-37.81 Y4.75 E0.04718
G0 F12000 X-37.905 Y3.967
G0 X-37.905 Y3.957
G0 X-38.707 Y3.707
G1 F3600 E-1
G0 F12000 X-38.754 Y3.711
G0 X-38.077 Y4.512
G0 X38.078 Y4.512
G0 X38.288 Y4.324
;TYPE:WALL-INNER
G1 F3600 E1
G1 F2350.5 X39.325 Y4.325 E0.02522
G1 X39.325 Y-4.325 E0.21038
G1 X38.301 Y-4.325 E0.02491
G1 X38.414 Y-3.046 E0.03123
G1 X38.483 Y-2.028 E0.02482
G1 X38.523 Y-1.009 E0.0248
G1 X38.535 Y0.009 E0.02476
G1 X38.523 Y1.023 E0.02466
G1 X38.482 Y2.042 E0.0248
G1 X38.413 Y3.059 E0.02479
G1 X38.288 Y4.324 E0.03092
G1 F3600 E-1
G0 F12000 X37.81 Y4.749
;TYPE:WALL-OUTER
G1 F3600 E1
G1 F2350.5 X39.75 Y4.75 E0.04718
G1 X39.75 Y-4.75 E0.23105
G1 X37.811 Y-4.75 E0.04716
G1 X37.905 Y-3.967 E0.01918
G1 X37.99 Y-3.018 E0.02317
G1 X38.058 Y-2.011 E0.02455
G1 X38.098 Y-1.004 E0.02451
G1 X38.11 Y0.004 E0.02452
G1 X38.098 Y1.006 E0.02437
G1 X38.058 Y2.013 E0.02451
G1 X37.99 Y3.02 E0.02455
G1 X37.901 Y3.974 E0.0233
G1 X37.81 Y4.749 E0.01898
G0 F12000 X38.61 Y4.749
G1 F3600 E-1
;MESH:NONMESH
G0 F600 X38.61 Y4.749 Z3.55
G0 F12000 X38.698 Y3.958
G0 X-38.077 Y4.512
G0 X-38.197 Y4.325
;TIME_ELAPSED:79.723919
;LAYER:25
;note -- min layer time used
;TYPE:WALL-INNER
;MESH:bridge.stl
G1 F3600 E1
G1 F2379.1 X-38.31 Y3.042 E0.03133
G1 X-38.379 Y2.024 E0.02482
G1 X-38.419 Y1.005 E0.0248
G1 X-38.431 Y-0.009 E0.02466
G1 X-38.419 Y-1.023 E0.02466
G1 X-38.378 Y-2.042 E0.0248
G1 X-38.309 Y-3.059 E0.02479
G1 X-38.184 Y-4.324 E0.03092
G1 X-39.324 Y-4.324 E0.02773
G1 X-39.325 Y4.325 E0.21036
G1 X-38.197 Y4.325 E0.02743
G1 F3600 E-1
G0 F12000 X-37.706 Y4.75
;TYPE:WALL-OUTER
G1 F3600 E1
G1 F2379.1 X-37.801 Y3.967 E0.01918
G1 X-37.886 Y3.013 E0.02329
G1 X-37.954 Y2.007 E0.02452
G1 X-37.994 Y1 E0.02451
G1 X-38.006 Y-0.004 E0.02442
G1 X-37.994 Y-1.006 E0.02437
G1 X-37.954 Y-2.013 E0.02451
G1 X-37.885 Y-3.02 E0.02455
G1 X-37.797 Y-3.974 E0.0233
G1 X-37.706 Y-4.749 E0.01898
G1 X-39.749 Y-4.749 E0.04969
G1 X-39.75 Y4.75 E0.23103
G1 X-37.706 Y4.75 E0.04971
G0 F12000 X-37.801 Y3.967
G0 X-37.801 Y3.957
G0 X-38.971 Y3.575
G1 F3600 E-1
G0 F12000 X-38.925 Y3.575
G0 X-38.036 Y4.053
G0 X37.975 Y4.512
G0 X38.184 Y4.324
;TYPE:WALL-INNER
G1 F3600 E1
G1 F2379.1 X39.325 Y4.325 E0.02775
G1 X39.325 Y-4.325 E0.21038
G1 X38.197 Y-4.325 E0.02743
G1 X38.31 Y-3.046 E0.03123
G1 X38.379 Y-2.028 E0.02482
G1 X38.419 Y-1.009 E0.0248
G1 X38.431 Y0.009 E0.02476
G1 X38.419 Y1.023 E0.02466
G1 X38.378 Y2.042 E0.0248
G1 X38.308 Y3.059 E0.02479
G1 X38.184 Y4.324 E0.03091
G1 F3600 E-1
G0 F12000 X37.706 Y4.749
;TYPE:WALL-OUTER
G1 F3600 E1
G1 F2379.1 X39.75 Y4.75 E0.04971
G1 X39.75 Y-4.75 E0.23105
G1 X37.707 Y-4.75 E0.04969
G1 X37.801 Y-3.967 E0.01918
G1 X37.886 Y-3.017 E0.0232
G1 X37.954 Y-2.011 E0.02452
G1 X37.994 Y-1.004 E0.02451
G1 X38.006 Y0.004 E0.02452
G1 X37.994 Y1.006 E0.02437
G1 X37.954 Y2.013 E0.02451
G1 X37.885 Y3.019 E0.02452
G1 X37.797 Y3.974 E0.02333
G1 X37.706 Y4.749 E0.01898
G0 F12000 X38.506 Y4.749
G0 X38.575 Y3.723
G1 F3600 E-1
;MESH:NONMESH
G0 F600 X38.575 Y3.723 Z3.68
G0 F12000 X38.649 Y3.73
G0 X37.975 Y4.512
G0 X-37.974 Y4.512
G0 X-38.084 Y4.324
;TIME_ELAPSED:83.280807
;LAYER:26
;note -- min layer time used
;TYPE:WALL-INNER
;MESH:bridge.stl
G1 F3600 E1
G1 F2400.1 X-38.21 Y3.04 E0.03138
G1 X-38.275 Y2.023 E0.02479
G1 X-38.315 Y1.007 E0.02473
G1 X-38.331 Y-0.011 E0.02476
G1 X-38.315 Y-1.023 E0.02462
G1 X-38.274 Y-2.04 E0.02476
G1 X-38.209 Y-3.059 E0.02483
G1 X-38.084 Y-4.324 E0.03092
G1 X-39.324 Y-4.324 E0.03016
G1 X-39.324 Y4.324 E0.21033
G1 X-38.084 Y4.324 E0.03016
G1 F3600 E-1
G0 F12000 X-37.606 Y4.749
;TYPE:WALL-OUTER
G1 F3600 E1
G1 F2400 X-37.697 Y3.968 E0.01912
G1 X-37.786 Y3.013 E0.02333
G1 X-37.85 Y2.006 E0.02454
G1 X-37.89 Y1.001 E0.02446
G1 X-37.906 Y-0.005 E0.02447
G1 X-37.89 Y-1.006 E0.02435
G1 X-37.85 Y-2.013 E0.02451
G1 X-37.785 Y-3.02 E0.02454
G1 X-37.697 Y-3.974 E0.0233
G1 X-37.606 Y-4.749 E0.01898
G1 X-39.749 Y-4.749 E0.05212
G1 X-39.749 Y4.749 E0.23101
G1 X-37.606 Y4.749 E0.05212
G0 F12000 X-37.697 Y3.968
G0 X-37.698 Y3.955
G0 X-38.869 Y3.575
G1 F3600 E-1
G0 F12000 X-37.934 Y4.052
G0 X37.873 Y4.512
G0 X38.084 Y4.324
;TYPE:WALL-INNER
G1 F3600 E1
G1 F2400.1 X39.325 Y4.325 E0.03018
G1 X39.325 Y-4.325 E0.21038
G1 X38.084 Y-4.324 E0.03018
G1 X38.21 Y-3.044 E0.03128
G1 X38.275 Y-2.027 E0.02479
G1 X38.315 Y-1.011 E0.02473
G1 X38.331 Y0.011 E0.02486
G1 X38.315 Y1.023 E0.02462
G1 X38.274 Y2.04 E0.02476
G1 X38.208 Y3.059 E0.02484
G1 X38.084 Y4.324 E0.03091
G1 F3600 E-1
G0 F12000 X37.606 Y4.749
;TYPE:WALL-OUTER
G1 F3600 E1
G1 F2400 X39.75 Y4.75 E0.05215
G1 X39.75 Y-4.75 E0.23105
G1 X37.606 Y-4.749 E0.05215
G1 X37.697 Y-3.968 E0.01912
G1 X37.786 Y-3.017 E0.02323
G1 X37.85 Y-2.01 E0.02454
G1 X37.89 Y-1.005 E0.02446
G1 X37.906 Y0.005 E0.02457
G1 X37.89 Y1.006 E0.02435
G1 X37.85 Y2.013 E0.02451
G1 X37.785 Y3.02 E0.02454
G1 X37.697 Y3.974 E0.0233
G1 X37.606 Y4.749 E0.01898
G0 F12000 X38.406 Y4.749
G0 X38.575 Y3.722
G1 F3600 E-1
;MESH:NONMESH
G0 F600 X38.575 Y3.722 Z3.81
G0 F12000 X37.873 Y4.512
G0 X-37.872 Y4.512
G0 X-37.98 Y4.324
;TIME_ELAPSED:86.833315
;LAYER:27
;note -- min layer time used
;TYPE:WALL-INNER
;MESH:bridge.stl
G1 F3600 E1
G1 F2476.2 X-38.106 Y3.042 E0.03133
G1 X-38.175 Y2.023 E0.02484
G1 X-38.215 Y1.005 E0.02478
G1 X-38.227 Y-0.009 E0.02466
G1 X-38.215 Y-1.023 E0.02466
G1 X-38.174 Y-2.042 E0.0248
G1 X-38.104 Y-3.059 E0.02479
G1 X-37.98 Y-4.324 E0.03091
G1 X-39.325 Y-4.325 E0.03271
G1 X-39.325 Y4.325 E0.21038
G1 X-37.98 Y4.324 E0.03271
G1 F3600 E-1
G0 F12000 X-37.502 Y4.749
;TYPE:WALL-OUTER
G1 F3600 E1
G1 F2400 X-37.593 Y3.968 E0.01912
G1 X-37.682 Y3.013 E0.02333
G1 X-37.75 Y2.006 E0.02455
G1 X-37.79 Y1 E0.02449
G1 X-37.802 Y-0.004 E0.02442
G1 X-37.79 Y-1.006 E0.02437
G1 X-37.75 Y-2.013 E0.02451
G1 X-37.681 Y-3.02 E0.02455
G1 X-37.593 Y-3.974 E0.0233
G1 X-37.502 Y-4.749 E0.01898
G1 X-39.75 Y-4.75 E0.05467
G1 X-39.75 Y4.75 E0.23105
G1 X-37.502 Y4.749 E0.05467
G0 F12000 X-37.593 Y3.968
G0 X-37.594 Y3.955
G0 X-38.766 Y3.575
G1 F3600 E-1
G0 F12000 X-37.831 Y4.052
G0 X37.77 Y4.512
G0 X37.98 Y4.324
;TYPE:WALL-INNER
G1 F3600 E1
G1 F2476.2 X39.325 Y4.325 E0.03271
G1 X39.325 Y-4.325 E0.21038
G1 X37.98 Y-4.324 E0.03271
G1 X38.106 Y-3.046 E0.03123
G1 X38.175 Y-2.027 E0.02484
G1 X38.215 Y-1.009 E0.02478
G1 X38.227 Y0.009 E0.02476
G1 X38.215 Y1.023 E0.02466
G1 X38.174 Y2.042 E0.0248
G1 X38.104 Y3.059 E0.02479
G1 X37.98 Y4.324 E0.03091
G1 F3600 E-1
G0 F12000 X37.502 Y4.749
;TYPE:WALL-OUTER
G1 F3600 E1
G1 F2400 X39.75 Y4.75 E0.05467
G1 X39.75 Y-4.75 E0.23105
G1 X37.502 Y-4.749 E0.05467
G1 X37.593 Y-3.968 E0.01912
G1 X37.682 Y-3.017 E0.02323
G1 X37.75 Y-2.01 E0.02455
G1 X37.79 Y-1.004 E0.02449
G1 X37.802 Y0.004 E0.02452
G1 X37.79 Y1.006 E0.02437
G1 X37.75 Y2.013 E0.02451
G1 X37.681 Y3.02 E0.02455
G1 X37.593 Y3.974 E0.0233
G1 X37.502 Y4.749 E0.01898
G0 F12000 X38.302 Y4.749
G0 X38.649 Y3.575
G1 F3600 E-1
;MESH:NONMESH
G0 F600 X38.649 Y3.575 Z3.94
G0 F12000 X37.831 Y4.052
G0 X-37.77 Y4.512
G0 X-37.889 Y4.324
;TIME_ELAPSED:90.372210
;LAYER:28
;note -- min layer time used
;TYPE:WALL-INNER
;MESH:bridge.stl
G1 F3600 E1
G1 F2545.3 X-38.002 Y3.042 E0.0313
G1 X-38.071 Y2.023 E0.02484
G1 X-38.111 Y1.004 E0.0248
G1 X-38.123 Y-0.008 E0.02462
G1 X-38.111 Y-1.023 E0.02469
G1 X-38.07 Y-2.042 E0.0248
G1 X-38 Y-3.059 E0.02479
G1 X-37.877 Y-4.325 E0.03094
G1 X-39.324 Y-4.324 E0.03519
G1 X-39.325 Y4.325 E0.21036
G1 X-37.889 Y4.324 E0.03493
G1 F3600 E-1
G0 F12000 X-37.402 Y4.749
;TYPE:WALL-OUTER
G1 F3600 E1
G1 F2400 X-37.493 Y3.967 E0.01915
G1 X-37.578 Y3.014 E0.02327
G1 X-37.646 Y2.006 E0.02457
G1 X-37.686 Y0.999 E0.02451
G1 X-37.698 Y-0.003 E0.02437
G1 X-37.686 Y-1.006 E0.0244
G1 X-37.646 Y-2.013 E0.02451
G1 X-37.577 Y-3.02 E0.02455
G1 X-37.489 Y-3.973 E0.02328
G1 X-37.401 Y-4.75 E0.01902
G1 X-39.749 Y-4.749 E0.05711
G1 X-39.75 Y4.75 E0.23103
G1 X-37.402 Y4.749 E0.05711
G0 F12000 X-37.493 Y3.967
G0 X-37.494 Y3.955
G0 X-38.664 Y3.575
G1 F3600 E-1
G0 F12000 X-37.729 Y4.052
G0 X37.668 Y4.512
G0 X37.877 Y4.325
;TYPE:WALL-INNER
G1 F3600 E1
G1 F2545.3 X39.325 Y4.325 E0.03522
G1 X39.325 Y-4.325 E0.21038
G1 X37.889 Y-4.324 E0.03493
G1 X38.001 Y-3.046 E0.0312
G1 X38.07 Y-2.027 E0.02484
G1 X38.111 Y-1.008 E0.0248
G1 X38.123 Y0.008 E0.02471
G1 X38.11 Y1.023 E0.02469
G1 X38.069 Y2.042 E0.0248
G1 X38 Y3.059 E0.02479
G1 X37.877 Y4.325 E0.03094
G1 F3600 E-1
G0 F12000 X37.401 Y4.75
;TYPE:WALL-OUTER
G1 F3600 E1
G1 F2400 X39.75 Y4.75 E0.05713
G1 X39.75 Y-4.75 E0.23105
G1 X37.402 Y-4.749 E0.05711
G1 X37.493 Y-3.967 E0.01915
G1 X37.578 Y-3.018 E0.02317
G1 X37.646 Y-2.01 E0.02457
G1 X37.686 Y-1.003 E0.02451
G1 X37.698 Y0.003 E0.02447
G1 X37.686 Y1.006 E0.0244
G1 X37.646 Y2.013 E0.02451
G1 X37.577 Y3.02 E0.02455
G1 X37.489 Y3.973 E0.02328
G1 X37.401 Y4.75 E0.01902
G0 F12000 X38.201 Y4.75
G0 X38.547 Y3.575
G1 F3600 E-1
;MESH:NONMESH
G0 F600 X38.547 Y3.575 Z4.07
G0 F12000 X37.729 Y4.052
G0 X-37.824 Y3.039
G0 X-38.467 Y2.131
G0 X-38.366 Y2.125
;TIME_ELAPSED:93.927408
;LAYER:29
;note -- min layer time used
;TYPE:FILL
;MESH:bridge.stl
G1 F3600 E1
G1 F4096.5 X-38.829 Y2.354 E0.01256
G1 X-38.919 Y2.433 E0.00291
G1 F3600 E-1
G0 F12000 X-38.186 Y3.958
G0 X-37.776 Y4.324
;TYPE:WALL-INNER
G1 F3600 E1
G1 F2965.5 X-37.902 Y3.04 E0.03138
G1 X-37.967 Y2.023 E0.02479
G1 X-38.007 Y1.007 E0.02473
G1 X-38.023 Y-0.011 E0.02476
G1 X-38.007 Y-1.023 E0.02462
G1 X-37.966 Y-2.04 E0.02476
G1 X-37.901 Y-3.059 E0.02483
G1 X-37.776 Y-4.324 E0.03092
G1 X-39.324 Y-4.324 E0.03765
G1 X-39.324 Y4.324 E0.21033
G1 X-37.776 Y4.324 E0.03765
G1 F3600 E-1
G0 F12000 X-37.298 Y4.749
;TYPE:WALL-OUTER
G1 F3600 E1
G1 F2400 X-37.389 Y3.968 E0.01912
G1 X-37.478 Y3.013 E0.02333
G1 X-37.542 Y2.006 E0.02454
G1 X-37.582 Y1 E0.02449
G1 X-37.598 Y-0.004 E0.02442
G1 X-37.582 Y-1.006 E0.02437
G1 X-37.542 Y-2.013 E0.02451
G1 X-37.477 Y-3.02 E0.02454
G1 X-37.389 Y-3.974 E0.0233
G1 X-37.298 Y-4.749 E0.01898
G1 X-39.749 Y-4.749 E0.05961
G1 X-39.749 Y4.749 E0.23101
G1 X-37.298 Y4.749 E0.05961
G0 F12000 X-37.389 Y3.968
G0 X-37.39 Y3.955
G0 X-38.562 Y3.575
G1 F3600 E-1
G0 F12000 X-37.627 Y4.052
G0 X37.627 Y4.052
G0 X38.326 Y2.758
;TYPE:FILL
G1 F3600 E1
G1 F4096.5 X38.829 Y3.157 E0.01562
G1 X38.92 Y3.25 E0.00316
G1 F3600 E-1
G0 F12000 X38.186 Y3.958
G0 X37.776 Y4.324
;TYPE:WALL-INNER
G1 F3600 E1
G1 F2965.5 X39.325 Y4.325 E0.03767
G1 X39.325 Y-4.325 E0.21038
G1 X37.776 Y-4.324 E0.03767
G1 X37.903 Y-3.044 E0.03128
G1 X37.967 Y-2.044 E0.02437
G1 X38.007 Y-1.011 E0.02514
G1 X38.023 Y0.011 E0.02486
G1 X38.006 Y1.023 E0.02462
G1 X37.967 Y2.04 E0.02475
G1 X37.901 Y3.059 E0.02484
G1 X37.776 Y4.324 E0.03092
G1 F3600 E-1
G0 F12000 X37.298 Y4.749
;TYPE:WALL-OUTER
G1 F3600 E1
G1 F2400 X39.75 Y4.75 E0.05964
G1 X39.75 Y-4.75 E0.23105
G1 X37.298 Y-4.749 E0.05964
G1 X37.389 Y-3.968 E0.01912
G1 X37.478 Y-3.017 E0.02323
G1 X37.542 Y-2.01 E0.02454
G1 X37.582 Y-1.004 E0.02449
G1 X37.598 Y0.004 E0.02452
G1 X37.582 Y1.006 E0.02437
G1 X37.542 Y2.013 E0.02451
G1 X37.477 Y3.02 E0.02454
G1 X37.389 Y3.974 E0.0233
G1 X37.298 Y4.749 E0.01898
G0 F12000 X38.098 Y4.749
G0 X38.445 Y3.575
G1 F3600 E-1
;MESH:NONMESH
G0 F600 X38.445 Y3.575 Z4.2
G0 F12000 X37.627 Y4.052
G0 X-37.722 Y3.039
G0 X-38.372 Y1.975
G0 X-38.274 Y1.973
;TIME_ELAPSED:97.641637
;LAYER:30
;note -- min layer time used
;TYPE:FILL
;MESH:bridge.stl
G1 F3600 E1
G1 F4357.7 X-38.829 Y2.224 E0.01481
G1 X-38.92 Y2.302 E0.00292
G1 F3600 E-1
G0 F12000 X-38.085 Y3.958
G0 X-37.685 Y4.325
;TYPE:WALL-INNER
G1 F3600 E1
G1 F3052.6 X-37.798 Y3.042 E0.03133
G1 X-37.867 Y2.023 E0.02484
G1 X-37.907 Y1.005 E0.02478
G1 X-37.919 Y-0.009 E0.02466
G1 X-37.907 Y-1.023 E0.02466
G1 X-37.866 Y-2.042 E0.0248
G1 X-37.797 Y-3.059 E0.02479
G1 X-37.672 Y-4.324 E0.03092
G1 X-39.324 Y-4.324 E0.04018
G1 X-39.325 Y4.325 E0.21036
G1 X-37.685 Y4.325 E0.03989
G1 F3600 E-1
G0 F12000 X-37.194 Y4.75
;TYPE:WALL-OUTER
G1 F3600 E1
G1 F2400 X-37.294 Y3.926 E0.02019
G1 X-37.374 Y3.014 E0.02227
G1 X-37.442 Y2.006 E0.02457
G1 X-37.482 Y1 E0.02449
G1 X-37.494 Y-0.004 E0.02442
G1 X-37.482 Y-1.006 E0.02437
G1 X-37.442 Y-2.013 E0.02451
G1 X-37.373 Y-3.02 E0.02455
G1 X-37.285 Y-3.974 E0.0233
G1 X-37.194 Y-4.749 E0.01898
G1 X-39.749 Y-4.749 E0.06214
G1 X-39.75 Y4.75 E0.23103
G1 X-37.194 Y4.75 E0.06217
G0 F12000 X-37.29 Y3.956
G0 X-38.461 Y3.575
G1 F3600 E-1
G0 F12000 X-37.529 Y4.014
G0 X37.524 Y4.053
G0 X38.223 Y2.756
;TYPE:FILL
G1 F3600 E1
G1 F4357.7 X38.829 Y3.266 E0.01926
G1 X38.92 Y3.362 E0.00322
G1 F3600 E-1
G0 F12000 X38.083 Y3.958
G0 X37.672 Y4.324
;TYPE:WALL-INNER
G1 F3600 E1
G1 F3052.6 X39.325 Y4.325 E0.0402
G1 X39.325 Y-4.325 E0.21038
G1 X37.685 Y-4.325 E0.03989
G1 X37.798 Y-3.046 E0.03123
G1 X37.867 Y-2.027 E0.02484
G1 X37.907 Y-1.009 E0.02478
G1 X37.919 Y0.009 E0.02476
G1 X37.907 Y1.023 E0.02466
G1 X37.866 Y2.042 E0.0248
G1 X37.797 Y3.059 E0.02479
G1 X37.672 Y4.324 E0.03092
G1 F3600 E-1
G0 F12000 X37.194 Y4.749
;TYPE:WALL-OUTER
G1 F3600 E1
G1 F2400 X39.75 Y4.75 E0.06217
G1 X39.75 Y-4.75 E0.23105
G1 X37.194 Y-4.75 E0.06217
G1 X37.294 Y-3.927 E0.02016
G1 X37.374 Y-3.018 E0.02219
G1 X37.442 Y-2.01 E0.02457
G1 X37.482 Y-1.004 E0.02449
G1 X37.494 Y0.004 E0.02452
G1 X37.482 Y1.006 E0.02437
G1 X37.442 Y2.013 E0.02451
G1 X37.373 Y3.02 E0.02455
G1 X37.285 Y3.974 E0.0233
G1 X37.194 Y4.749 E0.01898
G0 F12000 X37.994 Y4.749
G0 X38.342 Y3.575
G1 F3600 E-1
;MESH:NONMESH
G0 F600 X38.342 Y3.575 Z4.33
G0 F12000 X37.524 Y4.053
G0 X-37.619 Y3.039
G0 X-38.276 Y1.823
G0 X-38.176 Y1.82
;TIME_ELAPSED:101.357374
;LAYER:31
;note -- min layer time used
;TYPE:FILL
;MESH:bridge.stl
G1 F3600 E1
G1 F6016.4 X-38.829 Y2.088 E0.01717
G1 X-38.92 Y2.165 E0.0029
G1 X-38.92 Y-3.747 E0.14379
G1 X-38.748 Y-3.92 E0.00593
G1 F3600 E-1
G0 F12000 X-37.979 Y3.958
G0 X-37.58 Y4.325
;TYPE:WALL-INNER
G1 F3600 E1
G1 F3605.5 X-37.698 Y3.04 E0.03138
G1 X-37.763 Y2.023 E0.02479
G1 X-37.803 Y1.004 E0.0248
G1 X-37.815 Y-0.009 E0.02464
G1 X-37.803 Y-1.023 E0.02466
G1 X-37.762 Y-2.04 E0.02476
G1 X-37.696 Y-3.061 E0.02488
G1 X-37.576 Y-4.325 E0.03088
G1 X-39.325 Y-4.325 E0.04254
G1 X-39.325 Y4.325 E0.21038
G1 X-37.58 Y4.325 E0.04244
G1 F3600 E-1
G0 F12000 X-37.087 Y4.75
;TYPE:WALL-OUTER
G1 F3600 E1
G1 F2400 X-37.185 Y3.968 E0.01917
G1 X-37.274 Y3.012 E0.02335
G1 X-37.338 Y2.006 E0.02452
G1 X-37.378 Y0.999 E0.02451
G1 X-37.39 Y-0.003 E0.02437
G1 X-37.378 Y-1.006 E0.0244
G1 X-37.338 Y-2.012 E0.02449
G1 X-37.273 Y-3.02 E0.02457
G1 X-37.189 Y-3.907 E0.02167
G1 X-37.087 Y-4.75 E0.02065
G1 X-39.75 Y-4.75 E0.06477
G1 X-39.75 Y4.75 E0.23105
G1 X-37.087 Y4.75 E0.06477
G0 F12000 X-37.185 Y3.968
G0 X-37.186 Y3.957
G0 X-38.386 Y3.736
G1 F3600 E-1
G0 F12000 X-37.356 Y4.512
G0 X37.426 Y3.988
G0 X38.123 Y2.743
;TYPE:FILL
G1 F3600 E1
G1 F6016.4 X38.829 Y3.377 E0.02308
G1 X38.92 Y3.477 E0.00329
G1 F3600 E-1
G0 F12000 X37.979 Y3.958
G0 X37.576 Y4.325
;TYPE:WALL-INNER
G1 F3600 E1
G1 F3605.5 X39.325 Y4.325 E0.04254
G1 X39.325 Y-4.325 E0.21038
G1 X37.58 Y-4.325 E0.04244
G1 X37.698 Y-3.044 E0.03129
G1 X37.763 Y-2.044 E0.02437
G1 X37.803 Y-1.008 E0.02522
G1 X37.815 Y0.009 E0.02474
G1 X37.803 Y1.023 E0.02466
G1 X37.763 Y2.04 E0.02475
G1 X37.697 Y3.061 E0.02488
G1 X37.576 Y4.325 E0.03088
G1 F3600 E-1
G0 F12000 X37.087 Y4.75
;TYPE:WALL-OUTER
G1 F3600 E1
G1 F2400 X39.75 Y4.75 E0.06477
G1 X39.75 Y-4.75 E0.23105
G1 X37.088 Y-4.75 E0.06474
G1 X37.185 Y-3.968 E0.01917
G1 X37.274 Y-3.016 E0.02326
G1 X37.338 Y-2.01 E0.02452
G1 X37.378 Y-1.003 E0.02451
G1 X37.39 Y0.003 E0.02447
G1 X37.378 Y1.006 E0.0244
G1 X37.338 Y2.012 E0.02449
G1 X37.273 Y3.02 E0.02457
G1 X37.189 Y3.907 E0.02167
G1 X37.087 Y4.75 E0.02065
G0 F12000 X37.887 Y4.75
G0 X38.238 Y3.575
G1 F3600 E-1
;MESH:NONMESH
G0 F600 X38.238 Y3.575 Z4.46
G0 F12000 X37.426 Y3.988
G0 X-37.583 Y2.026
G0 X-38.079 Y1.67
;TIME_ELAPSED:105.103701
;LAYER:32
;note -- min layer time used
;TYPE:FILL
;MESH:bridge.stl
G1 F3600 E1
G1 F6228.2 X-38.829 Y1.942 E0.0194
G1 X-38.92 Y2.018 E0.00288
G1 X-38.919 Y-3.631 E0.13739
G1 X-38.636 Y-3.919 E0.00982
G1 F3600 E-1
G0 F12000 X-37.873 Y3.958
G0 X-37.472 Y4.325
;TYPE:WALL-INNER
G1 F3600 E1
G1 F3676.1 X-37.582 Y3.132 E0.02914
G1 X-37.659 Y2.039 E0.02665
G1 X-37.699 Y1.007 E0.02512
G1 X-37.715 Y-0.052 E0.02576
G1 X-37.699 Y-1.021 E0.02357
G1 X-37.662 Y-2.032 E0.02461
G1 X-37.588 Y-3.062 E0.02512
G1 X-37.46 Y-4.324 E0.03085
G1 X-39.324 Y-4.324 E0.04534
G1 X-39.325 Y4.325 E0.21036
G1 X-37.472 Y4.325 E0.04507
G1 F3600 E-1
G0 F12000 X-36.979 Y4.75
;TYPE:WALL-OUTER
G1 F3600 E1
G1 F2400 X-37.077 Y3.968 E0.01917
G1 X-37.158 Y3.102 E0.02115
G1 X-37.234 Y2.022 E0.02633
G1 X-37.274 Y1 E0.02488
G1 X-37.29 Y-0.045 E0.02542
G1 X-37.274 Y-1.006 E0.02338
G1 X-37.238 Y-2.002 E0.02424
G1 X-37.165 Y-3.021 E0.02485
G1 X-37.073 Y-3.974 E0.02329
G1 X-36.982 Y-4.749 E0.01898
G1 X-39.749 Y-4.749 E0.0673
G1 X-39.75 Y4.75 E0.23103
G1 X-36.979 Y4.75 E0.06739
G0 F12000 X-37.077 Y3.968
G0 X-37.078 Y3.957
G0 X-38.279 Y3.737
G1 F3600 E-1
G0 F12000 X-37.249 Y4.512
G0 X37.313 Y4.054
G0 X38.018 Y2.713
;TYPE:FILL
G1 F3600 E1
G1 F6228.2 X38.829 Y3.49 E0.02732
G1 X38.92 Y3.594 E0.00336
G1 F3600 E-1
G0 F12000 X37.873 Y3.958
G0 X37.46 Y4.324
;TYPE:WALL-INNER
G1 F3600 E1
G1 F3676.1 X39.325 Y4.325 E0.04536
G1 X39.325 Y-4.325 E0.21038
G1 X37.471 Y-4.325 E0.04509
G1 X37.582 Y-3.136 E0.02904
G1 X37.659 Y-2.039 E0.02675
G1 X37.699 Y-1.011 E0.02502
G1 X37.715 Y0.052 E0.02586
G1 X37.699 Y1.021 E0.02357
G1 X37.662 Y2.032 E0.02461
G1 X37.588 Y3.062 E0.02512
G1 X37.46 Y4.324 E0.03085
G1 F3600 E-1
G0 F12000 X36.982 Y4.749
;TYPE:WALL-OUTER
G1 F3600 E1
G1 F2400 X39.75 Y4.75 E0.06732
G1 X39.75 Y-4.75 E0.23105
G1 X36.98 Y-4.75 E0.06737
G1 X37.077 Y-3.968 E0.01917
G1 X37.158 Y-3.106 E0.02106
G1 X37.234 Y-2.022 E0.02643
G1 X37.274 Y-1.004 E0.02478
G1 X37.29 Y0.045 E0.02552
G1 X37.274 Y1.006 E0.02338
G1 X37.238 Y2.002 E0.02424
G1 X37.165 Y3.021 E0.02485
G1 X37.073 Y3.974 E0.02329
G1 X36.982 Y4.749 E0.01898
G0 F12000 X37.782 Y4.749
G0 X38.132 Y3.575
G1 F3600 E-1
;MESH:NONMESH
G0 F600 X38.132 Y3.575 Z4.59
G0 F12000 X37.313 Y4.054
G0 X-37.48 Y2.04
G0 X-37.978 Y1.521
;TIME_ELAPSED:108.868098
;LAYER:33
;note -- min layer time used
;TYPE:FILL
;MESH:bridge.stl
G1 F3600 E1
G1 F6397.4 X-38.829 Y1.786 E0.02168
G1 X-38.921 Y1.862 E0.0029
G1 X-38.92 Y-3.507 E0.13058
G1 X-38.533 Y-3.92 E0.01377
G1 F3600 E-1
G0 F12000 X-37.766 Y3.958
G0 X-37.361 Y4.325
;TYPE:WALL-INNER
G1 F3600 E1
G1 F3732.5 X-37.486 Y3.043 E0.03133
G1 X-37.547 Y2.153 E0.0217
G1 X-37.591 Y1.091 E0.02585
G1 X-37.607 Y0.055 E0.0252
G1 X-37.595 Y-.945 E0.02432
G1 X-37.558 Y-1.928 E0.02392
G1 X-37.485 Y-3.062 E0.02764
G1 X-37.354 Y-4.325 E0.03088
G1 X-39.325 Y-4.325 E0.04794
G1 X-39.325 Y4.325 E0.21038
G1 X-37.361 Y4.325 E0.04777
G1 F3600 E-1
G0 F12000 X-36.874 Y4.75
;TYPE:WALL-OUTER
G1 F3600 E1
G1 F2400 X-36.969 Y3.969 E0.01914
G1 X-37.062 Y3.014 E0.02334
G1 X-37.122 Y2.135 E0.02143
G1 X-37.166 Y1.084 E0.02558
G1 X-37.182 Y0.06 E0.02491
G1 X-37.17 Y-.93 E0.02408
G1 X-37.134 Y-1.901 E0.02363
G1 X-37.061 Y-3.021 E0.0273
G1 X-36.969 Y-3.974 E0.02329
G1 X-36.875 Y-4.75 E0.01901
G1 X-39.75 Y-4.75 E0.06992
G1 X-39.75 Y4.75 E0.23105
G1 X-36.874 Y4.75 E0.06995
G0 F12000 X-36.969 Y3.969
G0 X-36.97 Y3.957
G0 X-38.173 Y3.736
G1 F3600 E-1
G0 F12000 X-37.143 Y4.512
G0 X37.304 Y3.04
G0 X37.915 Y2.674
;TYPE:FILL
G1 F3600 E1
G1 F6397.4 X38.829 Y3.608 E0.03178
G1 X38.92 Y3.717 E0.00345
G1 F3600 E-1
G0 F12000 X37.766 Y3.958
G0 X37.354 Y4.325
;TYPE:WALL-INNER
G1 F3600 E1
G1 F3732.5 X39.325 Y4.325 E0.04794
G1 X39.325 Y-4.325 E0.21038
G1 X37.354 Y-4.325 E0.04794
G1 X37.486 Y-3.047 E0.03125
G1 X37.547 Y-2.157 E0.0217
G1 X37.591 Y-1.091 E0.02595
G1 X37.607 Y-0.055 E0.0252
G1 X37.595 Y0.945 E0.02432
G1 X37.558 Y1.928 E0.02392
G1 X37.484 Y3.062 E0.02764
G1 X37.354 Y4.325 E0.03088
G1 F3600 E-1
G0 F12000 X36.875 Y4.75
;TYPE:WALL-OUTER
G1 F3600 E1
G1 F2400 X39.75 Y4.75 E0.06992
G1 X39.75 Y-4.75 E0.23105
G1 X36.875 Y-4.75 E0.06992
G1 X36.969 Y-3.969 E0.01913
G1 X37.062 Y-3.018 E0.02324
G1 X37.122 Y-2.139 E0.02143
G1 X37.166 Y-1.084 E0.02568
G1 X37.182 Y-0.06 E0.02491
G1 X37.17 Y0.93 E0.02408
G1 X37.134 Y1.901 E0.02363
G1 X37.061 Y3.021 E0.0273
G1 X36.969 Y3.974 E0.02329
G1 X36.875 Y4.75 E0.01901
G0 F12000 X37.675 Y4.75
G0 X38.025 Y3.575
G1 F3600 E-1
;MESH:NONMESH
G0 F600 X38.025 Y3.575 Z4.72
G0 F12000 X37.206 Y4.054
G0 X-37.366 Y2.155
G0 X-37.981 Y1.396
G0 X-37.877 Y1.392
;TIME_ELAPSED:112.639103
;LAYER:34
;note -- min layer time used
;TYPE:FILL
;MESH:bridge.stl
G1 F3600 E1
G1 F6568.3 X-37.926 Y1.389 E0.00119
G1 X-38.829 Y1.617 E0.02265
G1 X-38.92 Y1.69 E0.00284
G1 X-38.919 Y-3.394 E0.12365
G1 X-38.442 Y-3.919 E0.01725
G1 F3600 E-1
G0 F12000 X-37.66 Y3.958
G0 X-37.26 Y4.325
;TYPE:WALL-INNER
G1 F3600 E1
G1 F3789.4 X-37.378 Y3.042 E0.03134
G1 X-37.447 Y2.024 E0.02482
G1 X-37.487 Y1.008 E0.02473
G1 X-37.503 Y-0.011 E0.02479
G1 X-37.487 Y-1.024 E0.02464
G1 X-37.446 Y-2.042 E0.02478
G1 X-37.376 Y-3.062 E0.02487
G1 X-37.248 Y-4.324 E0.03085
G1 X-39.324 Y-4.324 E0.05049
G1 X-39.325 Y4.325 E0.21036
G1 X-37.26 Y4.325 E0.05022
G1 F3600 E-1
G0 F12000 X-36.767 Y4.75
;TYPE:WALL-OUTER
G1 F3600 E1
G1 F2400 X-36.865 Y3.968 E0.01917
G1 X-36.954 Y3.013 E0.02333
G1 X-37.022 Y2.007 E0.02452
G1 X-37.062 Y1.001 E0.02449
G1 X-37.078 Y-0.004 E0.02445
G1 X-37.062 Y-1.007 E0.0244
G1 X-37.022 Y-2.014 E0.02451
G1 X-36.953 Y-3.021 E0.02455
G1 X-36.861 Y-3.974 E0.02329
G1 X-36.77 Y-4.749 E0.01898
G1 X-39.749 Y-4.749 E0.07245
G1 X-39.75 Y4.75 E0.23103
G1 X-36.767 Y4.75 E0.07255
G0 F12000 X-36.865 Y3.968
G0 X-36.866 Y3.957
G0 X-37.919 Y3.575
G1 F3600 E-1
G0 F12000 X-37.1 Y4.054
G0 X37.197 Y3.04
G0 X37.81 Y2.652
;TYPE:FILL
G1 F3600 E1
G1 F6568.3 X37.926 Y2.737 E0.0035
G1 X38.829 Y3.731 E0.03266
G1 X38.92 Y3.846 E0.00357
G1 F3600 E-1
G0 F12000 X37.66 Y3.958
G0 X37.248 Y4.324
;TYPE:WALL-INNER
G1 F3600 E1
G1 F3789.4 X39.325 Y4.325 E0.05052
G1 X39.325 Y-4.325 E0.21038
G1 X37.26 Y-4.325 E0.05022
G1 X37.378 Y-3.046 E0.03124
G1 X37.447 Y-2.028 E0.02482
G1 X37.487 Y-1.012 E0.02473
G1 X37.503 Y0.011 E0.02488
G1 X37.487 Y1.024 E0.02464
G1 X37.446 Y2.042 E0.02478
G1 X37.376 Y3.062 E0.02487
G1 X37.248 Y4.324 E0.03085
G1 F3600 E-1
G0 F12000 X36.77 Y4.749
;TYPE:WALL-OUTER
G1 F3600 E1
G1 F2400 X39.75 Y4.75 E0.07248
G1 X39.75 Y-4.75 E0.23105
G1 X36.768 Y-4.75 E0.07253
G1 X36.865 Y-3.968 E0.01917
G1 X36.954 Y-3.017 E0.02323
G1 X37.022 Y-2.011 E0.02452
G1 X37.062 Y-1.005 E0.02449
G1 X37.078 Y0.004 E0.02454
G1 X37.062 Y1.007 E0.0244
G1 X37.022 Y2.014 E0.02451
G1 X36.953 Y3.021 E0.02455
G1 X36.861 Y3.974 E0.02329
G1 X36.77 Y4.749 E0.01898
G0 F12000 X37.57 Y4.749
G0 X37.919 Y3.575
G1 F3600 E-1
;MESH:NONMESH
G0 F600 X37.919 Y3.575 Z4.85
G0 F12000 X37.1 Y4.053
G0 X-37.267 Y2.027
G0 X-37.879 Y1.284
G0 X-37.776 Y1.28
;TIME_ELAPSED:116.413030
;LAYER:35
;note -- min layer time used
;TYPE:FILL
;MESH:bridge.stl
G1 F3600 E1
G1 F6751.1 X-37.926 Y1.264 E0.00367
G1 X-38.829 Y1.433 E0.02234
G1 X-38.92 Y1.504 E0.00281
G1 X-38.919 Y-3.255 E0.11575
G1 X-38.359 Y-3.919 E0.02113
G1 F3600 E-1
G0 F12000 X-37.554 Y3.958
G0 X-37.152 Y4.325
;TYPE:WALL-INNER
G1 F3600 E1
G1 F3850.4 X-37.27 Y3.042 E0.03134
G1 X-37.339 Y2.026 E0.02477
G1 X-37.383 Y1.005 E0.02486
G1 X-37.395 Y-0.009 E0.02466
G1 X-37.383 Y-1.026 E0.02474
G1 X-37.338 Y-2.042 E0.02473
G1 X-37.269 Y-3.059 E0.02479
G1 X-37.151 Y-4.325 E0.03092
G1 X-39.324 Y-4.324 E0.05285
G1 X-39.325 Y4.325 E0.21036
G1 X-37.152 Y4.325 E0.05285
G1 F3600 E-1
G0 F12000 X-36.662 Y4.75
;TYPE:WALL-OUTER
G1 F3600 E1
G1 F2400 X-36.757 Y3.968 E0.01916
G1 X-36.846 Y3.014 E0.0233
G1 X-36.914 Y2.007 E0.02455
G1 X-36.958 Y1 E0.02452
G1 X-36.97 Y-0.004 E0.02442
G1 X-36.958 Y-1.007 E0.0244
G1 X-36.914 Y-2.013 E0.02449
G1 X-36.845 Y-3.02 E0.02455
G1 X-36.757 Y-3.974 E0.0233
G1 X-36.663 Y-4.75 E0.01901
G1 X-39.749 Y-4.749 E0.07506
G1 X-39.75 Y4.75 E0.23103
G1 X-36.662 Y4.75 E0.0751
G0 F12000 X-36.757 Y3.968
G0 X-36.758 Y3.957
G0 X-37.813 Y3.575
G1 F3600 E-1
G0 F12000 X-36.994 Y4.054
G0 X37.091 Y3.04
G0 X37.704 Y2.616
;TYPE:FILL
G1 F3600 E1
G1 F6751.1 X37.926 Y2.791 E0.00688
G1 X38.872 Y3.92 E0.03582
G1 F3600 E-1
G0 F12000 X37.554 Y3.958
G0 X37.152 Y4.325
;TYPE:WALL-INNER
G1 F3600 E1
G1 F3850.4 X39.325 Y4.325 E0.05285
G1 X39.325 Y-4.325 E0.21038
G1 X37.152 Y-4.325 E0.05285
G1 X37.27 Y-3.046 E0.03124
G1 X37.339 Y-2.03 E0.02477
G1 X37.383 Y-1.009 E0.02486
G1 X37.395 Y0.009 E0.02476
G1 X37.383 Y1.026 E0.02474
G1 X37.338 Y2.042 E0.02473
G1 X37.268 Y3.059 E0.02479
G1 X37.152 Y4.325 E0.03092
G1 F3600 E-1
G0 F12000 X36.663 Y4.75
;TYPE:WALL-OUTER
G1 F3600 E1
G1 F2400 X39.75 Y4.75 E0.07508
G1 X39.75 Y-4.75 E0.23105
G1 X36.663 Y-4.75 E0.07508
G1 X36.757 Y-3.968 E0.01916
G1 X36.846 Y-3.018 E0.02321
G1 X36.914 Y-2.011 E0.02455
G1 X36.958 Y-1.004 E0.02452
G1 X36.97 Y0.004 E0.02452
G1 X36.958 Y1.007 E0.0244
G1 X36.914 Y2.013 E0.02449
G1 X36.845 Y3.02 E0.02455
G1 X36.757 Y3.974 E0.0233
G1 X36.663 Y4.75 E0.01901
G0 F12000 X37.463 Y4.75
G0 X37.813 Y3.575
G1 F3600 E-1
;MESH:NONMESH
G0 F600 X37.813 Y3.575 Z4.98
G0 F12000 X36.994 Y4.054
G0 X-37.16 Y2.027
G0 X-37.777 Y1.176
G0 X-37.673 Y1.172
;TIME_ELAPSED:120.198871
;LAYER:36
;note -- min layer time used
;TYPE:FILL
;MESH:bridge.stl
G1 F3600 E1
G1 F6924.2 X-37.926 Y1.13 E0.00624
G1 X-38.829 Y1.228 E0.02209
G1 X-38.919 Y1.295 E0.00273
G1 X-38.918 Y-3.106 E0.10704
G1 X-38.286 Y-3.918 E0.02503
G1 F3600 E-1
G0 F12000 X-37.447 Y3.958
G0 X-37.048 Y4.325
;TYPE:WALL-INNER
G1 F3600 E1
G1 F3908.1 X-37.166 Y3.042 E0.03134
G1 X-37.235 Y2.024 E0.02482
G1 X-37.275 Y1.004 E0.02483
G1 X-37.287 Y-0.008 E0.02462
G1 X-37.275 Y-1.023 E0.02469
G1 X-37.234 Y-2.042 E0.0248
G1 X-37.164 Y-3.062 E0.02487
G1 X-37.034 Y-4.325 E0.03088
G1 X-39.324 Y-4.324 E0.0557
G1 X-39.325 Y4.325 E0.21036
G1 X-37.048 Y4.325 E0.05538
G1 F3600 E-1
G0 F12000 X-36.555 Y4.75
;TYPE:WALL-OUTER
G1 F3600 E1
G1 F2400 X-36.653 Y3.968 E0.01917
G1 X-36.742 Y3.013 E0.02333
G1 X-36.81 Y2.007 E0.02452
G1 X-36.85 Y0.999 E0.02454
G1 X-36.862 Y-0.003 E0.02437
G1 X-36.85 Y-1.006 E0.0244
G1 X-36.81 Y-2.013 E0.02451
G1 X-36.741 Y-3.021 E0.02457
G1 X-36.649 Y-3.974 E0.02329
G1 X-36.555 Y-4.75 E0.01901
G1 X-39.749 Y-4.749 E0.07768
G1 X-39.75 Y4.75 E0.23103
G1 X-36.555 Y4.75 E0.07771
G0 F12000 X-36.653 Y3.968
G0 X-36.654 Y3.957
G0 X-37.706 Y3.575
G1 F3600 E-1
G0 F12000 X-36.887 Y4.054
G0 X36.984 Y3.04
G0 X37.603 Y2.57
;TYPE:FILL
G1 F3600 E1
G1 F6924.2 X37.926 Y2.843 E0.01029
G1 X38.764 Y3.92 E0.03319
G1 F3600 E-1
G0 F12000 X37.447 Y3.958
G0 X37.034 Y4.325
;TYPE:WALL-INNER
G1 F3600 E1
G1 F3908.1 X39.325 Y4.325 E0.05572
G1 X39.325 Y-4.325 E0.21038
G1 X37.048 Y-4.325 E0.05538
G1 X37.166 Y-3.046 E0.03124
G1 X37.235 Y-2.028 E0.02482
G1 X37.275 Y-1.008 E0.02483
G1 X37.287 Y0.008 E0.02471
G1 X37.275 Y1.023 E0.02469
G1 X37.234 Y2.042 E0.0248
G1 X37.164 Y3.062 E0.02487
G1 X37.034 Y4.325 E0.03088
G1 F3600 E-1
G0 F12000 X36.555 Y4.75
;TYPE:WALL-OUTER
G1 F3600 E1
G1 F2400 X39.75 Y4.75 E0.07771
G1 X39.75 Y-4.75 E0.23105
G1 X36.556 Y-4.75 E0.07768
G1 X36.653 Y-3.968 E0.01917
G1 X36.742 Y-3.017 E0.02323
G1 X36.81 Y-2.011 E0.02452
G1 X36.85 Y-1.003 E0.02454
G1 X36.862 Y0.003 E0.02447
G1 X36.85 Y1.006 E0.0244
G1 X36.81 Y2.013 E0.02451
G1 X36.741 Y3.021 E0.02457
G1 X36.649 Y3.974 E0.02329
G1 X36.555 Y4.75 E0.01901
G0 F12000 X37.355 Y4.75
G0 X37.706 Y3.575
G1 F3600 E-1
;MESH:NONMESH
G0 F600 X37.706 Y3.575 Z5.11
G0 F12000 X36.887 Y4.053
G0 X-37.054 Y2.027
G0 X-37.675 Y1.072
G0 X-37.57 Y1.068
;TIME_ELAPSED:123.994618
;LAYER:37
;note -- min layer time used
;TYPE:FILL
;MESH:bridge.stl
G1 F3600 E1
G1 F7091.3 X-37.926 Y0.987 E0.00888
G1 X-38.829 Y0.999 E0.02196
G1 X-38.92 Y1.061 E0.00268
G1 X-38.92 Y-2.934 E0.09716
G1 X-38.219 Y-3.919 E0.0294
G1 F3600 E-1
G0 F12000 X-37.341 Y3.958
G0 X-36.94 Y4.325
;TYPE:WALL-INNER
G1 F3600 E1
G1 F3963.8 X-37.058 Y3.042 E0.03134
G1 X-37.127 Y2.024 E0.02482
G1 X-37.167 Y1.007 E0.02475
G1 X-37.183 Y-0.011 E0.02476
G1 X-37.167 Y-1.023 E0.02462
G1 X-37.126 Y-2.042 E0.0248
G1 X-37.057 Y-3.062 E0.02486
G1 X-36.928 Y-4.324 E0.03085
G1 X-39.325 Y-4.325 E0.0583
G1 X-39.325 Y4.325 E0.21038
G1 X-36.94 Y4.325 E0.05801
G1 F3600 E-1
G0 F12000 X-36.45 Y4.75
;TYPE:WALL-OUTER
G1 F3600 E1
G1 F2400 X-36.545 Y3.968 E0.01916
G1 X-36.634 Y3.013 E0.02333
G1 X-36.702 Y2.007 E0.02452
G1 X-36.742 Y1 E0.02451
G1 X-36.758 Y-0.005 E0.02445
G1 X-36.742 Y-1.006 E0.02435
G1 X-36.702 Y-2.013 E0.02451
G1 X-36.632 Y-3.035 E0.02491
G1 X-36.541 Y-3.974 E0.02294
G1 X-36.45 Y-4.749 E0.01898
G1 X-39.75 Y-4.75 E0.08026
G1 X-39.75 Y4.75 E0.23105
G1 X-36.45 Y4.75 E0.08026
G0 F12000 X-36.545 Y3.968
G0 X-36.546 Y3.957
G0 X-37.6 Y3.575
G1 F3600 E-1
G0 F12000 X-36.781 Y4.054
G0 X36.878 Y3.04
G0 X37.5 Y2.507
;TYPE:FILL
G1 F3600 E1
G1 F7091.3 X37.926 Y2.894 E0.014
G1 X38.656 Y3.92 E0.03063
G1 F3600 E-1
G0 F12000 X37.341 Y3.958
G0 X36.928 Y4.324
;TYPE:WALL-INNER
G1 F3600 E1
G1 F3963.8 X39.325 Y4.325 E0.0583
G1 X39.325 Y-4.325 E0.21038
G1 X36.94 Y-4.325 E0.05801
G1 X37.058 Y-3.046 E0.03124
G1 X37.127 Y-2.027 E0.02484
G1 X37.167 Y-1.011 E0.02473
G1 X37.183 Y0.011 E0.02486
G1 X37.167 Y1.023 E0.02462
G1 X37.126 Y2.042 E0.0248
G1 X37.057 Y3.062 E0.02486
G1 X36.928 Y4.324 E0.03085
G1 F3600 E-1
G0 F12000 X36.45 Y4.749
;TYPE:WALL-OUTER
G1 F3600 E1
G1 F2400 X39.75 Y4.75 E0.08026
G1 X39.75 Y-4.75 E0.23105
G1 X36.451 Y-4.75 E0.08024
G1 X36.545 Y-3.968 E0.01916
G1 X36.634 Y-3.017 E0.02323
G1 X36.702 Y-2.01 E0.02455
G1 X36.742 Y-1.004 E0.02449
G1 X36.758 Y0.005 E0.02454
G1 X36.742 Y1.006 E0.02435
G1 X36.702 Y2.013 E0.02451
G1 X36.632 Y3.035 E0.02491
G1 X36.541 Y3.974 E0.02294
G1 X36.45 Y4.749 E0.01898
G0 F12000 X37.25 Y4.749
G0 X37.6 Y3.575
G1 F3600 E-1
;MESH:NONMESH
G0 F600 X37.6 Y3.575 Z5.24
G0 F12000 X36.781 Y4.053
G0 X-36.947 Y2.027
G0 X-37.571 Y0.969
G0 X-37.468 Y0.968
;TIME_ELAPSED:127.800316
;LAYER:38
;note -- min layer time used
;TYPE:FILL
;MESH:bridge.stl
G1 F3600 E1
G1 F7256.6 X-37.926 Y0.832 E0.01162
G1 X-38.829 Y0.735 E0.02209
G1 X-38.919 Y0.786 E0.00252
G1 X-38.919 Y-2.743 E0.08583
G1 X-38.159 Y-3.919 E0.03406
G1 F3600 E-1
G0 F12000 X-37.234 Y3.958
G0 X-36.832 Y4.325
;TYPE:WALL-INNER
G1 F3600 E1
G1 F4018.9 X-36.95 Y3.045 E0.03126
G1 X-37.023 Y2.023 E0.02492
G1 X-37.063 Y1.005 E0.02478
G1 X-37.075 Y-0.009 E0.02466
G1 X-37.063 Y-1.023 E0.02466
G1 X-37.022 Y-2.045 E0.02488
G1 X-36.949 Y-3.059 E0.02473
G1 X-36.831 Y-4.325 E0.03092
G1 X-39.324 Y-4.324 E0.06063
G1 X-39.324 Y4.324 E0.21033
G1 X-36.832 Y4.325 E0.06061
G1 F3600 E-1
G0 F12000 X-36.342 Y4.75
;TYPE:WALL-OUTER
G1 F3600 E1
G1 F2400 X-36.437 Y3.968 E0.01916
G1 X-36.526 Y3.014 E0.0233
G1 X-36.598 Y2.006 E0.02458
G1 X-36.638 Y1 E0.02449
G1 X-36.65 Y-0.004 E0.02442
G1 X-36.638 Y-1.006 E0.02437
G1 X-36.598 Y-2.014 E0.02454
G1 X-36.525 Y-3.02 E0.02453
G1 X-36.437 Y-3.974 E0.0233
G1 X-36.343 Y-4.75 E0.01901
G1 X-39.749 Y-4.749 E0.08284
G1 X-39.749 Y4.749 E0.23101
G1 X-36.342 Y4.75 E0.08286
G0 F12000 X-36.437 Y3.968
G0 X-36.438 Y3.957
G0 X-37.493 Y3.575
G1 F3600 E-1
G0 F12000 X-36.674 Y4.053
G0 X36.771 Y3.04
G0 X37.4 Y2.431
;TYPE:FILL
G1 F3600 E1
G1 F7256.6 X37.926 Y2.943 E0.01785
G1 X38.557 Y3.92 E0.02829
G1 F3600 E-1
G0 F12000 X37.234 Y3.958
G0 X36.831 Y4.325
;TYPE:WALL-INNER
G1 F3600 E1
G1 F4018.9 X39.325 Y4.325 E0.06066
G1 X39.325 Y-4.324 E0.21036
G1 X36.831 Y-4.325 E0.06066
G1 X36.95 Y-3.049 E0.03117
G1 X37.023 Y-2.027 E0.02492
G1 X37.063 Y-1.009 E0.02478
G1 X37.075 Y0.009 E0.02476
G1 X37.063 Y1.023 E0.02466
G1 X37.022 Y2.045 E0.02488
G1 X36.949 Y3.059 E0.02473
G1 X36.831 Y4.325 E0.03092
G1 F3600 E-1
G0 F12000 X36.343 Y4.75
;TYPE:WALL-OUTER
G1 F3600 E1
G1 F2400 X39.75 Y4.75 E0.08286
G1 X39.75 Y-4.749 E0.23103
G1 X36.343 Y-4.75 E0.08286
G1 X36.437 Y-3.968 E0.01916
G1 X36.526 Y-3.018 E0.02321
G1 X36.598 Y-2.01 E0.02458
G1 X36.638 Y-1.004 E0.02449
G1 X36.65 Y0.004 E0.02452
G1 X36.638 Y1.006 E0.02437
G1 X36.598 Y2.014 E0.02454
G1 X36.525 Y3.02 E0.02453
G1 X36.437 Y3.974 E0.0233
G1 X36.343 Y4.75 E0.01901
G0 F12000 X37.143 Y4.75
G0 X37.493 Y3.575
G1 F3600 E-1
;MESH:NONMESH
G0 F600 X37.493 Y3.575 Z5.37
G0 F12000 X36.674 Y4.053
G0 X-36.841 Y2.027
G0 X-37.466 Y0.876
G0 X-37.362 Y0.875
;TIME_ELAPSED:131.616104
;LAYER:39
;note -- min layer time used
;TYPE:FILL
;MESH:bridge.stl
G1 F3600 E1
G1 F7429.1 X-37.926 Y0.666 E0.01463
G1 X-38.829 Y0.423 E0.02274
G1 X-38.92 Y0.447 E0.00229
G1 X-38.919 Y-2.51 E0.07192
G1 X-38.106 Y-3.919 E0.03956
G1 F3600 E-1
G0 F12000 X-37.128 Y3.958
G0 X-36.728 Y4.325
;TYPE:WALL-INNER
G1 F3600 E1
G1 F4076.4 X-36.846 Y3.042 E0.03134
G1 X-36.915 Y2.023 E0.02484
G1 X-36.955 Y1.004 E0.0248
G1 X-36.967 Y-0.009 E0.02464
G1 X-36.955 Y-1.023 E0.02466
G1 X-36.914 Y-2.042 E0.0248
G1 X-36.844 Y-3.062 E0.02487
G1 X-36.714 Y-4.325 E0.03088
G1 X-39.324 Y-4.324 E0.06348
G1 X-39.325 Y4.325 E0.21036
G1 X-36.728 Y4.325 E0.06316
G1 F3600 E-1
G0 F12000 X-36.235 Y4.75
;TYPE:WALL-OUTER
G1 F3600 E1
G1 F2400 X-36.333 Y3.968 E0.01917
G1 X-36.422 Y3.013 E0.02333
G1 X-36.49 Y2.006 E0.02455
G1 X-36.53 Y0.999 E0.02451
G1 X-36.542 Y-0.003 E0.02437
G1 X-36.53 Y-1.006 E0.0244
G1 X-36.49 Y-2.014 E0.02454
G1 X-36.421 Y-3.021 E0.02455
G1 X-36.329 Y-3.974 E0.02329
G1 X-36.235 Y-4.75 E0.01901
G1 X-39.749 Y-4.749 E0.08547
G1 X-39.75 Y4.75 E0.23103
G1 X-36.235 Y4.75 E0.08549
G0 F12000 X-36.333 Y3.968
G0 X-36.334 Y3.957
G0 X-37.387 Y3.575
G1 F3600 E-1
G0 F12000 X-36.568 Y4.054
G0 X36.665 Y3.04
G0 X37.3 Y2.338
;TYPE:FILL
G1 F3600 E1
G1 F7429.1 X37.926 Y2.992 E0.02202
G1 X38.461 Y3.92 E0.02605
G1 F3600 E-1
G0 F12000 X37.128 Y3.958
G0 X36.714 Y4.325
;TYPE:WALL-INNER
G1 F3600 E1
G1 F4076.4 X39.325 Y4.325 E0.0635
G1 X39.325 Y-4.325 E0.21038
G1 X36.728 Y-4.325 E0.06316
G1 X36.846 Y-3.046 E0.03124
G1 X36.915 Y-2.027 E0.02484
G1 X36.955 Y-1.008 E0.0248
G1 X36.967 Y0.009 E0.02474
G1 X36.955 Y1.023 E0.02466
G1 X36.914 Y2.042 E0.0248
G1 X36.844 Y3.062 E0.02487
G1 X36.714 Y4.325 E0.03088
G1 F3600 E-1
G0 F12000 X36.235 Y4.75
;TYPE:WALL-OUTER
G1 F3600 E1
G1 F2400 X39.75 Y4.75 E0.08549
G1 X39.75 Y-4.75 E0.23105
G1 X36.236 Y-4.75 E0.08547
G1 X36.333 Y-3.968 E0.01917
G1 X36.422 Y-3.017 E0.02323
G1 X36.49 Y-2.01 E0.02455
G1 X36.53 Y-1.003 E0.02451
G1 X36.542 Y0.003 E0.02447
G1 X36.53 Y1.006 E0.0244
G1 X36.49 Y2.014 E0.02454
G1 X36.421 Y3.021 E0.02455
G1 X36.329 Y3.974 E0.02329
G1 X36.235 Y4.75 E0.01901
G0 F12000 X37.035 Y4.75
G0 X37.387 Y3.575
G1 F3600 E-1
;MESH:NONMESH
G0 F600 X37.387 Y3.575 Z5.5
G0 F12000 X36.568 Y4.054
G0 X-36.776 Y1.013
G0 X-37.256 Y0.782
;TIME_ELAPSED:135.414217
;LAYER:40
;note -- min layer time used
;TYPE:FILL
;MESH:bridge.stl
G1 F3600 E1
G1 F7599 X-38.873 Y0.00 E0.04369
G1 X-38.92 Y-.121 E0.00316
G1 X-38.92 Y-2.092 E0.04794
G1 X-38.704 Y-2.709 E0.0159
G1 X-38.279 Y-3.612 E0.02427
G1 X-38.074 Y-3.92 E0.009
G1 F3600 E-1
G0 F12000 X-37.02 Y3.958
G0 X-36.618 Y4.324
;TYPE:WALL-INNER
G1 F3600 E1
G1 F4133 X-36.747 Y2.952 E0.03352
G1 X-36.807 Y2.023 E0.02264
G1 X-36.847 Y1.007 E0.02473
G1 X-36.863 Y-0.011 E0.02476
G1 X-36.847 Y-1.024 E0.02464
G1 X-36.806 Y-2.042 E0.02478
G1 X-36.737 Y-3.061 E0.02484
G1 X-36.616 Y-4.325 E0.03088
G1 X-39.325 Y-4.325 E0.06589
G1 X-39.324 Y4.324 E0.21036
G1 X-36.618 Y4.324 E0.06581
G1 F3600 E-1
G0 F12000 X-36.125 Y4.749
;TYPE:WALL-OUTER
G1 F3600 E1
G1 F2400 X-36.221 Y4.008 E0.01817
G1 X-36.323 Y2.925 E0.02646
G1 X-36.382 Y2.006 E0.0224
G1 X-36.422 Y1.001 E0.02446
G1 X-36.438 Y-0.005 E0.02447
G1 X-36.422 Y-1.007 E0.02437
G1 X-36.382 Y-2.013 E0.02449
G1 X-36.313 Y-3.02 E0.02455
G1 X-36.224 Y-3.948 E0.02267
G1 X-36.124 Y-4.75 E0.01966
G1 X-39.75 Y-4.75 E0.08819
G1 X-39.749 Y4.749 E0.23103
G1 X-36.125 Y4.749 E0.08814
G0 F12000 X-36.221 Y4.008
G0 X-36.225 Y3.956
G0 X-37.279 Y3.575
G1 F3600 E-1
G0 F12000 X-36.457 Y4.089
G0 X36.558 Y3.04
G0 X37.199 Y2.24
;TYPE:FILL
G1 F3600 E1
G1 F7599 X37.679 Y2.709 E0.01632
G1 X38.28 Y3.612 E0.02638
G1 X38.425 Y3.92 E0.00828
G1 F3600 E-1
G0 F12000 X37.021 Y3.958
G0 X36.616 Y4.325
;TYPE:WALL-INNER
G1 F3600 E1
G1 F4133 X39.325 Y4.325 E0.06589
G1 X39.325 Y-4.325 E0.21038
G1 X36.618 Y-4.324 E0.06584
G1 X36.747 Y-2.953 E0.03349
G1 X36.807 Y-2.027 E0.02257
G1 X36.847 Y-1.011 E0.02473
G1 X36.863 Y0.011 E0.02486
G1 X36.847 Y1.024 E0.02464
G1 X36.806 Y2.042 E0.02478
G1 X36.737 Y3.061 E0.02484
G1 X36.616 Y4.325 E0.03088
G1 F3600 E-1
G0 F12000 X36.124 Y4.75
;TYPE:WALL-OUTER
G1 F3600 E1
G1 F2400 X39.75 Y4.75 E0.08819
G1 X39.75 Y-4.75 E0.23105
G1 X36.125 Y-4.749 E0.08817
G1 X36.221 Y-4.008 E0.01817
G1 X36.323 Y-2.926 E0.02643
G1 X36.382 Y-2.01 E0.02232
G1 X36.422 Y-1.005 E0.02446
G1 X36.438 Y0.005 E0.02457
G1 X36.422 Y1.007 E0.02437
G1 X36.382 Y2.013 E0.02449
G1 X36.313 Y3.02 E0.02455
G1 X36.224 Y3.948 E0.02267
G1 X36.124 Y4.75 E0.01966
G0 F12000 X36.924 Y4.75
G0 X37.28 Y3.575
G1 F3600 E-1
;MESH:NONMESH
G0 F600 X37.28 Y3.575 Z5.63
G0 F12000 X36.464 Y4.027
G0 X-36.669 Y1.013
G0 X-37.151 Y0.702
;TIME_ELAPSED:139.214972
;LAYER:41
;note -- min layer time used
;TYPE:FILL
;MESH:bridge.stl
G1 F3600 E1
G1 F7789.5 X-38.374 Y0.00 E0.0343
G1 X-38.92 Y-.898 E0.02556
G1 X-38.857 Y-1.806 E0.02214
G1 X-38.606 Y-2.709 E0.02279
G1 X-38.224 Y-3.612 E0.02385
G1 X-38.033 Y-3.92 E0.00881
G1 F3600 E-1
G0 F12000 X-36.911 Y3.958
G0 X-36.507 Y4.325
;TYPE:WALL-INNER
G1 F3600 E1
G1 F4196.5 X-36.634 Y3.035 E0.03153
G1 X-36.703 Y2.022 E0.02469
G1 X-36.743 Y0.932 E0.02653
G1 X-36.755 Y-0.089 E0.02483
G1 X-36.743 Y-1.024 E0.02274
G1 X-36.702 Y-2.044 E0.02483
G1 X-36.632 Y-3.026 E0.02394
G1 X-36.505 Y-4.325 E0.03174
G1 X-39.325 Y-4.325 E0.06859
G1 X-39.325 Y4.325 E0.21038
G1 X-36.507 Y4.325 E0.06854
G1 F3600 E-1
G0 F12000 X-36.016 Y4.75
;TYPE:WALL-OUTER
G1 F3600 E1
G1 F2400 X-36.109 Y4.021 E0.01787
G1 X-36.21 Y3.006 E0.02481
G1 X-36.278 Y2.006 E0.02438
G1 X-36.318 Y0.927 E0.02626
G1 X-36.33 Y-0.084 E0.02459
G1 X-36.318 Y-1.007 E0.02245
G1 X-36.278 Y-2.014 E0.02451
G1 X-36.209 Y-2.985 E0.02368
G1 X-36.113 Y-3.976 E0.02422
G1 X-36.016 Y-4.75 E0.01897
G1 X-39.75 Y-4.75 E0.09082
G1 X-39.75 Y4.75 E0.23105
G1 X-36.016 Y4.75 E0.09082
G0 F12000 X-36.109 Y4.021
G0 X-36.115 Y3.957
G0 X-37.318 Y3.736
G1 F3600 E-1
G0 F12000 X-36.286 Y4.512
G0 X36.454 Y3.003
G0 X37.103 Y2.121
;TYPE:FILL
G1 F3600 E1
G1 F7789.5 X37.665 Y2.709 E0.01978
G1 X38.225 Y3.612 E0.02584
G1 X38.355 Y3.92 E0.00813
G1 F3600 E-1
G0 F12000 X36.91 Y3.958
G0 X36.507 Y4.325
;TYPE:WALL-INNER
G1 F3600 E1
G1 F4196.5 X39.325 Y4.325 E0.06854
G1 X39.325 Y-4.325 E0.21038
G1 X36.508 Y-4.325 E0.06851
G1 X36.634 Y-3.035 E0.03152
G1 X36.703 Y-2.026 E0.0246
G1 X36.743 Y-.936 E0.02653
G1 X36.755 Y0.089 E0.02493
G1 X36.743 Y1.024 E0.02274
G1 X36.702 Y2.044 E0.02483
G1 X36.632 Y3.026 E0.02394
G1 X36.507 Y4.325 E0.03174
G1 F3600 E-1
G0 F12000 X36.016 Y4.75
;TYPE:WALL-OUTER
G1 F3600 E1
G1 F2400 X39.75 Y4.75 E0.09082
G1 X39.75 Y-4.75 E0.23105
G1 X36.017 Y-4.75 E0.09079
G1 X36.109 Y-4.025 E0.01777
G1 X36.21 Y-3.006 E0.02491
G1 X36.278 Y-2.01 E0.02428
G1 X36.318 Y-.931 E0.02626
G1 X36.33 Y0.084 E0.02469
G1 X36.318 Y1.007 E0.02245
G1 X36.278 Y2.014 E0.02451
G1 X36.209 Y2.985 E0.02368
G1 X36.113 Y3.976 E0.02422
G1 X36.016 Y4.75 E0.01897
G0 F12000 X36.816 Y4.75
G0 X37.316 Y3.738
G1 F3600 E-1
;MESH:NONMESH
G0 F600 X37.316 Y3.738 Z5.76
G0 F12000 X36.286 Y4.512
G0 X-36.565 Y0.941
G0 X-37.045 Y0.634
;TIME_ELAPSED:143.036121
;LAYER:42
;note -- min layer time used
;TYPE:FILL
;MESH:bridge.stl
G1 F3600 E1
G1 F7996.4 X-38.033 Y0.00 E0.02855
G1 X-38.669 Y-.903 E0.02686
G1 X-38.706 Y-1.806 E0.02198
G1 X-38.514 Y-2.709 E0.02245
G1 X-38.174 Y-3.612 E0.02347
G1 X-37.997 Y-3.92 E0.00864
G1 F3600 E-1
G0 F12000 X-36.8 Y3.958
G0 X-36.395 Y4.325
;TYPE:WALL-INNER
G1 F3600 E1
G1 F4265.5 X-36.526 Y2.992 E0.03258
G1 X-36.587 Y2.116 E0.02136
G1 X-36.635 Y1.045 E0.02607
G1 X-36.647 Y0.015 E0.02505
G1 X-36.635 Y-.989 E0.02442
G1 X-36.594 Y-1.965 E0.02376
G1 X-36.524 Y-3.011 E0.0255
G1 X-36.395 Y-4.325 E0.03211
G1 X-39.325 Y-4.325 E0.07126
G1 X-39.325 Y4.325 E0.21038
G1 X-36.395 Y4.325 E0.07126
G1 F3600 E-1
G0 F12000 X-35.904 Y4.75
;TYPE:WALL-OUTER
G1 F3600 E1
G1 F2400 X-35.997 Y4.021 E0.01787
G1 X-36.102 Y2.962 E0.02588
G1 X-36.162 Y2.096 E0.02111
G1 X-36.21 Y1.039 E0.02573
G1 X-36.222 Y0.02 E0.02479
G1 X-36.21 Y-.971 E0.0241
G1 X-36.17 Y-1.937 E0.02351
G1 X-36.101 Y-2.969 E0.02516
G1 X-35.997 Y-4.028 E0.02588
G1 X-35.904 Y-4.75 E0.01771
G1 X-39.75 Y-4.75 E0.09354
G1 X-39.75 Y4.75 E0.23105
G1 X-35.904 Y4.75 E0.09354
G0 F12000 X-35.997 Y4.021
G0 X-36.003 Y3.957
G0 X-37.207 Y3.737
G1 F3600 E-1
G0 F12000 X-36.175 Y4.512
G0 X36.34 Y3.041
G0 X36.999 Y1.972
;TYPE:FILL
G1 F3600 E1
G1 F7996.4 X37.656 Y2.709 E0.02401
G1 X38.175 Y3.612 E0.02533
G1 X38.291 Y3.92 E0.008
G1 F3600 E-1
G0 F12000 X36.799 Y3.958
G0 X36.395 Y4.325
;TYPE:WALL-INNER
G1 F3600 E1
G1 F4265.5 X39.325 Y4.325 E0.07126
G1 X39.325 Y-4.325 E0.21038
G1 X36.396 Y-4.325 E0.07124
G1 X36.526 Y-2.992 E0.03257
G1 X36.587 Y-2.12 E0.02126
G1 X36.635 Y-1.049 E0.02607
G1 X36.647 Y-0.015 E0.02515
G1 X36.635 Y0.989 E0.02442
G1 X36.594 Y1.965 E0.02376
G1 X36.524 Y3.011 E0.0255
G1 X36.395 Y4.325 E0.03211
G1 F3600 E-1
G0 F12000 X35.904 Y4.75
;TYPE:WALL-OUTER
G1 F3600 E1
G1 F2400 X39.75 Y4.75 E0.09354
G1 X39.75 Y-4.75 E0.23105
G1 X35.905 Y-4.75 E0.09352
G1 X35.997 Y-4.025 E0.01777
G1 X36.102 Y-2.962 E0.02598
G1 X36.162 Y-2.1 E0.02102
G1 X36.21 Y-1.043 E0.02573
G1 X36.222 Y-0.02 E0.02488
G1 X36.21 Y0.971 E0.0241
G1 X36.17 Y1.937 E0.02351
G1 X36.101 Y2.969 E0.02516
G1 X35.997 Y4.028 E0.02588
G1 X35.904 Y4.75 E0.01771
G0 F12000 X36.704 Y4.75
G0 X37.058 Y3.575
G1 F3600 E-1
;MESH:NONMESH
G0 F600 X37.058 Y3.575 Z5.89
G0 F12000 X36.239 Y4.055
G0 X-36.454 Y1.054
G0 X-36.935 Y0.58
;TIME_ELAPSED:146.864675
;LAYER:43
;note -- min layer time used
;TYPE:FILL
;MESH:bridge.stl
G1 F3600 E1
G1 F8180.5 X-37.763 Y0.00 E0.02459
G1 X-38.447 Y-.903 E0.02755
G1 X-38.565 Y-1.806 E0.02215
G1 X-38.429 Y-2.709 E0.02221
G1 X-38.13 Y-3.612 E0.02313
G1 X-37.967 Y-3.92 E0.00848
G1 F3600 E-1
G0 F12000 X-36.689 Y3.958
G0 X-36.285 Y4.326
;TYPE:WALL-INNER
G1 F3600 E1
G1 F4326.8 X-36.41 Y3.045 E0.0313
G1 X-36.483 Y2.024 E0.0249
G1 X-36.523 Y1.007 E0.02475
G1 X-36.539 Y-0.011 E0.02476
G1 X-36.523 Y-1.023 E0.02462
G1 X-36.482 Y-2.045 E0.02488
G1 X-36.408 Y-3.062 E0.0248
G1 X-36.285 Y-4.325 E0.03086
G1 X-39.325 Y-4.325 E0.07394
G1 X-39.325 Y4.325 E0.21038
G1 X-36.285 Y4.326 E0.07394
G1 F3600 E-1
G0 F12000 X-35.792 Y4.75
;TYPE:WALL-OUTER
G1 F3600 E1
G1 F2400 X-35.893 Y3.969 E0.01915
G1 X-35.986 Y3.014 E0.02334
G1 X-36.058 Y2.007 E0.02455
G1 X-36.098 Y1 E0.02451
G1 X-36.114 Y-0.004 E0.02442
G1 X-36.098 Y-1.006 E0.02437
G1 X-36.058 Y-2.014 E0.02454
G1 X-35.985 Y-3.021 E0.02456
G1 X-35.893 Y-3.976 E0.02333
G1 X-35.796 Y-4.75 E0.01897
G1 X-39.75 Y-4.75 E0.09617
G1 X-39.75 Y4.75 E0.23105
G1 X-35.792 Y4.75 E0.09626
G0 F12000 X-35.893 Y3.969
G0 X-35.894 Y3.958
G0 X-37.096 Y3.737
G1 F3600 E-1
G0 F12000 X-36.065 Y4.512
G0 X36.229 Y3.041
G0 X36.897 Y1.801
;TYPE:FILL
G1 F3600 E1
G1 F8180.5 X36.903 Y1.806 E0.00019
G1 X36.897 Y1.801 E0.00019
G1 X36.903 Y1.806
G1 X37.652 Y2.709 E0.02853
G1 X38.131 Y3.612 E0.02486
G1 X38.233 Y3.92 E0.00789
G1 F3600 E-1
G0 F12000 X36.689 Y3.958
G0 X36.285 Y4.325
;TYPE:WALL-INNER
G1 F3600 E1
G1 F4326.8 X39.325 Y4.325 E0.07394
G1 X39.325 Y-4.325 E0.21038
G1 X36.285 Y-4.325 E0.07394
G1 X36.41 Y-3.049 E0.03118
G1 X36.483 Y-2.028 E0.0249
G1 X36.523 Y-1.011 E0.02475
G1 X36.539 Y0.011 E0.02486
G1 X36.523 Y1.023 E0.02462
G1 X36.482 Y2.045 E0.02488
G1 X36.408 Y3.062 E0.0248
G1 X36.285 Y4.325 E0.03086
G1 F3600 E-1
G0 F12000 X35.796 Y4.75
;TYPE:WALL-OUTER
G1 F3600 E1
G1 F2400 X39.75 Y4.75 E0.09617
G1 X39.75 Y-4.75 E0.23105
G1 X35.793 Y-4.75 E0.09624
G1 X35.893 Y-3.969 E0.01915
G1 X35.986 Y-3.018 E0.02324
G1 X36.058 Y-2.011 E0.02455
G1 X36.098 Y-1.004 E0.02451
G1 X36.114 Y0.004 E0.02452
G1 X36.098 Y1.006 E0.02437
G1 X36.058 Y2.014 E0.02454
G1 X35.985 Y3.021 E0.02456
G1 X35.893 Y3.976 E0.02333
G1 X35.796 Y4.75 E0.01897
G0 F12000 X36.596 Y4.75
G0 X37.095 Y3.738
G1 F3600 E-1
;MESH:NONMESH
G0 F600 X37.095 Y3.738 Z6.02
G0 F12000 X36.065 Y4.512
G0 X-36.344 Y1.013
G0 X-36.823 Y0.535
;TIME_ELAPSED:150.707784
;LAYER:44
;note -- min layer time used
;TYPE:FILL
;MESH:bridge.stl
G1 F3600 E1
G1 F8344.3 X-37.535 Y0.00 E0.02166
G1 X-38.248 Y-.903 E0.02798
G1 X-38.434 Y-1.806 E0.02242
G1 X-38.349 Y-2.709 E0.02206
G1 X-38.09 Y-3.612 E0.02285
G1 X-37.94 Y-3.92 E0.00833
G1 F3600 E-1
G0 F12000 X-36.578 Y3.958
G0 X-36.173 Y4.325
;TYPE:WALL-INNER
G1 F3600 E1
G1 F4381.4 X-36.298 Y3.045 E0.03128
G1 X-36.371 Y2.023 E0.02492
G1 X-36.411 Y1.007 E0.02473
G1 X-36.427 Y-0.011 E0.02476
G1 X-36.411 Y-1.023 E0.02462
G1 X-36.37 Y-2.045 E0.02488
G1 X-36.296 Y-3.062 E0.0248
G1 X-36.173 Y-4.325 E0.03086
G1 X-39.325 Y-4.325 E0.07666
G1 X-39.325 Y4.325 E0.21038
G1 X-36.173 Y4.325 E0.07666
G1 F3600 E-1
G0 F12000 X-35.683 Y4.75
;TYPE:WALL-OUTER
G1 F3600 E1
G1 F2400 X-35.781 Y3.969 E0.01914
G1 X-35.874 Y3.014 E0.02334
G1 X-35.946 Y2.006 E0.02458
G1 X-35.986 Y1 E0.02449
G1 X-36.002 Y-0.005 E0.02445
G1 X-35.986 Y-1.006 E0.02435
G1 X-35.946 Y-2.014 E0.02454
G1 X-35.873 Y-3.021 E0.02456
G1 X-35.781 Y-3.976 E0.02333
G1 X-35.684 Y-4.75 E0.01897
G1 X-39.75 Y-4.75 E0.09889
G1 X-39.75 Y4.75 E0.23105
G1 X-35.683 Y4.75 E0.09892
G0 F12000 X-35.781 Y3.969
G0 X-35.782 Y3.957
G0 X-36.985 Y3.737
G1 F3600 E-1
G0 F12000 X-35.954 Y4.512
G0 X36.19 Y2.028
G0 X36.79 Y1.664
;TYPE:FILL
G1 F3600 E1
G1 F8344.3 X36.955 Y1.806 E0.00529
G1 X37.652 Y2.709 E0.02774
G1 X38.091 Y3.612 E0.02442
G1 X38.179 Y3.92 E0.00779
G1 F3600 E-1
G0 F12000 X36.578 Y3.958
G0 X36.173 Y4.325
;TYPE:WALL-INNER
G1 F3600 E1
G1 F4381.4 X39.325 Y4.325 E0.07666
G1 X39.325 Y-4.325 E0.21038
G1 X36.173 Y-4.325 E0.07666
G1 X36.298 Y-3.049 E0.03118
G1 X36.371 Y-2.027 E0.02492
G1 X36.411 Y-1.011 E0.02473
G1 X36.427 Y0.011 E0.02486
G1 X36.411 Y1.023 E0.02462
G1 X36.37 Y2.045 E0.02488
G1 X36.296 Y3.062 E0.0248
G1 X36.173 Y4.325 E0.03086
G1 F3600 E-1
G0 F12000 X35.684 Y4.75
;TYPE:WALL-OUTER
G1 F3600 E1
G1 F2400 X39.75 Y4.75 E0.09889
G1 X39.75 Y-4.75 E0.23105
G1 X35.684 Y-4.75 E0.09889
G1 X35.781 Y-3.969 E0.01914
G1 X35.874 Y-3.018 E0.02324
G1 X35.946 Y-2.01 E0.02458
G1 X35.986 Y-1.004 E0.02449
G1 X36.002 Y0.005 E0.02454
G1 X35.986 Y1.006 E0.02435
G1 X35.946 Y2.014 E0.02454
G1 X35.873 Y3.021 E0.02456
G1 X35.781 Y3.976 E0.02333
G1 X35.684 Y4.75 E0.01897
G0 F12000 X36.484 Y4.75
G0 X36.984 Y3.738
G1 F3600 E-1
;MESH:NONMESH
G0 F600 X36.984 Y3.738 Z6.15
G0 F12000 X35.954 Y4.512
G0 X-36.233 Y1.013
G0 X-36.714 Y0.497
;TIME_ELAPSED:154.540884
;LAYER:45
;note -- min layer time used
;TYPE:FILL
;MESH:bridge.stl
G1 F3600 E1
G1 F8552 X-37.335 Y0.00 E0.01935
G1 X-38.068 Y-.903 E0.02829
G1 X-38.311 Y-1.806 E0.02274
G1 X-38.274 Y-2.709 E0.02198
G1 X-38.055 Y-3.612 E0.0226
G1 X-37.919 Y-3.919 E0.00817
G1 F3600 E-1
G0 F12000 X-36.468 Y3.958
G0 X-36.067 Y4.326
;TYPE:WALL-INNER
G1 F3600 E1
G1 F4450.7 X-36.186 Y3.045 E0.03129
G1 X-36.259 Y2.026 E0.02485
G1 X-36.303 Y1.005 E0.02486
G1 X-36.315 Y-0.009 E0.02466
G1 X-36.303 Y-1.026 E0.02474
G1 X-36.258 Y-2.045 E0.02481
G1 X-36.184 Y-3.062 E0.0248
G1 X-36.061 Y-4.325 E0.03086
G1 X-39.324 Y-4.324 E0.07936
G1 X-39.325 Y4.325 E0.21036
G1 X-36.067 Y4.326 E0.07924
G1 F3600 E-1
G0 F12000 X-35.572 Y4.75
;TYPE:WALL-OUTER
G1 F3600 E1
G1 F2400 X-35.673 Y3.968 E0.01918
G1 X-35.762 Y3.014 E0.0233
G1 X-35.834 Y2.007 E0.02455
G1 X-35.878 Y0.999 E0.02454
G1 X-35.89 Y-0.003 E0.02437
G1 X-35.878 Y-1.007 E0.02442
G1 X-35.834 Y-2.014 E0.02452
G1 X-35.761 Y-3.021 E0.02456
G1 X-35.669 Y-3.976 E0.02333
G1 X-35.572 Y-4.75 E0.01897
G1 X-39.749 Y-4.749 E0.10159
G1 X-39.75 Y4.75 E0.23103
G1 X-35.572 Y4.75 E0.10162
G0 F12000 X-35.673 Y3.968
G0 X-35.674 Y3.957
G0 X-36.874 Y3.737
G1 F3600 E-1
G0 F12000 X-35.844 Y4.512
G0 X36.079 Y2.028
G0 X36.687 Y1.508
;TYPE:FILL
G1 F3600 E1
G1 F8552 X37.009 Y1.806 E0.01067
G1 X37.656 Y2.709 E0.02702
G1 X38.056 Y3.612 E0.02402
G1 X38.131 Y3.92 E0.00771
G1 F3600 E-1
G0 F12000 X36.468 Y3.958
G0 X36.061 Y4.325
;TYPE:WALL-INNER
G1 F3600 E1
G1 F4450.7 X39.325 Y4.325 E0.07939
G1 X39.325 Y-4.325 E0.21038
G1 X36.067 Y-4.325 E0.07924
G1 X36.186 Y-3.049 E0.03117
G1 X36.259 Y-2.03 E0.02485
G1 X36.303 Y-1.009 E0.02486
G1 X36.315 Y0.009 E0.02476
G1 X36.303 Y1.026 E0.02474
G1 X36.258 Y2.045 E0.02481
G1 X36.184 Y3.062 E0.0248
G1 X36.061 Y4.325 E0.03086
G1 F3600 E-1
G0 F12000 X35.572 Y4.75
;TYPE:WALL-OUTER
G1 F3600 E1
G1 F2400 X39.75 Y4.75 E0.10162
G1 X39.75 Y-4.75 E0.23105
G1 X35.573 Y-4.75 E0.10159
G1 X35.673 Y-3.968 E0.01917
G1 X35.762 Y-3.018 E0.02321
G1 X35.834 Y-2.011 E0.02455
G1 X35.878 Y-1.003 E0.02454
G1 X35.89 Y0.003 E0.02447
G1 X35.878 Y1.007 E0.02442
G1 X35.834 Y2.014 E0.02452
G1 X35.761 Y3.021 E0.02456
G1 X35.669 Y3.976 E0.02333
G1 X35.572 Y4.75 E0.01897
G0 F12000 X36.372 Y4.75
G0 X36.727 Y3.575
G1 F3600 E-1
;MESH:NONMESH
G0 F600 X36.727 Y3.575 Z6.28
G0 F12000 X35.908 Y4.055
G0 X-36.122 Y1.013
G0 X-36.602 Y0.466
;TIME_ELAPSED:158.381491
;LAYER:46
;note -- min layer time used
;TYPE:FILL
;MESH:bridge.stl
G1 F3600 E1
G1 F8742.5 X-37.155 Y0.00 E0.01759
G1 X-37.903 Y-.903 E0.02852
G1 X-38.196 Y-1.806 E0.02309
G1 X-38.205 Y-2.709 E0.02196
G1 X-38.025 Y-3.612 E0.02239
G1 X-37.902 Y-3.919 E0.00804
G1 F3600 E-1
G0 F12000 X-36.357 Y3.958
G0 X-35.953 Y4.325
;TYPE:WALL-INNER
G1 F3600 E1
G1 F4514.2 X-36.078 Y3.042 E0.03135
G1 X-36.147 Y2.026 E0.02477
G1 X-36.191 Y1.005 E0.02486
G1 X-36.203 Y-0.009 E0.02466
G1 X-36.191 Y-1.026 E0.02474
G1 X-36.146 Y-2.042 E0.02473
G1 X-36.076 Y-3.062 E0.02487
G1 X-35.953 Y-4.325 E0.03086
G1 X-39.324 Y-4.324 E0.08199
G1 X-39.325 Y4.325 E0.21036
G1 X-35.953 Y4.325 E0.08201
G1 F3600 E-1
G0 F12000 X-35.463 Y4.75
;TYPE:WALL-OUTER
G1 F3600 E1
G1 F2400 X-35.561 Y3.969 E0.01914
G1 X-35.654 Y3.013 E0.02336
G1 X-35.722 Y2.008 E0.0245
G1 X-35.766 Y1 E0.02454
G1 X-35.778 Y-0.004 E0.02442
G1 X-35.766 Y-1.008 E0.02442
G1 X-35.722 Y-2.013 E0.02447
G1 X-35.653 Y-3.021 E0.02457
G1 X-35.561 Y-3.976 E0.02333
G1 X-35.464 Y-4.75 E0.01897
G1 X-39.749 Y-4.749 E0.10422
G1 X-39.75 Y4.75 E0.23103
G1 X-35.463 Y4.75 E0.10427
G0 F12000 X-35.561 Y3.969
G0 X-35.562 Y3.957
G0 X-36.764 Y3.737
G1 F3600 E-1
G0 F12000 X-35.733 Y4.512
G0 X35.968 Y2.028
G0 X36.583 Y1.328
;TYPE:FILL
G1 F3600 E1
G1 F8742.5 X37.065 Y1.806 E0.01651
G1 X37.665 Y2.709 E0.02637
G1 X38.026 Y3.612 E0.02365
G1 X38.087 Y3.92 E0.00764
G1 F3600 E-1
G0 F12000 X36.357 Y3.958
G0 X35.953 Y4.325
;TYPE:WALL-INNER
G1 F3600 E1
G1 F4514.2 X39.325 Y4.325 E0.08201
G1 X39.325 Y-4.325 E0.21038
G1 X35.953 Y-4.325 E0.08201
G1 X36.078 Y-3.046 E0.03126
G1 X36.147 Y-2.03 E0.02477
G1 X36.191 Y-1.009 E0.02486
G1 X36.203 Y0.009 E0.02476
G1 X36.191 Y1.026 E0.02474
G1 X36.146 Y2.042 E0.02473
G1 X36.076 Y3.062 E0.02487
G1 X35.953 Y4.325 E0.03086
G1 F3600 E-1
G0 F12000 X35.464 Y4.75
;TYPE:WALL-OUTER
G1 F3600 E1
G1 F2400 X39.75 Y4.75 E0.10424
G1 X39.75 Y-4.75 E0.23105
G1 X35.464 Y-4.75 E0.10424
G1 X35.561 Y-3.969 E0.01914
G1 X35.654 Y-3.017 E0.02326
G1 X35.722 Y-2.012 E0.0245
G1 X35.766 Y-1.004 E0.02454
G1 X35.778 Y0.004 E0.02452
G1 X35.766 Y1.008 E0.02442
G1 X35.722 Y2.013 E0.02447
G1 X35.653 Y3.021 E0.02457
G1 X35.561 Y3.976 E0.02333
G1 X35.464 Y4.75 E0.01897
G0 F12000 X36.264 Y4.75
G0 X36.763 Y3.738
G1 F3600 E-1
;MESH:NONMESH
G0 F600 X36.763 Y3.738 Z6.41
G0 F12000 X35.733 Y4.512
G0 X-36.012 Y1.013
G0 X-36.493 Y0.439
;TIME_ELAPSED:162.239122
;LAYER:47
;note -- min layer time used
;TYPE:FILL
;MESH:bridge.stl
G1 F3600 E1
G1 F8972.5 X-36.99 Y0.00 E0.01613
G1 X-37.75 Y-.903 E0.02871
G1 X-38.088 Y-1.806 E0.02345
G1 X-38.14 Y-2.709 E0.022
G1 X-37.999 Y-3.612 E0.02223
G1 X-37.889 Y-3.919 E0.00793
G1 F3600 E-1
G0 F12000 X-36.247 Y3.958
G0 X-35.847 Y4.326
;TYPE:WALL-INNER
G1 F3600 E1
G1 F4590.8 X-35.966 Y3.045 E0.03129
G1 X-36.039 Y2.024 E0.0249
G1 X-36.079 Y1.007 E0.02475
G1 X-36.095 Y-0.011 E0.02476
G1 X-36.079 Y-1.024 E0.02464
G1 X-36.038 Y-2.045 E0.02485
G1 X-35.964 Y-3.062 E0.0248
G1 X-35.841 Y-4.325 E0.03086
G1 X-39.324 Y-4.324 E0.08471
G1 X-39.325 Y4.325 E0.21036
G1 X-35.847 Y4.326 E0.08459
G1 F3600 E-1
G0 F12000 X-35.352 Y4.75
;TYPE:WALL-OUTER
G1 F3600 E1
G1 F2400 X-35.453 Y3.968 E0.01918
G1 X-35.542 Y3.014 E0.0233
G1 X-35.614 Y2.007 E0.02455
G1 X-35.654 Y1.001 E0.02449
G1 X-35.67 Y-0.005 E0.02447
G1 X-35.654 Y-1.007 E0.02437
G1 X-35.614 Y-2.014 E0.02451
G1 X-35.541 Y-3.021 E0.02456
G1 X-35.449 Y-3.976 E0.02333
G1 X-35.352 Y-4.75 E0.01897
G1 X-39.749 Y-4.749 E0.10694
G1 X-39.75 Y4.75 E0.23103
G1 X-35.352 Y4.75 E0.10697
G0 F12000 X-35.453 Y3.968
G0 X-35.454 Y3.957
G0 X-36.653 Y3.737
G1 F3600 E-1
G0 F12000 X-35.623 Y4.512
G0 X35.858 Y2.028
G0 X36.48 Y1.124
;TYPE:FILL
G1 F3600 E1
G1 F8972.5 X37.122 Y1.806 E0.02278
G1 X37.677 Y2.709 E0.02578
G1 X38 Y3.612 E0.02333
G1 X38.048 Y3.92 E0.00758
G1 F3600 E-1
G0 F12000 X36.247 Y3.958
G0 X35.841 Y4.325
;TYPE:WALL-INNER
G1 F3600 E1
G1 F4590.8 X39.325 Y4.325 E0.08474
G1 X39.325 Y-4.325 E0.21038
G1 X35.847 Y-4.325 E0.08459
G1 X35.966 Y-3.049 E0.03117
G1 X36.039 Y-2.028 E0.0249
G1 X36.079 Y-1.011 E0.02475
G1 X36.095 Y0.011 E0.02486
G1 X36.079 Y1.024 E0.02464
G1 X36.038 Y2.045 E0.02485
G1 X35.964 Y3.062 E0.0248
G1 X35.841 Y4.325 E0.03086
G1 F3600 E-1
G0 F12000 X35.352 Y4.75
;TYPE:WALL-OUTER
G1 F3600 E1
G1 F2400 X39.75 Y4.75 E0.10697
G1 X39.75 Y-4.75 E0.23105
G1 X35.353 Y-4.75 E0.10694
G1 X35.453 Y-3.968 E0.01917
G1 X35.542 Y-3.018 E0.02321
G1 X35.614 Y-2.011 E0.02455
G1 X35.654 Y-1.005 E0.02449
G1 X35.67 Y0.005 E0.02457
G1 X35.654 Y1.007 E0.02437
G1 X35.614 Y2.014 E0.02451
G1 X35.541 Y3.021 E0.02456
G1 X35.449 Y3.976 E0.02333
G1 X35.352 Y4.75 E0.01897
G0 F12000 X36.152 Y4.75
G0 X36.506 Y3.575
G1 F3600 E-1
;MESH:NONMESH
G0 F600 X36.506 Y3.575 Z6.54
G0 F12000 X35.687 Y4.055
G0 X-35.901 Y1.013
G0 X-36.49 Y0.418
G0 X-36.383 Y0.417
;TIME_ELAPSED:166.109488
;LAYER:48
;note -- min layer time used
;TYPE:FILL
;MESH:bridge.stl
G1 F3600 E1
G1 F9156.9 X-36.836 Y0.00 E0.01497
G1 X-37.607 Y-.903 E0.02888
G1 X-37.987 Y-1.806 E0.02383
G1 X-38.08 Y-2.709 E0.02208
G1 X-37.977 Y-3.612 E0.0221
G1 X-37.88 Y-3.919 E0.00783
G1 F3600 E-1
G0 F12000 X-36.138 Y3.96
G0 X-35.74 Y4.324
;TYPE:WALL-INNER
G1 F3600 E1
G1 F4652.3 X-35.854 Y3.045 E0.03123
G1 X-35.927 Y2.026 E0.02485
G1 X-35.971 Y1.005 E0.02486
G1 X-35.983 Y-0.009 E0.02466
G1 X-35.971 Y-1.026 E0.02474
G1 X-35.926 Y-2.045 E0.02481
G1 X-35.852 Y-3.062 E0.0248
G1 X-35.729 Y-4.325 E0.03086
G1 X-39.324 Y-4.324 E0.08744
G1 X-39.325 Y4.325 E0.21036
G1 X-35.74 Y4.324 E0.08719
G1 F3600 E-1
G0 F12000 X-35.241 Y4.749
;TYPE:WALL-OUTER
G1 F3600 E1
G1 F2400 X-35.354 Y3.871 E0.02153
G1 X-35.43 Y3.014 E0.02093
G1 X-35.502 Y2.007 E0.02455
G1 X-35.546 Y0.999 E0.02454
G1 X-35.558 Y-0.003 E0.02437
G1 X-35.546 Y-1.007 E0.02442
G1 X-35.502 Y-2.014 E0.02452
G1 X-35.429 Y-3.021 E0.02456
G1 X-35.337 Y-3.976 E0.02333
G1 X-35.24 Y-4.75 E0.01897
G1 X-39.749 Y-4.749 E0.10967
G1 X-39.75 Y4.75 E0.23103
G1 X-35.241 Y4.749 E0.10967
G0 F12000 X-35.343 Y3.956
G0 X-36.404 Y3.575
G1 F3600 E-1
G0 F12000 X-35.587 Y3.958
G0 X35.747 Y2.028
G0 X36.378 Y0.897
;TYPE:FILL
G1 F3600 E1
G1 F9156.9 X36.384 Y0.903 E0.00021
G1 X36.378 Y0.897 E0.00021
G1 X36.384 Y0.903
G1 X37.182 Y1.806 E0.02931
G1 X37.693 Y2.709 E0.02523
G1 X37.978 Y3.612 E0.02303
G1 X38.013 Y3.92 E0.00754
G1 F3600 E-1
G0 F12000 X36.136 Y3.958
G0 X35.729 Y4.325
;TYPE:WALL-INNER
G1 F3600 E1
G1 F4652.3 X39.325 Y4.325 E0.08746
G1 X39.325 Y-4.325 E0.21038
G1 X35.74 Y-4.324 E0.08719
G1 X35.854 Y-3.049 E0.03113
G1 X35.927 Y-2.03 E0.02485
G1 X35.971 Y-1.009 E0.02486
G1 X35.983 Y0.009 E0.02476
G1 X35.971 Y1.026 E0.02474
G1 X35.926 Y2.045 E0.02481
G1 X35.852 Y3.062 E0.0248
G1 X35.729 Y4.325 E0.03086
G1 F3600 E-1
G0 F12000 X35.24 Y4.75
;TYPE:WALL-OUTER
G1 F3600 E1
G1 F2400 X39.75 Y4.75 E0.10969
G1 X39.75 Y-4.75 E0.23105
G1 X35.241 Y-4.749 E0.10967
G1 X35.354 Y-3.871 E0.02153
G1 X35.43 Y-3.018 E0.02083
G1 X35.502 Y-2.011 E0.02455
G1 X35.546 Y-1.003 E0.02454
G1 X35.558 Y0.003 E0.02447
G1 X35.546 Y1.007 E0.02442
G1 X35.502 Y2.014 E0.02452
G1 X35.429 Y3.021 E0.02456
G1 X35.337 Y3.976 E0.02333
G1 X35.24 Y4.75 E0.01897
G0 F12000 X36.04 Y4.75
G0 X36.395 Y3.575
G1 F3600 E-1
;MESH:NONMESH
G0 F600 X36.395 Y3.575 Z6.67
G0 F12000 X35.576 Y4.055
G0 X-35.79 Y1.013
G0 X-36.38 Y0.402
G0 X-36.271 Y0.401
;TIME_ELAPSED:169.984039
;LAYER:49
;note -- min layer time used
;TYPE:FILL
;MESH:bridge.stl
G1 F3600 E1
G1 F9362.1 X-36.69 Y0.00 E0.01411
G1 X-37.472 Y-.903 E0.02905
G1 X-37.891 Y-1.806 E0.02421
G1 X-38.025 Y-2.709 E0.0222
G1 X-37.959 Y-3.612 E0.02202
G1 X-37.874 Y-3.92 E0.00777
G1 F3600 E-1
G0 F12000 X-36.026 Y3.958
G0 X-35.621 Y4.326
;TYPE:WALL-INNER
G1 F3600 E1
G1 F4720.7 X-35.746 Y3.042 E0.03138
G1 X-35.815 Y2.026 E0.02477
G1 X-35.859 Y1.005 E0.02486
G1 X-35.871 Y-0.009 E0.02466
G1 X-35.859 Y-1.026 E0.02474
G1 X-35.814 Y-2.042 E0.02473
G1 X-35.744 Y-3.064 E0.02491
G1 X-35.618 Y-4.325 E0.03082
G1 X-39.325 Y-4.325 E0.09016
G1 X-39.325 Y4.325 E0.21038
G1 X-35.621 Y4.326 E0.09009
G1 F3600 E-1
G0 F12000 X-35.128 Y4.75
;TYPE:WALL-OUTER
G1 F3600 E1
G1 F2400 X-35.229 Y3.969 E0.01915
G1 X-35.322 Y3.013 E0.02336
G1 X-35.39 Y2.008 E0.0245
G1 X-35.434 Y1 E0.02454
G1 X-35.446 Y-0.004 E0.02442
G1 X-35.434 Y-1.008 E0.02442
G1 X-35.39 Y-2.013 E0.02447
G1 X-35.321 Y-3.021 E0.02457
G1 X-35.228 Y-3.952 E0.02276
G1 X-35.128 Y-4.75 E0.01956
G1 X-39.75 Y-4.75 E0.11241
G1 X-39.75 Y4.75 E0.23105
G1 X-35.128 Y4.75 E0.11241
G0 F12000 X-35.229 Y3.969
G0 X-35.23 Y3.958
G0 X-36.432 Y3.737
G1 F3600 E-1
G0 F12000 X-35.4 Y4.512
G0 X35.679 Y1.013
G0 X36.268 Y0.687
;TYPE:FILL
G1 F3600 E1
G1 F9362.1 X36.494 Y0.903 E0.0076
G1 X37.244 Y1.806 E0.02855
G1 X37.712 Y2.709 E0.02474
G1 X37.96 Y3.612 E0.02278
G1 X37.983 Y3.92 E0.00751
G1 F3600 E-1
G0 F12000 X36.026 Y3.958
G0 X35.62 Y4.325
;TYPE:WALL-INNER
G1 F3600 E1
G1 F4720.7 X39.325 Y4.325 E0.09011
G1 X39.325 Y-4.325 E0.21038
G1 X35.621 Y-4.325 E0.09009
G1 X35.746 Y-3.046 E0.03126
G1 X35.815 Y-2.03 E0.02477
G1 X35.859 Y-1.009 E0.02486
G1 X35.871 Y0.009 E0.02476
G1 X35.859 Y1.026 E0.02474
G1 X35.814 Y2.042 E0.02473
G1 X35.744 Y3.064 E0.02491
G1 X35.62 Y4.325 E0.03082
G1 F3600 E-1
G0 F12000 X35.128 Y4.75
;TYPE:WALL-OUTER
G1 F3600 E1
G1 F2400 X39.75 Y4.75 E0.11241
G1 X39.75 Y-4.75 E0.23105
G1 X35.129 Y-4.75 E0.11239
G1 X35.229 Y-3.969 E0.01915
G1 X35.322 Y-3.017 E0.02326
G1 X35.39 Y-2.012 E0.0245
G1 X35.434 Y-1.004 E0.02454
G1 X35.446 Y0.004 E0.02452
G1 X35.434 Y1.008 E0.02442
G1 X35.39 Y2.013 E0.02447
G1 X35.321 Y3.021 E0.02457
G1 X35.228 Y3.952 E0.02276
G1 X35.128 Y4.75 E0.01956
G0 F12000 X35.928 Y4.75
G0 X36.285 Y3.575
G1 F3600 E-1
;MESH:NONMESH
G0 F600 X36.285 Y3.575 Z6.8
G0 F12000 X35.468 Y4.033
G0 X-35.679 Y1.013
G0 X-36.269 Y0.385
G0 X-36.162 Y0.384
;TIME_ELAPSED:173.860831
;LAYER:50
;TYPE:FILL
;MESH:bridge.stl
G1 F3600 E1
G1 F9600 X-36.551 Y0.00 E0.01329
G1 X-37.344 Y-.903 E0.02923
G1 X-37.8 Y-1.806 E0.0246
G1 X-37.974 Y-2.709 E0.02237
G1 X-37.945 Y-3.612 E0.02197
G1 X-37.874 Y-3.919 E0.00766
G1 F3600 E-1
G0 F12000 X-35.911 Y3.958
G0 X-35.498 Y4.325
;TYPE:WALL-INNER
G1 F3600 E1
G1 F4800 X-35.638 Y3.033 E0.03161
G1 X-35.707 Y1.992 E0.02537
G1 X-35.747 Y1.007 E0.02398
G1 X-35.763 Y-0.011 E0.02476
G1 X-35.747 Y-1.098 E0.02644
G1 X-35.706 Y-2.044 E0.02303
G1 X-35.64 Y-2.975 E0.0227
G1 X-35.498 Y-4.325 E0.03302
G1 X-39.324 Y-4.324 E0.09305
G1 X-39.325 Y4.325 E0.21036
G1 X-35.498 Y4.325 E0.09308
G1 F3600 E-1
G0 F12000 X-35.013 Y4.75
;TYPE:WALL-OUTER
G1 F3600 E1
G1 F2400 X-35.109 Y4.022 E0.01786
G1 X-35.214 Y3.005 E0.02487
G1 X-35.282 Y1.975 E0.02511
G1 X-35.322 Y1.001 E0.02371
G1 X-35.338 Y-0.004 E0.02445
G1 X-35.322 Y-1.079 E0.02615
G1 X-35.282 Y-2.014 E0.02276
G1 X-35.217 Y-2.933 E0.02241
G1 X-35.108 Y-4.029 E0.02679
G1 X-35.013 Y-4.75 E0.01769
G1 X-39.749 Y-4.749 E0.11519
G1 X-39.75 Y4.75 E0.23103
G1 X-35.013 Y4.75 E0.11521
G0 F12000 X-35.109 Y4.022
G0 X-35.115 Y3.957
G0 X-36.318 Y3.738
G1 F3600 E-1
G0 F12000 X-35.284 Y4.512
G0 X35.566 Y1.086
G0 X36.161 Y0.467
;TYPE:FILL
G1 F3600 E1
G1 F9600 X36.603 Y0.903 E0.0151
G1 X37.308 Y1.806 E0.02786
G1 X37.736 Y2.709 E0.0243
G1 X37.946 Y3.612 E0.02255
G1 X37.956 Y3.92 E0.00749
G1 F3600 E-1
G0 F12000 X35.911 Y3.958
G0 X35.498 Y4.325
;TYPE:WALL-INNER
G1 F3600 E1
G1 F4800 X39.325 Y4.325 E0.09308
G1 X39.325 Y-4.325 E0.21038
G1 X35.508 Y-4.325 E0.09284
G1 X35.634 Y-3.036 E0.0315
G1 X35.707 Y-1.992 E0.02545
G1 X35.747 Y-1.011 E0.02388
G1 X35.763 Y0.011 E0.02486
G1 X35.747 Y1.098 E0.02644
G1 X35.706 Y2.044 E0.02303
G1 X35.64 Y2.975 E0.0227
G1 X35.498 Y4.325 E0.03302
G1 F3600 E-1
G0 F12000 X35.013 Y4.75
;TYPE:WALL-OUTER
G1 F3600 E1
G1 F2400 X39.75 Y4.75 E0.11521
G1 X39.75 Y-4.75 E0.23105
G1 X35.014 Y-4.75 E0.11519
G1 X35.109 Y-4.025 E0.01778
G1 X35.21 Y-3.006 E0.02491
G1 X35.282 Y-1.975 E0.02514
G1 X35.322 Y-1.004 E0.02364
G1 X35.338 Y0.004 E0.02452
G1 X35.322 Y1.079 E0.02615
G1 X35.282 Y2.014 E0.02276
G1 X35.217 Y2.933 E0.02241
G1 X35.108 Y4.029 E0.02679
G1 X35.013 Y4.75 E0.01769
G0 F12000 X35.813 Y4.75
G0 X36.17 Y3.575
G1 F3600 E-1
;MESH:NONMESH
G0 F600 X36.17 Y3.575 Z6.93
G0 F12000 X35.35 Y4.057
G0 X-35.568 Y1.013
G0 X-36.158 Y0.373
G0 X-36.051 Y0.372
;TIME_ELAPSED:177.756238
;LAYER:51
;TYPE:FILL
;MESH:bridge.stl
G1 F3600 E1
G1 F9600 X-36.416 Y0.00 E0.01268
G1 X-37.222 Y-.903 E0.02944
G1 X-37.714 Y-1.806 E0.02501
G1 X-37.927 Y-2.709 E0.02257
G1 X-37.935 Y-3.612 E0.02196
G1 X-37.876 Y-3.92 E0.00763
G1 F3600 E-1
G0 F12000 X-35.796 Y3.958
G0 X-35.391 Y4.325
;TYPE:WALL-INNER
G1 F3600 E1
G1 F4800 X-35.522 Y2.993 E0.03255
G1 X-35.591 Y2.027 E0.02355
G1 X-35.635 Y1.047 E0.02386
G1 X-35.651 Y0.015 E0.0251
G1 X-35.639 Y-.992 E0.02449
G1 X-35.59 Y-2.045 E0.02564
G1 X-35.52 Y-3.011 E0.02356
G1 X-35.391 Y-4.325 E0.03211
G1 X-39.325 Y-4.325 E0.09568
G1 X-39.325 Y4.325 E0.21038
G1 X-35.391 Y4.325 E0.09568
G1 F3600 E-1
G0 F12000 X-34.897 Y4.75
;TYPE:WALL-OUTER
G1 F3600 E1
G1 F2400 X-34.993 Y4.021 E0.01788
G1 X-35.098 Y2.962 E0.02588
G1 X-35.166 Y2.008 E0.02326
G1 X-35.21 Y1.04 E0.02357
G1 X-35.226 Y0.02 E0.02481
G1 X-35.214 Y-.972 E0.02413
G1 X-35.166 Y-2.014 E0.02537
G1 X-35.097 Y-2.969 E0.02329
G1 X-34.993 Y-4.028 E0.02588
G1 X-34.9 Y-4.75 E0.01771
G1 X-39.75 Y-4.75 E0.11796
G1 X-39.75 Y4.75 E0.23105
G1 X-34.897 Y4.75 E0.11803
G0 F12000 X-34.993 Y4.021
G0 X-34.999 Y3.957
G0 X-36.203 Y3.737
G1 F3600 E-1
G0 F12000 X-35.169 Y4.512
G0 X35.458 Y0.977
G0 X36.053 Y0.233
;TYPE:FILL
G1 F3600 E1
G1 F9600 X36.712 Y0.903 E0.02286
G1 X37.374 Y1.806 E0.02723
G1 X37.762 Y2.709 E0.0239
G1 X37.936 Y3.612 E0.02237
G1 X37.933 Y3.92 E0.00749
G1 F3600 E-1
G0 F12000 X35.796 Y3.958
G0 X35.391 Y4.325
;TYPE:WALL-INNER
G1 F3600 E1
G1 F4800 X39.325 Y4.325 E0.09568
G1 X39.325 Y-4.325 E0.21038
G1 X35.392 Y-4.325 E0.09566
G1 X35.522 Y-2.993 E0.03255
G1 X35.591 Y-2.031 E0.02346
G1 X35.635 Y-1.051 E0.02386
G1 X35.651 Y-0.015 E0.0252
G1 X35.639 Y0.992 E0.02449
G1 X35.59 Y2.045 E0.02564
G1 X35.52 Y3.011 E0.02356
G1 X35.391 Y4.325 E0.03211
G1 F3600 E-1
G0 F12000 X34.9 Y4.75
;TYPE:WALL-OUTER
G1 F3600 E1
G1 F2400 X39.75 Y4.75 E0.11796
G1 X39.75 Y-4.75 E0.23105
G1 X34.898 Y-4.75 E0.11801
G1 X34.993 Y-4.025 E0.01778
G1 X35.098 Y-2.962 E0.02598
G1 X35.166 Y-2.012 E0.02316
G1 X35.21 Y-1.044 E0.02357
G1 X35.226 Y-0.02 E0.02491
G1 X35.214 Y0.972 E0.02413
G1 X35.166 Y2.014 E0.02537
G1 X35.097 Y2.969 E0.02329
G1 X34.993 Y4.028 E0.02588
G1 X34.9 Y4.75 E0.01771
G0 F12000 X35.7 Y4.75
G0 X36.202 Y3.738
G1 F3600 E-1
;MESH:NONMESH
G0 F600 X36.202 Y3.738 Z7.06
G0 F12000 X35.17 Y4.512
G0 X-35.455 Y1.053
G0 X-36.047 Y0.366
G0 X-35.934 Y0.365
;TIME_ELAPSED:181.676954
;LAYER:52
;TYPE:FILL
;MESH:bridge.stl
G1 F3600 E1
G1 F9600 X-36.284 Y0.00 E0.0123
G1 X-37.104 Y-.903 E0.02967
G1 X-37.632 Y-1.806 E0.02544
G1 X-37.884 Y-2.709 E0.0228
G1 X-37.928 Y-3.612 E0.02199
G1 X-37.881 Y-3.92 E0.00758
G1 F3600 E-1
G0 F12000 X-35.681 Y3.958
G0 X-35.266 Y4.325
;TYPE:WALL-INNER
G1 F3600 E1
G1 F4800 X-35.41 Y2.993 E0.03258
G1 X-35.479 Y2.024 E0.02363
G1 X-35.519 Y1.007 E0.02475
G1 X-35.535 Y-0.011 E0.02476
G1 X-35.519 Y-1.023 E0.02462
G1 X-35.478 Y-2.048 E0.02495
G1 X-35.404 Y-3.011 E0.02349
G1 X-35.275 Y-4.325 E0.03211
G1 X-39.325 Y-4.325 E0.0985
G1 X-39.325 Y4.325 E0.21038
G1 X-35.266 Y4.325 E0.09872
G1 F3600 E-1
G0 F12000 X-34.784 Y4.75
;TYPE:WALL-OUTER
G1 F3600 E1
G1 F2400 X-34.877 Y4.022 E0.01785
G1 X-34.986 Y2.962 E0.02592
G1 X-35.054 Y2.007 E0.02329
G1 X-35.094 Y1 E0.02451
G1 X-35.11 Y-0.004 E0.02442
G1 X-35.094 Y-1.006 E0.02437
G1 X-35.054 Y-2.015 E0.02456
G1 X-34.981 Y-2.969 E0.02327
G1 X-34.877 Y-4.028 E0.02588
G1 X-34.784 Y-4.75 E0.01771
G1 X-39.75 Y-4.75 E0.12078
G1 X-39.75 Y4.75 E0.23105
G1 X-34.784 Y4.75 E0.12078
G0 F12000 X-34.877 Y4.022
G0 X-34.883 Y3.957
G0 X-36.088 Y3.737
G1 F3600 E-1
G0 F12000 X-35.054 Y4.512
G0 X35.341 Y1.014
G0 X35.94 Y-0.018
;TYPE:FILL
G1 F3600 E1
G1 F9600 X36.821 Y0.903 E0.031
G1 X37.444 Y1.806 E0.02668
G1 X37.792 Y2.709 E0.02354
G1 X37.929 Y3.612 E0.02221
G1 X37.914 Y3.92 E0.0075
G1 F3600 E-1
G0 F12000 X35.681 Y3.958
G0 X35.275 Y4.325
;TYPE:WALL-INNER
G1 F3600 E1
G1 F4800 X39.325 Y4.325 E0.0985
G1 X39.325 Y-4.325 E0.21038
G1 X35.268 Y-4.325 E0.09867
G1 X35.41 Y-2.993 E0.03258
G1 X35.479 Y-2.028 E0.02353
G1 X35.519 Y-1.011 E0.02475
G1 X35.535 Y0.011 E0.02486
G1 X35.519 Y1.023 E0.02462
G1 X35.479 Y2.024 E0.02437
G1 X35.404 Y3.011 E0.02407
G1 X35.275 Y4.325 E0.03211
G1 F3600 E-1
G0 F12000 X34.784 Y4.75
;TYPE:WALL-OUTER
G1 F3600 E1
G1 F2400 X39.75 Y4.75 E0.12078
G1 X39.75 Y-4.75 E0.23105
G1 X34.785 Y-4.75 E0.12076
G1 X34.877 Y-4.026 E0.01775
G1 X34.986 Y-2.962 E0.02601
G1 X35.054 Y-2.011 E0.02319
G1 X35.094 Y-1.004 E0.02451
G1 X35.11 Y0.004 E0.02452
G1 X35.094 Y1.006 E0.02437
G1 X35.054 Y2.015 E0.02456
G1 X34.981 Y2.969 E0.02327
G1 X34.877 Y4.028 E0.02588
G1 X34.784 Y4.75 E0.01771
G0 F12000 X35.584 Y4.75
G0 X36.087 Y3.738
G1 F3600 E-1
;MESH:NONMESH
G0 F600 X36.087 Y3.738 Z7.19
G0 F12000 X35.055 Y4.512
G0 X-35.341 Y1.014
G0 X-35.932 Y0.358
G0 X-35.82 Y0.357
;TIME_ELAPSED:185.620395
;LAYER:53
;TYPE:FILL
;MESH:bridge.stl
G1 F3600 E1
G1 F9600 X-36.989 Y-.903 E0.0418
G1 X-37.555 Y-1.806 E0.02592
G1 X-37.844 Y-2.709 E0.02306
G1 X-37.926 Y-3.612 E0.02205
G1 X-37.892 Y-3.92 E0.00754
G1 F3600 E-1
G0 F12000 X-35.566 Y3.958
G0 X-35.15 Y4.325
;TYPE:WALL-INNER
G1 F3600 E1
G1 F4800 X-35.294 Y2.993 E0.03258
G1 X-35.363 Y2.026 E0.02358
G1 X-35.407 Y1.005 E0.02486
G1 X-35.419 Y-0.009 E0.02466
G1 X-35.407 Y-1.026 E0.02474
G1 X-35.363 Y-2.026 E0.02435
G1 X-35.288 Y-3.011 E0.02403
G1 X-35.159 Y-4.325 E0.03211
G1 X-39.325 Y-4.325 E0.10132
G1 X-39.325 Y4.325 E0.21038
G1 X-35.15 Y4.325 E0.10154
G1 F3600 E-1
G0 F12000 X-34.668 Y4.75
;TYPE:WALL-OUTER
G1 F3600 E1
G1 F2400 X-34.761 Y4.022 E0.01785
G1 X-34.87 Y2.962 E0.02592
G1 X-34.938 Y2.008 E0.02326
G1 X-34.982 Y1 E0.02454
G1 X-34.994 Y-0.004 E0.02442
G1 X-34.982 Y-1.008 E0.02442
G1 X-34.938 Y-2.015 E0.02452
G1 X-34.865 Y-2.969 E0.02327
G1 X-34.761 Y-4.028 E0.02588
G1 X-34.668 Y-4.75 E0.01771
G1 X-39.75 Y-4.75 E0.1236
G1 X-39.75 Y4.75 E0.23105
G1 X-34.668 Y4.75 E0.1236
G0 F12000 X-34.761 Y4.022
G0 X-34.767 Y3.957
G0 X-35.973 Y3.737
G1 F3600 E-1
G0 F12000 X-34.94 Y4.512
G0 X35.226 Y1.014
G0 X35.821 Y-.287
;TYPE:FILL
G1 F3600 E1
G1 F9600 X36.932 Y0.903 E0.0396
G1 X37.516 Y1.806 E0.02616
G1 X37.826 Y2.709 E0.02322
G1 X37.927 Y3.612 E0.0221
G1 X37.899 Y3.92 E0.00752
G1 F3600 E-1
G0 F12000 X35.566 Y3.958
G0 X35.159 Y4.325
;TYPE:WALL-INNER
G1 F3600 E1
G1 F4800 X39.325 Y4.325 E0.10132
G1 X39.325 Y-4.325 E0.21038
G1 X35.152 Y-4.325 E0.10149
G1 X35.294 Y-2.993 E0.03258
G1 X35.363 Y-2.03 E0.02348
G1 X35.407 Y-1.009 E0.02486
G1 X35.419 Y0.009 E0.02476
G1 X35.407 Y1.026 E0.02474
G1 X35.363 Y2.026 E0.02435
G1 X35.288 Y3.011 E0.02403
G1 X35.159 Y4.325 E0.03211
G1 F3600 E-1
G0 F12000 X34.668 Y4.75
;TYPE:WALL-OUTER
G1 F3600 E1
G1 F2400 X39.75 Y4.75 E0.1236
G1 X39.75 Y-4.75 E0.23105
G1 X34.669 Y-4.75 E0.12358
G1 X34.761 Y-4.026 E0.01775
G1 X34.87 Y-2.962 E0.02601
G1 X34.938 Y-2.012 E0.02316
G1 X34.982 Y-1.004 E0.02454
G1 X34.994 Y0.004 E0.02452
G1 X34.982 Y1.008 E0.02442
G1 X34.938 Y2.015 E0.02452
G1 X34.865 Y2.969 E0.02327
G1 X34.761 Y4.028 E0.02588
G1 X34.668 Y4.75 E0.01771
G0 F12000 X35.468 Y4.75
G0 X35.972 Y3.738
G1 F3600 E-1
;MESH:NONMESH
G0 F600 X35.972 Y3.738 Z7.32
G0 F12000 X34.94 Y4.512
G0 X-35.226 Y1.014
G0 X-35.817 Y0.35
G0 X-35.704 Y0.349
;TIME_ELAPSED:189.586548
;LAYER:54
;TYPE:FILL
;MESH:bridge.stl
G1 F3600 E1
G1 F9600 X-36.023 Y0.00 E0.0115
G1 X-36.878 Y-.903 E0.03025
G1 X-37.48 Y-1.806 E0.0264
G1 X-37.809 Y-2.709 E0.02337
G1 X-37.927 Y-3.612 E0.02215
G1 X-37.905 Y-3.919 E0.00749
G1 F3600 E-1
G0 F12000 X-35.451 Y3.958
G0 X-35.047 Y4.325
;TYPE:WALL-INNER
G1 F3600 E1
G1 F4800 X-35.178 Y2.993 E0.03255
G1 X-35.247 Y2.026 E0.02358
G1 X-35.291 Y1.005 E0.02486
G1 X-35.303 Y-0.009 E0.02466
G1 X-35.291 Y-1.026 E0.02474
G1 X-35.246 Y-2.045 E0.02481
G1 X-35.176 Y-3.011 E0.02356
G1 X-35.038 Y-4.325 E0.03213
G1 X-39.324 Y-4.324 E0.10424
G1 X-39.325 Y4.325 E0.21036
G1 X-35.047 Y4.325 E0.10405
G1 F3600 E-1
G0 F12000 X-34.553 Y4.75
;TYPE:WALL-OUTER
G1 F3600 E1
G1 F2400 X-34.649 Y4.021 E0.01788
G1 X-34.754 Y2.962 E0.02588
G1 X-34.822 Y2.007 E0.02329
G1 X-34.866 Y0.999 E0.02454
G1 X-34.878 Y-0.003 E0.02437
G1 X-34.866 Y-1.007 E0.02442
G1 X-34.822 Y-2.014 E0.02452
G1 X-34.753 Y-2.969 E0.02329
G1 X-34.648 Y-4.029 E0.02591
G1 X-34.553 Y-4.75 E0.01769
G1 X-39.749 Y-4.749 E0.12637
G1 X-39.75 Y4.75 E0.23103
G1 X-34.553 Y4.75 E0.1264
G0 F12000 X-34.649 Y4.021
G0 X-34.655 Y3.957
G0 X-35.858 Y3.737
G1 F3600 E-1
G0 F12000 X-34.825 Y4.512
G0 X35.11 Y1.014
G0 X35.702 Y-.544
;TYPE:FILL
G1 F3600 E1
G1 F9600 X36.217 Y0.00 E0.01822
G1 X37.044 Y0.903 E0.02978
G1 X37.592 Y1.806 E0.02569
G1 X37.864 Y2.709 E0.02294
G1 X37.928 Y3.612 E0.02202
G1 X37.888 Y3.92 E0.00755
G1 F3600 E-1
G0 F12000 X35.451 Y3.958
G0 X35.038 Y4.325
;TYPE:WALL-INNER
G1 F3600 E1
G1 F4800 X39.325 Y4.325 E0.10427
G1 X39.325 Y-4.325 E0.21038
G1 X35.048 Y-4.325 E0.10402
G1 X35.178 Y-2.993 E0.03255
G1 X35.247 Y-2.03 E0.02348
G1 X35.291 Y-1.009 E0.02486
G1 X35.303 Y0.009 E0.02476
G1 X35.291 Y1.026 E0.02474
G1 X35.246 Y2.045 E0.02481
G1 X35.176 Y3.011 E0.02356
G1 X35.038 Y4.325 E0.03213
G1 F3600 E-1
G0 F12000 X34.553 Y4.75
;TYPE:WALL-OUTER
G1 F3600 E1
G1 F2400 X39.75 Y4.75 E0.1264
G1 X39.75 Y-4.75 E0.23105
G1 X34.554 Y-4.75 E0.12637
G1 X34.649 Y-4.025 E0.01778
G1 X34.754 Y-2.962 E0.02598
G1 X34.822 Y-2.011 E0.02319
G1 X34.866 Y-1.003 E0.02454
G1 X34.878 Y0.003 E0.02447
G1 X34.866 Y1.007 E0.02442
G1 X34.822 Y2.014 E0.02452
G1 X34.753 Y2.969 E0.02329
G1 X34.648 Y4.029 E0.02591
G1 X34.553 Y4.75 E0.01769
G0 F12000 X35.353 Y4.75
G0 X35.857 Y3.738
G1 F3600 E-1
;MESH:NONMESH
G0 F600 X35.857 Y3.738 Z7.45
G0 F12000 X34.825 Y4.512
G0 X-35.11 Y1.014
G0 X-35.702 Y0.336
G0 X-35.591 Y0.335
;TIME_ELAPSED:193.574655
;LAYER:55
;TYPE:FILL
;MESH:bridge.stl
G1 F3600 E1
G1 F9600 X-35.892 Y0.00 E0.01095
G1 X-36.768 Y-.903 E0.0306
G1 X-37.409 Y-1.806 E0.02693
G1 X-37.777 Y-2.709 E0.02372
G1 X-37.931 Y-3.612 E0.02228
G1 X-37.922 Y-3.919 E0.00747
G1 F3600 E-1
G0 F12000 X-35.336 Y3.958
G0 X-34.931 Y4.325
;TYPE:WALL-INNER
G1 F3600 E1
G1 F4800 X-35.062 Y2.993 E0.03255
G1 X-35.131 Y2.026 E0.02358
G1 X-35.175 Y1.007 E0.02481
G1 X-35.191 Y-0.011 E0.02476
G1 X-35.175 Y-1.026 E0.02469
G1 X-35.128 Y-2.072 E0.02547
G1 X-35.06 Y-3.011 E0.0229
G1 X-34.931 Y-4.325 E0.03211
G1 X-39.324 Y-4.324 E0.10684
G1 X-39.325 Y4.325 E0.21036
G1 X-34.931 Y4.325 E0.10687
G1 F3600 E-1
G0 F12000 X-34.44 Y4.75
;TYPE:WALL-OUTER
G1 F3600 E1
G1 F2400 X-34.533 Y4.021 E0.01787
G1 X-34.638 Y2.962 E0.02588
G1 X-34.706 Y2.007 E0.02329
G1 X-34.75 Y1 E0.02452
G1 X-34.766 Y-0.005 E0.02445
G1 X-34.75 Y-1.007 E0.02437
G1 X-34.704 Y-2.042 E0.0252
G1 X-34.637 Y-2.969 E0.0226
G1 X-34.533 Y-4.028 E0.02588
G1 X-34.44 Y-4.75 E0.01771
G1 X-39.749 Y-4.749 E0.12912
G1 X-39.75 Y4.75 E0.23103
G1 X-34.44 Y4.75 E0.12915
G0 F12000 X-34.533 Y4.021
G0 X-34.539 Y3.957
G0 X-35.743 Y3.737
G1 F3600 E-1
G0 F12000 X-34.71 Y4.512
G0 X34.995 Y1.014
G0 X35.584 Y-.788
;TYPE:FILL
G1 F3600 E1
G1 F9600 X36.348 Y0.00 E0.02669
G1 X37.16 Y0.903 E0.02954
G1 X37.672 Y1.806 E0.02525
G1 X37.905 Y2.709 E0.02268
G1 X37.932 Y3.612 E0.02197
G1 X37.879 Y3.92 E0.0076
G1 F3600 E-1
G0 F12000 X35.336 Y3.958
G0 X34.931 Y4.325
;TYPE:WALL-INNER
G1 F3600 E1
G1 F4800 X39.325 Y4.325 E0.10687
G1 X39.325 Y-4.325 E0.21038
G1 X34.932 Y-4.325 E0.10684
G1 X35.062 Y-2.993 E0.03255
G1 X35.131 Y-2.03 E0.02348
G1 X35.175 Y-1.011 E0.02481
G1 X35.191 Y0.011 E0.02486
G1 X35.175 Y1.026 E0.02469
G1 X35.128 Y2.072 E0.02547
G1 X35.06 Y3.011 E0.0229
G1 X34.931 Y4.325 E0.03211
G1 F3600 E-1
G0 F12000 X34.44 Y4.75
;TYPE:WALL-OUTER
G1 F3600 E1
G1 F2400 X39.75 Y4.75 E0.12915
G1 X39.75 Y-4.75 E0.23105
G1 X34.441 Y-4.75 E0.12912
G1 X34.533 Y-4.025 E0.01777
G1 X34.638 Y-2.962 E0.02598
G1 X34.706 Y-2.011 E0.02319
G1 X34.75 Y-1.004 E0.02452
G1 X34.766 Y0.005 E0.02454
G1 X34.75 Y1.007 E0.02437
G1 X34.704 Y2.042 E0.0252
G1 X34.637 Y2.969 E0.0226
G1 X34.533 Y4.028 E0.02588
G1 X34.44 Y4.75 E0.01771
G0 F12000 X35.24 Y4.75
G0 X35.742 Y3.738
G1 F3600 E-1
;MESH:NONMESH
G0 F600 X35.742 Y3.738 Z7.58
G0 F12000 X34.71 Y4.512
G0 X-34.995 Y1.014
G0 X-35.587 Y0.322
G0 X-35.475 Y0.321
;TIME_ELAPSED:197.585179
;LAYER:56
;TYPE:FILL
;MESH:bridge.stl
G1 F3600 E1
G1 F9600 X-35.759 Y0.00 E0.01042
G1 X-36.659 Y-.903 E0.03101
G1 X-37.341 Y-1.806 E0.02752
G1 X-37.748 Y-2.709 E0.02409
G1 X-37.939 Y-3.612 E0.02245
G1 X-37.942 Y-3.919 E0.00747
G1 F3600 E-1
G0 F12000 X-35.221 Y3.958
G0 X-34.806 Y4.325
;TYPE:WALL-INNER
G1 F3600 E1
G1 F4800 X-34.95 Y2.99 E0.03266
G1 X-35.015 Y2.026 E0.0235
G1 X-35.059 Y1.007 E0.02481
G1 X-35.075 Y-0.011 E0.02476
G1 X-35.059 Y-1.026 E0.02469
G1 X-35.014 Y-2.045 E0.02481
G1 X-34.944 Y-3.011 E0.02356
G1 X-34.815 Y-4.325 E0.03211
G1 X-39.324 Y-4.324 E0.10967
G1 X-39.324 Y4.324 E0.21033
G1 X-34.806 Y4.325 E0.10988
G1 F3600 E-1
G0 F12000 X-34.324 Y4.75
;TYPE:WALL-OUTER
G1 F3600 E1
G1 F2400 X-34.417 Y4.022 E0.01785
G1 X-34.526 Y2.961 E0.02594
G1 X-34.59 Y2.007 E0.02325
G1 X-34.634 Y1.001 E0.02449
G1 X-34.65 Y-0.005 E0.02447
G1 X-34.634 Y-1.007 E0.02437
G1 X-34.59 Y-2.014 E0.02452
G1 X-34.521 Y-2.969 E0.02329
G1 X-34.417 Y-4.028 E0.02588
G1 X-34.324 Y-4.75 E0.01771
G1 X-39.749 Y-4.749 E0.13194
G1 X-39.749 Y4.749 E0.23101
G1 X-34.324 Y4.75 E0.13194
G0 F12000 X-34.417 Y4.022
G0 X-34.423 Y3.957
G0 X-35.628 Y3.737
G1 F3600 E-1
G0 F12000 X-34.595 Y4.512
G0 X34.895 Y0.00
G0 X35.463 Y-1.059
;TYPE:FILL
G1 F3600 E1
G1 F9600 X35.581 Y-.903 E0.00476
G1 X36.481 Y0.00 E0.03101
G1 X37.28 Y0.903 E0.02933
G1 X37.755 Y1.806 E0.02482
G1 X37.95 Y2.709 E0.02247
G1 X37.94 Y3.612 E0.02196
G1 X37.875 Y3.92 E0.00766
G1 F3600 E-1
G0 F12000 X35.221 Y3.958
G0 X34.815 Y4.325
;TYPE:WALL-INNER
G1 F3600 E1
G1 F4800 X39.325 Y4.325 E0.10969
G1 X39.325 Y-4.325 E0.21038
G1 X34.808 Y-4.325 E0.10986
G1 X34.95 Y-2.99 E0.03265
G1 X35.015 Y-2.03 E0.0234
G1 X35.059 Y-1.011 E0.02481
G1 X35.075 Y0.011 E0.02486
G1 X35.059 Y1.026 E0.02469
G1 X35.014 Y2.045 E0.02481
G1 X34.944 Y3.011 E0.02356
G1 X34.815 Y4.325 E0.03211
G1 F3600 E-1
G0 F12000 X34.324 Y4.75
;TYPE:WALL-OUTER
G1 F3600 E1
G1 F2400 X39.75 Y4.75 E0.13197
G1 X39.75 Y-4.75 E0.23105
G1 X34.325 Y-4.75 E0.13194
G1 X34.417 Y-4.026 E0.01775
G1 X34.526 Y-2.961 E0.02604
G1 X34.59 Y-2.011 E0.02316
G1 X34.634 Y-1.005 E0.02449
G1 X34.65 Y0.005 E0.02457
G1 X34.634 Y1.007 E0.02437
G1 X34.59 Y2.014 E0.02452
G1 X34.521 Y2.969 E0.02329
G1 X34.417 Y4.028 E0.02588
G1 X34.324 Y4.75 E0.01771
G0 F12000 X35.124 Y4.75
G0 X35.627 Y3.738
G1 F3600 E-1
;MESH:NONMESH
G0 F600 X35.627 Y3.738 Z7.71
G0 F12000 X34.595 Y4.512
G0 X-34.88 Y1.014
G0 X-35.471 Y0.303
G0 X-35.359 Y0.302
;TIME_ELAPSED:201.607330
;LAYER:57
;TYPE:FILL
;MESH:bridge.stl
G1 F3600 E1
G1 F9600 X-35.622 Y0.00 E0.00974
G1 X-36.55 Y-.903 E0.03149
G1 X-37.276 Y-1.806 E0.02818
G1 X-37.723 Y-2.709 E0.02451
G1 X-37.951 Y-3.612 E0.02265
G1 X-37.967 Y-3.919 E0.00748
G1 F3600 E-1
G0 F12000 X-35.106 Y3.958
G0 X-34.69 Y4.325
;TYPE:WALL-INNER
G1 F3600 E1
G1 F4800 X-34.834 Y2.993 E0.03258
G1 X-34.903 Y2.024 E0.02363
G1 X-34.943 Y1.007 E0.02475
G1 X-34.959 Y-0.011 E0.02476
G1 X-34.943 Y-1.024 E0.02464
G1 X-34.902 Y-2.048 E0.02493
G1 X-34.828 Y-3.011 E0.02349
G1 X-34.699 Y-4.325 E0.03211
G1 X-39.325 Y-4.324 E0.11251
G1 X-39.325 Y4.325 E0.21036
G1 X-34.69 Y4.325 E0.11273
G1 F3600 E-1
G0 F12000 X-34.208 Y4.75
;TYPE:WALL-OUTER
G1 F3600 E1
G1 F2400 X-34.301 Y4.022 E0.01785
G1 X-34.41 Y2.962 E0.02592
G1 X-34.478 Y2.007 E0.02329
G1 X-34.518 Y1.001 E0.02449
G1 X-34.534 Y-0.005 E0.02447
G1 X-34.518 Y-1.007 E0.02437
G1 X-34.478 Y-2.015 E0.02454
G1 X-34.405 Y-2.969 E0.02327
G1 X-34.301 Y-4.028 E0.02588
G1 X-34.208 Y-4.75 E0.01771
G1 X-39.75 Y-4.749 E0.13479
G1 X-39.75 Y4.75 E0.23103
G1 X-34.208 Y4.75 E0.13479
G0 F12000 X-34.301 Y4.022
G0 X-34.307 Y3.957
G0 X-35.513 Y3.737
G1 F3600 E-1
G0 F12000 X-34.479 Y4.512
G0 X34.78 Y0.00
G0 X35.335 Y-1.344
;TYPE:FILL
G1 F3600 E1
G1 F9600 X35.69 Y-.903 E0.01377
G1 X36.618 Y0.00 E0.03149
G1 X37.405 Y0.903 E0.02913
G1 X37.844 Y1.806 E0.02442
G1 X37.999 Y2.709 E0.02228
G1 X37.952 Y3.612 E0.02199
G1 X37.874 Y3.92 E0.00773
G1 F3600 E-1
G0 F12000 X35.106 Y3.958
G0 X34.699 Y4.325
;TYPE:WALL-INNER
G1 F3600 E1
G1 F4800 X39.325 Y4.325 E0.11251
G1 X39.323 Y-4.324 E0.21036
G1 X34.692 Y-4.325 E0.11263
G1 X34.834 Y-2.993 E0.03258
G1 X34.903 Y-2.027 E0.02355
G1 X34.943 Y-1.011 E0.02473
G1 X34.959 Y0.011 E0.02486
G1 X34.943 Y1.024 E0.02464
G1 X34.902 Y2.048 E0.02493
G1 X34.828 Y3.011 E0.02349
G1 X34.699 Y4.325 E0.03211
G1 F3600 E-1
G0 F12000 X34.208 Y4.75
;TYPE:WALL-OUTER
G1 F3600 E1
G1 F2400 X39.75 Y4.75 E0.13479
G1 X39.749 Y-4.749 E0.23103
G1 X34.209 Y-4.75 E0.13474
G1 X34.301 Y-4.026 E0.01775
G1 X34.41 Y-2.962 E0.02601
G1 X34.478 Y-2.01 E0.02321
G1 X34.518 Y-1.005 E0.02446
G1 X34.534 Y0.005 E0.02457
G1 X34.518 Y1.007 E0.02437
G1 X34.478 Y2.015 E0.02454
G1 X34.405 Y2.969 E0.02327
G1 X34.301 Y4.028 E0.02588
G1 X34.208 Y4.75 E0.01771
G0 F12000 X35.008 Y4.75
G0 X35.512 Y3.738
G1 F3600 E-1
;MESH:NONMESH
G0 F600 X35.512 Y3.738 Z7.84
G0 F12000 X34.479 Y4.512
G0 X-34.765 Y1.014
G0 X-35.357 Y0.276
G0 X-35.244 Y0.275
;TIME_ELAPSED:205.654738
;LAYER:58
;TYPE:FILL
;MESH:bridge.stl
G1 F3600 E1
G1 F9600 X-35.48 Y0.00 E0.00881
G1 X-36.441 Y-.903 E0.03207
G1 X-37.213 Y-1.806 E0.02889
G1 X-37.702 Y-2.709 E0.02498
G1 X-37.967 Y-3.612 E0.02289
G1 X-37.996 Y-3.919 E0.0075
G1 F3600 E-1
G0 F12000 X-34.989 Y3.958
G0 X-34.581 Y4.325
;TYPE:WALL-INNER
G1 F3600 E1
G1 F4800 X-34.718 Y2.993 E0.03257
G1 X-34.787 Y2.023 E0.02365
G1 X-34.827 Y1.007 E0.02473
G1 X-34.843 Y-0.011 E0.02476
G1 X-34.827 Y-1.023 E0.02462
G1 X-34.786 Y-2.045 E0.02488
G1 X-34.716 Y-3.012 E0.02358
G1 X-34.584 Y-4.325 E0.0321
G1 X-39.324 Y-4.324 E0.11528
G1 X-39.325 Y4.325 E0.21036
G1 X-34.581 Y4.325 E0.11538
G1 F3600 E-1
G0 F12000 X-34.087 Y4.75
;TYPE:WALL-OUTER
G1 F3600 E1
G1 F2400 X-34.185 Y4.022 E0.01787
G1 X-34.294 Y2.962 E0.02592
G1 X-34.362 Y2.006 E0.02331
G1 X-34.402 Y1.001 E0.02446
G1 X-34.418 Y-0.005 E0.02447
G1 X-34.402 Y-1.006 E0.02435
G1 X-34.362 Y-2.014 E0.02454
G1 X-34.293 Y-2.97 E0.02331
G1 X-34.192 Y-3.973 E0.02452
G1 X-34.09 Y-4.75 E0.01906
G1 X-39.749 Y-4.749 E0.13764
G1 X-39.75 Y4.75 E0.23103
G1 X-34.087 Y4.75 E0.13773
G0 F12000 X-34.185 Y4.022
G0 X-34.191 Y3.958
G0 X-35.396 Y3.738
G1 F3600 E-1
G0 F12000 X-34.361 Y4.512
G0 X34.665 Y0.00
G0 X35.209 Y-1.593
;TYPE:FILL
G1 F3600 E1
G1 F9600 X35.799 Y-.903 E0.02208
G1 X36.76 Y0.00 E0.03207
G1 X37.536 Y0.903 E0.02896
G1 X37.937 Y1.806 E0.02403
G1 X38.052 Y2.709 E0.02214
G1 X37.968 Y3.612 E0.02206
G1 X37.878 Y3.92 E0.0078
G1 F3600 E-1
G0 F12000 X34.989 Y3.958
G0 X34.584 Y4.325
;TYPE:WALL-INNER
G1 F3600 E1
G1 F4800 X39.325 Y4.325 E0.11531
G1 X39.325 Y-4.325 E0.21038
G1 X34.581 Y-4.325 E0.11538
G1 X34.718 Y-2.993 E0.03257
G1 X34.787 Y-2.027 E0.02355
G1 X34.827 Y-1.011 E0.02473
G1 X34.843 Y0.011 E0.02486
G1 X34.827 Y1.023 E0.02462
G1 X34.786 Y2.045 E0.02488
G1 X34.716 Y3.012 E0.02358
G1 X34.584 Y4.325 E0.0321
G1 F3600 E-1
G0 F12000 X34.09 Y4.75
;TYPE:WALL-OUTER
G1 F3600 E1
G1 F2400 X39.75 Y4.75 E0.13766
G1 X39.75 Y-4.75 E0.23105
G1 X34.087 Y-4.75 E0.13773
G1 X34.185 Y-4.022 E0.01787
G1 X34.294 Y-2.962 E0.02592
G1 X34.362 Y-2.01 E0.02321
G1 X34.402 Y-1.005 E0.02446
G1 X34.418 Y0.005 E0.02457
G1 X34.402 Y1.006 E0.02435
G1 X34.362 Y2.014 E0.02454
G1 X34.293 Y2.97 E0.02331
G1 X34.192 Y3.973 E0.02452
G1 X34.09 Y4.75 E0.01906
G0 F12000 X34.89 Y4.75
G0 X35.248 Y3.575
G1 F3600 E-1
;MESH:NONMESH
G0 F600 X35.248 Y3.575 Z7.97
G0 F12000 X34.435 Y4.001
G0 X-34.649 Y1.014
G0 X-35.242 Y0.239
G0 X-35.129 Y0.238
;TIME_ELAPSED:209.720714
;LAYER:59
;TYPE:FILL
;MESH:bridge.stl
G1 F3600 E1
G1 F9600 X-35.331 Y0.00 E0.00759
G1 X-36.33 Y-.903 E0.03275
G1 X-37.152 Y-1.806 E0.0297
G1 X-37.684 Y-2.709 E0.02549
G1 X-37.987 Y-3.612 E0.02317
G1 X-38.028 Y-3.919 E0.00753
G1 F3600 E-1
G0 F12000 X-34.869 Y3.959
G0 X-34.453 Y4.325
;TYPE:WALL-INNER
G1 F3600 E1
G1 F4800 X-34.594 Y3.082 E0.03043
G1 X-34.671 Y2.029 E0.02568
G1 X-34.715 Y0.965 E0.0259
G1 X-34.727 Y-0.009 E0.02369
G1 X-34.715 Y-1.025 E0.02471
G1 X-34.674 Y-2.008 E0.02393
G1 X-34.596 Y-3.014 E0.02454
G1 X-34.454 Y-4.325 E0.03207
G1 X-39.324 Y-4.324 E0.11845
G1 X-39.325 Y4.325 E0.21036
G1 X-34.453 Y4.325 E0.11849
G1 F3600 E-1
G0 F12000 X-33.967 Y4.75
;TYPE:WALL-OUTER
G1 F3600 E1
G1 F2400 X-34.065 Y4.023 E0.01784
G1 X-34.17 Y3.051 E0.02378
G1 X-34.246 Y2.011 E0.02536
G1 X-34.29 Y0.96 E0.02558
G1 X-34.302 Y-0.004 E0.02345
G1 X-34.29 Y-1.007 E0.0244
G1 X-34.25 Y-1.976 E0.02359
G1 X-34.173 Y-2.97 E0.02425
G1 X-34.064 Y-4.029 E0.02589
G1 X-33.969 Y-4.75 E0.01769
G1 X-39.749 Y-4.749 E0.14058
G1 X-39.75 Y4.75 E0.23103
G1 X-33.967 Y4.75 E0.14065
G0 F12000 X-34.065 Y4.023
G0 X-34.072 Y3.958
G0 X-35.278 Y3.739
G1 F3600 E-1
G0 F12000 X-34.241 Y4.512
G0 X34.55 Y0.00
G0 X35.088 Y-1.806
;TYPE:FILL
G1 F3600 E1
G1 F9600 X35.91 Y-.903 E0.0297
G1 X36.909 Y0.00 E0.03275
G1 X37.675 Y0.903 E0.0288
G1 X38.035 Y1.806 E0.02364
G1 X38.109 Y2.709 E0.02204
G1 X37.988 Y3.612 E0.02216
G1 X37.885 Y3.92 E0.0079
G1 F3600 E-1
G0 F12000 X34.869 Y3.959
G0 X34.454 Y4.325
;TYPE:WALL-INNER
G1 F3600 E1
G1 F4800 X39.325 Y4.325 E0.11847
G1 X39.325 Y-4.325 E0.21038
G1 X34.454 Y-4.325 E0.11847
G1 X34.594 Y-3.082 E0.03042
G1 X34.671 Y-2.033 E0.02558
G1 X34.715 Y-.965 E0.026
G1 X34.727 Y0.009 E0.02369
G1 X34.715 Y1.025 E0.02471
G1 X34.674 Y2.008 E0.02393
G1 X34.596 Y3.014 E0.02454
G1 X34.454 Y4.325 E0.03207
G1 F3600 E-1
G0 F12000 X33.969 Y4.75
;TYPE:WALL-OUTER
G1 F3600 E1
G1 F2400 X39.75 Y4.75 E0.1406
G1 X39.75 Y-4.75 E0.23105
G1 X33.967 Y-4.75 E0.14065
G1 X34.065 Y-4.027 E0.01775
G1 X34.17 Y-3.051 E0.02387
G1 X34.246 Y-2.015 E0.02526
G1 X34.29 Y-.96 E0.02568
G1 X34.302 Y0.004 E0.02345
G1 X34.29 Y1.007 E0.0244
G1 X34.25 Y1.976 E0.02359
G1 X34.173 Y2.97 E0.02425
G1 X34.064 Y4.029 E0.02589
G1 X33.969 Y4.75 E0.01769
G0 F12000 X34.769 Y4.75
G0 X35.129 Y3.575
G1 F3600 E-1
;MESH:NONMESH
G0 F600 X35.129 Y3.575 Z8.1
G0 F12000 X34.308 Y4.058
G0 X-34.536 Y0.971
G0 X-35.128 Y0.19
G0 X-35.014 Y0.189
;TIME_ELAPSED:213.812424
;LAYER:60
;TYPE:FILL
;MESH:bridge.stl
G1 F3600 E1
G1 F9600 X-35.172 Y0.00 E0.00599
G1 X-36.216 Y-.903 E0.03357
G1 X-37.094 Y-1.806 E0.03063
G1 X-37.67 Y-2.709 E0.02605
G1 X-38.011 Y-3.612 E0.02348
G1 X-38.065 Y-3.92 E0.00761
G1 F3600 E-1
G0 F12000 X-34.749 Y3.959
G0 X-34.334 Y4.325
;TYPE:WALL-INNER
G1 F3600 E1
G1 F4800 X-34.482 Y2.993 E0.0326
G1 X-34.551 Y2.026 E0.02358
G1 X-34.595 Y1.012 E0.02469
G1 X-34.611 Y0.053 E0.02333
G1 X-34.595 Y-1.03 E0.02634
G1 X-34.55 Y-2.048 E0.02478
G1 X-34.476 Y-3.014 E0.02356
G1 X-34.334 Y-4.325 E0.03207
G1 X-39.325 Y-4.325 E0.12139
G1 X-39.325 Y4.325 E0.21038
G1 X-34.334 Y4.325 E0.12139
G1 F3600 E-1
G0 F12000 X-33.849 Y4.75
;TYPE:WALL-OUTER
G1 F3600 E1
G1 F2400 X-33.945 Y4.023 E0.01784
G1 X-34.058 Y2.962 E0.02595
G1 X-34.126 Y2.008 E0.02326
G1 X-34.17 Y1.005 E0.02442
G1 X-34.186 Y0.06 E0.02299
G1 X-34.17 Y-1.012 E0.02608
G1 X-34.126 Y-2.015 E0.02442
G1 X-34.053 Y-2.97 E0.02329
G1 X-33.944 Y-4.029 E0.02589
G1 X-33.849 Y-4.75 E0.01769
G1 X-39.75 Y-4.75 E0.14352
G1 X-39.75 Y4.75 E0.23105
G1 X-33.849 Y4.75 E0.14352
G0 F12000 X-33.945 Y4.023
G0 X-33.952 Y3.957
G0 X-35.157 Y3.738
G1 F3600 E-1
G0 F12000 X-34.122 Y4.512
G0 X34.416 Y-1.014
G0 X34.951 Y-2.112
;TYPE:FILL
G1 F3600 E1
G1 F9600 X35.146 Y-1.806 E0.00883
G1 X36.024 Y-.903 E0.03063
G1 X37.068 Y0.00 E0.03357
G1 X37.822 Y0.903 E0.02861
G1 X38.14 Y1.806 E0.02328
G1 X38.171 Y2.709 E0.02198
G1 X38.012 Y3.612 E0.0223
G1 X37.896 Y3.92 E0.008
G1 F3600 E-1
G0 F12000 X34.749 Y3.959
G0 X34.334 Y4.325
;TYPE:WALL-INNER
G1 F3600 E1
G1 F4800 X39.325 Y4.325 E0.12139
G1 X39.325 Y-4.325 E0.21038
G1 X34.334 Y-4.325 E0.12139
G1 X34.482 Y-2.993 E0.0326
G1 X34.551 Y-2.03 E0.02348
G1 X34.595 Y-1.012 E0.02478
G1 X34.611 Y-0.053 E0.02333
G1 X34.595 Y1.03 E0.02634
G1 X34.55 Y2.048 E0.02478
G1 X34.476 Y3.014 E0.02356
G1 X34.334 Y4.325 E0.03207
G1 F3600 E-1
G0 F12000 X33.849 Y4.75
;TYPE:WALL-OUTER
G1 F3600 E1
G1 F2400 X39.75 Y4.75 E0.14352
G1 X39.75 Y-4.75 E0.23105
G1 X33.85 Y-4.75 E0.1435
G1 X33.945 Y-4.027 E0.01774
G1 X34.058 Y-2.962 E0.02605
G1 X34.126 Y-2.011 E0.02319
G1 X34.17 Y-1.005 E0.02449
G1 X34.186 Y-0.06 E0.02299
G1 X34.17 Y1.012 E0.02608
G1 X34.126 Y2.015 E0.02442
G1 X34.053 Y2.97 E0.02329
G1 X33.944 Y4.029 E0.02589
G1 X33.849 Y4.75 E0.01769
G0 F12000 X34.649 Y4.75
G0 X35.009 Y3.575
G1 F3600 E-1
;MESH:NONMESH
G0 F600 X35.009 Y3.575 Z8.23
G0 F12000 X34.189 Y4.058
G0 X-34.416 Y1.014
G0 X-35.012 Y0.13
G0 X-34.894 Y0.129
;TIME_ELAPSED:217.918448
;LAYER:61
;TYPE:FILL
;MESH:bridge.stl
G1 F3600 E1
G1 F9600 X-35 Y0.00 E0.00406
G1 X-36.097 Y-.903 E0.03456
G1 X-37.037 Y-1.806 E0.0317
G1 X-37.659 Y-2.709 E0.02667
G1 X-38.039 Y-3.612 E0.02383
G1 X-38.106 Y-3.919 E0.00764
G1 F3600 E-1
G0 F12000 X-34.63 Y3.959
G0 X-34.214 Y4.325
;TYPE:WALL-INNER
G1 F3600 E1
G1 F4800 X-34.362 Y2.993 E0.0326
G1 X-34.431 Y2.026 E0.02358
G1 X-34.475 Y1.011 E0.02471
G1 X-34.491 Y-0.011 E0.02486
G1 X-34.475 Y-1.03 E0.02479
G1 X-34.43 Y-2.048 E0.02478
G1 X-34.356 Y-3.014 E0.02356
G1 X-34.214 Y-4.325 E0.03207
G1 X-39.324 Y-4.324 E0.12428
G1 X-39.325 Y4.325 E0.21036
G1 X-34.214 Y4.325 E0.12431
G1 F3600 E-1
G0 F12000 X-33.729 Y4.75
;TYPE:WALL-OUTER
G1 F3600 E1
G1 F2400 X-33.825 Y4.023 E0.01784
G1 X-33.938 Y2.962 E0.02595
G1 X-34.006 Y2.008 E0.02326
G1 X-34.05 Y1.005 E0.02442
G1 X-34.066 Y-0.004 E0.02454
G1 X-34.05 Y-1.012 E0.02452
G1 X-34.006 Y-2.015 E0.02442
G1 X-33.933 Y-2.97 E0.02329
G1 X-33.824 Y-4.029 E0.02589
G1 X-33.729 Y-4.75 E0.01769
G1 X-39.749 Y-4.749 E0.14642
G1 X-39.75 Y4.75 E0.23103
G1 X-33.729 Y4.75 E0.14644
G0 F12000 X-33.825 Y4.023
G0 X-33.832 Y3.957
G0 X-35.038 Y3.738
G1 F3600 E-1
G0 F12000 X-34.002 Y4.512
G0 X34.296 Y-1.014
G0 X34.812 Y-2.374
;TYPE:FILL
G1 F3600 E1
G1 F9600 X35.203 Y-1.806 E0.01677
G1 X36.143 Y-.903 E0.0317
G1 X37.24 Y0.00 E0.03456
G1 X37.981 Y0.903 E0.02841
G1 X38.251 Y1.806 E0.02292
G1 X38.238 Y2.709 E0.02196
G1 X38.04 Y3.612 E0.02248
G1 X37.91 Y3.92 E0.00813
G1 F3600 E-1
G0 F12000 X34.629 Y3.959
G0 X34.214 Y4.325
;TYPE:WALL-INNER
G1 F3600 E1
G1 F4800 X39.325 Y4.325 E0.12431
G1 X39.325 Y-4.325 E0.21038
G1 X34.214 Y-4.325 E0.12431
G1 X34.362 Y-2.993 E0.0326
G1 X34.431 Y-2.03 E0.02348
G1 X34.475 Y-1.011 E0.02481
G1 X34.491 Y0.011 E0.02486
G1 X34.475 Y1.03 E0.02479
G1 X34.43 Y2.048 E0.02478
G1 X34.356 Y3.014 E0.02356
G1 X34.214 Y4.325 E0.03207
G1 F3600 E-1
G0 F12000 X33.729 Y4.75
;TYPE:WALL-OUTER
G1 F3600 E1
G1 F2400 X39.75 Y4.75 E0.14644
G1 X39.75 Y-4.75 E0.23105
G1 X33.73 Y-4.75 E0.14642
G1 X33.825 Y-4.027 E0.01774
G1 X33.938 Y-2.962 E0.02605
G1 X34.006 Y-2.011 E0.02319
G1 X34.05 Y-1.005 E0.02449
G1 X34.066 Y0.004 E0.02454
G1 X34.05 Y1.012 E0.02452
G1 X34.006 Y2.015 E0.02442
G1 X33.933 Y2.97 E0.02329
G1 X33.824 Y4.029 E0.02589
G1 X33.729 Y4.75 E0.01769
G0 F12000 X34.529 Y4.75
G0 X35.037 Y3.74
G1 F3600 E-1
;MESH:NONMESH
G0 F600 X35.037 Y3.74 Z8.36
G0 F12000 X34.003 Y4.512
G0 X-34.296 Y1.014
G0 X-34.893 Y0.047
G0 X-34.775 Y0.046
;TIME_ELAPSED:222.055388
;LAYER:62
;TYPE:FILL
;MESH:bridge.stl
G1 F3600 E1
G1 F9600 X-34.812 Y0.00 E0.00144
G1 X-35.973 Y-.903 E0.03577
G1 X-36.982 Y-1.806 E0.03293
G1 X-37.653 Y-2.709 E0.02736
G1 X-38.072 Y-3.612 E0.02421
G1 X-38.153 Y-3.919 E0.00772
G1 F3600 E-1
G0 F12000 X-34.51 Y3.959
G0 X-34.105 Y4.325
;TYPE:WALL-INNER
G1 F3600 E1
G1 F4800 X-34.242 Y2.993 E0.03257
G1 X-34.311 Y2.026 E0.02358
G1 X-34.355 Y1.011 E0.02471
G1 X-34.371 Y-0.011 E0.02486
G1 X-34.355 Y-1.03 E0.02479
G1 X-34.31 Y-2.048 E0.02478
G1 X-34.236 Y-3.011 E0.02349
G1 X-34.107 Y-4.325 E0.03211
G1 X-39.324 Y-4.324 E0.12689
G1 X-39.325 Y4.325 E0.21036
G1 X-34.105 Y4.325 E0.12696
G1 F3600 E-1
G0 F12000 X-33.611 Y4.75
;TYPE:WALL-OUTER
G1 F3600 E1
G1 F2400 X-33.709 Y4.022 E0.01787
G1 X-33.818 Y2.962 E0.02592
G1 X-33.886 Y2.008 E0.02326
G1 X-33.93 Y1.005 E0.02442
G1 X-33.946 Y-0.004 E0.02454
G1 X-33.93 Y-1.012 E0.02452
G1 X-33.886 Y-2.015 E0.02442
G1 X-33.813 Y-2.969 E0.02327
G1 X-33.708 Y-4.03 E0.02593
G1 X-33.611 Y-4.75 E0.01767
G1 X-39.749 Y-4.749 E0.14929
G1 X-39.75 Y4.75 E0.23103
G1 X-33.611 Y4.75 E0.14931
G0 F12000 X-33.709 Y4.022
G0 X-33.715 Y3.958
G0 X-34.918 Y3.738
G1 F3600 E-1
G0 F12000 X-33.883 Y4.512
G0 X34.176 Y-1.014
G0 X34.676 Y-2.589
;TYPE:FILL
G1 F3600 E1
G1 F9600 X35.258 Y-1.806 E0.02373
G1 X36.267 Y-.903 E0.03293
G1 X37.428 Y0.00 E0.03577
G1 X38.153 Y0.903 E0.02817
G1 X38.37 Y1.806 E0.02259
G1 X38.31 Y2.709 E0.02201
G1 X38.073 Y3.612 E0.02271
G1 X37.93 Y3.92 E0.00826
G1 F3600 E-1
G0 F12000 X34.51 Y3.959
G0 X34.107 Y4.325
;TYPE:WALL-INNER
G1 F3600 E1
G1 F4800 X39.325 Y4.325 E0.12691
G1 X39.325 Y-4.325 E0.21038
G1 X34.106 Y-4.325 E0.12693
G1 X34.242 Y-2.993 E0.03256
G1 X34.311 Y-2.03 E0.02348
G1 X34.355 Y-1.011 E0.02481
G1 X34.371 Y0.011 E0.02486
G1 X34.355 Y1.03 E0.02479
G1 X34.31 Y2.048 E0.02478
G1 X34.236 Y3.011 E0.02349
G1 X34.107 Y4.325 E0.03211
G1 F3600 E-1
G0 F12000 X33.611 Y4.75
;TYPE:WALL-OUTER
G1 F3600 E1
G1 F2400 X39.75 Y4.75 E0.14931
G1 X39.75 Y-4.75 E0.23105
G1 X33.611 Y-4.75 E0.14931
G1 X33.709 Y-4.026 E0.01777
G1 X33.818 Y-2.962 E0.02601
G1 X33.886 Y-2.011 E0.02319
G1 X33.93 Y-1.005 E0.02449
G1 X33.946 Y0.004 E0.02454
G1 X33.93 Y1.012 E0.02452
G1 X33.886 Y2.015 E0.02442
G1 X33.813 Y2.969 E0.02327
G1 X33.708 Y4.03 E0.02593
G1 X33.611 Y4.75 E0.01767
G0 F12000 X34.411 Y4.75
G0 X34.77 Y3.575
G1 F3600 E-1
;MESH:NONMESH
G0 F600 X34.77 Y3.575 Z8.49
G0 F12000 X33.95 Y4.058
G0 X-34.176 Y1.014
G0 X-34.772 Y-0.042
G0 X-34.655 Y-0.04
;TIME_ELAPSED:226.213534
;LAYER:63
;TYPE:FILL
;MESH:bridge.stl
G1 F3600 E1
G1 F9600 X-35.84 Y-.903 E0.03565
G1 X-36.929 Y-1.806 E0.03441
G1 X-37.65 Y-2.709 E0.0281
G1 X-38.109 Y-3.612 E0.02464
G1 X-38.203 Y-3.92 E0.00783
G1 F3600 E-1
G0 F12000 X-34.391 Y3.959
G0 X-33.985 Y4.325
;TYPE:WALL-INNER
G1 F3600 E1
G1 F4800 X-34.122 Y2.993 E0.03257
G1 X-34.191 Y2.026 E0.02358
G1 X-34.235 Y1.007 E0.02481
G1 X-34.251 Y-0.011 E0.02476
G1 X-34.235 Y-1.026 E0.02469
G1 X-34.19 Y-2.045 E0.02481
G1 X-34.12 Y-3.014 E0.02363
G1 X-33.978 Y-4.325 E0.03207
G1 X-39.325 Y-4.325 E0.13005
G1 X-39.325 Y4.325 E0.21038
G1 X-33.985 Y4.325 E0.12988
G1 F3600 E-1
G0 F12000 X-33.491 Y4.75
;TYPE:WALL-OUTER
G1 F3600 E1
G1 F2400 X-33.589 Y4.022 E0.01787
G1 X-33.698 Y2.962 E0.02592
G1 X-33.766 Y2.007 E0.02329
G1 X-33.81 Y1.001 E0.02449
G1 X-33.826 Y-0.005 E0.02447
G1 X-33.81 Y-1.008 E0.0244
G1 X-33.766 Y-2.014 E0.02449
G1 X-33.697 Y-2.97 E0.02331
G1 X-33.588 Y-4.029 E0.02589
G1 X-33.493 Y-4.75 E0.01769
G1 X-39.75 Y-4.75 E0.15218
G1 X-39.75 Y4.75 E0.23105
G1 X-33.491 Y4.75 E0.15223
G0 F12000 X-33.589 Y4.022
G0 X-33.595 Y3.958
G0 X-34.799 Y3.738
G1 F3600 E-1
G0 F12000 X-33.763 Y4.512
G0 X34.057 Y-1.014
G0 X34.54 Y-2.807
;TYPE:FILL
G1 F3600 E1
G1 F9600 X34.59 Y-2.709 E0.00268
G1 X35.311 Y-1.806 E0.0281
G1 X36.4 Y-.903 E0.03441
G1 X37.64 Y0.00 E0.03731
G1 X38.341 Y0.903 E0.0278
G1 X38.496 Y1.806 E0.02228
G1 X38.387 Y2.709 E0.02212
G1 X38.11 Y3.612 E0.02297
G1 X37.954 Y3.92 E0.0084
G1 F3600 E-1
G0 F12000 X34.39 Y3.959
G0 X33.978 Y4.325
;TYPE:WALL-INNER
G1 F3600 E1
G1 F4800 X39.325 Y4.325 E0.13005
G1 X39.325 Y-4.325 E0.21038
G1 X33.986 Y-4.325 E0.12985
G1 X34.122 Y-2.993 E0.03256
G1 X34.191 Y-2.03 E0.02348
G1 X34.235 Y-1.011 E0.02481
G1 X34.251 Y0.011 E0.02486
G1 X34.235 Y1.026 E0.02469
G1 X34.19 Y2.045 E0.02481
G1 X34.12 Y3.014 E0.02363
G1 X33.978 Y4.325 E0.03207
G1 F3600 E-1
G0 F12000 X33.493 Y4.75
;TYPE:WALL-OUTER
G1 F3600 E1
G1 F2400 X39.75 Y4.75 E0.15218
G1 X39.75 Y-4.75 E0.23105
G1 X33.491 Y-4.75 E0.15223
G1 X33.589 Y-4.026 E0.01777
G1 X33.698 Y-2.962 E0.02601
G1 X33.766 Y-2.011 E0.02319
G1 X33.81 Y-1.005 E0.02449
G1 X33.826 Y0.005 E0.02457
G1 X33.81 Y1.008 E0.0244
G1 X33.766 Y2.014 E0.02449
G1 X33.697 Y2.97 E0.02331
G1 X33.588 Y4.029 E0.02589
G1 X33.493 Y4.75 E0.01769
G0 F12000 X34.293 Y4.75
G0 X34.798 Y3.74
G1 F3600 E-1
;MESH:NONMESH
G0 F600 X34.798 Y3.74 Z8.62
G0 F12000 X33.764 Y4.512
G0 X-34.057 Y1.014
G0 X-34.651 Y-.123
G0 X-34.534 Y-.121
;TIME_ELAPSED:230.403270
;LAYER:64
;TYPE:FILL
;MESH:bridge.stl
G1 F3600 E1
G1 F9600 X-35.695 Y-.903 E0.03405
G1 X-36.877 Y-1.806 E0.03618
G1 X-37.652 Y-2.709 E0.02894
G1 X-38.15 Y-3.612 E0.02508
G1 X-38.259 Y-3.919 E0.00792
G1 F3600 E-1
G0 F12000 X-34.271 Y3.959
G0 X-33.865 Y4.325
;TYPE:WALL-INNER
G1 F3600 E1
G1 F4800 X-34.002 Y2.993 E0.03257
G1 X-34.071 Y2.026 E0.02358
G1 X-34.115 Y1.007 E0.02481
G1 X-34.131 Y-0.011 E0.02476
G1 X-34.115 Y-1.026 E0.02469
G1 X-34.07 Y-2.045 E0.02481
G1 X-34 Y-3.014 E0.02363
G1 X-33.858 Y-4.325 E0.03207
G1 X-39.324 Y-4.324 E0.13294
G1 X-39.325 Y4.325 E0.21036
G1 X-33.865 Y4.325 E0.1328
G1 F3600 E-1
G0 F12000 X-33.371 Y4.75
;TYPE:WALL-OUTER
G1 F3600 E1
G1 F2400 X-33.469 Y4.022 E0.01787
G1 X-33.578 Y2.962 E0.02592
G1 X-33.646 Y2.007 E0.02329
G1 X-33.69 Y1.001 E0.02449
G1 X-33.706 Y-0.005 E0.02447
G1 X-33.69 Y-1.007 E0.02437
G1 X-33.646 Y-2.014 E0.02452
G1 X-33.577 Y-2.97 E0.02331
G1 X-33.468 Y-4.029 E0.02589
G1 X-33.373 Y-4.75 E0.01769
G1 X-39.749 Y-4.749 E0.15507
G1 X-39.75 Y4.75 E0.23103
G1 X-33.371 Y4.75 E0.15515
G0 F12000 X-33.469 Y4.022
G0 X-33.475 Y3.958
G0 X-34.679 Y3.738
G1 F3600 E-1
G0 F12000 X-33.644 Y4.512
G0 X33.891 Y-2.029
G0 X34.403 Y-3.045
;TYPE:FILL
G1 F3600 E1
G1 F9600 X34.588 Y-2.709 E0.00933
G1 X35.363 Y-1.806 E0.02894
G1 X36.545 Y-.903 E0.03618
G1 X37.886 Y0.00 E0.03932
G1 X38.551 Y0.903 E0.02728
G1 X38.632 Y1.806 E0.02205
G1 X38.47 Y2.709 E0.02231
G1 X38.151 Y3.612 E0.02329
G1 X37.981 Y3.92 E0.00856
G1 F3600 E-1
G0 F12000 X34.271 Y3.959
G0 X33.858 Y4.325
;TYPE:WALL-INNER
G1 F3600 E1
G1 F4800 X39.325 Y4.325 E0.13297
G1 X39.325 Y-4.325 E0.21038
G1 X33.866 Y-4.325 E0.13277
G1 X34.002 Y-2.993 E0.03256
G1 X34.071 Y-2.03 E0.02348
G1 X34.115 Y-1.011 E0.02481
G1 X34.131 Y0.011 E0.02486
G1 X34.115 Y1.026 E0.02469
G1 X34.07 Y2.045 E0.02481
G1 X34 Y3.014 E0.02363
G1 X33.858 Y4.325 E0.03207
G1 F3600 E-1
G0 F12000 X33.373 Y4.75
;TYPE:WALL-OUTER
G1 F3600 E1
G1 F2400 X39.75 Y4.75 E0.1551
G1 X39.75 Y-4.75 E0.23105
G1 X33.371 Y-4.75 E0.15515
G1 X33.469 Y-4.026 E0.01777
G1 X33.578 Y-2.962 E0.02601
G1 X33.646 Y-2.011 E0.02319
G1 X33.69 Y-1.004 E0.02452
G1 X33.706 Y0.005 E0.02454
G1 X33.69 Y1.007 E0.02437
G1 X33.646 Y2.014 E0.02452
G1 X33.577 Y2.97 E0.02331
G1 X33.468 Y4.029 E0.02589
G1 X33.373 Y4.75 E0.01769
G0 F12000 X34.173 Y4.75
G0 X34.531 Y3.575
G1 F3600 E-1
;MESH:NONMESH
G0 F600 X34.531 Y3.575 Z8.75
G0 F12000 X33.711 Y4.058
G0 X-33.937 Y1.014
G0 X-34.529 Y-.221
G0 X-34.413 Y-.219
;TIME_ELAPSED:234.604428
;LAYER:65
;TYPE:FILL
;MESH:bridge.stl
G1 F3600 E1
G1 F9600 X-35.533 Y-.903 E0.03192
G1 X-36.826 Y-1.806 E0.03836
G1 X-37.659 Y-2.709 E0.02988
G1 X-38.197 Y-3.612 E0.02556
G1 X-38.319 Y-3.919 E0.00803
G1 F3600 E-1
G0 F12000 X-34.151 Y3.959
G0 X-33.745 Y4.325
;TYPE:WALL-INNER
G1 F3600 E1
G1 F4800 X-33.882 Y2.993 E0.03257
G1 X-33.951 Y2.026 E0.02358
G1 X-33.995 Y1.011 E0.02471
G1 X-34.011 Y-0.011 E0.02486
G1 X-33.995 Y-1.03 E0.02479
G1 X-33.95 Y-2.045 E0.02471
G1 X-33.88 Y-3.014 E0.02363
G1 X-33.744 Y-4.325 E0.03206
G1 X-39.324 Y-4.324 E0.13571
G1 X-39.325 Y4.325 E0.21036
G1 X-33.745 Y4.325 E0.13571
G1 F3600 E-1
G0 F12000 X-33.251 Y4.75
;TYPE:WALL-OUTER
G1 F3600 E1
G1 F2400 X-33.349 Y4.022 E0.01787
G1 X-33.458 Y2.962 E0.02592
G1 X-33.526 Y2.008 E0.02326
G1 X-33.57 Y1.004 E0.02444
G1 X-33.586 Y-0.004 E0.02452
G1 X-33.57 Y-1.011 E0.02449
G1 X-33.526 Y-2.014 E0.02442
G1 X-33.457 Y-2.97 E0.02331
G1 X-33.348 Y-4.03 E0.02592
G1 X-33.251 Y-4.75 E0.01767
G1 X-39.749 Y-4.749 E0.15804
G1 X-39.75 Y4.75 E0.23103
G1 X-33.251 Y4.75 E0.15807
G0 F12000 X-33.349 Y4.022
G0 X-33.355 Y3.958
G0 X-34.559 Y3.738
G1 F3600 E-1
G0 F12000 X-33.524 Y4.512
G0 X33.772 Y-2.029
G0 X34.263 Y-3.243
;TYPE:FILL
G1 F3600 E1
G1 F9600 X34.581 Y-2.709 E0.01512
G1 X35.414 Y-1.806 E0.02988
G1 X36.707 Y-.903 E0.03836
G1 X38.185 Y0.00 E0.04213
G1 X38.787 Y0.903 E0.0264
G1 X38.778 Y1.806 E0.02196
G1 X38.558 Y2.709 E0.0226
G1 X38.198 Y3.612 E0.02364
G1 X38.015 Y3.92 E0.00871
G1 F3600 E-1
G0 F12000 X34.151 Y3.959
G0 X33.747 Y4.325
;TYPE:WALL-INNER
G1 F3600 E1
G1 F4800 X39.325 Y4.325 E0.13567
G1 X39.325 Y-4.325 E0.21038
G1 X33.746 Y-4.325 E0.13569
G1 X33.882 Y-2.993 E0.03256
G1 X33.951 Y-2.03 E0.02348
G1 X33.995 Y-1.011 E0.02481
G1 X34.011 Y0.011 E0.02486
G1 X33.995 Y1.03 E0.02479
G1 X33.95 Y2.045 E0.02471
G1 X33.88 Y3.014 E0.02363
G1 X33.747 Y4.325 E0.03205
G1 F3600 E-1
G0 F12000 X33.251 Y4.75
;TYPE:WALL-OUTER
G1 F3600 E1
G1 F2400 X39.75 Y4.75 E0.15807
G1 X39.75 Y-4.75 E0.23105
G1 X33.251 Y-4.75 E0.15807
G1 X33.349 Y-4.026 E0.01777
G1 X33.458 Y-2.962 E0.02601
G1 X33.526 Y-2.011 E0.02319
G1 X33.57 Y-1.004 E0.02452
G1 X33.586 Y0.004 E0.02452
G1 X33.57 Y1.011 E0.02449
G1 X33.526 Y2.014 E0.02442
G1 X33.457 Y2.97 E0.02331
G1 X33.348 Y4.03 E0.02592
G1 X33.251 Y4.75 E0.01767
G0 F12000 X34.051 Y4.75
G0 X34.411 Y3.575
G1 F3600 E-1
;MESH:NONMESH
G0 F600 X34.411 Y3.575 Z8.88
G0 F12000 X33.591 Y4.058
G0 X-33.817 Y1.014
G0 X-34.408 Y-.341
G0 X-34.292 Y-.339
;TIME_ELAPSED:238.834973
;LAYER:66
;TYPE:FILL
;MESH:bridge.stl
G1 F3600 E1
G1 F9600 X-35.346 Y-.903 E0.02907
G1 X-36.777 Y-1.806 E0.04115
G1 X-37.67 Y-2.709 E0.03089
G1 X-38.249 Y-3.612 E0.02609
G1 X-38.386 Y-3.92 E0.0082
G1 F3600 E-1
G0 F12000 X-34.032 Y3.959
G0 X-33.616 Y4.324
;TYPE:WALL-INNER
G1 F3600 E1
G1 F4800 X-33.766 Y2.99 E0.03265
G1 X-33.831 Y2.029 E0.02343
G1 X-33.879 Y1.029 E0.02435
G1 X-33.891 Y-0.009 E0.02525
G1 X-33.879 Y-1.029 E0.02481
G1 X-33.83 Y-2.045 E0.02474
G1 X-33.76 Y-3.012 E0.02358
G1 X-33.628 Y-4.325 E0.0321
G1 X-39.325 Y-4.325 E0.13856
G1 X-39.325 Y4.325 E0.21038
G1 X-33.616 Y4.324 E0.13885
G1 F3600 E-1
G0 F12000 X-33.128 Y4.749
;TYPE:WALL-OUTER
G1 F3600 E1
G1 F2400 X-33.225 Y4.047 E0.01724
G1 X-33.342 Y2.961 E0.02657
G1 X-33.406 Y2.008 E0.02323
G1 X-33.454 Y1 E0.02454
G1 X-33.466 Y-0.004 E0.02442
G1 X-33.454 Y-1.008 E0.02442
G1 X-33.406 Y-2.014 E0.0245
G1 X-33.337 Y-2.97 E0.02331
G1 X-33.232 Y-4.015 E0.02554
G1 X-33.128 Y-4.75 E0.01805
G1 X-39.75 Y-4.75 E0.16106
G1 X-39.75 Y4.75 E0.23105
G1 X-33.128 Y4.749 E0.16106
G0 F12000 X-33.225 Y4.047
G0 X-33.234 Y3.957
G0 X-34.44 Y3.738
G1 F3600 E-1
G0 F12000 X-33.402 Y4.512
G0 X33.577 Y3.043
G0 X38.92 Y1.851
;TYPE:FILL
G1 F3600 E1
G1 F9600 X38.653 Y2.709 E0.02185
G1 X38.25 Y3.612 E0.02405
G1 X38.053 Y3.92 E0.00889
G1 X34.075 Y3.92 E0.09675
G1 X34.163 Y3.043 E0.02144
G1 X34.234 Y2.067 E0.0238
G1 X34.283 Y1.053 E0.02469
G1 X34.296 Y0.004 E0.02552
G1 X34.284 Y-1.009 E0.02464
G1 X34.235 Y-2.06 E0.02559
G1 X34.146 Y-3.37 E0.03193
G1 X34.57 Y-2.709 E0.0191
G1 X35.463 Y-1.806 E0.03089
G1 X36.894 Y-.903 E0.04115
G1 X38.582 Y0.00 E0.04656
G1 X38.92 Y0.64 E0.0176
G1 F3600 E-1
G0 F12000 X34.033 Y3.959
G0 X33.628 Y4.325
;TYPE:WALL-INNER
G1 F3600 E1
G1 F4800 X39.325 Y4.325 E0.13856
G1 X39.325 Y-4.325 E0.21038
G1 X33.616 Y-4.324 E0.13885
G1 X33.766 Y-2.99 E0.03265
G1 X33.831 Y-2.033 E0.02333
G1 X33.879 Y-1.033 E0.02435
G1 X33.891 Y0.009 E0.02534
G1 X33.879 Y1.029 E0.02481
G1 X33.83 Y2.045 E0.02474
G1 X33.76 Y3.012 E0.02358
G1 X33.628 Y4.325 E0.0321
G1 F3600 E-1
G0 F12000 X33.128 Y4.75
;TYPE:WALL-OUTER
G1 F3600 E1
G1 F2400 X39.75 Y4.75 E0.16106
G1 X39.75 Y-4.75 E0.23105
G1 X33.128 Y-4.749 E0.16106
G1 X33.225 Y-4.047 E0.01724
G1 X33.342 Y-2.961 E0.02657
G1 X33.406 Y-2.012 E0.02313
G1 X33.454 Y-1.004 E0.02454
G1 X33.466 Y0.004 E0.02452
G1 X33.454 Y1.008 E0.02442
G1 X33.406 Y2.014 E0.0245
G1 X33.337 Y2.97 E0.02331
G1 X33.232 Y4.015 E0.02554
G1 X33.128 Y4.75 E0.01805
G0 F12000 X33.928 Y4.75
G0 X34.293 Y3.575
G1 F3600 E-1
;MESH:NONMESH
G0 F600 X34.293 Y3.575 Z9.01
G0 F12000 X33.474 Y4.042
G0 X-33.698 Y1.014
G0 X-34.286 Y-.513
G0 X-34.17 Y-.511
;TIME_ELAPSED:243.234054
;LAYER:67
;TYPE:FILL
;MESH:bridge.stl
G1 F3600 E1
G1 F9600 X-35.119 Y-.903 E0.02497
G1 X-36.729 Y-1.806 E0.0449
G1 X-37.687 Y-2.709 E0.03202
G1 X-38.307 Y-3.612 E0.02664
G1 X-38.459 Y-3.919 E0.00833
G1 F3600 E-1
G0 F12000 X-33.908 Y3.959
G0 X-33.5 Y4.325
;TYPE:WALL-INNER
G1 F3600 E1
G1 F4800 X-33.646 Y2.991 E0.03264
G1 X-33.715 Y1.987 E0.02448
G1 X-33.759 Y1.005 E0.02391
G1 X-33.771 Y-0.009 E0.02466
G1 X-33.759 Y-1.029 E0.02481
G1 X-33.71 Y-2.046 E0.02476
G1 X-33.64 Y-2.982 E0.02283
G1 X-33.501 Y-4.325 E0.03284
G1 X-39.324 Y-4.324 E0.14162
G1 X-39.325 Y4.325 E0.21036
G1 X-33.5 Y4.325 E0.14167
G1 F3600 E-1
G0 F12000 X-33.004 Y4.75
;TYPE:WALL-OUTER
G1 F3600 E1
G1 F2400 X-33.105 Y4.024 E0.01783
G1 X-33.222 Y2.962 E0.02599
G1 X-33.29 Y1.968 E0.02423
G1 X-33.334 Y1 E0.02357
G1 X-33.346 Y-0.004 E0.02442
G1 X-33.334 Y-1.008 E0.02442
G1 X-33.286 Y-2.015 E0.02452
G1 X-33.217 Y-2.938 E0.02251
G1 X-33.104 Y-4.031 E0.02673
G1 X-33.004 Y-4.75 E0.01766
G1 X-39.749 Y-4.749 E0.16405
G1 X-39.75 Y4.75 E0.23103
G1 X-33.004 Y4.75 E0.16407
G0 F12000 X-33.105 Y4.024
G0 X-33.112 Y3.958
G0 X-34.318 Y3.74
G1 F3600 E-1
G0 F12000 X-33.277 Y4.512
G0 X33.459 Y3.011
G0 X38.92 Y2.279
;TYPE:FILL
G1 F3600 E1
G1 F9600 X38.754 Y2.709 E0.01121
G1 X38.308 Y3.612 E0.0245
G1 X38.097 Y3.92 E0.00908
G1 X33.95 Y3.92 E0.10086
G1 X34.046 Y2.988 E0.02279
G1 X34.115 Y2.068 E0.02244
G1 X34.163 Y1.053 E0.02471
G1 X34.176 Y0.004 E0.02552
G1 X34.164 Y-1.009 E0.02464
G1 X34.119 Y-2.019 E0.02459
G1 X34.016 Y-3.492 E0.03591
G1 X34.553 Y-2.709 E0.02309
G1 X35.511 Y-1.806 E0.03202
G1 X37.121 Y-.903 E0.0449
G1 X38.92 Y-.159 E0.04735
G1 F3600 E-1
G0 F12000 X33.908 Y3.959
G0 X33.502 Y4.325
;TYPE:WALL-INNER
G1 F3600 E1
G1 F4800 X39.325 Y4.325 E0.14162
G1 X39.325 Y-4.325 E0.21038
G1 X33.501 Y-4.325 E0.14165
G1 X33.646 Y-2.991 E0.03264
G1 X33.715 Y-1.991 E0.02438
G1 X33.759 Y-1.031 E0.02337
G1 X33.771 Y0.009 E0.0253
G1 X33.759 Y1.029 E0.02481
G1 X33.71 Y2.046 E0.02476
G1 X33.64 Y2.982 E0.02283
G1 X33.502 Y4.325 E0.03284
G1 F3600 E-1
G0 F12000 X33.004 Y4.75
;TYPE:WALL-OUTER
G1 F3600 E1
G1 F2400 X39.75 Y4.75 E0.16407
G1 X39.75 Y-4.75 E0.23105
G1 X33.004 Y-4.75 E0.16407
G1 X33.105 Y-4.028 E0.01773
G1 X33.222 Y-2.962 E0.02608
G1 X33.29 Y-1.972 E0.02413
G1 X33.334 Y-1.003 E0.02359
G1 X33.346 Y0.004 E0.02449
G1 X33.334 Y1.008 E0.02442
G1 X33.286 Y2.015 E0.02452
G1 X33.217 Y2.938 E0.02251
G1 X33.104 Y4.031 E0.02673
G1 X33.004 Y4.75 E0.01766
G0 F12000 X33.804 Y4.75
G0 X34.168 Y3.575
G1 F3600 E-1
;MESH:NONMESH
G0 F600 X34.168 Y3.575 Z9.14
G0 F12000 X33.346 Y4.06
G0 X-33.578 Y1.014
G0 X-34.163 Y-.7
G0 X-34.047 Y-.698
;TIME_ELAPSED:247.634453
;LAYER:68
;TYPE:FILL
;MESH:bridge.stl
G1 F3600 E1
G1 F9600 X-34.314 Y-.748 E0.00661
G1 X-35.217 Y-1.05 E0.02316
G1 X-36.12 Y-1.466 E0.02418
G1 X-37.023 Y-2.057 E0.02625
G1 X-37.926 Y-2.97 E0.03123
G1 X-38.506 Y-3.92 E0.02707
G1 F3600 E-1
G0 F12000 X-33.783 Y3.959
G0 X-33.377 Y4.325
;TYPE:WALL-INNER
G1 F3600 E1
G1 F4800 X-33.516 Y3.016 E0.03202
G1 X-33.591 Y2.028 E0.0241
G1 X-33.635 Y1.047 E0.02388
G1 X-33.651 Y0.011 E0.0252
G1 X-33.639 Y-.992 E0.0244
G1 X-33.595 Y-1.948 E0.02328
G1 X-33.512 Y-3.014 E0.02601
G1 X-33.377 Y-4.325 E0.03205
G1 X-39.325 Y-4.325 E0.14466
G1 X-39.325 Y4.325 E0.21038
G1 X-33.377 Y4.325 E0.14466
G1 F3600 E-1
G0 F12000 X-32.88 Y4.75
;TYPE:WALL-OUTER
G1 F3600 E1
G1 F2400 X-32.981 Y4.023 E0.01785
G1 X-33.094 Y2.963 E0.02593
G1 X-33.166 Y2.008 E0.02329
G1 X-33.21 Y1.04 E0.02357
G1 X-33.226 Y0.016 E0.02491
G1 X-33.214 Y-.972 E0.02403
G1 X-33.17 Y-1.936 E0.02347
G1 X-33.089 Y-2.97 E0.02523
G1 X-32.98 Y-4.031 E0.02594
G1 X-32.88 Y-4.75 E0.01766
G1 X-39.75 Y-4.75 E0.16709
G1 X-39.75 Y4.75 E0.23105
G1 X-32.88 Y4.75 E0.16709
G0 F12000 X-32.981 Y4.023
G0 X-32.987 Y3.958
G0 X-34.192 Y3.74
G1 F3600 E-1
G0 F12000 X-33.152 Y4.512
G0 X33.222 Y4.06
G0 X38.92 Y2.594
;TYPE:FILL
G1 F3600 E1
G1 F9600 X38.829 Y2.774 E0.00491
G1 X38.13 Y3.92 E0.03265
G1 X33.827 Y3.919 E0.10466
G1 X33.915 Y3.047 E0.02132
G1 X33.998 Y1.99 E0.02579
G1 X34.043 Y0.999 E0.02413
G1 X34.056 Y-0.016 E0.02469
G1 X34.04 Y-1.054 E0.02525
G1 X33.995 Y-2.061 E0.02452
G1 X33.92 Y-3.037 E0.02381
G1 X33.846 Y-3.737 E0.01712
G1 X34.314 Y-2.97 E0.02185
G1 X35.217 Y-2.057 E0.03123
G1 X36.12 Y-1.466 E0.02625
G1 X37.023 Y-1.05 E0.02418
G1 X37.926 Y-.748 E0.02316
G1 X38.829 Y-.58 E0.02234
G1 X38.92 Y-.621 E0.00243
G1 F3600 E-1
G0 F12000 X33.783 Y3.959
G0 X33.379 Y4.325
;TYPE:WALL-INNER
G1 F3600 E1
G1 F4800 X39.325 Y4.325 E0.14462
G1 X39.325 Y-4.325 E0.21038
G1 X33.377 Y-4.325 E0.14466
G1 X33.516 Y-3.016 E0.03202
G1 X33.591 Y-2.031 E0.02403
G1 X33.635 Y-1.051 E0.02386
G1 X33.651 Y-0.011 E0.0253
G1 X33.639 Y0.992 E0.0244
G1 X33.595 Y1.948 E0.02328
G1 X33.512 Y3.014 E0.02601
G1 X33.379 Y4.325 E0.03205
G1 F3600 E-1
G0 F12000 X32.88 Y4.75
;TYPE:WALL-OUTER
G1 F3600 E1
G1 F2400 X39.75 Y4.75 E0.16709
G1 X39.75 Y-4.75 E0.23105
G1 X32.88 Y-4.75 E0.16709
G1 X32.981 Y-4.027 E0.01776
G1 X33.094 Y-2.963 E0.02602
G1 X33.166 Y-2.012 E0.0232
G1 X33.21 Y-1.044 E0.02357
G1 X33.226 Y-0.016 E0.02501
G1 X33.214 Y0.972 E0.02403
G1 X33.17 Y1.936 E0.02347
G1 X33.089 Y2.97 E0.02523
G1 X32.98 Y4.031 E0.02594
G1 X32.88 Y4.75 E0.01766
G0 F12000 X33.68 Y4.75
G0 X34.043 Y3.575
G1 F3600 E-1
;MESH:NONMESH
G0 F600 X34.043 Y3.575 Z9.27
G0 F12000 X33.222 Y4.06
G0 X-33.456 Y1.053
G0 X-34.04 Y-.892
G0 X-33.918 Y-.89
;TIME_ELAPSED:252.069820
;LAYER:69
;TYPE:FILL
;MESH:bridge.stl
G1 F3600 E1
G1 F9600 X-34.314 Y-.908 E0.00964
G1 X-35.217 Y-1.146 E0.02271
G1 X-36.12 Y-1.519 E0.02376
G1 X-37.023 Y-2.07 E0.02573
G1 X-37.926 Y-2.921 E0.03018
G1 X-38.603 Y-3.919 E0.02933
G1 F3600 E-1
G0 F12000 X-33.659 Y3.959
G0 X-33.253 Y4.325
;TYPE:WALL-INNER
G1 F3600 E1
G1 F4800 X-33.394 Y2.993 E0.03258
G1 X-33.463 Y2.029 E0.02351
G1 X-33.511 Y1.029 E0.02435
G1 X-33.527 Y-0.011 E0.0253
G1 X-33.511 Y-1.029 E0.02476
G1 X-33.462 Y-2.048 E0.02481
G1 X-33.388 Y-3.014 E0.02356
G1 X-33.253 Y-4.325 E0.03205
G1 X-39.324 Y-4.324 E0.14766
G1 X-39.325 Y4.325 E0.21036
G1 X-33.253 Y4.325 E0.14768
G1 F3600 E-1
G0 F12000 X-32.756 Y4.75
;TYPE:WALL-OUTER
G1 F3600 E1
G1 F2400 X-32.857 Y4.023 E0.01785
G1 X-32.97 Y2.962 E0.02595
G1 X-33.038 Y2.008 E0.02326
G1 X-33.086 Y1.001 E0.02452
G1 X-33.102 Y-0.004 E0.02445
G1 X-33.086 Y-1.008 E0.02442
G1 X-33.038 Y-2.015 E0.02452
G1 X-32.965 Y-2.97 E0.02329
G1 X-32.856 Y-4.031 E0.02594
G1 X-32.756 Y-4.75 E0.01766
G1 X-39.749 Y-4.749 E0.17008
G1 X-39.75 Y4.75 E0.23103
G1 X-32.756 Y4.75 E0.1701
G0 F12000 X-32.857 Y4.023
G0 X-32.863 Y3.958
G0 X-34.068 Y3.74
G1 F3600 E-1
G0 F12000 X-33.028 Y4.512
G0 X33.098 Y4.06
G0 X38.92 Y2.817
;TYPE:FILL
G1 F3600 E1
G1 F9600 X38.829 Y2.971 E0.00435
G1 X38.186 Y3.92 E0.02788
G1 X33.703 Y3.919 E0.10903
G1 X33.791 Y3.047 E0.02132
G1 X33.867 Y2.07 E0.02383
G1 X33.915 Y1.052 E0.02479
G1 X33.932 Y0.007 E0.02542
G1 X33.916 Y-1.014 E0.02484
G1 X33.867 Y-2.061 E0.02549
G1 X33.794 Y-3.063 E0.02443
G1 X33.715 Y-3.804 E0.01812
G1 X34.314 Y-2.921 E0.02595
G1 X35.217 Y-2.07 E0.03018
G1 X36.12 Y-1.519 E0.02573
G1 X37.023 Y-1.146 E0.02376
G1 X37.926 Y-.908 E0.02271
G1 X38.829 Y-.867 E0.02198
G1 X38.92 Y-.925 E0.00262
G1 F3600 E-1
G0 F12000 X33.659 Y3.959
G0 X33.255 Y4.325
;TYPE:WALL-INNER
G1 F3600 E1
G1 F4800 X39.325 Y4.325 E0.14763
G1 X39.325 Y-4.325 E0.21038
G1 X33.253 Y-4.325 E0.14768
G1 X33.394 Y-2.993 E0.03258
G1 X33.463 Y-2.033 E0.02341
G1 X33.511 Y-1.033 E0.02435
G1 X33.527 Y0.011 E0.02539
G1 X33.511 Y1.029 E0.02476
G1 X33.462 Y2.048 E0.02481
G1 X33.388 Y3.014 E0.02356
G1 X33.255 Y4.325 E0.03205
G1 F3600 E-1
G0 F12000 X32.756 Y4.75
;TYPE:WALL-OUTER
G1 F3600 E1
G1 F2400 X39.75 Y4.75 E0.1701
G1 X39.75 Y-4.75 E0.23105
G1 X32.756 Y-4.75 E0.1701
G1 X32.857 Y-4.027 E0.01776
G1 X32.97 Y-2.962 E0.02605
G1 X33.038 Y-2.012 E0.02316
G1 X33.086 Y-1.004 E0.02454
G1 X33.102 Y0.004 E0.02452
G1 X33.086 Y1.008 E0.02442
G1 X33.038 Y2.015 E0.02452
G1 X32.965 Y2.97 E0.02329
G1 X32.856 Y4.031 E0.02594
G1 X32.756 Y4.75 E0.01766
G0 F12000 X33.556 Y4.75
G0 X33.919 Y3.575
G1 F3600 E-1
;MESH:NONMESH
G0 F600 X33.919 Y3.575 Z9.4
G0 F12000 X33.098 Y4.06
G0 X-33.348 Y0.00
G0 X-33.909 Y-1.094
G0 X-33.79 Y-1.089
;TIME_ELAPSED:256.509322
;LAYER:70
;TYPE:FILL
;MESH:bridge.stl
G1 F3600 E1
G1 F9600 X-34.314 Y-1.057 E0.01277
G1 X-35.217 Y-1.237 E0.02239
G1 X-36.12 Y-1.568 E0.02339
G1 X-37.023 Y-2.078 E0.02522
G1 X-37.926 Y-2.871 E0.02923
G1 X-38.706 Y-3.92 E0.03179
G1 F3600 E-1
G0 F12000 X-33.535 Y3.959
G0 X-33.129 Y4.325
;TYPE:WALL-INNER
G1 F3600 E1
G1 F4800 X-33.27 Y2.993 E0.03258
G1 X-33.339 Y2.029 E0.02351
G1 X-33.387 Y1.029 E0.02435
G1 X-33.403 Y-0.011 E0.0253
G1 X-33.387 Y-1.029 E0.02476
G1 X-33.338 Y-2.048 E0.02481
G1 X-33.264 Y-3.014 E0.02356
G1 X-33.129 Y-4.325 E0.03205
G1 X-39.325 Y-4.325 E0.1507
G1 X-39.325 Y4.325 E0.21038
G1 X-33.129 Y4.325 E0.1507
G1 F3600 E-1
G0 F12000 X-32.632 Y4.75
;TYPE:WALL-OUTER
G1 F3600 E1
G1 F2400 X-32.733 Y4.023 E0.01785
G1 X-32.846 Y2.962 E0.02595
G1 X-32.914 Y2.008 E0.02326
G1 X-32.962 Y1.001 E0.02452
G1 X-32.978 Y-0.004 E0.02445
G1 X-32.962 Y-1.008 E0.02442
G1 X-32.914 Y-2.015 E0.02452
G1 X-32.841 Y-2.97 E0.02329
G1 X-32.732 Y-4.031 E0.02594
G1 X-32.632 Y-4.75 E0.01766
G1 X-39.75 Y-4.75 E0.17312
G1 X-39.75 Y4.75 E0.23105
G1 X-32.632 Y4.75 E0.17312
G0 F12000 X-32.733 Y4.023
G0 X-32.739 Y3.958
G0 X-33.944 Y3.74
G1 F3600 E-1
G0 F12000 X-32.904 Y4.512
G0 X32.974 Y4.06
G0 X38.92 Y3
;TYPE:FILL
G1 F3600 E1
G1 F9600 X38.829 Y3.139 E0.00404
G1 X38.248 Y3.92 E0.02367
G1 X33.579 Y3.919 E0.11356
G1 X33.667 Y3.047 E0.02132
G1 X33.743 Y2.07 E0.02383
G1 X33.792 Y1.052 E0.02479
G1 X33.808 Y0.007 E0.02542
G1 X33.792 Y-1.057 E0.02588
G1 X33.744 Y-2.05 E0.02418
G1 X33.67 Y-3.063 E0.0247
G1 X33.587 Y-3.849 E0.01922
G1 X34.314 Y-2.871 E0.02964
G1 X35.217 Y-2.078 E0.02923
G1 X36.12 Y-1.568 E0.02522
G1 X37.023 Y-1.237 E0.02339
G1 X37.926 Y-1.057 E0.02239
G1 X38.829 Y-1.113 E0.022
G1 X38.92 Y-1.178 E0.00272
G1 F3600 E-1
G0 F12000 X33.535 Y3.959
G0 X33.131 Y4.325
;TYPE:WALL-INNER
G1 F3600 E1
G1 F4800 X39.325 Y4.325 E0.15065
G1 X39.325 Y-4.325 E0.21038
G1 X33.129 Y-4.325 E0.1507
G1 X33.27 Y-2.993 E0.03258
G1 X33.339 Y-2.033 E0.02341
G1 X33.387 Y-1.033 E0.02435
G1 X33.403 Y0.011 E0.02539
G1 X33.387 Y1.029 E0.02476
G1 X33.338 Y2.048 E0.02481
G1 X33.264 Y3.014 E0.02356
G1 X33.131 Y4.325 E0.03205
G1 F3600 E-1
G0 F12000 X32.632 Y4.75
;TYPE:WALL-OUTER
G1 F3600 E1
G1 F2400 X39.75 Y4.75 E0.17312
G1 X39.75 Y-4.75 E0.23105
G1 X32.632 Y-4.75 E0.17312
G1 X32.733 Y-4.027 E0.01776
G1 X32.846 Y-2.962 E0.02605
G1 X32.914 Y-2.012 E0.02316
G1 X32.962 Y-1.004 E0.02454
G1 X32.978 Y0.004 E0.02452
G1 X32.962 Y1.008 E0.02442
G1 X32.914 Y2.015 E0.02452
G1 X32.841 Y2.97 E0.02329
G1 X32.732 Y4.031 E0.02594
G1 X32.632 Y4.75 E0.01766
G0 F12000 X33.432 Y4.75
G0 X33.795 Y3.575
G1 F3600 E-1
;MESH:NONMESH
G0 F600 X33.795 Y3.575 Z9.53
G0 F12000 X32.974 Y4.06
G0 X-33.224 Y0.00
G0 X-33.774 Y-1.299
G0 X-33.656 Y-1.294
;TIME_ELAPSED:260.968367
;LAYER:71
;TYPE:FILL
;MESH:bridge.stl
G1 F3600 E1
G1 F9600 X-34.314 Y-1.196 E0.01618
G1 X-35.217 Y-1.321 E0.02217
G1 X-36.12 Y-1.611 E0.02307
G1 X-37.023 Y-2.082 E0.02477
G1 X-37.926 Y-2.819 E0.02835
G1 X-38.815 Y-3.919 E0.0344
G1 F3600 E-1
G0 F12000 X-33.41 Y3.959
G0 X-32.993 Y4.325
;TYPE:WALL-INNER
G1 F3600 E1
G1 F4800 X-33.146 Y2.993 E0.03261
G1 X-33.215 Y2.029 E0.02351
G1 X-33.263 Y1.029 E0.02435
G1 X-33.279 Y-0.011 E0.0253
G1 X-33.263 Y-1.029 E0.02476
G1 X-33.214 Y-2.048 E0.02481
G1 X-33.14 Y-3.016 E0.02361
G1 X-32.993 Y-4.325 E0.03204
G1 X-39.324 Y-4.324 E0.15398
G1 X-39.325 Y4.325 E0.21036
G1 X-32.993 Y4.325 E0.154
G1 F3600 E-1
G0 F12000 X-32.507 Y4.75
;TYPE:WALL-OUTER
G1 F3600 E1
G1 F2400 X-32.605 Y4.024 E0.01782
G1 X-32.722 Y2.962 E0.02599
G1 X-32.79 Y2.008 E0.02326
G1 X-32.838 Y1.001 E0.02452
G1 X-32.854 Y-0.004 E0.02445
G1 X-32.838 Y-1.009 E0.02445
G1 X-32.79 Y-2.015 E0.0245
G1 X-32.717 Y-2.971 E0.02332
G1 X-32.604 Y-4.03 E0.0259
G1 X-32.507 Y-4.75 E0.01767
G1 X-39.749 Y-4.749 E0.17614
G1 X-39.75 Y4.75 E0.23103
G1 X-32.507 Y4.75 E0.17616
G0 F12000 X-32.605 Y4.024
G0 X-32.612 Y3.958
G0 X-33.819 Y3.74
G1 F3600 E-1
G0 F12000 X-32.779 Y4.512
G0 X32.849 Y4.06
G0 X38.92 Y3.16
;TYPE:FILL
G1 F3600 E1
G1 F9600 X38.829 Y3.288 E0.00382
G1 X38.318 Y3.92 E0.01977
G1 X33.451 Y3.919 E0.11837
G1 X33.542 Y3.063 E0.02094
G1 X33.619 Y2.07 E0.02422
G1 X33.668 Y1.052 E0.02479
G1 X33.684 Y0.007 E0.02542
G1 X33.668 Y-1.057 E0.02588
G1 X33.62 Y-2.05 E0.02418
G1 X33.548 Y-3.034 E0.024
G1 X33.456 Y-3.88 E0.0207
G1 X34.314 Y-2.819 E0.03319
G1 X35.217 Y-2.082 E0.02835
G1 X36.12 Y-1.611 E0.02477
G1 X37.023 Y-1.321 E0.02307
G1 X37.926 Y-1.196 E0.02217
G1 X38.829 Y-1.33 E0.0222
G1 X38.92 Y-1.4 E0.00279
G1 F3600 E-1
G0 F12000 X33.41 Y3.959
G0 X32.993 Y4.325
;TYPE:WALL-INNER
G1 F3600 E1
G1 F4800 X39.325 Y4.325 E0.154
G1 X39.325 Y-4.325 E0.21038
G1 X32.994 Y-4.325 E0.15398
G1 X33.146 Y-2.993 E0.03261
G1 X33.215 Y-2.033 E0.02341
G1 X33.263 Y-1.033 E0.02435
G1 X33.279 Y0.011 E0.02539
G1 X33.263 Y1.029 E0.02476
G1 X33.214 Y2.048 E0.02481
G1 X33.14 Y3.016 E0.02361
G1 X32.993 Y4.325 E0.03204
G1 F3600 E-1
G0 F12000 X32.507 Y4.75
;TYPE:WALL-OUTER
G1 F3600 E1
G1 F2400 X39.75 Y4.75 E0.17616
G1 X39.75 Y-4.75 E0.23105
G1 X32.507 Y-4.75 E0.17616
G1 X32.605 Y-4.028 E0.01772
G1 X32.722 Y-2.962 E0.02608
G1 X32.79 Y-2.012 E0.02316
G1 X32.838 Y-1.004 E0.02454
G1 X32.854 Y0.004 E0.02452
G1 X32.838 Y1.009 E0.02445
G1 X32.79 Y2.015 E0.0245
G1 X32.717 Y2.971 E0.02332
G1 X32.604 Y4.03 E0.0259
G1 X32.507 Y4.75 E0.01767
G0 F12000 X33.307 Y4.75
G0 X33.67 Y3.575
G1 F3600 E-1
;MESH:NONMESH
G0 F600 X33.67 Y3.575 Z9.66
G0 F12000 X32.849 Y4.06
G0 X-32.779 Y4.512
G0 X-33.84 Y3.915
;TIME_ELAPSED:265.425719
;LAYER:72
;TYPE:FILL
;MESH:bridge.stl
G1 F3600 E1
G1 F9600 X-33.397 Y3.404 E0.01645
G1 X-33.496 Y2.046 E0.03312
G1 X-33.544 Y1.053 E0.02418
G1 X-33.556 Y-0.005 E0.02573
G1 X-33.539 Y-1.495 E0.03624
G1 X-34.314 Y-1.325 E0.0193
G1 X-35.217 Y-1.4 E0.02204
G1 X-36.12 Y-1.65 E0.02279
G1 X-37.023 Y-2.08 E0.02433
G1 X-37.926 Y-2.766 E0.02758
G1 X-38.829 Y-3.799 E0.03337
G1 X-38.92 Y-3.918 E0.00364
G1 F3600 E-1
G0 F12000 X-33.286 Y3.959
G0 X-32.869 Y4.325
;TYPE:WALL-INNER
G1 F3600 E1
G1 F4800 X-33.022 Y2.993 E0.03261
G1 X-33.091 Y2.029 E0.02351
G1 X-33.139 Y1.029 E0.02435
G1 X-33.151 Y-0.009 E0.02525
G1 X-33.139 Y-1.029 E0.02481
G1 X-33.09 Y-2.048 E0.02481
G1 X-33.016 Y-3.016 E0.02361
G1 X-32.869 Y-4.325 E0.03204
G1 X-39.325 Y-4.325 E0.15702
G1 X-39.325 Y4.325 E0.21038
G1 X-32.869 Y4.325 E0.15702
G1 F3600 E-1
G0 F12000 X-32.383 Y4.75
;TYPE:WALL-OUTER
G1 F3600 E1
G1 F2400 X-32.481 Y4.024 E0.01782
G1 X-32.598 Y2.962 E0.02599
G1 X-32.666 Y2.008 E0.02326
G1 X-32.714 Y0.999 E0.02457
G1 X-32.726 Y-0.003 E0.02437
G1 X-32.714 Y-1.009 E0.02447
G1 X-32.666 Y-2.015 E0.0245
G1 X-32.593 Y-2.971 E0.02332
G1 X-32.48 Y-4.03 E0.0259
G1 X-32.383 Y-4.75 E0.01767
G1 X-39.75 Y-4.75 E0.17918
G1 X-39.75 Y4.75 E0.23105
G1 X-32.383 Y4.75 E0.17918
G0 F12000 X-32.481 Y4.024
G0 X-32.488 Y3.958
G0 X-33.695 Y3.74
G1 F3600 E-1
G0 F12000 X-32.656 Y4.512
G0 X32.725 Y4.06
G0 X38.92 Y3.306
;TYPE:FILL
G1 F3600 E1
G1 F9600 X38.829 Y3.425 E0.00364
G1 X38.396 Y3.92 E0.016
G1 X33.327 Y3.919 E0.12329
G1 X33.418 Y3.063 E0.02094
G1 X33.495 Y2.07 E0.02422
G1 X33.544 Y1.054 E0.02474
G1 X33.556 Y0.005 E0.02551
G1 X33.544 Y-1.058 E0.02586
G1 X33.496 Y-2.05 E0.02416
G1 X33.424 Y-3.034 E0.024
G1 X33.331 Y-3.891 E0.02097
G1 X34.314 Y-2.766 E0.03634
G1 X35.217 Y-2.08 E0.02758
G1 X36.12 Y-1.65 E0.02433
G1 X37.023 Y-1.4 E0.02279
G1 X37.926 Y-1.325 E0.02204
G1 X38.829 Y-1.524 E0.02249
G1 X38.92 Y-1.596 E0.00282
G1 F3600 E-1
G0 F12000 X33.286 Y3.959
G0 X32.869 Y4.325
;TYPE:WALL-INNER
G1 F3600 E1
G1 F4800 X39.325 Y4.325 E0.15702
G1 X39.325 Y-4.325 E0.21038
G1 X32.87 Y-4.325 E0.157
G1 X33.022 Y-2.993 E0.03261
G1 X33.091 Y-2.033 E0.02341
G1 X33.139 Y-1.033 E0.02435
G1 X33.151 Y0.009 E0.02534
G1 X33.139 Y1.029 E0.02481
G1 X33.09 Y2.048 E0.02481
G1 X33.016 Y3.016 E0.02361
G1 X32.869 Y4.325 E0.03204
G1 F3600 E-1
G0 F12000 X32.383 Y4.75
;TYPE:WALL-OUTER
G1 F3600 E1
G1 F2400 X39.75 Y4.75 E0.17918
G1 X39.75 Y-4.75 E0.23105
G1 X32.383 Y-4.75 E0.17918
G1 X32.481 Y-4.028 E0.01772
G1 X32.598 Y-2.962 E0.02608
G1 X32.666 Y-2.012 E0.02316
G1 X32.714 Y-1.003 E0.02457
G1 X32.726 Y0.003 E0.02447
G1 X32.714 Y1.009 E0.02447
G1 X32.666 Y2.015 E0.0245
G1 X32.593 Y2.971 E0.02332
G1 X32.48 Y4.03 E0.0259
G1 X32.383 Y4.75 E0.01767
G0 F12000 X33.183 Y4.75
G0 X33.546 Y3.575
G1 F3600 E-1
;MESH:NONMESH
G0 F600 X33.546 Y3.575 Z9.79
G0 F12000 X32.725 Y4.06
G0 X-32.656 Y4.512
G0 X-33.753 Y3.915
;TIME_ELAPSED:269.980844
;LAYER:73
;TYPE:FILL
;MESH:bridge.stl
G1 F3600 E1
G1 F9600 X-33.274 Y3.383 E0.01741
G1 X-33.372 Y2.04 E0.03275
G1 X-33.416 Y1.01 E0.02507
G1 X-33.432 Y-0.007 E0.02474
G1 X-33.416 Y-1.035 E0.02501
G1 X-33.386 Y-1.708 E0.01638
G1 X-34.314 Y-1.446 E0.02345
G1 X-35.217 Y-1.473 E0.02197
G1 X-36.12 Y-1.683 E0.02255
G1 X-37.023 Y-2.075 E0.02394
G1 X-37.926 Y-2.712 E0.02688
G1 X-38.829 Y-3.672 E0.03205
G1 X-38.92 Y-3.784 E0.00351
G1 F3600 E-1
G0 F12000 X-33.161 Y3.959
G0 X-32.752 Y4.325
;TYPE:WALL-INNER
G1 F3600 E1
G1 F4800 X-32.898 Y2.993 E0.03259
G1 X-32.967 Y2.026 E0.02358
G1 X-33.011 Y1.007 E0.02481
G1 X-33.027 Y-0.011 E0.02476
G1 X-33.011 Y-1.026 E0.02469
G1 X-32.966 Y-2.048 E0.02488
G1 X-32.892 Y-3.016 E0.02361
G1 X-32.745 Y-4.325 E0.03204
G1 X-39.325 Y-4.324 E0.16004
G1 X-39.325 Y4.325 E0.21036
G1 X-32.752 Y4.325 E0.15987
G1 F3600 E-1
G0 F12000 X-32.256 Y4.75
;TYPE:WALL-OUTER
G1 F3600 E1
G1 F2400 X-32.357 Y4.024 E0.01783
G1 X-32.474 Y2.962 E0.02599
G1 X-32.542 Y2.007 E0.02329
G1 X-32.586 Y1.001 E0.02449
G1 X-32.602 Y-0.004 E0.02445
G1 X-32.586 Y-1.008 E0.02442
G1 X-32.542 Y-2.015 E0.02452
G1 X-32.469 Y-2.971 E0.02332
G1 X-32.356 Y-4.031 E0.02593
G1 X-32.256 Y-4.75 E0.01766
G1 X-39.75 Y-4.749 E0.18227
G1 X-39.75 Y4.75 E0.23103
G1 X-32.256 Y4.75 E0.18227
G0 F12000 X-32.357 Y4.024
G0 X-32.364 Y3.958
G0 X-33.57 Y3.74
G1 F3600 E-1
G0 F12000 X-32.53 Y4.512
G0 X32.599 Y4.06
G0 X38.92 Y3.44
;TYPE:FILL
G1 F3600 E1
G1 F9600 X38.829 Y3.552 E0.00351
G1 X38.483 Y3.92 E0.01229
G1 X33.203 Y3.919 E0.12842
G1 X33.294 Y3.063 E0.02094
G1 X33.37 Y2.069 E0.02425
G1 X33.416 Y1.035 E0.02517
G1 X33.432 Y0.007 E0.02501
G1 X33.416 Y-1.039 E0.02544
G1 X33.371 Y-2.057 E0.02478
G1 X33.3 Y-3.034 E0.02382
G1 X33.216 Y-3.879 E0.02065
G1 X34.314 Y-2.712 E0.03897
G1 X35.217 Y-2.075 E0.02688
G1 X36.12 Y-1.683 E0.02394
G1 X37.023 Y-1.473 E0.02255
G1 X37.926 Y-1.446 E0.02197
G1 X38.829 Y-1.701 E0.02282
G1 X38.919 Y-1.775 E0.00283
G1 F3600 E-1
G0 F12000 X33.161 Y3.959
G0 X32.754 Y4.325
;TYPE:WALL-INNER
G1 F3600 E1
G1 F4800 X39.325 Y4.325 E0.15982
G1 X39.324 Y-4.325 E0.21038
G1 X32.753 Y-4.325 E0.15982
G1 X32.898 Y-2.993 E0.03259
G1 X32.967 Y-2.03 E0.02348
G1 X33.011 Y-1.011 E0.02481
G1 X33.027 Y0.011 E0.02486
G1 X33.011 Y1.026 E0.02469
G1 X32.966 Y2.048 E0.02488
G1 X32.892 Y3.016 E0.02361
G1 X32.754 Y4.325 E0.03201
G1 F3600 E-1
G0 F12000 X32.256 Y4.75
;TYPE:WALL-OUTER
G1 F3600 E1
G1 F2400 X39.75 Y4.75 E0.18227
G1 X39.749 Y-4.75 E0.23105
G1 X32.256 Y-4.75 E0.18224
G1 X32.357 Y-4.028 E0.01773
G1 X32.474 Y-2.962 E0.02608
G1 X32.542 Y-2.011 E0.02319
G1 X32.586 Y-1.004 E0.02452
G1 X32.602 Y0.004 E0.02452
G1 X32.586 Y1.008 E0.02442
G1 X32.542 Y2.015 E0.02452
G1 X32.469 Y2.971 E0.02332
G1 X32.356 Y4.031 E0.02593
G1 X32.256 Y4.75 E0.01766
G0 F12000 X33.056 Y4.75
G0 X33.421 Y3.575
G1 F3600 E-1
;MESH:NONMESH
G0 F600 X33.421 Y3.575 Z9.92
G0 F12000 X32.599 Y4.06
G0 X-32.53 Y4.512
G0 X-33.661 Y3.92
;TIME_ELAPSED:274.556699
;LAYER:74
;TYPE:FILL
;MESH:bridge.stl
G1 F3600 E1
G1 F9600 X-33.147 Y3.362 E0.01845
G1 X-33.248 Y2.039 E0.03227
G1 X-33.292 Y1.01 E0.02505
G1 X-33.308 Y-0.007 E0.02474
G1 X-33.292 Y-1.035 E0.02501
G1 X-33.249 Y-1.998 E0.02344
G1 X-33.411 Y-1.863 E0.00513
G1 X-34.314 Y-1.56 E0.02317
G1 X-35.217 Y-1.542 E0.02197
G1 X-36.12 Y-1.713 E0.02235
G1 X-37.023 Y-2.066 E0.02358
G1 X-37.926 Y-2.656 E0.02623
G1 X-38.829 Y-3.552 E0.03094
G1 X-38.92 Y-3.659 E0.00342
G1 F3600 E-1
G0 F12000 X-33.036 Y3.959
G0 X-32.631 Y4.324
;TYPE:WALL-INNER
G1 F3600 E1
G1 F4800 X-32.769 Y2.996 E0.03247
G1 X-32.843 Y2.026 E0.02366
G1 X-32.887 Y1.007 E0.02481
G1 X-32.903 Y-0.011 E0.02476
G1 X-32.887 Y-1.026 E0.02469
G1 X-32.842 Y-2.048 E0.02488
G1 X-32.768 Y-3.014 E0.02356
G1 X-32.631 Y-4.325 E0.03206
G1 X-39.325 Y-4.325 E0.16281
G1 X-39.325 Y4.325 E0.21038
G1 X-32.631 Y4.324 E0.16281
G1 F3600 E-1
G0 F12000 X-32.127 Y4.749
;TYPE:WALL-OUTER
G1 F3600 E1
G1 F2400 X-32.233 Y4.038 E0.01748
G1 X-32.346 Y2.963 E0.02629
G1 X-32.418 Y2.007 E0.02332
G1 X-32.462 Y1.001 E0.02449
G1 X-32.478 Y-0.004 E0.02445
G1 X-32.462 Y-1.008 E0.02442
G1 X-32.418 Y-2.015 E0.02452
G1 X-32.345 Y-2.97 E0.02329
G1 X-32.236 Y-4.022 E0.02572
G1 X-32.127 Y-4.75 E0.0179
G1 X-39.75 Y-4.75 E0.1854
G1 X-39.75 Y4.75 E0.23105
G1 X-32.127 Y4.749 E0.1854
G0 F12000 X-32.233 Y4.038
G0 X-32.241 Y3.958
G0 X-33.445 Y3.74
G1 F3600 E-1
G0 F12000 X-32.404 Y4.512
G0 X32.404 Y4.512
G0 X38.92 Y3.565
;TYPE:FILL
G1 F3600 E1
G1 F9600 X38.579 Y3.92 E0.01197
G1 X33.081 Y3.919 E0.13372
G1 X33.171 Y3.046 E0.02135
G1 X33.246 Y2.069 E0.02383
G1 X33.292 Y1.035 E0.02517
G1 X33.308 Y0.007 E0.02501
G1 X33.292 Y-1.015 E0.02486
G1 X33.247 Y-2.059 E0.02542
G1 X33.172 Y-3.037 E0.02386
G1 X33.081 Y-3.92 E0.02159
G1 X33.411 Y-3.552 E0.01202
G1 X34.314 Y-2.656 E0.03094
G1 X35.217 Y-2.066 E0.02623
G1 X36.12 Y-1.713 E0.02358
G1 X37.023 Y-1.542 E0.02235
G1 X37.926 Y-1.56 E0.02197
G1 X38.829 Y-1.863 E0.02317
G1 X38.92 Y-1.939 E0.00288
G1 F3600 E-1
G0 F12000 X33.038 Y3.959
G0 X32.633 Y4.325
;TYPE:WALL-INNER
G1 F3600 E1
G1 F4800 X39.325 Y4.325 E0.16276
G1 X39.325 Y-4.325 E0.21038
G1 X32.631 Y-4.324 E0.16281
G1 X32.769 Y-2.996 E0.03247
G1 X32.843 Y-2.03 E0.02356
G1 X32.887 Y-1.011 E0.02481
G1 X32.903 Y0.011 E0.02486
G1 X32.887 Y1.026 E0.02469
G1 X32.842 Y2.048 E0.02488
G1 X32.768 Y3.014 E0.02356
G1 X32.633 Y4.325 E0.03205
G1 F3600 E-1
G0 F12000 X32.127 Y4.75
;TYPE:WALL-OUTER
G1 F3600 E1
G1 F2400 X39.75 Y4.75 E0.1854
G1 X39.75 Y-4.75 E0.23105
G1 X32.127 Y-4.749 E0.1854
G1 X32.233 Y-4.038 E0.01748
G1 X32.346 Y-2.963 E0.02629
G1 X32.418 Y-2.011 E0.02322
G1 X32.462 Y-1.004 E0.02452
G1 X32.478 Y0.004 E0.02452
G1 X32.462 Y1.008 E0.02442
G1 X32.418 Y2.015 E0.02452
G1 X32.345 Y2.97 E0.02329
G1 X32.236 Y4.022 E0.02572
G1 X32.127 Y4.75 E0.0179
G0 F12000 X32.927 Y4.75
G0 X33.298 Y3.575
G1 F3600 E-1
;MESH:NONMESH
G0 F600 X33.298 Y3.575 Z10.05
G0 F12000 X32.477 Y4.048
G0 X-32.404 Y4.512
G0 X-33.549 Y3.915
;TIME_ELAPSED:279.160914
;LAYER:75
;TYPE:FILL
;MESH:bridge.stl
G1 F3600 E1
G1 F9600 X-33.411 Y3.787 E0.00458
G1 X-33.023 Y3.352 E0.01418
G1 X-33.124 Y1.994 E0.03312
G1 X-33.172 Y0.913 E0.02632
G1 X-33.184 Y-0.008 E0.0224
G1 X-33.168 Y-1.052 E0.02539
G1 X-33.103 Y-2.274 E0.02976
G1 X-33.411 Y-2.014 E0.0098
G1 X-34.314 Y-1.666 E0.02354
G1 X-35.217 Y-1.605 E0.02201
G1 X-36.12 Y-1.738 E0.0222
G1 X-37.023 Y-2.053 E0.02326
G1 X-37.926 Y-2.598 E0.02565
G1 X-38.829 Y-3.437 E0.02998
G1 X-38.92 Y-3.539 E0.00332
G1 F3600 E-1
G0 F12000 X-32.907 Y3.959
G0 X-32.5 Y4.325
;TYPE:WALL-INNER
G1 F3600 E1
G1 F4800 X-32.642 Y3.03 E0.03169
G1 X-32.719 Y1.979 E0.02563
G1 X-32.767 Y0.913 E0.02595
G1 X-32.779 Y-0.011 E0.02247
G1 X-32.763 Y-1.029 E0.02476
G1 X-32.714 Y-2.046 E0.02476
G1 X-32.644 Y-2.989 E0.023
G1 X-32.5 Y-4.325 E0.03268
G1 X-39.325 Y-4.325 E0.16599
G1 X-39.325 Y4.325 E0.21038
G1 X-32.5 Y4.325 E0.16599
G1 F3600 E-1
G0 F12000 X-31.998 Y4.75
;TYPE:WALL-OUTER
G1 F3600 E1
G1 F2400 X-32.105 Y4.024 E0.01785
G1 X-32.218 Y2.999 E0.02508
G1 X-32.294 Y1.96 E0.02534
G1 X-32.342 Y0.908 E0.02561
G1 X-32.354 Y-0.004 E0.02218
G1 X-32.338 Y-1.008 E0.02442
G1 X-32.29 Y-2.015 E0.02452
G1 X-32.221 Y-2.943 E0.02263
G1 X-32.104 Y-4.033 E0.02666
G1 X-31.998 Y-4.75 E0.01763
G1 X-39.75 Y-4.75 E0.18854
G1 X-39.75 Y4.75 E0.23105
G1 X-31.998 Y4.75 E0.18854
G0 F12000 X-32.105 Y4.024
G0 X-32.112 Y3.959
G0 X-33.318 Y3.742
G1 F3600 E-1
G0 F12000 X-32.274 Y4.512
G0 X32.275 Y4.512
G0 X38.92 Y3.685
;TYPE:FILL
G1 F3600 E1
G1 F9600 X38.686 Y3.92 E0.00807
G1 X32.952 Y3.92 E0.13946
G1 X33.049 Y3.005 E0.02238
G1 X33.119 Y2.068 E0.02285
G1 X33.168 Y1.052 E0.02474
G1 X33.184 Y0.008 E0.02539
G1 X33.172 Y-.919 E0.02255
G1 X33.123 Y-2.012 E0.02661
G1 X33.044 Y-3.071 E0.02583
G1 X32.955 Y-3.915 E0.02064
G1 X32.984 Y-3.915 E0.00071
G1 X33.411 Y-3.437 E0.01559
G1 X34.314 Y-2.598 E0.02998
G1 X35.217 Y-2.053 E0.02565
G1 X36.12 Y-1.738 E0.02326
G1 X37.023 Y-1.605 E0.0222
G1 X37.926 Y-1.666 E0.02201
G1 X38.829 Y-2.014 E0.02354
G1 X38.92 Y-2.091 E0.0029
G1 F3600 E-1
G0 F12000 X32.907 Y3.959
G0 X32.5 Y4.325
;TYPE:WALL-INNER
G1 F3600 E1
G1 F4800 X39.325 Y4.325 E0.16599
G1 X39.325 Y-4.325 E0.21038
G1 X32.5 Y-4.325 E0.16599
G1 X32.642 Y-3.03 E0.03169
G1 X32.719 Y-1.984 E0.02551
G1 X32.767 Y-.917 E0.02598
G1 X32.779 Y0.011 E0.02257
G1 X32.763 Y1.029 E0.02476
G1 X32.714 Y2.046 E0.02476
G1 X32.644 Y2.989 E0.023
G1 X32.5 Y4.325 E0.03268
G1 F3600 E-1
G0 F12000 X31.998 Y4.75
;TYPE:WALL-OUTER
G1 F3600 E1
G1 F2400 X39.75 Y4.75 E0.18854
G1 X39.75 Y-4.75 E0.23105
G1 X31.998 Y-4.75 E0.18854
G1 X32.105 Y-4.024 E0.01785
G1 X32.218 Y-2.999 E0.02508
G1 X32.294 Y-1.964 E0.02524
G1 X32.342 Y-.912 E0.02561
G1 X32.354 Y0.004 E0.02228
G1 X32.338 Y1.008 E0.02442
G1 X32.29 Y2.015 E0.02452
G1 X32.221 Y2.943 E0.02263
G1 X32.104 Y4.033 E0.02666
G1 X31.998 Y4.75 E0.01763
G0 F12000 X32.798 Y4.75
G0 X33.168 Y3.575
G1 F3600 E-1
;MESH:NONMESH
G0 F600 X33.168 Y3.575 Z10.18
G0 F12000 X32.345 Y4.062
G0 X-32.274 Y4.512
G0 X-33.433 Y3.918
;TIME_ELAPSED:283.782947
;LAYER:76
;TYPE:FILL
;MESH:bridge.stl
G1 F3600 E1
G1 F9600 X-32.897 Y3.344 E0.0191
G1 X-32.988 Y2.138 E0.02942
G1 X-33.04 Y1.067 E0.02608
G1 X-33.06 Y0.014 E0.02562
G1 X-33.044 Y-1.018 E0.0251
G1 X-32.999 Y-1.989 E0.02364
G1 X-32.954 Y-2.546 E0.01359
G1 X-33.411 Y-2.155 E0.01463
G1 X-34.314 Y-1.766 E0.02391
G1 X-35.217 Y-1.664 E0.0221
G1 X-36.12 Y-1.759 E0.02208
G1 X-37.023 Y-2.036 E0.02297
G1 X-37.926 Y-2.538 E0.02513
G1 X-38.829 Y-3.325 E0.02913
G1 X-38.92 Y-3.423 E0.00325
G1 F3600 E-1
G0 F12000 X-32.777 Y3.959
G0 X-32.366 Y4.325
;TYPE:WALL-INNER
G1 F3600 E1
G1 F4800 X-32.518 Y2.995 E0.03256
G1 X-32.583 Y2.122 E0.02129
G1 X-32.635 Y1.05 E0.0261
G1 X-32.655 Y0.009 E0.02532
G1 X-32.639 Y-.996 E0.02445
G1 X-32.595 Y-1.948 E0.02318
G1 X-32.511 Y-3.018 E0.0261
G1 X-32.367 Y-4.325 E0.03198
G1 X-39.325 Y-4.325 E0.16923
G1 X-39.325 Y4.325 E0.21038
G1 X-32.366 Y4.325 E0.16925
G1 F3600 E-1
G0 F12000 X-31.866 Y4.75
;TYPE:WALL-OUTER
G1 F3600 E1
G1 F2400 X-31.973 Y4.025 E0.01782
G1 X-32.094 Y2.963 E0.026
G1 X-32.158 Y2.101 E0.02102
G1 X-32.21 Y1.041 E0.02581
G1 X-32.23 Y0.015 E0.02496
G1 X-32.214 Y-.976 E0.02411
G1 X-32.17 Y-1.936 E0.02337
G1 X-32.089 Y-2.972 E0.02527
G1 X-31.972 Y-4.032 E0.02594
G1 X-31.869 Y-4.75 E0.01764
G1 X-39.75 Y-4.75 E0.19168
G1 X-39.75 Y4.75 E0.23105
G1 X-31.866 Y4.75 E0.19175
G0 F12000 X-31.973 Y4.025
G0 X-31.98 Y3.959
G0 X-33.188 Y3.742
G1 F3600 E-1
G0 F12000 X-32.144 Y4.512
G0 X32.145 Y4.512
G0 X38.92 Y3.801
;TYPE:FILL
G1 F3600 E1
G1 F9600 X38.805 Y3.92 E0.00402
G1 X32.822 Y3.915 E0.14552
G1 X32.913 Y3.065 E0.02079
G1 X32.999 Y1.989 E0.02625
G1 X33.044 Y1.018 E0.02364
G1 X33.06 Y-0.014 E0.0251
G1 X33.04 Y-1.068 E0.02564
G1 X32.988 Y-2.143 E0.02618
G1 X32.92 Y-3.038 E0.02183
G1 X32.821 Y-3.918 E0.02154
G1 X32.86 Y-3.918 E0.00095
G1 X33.411 Y-3.325 E0.01969
G1 X34.314 Y-2.538 E0.02913
G1 X35.217 Y-2.036 E0.02513
G1 X36.12 Y-1.759 E0.02297
G1 X37.023 Y-1.664 E0.02208
G1 X37.926 Y-1.766 E0.0221
G1 X38.829 Y-2.155 E0.02391
G1 X38.92 Y-2.233 E0.00292
G1 F3600 E-1
G0 F12000 X32.777 Y3.959
G0 X32.367 Y4.325
;TYPE:WALL-INNER
G1 F3600 E1
G1 F4800 X39.325 Y4.325 E0.16923
G1 X39.325 Y-4.325 E0.21038
G1 X32.367 Y-4.325 E0.16923
G1 X32.518 Y-2.995 E0.03256
G1 X32.583 Y-2.126 E0.02119
G1 X32.635 Y-1.05 E0.0262
G1 X32.655 Y-0.009 E0.02532
G1 X32.639 Y0.996 E0.02445
G1 X32.595 Y1.948 E0.02318
G1 X32.511 Y3.018 E0.0261
G1 X32.367 Y4.325 E0.03198
G1 F3600 E-1
G0 F12000 X31.869 Y4.75
;TYPE:WALL-OUTER
G1 F3600 E1
G1 F2400 X39.75 Y4.75 E0.19168
G1 X39.75 Y-4.75 E0.23105
G1 X31.866 Y-4.75 E0.19175
G1 X31.973 Y-4.025 E0.01782
G1 X32.094 Y-2.963 E0.026
G1 X32.158 Y-2.105 E0.02093
G1 X32.21 Y-1.041 E0.02591
G1 X32.23 Y-0.015 E0.02496
G1 X32.214 Y0.976 E0.02411
G1 X32.17 Y1.936 E0.02337
G1 X32.089 Y2.972 E0.02527
G1 X31.972 Y4.032 E0.02594
G1 X31.869 Y4.75 E0.01764
G0 F12000 X32.669 Y4.75
G0 X33.038 Y3.575
G1 F3600 E-1
;MESH:NONMESH
G0 F600 X33.038 Y3.575 Z10.31
G0 F12000 X32.215 Y4.062
G0 X-32.459 Y-.98
G0 X-32.927 Y-2.827
G0 X-32.802 Y-2.817
;TIME_ELAPSED:288.451952
;LAYER:77
;TYPE:FILL
;MESH:bridge.stl
G1 F3600 E1
G1 F9600 X-33.411 Y-2.288 E0.01962
G1 X-34.314 Y-1.861 E0.02429
G1 X-35.217 Y-1.718 E0.02224
G1 X-36.12 Y-1.776 E0.02201
G1 X-37.023 Y-2.016 E0.02272
G1 X-37.926 Y-2.476 E0.02465
G1 X-38.829 Y-3.215 E0.02838
G1 X-38.92 Y-3.31 E0.0032
G1 F3600 E-1
G0 F12000 X-32.647 Y3.959
G0 X-32.24 Y4.325
;TYPE:WALL-INNER
G1 F3600 E1
G1 F4800 X-32.385 Y2.996 E0.03252
G1 X-32.459 Y2.029 E0.02359
G1 X-32.507 Y1.029 E0.02435
G1 X-32.523 Y-0.011 E0.0253
G1 X-32.507 Y-1.029 E0.02476
G1 X-32.457 Y-2.05 E0.02486
G1 X-32.38 Y-3.016 E0.02357
G1 X-32.24 Y-4.325 E0.03202
G1 X-39.325 Y-4.325 E0.17232
G1 X-39.325 Y4.325 E0.21038
G1 X-32.24 Y4.325 E0.17232
G1 F3600 E-1
G0 F12000 X-31.738 Y4.75
;TYPE:WALL-OUTER
G1 F3600 E1
G1 F2400 X-31.845 Y4.024 E0.01785
G1 X-31.962 Y2.963 E0.02596
G1 X-32.034 Y2.008 E0.02329
G1 X-32.082 Y1 E0.02454
G1 X-32.098 Y-0.004 E0.02442
G1 X-32.082 Y-1.008 E0.02442
G1 X-32.034 Y-2.016 E0.02454
G1 X-31.957 Y-2.971 E0.0233
G1 X-31.844 Y-4.033 E0.02598
G1 X-31.738 Y-4.75 E0.01763
G1 X-39.75 Y-4.75 E0.19486
G1 X-39.75 Y4.75 E0.23105
G1 X-31.738 Y4.75 E0.19486
G0 F12000 X-31.845 Y4.024
G0 X-31.852 Y3.959
G0 X-33.058 Y3.742
G1 F3600 E-1
G0 F12000 X-32.279 Y2.031
G0 X32.015 Y-4.512
G0 X32.737 Y-3.915
;TYPE:FILL
G1 F3600 E1
G1 F9600 X33.411 Y-3.215 E0.02363
G1 X34.314 Y-2.476 E0.02838
G1 X35.217 Y-2.016 E0.02465
G1 X36.12 Y-1.776 E0.02272
G1 X37.023 Y-1.718 E0.02201
G1 X37.926 Y-1.861 E0.02224
G1 X38.829 Y-2.288 E0.02429
G1 X38.92 Y-2.367 E0.00293
G1 F3600 E-1
G0 F12000 X32.647 Y3.959
G0 X32.242 Y4.325
;TYPE:WALL-INNER
G1 F3600 E1
G1 F4800 X39.325 Y4.325 E0.17227
G1 X39.325 Y-4.325 E0.21038
G1 X32.24 Y-4.325 E0.17232
G1 X32.385 Y-2.996 E0.03252
G1 X32.459 Y-2.033 E0.02349
G1 X32.507 Y-1.033 E0.02435
G1 X32.523 Y0.011 E0.02539
G1 X32.507 Y1.029 E0.02476
G1 X32.457 Y2.05 E0.02486
G1 X32.38 Y3.016 E0.02357
G1 X32.242 Y4.325 E0.03201
G1 F3600 E-1
G0 F12000 X31.738 Y4.75
;TYPE:WALL-OUTER
G1 F3600 E1
G1 F2400 X39.75 Y4.75 E0.19486
G1 X39.75 Y-4.75 E0.23105
G1 X31.738 Y-4.75 E0.19486
G1 X31.845 Y-4.024 E0.01785
G1 X31.962 Y-2.963 E0.02596
G1 X32.034 Y-2.012 E0.0232
G1 X32.082 Y-1.004 E0.02454
G1 X32.098 Y0.004 E0.02452
G1 X32.082 Y1.008 E0.02442
G1 X32.034 Y2.016 E0.02454
G1 X31.957 Y2.971 E0.0233
G1 X31.844 Y4.033 E0.02598
G1 X31.738 Y4.75 E0.01763
G0 F12000 X32.538 Y4.75
G0 X32.908 Y3.575
G1 F3600 E-1
;MESH:NONMESH
G0 F600 X32.908 Y3.575 Z10.44
G0 F12000 X32.085 Y4.062
G0 X-32.279 Y-2.031
G0 X-32.777 Y-3.094
G0 X-32.651 Y-3.084
;TIME_ELAPSED:292.884974
;LAYER:78
;TYPE:FILL
;MESH:bridge.stl
G1 F3600 E1
G1 F9600 X-33.411 Y-2.415 E0.02463
G1 X-34.314 Y-1.951 E0.02469
G1 X-35.217 Y-1.769 E0.0224
G1 X-36.12 Y-1.789 E0.02197
G1 X-37.023 Y-1.992 E0.02251
G1 X-37.926 Y-2.411 E0.02421
G1 X-38.829 Y-3.106 E0.02771
G1 X-38.919 Y-3.197 E0.00311
G1 F3600 E-1
G0 F12000 X-32.518 Y3.959
G0 X-32.106 Y4.325
;TYPE:WALL-INNER
G1 F3600 E1
G1 F4800 X-32.257 Y2.996 E0.03253
G1 X-32.331 Y2.029 E0.02359
G1 X-32.379 Y1.029 E0.02435
G1 X-32.395 Y-0.011 E0.0253
G1 X-32.379 Y-1.029 E0.02476
G1 X-32.329 Y-2.05 E0.02486
G1 X-32.251 Y-3.018 E0.02362
G1 X-32.107 Y-4.325 E0.03198
G1 X-39.324 Y-4.324 E0.17553
G1 X-39.325 Y4.325 E0.21036
G1 X-32.106 Y4.325 E0.17558
G1 F3600 E-1
G0 F12000 X-31.609 Y4.75
;TYPE:WALL-OUTER
G1 F3600 E1
G1 F2400 X-31.713 Y4.025 E0.01781
G1 X-31.834 Y2.963 E0.026
G1 X-31.906 Y2.008 E0.02329
G1 X-31.954 Y1 E0.02454
G1 X-31.97 Y-0.005 E0.02445
G1 X-31.954 Y-1.008 E0.0244
G1 X-31.906 Y-2.016 E0.02454
G1 X-31.829 Y-2.972 E0.02333
G1 X-31.712 Y-4.032 E0.02594
G1 X-31.609 Y-4.75 E0.01764
G1 X-39.749 Y-4.749 E0.19798
G1 X-39.75 Y4.75 E0.23103
G1 X-31.609 Y4.75 E0.198
G0 F12000 X-31.713 Y4.025
G0 X-31.72 Y3.958
G0 X-32.929 Y3.74
G1 F3600 E-1
G0 F12000 X-32.149 Y2.031
G0 X31.886 Y-4.512
G0 X32.604 Y-3.918
;TYPE:FILL
G1 F3600 E1
G1 F9600 X33.411 Y-3.106 E0.02784
G1 X34.314 Y-2.411 E0.02771
G1 X35.217 Y-1.992 E0.02421
G1 X36.12 Y-1.789 E0.02251
G1 X37.023 Y-1.769 E0.02197
G1 X37.926 Y-1.951 E0.0224
G1 X38.829 Y-2.415 E0.02469
G1 X38.92 Y-2.495 E0.00295
G1 F3600 E-1
G0 F12000 X32.518 Y3.959
G0 X32.107 Y4.325
;TYPE:WALL-INNER
G1 F3600 E1
G1 F4800 X39.325 Y4.325 E0.17555
G1 X39.325 Y-4.325 E0.21038
G1 X32.106 Y-4.325 E0.17558
G1 X32.257 Y-2.996 E0.03253
G1 X32.331 Y-2.033 E0.02349
G1 X32.379 Y-1.033 E0.02435
G1 X32.395 Y0.011 E0.02539
G1 X32.379 Y1.029 E0.02476
G1 X32.329 Y2.05 E0.02486
G1 X32.254 Y2.998 E0.02313
G1 X32.107 Y4.325 E0.03247
G1 F3600 E-1
G0 F12000 X31.609 Y4.75
;TYPE:WALL-OUTER
G1 F3600 E1
G1 F2400 X39.75 Y4.75 E0.198
G1 X39.75 Y-4.75 E0.23105
G1 X31.609 Y-4.75 E0.198
G1 X31.713 Y-4.025 E0.01781
G1 X31.834 Y-2.963 E0.026
G1 X31.906 Y-2.012 E0.0232
G1 X31.954 Y-1.004 E0.02454
G1 X31.97 Y0.005 E0.02454
G1 X31.954 Y1.008 E0.0244
G1 X31.906 Y2.016 E0.02454
G1 X31.829 Y2.972 E0.02333
G1 X31.712 Y4.032 E0.02594
G1 X31.609 Y4.75 E0.01764
G0 F12000 X32.409 Y4.75
G0 X32.928 Y3.741
G1 F3600 E-1
;MESH:NONMESH
G0 F600 X32.928 Y3.741 Z10.57
G0 F12000 X31.886 Y4.512
G0 X-32.149 Y-2.031
G0 X-32.616 Y-3.377
G0 X-32.49 Y-3.362
;TIME_ELAPSED:297.347025
;LAYER:79
;TYPE:FILL
;MESH:bridge.stl
G1 F3600 E1
G1 F9600 X-33.411 Y-2.536 E0.03009
G1 X-34.314 Y-2.036 E0.0251
G1 X-35.217 Y-1.815 E0.02261
G1 X-36.12 Y-1.799 E0.02197
G1 X-37.023 Y-1.965 E0.02233
G1 X-37.926 Y-2.344 E0.02382
G1 X-38.92 Y-3.064 E0.02985
G1 X-38.92 Y3.92 E0.16986
G1 X-33.093 Y3.916 E0.14172
G1 X-32.497 Y3.334 E0.02026
G1 F3600 E-1
G0 F12000 X-31.98 Y4.325
;TYPE:WALL-INNER
G1 F3600 E1
G1 F4800 X-32.125 Y2.996 E0.03252
G1 X-32.199 Y2.029 E0.02359
G1 X-32.247 Y1.029 E0.02435
G1 X-32.263 Y-0.011 E0.0253
G1 X-32.247 Y-1.029 E0.02476
G1 X-32.197 Y-2.05 E0.02486
G1 X-32.12 Y-3.016 E0.02357
G1 X-31.98 Y-4.325 E0.03202
G1 X-39.325 Y-4.325 E0.17864
G1 X-39.325 Y4.325 E0.21038
G1 X-31.98 Y4.325 E0.17864
G1 F3600 E-1
G0 F12000 X-31.478 Y4.75
;TYPE:WALL-OUTER
G1 F3600 E1
G1 F2400 X-31.585 Y4.024 E0.01785
G1 X-31.702 Y2.963 E0.02596
G1 X-31.774 Y2.008 E0.02329
G1 X-31.822 Y1 E0.02454
G1 X-31.838 Y-0.005 E0.02445
G1 X-31.822 Y-1.008 E0.0244
G1 X-31.774 Y-2.016 E0.02454
G1 X-31.697 Y-2.971 E0.0233
G1 X-31.584 Y-4.032 E0.02595
G1 X-31.481 Y-4.75 E0.01764
G1 X-39.75 Y-4.75 E0.20111
G1 X-39.75 Y4.75 E0.23105
G1 X-31.478 Y4.75 E0.20119
G0 F12000 X-31.585 Y4.024
G0 X-31.592 Y3.959
G0 X-32.799 Y3.74
G1 F3600 E-1
G0 F12000 X-31.756 Y4.512
G0 X31.756 Y4.512
G0 X32.553 Y3.919
;TYPE:FILL
G1 F3600 E1
G1 F9600 X32.442 Y3.815 E0.0037
G1 X32.522 Y3.062 E0.01842
G1 X32.603 Y2.072 E0.02416
G1 X32.652 Y1.052 E0.02484
G1 X32.668 Y0.007 E0.02542
G1 X32.652 Y-1.057 E0.02588
G1 X32.604 Y-2.05 E0.02418
G1 X32.529 Y-3.037 E0.02407
G1 X32.435 Y-3.915 E0.02148
G1 X32.469 Y-3.915 E0.00083
G1 X33.411 Y-2.998 E0.03197
G1 X34.314 Y-2.344 E0.02712
G1 X35.217 Y-1.965 E0.02382
G1 X36.12 Y-1.799 E0.02233
G1 X37.023 Y-1.815 E0.02197
G1 X37.926 Y-2.036 E0.02261
G1 X38.829 Y-2.536 E0.0251
G1 X38.92 Y-2.618 E0.00298
G1 F3600 E-1
G0 F12000 X32.388 Y3.959
G0 X31.982 Y4.325
;TYPE:WALL-INNER
G1 F3600 E1
G1 F4800 X39.325 Y4.325 E0.17859
G1 X39.325 Y-4.325 E0.21038
G1 X31.98 Y-4.325 E0.17864
G1 X32.125 Y-2.996 E0.03252
G1 X32.199 Y-2.033 E0.02349
G1 X32.247 Y-1.033 E0.02435
G1 X32.263 Y0.011 E0.02539
G1 X32.247 Y1.029 E0.02476
G1 X32.197 Y2.05 E0.02486
G1 X32.12 Y3.016 E0.02357
G1 X31.982 Y4.325 E0.03201
G1 F3600 E-1
G0 F12000 X31.481 Y4.75
;TYPE:WALL-OUTER
G1 F3600 E1
G1 F2400 X39.75 Y4.75 E0.20111
G1 X39.75 Y-4.75 E0.23105
G1 X31.478 Y-4.75 E0.20119
G1 X31.585 Y-4.024 E0.01785
G1 X31.702 Y-2.963 E0.02596
G1 X31.774 Y-2.012 E0.0232
G1 X31.822 Y-1.004 E0.02454
G1 X31.838 Y0.005 E0.02454
G1 X31.822 Y1.008 E0.0244
G1 X31.774 Y2.016 E0.02454
G1 X31.697 Y2.971 E0.0233
G1 X31.584 Y4.032 E0.02595
G1 X31.481 Y4.75 E0.01764
G0 F12000 X32.281 Y4.75
G0 X32.798 Y3.741
G1 F3600 E-1
;MESH:NONMESH
G0 F600 X32.798 Y3.741 Z10.7
G0 F12000 X32.019 Y2.031
G0 X-31.756 Y-4.512
G0 X-32.455 Y-3.658
G0 X-32.332 Y-3.644
;TIME_ELAPSED:302.004212
;LAYER:80
;TYPE:FILL
;MESH:bridge.stl
G1 F3600 E1
G1 F9600 X-33.411 Y-2.653 E0.03563
G1 X-34.314 Y-2.117 E0.02554
G1 X-35.217 Y-1.857 E0.02285
G1 X-36.12 Y-1.804 E0.022
G1 X-37.023 Y-1.934 E0.02219
G1 X-37.926 Y-2.274 E0.02347
G1 X-38.919 Y-2.949 E0.0292
G1 X-38.92 Y3.92 E0.16706
G1 X-32.97 Y3.916 E0.14471
G1 X-32.368 Y3.347 E0.02015
G1 F3600 E-1
G0 F12000 X-31.852 Y4.325
;TYPE:WALL-INNER
G1 F3600 E1
G1 F4800 X-31.997 Y2.996 E0.03252
G1 X-32.071 Y2.029 E0.02359
G1 X-32.119 Y1.029 E0.02435
G1 X-32.135 Y-0.011 E0.0253
G1 X-32.119 Y-1.029 E0.02476
G1 X-32.069 Y-2.05 E0.02486
G1 X-31.992 Y-3.016 E0.02357
G1 X-31.852 Y-4.325 E0.03202
G1 X-39.324 Y-4.324 E0.18173
G1 X-39.325 Y4.325 E0.21036
G1 X-31.852 Y4.325 E0.18175
G1 F3600 E-1
G0 F12000 X-31.35 Y4.75
;TYPE:WALL-OUTER
G1 F3600 E1
G1 F2400 X-31.457 Y4.024 E0.01785
G1 X-31.574 Y2.963 E0.02596
G1 X-31.646 Y2.008 E0.02329
G1 X-31.694 Y1 E0.02454
G1 X-31.71 Y-0.005 E0.02445
G1 X-31.694 Y-1.008 E0.0244
G1 X-31.646 Y-2.016 E0.02454
G1 X-31.569 Y-2.971 E0.0233
G1 X-31.456 Y-4.033 E0.02598
G1 X-31.35 Y-4.75 E0.01763
G1 X-39.749 Y-4.749 E0.20428
G1 X-39.75 Y4.75 E0.23103
G1 X-31.35 Y4.75 E0.2043
G0 F12000 X-31.457 Y4.024
G0 X-31.464 Y3.959
G0 X-32.67 Y3.74
G1 F3600 E-1
G0 F12000 X-31.627 Y4.512
G0 X31.627 Y4.512
G0 X32.696 Y3.919
;TYPE:FILL
G1 F3600 E1
G1 F9600 X32.338 Y3.586 E0.01189
G1 X32.394 Y3.062 E0.01282
G1 X32.475 Y2.072 E0.02416
G1 X32.524 Y1.052 E0.02484
G1 X32.54 Y0.007 E0.02542
G1 X32.524 Y-1.057 E0.02588
G1 X32.476 Y-2.05 E0.02418
G1 X32.401 Y-3.037 E0.02407
G1 X32.305 Y-3.935 E0.02197
G1 X33.411 Y-2.888 E0.03704
G1 X34.314 Y-2.274 E0.02656
G1 X35.217 Y-1.934 E0.02347
G1 X36.12 Y-1.804 E0.02219
G1 X37.023 Y-1.857 E0.022
G1 X37.926 Y-2.117 E0.02285
G1 X38.829 Y-2.653 E0.02554
G1 X38.92 Y-2.736 E0.003
G1 F3600 E-1
G0 F12000 X32.259 Y3.959
G0 X31.854 Y4.325
;TYPE:WALL-INNER
G1 F3600 E1
G1 F4800 X39.325 Y4.325 E0.18171
G1 X39.325 Y-4.325 E0.21038
G1 X31.852 Y-4.325 E0.18175
G1 X31.997 Y-2.996 E0.03252
G1 X32.071 Y-2.033 E0.02349
G1 X32.119 Y-1.033 E0.02435
G1 X32.135 Y0.011 E0.02539
G1 X32.119 Y1.029 E0.02476
G1 X32.069 Y2.05 E0.02486
G1 X31.992 Y3.016 E0.02357
G1 X31.854 Y4.325 E0.03201
G1 F3600 E-1
G0 F12000 X31.35 Y4.75
;TYPE:WALL-OUTER
G1 F3600 E1
G1 F2400 X39.75 Y4.75 E0.2043
G1 X39.75 Y-4.75 E0.23105
G1 X31.35 Y-4.75 E0.2043
G1 X31.457 Y-4.024 E0.01785
G1 X31.574 Y-2.963 E0.02596
G1 X31.646 Y-2.012 E0.0232
G1 X31.694 Y-1.004 E0.02454
G1 X31.71 Y0.005 E0.02454
G1 X31.694 Y1.008 E0.0244
G1 X31.646 Y2.016 E0.02454
G1 X31.569 Y2.971 E0.0233
G1 X31.456 Y4.033 E0.02598
G1 X31.35 Y4.75 E0.01763
G0 F12000 X32.15 Y4.75
G0 X32.669 Y3.741
G1 F3600 E-1
;MESH:NONMESH
G0 F600 X32.669 Y3.741 Z10.83
G0 F12000 X31.627 Y4.512
G0 X-31.627 Y4.512
G0 X-32.841 Y3.915
;TIME_ELAPSED:306.665107
;LAYER:81
;TYPE:FILL
;MESH:bridge.stl
G1 F3600 E1
G1 F9600 X-32.244 Y3.361 E0.01981
G1 X-32.344 Y2.045 E0.0321
G1 X-32.392 Y1.052 E0.02418
G1 X-32.408 Y-0.007 E0.02576
G1 X-32.392 Y-1.052 E0.02542
G1 X-32.343 Y-2.07 E0.02479
G1 X-32.265 Y-3.066 E0.0243
G1 X-32.177 Y-3.915 E0.02076
G1 X-33.411 Y-2.767 E0.04099
G1 X-34.314 Y-2.194 E0.02601
G1 X-35.217 Y-1.896 E0.02313
G1 X-36.12 Y-1.806 E0.02207
G1 X-37.023 Y-1.899 E0.02208
G1 X-37.926 Y-2.201 E0.02316
G1 X-38.829 Y-2.777 E0.02605
G1 X-38.92 Y-2.862 E0.00303
G1 F3600 E-1
G0 F12000 X-32.129 Y3.959
G0 X-31.72 Y4.325
;TYPE:WALL-INNER
G1 F3600 E1
G1 F4800 X-31.865 Y2.996 E0.03252
G1 X-31.939 Y2.029 E0.02359
G1 X-31.987 Y1.029 E0.02435
G1 X-32.003 Y-0.011 E0.0253
G1 X-31.987 Y-1.029 E0.02476
G1 X-31.938 Y-2.048 E0.02481
G1 X-31.863 Y-3.018 E0.02366
G1 X-31.72 Y-4.325 E0.03198
G1 X-39.325 Y-4.325 E0.18496
G1 X-39.325 Y4.325 E0.21038
G1 X-31.72 Y4.325 E0.18496
G1 F3600 E-1
G0 F12000 X-31.218 Y4.75
;TYPE:WALL-OUTER
G1 F3600 E1
G1 F2400 X-31.325 Y4.024 E0.01785
G1 X-31.442 Y2.963 E0.02596
G1 X-31.514 Y2.008 E0.02329
G1 X-31.562 Y1 E0.02454
G1 X-31.578 Y-0.005 E0.02445
G1 X-31.562 Y-1.008 E0.0244
G1 X-31.514 Y-2.015 E0.02452
G1 X-31.441 Y-2.972 E0.02334
G1 X-31.324 Y-4.033 E0.02596
G1 X-31.218 Y-4.75 E0.01763
G1 X-39.75 Y-4.75 E0.20751
G1 X-39.75 Y4.75 E0.23105
G1 X-31.218 Y4.75 E0.20751
G0 F12000 X-31.325 Y4.024
G0 X-31.332 Y3.959
G0 X-32.54 Y3.74
G1 F3600 E-1
G0 F12000 X-31.496 Y4.512
G0 X31.496 Y4.512
G0 X32.828 Y3.915
;TYPE:FILL
G1 F3600 E1
G1 F9600 X32.241 Y3.369 E0.0195
G1 X32.343 Y2.07 E0.03169
G1 X32.392 Y1.052 E0.02479
G1 X32.408 Y0.007 E0.02542
G1 X32.392 Y-1.057 E0.02588
G1 X32.344 Y-2.05 E0.02418
G1 X32.269 Y-3.037 E0.02407
G1 X32.173 Y-3.929 E0.02182
G1 X33.411 Y-2.777 E0.04113
G1 X34.314 Y-2.201 E0.02605
G1 X35.217 Y-1.899 E0.02316
G1 X36.12 Y-1.806 E0.02208
G1 X37.023 Y-1.896 E0.02207
G1 X37.926 Y-2.194 E0.02313
G1 X38.829 Y-2.767 E0.02601
G1 X38.92 Y-2.852 E0.00303
G1 F3600 E-1
G0 F12000 X32.129 Y3.959
G0 X31.72 Y4.325
;TYPE:WALL-INNER
G1 F3600 E1
G1 F4800 X39.325 Y4.325 E0.18496
G1 X39.325 Y-4.325 E0.21038
G1 X31.72 Y-4.325 E0.18496
G1 X31.865 Y-2.996 E0.03252
G1 X31.939 Y-2.033 E0.02349
G1 X31.987 Y-1.033 E0.02435
G1 X32.003 Y0.011 E0.02539
G1 X31.987 Y1.029 E0.02476
G1 X31.938 Y2.048 E0.02481
G1 X31.866 Y2.996 E0.02312
G1 X31.72 Y4.325 E0.03252
G1 F3600 E-1
G0 F12000 X31.218 Y4.75
;TYPE:WALL-OUTER
G1 F3600 E1
G1 F2400 X39.75 Y4.75 E0.20751
G1 X39.75 Y-4.75 E0.23105
G1 X31.218 Y-4.75 E0.20751
G1 X31.325 Y-4.024 E0.01785
G1 X31.442 Y-2.963 E0.02596
G1 X31.514 Y-2.012 E0.0232
G1 X31.562 Y-1.004 E0.02454
G1 X31.578 Y0.005 E0.02454
G1 X31.562 Y1.008 E0.0244
G1 X31.514 Y2.015 E0.02452
G1 X31.441 Y2.972 E0.02334
G1 X31.324 Y4.033 E0.02596
G1 X31.218 Y4.75 E0.01763
G0 F12000 X32.018 Y4.75
G0 X32.539 Y3.741
G1 F3600 E-1
;MESH:NONMESH
G0 F600 X32.539 Y3.741 Z10.96
G0 F12000 X31.496 Y4.512
G0 X-31.567 Y4.062
G0 X-32.229 Y3.365
G0 X-32.105 Y3.352
;TIME_ELAPSED:311.361131
;LAYER:82
;TYPE:FILL
;MESH:bridge.stl
G1 F3600 E1
G1 F9600 X-32.708 Y3.918 E0.02011
G1 X-38.92 Y3.92 E0.15109
G1 X-38.92 Y-2.718 E0.16145
G1 X-37.926 Y-2.124 E0.02816
G1 X-37.023 Y-1.861 E0.02287
G1 X-36.12 Y-1.805 E0.022
G1 X-35.217 Y-1.931 E0.02218
G1 X-34.314 Y-2.267 E0.02343
G1 X-33.411 Y-2.878 E0.02652
G1 X-32.307 Y-3.92 E0.03692
G1 F3600 E-1
G0 F12000 X-32.179 Y0.927
G0 X-31.998 Y3.959
G0 X-31.586 Y4.325
;TYPE:WALL-INNER
G1 F3600 E1
G1 F4800 X-31.737 Y2.996 E0.03253
G1 X-31.811 Y2.029 E0.02359
G1 X-31.859 Y1.029 E0.02435
G1 X-31.875 Y-0.011 E0.0253
G1 X-31.859 Y-1.029 E0.02476
G1 X-31.809 Y-2.05 E0.02486
G1 X-31.732 Y-3.017 E0.02359
G1 X-31.591 Y-4.325 E0.032
G1 X-39.325 Y-4.325 E0.1881
G1 X-39.325 Y4.325 E0.21038
G1 X-31.586 Y4.325 E0.18822
G1 F3600 E-1
G0 F12000 X-31.086 Y4.75
;TYPE:WALL-OUTER
G1 F3600 E1
G1 F2400 X-31.193 Y4.025 E0.01782
G1 X-31.314 Y2.963 E0.026
G1 X-31.386 Y2.008 E0.02329
G1 X-31.434 Y1 E0.02454
G1 X-31.45 Y-0.005 E0.02445
G1 X-31.434 Y-1.008 E0.0244
G1 X-31.386 Y-2.016 E0.02454
G1 X-31.309 Y-2.971 E0.0233
G1 X-31.2 Y-3.985 E0.0248
G1 X-31.086 Y-4.75 E0.01881
G1 X-39.75 Y-4.75 E0.21072
G1 X-39.75 Y4.75 E0.23105
G1 X-31.086 Y4.75 E0.21072
G0 F12000 X-31.193 Y4.025
G0 X-31.2 Y3.959
G0 X-32.409 Y3.742
G1 F3600 E-1
G0 F12000 X-31.363 Y4.512
G0 X31.363 Y4.512
G0 X32.963 Y3.92
;TYPE:FILL
G1 F3600 E1
G1 F9600 X32.508 Y3.487 E0.01528
G1 X32.125 Y3.138 E0.0126
G1 X32.215 Y2.072 E0.02602
G1 X32.264 Y1.052 E0.02484
G1 X32.28 Y0.007 E0.02542
G1 X32.264 Y-1.057 E0.02588
G1 X32.216 Y-2.05 E0.02418
G1 X32.14 Y-3.039 E0.02412
G1 X32.039 Y-3.934 E0.02191
G1 X32.508 Y-3.488 E0.01574
G1 X33.411 Y-2.664 E0.02973
G1 X34.314 Y-2.124 E0.02559
G1 X35.217 Y-1.861 E0.02287
G1 X36.12 Y-1.805 E0.022
G1 X37.023 Y-1.931 E0.02218
G1 X37.926 Y-2.267 E0.02343
G1 X38.829 Y-2.878 E0.02652
G1 X38.92 Y-2.965 E0.00306
G1 F3600 E-1
G0 F12000 X31.999 Y3.959
G0 X31.591 Y4.325
;TYPE:WALL-INNER
G1 F3600 E1
G1 F4800 X39.325 Y4.325 E0.1881
G1 X39.325 Y-4.325 E0.21038
G1 X31.587 Y-4.325 E0.1882
G1 X31.737 Y-2.996 E0.03253
G1 X31.811 Y-2.033 E0.02349
G1 X31.859 Y-1.033 E0.02435
G1 X31.875 Y0.011 E0.02539
G1 X31.859 Y1.029 E0.02476
G1 X31.809 Y2.05 E0.02486
G1 X31.732 Y3.017 E0.02359
G1 X31.591 Y4.325 E0.032
G1 F3600 E-1
G0 F12000 X31.086 Y4.75
;TYPE:WALL-OUTER
G1 F3600 E1
G1 F2400 X39.75 Y4.75 E0.21072
G1 X39.75 Y-4.75 E0.23105
G1 X31.086 Y-4.75 E0.21072
G1 X31.193 Y-4.025 E0.01782
G1 X31.314 Y-2.963 E0.026
G1 X31.386 Y-2.012 E0.0232
G1 X31.434 Y-1.004 E0.02454
G1 X31.45 Y0.005 E0.02454
G1 X31.434 Y1.008 E0.0244
G1 X31.386 Y2.016 E0.02454
G1 X31.309 Y2.971 E0.0233
G1 X31.2 Y3.985 E0.0248
G1 X31.086 Y4.75 E0.01881
G0 F12000 X31.886 Y4.75
G0 X32.409 Y3.741
G1 F3600 E-1
;MESH:NONMESH
G0 F600 X32.409 Y3.741 Z11.09
G0 F12000 X31.363 Y4.512
G0 X-31.436 Y4.063
G0 X-32.1 Y3.358
G0 X-31.972 Y3.344
;TIME_ELAPSED:316.147180
;LAYER:83
;TYPE:FILL
;MESH:bridge.stl
G1 F3600 E1
G1 F9600 X-32.568 Y3.921 E0.02018
G1 X-38.92 Y3.92 E0.15449
G1 X-38.92 Y-2.598 E0.15853
G1 X-37.926 Y-2.044 E0.02768
G1 X-37.023 Y-1.819 E0.02263
G1 X-36.12 Y-1.799 E0.02197
G1 X-35.217 Y-1.962 E0.02232
G1 X-34.314 Y-2.338 E0.02379
G1 X-33.411 Y-2.988 E0.02706
G1 X-32.452 Y-3.918 E0.03249
G1 F3600 E-1
G0 F12000 X-31.863 Y3.959
G0 X-31.45 Y4.325
;TYPE:WALL-INNER
G1 F3600 E1
G1 F4800 X-31.603 Y3.023 E0.03188
G1 X-31.679 Y2.03 E0.02422
G1 X-31.731 Y0.974 E0.02571
G1 X-31.743 Y-0.08 E0.02564
G1 X-31.727 Y-1.087 E0.02449
G1 X-31.678 Y-2.049 E0.02343
G1 X-31.607 Y-2.953 E0.02205
G1 X-31.451 Y-4.325 E0.03358
G1 X-39.325 Y-4.325 E0.19151
G1 X-39.325 Y4.325 E0.21038
G1 X-31.45 Y4.325 E0.19153
G1 F3600 E-1
G0 F12000 X-30.95 Y4.75
;TYPE:WALL-OUTER
G1 F3600 E1
G1 F2400 X-31.057 Y4.026 E0.0178
G1 X-31.182 Y2.963 E0.02603
G1 X-31.254 Y2.009 E0.02327
G1 X-31.306 Y0.943 E0.02596
G1 X-31.318 Y-0.073 E0.02471
G1 X-31.302 Y-1.065 E0.02413
G1 X-31.254 Y-2.016 E0.02316
G1 X-31.185 Y-2.905 E0.02169
G1 X-31.056 Y-4.033 E0.02761
G1 X-30.95 Y-4.75 E0.01763
G1 X-39.75 Y-4.75 E0.21403
G1 X-39.75 Y4.75 E0.23105
G1 X-30.95 Y4.75 E0.21403
G0 F12000 X-31.057 Y4.026
G0 X-31.064 Y3.959
G0 X-32.275 Y3.742
G1 F3600 E-1
G0 F12000 X-31.228 Y4.512
G0 X31.228 Y4.512
G0 X33.085 Y3.918
;TYPE:FILL
G1 F3600 E1
G1 F9600 X32.508 Y3.356 E0.01959
G1 X32.016 Y2.915 E0.01607
G1 X32.083 Y2.071 E0.02059
G1 X32.131 Y1.112 E0.02335
G1 X32.148 Y0.077 E0.02518
G1 X32.136 Y-.969 E0.02544
G1 X32.084 Y-2.051 E0.02635
G1 X32.008 Y-3.041 E0.02415
G1 X31.905 Y-3.919 E0.0215
G1 X31.931 Y-3.919 E0.00063
G1 X32.508 Y-3.357 E0.01959
G1 X33.411 Y-2.547 E0.0295
G1 X34.314 Y-2.044 E0.02514
G1 X35.217 Y-1.819 E0.02263
G1 X36.12 Y-1.799 E0.02197
G1 X37.023 Y-1.962 E0.02232
G1 X37.926 Y-2.338 E0.02379
G1 X38.829 Y-2.988 E0.02706
G1 X38.92 Y-3.077 E0.0031
G1 F3600 E-1
G0 F12000 X31.863 Y3.959
G0 X31.451 Y4.325
;TYPE:WALL-INNER
G1 F3600 E1
G1 F4800 X39.325 Y4.325 E0.19151
G1 X39.325 Y-4.325 E0.21038
G1 X31.451 Y-4.325 E0.19151
G1 X31.603 Y-3.023 E0.03188
G1 X31.679 Y-2.034 E0.02412
G1 X31.731 Y-.978 E0.02571
G1 X31.743 Y0.08 E0.02573
G1 X31.727 Y1.087 E0.02449
G1 X31.678 Y2.049 E0.02343
G1 X31.61 Y2.929 E0.02147
G1 X31.451 Y4.325 E0.03417
G1 F3600 E-1
G0 F12000 X30.95 Y4.75
;TYPE:WALL-OUTER
G1 F3600 E1
G1 F2400 X39.75 Y4.75 E0.21403
G1 X39.75 Y-4.75 E0.23105
G1 X30.95 Y-4.75 E0.21403
G1 X31.057 Y-4.03 E0.0177
G1 X31.182 Y-2.963 E0.02613
G1 X31.254 Y-2.013 E0.02317
G1 X31.306 Y-.947 E0.02596
G1 X31.318 Y0.073 E0.02481
G1 X31.302 Y1.065 E0.02413
G1 X31.254 Y2.016 E0.02316
G1 X31.185 Y2.905 E0.02169
G1 X31.056 Y4.033 E0.02761
G1 X30.95 Y4.75 E0.01763
G0 F12000 X31.75 Y4.75
G0 X32.124 Y3.575
G1 F3600 E-1
;MESH:NONMESH
G0 F600 X32.124 Y3.575 Z11.22
G0 F12000 X31.5 Y2.032
G0 X-31.228 Y-4.512
G0 X-32.594 Y-3.915
;TIME_ELAPSED:320.964880
;LAYER:84
;TYPE:FILL
;MESH:bridge.stl
G1 F3600 E1
G1 F9600 X-33.411 Y-3.096 E0.02814
G1 X-34.314 Y-2.405 E0.02765
G1 X-35.217 Y-1.99 E0.02417
G1 X-36.12 Y-1.79 E0.02249
G1 X-37.023 Y-1.773 E0.02197
G1 X-37.926 Y-1.959 E0.02242
G1 X-38.829 Y-2.426 E0.02473
G1 X-38.919 Y-2.506 E0.00293
G1 F3600 E-1
G0 F12000 X-31.728 Y3.959
G0 X-31.318 Y4.325
;TYPE:WALL-INNER
G1 F3600 E1
G1 F4800 X-31.469 Y2.998 E0.03248
G1 X-31.547 Y2.029 E0.02364
G1 X-31.591 Y1.094 E0.02277
G1 X-31.611 Y0.051 E0.02537
G1 X-31.599 Y-.957 E0.02452
G1 X-31.545 Y-2.053 E0.02669
G1 X-31.463 Y-3.018 E0.02355
G1 X-31.32 Y-4.325 E0.03198
G1 X-39.324 Y-4.324 E0.19467
G1 X-39.325 Y4.325 E0.21036
G1 X-31.318 Y4.325 E0.19474
G1 F3600 E-1
G0 F12000 X-30.818 Y4.75
;TYPE:WALL-OUTER
G1 F3600 E1
G1 F2400 X-30.925 Y4.025 E0.01782
G1 X-31.046 Y2.964 E0.02597
G1 X-31.122 Y2.009 E0.0233
G1 X-31.166 Y1.085 E0.0225
G1 X-31.186 Y0.056 E0.02503
G1 X-31.174 Y-.937 E0.02415
G1 X-31.122 Y-2.018 E0.02632
G1 X-31.041 Y-2.972 E0.02329
G1 X-30.924 Y-4.033 E0.02596
G1 X-30.818 Y-4.75 E0.01763
G1 X-39.749 Y-4.749 E0.21722
G1 X-39.75 Y4.75 E0.23103
G1 X-30.818 Y4.75 E0.21724
G0 F12000 X-30.925 Y4.025
G0 X-30.932 Y3.959
G0 X-32.139 Y3.743
G1 F3600 E-1
G0 F12000 X-31.093 Y4.512
G0 X31.165 Y4.063
G0 X31.899 Y2.684
;TYPE:FILL
G1 F3600 E1
G1 F9600 X32.508 Y3.222 E0.01976
G1 X33.2 Y3.916 E0.02384
G1 X38.92 Y3.92 E0.13912
G1 X38.92 Y-3.166 E0.17234
G1 X37.926 Y-2.405 E0.03045
G1 X37.023 Y-1.99 E0.02417
G1 X36.12 Y-1.79 E0.02249
G1 X35.217 Y-1.773 E0.02197
G1 X34.314 Y-1.959 E0.02242
G1 X33.411 Y-2.426 E0.02473
G1 X32.508 Y-3.223 E0.02929
G1 X31.812 Y-3.921 E0.02397
G1 F3600 E-1
G0 F12000 X31.954 Y-0.064
G0 X31.828 Y2.498
G0 X31.728 Y3.959
G0 X31.32 Y4.325
;TYPE:WALL-INNER
G1 F3600 E1
G1 F4800 X39.325 Y4.325 E0.19469
G1 X39.325 Y-4.325 E0.21038
G1 X31.32 Y-4.325 E0.19469
G1 X31.469 Y-2.999 E0.03245
G1 X31.547 Y-2.033 E0.02357
G1 X31.591 Y-1.094 E0.02286
G1 X31.611 Y-0.051 E0.02537
G1 X31.599 Y0.957 E0.02452
G1 X31.545 Y2.053 E0.02669
G1 X31.463 Y3.018 E0.02355
G1 X31.32 Y4.325 E0.03198
G1 F3600 E-1
G0 F12000 X30.818 Y4.75
;TYPE:WALL-OUTER
G1 F3600 E1
G1 F2400 X39.75 Y4.75 E0.21724
G1 X39.75 Y-4.75 E0.23105
G1 X30.818 Y-4.75 E0.21724
G1 X30.925 Y-4.029 E0.01773
G1 X31.046 Y-2.965 E0.02604
G1 X31.122 Y-2.012 E0.02325
G1 X31.166 Y-1.085 E0.02257
G1 X31.186 Y-0.056 E0.02503
G1 X31.174 Y0.937 E0.02415
G1 X31.122 Y2.018 E0.02632
G1 X31.041 Y2.972 E0.02329
G1 X30.924 Y4.033 E0.02596
G1 X30.818 Y4.75 E0.01763
G0 F12000 X31.618 Y4.75
G0 X31.989 Y3.575
G1 F3600 E-1
;MESH:NONMESH
G0 F600 X31.989 Y3.575 Z11.35
G0 F12000 X31.365 Y2.032
G0 X-31.093 Y-4.512
G0 X-32.725 Y-3.916
;TIME_ELAPSED:325.719078
;LAYER:85
;TYPE:FILL
;MESH:bridge.stl
G1 F3600 E1
G1 F9600 X-33.411 Y-3.205 E0.02403
G1 X-34.314 Y-2.47 E0.02832
G1 X-35.217 Y-2.014 E0.0246
G1 X-36.12 Y-1.778 E0.0227
G1 X-37.023 Y-1.723 E0.022
G1 X-37.926 Y-1.87 E0.02225
G1 X-38.829 Y-2.3 E0.02433
G1 X-38.919 Y-2.378 E0.0029
G1 F3600 E-1
G0 F12000 X-31.593 Y3.959
G0 X-31.182 Y4.325
;TYPE:WALL-INNER
G1 F3600 E1
G1 F4800 X-31.333 Y2.998 E0.03248
G1 X-31.411 Y2.029 E0.02364
G1 X-31.459 Y1.01 E0.02481
G1 X-31.479 Y-0.014 E0.02491
G1 X-31.459 Y-1.029 E0.02469
G1 X-31.409 Y-2.053 E0.02493
G1 X-31.327 Y-3.018 E0.02355
G1 X-31.184 Y-4.325 E0.03198
G1 X-39.324 Y-4.324 E0.19798
G1 X-39.325 Y4.325 E0.21036
G1 X-31.182 Y4.325 E0.19805
G1 F3600 E-1
G0 F12000 X-30.682 Y4.75
;TYPE:WALL-OUTER
G1 F3600 E1
G1 F2400 X-30.789 Y4.025 E0.01782
G1 X-30.91 Y2.964 E0.02597
G1 X-30.986 Y2.008 E0.02332
G1 X-31.034 Y1.002 E0.0245
G1 X-31.054 Y-0.006 E0.02452
G1 X-31.034 Y-1.008 E0.02437
G1 X-30.986 Y-2.018 E0.02459
G1 X-30.905 Y-2.972 E0.02329
G1 X-30.788 Y-4.033 E0.02596
G1 X-30.682 Y-4.75 E0.01763
G1 X-39.749 Y-4.749 E0.22052
G1 X-39.75 Y4.75 E0.23103
G1 X-30.682 Y4.75 E0.22055
G0 F12000 X-30.789 Y4.025
G0 X-30.796 Y3.959
G0 X-32.004 Y3.743
G1 F3600 E-1
G0 F12000 X-30.958 Y4.512
G0 X31.147 Y3.048
G0 X31.782 Y2.453
;TYPE:FILL
G1 F3600 E1
G1 F9600 X32.508 Y3.084 E0.02339
G1 X33.312 Y3.916 E0.02814
G1 X38.92 Y3.92 E0.13639
G1 X38.92 Y-3.279 E0.17509
G1 X37.926 Y-2.47 E0.03117
G1 X37.023 Y-2.014 E0.0246
G1 X36.12 Y-1.778 E0.0227
G1 X35.217 Y-1.723 E0.022
G1 X34.314 Y-1.87 E0.02225
G1 X33.411 Y-2.3 E0.02433
G1 X32.508 Y-3.085 E0.0291
G1 X31.701 Y-3.921 E0.02826
G1 F3600 E-1
G0 F12000 X31.819 Y0.00
G0 X31.731 Y1.757
G0 X31.593 Y3.959
G0 X31.184 Y4.325
;TYPE:WALL-INNER
G1 F3600 E1
G1 F4800 X39.325 Y4.325 E0.198
G1 X39.325 Y-4.325 E0.21038
G1 X31.184 Y-4.325 E0.198
G1 X31.333 Y-2.999 E0.03245
G1 X31.411 Y-2.033 E0.02357
G1 X31.459 Y-1.014 E0.02481
G1 X31.479 Y0.014 E0.02501
G1 X31.459 Y1.029 E0.02469
G1 X31.409 Y2.053 E0.02493
G1 X31.327 Y3.018 E0.02355
G1 X31.184 Y4.325 E0.03198
G1 F3600 E-1
G0 F12000 X30.682 Y4.75
;TYPE:WALL-OUTER
G1 F3600 E1
G1 F2400 X39.75 Y4.75 E0.22055
G1 X39.75 Y-4.75 E0.23105
G1 X30.682 Y-4.75 E0.22055
G1 X30.789 Y-4.029 E0.01773
G1 X30.91 Y-2.965 E0.02604
G1 X30.986 Y-2.012 E0.02325
G1 X31.034 Y-1.005 E0.02452
G1 X31.054 Y0.006 E0.02459
G1 X31.034 Y1.008 E0.02437
G1 X30.986 Y2.018 E0.02459
G1 X30.905 Y2.972 E0.02329
G1 X30.788 Y4.033 E0.02596
G1 X30.682 Y4.75 E0.01763
G0 F12000 X31.482 Y4.75
G0 X31.854 Y3.575
G1 F3600 E-1
;MESH:NONMESH
G0 F600 X31.854 Y3.575 Z11.48
G0 F12000 X31.03 Y4.063
G0 X-31.03 Y4.064
G0 X-31.702 Y3.3
G0 X-31.572 Y3.286
;TIME_ELAPSED:330.470101
;LAYER:86
;TYPE:FILL
;MESH:bridge.stl
G1 F3600 E1
G1 F9600 X-32.169 Y3.918 E0.02114
G1 X-38.816 Y3.92 E0.16166
G1 X-38.92 Y3.811 E0.00366
G1 X-38.92 Y-2.245 E0.14729
G1 X-38.829 Y-2.167 E0.00292
G1 X-37.926 Y-1.775 E0.02394
G1 X-37.023 Y-1.669 E0.02211
G1 X-36.12 Y-1.761 E0.02208
G1 X-35.217 Y-2.034 E0.02294
G1 X-34.314 Y-2.532 E0.02508
G1 X-33.411 Y-3.315 E0.02907
G1 X-32.848 Y-3.918 E0.02006
G1 F3600 E-1
G0 F12000 X-31.458 Y3.959
G0 X-31.046 Y4.325
;TYPE:WALL-INNER
G1 F3600 E1
G1 F4800 X-31.197 Y2.998 E0.03248
G1 X-31.275 Y2.031 E0.0236
G1 X-31.327 Y1.032 E0.02433
G1 X-31.343 Y-0.011 E0.02537
G1 X-31.327 Y-1.032 E0.02484
G1 X-31.273 Y-2.05 E0.02479
G1 X-31.195 Y-3.021 E0.02369
G1 X-31.047 Y-4.325 E0.03192
G1 X-39.325 Y-4.325 E0.20133
G1 X-39.325 Y4.325 E0.21038
G1 X-31.046 Y4.325 E0.20136
G1 F3600 E-1
G0 F12000 X-30.546 Y4.75
;TYPE:WALL-OUTER
G1 F3600 E1
G1 F2400 X-30.653 Y4.025 E0.01782
G1 X-30.774 Y2.964 E0.02597
G1 X-30.85 Y2.009 E0.0233
G1 X-30.902 Y1 E0.02457
G1 X-30.918 Y-0.005 E0.02445
G1 X-30.902 Y-1.01 E0.02445
G1 X-30.85 Y-2.016 E0.0245
G1 X-30.773 Y-2.973 E0.02335
G1 X-30.652 Y-4.033 E0.02595
G1 X-30.546 Y-4.75 E0.01763
G1 X-39.75 Y-4.75 E0.22385
G1 X-39.75 Y4.75 E0.23105
G1 X-30.546 Y4.75 E0.22385
G0 F12000 X-30.653 Y4.025
G0 X-30.66 Y3.959
G0 X-31.869 Y3.743
G1 F3600 E-1
G0 F12000 X-30.823 Y4.512
G0 X31.012 Y3.048
G0 X31.667 Y2.219
;TYPE:FILL
G1 F3600 E1
G1 F9600 X32.508 Y2.941 E0.02696
G1 X33.422 Y3.919 E0.03256
G1 X38.92 Y3.92 E0.13372
G1 X38.92 Y-3.394 E0.17789
G1 X37.926 Y-2.532 E0.032
G1 X37.023 Y-2.034 E0.02508
G1 X36.12 Y-1.761 E0.02294
G1 X35.217 Y-1.669 E0.02208
G1 X34.314 Y-1.775 E0.02211
G1 X33.411 Y-2.167 E0.02394
G1 X32.508 Y-2.942 E0.02894
G1 X31.592 Y-3.921 E0.03261
G1 F3600 E-1
G0 F12000 X31.666 Y1.033
G0 X31.458 Y3.959
G0 X31.047 Y4.325
;TYPE:WALL-INNER
G1 F3600 E1
G1 F4800 X39.325 Y4.325 E0.20133
G1 X39.325 Y-4.325 E0.21038
G1 X31.048 Y-4.325 E0.20131
G1 X31.197 Y-2.999 E0.03245
G1 X31.275 Y-2.036 E0.0235
G1 X31.327 Y-1.035 E0.02438
G1 X31.343 Y0.011 E0.02544
G1 X31.327 Y1.032 E0.02484
G1 X31.273 Y2.05 E0.02479
G1 X31.198 Y2.998 E0.02313
G1 X31.047 Y4.325 E0.03248
G1 F3600 E-1
G0 F12000 X30.546 Y4.75
;TYPE:WALL-OUTER
G1 F3600 E1
G1 F2400 X39.75 Y4.75 E0.22385
G1 X39.75 Y-4.75 E0.23105
G1 X30.546 Y-4.75 E0.22385
G1 X30.653 Y-4.029 E0.01773
G1 X30.774 Y-2.965 E0.02604
G1 X30.85 Y-2.013 E0.02323
G1 X30.902 Y-1.004 E0.02457
G1 X30.918 Y0.005 E0.02454
G1 X30.902 Y1.01 E0.02445
G1 X30.85 Y2.016 E0.0245
G1 X30.773 Y2.973 E0.02335
G1 X30.652 Y4.033 E0.02595
G1 X30.546 Y4.75 E0.01763
G0 F12000 X31.346 Y4.75
G0 X31.719 Y3.575
G1 F3600 E-1
;MESH:NONMESH
G0 F600 X31.719 Y3.575 Z11.61
G0 F12000 X30.895 Y4.063
G0 X-30.895 Y4.064
G0 X-31.569 Y3.287
G0 X-31.44 Y3.273
;TIME_ELAPSED:335.414357
;LAYER:87
;TYPE:FILL
;MESH:bridge.stl
G1 F3600 E1
G1 F9600 X-31.605 Y3.425 E0.00546
G1 X-32.049 Y3.921 E0.01619
G1 X-38.697 Y3.92 E0.16169
G1 X-38.92 Y3.696 E0.00769
G1 X-38.92 Y-2.104 E0.14106
G1 X-38.829 Y-2.027 E0.0029
G1 X-37.926 Y-1.676 E0.02356
G1 X-37.023 Y-1.611 E0.02202
G1 X-36.12 Y-1.74 E0.02219
G1 X-35.217 Y-2.052 E0.02324
G1 X-34.314 Y-2.592 E0.02559
G1 X-33.411 Y-3.426 E0.0299
G1 X-32.97 Y-3.918 E0.01607
G1 F3600 E-1
G0 F12000 X-31.323 Y3.959
G0 X-30.903 Y4.325
;TYPE:WALL-INNER
G1 F3600 E1
G1 F4800 X-31.063 Y3.023 E0.0319
G1 X-31.139 Y2.031 E0.0242
G1 X-31.191 Y1.032 E0.02433
G1 X-31.207 Y-0.011 E0.02537
G1 X-31.191 Y-1.032 E0.02484
G1 X-31.137 Y-2.05 E0.02479
G1 X-31.059 Y-3.021 E0.02369
G1 X-30.91 Y-4.325 E0.03192
G1 X-39.325 Y-4.325 E0.20467
G1 X-39.325 Y4.325 E0.21038
G1 X-30.903 Y4.325 E0.20484
G1 F3600 E-1
G0 F12000 X-30.413 Y4.75
;TYPE:WALL-OUTER
G1 F3600 E1
G1 F2400 X-30.517 Y4.026 E0.01779
G1 X-30.642 Y2.963 E0.02603
G1 X-30.714 Y2.009 E0.02327
G1 X-30.766 Y1 E0.02457
G1 X-30.782 Y-0.005 E0.02445
G1 X-30.766 Y-1.01 E0.02445
G1 X-30.714 Y-2.016 E0.0245
G1 X-30.637 Y-2.973 E0.02335
G1 X-30.516 Y-4.032 E0.02592
G1 X-30.413 Y-4.75 E0.01764
G1 X-39.75 Y-4.75 E0.22709
G1 X-39.75 Y4.75 E0.23105
G1 X-30.413 Y4.75 E0.22709
G0 F12000 X-30.517 Y4.026
G0 X-30.525 Y3.958
G0 X-31.734 Y3.743
G1 F3600 E-1
G0 F12000 X-30.688 Y4.512
G0 X30.689 Y4.512
G0 X33.542 Y3.919
;TYPE:FILL
G1 F3600 E1
G1 F9600 X33.411 Y3.798 E0.00434
G1 X32.508 Y2.789 E0.03293
G1 X31.605 Y2.026 E0.02875
G1 X31.547 Y2.003 E0.00152
G1 X31.595 Y1.057 E0.02304
G1 X31.612 Y0.007 E0.02554
G1 X31.596 Y-1.03 E0.02522
G1 X31.543 Y-2.053 E0.02491
G1 X31.468 Y-3.04 E0.02407
G1 X31.365 Y-3.919 E0.02152
G1 X31.498 Y-3.919 E0.00323
G1 X32.508 Y-2.79 E0.03684
G1 X33.411 Y-2.027 E0.02875
G1 X34.314 Y-1.676 E0.02356
G1 X35.217 Y-1.611 E0.02202
G1 X36.12 Y-1.74 E0.02219
G1 X37.023 Y-2.052 E0.02324
G1 X37.926 Y-2.592 E0.02559
G1 X38.829 Y-3.426 E0.0299
G1 X38.92 Y-3.528 E0.00332
G1 F3600 E-1
G0 F12000 X31.323 Y3.959
G0 X30.91 Y4.325
;TYPE:WALL-INNER
G1 F3600 E1
G1 F4800 X39.325 Y4.325 E0.20467
G1 X39.325 Y-4.325 E0.21038
G1 X30.904 Y-4.325 E0.20481
G1 X31.063 Y-3.023 E0.0319
G1 X31.139 Y-2.036 E0.02408
G1 X31.191 Y-1.035 E0.02438
G1 X31.207 Y0.011 E0.02544
G1 X31.191 Y1.032 E0.02484
G1 X31.137 Y2.05 E0.02479
G1 X31.062 Y2.998 E0.02313
G1 X30.91 Y4.325 E0.03249
G1 F3600 E-1
G0 F12000 X30.413 Y4.75
;TYPE:WALL-OUTER
G1 F3600 E1
G1 F2400 X39.75 Y4.75 E0.22709
G1 X39.75 Y-4.75 E0.23105
G1 X30.413 Y-4.75 E0.22709
G1 X30.517 Y-4.03 E0.01769
G1 X30.642 Y-2.963 E0.02613
G1 X30.714 Y-2.013 E0.02317
G1 X30.766 Y-1.004 E0.02457
G1 X30.782 Y0.005 E0.02454
G1 X30.766 Y1.01 E0.02445
G1 X30.714 Y2.016 E0.0245
G1 X30.637 Y2.973 E0.02335
G1 X30.516 Y4.032 E0.02592
G1 X30.413 Y4.75 E0.01764
G0 F12000 X31.213 Y4.75
G0 X31.584 Y3.575
G1 F3600 E-1
;MESH:NONMESH
G0 F600 X31.584 Y3.575 Z11.74
G0 F12000 X30.76 Y4.063
G0 X-30.76 Y4.063
G0 X-31.437 Y3.262
G0 X-31.309 Y3.248
;TIME_ELAPSED:340.316166
;LAYER:88
;TYPE:FILL
;MESH:bridge.stl
G1 F3600 E1
G1 F9600 X-31.929 Y3.918 E0.0222
G1 X-38.589 Y3.92 E0.16198
G1 X-38.92 Y3.577 E0.01159
G1 X-38.92 Y-1.953 E0.1345
G1 X-38.829 Y-1.877 E0.00288
G1 X-37.926 Y-1.57 E0.0232
G1 X-37.023 Y-1.548 E0.02197
G1 X-36.12 Y-1.715 E0.02233
G1 X-35.217 Y-2.065 E0.02355
G1 X-34.314 Y-2.651 E0.02618
G1 X-33.411 Y-3.541 E0.03084
G1 X-33.09 Y-3.916 E0.01201
G1 F3600 E-1
G0 F12000 X-31.188 Y3.959
G0 X-30.778 Y4.325
;TYPE:WALL-INNER
G1 F3600 E1
G1 F4800 X-30.929 Y2.998 E0.03248
G1 X-31.007 Y2.029 E0.02364
G1 X-31.055 Y1.029 E0.02435
G1 X-31.071 Y-0.011 E0.0253
G1 X-31.055 Y-1.029 E0.02476
G1 X-31.005 Y-2.053 E0.02493
G1 X-30.923 Y-3.018 E0.02355
G1 X-30.78 Y-4.325 E0.03198
G1 X-39.325 Y-4.325 E0.20783
G1 X-39.325 Y4.325 E0.21038
G1 X-30.778 Y4.325 E0.20788
G1 F3600 E-1
G0 F12000 X-30.278 Y4.75
;TYPE:WALL-OUTER
G1 F3600 E1
G1 F2400 X-30.385 Y4.025 E0.01782
G1 X-30.506 Y2.964 E0.02597
G1 X-30.582 Y2.008 E0.02332
G1 X-30.63 Y1 E0.02454
G1 X-30.646 Y-0.005 E0.02445
G1 X-30.63 Y-1.008 E0.0244
G1 X-30.582 Y-2.018 E0.02459
G1 X-30.501 Y-2.972 E0.02329
G1 X-30.384 Y-4.033 E0.02596
G1 X-30.278 Y-4.75 E0.01763
G1 X-39.75 Y-4.75 E0.23037
G1 X-39.75 Y4.75 E0.23105
G1 X-30.278 Y4.75 E0.23037
G0 F12000 X-30.385 Y4.025
G0 X-30.392 Y3.959
G0 X-31.599 Y3.743
G1 F3600 E-1
G0 F12000 X-30.554 Y4.512
G0 X30.742 Y3.048
G0 X31.424 Y1.814
;TYPE:FILL
G1 F3600 E1
G1 F9600 X31.605 Y1.876 E0.00465
G1 X32.508 Y2.628 E0.02858
G1 X33.411 Y3.683 E0.03377
G1 X33.648 Y3.917 E0.0081
G1 X38.92 Y3.92 E0.12822
G1 X38.92 Y-3.631 E0.18365
G1 X37.926 Y-2.651 E0.03395
G1 X37.023 Y-2.065 E0.02618
G1 X36.12 Y-1.715 E0.02355
G1 X35.217 Y-1.548 E0.02233
G1 X34.314 Y-1.57 E0.02197
G1 X33.411 Y-1.877 E0.0232
G1 X32.508 Y-2.629 E0.02858
G1 X31.605 Y-3.684 E0.03377
G1 X31.365 Y-3.921 E0.0082
G1 F3600 E-1
G0 F12000 X31.395 Y1.033
G0 X31.188 Y3.959
G0 X30.78 Y4.325
;TYPE:WALL-INNER
G1 F3600 E1
G1 F4800 X39.325 Y4.325 E0.20783
G1 X39.325 Y-4.325 E0.21038
G1 X30.78 Y-4.325 E0.20783
G1 X30.929 Y-2.999 E0.03245
G1 X31.007 Y-2.033 E0.02357
G1 X31.055 Y-1.033 E0.02435
G1 X31.071 Y0.011 E0.02539
G1 X31.055 Y1.029 E0.02476
G1 X31.005 Y2.053 E0.02493
G1 X30.923 Y3.018 E0.02355
G1 X30.78 Y4.325 E0.03198
G1 F3600 E-1
G0 F12000 X30.278 Y4.75
;TYPE:WALL-OUTER
G1 F3600 E1
G1 F2400 X39.75 Y4.75 E0.23037
G1 X39.75 Y-4.75 E0.23105
G1 X30.278 Y-4.75 E0.23037
G1 X30.385 Y-4.029 E0.01773
G1 X30.506 Y-2.965 E0.02604
G1 X30.582 Y-2.012 E0.02325
G1 X30.63 Y-1.004 E0.02454
G1 X30.646 Y0.005 E0.02454
G1 X30.63 Y1.008 E0.0244
G1 X30.582 Y2.018 E0.02459
G1 X30.501 Y2.972 E0.02329
G1 X30.384 Y4.033 E0.02596
G1 X30.278 Y4.75 E0.01763
G0 F12000 X31.078 Y4.75
G0 X31.449 Y3.575
G1 F3600 E-1
;MESH:NONMESH
G0 F600 X31.449 Y3.575 Z11.87
G0 F12000 X30.625 Y4.063
G0 X-30.625 Y4.063
G0 X-31.306 Y3.223
G0 X-31.178 Y3.209
;TIME_ELAPSED:345.315941
;LAYER:89
;TYPE:FILL
;MESH:bridge.stl
G1 F3600 E1
G1 F9600 X-31.605 Y3.66 E0.01511
G1 X-31.817 Y3.92 E0.00816
G1 X-38.491 Y3.92 E0.16232
G1 X-38.92 Y3.451 E0.01546
G1 X-38.919 Y-1.79 E0.12747
G1 X-38.829 Y-1.716 E0.00283
G1 X-37.926 Y-1.457 E0.02285
G1 X-37.023 Y-1.48 E0.02197
G1 X-36.12 Y-1.686 E0.02253
G1 X-35.217 Y-2.074 E0.0239
G1 X-34.314 Y-2.707 E0.02682
G1 X-33.411 Y-3.661 E0.03195
G1 X-33.201 Y-3.92 E0.00811
G1 F3600 E-1
G0 F12000 X-31.053 Y3.959
G0 X-30.675 Y4.325
;TYPE:WALL-INNER
G1 F3600 E1
G1 F4800 X-30.675 Y4.05 E0.00669
G1 X-30.793 Y2.998 E0.02575
G1 X-30.871 Y2.029 E0.02364
G1 X-30.919 Y1.029 E0.02435
G1 X-30.935 Y-0.061 E0.02651
G1 X-30.919 Y-1.029 E0.02355
G1 X-30.869 Y-2.053 E0.02493
G1 X-30.787 Y-3.018 E0.02355
G1 X-30.675 Y-4.042 E0.02505
G1 X-30.675 Y-4.325 E0.00688
G1 X-39.324 Y-4.324 E0.21036
G1 X-39.325 Y4.325 E0.21036
G1 X-30.675 Y4.325 E0.21038
G1 F3600 E-1
G0 F12000 X-30.25 Y4.75
;TYPE:WALL-OUTER
G1 F3600 E1
G1 F2400 X-30.25 Y4.026 E0.01761
G1 X-30.37 Y2.964 E0.02599
G1 X-30.446 Y2.008 E0.02332
G1 X-30.494 Y1 E0.02454
G1 X-30.51 Y-0.055 E0.02566
G1 X-30.494 Y-1.008 E0.02318
G1 X-30.446 Y-2.018 E0.02459
G1 X-30.365 Y-2.972 E0.02329
G1 X-30.25 Y-4.018 E0.02559
G1 X-30.25 Y-4.75 E0.0178
G1 X-39.749 Y-4.749 E0.23103
G1 X-39.75 Y4.75 E0.23103
G1 X-30.25 Y4.75 E0.23105
G0 F12000 X-30.25 Y4.026
G0 X-30.258 Y3.951
G0 X-31.464 Y3.742
G1 F3600 E-1
G0 F12000 X-30.494 Y4.035
G0 X30.494 Y4.029
G0 X33.749 Y3.92
;TYPE:FILL
G1 F3600 E1
G1 F9600 X33.411 Y3.563 E0.01196
G1 X32.508 Y2.453 E0.0348
G1 X31.605 Y1.715 E0.02836
G1 X31.297 Y1.627 E0.00779
G1 X31.324 Y1.052 E0.014
G1 X31.34 Y0.057 E0.0242
G1 X31.324 Y-1.058 E0.02712
G1 X31.276 Y-2.049 E0.02413
G1 X31.197 Y-3.04 E0.02418
G1 X31.1 Y-3.92 E0.02153
G1 X31.268 Y-3.92 E0.00409
G1 X31.605 Y-3.564 E0.01192
G1 X32.508 Y-2.454 E0.0348
G1 X33.411 Y-1.716 E0.02836
G1 X34.314 Y-1.457 E0.02285
G1 X35.217 Y-1.48 E0.02197
G1 X36.12 Y-1.686 E0.02253
G1 X37.023 Y-2.074 E0.0239
G1 X37.926 Y-2.707 E0.02682
G1 X38.829 Y-3.661 E0.03195
G1 X38.92 Y-3.773 E0.00351
G1 F3600 E-1
G0 F12000 X38.955 Y3.955
G0 X39.325 Y4.325
;TYPE:WALL-INNER
G1 F3600 E1
G1 F4800 X39.325 Y-4.325 E0.21038
G1 X30.675 Y-4.325 E0.21038
G1 X30.676 Y-4.036 E0.00703
G1 X30.793 Y-2.999 E0.02538
G1 X30.871 Y-2.033 E0.02357
G1 X30.919 Y-1.033 E0.02435
G1 X30.935 Y0.061 E0.02661
G1 X30.919 Y1.029 E0.02355
G1 X30.869 Y2.053 E0.02493
G1 X30.787 Y3.018 E0.02355
G1 X30.675 Y4.042 E0.02505
G1 X30.675 Y4.325 E0.00688
G1 X39.325 Y4.325 E0.21038
G1 F3600 E-1
G0 F12000 X39.75 Y4.75
;TYPE:WALL-OUTER
G1 F3600 E1
G1 F2400 X39.75 Y-4.75 E0.23105
G1 X30.25 Y-4.75 E0.23105
G1 X30.25 Y-4.026 E0.01761
G1 X30.37 Y-2.965 E0.02597
G1 X30.446 Y-2.012 E0.02325
G1 X30.494 Y-1.004 E0.02454
G1 X30.51 Y0.055 E0.02576
G1 X30.494 Y1.008 E0.02318
G1 X30.446 Y2.018 E0.02459
G1 X30.365 Y2.972 E0.02329
G1 X30.25 Y4.018 E0.02559
G1 X30.25 Y4.75 E0.0178
G1 X39.75 Y4.75 E0.23105
G0 F12000 X39.75 Y3.95
G0 X38.575 Y3.575
G1 F3600 E-1
;MESH:NONMESH
G0 F600 X38.575 Y3.575 Z12
G0 F12000 X30.494 Y4.029
G0 X-30.494 Y4.035
G0 X-31.174 Y3.199
G0 X-31.08 Y3.189
;TIME_ELAPSED:350.247694
;LAYER:90
;TYPE:FILL
;MESH:bridge.stl
G1 F3600 E1
G1 F9600 X-31.723 Y3.92 E0.02368
G1 X-38.404 Y3.92 E0.16249
G1 X-38.916 Y3.338 E0.01885
G1 X-38.918 Y-1.612 E0.12039
G1 X-38.829 Y-1.541 E0.00277
G1 X-37.926 Y-1.337 E0.02252
G1 X-37.023 Y-1.407 E0.02203
G1 X-36.12 Y-1.653 E0.02276
G1 X-35.217 Y-2.08 E0.02429
G1 X-34.314 Y-2.761 E0.02751
G1 X-33.411 Y-3.787 E0.03324
G1 X-33.31 Y-3.918 E0.00402
G1 F3600 E-1
G0 F12000 X-31.045 Y3.955
G0 X-30.675 Y4.325
;TYPE:WALL-INNER
G1 F3600 E1
G1 F4800 X-30.675 Y2.779 E0.0376
G1 X-30.735 Y2.029 E0.0183
G1 X-30.783 Y1.029 E0.02435
G1 X-30.799 Y-0.011 E0.0253
G1 X-30.783 Y-1.029 E0.02476
G1 X-30.734 Y-2.049 E0.02484
G1 X-30.675 Y-2.791 E0.0181
G1 X-30.675 Y-4.324 E0.03728
G1 X-39.324 Y-4.321 E0.21036
G1 X-39.321 Y4.325 E0.21028
G1 X-30.675 Y4.325 E0.21028
G1 F3600 E-1
G0 F12000 X-30.25 Y4.75
;TYPE:WALL-OUTER
G1 F3600 E1
G1 F2400 X-30.25 Y2.762 E0.04835
G1 X-30.31 Y2.008 E0.0184
G1 X-30.358 Y1 E0.02454
G1 X-30.374 Y-0.005 E0.02445
G1 X-30.358 Y-1.008 E0.0244
G1 X-30.31 Y-2.016 E0.02454
G1 X-30.25 Y-2.774 E0.01849
G1 X-30.25 Y-4.749 E0.04803
G1 X-39.749 Y-4.746 E0.23103
G1 X-39.746 Y4.75 E0.23096
G1 X-30.25 Y4.75 E0.23096
G0 F12000 X-30.25 Y3.95
G0 X-31.425 Y3.575
G1 F3600 E-1
G0 F12000 X-30.495 Y3.919
G0 X30.495 Y3.919
G0 X33.835 Y3.919
;TYPE:FILL
G1 F3600 E1
G1 F9600 X33.411 Y3.437 E0.01561
G1 X32.508 Y2.26 E0.03608
G1 X31.605 Y1.54 E0.02809
G1 X31.182 Y1.445 E0.01054
G1 X31.204 Y0.007 E0.03498
G1 X31.188 Y-1.057 E0.02588
G1 X31.14 Y-2.049 E0.02416
G1 X31.08 Y-2.791 E0.01811
G1 X31.08 Y-3.92 E0.02746
G1 X31.181 Y-3.92 E0.00246
G1 X31.605 Y-3.438 E0.01561
G1 X32.508 Y-2.261 E0.03608
G1 X33.411 Y-1.541 E0.02809
G1 X34.314 Y-1.337 E0.02252
G1 X35.217 Y-1.407 E0.02203
G1 X36.12 Y-1.653 E0.02276
G1 X37.023 Y-2.08 E0.02429
G1 X37.926 Y-2.761 E0.02751
G1 X38.829 Y-3.787 E0.03324
G1 X38.916 Y-3.9 E0.00347
G1 F3600 E-1
G0 F12000 X38.955 Y3.954
G0 X39.324 Y4.321
;TYPE:WALL-INNER
G1 F3600 E1
G1 F4800 X39.321 Y-4.325 E0.21028
G1 X30.675 Y-4.325 E0.21028
G1 X30.675 Y-2.779 E0.0376
G1 X30.735 Y-2.033 E0.0182
G1 X30.783 Y-1.033 E0.02435
G1 X30.799 Y0.011 E0.02539
G1 X30.783 Y1.029 E0.02476
G1 X30.735 Y2.029 E0.02435
G1 X30.675 Y2.787 E0.01849
G1 X30.675 Y4.325 E0.03741
G1 X39.324 Y4.321 E0.21036
G1 F3600 E-1
G0 F12000 X39.749 Y4.746
;TYPE:WALL-OUTER
G1 F3600 E1
G1 F2400 X39.746 Y-4.75 E0.23096
G1 X30.25 Y-4.75 E0.23096
G1 X30.25 Y-2.762 E0.04835
G1 X30.31 Y-2.012 E0.0183
G1 X30.358 Y-1.004 E0.02454
G1 X30.374 Y0.005 E0.02454
G1 X30.358 Y1.008 E0.0244
G1 X30.31 Y2.016 E0.02454
G1 X30.25 Y2.77 E0.0184
G1 X30.25 Y4.75 E0.04816
G1 X39.749 Y4.746 E0.23103
G0 F12000 X39.749 Y3.946
G0 X38.575 Y3.574
G1 F3600 E-1
;MESH:NONMESH
G0 F600 X38.575 Y3.574 Z12.13
G0 F12000 X30.605 Y1.015
G0 X-30.494 Y-2.775
G0 X-33.415 Y-3.918
;TIME_ELAPSED:355.209492
;LAYER:91
;TYPE:FILL
;MESH:bridge.stl
G1 F3600 E1
G1 F9600 X-34.314 Y-2.814 E0.03463
G1 X-35.217 Y-2.082 E0.02827
G1 X-36.12 Y-1.615 E0.02473
G1 X-37.023 Y-1.329 E0.02304
G1 X-37.926 Y-1.208 E0.02216
G1 X-38.829 Y-1.348 E0.02222
G1 X-38.918 Y-1.417 E0.00274
G1 X-38.916 Y3.194 E0.11215
G1 X-38.325 Y3.92 E0.02277
G1 F3600 E-1
G0 F12000 X-31.045 Y3.955
G0 X-30.675 Y4.325
;TYPE:WALL-INNER
G1 F3600 E1
G1 F4800 X-30.675 Y-4.324 E0.21036
G1 X-39.324 Y-4.321 E0.21036
G1 X-39.321 Y4.325 E0.21028
G1 X-30.675 Y4.325 E0.21028
G1 F3600 E-1
G0 F12000 X-30.25 Y4.75
;TYPE:WALL-OUTER
G1 F3600 E1
G1 F2400 X-30.25 Y-4.749 E0.23103
G1 X-39.749 Y-4.746 E0.23103
G1 X-39.746 Y4.75 E0.23096
G1 X-30.25 Y4.75 E0.23096
G0 F12000 X-30.25 Y3.95
G0 X-31.425 Y3.575
G1 F3600 E-1
G0 F12000 X-30.495 Y3.918
G0 X30.495 Y3.918
G0 X33.913 Y3.918
;TYPE:FILL
G1 F3600 E1
G1 F9600 X33.411 Y3.301 E0.01935
G1 X32.508 Y2.042 E0.03768
G1 X31.605 Y1.347 E0.02771
G1 X31.08 Y1.266 E0.01292
G1 X31.08 Y-3.92 E0.12613
G1 X31.102 Y-3.92 E0.00054
G1 X31.605 Y-3.302 E0.01938
G1 X32.508 Y-2.043 E0.03768
G1 X33.411 Y-1.348 E0.02771
G1 X34.314 Y-1.208 E0.02222
G1 X35.217 Y-1.329 E0.02216
G1 X36.12 Y-1.615 E0.02304
G1 X37.023 Y-2.082 E0.02473
G1 X37.926 Y-2.814 E0.02827
G1 X38.827 Y-3.92 E0.0347
G1 F3600 E-1
G0 F12000 X38.955 Y3.954
G0 X39.324 Y4.321
;TYPE:WALL-INNER
G1 F3600 E1
G1 F4800 X39.321 Y-4.325 E0.21028
G1 X30.675 Y-4.325 E0.21028
G1 X30.675 Y4.324 E0.21036
G1 X39.324 Y4.321 E0.21036
G1 F3600 E-1
G0 F12000 X39.749 Y4.746
;TYPE:WALL-OUTER
G1 F3600 E1
G1 F2400 X39.746 Y-4.75 E0.23096
G1 X30.25 Y-4.75 E0.23096
G1 X30.25 Y4.749 E0.23103
G1 X39.749 Y4.746 E0.23103
G0 F12000 X39.749 Y3.946
G0 X38.575 Y3.574
G1 F3600 E-1
;MESH:NONMESH
G0 F600 X38.575 Y3.574 Z12.26
G0 F12000 X30.495 Y-3.92
G0 X-30.495 Y-3.92
G0 X-33.524 Y-3.92
;TIME_ELAPSED:360.098647
;LAYER:92
;TYPE:FILL
;MESH:bridge.stl
G1 F3600 E1
G1 F9600 X-34.314 Y-2.866 E0.03204
G1 X-35.217 Y-2.079 E0.02913
G1 X-36.12 Y-1.572 E0.02519
G1 X-37.023 Y-1.245 E0.02336
G1 X-37.926 Y-1.07 E0.02237
G1 X-38.829 Y-1.134 E0.02202
G1 X-38.92 Y-1.2 E0.00273
G1 X-38.92 Y3.032 E0.10293
G1 X-38.254 Y3.92 E0.027
G1 F3600 E-1
G0 F12000 X-31.045 Y3.955
G0 X-30.675 Y4.325
;TYPE:WALL-INNER
G1 F3600 E1
G1 F4800 X-30.675 Y-4.325 E0.21038
G1 X-39.325 Y-4.325 E0.21038
G1 X-39.325 Y4.325 E0.21038
G1 X-30.675 Y4.325 E0.21038
G1 F3600 E-1
G0 F12000 X-30.25 Y4.75
;TYPE:WALL-OUTER
G1 F3600 E1
G1 F2400 X-30.25 Y-4.75 E0.23105
G1 X-39.75 Y-4.75 E0.23105
G1 X-39.75 Y4.75 E0.23105
G1 X-30.25 Y4.75 E0.23105
G0 F12000 X-30.25 Y3.95
G0 X-31.425 Y3.575
G1 F3600 E-1
G0 F12000 X-30.495 Y3.92
G0 X30.495 Y3.92
G0 X33.986 Y3.92
;TYPE:FILL
G1 F3600 E1
G1 F9600 X33.411 Y3.153 E0.02331
G1 X32.508 Y1.787 E0.03983
G1 X31.605 Y1.133 E0.02712
G1 X31.08 Y1.096 E0.0128
G1 X31.08 Y-3.855 E0.12042
G1 X31.605 Y-3.154 E0.0213
G1 X32.508 Y-1.788 E0.03983
G1 X33.411 Y-1.134 E0.02712
G1 X34.314 Y-1.07 E0.02202
G1 X35.217 Y-1.245 E0.02237
G1 X36.12 Y-1.572 E0.02336
G1 X37.023 Y-2.079 E0.02519
G1 X37.926 Y-2.866 E0.02913
G1 X38.716 Y-3.92 E0.03204
G1 F3600 E-1
G0 F12000 X38.955 Y3.955
G0 X39.325 Y4.325
;TYPE:WALL-INNER
G1 F3600 E1
G1 F4800 X39.325 Y-4.325 E0.21038
G1 X30.675 Y-4.325 E0.21038
G1 X30.675 Y4.325 E0.21038
G1 X39.325 Y4.325 E0.21038
G1 F3600 E-1
G0 F12000 X39.75 Y4.75
;TYPE:WALL-OUTER
G1 F3600 E1
G1 F2400 X39.75 Y-4.75 E0.23105
G1 X30.25 Y-4.75 E0.23105
G1 X30.25 Y4.75 E0.23105
G1 X39.75 Y4.75 E0.23105
G0 F12000 X39.75 Y3.95
G0 X38.575 Y3.575
G1 F3600 E-1
;MESH:NONMESH
G0 F600 X38.575 Y3.575 Z12.39
G0 F12000 X30.495 Y-3.92
G0 X-30.495 Y-3.92
G0 X-33.628 Y-3.92
;TIME_ELAPSED:364.994718
;LAYER:93
;TYPE:FILL
;MESH:bridge.stl
G1 F3600 E1
G1 F9600 X-34.314 Y-2.916 E0.02957
G1 X-35.217 Y-2.071 E0.03008
G1 X-36.12 Y-1.524 E0.02568
G1 X-37.023 Y-1.155 E0.02373
G1 X-37.926 Y-.923 E0.02268
G1 X-38.829 Y-.891 E0.02198
G1 X-38.92 Y-.95 E0.00264
G1 X-38.92 Y2.854 E0.09252
G1 X-38.191 Y3.92 E0.03141
G1 F3600 E-1
G0 F12000 X-31.045 Y3.955
G0 X-30.675 Y4.325
;TYPE:WALL-INNER
G1 F3600 E1
G1 F4800 X-30.675 Y-4.325 E0.21038
G1 X-39.325 Y-4.325 E0.21038
G1 X-39.325 Y4.325 E0.21038
G1 X-30.675 Y4.325 E0.21038
G1 F3600 E-1
G0 F12000 X-30.25 Y4.75
;TYPE:WALL-OUTER
G1 F3600 E1
G1 F2400 X-30.25 Y-4.75 E0.23105
G1 X-39.75 Y-4.75 E0.23105
G1 X-39.75 Y4.75 E0.23105
G1 X-30.25 Y4.75 E0.23105
G0 F12000 X-30.25 Y3.95
G0 X-31.425 Y3.575
G1 F3600 E-1
G0 F12000 X-30.495 Y3.92
G0 X30.495 Y3.92
G0 X34.049 Y3.92
;TYPE:FILL
G1 F3600 E1
G1 F9600 X33.411 Y2.987 E0.02749
G1 X32.508 Y1.472 E0.0429
G1 X31.605 Y0.89 E0.02613
G1 X31.08 Y0.909 E0.01278
G1 X31.08 Y-3.756 E0.11346
G1 X31.605 Y-2.988 E0.02263
G1 X32.508 Y-1.473 E0.0429
G1 X33.411 Y-.891 E0.02613
G1 X34.314 Y-.923 E0.02198
G1 X35.217 Y-1.155 E0.02268
G1 X36.12 Y-1.524 E0.02373
G1 X37.023 Y-2.071 E0.02568
G1 X37.926 Y-2.916 E0.03008
G1 X38.612 Y-3.92 E0.02957
G1 F3600 E-1
G0 F12000 X38.955 Y3.955
G0 X39.325 Y4.325
;TYPE:WALL-INNER
G1 F3600 E1
G1 F4800 X39.325 Y-4.325 E0.21038
G1 X30.675 Y-4.325 E0.21038
G1 X30.675 Y4.325 E0.21038
G1 X39.325 Y4.325 E0.21038
G1 F3600 E-1
G0 F12000 X39.75 Y4.75
;TYPE:WALL-OUTER
G1 F3600 E1
G1 F2400 X39.75 Y-4.75 E0.23105
G1 X30.25 Y-4.75 E0.23105
G1 X30.25 Y4.75 E0.23105
G1 X39.75 Y4.75 E0.23105
G0 F12000 X39.75 Y3.95
G0 X38.575 Y3.575
G1 F3600 E-1
;MESH:NONMESH
G0 F600 X38.575 Y3.575 Z12.52
G0 F12000 X30.495 Y-3.92
G0 X-30.495 Y-3.92
G0 X-33.726 Y-3.92
;TIME_ELAPSED:369.894531
;LAYER:94
;TYPE:FILL
;MESH:bridge.stl
G1 F3600 E1
G1 F9600 X-34.314 Y-2.965 E0.02728
G1 X-35.217 Y-2.059 E0.03111
G1 X-36.12 Y-1.471 E0.02621
G1 X-37.023 Y-1.059 E0.02414
G1 X-37.926 Y-.763 E0.02311
G1 X-38.829 Y-.609 E0.02228
G1 X-38.92 Y-.653 E0.00246
G1 X-38.92 Y2.645 E0.08021
G1 X-38.135 Y3.92 E0.03642
G1 F3600 E-1
G0 F12000 X-31.045 Y3.955
G0 X-30.675 Y4.325
;TYPE:WALL-INNER
G1 F3600 E1
G1 F4800 X-30.675 Y-4.325 E0.21038
G1 X-39.325 Y-4.325 E0.21038
G1 X-39.325 Y4.325 E0.21038
G1 X-30.675 Y4.325 E0.21038
G1 F3600 E-1
G0 F12000 X-30.25 Y4.75
;TYPE:WALL-OUTER
G1 F3600 E1
G1 F2400 X-30.25 Y-4.75 E0.23105
G1 X-39.75 Y-4.75 E0.23105
G1 X-39.75 Y4.75 E0.23105
G1 X-30.25 Y4.75 E0.23105
G0 F12000 X-30.25 Y3.95
G0 X-31.425 Y3.575
G1 F3600 E-1
G0 F12000 X-30.495 Y3.92
G0 X30.495 Y3.92
G0 X34.105 Y3.92
;TYPE:FILL
G1 F3600 E1
G1 F9600 X33.411 Y2.793 E0.03219
G1 X32.508 Y1.041 E0.04794
G1 X31.605 Y0.608 E0.02436
G1 X31.08 Y0.698 E0.01296
G1 X31.08 Y-3.646 E0.10565
G1 X31.605 Y-2.794 E0.02434
G1 X32.508 Y-1.042 E0.04794
G1 X33.411 Y-.609 E0.02436
G1 X34.314 Y-.763 E0.02228
G1 X35.217 Y-1.059 E0.02311
G1 X36.12 Y-1.471 E0.02414
G1 X37.023 Y-2.059 E0.02621
G1 X37.926 Y-2.965 E0.03111
G1 X38.514 Y-3.92 E0.02728
G1 F3600 E-1
G0 F12000 X38.955 Y3.955
G0 X39.325 Y4.325
;TYPE:WALL-INNER
G1 F3600 E1
G1 F4800 X39.325 Y-4.325 E0.21038
G1 X30.675 Y-4.325 E0.21038
G1 X30.675 Y4.325 E0.21038
G1 X39.325 Y4.325 E0.21038
G1 F3600 E-1
G0 F12000 X39.75 Y4.75
;TYPE:WALL-OUTER
G1 F3600 E1
G1 F2400 X39.75 Y-4.75 E0.23105
G1 X30.25 Y-4.75 E0.23105
G1 X30.25 Y4.75 E0.23105
G1 X39.75 Y4.75 E0.23105
G0 F12000 X39.75 Y3.95
G0 X38.575 Y3.575
G1 F3600 E-1
;MESH:NONMESH
G0 F600 X38.575 Y3.575 Z12.65
G0 F12000 X30.495 Y3.6
G0 X-30.495 Y3.6
G0 X-31.08 Y3.6
;TIME_ELAPSED:374.736224
;LAYER:95
;TYPE:FILL
;MESH:bridge.stl
G1 F3600 E1
G1 F9600 X-31.242 Y3.92 E0.00872
G1 X-38.099 Y3.92 E0.16677
G1 X-38.312 Y3.612 E0.00911
G1 X-38.763 Y2.709 E0.02455
G1 X-38.92 Y2.311 E0.01041
G1 X-38.92 Y-.211 E0.06134
G1 X-37.144 Y-.903 E0.04636
G1 X-35.515 Y-1.806 E0.0453
G1 X-34.551 Y-2.709 E0.03213
G1 X-33.927 Y-3.612 E0.0267
G1 X-33.773 Y-3.92 E0.00838
G1 F3600 E-1
G0 F12000 X-31.045 Y3.955
G0 X-30.675 Y4.325
;TYPE:WALL-INNER
G1 F3600 E1
G1 F4800 X-30.675 Y-4.325 E0.21038
G1 X-39.325 Y-4.325 E0.21038
G1 X-39.325 Y4.325 E0.21038
G1 X-30.675 Y4.325 E0.21038
G1 F3600 E-1
G0 F12000 X-30.25 Y4.75
;TYPE:WALL-OUTER
G1 F3600 E1
G1 F2400 X-30.25 Y-4.75 E0.23105
G1 X-39.75 Y-4.75 E0.23105
G1 X-39.75 Y4.75 E0.23105
G1 X-30.25 Y4.75 E0.23105
G0 F12000 X-30.25 Y3.95
G0 X-31.425 Y3.575
G1 F3600 E-1
G0 F12000 X-30.495 Y-3.625
G0 X30.495 Y-3.625
G0 X31.08 Y-3.625
;TYPE:FILL
G1 F3600 E1
G1 F9600 X31.54 Y-2.709 E0.02493
G1 X31.896 Y-1.806 E0.02361
G1 X32.195 Y-.903 E0.02313
G1 X32.238 Y0.00 E0.02199
G1 X31.08 Y0.451 E0.03022
G1 X31.08 Y3.92 E0.08437
G1 X34.141 Y3.92 E0.07445
G1 X33.928 Y3.612 E0.00911
G1 X33.477 Y2.709 E0.02455
G1 X33.121 Y1.806 E0.02361
G1 X32.822 Y0.903 E0.02313
G1 X32.779 Y0.00 E0.02199
G1 X35.096 Y-.903 E0.06048
G1 X36.725 Y-1.806 E0.0453
G1 X37.689 Y-2.709 E0.03213
G1 X38.313 Y-3.612 E0.0267
G1 X38.467 Y-3.92 E0.00838
G1 F3600 E-1
G0 F12000 X38.955 Y3.955
G0 X39.325 Y4.325
;TYPE:WALL-INNER
G1 F3600 E1
G1 F4800 X39.325 Y-4.325 E0.21038
G1 X30.675 Y-4.325 E0.21038
G1 X30.675 Y4.325 E0.21038
G1 X39.325 Y4.325 E0.21038
G1 F3600 E-1
G0 F12000 X39.75 Y4.75
;TYPE:WALL-OUTER
G1 F3600 E1
G1 F2400 X39.75 Y-4.75 E0.23105
G1 X30.25 Y-4.75 E0.23105
G1 X30.25 Y4.75 E0.23105
G1 X39.75 Y4.75 E0.23105
G0 F12000 X39.75 Y3.95
G0 X38.575 Y3.575
G1 F3600 E-1
;MESH:NONMESH
G0 F600 X38.575 Y3.575 Z12.78
G0 F12000 X30.495 Y-3.92
G0 X-30.495 Y-3.92
G0 X-33.846 Y-3.92
;TIME_ELAPSED:379.823233
;LAYER:96
;TYPE:FILL
;MESH:bridge.stl
G1 F3600 E1
G1 F9600 X-33.985 Y-3.612 E0.00822
G1 X-34.568 Y-2.709 E0.02614
G1 X-35.466 Y-1.806 E0.03097
G1 X-36.912 Y-.903 E0.04146
G1 X-38.626 Y0.00 E0.04712
G1 X-38.92 Y0.577 E0.01575
G1 X-38.92 Y1.894 E0.03203
G1 X-38.661 Y2.709 E0.0208
G1 X-38.254 Y3.612 E0.02409
G1 X-38.055 Y3.92 E0.00892
G1 F3600 E-1
G0 F12000 X-31.045 Y3.955
G0 X-30.675 Y4.325
;TYPE:WALL-INNER
G1 F3600 E1
G1 F4800 X-30.675 Y-4.325 E0.21038
G1 X-39.325 Y-4.325 E0.21038
G1 X-39.325 Y4.325 E0.21038
G1 X-30.675 Y4.325 E0.21038
G1 F3600 E-1
G0 F12000 X-30.25 Y4.75
;TYPE:WALL-OUTER
G1 F3600 E1
G1 F2400 X-30.25 Y-4.75 E0.23105
G1 X-39.75 Y-4.75 E0.23105
G1 X-39.75 Y4.75 E0.23105
G1 X-30.25 Y4.75 E0.23105
G0 F12000 X-30.25 Y3.95
G0 X-31.425 Y3.575
G1 F3600 E-1
G0 F12000 X-30.495 Y-3.503
G0 X30.495 Y-3.503
G0 X31.08 Y-3.503
;TYPE:FILL
G1 F3600 E1
G1 F9600 X31.438 Y-2.709 E0.02118
G1 X31.725 Y-1.806 E0.02304
G1 X31.863 Y-.903 E0.02222
G1 X31.403 Y0.00 E0.02465
G1 X31.08 Y0.17 E0.00888
G1 X31.08 Y3.92 E0.09121
G1 X34.185 Y3.92 E0.07552
G1 X33.986 Y3.612 E0.00892
G1 X33.579 Y2.709 E0.02409
G1 X33.292 Y1.806 E0.02304
G1 X33.154 Y0.903 E0.02222
G1 X33.614 Y0.00 E0.02465
G1 X35.328 Y-.903 E0.04712
G1 X36.774 Y-1.806 E0.04146
G1 X37.672 Y-2.709 E0.03097
G1 X38.255 Y-3.612 E0.02614
G1 X38.394 Y-3.92 E0.00822
G1 F3600 E-1
G0 F12000 X38.955 Y3.955
G0 X39.325 Y4.325
;TYPE:WALL-INNER
G1 F3600 E1
G1 F4800 X39.325 Y-4.325 E0.21038
G1 X30.675 Y-4.325 E0.21038
G1 X30.675 Y4.325 E0.21038
G1 X39.325 Y4.325 E0.21038
G1 F3600 E-1
G0 F12000 X39.75 Y4.75
;TYPE:WALL-OUTER
G1 F3600 E1
G1 F2400 X39.75 Y-4.75 E0.23105
G1 X30.25 Y-4.75 E0.23105
G1 X30.25 Y4.75 E0.23105
G1 X39.75 Y4.75 E0.23105
G0 F12000 X39.75 Y3.95
G0 X38.575 Y3.575
G1 F3600 E-1
;MESH:NONMESH
G0 F600 X38.575 Y3.575 Z12.91
G0 F12000 X30.495 Y-3.92
G0 X-30.495 Y-3.92
G0 X-33.913 Y-3.92
;TIME_ELAPSED:384.802804
;LAYER:97
;TYPE:FILL
;MESH:bridge.stl
G1 F3600 E1
G1 F9600 X-34.037 Y-3.612 E0.00808
G1 X-34.579 Y-2.709 E0.02561
G1 X-35.417 Y-1.806 E0.02996
G1 X-36.722 Y-.903 E0.0386
G1 X-38.215 Y0.00 E0.04244
G1 X-38.809 Y0.903 E0.02629
G1 X-38.791 Y1.806 E0.02197
G1 X-38.566 Y2.709 E0.02263
G1 X-38.202 Y3.612 E0.02368
G1 X-38.017 Y3.92 E0.00874
G1 F3600 E-1
G0 F12000 X-31.045 Y3.955
G0 X-30.675 Y4.325
;TYPE:WALL-INNER
G1 F3600 E1
G1 F4800 X-30.675 Y-4.325 E0.21038
G1 X-39.325 Y-4.325 E0.21038
G1 X-39.325 Y4.325 E0.21038
G1 X-30.675 Y4.325 E0.21038
G1 F3600 E-1
G0 F12000 X-30.25 Y4.75
;TYPE:WALL-OUTER
G1 F3600 E1
G1 F2400 X-30.25 Y-4.75 E0.23105
G1 X-39.75 Y-4.75 E0.23105
G1 X-39.75 Y4.75 E0.23105
G1 X-30.25 Y4.75 E0.23105
G0 F12000 X-30.25 Y3.95
G0 X-31.425 Y3.575
G1 F3600 E-1
G0 F12000 X-30.495 Y-3.361
G0 X30.495 Y-3.361
G0 X31.08 Y-3.361
;TYPE:FILL
G1 F3600 E1
G1 F9600 X31.343 Y-2.709 E0.0171
G1 X31.568 Y-1.806 E0.02263
G1 X31.586 Y-.903 E0.02197
G1 X31.08 Y-.134 E0.02239
G1 X31.08 Y3.92 E0.0986
G1 X34.223 Y3.92 E0.07644
G1 X34.038 Y3.612 E0.00874
G1 X33.674 Y2.709 E0.02368
G1 X33.449 Y1.806 E0.02263
G1 X33.431 Y0.903 E0.02197
G1 X34.025 Y0.00 E0.02629
G1 X35.518 Y-.903 E0.04244
G1 X36.823 Y-1.806 E0.0386
G1 X37.661 Y-2.709 E0.02996
G1 X38.203 Y-3.612 E0.02561
G1 X38.327 Y-3.92 E0.00808
G1 F3600 E-1
G0 F12000 X38.955 Y3.955
G0 X39.325 Y4.325
;TYPE:WALL-INNER
G1 F3600 E1
G1 F4800 X39.325 Y-4.325 E0.21038
G1 X30.675 Y-4.325 E0.21038
G1 X30.675 Y4.325 E0.21038
G1 X39.325 Y4.325 E0.21038
G1 F3600 E-1
G0 F12000 X39.75 Y4.75
;TYPE:WALL-OUTER
G1 F3600 E1
G1 F2400 X39.75 Y-4.75 E0.23105
G1 X30.25 Y-4.75 E0.23105
G1 X30.25 Y4.75 E0.23105
G1 X39.75 Y4.75 E0.23105
G0 F12000 X39.75 Y3.95
G0 X38.575 Y3.575
G1 F3600 E-1
;MESH:NONMESH
G0 F600 X38.575 Y3.575 Z13.04
G0 F12000 X30.495 Y-3.92
G0 X-30.495 Y-3.92
G0 X-33.975 Y-3.92
;TIME_ELAPSED:389.754667
;LAYER:98
;TYPE:FILL
;MESH:bridge.stl
G1 F3600 E1
G1 F9600 X-34.085 Y-3.612 E0.00795
G1 X-34.586 Y-2.709 E0.02512
G1 X-35.367 Y-1.806 E0.02904
G1 X-36.559 Y-.903 E0.03637
G1 X-37.91 Y0.00 E0.03952
G1 X-38.57 Y0.903 E0.0272
G1 X-38.644 Y1.806 E0.02204
G1 X-38.477 Y2.709 E0.02233
G1 X-38.154 Y3.612 E0.02333
G1 X-37.983 Y3.92 E0.00857
G1 F3600 E-1
G0 F12000 X-31.045 Y3.955
G0 X-30.675 Y4.325
;TYPE:WALL-INNER
G1 F3600 E1
G1 F4800 X-30.675 Y-4.325 E0.21038
G1 X-39.325 Y-4.325 E0.21038
G1 X-39.325 Y4.325 E0.21038
G1 X-30.675 Y4.325 E0.21038
G1 F3600 E-1
G0 F12000 X-30.25 Y4.75
;TYPE:WALL-OUTER
G1 F3600 E1
G1 F2400 X-30.25 Y-4.75 E0.23105
G1 X-39.75 Y-4.75 E0.23105
G1 X-39.75 Y4.75 E0.23105
G1 X-30.25 Y4.75 E0.23105
G0 F12000 X-30.25 Y3.95
G0 X-31.425 Y3.575
G1 F3600 E-1
G0 F12000 X-30.495 Y-3.195
G0 X30.495 Y-3.195
G0 X31.08 Y-3.195
;TYPE:FILL
G1 F3600 E1
G1 F9600 X31.254 Y-2.709 E0.01255
G1 X31.421 Y-1.806 E0.02233
G1 X31.347 Y-.903 E0.02204
G1 X31.08 Y-.538 E0.011
G1 X31.08 Y3.92 E0.10843
G1 X34.257 Y3.92 E0.07727
G1 X34.086 Y3.612 E0.00857
G1 X33.763 Y2.709 E0.02333
G1 X33.596 Y1.806 E0.02233
G1 X33.67 Y0.903 E0.02204
G1 X34.33 Y0.00 E0.0272
G1 X35.681 Y-.903 E0.03952
G1 X36.873 Y-1.806 E0.03637
G1 X37.654 Y-2.709 E0.02904
G1 X38.155 Y-3.612 E0.02512
G1 X38.265 Y-3.92 E0.00795
G1 F3600 E-1
G0 F12000 X38.955 Y3.955
G0 X39.325 Y4.325
;TYPE:WALL-INNER
G1 F3600 E1
G1 F4800 X39.325 Y-4.325 E0.21038
G1 X30.675 Y-4.325 E0.21038
G1 X30.675 Y4.325 E0.21038
G1 X39.325 Y4.325 E0.21038
G1 F3600 E-1
G0 F12000 X39.75 Y4.75
;TYPE:WALL-OUTER
G1 F3600 E1
G1 F2400 X39.75 Y-4.75 E0.23105
G1 X30.25 Y-4.75 E0.23105
G1 X30.25 Y4.75 E0.23105
G1 X39.75 Y4.75 E0.23105
G0 F12000 X39.75 Y3.95
G0 X38.575 Y3.575
G1 F3600 E-1
;MESH:NONMESH
G0 F600 X38.575 Y3.575 Z13.17
G0 F12000 X30.495 Y-3.92
G0 X-30.495 Y-3.92
G0 X-34.031 Y-3.92
;TIME_ELAPSED:394.689695
;LAYER:99
;TYPE:FILL
;MESH:bridge.stl
G1 F3600 E1
G1 F9600 X-34.127 Y-3.612 E0.00785
G1 X-34.589 Y-2.709 E0.02467
G1 X-35.315 Y-1.806 E0.02818
G1 X-36.412 Y-.903 E0.03456
G1 X-37.66 Y0.00 E0.03747
G1 X-38.359 Y0.903 E0.02777
G1 X-38.507 Y1.806 E0.02226
G1 X-38.393 Y2.709 E0.02214
G1 X-38.112 Y3.612 E0.023
G1 X-37.954 Y3.92 E0.00842
G1 F3600 E-1
G0 F12000 X-31.045 Y3.955
G0 X-30.675 Y4.325
;TYPE:WALL-INNER
G1 F3600 E1
G1 F4800 X-30.675 Y-4.325 E0.21038
G1 X-39.325 Y-4.325 E0.21038
G1 X-39.325 Y4.325 E0.21038
G1 X-30.675 Y4.325 E0.21038
G1 F3600 E-1
G0 F12000 X-30.25 Y4.75
;TYPE:WALL-OUTER
G1 F3600 E1
G1 F2400 X-30.25 Y-4.75 E0.23105
G1 X-39.75 Y-4.75 E0.23105
G1 X-39.75 Y4.75 E0.23105
G1 X-30.25 Y4.75 E0.23105
G0 F12000 X-30.25 Y3.95
G0 X-31.425 Y3.575
G1 F3600 E-1
G0 F12000 X-30.495 Y-2.998
G0 X30.495 Y-2.998
G0 X31.08 Y-2.998
;TYPE:FILL
G1 F3600 E1
G1 F9600 X31.17 Y-2.709 E0.00736
G1 X31.284 Y-1.806 E0.02214
G1 X31.136 Y-.903 E0.02226
G1 X31.08 Y-.831 E0.00222
G1 X31.08 Y3.92 E0.11555
G1 X34.286 Y3.92 E0.07797
G1 X34.128 Y3.612 E0.00842
G1 X33.847 Y2.709 E0.023
G1 X33.733 Y1.806 E0.02214
G1 X33.881 Y0.903 E0.02226
G1 X34.58 Y0.00 E0.02777
G1 X35.828 Y-.903 E0.03747
G1 X36.925 Y-1.806 E0.03456
G1 X37.651 Y-2.709 E0.02818
G1 X38.113 Y-3.612 E0.02467
G1 X38.209 Y-3.92 E0.00785
G1 F3600 E-1
G0 F12000 X38.955 Y3.955
G0 X39.325 Y4.325
;TYPE:WALL-INNER
G1 F3600 E1
G1 F4800 X39.325 Y-4.325 E0.21038
G1 X30.675 Y-4.325 E0.21038
G1 X30.675 Y4.325 E0.21038
G1 X39.325 Y4.325 E0.21038
G1 F3600 E-1
G0 F12000 X39.75 Y4.75
;TYPE:WALL-OUTER
G1 F3600 E1
G1 F2400 X39.75 Y-4.75 E0.23105
G1 X30.25 Y-4.75 E0.23105
G1 X30.25 Y4.75 E0.23105
G1 X39.75 Y4.75 E0.23105
G0 F12000 X39.75 Y3.95
G0 X38.575 Y3.575
G1 F3600 E-1
;MESH:NONMESH
G0 F600 X38.575 Y3.575 Z13.3
G0 F12000 X30.495 Y-3.92
G0 X-30.495 Y-3.92
G0 X-34.082 Y-3.92
;TIME_ELAPSED:399.606652
;LAYER:100
;TYPE:FILL
;MESH:bridge.stl
G1 F3600 E1
G1 F9600 X-34.164 Y-3.612 E0.00775
G1 X-34.587 Y-2.709 E0.02425
G1 X-35.262 Y-1.806 E0.02742
G1 X-36.278 Y-.903 E0.03306
G1 X-37.446 Y0.00 E0.03591
G1 X-38.169 Y0.903 E0.02813
G1 X-38.38 Y1.806 E0.02255
G1 X-38.316 Y2.709 E0.02202
G1 X-38.075 Y3.612 E0.02273
G1 X-37.931 Y3.92 E0.00827
G1 F3600 E-1
G0 F12000 X-31.045 Y3.955
G0 X-30.675 Y4.325
;TYPE:WALL-INNER
G1 F3600 E1
G1 F4800 X-30.675 Y-4.325 E0.21038
G1 X-39.325 Y-4.325 E0.21038
G1 X-39.325 Y4.325 E0.21038
G1 X-30.675 Y4.325 E0.21038
G1 F3600 E-1
G0 F12000 X-30.25 Y4.75
;TYPE:WALL-OUTER
G1 F3600 E1
G1 F2400 X-30.25 Y-4.75 E0.23105
G1 X-39.75 Y-4.75 E0.23105
G1 X-39.75 Y4.75 E0.23105
G1 X-30.25 Y4.75 E0.23105
G0 F12000 X-30.25 Y3.95
G0 X-31.425 Y3.575
G1 F3600 E-1
G0 F12000 X-30.495 Y-2.758
G0 X30.495 Y-2.758
G0 X31.08 Y-2.758
;TYPE:FILL
G1 F3600 E1
G1 F9600 X31.093 Y-2.709 E0.00123
G1 X31.157 Y-1.806 E0.02202
G1 X31.08 Y-1.476 E0.00824
G1 X31.08 Y3.92 E0.13124
G1 X34.309 Y3.92 E0.07853
G1 X34.165 Y3.612 E0.00827
G1 X33.924 Y2.709 E0.02273
G1 X33.86 Y1.806 E0.02202
G1 X34.071 Y0.903 E0.02255
G1 X34.794 Y0.00 E0.02813
G1 X35.962 Y-.903 E0.03591
G1 X36.978 Y-1.806 E0.03306
G1 X37.653 Y-2.709 E0.02742
G1 X38.076 Y-3.612 E0.02425
G1 X38.158 Y-3.92 E0.00775
G1 F3600 E-1
G0 F12000 X38.955 Y3.955
G0 X39.325 Y4.325
;TYPE:WALL-INNER
G1 F3600 E1
G1 F4800 X39.325 Y-4.325 E0.21038
G1 X30.675 Y-4.325 E0.21038
G1 X30.675 Y4.325 E0.21038
G1 X39.325 Y4.325 E0.21038
G1 F3600 E-1
G0 F12000 X39.75 Y4.75
;TYPE:WALL-OUTER
G1 F3600 E1
G1 F2400 X39.75 Y-4.75 E0.23105
G1 X30.25 Y-4.75 E0.23105
G1 X30.25 Y4.75 E0.23105
G1 X39.75 Y4.75 E0.23105
G0 F12000 X39.75 Y3.95
G0 X38.575 Y3.575
G1 F3600 E-1
;MESH:NONMESH
G0 F600 X38.575 Y3.575 Z13.43
G0 F12000 X30.495 Y-3.92
G0 X-30.495 Y-3.92
G0 X-34.128 Y-3.92
;TIME_ELAPSED:404.494525
;LAYER:101
;TYPE:FILL
;MESH:bridge.stl
G1 F3600 E1
G1 F9600 X-34.197 Y-3.612 E0.00768
G1 X-34.58 Y-2.709 E0.02386
G1 X-35.207 Y-1.806 E0.02674
G1 X-36.153 Y-.903 E0.03181
G1 X-37.255 Y0.00 E0.03465
G1 X-37.995 Y0.903 E0.02839
G1 X-38.261 Y1.806 E0.0229
G1 X-38.244 Y2.709 E0.02197
G1 X-38.042 Y3.612 E0.02251
G1 X-37.911 Y3.92 E0.00814
G1 F3600 E-1
G0 F12000 X-31.045 Y3.955
G0 X-30.675 Y4.325
;TYPE:WALL-INNER
G1 F3600 E1
G1 F4800 X-30.675 Y-4.325 E0.21038
G1 X-39.325 Y-4.325 E0.21038
G1 X-39.325 Y4.325 E0.21038
G1 X-30.675 Y4.325 E0.21038
G1 F3600 E-1
G0 F12000 X-30.25 Y4.75
;TYPE:WALL-OUTER
G1 F3600 E1
G1 F2400 X-30.25 Y-4.75 E0.23105
G1 X-39.75 Y-4.75 E0.23105
G1 X-39.75 Y4.75 E0.23105
G1 X-30.25 Y4.75 E0.23105
G0 F12000 X-30.25 Y3.95
G0 X-31.425 Y3.575
G1 F3600 E-1
G0 F12000 X-30.495 Y3.92
G0 X30.495 Y3.92
G0 X34.329 Y3.92
;TYPE:FILL
G1 F3600 E1
G1 F9600 X34.198 Y3.612 E0.00814
G1 X33.996 Y2.709 E0.02251
G1 X33.979 Y1.806 E0.02197
G1 X34.245 Y0.903 E0.0229
G1 X34.985 Y0.00 E0.02839
G1 X36.087 Y-.903 E0.03465
G1 X37.033 Y-1.806 E0.03181
G1 X37.66 Y-2.709 E0.02674
G1 X38.043 Y-3.612 E0.02386
G1 X38.112 Y-3.92 E0.00768
G1 F3600 E-1
G0 F12000 X38.955 Y3.955
G0 X39.325 Y4.325
;TYPE:WALL-INNER
G1 F3600 E1
G1 F4800 X39.325 Y-4.325 E0.21038
G1 X30.675 Y-4.325 E0.21038
G1 X30.675 Y4.325 E0.21038
G1 X39.325 Y4.325 E0.21038
G1 F3600 E-1
G0 F12000 X39.75 Y4.75
;TYPE:WALL-OUTER
G1 F3600 E1
G1 F2400 X39.75 Y-4.75 E0.23105
G1 X30.25 Y-4.75 E0.23105
G1 X30.25 Y4.75 E0.23105
G1 X39.75 Y4.75 E0.23105
G0 F12000 X39.75 Y3.95
G0 X38.575 Y3.575
G1 F3600 E-1
;MESH:NONMESH
G0 F600 X38.575 Y3.575 Z13.56
G0 F12000 X30.495 Y-3.92
G0 X-30.495 Y-3.92
G0 X-34.17 Y-3.92
;TIME_ELAPSED:409.200106
;LAYER:102
;TYPE:FILL
;MESH:bridge.stl
G1 F3600 E1
G1 F9600 X-34.226 Y-3.612 E0.00761
G1 X-34.57 Y-2.709 E0.0235
G1 X-35.151 Y-1.806 E0.02612
G1 X-36.034 Y-.903 E0.03072
G1 X-37.082 Y0.00 E0.03365
G1 X-37.836 Y0.903 E0.02861
G1 X-38.149 Y1.806 E0.02324
G1 X-38.176 Y2.709 E0.02197
G1 X-38.013 Y3.612 E0.02232
G1 X-37.896 Y3.92 E0.00801
G1 F3600 E-1
G0 F12000 X-31.045 Y3.955
G0 X-30.675 Y4.325
;TYPE:WALL-INNER
G1 F3600 E1
G1 F4800 X-30.675 Y-4.325 E0.21038
G1 X-39.325 Y-4.325 E0.21038
G1 X-39.325 Y4.325 E0.21038
G1 X-30.675 Y4.325 E0.21038
G1 F3600 E-1
G0 F12000 X-30.25 Y4.75
;TYPE:WALL-OUTER
G1 F3600 E1
G1 F2400 X-30.25 Y-4.75 E0.23105
G1 X-39.75 Y-4.75 E0.23105
G1 X-39.75 Y4.75 E0.23105
G1 X-30.25 Y4.75 E0.23105
G0 F12000 X-30.25 Y3.95
G0 X-31.425 Y3.575
G1 F3600 E-1
G0 F12000 X-30.495 Y3.92
G0 X30.495 Y3.92
G0 X34.344 Y3.92
;TYPE:FILL
G1 F3600 E1
G1 F9600 X34.227 Y3.612 E0.00801
G1 X34.064 Y2.709 E0.02232
G1 X34.091 Y1.806 E0.02197
G1 X34.404 Y0.903 E0.02324
G1 X35.158 Y0.00 E0.02861
G1 X36.206 Y-.903 E0.03365
G1 X37.089 Y-1.806 E0.03072
G1 X37.67 Y-2.709 E0.02612
G1 X38.014 Y-3.612 E0.0235
G1 X38.07 Y-3.92 E0.00761
G1 F3600 E-1
G0 F12000 X38.955 Y3.955
G0 X39.325 Y4.325
;TYPE:WALL-INNER
G1 F3600 E1
G1 F4800 X39.325 Y-4.325 E0.21038
G1 X30.675 Y-4.325 E0.21038
G1 X30.675 Y4.325 E0.21038
G1 X39.325 Y4.325 E0.21038
G1 F3600 E-1
G0 F12000 X39.75 Y4.75
;TYPE:WALL-OUTER
G1 F3600 E1
G1 F2400 X39.75 Y-4.75 E0.23105
G1 X30.25 Y-4.75 E0.23105
G1 X30.25 Y4.75 E0.23105
G1 X39.75 Y4.75 E0.23105
G0 F12000 X39.75 Y3.95
G0 X38.575 Y3.575
G1 F3600 E-1
;MESH:NONMESH
G0 F600 X38.575 Y3.575 Z13.69
G0 F12000 X30.495 Y-3.92
G0 X-30.495 Y-3.92
G0 X-34.207 Y-3.92
;TIME_ELAPSED:413.900439
;LAYER:103
;TYPE:FILL
;MESH:bridge.stl
G1 F3600 E1
G1 F9600 X-34.25 Y-3.612 E0.00756
G1 X-34.557 Y-2.709 E0.0232
G1 X-35.092 Y-1.806 E0.02553
G1 X-35.92 Y-.903 E0.0298
G1 X-36.922 Y0.00 E0.03281
G1 X-37.687 Y0.903 E0.02878
G1 X-38.044 Y1.806 E0.02362
G1 X-38.114 Y2.709 E0.02203
G1 X-37.989 Y3.612 E0.02217
G1 X-37.884 Y3.92 E0.00791
G1 F3600 E-1
G0 F12000 X-31.045 Y3.955
G0 X-30.675 Y4.325
;TYPE:WALL-INNER
G1 F3600 E1
G1 F4800 X-30.675 Y-4.325 E0.21038
G1 X-39.325 Y-4.325 E0.21038
G1 X-39.325 Y4.325 E0.21038
G1 X-30.675 Y4.325 E0.21038
G1 F3600 E-1
G0 F12000 X-30.25 Y4.75
;TYPE:WALL-OUTER
G1 F3600 E1
G1 F2400 X-30.25 Y-4.75 E0.23105
G1 X-39.75 Y-4.75 E0.23105
G1 X-39.75 Y4.75 E0.23105
G1 X-30.25 Y4.75 E0.23105
G0 F12000 X-30.25 Y3.95
G0 X-31.425 Y3.575
G1 F3600 E-1
G0 F12000 X-30.495 Y3.92
G0 X30.495 Y3.92
G0 X34.356 Y3.92
;TYPE:FILL
G1 F3600 E1
G1 F9600 X34.251 Y3.612 E0.00791
G1 X34.126 Y2.709 E0.02217
G1 X34.196 Y1.806 E0.02203
G1 X34.553 Y0.903 E0.02362
G1 X35.318 Y0.00 E0.02878
G1 X36.32 Y-.903 E0.03281
G1 X37.148 Y-1.806 E0.0298
G1 X37.683 Y-2.709 E0.02553
G1 X37.99 Y-3.612 E0.0232
G1 X38.033 Y-3.92 E0.00756
G1 F3600 E-1
G0 F12000 X38.955 Y3.955
G0 X39.325 Y4.325
;TYPE:WALL-INNER
G1 F3600 E1
G1 F4800 X39.325 Y-4.325 E0.21038
G1 X30.675 Y-4.325 E0.21038
G1 X30.675 Y4.325 E0.21038
G1 X39.325 Y4.325 E0.21038
G1 F3600 E-1
G0 F12000 X39.75 Y4.75
;TYPE:WALL-OUTER
G1 F3600 E1
G1 F2400 X39.75 Y-4.75 E0.23105
G1 X30.25 Y-4.75 E0.23105
G1 X30.25 Y4.75 E0.23105
G1 X39.75 Y4.75 E0.23105
G0 F12000 X39.75 Y3.95
G0 X38.575 Y3.575
G1 F3600 E-1
;MESH:NONMESH
G0 F600 X38.575 Y3.575 Z13.82
G0 F12000 X30.495 Y-3.92
G0 X-30.495 Y-3.92
G0 X-34.24 Y-3.92
;TIME_ELAPSED:418.597033
;LAYER:104
;TYPE:FILL
;MESH:bridge.stl
G1 F3600 E1
G1 F9600 X-34.27 Y-3.612 E0.00753
G1 X-34.539 Y-2.709 E0.02292
G1 X-35.032 Y-1.806 E0.02502
G1 X-35.808 Y-.903 E0.02896
G1 X-36.772 Y0.00 E0.03213
G1 X-37.548 Y0.903 E0.02896
G1 X-37.945 Y1.806 E0.02399
G1 X-38.056 Y2.709 E0.02213
G1 X-37.969 Y3.612 E0.02206
G1 X-37.877 Y3.92 E0.00782
G1 F3600 E-1
G0 F12000 X-31.045 Y3.955
G0 X-30.675 Y4.325
;TYPE:WALL-INNER
G1 F3600 E1
G1 F4800 X-30.675 Y-4.325 E0.21038
G1 X-39.325 Y-4.325 E0.21038
G1 X-39.325 Y4.325 E0.21038
G1 X-30.675 Y4.325 E0.21038
G1 F3600 E-1
G0 F12000 X-30.25 Y4.75
;TYPE:WALL-OUTER
G1 F3600 E1
G1 F2400 X-30.25 Y-4.75 E0.23105
G1 X-39.75 Y-4.75 E0.23105
G1 X-39.75 Y4.75 E0.23105
G1 X-30.25 Y4.75 E0.23105
G0 F12000 X-30.25 Y3.95
G0 X-31.425 Y3.575
G1 F3600 E-1
G0 F12000 X-30.495 Y3.92
G0 X30.495 Y3.92
G0 X34.363 Y3.92
;TYPE:FILL
G1 F3600 E1
G1 F9600 X34.271 Y3.612 E0.00782
G1 X34.184 Y2.709 E0.02206
G1 X34.295 Y1.806 E0.02213
G1 X34.692 Y0.903 E0.02399
G1 X35.468 Y0.00 E0.02896
G1 X36.432 Y-.903 E0.03213
G1 X37.208 Y-1.806 E0.02896
G1 X37.701 Y-2.709 E0.02502
G1 X37.97 Y-3.612 E0.02292
G1 X38 Y-3.92 E0.00753
G1 F3600 E-1
G0 F12000 X38.955 Y3.955
G0 X39.325 Y4.325
;TYPE:WALL-INNER
G1 F3600 E1
G1 F4800 X39.325 Y-4.325 E0.21038
G1 X30.675 Y-4.325 E0.21038
G1 X30.675 Y4.325 E0.21038
G1 X39.325 Y4.325 E0.21038
G1 F3600 E-1
G0 F12000 X39.75 Y4.75
;TYPE:WALL-OUTER
G1 F3600 E1
G1 F2400 X39.75 Y-4.75 E0.23105
G1 X30.25 Y-4.75 E0.23105
G1 X30.25 Y4.75 E0.23105
G1 X39.75 Y4.75 E0.23105
G0 F12000 X39.75 Y3.95
G0 X38.575 Y3.575
G1 F3600 E-1
;MESH:NONMESH
G0 F600 X38.575 Y3.575 Z13.95
G0 F12000 X30.495 Y-3.92
G0 X-30.495 Y-3.92
G0 X-34.269 Y-3.92
;TIME_ELAPSED:423.290000
;LAYER:105
;TYPE:FILL
;MESH:bridge.stl
G1 F3600 E1
G1 F9600 X-34.286 Y-3.612 E0.0075
G1 X-34.518 Y-2.709 E0.02268
G1 X-34.969 Y-1.806 E0.02455
G1 X-35.699 Y-.903 E0.02824
G1 X-36.63 Y0.00 E0.03154
G1 X-37.416 Y0.903 E0.02912
G1 X-37.851 Y1.806 E0.02438
G1 X-38.002 Y2.709 E0.02227
G1 X-37.953 Y3.612 E0.02199
G1 X-37.874 Y3.92 E0.00773
G1 F3600 E-1
G0 F12000 X-31.045 Y3.955
G0 X-30.675 Y4.325
;TYPE:WALL-INNER
G1 F3600 E1
G1 F4800 X-30.675 Y-4.325 E0.21038
G1 X-39.325 Y-4.325 E0.21038
G1 X-39.325 Y4.325 E0.21038
G1 X-30.675 Y4.325 E0.21038
G1 F3600 E-1
G0 F12000 X-30.25 Y4.75
;TYPE:WALL-OUTER
G1 F3600 E1
G1 F2400 X-30.25 Y-4.75 E0.23105
G1 X-39.75 Y-4.75 E0.23105
G1 X-39.75 Y4.75 E0.23105
G1 X-30.25 Y4.75 E0.23105
G0 F12000 X-30.25 Y3.95
G0 X-31.425 Y3.575
G1 F3600 E-1
G0 F12000 X-30.495 Y3.92
G0 X30.495 Y3.92
G0 X34.366 Y3.92
;TYPE:FILL
G1 F3600 E1
G1 F9600 X34.287 Y3.612 E0.00773
G1 X34.238 Y2.709 E0.02199
G1 X34.389 Y1.806 E0.02227
G1 X34.824 Y0.903 E0.02438
G1 X35.61 Y0.00 E0.02912
G1 X36.541 Y-.903 E0.03154
G1 X37.271 Y-1.806 E0.02824
G1 X37.722 Y-2.709 E0.02455
G1 X37.954 Y-3.612 E0.02268
G1 X37.971 Y-3.92 E0.0075
G1 F3600 E-1
G0 F12000 X38.955 Y3.955
G0 X39.325 Y4.325
;TYPE:WALL-INNER
G1 F3600 E1
G1 F4800 X39.325 Y-4.325 E0.21038
G1 X30.675 Y-4.325 E0.21038
G1 X30.675 Y4.325 E0.21038
G1 X39.325 Y4.325 E0.21038
G1 F3600 E-1
G0 F12000 X39.75 Y4.75
;TYPE:WALL-OUTER
G1 F3600 E1
G1 F2400 X39.75 Y-4.75 E0.23105
G1 X30.25 Y-4.75 E0.23105
G1 X30.25 Y4.75 E0.23105
G1 X39.75 Y4.75 E0.23105
G0 F12000 X39.75 Y3.95
G0 X38.575 Y3.575
G1 F3600 E-1
;MESH:NONMESH
G0 F600 X38.575 Y3.575 Z14.08
G0 F12000 X30.495 Y-3.92
G0 X-30.495 Y-3.92
G0 X-34.295 Y-3.92
;TIME_ELAPSED:427.979737
;LAYER:106
;TYPE:FILL
;MESH:bridge.stl
G1 F3600 E1
G1 F9600 X-34.299 Y-3.612 E0.00749
G1 X-34.493 Y-2.709 E0.02246
G1 X-34.904 Y-1.806 E0.02413
G1 X-35.59 Y-.903 E0.02758
G1 X-36.492 Y0.00 E0.03104
G1 X-37.291 Y0.903 E0.02933
G1 X-37.762 Y1.806 E0.02477
G1 X-37.953 Y2.709 E0.02245
G1 X-37.94 Y3.612 E0.02196
G1 X-37.874 Y3.92 E0.00766
G1 F3600 E-1
G0 F12000 X-31.045 Y3.955
G0 X-30.675 Y4.325
;TYPE:WALL-INNER
G1 F3600 E1
G1 F4800 X-30.675 Y-4.325 E0.21038
G1 X-39.325 Y-4.325 E0.21038
G1 X-39.325 Y4.325 E0.21038
G1 X-30.675 Y4.325 E0.21038
G1 F3600 E-1
G0 F12000 X-30.25 Y4.75
;TYPE:WALL-OUTER
G1 F3600 E1
G1 F2400 X-30.25 Y-4.75 E0.23105
G1 X-39.75 Y-4.75 E0.23105
G1 X-39.75 Y4.75 E0.23105
G1 X-30.25 Y4.75 E0.23105
G0 F12000 X-30.25 Y3.95
G0 X-31.425 Y3.575
G1 F3600 E-1
G0 F12000 X-30.495 Y3.92
G0 X30.495 Y3.92
G0 X34.366 Y3.92
;TYPE:FILL
G1 F3600 E1
G1 F9600 X34.3 Y3.612 E0.00766
G1 X34.287 Y2.709 E0.02196
G1 X34.478 Y1.806 E0.02245
G1 X34.949 Y0.903 E0.02477
G1 X35.748 Y0.00 E0.02933
G1 X36.65 Y-.903 E0.03104
G1 X37.336 Y-1.806 E0.02758
G1 X37.747 Y-2.709 E0.02413
G1 X37.941 Y-3.612 E0.02246
G1 X37.945 Y-3.92 E0.00749
G1 F3600 E-1
G0 F12000 X38.955 Y3.955
G0 X39.325 Y4.325
;TYPE:WALL-INNER
G1 F3600 E1
G1 F4800 X39.325 Y-4.325 E0.21038
G1 X30.675 Y-4.325 E0.21038
G1 X30.675 Y4.325 E0.21038
G1 X39.325 Y4.325 E0.21038
G1 F3600 E-1
G0 F12000 X39.75 Y4.75
;TYPE:WALL-OUTER
G1 F3600 E1
G1 F2400 X39.75 Y-4.75 E0.23105
G1 X30.25 Y-4.75 E0.23105
G1 X30.25 Y4.75 E0.23105
G1 X39.75 Y4.75 E0.23105
G0 F12000 X39.75 Y3.95
G0 X38.575 Y3.575
G1 F3600 E-1
;MESH:NONMESH
G0 F600 X38.575 Y3.575 Z14.21
G0 F12000 X30.495 Y-3.92
G0 X-30.495 Y-3.92
G0 X-34.315 Y-3.92
;TIME_ELAPSED:432.666631
;LAYER:107
;TYPE:FILL
;MESH:bridge.stl
G1 F3600 E1
G1 F9600 X-34.307 Y-3.612 E0.00749
G1 X-34.465 Y-2.709 E0.0223
G1 X-34.836 Y-1.806 E0.02374
G1 X-35.481 Y-.903 E0.02699
G1 X-36.359 Y0.00 E0.03063
G1 X-37.17 Y0.903 E0.02952
G1 X-37.678 Y1.806 E0.0252
G1 X-37.908 Y2.709 E0.02266
G1 X-37.932 Y3.612 E0.02197
G1 X-37.878 Y3.92 E0.00761
G1 F3600 E-1
G0 F12000 X-31.045 Y3.955
G0 X-30.675 Y4.325
;TYPE:WALL-INNER
G1 F3600 E1
G1 F4800 X-30.675 Y-4.325 E0.21038
G1 X-39.325 Y-4.325 E0.21038
G1 X-39.325 Y4.325 E0.21038
G1 X-30.675 Y4.325 E0.21038
G1 F3600 E-1
G0 F12000 X-30.25 Y4.75
;TYPE:WALL-OUTER
G1 F3600 E1
G1 F2400 X-30.25 Y-4.75 E0.23105
G1 X-39.75 Y-4.75 E0.23105
G1 X-39.75 Y4.75 E0.23105
G1 X-30.25 Y4.75 E0.23105
G0 F12000 X-30.25 Y3.95
G0 X-31.425 Y3.575
G1 F3600 E-1
G0 F12000 X-30.495 Y3.92
G0 X30.495 Y3.92
G0 X34.362 Y3.92
;TYPE:FILL
G1 F3600 E1
G1 F9600 X34.308 Y3.612 E0.00761
G1 X34.332 Y2.709 E0.02197
G1 X34.562 Y1.806 E0.02266
G1 X35.07 Y0.903 E0.0252
G1 X35.881 Y0.00 E0.02952
G1 X36.759 Y-.903 E0.03063
G1 X37.404 Y-1.806 E0.02699
G1 X37.775 Y-2.709 E0.02374
G1 X37.933 Y-3.612 E0.0223
G1 X37.925 Y-3.92 E0.00749
G1 F3600 E-1
G0 F12000 X38.955 Y3.955
G0 X39.325 Y4.325
;TYPE:WALL-INNER
G1 F3600 E1
G1 F4800 X39.325 Y-4.325 E0.21038
G1 X30.675 Y-4.325 E0.21038
G1 X30.675 Y4.325 E0.21038
G1 X39.325 Y4.325 E0.21038
G1 F3600 E-1
G0 F12000 X39.75 Y4.75
;TYPE:WALL-OUTER
G1 F3600 E1
G1 F2400 X39.75 Y-4.75 E0.23105
G1 X30.25 Y-4.75 E0.23105
G1 X30.25 Y4.75 E0.23105
G1 X39.75 Y4.75 E0.23105
G0 F12000 X39.75 Y3.95
G0 X38.575 Y3.575
G1 F3600 E-1
;MESH:NONMESH
G0 F600 X38.575 Y3.575 Z14.34
G0 F12000 X30.495 Y-3.92
G0 X-30.495 Y-3.92
G0 X-34.333 Y-3.92
;TIME_ELAPSED:437.350845
;LAYER:108
;TYPE:FILL
;MESH:bridge.stl
G1 F3600 E1
G1 F9600 X-34.312 Y-3.612 E0.00751
G1 X-34.434 Y-2.709 E0.02216
G1 X-34.765 Y-1.806 E0.02339
G1 X-35.371 Y-.903 E0.02645
G1 X-36.228 Y0.00 E0.03028
G1 X-37.054 Y0.903 E0.02976
G1 X-37.598 Y1.806 E0.02564
G1 X-37.866 Y2.709 E0.02291
G1 X-37.927 Y3.612 E0.02201
G1 X-37.885 Y3.92 E0.00756
G1 F3600 E-1
G0 F12000 X-31.045 Y3.955
G0 X-30.675 Y4.325
;TYPE:WALL-INNER
G1 F3600 E1
G1 F4800 X-30.675 Y-4.325 E0.21038
G1 X-39.325 Y-4.325 E0.21038
G1 X-39.325 Y4.325 E0.21038
G1 X-30.675 Y4.325 E0.21038
G1 F3600 E-1
G0 F12000 X-30.25 Y4.75
;TYPE:WALL-OUTER
G1 F3600 E1
G1 F2400 X-30.25 Y-4.75 E0.23105
G1 X-39.75 Y-4.75 E0.23105
G1 X-39.75 Y4.75 E0.23105
G1 X-30.25 Y4.75 E0.23105
G0 F12000 X-30.25 Y3.95
G0 X-31.425 Y3.575
G1 F3600 E-1
G0 F12000 X-30.495 Y3.92
G0 X30.495 Y3.92
G0 X34.355 Y3.92
;TYPE:FILL
G1 F3600 E1
G1 F9600 X34.313 Y3.612 E0.00756
G1 X34.374 Y2.709 E0.02201
G1 X34.642 Y1.806 E0.02291
G1 X35.186 Y0.903 E0.02564
G1 X36.012 Y0.00 E0.02976
G1 X36.869 Y-.903 E0.03028
G1 X37.475 Y-1.806 E0.02645
G1 X37.806 Y-2.709 E0.02339
G1 X37.928 Y-3.612 E0.02216
G1 X37.907 Y-3.92 E0.00751
G1 F3600 E-1
G0 F12000 X38.955 Y3.955
G0 X39.325 Y4.325
;TYPE:WALL-INNER
G1 F3600 E1
G1 F4800 X39.325 Y-4.325 E0.21038
G1 X30.675 Y-4.325 E0.21038
G1 X30.675 Y4.325 E0.21038
G1 X39.325 Y4.325 E0.21038
G1 F3600 E-1
G0 F12000 X39.75 Y4.75
;TYPE:WALL-OUTER
G1 F3600 E1
G1 F2400 X39.75 Y-4.75 E0.23105
G1 X30.25 Y-4.75 E0.23105
G1 X30.25 Y4.75 E0.23105
G1 X39.75 Y4.75 E0.23105
G0 F12000 X39.75 Y3.95
G0 X38.575 Y3.575
G1 F3600 E-1
;MESH:NONMESH
G0 F600 X38.575 Y3.575 Z14.47
G0 F12000 X30.495 Y-3.92
G0 X-30.495 Y-3.92
G0 X-34.346 Y-3.92
;TIME_ELAPSED:442.033559
;LAYER:109
;TYPE:FILL
;MESH:bridge.stl
G1 F3600 E1
G1 F9600 X-34.313 Y-3.612 E0.00753
G1 X-34.398 Y-2.709 E0.02206
G1 X-34.691 Y-1.806 E0.02309
G1 X-35.26 Y-.903 E0.02596
G1 X-36.941 Y0.903 E0.06001
G1 X-37.522 Y1.806 E0.02612
G1 X-37.828 Y2.709 E0.02319
G1 X-37.926 Y3.612 E0.02209
G1 X-37.897 Y3.92 E0.00752
G1 F3600 E-1
G0 F12000 X-31.045 Y3.955
G0 X-30.675 Y4.325
;TYPE:WALL-INNER
G1 F3600 E1
G1 F4800 X-30.675 Y-4.325 E0.21038
G1 X-39.325 Y-4.325 E0.21038
G1 X-39.325 Y4.325 E0.21038
G1 X-30.675 Y4.325 E0.21038
G1 F3600 E-1
G0 F12000 X-30.25 Y4.75
;TYPE:WALL-OUTER
G1 F3600 E1
G1 F2400 X-30.25 Y-4.75 E0.23105
G1 X-39.75 Y-4.75 E0.23105
G1 X-39.75 Y4.75 E0.23105
G1 X-30.25 Y4.75 E0.23105
G0 F12000 X-30.25 Y3.95
G0 X-31.425 Y3.575
G1 F3600 E-1
G0 F12000 X-30.495 Y3.92
G0 X30.495 Y3.92
G0 X34.343 Y3.92
;TYPE:FILL
G1 F3600 E1
G1 F9600 X34.314 Y3.612 E0.00752
G1 X34.412 Y2.709 E0.02209
G1 X34.718 Y1.806 E0.02319
G1 X35.299 Y0.903 E0.02612
G1 X36.98 Y-.903 E0.06001
G1 X37.549 Y-1.806 E0.02596
G1 X37.842 Y-2.709 E0.02309
G1 X37.927 Y-3.612 E0.02206
G1 X37.894 Y-3.92 E0.00753
G1 F3600 E-1
G0 F12000 X38.955 Y3.955
G0 X39.325 Y4.325
;TYPE:WALL-INNER
G1 F3600 E1
G1 F4800 X39.325 Y-4.325 E0.21038
G1 X30.675 Y-4.325 E0.21038
G1 X30.675 Y4.325 E0.21038
G1 X39.325 Y4.325 E0.21038
G1 F3600 E-1
G0 F12000 X39.75 Y4.75
;TYPE:WALL-OUTER
G1 F3600 E1
G1 F2400 X39.75 Y-4.75 E0.23105
G1 X30.25 Y-4.75 E0.23105
G1 X30.25 Y4.75 E0.23105
G1 X39.75 Y4.75 E0.23105
G0 F12000 X39.75 Y3.95
G0 X38.575 Y3.575
G1 F3600 E-1
;MESH:NONMESH
G0 F600 X38.575 Y3.575 Z14.6
G0 F12000 X30.495 Y-3.92
G0 X-30.495 Y-3.92
G0 X-34.357 Y-3.92
;TIME_ELAPSED:446.715980
;LAYER:110
;TYPE:FILL
;MESH:bridge.stl
G1 F3600 E1
G1 F9600 X-34.311 Y-3.612 E0.00757
G1 X-34.359 Y-2.709 E0.02199
G1 X-34.614 Y-1.806 E0.02282
G1 X-35.146 Y-.903 E0.02549
G1 X-35.967 Y0.00 E0.02968
G1 X-36.83 Y0.903 E0.03038
G1 X-37.449 Y1.806 E0.02663
G1 X-37.794 Y2.709 E0.02351
G1 X-37.928 Y3.612 E0.0222
G1 X-37.912 Y3.919 E0.00748
G1 F3600 E-1
G0 F12000 X-31.045 Y3.954
G0 X-30.676 Y4.321
;TYPE:WALL-INNER
G1 F3600 E1
G1 F4800 X-30.676 Y-4.325 E0.21028
G1 X-39.325 Y-4.325 E0.21036
G1 X-39.325 Y4.324 E0.21036
G1 X-30.676 Y4.321 E0.21036
G1 F3600 E-1
G0 F12000 X-30.251 Y4.746
;TYPE:WALL-OUTER
G1 F3600 E1
G1 F2400 X-30.251 Y-4.75 E0.23096
G1 X-39.75 Y-4.75 E0.23103
G1 X-39.75 Y4.749 E0.23103
G1 X-30.251 Y4.746 E0.23103
G0 F12000 X-30.251 Y3.946
G0 X-31.425 Y3.574
G1 F3600 E-1
G0 F12000 X-30.476 Y3.927
G0 X30.495 Y3.927
G0 X34.328 Y3.92
;TYPE:FILL
G1 F3600 E1
G1 F9600 X34.312 Y3.612 E0.0075
G1 X34.446 Y2.709 E0.0222
G1 X34.791 Y1.806 E0.02351
G1 X35.41 Y0.903 E0.02663
G1 X36.273 Y0.00 E0.03038
G1 X37.094 Y-.903 E0.02968
G1 X37.626 Y-1.806 E0.02549
G1 X37.881 Y-2.709 E0.02282
G1 X37.929 Y-3.612 E0.02199
G1 X37.884 Y-3.919 E0.00755
G1 F3600 E-1
G0 F12000 X38.955 Y3.955
G0 X39.324 Y4.325
;TYPE:WALL-INNER
G1 F3600 E1
G1 F4800 X39.324 Y-4.324 E0.21036
G1 X30.675 Y-4.321 E0.21036
G1 X30.675 Y4.325 E0.21028
G1 X39.324 Y4.325 E0.21036
G1 F3600 E-1
G0 F12000 X39.749 Y4.75
;TYPE:WALL-OUTER
G1 F3600 E1
G1 F2400 X39.749 Y-4.749 E0.23103
G1 X30.25 Y-4.746 E0.23103
G1 X30.25 Y4.75 E0.23096
G1 X39.749 Y4.75 E0.23103
G0 F12000 X39.749 Y3.95
G0 X38.575 Y3.575
G1 F3600 E-1
;MESH:NONMESH
G0 F600 X38.575 Y3.575 Z14.73
G0 F12000 X30.495 Y-3.92
G0 X-30.476 Y-3.914
G0 X-34.363 Y-3.92
;TIME_ELAPSED:451.398598
;LAYER:111
;TYPE:FILL
;MESH:bridge.stl
G1 F3600 E1
G1 F9600 X-34.305 Y-3.612 E0.00762
G1 X-34.316 Y-2.709 E0.02196
G1 X-34.533 Y-1.806 E0.02259
G1 X-35.028 Y-.903 E0.02505
G1 X-35.835 Y0.00 E0.02945
G1 X-36.721 Y0.903 E0.03077
G1 X-37.38 Y1.806 E0.02719
G1 X-37.764 Y2.709 E0.02387
G1 X-37.934 Y3.612 E0.02235
G1 X-37.93 Y3.919 E0.00747
G1 F3600 E-1
G0 F12000 X-31.045 Y3.954
G0 X-30.676 Y4.321
;TYPE:WALL-INNER
G1 F3600 E1
G1 F4800 X-30.676 Y-4.325 E0.21028
G1 X-39.325 Y-4.325 E0.21036
G1 X-39.325 Y4.324 E0.21036
G1 X-30.676 Y4.321 E0.21036
G1 F3600 E-1
G0 F12000 X-30.251 Y4.746
;TYPE:WALL-OUTER
G1 F3600 E1
G1 F2400 X-30.251 Y-4.75 E0.23096
G1 X-39.75 Y-4.75 E0.23103
G1 X-39.75 Y4.749 E0.23103
G1 X-30.251 Y4.746 E0.23103
G0 F12000 X-30.251 Y3.946
G0 X-31.425 Y3.574
G1 F3600 E-1
G0 F12000 X-30.476 Y3.927
G0 X30.495 Y3.927
G0 X34.31 Y3.92
;TYPE:FILL
G1 F3600 E1
G1 F9600 X34.306 Y3.612 E0.00749
G1 X34.476 Y2.709 E0.02235
G1 X34.86 Y1.806 E0.02387
G1 X35.519 Y0.903 E0.02719
G1 X36.405 Y0.00 E0.03077
G1 X37.212 Y-.903 E0.02945
G1 X37.707 Y-1.806 E0.02505
G1 X37.924 Y-2.709 E0.02259
G1 X37.935 Y-3.612 E0.02196
G1 X37.877 Y-3.919 E0.0076
G1 F3600 E-1
G0 F12000 X38.955 Y3.955
G0 X39.324 Y4.325
;TYPE:WALL-INNER
G1 F3600 E1
G1 F4800 X39.324 Y-4.324 E0.21036
G1 X30.675 Y-4.321 E0.21036
G1 X30.675 Y4.325 E0.21028
G1 X39.324 Y4.325 E0.21036
G1 F3600 E-1
G0 F12000 X39.749 Y4.75
;TYPE:WALL-OUTER
G1 F3600 E1
G1 F2400 X39.749 Y-4.749 E0.23103
G1 X30.25 Y-4.746 E0.23103
G1 X30.25 Y4.75 E0.23096
G1 X39.749 Y4.75 E0.23103
G0 F12000 X39.749 Y3.95
G0 X38.575 Y3.575
G1 F3600 E-1
;MESH:NONMESH
G0 F600 X38.575 Y3.575 Z14.86
G0 F12000 X30.495 Y-3.92
G0 X-30.476 Y-3.914
G0 X-34.366 Y-3.92
;TIME_ELAPSED:456.083494
;LAYER:112
;TYPE:FILL
;MESH:bridge.stl
G1 F3600 E1
G1 F9600 X-34.295 Y-3.612 E0.00769
G1 X-34.27 Y-2.709 E0.02197
G1 X-34.447 Y-1.806 E0.02238
G1 X-34.907 Y-.903 E0.02465
G1 X-35.701 Y0.00 E0.02924
G1 X-36.612 Y0.903 E0.0312
G1 X-37.313 Y1.806 E0.0278
G1 X-37.737 Y2.709 E0.02426
G1 X-37.944 Y3.612 E0.02253
G1 X-37.953 Y3.92 E0.00749
G1 F3600 E-1
G0 F12000 X-31.045 Y3.955
G0 X-30.675 Y4.325
;TYPE:WALL-INNER
G1 F3600 E1
G1 F4800 X-30.675 Y-4.325 E0.21038
G1 X-39.325 Y-4.325 E0.21038
G1 X-39.325 Y4.325 E0.21038
G1 X-30.675 Y4.325 E0.21038
G1 F3600 E-1
G0 F12000 X-30.25 Y4.75
;TYPE:WALL-OUTER
G1 F3600 E1
G1 F2400 X-30.25 Y-4.75 E0.23105
G1 X-39.75 Y-4.75 E0.23105
G1 X-39.75 Y4.75 E0.23105
G1 X-30.25 Y4.75 E0.23105
G0 F12000 X-30.25 Y3.95
G0 X-31.425 Y3.575
G1 F3600 E-1
G0 F12000 X-30.495 Y3.92
G0 X30.495 Y3.92
G0 X34.287 Y3.92
;TYPE:FILL
G1 F3600 E1
G1 F9600 X34.296 Y3.612 E0.00749
G1 X34.503 Y2.709 E0.02253
G1 X34.927 Y1.806 E0.02426
G1 X35.628 Y0.903 E0.0278
G1 X36.539 Y0.00 E0.0312
G1 X37.333 Y-.903 E0.02924
G1 X37.793 Y-1.806 E0.02465
G1 X37.97 Y-2.709 E0.02238
G1 X37.945 Y-3.612 E0.02197
G1 X37.874 Y-3.92 E0.00769
G1 F3600 E-1
G0 F12000 X38.955 Y3.955
G0 X39.325 Y4.325
;TYPE:WALL-INNER
G1 F3600 E1
G1 F4800 X39.325 Y-4.325 E0.21038
G1 X30.675 Y-4.325 E0.21038
G1 X30.675 Y4.325 E0.21038
G1 X39.325 Y4.325 E0.21038
G1 F3600 E-1
G0 F12000 X39.75 Y4.75
;TYPE:WALL-OUTER
G1 F3600 E1
G1 F2400 X39.75 Y-4.75 E0.23105
G1 X30.25 Y-4.75 E0.23105
G1 X30.25 Y4.75 E0.23105
G1 X39.75 Y4.75 E0.23105
G0 F12000 X39.75 Y3.95
G0 X38.575 Y3.575
G1 F3600 E-1
;MESH:NONMESH
G0 F600 X38.575 Y3.575 Z14.99
G0 F12000 X30.495 Y-3.92
G0 X-30.495 Y-3.92
G0 X-34.365 Y-3.92
;TIME_ELAPSED:460.771610
;LAYER:113
;TYPE:FILL
;MESH:bridge.stl
G1 F3600 E1
G1 F9600 X-34.281 Y-3.612 E0.00776
G1 X-34.219 Y-2.709 E0.02201
G1 X-34.357 Y-1.806 E0.02222
G1 X-34.779 Y-.903 E0.02424
G1 X-35.562 Y0.00 E0.02907
G1 X-36.503 Y0.903 E0.03172
G1 X-37.248 Y1.806 E0.02847
G1 X-37.713 Y2.709 E0.0247
G1 X-37.958 Y3.612 E0.02276
G1 X-37.979 Y3.92 E0.00751
G1 F3600 E-1
G0 F12000 X-31.045 Y3.955
G0 X-30.675 Y4.325
;TYPE:WALL-INNER
G1 F3600 E1
G1 F4800 X-30.675 Y-4.325 E0.21038
G1 X-39.325 Y-4.325 E0.21038
G1 X-39.325 Y4.325 E0.21038
G1 X-30.675 Y4.325 E0.21038
G1 F3600 E-1
G0 F12000 X-30.25 Y4.75
;TYPE:WALL-OUTER
G1 F3600 E1
G1 F2400 X-30.25 Y-4.75 E0.23105
G1 X-39.75 Y-4.75 E0.23105
G1 X-39.75 Y4.75 E0.23105
G1 X-30.25 Y4.75 E0.23105
G0 F12000 X-30.25 Y3.95
G0 X-31.425 Y3.575
G1 F3600 E-1
G0 F12000 X-30.495 Y3.92
G0 X30.495 Y3.92
G0 X34.261 Y3.92
;TYPE:FILL
G1 F3600 E1
G1 F9600 X34.282 Y3.612 E0.00751
G1 X34.527 Y2.709 E0.02276
G1 X34.992 Y1.806 E0.0247
G1 X35.737 Y0.903 E0.02847
G1 X36.678 Y0.00 E0.03172
G1 X37.461 Y-.903 E0.02907
G1 X37.883 Y-1.806 E0.02424
G1 X38.021 Y-2.709 E0.02222
G1 X37.959 Y-3.612 E0.02201
G1 X37.875 Y-3.92 E0.00776
G1 F3600 E-1
G0 F12000 X38.955 Y3.955
G0 X39.325 Y4.325
;TYPE:WALL-INNER
G1 F3600 E1
G1 F4800 X39.325 Y-4.325 E0.21038
G1 X30.675 Y-4.325 E0.21038
G1 X30.675 Y4.325 E0.21038
G1 X39.325 Y4.325 E0.21038
G1 F3600 E-1
G0 F12000 X39.75 Y4.75
;TYPE:WALL-OUTER
G1 F3600 E1
G1 F2400 X39.75 Y-4.75 E0.23105
G1 X30.25 Y-4.75 E0.23105
G1 X30.25 Y4.75 E0.23105
G1 X39.75 Y4.75 E0.23105
G0 F12000 X39.75 Y3.95
G0 X38.575 Y3.575
G1 F3600 E-1
;MESH:NONMESH
G0 F600 X38.575 Y3.575 Z15.12
G0 F12000 X30.495 Y-3.92
G0 X-30.495 Y-3.92
G0 X-34.36 Y-3.92
;TIME_ELAPSED:465.462761
;LAYER:114
;TYPE:FILL
;MESH:bridge.stl
G1 F3600 E1
G1 F9600 X-34.264 Y-3.612 E0.00785
G1 X-34.164 Y-2.709 E0.0221
G1 X-34.261 Y-1.806 E0.02209
G1 X-34.645 Y-.903 E0.02387
G1 X-35.417 Y0.00 E0.02889
G1 X-36.393 Y0.903 E0.03234
G1 X-37.187 Y1.806 E0.02924
G1 X-37.694 Y2.709 E0.02519
G1 X-37.975 Y3.612 E0.023
G1 X-38.009 Y3.92 E0.00754
G1 F3600 E-1
G0 F12000 X-31.045 Y3.955
G0 X-30.675 Y4.325
;TYPE:WALL-INNER
G1 F3600 E1
G1 F4800 X-30.675 Y-4.325 E0.21038
G1 X-39.325 Y-4.325 E0.21038
G1 X-39.324 Y4.325 E0.21038
G1 X-30.675 Y4.325 E0.21036
G1 F3600 E-1
G0 F12000 X-30.25 Y4.75
;TYPE:WALL-OUTER
G1 F3600 E1
G1 F2400 X-30.25 Y-4.75 E0.23105
G1 X-39.688 Y-4.75 E0.22955
G1 X-39.75 Y-4.213 E0.01315
G1 X-39.75 Y4.213 E0.20493
G1 X-39.688 Y4.75 E0.01315
G1 X-30.25 Y4.75 E0.22955
G0 F12000 X-30.25 Y3.95
G0 X-31.425 Y3.575
G1 F3600 E-1
G0 F12000 X-30.495 Y3.92
G0 X30.495 Y3.92
G0 X34.231 Y3.92
;TYPE:FILL
G1 F3600 E1
G1 F9600 X34.265 Y3.612 E0.00754
G1 X34.546 Y2.709 E0.023
G1 X35.053 Y1.806 E0.02519
G1 X35.847 Y0.903 E0.02924
G1 X36.823 Y0.00 E0.03234
G1 X37.595 Y-.903 E0.02889
G1 X37.979 Y-1.806 E0.02387
G1 X38.076 Y-2.709 E0.02209
G1 X37.976 Y-3.612 E0.0221
G1 X37.88 Y-3.92 E0.00785
G1 F3600 E-1
G0 F12000 X38.955 Y3.955
G0 X39.325 Y4.325
;TYPE:WALL-INNER
G1 F3600 E1
G1 F4800 X39.324 Y-4.325 E0.21038
G1 X30.675 Y-4.325 E0.21036
G1 X30.675 Y4.325 E0.21038
G1 X39.325 Y4.325 E0.21038
G1 F3600 E-1
G0 F12000 X39.688 Y4.75
;TYPE:WALL-OUTER
G1 F3600 E1
G1 F2400 X39.75 Y4.213 E0.01315
G1 X39.75 Y-4.213 E0.20493
G1 X39.686 Y-4.75 E0.01315
G1 X30.25 Y-4.75 E0.2295
G1 X30.25 Y4.75 E0.23105
G1 X39.688 Y4.75 E0.22955
G0 F12000 X39.75 Y4.213
G0 X39.75 Y3.954
G0 X38.575 Y3.575
G1 F3600 E-1
;MESH:NONMESH
G0 F600 X38.575 Y3.575 Z15.25
G0 F12000 X30.495 Y-3.92
G0 X-30.495 Y-3.92
G0 X-34.351 Y-3.92
;TIME_ELAPSED:470.149723
;LAYER:115
;TYPE:FILL
;MESH:bridge.stl
G1 F3600 E1
G1 F9600 X-34.242 Y-3.612 E0.00795
G1 X-34.105 Y-2.709 E0.02221
G1 X-34.16 Y-1.806 E0.022
G1 X-34.503 Y-.903 E0.02349
G1 X-35.264 Y0.00 E0.02872
G1 X-36.281 Y0.903 E0.03308
G1 X-37.127 Y1.806 E0.0301
G1 X-37.677 Y2.709 E0.02572
G1 X-37.997 Y3.612 E0.0233
G1 X-38.044 Y3.92 E0.00758
G1 F3600 E-1
G0 F12000 X-31.045 Y3.955
G0 X-30.675 Y4.325
;TYPE:WALL-INNER
G1 F3600 E1
G1 F4800 X-30.675 Y-4.325 E0.21038
G1 X-39.211 Y-4.325 E0.20761
G1 X-39.325 Y-3.2 E0.0275
G1 X-39.325 Y3.208 E0.15585
G1 X-39.212 Y4.325 E0.02731
G1 X-30.675 Y4.325 E0.20763
G1 F3600 E-1
G0 F12000 X-30.25 Y4.75
;TYPE:WALL-OUTER
G1 F3600 E1
G1 F2400 X-30.25 Y-4.75 E0.23105
G1 X-39.592 Y-4.75 E0.22721
G1 X-39.75 Y-3.22 E0.03741
G1 X-39.75 Y3.228 E0.15682
G1 X-39.686 Y3.918 E0.01685
G1 X-39.592 Y4.75 E0.02036
G1 X-30.25 Y4.75 E0.22721
G0 F12000 X-30.25 Y3.95
G0 X-31.425 Y3.575
G1 F3600 E-1
G0 F12000 X-30.495 Y3.92
G0 X30.495 Y3.92
G0 X34.196 Y3.92
;TYPE:FILL
G1 F3600 E1
G1 F9600 X34.243 Y3.612 E0.00758
G1 X34.563 Y2.709 E0.0233
G1 X35.113 Y1.806 E0.02572
G1 X35.959 Y0.903 E0.0301
G1 X36.976 Y0.00 E0.03308
G1 X37.737 Y-.903 E0.02872
G1 X38.08 Y-1.806 E0.02349
G1 X38.135 Y-2.709 E0.022
G1 X37.998 Y-3.612 E0.02221
G1 X37.889 Y-3.92 E0.00795
G1 F3600 E-1
G0 F12000 X31.045 Y3.955
G0 X30.675 Y4.325
;TYPE:WALL-INNER
G1 F3600 E1
G1 F4800 X39.211 Y4.325 E0.20761
G1 X39.325 Y3.2 E0.0275
G1 X39.325 Y-3.208 E0.15585
G1 X39.213 Y-4.325 E0.0273
G1 X30.675 Y-4.325 E0.20766
G1 X30.675 Y4.325 E0.21038
G1 F3600 E-1
G0 F12000 X30.25 Y4.75
;TYPE:WALL-OUTER
G1 F3600 E1
G1 F2400 X39.592 Y4.75 E0.22721
G1 X39.75 Y3.22 E0.03741
G1 X39.75 Y-3.228 E0.15682
G1 X39.689 Y-3.9 E0.01641
G1 X39.592 Y-4.75 E0.02081
G1 X30.25 Y-4.75 E0.22721
G1 X30.25 Y4.75 E0.23105
G0 F12000 X31.05 Y4.75
G0 X31.425 Y3.575
G1 F3600 E-1
;MESH:NONMESH
G0 F600 X31.425 Y3.575 Z15.38
G0 F12000 X30.495 Y-3.92
G0 X-30.495 Y-3.92
G0 X-34.338 Y-3.92
;TIME_ELAPSED:474.817823
;LAYER:116
;TYPE:FILL
;MESH:bridge.stl
G1 F3600 E1
G1 F9600 X-34.216 Y-3.612 E0.00806
G1 X-34.041 Y-2.709 E0.02237
G1 X-34.053 Y-1.806 E0.02196
G1 X-34.351 Y-.903 E0.02313
G1 X-35.1 Y0.00 E0.02853
G1 X-36.165 Y0.903 E0.03396
G1 X-37.069 Y1.806 E0.03108
G1 X-37.665 Y2.709 E0.02631
G1 X-38.023 Y3.612 E0.02363
G1 X-38.083 Y3.92 E0.00763
G1 F3600 E-1
G0 F12000 X-31.045 Y3.955
G0 X-30.675 Y4.325
;TYPE:WALL-INNER
G1 F3600 E1
G1 F4800 X-30.675 Y-4.325 E0.21038
G1 X-39.125 Y-4.325 E0.20552
G1 X-39.243 Y-3.005 E0.03223
G1 X-39.325 Y-1.703 E0.03173
G1 X-39.325 Y1.711 E0.08303
G1 X-39.253 Y2.899 E0.02895
G1 X-39.125 Y4.325 E0.03482
G1 X-30.675 Y4.325 E0.20552
G1 F3600 E-1
G0 F12000 X-30.25 Y4.75
;TYPE:WALL-OUTER
G1 F3600 E1
G1 F2400 X-30.25 Y-4.75 E0.23105
G1 X-39.496 Y-4.75 E0.22488
G1 X-39.584 Y-3.962 E0.01928
G1 X-39.666 Y-3.056 E0.02213
G1 X-39.75 Y-1.716 E0.03265
G1 X-39.75 Y1.724 E0.08367
G1 X-39.681 Y2.879 E0.02814
G1 X-39.582 Y3.978 E0.02684
G1 X-39.496 Y4.75 E0.01889
G1 X-30.25 Y4.75 E0.22488
G0 F12000 X-30.25 Y3.95
G0 X-31.425 Y3.575
G1 F3600 E-1
G0 F12000 X-30.495 Y3.92
G0 X30.495 Y3.92
G0 X34.157 Y3.92
;TYPE:FILL
G1 F3600 E1
G1 F9600 X34.217 Y3.612 E0.00763
G1 X34.575 Y2.709 E0.02363
G1 X35.171 Y1.806 E0.02631
G1 X36.075 Y0.903 E0.03108
G1 X37.14 Y0.00 E0.03396
G1 X37.889 Y-.903 E0.02853
G1 X38.187 Y-1.806 E0.02313
G1 X38.199 Y-2.709 E0.02196
G1 X38.024 Y-3.612 E0.02237
G1 X37.902 Y-3.92 E0.00806
G1 F3600 E-1
G0 F12000 X31.045 Y3.955
G0 X30.675 Y4.325
;TYPE:WALL-INNER
G1 F3600 E1
G1 F4800 X39.125 Y4.325 E0.20552
G1 X39.243 Y3.005 E0.03223
G1 X39.325 Y1.703 E0.03173
G1 X39.325 Y-1.711 E0.08303
G1 X39.253 Y-2.903 E0.02904
G1 X39.117 Y-4.325 E0.03474
G1 X30.675 Y-4.325 E0.20532
G1 X30.675 Y4.325 E0.21038
G1 F3600 E-1
G0 F12000 X30.25 Y4.75
;TYPE:WALL-OUTER
G1 F3600 E1
G1 F2400 X39.496 Y4.75 E0.22488
G1 X39.584 Y3.962 E0.01928
G1 X39.666 Y3.056 E0.02213
G1 X39.75 Y1.716 E0.03265
G1 X39.75 Y-1.724 E0.08367
G1 X39.676 Y-2.941 E0.02965
G1 X39.582 Y-3.982 E0.02542
G1 X39.496 Y-4.75 E0.0188
G1 X30.25 Y-4.75 E0.22488
G1 X30.25 Y4.75 E0.23105
G0 F12000 X31.05 Y4.75
G0 X31.425 Y3.575
G1 F3600 E-1
;MESH:NONMESH
G0 F600 X31.425 Y3.575 Z15.51
G0 F12000 X30.495 Y-3.92
G0 X-30.495 Y-3.92
G0 X-34.322 Y-3.92
;TIME_ELAPSED:479.476384
;LAYER:117
;TYPE:FILL
;MESH:bridge.stl
G1 F3600 E1
G1 F9600 X-34.187 Y-3.612 E0.00818
G1 X-33.972 Y-2.709 E0.02258
G1 X-33.939 Y-1.806 E0.02198
G1 X-34.187 Y-.903 E0.02278
G1 X-34.921 Y0.00 E0.0283
G1 X-36.044 Y0.903 E0.03505
G1 X-37.013 Y1.806 E0.03221
G1 X-37.656 Y2.709 E0.02696
G1 X-38.052 Y3.612 E0.02398
G1 X-38.125 Y3.92 E0.0077
G1 F3600 E-1
G0 F12000 X-31.045 Y3.955
G0 X-30.675 Y4.325
;TYPE:WALL-INNER
G1 F3600 E1
G1 F4800 X-30.675 Y-4.325 E0.21038
G1 X-39.034 Y-4.325 E0.2033
G1 X-39.155 Y-2.93 E0.03406
G1 X-39.213 Y-2.072 E0.02092
G1 X-39.253 Y-1.049 E0.0249
G1 X-39.269 Y-0.05 E0.0243
G1 X-39.256 Y0.958 E0.02452
G1 X-39.22 Y1.892 E0.02273
G1 X-39.153 Y2.963 E0.0261
G1 X-39.034 Y4.325 E0.03325
G1 X-30.675 Y4.325 E0.2033
G1 F3600 E-1
G0 F12000 X-30.25 Y4.75
;TYPE:WALL-OUTER
G1 F3600 E1
G1 F2400 X-30.25 Y-4.75 E0.23105
G1 X-39.401 Y-4.75 E0.22257
G1 X-39.492 Y-3.959 E0.01937
G1 X-39.579 Y-2.958 E0.02444
G1 X-39.638 Y-2.094 E0.02106
G1 X-39.678 Y-1.061 E0.02514
G1 X-39.694 Y-0.051 E0.02457
G1 X-39.681 Y0.973 E0.02491
G1 X-39.644 Y1.918 E0.023
G1 X-39.576 Y3 E0.02637
G1 X-39.49 Y3.981 E0.02395
G1 X-39.401 Y4.75 E0.01883
G1 X-30.25 Y4.75 E0.22257
G0 F12000 X-30.25 Y3.95
G0 X-31.425 Y3.575
G1 F3600 E-1
G0 F12000 X-30.495 Y3.919
G0 X30.495 Y3.919
G0 X34.115 Y3.919
;TYPE:FILL
G1 F3600 E1
G1 F9600 X34.188 Y3.612 E0.00767
G1 X34.584 Y2.709 E0.02398
G1 X35.227 Y1.806 E0.02696
G1 X36.196 Y0.903 E0.03221
G1 X37.319 Y0.00 E0.03505
G1 X38.053 Y-.903 E0.0283
G1 X38.301 Y-1.806 E0.02278
G1 X38.268 Y-2.709 E0.02198
G1 X38.053 Y-3.612 E0.02258
G1 X37.918 Y-3.92 E0.00818
G1 F3600 E-1
G0 F12000 X31.045 Y3.955
G0 X30.676 Y4.324
;TYPE:WALL-INNER
G1 F3600 E1
G1 F4800 X39.033 Y4.324 E0.20325
G1 X39.155 Y2.93 E0.03403
G1 X39.213 Y2.072 E0.02092
G1 X39.253 Y1.049 E0.0249
G1 X39.269 Y-0.008 E0.02571
G1 X39.256 Y-.958 E0.02311
G1 X39.22 Y-1.897 E0.02285
G1 X39.153 Y-2.968 E0.0261
G1 X39.034 Y-4.325 E0.03313
G1 X30.675 Y-4.325 E0.2033
G1 X30.676 Y4.324 E0.21036
G1 F3600 E-1
G0 F12000 X30.251 Y4.749
;TYPE:WALL-OUTER
G1 F3600 E1
G1 F2400 X39.401 Y4.749 E0.22254
G1 X39.491 Y3.97 E0.01907
G1 X39.579 Y2.958 E0.02471
G1 X39.638 Y2.094 E0.02106
G1 X39.678 Y1.061 E0.02514
G1 X39.694 Y-0.013 E0.02612
G1 X39.681 Y-.973 E0.02335
G1 X39.644 Y-1.923 E0.02312
G1 X39.576 Y-3.005 E0.02637
G1 X39.49 Y-3.985 E0.02393
G1 X39.401 Y-4.75 E0.01873
G1 X30.25 Y-4.75 E0.22257
G1 X30.251 Y4.749 E0.23103
G0 F12000 X31.051 Y4.749
G0 X31.425 Y3.575
G1 F3600 E-1
;MESH:NONMESH
G0 F600 X31.425 Y3.575 Z15.64
G0 F12000 X30.495 Y2.841
G0 X-30.495 Y2.841
G0 X-31.08 Y2.841
;TIME_ELAPSED:484.053067
;LAYER:118
;TYPE:FILL
;MESH:bridge.stl
G1 F3600 E1
G1 F9600 X-31.117 Y2.709 E0.00333
G1 X-31.198 Y1.806 E0.02205
G1 X-31.08 Y1.248 E0.01387
G1 X-31.08 Y-3.92 E0.12569
G1 X-34.301 Y-3.92 E0.07834
G1 X-34.152 Y-3.612 E0.00832
G1 X-33.898 Y-2.709 E0.02281
G1 X-33.817 Y-1.806 E0.02205
G1 X-34.008 Y-.903 E0.02245
G1 X-34.724 Y0.00 E0.02803
G1 X-35.917 Y0.903 E0.03639
G1 X-36.959 Y1.806 E0.03354
G1 X-37.651 Y2.709 E0.02767
G1 X-38.087 Y3.612 E0.02439
G1 X-38.174 Y3.92 E0.00778
G1 F3600 E-1
G0 F12000 X-31.045 Y3.955
G0 X-30.675 Y4.325
;TYPE:WALL-INNER
G1 F3600 E1
G1 F4800 X-30.675 Y-4.325 E0.21038
G1 X-38.938 Y-4.325 E0.20097
G1 X-39.059 Y-2.928 E0.0341
G1 X-39.122 Y-1.931 E0.0243
G1 X-39.161 Y-.978 E0.0232
G1 X-39.173 Y0.00 E0.02379
G1 X-39.161 Y0.978 E0.02379
G1 X-39.12 Y1.989 E0.02461
G1 X-39.057 Y2.962 E0.02371
G1 X-38.938 Y4.325 E0.03328
G1 X-30.675 Y4.325 E0.20097
G1 F3600 E-1
G0 F12000 X-30.25 Y4.75
;TYPE:WALL-OUTER
G1 F3600 E1
G1 F2400 X-30.25 Y-4.75 E0.23105
G1 X-39.305 Y-4.75 E0.22023
G1 X-39.396 Y-3.959 E0.01937
G1 X-39.483 Y-2.955 E0.02451
G1 X-39.546 Y-1.982 E0.02371
G1 X-39.586 Y-.989 E0.02417
G1 X-39.598 Y0.00 E0.02406
G1 X-39.586 Y0.989 E0.02406
G1 X-39.544 Y2.016 E0.025
G1 X-39.48 Y2.999 E0.02396
G1 X-39.394 Y3.981 E0.02398
G1 X-39.305 Y4.75 E0.01883
G1 X-30.25 Y4.75 E0.22023
G0 F12000 X-30.25 Y3.95
G0 X-31.425 Y3.575
G1 F3600 E-1
G0 F12000 X-30.495 Y3.92
G0 X30.495 Y3.92
G0 X34.066 Y3.92
;TYPE:FILL
G1 F3600 E1
G1 F9600 X34.153 Y3.612 E0.00778
G1 X34.589 Y2.709 E0.02439
G1 X35.281 Y1.806 E0.02767
G1 X36.323 Y0.903 E0.03354
G1 X37.516 Y0.00 E0.03639
G1 X38.232 Y-.903 E0.02803
G1 X38.423 Y-1.806 E0.02245
G1 X38.342 Y-2.709 E0.02205
G1 X38.088 Y-3.612 E0.02281
G1 X37.939 Y-3.92 E0.00832
G1 F3600 E-1
G0 F12000 X31.045 Y3.955
G0 X30.675 Y4.325
;TYPE:WALL-INNER
G1 F3600 E1
G1 F4800 X38.937 Y4.324 E0.20094
G1 X39.059 Y2.928 E0.03408
G1 X39.122 Y1.931 E0.0243
G1 X39.161 Y0.978 E0.0232
G1 X39.172 Y-.127 E0.02688
G1 X39.161 Y-.982 E0.0208
G1 X39.12 Y-1.994 E0.02463
G1 X39.057 Y-2.965 E0.02367
G1 X38.938 Y-4.325 E0.0332
G1 X30.675 Y-4.325 E0.20097
G1 X30.675 Y4.325 E0.21038
G1 F3600 E-1
G0 F12000 X30.25 Y4.75
;TYPE:WALL-OUTER
G1 F3600 E1
G1 F2400 X39.305 Y4.749 E0.22023
G1 X39.395 Y3.97 E0.01907
G1 X39.483 Y2.955 E0.02478
G1 X39.546 Y1.982 E0.02371
G1 X39.586 Y0.989 E0.02417
G1 X39.597 Y-.133 E0.02729
G1 X39.586 Y-.993 E0.02092
G1 X39.544 Y-2.021 E0.02502
G1 X39.48 Y-3.002 E0.02391
G1 X39.394 Y-3.985 E0.024
G1 X39.305 Y-4.75 E0.01873
G1 X30.25 Y-4.75 E0.22023
G1 X30.25 Y4.75 E0.23105
G0 F12000 X31.05 Y4.75
G0 X31.425 Y3.575
G1 F3600 E-1
;MESH:NONMESH
G0 F600 X31.425 Y3.575 Z15.77
G0 F12000 X30.495 Y3.067
G0 X-30.495 Y3.067
G0 X-31.08 Y3.067
;TIME_ELAPSED:488.749057
;LAYER:119
;TYPE:FILL
;MESH:bridge.stl
G1 F3600 E1
G1 F9600 X-31.197 Y2.709 E0.00916
G1 X-31.329 Y1.806 E0.0222
G1 X-31.204 Y0.903 E0.02217
G1 X-31.08 Y0.74 E0.00498
G1 X-31.08 Y-3.92 E0.11334
G1 X-34.275 Y-3.92 E0.07771
G1 X-34.113 Y-3.612 E0.00846
G1 X-33.818 Y-2.709 E0.0231
G1 X-33.686 Y-1.806 E0.0222
G1 X-33.811 Y-.903 E0.02217
G1 X-34.499 Y0.00 E0.02761
G1 X-35.779 Y0.903 E0.0381
G1 X-36.906 Y1.806 E0.03512
G1 X-37.651 Y2.709 E0.02847
G1 X-38.126 Y3.612 E0.02482
G1 X-38.227 Y3.92 E0.00788
G1 F3600 E-1
G0 F12000 X-31.045 Y3.955
G0 X-30.675 Y4.325
;TYPE:WALL-INNER
G1 F3600 E1
G1 F4800 X-30.675 Y-4.325 E0.21038
G1 X-38.832 Y-4.325 E0.19839
G1 X-38.968 Y-2.922 E0.03428
G1 X-39.026 Y-1.938 E0.02397
G1 X-39.065 Y-.978 E0.02337
G1 X-39.077 Y0.00 E0.02379
G1 X-39.065 Y0.978 E0.02379
G1 X-39.025 Y1.985 E0.02451
G1 X-38.964 Y2.967 E0.02393
G1 X-38.832 Y4.325 E0.03318
G1 X-30.675 Y4.325 E0.19839
G1 F3600 E-1
G0 F12000 X-30.25 Y4.75
;TYPE:WALL-OUTER
G1 F3600 E1
G1 F2400 X-30.25 Y-4.75 E0.23105
G1 X-39.212 Y-4.75 E0.21797
G1 X-39.299 Y-3.963 E0.01926
G1 X-39.392 Y-2.947 E0.02481
G1 X-39.451 Y-1.955 E0.02417
G1 X-39.49 Y-.989 E0.02351
G1 X-39.502 Y0.00 E0.02406
G1 X-39.49 Y0.989 E0.02406
G1 X-39.449 Y2.011 E0.02488
G1 X-39.393 Y2.946 E0.02278
G1 X-39.298 Y3.977 E0.02518
G1 X-39.212 Y4.75 E0.01892
G1 X-30.25 Y4.75 E0.21797
G0 F12000 X-30.25 Y3.95
G0 X-31.425 Y3.575
G1 F3600 E-1
G0 F12000 X-30.495 Y3.919
G0 X30.495 Y3.919
G0 X34.014 Y3.919
;TYPE:FILL
G1 F3600 E1
G1 F9600 X34.114 Y3.612 E0.00785
G1 X34.589 Y2.709 E0.02482
G1 X35.334 Y1.806 E0.02847
G1 X36.461 Y0.903 E0.03512
G1 X37.741 Y0.00 E0.0381
G1 X38.429 Y-.903 E0.02761
G1 X38.554 Y-1.806 E0.02217
G1 X38.422 Y-2.709 E0.0222
G1 X38.127 Y-3.612 E0.0231
G1 X37.965 Y-3.92 E0.00846
G1 F3600 E-1
G0 F12000 X31.045 Y3.955
G0 X30.676 Y4.324
;TYPE:WALL-INNER
G1 F3600 E1
G1 F4800 X38.831 Y4.324 E0.19834
G1 X38.968 Y2.922 E0.03426
G1 X39.026 Y1.938 E0.02397
G1 X39.065 Y0.978 E0.02337
G1 X39.076 Y-0.049 E0.02498
G1 X39.065 Y-.982 E0.02269
G1 X39.025 Y-1.989 E0.02451
G1 X38.965 Y-2.971 E0.02393
G1 X38.833 Y-4.325 E0.03309
G1 X30.675 Y-4.325 E0.19841
G1 X30.676 Y4.324 E0.21036
G1 F3600 E-1
G0 F12000 X30.251 Y4.749
;TYPE:WALL-OUTER
G1 F3600 E1
G1 F2400 X39.212 Y4.749 E0.21794
G1 X39.299 Y3.963 E0.01923
G1 X39.392 Y2.947 E0.02481
G1 X39.451 Y1.955 E0.02417
G1 X39.49 Y0.989 E0.02351
G1 X39.501 Y-0.055 E0.02539
G1 X39.49 Y-.993 E0.02282
G1 X39.449 Y-2.015 E0.02488
G1 X39.393 Y-2.95 E0.02278
G1 X39.298 Y-3.981 E0.02518
G1 X39.212 Y-4.75 E0.01882
G1 X30.25 Y-4.75 E0.21797
G1 X30.251 Y4.749 E0.23103
G0 F12000 X31.051 Y4.749
G0 X31.425 Y3.575
G1 F3600 E-1
;MESH:NONMESH
G0 F600 X31.425 Y3.575 Z15.9
G0 F12000 X30.495 Y3.252
G0 X-30.495 Y3.252
G0 X-31.08 Y3.252
;TIME_ELAPSED:493.453680
;LAYER:120
;TYPE:FILL
;MESH:bridge.stl
G1 F3600 E1
G1 F9600 X-31.282 Y2.709 E0.01409
G1 X-31.468 Y1.806 E0.02242
G1 X-31.424 Y0.903 E0.02199
G1 X-31.08 Y0.419 E0.01444
G1 X-31.08 Y-3.92 E0.10553
G1 X-34.245 Y-3.92 E0.07698
G1 X-34.069 Y-3.612 E0.00863
G1 X-33.733 Y-2.709 E0.02343
G1 X-33.547 Y-1.806 E0.02242
G1 X-33.591 Y-.903 E0.02199
G1 X-34.233 Y0.00 E0.02695
G1 X-35.627 Y0.903 E0.0404
G1 X-36.855 Y1.806 E0.03707
G1 X-37.654 Y2.709 E0.02933
G1 X-38.17 Y3.612 E0.0253
G1 X-38.285 Y3.92 E0.008
G1 F3600 E-1
G0 F12000 X-31.045 Y3.955
G0 X-30.675 Y4.325
;TYPE:WALL-INNER
G1 F3600 E1
G1 F4800 X-30.675 Y-4.325 E0.21038
G1 X-38.75 Y-4.325 E0.1964
G1 X-38.871 Y-2.928 E0.0341
G1 X-38.933 Y-1.962 E0.02354
G1 X-38.969 Y-.979 E0.02392
G1 X-38.981 Y0.00 E0.02381
G1 X-38.968 Y1.018 E0.02476
G1 X-38.932 Y1.996 E0.0238
G1 X-38.869 Y2.962 E0.02354
G1 X-38.75 Y4.325 E0.03328
G1 X-30.675 Y4.325 E0.1964
G1 F3600 E-1
G0 F12000 X-30.25 Y4.75
;TYPE:WALL-OUTER
G1 F3600 E1
G1 F2400 X-30.25 Y-4.75 E0.23105
G1 X-39.117 Y-4.75 E0.21566
G1 X-39.208 Y-3.959 E0.01937
G1 X-39.295 Y-2.955 E0.02451
G1 X-39.358 Y-1.983 E0.02369
G1 X-39.394 Y-.989 E0.02419
G1 X-39.406 Y0.00 E0.02406
G1 X-39.393 Y1.034 E0.02515
G1 X-39.356 Y2.023 E0.02407
G1 X-39.292 Y2.999 E0.02379
G1 X-39.206 Y3.981 E0.02398
G1 X-39.117 Y4.75 E0.01883
G1 X-30.25 Y4.75 E0.21566
G0 F12000 X-30.25 Y3.95
G0 X-31.425 Y3.575
G1 F3600 E-1
G0 F12000 X-30.495 Y3.919
G0 X30.495 Y3.919
G0 X33.956 Y3.919
;TYPE:FILL
G1 F3600 E1
G1 F9600 X34.07 Y3.612 E0.00796
G1 X34.586 Y2.709 E0.0253
G1 X35.385 Y1.806 E0.02933
G1 X36.613 Y0.903 E0.03707
G1 X38.007 Y0.00 E0.0404
G1 X38.566 Y-.786 E0.02346
G1 X38.526 Y-1.984 E0.02915
G1 X38.474 Y-2.797 E0.01981
G1 X38.171 Y-3.612 E0.02115
G1 X37.995 Y-3.92 E0.00863
G1 F3600 E-1
G0 F12000 X31.045 Y3.955
G0 X30.676 Y4.324
;TYPE:WALL-INNER
G1 F3600 E1
G1 F4800 X38.749 Y4.324 E0.19635
G1 X38.871 Y2.928 E0.03408
G1 X38.933 Y1.962 E0.02354
G1 X38.969 Y0.979 E0.02392
G1 X38.98 Y-0.049 E0.025
G1 X38.968 Y-1.023 E0.02369
G1 X38.932 Y-1.999 E0.02375
G1 X38.869 Y-2.965 E0.02354
G1 X38.75 Y-4.325 E0.0332
G1 X30.675 Y-4.325 E0.1964
G1 X30.676 Y4.324 E0.21036
G1 F3600 E-1
G0 F12000 X30.251 Y4.749
;TYPE:WALL-OUTER
G1 F3600 E1
G1 F2400 X39.117 Y4.749 E0.21563
G1 X39.207 Y3.97 E0.01907
G1 X39.295 Y2.955 E0.02478
G1 X39.358 Y1.983 E0.02369
G1 X39.394 Y0.989 E0.02419
G1 X39.405 Y-0.054 E0.02537
G1 X39.393 Y-1.039 E0.02396
G1 X39.356 Y-2.026 E0.02402
G1 X39.292 Y-3.002 E0.02379
G1 X39.206 Y-3.985 E0.024
G1 X39.117 Y-4.75 E0.01873
G1 X30.25 Y-4.75 E0.21566
G1 X30.251 Y4.749 E0.23103
G0 F12000 X31.051 Y4.749
G0 X31.425 Y3.575
G1 F3600 E-1
;MESH:NONMESH
G0 F600 X31.425 Y3.575 Z16.03
G0 F12000 X30.495 Y3.409
G0 X-30.495 Y3.409
G0 X-31.08 Y3.409
;TIME_ELAPSED:498.157940
;LAYER:121
;TYPE:FILL
;MESH:bridge.stl
G1 F3600 E1
G1 F9600 X-31.373 Y2.709 E0.01846
G1 X-31.619 Y1.806 E0.02276
G1 X-31.674 Y0.903 E0.022
G1 X-31.114 Y0.00 E0.02584
G1 X-31.08 Y-0.02 E0.00096
G1 X-31.08 Y-3.92 E0.09485
G1 X-34.21 Y-3.92 E0.07613
G1 X-34.02 Y-3.612 E0.0088
G1 X-33.642 Y-2.709 E0.02381
G1 X-33.396 Y-1.806 E0.02276
G1 X-33.341 Y-.903 E0.022
G1 X-33.901 Y0.00 E0.02584
G1 X-35.456 Y0.903 E0.04373
G1 X-36.805 Y1.806 E0.03948
G1 X-37.663 Y2.709 E0.0303
G1 X-38.219 Y3.612 E0.02579
G1 X-38.291 Y3.783 E0.00451
G1 F3600 E-1
G0 F12000 X-31.045 Y3.955
G0 X-30.675 Y4.325
;TYPE:WALL-INNER
G1 F3600 E1
G1 F4800 X-30.675 Y-4.325 E0.21038
G1 X-38.654 Y-4.325 E0.19406
G1 X-38.775 Y-2.928 E0.0341
G1 X-38.837 Y-1.962 E0.02354
G1 X-38.873 Y-.978 E0.02395
G1 X-38.889 Y0.00 E0.02379
G1 X-38.872 Y1.011 E0.02459
G1 X-38.836 Y1.996 E0.02397
G1 X-38.773 Y2.962 E0.02354
G1 X-38.654 Y4.325 E0.03328
G1 X-30.675 Y4.325 E0.19406
G1 F3600 E-1
G0 F12000 X-30.25 Y4.75
;TYPE:WALL-OUTER
G1 F3600 E1
G1 F2400 X-30.25 Y-4.75 E0.23105
G1 X-39.021 Y-4.75 E0.21332
G1 X-39.112 Y-3.959 E0.01937
G1 X-39.199 Y-2.955 E0.02451
G1 X-39.262 Y-1.983 E0.02369
G1 X-39.298 Y-.989 E0.02419
G1 X-39.314 Y0.00 E0.02406
G1 X-39.297 Y1.026 E0.02496
G1 X-39.26 Y2.023 E0.02427
G1 X-39.196 Y2.999 E0.02379
G1 X-39.11 Y3.981 E0.02398
G1 X-39.021 Y4.75 E0.01883
G1 X-30.25 Y4.75 E0.21332
G0 F12000 X-30.25 Y3.95
G0 X-31.425 Y3.575
G1 F3600 E-1
G0 F12000 X-30.495 Y-.228
G0 X30.495 Y-.228
G0 X38.48 Y-.228
;TYPE:FILL
G1 F3600 E1
G1 F9600 X38.339 Y0.00 E0.00652
G1 X36.784 Y0.903 E0.04373
G1 X35.435 Y1.806 E0.03948
G1 X34.577 Y2.709 E0.0303
G1 X34.021 Y3.612 E0.02579
G1 X33.892 Y3.92 E0.00812
G1 X31.08 Y3.92 E0.06839
G1 X31.08 Y-3.92 E0.19068
G1 X38.03 Y-3.92 E0.16903
G1 X38.331 Y-3.346 E0.01576
G1 F3600 E-1
G0 F12000 X31.045 Y3.955
G0 X30.675 Y4.325
;TYPE:WALL-INNER
G1 F3600 E1
G1 F4800 X38.653 Y4.324 E0.19404
G1 X38.775 Y2.928 E0.03408
G1 X38.837 Y1.962 E0.02354
G1 X38.873 Y0.978 E0.02395
G1 X38.888 Y-0.065 E0.02537
G1 X38.872 Y-1.015 E0.02311
G1 X38.836 Y-1.999 E0.02395
G1 X38.773 Y-2.965 E0.02354
G1 X38.654 Y-4.325 E0.0332
G1 X30.675 Y-4.325 E0.19406
G1 X30.675 Y4.325 E0.21038
G1 F3600 E-1
G0 F12000 X30.25 Y4.75
;TYPE:WALL-OUTER
G1 F3600 E1
G1 F2400 X39.021 Y4.749 E0.21332
G1 X39.111 Y3.97 E0.01907
G1 X39.199 Y2.955 E0.02478
G1 X39.262 Y1.983 E0.02369
G1 X39.298 Y0.989 E0.02419
G1 X39.313 Y0.00 E0.02406
G1 X39.297 Y-1.03 E0.02505
G1 X39.26 Y-2.026 E0.02424
G1 X39.196 Y-3.002 E0.02379
G1 X39.11 Y-3.985 E0.024
G1 X39.021 Y-4.75 E0.01873
G1 X30.25 Y-4.75 E0.21332
G1 X30.25 Y4.75 E0.23105
G0 F12000 X31.05 Y4.75
G0 X31.425 Y3.575
G1 F3600 E-1
;MESH:NONMESH
G0 F600 X31.425 Y3.575 Z16.16
G0 F12000 X30.495 Y3.546
G0 X-30.495 Y3.546
G0 X-31.08 Y3.546
;TIME_ELAPSED:503.096095
;LAYER:122
;TYPE:FILL
;MESH:bridge.stl
G1 F3600 E1
G1 F9600 X-31.471 Y2.709 E0.02247
G1 X-31.781 Y1.806 E0.02322
G1 X-31.967 Y0.903 E0.02242
G1 X-31.59 Y0.00 E0.0238
G1 X-31.08 Y-.252 E0.01384
G1 X-31.08 Y-3.92 E0.08921
G1 X-34.17 Y-3.92 E0.07515
G1 X-33.966 Y-3.612 E0.00899
G1 X-33.544 Y-2.709 E0.02424
G1 X-33.234 Y-1.806 E0.02322
G1 X-33.048 Y-.903 E0.02242
G1 X-33.425 Y0.00 E0.0238
G1 X-35.255 Y0.903 E0.04963
G1 X-36.756 Y1.806 E0.0426
G1 X-37.676 Y2.709 E0.03135
G1 X-38.218 Y3.529 E0.02391
G1 F3600 E-1
G0 F12000 X-31.045 Y3.955
G0 X-30.675 Y4.325
;TYPE:WALL-INNER
G1 F3600 E1
G1 F4800 X-30.675 Y-4.325 E0.21038
G1 X-38.558 Y-4.325 E0.19173
G1 X-38.679 Y-2.928 E0.0341
G1 X-38.742 Y-1.931 E0.0243
G1 X-38.781 Y-.978 E0.0232
G1 X-38.793 Y0.00 E0.02379
G1 X-38.781 Y0.978 E0.02379
G1 X-38.74 Y1.989 E0.02461
G1 X-38.677 Y2.962 E0.02371
G1 X-38.558 Y4.325 E0.03328
G1 X-30.675 Y4.325 E0.19173
G1 F3600 E-1
G0 F12000 X-30.25 Y4.75
;TYPE:WALL-OUTER
G1 F3600 E1
G1 F2400 X-30.25 Y-4.75 E0.23105
G1 X-38.928 Y-4.75 E0.21106
G1 X-39.016 Y-3.961 E0.01931
G1 X-39.103 Y-2.955 E0.02456
G1 X-39.166 Y-1.982 E0.02371
G1 X-39.206 Y-.989 E0.02417
G1 X-39.218 Y0.00 E0.02406
G1 X-39.206 Y0.989 E0.02406
G1 X-39.164 Y2.016 E0.025
G1 X-39.1 Y2.999 E0.02396
G1 X-39.014 Y3.979 E0.02393
G1 X-38.928 Y4.75 E0.01887
G1 X-30.25 Y4.75 E0.21106
G0 F12000 X-30.25 Y3.95
G0 X-31.425 Y3.575
G1 F3600 E-1
G0 F12000 X-30.495 Y3.92
G0 X30.495 Y3.92
G0 X33.823 Y3.92
;TYPE:FILL
G1 F3600 E1
G1 F9600 X33.967 Y3.612 E0.00827
G1 X34.564 Y2.709 E0.02633
G1 X35.484 Y1.806 E0.03135
G1 X36.985 Y0.903 E0.0426
G1 X38.384 Y0.213 E0.03794
G1 F3600 E-1
G0 F12000 X31.045 Y3.955
G0 X30.675 Y4.325
;TYPE:WALL-INNER
G1 F3600 E1
G1 F4800 X38.557 Y4.324 E0.1917
G1 X38.679 Y2.928 E0.03408
G1 X38.742 Y1.931 E0.0243
G1 X38.781 Y0.978 E0.0232
G1 X38.792 Y-0.048 E0.02496
G1 X38.781 Y-.982 E0.02272
G1 X38.74 Y-1.994 E0.02463
G1 X38.677 Y-2.965 E0.02367
G1 X38.558 Y-4.325 E0.0332
G1 X30.675 Y-4.325 E0.19173
G1 X30.675 Y4.325 E0.21038
G1 F3600 E-1
G0 F12000 X30.25 Y4.75
;TYPE:WALL-OUTER
G1 F3600 E1
G1 F2400 X38.928 Y4.749 E0.21106
G1 X39.015 Y3.971 E0.01904
G1 X39.103 Y2.955 E0.0248
G1 X39.166 Y1.982 E0.02371
G1 X39.206 Y0.989 E0.02417
G1 X39.217 Y-0.053 E0.02534
G1 X39.206 Y-.993 E0.02286
G1 X39.164 Y-2.021 E0.02502
G1 X39.1 Y-3.002 E0.02391
G1 X39.014 Y-3.984 E0.02398
G1 X38.928 Y-4.75 E0.01875
G1 X30.25 Y-4.75 E0.21106
G1 X30.25 Y4.75 E0.23105
G0 F12000 X31.05 Y4.75
G0 X31.425 Y3.575
G1 F3600 E-1
;MESH:NONMESH
G0 F600 X31.425 Y3.575 Z16.29
G0 F12000 X30.495 Y-.543
G0 X-30.495 Y-.543
G0 X-31.08 Y-.543
;TIME_ELAPSED:507.787302
;LAYER:123
;TYPE:FILL
;MESH:bridge.stl
G1 F3600 E1
G1 F9600 X-31.605 Y-.392 E0.01329
G1 X-32.508 Y-.573 E0.0224
G1 X-33.411 Y-2.643 E0.05493
G1 X-34.139 Y-3.92 E0.03575
G1 X-38.087 Y-3.92 E0.09602
G1 X-38.184 Y-2.891 E0.02514
G1 X-38.24 Y-1.944 E0.02307
G1 X-38.28 Y-.958 E0.024
G1 X-38.292 Y0.009 E0.02352
G1 X-38.28 Y0.959 E0.02311
G1 X-38.239 Y1.966 E0.02451
G1 X-38.181 Y2.929 E0.02346
G1 X-38.14 Y3.371 E0.0108
G1 X-37.926 Y2.996 E0.0105
G1 X-37.023 Y2.047 E0.03186
G1 X-36.12 Y1.432 E0.02657
G1 X-35.217 Y0.991 E0.02444
G1 X-34.314 Y0.65 E0.02348
G1 X-33.411 Y0.391 E0.02285
G1 X-32.508 Y0.572 E0.0224
G1 X-31.605 Y2.642 E0.05493
G1 X-31.08 Y3.564 E0.0258
G0 F12000 X-30.675 Y4.325
;TYPE:WALL-INNER
G1 F4800 X-30.675 Y-4.325 E0.21038
G1 X-38.452 Y-4.325 E0.18915
G1 X-38.588 Y-2.922 E0.03428
G1 X-38.646 Y-1.938 E0.02397
G1 X-38.685 Y-.978 E0.02337
G1 X-38.697 Y0.00 E0.02379
G1 X-38.685 Y0.978 E0.02379
G1 X-38.645 Y1.985 E0.02451
G1 X-38.584 Y2.967 E0.02393
G1 X-38.452 Y4.325 E0.03318
G1 X-30.675 Y4.325 E0.18915
G1 F3600 E-1
G0 F12000 X-30.25 Y4.75
;TYPE:WALL-OUTER
G1 F3600 E1
G1 F2400 X-30.25 Y-4.75 E0.23105
G1 X-38.832 Y-4.75 E0.20873
G1 X-38.919 Y-3.963 E0.01926
G1 X-39.012 Y-2.947 E0.02481
G1 X-39.071 Y-1.955 E0.02417
G1 X-39.11 Y-.989 E0.02351
G1 X-39.122 Y0.00 E0.02406
G1 X-39.11 Y0.989 E0.02406
G1 X-39.069 Y2.011 E0.02488
G1 X-39.013 Y2.946 E0.02278
G1 X-38.918 Y3.977 E0.02518
G1 X-38.832 Y4.75 E0.01892
G1 X-30.25 Y4.75 E0.20873
G0 F12000 X-30.25 Y3.95
G0 X-31.425 Y3.575
G1 F3600 E-1
G0 F12000 X-30.495 Y3.919
G0 X30.495 Y3.919
G0 X33.788 Y3.919
;TYPE:FILL
G1 F3600 E1
G1 F9600 X34.314 Y2.996 E0.02584
G1 X35.217 Y2.047 E0.03186
G1 X36.12 Y1.432 E0.02657
G1 X37.023 Y0.991 E0.02444
G1 X37.926 Y0.65 E0.02348
G1 X38.284 Y0.547 E0.00906
G1 F3600 E-1
G0 F12000 X31.045 Y3.955
G0 X30.676 Y4.324
;TYPE:WALL-INNER
G1 F3600 E1
G1 F4800 X38.451 Y4.324 E0.1891
G1 X38.588 Y2.922 E0.03426
G1 X38.646 Y1.938 E0.02397
G1 X38.685 Y0.978 E0.02337
G1 X38.696 Y-0.047 E0.02493
G1 X38.685 Y-.982 E0.02274
G1 X38.645 Y-1.989 E0.02451
G1 X38.585 Y-2.971 E0.02393
G1 X38.453 Y-4.325 E0.03309
G1 X30.675 Y-4.325 E0.18917
G1 X30.676 Y4.324 E0.21036
G1 F3600 E-1
G0 F12000 X30.251 Y4.749
;TYPE:WALL-OUTER
G1 F3600 E1
G1 F2400 X38.832 Y4.749 E0.2087
G1 X38.919 Y3.963 E0.01923
G1 X39.012 Y2.947 E0.02481
G1 X39.071 Y1.955 E0.02417
G1 X39.11 Y0.989 E0.02351
G1 X39.121 Y-0.053 E0.02534
G1 X39.11 Y-.993 E0.02286
G1 X39.069 Y-2.015 E0.02488
G1 X39.013 Y-2.95 E0.02278
G1 X38.918 Y-3.981 E0.02518
G1 X38.832 Y-4.75 E0.01882
G1 X30.25 Y-4.75 E0.20873
G1 X30.251 Y4.749 E0.23103
G0 F12000 X31.051 Y4.749
G0 X31.425 Y3.575
G1 F3600 E-1
;MESH:NONMESH
G0 F600 X31.425 Y3.575 Z16.42
G0 F12000 X30.495 Y-.773
G0 X-30.495 Y-.773
G0 X-31.08 Y-.773
;TIME_ELAPSED:512.356687
;LAYER:124
;TYPE:FILL
;MESH:bridge.stl
G1 F3600 E1
G1 F9600 X-31.605 Y-.71 E0.01286
G1 X-32.508 Y-1.209 E0.02509
G1 X-33.411 Y-2.864 E0.04585
G1 X-34.086 Y-3.92 E0.03048
G1 X-37.995 Y-3.92 E0.09507
G1 X-38.088 Y-2.895 E0.02503
G1 X-38.148 Y-1.913 E0.02393
G1 X-38.184 Y-.961 E0.02317
G1 X-38.196 Y0.009 E0.02359
G1 X-38.183 Y0.997 E0.02403
G1 X-38.146 Y1.975 E0.0238
G1 X-38.064 Y3.164 E0.02899
G1 X-37.926 Y2.948 E0.00623
G1 X-37.023 Y2.063 E0.03075
G1 X-36.12 Y1.488 E0.02604
G1 X-35.217 Y1.091 E0.02399
G1 X-34.314 Y0.818 E0.02294
G1 X-33.411 Y0.709 E0.02212
G1 X-32.508 Y1.208 E0.02509
G1 X-31.605 Y2.863 E0.04585
G1 X-31.08 Y3.684 E0.0237
G0 F12000 X-30.675 Y4.325
;TYPE:WALL-INNER
G1 F4800 X-30.675 Y-4.325 E0.21038
G1 X-38.37 Y-4.325 E0.18715
G1 X-38.491 Y-2.928 E0.0341
G1 X-38.553 Y-1.962 E0.02354
G1 X-38.589 Y-.979 E0.02392
G1 X-38.601 Y0.00 E0.02381
G1 X-38.588 Y1.018 E0.02476
G1 X-38.552 Y1.996 E0.0238
G1 X-38.489 Y2.962 E0.02354
G1 X-38.37 Y4.325 E0.03328
G1 X-30.675 Y4.325 E0.18715
G1 F3600 E-1
G0 F12000 X-30.25 Y4.75
;TYPE:WALL-OUTER
G1 F3600 E1
G1 F2400 X-30.25 Y-4.75 E0.23105
G1 X-38.737 Y-4.75 E0.20642
G1 X-38.828 Y-3.959 E0.01937
G1 X-38.915 Y-2.955 E0.02451
G1 X-38.978 Y-1.983 E0.02369
G1 X-39.014 Y-.989 E0.02419
G1 X-39.026 Y0.00 E0.02406
G1 X-39.013 Y1.034 E0.02515
G1 X-38.976 Y2.023 E0.02407
G1 X-38.912 Y2.999 E0.02379
G1 X-38.826 Y3.981 E0.02398
G1 X-38.737 Y4.75 E0.01883
G1 X-30.25 Y4.75 E0.20642
G0 F12000 X-30.25 Y3.95
G0 X-31.425 Y3.575
G1 F3600 E-1
G0 F12000 X-30.495 Y3.919
G0 X30.495 Y3.919
G0 X33.693 Y3.919
;TYPE:FILL
G1 F3600 E1
G1 F9600 X34.314 Y2.948 E0.02803
G1 X35.217 Y2.063 E0.03075
G1 X36.12 Y1.488 E0.02604
G1 X37.023 Y1.091 E0.02399
G1 X37.926 Y0.818 E0.02294
G1 X38.186 Y0.787 E0.00637
G1 F3600 E-1
G0 F12000 X31.045 Y3.955
G0 X30.676 Y4.324
;TYPE:WALL-INNER
G1 F3600 E1
G1 F4800 X38.369 Y4.324 E0.18711
G1 X38.491 Y2.928 E0.03408
G1 X38.553 Y1.962 E0.02354
G1 X38.589 Y0.979 E0.02392
G1 X38.6 Y-0.046 E0.02493
G1 X38.588 Y-1.023 E0.02376
G1 X38.552 Y-1.999 E0.02375
G1 X38.489 Y-2.965 E0.02354
G1 X38.37 Y-4.325 E0.0332
G1 X30.676 Y-4.324 E0.18713
G1 X30.676 Y4.324 E0.21033
G1 F3600 E-1
G0 F12000 X30.251 Y4.749
;TYPE:WALL-OUTER
G1 F3600 E1
G1 F2400 X38.737 Y4.749 E0.20639
G1 X38.827 Y3.97 E0.01907
G1 X38.915 Y2.955 E0.02478
G1 X38.978 Y1.983 E0.02369
G1 X39.014 Y0.989 E0.02419
G1 X39.025 Y-0.052 E0.02532
G1 X39.013 Y-1.039 E0.02401
G1 X38.976 Y-2.026 E0.02402
G1 X38.912 Y-3.002 E0.02379
G1 X38.826 Y-3.985 E0.024
G1 X38.737 Y-4.75 E0.01873
G1 X30.251 Y-4.749 E0.20639
G1 X30.251 Y4.749 E0.23101
G0 F12000 X31.051 Y4.749
G0 X31.425 Y3.575
G1 F3600 E-1
;MESH:NONMESH
G0 F600 X31.425 Y3.575 Z16.55
G0 F12000 X30.495 Y-.975
G0 X-30.495 Y-.975
G0 X-31.08 Y-.975
;TIME_ELAPSED:516.895477
;LAYER:125
;TYPE:FILL
;MESH:bridge.stl
G1 F3600 E1
G1 F9600 X-31.605 Y-.977 E0.01277
G1 X-32.508 Y-1.589 E0.02653
G1 X-33.411 Y-3.047 E0.04171
G1 X-34.027 Y-3.92 E0.02599
G1 X-37.896 Y-3.92 E0.0941
G1 X-37.996 Y-2.823 E0.02679
G1 X-38.052 Y-1.912 E0.0222
G1 X-38.088 Y-.961 E0.02315
G1 X-38.1 Y0.009 E0.02359
G1 X-38.088 Y0.96 E0.02313
G1 X-38.042 Y2.097 E0.02768
G1 X-37.987 Y2.954 E0.02089
G1 X-37.023 Y2.073 E0.03176
G1 X-36.12 Y1.54 E0.0255
G1 X-35.217 Y1.185 E0.0236
G1 X-34.314 Y0.973 E0.02256
G1 X-33.411 Y0.976 E0.02196
G1 X-32.508 Y1.588 E0.02653
G1 X-31.605 Y3.046 E0.04171
G1 X-31.08 Y3.79 E0.02215
G0 F12000 X-30.675 Y4.325
;TYPE:WALL-INNER
G1 F4800 X-30.675 Y-4.325 E0.21038
G1 X-38.27 Y-4.325 E0.18472
G1 X-38.399 Y-2.855 E0.03589
G1 X-38.457 Y-1.962 E0.02176
G1 X-38.493 Y-.979 E0.02392
G1 X-38.505 Y0.00 E0.02381
G1 X-38.493 Y0.978 E0.02379
G1 X-38.448 Y2.117 E0.02772
G1 X-38.393 Y2.966 E0.02069
G1 X-38.271 Y4.325 E0.03319
G1 X-30.675 Y4.325 E0.18475
G1 F3600 E-1
G0 F12000 X-30.25 Y4.75
;TYPE:WALL-OUTER
G1 F3600 E1
G1 F2400 X-30.25 Y-4.75 E0.23105
G1 X-38.637 Y-4.75 E0.20398
G1 X-38.727 Y-3.978 E0.0189
G1 X-38.823 Y-2.882 E0.02676
G1 X-38.882 Y-1.983 E0.02191
G1 X-38.918 Y-.989 E0.02419
G1 X-38.93 Y0.00 E0.02406
G1 X-38.918 Y0.989 E0.02406
G1 X-38.872 Y2.144 E0.02811
G1 X-38.816 Y3.003 E0.02094
G1 X-38.73 Y3.965 E0.02349
G1 X-38.637 Y4.75 E0.01923
G1 X-30.25 Y4.75 E0.20398
G0 F12000 X-30.25 Y3.95
G0 X-31.425 Y3.575
G1 F3600 E-1
G0 F12000 X-30.495 Y3.92
G0 X30.495 Y3.92
G0 X33.592 Y3.92
;TYPE:FILL
G1 F3600 E1
G1 F9600 X34.314 Y2.898 E0.03043
G1 X35.217 Y2.073 E0.02975
G1 X36.12 Y1.54 E0.0255
G1 X37.023 Y1.185 E0.0236
G1 X37.926 Y0.973 E0.02256
G1 X38.088 Y0.974 E0.00394
G1 F3600 E-1
G0 F12000 X31.045 Y3.955
G0 X30.675 Y4.325
;TYPE:WALL-INNER
G1 F3600 E1
G1 F4800 X38.27 Y4.325 E0.18472
G1 X38.399 Y2.855 E0.03589
G1 X38.457 Y1.962 E0.02176
G1 X38.493 Y0.979 E0.02392
G1 X38.504 Y-0.046 E0.02493
G1 X38.493 Y-.982 E0.02277
G1 X38.448 Y-2.117 E0.02763
G1 X38.393 Y-2.965 E0.02067
G1 X38.272 Y-4.325 E0.03321
G1 X30.675 Y-4.325 E0.18477
G1 X30.675 Y4.325 E0.21038
G1 F3600 E-1
G0 F12000 X30.25 Y4.75
;TYPE:WALL-OUTER
G1 F3600 E1
G1 F2400 X38.637 Y4.75 E0.20398
G1 X38.727 Y3.978 E0.0189
G1 X38.823 Y2.882 E0.02676
G1 X38.882 Y1.983 E0.02191
G1 X38.918 Y0.989 E0.02419
G1 X38.929 Y-0.052 E0.02532
G1 X38.918 Y-.993 E0.02289
G1 X38.872 Y-2.144 E0.02802
G1 X38.816 Y-3.002 E0.02091
G1 X38.73 Y-3.969 E0.02361
G1 X38.637 Y-4.75 E0.01913
G1 X30.25 Y-4.75 E0.20398
G1 X30.25 Y4.75 E0.23105
G0 F12000 X31.05 Y4.75
G0 X31.425 Y3.575
G1 F3600 E-1
;MESH:NONMESH
G0 F600 X31.425 Y3.575 Z16.68
G0 F12000 X30.495 Y-1.156
G0 X-30.495 Y-1.156
G0 X-31.08 Y-1.156
;TIME_ELAPSED:521.403116
;LAYER:126
;TYPE:FILL
;MESH:bridge.stl
G1 F3600 E1
G1 F9600 X-31.605 Y-1.209 E0.01283
G1 X-32.508 Y-1.879 E0.02735
G1 X-33.411 Y-3.206 E0.03904
G1 X-33.962 Y-3.92 E0.02194
G1 X-37.796 Y-3.92 E0.09325
G1 X-37.897 Y-2.913 E0.02461
G1 X-37.961 Y-1.874 E0.02532
G1 X-37.996 Y-.887 E0.02402
G1 X-38.008 Y0.095 E0.02389
G1 X-37.991 Y1.07 E0.02372
G1 X-37.954 Y1.97 E0.02191
G1 X-37.903 Y2.828 E0.0209
G1 X-37.023 Y2.079 E0.02811
G1 X-36.12 Y1.586 E0.02502
G1 X-35.217 Y1.273 E0.02324
G1 X-34.314 Y1.117 E0.02229
G1 X-33.411 Y1.208 E0.02207
G1 X-32.508 Y1.878 E0.02735
G1 X-31.605 Y3.205 E0.03904
G1 X-31.08 Y3.885 E0.02089
G0 F12000 X-30.675 Y4.325
;TYPE:WALL-INNER
G1 F4800 X-30.675 Y-4.325 E0.21038
G1 X-38.16 Y-4.325 E0.18205
G1 X-38.299 Y-2.969 E0.03315
G1 X-38.365 Y-1.922 E0.02552
G1 X-38.401 Y-.904 E0.02477
G1 X-38.413 Y0.086 E0.02408
G1 X-38.396 Y1.09 E0.02442
G1 X-38.36 Y1.988 E0.02186
G1 X-38.301 Y2.941 E0.02322
G1 X-38.219 Y3.824 E0.02157
G1 X-38.162 Y4.325 E0.01226
G1 X-30.675 Y4.325 E0.18209
G1 F3600 E-1
G0 F12000 X-30.25 Y4.75
;TYPE:WALL-OUTER
G1 F3600 E1
G1 F2400 X-30.25 Y-4.75 E0.23105
G1 X-38.537 Y-4.75 E0.20155
G1 X-38.613 Y-4.109 E0.0157
G1 X-38.722 Y-3.003 E0.02703
G1 X-38.79 Y-1.943 E0.02583
G1 X-38.826 Y-.914 E0.02504
G1 X-38.838 Y0.087 E0.02435
G1 X-38.821 Y1.107 E0.02481
G1 X-38.784 Y2.014 E0.02208
G1 X-38.725 Y2.98 E0.02354
G1 X-38.642 Y3.872 E0.02179
G1 X-38.541 Y4.75 E0.0215
G1 X-30.25 Y4.75 E0.20165
G0 F12000 X-30.25 Y3.95
G0 X-31.425 Y3.575
G1 F3600 E-1
G0 F12000 X-30.495 Y3.919
G0 X30.495 Y3.919
G0 X33.487 Y3.919
;TYPE:FILL
G1 F3600 E1
G1 F9600 X34.314 Y2.848 E0.03291
G1 X35.217 Y2.079 E0.02885
G1 X36.12 Y1.586 E0.02502
G1 X37.023 Y1.273 E0.02324
G1 X37.926 Y1.117 E0.02229
G1 X37.987 Y1.123 E0.00149
G1 F3600 E-1
G0 F12000 X31.045 Y3.955
G0 X30.676 Y4.324
;TYPE:WALL-INNER
G1 F3600 E1
G1 F4800 X38.16 Y4.325 E0.18202
G1 X38.3 Y2.945 E0.03374
G1 X38.365 Y1.922 E0.02493
G1 X38.401 Y0.904 E0.02477
G1 X38.412 Y-.14 E0.02539
G1 X38.396 Y-1.09 E0.02311
G1 X38.36 Y-1.992 E0.02196
G1 X38.301 Y-2.946 E0.02325
G1 X38.22 Y-3.827 E0.02152
G1 X38.16 Y-4.325 E0.0122
G1 X30.675 Y-4.325 E0.18205
G1 X30.676 Y4.324 E0.21036
G1 F3600 E-1
G0 F12000 X30.251 Y4.749
;TYPE:WALL-OUTER
G1 F3600 E1
G1 F2400 X38.537 Y4.75 E0.20153
G1 X38.613 Y4.109 E0.0157
G1 X38.722 Y3.003 E0.02703
G1 X38.79 Y1.943 E0.02583
G1 X38.826 Y0.914 E0.02504
G1 X38.837 Y-.146 E0.02578
G1 X38.821 Y-1.106 E0.02335
G1 X38.784 Y-2.018 E0.0222
G1 X38.729 Y-2.927 E0.02215
G1 X38.642 Y-3.877 E0.0232
G1 X38.538 Y-4.75 E0.02138
G1 X30.25 Y-4.75 E0.20158
G1 X30.251 Y4.749 E0.23103
G0 F12000 X31.051 Y4.749
G0 X31.425 Y3.575
G1 F3600 E-1
;MESH:NONMESH
G0 F600 X31.425 Y3.575 Z16.81
G0 F12000 X30.495 Y-1.321
G0 X-30.495 Y-1.321
G0 X-31.08 Y-1.321
;TIME_ELAPSED:525.882310
;LAYER:127
;TYPE:FILL
;MESH:bridge.stl
G1 F3600 E1
G1 F9600 X-31.605 Y-1.416 E0.01298
G1 X-32.508 Y-2.12 E0.02785
G1 X-33.411 Y-3.35 E0.03711
G1 X-33.888 Y-3.92 E0.01808
G1 X-37.698 Y-3.92 E0.09266
G1 X-37.796 Y-2.892 E0.02512
G1 X-37.857 Y-1.974 E0.02238
G1 X-37.9 Y-.975 E0.02432
G1 X-37.912 Y0.003 E0.02379
G1 X-37.9 Y0.94 E0.02279
G1 X-37.858 Y1.911 E0.02364
G1 X-37.808 Y2.703 E0.0193
G1 X-37.023 Y2.081 E0.02436
G1 X-36.12 Y1.627 E0.02458
G1 X-35.217 Y1.355 E0.02294
G1 X-34.314 Y1.252 E0.0221
G1 X-33.411 Y1.415 E0.02232
G1 X-32.508 Y2.119 E0.02785
G1 X-31.605 Y3.349 E0.03711
G1 X-31.127 Y3.92 E0.01811
G0 F12000 X-30.675 Y4.325
;TYPE:WALL-INNER
G1 F4800 X-30.675 Y-4.325 E0.21038
G1 X-38.072 Y-4.325 E0.17991
G1 X-38.199 Y-2.925 E0.03419
G1 X-38.262 Y-2.022 E0.02202
G1 X-38.305 Y-.997 E0.02495
G1 X-38.317 Y-0.005 E0.02413
G1 X-38.305 Y0.961 E0.0235
G1 X-38.264 Y1.931 E0.02361
G1 X-38.197 Y2.963 E0.02515
G1 X-38.072 Y4.325 E0.03327
G1 X-30.675 Y4.325 E0.17991
G1 F3600 E-1
G0 F12000 X-30.25 Y4.75
;TYPE:WALL-OUTER
G1 F3600 E1
G1 F2400 X-30.25 Y-4.75 E0.23105
G1 X-38.441 Y-4.75 E0.19922
G1 X-38.532 Y-3.96 E0.01934
G1 X-38.623 Y-2.954 E0.02457
G1 X-38.686 Y-2.046 E0.02214
G1 X-38.73 Y-1.009 E0.02524
G1 X-38.742 Y-0.005 E0.02442
G1 X-38.73 Y0.973 E0.02379
G1 X-38.688 Y1.959 E0.024
G1 X-38.62 Y3.002 E0.02542
G1 X-38.53 Y3.978 E0.02384
G1 X-38.441 Y4.75 E0.0189
G1 X-30.25 Y4.75 E0.19922
G0 F12000 X-30.25 Y3.95
G0 X-31.425 Y3.575
G1 F3600 E-1
G0 F12000 X-30.495 Y-3.92
G0 X30.495 Y-3.92
G0 X31.638 Y-3.92
;TYPE:FILL
G1 F3600 E1
G1 F9600 X31.08 Y-3.248 E0.02124
G1 X31.081 Y3.919 E0.17431
G1 X33.378 Y3.919 E0.05587
G1 X34.314 Y2.796 E0.03556
G1 X35.217 Y2.081 E0.02801
G1 X36.12 Y1.627 E0.02458
G1 X37.023 Y1.355 E0.02294
G1 X37.888 Y1.256 E0.02118
G1 F3600 E-1
G0 F12000 X31.045 Y3.955
G0 X30.676 Y4.324
;TYPE:WALL-INNER
G1 F3600 E1
G1 F4800 X38.072 Y4.325 E0.17988
G1 X38.199 Y2.925 E0.03419
G1 X38.261 Y2.022 E0.02201
G1 X38.305 Y0.997 E0.02495
G1 X38.316 Y-0.04 E0.02522
G1 X38.305 Y-.961 E0.0224
G1 X38.264 Y-1.935 E0.02371
G1 X38.197 Y-2.966 E0.02513
G1 X38.072 Y-4.325 E0.03319
G1 X30.675 Y-4.325 E0.17991
G1 X30.676 Y4.324 E0.21036
G1 F3600 E-1
G0 F12000 X30.251 Y4.749
;TYPE:WALL-OUTER
G1 F3600 E1
G1 F2400 X38.441 Y4.75 E0.19919
G1 X38.532 Y3.96 E0.01934
G1 X38.623 Y2.954 E0.02457
G1 X38.686 Y2.046 E0.02214
G1 X38.73 Y1.009 E0.02524
G1 X38.741 Y-0.045 E0.02564
G1 X38.73 Y-.973 E0.02257
G1 X38.688 Y-1.963 E0.0241
G1 X38.62 Y-3.005 E0.0254
G1 X38.533 Y-3.964 E0.02342
G1 X38.441 Y-4.75 E0.01925
G1 X30.25 Y-4.75 E0.19922
G1 X30.251 Y4.749 E0.23103
G0 F12000 X31.051 Y4.749
G0 X31.425 Y3.575
G1 F3600 E-1
;MESH:NONMESH
G0 F600 X31.425 Y3.575 Z16.94
G0 F12000 X30.495 Y-1.472
G0 X-30.495 Y-1.472
G0 X-31.08 Y-1.472
;TIME_ELAPSED:530.528817
;LAYER:128
;TYPE:FILL
;MESH:bridge.stl
G1 F3600 E1
G1 F9600 X-31.605 Y-1.602 E0.01315
G1 X-32.508 Y-2.329 E0.0282
G1 X-33.411 Y-3.481 E0.0356
G1 X-33.807 Y-3.92 E0.01438
G1 X-37.602 Y-3.92 E0.0923
G1 X-37.7 Y-2.891 E0.02514
G1 X-37.761 Y-1.915 E0.02378
G1 X-37.8 Y-.958 E0.02329
G1 X-37.812 Y0.009 E0.02352
G1 X-37.8 Y0.959 E0.02311
G1 X-37.758 Y1.968 E0.02456
G1 X-37.719 Y2.59 E0.01516
G1 X-37.023 Y2.078 E0.02101
G1 X-36.12 Y1.664 E0.02416
G1 X-35.217 Y1.431 E0.02268
G1 X-34.314 Y1.377 E0.022
G1 X-33.411 Y1.601 E0.02263
G1 X-32.508 Y2.328 E0.0282
G1 X-31.605 Y3.48 E0.0356
G1 X-31.208 Y3.92 E0.01441
G0 F12000 X-30.675 Y4.325
;TYPE:WALL-INNER
G1 F4800 X-30.675 Y-4.325 E0.21038
G1 X-37.976 Y-4.325 E0.17757
G1 X-38.103 Y-2.923 E0.03424
G1 X-38.166 Y-1.931 E0.02418
G1 X-38.205 Y-.978 E0.0232
G1 X-38.217 Y0.00 E0.02379
G1 X-38.205 Y0.978 E0.02379
G1 X-38.164 Y1.989 E0.02461
G1 X-38.101 Y2.963 E0.02374
G1 X-37.976 Y4.325 E0.03327
G1 X-30.675 Y4.325 E0.17757
G1 F3600 E-1
G0 F12000 X-30.25 Y4.75
;TYPE:WALL-OUTER
G1 F3600 E1
G1 F2400 X-30.25 Y-4.75 E0.23105
G1 X-38.342 Y-4.75 E0.19681
G1 X-38.436 Y-3.958 E0.0194
G1 X-38.526 Y-2.976 E0.02398
G1 X-38.59 Y-1.982 E0.02423
G1 X-38.63 Y-.989 E0.02417
G1 X-38.642 Y0.00 E0.02406
G1 X-38.63 Y0.989 E0.02406
G1 X-38.588 Y2.016 E0.025
G1 X-38.524 Y3.002 E0.02403
G1 X-38.434 Y3.98 E0.02389
G1 X-38.342 Y4.75 E0.01886
G1 X-30.25 Y4.75 E0.19681
G0 F12000 X-30.25 Y3.95
G0 X-31.425 Y3.575
G1 F3600 E-1
G0 F12000 X-30.495 Y-3.92
G0 X30.495 Y-3.92
G0 X31.743 Y-3.92
;TYPE:FILL
G1 F3600 E1
G1 F9600 X31.605 Y-3.744 E0.00544
G1 X31.08 Y-3.162 E0.01906
G1 X31.08 Y3.92 E0.17224
G1 X33.251 Y3.92 E0.0528
G1 X34.314 Y2.742 E0.03859
G1 X35.217 Y2.078 E0.02726
G1 X36.12 Y1.664 E0.02416
G1 X37.023 Y1.431 E0.02268
G1 X37.782 Y1.386 E0.01849
G1 F3600 E-1
G0 F12000 X31.045 Y3.955
G0 X30.675 Y4.325
;TYPE:WALL-INNER
G1 F3600 E1
G1 F4800 X37.976 Y4.325 E0.17757
G1 X38.103 Y2.923 E0.03424
G1 X38.166 Y1.931 E0.02418
G1 X38.205 Y0.978 E0.0232
G1 X38.216 Y-0.044 E0.02486
G1 X38.205 Y-.982 E0.02282
G1 X38.164 Y-1.994 E0.02463
G1 X38.101 Y-2.966 E0.02369
G1 X37.976 Y-4.325 E0.03319
G1 X30.675 Y-4.325 E0.17757
G1 X30.675 Y4.325 E0.21038
G1 F3600 E-1
G0 F12000 X30.25 Y4.75
;TYPE:WALL-OUTER
G1 F3600 E1
G1 F2400 X38.342 Y4.75 E0.19681
G1 X38.436 Y3.958 E0.0194
G1 X38.526 Y2.976 E0.02398
G1 X38.59 Y1.982 E0.02423
G1 X38.63 Y0.989 E0.02417
G1 X38.641 Y-0.05 E0.02527
G1 X38.63 Y-.993 E0.02294
G1 X38.588 Y-2.021 E0.02502
G1 X38.524 Y-3.005 E0.02398
G1 X38.434 Y-3.984 E0.02391
G1 X38.342 Y-4.75 E0.01876
G1 X30.25 Y-4.75 E0.19681
G1 X30.25 Y4.75 E0.23105
G0 F12000 X31.05 Y4.75
G0 X31.425 Y3.575
G1 F3600 E-1
;MESH:NONMESH
G0 F600 X31.425 Y3.575 Z17.07
G0 F12000 X30.495 Y-1.612
G0 X-30.495 Y-1.612
G0 X-31.08 Y-1.612
;TIME_ELAPSED:535.151690
;LAYER:129
;TYPE:FILL
;MESH:bridge.stl
G1 F3600 E1
G1 F9600 X-31.605 Y-1.772 E0.01335
G1 X-32.508 Y-2.515 E0.02844
G1 X-33.411 Y-3.605 E0.03443
G1 X-33.716 Y-3.92 E0.01066
G1 X-37.503 Y-3.92 E0.09211
G1 X-37.6 Y-2.89 E0.02516
G1 X-37.661 Y-1.915 E0.02376
G1 X-37.7 Y-.958 E0.02329
G1 X-37.712 Y0.009 E0.02352
G1 X-37.7 Y0.959 E0.02311
G1 X-37.658 Y1.968 E0.02456
G1 X-37.626 Y2.482 E0.01253
G1 X-37.023 Y2.071 E0.01775
G1 X-36.12 Y1.696 E0.02378
G1 X-35.217 Y1.502 E0.02246
G1 X-34.314 Y1.495 E0.02196
G1 X-33.411 Y1.771 E0.02297
G1 X-32.508 Y2.514 E0.02844
G1 X-31.605 Y3.604 E0.03443
G1 X-31.299 Y3.92 E0.0107
G0 F12000 X-30.675 Y4.325
;TYPE:WALL-INNER
G1 F4800 X-30.675 Y-4.325 E0.21038
G1 X-37.877 Y-4.325 E0.17516
G1 X-38.003 Y-2.923 E0.03424
G1 X-38.066 Y-1.931 E0.02418
G1 X-38.105 Y-.978 E0.0232
G1 X-38.117 Y0.00 E0.02379
G1 X-38.105 Y0.978 E0.02379
G1 X-38.064 Y1.989 E0.02461
G1 X-38.001 Y2.963 E0.02374
G1 X-37.876 Y4.325 E0.03327
G1 X-30.675 Y4.325 E0.17514
G1 F3600 E-1
G0 F12000 X-30.25 Y4.75
;TYPE:WALL-OUTER
G1 F3600 E1
G1 F2400 X-30.25 Y-4.75 E0.23105
G1 X-38.245 Y-4.75 E0.19445
G1 X-38.336 Y-3.96 E0.01934
G1 X-38.426 Y-2.976 E0.02403
G1 X-38.49 Y-1.982 E0.02423
G1 X-38.53 Y-.989 E0.02417
G1 X-38.542 Y0.00 E0.02406
G1 X-38.53 Y0.989 E0.02406
G1 X-38.488 Y2.016 E0.025
G1 X-38.424 Y3.002 E0.02403
G1 X-38.334 Y3.978 E0.02384
G1 X-38.245 Y4.75 E0.0189
G1 X-30.25 Y4.75 E0.19445
G0 F12000 X-30.25 Y3.95
G0 X-31.425 Y3.575
G1 F3600 E-1
G0 F12000 X-30.495 Y-3.92
G0 X30.495 Y-3.92
G0 X31.854 Y-3.92
;TYPE:FILL
G1 F3600 E1
G1 F9600 X31.605 Y-3.62 E0.00948
G1 X31.08 Y-3.078 E0.01835
G1 X31.08 Y3.92 E0.1702
G1 X33.162 Y3.92 E0.05064
G1 X33.411 Y3.619 E0.0095
G1 X34.314 Y2.687 E0.03156
G1 X35.217 Y2.071 E0.02659
G1 X36.12 Y1.696 E0.02378
G1 X37.023 Y1.502 E0.02246
G1 X37.677 Y1.497 E0.01591
G1 F3600 E-1
G0 F12000 X31.045 Y3.955
G0 X30.675 Y4.325
;TYPE:WALL-INNER
G1 F3600 E1
G1 F4800 X37.877 Y4.325 E0.17516
G1 X38.003 Y2.923 E0.03424
G1 X38.066 Y1.931 E0.02418
G1 X38.105 Y0.978 E0.0232
G1 X38.116 Y-0.044 E0.02486
G1 X38.105 Y-.982 E0.02282
G1 X38.064 Y-1.994 E0.02463
G1 X38.001 Y-2.966 E0.02369
G1 X37.876 Y-4.325 E0.03319
G1 X30.675 Y-4.325 E0.17514
G1 X30.675 Y4.325 E0.21038
G1 F3600 E-1
G0 F12000 X30.25 Y4.75
;TYPE:WALL-OUTER
G1 F3600 E1
G1 F2400 X38.245 Y4.75 E0.19445
G1 X38.336 Y3.96 E0.01934
G1 X38.426 Y2.976 E0.02403
G1 X38.49 Y1.982 E0.02423
G1 X38.53 Y0.989 E0.02417
G1 X38.541 Y-0.049 E0.02525
G1 X38.53 Y-.993 E0.02296
G1 X38.488 Y-2.021 E0.02502
G1 X38.424 Y-3.005 E0.02398
G1 X38.337 Y-3.964 E0.02342
G1 X38.245 Y-4.75 E0.01925
G1 X30.25 Y-4.75 E0.19445
G1 X30.25 Y4.75 E0.23105
G0 F12000 X31.05 Y4.75
G0 X31.425 Y3.575
G1 F3600 E-1
;MESH:NONMESH
G0 F600 X31.425 Y3.575 Z17.2
G0 F12000 X30.495 Y-1.741
G0 X-30.495 Y-1.741
G0 X-31.08 Y-1.741
;TIME_ELAPSED:539.753937
;LAYER:130
;TYPE:FILL
;MESH:bridge.stl
G1 F3600 E1
G1 F9600 X-31.605 Y-1.929 E0.01356
G1 X-32.508 Y-2.685 E0.02864
G1 X-33.582 Y-3.92 E0.03981
G1 X-37.403 Y-3.92 E0.09293
G1 X-37.501 Y-2.886 E0.02526
G1 X-37.566 Y-1.935 E0.02318
G1 X-37.6 Y-.961 E0.0237
G1 X-37.616 Y0.011 E0.02364
G1 X-37.599 Y0.993 E0.02389
G1 X-37.549 Y2.392 E0.03405
G1 X-37.023 Y2.06 E0.01513
G1 X-36.12 Y1.723 E0.02344
G1 X-35.217 Y1.569 E0.02228
G1 X-34.314 Y1.605 E0.02198
G1 X-33.411 Y1.928 E0.02333
G1 X-32.508 Y2.684 E0.02864
G1 X-31.605 Y3.722 E0.03346
G1 X-31.4 Y3.92 E0.00693
G0 F12000 X-30.675 Y4.325
;TYPE:WALL-INNER
G1 F4800 X-30.675 Y-4.325 E0.21038
G1 X-37.777 Y-4.325 E0.17273
G1 X-37.903 Y-2.924 E0.03421
G1 X-37.969 Y-1.96 E0.0235
G1 X-38.005 Y-.978 E0.0239
G1 X-38.021 Y0.00 E0.02379
G1 X-38.004 Y1.011 E0.02459
G1 X-37.967 Y1.999 E0.02405
G1 X-37.901 Y2.958 E0.02338
G1 X-37.776 Y4.325 E0.03339
G1 X-30.675 Y4.325 E0.17271
G1 F3600 E-1
G0 F12000 X-30.25 Y4.75
;TYPE:WALL-OUTER
G1 F3600 E1
G1 F2400 X-30.25 Y-4.75 E0.23105
G1 X-38.145 Y-4.75 E0.19202
G1 X-38.236 Y-3.96 E0.01934
G1 X-38.326 Y-2.976 E0.02403
G1 X-38.394 Y-1.982 E0.02423
G1 X-38.43 Y-.989 E0.02417
G1 X-38.446 Y0.00 E0.02406
G1 X-38.429 Y1.026 E0.02496
G1 X-38.394 Y1.982 E0.02327
G1 X-38.325 Y2.997 E0.02474
G1 X-38.234 Y3.978 E0.02396
G1 X-38.145 Y4.75 E0.0189
G1 X-30.25 Y4.75 E0.19202
G0 F12000 X-30.25 Y3.95
G0 X-31.425 Y3.575
G1 F3600 E-1
G0 F12000 X-30.495 Y-3.92
G0 X30.495 Y-3.92
G0 X31.969 Y-3.92
;TYPE:FILL
G1 F3600 E1
G1 F9600 X31.605 Y-3.502 E0.01348
G1 X31.08 Y-2.996 E0.01773
G1 X31.08 Y3.92 E0.16821
G1 X33.046 Y3.92 E0.04782
G1 X33.411 Y3.501 E0.01352
G1 X34.314 Y2.63 E0.03051
G1 X35.217 Y2.06 E0.02597
G1 X36.12 Y1.723 E0.02344
G1 X37.023 Y1.569 E0.02228
G1 X37.576 Y1.591 E0.01346
G1 F3600 E-1
G0 F12000 X31.045 Y3.955
G0 X30.675 Y4.325
;TYPE:WALL-INNER
G1 F3600 E1
G1 F4800 X37.777 Y4.325 E0.17273
G1 X37.903 Y2.924 E0.03421
G1 X37.969 Y1.96 E0.0235
G1 X38.005 Y0.978 E0.0239
G1 X38.02 Y-0.058 E0.0252
G1 X38.004 Y-1.015 E0.02328
G1 X37.967 Y-2.003 E0.02405
G1 X37.901 Y-2.963 E0.0234
G1 X37.776 Y-4.325 E0.03327
G1 X30.675 Y-4.325 E0.17271
G1 X30.675 Y4.325 E0.21038
G1 F3600 E-1
G0 F12000 X30.25 Y4.75
;TYPE:WALL-OUTER
G1 F3600 E1
G1 F2400 X38.145 Y4.75 E0.19202
G1 X38.236 Y3.96 E0.01934
G1 X38.326 Y2.976 E0.02403
G1 X38.394 Y1.982 E0.02423
G1 X38.43 Y0.989 E0.02417
G1 X38.445 Y-0.065 E0.02564
G1 X38.429 Y-1.03 E0.02347
G1 X38.394 Y-1.987 E0.02329
G1 X38.325 Y-3.002 E0.02474
G1 X38.237 Y-3.964 E0.02349
G1 X38.145 Y-4.75 E0.01925
G1 X30.25 Y-4.75 E0.19202
G1 X30.25 Y4.75 E0.23105
G0 F12000 X31.05 Y4.75
G0 X31.425 Y3.575
G1 F3600 E-1
;MESH:NONMESH
G0 F600 X31.425 Y3.575 Z17.33
G0 F12000 X30.495 Y-1.863
G0 X-30.495 Y-1.863
G0 X-31.08 Y-1.863
;TIME_ELAPSED:544.338026
;LAYER:131
;TYPE:FILL
;MESH:bridge.stl
G1 F3600 E1
G1 F9600 X-31.605 Y-2.076 E0.01378
G1 X-32.508 Y-2.843 E0.02882
G1 X-33.486 Y-3.92 E0.03538
G1 X-37.306 Y-3.92 E0.09291
G1 X-37.404 Y-2.891 E0.02514
G1 X-37.465 Y-1.915 E0.02378
G1 X-37.504 Y-.958 E0.02329
G1 X-37.516 Y0.009 E0.02352
G1 X-37.504 Y0.959 E0.02311
G1 X-37.442 Y2.289 E0.03238
G1 X-37.023 Y2.045 E0.01179
G1 X-36.12 Y1.747 E0.02313
G1 X-35.217 Y1.63 E0.02215
G1 X-34.314 Y1.709 E0.02205
G1 X-33.411 Y2.075 E0.0237
G1 X-32.508 Y2.842 E0.02882
G1 X-31.605 Y3.836 E0.03266
G1 X-31.512 Y3.92 E0.00305
G0 F12000 X-30.675 Y4.325
;TYPE:WALL-INNER
G1 F4800 X-30.675 Y-4.325 E0.21038
G1 X-37.68 Y-4.325 E0.17037
G1 X-37.807 Y-2.923 E0.03424
G1 X-37.87 Y-1.931 E0.02418
G1 X-37.909 Y-.978 E0.0232
G1 X-37.921 Y0.00 E0.02379
G1 X-37.909 Y0.978 E0.02379
G1 X-37.868 Y1.989 E0.02461
G1 X-37.805 Y2.963 E0.02374
G1 X-37.68 Y4.325 E0.03327
G1 X-30.675 Y4.325 E0.17037
G1 F3600 E-1
G0 F12000 X-30.25 Y4.75
;TYPE:WALL-OUTER
G1 F3600 E1
G1 F2400 X-30.25 Y-4.75 E0.23105
G1 X-38.046 Y-4.75 E0.18961
G1 X-38.14 Y-3.958 E0.0194
G1 X-38.23 Y-2.976 E0.02398
G1 X-38.294 Y-1.982 E0.02423
G1 X-38.334 Y-.989 E0.02417
G1 X-38.346 Y0.00 E0.02406
G1 X-38.334 Y0.989 E0.02406
G1 X-38.292 Y2.016 E0.025
G1 X-38.228 Y3.002 E0.02403
G1 X-38.138 Y3.98 E0.02389
G1 X-38.046 Y4.75 E0.01886
G1 X-30.25 Y4.75 E0.18961
G0 F12000 X-30.25 Y3.95
G0 X-31.425 Y3.575
G1 F3600 E-1
G0 F12000 X-30.495 Y-3.919
G0 X30.495 Y-3.919
G0 X32.088 Y-3.919
;TYPE:FILL
G1 F3600 E1
G1 F9600 X31.605 Y-3.388 E0.01746
G1 X31.081 Y-2.914 E0.01719
G1 X31.081 Y3.919 E0.16619
G1 X32.927 Y3.919 E0.0449
G1 X33.411 Y3.387 E0.01749
G1 X34.314 Y2.571 E0.0296
G1 X35.217 Y2.045 E0.02542
G1 X36.12 Y1.747 E0.02313
G1 X37.023 Y1.63 E0.02215
G1 X37.474 Y1.669 E0.01101
G1 F3600 E-1
G0 F12000 X31.045 Y3.955
G0 X30.676 Y4.324
;TYPE:WALL-INNER
G1 F3600 E1
G1 F4800 X37.68 Y4.325 E0.17035
G1 X37.807 Y2.923 E0.03424
G1 X37.87 Y1.931 E0.02418
G1 X37.909 Y0.978 E0.0232
G1 X37.92 Y-0.042 E0.02481
G1 X37.909 Y-.982 E0.02286
G1 X37.868 Y-1.994 E0.02463
G1 X37.805 Y-2.966 E0.02369
G1 X37.68 Y-4.325 E0.03319
G1 X30.676 Y-4.324 E0.17035
G1 X30.676 Y4.324 E0.21033
G1 F3600 E-1
G0 F12000 X30.251 Y4.749
;TYPE:WALL-OUTER
G1 F3600 E1
G1 F2400 X38.046 Y4.75 E0.18959
G1 X38.14 Y3.958 E0.0194
G1 X38.23 Y2.976 E0.02398
G1 X38.294 Y1.982 E0.02423
G1 X38.334 Y0.989 E0.02417
G1 X38.345 Y-0.048 E0.02522
G1 X38.334 Y-.993 E0.02299
G1 X38.292 Y-2.021 E0.02502
G1 X38.228 Y-3.005 E0.02398
G1 X38.138 Y-3.984 E0.02391
G1 X38.046 Y-4.75 E0.01876
G1 X30.251 Y-4.749 E0.18959
G1 X30.251 Y4.749 E0.23101
G0 F12000 X31.051 Y4.749
G0 X31.425 Y3.575
G1 F3600 E-1
;MESH:NONMESH
G0 F600 X31.425 Y3.575 Z17.46
G0 F12000 X30.495 Y-1.978
G0 X-30.495 Y-1.978
G0 X-31.08 Y-1.978
;TIME_ELAPSED:548.902831
;LAYER:132
;TYPE:FILL
;MESH:bridge.stl
G1 F3600 E1
G1 F9600 X-31.605 Y-2.213 E0.01399
G1 X-32.508 Y-2.991 E0.02899
G1 X-33.385 Y-3.92 E0.03107
G1 X-37.207 Y-3.92 E0.09296
G1 X-37.304 Y-2.89 E0.02516
G1 X-37.365 Y-1.915 E0.02376
G1 X-37.404 Y-.958 E0.02329
G1 X-37.416 Y0.009 E0.02352
G1 X-37.404 Y0.959 E0.02311
G1 X-37.348 Y2.201 E0.03024
G1 X-37.023 Y2.027 E0.00897
G1 X-36.12 Y1.766 E0.02286
G1 X-35.217 Y1.687 E0.02205
G1 X-34.314 Y1.807 E0.02216
G1 X-33.411 Y2.212 E0.02407
G1 X-32.508 Y2.99 E0.02899
G1 X-31.63 Y3.92 E0.03111
G1 F3600 E-1
G0 F12000 X-30.675 Y4.325
;TYPE:WALL-INNER
G1 F3600 E1
G1 F4800 X-30.675 Y-4.325 E0.21038
G1 X-37.581 Y-4.325 E0.16796
G1 X-37.707 Y-2.923 E0.03424
G1 X-37.77 Y-1.931 E0.02418
G1 X-37.809 Y-.978 E0.0232
G1 X-37.821 Y0.00 E0.02379
G1 X-37.809 Y0.978 E0.02379
G1 X-37.768 Y1.989 E0.02461
G1 X-37.705 Y2.963 E0.02374
G1 X-37.58 Y4.325 E0.03327
G1 X-30.675 Y4.325 E0.16794
G1 F3600 E-1
G0 F12000 X-30.25 Y4.75
;TYPE:WALL-OUTER
G1 F3600 E1
G1 F2400 X-30.25 Y-4.75 E0.23105
G1 X-37.949 Y-4.75 E0.18725
G1 X-38.04 Y-3.96 E0.01934
G1 X-38.13 Y-2.976 E0.02403
G1 X-38.194 Y-1.982 E0.02423
G1 X-38.234 Y-.989 E0.02417
G1 X-38.246 Y0.00 E0.02406
G1 X-38.234 Y0.989 E0.02406
G1 X-38.192 Y2.016 E0.025
G1 X-38.128 Y3.002 E0.02403
G1 X-38.038 Y3.978 E0.02384
G1 X-37.949 Y4.75 E0.0189
G1 X-30.25 Y4.75 E0.18725
G0 F12000 X-30.25 Y3.95
G0 X-31.425 Y3.575
G1 F3600 E-1
G0 F12000 X-30.495 Y-3.92
G0 X30.495 Y-3.92
G0 X32.212 Y-3.92
;TYPE:FILL
G1 F3600 E1
G1 F9600 X31.605 Y-3.277 E0.02151
G1 X31.08 Y-2.832 E0.01674
G1 X31.08 Y3.92 E0.16422
G1 X32.803 Y3.92 E0.04191
G1 X33.411 Y3.276 E0.02154
G1 X34.314 Y2.51 E0.0288
G1 X35.217 Y2.027 E0.02491
G1 X36.12 Y1.766 E0.02286
G1 X37.023 Y1.687 E0.02205
G1 X37.372 Y1.733 E0.00856
G1 F3600 E-1
G0 F12000 X31.045 Y3.955
G0 X30.675 Y4.325
;TYPE:WALL-INNER
G1 F3600 E1
G1 F4800 X37.581 Y4.325 E0.16796
G1 X37.707 Y2.923 E0.03424
G1 X37.77 Y1.931 E0.02418
G1 X37.809 Y0.978 E0.0232
G1 X37.82 Y-0.042 E0.02481
G1 X37.809 Y-.982 E0.02286
G1 X37.768 Y-1.994 E0.02463
G1 X37.705 Y-2.966 E0.02369
G1 X37.58 Y-4.325 E0.03319
G1 X30.675 Y-4.325 E0.16794
G1 X30.675 Y4.325 E0.21038
G1 F3600 E-1
G0 F12000 X30.25 Y4.75
;TYPE:WALL-OUTER
G1 F3600 E1
G1 F2400 X37.949 Y4.75 E0.18725
G1 X38.04 Y3.96 E0.01934
G1 X38.13 Y2.976 E0.02403
G1 X38.194 Y1.982 E0.02423
G1 X38.234 Y0.989 E0.02417
G1 X38.245 Y-0.047 E0.0252
G1 X38.234 Y-.993 E0.02301
G1 X38.192 Y-2.021 E0.02502
G1 X38.128 Y-3.005 E0.02398
G1 X38.041 Y-3.964 E0.02342
G1 X37.949 Y-4.75 E0.01925
G1 X30.25 Y-4.75 E0.18725
G1 X30.25 Y4.75 E0.23105
G0 F12000 X31.05 Y4.75
G0 X31.425 Y3.575
G1 F3600 E-1
;MESH:NONMESH
G0 F600 X31.425 Y3.575 Z17.59
G0 F12000 X30.495 Y-2.085
G0 X-30.495 Y-2.085
G0 X-31.08 Y-2.085
;TIME_ELAPSED:553.520245
;LAYER:133
;TYPE:FILL
;MESH:bridge.stl
G1 F3600 E1
G1 F9600 X-31.605 Y-2.343 E0.01423
G1 X-32.508 Y-3.132 E0.02916
G1 X-33.277 Y-3.92 E0.02678
G1 X-37.107 Y-3.92 E0.09315
G1 X-37.204 Y-2.89 E0.02516
G1 X-37.265 Y-1.915 E0.02376
G1 X-37.304 Y-.958 E0.02329
G1 X-37.316 Y0.009 E0.02352
G1 X-37.304 Y0.959 E0.02311
G1 X-37.253 Y2.117 E0.02819
G1 X-37.023 Y2.005 E0.00622
G1 X-36.12 Y1.781 E0.02263
G1 X-35.217 Y1.74 E0.02198
G1 X-34.314 Y1.899 E0.0223
G1 X-33.411 Y2.342 E0.02446
G1 X-32.508 Y3.131 E0.02916
G1 X-31.738 Y3.92 E0.02681
G1 F3600 E-1
G0 F12000 X-30.675 Y4.325
;TYPE:WALL-INNER
G1 F3600 E1
G1 F4800 X-30.675 Y-4.325 E0.21038
G1 X-37.481 Y-4.325 E0.16553
G1 X-37.607 Y-2.923 E0.03424
G1 X-37.67 Y-1.931 E0.02418
G1 X-37.709 Y-.978 E0.0232
G1 X-37.721 Y0.00 E0.02379
G1 X-37.709 Y0.978 E0.02379
G1 X-37.668 Y1.989 E0.02461
G1 X-37.605 Y2.963 E0.02374
G1 X-37.48 Y4.325 E0.03327
G1 X-30.675 Y4.325 E0.16551
G1 F3600 E-1
G0 F12000 X-30.25 Y4.75
;TYPE:WALL-OUTER
G1 F3600 E1
G1 F2400 X-30.25 Y-4.75 E0.23105
G1 X-37.849 Y-4.75 E0.18482
G1 X-37.94 Y-3.96 E0.01934
G1 X-38.03 Y-2.976 E0.02403
G1 X-38.094 Y-1.982 E0.02423
G1 X-38.134 Y-.989 E0.02417
G1 X-38.146 Y0.00 E0.02406
G1 X-38.134 Y0.989 E0.02406
G1 X-38.092 Y2.016 E0.025
G1 X-38.028 Y3.002 E0.02403
G1 X-37.938 Y3.978 E0.02384
G1 X-37.849 Y4.75 E0.0189
G1 X-30.25 Y4.75 E0.18482
G0 F12000 X-30.25 Y3.95
G0 X-31.425 Y3.575
G1 F3600 E-1
G0 F12000 X-30.495 Y-3.92
G0 X30.495 Y-3.92
G0 X32.339 Y-3.92
;TYPE:FILL
G1 F3600 E1
G1 F9600 X31.605 Y-3.168 E0.02556
G1 X31.08 Y-2.75 E0.01632
G1 X31.081 Y3.919 E0.1622
G1 X32.677 Y3.919 E0.03882
G1 X33.411 Y3.167 E0.02556
G1 X34.314 Y2.447 E0.02809
G1 X35.217 Y2.005 E0.02445
G1 X36.12 Y1.781 E0.02263
G1 X37.023 Y1.74 E0.02198
G1 X37.27 Y1.783 E0.0061
G1 F3600 E-1
G0 F12000 X31.045 Y3.955
G0 X30.676 Y4.324
;TYPE:WALL-INNER
G1 F3600 E1
G1 F4800 X37.481 Y4.325 E0.16551
G1 X37.607 Y2.923 E0.03424
G1 X37.67 Y1.931 E0.02418
G1 X37.709 Y0.978 E0.0232
G1 X37.72 Y-0.041 E0.02479
G1 X37.709 Y-.982 E0.02289
G1 X37.668 Y-1.994 E0.02463
G1 X37.605 Y-2.966 E0.02369
G1 X37.48 Y-4.325 E0.03319
G1 X30.675 Y-4.325 E0.16551
G1 X30.676 Y4.324 E0.21036
G1 F3600 E-1
G0 F12000 X30.251 Y4.749
;TYPE:WALL-OUTER
G1 F3600 E1
G1 F2400 X37.849 Y4.75 E0.18479
G1 X37.94 Y3.96 E0.01934
G1 X38.03 Y2.976 E0.02403
G1 X38.094 Y1.982 E0.02423
G1 X38.134 Y0.989 E0.02417
G1 X38.145 Y-0.047 E0.0252
G1 X38.134 Y-.993 E0.02301
G1 X38.092 Y-2.021 E0.02502
G1 X38.028 Y-3.005 E0.02398
G1 X37.941 Y-3.964 E0.02342
G1 X37.849 Y-4.75 E0.01925
G1 X30.25 Y-4.75 E0.18482
G1 X30.251 Y4.749 E0.23103
G0 F12000 X31.051 Y4.749
G0 X31.425 Y3.575
G1 F3600 E-1
;MESH:NONMESH
G0 F600 X31.425 Y3.575 Z17.72
G0 F12000 X30.495 Y-2.189
G0 X-30.495 Y-2.189
G0 X-31.08 Y-2.189
;TIME_ELAPSED:558.119040
;LAYER:134
;TYPE:FILL
;MESH:bridge.stl
G1 F3600 E1
G1 F9600 X-31.605 Y-2.468 E0.01446
G1 X-32.508 Y-3.269 E0.02936
G1 X-33.164 Y-3.92 E0.02248
G1 X-37.007 Y-3.92 E0.09347
G1 X-37.108 Y-2.889 E0.0252
G1 X-37.168 Y-1.913 E0.02378
G1 X-37.204 Y-.96 E0.02319
G1 X-37.22 Y0.011 E0.02362
G1 X-37.203 Y0.992 E0.02386
G1 X-37.162 Y2.042 E0.02556
G1 X-37.023 Y1.98 E0.0037
G1 X-36.12 Y1.793 E0.02243
G1 X-35.217 Y1.788 E0.02196
G1 X-34.314 Y1.987 E0.02249
G1 X-33.411 Y2.467 E0.02487
G1 X-32.508 Y3.268 E0.02936
G1 X-31.851 Y3.92 E0.02251
G1 F3600 E-1
G0 F12000 X-30.675 Y4.325
;TYPE:WALL-INNER
G1 F3600 E1
G1 F4800 X-30.675 Y-4.325 E0.21038
G1 X-37.372 Y-4.325 E0.16288
G1 X-37.512 Y-2.921 E0.03432
G1 X-37.573 Y-1.962 E0.02337
G1 X-37.609 Y-.978 E0.02395
G1 X-37.625 Y0.00 E0.02379
G1 X-37.608 Y1.011 E0.02459
G1 X-37.572 Y1.996 E0.02397
G1 X-37.509 Y2.963 E0.02357
G1 X-37.384 Y4.325 E0.03327
G1 X-30.675 Y4.325 E0.16317
G1 F3600 E-1
G0 F12000 X-30.25 Y4.75
;TYPE:WALL-OUTER
G1 F3600 E1
G1 F2400 X-30.25 Y-4.75 E0.23105
G1 X-37.752 Y-4.75 E0.18246
G1 X-37.851 Y-3.859 E0.0218
G1 X-37.936 Y-2.948 E0.02225
G1 X-37.998 Y-1.983 E0.02352
G1 X-38.034 Y-.989 E0.02419
G1 X-38.05 Y0.00 E0.02406
G1 X-38.033 Y1.026 E0.02496
G1 X-37.996 Y2.023 E0.02427
G1 X-37.932 Y3.002 E0.02386
G1 X-37.842 Y3.978 E0.02384
G1 X-37.753 Y4.75 E0.0189
G1 X-30.25 Y4.75 E0.18248
G0 F12000 X-30.25 Y3.95
G0 X-31.425 Y3.575
G1 F3600 E-1
G0 F12000 X-30.495 Y-3.92
G0 X30.495 Y-3.92
G0 X32.472 Y-3.92
;TYPE:FILL
G1 F3600 E1
G1 F9600 X31.605 Y-3.06 E0.0297
G1 X31.08 Y-2.666 E0.01596
G1 X31.08 Y3.92 E0.16018
G1 X32.543 Y3.92 E0.03558
G1 X33.411 Y3.059 E0.02974
G1 X34.314 Y2.382 E0.02745
G1 X35.217 Y1.98 E0.02404
G1 X36.12 Y1.793 E0.02243
G1 X37.023 Y1.788 E0.02196
G1 X37.171 Y1.821 E0.00369
G1 F3600 E-1
G0 F12000 X31.045 Y3.955
G0 X30.675 Y4.325
;TYPE:WALL-INNER
G1 F3600 E1
G1 F4800 X37.372 Y4.325 E0.16288
G1 X37.512 Y2.921 E0.03432
G1 X37.573 Y1.962 E0.02337
G1 X37.609 Y0.978 E0.02395
G1 X37.624 Y-0.055 E0.02513
G1 X37.608 Y-1.015 E0.02335
G1 X37.572 Y-1.999 E0.02395
G1 X37.509 Y-2.966 E0.02357
G1 X37.384 Y-4.325 E0.03319
G1 X30.675 Y-4.325 E0.16317
G1 X30.675 Y4.325 E0.21038
G1 F3600 E-1
G0 F12000 X30.25 Y4.75
;TYPE:WALL-OUTER
G1 F3600 E1
G1 F2400 X37.752 Y4.75 E0.18246
G1 X37.851 Y3.859 E0.0218
G1 X37.936 Y2.948 E0.02225
G1 X37.998 Y1.983 E0.02352
G1 X38.034 Y0.989 E0.02419
G1 X38.049 Y-0.062 E0.02556
G1 X38.033 Y-1.03 E0.02355
G1 X37.996 Y-2.026 E0.02424
G1 X37.932 Y-3.005 E0.02386
G1 X37.842 Y-3.984 E0.02391
G1 X37.75 Y-4.75 E0.01876
G1 X30.25 Y-4.75 E0.18241
G1 X30.25 Y4.75 E0.23105
G0 F12000 X31.05 Y4.75
G0 X31.425 Y3.575
G1 F3600 E-1
;MESH:NONMESH
G0 F600 X31.425 Y3.575 Z17.85
G0 F12000 X30.495 Y-2.287
G0 X-30.495 Y-2.287
G0 X-31.08 Y-2.287
;TIME_ELAPSED:562.699844
;LAYER:135
;TYPE:FILL
;MESH:bridge.stl
G1 F3600 E1
G1 F9600 X-31.605 Y-2.587 E0.01471
G1 X-32.508 Y-3.402 E0.02958
G1 X-33.044 Y-3.92 E0.01813
G1 X-36.91 Y-3.92 E0.09403
G1 X-37.008 Y-2.891 E0.02514
G1 X-37.069 Y-1.915 E0.02378
G1 X-37.108 Y-.958 E0.02329
G1 X-37.12 Y0.009 E0.02352
G1 X-37.108 Y0.959 E0.02311
G1 X-37.066 Y1.958 E0.02432
G1 X-36.12 Y1.801 E0.02332
G1 X-35.217 Y1.833 E0.02198
G1 X-34.314 Y2.07 E0.02271
G1 X-33.411 Y2.586 E0.0253
G1 X-32.508 Y3.401 E0.02958
G1 X-31.971 Y3.92 E0.01816
G1 F3600 E-1
G0 F12000 X-31.045 Y3.955
G0 X-30.675 Y4.325
;TYPE:WALL-INNER
G1 F3600 E1
G1 F4800 X-30.675 Y-4.325 E0.21038
G1 X-37.285 Y-4.325 E0.16076
G1 X-37.411 Y-2.924 E0.03421
G1 X-37.474 Y-1.931 E0.0242
G1 X-37.513 Y-.978 E0.0232
G1 X-37.525 Y0.00 E0.02379
G1 X-37.513 Y0.978 E0.02379
G1 X-37.472 Y1.989 E0.02461
G1 X-37.409 Y2.964 E0.02376
G1 X-37.283 Y4.325 E0.03324
G1 X-30.675 Y4.325 E0.16072
G1 F3600 E-1
G0 F12000 X-30.25 Y4.75
;TYPE:WALL-OUTER
G1 F3600 E1
G1 F2400 X-30.25 Y-4.75 E0.23105
G1 X-37.65 Y-4.75 E0.17998
G1 X-37.744 Y-3.966 E0.0192
G1 X-37.834 Y-2.976 E0.02418
G1 X-37.898 Y-1.982 E0.02423
G1 X-37.938 Y-.989 E0.02417
G1 X-37.95 Y0.00 E0.02406
G1 X-37.938 Y0.989 E0.02406
G1 X-37.896 Y2.016 E0.025
G1 X-37.832 Y3.003 E0.02406
G1 X-37.742 Y3.976 E0.02377
G1 X-37.649 Y4.75 E0.01896
G1 X-30.25 Y4.75 E0.17995
G0 F12000 X-30.25 Y3.95
G0 X-31.425 Y3.575
G1 F3600 E-1
G0 F12000 X-30.495 Y-3.92
G0 X30.495 Y-3.92
G0 X32.615 Y-3.92
;TYPE:FILL
G1 F3600 E1
G1 F9600 X31.605 Y-2.951 E0.03404
G1 X31.08 Y-2.581 E0.01562
G1 X31.08 Y3.92 E0.15811
G1 X32.399 Y3.92 E0.03208
G1 X33.411 Y2.95 E0.03409
G1 X34.314 Y2.313 E0.02688
G1 X35.217 Y1.951 E0.02366
G1 X36.12 Y1.801 E0.02226
G1 X37.023 Y1.833 E0.02198
G1 X37.071 Y1.846 E0.00121
G1 F3600 E-1
G0 F12000 X31.045 Y3.955
G0 X30.675 Y4.325
;TYPE:WALL-INNER
G1 F3600 E1
G1 F4800 X37.285 Y4.325 E0.16076
G1 X37.411 Y2.924 E0.03421
G1 X37.474 Y1.931 E0.0242
G1 X37.513 Y0.978 E0.0232
G1 X37.524 Y-0.04 E0.02476
G1 X37.513 Y-.982 E0.02291
G1 X37.472 Y-1.994 E0.02463
G1 X37.409 Y-2.967 E0.02371
G1 X37.283 Y-4.325 E0.03317
G1 X30.675 Y-4.325 E0.16072
G1 X30.675 Y4.325 E0.21038
G1 F3600 E-1
G0 F12000 X30.25 Y4.75
;TYPE:WALL-OUTER
G1 F3600 E1
G1 F2400 X37.65 Y4.75 E0.17998
G1 X37.744 Y3.966 E0.0192
G1 X37.834 Y2.976 E0.02418
G1 X37.898 Y1.982 E0.02423
G1 X37.938 Y0.989 E0.02417
G1 X37.949 Y-0.046 E0.02517
G1 X37.938 Y-.993 E0.02303
G1 X37.896 Y-2.021 E0.02502
G1 X37.832 Y-3.006 E0.02401
G1 X37.742 Y-3.98 E0.02379
G1 X37.65 Y-4.75 E0.01886
G1 X30.25 Y-4.75 E0.17998
G1 X30.25 Y4.75 E0.23105
G0 F12000 X31.05 Y4.75
G0 X31.425 Y3.575
G1 F3600 E-1
;MESH:NONMESH
G0 F600 X31.425 Y3.575 Z17.98
G0 F12000 X30.495 Y-2.381
G0 X-30.495 Y-2.381
G0 X-31.08 Y-2.381
;TIME_ELAPSED:567.268373
;LAYER:136
;TYPE:FILL
;MESH:bridge.stl
G1 F3600 E1
G1 F9600 X-31.605 Y-2.703 E0.01498
G1 X-32.919 Y-3.92 E0.04356
G1 X-36.808 Y-3.92 E0.09459
G1 X-36.909 Y-2.885 E0.02529
G1 X-36.969 Y-1.915 E0.02364
G1 X-37.008 Y-.958 E0.02329
G1 X-37.02 Y0.009 E0.02352
G1 X-37.008 Y0.959 E0.02311
G1 X-36.969 Y1.911 E0.02317
G1 X-36.12 Y1.805 E0.02081
G1 X-35.217 Y1.873 E0.02202
G1 X-34.314 Y2.149 E0.02297
G1 X-33.411 Y2.702 E0.02575
G1 X-32.096 Y3.92 E0.04359
G1 F3600 E-1
G0 F12000 X-31.045 Y3.955
G0 X-30.675 Y4.325
;TYPE:WALL-INNER
G1 F3600 E1
G1 F4800 X-30.675 Y-4.325 E0.21038
G1 X-37.17 Y-4.325 E0.15797
G1 X-37.311 Y-2.942 E0.03381
G1 X-37.374 Y-1.931 E0.02464
G1 X-37.413 Y-.978 E0.0232
G1 X-37.425 Y0.00 E0.02379
G1 X-37.413 Y0.978 E0.02379
G1 X-37.373 Y1.986 E0.02454
G1 X-37.312 Y2.958 E0.02369
G1 X-37.168 Y4.325 E0.03343
G1 X-30.675 Y4.325 E0.15792
G1 F3600 E-1
G0 F12000 X-30.25 Y4.75
;TYPE:WALL-OUTER
G1 F3600 E1
G1 F2400 X-30.25 Y-4.75 E0.23105
G1 X-37.546 Y-4.75 E0.17745
G1 X-37.628 Y-4.084 E0.01632
G1 X-37.736 Y-2.946 E0.0278
G1 X-37.798 Y-1.982 E0.02349
G1 X-37.838 Y-.989 E0.02417
G1 X-37.85 Y0.00 E0.02406
G1 X-37.838 Y0.989 E0.02406
G1 X-37.797 Y2.011 E0.02488
G1 X-37.735 Y2.999 E0.02408
G1 X-37.638 Y3.976 E0.02388
G1 X-37.545 Y4.75 E0.01896
G1 X-30.25 Y4.75 E0.17743
G0 F12000 X-30.25 Y3.95
G0 X-31.425 Y3.575
G1 F3600 E-1
G0 F12000 X-30.495 Y-3.92
G0 X30.495 Y-3.92
G0 X32.755 Y-3.92
;TYPE:FILL
G1 F3600 E1
G1 F9600 X31.605 Y-2.841 E0.03835
G1 X31.08 Y-2.493 E0.01532
G1 X31.08 Y3.92 E0.15597
G1 X32.26 Y3.92 E0.0287
G1 X33.411 Y2.84 E0.03839
G1 X34.314 Y2.242 E0.02634
G1 X35.217 Y1.918 E0.02333
G1 X36.12 Y1.805 E0.02213
G1 X36.97 Y1.869 E0.02073
G1 F3600 E-1
G0 F12000 X31.045 Y3.955
G0 X30.675 Y4.325
;TYPE:WALL-INNER
G1 F3600 E1
G1 F4800 X37.178 Y4.325 E0.15816
G1 X37.311 Y2.942 E0.03379
G1 X37.374 Y1.931 E0.02464
G1 X37.413 Y0.978 E0.0232
G1 X37.424 Y-0.039 E0.02474
G1 X37.413 Y-.982 E0.02294
G1 X37.373 Y-1.99 E0.02454
G1 X37.315 Y-2.934 E0.023
G1 X37.169 Y-4.325 E0.03402
G1 X30.675 Y-4.325 E0.15794
G1 X30.675 Y4.325 E0.21038
G1 F3600 E-1
G0 F12000 X30.25 Y4.75
;TYPE:WALL-OUTER
G1 F3600 E1
G1 F2400 X37.546 Y4.75 E0.17745
G1 X37.628 Y4.084 E0.01632
G1 X37.736 Y2.946 E0.0278
G1 X37.798 Y1.982 E0.02349
G1 X37.838 Y0.989 E0.02417
G1 X37.849 Y-0.045 E0.02515
G1 X37.838 Y-.993 E0.02306
G1 X37.797 Y-2.015 E0.02488
G1 X37.735 Y-3.003 E0.02408
G1 X37.641 Y-3.963 E0.02346
G1 X37.546 Y-4.75 E0.01928
G1 X30.25 Y-4.75 E0.17745
G1 X30.25 Y4.75 E0.23105
G0 F12000 X31.05 Y4.75
G0 X31.425 Y3.575
G1 F3600 E-1
;MESH:NONMESH
G0 F600 X31.425 Y3.575 Z18.11
G0 F12000 X30.495 Y-2.473
G0 X-30.495 Y-2.473
G0 X-31.08 Y-2.473
;TIME_ELAPSED:571.818230
;LAYER:137
;TYPE:FILL
;MESH:bridge.stl
G1 F3600 E1
G1 F9600 X-31.605 Y-2.815 E0.01524
G1 X-32.787 Y-3.92 E0.03935
G1 X-36.704 Y-3.92 E0.09527
G1 X-36.804 Y-2.887 E0.02524
G1 X-36.869 Y-1.987 E0.02195
G1 X-36.908 Y-.97 E0.02475
G1 X-36.924 Y0.012 E0.02389
G1 X-36.912 Y0.948 E0.02277
G1 X-36.872 Y1.869 E0.02242
G1 X-36.12 Y1.805 E0.01836
G1 X-35.217 Y1.91 E0.02211
G1 X-34.314 Y2.225 E0.02326
G1 X-33.411 Y2.814 E0.02622
G1 X-32.228 Y3.92 E0.03939
G1 F3600 E-1
G0 F12000 X-31.045 Y3.955
G0 X-30.675 Y4.325
;TYPE:WALL-INNER
G1 F3600 E1
G1 F4800 X-30.675 Y-4.325 E0.21038
G1 X-37.079 Y-4.325 E0.15575
G1 X-37.207 Y-2.94 E0.03383
G1 X-37.273 Y-2.014 E0.02258
G1 X-37.313 Y-.989 E0.02495
G1 X-37.329 Y0.002 E0.02411
G1 X-37.317 Y0.969 E0.02352
G1 X-37.276 Y1.943 E0.02371
G1 X-37.216 Y2.858 E0.0223
G1 X-37.079 Y4.325 E0.03583
G1 X-30.675 Y4.325 E0.15575
G1 F3600 E-1
G0 F12000 X-30.25 Y4.75
;TYPE:WALL-OUTER
G1 F3600 E1
G1 F2400 X-30.25 Y-4.75 E0.23105
G1 X-37.442 Y-4.75 E0.17492
G1 X-37.54 Y-3.956 E0.01946
G1 X-37.631 Y-2.957 E0.0244
G1 X-37.698 Y-2.038 E0.02241
G1 X-37.738 Y-1.001 E0.02524
G1 X-37.754 Y0.001 E0.02437
G1 X-37.742 Y0.981 E0.02384
G1 X-37.7 Y1.97 E0.02408
G1 X-37.645 Y2.838 E0.02115
G1 X-37.538 Y3.98 E0.0279
G1 X-37.443 Y4.75 E0.01887
G1 X-30.25 Y4.75 E0.17494
G0 F12000 X-30.25 Y3.95
G0 X-31.425 Y3.575
G1 F3600 E-1
G0 F12000 X-30.495 Y-3.92
G0 X30.495 Y-3.92
G0 X32.889 Y-3.92
;TYPE:FILL
G1 F3600 E1
G1 F9600 X31.605 Y-2.729 E0.04259
G1 X31.08 Y-2.403 E0.01503
G1 X31.081 Y3.919 E0.15376
G1 X32.127 Y3.919 E0.02544
G1 X33.411 Y2.728 E0.04259
G1 X34.314 Y2.167 E0.02586
G1 X35.217 Y1.882 E0.02303
G1 X36.12 Y1.805 E0.02204
G1 X36.872 Y1.892 E0.01841
G1 F3600 E-1
G0 F12000 X31.045 Y3.955
G0 X30.676 Y4.324
;TYPE:WALL-INNER
G1 F3600 E1
G1 F4800 X37.079 Y4.325 E0.15573
G1 X37.207 Y2.94 E0.03383
G1 X37.273 Y2.014 E0.02258
G1 X37.313 Y0.989 E0.02495
G1 X37.329 Y-0.047 E0.0252
G1 X37.317 Y-.973 E0.02252
G1 X37.276 Y-1.944 E0.02364
G1 X37.217 Y-2.861 E0.02235
G1 X37.079 Y-4.325 E0.03576
G1 X30.675 Y-4.325 E0.15575
G1 X30.676 Y4.324 E0.21036
G1 F3600 E-1
G0 F12000 X30.251 Y4.749
;TYPE:WALL-OUTER
G1 F3600 E1
G1 F2400 X37.442 Y4.75 E0.1749
G1 X37.54 Y3.956 E0.01946
G1 X37.631 Y2.957 E0.0244
G1 X37.698 Y2.038 E0.02241
G1 X37.738 Y1.001 E0.02524
G1 X37.754 Y-0.053 E0.02564
G1 X37.742 Y-.985 E0.02267
G1 X37.7 Y-1.971 E0.024
G1 X37.645 Y-2.841 E0.0212
G1 X37.538 Y-3.985 E0.02795
G1 X37.443 Y-4.75 E0.01875
G1 X30.25 Y-4.75 E0.17494
G1 X30.251 Y4.749 E0.23103
G0 F12000 X31.051 Y4.749
G0 X31.425 Y3.575
G1 F3600 E-1
;MESH:NONMESH
G0 F600 X31.425 Y3.575 Z18.24
G0 F12000 X30.495 Y-2.56
G0 X-30.495 Y-2.56
G0 X-31.08 Y-2.56
;TIME_ELAPSED:576.351195
;LAYER:138
;TYPE:FILL
;MESH:bridge.stl
G1 F3600 E1
G1 F9600 X-31.605 Y-2.925 E0.01555
G1 X-32.648 Y-3.92 E0.03506
G1 X-36.601 Y-3.92 E0.09614
G1 X-36.705 Y-2.88 E0.02542
G1 X-36.769 Y-1.946 E0.02277
G1 X-36.808 Y-.958 E0.02405
G1 X-36.82 Y-0.086 E0.02121
G1 X-36.808 Y0.958 E0.02539
G1 X-36.772 Y1.831 E0.02125
G1 X-36.12 Y1.802 E0.01587
G1 X-35.217 Y1.944 E0.02223
G1 X-34.314 Y2.297 E0.02358
G1 X-33.411 Y2.924 E0.02674
G1 X-32.367 Y3.92 E0.03509
G1 F3600 E-1
G0 F12000 X-31.045 Y3.955
G0 X-30.675 Y4.325
;TYPE:WALL-INNER
G1 F3600 E1
G1 F4800 X-30.675 Y-4.325 E0.21038
G1 X-36.974 Y-4.325 E0.1532
G1 X-37.108 Y-2.92 E0.03433
G1 X-37.173 Y-1.959 E0.02343
G1 X-37.213 Y-.978 E0.02388
G1 X-37.225 Y-0.095 E0.02148
G1 X-37.213 Y0.978 E0.0261
G1 X-37.172 Y1.993 E0.02471
G1 X-37.105 Y2.96 E0.02358
G1 X-36.974 Y4.325 E0.03335
G1 X-30.675 Y4.325 E0.1532
G1 F3600 E-1
G0 F12000 X-30.25 Y4.75
;TYPE:WALL-OUTER
G1 F3600 E1
G1 F2400 X-30.25 Y-4.75 E0.23105
G1 X-37.342 Y-4.75 E0.17249
G1 X-37.436 Y-3.96 E0.01935
G1 X-37.532 Y-2.949 E0.0247
G1 X-37.598 Y-1.982 E0.02357
G1 X-37.638 Y-.989 E0.02417
G1 X-37.65 Y-0.095 E0.02175
G1 X-37.638 Y0.989 E0.02637
G1 X-37.596 Y2.022 E0.02514
G1 X-37.529 Y3.001 E0.02387
G1 X-37.434 Y3.978 E0.02387
G1 X-37.342 Y4.75 E0.01891
G1 X-30.25 Y4.75 E0.17249
G0 F12000 X-30.25 Y3.95
G0 X-31.425 Y3.575
G1 F3600 E-1
G0 F12000 X-30.495 Y-3.92
G0 X30.495 Y-3.92
G0 X33.016 Y-3.92
;TYPE:FILL
G1 F3600 E1
G1 F9600 X32.508 Y-3.432 E0.01713
G1 X31.605 Y-2.614 E0.02963
G1 X31.08 Y-2.309 E0.01477
G1 X31.08 Y3.92 E0.1515
G1 X31.999 Y3.92 E0.02235
G1 X32.508 Y3.431 E0.01717
G1 X33.411 Y2.613 E0.02963
G1 X34.314 Y2.089 E0.02539
G1 X35.217 Y1.842 E0.02277
G1 X36.12 Y1.802 E0.02198
G1 X36.771 Y1.904 E0.01603
G1 F3600 E-1
G0 F12000 X31.045 Y3.955
G0 X30.675 Y4.325
;TYPE:WALL-INNER
G1 F3600 E1
G1 F4800 X36.974 Y4.325 E0.1532
G1 X37.108 Y2.92 E0.03433
G1 X37.173 Y1.959 E0.02343
G1 X37.213 Y0.978 E0.02388
G1 X37.224 Y0.056 E0.02243
G1 X37.213 Y-.982 E0.02525
G1 X37.172 Y-1.997 E0.02471
G1 X37.106 Y-2.964 E0.02357
G1 X36.974 Y-4.325 E0.03326
G1 X30.675 Y-4.325 E0.1532
G1 X30.675 Y4.325 E0.21038
G1 F3600 E-1
G0 F12000 X30.25 Y4.75
;TYPE:WALL-OUTER
G1 F3600 E1
G1 F2400 X37.342 Y4.75 E0.17249
G1 X37.436 Y3.96 E0.01935
G1 X37.532 Y2.949 E0.0247
G1 X37.598 Y1.982 E0.02357
G1 X37.638 Y0.989 E0.02417
G1 X37.649 Y0.051 E0.02282
G1 X37.638 Y-.993 E0.02539
G1 X37.596 Y-2.026 E0.02514
G1 X37.529 Y-3.005 E0.02387
G1 X37.434 Y-3.982 E0.02387
G1 X37.342 Y-4.75 E0.01881
G1 X30.25 Y-4.75 E0.17249
G1 X30.25 Y4.75 E0.23105
G0 F12000 X31.05 Y4.75
G0 X31.425 Y3.575
G1 F3600 E-1
;MESH:NONMESH
G0 F600 X31.425 Y3.575 Z18.37
G0 F12000 X30.495 Y-2.646
G0 X-30.495 Y-2.646
G0 X-31.08 Y-2.646
;TIME_ELAPSED:580.867792
;LAYER:139
;TYPE:FILL
;MESH:bridge.stl
G1 F3600 E1
G1 F9600 X-31.605 Y-3.034 E0.01588
G1 X-32.503 Y-3.92 E0.03068
G1 X-36.5 Y-3.92 E0.09721
G1 X-36.601 Y-2.885 E0.02529
G1 X-36.666 Y-1.933 E0.02321
G1 X-36.704 Y-.958 E0.02373
G1 X-36.716 Y0.009 E0.02352
G1 X-36.704 Y0.958 E0.02308
G1 X-36.67 Y1.797 E0.02042
G1 X-36.12 Y1.795 E0.01338
G1 X-35.217 Y1.973 E0.02238
G1 X-34.314 Y2.366 E0.02395
G1 X-33.411 Y3.033 E0.0273
G1 X-32.512 Y3.92 E0.03072
G1 F3600 E-1
G0 F12000 X-31.045 Y3.955
G0 X-30.675 Y4.325
;TYPE:WALL-INNER
G1 F3600 E1
G1 F4800 X-30.675 Y-4.325 E0.21038
G1 X-36.876 Y-4.325 E0.15082
G1 X-37.003 Y-2.924 E0.03421
G1 X-37.069 Y-1.959 E0.02353
G1 X-37.109 Y-.978 E0.02388
G1 X-37.121 Y0.00 E0.02379
G1 X-37.109 Y0.978 E0.02379
G1 X-37.068 Y1.993 E0.02471
G1 X-37.001 Y2.958 E0.02353
G1 X-36.874 Y4.325 E0.03339
G1 X-30.675 Y4.325 E0.15077
G1 F3600 E-1
G0 F12000 X-30.25 Y4.75
;TYPE:WALL-OUTER
G1 F3600 E1
G1 F2400 X-30.25 Y-4.75 E0.23105
G1 X-37.238 Y-4.75 E0.16996
G1 X-37.336 Y-3.956 E0.01946
G1 X-37.426 Y-2.976 E0.02394
G1 X-37.494 Y-1.982 E0.02423
G1 X-37.534 Y-.989 E0.02417
G1 X-37.546 Y0.00 E0.02406
G1 X-37.534 Y0.989 E0.02406
G1 X-37.492 Y2.022 E0.02514
G1 X-37.425 Y2.997 E0.02377
G1 X-37.333 Y3.981 E0.02404
G1 X-37.238 Y4.75 E0.01885
G1 X-30.25 Y4.75 E0.16996
G0 F12000 X-30.25 Y3.95
G0 X-31.425 Y3.575
G1 F3600 E-1
G0 F12000 X-30.495 Y-3.92
G0 X30.495 Y-3.92
G0 X33.136 Y-3.92
;TYPE:FILL
G1 F3600 E1
G1 F9600 X32.508 Y-3.3 E0.02146
G1 X31.605 Y-2.496 E0.02941
G1 X31.08 Y-2.212 E0.01452
G1 X31.08 Y3.92 E0.14914
G1 X31.879 Y3.92 E0.01943
G1 X32.508 Y3.299 E0.0215
G1 X33.411 Y2.495 E0.02941
G1 X34.314 Y2.007 E0.02496
G1 X35.217 Y1.799 E0.02254
G1 X36.12 Y1.795 E0.02196
G1 X36.667 Y1.903 E0.01356
G1 F3600 E-1
G0 F12000 X31.045 Y3.955
G0 X30.675 Y4.325
;TYPE:WALL-INNER
G1 F3600 E1
G1 F4800 X36.876 Y4.325 E0.15082
G1 X37.003 Y2.924 E0.03421
G1 X37.069 Y1.959 E0.02353
G1 X37.109 Y0.978 E0.02388
G1 X37.12 Y-0.038 E0.02471
G1 X37.109 Y-.982 E0.02296
G1 X37.068 Y-1.997 E0.02471
G1 X37.001 Y-2.963 E0.02355
G1 X36.876 Y-4.325 E0.03327
G1 X30.675 Y-4.325 E0.15082
G1 X30.675 Y4.325 E0.21038
G1 F3600 E-1
G0 F12000 X30.25 Y4.75
;TYPE:WALL-OUTER
G1 F3600 E1
G1 F2400 X37.238 Y4.75 E0.16996
G1 X37.336 Y3.956 E0.01946
G1 X37.426 Y2.976 E0.02394
G1 X37.494 Y1.982 E0.02423
G1 X37.534 Y0.989 E0.02417
G1 X37.545 Y-0.043 E0.0251
G1 X37.534 Y-.993 E0.02311
G1 X37.492 Y-2.026 E0.02514
G1 X37.425 Y-3.002 E0.02379
G1 X37.334 Y-3.985 E0.02401
G1 X37.239 Y-4.75 E0.01875
G1 X30.25 Y-4.75 E0.16998
G1 X30.25 Y4.75 E0.23105
G0 F12000 X31.05 Y4.75
G0 X31.425 Y3.575
G1 F3600 E-1
;MESH:NONMESH
G0 F600 X31.425 Y3.575 Z18.5
G0 F12000 X30.495 Y-2.73
G0 X-30.495 Y-2.73
G0 X-31.08 Y-2.73
;TIME_ELAPSED:585.367903
;LAYER:140
;TYPE:FILL
;MESH:bridge.stl
G1 F3600 E1
G1 F9600 X-31.605 Y-3.143 E0.01625
G1 X-32.369 Y-3.92 E0.0265
G1 X-36.397 Y-3.92 E0.09797
G1 X-36.501 Y-2.884 E0.02532
G1 X-36.561 Y-1.915 E0.02361
G1 X-36.6 Y-.957 E0.02332
G1 X-36.616 Y0.011 E0.02355
G1 X-36.599 Y0.991 E0.02384
G1 X-36.566 Y1.768 E0.01891
G1 X-36.12 Y1.784 E0.01085
G1 X-35.217 Y2 E0.02258
G1 X-34.314 Y2.432 E0.02435
G1 X-33.411 Y3.142 E0.02794
G1 X-32.646 Y3.92 E0.02654
G1 F3600 E-1
G0 F12000 X-31.045 Y3.955
G0 X-30.675 Y4.325
;TYPE:WALL-INNER
G1 F3600 E1
G1 F4800 X-30.675 Y-4.325 E0.21038
G1 X-36.77 Y-4.325 E0.14824
G1 X-36.903 Y-2.942 E0.03379
G1 X-36.966 Y-1.931 E0.02464
G1 X-37.005 Y-.977 E0.02322
G1 X-37.021 Y0.00 E0.02377
G1 X-37.004 Y1.013 E0.02464
G1 X-36.964 Y1.989 E0.02376
G1 X-36.901 Y2.964 E0.02376
G1 X-36.77 Y4.325 E0.03325
G1 X-30.675 Y4.325 E0.14824
G1 F3600 E-1
G0 F12000 X-30.25 Y4.75
;TYPE:WALL-OUTER
G1 F3600 E1
G1 F2400 X-30.25 Y-4.75 E0.23105
G1 X-37.138 Y-4.75 E0.16753
G1 X-37.232 Y-3.96 E0.01935
G1 X-37.328 Y-2.946 E0.02477
G1 X-37.39 Y-1.982 E0.02349
G1 X-37.43 Y-.988 E0.0242
G1 X-37.446 Y0.00 E0.02403
G1 X-37.429 Y1.03 E0.02505
G1 X-37.388 Y2.016 E0.024
G1 X-37.324 Y3.005 E0.0241
G1 X-37.23 Y3.978 E0.02377
G1 X-37.138 Y4.75 E0.01891
G1 X-30.25 Y4.75 E0.16753
G0 F12000 X-30.25 Y3.95
G0 X-31.425 Y3.575
G1 F3600 E-1
G0 F12000 X-30.495 Y-3.92
G0 X30.495 Y-3.92
G0 X33.252 Y-3.92
;TYPE:FILL
G1 F3600 E1
G1 F9600 X32.508 Y-3.164 E0.0258
G1 X31.605 Y-2.373 E0.0292
G1 X31.08 Y-2.11 E0.01428
G1 X31.08 Y3.92 E0.14666
G1 X31.763 Y3.92 E0.01661
G1 X32.508 Y3.163 E0.02583
G1 X33.411 Y2.372 E0.0292
G1 X34.314 Y1.92 E0.02456
G1 X35.217 Y1.751 E0.02234
G1 X36.12 Y1.784 E0.02198
G1 X36.561 Y1.89 E0.01103
G1 F3600 E-1
G0 F12000 X31.045 Y3.955
G0 X30.675 Y4.325
;TYPE:WALL-INNER
G1 F3600 E1
G1 F4800 X36.77 Y4.325 E0.14824
G1 X36.903 Y2.942 E0.03379
G1 X36.966 Y1.931 E0.02464
G1 X37.005 Y0.977 E0.02322
G1 X37.02 Y-0.05 E0.02498
G1 X37.004 Y-1.018 E0.02355
G1 X36.964 Y-1.994 E0.02376
G1 X36.901 Y-2.969 E0.02376
G1 X36.77 Y-4.325 E0.03313
G1 X30.675 Y-4.325 E0.14824
G1 X30.675 Y4.325 E0.21038
G1 F3600 E-1
G0 F12000 X30.25 Y4.75
;TYPE:WALL-OUTER
G1 F3600 E1
G1 F2400 X37.138 Y4.75 E0.16753
G1 X37.232 Y3.96 E0.01935
G1 X37.328 Y2.946 E0.02477
G1 X37.39 Y1.982 E0.02349
G1 X37.43 Y0.988 E0.0242
G1 X37.445 Y-0.057 E0.02542
G1 X37.429 Y-1.035 E0.02379
G1 X37.388 Y-2.021 E0.024
G1 X37.324 Y-3.009 E0.02408
G1 X37.23 Y-3.982 E0.02377
G1 X37.138 Y-4.75 E0.01881
G1 X30.25 Y-4.75 E0.16753
G1 X30.25 Y4.75 E0.23105
G0 F12000 X31.05 Y4.75
G0 X31.425 Y3.575
G1 F3600 E-1
;MESH:NONMESH
G0 F600 X31.425 Y3.575 Z18.63
G0 F12000 X30.495 Y-2.813
G0 X-30.495 Y-2.813
G0 X-31.08 Y-2.813
;TIME_ELAPSED:589.851227
;LAYER:141
;TYPE:FILL
;MESH:bridge.stl
G1 F3600 E1
G1 F9600 X-31.605 Y-3.252 E0.01664
G1 X-32.241 Y-3.92 E0.02243
G1 X-36.293 Y-3.92 E0.09855
G1 X-36.397 Y-2.88 E0.02542
G1 X-36.461 Y-1.946 E0.02277
G1 X-36.5 Y-.958 E0.02405
G1 X-36.512 Y0.009 E0.02352
G1 X-36.5 Y0.958 E0.02308
G1 X-36.468 Y1.743 E0.01911
G1 X-36.12 Y1.77 E0.00849
G1 X-35.217 Y2.022 E0.0228
G1 X-34.314 Y2.496 E0.0248
G1 X-33.411 Y3.251 E0.02863
G1 X-32.774 Y3.92 E0.02247
G1 F3600 E-1
G0 F12000 X-31.045 Y3.955
G0 X-30.675 Y4.325
;TYPE:WALL-INNER
G1 F3600 E1
G1 F4800 X-30.675 Y-4.325 E0.21038
G1 X-36.666 Y-4.325 E0.14571
G1 X-36.8 Y-2.92 E0.03433
G1 X-36.865 Y-1.959 E0.02343
G1 X-36.905 Y-.978 E0.02388
G1 X-36.917 Y0.00 E0.02379
G1 X-36.905 Y0.978 E0.02379
G1 X-36.864 Y1.993 E0.02471
G1 X-36.797 Y2.96 E0.02358
G1 X-36.666 Y4.325 E0.03335
G1 X-30.675 Y4.325 E0.14571
G1 F3600 E-1
G0 F12000 X-30.25 Y4.75
;TYPE:WALL-OUTER
G1 F3600 E1
G1 F2400 X-30.25 Y-4.75 E0.23105
G1 X-37.034 Y-4.75 E0.165
G1 X-37.128 Y-3.96 E0.01935
G1 X-37.224 Y-2.949 E0.0247
G1 X-37.29 Y-1.982 E0.02357
G1 X-37.33 Y-.989 E0.02417
G1 X-37.342 Y0.00 E0.02406
G1 X-37.33 Y0.989 E0.02406
G1 X-37.288 Y2.022 E0.02514
G1 X-37.221 Y3.001 E0.02387
G1 X-37.126 Y3.978 E0.02387
G1 X-37.034 Y4.75 E0.01891
G1 X-30.25 Y4.75 E0.165
G0 F12000 X-30.25 Y3.95
G0 X-31.425 Y3.575
G1 F3600 E-1
G0 F12000 X-30.495 Y-3.92
G0 X30.495 Y-3.92
G0 X33.361 Y-3.92
;TYPE:FILL
G1 F3600 E1
G1 F9600 X32.508 Y-3.024 E0.03009
G1 X31.605 Y-2.244 E0.02902
G1 X31.08 Y-2.003 E0.01405
G1 X31.08 Y3.92 E0.14406
G1 X31.654 Y3.92 E0.01396
G1 X32.508 Y3.023 E0.03012
G1 X33.411 Y2.243 E0.02902
G1 X34.314 Y1.829 E0.02416
G1 X35.217 Y1.699 E0.02219
G1 X36.12 Y1.77 E0.02203
G1 X36.464 Y1.866 E0.00869
G1 F3600 E-1
G0 F12000 X31.045 Y3.955
G0 X30.675 Y4.325
;TYPE:WALL-INNER
G1 F3600 E1
G1 F4800 X36.666 Y4.325 E0.14571
G1 X36.8 Y2.92 E0.03433
G1 X36.865 Y1.959 E0.02343
G1 X36.905 Y0.978 E0.02388
G1 X36.916 Y-0.036 E0.02466
G1 X36.905 Y-.982 E0.02301
G1 X36.864 Y-1.997 E0.02471
G1 X36.798 Y-2.964 E0.02357
G1 X36.666 Y-4.325 E0.03326
G1 X30.675 Y-4.325 E0.14571
G1 X30.675 Y4.325 E0.21038
G1 F3600 E-1
G0 F12000 X30.25 Y4.75
;TYPE:WALL-OUTER
G1 F3600 E1
G1 F2400 X37.034 Y4.75 E0.165
G1 X37.128 Y3.96 E0.01935
G1 X37.224 Y2.949 E0.0247
G1 X37.29 Y1.982 E0.02357
G1 X37.33 Y0.989 E0.02417
G1 X37.341 Y-0.042 E0.02508
G1 X37.33 Y-.993 E0.02313
G1 X37.288 Y-2.026 E0.02514
G1 X37.221 Y-3.005 E0.02387
G1 X37.126 Y-3.982 E0.02387
G1 X37.034 Y-4.75 E0.01881
G1 X30.25 Y-4.75 E0.165
G1 X30.25 Y4.75 E0.23105
G0 F12000 X31.05 Y4.75
G0 X31.425 Y3.575
G1 F3600 E-1
;MESH:NONMESH
G0 F600 X31.425 Y3.575 Z18.76
G0 F12000 X30.495 Y-2.895
G0 X-30.495 Y-2.895
G0 X-31.08 Y-2.895
;TIME_ELAPSED:594.317637
;LAYER:142
;TYPE:FILL
;MESH:bridge.stl
G1 F3600 E1
G1 F9600 X-31.605 Y-3.363 E0.01711
G1 X-32.116 Y-3.92 E0.01838
G1 X-36.194 Y-3.92 E0.09918
G1 X-36.293 Y-2.885 E0.02529
G1 X-36.358 Y-1.933 E0.02321
G1 X-36.396 Y-.958 E0.02373
G1 X-36.408 Y0.009 E0.02352
G1 X-36.396 Y0.958 E0.02308
G1 X-36.365 Y1.722 E0.0186
G1 X-36.12 Y1.751 E0.006
G1 X-35.217 Y2.041 E0.02307
G1 X-34.314 Y2.557 E0.0253
G1 X-33.411 Y3.362 E0.02942
G1 X-32.899 Y3.92 E0.01842
G1 F3600 E-1
G0 F12000 X-31.045 Y3.955
G0 X-30.675 Y4.325
;TYPE:WALL-INNER
G1 F3600 E1
G1 F4800 X-30.675 Y-4.325 E0.21038
G1 X-36.568 Y-4.325 E0.14333
G1 X-36.695 Y-2.924 E0.03421
G1 X-36.761 Y-1.959 E0.02353
G1 X-36.801 Y-.978 E0.02388
G1 X-36.813 Y0.00 E0.02379
G1 X-36.801 Y0.978 E0.02379
G1 X-36.76 Y1.993 E0.02471
G1 X-36.693 Y2.958 E0.02353
G1 X-36.568 Y4.325 E0.03339
G1 X-30.675 Y4.325 E0.14333
G1 F3600 E-1
G0 F12000 X-30.25 Y4.75
;TYPE:WALL-OUTER
G1 F3600 E1
G1 F2400 X-30.25 Y-4.75 E0.23105
G1 X-36.934 Y-4.75 E0.16256
G1 X-37.028 Y-3.958 E0.0194
G1 X-37.118 Y-2.976 E0.02398
G1 X-37.186 Y-1.982 E0.02423
G1 X-37.226 Y-.989 E0.02417
G1 X-37.238 Y0.00 E0.02406
G1 X-37.226 Y0.989 E0.02406
G1 X-37.184 Y2.022 E0.02514
G1 X-37.117 Y2.997 E0.02377
G1 X-37.026 Y3.98 E0.02401
G1 X-36.934 Y4.75 E0.01886
G1 X-30.25 Y4.75 E0.16256
G0 F12000 X-30.25 Y3.95
G0 X-31.425 Y3.575
G1 F3600 E-1
G0 F12000 X-30.495 Y-3.92
G0 X30.495 Y-3.92
G0 X33.476 Y-3.92
;TYPE:FILL
G1 F3600 E1
G1 F9600 X33.411 Y-3.862 E0.00212
G1 X32.508 Y-2.878 E0.03248
G1 X31.605 Y-2.108 E0.02886
G1 X31.08 Y-1.89 E0.01383
G1 X31.08 Y3.92 E0.14131
G1 X31.551 Y3.92 E0.01146
G1 X32.508 Y2.877 E0.03443
G1 X33.411 Y2.107 E0.02886
G1 X34.314 Y1.732 E0.02378
G1 X35.217 Y1.644 E0.02207
G1 X36.12 Y1.751 E0.02212
G1 X36.362 Y1.829 E0.00618
G1 F3600 E-1
G0 F12000 X31.045 Y3.955
G0 X30.675 Y4.325
;TYPE:WALL-INNER
G1 F3600 E1
G1 F4800 X36.568 Y4.325 E0.14333
G1 X36.695 Y2.924 E0.03421
G1 X36.761 Y1.959 E0.02353
G1 X36.801 Y0.978 E0.02388
G1 X36.812 Y-0.036 E0.02466
G1 X36.801 Y-.982 E0.02301
G1 X36.76 Y-1.997 E0.02471
G1 X36.693 Y-2.963 E0.02355
G1 X36.568 Y-4.325 E0.03327
G1 X30.675 Y-4.325 E0.14333
G1 X30.675 Y4.325 E0.21038
G1 F3600 E-1
G0 F12000 X30.25 Y4.75
;TYPE:WALL-OUTER
G1 F3600 E1
G1 F2400 X36.934 Y4.75 E0.16256
G1 X37.028 Y3.958 E0.0194
G1 X37.118 Y2.976 E0.02398
G1 X37.186 Y1.982 E0.02423
G1 X37.226 Y0.989 E0.02417
G1 X37.237 Y-0.041 E0.02505
G1 X37.226 Y-.993 E0.02316
G1 X37.184 Y-2.026 E0.02514
G1 X37.117 Y-3.002 E0.02379
G1 X37.026 Y-3.984 E0.02399
G1 X36.934 Y-4.75 E0.01876
G1 X30.25 Y-4.75 E0.16256
G1 X30.25 Y4.75 E0.23105
G0 F12000 X31.05 Y4.75
G0 X31.425 Y3.575
G1 F3600 E-1
;MESH:NONMESH
G0 F600 X31.425 Y3.575 Z18.89
G0 F12000 X30.495 Y-2.977
G0 X-30.495 Y-2.977
G0 X-31.08 Y-2.977
;TIME_ELAPSED:598.768303
;LAYER:143
;TYPE:FILL
;MESH:bridge.stl
G1 F3600 E1
G1 F9600 X-31.605 Y-3.475 E0.0176
G1 X-31.996 Y-3.92 E0.01441
G1 X-36.089 Y-3.92 E0.09955
G1 X-36.193 Y-2.884 E0.02532
G1 X-36.253 Y-1.915 E0.02361
G1 X-36.292 Y-.957 E0.02332
G1 X-36.308 Y0.011 E0.02355
G1 X-36.291 Y0.99 E0.02381
G1 X-36.261 Y1.706 E0.01743
G1 X-36.12 Y1.729 E0.00347
G1 X-35.217 Y2.057 E0.02337
G1 X-34.314 Y2.617 E0.02584
G1 X-33.411 Y3.474 E0.03028
G1 X-33.019 Y3.92 E0.01444
G1 F3600 E-1
G0 F12000 X-31.045 Y3.955
G0 X-30.675 Y4.325
;TYPE:WALL-INNER
G1 F3600 E1
G1 F4800 X-30.675 Y-4.325 E0.21038
G1 X-36.462 Y-4.325 E0.14075
G1 X-36.595 Y-2.942 E0.03379
G1 X-36.658 Y-1.931 E0.02464
G1 X-36.697 Y-.977 E0.02322
G1 X-36.713 Y0.00 E0.02377
G1 X-36.696 Y1.012 E0.02462
G1 X-36.656 Y1.989 E0.02378
G1 X-36.593 Y2.964 E0.02376
G1 X-36.462 Y4.325 E0.03325
G1 X-30.675 Y4.325 E0.14075
G1 F3600 E-1
G0 F12000 X-30.25 Y4.75
;TYPE:WALL-OUTER
G1 F3600 E1
G1 F2400 X-30.25 Y-4.75 E0.23105
G1 X-36.83 Y-4.75 E0.16004
G1 X-36.924 Y-3.96 E0.01935
G1 X-37.02 Y-2.946 E0.02477
G1 X-37.082 Y-1.982 E0.02349
G1 X-37.122 Y-.989 E0.02417
G1 X-37.138 Y0.00 E0.02406
G1 X-37.121 Y1.029 E0.02503
G1 X-37.08 Y2.016 E0.02403
G1 X-37.016 Y3.005 E0.0241
G1 X-36.922 Y3.978 E0.02377
G1 X-36.83 Y4.75 E0.01891
G1 X-30.25 Y4.75 E0.16004
G0 F12000 X-30.25 Y3.95
G0 X-31.425 Y3.575
G1 F3600 E-1
G0 F12000 X-30.495 Y-3.92
G0 X30.495 Y-3.92
G0 X33.59 Y-3.92
;TYPE:FILL
G1 F3600 E1
G1 F9600 X33.411 Y-3.75 E0.006
G1 X32.508 Y-2.722 E0.03328
G1 X31.605 Y-1.964 E0.02867
G1 X31.08 Y-1.77 E0.01361
G1 X31.08 Y3.92 E0.13839
G1 X31.455 Y3.92 E0.00912
G1 X32.508 Y2.721 E0.03881
G1 X33.411 Y1.963 E0.02867
G1 X34.314 Y1.63 E0.02341
G1 X35.217 Y1.583 E0.02199
G1 X36.12 Y1.729 E0.02225
G1 X36.258 Y1.779 E0.00357
G1 F3600 E-1
G0 F12000 X31.045 Y3.955
G0 X30.675 Y4.325
;TYPE:WALL-INNER
G1 F3600 E1
G1 F4800 X36.462 Y4.325 E0.14075
G1 X36.595 Y2.942 E0.03379
G1 X36.658 Y1.931 E0.02464
G1 X36.697 Y0.977 E0.02322
G1 X36.712 Y-0.048 E0.02493
G1 X36.696 Y-1.016 E0.02355
G1 X36.656 Y-1.994 E0.02381
G1 X36.593 Y-2.969 E0.02376
G1 X36.462 Y-4.325 E0.03313
G1 X30.675 Y-4.325 E0.14075
G1 X30.675 Y4.325 E0.21038
G1 F3600 E-1
G0 F12000 X30.25 Y4.75
;TYPE:WALL-OUTER
G1 F3600 E1
G1 F2400 X36.83 Y4.75 E0.16004
G1 X36.924 Y3.96 E0.01935
G1 X37.02 Y2.946 E0.02477
G1 X37.082 Y1.982 E0.02349
G1 X37.122 Y0.989 E0.02417
G1 X37.137 Y-0.055 E0.02539
G1 X37.121 Y-1.033 E0.02379
G1 X37.08 Y-2.021 E0.02405
G1 X37.016 Y-3.009 E0.02408
G1 X36.922 Y-3.982 E0.02377
G1 X36.83 Y-4.75 E0.01881
G1 X30.25 Y-4.75 E0.16004
G1 X30.25 Y4.75 E0.23105
G0 F12000 X31.05 Y4.75
G0 X31.425 Y3.575
G1 F3600 E-1
;MESH:NONMESH
G0 F600 X31.425 Y3.575 Z19.02
G0 F12000 X30.495 Y-3.059
G0 X-30.495 Y-3.059
G0 X-31.08 Y-3.059
;TIME_ELAPSED:603.202258
;LAYER:144
;TYPE:FILL
;MESH:bridge.stl
G1 F3600 E1
G1 F9600 X-31.605 Y-3.592 E0.0182
G1 X-31.88 Y-3.92 E0.01041
G1 X-35.988 Y-3.92 E0.09991
G1 X-36.089 Y-2.885 E0.02529
G1 X-36.154 Y-1.933 E0.02321
G1 X-36.192 Y-.958 E0.02373
G1 X-36.204 Y0.009 E0.02352
G1 X-36.191 Y0.994 E0.02396
G1 X-36.162 Y1.685 E0.01682
G1 X-35.217 Y2.068 E0.0248
G1 X-34.314 Y2.674 E0.02645
G1 X-33.411 Y3.591 E0.0313
G1 X-33.135 Y3.92 E0.01044
G1 F3600 E-1
G0 F12000 X-31.045 Y3.955
G0 X-30.675 Y4.325
;TYPE:WALL-INNER
G1 F3600 E1
G1 F4800 X-30.675 Y-4.325 E0.21038
G1 X-36.364 Y-4.325 E0.13836
G1 X-36.491 Y-2.924 E0.03421
G1 X-36.557 Y-1.959 E0.02353
G1 X-36.597 Y-.978 E0.02388
G1 X-36.609 Y0.00 E0.02379
G1 X-36.596 Y1.018 E0.02476
G1 X-36.556 Y1.993 E0.02373
G1 X-36.489 Y2.958 E0.02353
G1 X-36.362 Y4.325 E0.03339
G1 X-30.675 Y4.325 E0.13832
G1 F3600 E-1
G0 F12000 X-30.25 Y4.75
;TYPE:WALL-OUTER
G1 F3600 E1
G1 F2400 X-30.25 Y-4.75 E0.23105
G1 X-36.726 Y-4.75 E0.15751
G1 X-36.824 Y-3.956 E0.01946
G1 X-36.914 Y-2.976 E0.02394
G1 X-36.982 Y-1.982 E0.02423
G1 X-37.022 Y-.989 E0.02417
G1 X-37.034 Y0.00 E0.02406
G1 X-37.021 Y1.035 E0.02517
G1 X-36.98 Y2.022 E0.02403
G1 X-36.913 Y2.997 E0.02377
G1 X-36.821 Y3.981 E0.02404
G1 X-36.726 Y4.75 E0.01885
G1 X-30.25 Y4.75 E0.15751
G0 F12000 X-30.25 Y3.95
G0 X-31.425 Y3.575
G1 F3600 E-1
G0 F12000 X-30.495 Y-3.92
G0 X30.495 Y-3.92
G0 X33.694 Y-3.92
;TYPE:FILL
G1 F3600 E1
G1 F9600 X33.411 Y-3.633 E0.0098
G1 X32.508 Y-2.556 E0.03418
G1 X31.605 Y-1.809 E0.0285
G1 X31.08 Y-1.642 E0.0134
G1 X31.08 Y3.92 E0.13528
G1 X31.321 Y3.92 E0.00586
G1 X31.605 Y3.632 E0.00984
G1 X32.508 Y2.555 E0.03418
G1 X33.411 Y1.808 E0.0285
G1 X34.314 Y1.521 E0.02304
G1 X35.217 Y1.518 E0.02196
G1 X36.12 Y1.702 E0.02241
G1 X36.162 Y1.719 E0.0011
G1 F3600 E-1
G0 F12000 X31.045 Y3.955
G0 X30.675 Y4.325
;TYPE:WALL-INNER
G1 F3600 E1
G1 F4800 X36.364 Y4.325 E0.13836
G1 X36.491 Y2.924 E0.03421
G1 X36.557 Y1.959 E0.02353
G1 X36.597 Y0.978 E0.02388
G1 X36.608 Y-0.035 E0.02464
G1 X36.596 Y-1.022 E0.02401
G1 X36.556 Y-1.997 E0.02373
G1 X36.489 Y-2.963 E0.02355
G1 X36.364 Y-4.325 E0.03327
G1 X30.675 Y-4.325 E0.13836
G1 X30.675 Y4.325 E0.21038
G1 F3600 E-1
G0 F12000 X30.25 Y4.75
;TYPE:WALL-OUTER
G1 F3600 E1
G1 F2400 X36.726 Y4.75 E0.15751
G1 X36.824 Y3.956 E0.01946
G1 X36.914 Y2.976 E0.02394
G1 X36.982 Y1.982 E0.02423
G1 X37.022 Y0.989 E0.02417
G1 X37.033 Y-0.04 E0.02503
G1 X37.021 Y-1.039 E0.0243
G1 X36.98 Y-2.026 E0.02403
G1 X36.913 Y-3.002 E0.02379
G1 X36.822 Y-3.985 E0.02401
G1 X36.727 Y-4.75 E0.01875
G1 X30.25 Y-4.75 E0.15753
G1 X30.25 Y4.75 E0.23105
G0 F12000 X31.05 Y4.75
G0 X31.425 Y3.575
G1 F3600 E-1
;MESH:NONMESH
G0 F600 X31.425 Y3.575 Z19.15
G0 F12000 X30.495 Y-3.142
G0 X-30.495 Y-3.142
G0 X-31.08 Y-3.142
;TIME_ELAPSED:607.617853
;LAYER:145
;TYPE:FILL
;MESH:bridge.stl
G1 F3600 E1
G1 F9600 X-31.794 Y-3.92 E0.02568
G1 X-35.887 Y-3.92 E0.09955
G1 X-35.993 Y-2.818 E0.02693
G1 X-36.048 Y-1.915 E0.022
G1 X-36.088 Y-.958 E0.0233
G1 X-36.1 Y0.009 E0.02352
G1 X-36.087 Y0.994 E0.02396
G1 X-36.058 Y1.699 E0.01716
G1 X-35.217 Y2.076 E0.02242
G1 X-34.314 Y2.73 E0.02712
G1 X-33.411 Y3.713 E0.03246
G1 X-33.247 Y3.92 E0.00642
G1 F3600 E-1
G0 F12000 X-31.045 Y3.955
G0 X-30.675 Y4.325
;TYPE:WALL-INNER
G1 F3600 E1
G1 F4800 X-30.675 Y-4.325 E0.21038
G1 X-36.258 Y-4.325 E0.13579
G1 X-36.395 Y-2.874 E0.03545
G1 X-36.454 Y-1.931 E0.02298
G1 X-36.493 Y-.978 E0.0232
G1 X-36.505 Y0.00 E0.02379
G1 X-36.492 Y1.018 E0.02476
G1 X-36.452 Y1.993 E0.02373
G1 X-36.385 Y2.958 E0.02353
G1 X-36.263 Y4.325 E0.03338
G1 X-30.675 Y4.325 E0.13591
G1 F3600 E-1
G0 F12000 X-30.25 Y4.75
;TYPE:WALL-OUTER
G1 F3600 E1
G1 F2400 X-30.25 Y-4.75 E0.23105
G1 X-36.623 Y-4.75 E0.155
G1 X-36.716 Y-3.993 E0.01855
G1 X-36.82 Y-2.879 E0.02721
G1 X-36.878 Y-1.982 E0.02186
G1 X-36.918 Y-.989 E0.02417
G1 X-36.93 Y0.00 E0.02406
G1 X-36.917 Y1.035 E0.02517
G1 X-36.876 Y2.022 E0.02403
G1 X-36.808 Y2.996 E0.02375
G1 X-36.721 Y3.959 E0.02352
G1 X-36.623 Y4.75 E0.01939
G1 X-30.25 Y4.75 E0.155
G0 F12000 X-30.25 Y3.95
G0 X-31.425 Y3.575
G1 F3600 E-1
G0 F12000 X-30.495 Y-3.92
G0 X30.495 Y-3.92
G0 X33.787 Y-3.92
;TYPE:FILL
G1 F3600 E1
G1 F9600 X33.411 Y-3.511 E0.01351
G1 X32.508 Y-2.374 E0.03531
G1 X31.605 Y-1.643 E0.02826
G1 X31.08 Y-1.505 E0.0132
G1 X31.08 Y3.92 E0.13194
G1 X31.228 Y3.92 E0.0036
G1 X31.605 Y3.51 E0.01355
G1 X32.508 Y2.373 E0.03531
G1 X33.411 Y1.642 E0.02826
G1 X34.314 Y1.405 E0.02271
G1 X35.217 Y1.448 E0.02199
G1 X36.059 Y1.656 E0.02109
G1 F3600 E-1
G0 F12000 X31.045 Y3.955
G0 X30.675 Y4.325
;TYPE:WALL-INNER
G1 F3600 E1
G1 F4800 X36.258 Y4.324 E0.13579
G1 X36.395 Y2.874 E0.03542
G1 X36.454 Y1.931 E0.02298
G1 X36.493 Y0.978 E0.0232
G1 X36.504 Y-0.034 E0.02461
G1 X36.492 Y-1.022 E0.02403
G1 X36.452 Y-1.997 E0.02373
G1 X36.385 Y-2.961 E0.0235
G1 X36.262 Y-4.325 E0.03331
G1 X30.675 Y-4.325 E0.13588
G1 X30.675 Y4.325 E0.21038
G1 F3600 E-1
G0 F12000 X30.25 Y4.75
;TYPE:WALL-OUTER
G1 F3600 E1
G1 F2400 X36.623 Y4.749 E0.155
G1 X36.716 Y3.993 E0.01853
G1 X36.82 Y2.879 E0.02721
G1 X36.878 Y1.982 E0.02186
G1 X36.918 Y0.989 E0.02417
G1 X36.929 Y-0.04 E0.02503
G1 X36.917 Y-1.039 E0.0243
G1 X36.876 Y-2.026 E0.02403
G1 X36.809 Y-2.999 E0.02372
G1 X36.721 Y-3.959 E0.02345
G1 X36.623 Y-4.75 E0.01939
G1 X30.25 Y-4.75 E0.155
G1 X30.25 Y4.75 E0.23105
G0 F12000 X31.05 Y4.75
G0 X31.425 Y3.575
G1 F3600 E-1
;MESH:NONMESH
G0 F600 X31.425 Y3.575 Z19.28
G0 F12000 X30.495 Y-3.228
G0 X-30.495 Y-3.228
G0 X-31.08 Y-3.228
;TIME_ELAPSED:612.017323
;LAYER:146
;TYPE:FILL
;MESH:bridge.stl
G1 F3600 E1
G1 F9600 X-31.662 Y-3.92 E0.02199
G1 X-35.777 Y-3.92 E0.10008
G1 X-35.886 Y-2.871 E0.02565
G1 X-35.945 Y-1.915 E0.0233
G1 X-35.988 Y-.889 E0.02498
G1 X-36 Y0.087 E0.02374
G1 X-35.983 Y1.057 E0.0236
G1 X-35.953 Y1.718 E0.01609
G1 X-35.217 Y2.08 E0.01995
G1 X-34.314 Y2.783 E0.02783
G1 X-33.411 Y3.843 E0.03387
G1 X-33.354 Y3.92 E0.00233
G1 F3600 E-1
G0 F12000 X-31.045 Y3.955
G0 X-30.675 Y4.325
;TYPE:WALL-INNER
G1 F3600 E1
G1 F4800 X-30.675 Y-4.325 E0.21038
G1 X-36.138 Y-4.325 E0.13287
G1 X-36.287 Y-2.94 E0.03388
G1 X-36.35 Y-1.932 E0.02456
G1 X-36.393 Y-.91 E0.02488
G1 X-36.405 Y0.078 E0.02403
G1 X-36.389 Y1.044 E0.0235
G1 X-36.348 Y1.987 E0.02296
G1 X-36.285 Y2.927 E0.02291
G1 X-36.149 Y4.325 E0.03416
G1 X-30.675 Y4.325 E0.13314
G1 F3600 E-1
G0 F12000 X-30.25 Y4.75
;TYPE:WALL-OUTER
G1 F3600 E1
G1 F2400 X-30.25 Y-4.75 E0.23105
G1 X-36.514 Y-4.75 E0.15235
G1 X-36.612 Y-3.959 E0.01939
G1 X-36.71 Y-2.975 E0.02405
G1 X-36.774 Y-1.982 E0.0242
G1 X-36.818 Y-.921 E0.02583
G1 X-36.83 Y0.079 E0.02432
G1 X-36.814 Y1.056 E0.02377
G1 X-36.772 Y2.015 E0.02335
G1 X-36.713 Y2.91 E0.02181
G1 X-36.61 Y3.979 E0.02612
G1 X-36.514 Y4.75 E0.0189
G1 X-30.25 Y4.75 E0.15235
G0 F12000 X-30.25 Y3.95
G0 X-31.425 Y3.575
G1 F3600 E-1
G0 F12000 X-30.495 Y-3.92
G0 X30.495 Y-3.92
G0 X33.87 Y-3.92
;TYPE:FILL
G1 F3600 E1
G1 F9600 X33.411 Y-3.381 E0.01722
G1 X32.508 Y-2.171 E0.03672
G1 X31.605 Y-1.46 E0.02795
G1 X31.081 Y-1.357 E0.01299
G1 X31.08 Y3.92 E0.12834
G1 X31.145 Y3.92 E0.00158
G1 X31.605 Y3.38 E0.01725
G1 X32.508 Y2.17 E0.03672
G1 X33.411 Y1.459 E0.02795
G1 X34.314 Y1.281 E0.02238
G1 X35.217 Y1.373 E0.02208
G1 X35.959 Y1.589 E0.0188
G1 F3600 E-1
G0 F12000 X31.045 Y3.955
G0 X30.675 Y4.325
;TYPE:WALL-INNER
G1 F3600 E1
G1 F4800 X36.148 Y4.325 E0.13311
G1 X36.287 Y2.94 E0.03385
G1 X36.35 Y1.932 E0.02456
G1 X36.393 Y0.91 E0.02488
G1 X36.404 Y-.118 E0.025
G1 X36.388 Y-1.08 E0.0234
G1 X36.348 Y-1.991 E0.02218
G1 X36.285 Y-2.931 E0.02291
G1 X36.15 Y-4.325 E0.03406
G1 X30.676 Y-4.324 E0.13314
G1 X30.675 Y4.325 E0.21036
G1 F3600 E-1
G0 F12000 X30.25 Y4.75
;TYPE:WALL-OUTER
G1 F3600 E1
G1 F2400 X36.514 Y4.75 E0.15235
G1 X36.612 Y3.959 E0.01939
G1 X36.71 Y2.975 E0.02405
G1 X36.774 Y1.982 E0.0242
G1 X36.818 Y0.921 E0.02583
G1 X36.829 Y-.124 E0.02542
G1 X36.813 Y-1.098 E0.02369
G1 X36.772 Y-2.019 E0.02242
G1 X36.708 Y-2.972 E0.02323
G1 X36.61 Y-3.983 E0.0247
G1 X36.515 Y-4.75 E0.0188
G1 X30.251 Y-4.749 E0.15235
G1 X30.25 Y4.75 E0.23103
G0 F12000 X31.05 Y4.75
G0 X31.425 Y3.575
G1 F3600 E-1
;MESH:NONMESH
G0 F600 X31.425 Y3.575 Z19.41
G0 F12000 X30.495 Y3.92
G0 X-30.495 Y3.92
G0 X-33.461 Y3.92
;TIME_ELAPSED:616.348116
;LAYER:147
;TYPE:FILL
;MESH:bridge.stl
G1 F3600 E1
G1 F9600 X-34.314 Y2.836 E0.03355
G1 X-35.217 Y2.08 E0.02864
G1 X-35.849 Y1.741 E0.01744
G1 F3600 E-1
G0 F12000 X-31.045 Y3.955
G0 X-30.675 Y4.325
;TYPE:WALL-INNER
G1 F3600 E1
G1 F4800 X-30.675 Y-4.325 E0.21038
G1 X-36.033 Y-4.325 E0.13031
G1 X-36.179 Y-2.938 E0.03392
G1 X-36.242 Y-2.042 E0.02185
G1 X-36.285 Y-1.016 E0.02498
G1 X-36.301 Y-0.018 E0.02428
G1 X-36.289 Y0.941 E0.02333
G1 X-36.244 Y1.994 E0.02563
G1 X-36.177 Y2.962 E0.0236
G1 X-36.033 Y4.325 E0.03333
G1 X-30.675 Y4.325 E0.13031
G1 F3600 E-1
G0 F12000 X-30.25 Y4.75
;TYPE:WALL-OUTER
G1 F3600 E1
G1 F2400 X-30.25 Y-4.75 E0.23105
G1 X-36.41 Y-4.75 E0.14982
G1 X-36.503 Y-3.961 E0.01932
G1 X-36.604 Y-2.947 E0.02478
G1 X-36.666 Y-2.066 E0.02148
G1 X-36.71 Y-1.028 E0.02527
G1 X-36.726 Y-0.019 E0.02454
G1 X-36.714 Y0.953 E0.02364
G1 X-36.668 Y2.023 E0.02605
G1 X-36.6 Y3.004 E0.02392
G1 X-36.502 Y3.975 E0.02374
G1 X-36.41 Y4.75 E0.01898
G1 X-30.25 Y4.75 E0.14982
G0 F12000 X-30.25 Y3.95
G0 X-31.425 Y3.575
G1 F3600 E-1
G0 F12000 X-30.495 Y-3.92
G0 X30.495 Y-3.92
G0 X33.946 Y-3.92
;TYPE:FILL
G1 F3600 E1
G1 F9600 X33.411 Y-3.241 E0.02102
G1 X32.508 Y-1.939 E0.03854
G1 X31.605 Y-1.259 E0.02749
G1 X31.08 Y-1.196 E0.01286
G1 X31.081 Y3.906 E0.12409
G1 X31.605 Y3.24 E0.02061
G1 X32.508 Y1.938 E0.03854
G1 X33.411 Y1.258 E0.02749
G1 X34.314 Y1.149 E0.02212
G1 X35.217 Y1.292 E0.02224
G1 X35.858 Y1.508 E0.01645
G1 F3600 E-1
G0 F12000 X31.045 Y3.955
G0 X30.676 Y4.324
;TYPE:WALL-INNER
G1 F3600 E1
G1 F4800 X36.032 Y4.324 E0.13027
G1 X36.179 Y2.938 E0.0339
G1 X36.241 Y2.042 E0.02184
G1 X36.285 Y1.016 E0.02498
G1 X36.301 Y-0.019 E0.02518
G1 X36.289 Y-.945 E0.02252
G1 X36.244 Y-1.993 E0.02551
G1 X36.177 Y-2.966 E0.02372
G1 X36.033 Y-4.325 E0.03324
G1 X30.675 Y-4.325 E0.13031
G1 X30.676 Y4.324 E0.21036
G1 F3600 E-1
G0 F12000 X30.251 Y4.749
;TYPE:WALL-OUTER
G1 F3600 E1
G1 F2400 X36.409 Y4.749 E0.14977
G1 X36.503 Y3.961 E0.0193
G1 X36.604 Y2.947 E0.02478
G1 X36.666 Y2.066 E0.02148
G1 X36.71 Y1.028 E0.02527
G1 X36.726 Y-0.024 E0.02559
G1 X36.714 Y-.957 E0.02269
G1 X36.668 Y-2.022 E0.02593
G1 X36.6 Y-3.008 E0.02404
G1 X36.502 Y-3.979 E0.02374
G1 X36.41 Y-4.75 E0.01888
G1 X30.25 Y-4.75 E0.14982
G1 X30.251 Y4.749 E0.23103
G0 F12000 X31.051 Y4.749
G0 X31.425 Y3.575
G1 F3600 E-1
;MESH:NONMESH
G0 F600 X31.425 Y3.575 Z19.54
G0 F12000 X30.495 Y3.92
G0 X-30.495 Y3.92
G0 X-33.569 Y3.92
;TIME_ELAPSED:620.542041
;LAYER:148
;TYPE:FILL
;MESH:bridge.stl
G1 F3600 E1
G1 F9600 X-34.314 Y2.887 E0.03098
G1 X-35.217 Y2.075 E0.02954
G1 X-35.739 Y1.772 E0.01468
G1 F3600 E-1
G0 F12000 X-31.045 Y3.955
G0 X-30.675 Y4.325
;TYPE:WALL-INNER
G1 F3600 E1
G1 F4800 X-30.675 Y-4.325 E0.21038
G1 X-35.938 Y-4.325 E0.128
G1 X-36.072 Y-2.92 E0.03433
G1 X-36.138 Y-1.929 E0.02416
G1 X-36.181 Y-.977 E0.02318
G1 X-36.193 Y0.00 E0.02376
G1 X-36.181 Y0.977 E0.02376
G1 X-36.136 Y1.986 E0.02456
G1 X-36.069 Y2.96 E0.02375
G1 X-35.938 Y4.325 E0.03335
G1 X-30.675 Y4.325 E0.128
G1 F3600 E-1
G0 F12000 X-30.25 Y4.75
;TYPE:WALL-OUTER
G1 F3600 E1
G1 F2400 X-30.25 Y-4.75 E0.23105
G1 X-36.303 Y-4.75 E0.14722
G1 X-36.4 Y-3.957 E0.01943
G1 X-36.496 Y-2.949 E0.02463
G1 X-36.562 Y-1.982 E0.02357
G1 X-36.606 Y-.988 E0.0242
G1 X-36.618 Y0.00 E0.02403
G1 X-36.606 Y0.988 E0.02403
G1 X-36.56 Y2.015 E0.025
G1 X-36.493 Y3.001 E0.02404
G1 X-36.398 Y3.979 E0.0239
G1 X-36.303 Y4.75 E0.01889
G1 X-30.25 Y4.75 E0.14722
G0 F12000 X-30.25 Y3.95
G0 X-31.425 Y3.575
G1 F3600 E-1
G0 F12000 X-30.495 Y-3.92
G0 X30.495 Y-3.92
G0 X34.013 Y-3.92
;TYPE:FILL
G1 F3600 E1
G1 F9600 X33.411 Y-3.085 E0.02504
G1 X32.508 Y-1.662 E0.04099
G1 X31.605 Y-1.033 E0.02677
G1 X31.08 Y-1.018 E0.01277
G1 X31.08 Y3.812 E0.11747
G1 X31.605 Y3.084 E0.02183
G1 X32.508 Y1.661 E0.04099
G1 X33.411 Y1.032 E0.02677
G1 X34.314 Y1.007 E0.02197
G1 X35.217 Y1.206 E0.02249
G1 X35.755 Y1.412 E0.01401
G1 F3600 E-1
G0 F12000 X31.045 Y3.955
G0 X30.675 Y4.325
;TYPE:WALL-INNER
G1 F3600 E1
G1 F4800 X35.937 Y4.324 E0.12798
G1 X36.072 Y2.92 E0.0343
G1 X36.138 Y1.929 E0.02416
G1 X36.181 Y0.977 E0.02318
G1 X36.192 Y-0.032 E0.02454
G1 X36.181 Y-.981 E0.02308
G1 X36.136 Y-1.99 E0.02456
G1 X36.07 Y-2.964 E0.02374
G1 X35.938 Y-4.325 E0.03326
G1 X30.675 Y-4.325 E0.128
G1 X30.675 Y4.325 E0.21038
G1 F3600 E-1
G0 F12000 X30.25 Y4.75
;TYPE:WALL-OUTER
G1 F3600 E1
G1 F2400 X36.302 Y4.749 E0.14719
G1 X36.4 Y3.957 E0.01941
G1 X36.496 Y2.949 E0.02463
G1 X36.562 Y1.982 E0.02357
G1 X36.606 Y0.988 E0.0242
G1 X36.617 Y-0.038 E0.02496
G1 X36.606 Y-.993 E0.02323
G1 X36.56 Y-2.019 E0.02498
G1 X36.493 Y-3.005 E0.02404
G1 X36.398 Y-3.983 E0.0239
G1 X36.303 Y-4.75 E0.0188
G1 X30.25 Y-4.75 E0.14722
G1 X30.25 Y4.75 E0.23105
G0 F12000 X31.05 Y4.75
G0 X31.425 Y3.575
G1 F3600 E-1
;MESH:NONMESH
G0 F600 X31.425 Y3.575 Z19.67
G0 F12000 X30.495 Y3.92
G0 X-30.495 Y3.92
G0 X-33.67 Y3.92
;TIME_ELAPSED:624.724840
;LAYER:149
;TYPE:FILL
;MESH:bridge.stl
G1 F3600 E1
G1 F9600 X-34.314 Y2.937 E0.02858
G1 X-35.217 Y2.066 E0.03051
G1 X-35.634 Y1.805 E0.01196
G1 F3600 E-1
G0 F12000 X-31.045 Y3.955
G0 X-30.675 Y4.325
;TYPE:WALL-INNER
G1 F3600 E1
G1 F4800 X-30.675 Y-4.325 E0.21038
G1 X-35.821 Y-4.325 E0.12516
G1 X-35.967 Y-2.939 E0.0339
G1 X-36.033 Y-1.963 E0.02379
G1 X-36.073 Y-.978 E0.02398
G1 X-36.085 Y0.00 E0.02379
G1 X-36.072 Y1.014 E0.02466
G1 X-36.031 Y1.998 E0.02395
G1 X-35.965 Y2.962 E0.0235
G1 X-35.821 Y4.325 E0.03333
G1 X-30.675 Y4.325 E0.12516
G1 F3600 E-1
G0 F12000 X-30.25 Y4.75
;TYPE:WALL-OUTER
G1 F3600 E1
G1 F2400 X-30.25 Y-4.75 E0.23105
G1 X-36.198 Y-4.75 E0.14466
G1 X-36.291 Y-3.961 E0.01932
G1 X-36.392 Y-2.945 E0.02483
G1 X-36.458 Y-1.986 E0.02338
G1 X-36.498 Y-.989 E0.02427
G1 X-36.51 Y0.00 E0.02406
G1 X-36.497 Y1.031 E0.02508
G1 X-36.458 Y1.986 E0.02325
G1 X-36.388 Y3.004 E0.02482
G1 X-36.29 Y3.975 E0.02374
G1 X-36.198 Y4.75 E0.01898
G1 X-30.25 Y4.75 E0.14466
G0 F12000 X-30.25 Y3.95
G0 X-31.425 Y3.575
G1 F3600 E-1
G0 F12000 X-30.495 Y-3.92
G0 X30.495 Y-3.92
G0 X34.074 Y-3.92
;TYPE:FILL
G1 F3600 E1
G1 F9600 X33.411 Y-2.909 E0.0294
G1 X32.508 Y-1.308 E0.04471
G1 X31.605 Y-.775 E0.0255
G1 X31.08 Y-.821 E0.01282
G1 X31.081 Y3.708 E0.11015
G1 X31.605 Y2.908 E0.02326
G1 X32.508 Y1.307 E0.04471
G1 X33.411 Y0.774 E0.0255
G1 X34.314 Y0.854 E0.02205
G1 X35.217 Y1.113 E0.02285
G1 X35.655 Y1.301 E0.01159
G1 F3600 E-1
G0 F12000 X31.045 Y3.955
G0 X30.676 Y4.324
;TYPE:WALL-INNER
G1 F3600 E1
G1 F4800 X35.82 Y4.324 E0.12511
G1 X35.967 Y2.939 E0.03387
G1 X36.033 Y1.963 E0.02379
G1 X36.073 Y0.978 E0.02398
G1 X36.084 Y-0.032 E0.02457
G1 X36.072 Y-1.018 E0.02398
G1 X36.032 Y-1.997 E0.02383
G1 X35.965 Y-2.966 E0.02362
G1 X35.821 Y-4.325 E0.03324
G1 X30.675 Y-4.325 E0.12516
G1 X30.676 Y4.324 E0.21036
G1 F3600 E-1
G0 F12000 X30.251 Y4.749
;TYPE:WALL-OUTER
G1 F3600 E1
G1 F2400 X36.197 Y4.749 E0.14462
G1 X36.291 Y3.961 E0.0193
G1 X36.392 Y2.945 E0.02483
G1 X36.458 Y1.986 E0.02338
G1 X36.498 Y0.989 E0.02427
G1 X36.509 Y-0.037 E0.02496
G1 X36.497 Y-1.035 E0.02427
G1 X36.456 Y-2.026 E0.02412
G1 X36.388 Y-3.008 E0.02394
G1 X36.29 Y-3.979 E0.02374
G1 X36.198 Y-4.75 E0.01888
G1 X30.25 Y-4.75 E0.14466
G1 X30.251 Y4.749 E0.23103
G0 F12000 X31.051 Y4.749
G0 X31.425 Y3.575
G1 F3600 E-1
;MESH:NONMESH
G0 F600 X31.425 Y3.575 Z19.8
G0 F12000 X30.495 Y3.92
G0 X-30.495 Y3.92
G0 X-33.766 Y3.92
;TIME_ELAPSED:628.897291
;LAYER:150
;TYPE:FILL
;MESH:bridge.stl
G1 F3600 E1
G1 F9600 X-34.314 Y2.985 E0.02636
G1 X-35.217 Y2.051 E0.0316
G1 X-35.524 Y1.845 E0.00899
G1 F3600 E-1
G0 F12000 X-31.045 Y3.955
G0 X-30.675 Y4.325
;TYPE:WALL-INNER
G1 F3600 E1
G1 F4800 X-30.675 Y-4.325 E0.21038
G1 X-35.726 Y-4.325 E0.12285
G1 X-35.86 Y-2.92 E0.03433
G1 X-35.925 Y-1.959 E0.02343
G1 X-35.965 Y-.977 E0.0239
G1 X-35.981 Y0.00 E0.02377
G1 X-35.964 Y1.007 E0.0245
G1 X-35.924 Y1.993 E0.024
G1 X-35.857 Y2.96 E0.02358
G1 X-35.726 Y4.325 E0.03335
G1 X-30.675 Y4.325 E0.12285
G1 F3600 E-1
G0 F12000 X-30.25 Y4.75
;TYPE:WALL-OUTER
G1 F3600 E1
G1 F2400 X-30.25 Y-4.75 E0.23105
G1 X-36.091 Y-4.75 E0.14206
G1 X-36.188 Y-3.957 E0.01943
G1 X-36.284 Y-2.949 E0.02463
G1 X-36.35 Y-1.982 E0.02357
G1 X-36.39 Y-.988 E0.0242
G1 X-36.406 Y0.00 E0.02403
G1 X-36.389 Y1.024 E0.02491
G1 X-36.348 Y2.022 E0.02429
G1 X-36.281 Y3.001 E0.02387
G1 X-36.186 Y3.979 E0.0239
G1 X-36.091 Y4.75 E0.01889
G1 X-30.25 Y4.75 E0.14206
G0 F12000 X-30.25 Y3.95
G0 X-31.425 Y3.575
G1 F3600 E-1
G0 F12000 X-30.495 Y-3.92
G0 X30.495 Y-3.92
G0 X34.127 Y-3.92
;TYPE:FILL
G1 F3600 E1
G1 F9600 X33.411 Y-2.699 E0.03443
G1 X32.508 Y-.772 E0.05176
G1 X31.605 Y-.471 E0.02315
G1 X31.08 Y-.599 E0.01314
G1 X31.081 Y3.592 E0.10193
G1 X31.605 Y2.698 E0.0252
G1 X32.508 Y0.771 E0.05176
G1 X33.411 Y0.47 E0.02315
G1 X34.314 Y0.69 E0.0226
G1 X35.217 Y1.015 E0.02334
G1 X35.551 Y1.174 E0.009
G1 F3600 E-1
G0 F12000 X31.045 Y3.955
G0 X30.676 Y4.324
;TYPE:WALL-INNER
G1 F3600 E1
G1 F4800 X35.725 Y4.324 E0.1228
G1 X35.86 Y2.92 E0.0343
G1 X35.925 Y1.959 E0.02343
G1 X35.965 Y0.977 E0.0239
G1 X35.98 Y-0.042 E0.02479
G1 X35.964 Y-1.011 E0.02357
G1 X35.924 Y-1.997 E0.024
G1 X35.858 Y-2.964 E0.02357
G1 X35.726 Y-4.325 E0.03326
G1 X30.675 Y-4.325 E0.12285
G1 X30.676 Y4.324 E0.21036
G1 F3600 E-1
G0 F12000 X30.251 Y4.749
;TYPE:WALL-OUTER
G1 F3600 E1
G1 F2400 X36.09 Y4.749 E0.14201
G1 X36.188 Y3.957 E0.01941
G1 X36.284 Y2.949 E0.02463
G1 X36.35 Y1.982 E0.02357
G1 X36.39 Y0.988 E0.0242
G1 X36.405 Y-0.049 E0.02522
G1 X36.389 Y-1.028 E0.02381
G1 X36.348 Y-2.026 E0.02429
G1 X36.281 Y-3.005 E0.02387
G1 X36.186 Y-3.983 E0.0239
G1 X36.091 Y-4.75 E0.0188
G1 X30.25 Y-4.75 E0.14206
G1 X30.251 Y4.749 E0.23103
G0 F12000 X31.051 Y4.749
G0 X31.425 Y3.575
G1 F3600 E-1
;MESH:NONMESH
G0 F600 X31.425 Y3.575 Z19.93
G0 F12000 X30.495 Y3.92
G0 X-30.495 Y3.92
G0 X-33.805 Y3.92
;TIME_ELAPSED:633.061283
;LAYER:151
;TYPE:FILL
;MESH:bridge.stl
G1 F3600 E1
G1 F9600 X-33.952 Y3.612 E0.0083
G1 X-34.559 Y2.709 E0.02646
G1 X-35.414 Y1.883 E0.02891
G1 F3600 E-1
G0 F12000 X-31.045 Y3.955
G0 X-30.675 Y4.325
;TYPE:WALL-INNER
G1 F3600 E1
G1 F4800 X-30.675 Y-4.325 E0.21038
G1 X-35.618 Y-4.325 E0.12022
G1 X-35.752 Y-2.92 E0.03433
G1 X-35.818 Y-1.962 E0.02336
G1 X-35.861 Y-.977 E0.02398
G1 X-35.873 Y0.00 E0.02376
G1 X-35.861 Y0.977 E0.02376
G1 X-35.816 Y1.991 E0.02469
G1 X-35.749 Y2.959 E0.0236
G1 X-35.618 Y4.325 E0.03338
G1 X-30.675 Y4.325 E0.12022
G1 F3600 E-1
G0 F12000 X-30.25 Y4.75
;TYPE:WALL-OUTER
G1 F3600 E1
G1 F2400 X-30.25 Y-4.75 E0.23105
G1 X-35.986 Y-4.75 E0.13951
G1 X-36.08 Y-3.96 E0.01935
G1 X-36.176 Y-2.949 E0.0247
G1 X-36.242 Y-1.985 E0.0235
G1 X-36.286 Y-.989 E0.02425
G1 X-36.298 Y0.00 E0.02406
G1 X-36.286 Y0.989 E0.02406
G1 X-36.24 Y2.02 E0.0251
G1 X-36.173 Y3 E0.02389
G1 X-36.078 Y3.978 E0.0239
G1 X-35.986 Y4.75 E0.01891
G1 X-30.25 Y4.75 E0.13951
G0 F12000 X-30.25 Y3.95
G0 X-31.425 Y3.575
G1 F3600 E-1
G0 F12000 X-30.495 Y-.312
G0 X30.495 Y-.312
G0 X31.08 Y-.312
;TYPE:FILL
G1 F3600 E1
G1 F9600 X31.748 Y0.00 E0.01793
G1 X32.044 Y0.903 E0.02311
G1 X31.821 Y1.806 E0.02262
G1 X31.495 Y2.709 E0.02335
G1 X31.081 Y3.576 E0.02337
G1 X31.081 Y3.919 E0.00834
G1 X35.245 Y3.92 E0.10127
G1 X35.349 Y2.88 E0.02542
G1 X35.413 Y1.947 E0.02275
G1 X35.452 Y1.049 E0.02186
G1 X35.203 Y0.903 E0.00702
G1 X33.269 Y0.00 E0.05191
G1 X32.973 Y-.903 E0.02311
G1 X33.196 Y-1.806 E0.02262
G1 X33.522 Y-2.709 E0.02335
G1 X33.953 Y-3.612 E0.02434
G1 X34.16 Y-3.92 E0.00903
G1 F3600 E-1
G0 F12000 X31.045 Y3.955
G0 X30.676 Y4.324
;TYPE:WALL-INNER
G1 F3600 E1
G1 F4800 X35.618 Y4.325 E0.1202
G1 X35.752 Y2.92 E0.03433
G1 X35.818 Y1.933 E0.02406
G1 X35.861 Y0.977 E0.02327
G1 X35.872 Y-0.03 E0.02449
G1 X35.861 Y-.981 E0.02313
G1 X35.816 Y-1.99 E0.02456
G1 X35.75 Y-2.964 E0.02374
G1 X35.618 Y-4.325 E0.03326
G1 X30.675 Y-4.325 E0.12022
G1 X30.676 Y4.324 E0.21036
G1 F3600 E-1
G0 F12000 X30.251 Y4.749
;TYPE:WALL-OUTER
G1 F3600 E1
G1 F2400 X35.986 Y4.75 E0.13948
G1 X36.08 Y3.96 E0.01935
G1 X36.176 Y2.949 E0.0247
G1 X36.242 Y1.985 E0.0235
G1 X36.286 Y0.989 E0.02425
G1 X36.297 Y-0.036 E0.02493
G1 X36.286 Y-.993 E0.02328
G1 X36.24 Y-2.019 E0.02498
G1 X36.173 Y-3.005 E0.02404
G1 X36.078 Y-3.982 E0.02387
G1 X35.986 Y-4.75 E0.01881
G1 X30.25 Y-4.75 E0.13951
G1 X30.251 Y4.749 E0.23103
G0 F12000 X31.051 Y4.749
G0 X31.425 Y3.575
G1 F3600 E-1
;MESH:NONMESH
G0 F600 X31.425 Y3.575 Z20.06
G0 F12000 X30.495 Y3.92
G0 X-30.495 Y3.92
G0 X-33.876 Y3.92
;TIME_ELAPSED:637.235119
;LAYER:152
;TYPE:FILL
;MESH:bridge.stl
G1 F3600 E1
G1 F9600 X-34.008 Y3.612 E0.00815
G1 X-34.573 Y2.709 E0.02591
G1 X-35.308 Y1.948 E0.02573
G1 F3600 E-1
G0 F12000 X-31.045 Y3.955
G0 X-30.675 Y4.325
;TYPE:WALL-INNER
G1 F3600 E1
G1 F4800 X-30.675 Y-4.325 E0.21038
G1 X-35.501 Y-4.325 E0.11738
G1 X-35.647 Y-2.939 E0.0339
G1 X-35.713 Y-1.959 E0.02389
G1 X-35.753 Y-.978 E0.02388
G1 X-35.765 Y0.03 E0.02452
G1 X-35.752 Y1.012 E0.02389
G1 X-35.712 Y1.993 E0.02388
G1 X-35.645 Y2.962 E0.02362
G1 X-35.501 Y4.325 E0.03333
G1 X-30.675 Y4.325 E0.11738
G1 F3600 E-1
G0 F12000 X-30.25 Y4.75
;TYPE:WALL-OUTER
G1 F3600 E1
G1 F2400 X-30.25 Y-4.75 E0.23105
G1 X-35.878 Y-4.75 E0.13688
G1 X-35.971 Y-3.961 E0.01932
G1 X-36.072 Y-2.945 E0.02483
G1 X-36.138 Y-1.982 E0.02348
G1 X-36.178 Y-.989 E0.02417
G1 X-36.19 Y0.035 E0.02491
G1 X-36.177 Y1.029 E0.02418
G1 X-36.136 Y2.022 E0.02417
G1 X-36.068 Y3.004 E0.02394
G1 X-35.97 Y3.975 E0.02374
G1 X-35.878 Y4.75 E0.01898
G1 X-30.25 Y4.75 E0.13688
G0 F12000 X-30.25 Y3.95
G0 X-31.425 Y3.575
G1 F3600 E-1
G0 F12000 X-30.495 Y-0.071
G0 X30.495 Y-0.071
G0 X31.08 Y-0.071
;TYPE:FILL
G1 F3600 E1
G1 F9600 X31.207 Y0.00 E0.00354
G1 X31.738 Y0.903 E0.02548
G1 X31.656 Y1.806 E0.02205
G1 X31.396 Y2.709 E0.02285
G1 X31.081 Y3.442 E0.0194
G1 X31.081 Y3.919 E0.0116
G1 X35.138 Y3.919 E0.09867
G1 X35.245 Y2.874 E0.02555
G1 X35.31 Y1.933 E0.02294
G1 X35.349 Y0.866 E0.02597
G1 X33.81 Y0.00 E0.04295
G1 X33.279 Y-.903 E0.02548
G1 X33.361 Y-1.806 E0.02205
G1 X33.621 Y-2.709 E0.02285
G1 X34.009 Y-3.612 E0.0239
G1 X34.202 Y-3.92 E0.00884
G1 F3600 E-1
G0 F12000 X31.045 Y3.955
G0 X30.676 Y4.324
;TYPE:WALL-INNER
G1 F3600 E1
G1 F4800 X35.5 Y4.324 E0.11733
G1 X35.647 Y2.939 E0.03387
G1 X35.713 Y1.959 E0.02389
G1 X35.753 Y0.978 E0.02388
G1 X35.764 Y-0.03 E0.02452
G1 X35.752 Y-1.016 E0.02398
G1 X35.712 Y-1.997 E0.02388
G1 X35.645 Y-2.966 E0.02362
G1 X35.501 Y-4.325 E0.03324
G1 X30.675 Y-4.325 E0.11738
G1 X30.676 Y4.324 E0.21036
G1 F3600 E-1
G0 F12000 X30.251 Y4.749
;TYPE:WALL-OUTER
G1 F3600 E1
G1 F2400 X35.877 Y4.749 E0.13683
G1 X35.971 Y3.961 E0.0193
G1 X36.072 Y2.945 E0.02483
G1 X36.138 Y1.982 E0.02348
G1 X36.178 Y0.989 E0.02417
G1 X36.189 Y-0.035 E0.02491
G1 X36.177 Y-1.033 E0.02427
G1 X36.136 Y-2.026 E0.02417
G1 X36.068 Y-3.008 E0.02394
G1 X35.97 Y-3.979 E0.02374
G1 X35.878 Y-4.75 E0.01888
G1 X30.25 Y-4.75 E0.13688
G1 X30.251 Y4.749 E0.23103
G0 F12000 X31.051 Y4.749
G0 X31.425 Y3.575
G1 F3600 E-1
;MESH:NONMESH
G0 F600 X31.425 Y3.575 Z20.19
G0 F12000 X30.495 Y3.92
G0 X-30.495 Y3.92
G0 X-33.94 Y3.92
;TIME_ELAPSED:641.367159
;LAYER:153
;TYPE:FILL
;MESH:bridge.stl
G1 F3600 E1
G1 F9600 X-34.058 Y3.612 E0.00802
G1 X-34.583 Y2.709 E0.0254
G1 X-35.195 Y2.03 E0.02223
G1 F3600 E-1
G0 F12000 X-31.045 Y3.955
G0 X-30.675 Y4.325
;TYPE:WALL-INNER
G1 F3600 E1
G1 F4800 X-30.675 Y-4.325 E0.21038
G1 X-35.406 Y-4.325 E0.11506
G1 X-35.54 Y-2.92 E0.03433
G1 X-35.605 Y-1.963 E0.02333
G1 X-35.645 Y-.977 E0.024
G1 X-35.661 Y0.00 E0.02377
G1 X-35.644 Y1.005 E0.02445
G1 X-35.602 Y2.026 E0.02485
G1 X-35.537 Y2.959 E0.02275
G1 X-35.406 Y4.325 E0.03338
G1 X-30.675 Y4.325 E0.11506
G1 F3600 E-1
G0 F12000 X-30.25 Y4.75
;TYPE:WALL-OUTER
G1 F3600 E1
G1 F2400 X-30.25 Y-4.75 E0.23105
G1 X-35.771 Y-4.75 E0.13428
G1 X-35.868 Y-3.957 E0.01943
G1 X-35.964 Y-2.949 E0.02463
G1 X-36.03 Y-1.986 E0.02348
G1 X-36.07 Y-.989 E0.02427
G1 X-36.086 Y0.00 E0.02406
G1 X-36.069 Y1.022 E0.02486
G1 X-36.026 Y2.055 E0.02515
G1 X-35.961 Y3 E0.02304
G1 X-35.866 Y3.979 E0.02392
G1 X-35.771 Y4.75 E0.01889
G1 X-30.25 Y4.75 E0.13428
G0 F12000 X-30.25 Y3.95
G0 X-31.425 Y3.575
G1 F3600 E-1
G0 F12000 X-30.495 Y0.328
G0 X30.495 Y0.328
G0 X31.08 Y0.328
;TYPE:FILL
G1 F3600 E1
G1 F9600 X31.479 Y0.903 E0.01702
G1 X31.503 Y1.806 E0.02197
G1 X31.304 Y2.709 E0.02249
G1 X31.08 Y3.294 E0.01524
G1 X31.08 Y3.92 E0.01523
G1 X35.032 Y3.919 E0.09612
G1 X35.137 Y2.879 E0.02542
G1 X35.202 Y1.937 E0.02297
G1 X35.244 Y0.683 E0.03052
G1 X34.165 Y0.00 E0.03106
G1 X33.538 Y-.903 E0.02674
G1 X33.514 Y-1.806 E0.02197
G1 X33.713 Y-2.709 E0.02249
G1 X34.059 Y-3.612 E0.02352
G1 X34.238 Y-3.92 E0.00866
G1 F3600 E-1
G0 F12000 X31.045 Y3.955
G0 X30.675 Y4.325
;TYPE:WALL-INNER
G1 F3600 E1
G1 F4800 X35.405 Y4.324 E0.11504
G1 X35.54 Y2.92 E0.0343
G1 X35.605 Y1.963 E0.02333
G1 X35.645 Y0.977 E0.024
G1 X35.66 Y-0.039 E0.02471
G1 X35.644 Y-1.01 E0.02362
G1 X35.602 Y-2.025 E0.02471
G1 X35.538 Y-2.964 E0.02289
G1 X35.406 Y-4.325 E0.03326
G1 X30.675 Y-4.325 E0.11506
G1 X30.675 Y4.325 E0.21038
G1 F3600 E-1
G0 F12000 X30.25 Y4.75
;TYPE:WALL-OUTER
G1 F3600 E1
G1 F2400 X35.77 Y4.749 E0.13425
G1 X35.868 Y3.957 E0.01941
G1 X35.964 Y2.949 E0.02463
G1 X36.03 Y1.986 E0.02348
G1 X36.07 Y0.989 E0.02427
G1 X36.085 Y-0.046 E0.02518
G1 X36.069 Y-1.027 E0.02386
G1 X36.026 Y-2.054 E0.025
G1 X35.961 Y-3.005 E0.02318
G1 X35.866 Y-3.983 E0.0239
G1 X35.771 Y-4.75 E0.0188
G1 X30.25 Y-4.75 E0.13428
G1 X30.25 Y4.75 E0.23105
G0 F12000 X31.05 Y4.75
G0 X31.425 Y3.575
G1 F3600 E-1
;MESH:NONMESH
G0 F600 X31.425 Y3.575 Z20.32
G0 F12000 X30.495 Y3.92
G0 X-30.495 Y3.92
G0 X-33.999 Y3.92
;TIME_ELAPSED:645.462741
;LAYER:154
;TYPE:FILL
;MESH:bridge.stl
G1 F3600 E1
G1 F9600 X-34.103 Y3.612 E0.00791
G1 X-34.588 Y2.709 E0.02493
G1 X-35.08 Y2.122 E0.01863
G1 F3600 E-1
G0 F12000 X-31.045 Y3.955
G0 X-30.675 Y4.325
;TYPE:WALL-INNER
G1 F3600 E1
G1 F4800 X-30.675 Y-4.325 E0.21038
G1 X-35.298 Y-4.325 E0.11244
G1 X-35.432 Y-2.92 E0.03433
G1 X-35.498 Y-1.934 E0.02403
G1 X-35.541 Y-.977 E0.0233
G1 X-35.553 Y0.00 E0.02376
G1 X-35.541 Y0.977 E0.02376
G1 X-35.496 Y1.99 E0.02466
G1 X-35.429 Y2.959 E0.02362
G1 X-35.298 Y4.325 E0.03338
G1 X-30.675 Y4.325 E0.11244
G1 F3600 E-1
G0 F12000 X-30.25 Y4.75
;TYPE:WALL-OUTER
G1 F3600 E1
G1 F2400 X-30.25 Y-4.75 E0.23105
G1 X-35.663 Y-4.75 E0.13165
G1 X-35.76 Y-3.957 E0.01943
G1 X-35.856 Y-2.949 E0.02463
G1 X-35.922 Y-1.985 E0.0235
G1 X-35.966 Y-.989 E0.02425
G1 X-35.978 Y0.00 E0.02406
G1 X-35.966 Y0.989 E0.02406
G1 X-35.92 Y2.019 E0.02508
G1 X-35.853 Y3 E0.02391
G1 X-35.758 Y3.979 E0.02392
G1 X-35.663 Y4.75 E0.01889
G1 X-30.25 Y4.75 E0.13165
G0 F12000 X-30.25 Y3.95
G0 X-31.425 Y3.575
G1 F3600 E-1
G0 F12000 X-30.495 Y0.673
G0 X30.495 Y0.673
G0 X31.08 Y0.673
;TYPE:FILL
G1 F3600 E1
G1 F9600 X31.253 Y0.903 E0.007
G1 X31.361 Y1.806 E0.02212
G1 X31.217 Y2.709 E0.02224
G1 X31.08 Y3.116 E0.01044
G1 X31.08 Y3.92 E0.01955
G1 X34.924 Y3.919 E0.09349
G1 X35.03 Y2.878 E0.02545
G1 X35.092 Y1.916 E0.02345
G1 X35.157 Y0.495 E0.0346
G1 X34.443 Y0.00 E0.02113
G1 X33.764 Y-.903 E0.02748
G1 X33.656 Y-1.806 E0.02212
G1 X33.8 Y-2.709 E0.02224
G1 X34.104 Y-3.612 E0.02317
G1 X34.269 Y-3.92 E0.0085
G1 F3600 E-1
G0 F12000 X31.045 Y3.955
G0 X30.675 Y4.325
;TYPE:WALL-INNER
G1 F3600 E1
G1 F4800 X35.297 Y4.324 E0.11241
G1 X35.432 Y2.92 E0.0343
G1 X35.498 Y1.934 E0.02403
G1 X35.541 Y0.977 E0.0233
G1 X35.552 Y-0.028 E0.02444
G1 X35.541 Y-.981 E0.02318
G1 X35.496 Y-1.989 E0.02454
G1 X35.43 Y-2.964 E0.02377
G1 X35.298 Y-4.325 E0.03326
G1 X30.675 Y-4.325 E0.11244
G1 X30.675 Y4.325 E0.21038
G1 F3600 E-1
G0 F12000 X30.25 Y4.75
;TYPE:WALL-OUTER
G1 F3600 E1
G1 F2400 X35.662 Y4.749 E0.13163
G1 X35.76 Y3.957 E0.01941
G1 X35.856 Y2.949 E0.02463
G1 X35.922 Y1.985 E0.0235
G1 X35.966 Y0.989 E0.02425
G1 X35.977 Y-0.034 E0.02488
G1 X35.966 Y-.993 E0.02333
G1 X35.92 Y-2.018 E0.02495
G1 X35.853 Y-3.005 E0.02406
G1 X35.758 Y-3.983 E0.0239
G1 X35.663 Y-4.75 E0.0188
G1 X30.25 Y-4.75 E0.13165
G1 X30.25 Y4.75 E0.23105
G0 F12000 X31.05 Y4.75
G0 X31.425 Y3.575
G1 F3600 E-1
;MESH:NONMESH
G0 F600 X31.425 Y3.575 Z20.45
G0 F12000 X30.495 Y3.92
G0 X-30.495 Y3.92
G0 X-34.054 Y3.92
;TIME_ELAPSED:649.522168
;LAYER:155
;TYPE:FILL
;MESH:bridge.stl
G1 F3600 E1
G1 F9600 X-34.144 Y3.612 E0.0078
G1 X-34.588 Y2.709 E0.02447
G1 X-34.97 Y2.219 E0.01511
G1 F3600 E-1
G0 F12000 X-31.045 Y3.955
G0 X-30.675 Y4.325
;TYPE:WALL-INNER
G1 F3600 E1
G1 F4800 X-30.675 Y-4.325 E0.21038
G1 X-35.186 Y-4.325 E0.10971
G1 X-35.327 Y-2.955 E0.0335
G1 X-35.397 Y-1.888 E0.02601
G1 X-35.433 Y-.978 E0.02215
G1 X-35.445 Y0.00 E0.02379
G1 X-35.432 Y1.01 E0.02457
G1 X-35.392 Y1.995 E0.02398
G1 X-35.325 Y2.962 E0.02358
G1 X-35.187 Y4.325 E0.03332
G1 X-30.675 Y4.325 E0.10974
G1 F3600 E-1
G0 F12000 X-30.25 Y4.75
;TYPE:WALL-OUTER
G1 F3600 E1
G1 F2400 X-30.25 Y-4.75 E0.23105
G1 X-35.551 Y-4.75 E0.12893
G1 X-35.652 Y-3.961 E0.01935
G1 X-35.75 Y-2.991 E0.02371
G1 X-35.822 Y-1.91 E0.02635
G1 X-35.858 Y-.989 E0.02242
G1 X-35.87 Y0.00 E0.02406
G1 X-35.857 Y1.027 E0.02498
G1 X-35.816 Y2.024 E0.02427
G1 X-35.748 Y3.005 E0.02392
G1 X-35.658 Y3.89 E0.02164
G1 X-35.551 Y4.75 E0.02108
G1 X-30.25 Y4.75 E0.12893
G0 F12000 X-30.25 Y3.95
G0 X-31.425 Y3.575
G1 F3600 E-1
G0 F12000 X-30.495 Y1.047
G0 X30.495 Y1.047
G0 X31.08 Y1.047
;TYPE:FILL
G1 F3600 E1
G1 F9600 X31.228 Y1.806 E0.01881
G1 X31.136 Y2.709 E0.02208
G1 X31.08 Y2.901 E0.00486
G1 X31.08 Y3.92 E0.02478
G1 X34.817 Y3.92 E0.09089
G1 X34.925 Y2.887 E0.02526
G1 X34.992 Y1.841 E0.02549
G1 X35.028 Y0.959 E0.02147
G1 X35.036 Y0.268 E0.01681
G1 X34.676 Y0.00 E0.01092
G1 X33.965 Y-.903 E0.02795
G1 X33.789 Y-1.806 E0.02238
G1 X33.881 Y-2.709 E0.02208
G1 X34.145 Y-3.612 E0.02288
G1 X34.296 Y-3.92 E0.00834
G1 F3600 E-1
G0 F12000 X31.045 Y3.955
G0 X30.675 Y4.325
;TYPE:WALL-INNER
G1 F3600 E1
G1 F4800 X35.186 Y4.325 E0.10971
G1 X35.327 Y2.955 E0.0335
G1 X35.397 Y1.888 E0.02601
G1 X35.433 Y0.978 E0.02215
G1 X35.444 Y-0.028 E0.02447
G1 X35.432 Y-1.015 E0.02401
G1 X35.392 Y-1.995 E0.02385
G1 X35.325 Y-2.966 E0.02367
G1 X35.187 Y-4.325 E0.03322
G1 X30.675 Y-4.325 E0.10974
G1 X30.675 Y4.325 E0.21038
G1 F3600 E-1
G0 F12000 X30.25 Y4.75
;TYPE:WALL-OUTER
G1 F3600 E1
G1 F2400 X35.551 Y4.75 E0.12893
G1 X35.652 Y3.961 E0.01935
G1 X35.75 Y2.991 E0.02371
G1 X35.822 Y1.91 E0.02635
G1 X35.858 Y0.989 E0.02242
G1 X35.869 Y-0.033 E0.02486
G1 X35.857 Y-1.032 E0.0243
G1 X35.816 Y-2.024 E0.02415
G1 X35.748 Y-3.009 E0.02401
G1 X35.658 Y-3.894 E0.02164
G1 X35.551 Y-4.75 E0.02098
G1 X30.25 Y-4.75 E0.12893
G1 X30.25 Y4.75 E0.23105
G0 F12000 X31.05 Y4.75
G0 X31.425 Y3.575
G1 F3600 E-1
;MESH:NONMESH
G0 F600 X31.425 Y3.575 Z20.58
G0 F12000 X30.495 Y3.92
G0 X-30.495 Y3.92
G0 X-34.103 Y3.92
;TIME_ELAPSED:653.545881
;LAYER:156
;TYPE:FILL
;MESH:bridge.stl
G1 F3600 E1
G1 F9600 X-34.179 Y3.612 E0.00772
G1 X-34.584 Y2.709 E0.02407
G1 X-34.85 Y2.342 E0.01102
G1 F3600 E-1
G0 F12000 X-31.045 Y3.955
G0 X-30.675 Y4.325
;TYPE:WALL-INNER
G1 F3600 E1
G1 F4800 X-30.675 Y-4.325 E0.21038
G1 X-35.075 Y-4.325 E0.10701
G1 X-35.216 Y-2.918 E0.03439
G1 X-35.285 Y-1.956 E0.02346
G1 X-35.325 Y-1.076 E0.02142
G1 X-35.341 Y0.015 E0.02654
G1 X-35.324 Y1.004 E0.02406
G1 X-35.284 Y1.953 E0.0231
G1 X-35.213 Y2.96 E0.02455
G1 X-35.076 Y4.325 E0.03337
G1 X-30.675 Y4.325 E0.10704
G1 F3600 E-1
G0 F12000 X-30.25 Y4.75
;TYPE:WALL-OUTER
G1 F3600 E1
G1 F2400 X-30.25 Y-4.75 E0.23105
G1 X-35.442 Y-4.75 E0.12628
G1 X-35.54 Y-3.959 E0.01939
G1 X-35.64 Y-2.948 E0.02471
G1 X-35.71 Y-1.981 E0.02358
G1 X-35.75 Y-1.088 E0.02174
G1 X-35.766 Y0.015 E0.02683
G1 X-35.749 Y1.021 E0.02447
G1 X-35.708 Y1.982 E0.02339
G1 X-35.636 Y3.002 E0.02487
G1 X-35.538 Y3.977 E0.02383
G1 X-35.442 Y4.75 E0.01894
G1 X-30.25 Y4.75 E0.12628
G0 F12000 X-30.25 Y3.95
G0 X-31.425 Y3.575
G1 F3600 E-1
G0 F12000 X-30.495 Y1.71
G0 X30.495 Y1.71
G0 X31.08 Y1.71
;TYPE:FILL
G1 F3600 E1
G1 F9600 X31.105 Y1.806 E0.00241
G1 X31.08 Y2.319 E0.01249
G1 X31.08 Y3.92 E0.03894
G1 X34.706 Y3.92 E0.08819
G1 X34.813 Y2.875 E0.02555
G1 X34.881 Y1.914 E0.02343
G1 X34.92 Y1.052 E0.02099
G1 X34.934 Y0.068 E0.02393
G1 X34.148 Y-.903 E0.03038
G1 X33.912 Y-1.806 E0.0227
G1 X33.956 Y-2.709 E0.02199
G1 X34.18 Y-3.612 E0.02263
G1 X34.318 Y-3.92 E0.00821
G1 F3600 E-1
G0 F12000 X31.045 Y3.955
G0 X30.675 Y4.325
;TYPE:WALL-INNER
G1 F3600 E1
G1 F4800 X35.076 Y4.325 E0.10704
G1 X35.216 Y2.918 E0.03439
G1 X35.285 Y1.956 E0.02346
G1 X35.325 Y1.076 E0.02142
G1 X35.34 Y-0.05 E0.02739
G1 X35.324 Y-1.008 E0.0233
G1 X35.284 Y-1.957 E0.0231
G1 X35.213 Y-2.965 E0.02458
G1 X35.076 Y-4.325 E0.03324
G1 X30.675 Y-4.325 E0.10704
G1 X30.675 Y4.325 E0.21038
G1 F3600 E-1
G0 F12000 X30.25 Y4.75
;TYPE:WALL-OUTER
G1 F3600 E1
G1 F2400 X35.442 Y4.75 E0.12628
G1 X35.54 Y3.959 E0.01939
G1 X35.64 Y2.948 E0.02471
G1 X35.71 Y1.981 E0.02358
G1 X35.75 Y1.088 E0.02174
G1 X35.765 Y-0.057 E0.02785
G1 X35.749 Y-1.025 E0.02355
G1 X35.708 Y-1.986 E0.02339
G1 X35.641 Y-2.95 E0.0235
G1 X35.538 Y-3.981 E0.0252
G1 X35.443 Y-4.75 E0.01885
G1 X30.25 Y-4.75 E0.1263
G1 X30.25 Y4.75 E0.23105
G0 F12000 X31.05 Y4.75
G0 X31.425 Y3.575
G1 F3600 E-1
;MESH:NONMESH
G0 F600 X31.425 Y3.575 Z20.71
G0 F12000 X30.495 Y3.92
G0 X-30.495 Y3.92
G0 X-34.147 Y3.92
;TIME_ELAPSED:657.527584
;LAYER:157
;TYPE:FILL
;MESH:bridge.stl
G1 F3600 E1
G1 F9600 X-34.21 Y3.612 E0.00765
G1 X-34.577 Y2.709 E0.02371
G1 X-34.73 Y2.482 E0.00666
G1 F3600 E-1
G0 F12000 X-31.045 Y3.955
G0 X-30.675 Y4.325
;TYPE:WALL-INNER
G1 F3600 E1
G1 F4800 X-30.675 Y-4.325 E0.21038
G1 X-34.963 Y-4.325 E0.10429
G1 X-35.104 Y-2.918 E0.03439
G1 X-35.173 Y-1.957 E0.02343
G1 X-35.217 Y-.976 E0.02388
G1 X-35.229 Y-0.091 E0.02153
G1 X-35.217 Y0.977 E0.02598
G1 X-35.172 Y1.987 E0.02459
G1 X-35.102 Y2.958 E0.02368
G1 X-34.964 Y4.325 E0.03342
G1 X-30.675 Y4.325 E0.10431
G1 F3600 E-1
G0 F12000 X-30.25 Y4.75
;TYPE:WALL-OUTER
G1 F3600 E1
G1 F2400 X-30.25 Y-4.75 E0.23105
G1 X-35.33 Y-4.75 E0.12355
G1 X-35.428 Y-3.959 E0.01939
G1 X-35.528 Y-2.948 E0.02471
G1 X-35.598 Y-1.981 E0.02358
G1 X-35.642 Y-.988 E0.02417
G1 X-35.654 Y-0.091 E0.02182
G1 X-35.642 Y0.989 E0.02627
G1 X-35.596 Y2.018 E0.02505
G1 X-35.525 Y3 E0.02395
G1 X-35.426 Y3.977 E0.02388
G1 X-35.33 Y4.75 E0.01894
G1 X-30.25 Y4.75 E0.12355
G0 F12000 X-30.25 Y3.95
G0 X-31.425 Y3.575
G1 F3600 E-1
G0 F12000 X-30.495 Y-3.92
G0 X30.495 Y-3.92
G0 X34.336 Y-3.92
;TYPE:FILL
G1 F3600 E1
G1 F9600 X34.211 Y-3.612 E0.00808
G1 X34.026 Y-2.709 E0.02242
G1 X34.028 Y-1.806 E0.02196
G1 X34.315 Y-.903 E0.02304
G1 X34.819 Y-.293 E0.01924
G1 F3600 E-1
G0 F12000 X31.045 Y3.955
G0 X30.675 Y4.325
;TYPE:WALL-INNER
G1 F3600 E1
G1 F4800 X34.964 Y4.325 E0.10431
G1 X35.104 Y2.918 E0.03439
G1 X35.173 Y1.957 E0.02343
G1 X35.217 Y0.976 E0.02388
G1 X35.228 Y0.065 E0.02216
G1 X35.217 Y-.981 E0.02544
G1 X35.172 Y-1.991 E0.02459
G1 X35.102 Y-2.962 E0.02368
G1 X34.964 Y-4.325 E0.03332
G1 X30.675 Y-4.325 E0.10431
G1 X30.675 Y4.325 E0.21038
G1 F3600 E-1
G0 F12000 X30.25 Y4.75
;TYPE:WALL-OUTER
G1 F3600 E1
G1 F2400 X35.33 Y4.75 E0.12355
G1 X35.428 Y3.959 E0.01939
G1 X35.528 Y2.948 E0.02471
G1 X35.598 Y1.981 E0.02358
G1 X35.642 Y0.988 E0.02417
G1 X35.653 Y0.06 E0.02257
G1 X35.642 Y-.993 E0.02561
G1 X35.596 Y-2.022 E0.02505
G1 X35.525 Y-3.004 E0.02395
G1 X35.426 Y-3.981 E0.02388
G1 X35.331 Y-4.75 E0.01885
G1 X30.25 Y-4.75 E0.12358
G1 X30.25 Y4.75 E0.23105
G0 F12000 X31.05 Y4.75
G0 X31.425 Y3.575
G1 F3600 E-1
;MESH:NONMESH
G0 F600 X31.425 Y3.575 Z20.84
G0 F12000 X30.495 Y3.92
G0 X-30.495 Y3.92
G0 X-34.187 Y3.92
;TIME_ELAPSED:661.379147
;LAYER:158
;note -- min layer time used
;TYPE:FILL
;MESH:bridge.stl
G1 F3600 E1
G1 F9257.9 X-34.237 Y3.612 E0.00759
G1 X-34.565 Y2.709 E0.02337
G1 X-34.609 Y2.638 E0.00203
G1 F3600 E-1
G0 F12000 X-31.045 Y3.955
G0 X-30.675 Y4.325
;TYPE:WALL-INNER
G1 F3600 E1
G1 F4686 X-30.675 Y-4.325 E0.21038
G1 X-34.855 Y-4.325 E0.10166
G1 X-34.995 Y-2.939 E0.03388
G1 X-35.062 Y-1.933 E0.02452
G1 X-35.105 Y-.977 E0.02327
G1 X-35.117 Y0.00 E0.02376
G1 X-35.105 Y0.977 E0.02376
G1 X-35.06 Y1.983 E0.02449
G1 X-34.993 Y2.962 E0.02387
G1 X-34.856 Y4.325 E0.03332
G1 X-30.675 Y4.325 E0.10169
G1 F3600 E-1
G0 F12000 X-30.25 Y4.75
;TYPE:WALL-OUTER
G1 F3600 E1
G1 F2400 X-30.25 Y-4.75 E0.23105
G1 X-35.219 Y-4.75 E0.12085
G1 X-35.32 Y-3.956 E0.01947
G1 X-35.42 Y-2.945 E0.02471
G1 X-35.486 Y-1.982 E0.02348
G1 X-35.53 Y-.988 E0.0242
G1 X-35.542 Y0.00 E0.02403
G1 X-35.53 Y0.988 E0.02403
G1 X-35.484 Y2.012 E0.02493
G1 X-35.416 Y3.004 E0.02418
G1 X-35.318 Y3.978 E0.02381
G1 X-35.219 Y4.75 E0.01893
G1 X-30.25 Y4.75 E0.12085
G0 F12000 X-30.25 Y3.95
G0 X-31.425 Y3.575
G1 F3600 E-1
G0 F12000 X-30.495 Y-3.92
G0 X30.495 Y-3.92
G0 X34.35 Y-3.92
;TYPE:FILL
G1 F3600 E1
G1 F9257.9 X34.238 Y-3.612 E0.00797
G1 X34.091 Y-2.709 E0.02225
G1 X34.137 Y-1.806 E0.02199
G1 X34.47 Y-.903 E0.02341
G1 X34.704 Y-.624 E0.00886
G1 F3600 E-1
G0 F12000 X31.045 Y3.955
G0 X30.676 Y4.324
;TYPE:WALL-INNER
G1 F3600 E1
G1 F4686 X34.855 Y4.325 E0.10164
G1 X34.995 Y2.939 E0.03388
G1 X35.062 Y1.933 E0.02452
G1 X35.105 Y0.977 E0.02327
G1 X35.116 Y-0.026 E0.0244
G1 X35.105 Y-.981 E0.02323
G1 X35.06 Y-1.987 E0.02449
G1 X34.993 Y-2.966 E0.02387
G1 X34.858 Y-4.325 E0.03322
G1 X30.675 Y-4.325 E0.10174
G1 X30.676 Y4.324 E0.21036
G1 F3600 E-1
G0 F12000 X30.251 Y4.749
;TYPE:WALL-OUTER
G1 F3600 E1
G1 F2400 X35.219 Y4.75 E0.12083
G1 X35.32 Y3.956 E0.01947
G1 X35.42 Y2.945 E0.02471
G1 X35.486 Y1.982 E0.02348
G1 X35.53 Y0.988 E0.0242
G1 X35.541 Y-0.031 E0.02479
G1 X35.53 Y-.992 E0.02337
G1 X35.484 Y-2.016 E0.02493
G1 X35.416 Y-3.008 E0.02418
G1 X35.318 Y-3.982 E0.02381
G1 X35.22 Y-4.75 E0.01883
G1 X30.25 Y-4.75 E0.12088
G1 X30.251 Y4.749 E0.23103
G0 F12000 X31.051 Y4.749
G0 X31.425 Y3.575
G1 F3600 E-1
;MESH:NONMESH
G0 F600 X31.425 Y3.575 Z20.97
G0 F12000 X30.495 Y3.92
G0 X-30.495 Y3.92
G0 X-34.222 Y3.92
;TIME_ELAPSED:665.217373
;LAYER:159
;note -- min layer time used
;TYPE:FILL
;MESH:bridge.stl
G1 F3600 E1
G1 F8959.9 X-34.259 Y3.612 E0.00754
G1 X-34.476 Y2.939 E0.0172
G1 F3600 E-1
G0 F12000 X-31.045 Y3.955
G0 X-30.675 Y4.325
;TYPE:WALL-INNER
G1 F3600 E1
G1 F4586.6 X-30.675 Y-4.325 E0.21038
G1 X-34.743 Y-4.325 E0.09894
G1 X-34.884 Y-2.918 E0.03439
G1 X-34.953 Y-1.958 E0.02341
G1 X-34.993 Y-.952 E0.02449
G1 X-35.009 Y0.034 E0.02398
G1 X-34.993 Y0.951 E0.02231
G1 X-34.951 Y1.991 E0.02531
G1 X-34.882 Y2.958 E0.02358
G1 X-34.744 Y4.325 E0.03342
G1 X-30.675 Y4.325 E0.09896
G1 F3600 E-1
G0 F12000 X-30.25 Y4.75
;TYPE:WALL-OUTER
G1 F3600 E1
G1 F2400 X-30.25 Y-4.75 E0.23105
G1 X-35.11 Y-4.75 E0.1182
G1 X-35.208 Y-3.959 E0.01939
G1 X-35.308 Y-2.948 E0.02471
G1 X-35.378 Y-1.982 E0.02356
G1 X-35.418 Y-.989 E0.02417
G1 X-35.434 Y0.041 E0.02505
G1 X-35.417 Y1.019 E0.02379
G1 X-35.378 Y1.982 E0.02344
G1 X-35.305 Y3 E0.02482
G1 X-35.206 Y3.977 E0.02388
G1 X-35.11 Y4.75 E0.01894
G1 X-30.25 Y4.75 E0.1182
G0 F12000 X-30.25 Y3.95
G0 X-31.425 Y3.575
G1 F3600 E-1
G0 F12000 X-30.495 Y-.967
G0 X30.495 Y-.967
G0 X34.588 Y-.967
;TYPE:FILL
G1 F3600 E1
G1 F8959.9 X34.24 Y-1.806 E0.02209
G1 X34.152 Y-2.709 E0.02207
G1 X34.26 Y-3.612 E0.02212
G1 X34.359 Y-3.92 E0.00787
G1 F3600 E-1
G0 F12000 X31.045 Y3.955
G0 X30.676 Y4.324
;TYPE:WALL-INNER
G1 F3600 E1
G1 F4586.6 X34.744 Y4.325 E0.09894
G1 X34.884 Y2.918 E0.03439
G1 X34.953 Y1.958 E0.02341
G1 X34.993 Y0.952 E0.02449
G1 X35.008 Y-0.034 E0.02398
G1 X34.992 Y-1.006 E0.02364
G1 X34.951 Y-1.995 E0.02407
G1 X34.882 Y-2.962 E0.02358
G1 X34.744 Y-4.325 E0.03332
G1 X30.675 Y-4.325 E0.09896
G1 X30.676 Y4.324 E0.21036
G1 F3600 E-1
G0 F12000 X30.251 Y4.749
;TYPE:WALL-OUTER
G1 F3600 E1
G1 F2400 X35.11 Y4.75 E0.11818
G1 X35.208 Y3.959 E0.01939
G1 X35.308 Y2.948 E0.02471
G1 X35.378 Y1.982 E0.02356
G1 X35.418 Y0.989 E0.02417
G1 X35.433 Y-0.041 E0.02505
G1 X35.417 Y-1.023 E0.02389
G1 X35.378 Y-1.986 E0.02344
G1 X35.305 Y-3.004 E0.02482
G1 X35.206 Y-3.981 E0.02388
G1 X35.111 Y-4.75 E0.01885
G1 X30.25 Y-4.75 E0.11823
G1 X30.251 Y4.749 E0.23103
G0 F12000 X31.051 Y4.749
G0 X31.425 Y3.575
G1 F3600 E-1
;MESH:NONMESH
G0 F600 X31.425 Y3.575 Z21.1
G0 F12000 X30.495 Y3.92
G0 X-30.495 Y3.92
G0 X-34.254 Y3.92
;TIME_ELAPSED:669.039785
;LAYER:160
;note -- min layer time used
;TYPE:FILL
;MESH:bridge.stl
G1 F3600 E1
G1 F8586 X-34.304 Y3.517 E0.00988
G1 F3600 E-1
G0 F12000 X-31.045 Y3.955
G0 X-30.675 Y4.325
;TYPE:WALL-INNER
G1 F3600 E1
G1 F4462 X-30.675 Y-4.325 E0.21038
G1 X-34.637 Y-4.325 E0.09636
G1 X-34.771 Y-2.922 E0.03428
G1 X-34.842 Y-1.928 E0.02424
G1 X-34.885 Y-.977 E0.02315
G1 X-34.897 Y0.00 E0.02376
G1 X-34.884 Y1.009 E0.02454
G1 X-34.84 Y1.984 E0.02374
G1 X-34.769 Y2.956 E0.0237
G1 X-34.637 Y4.325 E0.03345
G1 X-30.675 Y4.325 E0.09636
G1 F3600 E-1
G0 F12000 X-30.25 Y4.75
;TYPE:WALL-OUTER
G1 F3600 E1
G1 F2400 X-30.25 Y-4.75 E0.23105
G1 X-34.999 Y-4.75 E0.1155
G1 X-35.1 Y-3.955 E0.01949
G1 X-35.194 Y-2.975 E0.02394
G1 X-35.266 Y-1.981 E0.02424
G1 X-35.31 Y-.988 E0.02417
G1 X-35.322 Y0.00 E0.02403
G1 X-35.309 Y1.028 E0.025
G1 X-35.264 Y2.015 E0.02403
G1 X-35.193 Y2.997 E0.02395
G1 X-35.097 Y3.981 E0.02405
G1 X-34.999 Y4.75 E0.01885
G1 X-30.25 Y4.75 E0.1155
G0 F12000 X-30.25 Y3.95
G0 X-31.425 Y3.575
G1 F3600 E-1
G0 F12000 X-30.495 Y-1.549
G0 X30.495 Y-1.549
G0 X34.454 Y-1.549
;TYPE:FILL
G1 F3600 E1
G1 F8586 X34.336 Y-1.806 E0.00688
G1 X34.208 Y-2.709 E0.02218
G1 X34.279 Y-3.612 E0.02203
G1 X34.292 Y-3.658 E0.00116
G1 F3600 E-1
G0 F12000 X31.045 Y3.955
G0 X30.675 Y4.325
;TYPE:WALL-INNER
G1 F3600 E1
G1 F4462 X34.637 Y4.325 E0.09636
G1 X34.771 Y2.922 E0.03428
G1 X34.842 Y1.928 E0.02424
G1 X34.885 Y0.977 E0.02315
G1 X34.896 Y-0.025 E0.02437
G1 X34.884 Y-1.013 E0.02403
G1 X34.84 Y-1.988 E0.02374
G1 X34.77 Y-2.96 E0.0237
G1 X34.638 Y-4.325 E0.03335
G1 X30.675 Y-4.325 E0.09639
G1 X30.675 Y4.325 E0.21038
G1 F3600 E-1
G0 F12000 X30.25 Y4.75
;TYPE:WALL-OUTER
G1 F3600 E1
G1 F2400 X34.999 Y4.75 E0.1155
G1 X35.1 Y3.955 E0.01949
G1 X35.194 Y2.975 E0.02394
G1 X35.266 Y1.981 E0.02424
G1 X35.31 Y0.988 E0.02417
G1 X35.321 Y-0.03 E0.02476
G1 X35.309 Y-1.032 E0.02437
G1 X35.264 Y-2.019 E0.02403
G1 X35.193 Y-3 E0.02392
G1 X35.098 Y-3.984 E0.02404
G1 X35 Y-4.75 E0.01878
G1 X30.25 Y-4.75 E0.11553
G1 X30.25 Y4.75 E0.23105
G0 F12000 X31.05 Y4.75
G0 X31.425 Y3.575
G1 F3600 E-1
;MESH:NONMESH
G0 F600 X31.425 Y3.575 Z21.23
G0 F12000 X30.495 Y3.955
G0 X-30.495 Y3.955
G0 X-30.675 Y4.325
;TIME_ELAPSED:672.835194
;LAYER:161
;note -- min layer time used
;TYPE:WALL-INNER
;MESH:bridge.stl
G1 F3600 E1
G1 F4065.5 X-30.675 Y-4.325 E0.21038
G1 X-34.514 Y-4.325 E0.09337
G1 X-34.663 Y-2.939 E0.0339
G1 X-34.73 Y-1.935 E0.02447
G1 X-34.773 Y-.977 E0.02332
G1 X-34.785 Y0.024 E0.02435
G1 X-34.772 Y1.008 E0.02393
G1 X-34.728 Y1.981 E0.02369
G1 X-34.661 Y2.962 E0.02391
G1 X-34.524 Y4.325 E0.03332
G1 X-30.675 Y4.325 E0.09361
G1 F3600 E-1
G0 F12000 X-30.25 Y4.75
;TYPE:WALL-OUTER
G1 F3600 E1
G1 F2400 X-30.25 Y-4.75 E0.23105
G1 X-34.89 Y-4.75 E0.11285
G1 X-34.988 Y-3.959 E0.01939
G1 X-35.088 Y-2.945 E0.02478
G1 X-35.154 Y-1.982 E0.02348
G1 X-35.198 Y-.989 E0.02417
G1 X-35.21 Y0.029 E0.02476
G1 X-35.197 Y1.027 E0.02427
G1 X-35.152 Y2.01 E0.02393
G1 X-35.084 Y3.004 E0.02423
G1 X-34.986 Y3.977 E0.02378
G1 X-34.89 Y4.75 E0.01894
G1 X-30.25 Y4.75 E0.11285
G0 F12000 X-30.25 Y3.95
G0 X-31.425 Y3.575
G1 F3600 E-1
G0 F12000 X-30.495 Y-2.592
G0 X30.495 Y-2.592
G0 X34.281 Y-2.592
;TYPE:FILL
G1 F3600 E1
G1 F7396.5 X34.264 Y-2.842 E0.00609
G1 F3600 E-1
G0 F12000 X31.045 Y3.955
G0 X30.675 Y4.325
;TYPE:WALL-INNER
G1 F3600 E1
G1 F4065.5 X34.524 Y4.325 E0.09361
G1 X34.663 Y2.939 E0.03388
G1 X34.73 Y1.935 E0.02447
G1 X34.773 Y0.977 E0.02332
G1 X34.784 Y-0.024 E0.02435
G1 X34.772 Y-1.012 E0.02403
G1 X34.728 Y-1.985 E0.02369
G1 X34.661 Y-2.966 E0.02391
G1 X34.524 Y-4.325 E0.03322
G1 X30.675 Y-4.325 E0.09361
G1 X30.675 Y4.325 E0.21038
G1 F3600 E-1
G0 F12000 X30.25 Y4.75
;TYPE:WALL-OUTER
G1 F3600 E1
G1 F2400 X34.89 Y4.75 E0.11285
G1 X34.988 Y3.959 E0.01939
G1 X35.088 Y2.945 E0.02478
G1 X35.154 Y1.982 E0.02348
G1 X35.198 Y0.989 E0.02417
G1 X35.209 Y-0.029 E0.02476
G1 X35.197 Y-1.031 E0.02437
G1 X35.152 Y-2.014 E0.02393
G1 X35.084 Y-3.008 E0.02423
G1 X34.986 Y-3.981 E0.02378
G1 X34.891 Y-4.75 E0.01885
G1 X30.25 Y-4.75 E0.11288
G1 X30.25 Y4.75 E0.23105
G0 F12000 X31.05 Y4.75
G0 X31.425 Y3.575
G1 F3600 E-1
;MESH:NONMESH
G0 F600 X31.425 Y3.575 Z21.36
G0 F12000 X30.495 Y3.955
G0 X-30.495 Y3.955
G0 X-30.675 Y4.325
;TIME_ELAPSED:676.504041
;LAYER:162
;note -- min layer time used
;TYPE:WALL-INNER
;MESH:bridge.stl
G1 F3600 E1
G1 F3567.8 X-30.675 Y-4.325 E0.21038
G1 X-34.411 Y-4.325 E0.09087
G1 X-34.552 Y-2.918 E0.03439
G1 X-34.622 Y-1.958 E0.02341
G1 X-34.661 Y-.977 E0.02388
G1 X-34.677 Y0.00 E0.02377
G1 X-34.66 Y0.999 E0.0243
G1 X-34.622 Y1.958 E0.02334
G1 X-34.55 Y2.958 E0.02438
G1 X-34.412 Y4.325 E0.03342
G1 X-30.675 Y4.325 E0.09089
G1 F3600 E-1
G0 F12000 X-30.25 Y4.75
;TYPE:WALL-OUTER
G1 F3600 E1
G1 F2400 X-30.25 Y-4.75 E0.23105
G1 X-34.778 Y-4.75 E0.11013
G1 X-34.876 Y-3.959 E0.01939
G1 X-34.976 Y-2.948 E0.02471
G1 X-35.046 Y-1.982 E0.02356
G1 X-35.086 Y-.988 E0.0242
G1 X-35.102 Y0.00 E0.02403
G1 X-35.085 Y1.016 E0.02471
G1 X-35.046 Y1.982 E0.02351
G1 X-34.973 Y3 E0.02482
G1 X-34.874 Y3.977 E0.02388
G1 X-34.778 Y4.75 E0.01894
G1 X-30.25 Y4.75 E0.11013
G0 F12000 X-30.25 Y3.95
G0 X-31.425 Y3.575
G1 F3600 E-1
G0 F12000 X-30.495 Y3.955
G0 X30.495 Y3.955
G0 X30.675 Y4.325
;TYPE:WALL-INNER
G1 F3600 E1
G1 F3567.8 X34.412 Y4.325 E0.09089
G1 X34.552 Y2.918 E0.03439
G1 X34.621 Y1.958 E0.02341
G1 X34.661 Y0.977 E0.02388
G1 X34.676 Y-0.031 E0.02452
G1 X34.66 Y-1.003 E0.02364
G1 X34.622 Y-1.962 E0.02334
G1 X34.55 Y-2.962 E0.02438
G1 X34.412 Y-4.325 E0.03332
G1 X30.675 Y-4.325 E0.09089
G1 X30.675 Y4.325 E0.21038
G1 F3600 E-1
G0 F12000 X30.25 Y4.75
;TYPE:WALL-OUTER
G1 F3600 E1
G1 F2400 X34.778 Y4.75 E0.11013
G1 X34.876 Y3.959 E0.01939
G1 X34.976 Y2.948 E0.02471
G1 X35.046 Y1.982 E0.02356
G1 X35.086 Y0.988 E0.0242
G1 X35.101 Y-0.038 E0.02496
G1 X35.085 Y-1.02 E0.02389
G1 X35.046 Y-1.986 E0.02351
G1 X34.973 Y-3.004 E0.02482
G1 X34.874 Y-3.981 E0.02388
G1 X34.779 Y-4.75 E0.01885
G1 X30.25 Y-4.75 E0.11015
G1 X30.25 Y4.75 E0.23105
G0 F12000 X31.05 Y4.75
G0 X31.425 Y3.575
G1 F3600 E-1
;MESH:NONMESH
G0 F600 X31.425 Y3.575 Z21.49
G0 F12000 X30.495 Y3.955
G0 X-30.495 Y3.955
G0 X-30.675 Y4.325
;TIME_ELAPSED:680.023360
;LAYER:163
;note -- min layer time used
;TYPE:WALL-INNER
;MESH:bridge.stl
G1 F3600 E1
G1 F3493.8 X-30.675 Y-4.325 E0.21038
G1 X-34.304 Y-4.325 E0.08826
G1 X-34.439 Y-2.92 E0.03433
G1 X-34.51 Y-1.931 E0.02412
G1 X-34.553 Y-.977 E0.02323
G1 X-34.565 Y0.00 E0.02376
G1 X-34.552 Y1.006 E0.02447
G1 X-34.508 Y1.982 E0.02376
G1 X-34.437 Y2.956 E0.02375
G1 X-34.305 Y4.325 E0.03345
G1 X-30.675 Y4.325 E0.08829
G1 F3600 E-1
G0 F12000 X-30.25 Y4.75
;TYPE:WALL-OUTER
G1 F3600 E1
G1 F2400 X-30.25 Y-4.75 E0.23105
G1 X-34.667 Y-4.75 E0.10743
G1 X-34.768 Y-3.937 E0.01993
G1 X-34.862 Y-2.974 E0.02353
G1 X-34.934 Y-1.981 E0.02421
G1 X-34.978 Y-.989 E0.02415
G1 X-34.99 Y0.00 E0.02406
G1 X-34.977 Y1.025 E0.02493
G1 X-34.932 Y2.013 E0.02405
G1 X-34.861 Y2.997 E0.02399
G1 X-34.765 Y3.981 E0.02405
G1 X-34.667 Y4.75 E0.01885
G1 X-30.25 Y4.75 E0.10743
G0 F12000 X-30.25 Y3.95
G0 X-31.425 Y3.575
G1 F3600 E-1
G0 F12000 X-30.495 Y3.955
G0 X30.495 Y3.955
G0 X30.675 Y4.325
;TYPE:WALL-INNER
G1 F3600 E1
G1 F3493.8 X34.304 Y4.325 E0.08826
G1 X34.439 Y2.92 E0.03433
G1 X34.51 Y1.931 E0.02412
G1 X34.553 Y0.977 E0.02323
G1 X34.564 Y-0.023 E0.02432
G1 X34.552 Y-1.01 E0.02401
G1 X34.508 Y-1.986 E0.02376
G1 X34.438 Y-2.96 E0.02375
G1 X34.306 Y-4.325 E0.03335
G1 X30.675 Y-4.325 E0.08831
G1 X30.675 Y4.325 E0.21038
G1 F3600 E-1
G0 F12000 X30.25 Y4.75
;TYPE:WALL-OUTER
G1 F3600 E1
G1 F2400 X34.667 Y4.75 E0.10743
G1 X34.768 Y3.937 E0.01993
G1 X34.862 Y2.974 E0.02353
G1 X34.934 Y1.981 E0.02421
G1 X34.978 Y0.989 E0.02415
G1 X34.989 Y-0.028 E0.02474
G1 X34.977 Y-1.029 E0.02435
G1 X34.932 Y-2.017 E0.02405
G1 X34.861 Y-3 E0.02397
G1 X34.77 Y-3.954 E0.02331
G1 X34.665 Y-4.75 E0.01953
G1 X30.25 Y-4.75 E0.10738
G1 X30.25 Y4.75 E0.23105
G0 F12000 X31.05 Y4.75
G0 X31.425 Y3.575
G1 F3600 E-1
;MESH:NONMESH
G0 F600 X31.425 Y3.575 Z21.62
G0 F12000 X30.495 Y3.955
G0 X-30.495 Y3.955
G0 X-30.675 Y4.325
;TIME_ELAPSED:683.539579
;LAYER:164
;note -- min layer time used
;TYPE:WALL-INNER
;MESH:bridge.stl
G1 F3600 E1
G1 F3415.4 X-30.675 Y-4.325 E0.21038
G1 X-34.186 Y-4.325 E0.08539
G1 X-34.327 Y-2.989 E0.03267
G1 X-34.398 Y-1.958 E0.02513
G1 X-34.441 Y-.977 E0.02388
G1 X-34.453 Y0.022 E0.0243
G1 X-34.44 Y1.006 E0.02393
G1 X-34.394 Y2.029 E0.02491
G1 X-34.329 Y2.961 E0.02272
G1 X-34.191 Y4.325 E0.03334
G1 X-30.675 Y4.325 E0.08551
G1 F3600 E-1
G0 F12000 X-30.25 Y4.75
;TYPE:WALL-OUTER
G1 F3600 E1
G1 F2400 X-30.25 Y-4.75 E0.23105
G1 X-34.548 Y-4.75 E0.10453
G1 X-34.652 Y-3.956 E0.01948
G1 X-34.75 Y-3.026 E0.02274
G1 X-34.822 Y-1.982 E0.02545
G1 X-34.866 Y-.988 E0.0242
G1 X-34.878 Y0.027 E0.02469
G1 X-34.865 Y1.024 E0.02425
G1 X-34.816 Y2.079 E0.02569
G1 X-34.752 Y3.004 E0.02255
G1 X-34.662 Y3.891 E0.02168
G1 X-34.552 Y4.75 E0.02106
G1 X-30.25 Y4.75 E0.10463
G0 F12000 X-30.25 Y3.95
G0 X-31.425 Y3.575
G1 F3600 E-1
G0 F12000 X-30.495 Y3.955
G0 X30.495 Y3.955
G0 X30.675 Y4.325
;TYPE:WALL-INNER
G1 F3600 E1
G1 F3415.4 X34.184 Y4.324 E0.08534
G1 X34.327 Y2.989 E0.03265
G1 X34.398 Y1.958 E0.02513
G1 X34.441 Y0.977 E0.02388
G1 X34.452 Y-0.022 E0.0243
G1 X34.44 Y-1.01 E0.02403
G1 X34.394 Y-2.033 E0.02491
G1 X34.329 Y-2.965 E0.02272
G1 X34.191 Y-4.325 E0.03325
G1 X30.675 Y-4.325 E0.08551
G1 X30.675 Y4.325 E0.21038
G1 F3600 E-1
G0 F12000 X30.25 Y4.75
;TYPE:WALL-OUTER
G1 F3600 E1
G1 F2400 X34.548 Y4.749 E0.10453
G1 X34.652 Y3.956 E0.01945
G1 X34.75 Y3.026 E0.02274
G1 X34.822 Y1.982 E0.02545
G1 X34.866 Y0.988 E0.0242
G1 X34.877 Y-0.027 E0.02469
G1 X34.865 Y-1.028 E0.02435
G1 X34.816 Y-2.083 E0.02569
G1 X34.752 Y-3.008 E0.02255
G1 X34.662 Y-3.895 E0.02168
G1 X34.552 Y-4.75 E0.02097
G1 X30.25 Y-4.75 E0.10463
G1 X30.25 Y4.75 E0.23105
G0 F12000 X31.05 Y4.75
G0 X31.425 Y3.575
G1 F3600 E-1
;MESH:NONMESH
G0 F600 X31.425 Y3.575 Z21.75
G0 F12000 X30.495 Y3.955
G0 X-30.495 Y3.955
G0 X-30.675 Y4.325
;TIME_ELAPSED:687.052891
;LAYER:165
;note -- min layer time used
;TYPE:WALL-INNER
;MESH:bridge.stl
G1 F3600 E1
G1 F3337.1 X-30.675 Y-4.325 E0.21038
G1 X-34.07 Y-4.325 E0.08257
G1 X-34.215 Y-2.935 E0.03399
G1 X-34.29 Y-1.956 E0.02388
G1 X-34.329 Y-.977 E0.02383
G1 X-34.345 Y0.00 E0.02377
G1 X-34.328 Y0.998 E0.02428
G1 X-34.288 Y1.949 E0.02315
G1 X-34.213 Y2.958 E0.02461
G1 X-34.07 Y4.325 E0.03343
G1 X-30.675 Y4.325 E0.08257
G1 F3600 E-1
G0 F12000 X-30.25 Y4.75
;TYPE:WALL-OUTER
G1 F3600 E1
G1 F2400 X-30.25 Y-4.75 E0.23105
G1 X-34.435 Y-4.75 E0.10179
G1 X-34.536 Y-3.958 E0.01942
G1 X-34.64 Y-2.947 E0.02472
G1 X-34.714 Y-1.981 E0.02356
G1 X-34.754 Y-.989 E0.02415
G1 X-34.77 Y0.00 E0.02406
G1 X-34.753 Y1.015 E0.02469
G1 X-34.712 Y1.979 E0.02347
G1 X-34.636 Y3.002 E0.02495
G1 X-34.534 Y3.976 E0.02382
G1 X-34.435 Y4.75 E0.01898
G1 X-30.25 Y4.75 E0.10179
G0 F12000 X-30.25 Y3.95
G0 X-31.425 Y3.575
G1 F3600 E-1
G0 F12000 X-30.495 Y3.955
G0 X30.495 Y3.955
G0 X30.676 Y4.324
;TYPE:WALL-INNER
G1 F3600 E1
G1 F3337.1 X34.07 Y4.325 E0.08255
G1 X34.215 Y2.935 E0.03399
G1 X34.289 Y1.956 E0.02388
G1 X34.329 Y0.977 E0.02383
G1 X34.344 Y-0.029 E0.02447
G1 X34.328 Y-1.002 E0.02367
G1 X34.288 Y-1.953 E0.02315
G1 X34.213 Y-2.962 E0.02461
G1 X34.072 Y-4.325 E0.03333
G1 X30.675 Y-4.325 E0.08262
G1 X30.676 Y4.324 E0.21036
G1 F3600 E-1
G0 F12000 X30.251 Y4.749
;TYPE:WALL-OUTER
G1 F3600 E1
G1 F2400 X34.435 Y4.75 E0.10176
G1 X34.536 Y3.958 E0.01942
G1 X34.64 Y2.947 E0.02472
G1 X34.714 Y1.981 E0.02356
G1 X34.754 Y0.989 E0.02415
G1 X34.769 Y-0.036 E0.02493
G1 X34.753 Y-1.019 E0.02391
G1 X34.712 Y-1.983 E0.02347
G1 X34.636 Y-3.006 E0.02495
G1 X34.534 Y-3.98 E0.02382
G1 X34.436 Y-4.75 E0.01888
G1 X30.25 Y-4.75 E0.10181
G1 X30.251 Y4.749 E0.23103
G0 F12000 X31.051 Y4.749
G0 X31.425 Y3.575
G1 F3600 E-1
;MESH:NONMESH
G0 F600 X31.425 Y3.575 Z21.88
G0 F12000 X30.495 Y3.955
G0 X-30.495 Y3.955
G0 X-30.621 Y4.325
;TIME_ELAPSED:690.564102
;LAYER:166
;note -- min layer time used
;TYPE:WALL-INNER
;MESH:bridge.stl
G1 F3600 E1
G1 F3343.1 X-30.675 Y3.916 E0.01003
G1 X-30.675 Y-3.971 E0.19182
G1 X-30.621 Y-4.325 E0.00871
G1 X-33.96 Y-4.325 E0.08121
G1 X-34.1 Y-2.919 E0.03437
G1 X-34.174 Y-1.957 E0.02347
G1 X-34.213 Y-.957 E0.02434
G1 X-34.229 Y-0.09 E0.02109
G1 X-34.216 Y0.897 E0.02401
G1 X-34.174 Y1.957 E0.0258
G1 X-34.098 Y2.953 E0.02429
G1 X-33.96 Y4.325 E0.03354
G1 X-30.621 Y4.325 E0.08121
G1 F3600 E-1
G0 F12000 X-30.127 Y4.75
;TYPE:WALL-OUTER
G1 F3600 E1
G1 F2400 X-30.248 Y3.954 E0.01958
G1 X-30.248 Y-3.954 E0.19233
G1 X-30.127 Y-4.75 E0.01958
G1 X-34.32 Y-4.75 E0.10198
G1 X-34.424 Y-3.954 E0.01952
G1 X-34.523 Y-2.974 E0.02396
G1 X-34.598 Y-1.981 E0.02422
G1 X-34.638 Y-.965 E0.02473
G1 X-34.654 Y-0.091 E0.02126
G1 X-34.641 Y0.914 E0.02445
G1 X-34.598 Y1.981 E0.02597
G1 X-34.521 Y2.995 E0.02473
G1 X-34.421 Y3.98 E0.02408
G1 X-34.32 Y4.75 E0.01889
G1 X-30.127 Y4.75 E0.10198
G0 F12000 X-30.247 Y3.959
G0 X-31.311 Y3.575
G1 F3600 E-1
G0 F12000 X-30.494 Y3.954
G0 X30.404 Y4.512
G0 X31.046 Y3.961
G0 X30.621 Y4.325
;TYPE:WALL-INNER
G1 F3600 E1
G1 F3343.1 X33.96 Y4.325 E0.08121
G1 X34.099 Y2.919 E0.03436
G1 X34.173 Y1.957 E0.02347
G1 X34.213 Y0.957 E0.02434
G1 X34.229 Y0.064 E0.02172
G1 X34.216 Y-.898 E0.0234
G1 X34.174 Y-1.961 E0.02587
G1 X34.098 Y-2.958 E0.02432
G1 X33.96 Y-4.325 E0.03342
G1 X30.621 Y-4.325 E0.08121
G1 X30.675 Y-3.916 E0.01003
G1 X30.675 Y3.971 E0.19182
G1 X30.621 Y4.325 E0.00871
G1 F3600 E-1
G0 F12000 X30.127 Y4.75
;TYPE:WALL-OUTER
G1 F3600 E1
G1 F2400 X34.32 Y4.75 E0.10198
G1 X34.424 Y3.954 E0.01952
G1 X34.522 Y2.974 E0.02395
G1 X34.598 Y1.981 E0.02422
G1 X34.638 Y0.965 E0.02473
G1 X34.654 Y0.059 E0.02204
G1 X34.641 Y-.915 E0.02369
G1 X34.598 Y-1.985 E0.02604
G1 X34.521 Y-3 E0.02476
G1 X34.422 Y-3.984 E0.02405
G1 X34.32 Y-4.75 E0.01879
G1 X30.127 Y-4.75 E0.10198
G1 X30.248 Y-3.954 E0.01958
G1 X30.248 Y3.954 E0.19233
G1 X30.127 Y4.75 E0.01958
G0 F12000 X30.927 Y4.75
G0 X31.312 Y3.575
G1 F3600 E-1
;MESH:NONMESH
G0 F600 X31.312 Y3.575 Z22.01
G0 F12000 X30.494 Y3.954
G0 X-30.404 Y4.512
G0 X-31.045 Y3.96
G0 X-30.489 Y4.325
;TIME_ELAPSED:694.121791
;LAYER:167
;note -- min layer time used
;TYPE:WALL-INNER
;MESH:bridge.stl
G1 F3600 E1
G1 F3361.3 X-30.675 Y2.748 E0.03862
G1 X-30.671 Y-2.813 E0.13525
G1 X-30.489 Y-4.325 E0.03704
G1 X-33.843 Y-4.325 E0.08157
G1 X-33.984 Y-2.919 E0.03437
G1 X-34.058 Y-1.929 E0.02415
G1 X-34.101 Y-.977 E0.02318
G1 X-34.113 Y0.00 E0.02376
G1 X-34.1 Y1.003 E0.0244
G1 X-34.056 Y1.981 E0.02381
G1 X-33.982 Y2.953 E0.02371
G1 X-33.844 Y4.325 E0.03354
G1 X-30.489 Y4.325 E0.0816
G1 F3600 E-1
G0 F12000 X-29.987 Y4.75
;TYPE:WALL-OUTER
G1 F3600 E1
G1 F2400 X-30.097 Y4.027 E0.01779
G1 X-30.249 Y2.779 E0.03058
G1 X-30.249 Y-2.762 E0.13477
G1 X-30.096 Y-4.034 E0.03116
G1 X-29.987 Y-4.75 E0.01761
G1 X-34.207 Y-4.75 E0.10264
G1 X-34.308 Y-3.956 E0.01947
G1 X-34.407 Y-2.974 E0.024
G1 X-34.482 Y-1.981 E0.02422
G1 X-34.526 Y-.988 E0.02417
G1 X-34.538 Y0.00 E0.02403
G1 X-34.525 Y1.022 E0.02486
G1 X-34.48 Y2.013 E0.02413
G1 X-34.405 Y2.995 E0.02395
G1 X-34.306 Y3.978 E0.02403
G1 X-34.207 Y4.75 E0.01893
G1 X-29.987 Y4.75 E0.10264
G0 F12000 X-30.097 Y4.027
G0 X-30.105 Y3.959
G0 X-31.315 Y3.744
G1 F3600 E-1
G0 F12000 X-30.265 Y4.512
G0 X30.265 Y4.512
G0 X30.901 Y3.959
G0 X30.489 Y4.325
;TYPE:WALL-INNER
G1 F3600 E1
G1 F3361.3 X33.844 Y4.325 E0.0816
G1 X33.994 Y2.789 E0.03754
G1 X34.058 Y1.929 E0.02097
G1 X34.101 Y0.977 E0.02318
G1 X34.112 Y-0.02 E0.02425
G1 X34.1 Y-1.007 E0.02401
G1 X34.056 Y-1.985 E0.02381
G1 X33.982 Y-2.958 E0.02373
G1 X33.845 Y-4.325 E0.03341
G1 X30.489 Y-4.325 E0.08162
G1 X30.675 Y-2.748 E0.03862
G1 X30.671 Y2.813 E0.13525
G1 X30.489 Y4.325 E0.03704
G1 F3600 E-1
G0 F12000 X29.987 Y4.75
;TYPE:WALL-OUTER
G1 F3600 E1
G1 F2400 X34.207 Y4.75 E0.10264
G1 X34.308 Y3.956 E0.01947
G1 X34.406 Y2.974 E0.024
G1 X34.482 Y1.981 E0.02422
G1 X34.526 Y0.988 E0.02417
G1 X34.537 Y-0.025 E0.02464
G1 X34.525 Y-1.026 E0.02435
G1 X34.48 Y-2.017 E0.02413
G1 X34.405 Y-3 E0.02398
G1 X34.306 Y-3.982 E0.024
G1 X34.208 Y-4.75 E0.01883
G1 X29.987 Y-4.75 E0.10266
G1 X30.097 Y-4.031 E0.01769
G1 X30.249 Y-2.779 E0.03067
G1 X30.249 Y2.762 E0.13477
G1 X30.096 Y4.034 E0.03116
G1 X29.987 Y4.75 E0.01761
G0 F12000 X30.787 Y4.75
G0 X31.163 Y3.575
G1 F3600 E-1
;MESH:NONMESH
G0 F600 X31.163 Y3.575 Z22.14
G0 F12000 X30.339 Y4.065
G0 X-30.265 Y4.512
G0 X-30.902 Y3.959
G0 X-30.35 Y4.325
;TIME_ELAPSED:697.693203
;LAYER:168
;note -- min layer time used
;TYPE:WALL-INNER
;MESH:bridge.stl
G1 F3600 E1
G1 F3361.7 X-30.505 Y3.001 E0.03242
G1 X-30.579 Y2.128 E0.02131
G1 X-30.635 Y1.046 E0.02635
G1 X-30.655 Y0.009 E0.02523
G1 X-30.639 Y-.999 E0.02452
G1 X-30.589 Y-1.967 E0.02357
G1 X-30.503 Y-3.023 E0.02577
G1 X-30.349 Y-4.325 E0.03189
G1 X-33.726 Y-4.325 E0.08213
G1 X-33.873 Y-2.913 E0.03453
G1 X-33.942 Y-1.956 E0.02334
G1 X-33.985 Y-.977 E0.02383
G1 X-33.997 Y0.068 E0.02542
G1 X-33.984 Y1.002 E0.02272
G1 X-33.941 Y1.979 E0.02379
G1 X-33.869 Y2.959 E0.0239
G1 X-33.726 Y4.325 E0.0334
G1 X-30.35 Y4.325 E0.08211
G1 F3600 E-1
G0 F12000 X-29.844 Y4.75
;TYPE:WALL-OUTER
G1 F3600 E1
G1 F2400 X-29.957 Y4.026 E0.01782
G1 X-30.082 Y2.966 E0.02596
G1 X-30.154 Y2.106 E0.02099
G1 X-30.21 Y1.037 E0.02604
G1 X-30.23 Y0.015 E0.02486
G1 X-30.214 Y-.977 E0.02413
G1 X-30.166 Y-1.933 E0.02328
G1 X-30.081 Y-2.974 E0.0254
G1 X-29.956 Y-4.034 E0.02596
G1 X-29.847 Y-4.75 E0.01761
G1 X-34.091 Y-4.75 E0.10322
G1 X-34.192 Y-3.958 E0.01942
G1 X-34.295 Y-2.974 E0.02406
G1 X-34.366 Y-1.981 E0.02421
G1 X-34.41 Y-.988 E0.02417
G1 X-34.422 Y0.074 E0.02583
G1 X-34.409 Y1.021 E0.02303
G1 X-34.364 Y2.009 E0.02405
G1 X-34.292 Y3.003 E0.02424
G1 X-34.19 Y3.976 E0.02379
G1 X-34.091 Y4.75 E0.01898
G1 X-29.844 Y4.75 E0.10329
G0 F12000 X-29.957 Y4.026
G0 X-29.964 Y3.96
G0 X-31.023 Y3.575
G1 F3600 E-1
G0 F12000 X-30.198 Y4.066
G0 X30.124 Y4.512
G0 X30.761 Y3.959
G0 X30.349 Y4.325
;TYPE:WALL-INNER
G1 F3600 E1
G1 F3361.7 X33.726 Y4.325 E0.08213
G1 X33.871 Y2.936 E0.03397
G1 X33.942 Y1.934 E0.02443
G1 X33.985 Y0.977 E0.0233
G1 X33.997 Y-0.068 E0.02542
G1 X33.984 Y-1.006 E0.02282
G1 X33.94 Y-1.983 E0.02379
G1 X33.869 Y-2.963 E0.0239
G1 X33.728 Y-4.325 E0.0333
G1 X30.35 Y-4.325 E0.08216
G1 X30.505 Y-3.001 E0.03242
G1 X30.578 Y-2.132 E0.02121
G1 X30.634 Y-1.066 E0.02596
G1 X30.656 Y-0.009 E0.02571
G1 X30.639 Y0.999 E0.02452
G1 X30.589 Y1.967 E0.02357
G1 X30.503 Y3.023 E0.02577
G1 X30.349 Y4.325 E0.03189
G1 F3600 E-1
G0 F12000 X29.847 Y4.75
;TYPE:WALL-OUTER
G1 F3600 E1
G1 F2400 X34.091 Y4.75 E0.10322
G1 X34.192 Y3.958 E0.01942
G1 X34.294 Y2.974 E0.02406
G1 X34.367 Y1.953 E0.0249
G1 X34.41 Y0.988 E0.02349
G1 X34.422 Y-0.074 E0.02583
G1 X34.409 Y-1.025 E0.02313
G1 X34.364 Y-2.013 E0.02405
G1 X34.292 Y-3.007 E0.02424
G1 X34.19 Y-3.98 E0.02379
G1 X34.092 Y-4.75 E0.01888
G1 X29.845 Y-4.75 E0.10329
G1 X29.957 Y-4.03 E0.01772
G1 X30.082 Y-2.966 E0.02606
G1 X30.154 Y-2.11 E0.02089
G1 X30.21 Y-1.041 E0.02604
G1 X30.231 Y-0.015 E0.02496
G1 X30.214 Y0.977 E0.02413
G1 X30.166 Y1.933 E0.02328
G1 X30.081 Y2.974 E0.0254
G1 X29.956 Y4.034 E0.02596
G1 X29.847 Y4.75 E0.01761
G0 F12000 X30.647 Y4.75
G0 X31.023 Y3.575
G1 F3600 E-1
;MESH:NONMESH
G0 F600 X31.023 Y3.575 Z22.27
G0 F12000 X30.198 Y4.066
G0 X-30.459 Y-.981
G0 X-30.938 Y-2.599
G0 X-30.803 Y-2.587
;TIME_ELAPSED:701.263612
;LAYER:169
;note -- min layer time used
;TYPE:FILL
;MESH:bridge.stl
G1 F3600 E1
G1 F6323.3 X-30.819 Y-2.709 E0.00299
G1 X-30.741 Y-3.612 E0.02204
G1 X-30.675 Y-3.842 E0.00582
G1 F3600 E-1
G0 F12000 X-30.855 Y0.00
G0 X-30.725 Y2.514
G0 X-30.62 Y3.959
G0 X-30.21 Y4.325
;TYPE:WALL-INNER
G1 F3600 E1
G1 F3707.8 X-30.365 Y2.998 E0.03249
G1 X-30.443 Y2.032 E0.02357
G1 X-30.495 Y1.01 E0.02489
G1 X-30.515 Y-0.014 E0.02491
G1 X-30.495 Y-1.032 E0.02476
G1 X-30.441 Y-2.053 E0.02487
G1 X-30.359 Y-3.021 E0.02363
G1 X-30.21 Y-4.325 E0.03192
G1 X-33.61 Y-4.325 E0.08269
G1 X-33.757 Y-2.913 E0.03453
G1 X-33.826 Y-1.933 E0.02389
G1 X-33.868 Y-.952 E0.02388
G1 X-33.885 Y0.00 E0.02316
G1 X-33.868 Y0.997 E0.02425
G1 X-33.824 Y1.979 E0.02391
G1 X-33.753 Y2.959 E0.0239
G1 X-33.61 Y4.325 E0.0334
G1 X-30.21 Y4.325 E0.08269
G1 F3600 E-1
G0 F12000 X-29.704 Y4.75
;TYPE:WALL-OUTER
G1 F3600 E1
G1 F2400 X-29.817 Y4.026 E0.01782
G1 X-29.942 Y2.964 E0.02601
G1 X-30.018 Y2.01 E0.02328
G1 X-30.07 Y1.001 E0.02457
G1 X-30.09 Y-0.005 E0.02447
G1 X-30.07 Y-1.01 E0.02445
G1 X-30.018 Y-2.017 E0.02452
G1 X-29.937 Y-2.973 E0.02333
G1 X-29.816 Y-4.035 E0.026
G1 X-29.704 Y-4.75 E0.0176
G1 X-33.975 Y-4.75 E0.10388
G1 X-34.076 Y-3.958 E0.01942
G1 X-34.179 Y-2.974 E0.02406
G1 X-34.25 Y-1.981 E0.02421
G1 X-34.293 Y-.988 E0.02417
G1 X-34.31 Y0.00 E0.02403
G1 X-34.293 Y1.016 E0.02471
G1 X-34.248 Y2.009 E0.02418
G1 X-34.176 Y3.003 E0.02424
G1 X-34.074 Y3.976 E0.02379
G1 X-33.975 Y4.75 E0.01898
G1 X-29.704 Y4.75 E0.10388
G0 F12000 X-29.817 Y4.026
G0 X-29.824 Y3.96
G0 X-30.882 Y3.575
G1 F3600 E-1
G0 F12000 X-30.057 Y4.066
G0 X30.057 Y4.066
G0 X30.712 Y3.509
;TYPE:FILL
G1 F3600 E1
G1 F6323.3 X30.768 Y3.918 E0.01004
G0 F12000 X30.21 Y4.325
;TYPE:WALL-INNER
G1 F3707.8 X33.61 Y4.325 E0.08269
G1 X33.755 Y2.936 E0.03397
G1 X33.826 Y1.933 E0.02446
G1 X33.869 Y0.975 E0.02332
G1 X33.884 Y-0.073 E0.02549
G1 X33.868 Y-1.001 E0.02257
G1 X33.824 Y-1.983 E0.02391
G1 X33.753 Y-2.963 E0.0239
G1 X33.612 Y-4.325 E0.0333
G1 X30.21 Y-4.325 E0.08274
G1 X30.365 Y-2.999 E0.03247
G1 X30.443 Y-2.036 E0.0235
G1 X30.495 Y-1.014 E0.02489
G1 X30.516 Y0.00 E0.02467
G1 X30.495 Y1.032 E0.0251
G1 X30.441 Y2.053 E0.02487
G1 X30.359 Y3.021 E0.02363
G1 X30.21 Y4.325 E0.03192
G1 F3600 E-1
G0 F12000 X29.704 Y4.75
;TYPE:WALL-OUTER
G1 F3600 E1
G1 F2400 X33.975 Y4.75 E0.10388
G1 X34.076 Y3.958 E0.01942
G1 X34.178 Y2.974 E0.02406
G1 X34.25 Y1.981 E0.02421
G1 X34.294 Y0.988 E0.02417
G1 X34.309 Y-0.08 E0.02598
G1 X34.293 Y-1.02 E0.02287
G1 X34.248 Y-2.013 E0.02418
G1 X34.176 Y-3.007 E0.02424
G1 X34.074 Y-3.98 E0.02379
G1 X33.976 Y-4.75 E0.01888
G1 X29.705 Y-4.75 E0.10388
G1 X29.817 Y-4.03 E0.01772
G1 X29.942 Y-2.965 E0.02608
G1 X30.018 Y-2.014 E0.0232
G1 X30.07 Y-1.005 E0.02457
G1 X30.091 Y0.00 E0.02445
G1 X30.07 Y1.01 E0.02457
G1 X30.018 Y2.017 E0.02452
G1 X29.937 Y2.973 E0.02333
G1 X29.816 Y4.035 E0.026
G1 X29.704 Y4.75 E0.0176
G0 F12000 X30.504 Y4.75
G0 X30.882 Y3.575
G1 F3600 E-1
;MESH:NONMESH
G0 F600 X30.882 Y3.575 Z22.4
G0 F12000 X30.057 Y4.066
G0 X-30.335 Y0.00
G0 X-30.864 Y-1.647
G0 X-30.729 Y-1.64
;TIME_ELAPSED:704.964267
;LAYER:170
;note -- min layer time used
;TYPE:FILL
;MESH:bridge.stl
G1 F3600 E1
G1 F6573.9 X-30.796 Y-1.806 E0.00435
G1 X-30.876 Y-2.709 E0.02205
G1 X-30.76 Y-3.612 E0.02214
G1 X-30.659 Y-3.918 E0.00784
G1 F3600 E-1
G0 F12000 X-30.695 Y1.034
G0 X-30.479 Y3.959
G0 X-30.07 Y4.325
;TYPE:WALL-INNER
G1 F3600 E1
G1 F3791.3 X-30.225 Y2.998 E0.03249
G1 X-30.303 Y2.032 E0.02357
G1 X-30.355 Y1.007 E0.02496
G1 X-30.371 Y-0.011 E0.02476
G1 X-30.355 Y-1.032 E0.02484
G1 X-30.301 Y-2.053 E0.02487
G1 X-30.219 Y-3.021 E0.02363
G1 X-30.07 Y-4.325 E0.03192
G1 X-33.5 Y-4.325 E0.08342
G1 X-33.64 Y-2.918 E0.03439
G1 X-33.71 Y-1.934 E0.02399
G1 X-33.753 Y-.975 E0.02335
G1 X-33.769 Y0.00 E0.02372
G1 X-33.752 Y0.998 E0.02428
G1 X-33.71 Y1.957 E0.02335
G1 X-33.638 Y2.958 E0.02441
G1 X-33.499 Y4.325 E0.03342
G1 X-30.07 Y4.325 E0.0834
G1 F3600 E-1
G0 F12000 X-29.564 Y4.75
;TYPE:WALL-OUTER
G1 F3600 E1
G1 F2400 X-29.677 Y4.026 E0.01782
G1 X-29.802 Y2.964 E0.02601
G1 X-29.878 Y2.009 E0.0233
G1 X-29.93 Y1.001 E0.02455
G1 X-29.946 Y-0.005 E0.02447
G1 X-29.93 Y-1.009 E0.02442
G1 X-29.878 Y-2.017 E0.02455
G1 X-29.797 Y-2.973 E0.02333
G1 X-29.676 Y-4.035 E0.026
G1 X-29.564 Y-4.75 E0.0176
G1 X-33.86 Y-4.75 E0.10449
G1 X-33.964 Y-3.954 E0.01952
G1 X-34.064 Y-2.948 E0.02459
G1 X-34.135 Y-1.953 E0.02426
G1 X-34.178 Y-.988 E0.02349
G1 X-34.194 Y0.00 E0.02403
G1 X-34.177 Y1.017 E0.02474
G1 X-34.132 Y2.01 E0.02418
G1 X-34.061 Y3 E0.02414
G1 X-33.961 Y3.98 E0.02396
G1 X-33.86 Y4.75 E0.01889
G1 X-29.564 Y4.75 E0.10449
G0 F12000 X-29.677 Y4.026
G0 X-29.684 Y3.96
G0 X-30.741 Y3.575
G1 F3600 E-1
G0 F12000 X-29.917 Y4.066
G0 X29.917 Y4.065
G0 X30.612 Y3.159
;TYPE:FILL
G1 F3600 E1
G1 F6573.9 X30.761 Y3.612 E0.0116
G1 X30.8 Y3.918 E0.0075
G0 F12000 X30.07 Y4.325
;TYPE:WALL-INNER
G1 F3791.3 X33.5 Y4.325 E0.08342
G1 X33.64 Y2.918 E0.03439
G1 X33.71 Y1.934 E0.02399
G1 X33.753 Y0.975 E0.02335
G1 X33.768 Y-0.065 E0.0253
G1 X33.752 Y-1.002 E0.02279
G1 X33.71 Y-1.961 E0.02335
G1 X33.638 Y-2.962 E0.02441
G1 X33.5 Y-4.325 E0.03332
G1 X30.07 Y-4.325 E0.08342
G1 X30.225 Y-2.999 E0.03247
G1 X30.303 Y-2.036 E0.0235
G1 X30.355 Y-1.011 E0.02496
G1 X30.372 Y0.00 E0.02459
G1 X30.355 Y1.032 E0.0251
G1 X30.302 Y2.053 E0.02487
G1 X30.219 Y3.021 E0.02363
G1 X30.07 Y4.325 E0.03192
G1 F3600 E-1
G0 F12000 X29.564 Y4.75
;TYPE:WALL-OUTER
G1 F3600 E1
G1 F2400 X33.86 Y4.75 E0.10449
G1 X33.964 Y3.954 E0.01952
G1 X34.064 Y2.948 E0.02459
G1 X34.135 Y1.953 E0.02426
G1 X34.178 Y0.988 E0.02349
G1 X34.193 Y-0.071 E0.02576
G1 X34.177 Y-1.021 E0.02311
G1 X34.132 Y-2.014 E0.02418
G1 X34.061 Y-3.004 E0.02414
G1 X33.962 Y-3.984 E0.02396
G1 X33.86 Y-4.75 E0.01879
G1 X29.565 Y-4.75 E0.10446
G1 X29.677 Y-4.03 E0.01772
G1 X29.802 Y-2.965 E0.02608
G1 X29.878 Y-2.013 E0.02323
G1 X29.93 Y-1.005 E0.02455
G1 X29.947 Y0.00 E0.02445
G1 X29.93 Y1.009 E0.02454
G1 X29.878 Y2.017 E0.02455
G1 X29.797 Y2.973 E0.02333
G1 X29.676 Y4.035 E0.026
G1 X29.564 Y4.75 E0.0176
G0 F12000 X30.364 Y4.75
G0 X30.741 Y3.575
G1 F3600 E-1
;MESH:NONMESH
G0 F600 X30.741 Y3.575 Z22.53
G0 F12000 X29.917 Y4.065
G0 X-30.193 Y0.00
G0 X-30.756 Y-1.026
G0 X-30.62 Y-1.024
;TIME_ELAPSED:708.672921
;LAYER:171
;note -- min layer time used
;TYPE:FILL
;MESH:bridge.stl
G1 F3600 E1
G1 F6754.4 X-30.9 Y-1.806 E0.0202
G1 X-30.937 Y-2.709 E0.02198
G1 X-30.783 Y-3.612 E0.02228
G1 X-30.668 Y-3.921 E0.00802
G1 F3600 E-1
G0 F12000 X-30.518 Y1.469
G0 X-30.338 Y3.959
G0 X-29.926 Y4.325
;TYPE:WALL-INNER
G1 F3600 E1
G1 F3851.5 X-30.081 Y3.001 E0.03242
G1 X-30.163 Y2.032 E0.02365
G1 X-30.215 Y1.007 E0.02496
G1 X-30.231 Y-0.011 E0.02476
G1 X-30.215 Y-1.032 E0.02484
G1 X-30.161 Y-2.053 E0.02487
G1 X-30.079 Y-3.023 E0.02368
G1 X-29.925 Y-4.325 E0.03189
G1 X-33.383 Y-4.325 E0.0841
G1 X-33.524 Y-2.919 E0.03437
G1 X-33.597 Y-1.956 E0.02349
G1 X-33.637 Y-.977 E0.02383
G1 X-33.653 Y0.00 E0.02377
G1 X-33.636 Y0.996 E0.02423
G1 X-33.598 Y1.957 E0.02339
G1 X-33.522 Y2.953 E0.02429
G1 X-33.384 Y4.325 E0.03354
G1 X-29.926 Y4.325 E0.0841
G1 F3600 E-1
G0 F12000 X-29.423 Y4.75
;TYPE:WALL-OUTER
G1 F3600 E1
G1 F2400 X-29.533 Y4.026 E0.01781
G1 X-29.658 Y2.965 E0.02598
G1 X-29.738 Y2.009 E0.02333
G1 X-29.79 Y1 E0.02457
G1 X-29.806 Y-0.004 E0.02442
G1 X-29.79 Y-1.01 E0.02447
G1 X-29.738 Y-2.018 E0.02455
G1 X-29.657 Y-2.974 E0.02333
G1 X-29.532 Y-4.034 E0.02596
G1 X-29.423 Y-4.75 E0.01761
G1 X-33.747 Y-4.75 E0.10517
G1 X-33.848 Y-3.956 E0.01947
G1 X-33.947 Y-2.974 E0.024
G1 X-34.022 Y-1.981 E0.02422
G1 X-34.062 Y-.963 E0.02478
G1 X-34.078 Y0.00 E0.02342
G1 X-34.061 Y1.013 E0.02464
G1 X-34.022 Y1.981 E0.02356
G1 X-33.945 Y2.995 E0.02473
G1 X-33.846 Y3.978 E0.02403
G1 X-33.747 Y4.75 E0.01893
G1 X-29.423 Y4.75 E0.10517
G0 F12000 X-29.533 Y4.026
G0 X-29.54 Y3.959
G0 X-30.6 Y3.575
G1 F3600 E-1
G0 F12000 X-29.776 Y4.066
G0 X29.776 Y4.065
G0 X30.5 Y2.849
;TYPE:FILL
G1 F3600 E1
G1 F6754.4 X30.784 Y3.612 E0.0198
G1 X30.837 Y3.921 E0.00763
G0 F12000 X29.925 Y4.325
;TYPE:WALL-INNER
G1 F3851.5 X33.383 Y4.325 E0.0841
G1 X33.523 Y2.919 E0.03437
G1 X33.597 Y1.956 E0.02349
G1 X33.637 Y0.977 E0.02383
G1 X33.652 Y-0.065 E0.02535
G1 X33.636 Y-1 E0.02274
G1 X33.598 Y-1.961 E0.02339
G1 X33.522 Y-2.958 E0.02432
G1 X33.384 Y-4.325 E0.03342
G1 X29.926 Y-4.325 E0.0841
G1 X30.081 Y-3.001 E0.03242
G1 X30.162 Y-2.036 E0.02355
G1 X30.215 Y-1.011 E0.02496
G1 X30.232 Y0.00 E0.02459
G1 X30.215 Y1.032 E0.0251
G1 X30.162 Y2.053 E0.02487
G1 X30.079 Y3.023 E0.02368
G1 X29.925 Y4.325 E0.03189
G1 F3600 E-1
G0 F12000 X29.423 Y4.75
;TYPE:WALL-OUTER
G1 F3600 E1
G1 F2400 X33.747 Y4.75 E0.10517
G1 X33.848 Y3.956 E0.01947
G1 X33.946 Y2.974 E0.024
G1 X34.022 Y1.981 E0.02422
G1 X34.062 Y0.963 E0.02478
G1 X34.077 Y-0.072 E0.02518
G1 X34.061 Y-1.017 E0.02299
G1 X34.022 Y-1.985 E0.02356
G1 X33.945 Y-3 E0.02476
G1 X33.846 Y-3.984 E0.02405
G1 X33.744 Y-4.75 E0.01879
G1 X29.423 Y-4.75 E0.10509
G1 X29.533 Y-4.03 E0.01771
G1 X29.658 Y-2.966 E0.02606
G1 X29.738 Y-2.013 E0.02326
G1 X29.79 Y-1.004 E0.02457
G1 X29.807 Y0.00 E0.02442
G1 X29.79 Y1.01 E0.02457
G1 X29.738 Y2.018 E0.02455
G1 X29.657 Y2.974 E0.02333
G1 X29.532 Y4.034 E0.02596
G1 X29.423 Y4.75 E0.01761
G0 F12000 X30.223 Y4.75
G0 X30.6 Y3.575
G1 F3600 E-1
;MESH:NONMESH
G0 F600 X30.6 Y3.575 Z22.66
G0 F12000 X29.776 Y4.065
G0 X-30.034 Y1.016
G0 X-30.622 Y-.603
G0 X-30.484 Y-.601
;TIME_ELAPSED:712.401602
;LAYER:172
;note -- min layer time used
;TYPE:FILL
;MESH:bridge.stl
G1 F3600 E1
G1 F7031.8 X-30.733 Y-.903 E0.00952
G1 X-31.01 Y-1.806 E0.02297
G1 X-31.004 Y-2.709 E0.02196
G1 X-30.811 Y-3.612 E0.02246
G1 X-30.683 Y-3.921 E0.00813
G1 F3600 E-1
G0 F12000 X-30.5 Y-.525
G0 X-30.198 Y3.959
G0 X-29.786 Y4.325
;TYPE:WALL-INNER
G1 F3600 E1
G1 F3943.9 X-29.941 Y3.001 E0.03242
G1 X-30.023 Y2.029 E0.02372
G1 X-30.071 Y1.01 E0.02481
G1 X-30.091 Y-0.014 E0.02491
G1 X-30.071 Y-1.029 E0.02469
G1 X-30.021 Y-2.053 E0.02493
G1 X-29.939 Y-3.023 E0.02368
G1 X-29.785 Y-4.325 E0.03189
G1 X-33.266 Y-4.325 E0.08466
G1 X-33.413 Y-2.913 E0.03453
G1 X-33.482 Y-1.956 E0.02334
G1 X-33.524 Y-.977 E0.02383
G1 X-33.537 Y0.02 E0.02425
G1 X-33.524 Y1.003 E0.02391
G1 X-33.48 Y1.979 E0.02376
G1 X-33.409 Y2.958 E0.02387
G1 X-33.269 Y4.325 E0.03342
G1 X-29.786 Y4.325 E0.08471
G1 F3600 E-1
G0 F12000 X-29.283 Y4.75
;TYPE:WALL-OUTER
G1 F3600 E1
G1 F2400 X-29.393 Y4.026 E0.01781
G1 X-29.518 Y2.965 E0.02598
G1 X-29.598 Y2.008 E0.02336
G1 X-29.646 Y1.001 E0.02452
G1 X-29.666 Y-0.006 E0.0245
G1 X-29.646 Y-1.008 E0.02437
G1 X-29.598 Y-2.018 E0.02459
G1 X-29.517 Y-2.974 E0.02333
G1 X-29.392 Y-4.034 E0.02596
G1 X-29.283 Y-4.75 E0.01761
G1 X-33.625 Y-4.75 E0.1056
G1 X-33.732 Y-3.953 E0.01956
G1 X-33.835 Y-2.974 E0.02394
G1 X-33.906 Y-1.981 E0.02421
G1 X-33.949 Y-.989 E0.02415
G1 X-33.962 Y0.025 E0.02466
G1 X-33.949 Y1.022 E0.02425
G1 X-33.904 Y2.01 E0.02405
G1 X-33.832 Y3 E0.02414
G1 X-33.734 Y3.965 E0.02359
G1 X-33.625 Y4.75 E0.01928
G1 X-29.283 Y4.75 E0.1056
G0 F12000 X-29.393 Y4.026
G0 X-29.4 Y3.959
G0 X-30.46 Y3.575
G1 F3600 E-1
G0 F12000 X-29.635 Y4.065
G0 X29.756 Y3.05
G0 X30.379 Y2.623
;TYPE:FILL
G1 F3600 E1
G1 F7031.8 X30.438 Y2.709 E0.00254
G1 X30.812 Y3.612 E0.02377
G1 X30.878 Y3.921 E0.00768
G1 F3600 E-1
G0 F12000 X29.785 Y4.325
;TYPE:WALL-INNER
G1 F3600 E1
G1 F3943.9 X33.265 Y4.325 E0.08464
G1 X33.411 Y2.936 E0.03397
G1 X33.482 Y1.933 E0.02446
G1 X33.525 Y0.977 E0.02327
G1 X33.537 Y-0.068 E0.02542
G1 X33.524 Y-1.007 E0.02284
G1 X33.48 Y-1.983 E0.02376
G1 X33.409 Y-2.963 E0.0239
G1 X33.271 Y-4.325 E0.0333
G1 X29.786 Y-4.325 E0.08476
G1 X29.941 Y-3.001 E0.03242
G1 X30.022 Y-2.049 E0.02324
G1 X30.071 Y-1.014 E0.0252
G1 X30.092 Y0.009 E0.02489
G1 X30.071 Y1.029 E0.02481
G1 X30.021 Y2.053 E0.02493
G1 X29.939 Y3.023 E0.02368
G1 X29.785 Y4.325 E0.03189
G1 F3600 E-1
G0 F12000 X29.283 Y4.75
;TYPE:WALL-OUTER
G1 F3600 E1
G1 F2400 X33.625 Y4.75 E0.1056
G1 X33.732 Y3.953 E0.01956
G1 X33.834 Y2.974 E0.02394
G1 X33.906 Y1.981 E0.02421
G1 X33.95 Y0.989 E0.02415
G1 X33.962 Y-0.073 E0.02583
G1 X33.949 Y-1.026 E0.02318
G1 X33.904 Y-2.014 E0.02405
G1 X33.835 Y-2.978 E0.02351
G1 X33.734 Y-3.969 E0.02423
G1 X33.626 Y-4.75 E0.01918
G1 X29.283 Y-4.75 E0.10563
G1 X29.393 Y-4.03 E0.01771
G1 X29.518 Y-2.966 E0.02606
G1 X29.598 Y-2.012 E0.02328
G1 X29.646 Y-1.005 E0.02452
G1 X29.667 Y0.004 E0.02455
G1 X29.646 Y1.008 E0.02442
G1 X29.598 Y2.018 E0.02459
G1 X29.517 Y2.974 E0.02333
G1 X29.392 Y4.034 E0.02596
G1 X29.283 Y4.75 E0.01761
G0 F12000 X30.083 Y4.75
G0 X30.46 Y3.575
G1 F3600 E-1
;MESH:NONMESH
G0 F600 X30.46 Y3.575 Z22.79
G0 F12000 X29.635 Y4.065
G0 X-29.893 Y1.016
G0 X-30.487 Y-.216
G0 X-30.349 Y-.214
;TIME_ELAPSED:716.169503
;LAYER:173
;note -- min layer time used
;TYPE:FILL
;MESH:bridge.stl
G1 F3600 E1
G1 F7150 X-30.903 Y-.903 E0.0215
G1 X-31.128 Y-1.806 E0.02263
G1 X-31.075 Y-2.709 E0.022
G1 X-30.843 Y-3.612 E0.02268
G1 X-30.702 Y-3.92 E0.00824
G1 F3600 E-1
G0 F12000 X-30.057 Y3.959
G0 X-29.646 Y4.325
;TYPE:WALL-INNER
G1 F3600 E1
G1 F3983.3 X-29.801 Y2.998 E0.03249
G1 X-29.879 Y2.031 E0.0236
G1 X-29.931 Y1.007 E0.02494
G1 X-29.947 Y-0.011 E0.02476
G1 X-29.931 Y-1.032 E0.02484
G1 X-29.877 Y-2.051 E0.02482
G1 X-29.799 Y-3.023 E0.02372
G1 X-29.645 Y-4.325 E0.03189
G1 X-33.145 Y-4.325 E0.08513
G1 X-33.295 Y-2.935 E0.034
G1 X-33.369 Y-1.914 E0.0249
G1 X-33.409 Y-.873 E0.02534
G1 X-33.421 Y0.023 E0.02179
G1 X-33.403 Y1.109 E0.02642
G1 X-33.364 Y1.981 E0.02123
G1 X-33.293 Y2.93 E0.02315
G1 X-33.145 Y4.325 E0.03412
G1 X-29.646 Y4.325 E0.0851
G1 F3600 E-1
G0 F12000 X-29.138 Y4.75
;TYPE:WALL-OUTER
G1 F3600 E1
G1 F2400 X-29.249 Y4.062 E0.01695
G1 X-29.378 Y2.964 E0.02689
G1 X-29.454 Y2.009 E0.0233
G1 X-29.506 Y1.001 E0.02455
G1 X-29.522 Y-0.005 E0.02447
G1 X-29.506 Y-1.009 E0.02442
G1 X-29.454 Y-2.017 E0.02455
G1 X-29.377 Y-2.974 E0.02335
G1 X-29.247 Y-4.072 E0.02689
G1 X-29.138 Y-4.75 E0.0167
G1 X-33.505 Y-4.75 E0.10621
G1 X-33.612 Y-3.954 E0.01953
G1 X-33.718 Y-2.973 E0.024
G1 X-33.794 Y-1.938 E0.02524
G1 X-33.834 Y-.905 E0.02514
G1 X-33.846 Y0.029 E0.02272
G1 X-33.828 Y1.128 E0.02673
G1 X-33.788 Y2.012 E0.02152
G1 X-33.716 Y2.975 E0.02349
G1 X-33.61 Y3.978 E0.02453
G1 X-33.505 Y4.75 E0.01895
G1 X-29.138 Y4.75 E0.10621
G0 F12000 X-29.249 Y4.062
G0 X-29.261 Y3.96
G0 X-30.319 Y3.575
G1 F3600 E-1
G0 F12000 X-29.49 Y4.102
G0 X29.615 Y3.05
G0 X30.251 Y2.465
;TYPE:FILL
G1 F3600 E1
G1 F7150 X30.43 Y2.709 E0.00736
G1 X30.844 Y3.612 E0.02416
G1 X30.923 Y3.919 E0.00771
G1 F3600 E-1
G0 F12000 X30.057 Y3.959
G0 X29.647 Y4.325
;TYPE:WALL-INNER
G1 F3600 E1
G1 F3983.3 X33.145 Y4.325 E0.08508
G1 X33.295 Y2.935 E0.034
G1 X33.369 Y1.914 E0.0249
G1 X33.409 Y0.873 E0.02534
G1 X33.42 Y-0.064 E0.02279
G1 X33.403 Y-1.113 E0.02552
G1 X33.364 Y-1.985 E0.02123
G1 X33.293 Y-2.933 E0.02312
G1 X33.146 Y-4.325 E0.03404
G1 X29.646 Y-4.325 E0.08513
G1 X29.801 Y-2.999 E0.03247
G1 X29.878 Y-2.051 E0.02313
G1 X29.931 Y-1.011 E0.02533
G1 X29.948 Y0.001 E0.02462
G1 X29.93 Y1.031 E0.02505
G1 X29.878 Y2.051 E0.02484
G1 X29.799 Y3.023 E0.02372
G1 X29.647 Y4.325 E0.03188
G1 F3600 E-1
G0 F12000 X29.138 Y4.75
;TYPE:WALL-OUTER
G1 F3600 E1
G1 F2400 X33.505 Y4.75 E0.10621
G1 X33.612 Y3.954 E0.01953
G1 X33.718 Y2.973 E0.024
G1 X33.794 Y1.938 E0.02524
G1 X33.834 Y0.905 E0.02514
G1 X33.845 Y-0.07 E0.02371
G1 X33.828 Y-1.131 E0.02581
G1 X33.788 Y-2.016 E0.02155
G1 X33.716 Y-2.978 E0.02346
G1 X33.61 Y-3.982 E0.02455
G1 X33.505 Y-4.75 E0.01885
G1 X29.137 Y-4.75 E0.10624
G1 X29.253 Y-4.026 E0.01783
G1 X29.378 Y-2.965 E0.02598
G1 X29.454 Y-2.013 E0.02323
G1 X29.506 Y-1.005 E0.02455
G1 X29.523 Y0.001 E0.02447
G1 X29.506 Y1.009 E0.02452
G1 X29.454 Y2.017 E0.02455
G1 X29.377 Y2.974 E0.02335
G1 X29.247 Y4.072 E0.02689
G1 X29.138 Y4.75 E0.0167
G0 F12000 X29.938 Y4.75
G0 X30.319 Y3.575
G1 F3600 E-1
;MESH:NONMESH
G0 F600 X30.319 Y3.575 Z22.92
G0 F12000 X29.49 Y4.103
G0 X-29.752 Y1.016
G0 X-30.348 Y0.129
G0 X-30.21 Y0.128
;TIME_ELAPSED:719.952040
;LAYER:174
;note -- min layer time used
;TYPE:FILL
;MESH:bridge.stl
G1 F3600 E1
G1 F7297.7 X-30.384 Y0.00 E0.00525
G1 X-31.089 Y-.903 E0.02786
G1 X-31.253 Y-1.806 E0.02232
G1 X-31.151 Y-2.709 E0.0221
G1 X-30.879 Y-3.612 E0.02294
G1 X-30.724 Y-3.92 E0.00839
G1 F3600 E-1
G0 F12000 X-29.912 Y3.959
G0 X-29.495 Y4.326
;TYPE:WALL-INNER
G1 F3600 E1
G1 F4032.6 X-29.653 Y3.075 E0.03067
G1 X-29.743 Y1.959 E0.02723
G1 X-29.791 Y1.007 E0.02318
G1 X-29.807 Y-0.011 E0.02476
G1 X-29.791 Y-1.032 E0.02484
G1 X-29.737 Y-2.051 E0.02482
G1 X-29.654 Y-3.069 E0.02484
G1 X-29.489 Y-4.325 E0.03081
G1 X-33.026 Y-4.325 E0.08603
G1 X-33.177 Y-2.909 E0.03463
G1 X-33.242 Y-2.012 E0.02187
G1 X-33.289 Y-.987 E0.02496
G1 X-33.309 Y-0.01 E0.02377
G1 X-33.292 Y0.969 E0.02381
G1 X-33.247 Y1.984 E0.02471
G1 X-33.173 Y2.957 E0.02373
G1 X-33.025 Y4.325 E0.03347
G1 X-29.495 Y4.326 E0.08585
G1 F3600 E-1
G0 F12000 X-28.989 Y4.75
;TYPE:WALL-OUTER
G1 F3600 E1
G1 F2400 X-29.105 Y4.028 E0.01779
G1 X-29.23 Y3.041 E0.0242
G1 X-29.318 Y1.937 E0.02694
G1 X-29.366 Y1.001 E0.02279
G1 X-29.382 Y-0.005 E0.02447
G1 X-29.366 Y-1.01 E0.02445
G1 X-29.314 Y-2.017 E0.02452
G1 X-29.233 Y-3.016 E0.02438
G1 X-29.104 Y-4.035 E0.02498
G1 X-28.992 Y-4.75 E0.0176
G1 X-33.388 Y-4.75 E0.10692
G1 X-33.492 Y-3.957 E0.01945
G1 X-33.599 Y-2.973 E0.02407
G1 X-33.666 Y-2.061 E0.02224
G1 X-33.714 Y-1.023 E0.02527
G1 X-33.734 Y-0.011 E0.02462
G1 X-33.717 Y0.987 E0.02428
G1 X-33.674 Y1.981 E0.0242
G1 X-33.596 Y3.003 E0.02493
G1 X-33.49 Y3.975 E0.02378
G1 X-33.388 Y4.75 E0.01901
G1 X-28.989 Y4.75 E0.10699
G0 F12000 X-29.105 Y4.028
G0 X-29.113 Y3.96
G0 X-30.326 Y3.745
G1 F3600 E-1
G0 F12000 X-29.271 Y4.512
G0 X29.476 Y3.035
G0 X30.122 Y2.323
;TYPE:FILL
G1 F3600 E1
G1 F7297.7 X30.427 Y2.709 E0.01197
G1 X30.88 Y3.612 E0.02457
G1 X30.973 Y3.92 E0.00783
G1 F3600 E-1
G0 F12000 X29.912 Y3.959
G0 X29.489 Y4.325
;TYPE:WALL-INNER
G1 F3600 E1
G1 F4032.6 X33.026 Y4.325 E0.08603
G1 X33.175 Y2.934 E0.03402
G1 X33.242 Y2.012 E0.02248
G1 X33.289 Y1.009 E0.02442
G1 X33.309 Y-0.02 E0.02503
G1 X33.292 Y-.97 E0.02311
G1 X33.25 Y-1.959 E0.02408
G1 X33.173 Y-2.96 E0.02442
G1 X33.026 Y-4.325 E0.03339
G1 X29.496 Y-4.325 E0.08585
G1 X29.653 Y-3.075 E0.03064
G1 X29.742 Y-1.98 E0.02672
G1 X29.791 Y-1.011 E0.0236
G1 X29.807 Y0.011 E0.02486
G1 X29.791 Y1.032 E0.02484
G1 X29.737 Y2.051 E0.02482
G1 X29.654 Y3.069 E0.02484
G1 X29.489 Y4.325 E0.03081
G1 F3600 E-1
G0 F12000 X28.992 Y4.75
;TYPE:WALL-OUTER
G1 F3600 E1
G1 F2400 X33.388 Y4.75 E0.10692
G1 X33.492 Y3.957 E0.01945
G1 X33.598 Y2.973 E0.02407
G1 X33.666 Y2.061 E0.02224
G1 X33.714 Y1.023 E0.02527
G1 X33.734 Y-0.026 E0.02552
G1 X33.717 Y-.988 E0.0234
G1 X33.674 Y-1.985 E0.02427
G1 X33.596 Y-3.006 E0.0249
G1 X33.49 Y-3.979 E0.0238
G1 X33.388 Y-4.75 E0.01892
G1 X28.99 Y-4.75 E0.10697
G1 X29.105 Y-4.032 E0.01769
G1 X29.23 Y-3.041 E0.02429
G1 X29.318 Y-1.941 E0.02684
G1 X29.366 Y-1.005 E0.02279
G1 X29.382 Y0.005 E0.02457
G1 X29.366 Y1.01 E0.02445
G1 X29.314 Y2.017 E0.02452
G1 X29.233 Y3.016 E0.02438
G1 X29.104 Y4.035 E0.02498
G1 X28.992 Y4.75 E0.0176
G0 F12000 X29.792 Y4.75
G0 X30.175 Y3.575
G1 F3600 E-1
;MESH:NONMESH
G0 F600 X30.175 Y3.575 Z23.05
G0 F12000 X29.347 Y4.068
G0 X-29.611 Y1.016
G0 X-30.203 Y0.382
G0 X-30.065 Y0.381
;TIME_ELAPSED:723.746843
;LAYER:175
;note -- min layer time used
;TYPE:FILL
;MESH:bridge.stl
G1 F3600 E1
G1 F7402.5 X-30.625 Y0.00 E0.01647
G1 X-31.295 Y-.903 E0.02735
G1 X-31.388 Y-1.806 E0.02208
G1 X-31.233 Y-2.709 E0.02228
G1 X-30.92 Y-3.612 E0.02324
G1 X-30.752 Y-3.921 E0.00855
G1 F3600 E-1
G0 F12000 X-29.765 Y3.959
G0 X-29.352 Y4.324
;TYPE:WALL-INNER
G1 F3600 E1
G1 F4067.5 X-29.513 Y3.004 E0.03234
G1 X-29.591 Y2.116 E0.02168
G1 X-29.647 Y1.034 E0.02635
G1 X-29.667 Y-0.004 E0.02525
G1 X-29.65 Y-1.013 E0.02454
G1 X-29.597 Y-1.982 E0.0236
G1 X-29.507 Y-3.023 E0.02541
G1 X-29.353 Y-4.325 E0.03189
G1 X-32.906 Y-4.325 E0.08641
G1 X-33.057 Y-2.911 E0.03459
G1 X-33.13 Y-1.928 E0.02397
G1 X-33.173 Y-.951 E0.02379
G1 X-33.189 Y0.00 E0.02313
G1 X-33.172 Y0.999 E0.0243
G1 X-33.128 Y1.982 E0.02393
G1 X-33.053 Y2.957 E0.02378
G1 X-32.905 Y4.325 E0.03347
G1 X-29.352 Y4.324 E0.08641
G1 F3600 E-1
G0 F12000 X-28.843 Y4.749
;TYPE:WALL-OUTER
G1 F3600 E1
G1 F2400 X-28.961 Y4.027 E0.01779
G1 X-29.09 Y2.966 E0.026
G1 X-29.166 Y2.094 E0.02129
G1 X-29.222 Y1.025 E0.02604
G1 X-29.242 Y0.003 E0.02486
G1 X-29.226 Y-.99 E0.02415
G1 X-29.174 Y-1.946 E0.02329
G1 X-29.085 Y-2.974 E0.0251
G1 X-28.959 Y-4.036 E0.02601
G1 X-28.845 Y-4.75 E0.01759
G1 X-33.268 Y-4.75 E0.10757
G1 X-33.372 Y-3.957 E0.01945
G1 X-33.479 Y-2.973 E0.02407
G1 X-33.554 Y-1.981 E0.0242
G1 X-33.598 Y-.988 E0.02417
G1 X-33.614 Y0.00 E0.02403
G1 X-33.597 Y1.018 E0.02476
G1 X-33.552 Y2.014 E0.02425
G1 X-33.476 Y3.003 E0.02412
G1 X-33.37 Y3.975 E0.02378
G1 X-33.268 Y4.75 E0.01901
G1 X-28.843 Y4.749 E0.10762
G0 F12000 X-28.961 Y4.027
G0 X-28.969 Y3.96
G0 X-30.178 Y3.744
G1 F3600 E-1
G0 F12000 X-29.124 Y4.512
G0 X29.325 Y3.052
G0 X29.986 Y2.189
;TYPE:FILL
G1 F3600 E1
G1 F7402.5 X30.429 Y2.709 E0.01661
G1 X30.921 Y3.612 E0.02501
G1 X31.028 Y3.921 E0.00795
G1 F3600 E-1
G0 F12000 X29.765 Y3.959
G0 X29.353 Y4.325
;TYPE:WALL-INNER
G1 F3600 E1
G1 F4067.5 X32.906 Y4.325 E0.08641
G1 X33.055 Y2.934 E0.03402
G1 X33.129 Y1.955 E0.02388
G1 X33.173 Y0.975 E0.02386
G1 X33.188 Y-0.083 E0.02573
G1 X33.172 Y-1.003 E0.02238
G1 X33.128 Y-1.986 E0.02393
G1 X33.053 Y-2.96 E0.02376
G1 X32.906 Y-4.325 E0.03339
G1 X29.352 Y-4.324 E0.08644
G1 X29.513 Y-3.004 E0.03234
G1 X29.59 Y-2.136 E0.02119
G1 X29.646 Y-1.054 E0.02635
G1 X29.668 Y-0.005 E0.02552
G1 X29.651 Y1.013 E0.02476
G1 X29.597 Y1.982 E0.0236
G1 X29.507 Y3.023 E0.02541
G1 X29.353 Y4.325 E0.03189
G1 F3600 E-1
G0 F12000 X28.845 Y4.75
;TYPE:WALL-OUTER
G1 F3600 E1
G1 F2400 X33.268 Y4.75 E0.10757
G1 X33.372 Y3.957 E0.01945
G1 X33.478 Y2.973 E0.02407
G1 X33.554 Y1.981 E0.0242
G1 X33.598 Y0.988 E0.02417
G1 X33.613 Y-0.09 E0.02622
G1 X33.597 Y-1.022 E0.02267
G1 X33.552 Y-2.018 E0.02425
G1 X33.476 Y-3.006 E0.0241
G1 X33.37 Y-3.979 E0.0238
G1 X33.268 Y-4.75 E0.01892
G1 X28.843 Y-4.749 E0.10762
G1 X28.961 Y-4.027 E0.01779
G1 X29.09 Y-2.966 E0.026
G1 X29.166 Y-2.098 E0.02119
G1 X29.222 Y-1.029 E0.02604
G1 X29.243 Y-0.007 E0.02486
G1 X29.226 Y0.99 E0.02425
G1 X29.174 Y1.946 E0.02329
G1 X29.085 Y2.974 E0.0251
G1 X28.959 Y4.036 E0.02601
G1 X28.845 Y4.75 E0.01759
G0 F12000 X29.645 Y4.75
G0 X30.027 Y3.575
G1 F3600 E-1
;MESH:NONMESH
G0 F600 X30.027 Y3.575 Z23.18
G0 F12000 X29.2 Y4.068
G0 X-29.469 Y1.042
G0 X-29.915 Y0.62
;TIME_ELAPSED:727.539556
;LAYER:176
;note -- min layer time used
;TYPE:FILL
;MESH:bridge.stl
G1 F3600 E1
G1 F7518.7 X-30.914 Y0.00 E0.0286
G1 X-31.527 Y-.903 E0.02654
G1 X-31.532 Y-1.806 E0.02196
G1 X-31.321 Y-2.709 E0.02255
G1 X-30.966 Y-3.612 E0.0236
G1 X-30.785 Y-3.92 E0.00869
G1 F3600 E-1
G0 F12000 X-29.618 Y3.959
G0 X-29.204 Y4.326
;TYPE:WALL-INNER
G1 F3600 E1
G1 F4106.2 X-29.365 Y3.001 E0.03246
G1 X-29.446 Y2.048 E0.02326
G1 X-29.503 Y1.026 E0.0249
G1 X-29.519 Y-0.011 E0.02522
G1 X-29.502 Y-1.034 E0.02488
G1 X-29.445 Y-2.053 E0.02482
G1 X-29.363 Y-3.026 E0.02375
G1 X-29.204 Y-4.325 E0.03183
G1 X-32.789 Y-4.325 E0.08719
G1 X-32.935 Y-2.935 E0.03399
G1 X-33.01 Y-1.955 E0.0239
G1 X-33.053 Y-.975 E0.02386
G1 X-33.069 Y0.00 E0.02372
G1 X-33.052 Y0.998 E0.02428
G1 X-33.008 Y1.982 E0.02396
G1 X-32.933 Y2.955 E0.02373
G1 X-32.79 Y4.325 E0.0335
G1 X-29.204 Y4.326 E0.08722
G1 F3600 E-1
G0 F12000 X-28.697 Y4.75
;TYPE:WALL-OUTER
G1 F3600 E1
G1 F2400 X-28.813 Y4.027 E0.01781
G1 X-28.942 Y2.965 E0.02602
G1 X-29.022 Y2.01 E0.02331
G1 X-29.078 Y1 E0.0246
G1 X-29.094 Y-0.004 E0.02442
G1 X-29.078 Y-1.01 E0.02447
G1 X-29.022 Y-2.018 E0.02455
G1 X-28.941 Y-2.975 E0.02336
G1 X-28.811 Y-4.036 E0.026
G1 X-28.697 Y-4.75 E0.01759
G1 X-33.149 Y-4.75 E0.10828
G1 X-33.256 Y-3.953 E0.01956
G1 X-33.36 Y-2.947 E0.0246
G1 X-33.434 Y-1.981 E0.02356
G1 X-33.478 Y-.988 E0.02417
G1 X-33.494 Y0.00 E0.02403
G1 X-33.477 Y1.017 E0.02474
G1 X-33.432 Y2.014 E0.02427
G1 X-33.356 Y2.999 E0.02403
G1 X-33.253 Y3.979 E0.02397
G1 X-33.149 Y4.75 E0.01892
G1 X-28.697 Y4.75 E0.10828
G0 F12000 X-28.813 Y4.027
G0 X-28.821 Y3.96
G0 X-30.031 Y3.744
G1 F3600 E-1
G0 F12000 X-28.977 Y4.512
G0 X29.178 Y3.052
G0 X29.85 Y2.068
;TYPE:FILL
G1 F3600 E1
G1 F7518.7 X30.435 Y2.709 E0.02111
G1 X30.967 Y3.612 E0.02549
G1 X31.088 Y3.92 E0.00805
G1 F3600 E-1
G0 F12000 X29.618 Y3.959
G0 X29.204 Y4.325
;TYPE:WALL-INNER
G1 F3600 E1
G1 F4106.2 X32.789 Y4.325 E0.08719
G1 X32.935 Y2.935 E0.03399
G1 X33.009 Y1.955 E0.0239
G1 X33.053 Y0.975 E0.02386
G1 X33.068 Y-0.067 E0.02535
G1 X33.052 Y-1.003 E0.02277
G1 X33.008 Y-1.986 E0.02393
G1 X32.933 Y-2.959 E0.02373
G1 X32.79 Y-4.325 E0.0334
G1 X29.204 Y-4.325 E0.08722
G1 X29.363 Y-3.026 E0.03183
G1 X29.446 Y-2.052 E0.02377
G1 X29.503 Y-1.03 E0.0249
G1 X29.52 Y0.00 E0.02505
G1 X29.503 Y1.034 E0.02515
G1 X29.445 Y2.053 E0.02482
G1 X29.363 Y3.026 E0.02375
G1 X29.204 Y4.325 E0.03183
G1 F3600 E-1
G0 F12000 X28.697 Y4.75
;TYPE:WALL-OUTER
G1 F3600 E1
G1 F2400 X33.149 Y4.75 E0.10828
G1 X33.256 Y3.953 E0.01956
G1 X33.36 Y2.947 E0.0246
G1 X33.434 Y1.981 E0.02356
G1 X33.478 Y0.988 E0.02417
G1 X33.493 Y-0.074 E0.02583
G1 X33.477 Y-1.022 E0.02306
G1 X33.432 Y-2.018 E0.02425
G1 X33.356 Y-3.003 E0.02403
G1 X33.254 Y-3.983 E0.02396
G1 X33.149 Y-4.75 E0.01883
G1 X28.697 Y-4.75 E0.10828
G1 X28.813 Y-4.027 E0.01781
G1 X28.942 Y-2.966 E0.026
G1 X29.022 Y-2.014 E0.02324
G1 X29.078 Y-1.004 E0.0246
G1 X29.095 Y0.00 E0.02442
G1 X29.078 Y1.01 E0.02457
G1 X29.022 Y2.018 E0.02455
G1 X28.941 Y2.975 E0.02336
G1 X28.811 Y4.036 E0.026
G1 X28.697 Y4.75 E0.01759
G0 F12000 X29.497 Y4.75
G0 X29.88 Y3.575
G1 F3600 E-1
;MESH:NONMESH
G0 F600 X29.88 Y3.575 Z23.31
G0 F12000 X29.054 Y4.068
G0 X-29.322 Y1.017
G0 X-29.763 Y0.836
;TIME_ELAPSED:731.333414
;LAYER:177
;note -- min layer time used
;TYPE:FILL
;MESH:bridge.stl
G1 F3600 E1
G1 F7633.3 X-31.292 Y0.00 E0.04238
G1 X-31.794 Y-.903 E0.02513
G1 X-31.687 Y-1.806 E0.02212
G1 X-31.414 Y-2.709 E0.02294
G1 X-31.018 Y-3.612 E0.02398
G1 X-30.822 Y-3.92 E0.00888
G1 F3600 E-1
G0 F12000 X-29.471 Y3.959
G0 X-29.055 Y4.326
;TYPE:WALL-INNER
G1 F3600 E1
G1 F4144.4 X-29.221 Y3.001 E0.03248
G1 X-29.303 Y2.032 E0.02365
G1 X-29.355 Y1.007 E0.02496
G1 X-29.371 Y-0.011 E0.02476
G1 X-29.355 Y-1.032 E0.02484
G1 X-29.301 Y-2.056 E0.02494
G1 X-29.215 Y-3.026 E0.02368
G1 X-29.057 Y-4.325 E0.03183
G1 X-32.669 Y-4.325 E0.08785
G1 X-32.815 Y-2.935 E0.03399
G1 X-32.89 Y-1.955 E0.0239
G1 X-32.933 Y-.975 E0.02386
G1 X-32.949 Y0.00 E0.02372
G1 X-32.932 Y0.999 E0.0243
G1 X-32.888 Y1.982 E0.02393
G1 X-32.813 Y2.955 E0.02373
G1 X-32.67 Y4.325 E0.0335
G1 X-29.055 Y4.326 E0.08792
G1 F3600 E-1
G0 F12000 X-28.549 Y4.75
;TYPE:WALL-OUTER
G1 F3600 E1
G1 F2400 X-28.665 Y4.028 E0.01779
G1 X-28.798 Y2.965 E0.02606
G1 X-28.878 Y2.01 E0.02331
G1 X-28.93 Y1.001 E0.02457
G1 X-28.946 Y-0.005 E0.02447
G1 X-28.93 Y-1.01 E0.02445
G1 X-28.877 Y-2.019 E0.02457
G1 X-28.793 Y-2.975 E0.02334
G1 X-28.664 Y-4.035 E0.02597
G1 X-28.552 Y-4.75 E0.0176
G1 X-33.029 Y-4.75 E0.10889
G1 X-33.136 Y-3.953 E0.01956
G1 X-33.24 Y-2.947 E0.0246
G1 X-33.314 Y-1.98 E0.02359
G1 X-33.358 Y-.988 E0.02415
G1 X-33.374 Y0.00 E0.02403
G1 X-33.357 Y1.018 E0.02476
G1 X-33.312 Y2.014 E0.02425
G1 X-33.236 Y2.999 E0.02403
G1 X-33.133 Y3.979 E0.02397
G1 X-33.029 Y4.75 E0.01892
G1 X-28.549 Y4.75 E0.10896
G0 F12000 X-28.665 Y4.028
G0 X-28.673 Y3.96
G0 X-29.884 Y3.744
G1 F3600 E-1
G0 F12000 X-28.83 Y4.512
G0 X29.031 Y3.052
G0 X29.711 Y1.96
;TYPE:FILL
G1 F3600 E1
G1 F7633.3 X30.445 Y2.709 E0.02551
G1 X31.019 Y3.612 E0.02602
G1 X31.154 Y3.92 E0.00818
G1 F3600 E-1
G0 F12000 X29.471 Y3.959
G0 X29.057 Y4.325
;TYPE:WALL-INNER
G1 F3600 E1
G1 F4144.4 X32.669 Y4.325 E0.08785
G1 X32.815 Y2.935 E0.03399
G1 X32.889 Y1.955 E0.0239
G1 X32.933 Y0.975 E0.02386
G1 X32.948 Y-0.067 E0.02535
G1 X32.932 Y-1.003 E0.02277
G1 X32.888 Y-1.986 E0.02393
G1 X32.813 Y-2.959 E0.02373
G1 X32.67 Y-4.325 E0.0334
G1 X29.055 Y-4.325 E0.08792
G1 X29.221 Y-3.001 E0.03245
G1 X29.302 Y-2.052 E0.02317
G1 X29.355 Y-1.011 E0.02535
G1 X29.372 Y0.00 E0.02459
G1 X29.355 Y1.032 E0.0251
G1 X29.301 Y2.056 E0.02494
G1 X29.215 Y3.026 E0.02368
G1 X29.057 Y4.325 E0.03183
G1 F3600 E-1
G0 F12000 X28.552 Y4.75
;TYPE:WALL-OUTER
G1 F3600 E1
G1 F2400 X33.029 Y4.75 E0.10889
G1 X33.136 Y3.953 E0.01956
G1 X33.24 Y2.947 E0.0246
G1 X33.314 Y1.98 E0.02359
G1 X33.358 Y0.988 E0.02415
G1 X33.373 Y-0.074 E0.02583
G1 X33.357 Y-1.022 E0.02306
G1 X33.312 Y-2.018 E0.02425
G1 X33.236 Y-3.003 E0.02403
G1 X33.134 Y-3.983 E0.02396
G1 X33.029 Y-4.75 E0.01883
G1 X28.549 Y-4.75 E0.10896
G1 X28.665 Y-4.028 E0.01779
G1 X28.798 Y-2.966 E0.02603
G1 X28.878 Y-2.013 E0.02326
G1 X28.93 Y-1.004 E0.02457
G1 X28.947 Y0.00 E0.02442
G1 X28.93 Y1.01 E0.02457
G1 X28.877 Y2.019 E0.02457
G1 X28.793 Y2.975 E0.02334
G1 X28.664 Y4.035 E0.02597
G1 X28.552 Y4.75 E0.0176
G0 F12000 X29.352 Y4.75
G0 X29.733 Y3.575
G1 F3600 E-1
;MESH:NONMESH
G0 F600 X29.733 Y3.575 Z23.44
G0 F12000 X28.907 Y4.068
G0 X-29.121 Y2.034
G0 X-29.755 Y1.052
G0 X-29.612 Y1.045
;TIME_ELAPSED:735.166923
;LAYER:178
;note -- min layer time used
;TYPE:FILL
;MESH:bridge.stl
G1 F3600 E1
G1 F7767.7 X-29.861 Y0.903 E0.00697
G1 X-31.919 Y0.00 E0.05466
G1 X-32.111 Y-.903 E0.02245
G1 X-31.854 Y-1.806 E0.02283
G1 X-31.515 Y-2.709 E0.02346
G1 X-31.075 Y-3.612 E0.02443
G1 X-30.865 Y-3.92 E0.00907
G1 F3600 E-1
G0 F12000 X-29.324 Y3.959
G0 X-28.9 Y4.325
;TYPE:WALL-INNER
G1 F3600 E1
G1 F4189.2 X-29.073 Y3.001 E0.03248
G1 X-29.155 Y2.032 E0.02365
G1 X-29.207 Y1.007 E0.02496
G1 X-29.223 Y-0.011 E0.02476
G1 X-29.207 Y-1.032 E0.02484
G1 X-29.153 Y-2.056 E0.02494
G1 X-29.067 Y-3.026 E0.02368
G1 X-28.909 Y-4.325 E0.03183
G1 X-32.549 Y-4.325 E0.08853
G1 X-32.695 Y-2.935 E0.03399
G1 X-32.77 Y-1.955 E0.0239
G1 X-32.813 Y-.975 E0.02386
G1 X-32.829 Y0.00 E0.02372
G1 X-32.812 Y0.999 E0.0243
G1 X-32.768 Y1.983 E0.02396
G1 X-32.693 Y2.955 E0.02371
G1 X-32.55 Y4.325 E0.0335
G1 X-28.9 Y4.325 E0.08877
G1 F3600 E-1
G0 F12000 X-28.404 Y4.75
;TYPE:WALL-OUTER
G1 F3600 E1
G1 F2400 X-28.517 Y4.028 E0.01777
G1 X-28.65 Y2.965 E0.02606
G1 X-28.73 Y2.01 E0.02331
G1 X-28.782 Y1.001 E0.02457
G1 X-28.798 Y-0.005 E0.02447
G1 X-28.782 Y-1.01 E0.02445
G1 X-28.729 Y-2.019 E0.02457
G1 X-28.645 Y-2.975 E0.02334
G1 X-28.516 Y-4.035 E0.02597
G1 X-28.404 Y-4.75 E0.0176
G1 X-32.909 Y-4.75 E0.10957
G1 X-33.016 Y-3.953 E0.01956
G1 X-33.12 Y-2.947 E0.0246
G1 X-33.194 Y-1.981 E0.02356
G1 X-33.238 Y-.988 E0.02417
G1 X-33.254 Y0.00 E0.02403
G1 X-33.237 Y1.018 E0.02476
G1 X-33.192 Y2.015 E0.02427
G1 X-33.116 Y2.999 E0.024
G1 X-33.013 Y3.979 E0.02397
G1 X-32.909 Y4.75 E0.01892
G1 X-28.404 Y4.75 E0.10957
G0 F12000 X-28.517 Y4.028
G0 X-28.525 Y3.96
G0 X-29.737 Y3.744
G1 F3600 E-1
G0 F12000 X-28.683 Y4.512
G0 X28.884 Y3.052
G0 X29.569 Y1.86
;TYPE:FILL
G1 F3600 E1
G1 F7767.7 X30.461 Y2.709 E0.02995
G1 X31.076 Y3.612 E0.02657
G1 X31.226 Y3.92 E0.00833
G1 F3600 E-1
G0 F12000 X29.324 Y3.959
G0 X28.909 Y4.325
;TYPE:WALL-INNER
G1 F3600 E1
G1 F4189.2 X32.549 Y4.325 E0.08853
G1 X32.695 Y2.935 E0.03399
G1 X32.769 Y1.955 E0.0239
G1 X32.813 Y0.975 E0.02386
G1 X32.828 Y-0.068 E0.02537
G1 X32.812 Y-1.003 E0.02274
G1 X32.768 Y-1.987 E0.02396
G1 X32.693 Y-2.959 E0.02371
G1 X32.55 Y-4.325 E0.0334
G1 X28.901 Y-4.325 E0.08875
G1 X29.073 Y-3.001 E0.03247
G1 X29.155 Y-2.036 E0.02355
G1 X29.207 Y-1.011 E0.02496
G1 X29.224 Y0.00 E0.02459
G1 X29.207 Y1.032 E0.0251
G1 X29.153 Y2.056 E0.02494
G1 X29.067 Y3.026 E0.02368
G1 X28.909 Y4.325 E0.03183
G1 F3600 E-1
G0 F12000 X28.404 Y4.75
;TYPE:WALL-OUTER
G1 F3600 E1
G1 F2400 X32.909 Y4.75 E0.10957
G1 X33.016 Y3.953 E0.01956
G1 X33.12 Y2.947 E0.0246
G1 X33.194 Y1.981 E0.02356
G1 X33.238 Y0.988 E0.02417
G1 X33.253 Y-0.075 E0.02586
G1 X33.237 Y-1.022 E0.02304
G1 X33.192 Y-2.019 E0.02427
G1 X33.116 Y-3.003 E0.024
G1 X33.014 Y-3.983 E0.02396
G1 X32.909 Y-4.75 E0.01883
G1 X28.404 Y-4.75 E0.10957
G1 X28.517 Y-4.028 E0.01777
G1 X28.65 Y-2.966 E0.02603
G1 X28.73 Y-2.014 E0.02324
G1 X28.782 Y-1.005 E0.02457
G1 X28.799 Y0.00 E0.02445
G1 X28.782 Y1.01 E0.02457
G1 X28.729 Y2.019 E0.02457
G1 X28.645 Y2.975 E0.02334
G1 X28.516 Y4.035 E0.02597
G1 X28.404 Y4.75 E0.0176
G0 F12000 X29.204 Y4.75
G0 X29.586 Y3.575
G1 F3600 E-1
;MESH:NONMESH
G0 F600 X29.586 Y3.575 Z23.57
G0 F12000 X28.76 Y4.068
G0 X-28.974 Y2.034
G0 X-29.6 Y1.202
G0 X-29.456 Y1.195
;TIME_ELAPSED:739.008670
;LAYER:179
;note -- min layer time used
;TYPE:FILL
;MESH:bridge.stl
G1 F3600 E1
G1 F7940.7 X-29.799 Y1.035 E0.00921
G1 X-30.702 Y0.724 E0.02323
G1 X-31.605 Y0.535 E0.02244
G1 X-32.29 Y0.818 E0.01803
G1 X-32.304 Y0.012 E0.01961
G1 X-32.281 Y-1.372 E0.03367
G1 X-31.605 Y-2.744 E0.0372
G1 X-30.899 Y-3.92 E0.03336
G1 F3600 E-1
G0 F12000 X-29.177 Y3.959
G0 X-28.764 Y4.326
;TYPE:WALL-INNER
G1 F3600 E1
G1 F4246.9 X-28.925 Y3.001 E0.03246
G1 X-29.007 Y2.031 E0.02368
G1 X-29.059 Y1.01 E0.02486
G1 X-29.079 Y-0.014 E0.02491
G1 X-29.059 Y-1.031 E0.02474
G1 X-29.005 Y-2.056 E0.02496
G1 X-28.919 Y-3.023 E0.02361
G1 X-28.765 Y-4.325 E0.03189
G1 X-32.429 Y-4.325 E0.08911
G1 X-32.575 Y-2.935 E0.03399
G1 X-32.65 Y-1.955 E0.0239
G1 X-32.693 Y-.975 E0.02386
G1 X-32.709 Y0.00 E0.02372
G1 X-32.692 Y0.999 E0.0243
G1 X-32.648 Y1.983 E0.02396
G1 X-32.573 Y2.955 E0.02371
G1 X-32.43 Y4.325 E0.0335
G1 X-28.764 Y4.326 E0.08916
G1 F3600 E-1
G0 F12000 X-28.257 Y4.75
;TYPE:WALL-OUTER
G1 F3600 E1
G1 F2400 X-28.373 Y4.027 E0.01781
G1 X-28.502 Y2.965 E0.02602
G1 X-28.582 Y2.009 E0.02333
G1 X-28.634 Y1.002 E0.02452
G1 X-28.654 Y-0.006 E0.02452
G1 X-28.634 Y-1.009 E0.0244
G1 X-28.581 Y-2.019 E0.0246
G1 X-28.497 Y-2.974 E0.02332
G1 X-28.371 Y-4.036 E0.02601
G1 X-28.257 Y-4.75 E0.01759
G1 X-32.789 Y-4.75 E0.11022
G1 X-32.896 Y-3.953 E0.01956
G1 X-33 Y-2.947 E0.0246
G1 X-33.074 Y-1.981 E0.02356
G1 X-33.118 Y-.988 E0.02417
G1 X-33.134 Y0.00 E0.02403
G1 X-33.117 Y1.018 E0.02476
G1 X-33.072 Y2.015 E0.02427
G1 X-32.996 Y2.999 E0.024
G1 X-32.893 Y3.979 E0.02397
G1 X-32.789 Y4.75 E0.01892
G1 X-28.257 Y4.75 E0.11022
G0 F12000 X-28.373 Y4.027
G0 X-28.381 Y3.96
G0 X-29.59 Y3.744
G1 F3600 E-1
G0 F12000 X-28.537 Y4.512
G0 X28.737 Y3.051
G0 X29.423 Y1.806
;TYPE:FILL
G1 F3600 E1
G1 F7940.7 X29.799 Y2.054 E0.01095
G1 X30.702 Y2.976 E0.03139
G1 X31.269 Y3.92 E0.02678
G1 F3600 E-1
G0 F12000 X29.177 Y3.959
G0 X28.765 Y4.325
;TYPE:WALL-INNER
G1 F3600 E1
G1 F4246.9 X32.429 Y4.325 E0.08911
G1 X32.575 Y2.935 E0.03399
G1 X32.649 Y1.955 E0.0239
G1 X32.693 Y0.975 E0.02386
G1 X32.708 Y-0.078 E0.02561
G1 X32.692 Y-1.003 E0.0225
G1 X32.648 Y-1.987 E0.02396
G1 X32.573 Y-2.959 E0.02371
G1 X32.43 Y-4.325 E0.0334
G1 X28.764 Y-4.325 E0.08916
G1 X28.923 Y-3.026 E0.03183
G1 X29.007 Y-2.035 E0.02419
G1 X29.059 Y-1.014 E0.02486
G1 X29.08 Y0.00 E0.02467
G1 X29.059 Y1.031 E0.02508
G1 X29.005 Y2.056 E0.02496
G1 X28.919 Y3.023 E0.02361
G1 X28.765 Y4.325 E0.03189
G1 F3600 E-1
G0 F12000 X28.257 Y4.75
;TYPE:WALL-OUTER
G1 F3600 E1
G1 F2400 X32.789 Y4.75 E0.11022
G1 X32.896 Y3.953 E0.01956
G1 X33 Y2.947 E0.0246
G1 X33.074 Y1.981 E0.02356
G1 X33.118 Y0.988 E0.02417
G1 X33.133 Y-0.085 E0.0261
G1 X33.117 Y-1.022 E0.02279
G1 X33.072 Y-2.019 E0.02427
G1 X32.996 Y-3.003 E0.024
G1 X32.894 Y-3.983 E0.02396
G1 X32.789 Y-4.75 E0.01883
G1 X28.257 Y-4.75 E0.11022
G1 X28.373 Y-4.027 E0.01781
G1 X28.502 Y-2.966 E0.026
G1 X28.582 Y-2.013 E0.02326
G1 X28.634 Y-1.006 E0.02452
G1 X28.655 Y0.00 E0.02447
G1 X28.634 Y1.009 E0.02455
G1 X28.582 Y2.019 E0.0246
G1 X28.497 Y2.974 E0.02332
G1 X28.371 Y4.036 E0.02601
G1 X28.257 Y4.75 E0.01759
G0 F12000 X29.057 Y4.75
G0 X29.439 Y3.575
G1 F3600 E-1
;MESH:NONMESH
G0 F600 X29.439 Y3.575 Z23.7
G0 F12000 X28.613 Y4.068
G0 X-28.826 Y2.034
G0 X-29.445 Y1.348
G0 X-29.301 Y1.341
;TIME_ELAPSED:742.871223
;LAYER:180
;note -- min layer time used
;TYPE:FILL
;MESH:bridge.stl
G1 F3600 E1
G1 F8033.4 X-29.799 Y1.132 E0.01314
G1 X-30.702 Y0.886 E0.02276
G1 X-31.605 Y0.829 E0.02201
G1 X-32.158 Y1.171 E0.01581
G1 X-32.184 Y0.037 E0.02759
G1 X-32.167 Y-.932 E0.02357
G1 X-32.113 Y-2.069 E0.02768
G1 X-31.605 Y-2.946 E0.02465
G1 X-30.954 Y-3.92 E0.02849
G1 F3600 E-1
G0 F12000 X-29.03 Y3.959
G0 X-28.614 Y4.325
;TYPE:WALL-INNER
G1 F3600 E1
G1 F4277.8 X-28.777 Y3.001 E0.03244
G1 X-28.859 Y2.032 E0.02365
G1 X-28.911 Y1.01 E0.02489
G1 X-28.931 Y-0.014 E0.02491
G1 X-28.911 Y-1.032 E0.02476
G1 X-28.857 Y-2.053 E0.02487
G1 X-28.774 Y-3.027 E0.02377
G1 X-28.613 Y-4.325 E0.03181
G1 X-32.309 Y-4.325 E0.08989
G1 X-32.455 Y-2.935 E0.03399
G1 X-32.53 Y-1.955 E0.0239
G1 X-32.572 Y-.975 E0.02386
G1 X-32.589 Y0.029 E0.02442
G1 X-32.572 Y1 E0.02362
G1 X-32.528 Y1.984 E0.02396
G1 X-32.453 Y2.955 E0.02369
G1 X-32.31 Y4.325 E0.0335
G1 X-28.614 Y4.325 E0.08989
G1 F3600 E-1
G0 F12000 X-28.106 Y4.75
;TYPE:WALL-OUTER
G1 F3600 E1
G1 F2400 X-28.217 Y4.071 E0.01673
G1 X-28.354 Y2.965 E0.02711
G1 X-28.434 Y2.009 E0.02333
G1 X-28.486 Y1.001 E0.02455
G1 X-28.506 Y-0.005 E0.02447
G1 X-28.486 Y-1.009 E0.02442
G1 X-28.434 Y-2.017 E0.02455
G1 X-28.353 Y-2.975 E0.02338
G1 X-28.223 Y-4.016 E0.02552
G1 X-28.106 Y-4.75 E0.01808
G1 X-32.669 Y-4.75 E0.11098
G1 X-32.776 Y-3.953 E0.01956
G1 X-32.88 Y-2.947 E0.0246
G1 X-32.954 Y-1.981 E0.02356
G1 X-32.997 Y-.988 E0.02417
G1 X-33.014 Y0.036 E0.02491
G1 X-32.997 Y1.019 E0.02391
G1 X-32.954 Y1.981 E0.02342
G1 X-32.876 Y2.999 E0.02483
G1 X-32.778 Y3.95 E0.02325
G1 X-32.666 Y4.75 E0.01965
G1 X-28.106 Y4.75 E0.11091
G0 F12000 X-28.217 Y4.071
G0 X-28.23 Y3.96
G0 X-29.443 Y3.744
G1 F3600 E-1
G0 F12000 X-28.387 Y4.513
G0 X28.59 Y3.051
G0 X29.28 Y1.748
;TYPE:FILL
G1 F3600 E1
G1 F8033.4 X29.799 Y2.068 E0.01483
G1 X30.702 Y2.927 E0.03031
G1 X31.366 Y3.92 E0.02905
G1 F3600 E-1
G0 F12000 X29.029 Y3.959
G0 X28.614 Y4.325
;TYPE:WALL-INNER
G1 F3600 E1
G1 F4277.8 X32.309 Y4.325 E0.08987
G1 X32.455 Y2.935 E0.03399
G1 X32.53 Y1.955 E0.0239
G1 X32.573 Y0.975 E0.02386
G1 X32.588 Y-0.079 E0.02564
G1 X32.572 Y-1.004 E0.0225
G1 X32.53 Y-1.959 E0.02325
G1 X32.453 Y-2.959 E0.02439
G1 X32.312 Y-4.325 E0.0334
G1 X28.614 Y-4.325 E0.08994
G1 X28.777 Y-3.001 E0.03244
G1 X28.859 Y-2.036 E0.02355
G1 X28.911 Y-1.014 E0.02489
G1 X28.932 Y0.00 E0.02467
G1 X28.911 Y1.032 E0.0251
G1 X28.857 Y2.053 E0.02487
G1 X28.774 Y3.027 E0.02377
G1 X28.614 Y4.325 E0.03181
G1 F3600 E-1
G0 F12000 X28.106 Y4.75
;TYPE:WALL-OUTER
G1 F3600 E1
G1 F2400 X32.669 Y4.75 E0.11098
G1 X32.776 Y3.953 E0.01956
G1 X32.88 Y2.947 E0.0246
G1 X32.954 Y1.981 E0.02356
G1 X32.998 Y0.988 E0.02417
G1 X33.013 Y-0.086 E0.02612
G1 X32.997 Y-1.023 E0.02279
G1 X32.954 Y-1.985 E0.02342
G1 X32.879 Y-2.977 E0.0242
G1 X32.774 Y-3.984 E0.02462
G1 X32.666 Y-4.75 E0.01881
G1 X28.106 Y-4.75 E0.11091
G1 X28.217 Y-4.071 E0.01673
G1 X28.354 Y-2.966 E0.02708
G1 X28.434 Y-2.013 E0.02326
G1 X28.486 Y-1.005 E0.02455
G1 X28.507 Y0.00 E0.02445
G1 X28.486 Y1.009 E0.02455
G1 X28.434 Y2.017 E0.02455
G1 X28.353 Y2.975 E0.02338
G1 X28.223 Y4.016 E0.02552
G1 X28.106 Y4.75 E0.01808
G0 F12000 X28.906 Y4.75
G0 X29.292 Y3.575
G1 F3600 E-1
;MESH:NONMESH
G0 F600 X29.292 Y3.575 Z23.83
G0 F12000 X28.468 Y4.048
G0 X-28.679 Y2.034
G0 X-29.148 Y1.466
;TIME_ELAPSED:746.730302
;LAYER:181
;note -- min layer time used
;TYPE:FILL
;MESH:bridge.stl
G1 F3600 E1
G1 F8073.9 X-29.799 Y1.223 E0.0169
G1 X-30.702 Y1.036 E0.02243
G1 X-31.605 Y1.08 E0.02199
G1 X-32.04 Y1.389 E0.01298
G1 X-32.064 Y0.012 E0.0335
G1 X-32.048 Y-.931 E0.02294
G1 X-32.006 Y-1.907 E0.02376
G1 X-31.958 Y-2.572 E0.01622
G1 X-31.605 Y-3.118 E0.01581
G1 X-31.016 Y-3.92 E0.0242
G1 F3600 E-1
G0 F12000 X-28.877 Y3.959
G0 X-28.459 Y4.324
;TYPE:WALL-INNER
G1 F3600 E1
G1 F4291.3 X-28.621 Y3.06 E0.03099
G1 X-28.71 Y2.048 E0.02471
G1 X-28.767 Y1.026 E0.0249
G1 X-28.783 Y-0.011 E0.02522
G1 X-28.766 Y-1.034 E0.02488
G1 X-28.709 Y-2.055 E0.02487
G1 X-28.622 Y-3.042 E0.0241
G1 X-28.459 Y-4.324 E0.03143
G1 X-32.189 Y-4.325 E0.09072
G1 X-32.341 Y-2.898 E0.0349
G1 X-32.41 Y-1.93 E0.0236
G1 X-32.453 Y-.975 E0.02325
G1 X-32.469 Y0.00 E0.02372
G1 X-32.452 Y0.999 E0.0243
G1 X-32.41 Y1.955 E0.02327
G1 X-32.333 Y2.957 E0.02444
G1 X-32.185 Y4.325 E0.03347
G1 X-28.459 Y4.324 E0.09062
G1 F3600 E-1
G0 F12000 X-27.951 Y4.749
;TYPE:WALL-OUTER
G1 F3600 E1
G1 F2400 X-28.069 Y4.029 E0.01775
G1 X-28.198 Y3.022 E0.02469
G1 X-28.286 Y2.011 E0.02468
G1 X-28.342 Y1 E0.02463
G1 X-28.358 Y-0.004 E0.02442
G1 X-28.342 Y-1.011 E0.02449
G1 X-28.286 Y-2.018 E0.02453
G1 X-28.202 Y-2.978 E0.02344
G1 X-28.067 Y-4.037 E0.02596
G1 X-27.951 Y-4.749 E0.01755
G1 X-32.543 Y-4.75 E0.11168
G1 X-32.657 Y-3.95 E0.01965
G1 X-32.763 Y-2.961 E0.02419
G1 X-32.834 Y-1.981 E0.0239
G1 X-32.878 Y-.988 E0.02417
G1 X-32.894 Y0.00 E0.02403
G1 X-32.877 Y1.018 E0.02476
G1 X-32.834 Y1.981 E0.02344
G1 X-32.756 Y3.003 E0.02493
G1 X-32.654 Y3.95 E0.02317
G1 X-32.542 Y4.75 E0.01965
G1 X-27.951 Y4.749 E0.11166
G0 F12000 X-28.069 Y4.029
G0 X-28.077 Y3.96
G0 X-29.292 Y3.747
G1 F3600 E-1
G0 F12000 X-28.232 Y4.513
G0 X28.532 Y2.034
G0 X29.136 Y1.697
;TYPE:FILL
G1 F3600 E1
G1 F8073.9 X29.799 Y2.076 E0.01857
G1 X30.702 Y2.877 E0.02936
G1 X31.468 Y3.92 E0.03147
G1 F3600 E-1
G0 F12000 X28.877 Y3.959
G0 X28.459 Y4.324
;TYPE:WALL-INNER
G1 F3600 E1
G1 F4291.3 X32.19 Y4.325 E0.09074
G1 X32.339 Y2.923 E0.03429
G1 X32.41 Y1.93 E0.02421
G1 X32.453 Y0.975 E0.02325
G1 X32.468 Y-0.069 E0.02539
G1 X32.452 Y-1.004 E0.02274
G1 X32.41 Y-1.959 E0.02325
G1 X32.333 Y-2.96 E0.02442
G1 X32.186 Y-4.325 E0.03339
G1 X28.46 Y-4.324 E0.09062
G1 X28.621 Y-3.06 E0.03099
G1 X28.71 Y-2.038 E0.02495
G1 X28.767 Y-1.03 E0.02456
G1 X28.784 Y0.00 E0.02505
G1 X28.767 Y1.034 E0.02515
G1 X28.709 Y2.055 E0.02487
G1 X28.622 Y3.042 E0.0241
G1 X28.459 Y4.324 E0.03143
G1 F3600 E-1
G0 F12000 X27.951 Y4.749
;TYPE:WALL-OUTER
G1 F3600 E1
G1 F2400 X32.543 Y4.75 E0.11168
G1 X32.657 Y3.95 E0.01965
G1 X32.762 Y2.961 E0.02419
G1 X32.834 Y1.981 E0.0239
G1 X32.878 Y0.988 E0.02417
G1 X32.893 Y-0.076 E0.02588
G1 X32.877 Y-1.023 E0.02304
G1 X32.834 Y-1.985 E0.02342
G1 X32.756 Y-3.006 E0.0249
G1 X32.654 Y-3.954 E0.02319
G1 X32.542 Y-4.75 E0.01955
G1 X27.951 Y-4.749 E0.11166
G1 X28.069 Y-4.032 E0.01767
G1 X28.198 Y-3.022 E0.02476
G1 X28.286 Y-2.015 E0.02459
G1 X28.342 Y-1.004 E0.02463
G1 X28.359 Y0.00 E0.02442
G1 X28.342 Y1.011 E0.02459
G1 X28.286 Y2.018 E0.02453
G1 X28.202 Y2.978 E0.02344
G1 X28.067 Y4.037 E0.02596
G1 X27.951 Y4.749 E0.01755
G0 F12000 X28.751 Y4.749
G0 X29.139 Y3.575
G1 F3600 E-1
;MESH:NONMESH
G0 F600 X29.139 Y3.575 Z23.96
G0 F12000 X28.311 Y4.07
G0 X-28.532 Y2.034
G0 X-28.991 Y1.573
;TIME_ELAPSED:750.573020
;LAYER:182
;note -- min layer time used
;TYPE:FILL
;MESH:bridge.stl
G1 F3600 E1
G1 F8132.3 X-29.799 Y1.309 E0.02067
G1 X-30.702 Y1.176 E0.0222
G1 X-31.605 Y1.3 E0.02217
G1 X-31.901 Y1.525 E0.00904
G1 X-31.927 Y0.976 E0.01337
G1 X-31.944 Y0.038 E0.02282
G1 X-31.928 Y-.954 E0.02413
G1 X-31.885 Y-1.923 E0.02359
G1 X-31.795 Y-3.032 E0.02706
G1 X-31.085 Y-3.92 E0.02765
G1 F3600 E-1
G0 F12000 X-28.724 Y3.959
G0 X-28.307 Y4.324
;TYPE:WALL-INNER
G1 F3600 E1
G1 F4310.8 X-28.469 Y3.06 E0.03099
G1 X-28.558 Y2.037 E0.02497
G1 X-28.615 Y1.087 E0.02315
G1 X-28.635 Y0.029 E0.02574
G1 X-28.618 Y-.979 E0.02452
G1 X-28.557 Y-2.055 E0.02621
G1 X-28.466 Y-3.087 E0.0252
G1 X-28.307 Y-4.324 E0.03033
G1 X-32.06 Y-4.325 E0.09128
G1 X-32.201 Y-3.037 E0.03151
G1 X-32.29 Y-1.953 E0.02645
G1 X-32.333 Y-.976 E0.02379
G1 X-32.349 Y0.027 E0.0244
G1 X-32.332 Y1.001 E0.02369
G1 X-32.29 Y1.922 E0.02242
G1 X-32.209 Y2.955 E0.0252
G1 X-32.061 Y4.325 E0.03351
G1 X-28.307 Y4.324 E0.0913
G1 F3600 E-1
G0 F12000 X-27.799 Y4.749
;TYPE:WALL-OUTER
G1 F3600 E1
G1 F2400 X-27.917 Y4.029 E0.01775
G1 X-28.046 Y3.022 E0.02469
G1 X-28.134 Y2.011 E0.02468
G1 X-28.19 Y1.061 E0.02315
G1 X-28.21 Y0.035 E0.02496
G1 X-28.194 Y-.955 E0.02408
G1 X-28.134 Y-2.018 E0.02589
G1 X-28.045 Y-3.032 E0.02476
G1 X-27.915 Y-4.037 E0.02465
G1 X-27.799 Y-4.749 E0.01755
G1 X-32.418 Y-4.75 E0.11234
G1 X-32.528 Y-3.952 E0.01959
G1 X-32.623 Y-3.096 E0.02095
G1 X-32.714 Y-1.98 E0.02723
G1 X-32.758 Y-.988 E0.02415
G1 X-32.774 Y0.027 E0.02469
G1 X-32.757 Y1.02 E0.02415
G1 X-32.714 Y1.948 E0.02259
G1 X-32.632 Y3.001 E0.02569
G1 X-32.53 Y3.95 E0.02321
G1 X-32.418 Y4.75 E0.01965
G1 X-27.799 Y4.749 E0.11234
G0 F12000 X-27.917 Y4.029
G0 X-27.925 Y3.96
G0 X-29.138 Y3.746
G1 F3600 E-1
G0 F12000 X-28.079 Y4.513
G0 X28.38 Y2.036
G0 X28.986 Y1.651
;TYPE:FILL
G1 F3600 E1
G1 F8132.3 X29.799 Y2.08 E0.02236
G1 X30.702 Y2.825 E0.02847
G1 X31.577 Y3.919 E0.03407
G1 F3600 E-1
G0 F12000 X28.724 Y3.959
G0 X28.307 Y4.324
;TYPE:WALL-INNER
G1 F3600 E1
G1 F4310.8 X32.06 Y4.324 E0.09128
G1 X32.201 Y3.037 E0.03149
G1 X32.29 Y1.953 E0.02645
G1 X32.333 Y0.975 E0.02381
G1 X32.348 Y-.12 E0.02663
G1 X32.332 Y-1.005 E0.02153
G1 X32.288 Y-1.955 E0.02313
G1 X32.212 Y-2.937 E0.02396
G1 X32.062 Y-4.325 E0.03395
G1 X28.308 Y-4.324 E0.0913
G1 X28.469 Y-3.06 E0.03099
G1 X28.558 Y-2.053 E0.02459
G1 X28.615 Y-1.074 E0.02385
G1 X28.636 Y-0.036 E0.02525
G1 X28.619 Y0.979 E0.02469
G1 X28.557 Y2.055 E0.02621
G1 X28.466 Y3.087 E0.0252
G1 X28.307 Y4.324 E0.03033
G1 F3600 E-1
G0 F12000 X27.799 Y4.749
;TYPE:WALL-OUTER
G1 F3600 E1
G1 F2400 X32.418 Y4.749 E0.11234
G1 X32.528 Y3.952 E0.01957
G1 X32.623 Y3.096 E0.02095
G1 X32.714 Y1.98 E0.02723
G1 X32.758 Y0.988 E0.02415
G1 X32.773 Y-.126 E0.0271
G1 X32.757 Y-1.024 E0.02184
G1 X32.714 Y-1.952 E0.02259
G1 X32.632 Y-3.005 E0.02569
G1 X32.53 Y-3.954 E0.02321
G1 X32.418 Y-4.75 E0.01955
G1 X27.799 Y-4.749 E0.11234
G1 X27.917 Y-4.032 E0.01767
G1 X28.046 Y-3.022 E0.02476
G1 X28.134 Y-2.015 E0.02459
G1 X28.19 Y-1.065 E0.02315
G1 X28.211 Y-0.038 E0.02498
G1 X28.194 Y0.955 E0.02415
G1 X28.134 Y2.018 E0.02589
G1 X28.045 Y3.032 E0.02476
G1 X27.915 Y4.037 E0.02465
G1 X27.799 Y4.749 E0.01755
G0 F12000 X28.599 Y4.749
G0 X28.986 Y3.575
G1 F3600 E-1
;MESH:NONMESH
G0 F600 X28.986 Y3.575 Z24.09
G0 F12000 X28.158 Y4.07
G0 X-28.38 Y2.036
G0 X-28.832 Y1.675
;TIME_ELAPSED:754.415754
;LAYER:183
;note -- min layer time used
;TYPE:FILL
;MESH:bridge.stl
G1 F3600 E1
G1 F8176.1 X-28.896 Y1.644 E0.00173
G1 X-29.799 Y1.388 E0.02283
G1 X-30.702 Y1.307 E0.02205
G1 X-31.605 Y1.497 E0.02244
G1 X-31.772 Y1.629 E0.00518
G1 X-31.807 Y0.886 E0.01809
G1 X-31.819 Y-0.081 E0.02352
G1 X-31.8 Y-1.081 E0.02433
G1 X-31.747 Y-2.155 E0.02615
G1 X-31.644 Y-3.359 E0.02939
G1 X-31.162 Y-3.92 E0.01799
G1 F3600 E-1
G0 F12000 X-28.57 Y3.959
G0 X-28.151 Y4.326
;TYPE:WALL-INNER
G1 F3600 E1
G1 F4325.4 X-28.313 Y3.062 E0.03099
G1 X-28.406 Y2.048 E0.02477
G1 X-28.463 Y1.028 E0.02485
G1 X-28.479 Y-0.057 E0.02639
G1 X-28.462 Y-1.034 E0.02377
G1 X-28.405 Y-2.058 E0.02494
G1 X-28.31 Y-3.087 E0.02513
G1 X-28.15 Y-4.325 E0.03036
G1 X-31.937 Y-4.325 E0.09211
G1 X-32.089 Y-2.911 E0.03459
G1 X-32.163 Y-1.93 E0.02393
G1 X-32.205 Y-1.092 E0.02041
G1 X-32.224 Y-0.093 E0.0243
G1 X-32.213 Y0.868 E0.02337
G1 X-32.161 Y1.981 E0.0271
G1 X-32.085 Y2.957 E0.02381
G1 X-31.937 Y4.325 E0.03347
G1 X-28.151 Y4.326 E0.09208
G1 F3600 E-1
G0 F12000 X-27.645 Y4.75
;TYPE:WALL-OUTER
G1 F3600 E1
G1 F2400 X-27.761 Y4.029 E0.01776
G1 X-27.889 Y3.032 E0.02445
G1 X-27.982 Y2.01 E0.02496
G1 X-28.038 Y1.001 E0.02458
G1 X-28.054 Y-0.051 E0.02559
G1 X-28.038 Y-1.01 E0.02333
G1 X-27.981 Y-2.019 E0.02458
G1 X-27.889 Y-3.032 E0.02474
G1 X-27.761 Y-4.029 E0.02445
G1 X-27.645 Y-4.75 E0.01776
G1 X-32.294 Y-4.75 E0.11307
G1 X-32.404 Y-3.951 E0.01962
G1 X-32.511 Y-2.973 E0.02393
G1 X-32.586 Y-1.98 E0.02422
G1 X-32.63 Y-1.107 E0.02126
G1 X-32.649 Y-0.095 E0.02462
G1 X-32.638 Y0.88 E0.02371
G1 X-32.584 Y2.013 E0.02759
G1 X-32.508 Y3.003 E0.02415
G1 X-32.406 Y3.95 E0.02317
G1 X-32.294 Y4.75 E0.01965
G1 X-27.645 Y4.75 E0.11307
G0 F12000 X-27.761 Y4.029
G0 X-27.769 Y3.96
G0 X-28.984 Y3.746
G1 F3600 E-1
G0 F12000 X-27.926 Y4.513
G0 X28.226 Y2.036
G0 X28.834 Y1.627
;TYPE:FILL
G1 F3600 E1
G1 F8176.1 X28.896 Y1.644 E0.00156
G1 X29.799 Y2.08 E0.02439
G1 X30.702 Y2.773 E0.02768
G1 X31.582 Y3.789 E0.03269
G1 F3600 E-1
G0 F12000 X28.57 Y3.959
G0 X28.15 Y4.325
;TYPE:WALL-INNER
G1 F3600 E1
G1 F4325.4 X31.937 Y4.324 E0.09211
G1 X32.087 Y2.934 E0.034
G1 X32.162 Y1.93 E0.02449
G1 X32.205 Y1.092 E0.02041
G1 X32.225 Y0.065 E0.02498
G1 X32.213 Y-.868 E0.02269
G1 X32.16 Y-1.985 E0.0272
G1 X32.085 Y-2.96 E0.02378
G1 X31.938 Y-4.325 E0.03339
G1 X28.144 Y-4.325 E0.09228
G1 X28.313 Y-3.062 E0.03099
G1 X28.406 Y-2.038 E0.02501
G1 X28.463 Y-1.032 E0.02451
G1 X28.479 Y0.057 E0.02649
G1 X28.463 Y1.034 E0.02377
G1 X28.405 Y2.058 E0.02495
G1 X28.31 Y3.087 E0.02513
G1 X28.15 Y4.325 E0.03036
G1 F3600 E-1
G0 F12000 X27.645 Y4.75
;TYPE:WALL-OUTER
G1 F3600 E1
G1 F2400 X32.294 Y4.749 E0.11307
G1 X32.404 Y3.951 E0.01959
G1 X32.51 Y2.973 E0.02393
G1 X32.586 Y1.98 E0.02422
G1 X32.63 Y1.107 E0.02126
G1 X32.65 Y0.06 E0.02547
G1 X32.638 Y-.88 E0.02286
G1 X32.584 Y-2.017 E0.02768
G1 X32.508 Y-3.006 E0.02412
G1 X32.406 Y-3.954 E0.02319
G1 X32.294 Y-4.75 E0.01955
G1 X27.646 Y-4.75 E0.11305
G1 X27.761 Y-4.032 E0.01769
G1 X27.889 Y-3.032 E0.02452
G1 X27.982 Y-2.014 E0.02486
G1 X28.038 Y-1.005 E0.02458
G1 X28.054 Y0.051 E0.02569
G1 X28.04 Y0.991 E0.02286
G1 X27.982 Y2.019 E0.02504
G1 X27.889 Y3.032 E0.02474
G1 X27.761 Y4.029 E0.02445
G1 X27.645 Y4.75 E0.01776
G0 F12000 X28.445 Y4.75
G0 X28.832 Y3.575
G1 F3600 E-1
;MESH:NONMESH
G0 F600 X28.832 Y3.575 Z24.22
G0 F12000 X28.004 Y4.07
G0 X-28.134 Y3.053
G0 X-28.822 Y1.783
G0 X-28.673 Y1.776
;TIME_ELAPSED:758.280280
;LAYER:184
;note -- min layer time used
;TYPE:FILL
;MESH:bridge.stl
G1 F3600 E1
G1 F7382 X-28.896 Y1.678 E0.00592
G1 X-29.799 Y1.462 E0.02258
G1 X-30.702 Y1.429 E0.02198
G1 X-31.605 Y1.676 E0.02277
G1 X-31.645 Y1.708 E0.00125
G1 F3600 E-1
G0 F12000 X-28.417 Y3.959
G0 X-27.999 Y4.324
;TYPE:WALL-INNER
G1 F3600 E1
G1 F4060.7 X-28.161 Y3.062 E0.03095
G1 X-28.255 Y2.032 E0.02516
G1 X-28.307 Y1.032 E0.02435
G1 X-28.327 Y-0.014 E0.02544
G1 X-28.307 Y-1.032 E0.02476
G1 X-28.253 Y-2.058 E0.02499
G1 X-28.158 Y-3.087 E0.02513
G1 X-27.998 Y-4.325 E0.03036
G1 X-31.813 Y-4.325 E0.09279
G1 X-31.965 Y-2.911 E0.03459
G1 X-32.038 Y-1.928 E0.02397
G1 X-32.085 Y-.974 E0.02323
G1 X-32.101 Y0.00 E0.02369
G1 X-32.085 Y1.003 E0.0244
G1 X-32.036 Y1.979 E0.02377
G1 X-31.961 Y2.957 E0.02386
G1 X-31.813 Y4.325 E0.03347
G1 X-27.999 Y4.324 E0.09276
G1 F3600 E-1
G0 F12000 X-27.491 Y4.749
;TYPE:WALL-OUTER
G1 F3600 E1
G1 F2400 X-27.609 Y4.029 E0.01775
G1 X-27.737 Y3.032 E0.02445
G1 X-27.83 Y2.009 E0.02498
G1 X-27.882 Y1.001 E0.02455
G1 X-27.902 Y-0.005 E0.02447
G1 X-27.882 Y-1.009 E0.02442
G1 X-27.829 Y-2.019 E0.0246
G1 X-27.737 Y-3.032 E0.02474
G1 X-27.609 Y-4.029 E0.02445
G1 X-27.493 Y-4.75 E0.01776
G1 X-32.17 Y-4.75 E0.11375
G1 X-32.28 Y-3.951 E0.01962
G1 X-32.387 Y-2.973 E0.02393
G1 X-32.462 Y-1.98 E0.02422
G1 X-32.51 Y-.988 E0.02416
G1 X-32.526 Y0.00 E0.02403
G1 X-32.509 Y1.023 E0.02488
G1 X-32.46 Y2.011 E0.02406
G1 X-32.384 Y3.003 E0.0242
G1 X-32.282 Y3.95 E0.02317
G1 X-32.17 Y4.75 E0.01965
G1 X-27.491 Y4.749 E0.1138
G0 F12000 X-27.609 Y4.029
G0 X-27.617 Y3.96
G0 X-28.831 Y3.746
G1 F3600 E-1
G0 F12000 X-27.773 Y4.513
G0 X28.073 Y2.036
G0 X28.681 Y1.627
;TYPE:FILL
G1 F3600 E1
G1 F7382 X28.896 Y1.678 E0.00537
G1 X29.799 Y2.075 E0.02399
G1 X30.702 Y2.719 E0.02698
G1 X31.484 Y3.558 E0.02789
G1 F3600 E-1
G0 F12000 X28.416 Y3.959
G0 X27.998 Y4.325
;TYPE:WALL-INNER
G1 F3600 E1
G1 F4060.7 X31.813 Y4.324 E0.09279
G1 X31.963 Y2.934 E0.034
G1 X32.038 Y1.928 E0.02454
G1 X32.085 Y0.974 E0.02323
G1 X32.1 Y-0.081 E0.02566
G1 X32.084 Y-1.007 E0.02253
G1 X32.036 Y-1.983 E0.02377
G1 X31.961 Y-2.96 E0.02383
G1 X31.814 Y-4.325 E0.03339
G1 X28 Y-4.324 E0.09276
G1 X28.161 Y-3.062 E0.03094
G1 X28.255 Y-2.036 E0.02506
G1 X28.307 Y-1.036 E0.02435
G1 X28.328 Y0.00 E0.0252
G1 X28.307 Y1.032 E0.0251
G1 X28.253 Y2.058 E0.02499
G1 X28.158 Y3.087 E0.02513
G1 X27.998 Y4.325 E0.03036
G1 F3600 E-1
G0 F12000 X27.493 Y4.75
;TYPE:WALL-OUTER
G1 F3600 E1
G1 F2400 X32.17 Y4.749 E0.11375
G1 X32.28 Y3.951 E0.01959
G1 X32.386 Y2.973 E0.02393
G1 X32.462 Y1.98 E0.02422
G1 X32.51 Y0.987 E0.02418
G1 X32.525 Y-0.087 E0.02612
G1 X32.509 Y-1.027 E0.02287
G1 X32.46 Y-2.015 E0.02406
G1 X32.384 Y-3.006 E0.02417
G1 X32.282 Y-3.954 E0.02319
G1 X32.17 Y-4.75 E0.01955
G1 X27.491 Y-4.749 E0.1138
G1 X27.609 Y-4.032 E0.01767
G1 X27.737 Y-3.032 E0.02452
G1 X27.83 Y-2.013 E0.02489
G1 X27.882 Y-1.005 E0.02455
G1 X27.903 Y0.00 E0.02445
G1 X27.882 Y1.009 E0.02455
G1 X27.83 Y2.019 E0.0246
G1 X27.737 Y3.032 E0.02474
G1 X27.609 Y4.029 E0.02445
G1 X27.493 Y4.75 E0.01776
G0 F12000 X28.293 Y4.75
G0 X28.678 Y3.575
G1 F3600 E-1
;MESH:NONMESH
G0 F600 X28.678 Y3.575 Z24.35
G0 F12000 X27.851 Y4.07
G0 X-27.98 Y3.053
G0 X-28.664 Y1.867
G0 X-28.514 Y1.86
;TIME_ELAPSED:762.068829
;LAYER:185
;note -- min layer time used
;TYPE:FILL
;MESH:bridge.stl
G1 F3600 E1
G1 F7409.3 X-28.896 Y1.708 E0.01
G1 X-29.799 Y1.531 E0.02238
G1 X-30.702 Y1.543 E0.02196
G1 X-31.516 Y1.811 E0.02084
G1 F3600 E-1
G0 F12000 X-28.263 Y3.959
G0 X-27.834 Y4.326
;TYPE:WALL-INNER
G1 F3600 E1
G1 F4069.8 X-28.009 Y3.06 E0.03108
G1 X-28.098 Y2.048 E0.02471
G1 X-28.155 Y1.029 E0.02482
G1 X-28.171 Y-0.011 E0.0253
G1 X-28.154 Y-1.034 E0.02488
G1 X-28.097 Y-2.055 E0.02487
G1 X-28.006 Y-3.089 E0.02525
G1 X-27.835 Y-4.325 E0.03035
G1 X-31.689 Y-4.325 E0.09373
G1 X-31.841 Y-2.911 E0.03459
G1 X-31.914 Y-1.928 E0.02397
G1 X-31.96 Y-.974 E0.02323
G1 X-31.977 Y0.00 E0.02369
G1 X-31.96 Y1.003 E0.0244
G1 X-31.913 Y1.979 E0.02377
G1 X-31.837 Y2.957 E0.02386
G1 X-31.689 Y4.325 E0.03347
G1 X-27.834 Y4.326 E0.09376
G1 F3600 E-1
G0 F12000 X-27.337 Y4.75
;TYPE:WALL-OUTER
G1 F3600 E1
G1 F2400 X-27.452 Y4.029 E0.01776
G1 X-27.586 Y3.022 E0.02471
G1 X-27.674 Y2.01 E0.02471
G1 X-27.73 Y1 E0.0246
G1 X-27.746 Y-0.004 E0.02442
G1 X-27.73 Y-1.01 E0.02447
G1 X-27.674 Y-2.018 E0.02455
G1 X-27.586 Y-3.022 E0.02451
G1 X-27.451 Y-4.036 E0.02488
G1 X-27.337 Y-4.75 E0.01759
G1 X-32.046 Y-4.75 E0.11453
G1 X-32.156 Y-3.951 E0.01962
G1 X-32.263 Y-2.973 E0.02393
G1 X-32.338 Y-1.98 E0.02422
G1 X-32.385 Y-.987 E0.02418
G1 X-32.402 Y0.00 E0.02401
G1 X-32.385 Y1.023 E0.02488
G1 X-32.336 Y2.011 E0.02406
G1 X-32.26 Y3.003 E0.0242
G1 X-32.158 Y3.95 E0.02317
G1 X-32.046 Y4.75 E0.01965
G1 X-27.337 Y4.75 E0.11453
G0 F12000 X-27.452 Y4.029
G0 X-27.461 Y3.96
G0 X-28.677 Y3.746
G1 F3600 E-1
G0 F12000 X-27.619 Y4.513
G0 X27.919 Y2.035
G0 X28.526 Y1.636
;TYPE:FILL
G1 F3600 E1
G1 F7409.3 X28.896 Y1.708 E0.00917
G1 X29.799 Y2.066 E0.02363
G1 X30.702 Y2.663 E0.02633
G1 X31.384 Y3.346 E0.02348
G1 F3600 E-1
G0 F12000 X28.263 Y3.959
G0 X27.835 Y4.325
;TYPE:WALL-INNER
G1 F3600 E1
G1 F4069.8 X31.689 Y4.324 E0.09373
G1 X31.839 Y2.934 E0.034
G1 X31.914 Y1.928 E0.02454
G1 X31.961 Y0.974 E0.02323
G1 X31.976 Y-0.071 E0.02542
G1 X31.96 Y-1.008 E0.02279
G1 X31.912 Y-1.983 E0.02374
G1 X31.837 Y-2.96 E0.02383
G1 X31.69 Y-4.325 E0.03339
G1 X27.836 Y-4.325 E0.09373
G1 X28.009 Y-3.06 E0.03105
G1 X28.098 Y-2.038 E0.02495
G1 X28.155 Y-1.011 E0.02502
G1 X28.172 Y0.00 E0.02459
G1 X28.154 Y1.034 E0.02515
G1 X28.097 Y2.056 E0.0249
G1 X28.006 Y3.089 E0.02522
G1 X27.835 Y4.325 E0.03035
G1 F3600 E-1
G0 F12000 X27.337 Y4.75
;TYPE:WALL-OUTER
G1 F3600 E1
G1 F2400 X32.046 Y4.749 E0.11453
G1 X32.156 Y3.951 E0.01959
G1 X32.262 Y2.973 E0.02393
G1 X32.338 Y1.98 E0.02422
G1 X32.386 Y0.987 E0.02418
G1 X32.401 Y-0.078 E0.0259
G1 X32.385 Y-1.028 E0.02311
G1 X32.336 Y-2.015 E0.02403
G1 X32.26 Y-3.006 E0.02417
G1 X32.158 Y-3.954 E0.02319
G1 X32.046 Y-4.75 E0.01955
G1 X27.338 Y-4.75 E0.11451
G1 X27.452 Y-4.033 E0.01766
G1 X27.586 Y-3.022 E0.0248
G1 X27.674 Y-2.014 E0.02461
G1 X27.73 Y-1.004 E0.0246
G1 X27.747 Y0.00 E0.02442
G1 X27.73 Y1.01 E0.02457
G1 X27.674 Y2.018 E0.02455
G1 X27.586 Y3.022 E0.02451
G1 X27.453 Y4.029 E0.0247
G1 X27.337 Y4.75 E0.01776
G0 F12000 X28.137 Y4.75
G0 X28.525 Y3.575
G1 F3600 E-1
;MESH:NONMESH
G0 F600 X28.525 Y3.575 Z24.48
G0 F12000 X27.697 Y4.07
G0 X-27.827 Y3.053
G0 X-28.506 Y1.932
G0 X-28.357 Y1.925
;TIME_ELAPSED:765.856003
;LAYER:186
;note -- min layer time used
;TYPE:FILL
;MESH:bridge.stl
G1 F3600 E1
G1 F7427.1 X-28.896 Y1.734 E0.01391
G1 X-29.799 Y1.596 E0.02222
G1 X-30.702 Y1.651 E0.022
G1 X-31.387 Y1.91 E0.01781
G1 F3600 E-1
G0 F12000 X-28.11 Y3.959
G0 X-27.682 Y4.325
;TYPE:WALL-INNER
G1 F3600 E1
G1 F4075.7 X-27.853 Y3.062 E0.031
G1 X-27.947 Y2.031 E0.02518
G1 X-27.999 Y1.01 E0.02486
G1 X-28.019 Y-0.014 E0.02491
G1 X-27.998 Y-1.032 E0.02476
G1 X-27.945 Y-2.058 E0.02499
G1 X-27.85 Y-3.086 E0.02511
G1 X-27.686 Y-4.325 E0.0304
G1 X-31.565 Y-4.325 E0.09434
G1 X-31.717 Y-2.911 E0.03459
G1 X-31.79 Y-1.929 E0.02395
G1 X-31.837 Y-.975 E0.02323
G1 X-31.849 Y0.00 E0.02372
G1 X-31.837 Y0.975 E0.02372
G1 X-31.788 Y1.98 E0.02447
G1 X-31.713 Y2.957 E0.02383
G1 X-31.565 Y4.325 E0.03347
G1 X-27.682 Y4.325 E0.09444
G1 F3600 E-1
G0 F12000 X-27.182 Y4.75
;TYPE:WALL-OUTER
G1 F3600 E1
G1 F2400 X-27.292 Y4.073 E0.01668
G1 X-27.429 Y3.023 E0.02575
G1 X-27.522 Y2.009 E0.02477
G1 X-27.574 Y1.002 E0.02452
G1 X-27.594 Y-0.006 E0.02452
G1 X-27.574 Y-1.01 E0.02442
G1 X-27.521 Y-2.019 E0.02457
G1 X-27.429 Y-3.032 E0.02474
G1 X-27.295 Y-4.082 E0.02574
G1 X-27.184 Y-4.75 E0.01647
G1 X-31.922 Y-4.75 E0.11524
G1 X-32.032 Y-3.951 E0.01962
G1 X-32.139 Y-2.973 E0.02393
G1 X-32.214 Y-1.98 E0.02422
G1 X-32.262 Y-.988 E0.02416
G1 X-32.274 Y0.00 E0.02403
G1 X-32.262 Y0.988 E0.02403
G1 X-32.212 Y2.012 E0.02493
G1 X-32.136 Y3.003 E0.02417
G1 X-32.034 Y3.95 E0.02317
G1 X-31.922 Y4.75 E0.01965
G1 X-27.182 Y4.75 E0.11528
G0 F12000 X-27.292 Y4.073
G0 X-27.306 Y3.96
G0 X-28.524 Y3.746
G1 F3600 E-1
G0 F12000 X-27.464 Y4.513
G0 X27.765 Y2.035
G0 X28.372 Y1.654
;TYPE:FILL
G1 F3600 E1
G1 F7427.1 X28.896 Y1.734 E0.01289
G1 X29.799 Y2.054 E0.0233
G1 X30.702 Y2.605 E0.02573
G1 X31.283 Y3.15 E0.01937
G1 F3600 E-1
G0 F12000 X28.11 Y3.959
G0 X27.686 Y4.325
;TYPE:WALL-INNER
G1 F3600 E1
G1 F4075.7 X31.565 Y4.324 E0.09434
G1 X31.715 Y2.934 E0.034
G1 X31.79 Y1.929 E0.02451
G1 X31.837 Y0.975 E0.02323
G1 X31.849 Y-0.074 E0.02551
G1 X31.837 Y-.979 E0.02201
G1 X31.788 Y-1.984 E0.02447
G1 X31.713 Y-2.96 E0.02381
G1 X31.566 Y-4.325 E0.03339
G1 X27.682 Y-4.325 E0.09446
G1 X27.853 Y-3.062 E0.031
G1 X27.946 Y-2.035 E0.02508
G1 X27.998 Y-1.033 E0.0244
G1 X28.02 Y0.009 E0.02535
G1 X27.999 Y1.032 E0.02489
G1 X27.945 Y2.058 E0.02499
G1 X27.85 Y3.086 E0.02511
G1 X27.686 Y4.325 E0.0304
G1 F3600 E-1
G0 F12000 X27.184 Y4.75
;TYPE:WALL-OUTER
G1 F3600 E1
G1 F2400 X31.922 Y4.749 E0.11524
G1 X32.032 Y3.951 E0.01959
G1 X32.138 Y2.973 E0.02393
G1 X32.214 Y1.98 E0.02422
G1 X32.262 Y0.988 E0.02416
G1 X32.274 Y-0.08 E0.02598
G1 X32.262 Y-.992 E0.02218
G1 X32.212 Y-2.016 E0.02493
G1 X32.136 Y-3.006 E0.02415
G1 X32.034 Y-3.954 E0.02319
G1 X31.922 Y-4.75 E0.01955
G1 X27.182 Y-4.75 E0.11528
G1 X27.292 Y-4.073 E0.01668
G1 X27.429 Y-3.023 E0.02575
G1 X27.522 Y-2.013 E0.02467
G1 X27.574 Y-1.006 E0.02452
G1 X27.595 Y0.003 E0.02455
G1 X27.574 Y1.01 E0.0245
G1 X27.521 Y2.019 E0.02457
G1 X27.429 Y3.032 E0.02474
G1 X27.295 Y4.082 E0.02574
G1 X27.184 Y4.75 E0.01647
G0 F12000 X27.984 Y4.75
G0 X28.372 Y3.575
G1 F3600 E-1
;MESH:NONMESH
G0 F600 X28.372 Y3.575 Z24.61
G0 F12000 X27.544 Y4.071
G0 X-27.673 Y3.053
G0 X-28.35 Y1.98
G0 X-28.199 Y1.973
;TIME_ELAPSED:769.641740
;LAYER:187
;note -- min layer time used
;TYPE:FILL
;MESH:bridge.stl
G1 F3600 E1
G1 F7435.2 X-28.896 Y1.755 E0.01776
G1 X-29.799 Y1.655 E0.0221
G1 X-30.702 Y1.752 E0.02209
G1 X-31.257 Y1.988 E0.01467
G1 F3600 E-1
G0 F12000 X-27.953 Y3.96
G0 X-27.531 Y4.325
;TYPE:WALL-INNER
G1 F3600 E1
G1 F4078.4 X-27.705 Y3.027 E0.03185
G1 X-27.79 Y2.034 E0.02424
G1 X-27.847 Y1.01 E0.02494
G1 X-27.867 Y-0.014 E0.02491
G1 X-27.846 Y-1.034 E0.02481
G1 X-27.789 Y-2.055 E0.02487
G1 X-27.698 Y-3.088 E0.02522
G1 X-27.536 Y-4.325 E0.03034
G1 X-31.441 Y-4.325 E0.09498
G1 X-31.593 Y-2.911 E0.03459
G1 X-31.666 Y-1.955 E0.02332
G1 X-31.709 Y-.975 E0.02386
G1 X-31.725 Y0.00 E0.02372
G1 X-31.709 Y1.001 E0.02435
G1 X-31.664 Y1.985 E0.02396
G1 X-31.589 Y2.957 E0.02371
G1 X-31.441 Y4.325 E0.03347
G1 X-27.531 Y4.325 E0.0951
G1 F3600 E-1
G0 F12000 X-27.021 Y4.75
;TYPE:WALL-OUTER
G1 F3600 E1
G1 F2400 X-27.136 Y4.074 E0.01668
G1 X-27.282 Y2.99 E0.0266
G1 X-27.366 Y2.011 E0.0239
G1 X-27.422 Y1.001 E0.0246
G1 X-27.442 Y-0.005 E0.02447
G1 X-27.422 Y-1.011 E0.02447
G1 X-27.366 Y-2.018 E0.02453
G1 X-27.278 Y-3.022 E0.02451
G1 X-27.139 Y-4.084 E0.02605
G1 X-27.022 Y-4.75 E0.01645
G1 X-31.798 Y-4.75 E0.11616
G1 X-31.908 Y-3.951 E0.01962
G1 X-32.015 Y-2.973 E0.02393
G1 X-32.09 Y-1.981 E0.0242
G1 X-32.134 Y-.988 E0.02417
G1 X-32.15 Y0.00 E0.02403
G1 X-32.133 Y1.02 E0.02481
G1 X-32.09 Y1.981 E0.0234
G1 X-32.012 Y3.003 E0.02493
G1 X-31.91 Y3.95 E0.02317
G1 X-31.798 Y4.75 E0.01965
G1 X-27.021 Y4.75 E0.11618
G0 F12000 X-27.136 Y4.074
G0 X-27.151 Y3.962
G0 X-28.216 Y3.575
G1 F3600 E-1
G0 F12000 X-27.387 Y4.073
G0 X27.612 Y2.035
G0 X28.216 Y1.68
;TYPE:FILL
G1 F3600 E1
G1 F7435.2 X28.896 Y1.755 E0.01664
G1 X29.799 Y2.038 E0.02302
G1 X30.702 Y2.545 E0.02519
G1 X31.18 Y2.965 E0.01548
G1 F3600 E-1
G0 F12000 X27.952 Y3.96
G0 X27.537 Y4.325
;TYPE:WALL-INNER
G1 F3600 E1
G1 F4078.4 X31.441 Y4.324 E0.09495
G1 X31.591 Y2.934 E0.034
G1 X31.666 Y1.955 E0.02388
G1 X31.709 Y0.975 E0.02386
G1 X31.724 Y-0.082 E0.02571
G1 X31.708 Y-1.005 E0.02245
G1 X31.666 Y-1.959 E0.02323
G1 X31.589 Y-2.96 E0.02442
G1 X31.442 Y-4.325 E0.03339
G1 X27.531 Y-4.325 E0.09512
G1 X27.705 Y-3.027 E0.03185
G1 X27.791 Y-2.038 E0.02414
G1 X27.847 Y-1.014 E0.02494
G1 X27.868 Y0.00 E0.02467
G1 X27.847 Y1.034 E0.02515
G1 X27.791 Y2.034 E0.02436
G1 X27.698 Y3.088 E0.02573
G1 X27.537 Y4.325 E0.03034
G1 F3600 E-1
G0 F12000 X27.022 Y4.75
;TYPE:WALL-OUTER
G1 F3600 E1
G1 F2400 X31.798 Y4.749 E0.11616
G1 X31.908 Y3.951 E0.01959
G1 X32.014 Y2.973 E0.02393
G1 X32.09 Y1.981 E0.0242
G1 X32.134 Y0.988 E0.02417
G1 X32.149 Y-0.089 E0.0262
G1 X32.133 Y-1.024 E0.02274
G1 X32.09 Y-1.985 E0.0234
G1 X32.012 Y-3.006 E0.0249
G1 X31.91 Y-3.954 E0.02319
G1 X31.798 Y-4.75 E0.01955
G1 X27.021 Y-4.75 E0.11618
G1 X27.136 Y-4.074 E0.01668
G1 X27.282 Y-2.99 E0.0266
G1 X27.366 Y-2.015 E0.0238
G1 X27.422 Y-1.005 E0.0246
G1 X27.443 Y0.00 E0.02445
G1 X27.422 Y1.011 E0.02459
G1 X27.366 Y2.018 E0.02453
G1 X27.278 Y3.022 E0.02451
G1 X27.139 Y4.084 E0.02605
G1 X27.022 Y4.75 E0.01645
G0 F12000 X27.822 Y4.75
G0 X28.215 Y3.575
G1 F3600 E-1
;MESH:NONMESH
G0 F600 X28.215 Y3.575 Z24.74
G0 F12000 X27.386 Y4.073
G0 X-27.524 Y3.021
G0 X-28.195 Y2.011
G0 X-28.044 Y2.004
;TIME_ELAPSED:773.418769
;LAYER:188
;note -- min layer time used
;TYPE:FILL
;MESH:bridge.stl
G1 F3600 E1
G1 F7489.2 X-28.896 Y1.773 E0.02147
G1 X-29.799 Y1.71 E0.02202
G1 X-30.702 Y1.847 E0.02221
G1 X-31.128 Y2.046 E0.01144
G1 F3600 E-1
G0 F12000 X-27.792 Y3.96
G0 X-27.364 Y4.325
;TYPE:WALL-INNER
G1 F3600 E1
G1 F4096.4 X-27.549 Y3.007 E0.03237
G1 X-27.633 Y2.099 E0.02218
G1 X-27.695 Y1.006 E0.02663
G1 X-27.711 Y-0.051 E0.02571
G1 X-27.69 Y-1.033 E0.02389
G1 X-27.637 Y-2.028 E0.02423
G1 X-27.542 Y-3.03 E0.02448
G1 X-27.377 Y-4.325 E0.03175
G1 X-31.321 Y-4.325 E0.09592
G1 X-31.469 Y-2.913 E0.03453
G1 X-31.541 Y-1.955 E0.02337
G1 X-31.585 Y-.975 E0.02386
G1 X-31.601 Y0.002 E0.02377
G1 X-31.584 Y1.001 E0.0243
G1 X-31.54 Y1.985 E0.02396
G1 X-31.467 Y2.933 E0.02313
G1 X-31.315 Y4.325 E0.03406
G1 X-27.364 Y4.325 E0.09609
G1 F3600 E-1
G0 F12000 X-26.861 Y4.75
;TYPE:WALL-OUTER
G1 F3600 E1
G1 F2400 X-26.976 Y4.074 E0.01668
G1 X-27.125 Y2.967 E0.02717
G1 X-27.21 Y2.051 E0.02237
G1 X-27.27 Y0.98 E0.02609
G1 X-27.286 Y-0.042 E0.02486
G1 X-27.266 Y-1.01 E0.02355
G1 X-27.213 Y-1.988 E0.02382
G1 X-27.12 Y-2.976 E0.02414
G1 X-26.979 Y-4.084 E0.02717
G1 X-26.862 Y-4.75 E0.01645
G1 X-31.671 Y-4.75 E0.11696
G1 X-31.793 Y-3.896 E0.02098
G1 X-31.892 Y-2.945 E0.02325
G1 X-31.966 Y-1.981 E0.02351
G1 X-32.01 Y-.988 E0.02417
G1 X-32.026 Y0.001 E0.02406
G1 X-32.009 Y1.02 E0.02479
G1 X-31.966 Y1.981 E0.0234
G1 X-31.891 Y2.972 E0.02417
G1 X-31.79 Y3.898 E0.02266
G1 X-31.67 Y4.75 E0.02093
G1 X-26.861 Y4.75 E0.11696
G0 F12000 X-26.976 Y4.074
G0 X-26.991 Y3.962
G0 X-28.208 Y3.748
G1 F3600 E-1
G0 F12000 X-27.145 Y4.513
G0 X27.459 Y2.002
G0 X28.059 Y1.715
;TYPE:FILL
G1 F3600 E1
G1 F7489.2 X28.896 Y1.773 E0.02041
G1 X29.799 Y2.018 E0.02276
G1 X30.702 Y2.483 E0.0247
G1 X31.071 Y2.788 E0.01164
G1 F3600 E-1
G0 F12000 X27.792 Y3.96
G0 X27.378 Y4.325
;TYPE:WALL-INNER
G1 F3600 E1
G1 F4096.4 X31.321 Y4.325 E0.0959
G1 X31.467 Y2.934 E0.03402
G1 X31.542 Y1.955 E0.02388
G1 X31.585 Y0.975 E0.02386
G1 X31.6 Y-0.034 E0.02454
G1 X31.584 Y-1.005 E0.02362
G1 X31.54 Y-1.989 E0.02396
G1 X31.467 Y-2.937 E0.02313
G1 X31.315 Y-4.325 E0.03396
G1 X27.364 Y-4.325 E0.09609
G1 X27.549 Y-3.007 E0.03237
G1 X27.634 Y-2.092 E0.02235
G1 X27.695 Y-1.01 E0.02636
G1 X27.712 Y0.051 E0.02581
G1 X27.691 Y1.033 E0.02389
G1 X27.636 Y2.028 E0.02424
G1 X27.542 Y3.03 E0.02448
G1 X27.378 Y4.325 E0.03175
G1 F3600 E-1
G0 F12000 X26.862 Y4.75
;TYPE:WALL-OUTER
G1 F3600 E1
G1 F2400 X31.671 Y4.75 E0.11696
G1 X31.793 Y3.896 E0.02098
G1 X31.892 Y2.945 E0.02325
G1 X31.966 Y1.981 E0.02351
G1 X32.01 Y0.988 E0.02417
G1 X32.025 Y-0.041 E0.02503
G1 X32.009 Y-1.024 E0.02391
G1 X31.966 Y-1.985 E0.0234
G1 X31.891 Y-2.976 E0.02417
G1 X31.786 Y-3.925 E0.02322
G1 X31.67 Y-4.75 E0.02026
G1 X26.861 Y-4.75 E0.11696
G1 X26.976 Y-4.074 E0.01668
G1 X27.125 Y-2.968 E0.02714
G1 X27.21 Y-2.055 E0.0223
G1 X27.27 Y-.984 E0.02609
G1 X27.287 Y0.042 E0.02496
G1 X27.266 Y1.01 E0.02355
G1 X27.213 Y1.988 E0.02382
G1 X27.12 Y2.976 E0.02414
G1 X26.979 Y4.084 E0.02717
G1 X26.862 Y4.75 E0.01645
G0 F12000 X27.662 Y4.75
G0 X28.055 Y3.575
G1 F3600 E-1
;MESH:NONMESH
G0 F600 X28.055 Y3.575 Z24.87
G0 F12000 X27.226 Y4.073
G0 X-27.36 Y3.056
G0 X-28.036 Y2.056
G0 X-27.879 Y2.048
;TIME_ELAPSED:777.200585
;LAYER:189
;note -- min layer time used
;TYPE:FILL
;MESH:bridge.stl
G1 F3600 E1
G1 F7563.9 X-27.993 Y1.995 E0.00306
G1 X-28.896 Y1.787 E0.02254
G1 X-29.799 Y1.761 E0.02197
G1 X-30.702 Y1.938 E0.02238
G1 X-31.003 Y2.091 E0.00821
G1 F3600 E-1
G0 F12000 X-27.631 Y3.96
G0 X-27.202 Y4.325
;TYPE:WALL-INNER
G1 F3600 E1
G1 F4121.3 X-27.381 Y3.062 E0.03102
G1 X-27.474 Y2.037 E0.02503
G1 X-27.535 Y1.029 E0.02456
G1 X-27.551 Y-0.011 E0.0253
G1 X-27.534 Y-1.037 E0.02496
G1 X-27.473 Y-2.058 E0.02488
G1 X-27.381 Y-3.062 E0.02452
G1 X-27.202 Y-4.325 E0.03102
G1 X-31.19 Y-4.325 E0.09699
G1 X-31.343 Y-2.934 E0.03404
G1 X-31.414 Y-1.933 E0.02441
G1 X-31.46 Y-.974 E0.02335
G1 X-31.477 Y0.00 E0.02369
G1 X-31.46 Y1.004 E0.02442
G1 X-31.409 Y2.068 E0.02591
G1 X-31.34 Y2.961 E0.02178
G1 X-31.185 Y4.325 E0.03339
G1 X-27.202 Y4.325 E0.09687
G1 F3600 E-1
G0 F12000 X-26.7 Y4.75
;TYPE:WALL-OUTER
G1 F3600 E1
G1 F2400 X-26.82 Y4.03 E0.01775
G1 X-26.957 Y3.023 E0.02472
G1 X-27.05 Y2.011 E0.02472
G1 X-27.11 Y1 E0.02463
G1 X-27.126 Y-0.004 E0.02442
G1 X-27.11 Y-1.011 E0.02449
G1 X-27.049 Y-2.019 E0.02456
G1 X-26.956 Y-3.034 E0.02479
G1 X-26.819 Y-4.038 E0.02465
G1 X-26.7 Y-4.75 E0.01756
G1 X-31.543 Y-4.75 E0.11779
G1 X-31.665 Y-3.894 E0.02103
G1 X-31.767 Y-2.973 E0.02254
G1 X-31.838 Y-1.981 E0.02419
G1 X-31.885 Y-.988 E0.02418
G1 X-31.902 Y0.00 E0.02403
G1 X-31.885 Y1.024 E0.02491
G1 X-31.832 Y2.099 E0.02618
G1 X-31.767 Y2.972 E0.02129
G1 X-31.659 Y3.918 E0.02316
G1 X-31.542 Y4.75 E0.02043
G1 X-26.7 Y4.75 E0.11776
G0 F12000 X-26.82 Y4.03
G0 X-26.829 Y3.961
G0 X-28.047 Y3.748
G1 F3600 E-1
G0 F12000 X-26.984 Y4.513
G0 X27.2 Y3.056
G0 X27.895 Y1.78
;TYPE:FILL
G1 F3600 E1
G1 F7563.9 X27.993 Y1.761 E0.00243
G1 X28.896 Y1.787 E0.02197
G1 X29.799 Y1.995 E0.02254
G1 X30.702 Y2.419 E0.02426
G1 X30.96 Y2.619 E0.00794
G1 F3600 E-1
G0 F12000 X27.631 Y3.96
G0 X27.202 Y4.325
;TYPE:WALL-INNER
G1 F3600 E1
G1 F4121.3 X31.191 Y4.325 E0.09702
G1 X31.344 Y2.906 E0.03471
G1 X31.414 Y1.933 E0.02373
G1 X31.461 Y0.974 E0.02335
G1 X31.476 Y-0.073 E0.02547
G1 X31.46 Y-1.008 E0.02274
G1 X31.408 Y-2.072 E0.02591
G1 X31.344 Y-2.936 E0.02107
G1 X31.185 Y-4.325 E0.034
G1 X27.202 Y-4.325 E0.09687
G1 X27.381 Y-3.062 E0.03102
G1 X27.473 Y-2.062 E0.02442
G1 X27.535 Y-1.033 E0.02507
G1 X27.552 Y0.00 E0.02513
G1 X27.534 Y1.037 E0.02523
G1 X27.473 Y2.058 E0.02488
G1 X27.381 Y3.062 E0.02452
G1 X27.202 Y4.325 E0.03102
G1 F3600 E-1
G0 F12000 X26.7 Y4.75
;TYPE:WALL-OUTER
G1 F3600 E1
G1 F2400 X31.543 Y4.75 E0.11779
G1 X31.665 Y3.894 E0.02103
G1 X31.766 Y2.973 E0.02253
G1 X31.838 Y1.981 E0.02419
G1 X31.886 Y0.988 E0.02418
G1 X31.901 Y-0.08 E0.02598
G1 X31.885 Y-1.028 E0.02306
G1 X31.832 Y-2.103 E0.02618
G1 X31.767 Y-2.976 E0.02129
G1 X31.659 Y-3.918 E0.02306
G1 X31.542 Y-4.75 E0.02043
G1 X26.7 Y-4.75 E0.11776
G1 X26.82 Y-4.03 E0.01775
G1 X26.957 Y-3.023 E0.02472
G1 X27.05 Y-2.015 E0.02462
G1 X27.11 Y-1.004 E0.02463
G1 X27.127 Y0.00 E0.02442
G1 X27.11 Y1.011 E0.02459
G1 X27.049 Y2.019 E0.02456
G1 X26.956 Y3.034 E0.02479
G1 X26.819 Y4.038 E0.02465
G1 X26.7 Y4.75 E0.01756
G0 F12000 X27.5 Y4.75
G0 X27.894 Y3.575
G1 F3600 E-1
;MESH:NONMESH
G0 F600 X27.894 Y3.575 Z25
G0 F12000 X27.065 Y4.073
G0 X-27.2 Y3.056
G0 X-27.873 Y2.1
G0 X-27.716 Y2.086
;TIME_ELAPSED:781.000185
;LAYER:190
;note -- min layer time used
;TYPE:FILL
;MESH:bridge.stl
G1 F3600 E1
G1 F7583.2 X-27.993 Y1.968 E0.00732
G1 X-28.896 Y1.797 E0.02235
G1 X-29.799 Y1.808 E0.02196
G1 X-30.702 Y2.023 E0.02258
G1 X-30.879 Y2.12 E0.00491
G1 F3600 E-1
G0 F12000 X-30.878 Y2.121
G0 X-27.471 Y3.96
G0 X-27.044 Y4.325
;TYPE:WALL-INNER
G1 F3600 E1
G1 F4127.7 X-27.229 Y3.004 E0.03244
G1 X-27.314 Y2.034 E0.02368
G1 X-27.371 Y1.01 E0.02494
G1 X-27.391 Y-0.014 E0.02491
G1 X-27.37 Y-1.034 E0.02481
G1 X-27.313 Y-2.059 E0.02497
G1 X-27.222 Y-3.032 E0.02377
G1 X-27.051 Y-4.325 E0.03172
G1 X-31.063 Y-4.325 E0.09758
G1 X-31.213 Y-2.915 E0.03449
G1 X-31.29 Y-1.952 E0.0235
G1 X-31.337 Y-.974 E0.02381
G1 X-31.353 Y0.027 E0.02435
G1 X-31.337 Y1.002 E0.02372
G1 X-31.292 Y1.953 E0.02316
G1 X-31.221 Y2.854 E0.02198
G1 X-31.058 Y4.325 E0.036
G1 X-27.044 Y4.325 E0.09763
G1 F3600 E-1
G0 F12000 X-26.541 Y4.75
;TYPE:WALL-OUTER
G1 F3600 E1
G1 F2400 X-26.656 Y4.074 E0.01668
G1 X-26.806 Y2.967 E0.02717
G1 X-26.89 Y2.01 E0.02337
G1 X-26.946 Y1.001 E0.02458
G1 X-26.966 Y-0.005 E0.02447
G1 X-26.946 Y-1.01 E0.02445
G1 X-26.889 Y-2.02 E0.0246
G1 X-26.8 Y-2.977 E0.02338
G1 X-26.655 Y-4.082 E0.02711
G1 X-26.541 Y-4.75 E0.01648
G1 X-31.412 Y-4.75 E0.11847
G1 X-31.537 Y-3.89 E0.02114
G1 X-31.635 Y-2.972 E0.02245
G1 X-31.714 Y-1.98 E0.0242
G1 X-31.762 Y-.988 E0.02416
G1 X-31.778 Y0.027 E0.02469
G1 X-31.761 Y1.021 E0.02418
G1 X-31.718 Y1.948 E0.02257
G1 X-31.647 Y2.868 E0.02244
G1 X-31.53 Y3.922 E0.02579
G1 X-31.411 Y4.75 E0.02035
G1 X-26.541 Y4.75 E0.11845
G0 F12000 X-26.656 Y4.074
G0 X-26.671 Y3.962
G0 X-27.887 Y3.748
G1 F3600 E-1
G0 F12000 X-26.824 Y4.513
G0 X27.039 Y3.055
G0 X27.729 Y1.871
;TYPE:FILL
G1 F3600 E1
G1 F7583.2 X27.993 Y1.808 E0.0066
G1 X28.896 Y1.797 E0.02196
G1 X29.799 Y1.968 E0.02235
G1 X30.702 Y2.352 E0.02387
G1 X30.843 Y2.455 E0.00425
G1 F3600 E-1
G0 F12000 X27.471 Y3.96
G0 X27.051 Y4.325
;TYPE:WALL-INNER
G1 F3600 E1
G1 F4127.7 X31.063 Y4.325 E0.09758
G1 X31.213 Y2.915 E0.03449
G1 X31.29 Y1.952 E0.0235
G1 X31.337 Y0.974 E0.02381
G1 X31.352 Y-0.085 E0.02576
G1 X31.336 Y-1.006 E0.0224
G1 X31.292 Y-1.957 E0.02315
G1 X31.221 Y-2.858 E0.02198
G1 X31.057 Y-4.325 E0.0359
G1 X27.044 Y-4.325 E0.0976
G1 X27.226 Y-3.035 E0.03169
G1 X27.314 Y-2.038 E0.02434
G1 X27.371 Y-1.014 E0.02494
G1 X27.392 Y-0.007 E0.0245
G1 X27.371 Y1.034 E0.02532
G1 X27.315 Y2.034 E0.02436
G1 X27.222 Y3.032 E0.02438
G1 X27.051 Y4.325 E0.03172
G1 F3600 E-1
G0 F12000 X26.541 Y4.75
;TYPE:WALL-OUTER
G1 F3600 E1
G1 F2400 X31.412 Y4.75 E0.11847
G1 X31.537 Y3.89 E0.02114
G1 X31.635 Y2.972 E0.02245
G1 X31.714 Y1.98 E0.0242
G1 X31.762 Y0.988 E0.02416
G1 X31.777 Y-0.091 E0.02625
G1 X31.761 Y-1.025 E0.02272
G1 X31.718 Y-1.952 E0.02257
G1 X31.647 Y-2.872 E0.02244
G1 X31.53 Y-3.922 E0.0257
G1 X31.411 Y-4.75 E0.02035
G1 X26.541 Y-4.75 E0.11845
G1 X26.656 Y-4.074 E0.01668
G1 X26.806 Y-2.967 E0.02717
G1 X26.89 Y-2.014 E0.02327
G1 X26.946 Y-1.005 E0.02458
G1 X26.967 Y-0.003 E0.02438
G1 X26.946 Y1.01 E0.02464
G1 X26.889 Y2.02 E0.0246
G1 X26.8 Y2.977 E0.02338
G1 X26.655 Y4.082 E0.02711
G1 X26.541 Y4.75 E0.01648
G0 F12000 X27.341 Y4.75
G0 X27.734 Y3.575
G1 F3600 E-1
;MESH:NONMESH
G0 F600 X27.734 Y3.575 Z25.13
G0 F12000 X26.905 Y4.072
G0 X-27.039 Y3.055
G0 X-27.71 Y2.119
G0 X-27.554 Y2.105
;TIME_ELAPSED:784.798513
;LAYER:191
;note -- min layer time used
;TYPE:FILL
;MESH:bridge.stl
G1 F3600 E1
G1 F7581.6 X-27.993 Y1.937 E0.01143
G1 X-28.896 Y1.803 E0.0222
G1 X-29.799 Y1.851 E0.02199
G1 X-30.702 Y2.105 E0.02281
G1 X-30.741 Y2.128 E0.0011
G1 F3600 E-1
G0 F12000 X-27.311 Y3.96
G0 X-26.892 Y4.325
;TYPE:WALL-INNER
G1 F3600 E1
G1 F4127.2 X-27.065 Y3.007 E0.03233
G1 X-27.154 Y2.034 E0.02376
G1 X-27.211 Y1.01 E0.02494
G1 X-27.231 Y-0.049 E0.02576
G1 X-27.21 Y-1.034 E0.02396
G1 X-27.153 Y-2.059 E0.02497
G1 X-27.062 Y-3.032 E0.02377
G1 X-26.891 Y-4.325 E0.03172
G1 X-30.93 Y-4.325 E0.09823
G1 X-31.084 Y-2.931 E0.03411
G1 X-31.162 Y-1.953 E0.02386
G1 X-31.201 Y-1.098 E0.02082
G1 X-31.22 Y-0.094 E0.02442
G1 X-31.204 Y1.004 E0.02671
G1 X-31.16 Y1.989 E0.02398
G1 X-31.081 Y2.955 E0.02357
G1 X-30.925 Y4.325 E0.03354
G1 X-26.892 Y4.325 E0.09809
G1 F3600 E-1
G0 F12000 X-26.381 Y4.75
;TYPE:WALL-OUTER
G1 F3600 E1
G1 F2400 X-26.496 Y4.073 E0.0167
G1 X-26.641 Y2.968 E0.02711
G1 X-26.73 Y2.01 E0.0234
G1 X-26.786 Y1.002 E0.02455
G1 X-26.806 Y-0.041 E0.02537
G1 X-26.786 Y-1.01 E0.02357
G1 X-26.729 Y-2.02 E0.0246
G1 X-26.64 Y-2.977 E0.02338
G1 X-26.495 Y-4.082 E0.02711
G1 X-26.381 Y-4.75 E0.01648
G1 X-31.283 Y-4.75 E0.11922
G1 X-31.405 Y-3.894 E0.02103
G1 X-31.507 Y-2.972 E0.02256
G1 X-31.586 Y-1.98 E0.0242
G1 X-31.626 Y-1.111 E0.02116
G1 X-31.645 Y-0.095 E0.02471
G1 X-31.629 Y1.023 E0.02719
G1 X-31.589 Y1.937 E0.02225
G1 X-31.507 Y2.971 E0.02523
G1 X-31.399 Y3.918 E0.02318
G1 X-31.282 Y4.75 E0.02043
G1 X-26.381 Y4.75 E0.1192
G0 F12000 X-26.496 Y4.073
G0 X-26.51 Y3.961
G0 X-27.574 Y3.575
G1 F3600 E-1
G0 F12000 X-26.745 Y4.072
G0 X26.878 Y3.055
G0 X27.564 Y1.972
;TYPE:FILL
G1 F3600 E1
G1 F7581.6 X27.993 Y1.851 E0.01084
G1 X28.896 Y1.803 E0.02199
G1 X29.799 Y1.937 E0.0222
G1 X30.702 Y2.283 E0.02352
G1 X30.728 Y2.3 E0.00076
G1 F3600 E-1
G0 F12000 X27.311 Y3.96
G0 X26.891 Y4.325
;TYPE:WALL-INNER
G1 F3600 E1
G1 F4127.2 X30.931 Y4.325 E0.09826
G1 X31.085 Y2.909 E0.03464
G1 X31.162 Y1.953 E0.02333
G1 X31.201 Y1.098 E0.02082
G1 X31.221 Y0.061 E0.02523
G1 X31.204 Y-1.008 E0.026
G1 X31.16 Y-1.993 E0.02398
G1 X31.081 Y-2.96 E0.0236
G1 X30.925 Y-4.325 E0.03341
G1 X26.892 Y-4.325 E0.09809
G1 X27.065 Y-3.007 E0.03233
G1 X27.154 Y-2.038 E0.02367
G1 X27.211 Y-1.014 E0.02494
G1 X27.231 Y0.049 E0.02586
G1 X27.21 Y1.034 E0.02396
G1 X27.152 Y2.059 E0.02497
G1 X27.062 Y3.032 E0.02377
G1 X26.891 Y4.325 E0.03172
G1 F3600 E-1
G0 F12000 X26.381 Y4.75
;TYPE:WALL-OUTER
G1 F3600 E1
G1 F2400 X31.283 Y4.75 E0.11922
G1 X31.405 Y3.894 E0.02103
G1 X31.507 Y2.972 E0.02256
G1 X31.586 Y1.98 E0.0242
G1 X31.626 Y1.111 E0.02116
G1 X31.646 Y0.055 E0.02569
G1 X31.629 Y-1.027 E0.02632
G1 X31.589 Y-1.941 E0.02225
G1 X31.507 Y-2.975 E0.02523
G1 X31.399 Y-3.918 E0.02309
G1 X31.282 Y-4.75 E0.02043
G1 X26.381 Y-4.75 E0.1192
G1 X26.496 Y-4.073 E0.0167
G1 X26.641 Y-2.968 E0.02711
G1 X26.73 Y-2.014 E0.0233
G1 X26.786 Y-1.005 E0.02458
G1 X26.806 Y0.041 E0.02544
G1 X26.786 Y1.01 E0.02357
G1 X26.729 Y2.02 E0.0246
G1 X26.64 Y2.977 E0.02338
G1 X26.495 Y4.082 E0.02711
G1 X26.381 Y4.75 E0.01648
G0 F12000 X27.181 Y4.75
G0 X27.574 Y3.575
G1 F3600 E-1
;MESH:NONMESH
G0 F600 X27.574 Y3.575 Z25.26
G0 F12000 X26.745 Y4.072
G0 X-26.878 Y3.055
G0 X-27.55 Y2.12
G0 X-27.395 Y2.106
;TIME_ELAPSED:788.589464
;LAYER:192
;note -- min layer time used
;TYPE:FILL
;MESH:bridge.stl
G1 F3600 E1
G1 F7641.2 X-27.993 Y1.903 E0.01536
G1 X-28.896 Y1.805 E0.02209
G1 X-29.799 Y1.89 E0.02206
G1 X-30.614 Y2.154 E0.02084
G1 F3600 E-1
G0 F12000 X-27.15 Y3.96
G0 X-26.72 Y4.325
;TYPE:WALL-INNER
G1 F3600 E1
G1 F4147.1 X-26.905 Y3.007 E0.03237
G1 X-26.994 Y2.034 E0.02376
G1 X-27.051 Y1.029 E0.02448
G1 X-27.071 Y-0.014 E0.02537
G1 X-27.05 Y-1.034 E0.02481
G1 X-26.993 Y-2.059 E0.02497
G1 X-26.902 Y-3.032 E0.02377
G1 X-26.732 Y-4.325 E0.03172
G1 X-30.805 Y-4.325 E0.09906
G1 X-30.953 Y-2.915 E0.03448
G1 X-31.031 Y-1.921 E0.02425
G1 X-31.077 Y-.974 E0.02306
G1 X-31.093 Y0.00 E0.02369
G1 X-31.076 Y1.005 E0.02445
G1 X-31.028 Y1.983 E0.02382
G1 X-30.952 Y2.931 E0.02313
G1 X-30.798 Y4.325 E0.03411
G1 X-26.72 Y4.325 E0.09918
G1 F3600 E-1
G0 F12000 X-26.217 Y4.75
;TYPE:WALL-OUTER
G1 F3600 E1
G1 F2400 X-26.332 Y4.074 E0.01668
G1 X-26.481 Y2.968 E0.02714
G1 X-26.57 Y2.01 E0.0234
G1 X-26.626 Y1.002 E0.02455
G1 X-26.646 Y-0.006 E0.02452
G1 X-26.626 Y-1.01 E0.02442
G1 X-26.569 Y-2.02 E0.0246
G1 X-26.48 Y-2.977 E0.02338
G1 X-26.335 Y-4.084 E0.02715
G1 X-26.218 Y-4.75 E0.01645
G1 X-31.155 Y-4.75 E0.12008
G1 X-31.277 Y-3.892 E0.02108
G1 X-31.375 Y-2.972 E0.0225
G1 X-31.456 Y-1.941 E0.02515
G1 X-31.502 Y-.988 E0.02321
G1 X-31.518 Y0.00 E0.02403
G1 X-31.502 Y0.988 E0.02403
G1 X-31.457 Y1.941 E0.0232
G1 X-31.372 Y2.999 E0.02582
G1 X-31.274 Y3.893 E0.02187
G1 X-31.154 Y4.75 E0.02105
G1 X-26.217 Y4.75 E0.12008
G0 F12000 X-26.332 Y4.074
G0 X-26.347 Y3.962
G0 X-27.566 Y3.748
G1 F3600 E-1
G0 F12000 X-26.502 Y4.513
G0 X26.718 Y3.055
G0 X27.397 Y2.083
;TYPE:FILL
G1 F3600 E1
G1 F7641.2 X27.993 Y1.89 E0.01524
G1 X28.896 Y1.805 E0.02206
G1 X29.799 Y1.903 E0.02209
G1 X30.606 Y2.177 E0.02073
G1 F3600 E-1
G0 F12000 X27.15 Y3.96
G0 X26.732 Y4.325
;TYPE:WALL-INNER
G1 F3600 E1
G1 F4147.1 X30.805 Y4.325 E0.09906
G1 X30.953 Y2.915 E0.03448
G1 X31.03 Y1.952 E0.0235
G1 X31.077 Y0.974 E0.02381
G1 X31.092 Y-0.085 E0.02576
G1 X31.077 Y-.978 E0.02172
G1 X31.028 Y-1.987 E0.02457
G1 X30.952 Y-2.935 E0.02313
G1 X30.798 Y-4.325 E0.03401
G1 X26.72 Y-4.325 E0.09918
G1 X26.905 Y-3.007 E0.03237
G1 X26.995 Y-2.038 E0.02367
G1 X27.051 Y-1.033 E0.02448
G1 X27.072 Y0.00 E0.02513
G1 X27.051 Y1.034 E0.02515
G1 X26.993 Y2.059 E0.02497
G1 X26.902 Y3.032 E0.02377
G1 X26.732 Y4.325 E0.03172
G1 F3600 E-1
G0 F12000 X26.218 Y4.75
;TYPE:WALL-OUTER
G1 F3600 E1
G1 F2400 X31.155 Y4.75 E0.12008
G1 X31.277 Y3.892 E0.02108
G1 X31.375 Y2.972 E0.0225
G1 X31.454 Y1.98 E0.0242
G1 X31.502 Y0.987 E0.02418
G1 X31.517 Y-0.092 E0.02625
G1 X31.502 Y-.991 E0.02187
G1 X31.457 Y-1.945 E0.02323
G1 X31.372 Y-3.004 E0.02584
G1 X31.27 Y-3.921 E0.02244
G1 X31.154 Y-4.75 E0.02036
G1 X26.217 Y-4.75 E0.12008
G1 X26.332 Y-4.074 E0.01668
G1 X26.481 Y-2.968 E0.02714
G1 X26.57 Y-2.014 E0.0233
G1 X26.626 Y-1.006 E0.02455
G1 X26.647 Y0.00 E0.02447
G1 X26.626 Y1.01 E0.02457
G1 X26.569 Y2.02 E0.0246
G1 X26.48 Y2.977 E0.02338
G1 X26.335 Y4.084 E0.02715
G1 X26.218 Y4.75 E0.01645
G0 F12000 X27.018 Y4.75
G0 X27.413 Y3.575
G1 F3600 E-1
;MESH:NONMESH
G0 F600 X27.413 Y3.575 Z25.39
G0 F12000 X26.584 Y4.073
G0 X-26.718 Y3.055
G0 X-27.39 Y2.105
G0 X-27.235 Y2.091
;TIME_ELAPSED:792.388669
;LAYER:193
;note -- min layer time used
;TYPE:FILL
;MESH:bridge.stl
G1 F3600 E1
G1 F7672.8 X-27.993 Y1.865 E0.01924
G1 X-28.896 Y1.804 E0.02201
G1 X-29.799 Y1.925 E0.02216
G1 X-30.485 Y2.176 E0.01777
G1 F3600 E-1
G0 F12000 X-30.484 Y2.177
G0 X-26.989 Y3.96
G0 X-26.569 Y4.325
;TYPE:WALL-INNER
G1 F3600 E1
G1 F4157.6 X-26.737 Y3.065 E0.03092
G1 X-26.834 Y2.034 E0.02519
G1 X-26.891 Y1.029 E0.02448
G1 X-26.911 Y-0.014 E0.02537
G1 X-26.891 Y-1.034 E0.02481
G1 X-26.828 Y-2.107 E0.02614
G1 X-26.734 Y-3.089 E0.02399
G1 X-26.569 Y-4.325 E0.03033
G1 X-30.675 Y-4.325 E0.09986
G1 X-30.825 Y-2.915 E0.03449
G1 X-30.902 Y-1.952 E0.0235
G1 X-30.949 Y-.974 E0.02381
G1 X-30.965 Y0.00 E0.02369
G1 X-30.948 Y1.005 E0.02445
G1 X-30.9 Y1.983 E0.02382
G1 X-30.824 Y2.931 E0.02313
G1 X-30.67 Y4.325 E0.03411
G1 X-26.569 Y4.325 E0.09974
G1 F3600 E-1
G0 F12000 X-26.051 Y4.75
;TYPE:WALL-OUTER
G1 F3600 E1
G1 F2400 X-26.18 Y4.029 E0.01781
G1 X-26.313 Y3.024 E0.02466
G1 X-26.41 Y2.01 E0.02477
G1 X-26.466 Y1.001 E0.02458
G1 X-26.486 Y-0.005 E0.02447
G1 X-26.466 Y-1.01 E0.02445
G1 X-26.409 Y-2.02 E0.0246
G1 X-26.312 Y-3.033 E0.02475
G1 X-26.179 Y-4.04 E0.0247
G1 X-26.054 Y-4.75 E0.01753
G1 X-31.024 Y-4.75 E0.12088
G1 X-31.149 Y-3.89 E0.02114
G1 X-31.247 Y-2.972 E0.02245
G1 X-31.328 Y-1.941 E0.02515
G1 X-31.374 Y-.987 E0.02323
G1 X-31.39 Y0.00 E0.02401
G1 X-31.374 Y0.987 E0.02401
G1 X-31.329 Y1.94 E0.0232
G1 X-31.244 Y2.999 E0.02584
G1 X-31.142 Y3.923 E0.02261
G1 X-31.023 Y4.75 E0.02032
G1 X-26.051 Y4.75 E0.12093
G0 F12000 X-26.18 Y4.029
G0 X-26.188 Y3.962
G0 X-27.405 Y3.748
G1 F3600 E-1
G0 F12000 X-26.337 Y4.513
G0 X26.557 Y3.056
G0 X27.225 Y2.206
;TYPE:FILL
G1 F3600 E1
G1 F7672.8 X27.993 Y1.925 E0.01989
G1 X28.896 Y1.804 E0.02216
G1 X29.799 Y1.865 E0.02201
G1 X30.491 Y2.071 E0.01756
G1 F3600 E-1
G0 F12000 X26.988 Y3.96
G0 X26.57 Y4.325
;TYPE:WALL-INNER
G1 F3600 E1
G1 F4157.6 X30.675 Y4.325 E0.09984
G1 X30.825 Y2.915 E0.03449
G1 X30.902 Y1.952 E0.0235
G1 X30.949 Y0.974 E0.02381
G1 X30.964 Y-0.086 E0.02578
G1 X30.949 Y-.978 E0.0217
G1 X30.9 Y-1.987 E0.02457
G1 X30.824 Y-2.935 E0.02313
G1 X30.67 Y-4.325 E0.03401
G1 X26.57 Y-4.324 E0.09972
G1 X26.737 Y-3.065 E0.03089
G1 X26.835 Y-2.038 E0.02509
G1 X26.891 Y-1.033 E0.02448
G1 X26.912 Y0.00 E0.02513
G1 X26.891 Y1.034 E0.02515
G1 X26.834 Y2.05 E0.02475
G1 X26.734 Y3.089 E0.02539
G1 X26.57 Y4.325 E0.03032
G1 F3600 E-1
G0 F12000 X26.054 Y4.75
;TYPE:WALL-OUTER
G1 F3600 E1
G1 F2400 X31.024 Y4.75 E0.12088
G1 X31.149 Y3.89 E0.02114
G1 X31.247 Y2.972 E0.02245
G1 X31.328 Y1.941 E0.02515
G1 X31.374 Y0.987 E0.02323
G1 X31.389 Y-0.093 E0.02627
G1 X31.374 Y-.992 E0.02187
G1 X31.329 Y-1.944 E0.02318
G1 X31.244 Y-3.004 E0.02586
G1 X31.142 Y-3.922 E0.02246
G1 X31.023 Y-4.75 E0.02035
G1 X26.052 Y-4.749 E0.1209
G1 X26.179 Y-4.045 E0.0174
G1 X26.313 Y-3.024 E0.02505
G1 X26.41 Y-2.014 E0.02468
G1 X26.466 Y-1.005 E0.02458
G1 X26.487 Y0.00 E0.02445
G1 X26.466 Y1.01 E0.02457
G1 X26.409 Y2.02 E0.0246
G1 X26.314 Y3.024 E0.02453
G1 X26.179 Y4.04 E0.02493
G1 X26.054 Y4.75 E0.01753
G0 F12000 X26.854 Y4.75
G0 X27.251 Y3.575
G1 F3600 E-1
;MESH:NONMESH
G0 F600 X27.251 Y3.575 Z25.52
G0 F12000 X26.42 Y4.076
G0 X-26.557 Y3.056
G0 X-27.233 Y2.068
G0 X-27.079 Y2.06
;TIME_ELAPSED:796.188593
;LAYER:194
;note -- min layer time used
;TYPE:FILL
;MESH:bridge.stl
G1 F3600 E1
G1 F7707.1 X-27.993 Y1.824 E0.02296
G1 X-28.896 Y1.799 E0.02197
G1 X-29.799 Y1.957 E0.0223
G1 X-30.354 Y2.184 E0.01458
G1 F3600 E-1
G0 F12000 X-30.353 Y2.185
G0 X-26.819 Y3.96
G0 X-26.401 Y4.325
;TYPE:WALL-INNER
G1 F3600 E1
G1 F4169 X-26.572 Y3.068 E0.03085
G1 X-26.675 Y2.046 E0.02498
G1 X-26.731 Y1.029 E0.02477
G1 X-26.747 Y-0.013 E0.02535
G1 X-26.727 Y-1.089 E0.02617
G1 X-26.672 Y-2.078 E0.02409
G1 X-26.578 Y-3.001 E0.02256
G1 X-26.401 Y-4.325 E0.03249
G1 X-30.542 Y-4.325 E0.10072
G1 X-30.696 Y-2.933 E0.03406
G1 X-30.77 Y-1.927 E0.02453
G1 X-30.817 Y-.974 E0.02321
G1 X-30.833 Y0.00 E0.02369
G1 X-30.817 Y0.974 E0.02369
G1 X-30.768 Y1.981 E0.02452
G1 X-30.693 Y2.959 E0.02386
G1 X-30.537 Y4.325 E0.03344
G1 X-26.401 Y4.325 E0.10059
G1 F3600 E-1
G0 F12000 X-25.886 Y4.75
;TYPE:WALL-OUTER
G1 F3600 E1
G1 F2400 X-26.012 Y4.03 E0.01778
G1 X-26.149 Y3.026 E0.02465
G1 X-26.25 Y2.022 E0.02454
G1 X-26.306 Y1.001 E0.02487
G1 X-26.322 Y-0.005 E0.02447
G1 X-26.302 Y-1.066 E0.02581
G1 X-26.249 Y-2.036 E0.02363
G1 X-26.156 Y-2.945 E0.02222
G1 X-26.011 Y-4.04 E0.02686
G1 X-25.886 Y-4.75 E0.01753
G1 X-30.895 Y-4.75 E0.12183
G1 X-31.017 Y-3.894 E0.02103
G1 X-31.119 Y-2.972 E0.02256
G1 X-31.194 Y-1.98 E0.0242
G1 X-31.242 Y-.987 E0.02418
G1 X-31.258 Y0.00 E0.02401
G1 X-31.242 Y0.987 E0.02401
G1 X-31.192 Y2.013 E0.02498
G1 X-31.119 Y2.972 E0.02339
G1 X-31.011 Y3.918 E0.02316
G1 X-30.894 Y4.75 E0.02043
G1 X-25.886 Y4.75 E0.1218
G0 F12000 X-26.012 Y4.03
G0 X-26.021 Y3.962
G0 X-27.236 Y3.75
G1 F3600 E-1
G0 F12000 X-26.169 Y4.513
G0 X26.402 Y2.968
G0 X27.05 Y2.355
;TYPE:FILL
G1 F3600 E1
G1 F7707.1 X27.09 Y2.327 E0.00119
G1 X27.993 Y1.957 E0.02373
G1 X28.896 Y1.799 E0.0223
G1 X29.799 Y1.824 E0.02197
G1 X30.363 Y1.968 E0.01416
G1 F3600 E-1
G0 F12000 X26.82 Y3.96
G0 X26.402 Y4.325
;TYPE:WALL-INNER
G1 F3600 E1
G1 F4169 X30.543 Y4.325 E0.10072
G1 X30.695 Y2.933 E0.03406
G1 X30.769 Y1.954 E0.02388
G1 X30.817 Y0.974 E0.02386
G1 X30.832 Y-0.075 E0.02552
G1 X30.817 Y-.978 E0.02197
G1 X30.768 Y-1.985 E0.02452
G1 X30.693 Y-2.964 E0.02388
G1 X30.537 Y-4.325 E0.03332
G1 X26.39 Y-4.325 E0.10086
G1 X26.572 Y-3.068 E0.03089
G1 X26.674 Y-2.064 E0.02454
G1 X26.731 Y-1.033 E0.02511
G1 X26.748 Y0.00 E0.02513
G1 X26.727 Y1.089 E0.02649
G1 X26.672 Y2.079 E0.02412
G1 X26.578 Y3.001 E0.02254
G1 X26.402 Y4.325 E0.03248
G1 F3600 E-1
G0 F12000 X25.886 Y4.75
;TYPE:WALL-OUTER
G1 F3600 E1
G1 F2400 X30.895 Y4.75 E0.12183
G1 X31.017 Y3.894 E0.02103
G1 X31.118 Y2.972 E0.02256
G1 X31.194 Y1.98 E0.0242
G1 X31.242 Y0.987 E0.02418
G1 X31.257 Y-0.082 E0.026
G1 X31.242 Y-.991 E0.02211
G1 X31.192 Y-2.017 E0.02498
G1 X31.119 Y-2.976 E0.02339
G1 X31.011 Y-3.918 E0.02306
G1 X30.894 Y-4.75 E0.02043
G1 X25.885 Y-4.75 E0.12183
G1 X26.008 Y-4.035 E0.01765
G1 X26.149 Y-3.026 E0.02478
G1 X26.25 Y-2.026 E0.02445
G1 X26.306 Y-1.004 E0.02489
G1 X26.323 Y0.00 E0.02442
G1 X26.302 Y1.066 E0.02593
G1 X26.249 Y2.036 E0.02363
G1 X26.156 Y2.945 E0.02222
G1 X26.011 Y4.04 E0.02686
G1 X25.886 Y4.75 E0.01753
G0 F12000 X26.686 Y4.75
G0 X27.235 Y3.75
G1 F3600 E-1
;MESH:NONMESH
G0 F600 X27.235 Y3.75 Z25.65
G0 F12000 X26.169 Y4.513
G0 X-26.393 Y3.058
G0 X-27.073 Y2.072
G0 X-26.911 Y2.064
;TIME_ELAPSED:799.990519
;LAYER:195
;note -- min layer time used
;TYPE:FILL
;MESH:bridge.stl
G1 F3600 E1
G1 F7756.4 X-27.09 Y1.97 E0.00492
G1 X-27.993 Y1.779 E0.02245
G1 X-28.896 Y1.791 E0.02196
G1 X-29.799 Y1.985 E0.02246
G1 X-30.225 Y2.178 E0.01137
G1 F3600 E-1
G0 F12000 X-30.225 Y2.179
G0 X-26.651 Y3.96
G0 X-26.233 Y4.325
;TYPE:WALL-INNER
G1 F3600 E1
G1 F4185.5 X-26.404 Y3.067 E0.03088
G1 X-26.507 Y2.034 E0.02525
G1 X-26.563 Y1.029 E0.02448
G1 X-26.583 Y-0.014 E0.02537
G1 X-26.563 Y-1.034 E0.02481
G1 X-26.507 Y-2.034 E0.02436
G1 X-26.401 Y-3.092 E0.02586
G1 X-26.232 Y-4.325 E0.03027
G1 X-30.417 Y-4.325 E0.10179
G1 X-30.565 Y-2.915 E0.03448
G1 X-30.642 Y-1.952 E0.0235
G1 X-30.689 Y-.974 E0.02381
G1 X-30.705 Y0.00 E0.02369
G1 X-30.688 Y1.005 E0.02445
G1 X-30.64 Y1.984 E0.02384
G1 X-30.564 Y2.931 E0.02311
G1 X-30.41 Y4.325 E0.03411
G1 X-26.233 Y4.325 E0.10159
G1 F3600 E-1
G0 F12000 X-25.718 Y4.75
;TYPE:WALL-OUTER
G1 F3600 E1
G1 F2400 X-25.844 Y4.03 E0.01778
G1 X-25.981 Y3.025 E0.02467
G1 X-26.082 Y2.01 E0.02481
G1 X-26.138 Y1.002 E0.02455
G1 X-26.158 Y-0.006 E0.02452
G1 X-26.138 Y-1.01 E0.02442
G1 X-26.081 Y-2.021 E0.02463
G1 X-25.98 Y-3.034 E0.02476
G1 X-25.843 Y-4.04 E0.02469
G1 X-25.718 Y-4.75 E0.01753
G1 X-30.767 Y-4.75 E0.1228
G1 X-30.889 Y-3.892 E0.02108
G1 X-30.987 Y-2.972 E0.0225
G1 X-31.066 Y-1.98 E0.0242
G1 X-31.114 Y-.987 E0.02418
G1 X-31.13 Y0.00 E0.02401
G1 X-31.114 Y0.987 E0.02401
G1 X-31.069 Y1.94 E0.0232
G1 X-30.984 Y2.999 E0.02584
G1 X-30.886 Y3.893 E0.02187
G1 X-30.766 Y4.75 E0.02105
G1 X-25.718 Y4.75 E0.12277
G0 F12000 X-25.844 Y4.03
G0 X-25.853 Y3.962
G0 X-26.915 Y3.575
G1 F3600 E-1
G0 F12000 X-26.084 Y4.076
G0 X26.224 Y3.058
G0 X26.861 Y2.568
;TYPE:FILL
G1 F3600 E1
G1 F7756.4 X27.09 Y2.395 E0.00698
G1 X27.993 Y1.985 E0.02412
G1 X28.896 Y1.791 E0.02246
G1 X29.799 Y1.779 E0.02196
G1 X30.24 Y1.872 E0.01096
G1 F3600 E-1
G0 F12000 X26.652 Y3.96
G0 X26.232 Y4.325
;TYPE:WALL-INNER
G1 F3600 E1
G1 F4185.5 X30.417 Y4.325 E0.10179
G1 X30.565 Y2.915 E0.03448
G1 X30.642 Y1.952 E0.0235
G1 X30.689 Y0.974 E0.02381
G1 X30.704 Y-0.087 E0.02581
G1 X30.689 Y-.978 E0.02167
G1 X30.64 Y-1.988 E0.02459
G1 X30.564 Y-2.935 E0.02311
G1 X30.41 Y-4.325 E0.03401
G1 X26.222 Y-4.325 E0.10186
G1 X26.404 Y-3.068 E0.03089
G1 X26.506 Y-2.038 E0.02517
G1 X26.563 Y-1.033 E0.02448
G1 X26.584 Y0.00 E0.02513
G1 X26.563 Y1.034 E0.02515
G1 X26.506 Y2.05 E0.02475
G1 X26.405 Y3.067 E0.02486
G1 X26.232 Y4.325 E0.03088
G1 F3600 E-1
G0 F12000 X25.718 Y4.75
;TYPE:WALL-OUTER
G1 F3600 E1
G1 F2400 X30.767 Y4.75 E0.1228
G1 X30.889 Y3.892 E0.02108
G1 X30.987 Y2.972 E0.0225
G1 X31.066 Y1.98 E0.0242
G1 X31.114 Y0.987 E0.02418
G1 X31.129 Y-0.094 E0.02629
G1 X31.114 Y-.991 E0.02182
G1 X31.069 Y-1.944 E0.0232
G1 X30.984 Y-3.004 E0.02586
G1 X30.882 Y-3.921 E0.02244
G1 X30.766 Y-4.75 E0.02036
G1 X25.717 Y-4.75 E0.1228
G1 X25.84 Y-4.035 E0.01765
G1 X25.981 Y-3.025 E0.0248
G1 X26.082 Y-2.014 E0.02471
G1 X26.138 Y-1.006 E0.02455
G1 X26.159 Y0.00 E0.02447
G1 X26.138 Y1.01 E0.02457
G1 X26.081 Y2.021 E0.02463
G1 X25.98 Y3.034 E0.02476
G1 X25.843 Y4.04 E0.02469
G1 X25.718 Y4.75 E0.01753
G0 F12000 X26.518 Y4.75
G0 X26.916 Y3.575
G1 F3600 E-1
;MESH:NONMESH
G0 F600 X26.916 Y3.575 Z25.78
G0 F12000 X26.084 Y4.076
G0 X-26.224 Y3.058
G0 X-26.905 Y2.056
G0 X-26.743 Y2.048
;TIME_ELAPSED:803.781458
;LAYER:196
;note -- min layer time used
;TYPE:FILL
;MESH:bridge.stl
G1 F3600 E1
G1 F7826.4 X-27.09 Y1.881 E0.00937
G1 X-27.993 Y1.729 E0.02227
G1 X-28.896 Y1.779 E0.022
G1 X-29.799 Y2.01 E0.02267
G1 X-30.094 Y2.157 E0.00802
G1 F3600 E-1
G0 F12000 X-26.483 Y3.96
G0 X-26.065 Y4.325
;TYPE:WALL-INNER
G1 F3600 E1
G1 F4208.8 X-26.236 Y3.067 E0.03088
G1 X-26.339 Y2.034 E0.02525
G1 X-26.395 Y1.029 E0.02448
G1 X-26.415 Y-0.014 E0.02537
G1 X-26.395 Y-1.034 E0.02481
G1 X-26.336 Y-2.063 E0.02507
G1 X-26.233 Y-3.092 E0.02515
G1 X-26.064 Y-4.325 E0.03027
G1 X-30.283 Y-4.325 E0.10261
G1 X-30.437 Y-2.909 E0.03464
G1 X-30.51 Y-1.926 E0.02397
G1 X-30.557 Y-.974 E0.02318
G1 X-30.573 Y0.00 E0.02369
G1 X-30.556 Y1.006 E0.02447
G1 X-30.508 Y1.981 E0.02374
G1 X-30.432 Y2.959 E0.02386
G1 X-30.28 Y4.325 E0.03343
G1 X-26.065 Y4.325 E0.10252
G1 F3600 E-1
G0 F12000 X-25.55 Y4.75
;TYPE:WALL-OUTER
G1 F3600 E1
G1 F2400 X-25.676 Y4.03 E0.01778
G1 X-25.813 Y3.025 E0.02467
G1 X-25.914 Y2.01 E0.02481
G1 X-25.97 Y1.001 E0.02458
G1 X-25.99 Y-0.005 E0.02447
G1 X-25.97 Y-1.01 E0.02445
G1 X-25.913 Y-2.021 E0.02463
G1 X-25.812 Y-3.034 E0.02476
G1 X-25.675 Y-4.04 E0.02469
G1 X-25.55 Y-4.75 E0.01753
G1 X-30.632 Y-4.75 E0.1236
G1 X-30.756 Y-3.912 E0.0206
G1 X-30.859 Y-2.972 E0.023
G1 X-30.934 Y-1.98 E0.0242
G1 X-30.982 Y-.988 E0.02416
G1 X-30.998 Y0.00 E0.02403
G1 X-30.982 Y0.988 E0.02403
G1 X-30.932 Y2.013 E0.02496
G1 X-30.859 Y2.972 E0.02339
G1 X-30.754 Y3.907 E0.02288
G1 X-30.631 Y4.75 E0.02072
G1 X-25.55 Y4.75 E0.12358
G0 F12000 X-25.676 Y4.03
G0 X-25.685 Y3.962
G0 X-26.747 Y3.575
G1 F3600 E-1
G0 F12000 X-25.916 Y4.076
G0 X25.916 Y4.076
G0 X26.67 Y2.799
;TYPE:FILL
G1 F3600 E1
G1 F7826.4 X27.09 Y2.46 E0.01313
G1 X27.993 Y2.01 E0.02454
G1 X28.896 Y1.779 E0.02267
G1 X29.799 Y1.729 E0.022
G1 X30.112 Y1.782 E0.00772
G1 F3600 E-1
G0 F12000 X26.484 Y3.96
G0 X26.064 Y4.325
;TYPE:WALL-INNER
G1 F3600 E1
G1 F4208.8 X30.281 Y4.324 E0.10256
G1 X30.435 Y2.933 E0.03404
G1 X30.509 Y1.954 E0.02388
G1 X30.557 Y0.974 E0.02386
G1 X30.572 Y-0.088 E0.02583
G1 X30.557 Y-.978 E0.02165
G1 X30.508 Y-1.985 E0.02452
G1 X30.433 Y-2.963 E0.02386
G1 X30.28 Y-4.325 E0.03333
G1 X26.054 Y-4.325 E0.10278
G1 X26.236 Y-3.068 E0.03089
G1 X26.338 Y-2.038 E0.02517
G1 X26.395 Y-1.033 E0.02448
G1 X26.416 Y0.00 E0.02513
G1 X26.395 Y1.034 E0.02515
G1 X26.336 Y2.063 E0.02507
G1 X26.237 Y3.067 E0.02454
G1 X26.064 Y4.325 E0.03088
G1 F3600 E-1
G0 F12000 X25.55 Y4.75
;TYPE:WALL-OUTER
G1 F3600 E1
G1 F2400 X30.632 Y4.749 E0.1236
G1 X30.757 Y3.894 E0.02102
G1 X30.858 Y2.972 E0.02256
G1 X30.934 Y1.98 E0.0242
G1 X30.982 Y0.988 E0.02416
G1 X30.997 Y-0.095 E0.02634
G1 X30.982 Y-.992 E0.02182
G1 X30.932 Y-2.017 E0.02496
G1 X30.859 Y-2.976 E0.02339
G1 X30.754 Y-3.906 E0.02276
G1 X30.631 Y-4.75 E0.02074
G1 X25.549 Y-4.75 E0.1236
G1 X25.672 Y-4.035 E0.01765
G1 X25.813 Y-3.025 E0.0248
G1 X25.914 Y-2.014 E0.02471
G1 X25.97 Y-1.005 E0.02458
G1 X25.991 Y0.00 E0.02445
G1 X25.97 Y1.01 E0.02457
G1 X25.913 Y2.021 E0.02463
G1 X25.812 Y3.034 E0.02476
G1 X25.675 Y4.04 E0.02469
G1 X25.55 Y4.75 E0.01753
G0 F12000 X26.35 Y4.75
G0 X26.748 Y3.575
G1 F3600 E-1
;MESH:NONMESH
G0 F600 X26.748 Y3.575 Z25.91
G0 F12000 X25.916 Y4.076
G0 X-26.056 Y3.058
G0 X-26.739 Y2.021
G0 X-26.577 Y2.013
;TIME_ELAPSED:807.587296
;LAYER:197
;note -- min layer time used
;TYPE:FILL
;MESH:bridge.stl
G1 F3600 E1
G1 F7864 X-27.09 Y1.788 E0.01362
G1 X-27.993 Y1.676 E0.02213
G1 X-28.896 Y1.762 E0.02206
G1 X-29.799 Y2.031 E0.02292
G1 X-29.968 Y2.123 E0.00468
G1 F3600 E-1
G0 F12000 X-26.315 Y3.96
G0 X-25.897 Y4.325
;TYPE:WALL-INNER
G1 F3600 E1
G1 F4221.3 X-26.068 Y3.067 E0.03088
G1 X-26.171 Y2.034 E0.02525
G1 X-26.227 Y1.029 E0.02448
G1 X-26.247 Y-0.014 E0.02537
G1 X-26.227 Y-1.034 E0.02481
G1 X-26.168 Y-2.063 E0.02507
G1 X-26.065 Y-3.092 E0.02515
G1 X-25.896 Y-4.325 E0.03027
G1 X-30.142 Y-4.325 E0.10327
G1 X-30.304 Y-2.954 E0.03358
G1 X-30.385 Y-1.894 E0.02586
G1 X-30.429 Y-.974 E0.0224
G1 X-30.445 Y0.00 E0.02369
G1 X-30.428 Y1.006 E0.02447
G1 X-30.38 Y1.983 E0.02379
G1 X-30.305 Y2.939 E0.02332
G1 X-30.142 Y4.325 E0.03394
G1 X-25.897 Y4.325 E0.10324
G1 F3600 E-1
G0 F12000 X-25.382 Y4.75
;TYPE:WALL-OUTER
G1 F3600 E1
G1 F2400 X-25.508 Y4.03 E0.01778
G1 X-25.645 Y3.025 E0.02467
G1 X-25.746 Y2.01 E0.02481
G1 X-25.802 Y1.002 E0.02455
G1 X-25.822 Y-0.006 E0.02452
G1 X-25.802 Y-1.01 E0.02442
G1 X-25.745 Y-2.021 E0.02463
G1 X-25.644 Y-3.034 E0.02476
G1 X-25.507 Y-4.04 E0.02469
G1 X-25.382 Y-4.75 E0.01753
G1 X-30.496 Y-4.75 E0.12438
G1 X-30.62 Y-3.894 E0.02104
G1 X-30.727 Y-2.995 E0.02202
G1 X-30.81 Y-1.92 E0.02622
G1 X-30.854 Y-.988 E0.02269
G1 X-30.87 Y0.00 E0.02403
G1 X-30.854 Y0.987 E0.02401
G1 X-30.806 Y1.98 E0.02418
G1 X-30.731 Y2.951 E0.02369
G1 X-30.618 Y3.92 E0.02373
G1 X-30.496 Y4.75 E0.0204
G1 X-25.382 Y4.75 E0.12438
G0 F12000 X-25.508 Y4.03
G0 X-25.517 Y3.962
G0 X-26.579 Y3.575
G1 F3600 E-1
G0 F12000 X-25.748 Y4.076
G0 X25.748 Y4.076
G0 X26.478 Y3.048
;TYPE:FILL
G1 F3600 E1
G1 F7864 X27.09 Y2.523 E0.01961
G1 X27.993 Y2.031 E0.02501
G1 X28.896 Y1.762 E0.02292
G1 X29.799 Y1.676 E0.02206
G1 X29.99 Y1.7 E0.00468
G1 F3600 E-1
G0 F12000 X26.316 Y3.96
G0 X25.896 Y4.325
;TYPE:WALL-INNER
G1 F3600 E1
G1 F4221.3 X30.142 Y4.325 E0.10327
G1 X30.304 Y2.954 E0.03358
G1 X30.385 Y1.894 E0.02586
G1 X30.429 Y0.974 E0.0224
G1 X30.444 Y-0.088 E0.02583
G1 X30.429 Y-.978 E0.02165
G1 X30.382 Y-1.957 E0.02384
G1 X30.305 Y-2.944 E0.02408
G1 X30.144 Y-4.325 E0.03382
G1 X25.886 Y-4.325 E0.10356
G1 X26.068 Y-3.068 E0.03089
G1 X26.171 Y-2.038 E0.02518
G1 X26.227 Y-1.033 E0.02448
G1 X26.248 Y0.00 E0.02513
G1 X26.227 Y1.034 E0.02515
G1 X26.17 Y2.053 E0.02482
G1 X26.069 Y3.067 E0.02478
G1 X25.896 Y4.325 E0.03088
G1 F3600 E-1
G0 F12000 X25.382 Y4.75
;TYPE:WALL-OUTER
G1 F3600 E1
G1 F2400 X30.496 Y4.75 E0.12438
G1 X30.62 Y3.894 E0.02104
G1 X30.727 Y2.995 E0.02202
G1 X30.81 Y1.92 E0.02622
G1 X30.854 Y0.988 E0.02269
G1 X30.869 Y-0.095 E0.02634
G1 X30.854 Y-.991 E0.0218
G1 X30.806 Y-1.984 E0.02418
G1 X30.731 Y-2.955 E0.02369
G1 X30.618 Y-3.92 E0.02363
G1 X30.496 Y-4.75 E0.0204
G1 X25.381 Y-4.75 E0.1244
G1 X25.504 Y-4.035 E0.01765
G1 X25.645 Y-3.025 E0.0248
G1 X25.746 Y-2.014 E0.02471
G1 X25.802 Y-1.005 E0.02458
G1 X25.823 Y0.00 E0.02445
G1 X25.802 Y1.01 E0.02457
G1 X25.745 Y2.021 E0.02463
G1 X25.644 Y3.034 E0.02476
G1 X25.507 Y4.04 E0.02469
G1 X25.382 Y4.75 E0.01753
G0 F12000 X26.182 Y4.75
G0 X26.58 Y3.575
G1 F3600 E-1
;MESH:NONMESH
G0 F600 X26.58 Y3.575 Z26.04
G0 F12000 X25.748 Y4.076
G0 X-25.888 Y3.058
G0 X-26.574 Y1.965
G0 X-26.412 Y1.957
;TIME_ELAPSED:811.393279
;LAYER:198
;note -- min layer time used
;TYPE:FILL
;MESH:bridge.stl
G1 F3600 E1
G1 F7908.7 X-27.09 Y1.689 E0.01773
G1 X-27.993 Y1.618 E0.02203
G1 X-28.896 Y1.742 E0.02217
G1 X-29.799 Y2.048 E0.02319
G1 X-29.833 Y2.068 E0.00096
G1 F3600 E-1
G0 F12000 X-26.147 Y3.96
G0 X-25.729 Y4.325
;TYPE:WALL-INNER
G1 F3600 E1
G1 F4236.2 X-25.9 Y3.067 E0.03088
G1 X-26.003 Y2.034 E0.02525
G1 X-26.059 Y1.031 E0.02443
G1 X-26.079 Y-0.014 E0.02542
G1 X-26.059 Y-1.034 E0.02481
G1 X-26.002 Y-2.049 E0.02473
G1 X-25.897 Y-3.092 E0.0255
G1 X-25.728 Y-4.325 E0.03027
G1 X-30.014 Y-4.325 E0.10424
G1 X-30.168 Y-2.931 E0.03411
G1 X-30.242 Y-2.034 E0.02189
G1 X-30.297 Y-.999 E0.02521
G1 X-30.317 Y-0.003 E0.02423
G1 X-30.301 Y0.949 E0.02316
G1 X-30.252 Y1.915 E0.02352
G1 X-30.166 Y2.952 E0.02531
G1 X-30.007 Y4.325 E0.03362
G1 X-25.729 Y4.325 E0.10405
G1 F3600 E-1
G0 F12000 X-25.211 Y4.75
;TYPE:WALL-OUTER
G1 F3600 E1
G1 F2400 X-25.34 Y4.03 E0.01779
G1 X-25.477 Y3.025 E0.02467
G1 X-25.578 Y2.01 E0.02481
G1 X-25.634 Y1.002 E0.02455
G1 X-25.654 Y-0.006 E0.02452
G1 X-25.634 Y-1.01 E0.02442
G1 X-25.577 Y-2.021 E0.02463
G1 X-25.476 Y-3.034 E0.02476
G1 X-25.339 Y-4.041 E0.02472
G1 X-25.211 Y-4.75 E0.01752
G1 X-30.364 Y-4.75 E0.12533
G1 X-30.488 Y-3.908 E0.0207
G1 X-30.591 Y-2.971 E0.02293
G1 X-30.666 Y-2.063 E0.02216
G1 X-30.722 Y-1.014 E0.02555
G1 X-30.742 Y-0.003 E0.02459
G1 X-30.726 Y0.963 E0.0235
G1 X-30.675 Y1.95 E0.02404
G1 X-30.588 Y3 E0.02563
G1 X-30.482 Y3.92 E0.02252
G1 X-30.363 Y4.75 E0.02039
G1 X-25.211 Y4.75 E0.1253
G0 F12000 X-25.34 Y4.03
G0 X-25.349 Y3.962
G0 X-26.411 Y3.575
G1 F3600 E-1
G0 F12000 X-25.58 Y4.077
G0 X25.58 Y4.077
G0 X26.273 Y3.331
;TYPE:FILL
G1 F3600 E1
G1 F7908.7 X27.09 Y2.583 E0.02694
G1 X27.993 Y2.048 E0.02553
G1 X28.896 Y1.742 E0.02319
G1 X29.799 Y1.618 E0.02217
G1 X29.859 Y1.623 E0.00146
G1 F3600 E-1
G0 F12000 X26.147 Y3.96
G0 X25.728 Y4.325
;TYPE:WALL-INNER
G1 F3600 E1
G1 F4236.2 X30.014 Y4.324 E0.10424
G1 X30.168 Y2.931 E0.03409
G1 X30.242 Y2.034 E0.02189
G1 X30.297 Y0.999 E0.02521
G1 X30.317 Y-0.035 E0.02515
G1 X30.301 Y-.953 E0.02233
G1 X30.252 Y-1.915 E0.02343
G1 X30.165 Y-2.958 E0.02546
G1 X30.007 Y-4.325 E0.03347
G1 X25.725 Y-4.325 E0.10414
G1 X25.9 Y-3.068 E0.03087
G1 X26.003 Y-2.038 E0.02518
G1 X26.059 Y-1.035 E0.02443
G1 X26.079 Y0.014 E0.02552
G1 X26.058 Y1.034 E0.02481
G1 X26.002 Y2.049 E0.02472
G1 X25.901 Y3.067 E0.02488
G1 X25.728 Y4.325 E0.03088
G1 F3600 E-1
G0 F12000 X25.211 Y4.75
;TYPE:WALL-OUTER
G1 F3600 E1
G1 F2400 X30.363 Y4.749 E0.1253
G1 X30.489 Y3.891 E0.02109
G1 X30.591 Y2.971 E0.02251
G1 X30.666 Y2.063 E0.02216
G1 X30.722 Y1.014 E0.02555
G1 X30.742 Y-0.041 E0.02566
G1 X30.726 Y-.967 E0.02253
G1 X30.678 Y-1.911 E0.02299
G1 X30.591 Y-2.975 E0.02596
G1 X30.482 Y-3.919 E0.02311
G1 X30.363 Y-4.75 E0.02042
G1 X25.21 Y-4.75 E0.12533
G1 X25.336 Y-4.035 E0.01766
G1 X25.477 Y-3.025 E0.0248
G1 X25.578 Y-2.014 E0.02471
G1 X25.634 Y-1.006 E0.02455
G1 X25.654 Y0.006 E0.02462
G1 X25.634 Y1.01 E0.02442
G1 X25.577 Y2.021 E0.02463
G1 X25.476 Y3.034 E0.02476
G1 X25.339 Y4.041 E0.02472
G1 X25.211 Y4.75 E0.01752
G0 F12000 X26.011 Y4.75
G0 X26.411 Y3.575
G1 F3600 E-1
;MESH:NONMESH
G0 F600 X26.411 Y3.575 Z26.17
G0 F12000 X25.821 Y2.038
G0 X-25.58 Y-4.077
G0 X-26.071 Y-3.566
;TIME_ELAPSED:815.198849
;LAYER:199
;note -- min layer time used
;TYPE:FILL
;MESH:bridge.stl
G1 F3600 E1
G1 F8703.5 X-26.412 Y-3.92 E0.01195
G1 X-29.514 Y-3.92 E0.07545
G1 X-29.631 Y-2.866 E0.02579
G1 X-29.71 Y-1.92 E0.02309
G1 X-29.756 Y-.962 E0.02333
G1 X-29.776 Y0.014 E0.02374
G1 X-29.755 Y0.987 E0.02367
G1 X-29.701 Y2.025 E0.02528
G1 X-28.896 Y1.718 E0.02095
G1 X-27.993 Y1.556 E0.02231
G1 X-27.09 Y1.584 E0.02197
G1 X-26.249 Y1.876 E0.02165
G1 F3600 E-1
G0 F12000 X-25.978 Y3.96
G0 X-25.556 Y4.325
;TYPE:WALL-INNER
G1 F3600 E1
G1 F4501.2 X-25.732 Y3.067 E0.03089
G1 X-25.835 Y2.034 E0.02525
G1 X-25.891 Y1.029 E0.02448
G1 X-25.911 Y-0.014 E0.02537
G1 X-25.891 Y-1.034 E0.02481
G1 X-25.832 Y-2.063 E0.02507
G1 X-25.729 Y-3.093 E0.02518
G1 X-25.558 Y-4.325 E0.03025
G1 X-29.878 Y-4.325 E0.10507
G1 X-30.033 Y-2.912 E0.03457
G1 X-30.114 Y-1.951 E0.02346
G1 X-30.161 Y-.972 E0.02384
G1 X-30.181 Y0.00 E0.02365
G1 X-30.16 Y1.001 E0.02435
G1 X-30.114 Y1.951 E0.02313
G1 X-30.032 Y2.929 E0.02387
G1 X-29.872 Y4.325 E0.03418
G1 X-25.556 Y4.325 E0.10497
G1 F3600 E-1
G0 F12000 X-25.036 Y4.75
;TYPE:WALL-OUTER
G1 F3600 E1
G1 F2400 X-25.168 Y4.031 E0.01778
G1 X-25.309 Y3.025 E0.02471
G1 X-25.41 Y2.01 E0.02481
G1 X-25.466 Y1.001 E0.02458
G1 X-25.486 Y-0.005 E0.02447
G1 X-25.466 Y-1.01 E0.02445
G1 X-25.409 Y-2.021 E0.02463
G1 X-25.308 Y-3.035 E0.02478
G1 X-25.178 Y-3.973 E0.02303
G1 X-25.036 Y-4.75 E0.01921
G1 X-30.228 Y-4.75 E0.12628
G1 X-30.352 Y-3.908 E0.0207
G1 X-30.455 Y-2.971 E0.02293
G1 X-30.538 Y-1.979 E0.02421
G1 X-30.586 Y-.987 E0.02416
G1 X-30.606 Y0.00 E0.02401
G1 X-30.585 Y1.021 E0.02484
G1 X-30.538 Y1.979 E0.02333
G1 X-30.452 Y2.999 E0.0249
G1 X-30.346 Y3.92 E0.02255
G1 X-30.227 Y4.75 E0.02039
G1 X-25.036 Y4.75 E0.12625
G0 F12000 X-25.168 Y4.031
G0 X-25.177 Y3.963
G0 X-26.395 Y3.75
G1 F3600 E-1
G0 F12000 X-25.323 Y4.513
G0 X25.322 Y4.513
G0 X26.057 Y3.675
;TYPE:FILL
G1 F3600 E1
G1 F8703.5 X26.187 Y3.524 E0.00485
G1 X27.09 Y2.642 E0.0307
G1 X27.993 Y2.062 E0.0261
G1 X28.896 Y1.718 E0.0235
G1 X29.727 Y1.569 E0.02053
G1 F3600 E-1
G0 F12000 X25.978 Y3.96
G0 X25.56 Y4.325
;TYPE:WALL-INNER
G1 F3600 E1
G1 F4501.2 X29.878 Y4.324 E0.10502
G1 X30.033 Y2.912 E0.03455
G1 X30.114 Y1.951 E0.02346
G1 X30.161 Y0.972 E0.02384
G1 X30.18 Y-0.042 E0.02467
G1 X30.16 Y-1.006 E0.02345
G1 X30.114 Y-1.955 E0.02311
G1 X30.03 Y-2.955 E0.02441
G1 X29.871 Y-4.325 E0.03354
G1 X25.557 Y-4.325 E0.10492
G1 X25.732 Y-3.068 E0.03087
G1 X25.834 Y-2.038 E0.02517
G1 X25.891 Y-1.033 E0.02448
G1 X25.912 Y0.00 E0.02513
G1 X25.891 Y1.034 E0.02515
G1 X25.832 Y2.063 E0.02507
G1 X25.733 Y3.067 E0.02454
G1 X25.56 Y4.325 E0.03088
G1 F3600 E-1
G0 F12000 X25.036 Y4.75
;TYPE:WALL-OUTER
G1 F3600 E1
G1 F2400 X30.227 Y4.749 E0.12625
G1 X30.353 Y3.891 E0.02109
G1 X30.455 Y2.971 E0.02251
G1 X30.538 Y1.979 E0.02421
G1 X30.586 Y0.987 E0.02416
G1 X30.605 Y-0.051 E0.02525
G1 X30.585 Y-1.026 E0.02372
G1 X30.538 Y-1.983 E0.0233
G1 X30.452 Y-3.003 E0.0249
G1 X30.346 Y-3.919 E0.02243
G1 X30.227 Y-4.75 E0.02042
G1 X25.037 Y-4.75 E0.12623
G1 X25.168 Y-4.035 E0.01768
G1 X25.309 Y-3.025 E0.0248
G1 X25.41 Y-2.014 E0.02471
G1 X25.466 Y-1.005 E0.02458
G1 X25.487 Y0.00 E0.02445
G1 X25.466 Y1.01 E0.02457
G1 X25.409 Y2.021 E0.02463
G1 X25.308 Y3.035 E0.02478
G1 X25.178 Y3.973 E0.02303
G1 X25.036 Y4.75 E0.01921
G0 F12000 X25.836 Y4.75
G0 X26.242 Y3.575
G1 F3600 E-1
;MESH:NONMESH
G0 F600 X26.242 Y3.575 Z26.3
G0 F12000 X25.653 Y2.038
G0 X-25.42 Y-4.01
G0 X-26.104 Y-3.301
G0 X-25.938 Y-3.278
;TIME_ELAPSED:819.119294
;LAYER:200
;note -- min layer time used
;TYPE:FILL
;MESH:bridge.stl
G1 F3600 E1
G1 F8733.7 X-26.511 Y-3.92 E0.02093
G1 X-29.377 Y-3.92 E0.06971
G1 X-29.496 Y-2.894 E0.02512
G1 X-29.561 Y-2.17 E0.01768
G1 X-29.624 Y-.963 E0.0294
G1 X-29.64 Y0.011 E0.02369
G1 X-29.624 Y0.964 E0.02318
G1 X-29.571 Y1.975 E0.02462
G1 X-28.896 Y1.69 E0.01782
G1 X-27.993 Y1.489 E0.0225
G1 X-27.09 Y1.472 E0.02197
G1 X-26.187 Y1.738 E0.0229
G1 X-26.081 Y1.825 E0.00334
G1 F3600 E-1
G0 F12000 X-25.801 Y3.96
G0 X-25.38 Y4.325
;TYPE:WALL-INNER
G1 F3600 E1
G1 F4511.2 X-25.56 Y3.064 E0.03098
G1 X-25.662 Y2.049 E0.02481
G1 X-25.727 Y0.98 E0.02605
G1 X-25.743 Y-0.014 E0.02418
G1 X-25.723 Y-1.035 E0.02484
G1 X-25.664 Y-2.062 E0.02502
G1 X-25.557 Y-3.092 E0.02519
G1 X-25.38 Y-4.325 E0.0303
G1 X-29.74 Y-4.325 E0.10604
G1 X-29.902 Y-2.904 E0.03478
G1 X-29.978 Y-1.951 E0.02325
G1 X-30.029 Y-.973 E0.02382
G1 X-30.045 Y0.00 E0.02367
G1 X-30.029 Y0.973 E0.02367
G1 X-29.978 Y1.951 E0.02382
G1 X-29.897 Y2.957 E0.02455
G1 X-29.733 Y4.325 E0.03351
G1 X-25.38 Y4.325 E0.10587
G1 F3600 E-1
G0 F12000 X-24.86 Y4.75
;TYPE:WALL-OUTER
G1 F3600 E1
G1 F2400 X-24.992 Y4.036 E0.01766
G1 X-25.137 Y3.022 E0.02491
G1 X-25.238 Y2.023 E0.02442
G1 X-25.302 Y0.949 E0.02617
G1 X-25.318 Y-0.006 E0.02323
G1 X-25.298 Y-1.011 E0.02445
G1 X-25.241 Y-2.018 E0.02453
G1 X-25.136 Y-3.032 E0.02479
G1 X-24.99 Y-4.046 E0.02492
G1 X-24.861 Y-4.75 E0.01741
G1 X-30.092 Y-4.75 E0.12723
G1 X-30.216 Y-3.907 E0.02072
G1 X-30.323 Y-2.971 E0.02291
G1 X-30.404 Y-1.944 E0.02506
G1 X-30.454 Y-.987 E0.02331
G1 X-30.47 Y0.00 E0.02401
G1 X-30.454 Y0.987 E0.02401
G1 X-30.405 Y1.943 E0.02328
G1 X-30.323 Y2.971 E0.02508
G1 X-30.21 Y3.918 E0.0232
G1 X-30.091 Y4.75 E0.02044
G1 X-24.86 Y4.75 E0.12723
G0 F12000 X-24.992 Y4.036
G0 X-25.002 Y3.963
G0 X-26.066 Y3.575
G1 F3600 E-1
G0 F12000 X-25.233 Y4.08
G0 X25.147 Y4.513
G0 X25.96 Y3.92
;TYPE:FILL
G1 F3600 E1
G1 F8733.7 X26.187 Y3.643 E0.00871
G1 X27.09 Y2.698 E0.03179
G1 X27.993 Y2.072 E0.02672
G1 X28.896 Y1.69 E0.02385
G1 X29.594 Y1.535 E0.01739
G1 F3600 E-1
G0 F12000 X25.801 Y3.96
G0 X25.38 Y4.325
;TYPE:WALL-INNER
G1 F3600 E1
G1 F4511.2 X29.74 Y4.325 E0.10604
G1 X29.902 Y2.904 E0.03478
G1 X29.978 Y1.951 E0.02325
G1 X30.029 Y0.973 E0.02382
G1 X30.044 Y-0.082 E0.02566
G1 X30.029 Y-.977 E0.02177
G1 X29.976 Y-1.984 E0.02453
G1 X29.897 Y-2.961 E0.02384
G1 X29.734 Y-4.324 E0.03339
G1 X25.38 Y-4.325 E0.1059
G1 X25.56 Y-3.064 E0.03098
G1 X25.662 Y-2.049 E0.02481
G1 X25.727 Y-.984 E0.02595
G1 X25.744 Y0.00 E0.02394
G1 X25.723 Y1.035 E0.02518
G1 X25.664 Y2.062 E0.02502
G1 X25.557 Y3.092 E0.02519
G1 X25.38 Y4.325 E0.0303
G1 F3600 E-1
G0 F12000 X24.861 Y4.75
;TYPE:WALL-OUTER
G1 F3600 E1
G1 F2400 X30.092 Y4.75 E0.12723
G1 X30.216 Y3.907 E0.02072
G1 X30.323 Y2.971 E0.02291
G1 X30.404 Y1.944 E0.02506
G1 X30.454 Y0.987 E0.02331
G1 X30.469 Y-0.089 E0.02617
G1 X30.454 Y-.991 E0.02194
G1 X30.405 Y-1.948 E0.02331
G1 X30.323 Y-2.975 E0.02506
G1 X30.211 Y-3.917 E0.02307
G1 X30.091 Y-4.749 E0.02044
G1 X24.861 Y-4.75 E0.1272
G1 X24.992 Y-4.036 E0.01766
G1 X25.137 Y-3.022 E0.02491
G1 X25.238 Y-2.024 E0.0244
G1 X25.302 Y-.953 E0.02609
G1 X25.319 Y0.00 E0.02318
G1 X25.298 Y1.011 E0.02459
G1 X25.241 Y2.018 E0.02453
G1 X25.136 Y3.032 E0.02479
G1 X24.99 Y4.046 E0.02492
G1 X24.861 Y4.75 E0.01741
G0 F12000 X25.661 Y4.75
G0 X26.066 Y3.575
G1 F3600 E-1
;MESH:NONMESH
G0 F600 X26.066 Y3.575 Z26.43
G0 F12000 X25.486 Y2.032
G0 X-25.147 Y-4.513
G0 X-26.6 Y-3.92
;TIME_ELAPSED:823.029871
;LAYER:201
;note -- min layer time used
;TYPE:FILL
;MESH:bridge.stl
G1 F3600 E1
G1 F8648.3 X-26.187 Y-3.456 E0.01511
G1 X-25.8 Y-2.956 E0.01538
G1 X-25.892 Y-2.039 E0.02241
G1 X-25.955 Y-1.069 E0.02364
G1 X-25.976 Y-0.009 E0.02579
G1 X-25.956 Y1.029 E0.02525
G1 X-25.912 Y1.785 E0.01842
G1 X-26.187 Y1.565 E0.00857
G1 X-27.09 Y1.353 E0.02256
G1 X-27.993 Y1.416 E0.02202
G1 X-28.896 Y1.657 E0.02273
G1 X-29.438 Y1.91 E0.01455
G1 F3600 E-1
G0 F12000 X-25.625 Y3.96
G0 X-25.204 Y4.325
;TYPE:WALL-INNER
G1 F3600 E1
G1 F4482.8 X-25.376 Y3.112 E0.0298
G1 X-25.494 Y1.996 E0.02729
G1 X-25.551 Y1.031 E0.02351
G1 X-25.571 Y-0.014 E0.02542
G1 X-25.55 Y-1.039 E0.02493
G1 X-25.488 Y-2.011 E0.02369
G1 X-25.376 Y-3.138 E0.02755
G1 X-25.204 Y-4.325 E0.02917
G1 X-29.604 Y-4.325 E0.10701
G1 X-29.766 Y-2.904 E0.03478
G1 X-29.842 Y-1.951 E0.02325
G1 X-29.893 Y-.972 E0.02384
G1 X-29.909 Y0.00 E0.02364
G1 X-29.893 Y0.972 E0.02364
G1 X-29.84 Y1.981 E0.02457
G1 X-29.761 Y2.955 E0.02377
G1 X-29.604 Y4.325 E0.03354
G1 X-25.204 Y4.325 E0.10701
G1 F3600 E-1
G0 F12000 X-24.684 Y4.75
;TYPE:WALL-OUTER
G1 F3600 E1
G1 F2400 X-24.816 Y4.036 E0.01766
G1 X-24.953 Y3.067 E0.0238
G1 X-25.07 Y1.959 E0.0271
G1 X-25.126 Y1.002 E0.02332
G1 X-25.146 Y-0.006 E0.02452
G1 X-25.126 Y-1.012 E0.02447
G1 X-25.065 Y-1.969 E0.02332
G1 X-24.956 Y-3.077 E0.02708
G1 X-24.814 Y-4.046 E0.02382
G1 X-24.685 Y-4.75 E0.01741
G1 X-29.956 Y-4.75 E0.1282
G1 X-30.08 Y-3.907 E0.02072
G1 X-30.187 Y-2.971 E0.02291
G1 X-30.268 Y-1.944 E0.02506
G1 X-30.318 Y-.987 E0.02331
G1 X-30.334 Y0.00 E0.02401
G1 X-30.318 Y0.987 E0.02401
G1 X-30.269 Y1.943 E0.02328
G1 X-30.187 Y2.971 E0.02508
G1 X-30.078 Y3.921 E0.02326
G1 X-29.956 Y4.75 E0.02038
G1 X-24.684 Y4.75 E0.12822
G0 F12000 X-24.816 Y4.036
G0 X-24.826 Y3.963
G0 X-25.89 Y3.575
G1 F3600 E-1
G0 F12000 X-25.057 Y4.079
G0 X24.971 Y4.513
G0 X26.069 Y3.92
;TYPE:FILL
G1 F3600 E1
G1 F8648.3 X26.187 Y3.768 E0.00468
G1 X27.09 Y2.753 E0.03304
G1 X27.993 Y2.079 E0.02741
G1 X28.896 Y1.657 E0.02424
G1 X29.46 Y1.506 E0.0142
G1 F3600 E-1
G0 F12000 X25.626 Y3.96
G0 X25.204 Y4.325
;TYPE:WALL-INNER
G1 F3600 E1
G1 F4482.8 X29.604 Y4.325 E0.10701
G1 X29.766 Y2.904 E0.03478
G1 X29.842 Y1.951 E0.02325
G1 X29.893 Y0.972 E0.02384
G1 X29.908 Y-0.091 E0.02586
G1 X29.893 Y-.976 E0.02153
G1 X29.84 Y-1.985 E0.02457
G1 X29.761 Y-2.96 E0.02379
G1 X29.605 Y-4.325 E0.03341
G1 X25.204 Y-4.325 E0.10704
G1 X25.376 Y-3.112 E0.0298
G1 X25.492 Y-2.016 E0.02681
G1 X25.551 Y-1.014 E0.02441
G1 X25.572 Y0.00 E0.02467
G1 X25.551 Y1.039 E0.02528
G1 X25.488 Y2.011 E0.02369
G1 X25.376 Y3.138 E0.02755
G1 X25.204 Y4.325 E0.02917
G1 F3600 E-1
G0 F12000 X24.685 Y4.75
;TYPE:WALL-OUTER
G1 F3600 E1
G1 F2400 X29.956 Y4.75 E0.1282
G1 X30.08 Y3.907 E0.02072
G1 X30.187 Y2.971 E0.02291
G1 X30.268 Y1.944 E0.02506
G1 X30.318 Y0.987 E0.02331
G1 X30.333 Y-0.098 E0.02639
G1 X30.318 Y-.991 E0.02172
G1 X30.269 Y-1.947 E0.02328
G1 X30.187 Y-2.975 E0.02508
G1 X30.078 Y-3.921 E0.02316
G1 X29.956 Y-4.75 E0.02038
G1 X24.685 Y-4.75 E0.1282
G1 X24.816 Y-4.036 E0.01766
G1 X24.953 Y-3.067 E0.0238
G1 X25.07 Y-1.959 E0.0271
G1 X25.126 Y-1.006 E0.02322
G1 X25.147 Y0.00 E0.02447
G1 X25.126 Y1.012 E0.02462
G1 X25.065 Y1.969 E0.02332
G1 X24.956 Y3.077 E0.02708
G1 X24.814 Y4.046 E0.02382
G1 X24.685 Y4.75 E0.01741
G0 F12000 X25.485 Y4.75
G0 X25.89 Y3.575
G1 F3600 E-1
;MESH:NONMESH
G0 F600 X25.89 Y3.575 Z26.56
G0 F12000 X25.308 Y2.04
G0 X-24.971 Y-4.513
G0 X-26.68 Y-3.92
;TIME_ELAPSED:826.910807
;LAYER:202
;note -- min layer time used
;TYPE:FILL
;MESH:bridge.stl
G1 F3600 E1
G1 F8703.3 X-26.187 Y-3.322 E0.01885
G1 X-25.661 Y-2.595 E0.02182
G1 X-25.719 Y-2.009 E0.01432
G1 X-25.775 Y-1.064 E0.02302
G1 X-25.8 Y-0.01 E0.02564
G1 X-25.776 Y1.055 E0.02591
G1 X-25.739 Y1.722 E0.01625
G1 X-26.187 Y1.375 E0.01378
G1 X-27.09 Y1.226 E0.02226
G1 X-27.993 Y1.339 E0.02213
G1 X-28.896 Y1.619 E0.02299
G1 X-29.31 Y1.831 E0.01131
G1 F3600 E-1
G0 F12000 X-25.449 Y3.96
G0 X-25.028 Y4.325
;TYPE:WALL-INNER
G1 F3600 E1
G1 F4501.1 X-25.2 Y3.112 E0.0298
G1 X-25.319 Y1.982 E0.02764
G1 X-25.371 Y1.013 E0.0236
G1 X-25.395 Y-0.017 E0.02506
G1 X-25.37 Y-1.036 E0.02479
G1 X-25.312 Y-2.011 E0.02376
G1 X-25.2 Y-3.138 E0.02755
G1 X-25.028 Y-4.325 E0.02917
G1 X-29.474 Y-4.325 E0.10813
G1 X-29.629 Y-2.912 E0.03457
G1 X-29.709 Y-1.951 E0.02345
G1 X-29.757 Y-.974 E0.02379
G1 X-29.773 Y0.00 E0.02369
G1 X-29.757 Y0.974 E0.02369
G1 X-29.71 Y1.951 E0.02379
G1 X-29.628 Y2.929 E0.02387
G1 X-29.468 Y4.325 E0.03418
G1 X-25.028 Y4.325 E0.10799
G1 F3600 E-1
G0 F12000 X-24.508 Y4.75
;TYPE:WALL-OUTER
G1 F3600 E1
G1 F2400 X-24.64 Y4.036 E0.01766
G1 X-24.777 Y3.067 E0.0238
G1 X-24.894 Y1.958 E0.02712
G1 X-24.946 Y1.003 E0.02326
G1 X-24.97 Y-0.007 E0.02457
G1 X-24.946 Y-1.011 E0.02443
G1 X-24.889 Y-1.969 E0.02334
G1 X-24.78 Y-3.077 E0.02708
G1 X-24.638 Y-4.046 E0.02382
G1 X-24.509 Y-4.75 E0.01741
G1 X-29.824 Y-4.75 E0.12927
G1 X-29.948 Y-3.908 E0.0207
G1 X-30.051 Y-2.971 E0.02293
G1 X-30.134 Y-1.979 E0.02421
G1 X-30.182 Y-.987 E0.02416
G1 X-30.198 Y0.00 E0.02401
G1 X-30.182 Y0.987 E0.02401
G1 X-30.134 Y1.979 E0.02416
G1 X-30.048 Y2.999 E0.0249
G1 X-29.942 Y3.92 E0.02255
G1 X-29.823 Y4.75 E0.02039
G1 X-24.508 Y4.75 E0.12927
G0 F12000 X-24.64 Y4.036
G0 X-24.65 Y3.963
G0 X-25.714 Y3.575
G1 F3600 E-1
G0 F12000 X-24.881 Y4.079
G0 X24.795 Y4.513
G0 X26.174 Y3.92
;TYPE:FILL
G1 F3600 E1
G1 F8703.3 X27.09 Y2.806 E0.03508
G1 X27.993 Y2.081 E0.02817
G1 X28.896 Y1.619 E0.02467
G1 X29.327 Y1.485 E0.01098
G1 F3600 E-1
G0 F12000 X25.45 Y3.96
G0 X25.028 Y4.325
;TYPE:WALL-INNER
G1 F3600 E1
G1 F4501.1 X29.474 Y4.324 E0.10813
G1 X29.629 Y2.912 E0.03455
G1 X29.71 Y1.951 E0.02346
G1 X29.757 Y0.974 E0.02379
G1 X29.772 Y-.103 E0.0262
G1 X29.757 Y-.978 E0.02128
G1 X29.71 Y-1.955 E0.02379
G1 X29.626 Y-2.955 E0.02441
G1 X29.467 Y-4.325 E0.03354
G1 X25.028 Y-4.325 E0.10796
G1 X25.2 Y-3.112 E0.0298
G1 X25.319 Y-1.982 E0.02764
G1 X25.371 Y-1.017 E0.0235
G1 X25.396 Y0.00 E0.02474
G1 X25.371 Y1.036 E0.0252
G1 X25.312 Y2.011 E0.02376
G1 X25.2 Y3.138 E0.02755
G1 X25.028 Y4.325 E0.02917
G1 F3600 E-1
G0 F12000 X24.509 Y4.75
;TYPE:WALL-OUTER
G1 F3600 E1
G1 F2400 X29.823 Y4.749 E0.12924
G1 X29.949 Y3.891 E0.02109
G1 X30.051 Y2.971 E0.02251
G1 X30.134 Y1.979 E0.02421
G1 X30.182 Y0.987 E0.02416
G1 X30.197 Y-.11 E0.02668
G1 X30.182 Y-.991 E0.02143
G1 X30.134 Y-1.983 E0.02416
G1 X30.048 Y-3.003 E0.0249
G1 X29.942 Y-3.919 E0.02243
G1 X29.823 Y-4.75 E0.02042
G1 X24.509 Y-4.75 E0.12924
G1 X24.64 Y-4.036 E0.01766
G1 X24.777 Y-3.067 E0.0238
G1 X24.894 Y-1.958 E0.02712
G1 X24.946 Y-1.007 E0.02316
G1 X24.971 Y0.00 E0.0245
G1 X24.946 Y1.011 E0.0246
G1 X24.889 Y1.969 E0.02334
G1 X24.78 Y3.077 E0.02708
G1 X24.638 Y4.046 E0.02382
G1 X24.509 Y4.75 E0.01741
G0 F12000 X25.309 Y4.75
G0 X25.714 Y3.575
G1 F3600 E-1
;MESH:NONMESH
G0 F600 X25.714 Y3.575 Z26.69
G0 F12000 X25.131 Y2.04
G0 X-24.795 Y-4.513
G0 X-26.752 Y-3.92
;TIME_ELAPSED:830.798211
;LAYER:203
;note -- min layer time used
;TYPE:FILL
;MESH:bridge.stl
G1 F3600 E1
G1 F8744.2 X-26.187 Y-3.176 E0.02272
G1 X-25.525 Y-2.187 E0.02895
G1 X-25.599 Y-1.065 E0.02735
G1 X-25.62 Y-0.009 E0.02569
G1 X-25.6 Y1.055 E0.02588
G1 X-25.569 Y1.617 E0.01369
G1 X-26.187 Y1.164 E0.01864
G1 X-27.09 Y1.089 E0.02204
G1 X-27.993 Y1.256 E0.02233
G1 X-28.896 Y1.577 E0.02331
G1 X-29.179 Y1.734 E0.00787
G1 F3600 E-1
G0 F12000 X-25.273 Y3.96
G0 X-24.852 Y4.325
;TYPE:WALL-INNER
G1 F3600 E1
G1 F4514.7 X-25.024 Y3.112 E0.0298
G1 X-25.143 Y1.982 E0.02764
G1 X-25.195 Y1.029 E0.02321
G1 X-25.215 Y-0.014 E0.02537
G1 X-25.194 Y-1.036 E0.02486
G1 X-25.136 Y-2.011 E0.02376
G1 X-25.024 Y-3.138 E0.02755
G1 X-24.852 Y-4.325 E0.02917
G1 X-29.32 Y-4.325 E0.10867
G1 X-29.399 Y-3.784 E0.0133
G1 X-29.493 Y-2.914 E0.02128
G1 X-29.574 Y-1.951 E0.0235
G1 X-29.621 Y-.974 E0.02379
G1 X-29.637 Y0.00 E0.02369
G1 X-29.621 Y0.974 E0.02369
G1 X-29.574 Y1.951 E0.02379
G1 X-29.492 Y2.929 E0.02387
G1 X-29.332 Y4.325 E0.03418
G1 X-24.852 Y4.325 E0.10896
G1 F3600 E-1
G0 F12000 X-24.332 Y4.75
;TYPE:WALL-OUTER
G1 F3600 E1
G1 F2400 X-24.464 Y4.036 E0.01766
G1 X-24.601 Y3.067 E0.0238
G1 X-24.718 Y1.958 E0.02712
G1 X-24.77 Y1.002 E0.02329
G1 X-24.79 Y-0.006 E0.02452
G1 X-24.77 Y-1.011 E0.02445
G1 X-24.713 Y-1.969 E0.02334
G1 X-24.604 Y-3.077 E0.02708
G1 X-24.462 Y-4.046 E0.02382
G1 X-24.333 Y-4.75 E0.01741
G1 X-29.687 Y-4.75 E0.13022
G1 X-29.821 Y-3.83 E0.02261
G1 X-29.915 Y-2.972 E0.02099
G1 X-29.998 Y-1.979 E0.02424
G1 X-30.046 Y-.988 E0.02413
G1 X-30.062 Y0.00 E0.02403
G1 X-30.046 Y0.988 E0.02403
G1 X-29.998 Y1.979 E0.02413
G1 X-29.912 Y2.999 E0.0249
G1 X-29.806 Y3.921 E0.02257
G1 X-29.684 Y4.75 E0.02038
G1 X-24.332 Y4.75 E0.13017
G0 F12000 X-24.464 Y4.036
G0 X-24.474 Y3.963
G0 X-25.538 Y3.575
G1 F3600 E-1
G0 F12000 X-24.705 Y4.079
G0 X24.619 Y4.513
G0 X26.284 Y3.92
;TYPE:FILL
G1 F3600 E1
G1 F8744.2 X27.09 Y2.858 E0.03243
G1 X27.993 Y2.078 E0.02902
G1 X28.896 Y1.577 E0.02512
G1 X29.192 Y1.472 E0.00764
G1 F3600 E-1
G0 F12000 X25.274 Y3.96
G0 X24.852 Y4.325
;TYPE:WALL-INNER
G1 F3600 E1
G1 F4514.7 X29.32 Y4.325 E0.10867
G1 X29.399 Y3.784 E0.0133
G1 X29.493 Y2.914 E0.02128
G1 X29.574 Y1.951 E0.0235
G1 X29.621 Y0.974 E0.02379
G1 X29.636 Y-0.093 E0.02595
G1 X29.621 Y-.978 E0.02153
G1 X29.574 Y-1.955 E0.02379
G1 X29.49 Y-2.955 E0.02441
G1 X29.333 Y-4.325 E0.03354
G1 X24.852 Y-4.325 E0.10898
G1 X25.024 Y-3.112 E0.0298
G1 X25.14 Y-2.016 E0.02681
G1 X25.195 Y-1.033 E0.02395
G1 X25.216 Y0.00 E0.02513
G1 X25.195 Y1.036 E0.0252
G1 X25.136 Y2.011 E0.02376
G1 X25.024 Y3.138 E0.02755
G1 X24.852 Y4.325 E0.02917
G1 F3600 E-1
G0 F12000 X24.333 Y4.75
;TYPE:WALL-OUTER
G1 F3600 E1
G1 F2400 X29.687 Y4.75 E0.13022
G1 X29.821 Y3.83 E0.02261
G1 X29.915 Y2.972 E0.02099
G1 X29.998 Y1.979 E0.02424
G1 X30.046 Y0.988 E0.02413
G1 X30.061 Y-.1 E0.02646
G1 X30.046 Y-.992 E0.0217
G1 X29.998 Y-1.983 E0.02413
G1 X29.912 Y-3.003 E0.0249
G1 X29.806 Y-3.921 E0.02248
G1 X29.684 Y-4.75 E0.02038
G1 X24.333 Y-4.75 E0.13014
G1 X24.464 Y-4.036 E0.01766
G1 X24.601 Y-3.067 E0.0238
G1 X24.718 Y-1.958 E0.02712
G1 X24.77 Y-1.006 E0.02319
G1 X24.791 Y0.00 E0.02447
G1 X24.77 Y1.011 E0.02459
G1 X24.713 Y1.969 E0.02334
G1 X24.604 Y3.077 E0.02708
G1 X24.462 Y4.046 E0.02382
G1 X24.333 Y4.75 E0.01741
G0 F12000 X25.133 Y4.75
G0 X25.538 Y3.575
G1 F3600 E-1
;MESH:NONMESH
G0 F600 X25.538 Y3.575 Z26.82
G0 F12000 X24.955 Y2.04
G0 X-24.619 Y-4.513
G0 X-26.816 Y-3.92
;TIME_ELAPSED:834.688875
;LAYER:204
;note -- min layer time used
;TYPE:FILL
;MESH:bridge.stl
G1 F3600 E1
G1 F8784 X-26.187 Y-3.013 E0.02685
G1 X-25.385 Y-1.689 E0.03765
G1 X-25.423 Y-1.064 E0.01523
G1 X-25.444 Y-0.008 E0.02569
G1 X-25.417 Y1.433 E0.03505
G1 X-26.187 Y0.926 E0.02242
G1 X-27.09 Y0.943 E0.02197
G1 X-27.993 Y1.167 E0.02263
G1 X-28.896 Y1.53 E0.02367
G1 X-29.048 Y1.621 E0.00431
G1 F3600 E-1
G0 F12000 X-25.097 Y3.96
G0 X-24.676 Y4.324
;TYPE:WALL-INNER
G1 F3600 E1
G1 F4528 X-24.848 Y3.112 E0.02977
G1 X-24.967 Y1.976 E0.02778
G1 X-25.019 Y1.029 E0.02307
G1 X-25.039 Y-0.014 E0.02537
G1 X-25.018 Y-1.036 E0.02486
G1 X-24.96 Y-2.011 E0.02376
G1 X-24.848 Y-3.138 E0.02755
G1 X-24.676 Y-4.324 E0.02915
G1 X-29.202 Y-4.325 E0.11008
G1 X-29.361 Y-2.874 E0.0355
G1 X-29.437 Y-1.951 E0.02252
G1 X-29.485 Y-.974 E0.02379
G1 X-29.501 Y0.00 E0.02369
G1 X-29.485 Y0.974 E0.02369
G1 X-29.438 Y1.951 E0.02379
G1 X-29.356 Y2.929 E0.02387
G1 X-29.196 Y4.325 E0.03418
G1 X-24.676 Y4.324 E0.10993
G1 F3600 E-1
G0 F12000 X-24.154 Y4.749
;TYPE:WALL-OUTER
G1 F3600 E1
G1 F2400 X-24.288 Y4.032 E0.01774
G1 X-24.425 Y3.067 E0.02371
G1 X-24.542 Y1.953 E0.02724
G1 X-24.594 Y1.001 E0.02319
G1 X-24.614 Y-0.005 E0.02447
G1 X-24.594 Y-1.011 E0.02447
G1 X-24.537 Y-1.969 E0.02334
G1 X-24.428 Y-3.077 E0.02708
G1 X-24.286 Y-4.043 E0.02375
G1 X-24.154 Y-4.749 E0.01747
G1 X-29.545 Y-4.75 E0.13112
G1 X-29.676 Y-3.907 E0.02075
G1 X-29.784 Y-2.91 E0.02439
G1 X-29.862 Y-1.979 E0.02272
G1 X-29.91 Y-.988 E0.02413
G1 X-29.926 Y0.00 E0.02403
G1 X-29.91 Y0.988 E0.02403
G1 X-29.862 Y1.979 E0.02413
G1 X-29.776 Y2.999 E0.0249
G1 X-29.672 Y3.907 E0.02223
G1 X-29.544 Y4.75 E0.02074
G1 X-24.154 Y4.749 E0.13109
G0 F12000 X-24.288 Y4.032
G0 X-24.297 Y3.962
G0 X-25.362 Y3.575
G1 F3600 E-1
G0 F12000 X-24.529 Y4.081
G0 X24.441 Y4.513
G0 X26.39 Y3.918
;TYPE:FILL
G1 F3600 E1
G1 F8784 X27.09 Y2.908 E0.02989
G1 X27.993 Y2.072 E0.02993
G1 X28.896 Y1.53 E0.02561
G1 X29.056 Y1.466 E0.00419
G1 F3600 E-1
G0 F12000 X25.096 Y3.96
G0 X24.672 Y4.325
;TYPE:WALL-INNER
G1 F3600 E1
G1 F4528 X29.2 Y4.324 E0.11013
G1 X29.361 Y2.874 E0.03548
G1 X29.438 Y1.951 E0.02253
G1 X29.485 Y0.974 E0.02379
G1 X29.5 Y-0.093 E0.02595
G1 X29.485 Y-.978 E0.02153
G1 X29.438 Y-1.955 E0.02379
G1 X29.354 Y-2.955 E0.02441
G1 X29.195 Y-4.325 E0.03354
G1 X24.676 Y-4.325 E0.10991
G1 X24.848 Y-3.112 E0.0298
G1 X24.967 Y-1.976 E0.02778
G1 X25.019 Y-1.033 E0.02297
G1 X25.04 Y0.00 E0.02513
G1 X25.019 Y1.036 E0.0252
G1 X24.963 Y1.984 E0.0231
G1 X24.848 Y3.14 E0.02825
G1 X24.672 Y4.325 E0.02914
G1 F3600 E-1
G0 F12000 X24.153 Y4.75
;TYPE:WALL-OUTER
G1 F3600 E1
G1 F2400 X29.545 Y4.749 E0.13114
G1 X29.675 Y3.907 E0.02072
G1 X29.784 Y2.91 E0.02439
G1 X29.862 Y1.979 E0.02272
G1 X29.91 Y0.987 E0.02416
G1 X29.925 Y-.1 E0.02644
G1 X29.91 Y-.992 E0.0217
G1 X29.862 Y-1.983 E0.02413
G1 X29.776 Y-3.003 E0.0249
G1 X29.672 Y-3.907 E0.02213
G1 X29.545 Y-4.75 E0.02073
G1 X24.154 Y-4.75 E0.13112
G1 X24.288 Y-4.036 E0.01767
G1 X24.425 Y-3.067 E0.0238
G1 X24.542 Y-1.953 E0.02724
G1 X24.594 Y-1.005 E0.02309
G1 X24.615 Y0.00 E0.02445
G1 X24.594 Y1.011 E0.02459
G1 X24.537 Y1.969 E0.02334
G1 X24.428 Y3.077 E0.02708
G1 X24.278 Y4.078 E0.02462
G1 X24.153 Y4.75 E0.01662
G0 F12000 X24.953 Y4.75
G0 X25.361 Y3.575
G1 F3600 E-1
;MESH:NONMESH
G0 F600 X25.361 Y3.575 Z26.95
G0 F12000 X24.779 Y2.04
G0 X-24.441 Y-4.513
G0 X-26.873 Y-3.92
;TIME_ELAPSED:838.581577
;LAYER:205
;note -- min layer time used
;TYPE:FILL
;MESH:bridge.stl
G1 F3600 E1
G1 F8852.2 X-26.187 Y-2.823 E0.03147
G1 X-25.284 Y-1.114 E0.04701
G1 X-25.245 Y-1.094 E0.00107
G1 X-25.268 Y-0.009 E0.02639
G1 X-25.239 Y1.198 E0.02936
G1 X-25.284 Y1.113 E0.00234
G1 X-26.187 Y0.65 E0.02468
G1 X-27.09 Y0.785 E0.02221
G1 X-27.993 Y1.072 E0.02304
G1 X-28.919 Y1.492 E0.02473
G1 F3600 E-1
G0 F12000 X-24.917 Y3.96
G0 X-24.495 Y4.325
;TYPE:WALL-INNER
G1 F3600 E1
G1 F4550.7 X-24.68 Y3.055 E0.03121
G1 X-24.786 Y1.984 E0.02618
G1 X-24.843 Y1.01 E0.02373
G1 X-24.863 Y-0.014 E0.02491
G1 X-24.842 Y-1.036 E0.02486
G1 X-24.784 Y-2.011 E0.02376
G1 X-24.672 Y-3.144 E0.02769
G1 X-24.482 Y-4.324 E0.02907
G1 X-29.056 Y-4.325 E0.11125
G1 X-29.216 Y-2.927 E0.03422
G1 X-29.302 Y-1.972 E0.02332
G1 X-29.353 Y-.945 E0.02501
G1 X-29.369 Y-0.002 E0.02294
G1 X-29.348 Y1.001 E0.0244
G1 X-29.306 Y1.93 E0.02262
G1 X-29.214 Y2.944 E0.02476
G1 X-29.056 Y4.325 E0.03381
G1 X-24.495 Y4.325 E0.11093
G1 F3600 E-1
G0 F12000 X-23.968 Y4.75
;TYPE:WALL-OUTER
G1 F3600 E1
G1 F2400 X-24.108 Y4.033 E0.01777
G1 X-24.257 Y3.013 E0.02507
G1 X-24.362 Y1.959 E0.02576
G1 X-24.418 Y1.002 E0.02332
G1 X-24.438 Y-0.006 E0.02452
G1 X-24.418 Y-1.011 E0.02445
G1 X-24.361 Y-1.969 E0.02334
G1 X-24.252 Y-3.079 E0.02713
G1 X-24.102 Y-4.043 E0.02373
G1 X-23.97 Y-4.749 E0.01747
G1 X-29.404 Y-4.75 E0.13216
G1 X-29.532 Y-3.907 E0.02074
G1 X-29.641 Y-2.948 E0.02347
G1 X-29.726 Y-2.002 E0.0231
G1 X-29.778 Y-.959 E0.0254
G1 X-29.794 Y-0.001 E0.0233
G1 X-29.773 Y1.019 E0.02481
G1 X-29.73 Y1.959 E0.02289
G1 X-29.637 Y2.992 E0.02523
G1 X-29.532 Y3.907 E0.0224
G1 X-29.404 Y4.75 E0.02074
G1 X-23.968 Y4.75 E0.13221
G0 F12000 X-24.108 Y4.033
G0 X-24.117 Y3.965
G0 X-25.337 Y3.753
G1 F3600 E-1
G0 F12000 X-24.257 Y4.513
G0 X24.257 Y4.513
G0 X26.488 Y3.92
;TYPE:FILL
G1 F3600 E1
G1 F8852.2 X27.09 Y2.958 E0.0276
G1 X27.993 Y2.06 E0.03097
G1 X28.922 Y1.466 E0.02682
G1 F3600 E-1
G0 F12000 X24.916 Y3.96
G0 X24.482 Y4.324
;TYPE:WALL-INNER
G1 F3600 E1
G1 F4550.7 X29.056 Y4.325 E0.11125
G1 X29.216 Y2.927 E0.03422
G1 X29.302 Y1.972 E0.02332
G1 X29.353 Y0.945 E0.02501
G1 X29.368 Y-0.039 E0.02394
G1 X29.348 Y-1.005 E0.0235
G1 X29.306 Y-1.934 E0.02262
G1 X29.214 Y-2.949 E0.02479
G1 X29.055 Y-4.325 E0.03369
G1 X24.49 Y-4.325 E0.11103
G1 X24.676 Y-3.089 E0.0304
G1 X24.786 Y-1.985 E0.02698
G1 X24.843 Y-1.014 E0.02366
G1 X24.864 Y0.002 E0.02472
G1 X24.843 Y1.036 E0.02515
G1 X24.787 Y1.984 E0.0231
G1 X24.672 Y3.144 E0.02835
G1 X24.482 Y4.324 E0.02907
G1 F3600 E-1
G0 F12000 X23.97 Y4.749
;TYPE:WALL-OUTER
G1 F3600 E1
G1 F2400 X29.404 Y4.75 E0.13216
G1 X29.532 Y3.907 E0.02074
G1 X29.641 Y2.948 E0.02347
G1 X29.726 Y2.002 E0.0231
G1 X29.778 Y0.959 E0.0254
G1 X29.793 Y-0.048 E0.02449
G1 X29.773 Y-1.023 E0.02372
G1 X29.73 Y-1.963 E0.02289
G1 X29.636 Y-2.997 E0.02525
G1 X29.532 Y-3.907 E0.02228
G1 X29.405 Y-4.75 E0.02073
G1 X23.967 Y-4.75 E0.13226
G1 X24.104 Y-4.038 E0.01763
G1 X24.257 Y-3.013 E0.02521
G1 X24.362 Y-1.959 E0.02576
G1 X24.418 Y-1.005 E0.02324
G1 X24.439 Y0.001 E0.02447
G1 X24.418 Y1.011 E0.02457
G1 X24.361 Y1.969 E0.02334
G1 X24.252 Y3.079 E0.02713
G1 X24.102 Y4.043 E0.02373
G1 X23.97 Y4.749 E0.01747
G0 F12000 X24.77 Y4.749
G0 X25.181 Y3.575
G1 F3600 E-1
;MESH:NONMESH
G0 F600 X25.181 Y3.575 Z27.08
G0 F12000 X24.602 Y2.04
G0 X-24.257 Y-4.513
G0 X-26.924 Y-3.92
;TIME_ELAPSED:842.489532
;LAYER:206
;note -- min layer time used
;TYPE:FILL
;MESH:bridge.stl
G1 F3600 E1
G1 F8885.6 X-26.187 Y-2.593 E0.03692
G1 X-25.284 Y-.303 E0.05987
G1 X-25.098 Y-.307 E0.00452
G1 X-25.076 Y0.83 E0.02766
G1 X-25.284 Y0.302 E0.0138
G1 X-26.187 Y0.318 E0.02197
G1 X-27.09 Y0.615 E0.02312
G1 X-27.993 Y0.97 E0.0236
G1 X-28.788 Y1.365 E0.02159
G1 F3600 E-1
G0 F12000 X-24.731 Y3.96
G0 X-24.306 Y4.324
;TYPE:WALL-INNER
G1 F3600 E1
G1 F4561.9 X-24.496 Y3.068 E0.0309
G1 X-24.608 Y2.016 E0.02573
G1 X-24.667 Y1.036 E0.02388
G1 X-24.687 Y-0.014 E0.02554
G1 X-24.666 Y-1.035 E0.02484
G1 X-24.604 Y-2.013 E0.02383
G1 X-24.492 Y-3.098 E0.02653
G1 X-24.298 Y-4.324 E0.03019
G1 X-28.916 Y-4.325 E0.11232
G1 X-29.076 Y-2.928 E0.0342
G1 X-29.162 Y-1.948 E0.02393
G1 X-29.213 Y-.973 E0.02375
G1 X-29.229 Y0.036 E0.02454
G1 X-29.213 Y0.973 E0.02279
G1 X-29.159 Y1.988 E0.02472
G1 X-29.074 Y2.948 E0.02344
G1 X-28.91 Y4.325 E0.03373
G1 X-24.306 Y4.324 E0.11198
G1 F3600 E-1
G0 F12000 X-23.786 Y4.749
;TYPE:WALL-OUTER
G1 F3600 E1
G1 F2400 X-23.92 Y4.034 E0.01769
G1 X-24.073 Y3.023 E0.02487
G1 X-24.186 Y1.959 E0.02602
G1 X-24.242 Y1.006 E0.02322
G1 X-24.262 Y-0.006 E0.02462
G1 X-24.242 Y-1.008 E0.02437
G1 X-24.181 Y-1.97 E0.02344
G1 X-24.072 Y-3.034 E0.02601
G1 X-23.918 Y-4.043 E0.02482
G1 X-23.786 Y-4.749 E0.01747
G1 X-29.264 Y-4.75 E0.13323
G1 X-29.392 Y-3.907 E0.02074
G1 X-29.501 Y-2.946 E0.02352
G1 X-29.586 Y-1.978 E0.02363
G1 X-29.638 Y-.987 E0.02414
G1 X-29.654 Y0.043 E0.02505
G1 X-29.638 Y0.987 E0.02296
G1 X-29.583 Y2.025 E0.02528
G1 X-29.496 Y2.998 E0.02376
G1 X-29.386 Y3.918 E0.02254
G1 X-29.264 Y4.75 E0.02045
G1 X-23.786 Y4.749 E0.13323
G0 F12000 X-23.92 Y4.034
G0 X-23.93 Y3.962
G0 X-24.996 Y3.575
G1 F3600 E-1
G0 F12000 X-24.161 Y4.083
G0 X24.073 Y4.513
G0 X26.582 Y3.92
;TYPE:FILL
G1 F3600 E1
G1 F8885.6 X27.09 Y3.006 E0.02543
G1 X27.993 Y2.043 E0.03211
G1 X28.78 Y1.499 E0.02327
G1 F3600 E-1
G0 F12000 X24.731 Y3.96
G0 X24.298 Y4.324
;TYPE:WALL-INNER
G1 F3600 E1
G1 F4561.9 X28.916 Y4.325 E0.11232
G1 X29.076 Y2.928 E0.0342
G1 X29.162 Y1.948 E0.02393
G1 X29.213 Y0.973 E0.02375
G1 X29.228 Y-0.094 E0.02595
G1 X29.213 Y-.977 E0.02148
G1 X29.159 Y-1.992 E0.02472
G1 X29.074 Y-2.953 E0.02346
G1 X28.91 Y-4.325 E0.03361
G1 X24.306 Y-4.325 E0.11198
G1 X24.496 Y-3.068 E0.03092
G1 X24.608 Y-2.016 E0.02573
G1 X24.667 Y-1.044 E0.02368
G1 X24.688 Y0.00 E0.0254
G1 X24.666 Y1.035 E0.02518
G1 X24.604 Y2.013 E0.02383
G1 X24.492 Y3.098 E0.02653
G1 X24.298 Y4.324 E0.03019
G1 F3600 E-1
G0 F12000 X23.786 Y4.749
;TYPE:WALL-OUTER
G1 F3600 E1
G1 F2400 X29.264 Y4.75 E0.13323
G1 X29.392 Y3.907 E0.02074
G1 X29.501 Y2.946 E0.02352
G1 X29.586 Y1.978 E0.02363
G1 X29.638 Y0.987 E0.02414
G1 X29.653 Y-.101 E0.02646
G1 X29.638 Y-.991 E0.02165
G1 X29.586 Y-1.982 E0.02414
G1 X29.503 Y-2.943 E0.02346
G1 X29.386 Y-3.919 E0.02391
G1 X29.264 Y-4.75 E0.02043
G1 X23.786 Y-4.75 E0.13323
G1 X23.92 Y-4.038 E0.01762
G1 X24.073 Y-3.023 E0.02497
G1 X24.186 Y-1.959 E0.02602
G1 X24.242 Y-1.013 E0.02305
G1 X24.263 Y0.00 E0.02464
G1 X24.242 Y1.008 E0.02452
G1 X24.181 Y1.97 E0.02344
G1 X24.072 Y3.034 E0.02601
G1 X23.918 Y4.043 E0.02482
G1 X23.786 Y4.749 E0.01747
G0 F12000 X24.586 Y4.749
G0 X24.996 Y3.575
G1 F3600 E-1
;MESH:NONMESH
G0 F600 X24.996 Y3.575 Z27.21
G0 F12000 X24.422 Y2.042
G0 X-24.073 Y-4.513
G0 X-26.954 Y-3.92
;TIME_ELAPSED:846.398822
;LAYER:207
;note -- min layer time used
;TYPE:FILL
;MESH:bridge.stl
G1 F3600 E1
G1 F8719.5 X-26.753 Y-3.612 E0.00895
G1 X-26.34 Y-2.709 E0.02415
G1 X-26.044 Y-1.806 E0.02311
G1 X-25.887 Y-.903 E0.02229
G1 X-26.317 Y0.00 E0.02433
G1 X-28.074 Y0.903 E0.04805
G1 X-28.65 Y1.257 E0.01644
G1 F3600 E-1
G0 F12000 X-24.546 Y3.96
G0 X-24.123 Y4.325
;TYPE:WALL-INNER
G1 F3600 E1
G1 F4506.5 X-24.307 Y3.071 E0.03083
G1 X-24.426 Y1.984 E0.0266
G1 X-24.483 Y1.029 E0.02327
G1 X-24.503 Y-0.014 E0.02537
G1 X-24.482 Y-1.039 E0.02493
G1 X-24.42 Y-2.016 E0.02381
G1 X-24.308 Y-3.068 E0.02573
G1 X-24.122 Y-4.325 E0.0309
G1 X-28.776 Y-4.325 E0.11319
G1 X-28.936 Y-2.928 E0.0342
G1 X-29.022 Y-1.95 E0.02388
G1 X-29.069 Y-.973 E0.02379
G1 X-29.089 Y0.00 E0.02367
G1 X-29.068 Y1.003 E0.0244
G1 X-29.022 Y1.95 E0.02306
G1 X-28.934 Y2.948 E0.02437
G1 X-28.77 Y4.325 E0.03373
G1 X-24.123 Y4.325 E0.11302
G1 F3600 E-1
G0 F12000 X-23.599 Y4.75
;TYPE:WALL-OUTER
G1 F3600 E1
G1 F2400 X-23.736 Y4.033 E0.01775
G1 X-23.885 Y3.024 E0.02481
G1 X-24.002 Y1.959 E0.02606
G1 X-24.058 Y1.002 E0.02332
G1 X-24.078 Y-0.006 E0.02452
G1 X-24.058 Y-1.012 E0.02447
G1 X-23.997 Y-1.971 E0.02337
G1 X-23.884 Y-3.033 E0.02598
G1 X-23.734 Y-4.044 E0.02486
G1 X-23.599 Y-4.75 E0.01748
G1 X-29.124 Y-4.75 E0.13438
G1 X-29.252 Y-3.907 E0.02074
G1 X-29.361 Y-2.946 E0.02352
G1 X-29.446 Y-1.979 E0.02361
G1 X-29.494 Y-.987 E0.02416
G1 X-29.514 Y0.00 E0.02401
G1 X-29.493 Y1.024 E0.02491
G1 X-29.446 Y1.979 E0.02326
G1 X-29.356 Y2.998 E0.02488
G1 X-29.246 Y3.918 E0.02254
G1 X-29.124 Y4.75 E0.02045
G1 X-23.599 Y4.75 E0.13438
G0 F12000 X-23.736 Y4.033
G0 X-23.746 Y3.964
G0 X-24.811 Y3.575
G1 F3600 E-1
G0 F12000 X-23.976 Y4.082
G0 X23.888 Y4.513
G0 X26.613 Y3.92
;TYPE:FILL
G1 F3600 E1
G1 F8719.5 X26.754 Y3.612 E0.00824
G1 X27.343 Y2.709 E0.02622
G1 X28.25 Y1.806 E0.03113
G1 X28.635 Y1.569 E0.011
G1 F3600 E-1
G0 F12000 X24.546 Y3.96
G0 X24.122 Y4.325
;TYPE:WALL-INNER
G1 F3600 E1
G1 F4506.5 X28.776 Y4.325 E0.11319
G1 X28.936 Y2.928 E0.0342
G1 X29.022 Y1.95 E0.02388
G1 X29.069 Y0.973 E0.02379
G1 X29.088 Y-0.045 E0.02476
G1 X29.068 Y-1.007 E0.0234
G1 X29.022 Y-1.954 E0.02306
G1 X28.934 Y-2.953 E0.02439
G1 X28.77 Y-4.325 E0.03361
G1 X24.124 Y-4.325 E0.113
G1 X24.307 Y-3.071 E0.03082
G1 X24.426 Y-1.985 E0.02657
G1 X24.483 Y-1.033 E0.0232
G1 X24.504 Y0.00 E0.02513
G1 X24.482 Y1.039 E0.02528
G1 X24.42 Y2.016 E0.02381
G1 X24.308 Y3.068 E0.02573
G1 X24.122 Y4.325 E0.0309
G1 F3600 E-1
G0 F12000 X23.599 Y4.75
;TYPE:WALL-OUTER
G1 F3600 E1
G1 F2400 X29.124 Y4.75 E0.13438
G1 X29.252 Y3.907 E0.02074
G1 X29.361 Y2.946 E0.02352
G1 X29.446 Y1.979 E0.02361
G1 X29.494 Y0.987 E0.02416
G1 X29.513 Y-0.054 E0.02532
G1 X29.493 Y-1.028 E0.02369
G1 X29.446 Y-1.983 E0.02326
G1 X29.363 Y-2.943 E0.02344
G1 X29.246 Y-3.919 E0.02391
G1 X29.124 Y-4.75 E0.02043
G1 X23.599 Y-4.75 E0.13438
G1 X23.736 Y-4.037 E0.01766
G1 X23.885 Y-3.024 E0.0249
G1 X24.002 Y-1.959 E0.02606
G1 X24.058 Y-1.005 E0.02324
G1 X24.079 Y0.00 E0.02445
G1 X24.058 Y1.012 E0.02462
G1 X23.997 Y1.971 E0.02337
G1 X23.884 Y3.033 E0.02598
G1 X23.734 Y4.044 E0.02486
G1 X23.599 Y4.75 E0.01748
G0 F12000 X24.399 Y4.75
G0 X24.811 Y3.575
G1 F3600 E-1
;MESH:NONMESH
G0 F600 X24.811 Y3.575 Z27.34
G0 F12000 X24.237 Y2.041
G0 X-23.888 Y-4.513
G0 X-26.993 Y-3.92
;TIME_ELAPSED:850.260745
;LAYER:208
;note -- min layer time used
;TYPE:FILL
;MESH:bridge.stl
G1 F3600 E1
G1 F8746.1 X-26.806 Y-3.612 E0.00876
G1 X-26.436 Y-2.709 E0.02373
G1 X-26.203 Y-1.806 E0.02268
G1 X-26.17 Y-.903 E0.02198
G1 X-26.751 Y0.00 E0.02612
G1 X-28.268 Y0.903 E0.04294
G1 X-28.519 Y1.074 E0.00739
G1 F3600 E-1
G0 F12000 X-24.362 Y3.96
G0 X-23.939 Y4.325
;TYPE:WALL-INNER
G1 F3600 E1
G1 F4515.4 X-24.124 Y3.068 E0.0309
G1 X-24.236 Y2.016 E0.02573
G1 X-24.299 Y1.032 E0.02398
G1 X-24.319 Y-0.014 E0.02544
G1 X-24.298 Y-1.042 E0.02501
G1 X-24.232 Y-2.013 E0.02367
G1 X-24.12 Y-3.095 E0.02646
G1 X-23.938 Y-4.325 E0.03024
G1 X-28.635 Y-4.325 E0.11424
G1 X-28.796 Y-2.929 E0.03418
G1 X-28.88 Y-1.914 E0.02477
G1 X-28.929 Y-.972 E0.02294
G1 X-28.945 Y0.00 E0.02364
G1 X-28.929 Y0.972 E0.02364
G1 X-28.876 Y1.985 E0.02467
G1 X-28.793 Y2.952 E0.02361
G1 X-28.631 Y4.325 E0.03363
G1 X-23.939 Y4.325 E0.11412
G1 F3600 E-1
G0 F12000 X-23.415 Y4.75
;TYPE:WALL-OUTER
G1 F3600 E1
G1 F2400 X-23.552 Y4.033 E0.01775
G1 X-23.701 Y3.023 E0.02483
G1 X-23.814 Y1.96 E0.026
G1 X-23.874 Y1.002 E0.02335
G1 X-23.894 Y-0.006 E0.02452
G1 X-23.874 Y-1.013 E0.0245
G1 X-23.809 Y-1.97 E0.02333
G1 X-23.7 Y-3.033 E0.02599
G1 X-23.55 Y-4.044 E0.02486
G1 X-23.415 Y-4.75 E0.01748
G1 X-28.984 Y-4.75 E0.13545
G1 X-29.112 Y-3.907 E0.02074
G1 X-29.219 Y-2.971 E0.02291
G1 X-29.302 Y-1.979 E0.02421
G1 X-29.354 Y-.987 E0.02416
G1 X-29.37 Y0.00 E0.02401
G1 X-29.354 Y0.987 E0.02401
G1 X-29.299 Y2.021 E0.02518
G1 X-29.219 Y2.97 E0.02316
G1 X-29.106 Y3.918 E0.02322
G1 X-28.984 Y4.75 E0.02045
G1 X-23.415 Y4.75 E0.13545
G0 F12000 X-23.552 Y4.033
G0 X-23.562 Y3.964
G0 X-24.782 Y3.753
G1 F3600 E-1
G0 F12000 X-23.703 Y4.513
G0 X23.704 Y4.513
G0 X26.681 Y3.92
;TYPE:FILL
G1 F3600 E1
G1 F8746.1 X26.807 Y3.612 E0.00809
G1 X27.355 Y2.709 E0.02569
G1 X28.201 Y1.806 E0.0301
G1 X28.49 Y1.608 E0.00852
G1 F3600 E-1
G0 F12000 X24.362 Y3.96
G0 X23.938 Y4.325
;TYPE:WALL-INNER
G1 F3600 E1
G1 F4515.4 X28.635 Y4.325 E0.11424
G1 X28.796 Y2.929 E0.03418
G1 X28.878 Y1.95 E0.02389
G1 X28.929 Y0.972 E0.02382
G1 X28.944 Y-0.096 E0.02598
G1 X28.929 Y-.976 E0.02141
G1 X28.876 Y-1.989 E0.02467
G1 X28.793 Y-2.957 E0.02363
G1 X28.631 Y-4.325 E0.0335
G1 X23.94 Y-4.325 E0.11409
G1 X24.124 Y-3.068 E0.0309
G1 X24.236 Y-2.016 E0.02573
G1 X24.299 Y-1.036 E0.02388
G1 X24.32 Y0.00 E0.0252
G1 X24.298 Y1.042 E0.02535
G1 X24.232 Y2.013 E0.02367
G1 X24.12 Y3.095 E0.02646
G1 X23.938 Y4.325 E0.03024
G1 F3600 E-1
G0 F12000 X23.415 Y4.75
;TYPE:WALL-OUTER
G1 F3600 E1
G1 F2400 X28.984 Y4.75 E0.13545
G1 X29.112 Y3.907 E0.02074
G1 X29.219 Y2.971 E0.02291
G1 X29.302 Y1.979 E0.02421
G1 X29.354 Y0.987 E0.02416
G1 X29.369 Y-.103 E0.02651
G1 X29.354 Y-.991 E0.0216
G1 X29.299 Y-2.025 E0.02518
G1 X29.219 Y-2.974 E0.02316
G1 X29.106 Y-3.919 E0.02315
G1 X28.984 Y-4.75 E0.02043
G1 X23.415 Y-4.75 E0.13545
G1 X23.552 Y-4.037 E0.01766
G1 X23.701 Y-3.023 E0.02493
G1 X23.814 Y-1.96 E0.026
G1 X23.874 Y-1.006 E0.02325
G1 X23.895 Y0.00 E0.02447
G1 X23.874 Y1.013 E0.02464
G1 X23.809 Y1.97 E0.02333
G1 X23.7 Y3.033 E0.02599
G1 X23.55 Y4.044 E0.02486
G1 X23.415 Y4.75 E0.01748
G0 F12000 X24.215 Y4.75
G0 X24.627 Y3.575
G1 F3600 E-1
;MESH:NONMESH
G0 F600 X24.627 Y3.575 Z27.47
G0 F12000 X24.052 Y2.041
G0 X-23.704 Y-4.513
G0 X-27.027 Y-3.92
;TIME_ELAPSED:854.123930
;LAYER:209
;note -- min layer time used
;TYPE:FILL
;MESH:bridge.stl
G1 F3600 E1
G1 F8766.1 X-26.854 Y-3.612 E0.00859
G1 X-26.526 Y-2.709 E0.02337
G1 X-26.351 Y-1.806 E0.02237
G1 X-26.414 Y-.903 E0.02202
G1 X-27.067 Y0.00 E0.0271
G1 X-28.386 Y0.87 E0.03843
G1 F3600 E-1
G0 F12000 X-24.177 Y3.96
G0 X-23.755 Y4.325
;TYPE:WALL-INNER
G1 F3600 E1
G1 F4522 X-23.94 Y3.068 E0.0309
G1 X-24.052 Y2.016 E0.02573
G1 X-24.111 Y1.032 E0.02398
G1 X-24.135 Y-0.017 E0.02552
G1 X-24.11 Y-1.039 E0.02486
G1 X-24.048 Y-2.013 E0.02374
G1 X-23.936 Y-3.095 E0.02646
G1 X-23.755 Y-4.325 E0.03024
G1 X-28.495 Y-4.325 E0.11528
G1 X-28.656 Y-2.929 E0.03418
G1 X-28.738 Y-1.95 E0.02389
G1 X-28.789 Y-.973 E0.02379
G1 X-28.805 Y0.00 E0.02367
G1 X-28.789 Y0.973 E0.02367
G1 X-28.738 Y1.95 E0.02379
G1 X-28.653 Y2.952 E0.02446
G1 X-28.491 Y4.325 E0.03363
G1 X-23.755 Y4.325 E0.11519
G1 F3600 E-1
G0 F12000 X-23.228 Y4.75
;TYPE:WALL-OUTER
G1 F3600 E1
G1 F2400 X-23.368 Y4.033 E0.01777
G1 X-23.517 Y3.023 E0.02483
G1 X-23.63 Y1.959 E0.02602
G1 X-23.686 Y1.003 E0.02329
G1 X-23.71 Y-0.007 E0.02457
G1 X-23.686 Y-1.012 E0.02445
G1 X-23.625 Y-1.97 E0.02335
G1 X-23.516 Y-3.033 E0.02599
G1 X-23.366 Y-4.044 E0.02486
G1 X-23.228 Y-4.75 E0.0175
G1 X-28.844 Y-4.75 E0.13659
G1 X-28.972 Y-3.907 E0.02074
G1 X-29.079 Y-2.971 E0.02291
G1 X-29.162 Y-1.979 E0.02421
G1 X-29.214 Y-.987 E0.02416
G1 X-29.23 Y0.00 E0.02401
G1 X-29.214 Y0.987 E0.02401
G1 X-29.162 Y1.979 E0.02416
G1 X-29.079 Y2.97 E0.02419
G1 X-28.966 Y3.918 E0.02322
G1 X-28.844 Y4.75 E0.02045
G1 X-23.228 Y4.75 E0.13659
G0 F12000 X-23.368 Y4.033
G0 X-23.378 Y3.965
G0 X-24.597 Y3.753
G1 F3600 E-1
G0 F12000 X-23.517 Y4.513
G0 X23.517 Y4.513
G0 X26.743 Y3.92
;TYPE:FILL
G1 F3600 E1
G1 F8766.1 X26.855 Y3.612 E0.00797
G1 X27.363 Y2.709 E0.0252
G1 X28.151 Y1.806 E0.02915
G1 X28.348 Y1.659 E0.00598
G1 F3600 E-1
G0 F12000 X24.177 Y3.96
G0 X23.755 Y4.325
;TYPE:WALL-INNER
G1 F3600 E1
G1 F4522 X28.495 Y4.325 E0.11528
G1 X28.656 Y2.929 E0.03418
G1 X28.738 Y1.95 E0.02389
G1 X28.789 Y0.973 E0.02379
G1 X28.804 Y-.109 E0.02632
G1 X28.789 Y-.977 E0.02111
G1 X28.738 Y-1.954 E0.02379
G1 X28.653 Y-2.957 E0.02448
G1 X28.491 Y-4.325 E0.0335
G1 X23.75 Y-4.325 E0.11531
G1 X23.94 Y-3.068 E0.03092
G1 X24.052 Y-2.016 E0.02573
G1 X24.111 Y-1.036 E0.02388
G1 X24.136 Y0.00 E0.0252
G1 X24.11 Y1.039 E0.02528
G1 X24.048 Y2.013 E0.02374
G1 X23.936 Y3.095 E0.02646
G1 X23.755 Y4.325 E0.03024
G1 F3600 E-1
G0 F12000 X23.228 Y4.75
;TYPE:WALL-OUTER
G1 F3600 E1
G1 F2400 X28.844 Y4.75 E0.13659
G1 X28.972 Y3.907 E0.02074
G1 X29.079 Y2.971 E0.02291
G1 X29.162 Y1.979 E0.02421
G1 X29.214 Y0.987 E0.02416
G1 X29.229 Y-.116 E0.02683
G1 X29.214 Y-.991 E0.02128
G1 X29.162 Y-1.983 E0.02416
G1 X29.079 Y-2.974 E0.02419
G1 X28.966 Y-3.919 E0.02315
G1 X28.844 Y-4.75 E0.02043
G1 X23.227 Y-4.75 E0.13661
G1 X23.364 Y-4.038 E0.01763
G1 X23.517 Y-3.023 E0.02497
G1 X23.63 Y-1.959 E0.02602
G1 X23.686 Y-1.006 E0.02322
G1 X23.711 Y0.00 E0.02447
G1 X23.686 Y1.012 E0.02462
G1 X23.625 Y1.97 E0.02335
G1 X23.516 Y3.033 E0.02599
G1 X23.366 Y4.044 E0.02486
G1 X23.228 Y4.75 E0.0175
G0 F12000 X24.028 Y4.75
G0 X24.442 Y3.575
G1 F3600 E-1
;MESH:NONMESH
G0 F600 X24.442 Y3.575 Z27.6
G0 F12000 X23.867 Y2.041
G0 X-23.607 Y-4.083
G0 X-27.057 Y-3.92
;TIME_ELAPSED:857.972025
;LAYER:210
;note -- min layer time used
;TYPE:FILL
;MESH:bridge.stl
G1 F3600 E1
G1 F8796 X-26.897 Y-3.612 E0.00844
G1 X-26.61 Y-2.709 E0.02304
G1 X-26.489 Y-1.806 E0.02216
G1 X-26.628 Y-.903 E0.02222
G1 X-27.322 Y0.00 E0.0277
G1 X-28.249 Y0.664 E0.02773
G1 F3600 E-1
G0 F12000 X-23.99 Y3.96
G0 X-23.566 Y4.325
;TYPE:WALL-INNER
G1 F3600 E1
G1 F4532 X-23.756 Y3.068 E0.03092
G1 X-23.868 Y2.016 E0.02573
G1 X-23.927 Y1.032 E0.02398
G1 X-23.947 Y-0.014 E0.02544
G1 X-23.926 Y-1.039 E0.02493
G1 X-23.864 Y-2.013 E0.02374
G1 X-23.752 Y-3.098 E0.02653
G1 X-23.565 Y-4.325 E0.03019
G1 X-28.358 Y-4.325 E0.11657
G1 X-28.513 Y-2.913 E0.03455
G1 X-28.598 Y-1.948 E0.02356
G1 X-28.649 Y-.973 E0.02375
G1 X-28.665 Y0.00 E0.02367
G1 X-28.649 Y0.973 E0.02367
G1 X-28.595 Y1.99 E0.02477
G1 X-28.51 Y2.947 E0.02337
G1 X-28.352 Y4.325 E0.03373
G1 X-23.566 Y4.325 E0.1164
G1 F3600 E-1
G0 F12000 X-23.034 Y4.75
;TYPE:WALL-OUTER
G1 F3600 E1
G1 F2400 X-23.18 Y4.034 E0.01777
G1 X-23.333 Y3.023 E0.02487
G1 X-23.446 Y1.959 E0.02602
G1 X-23.502 Y1.002 E0.02332
G1 X-23.522 Y-0.006 E0.02452
G1 X-23.502 Y-1.012 E0.02447
G1 X-23.441 Y-1.97 E0.02335
G1 X-23.332 Y-3.034 E0.02601
G1 X-23.178 Y-4.045 E0.02487
G1 X-23.037 Y-4.75 E0.01749
G1 X-28.701 Y-4.75 E0.13776
G1 X-28.832 Y-3.907 E0.02075
G1 X-28.935 Y-2.971 E0.0229
G1 X-29.022 Y-1.978 E0.02424
G1 X-29.074 Y-.987 E0.02414
G1 X-29.09 Y0.00 E0.02401
G1 X-29.074 Y0.987 E0.02401
G1 X-29.022 Y1.978 E0.02414
G1 X-28.932 Y2.995 E0.02483
G1 X-28.828 Y3.907 E0.02232
G1 X-28.7 Y4.75 E0.02074
G1 X-23.034 Y4.75 E0.13781
G0 F12000 X-23.18 Y4.034
G0 X-23.19 Y3.966
G0 X-24.411 Y3.754
G1 F3600 E-1
G0 F12000 X-23.327 Y4.513
G0 X23.327 Y4.513
G0 X26.8 Y3.919
;TYPE:FILL
G1 F3600 E1
G1 F8796 X26.898 Y3.612 E0.00784
G1 X27.366 Y2.709 E0.02474
G1 X28.099 Y1.806 E0.02829
G1 X28.204 Y1.72 E0.0033
G1 F3600 E-1
G0 F12000 X23.99 Y3.96
G0 X23.565 Y4.325
;TYPE:WALL-INNER
G1 F3600 E1
G1 F4532 X28.356 Y4.324 E0.11652
G1 X28.513 Y2.913 E0.03453
G1 X28.598 Y1.948 E0.02356
G1 X28.649 Y0.973 E0.02375
G1 X28.664 Y-0.098 E0.02605
G1 X28.649 Y-.977 E0.02138
G1 X28.595 Y-1.994 E0.02477
G1 X28.51 Y-2.952 E0.02339
G1 X28.351 Y-4.325 E0.03362
G1 X23.565 Y-4.325 E0.1164
G1 X23.756 Y-3.068 E0.03092
G1 X23.868 Y-2.016 E0.02573
G1 X23.927 Y-1.036 E0.02388
G1 X23.948 Y0.00 E0.0252
G1 X23.926 Y1.039 E0.02528
G1 X23.864 Y2.013 E0.02374
G1 X23.752 Y3.098 E0.02653
G1 X23.565 Y4.325 E0.03019
G1 F3600 E-1
G0 F12000 X23.037 Y4.75
;TYPE:WALL-OUTER
G1 F3600 E1
G1 F2400 X28.701 Y4.749 E0.13776
G1 X28.831 Y3.907 E0.02072
G1 X28.937 Y2.95 E0.02342
G1 X29.022 Y1.978 E0.02373
G1 X29.074 Y0.987 E0.02414
G1 X29.089 Y-.105 E0.02656
G1 X29.074 Y-.991 E0.02155
G1 X29.022 Y-1.982 E0.02414
G1 X28.932 Y-3 E0.02486
G1 X28.828 Y-3.907 E0.0222
G1 X28.701 Y-4.75 E0.02073
G1 X23.035 Y-4.75 E0.13781
G1 X23.18 Y-4.038 E0.01767
G1 X23.333 Y-3.023 E0.02497
G1 X23.446 Y-1.959 E0.02602
G1 X23.502 Y-1.006 E0.02322
G1 X23.523 Y0.00 E0.02447
G1 X23.502 Y1.012 E0.02462
G1 X23.441 Y1.97 E0.02335
G1 X23.332 Y3.034 E0.02601
G1 X23.178 Y4.045 E0.02487
G1 X23.037 Y4.75 E0.01749
G0 F12000 X23.837 Y4.75
G0 X24.255 Y3.575
G1 F3600 E-1
;MESH:NONMESH
G0 F600 X24.255 Y3.575 Z27.73
G0 F12000 X23.682 Y2.041
G0 X-23.419 Y-4.085
G0 X-27.081 Y-3.92
;TIME_ELAPSED:861.817161
;LAYER:211
;note -- min layer time used
;TYPE:FILL
;MESH:bridge.stl
G1 F3600 E1
G1 F8827.7 X-26.935 Y-3.612 E0.00829
G1 X-26.689 Y-2.709 E0.02276
G1 X-26.618 Y-1.806 E0.02203
G1 X-26.821 Y-.903 E0.02251
G1 X-27.541 Y0.00 E0.02809
G1 X-28.109 Y0.435 E0.0174
G1 F3600 E-1
G0 F12000 X-23.796 Y3.96
G0 X-23.369 Y4.325
;TYPE:WALL-INNER
G1 F3600 E1
G1 F4542.6 X-23.555 Y3.119 E0.02968
G1 X-23.683 Y2.023 E0.02684
G1 X-23.743 Y1.029 E0.02422
G1 X-23.763 Y-0.014 E0.02537
G1 X-23.742 Y-1.039 E0.02493
G1 X-23.68 Y-2.018 E0.02386
G1 X-23.56 Y-3.114 E0.02682
G1 X-23.368 Y-4.325 E0.02982
G1 X-28.211 Y-4.325 E0.11779
G1 X-28.372 Y-2.928 E0.0342
G1 X-28.458 Y-1.95 E0.02388
G1 X-28.505 Y-.974 E0.02377
G1 X-28.521 Y0.00 E0.02369
G1 X-28.505 Y0.974 E0.02369
G1 X-28.458 Y1.95 E0.02377
G1 X-28.37 Y2.948 E0.02437
G1 X-28.205 Y4.325 E0.03373
G1 X-23.369 Y4.325 E0.11762
G1 F3600 E-1
G0 F12000 X-22.841 Y4.75
;TYPE:WALL-OUTER
G1 F3600 E1
G1 F2400 X-22.984 Y4.035 E0.01773
G1 X-23.133 Y3.07 E0.02375
G1 X-23.262 Y1.959 E0.0272
G1 X-23.318 Y1.001 E0.02334
G1 X-23.338 Y-0.005 E0.02447
G1 X-23.318 Y-1.012 E0.0245
G1 X-23.257 Y-1.972 E0.0234
G1 X-23.135 Y-3.08 E0.02711
G1 X-22.982 Y-4.045 E0.02376
G1 X-22.841 Y-4.75 E0.01749
G1 X-28.554 Y-4.75 E0.13895
G1 X-28.688 Y-3.906 E0.02078
G1 X-28.797 Y-2.946 E0.0235
G1 X-28.882 Y-1.979 E0.02361
G1 X-28.93 Y-.987 E0.02416
G1 X-28.946 Y0.00 E0.02401
G1 X-28.93 Y0.987 E0.02401
G1 X-28.882 Y1.979 E0.02416
G1 X-28.792 Y2.998 E0.02488
G1 X-28.684 Y3.906 E0.02224
G1 X-28.553 Y4.75 E0.02077
G1 X-22.841 Y4.75 E0.13892
G0 F12000 X-22.984 Y4.035
G0 X-22.994 Y3.965
G0 X-24.218 Y3.756
G1 F3600 E-1
G0 F12000 X-23.133 Y4.513
G0 X23.133 Y4.513
G0 X26.852 Y3.919
;TYPE:FILL
G1 F3600 E1
G1 F8827.7 X26.936 Y3.612 E0.00774
G1 X27.364 Y2.709 E0.0243
G1 X28.06 Y1.794 E0.02796
G1 F3600 E-1
G0 F12000 X23.796 Y3.96
G0 X23.368 Y4.325
;TYPE:WALL-INNER
G1 F3600 E1
G1 F4542.6 X28.211 Y4.324 E0.11779
G1 X28.372 Y2.928 E0.03418
G1 X28.458 Y1.95 E0.02388
G1 X28.505 Y0.974 E0.02377
G1 X28.52 Y-0.098 E0.02608
G1 X28.505 Y-.978 E0.02141
G1 X28.458 Y-1.954 E0.02377
G1 X28.37 Y-2.953 E0.02439
G1 X28.205 Y-4.325 E0.03361
G1 X23.37 Y-4.325 E0.11759
G1 X23.555 Y-3.119 E0.02967
G1 X23.683 Y-2.023 E0.02684
G1 X23.743 Y-1.033 E0.02412
G1 X23.764 Y0.00 E0.02513
G1 X23.742 Y1.039 E0.02528
G1 X23.68 Y2.018 E0.02386
G1 X23.56 Y3.114 E0.02682
G1 X23.368 Y4.325 E0.02982
G1 F3600 E-1
G0 F12000 X22.841 Y4.75
;TYPE:WALL-OUTER
G1 F3600 E1
G1 F2400 X28.554 Y4.749 E0.13895
G1 X28.688 Y3.906 E0.02076
G1 X28.797 Y2.946 E0.0235
G1 X28.882 Y1.979 E0.02361
G1 X28.93 Y0.987 E0.02416
G1 X28.945 Y-.105 E0.02656
G1 X28.93 Y-.991 E0.02155
G1 X28.882 Y-1.983 E0.02416
G1 X28.799 Y-2.943 E0.02344
G1 X28.684 Y-3.906 E0.02359
G1 X28.553 Y-4.75 E0.02077
G1 X22.842 Y-4.75 E0.1389
G1 X22.984 Y-4.039 E0.01763
G1 X23.133 Y-3.07 E0.02384
G1 X23.262 Y-1.959 E0.0272
G1 X23.318 Y-1.005 E0.02324
G1 X23.339 Y0.00 E0.02445
G1 X23.318 Y1.012 E0.02462
G1 X23.257 Y1.972 E0.0234
G1 X23.135 Y3.08 E0.02711
G1 X22.982 Y4.045 E0.02376
G1 X22.841 Y4.75 E0.01749
G0 F12000 X23.641 Y4.75
G0 X24.062 Y3.575
G1 F3600 E-1
;MESH:NONMESH
G0 F600 X24.062 Y3.575 Z27.86
G0 F12000 X23.497 Y2.043
G0 X-23.225 Y-4.086
G0 X-27.102 Y-3.92
;TIME_ELAPSED:865.659514
;LAYER:212
;note -- min layer time used
;TYPE:FILL
;MESH:bridge.stl
G1 F3600 E1
G1 F8847.7 X-26.969 Y-3.612 E0.00816
G1 X-26.762 Y-2.709 E0.02253
G1 X-26.738 Y-1.806 E0.02197
G1 X-26.997 Y-.903 E0.02285
G1 X-27.734 Y0.00 E0.02835
G1 X-27.973 Y0.194 E0.00749
G1 F3600 E-1
G0 F12000 X-23.602 Y3.96
G0 X-23.177 Y4.325
;TYPE:WALL-INNER
G1 F3600 E1
G1 F4549.2 X-23.36 Y3.144 E0.02907
G1 X-23.49 Y1.987 E0.02832
G1 X-23.551 Y1.029 E0.02335
G1 X-23.575 Y-0.017 E0.02545
G1 X-23.55 Y-1.042 E0.02494
G1 X-23.484 Y-2.016 E0.02374
G1 X-23.368 Y-3.112 E0.02681
G1 X-23.176 Y-4.325 E0.02987
G1 X-28.062 Y-4.325 E0.11883
G1 X-28.228 Y-2.926 E0.03426
G1 X-28.314 Y-1.956 E0.02368
G1 X-28.365 Y-.973 E0.02394
G1 X-28.381 Y0.00 E0.02367
G1 X-28.365 Y0.974 E0.02369
G1 X-28.318 Y1.94 E0.02352
G1 X-28.234 Y2.859 E0.02244
G1 X-28.058 Y4.325 E0.03591
G1 X-23.177 Y4.325 E0.11871
G1 F3600 E-1
G0 F12000 X-22.649 Y4.75
;TYPE:WALL-OUTER
G1 F3600 E1
G1 F2400 X-22.792 Y4.035 E0.01773
G1 X-22.941 Y3.069 E0.02377
G1 X-23.066 Y1.96 E0.02714
G1 X-23.126 Y1.003 E0.02332
G1 X-23.15 Y-0.007 E0.02457
G1 X-23.126 Y-1.013 E0.02447
G1 X-23.061 Y-1.971 E0.02335
G1 X-22.943 Y-3.08 E0.02712
G1 X-22.79 Y-4.045 E0.02376
G1 X-22.649 Y-4.75 E0.01749
G1 X-28.406 Y-4.75 E0.14002
G1 X-28.542 Y-3.887 E0.02125
G1 X-28.651 Y-2.97 E0.02246
G1 X-28.738 Y-1.986 E0.02403
G1 X-28.79 Y-.987 E0.02433
G1 X-28.806 Y0.00 E0.02401
G1 X-28.79 Y0.987 E0.02401
G1 X-28.746 Y1.909 E0.02245
G1 X-28.656 Y2.91 E0.02444
G1 X-28.536 Y3.905 E0.02438
G1 X-28.405 Y4.75 E0.0208
G1 X-22.649 Y4.75 E0.13999
G0 F12000 X-22.792 Y4.035
G0 X-22.802 Y3.965
G0 X-24.024 Y3.756
G1 F3600 E-1
G0 F12000 X-22.939 Y4.513
G0 X22.939 Y4.513
G0 X26.9 Y3.919
;TYPE:FILL
G1 F3600 E1
G1 F8847.7 X26.97 Y3.612 E0.00766
G1 X27.359 Y2.709 E0.02391
G1 X27.91 Y1.923 E0.02335
G1 F3600 E-1
G0 F12000 X23.602 Y3.96
G0 X23.176 Y4.325
;TYPE:WALL-INNER
G1 F3600 E1
G1 F4549.2 X28.061 Y4.324 E0.11881
G1 X28.228 Y2.926 E0.03424
G1 X28.314 Y1.956 E0.02368
G1 X28.365 Y0.973 E0.02394
G1 X28.38 Y-.112 E0.02639
G1 X28.365 Y-.978 E0.02107
G1 X28.318 Y-1.944 E0.02352
G1 X28.234 Y-2.863 E0.02244
G1 X28.057 Y-4.325 E0.03582
G1 X23.172 Y-4.325 E0.11881
G1 X23.363 Y-3.116 E0.02977
G1 X23.49 Y-1.987 E0.02763
G1 X23.551 Y-1.033 E0.02325
G1 X23.576 Y0.00 E0.02513
G1 X23.55 Y1.042 E0.02535
G1 X23.484 Y2.016 E0.02374
G1 X23.368 Y3.112 E0.02681
G1 X23.176 Y4.325 E0.02987
G1 F3600 E-1
G0 F12000 X22.649 Y4.75
;TYPE:WALL-OUTER
G1 F3600 E1
G1 F2400 X28.406 Y4.749 E0.14002
G1 X28.541 Y3.887 E0.02122
G1 X28.651 Y2.97 E0.02246
G1 X28.738 Y1.986 E0.02403
G1 X28.79 Y0.987 E0.02433
G1 X28.805 Y-.119 E0.0269
G1 X28.79 Y-.991 E0.02121
G1 X28.738 Y-2.033 E0.02537
G1 X28.663 Y-2.854 E0.02005
G1 X28.534 Y-3.921 E0.02614
G1 X28.405 Y-4.75 E0.02041
G1 X22.648 Y-4.75 E0.14002
G1 X22.787 Y-4.04 E0.0176
G1 X22.941 Y-3.069 E0.02391
G1 X23.066 Y-1.96 E0.02714
G1 X23.126 Y-1.007 E0.02322
G1 X23.151 Y0.00 E0.0245
G1 X23.126 Y1.013 E0.02465
G1 X23.061 Y1.971 E0.02335
G1 X22.943 Y3.08 E0.02712
G1 X22.79 Y4.045 E0.02376
G1 X22.649 Y4.75 E0.01749
G0 F12000 X23.449 Y4.75
G0 X23.868 Y3.575
G1 F3600 E-1
;MESH:NONMESH
G0 F600 X23.868 Y3.575 Z27.99
G0 F12000 X23.031 Y4.086
G0 X-23.189 Y3.065
G0 X-23.9 Y1.813
G0 X-23.715 Y1.802
;TIME_ELAPSED:869.493024
;LAYER:213
;TYPE:FILL
;MESH:bridge.stl
G1 F3600 E1
G1 F9600 X-23.737 Y2.709 E0.02207
G1 X-23.569 Y3.612 E0.02234
G1 X-23.453 Y3.92 E0.008
G1 X-27.55 Y3.92 E0.09965
G1 X-27.677 Y2.892 E0.02519
G1 X-27.763 Y1.913 E0.0239
G1 X-27.816 Y0.962 E0.02317
G1 X-27.831 Y-0.095 E0.02571
G1 X-27.158 Y-.903 E0.02558
G1 X-26.851 Y-1.806 E0.0232
G1 X-26.83 Y-2.709 E0.02197
G1 X-26.998 Y-3.612 E0.02234
G1 X-27.117 Y-3.92 E0.00803
G1 F3600 E-1
G0 F12000 X-23.408 Y3.96
G0 X-22.981 Y4.325
;TYPE:WALL-INNER
G1 F3600 E1
G1 F4800 X-23.167 Y3.119 E0.02968
G1 X-23.295 Y2.023 E0.02684
G1 X-23.355 Y1.013 E0.02461
G1 X-23.379 Y-0.021 E0.02516
G1 X-23.354 Y-1.039 E0.02477
G1 X-23.292 Y-2.018 E0.02386
G1 X-23.172 Y-3.114 E0.02682
G1 X-22.98 Y-4.325 E0.02982
G1 X-27.914 Y-4.325 E0.12
G1 X-28.082 Y-2.903 E0.03483
G1 X-28.166 Y-1.947 E0.02334
G1 X-28.221 Y-.971 E0.02378
G1 X-28.236 Y-0.082 E0.02162
G1 X-28.221 Y0.972 E0.02564
G1 X-28.163 Y1.985 E0.02468
G1 X-28.077 Y2.95 E0.02356
G1 X-27.908 Y4.325 E0.03369
G1 X-22.981 Y4.325 E0.11983
G1 F3600 E-1
G0 F12000 X-22.453 Y4.75
;TYPE:WALL-OUTER
G1 F3600 E1
G1 F2400 X-22.596 Y4.035 E0.01773
G1 X-22.745 Y3.07 E0.02375
G1 X-22.874 Y1.959 E0.0272
G1 X-22.93 Y1.003 E0.02329
G1 X-22.954 Y-0.011 E0.02467
G1 X-22.93 Y-1.012 E0.02435
G1 X-22.869 Y-1.972 E0.0234
G1 X-22.747 Y-3.08 E0.02711
G1 X-22.594 Y-4.045 E0.02376
G1 X-22.453 Y-4.75 E0.01749
G1 X-28.258 Y-4.75 E0.14119
G1 X-28.394 Y-3.887 E0.02125
G1 X-28.503 Y-2.97 E0.02246
G1 X-28.59 Y-1.978 E0.02422
G1 X-28.646 Y-.986 E0.02417
G1 X-28.661 Y-0.083 E0.02197
G1 X-28.646 Y0.987 E0.02603
G1 X-28.587 Y2.022 E0.02521
G1 X-28.503 Y2.969 E0.02312
G1 X-28.386 Y3.919 E0.02328
G1 X-28.257 Y4.75 E0.02045
G1 X-22.453 Y4.75 E0.14116
G0 F12000 X-22.596 Y4.035
G0 X-22.606 Y3.965
G0 X-23.83 Y3.756
G1 F3600 E-1
G0 F12000 X-23.109 Y2.043
G0 X22.745 Y-4.513
G0 X23.627 Y-3.92
;TYPE:FILL
G1 F3600 E1
G1 F9600 X23.521 Y-3.487 E0.01084
G1 X23.593 Y-2.956 E0.01303
G1 X23.702 Y-2.011 E0.02314
G1 X23.76 Y-1.038 E0.02371
G1 X23.784 Y0.015 E0.02562
G1 X23.759 Y1.065 E0.02554
G1 X23.697 Y2.021 E0.0233
G1 X23.602 Y2.897 E0.02143
G1 X23.615 Y2.897 E0.00032
G1 X23.454 Y3.919 E0.02516
G1 X26.942 Y3.919 E0.08483
G1 X26.999 Y3.612 E0.00759
G1 X27.349 Y2.709 E0.02355
G1 X27.747 Y2.095 E0.0178
G1 F3600 E-1
G0 F12000 X23.408 Y3.96
G0 X22.98 Y4.325
;TYPE:WALL-INNER
G1 F3600 E1
G1 F4800 X27.913 Y4.324 E0.11998
G1 X28.08 Y2.926 E0.03424
G1 X28.166 Y1.947 E0.0239
G1 X28.221 Y0.971 E0.02378
G1 X28.236 Y0.041 E0.02262
G1 X28.221 Y-.976 E0.02474
G1 X28.163 Y-1.989 E0.02468
G1 X28.078 Y-2.955 E0.02359
G1 X27.908 Y-4.325 E0.03358
G1 X22.982 Y-4.325 E0.11981
G1 X23.167 Y-3.119 E0.02967
G1 X23.295 Y-2.023 E0.02684
G1 X23.355 Y-1.017 E0.02451
G1 X23.379 Y0.022 E0.02528
G1 X23.354 Y1.039 E0.02474
G1 X23.292 Y2.018 E0.02386
G1 X23.172 Y3.114 E0.02682
G1 X22.98 Y4.325 E0.02982
G1 F3600 E-1
G0 F12000 X22.453 Y4.75
;TYPE:WALL-OUTER
G1 F3600 E1
G1 F2400 X28.258 Y4.749 E0.14119
G1 X28.393 Y3.887 E0.02122
G1 X28.503 Y2.97 E0.02246
G1 X28.59 Y1.978 E0.02422
G1 X28.646 Y0.986 E0.02417
G1 X28.661 Y0.035 E0.02313
G1 X28.646 Y-.991 E0.02496
G1 X28.59 Y-1.982 E0.02414
G1 X28.499 Y-3.007 E0.02503
G1 X28.386 Y-3.919 E0.02235
G1 X28.257 Y-4.75 E0.02045
G1 X22.454 Y-4.75 E0.14114
G1 X22.596 Y-4.039 E0.01763
G1 X22.745 Y-3.07 E0.02384
G1 X22.874 Y-1.959 E0.0272
G1 X22.93 Y-1.006 E0.02322
G1 X22.954 Y0.012 E0.02477
G1 X22.93 Y1.012 E0.02433
G1 X22.869 Y1.972 E0.0234
G1 X22.747 Y3.08 E0.02711
G1 X22.594 Y4.045 E0.02376
G1 X22.453 Y4.75 E0.01749
G0 F12000 X23.253 Y4.75
G0 X23.674 Y3.575
G1 F3600 E-1
;MESH:NONMESH
G0 F600 X23.674 Y3.575 Z28.12
G0 F12000 X22.837 Y4.086
G0 X-23.109 Y2.043
G0 X-23.531 Y1.602
;TIME_ELAPSED:873.606584
;LAYER:214
;TYPE:FILL
;MESH:bridge.stl
G1 F3600 E1
G1 F9600 X-23.61 Y1.806 E0.00532
G1 X-23.674 Y2.709 E0.02202
G1 X-23.544 Y3.612 E0.02219
G1 X-23.438 Y3.92 E0.00792
G1 X-27.395 Y3.92 E0.09624
G1 X-27.532 Y2.866 E0.02585
G1 X-27.619 Y1.913 E0.02327
G1 X-27.667 Y1.002 E0.02219
G1 X-27.692 Y-.448 E0.03527
G1 X-27.308 Y-.903 E0.01448
G1 X-26.957 Y-1.806 E0.02356
G1 X-26.893 Y-2.709 E0.02202
G1 X-27.023 Y-3.612 E0.02219
G1 X-27.129 Y-3.92 E0.00792
G1 F3600 E-1
G0 F12000 X-23.214 Y3.96
G0 X-22.789 Y4.325
;TYPE:WALL-INNER
G1 F3600 E1
G1 F4800 X-22.972 Y3.144 E0.02907
G1 X-23.102 Y1.987 E0.02832
G1 X-23.163 Y1.032 E0.02327
G1 X-23.183 Y-0.014 E0.02544
G1 X-23.162 Y-1.042 E0.02501
G1 X-23.096 Y-2.016 E0.02374
G1 X-22.98 Y-3.112 E0.02681
G1 X-22.787 Y-4.325 E0.02987
G1 X-27.765 Y-4.325 E0.12107
G1 X-27.934 Y-2.905 E0.03478
G1 X-28.022 Y-1.947 E0.0234
G1 X-28.073 Y-.973 E0.02372
G1 X-28.089 Y0.00 E0.02367
G1 X-28.073 Y0.973 E0.02367
G1 X-28.022 Y1.947 E0.02372
G1 X-27.93 Y2.946 E0.0244
G1 X-27.76 Y4.325 E0.03379
G1 X-22.789 Y4.325 E0.1209
G1 F3600 E-1
G0 F12000 X-22.258 Y4.75
;TYPE:WALL-OUTER
G1 F3600 E1
G1 F2400 X-22.404 Y4.035 E0.01775
G1 X-22.553 Y3.069 E0.02377
G1 X-22.678 Y1.96 E0.02714
G1 X-22.738 Y1.002 E0.02335
G1 X-22.758 Y-0.006 E0.02452
G1 X-22.738 Y-1.013 E0.0245
G1 X-22.673 Y-1.971 E0.02335
G1 X-22.555 Y-3.08 E0.02712
G1 X-22.401 Y-4.046 E0.02379
G1 X-22.258 Y-4.75 E0.01747
G1 X-28.113 Y-4.75 E0.1424
G1 X-28.244 Y-3.906 E0.02077
G1 X-28.357 Y-2.944 E0.02356
G1 X-28.446 Y-1.978 E0.02359
G1 X-28.498 Y-.987 E0.02414
G1 X-28.514 Y0.00 E0.02401
G1 X-28.498 Y0.987 E0.02401
G1 X-28.446 Y1.978 E0.02414
G1 X-28.359 Y2.938 E0.02344
G1 X-28.238 Y3.918 E0.02402
G1 X-28.112 Y4.75 E0.02047
G1 X-22.258 Y4.75 E0.14238
G0 F12000 X-22.404 Y4.035
G0 X-22.414 Y3.966
G0 X-23.636 Y3.756
G1 F3600 E-1
G0 F12000 X-22.914 Y2.043
G0 X22.55 Y-4.513
G0 X23.589 Y-3.92
;TYPE:FILL
G1 F3600 E1
G1 F9600 X23.545 Y-3.612 E0.00757
G1 X23.383 Y-3.142 E0.01209
G1 X23.501 Y-2.074 E0.02613
G1 X23.568 Y-1.038 E0.02525
G1 X23.589 Y-0.01 E0.02501
G1 X23.567 Y1.064 E0.02613
G1 X23.498 Y2.062 E0.02433
G1 X23.403 Y2.95 E0.02172
G1 X23.417 Y2.95 E0.00034
G1 X23.262 Y3.919 E0.02387
G1 X26.98 Y3.92 E0.09043
G1 X27.024 Y3.612 E0.00757
G1 X27.336 Y2.709 E0.02324
G1 X27.584 Y2.295 E0.01174
G1 F3600 E-1
G0 F12000 X23.214 Y3.96
G0 X22.789 Y4.325
;TYPE:WALL-INNER
G1 F3600 E1
G1 F4800 X27.765 Y4.325 E0.12102
G1 X27.934 Y2.905 E0.03478
G1 X28.022 Y1.947 E0.0234
G1 X28.073 Y0.973 E0.02372
G1 X28.088 Y-.102 E0.02615
G1 X28.073 Y-.977 E0.02128
G1 X28.022 Y-1.951 E0.02372
G1 X27.93 Y-2.95 E0.0244
G1 X27.76 Y-4.325 E0.0337
G1 X22.785 Y-4.325 E0.121
G1 X22.975 Y-3.116 E0.02977
G1 X23.102 Y-1.987 E0.02763
G1 X23.163 Y-1.036 E0.02318
G1 X23.184 Y0.00 E0.0252
G1 X23.162 Y1.042 E0.02535
G1 X23.096 Y2.016 E0.02374
G1 X22.98 Y3.112 E0.02681
G1 X22.789 Y4.325 E0.02987
G1 F3600 E-1
G0 F12000 X22.258 Y4.75
;TYPE:WALL-OUTER
G1 F3600 E1
G1 F2400 X28.113 Y4.75 E0.1424
G1 X28.244 Y3.906 E0.02077
G1 X28.357 Y2.944 E0.02356
G1 X28.446 Y1.978 E0.02359
G1 X28.498 Y0.987 E0.02414
G1 X28.513 Y-.109 E0.02666
G1 X28.498 Y-.991 E0.02145
G1 X28.446 Y-1.982 E0.02414
G1 X28.359 Y-2.942 E0.02344
G1 X28.238 Y-3.917 E0.0239
G1 X28.113 Y-4.75 E0.02049
G1 X22.258 Y-4.75 E0.1424
G1 X22.399 Y-4.04 E0.01761
G1 X22.553 Y-3.069 E0.02391
G1 X22.678 Y-1.96 E0.02714
G1 X22.738 Y-1.006 E0.02325
G1 X22.759 Y0.00 E0.02447
G1 X22.738 Y1.013 E0.02464
G1 X22.673 Y1.971 E0.02335
G1 X22.555 Y3.08 E0.02712
G1 X22.404 Y4.036 E0.02354
G1 X22.258 Y4.75 E0.01772
G0 F12000 X23.058 Y4.75
G0 X23.48 Y3.575
G1 F3600 E-1
;MESH:NONMESH
G0 F600 X23.48 Y3.575 Z28.25
G0 F12000 X22.643 Y4.086
G0 X-22.914 Y2.043
G0 X-23.536 Y1.441
G0 X-23.347 Y1.429
;TIME_ELAPSED:877.739240
;LAYER:215
;TYPE:FILL
;MESH:bridge.stl
G1 F3600 E1
G1 F9600 X-23.51 Y1.806 E0.00999
G1 X-23.616 Y2.709 E0.02211
G1 X-23.523 Y3.612 E0.02208
G1 X-23.43 Y3.92 E0.00783
G1 X-27.258 Y3.92 E0.0931
G1 X-27.385 Y2.893 E0.02517
G1 X-27.468 Y1.955 E0.0229
G1 X-27.52 Y0.964 E0.02414
G1 X-27.536 Y0.011 E0.02318
G1 X-27.522 Y-.816 E0.02012
G1 X-27.448 Y-.903 E0.00278
G1 X-27.057 Y-1.806 E0.02393
G1 X-26.951 Y-2.709 E0.02211
G1 X-27.044 Y-3.612 E0.02208
G1 X-27.137 Y-3.92 E0.00783
G1 F3600 E-1
G0 F12000 X-23.019 Y3.96
G0 X-22.593 Y4.325
;TYPE:WALL-INNER
G1 F3600 E1
G1 F4800 X-22.776 Y3.144 E0.02907
G1 X-22.906 Y1.987 E0.02832
G1 X-22.967 Y1.032 E0.02327
G1 X-22.991 Y-0.017 E0.02552
G1 X-22.966 Y-1.039 E0.02486
G1 X-22.904 Y-2.018 E0.02386
G1 X-22.784 Y-3.114 E0.02682
G1 X-22.592 Y-4.324 E0.0298
G1 X-27.622 Y-4.325 E0.12234
G1 X-27.79 Y-2.903 E0.03483
G1 X-27.874 Y-1.948 E0.02332
G1 X-27.925 Y-.973 E0.02375
G1 X-27.941 Y0.00 E0.02367
G1 X-27.925 Y0.973 E0.02367
G1 X-27.871 Y1.992 E0.02482
G1 X-27.785 Y2.95 E0.02339
G1 X-27.616 Y4.325 E0.03369
G1 X-22.593 Y4.325 E0.12217
G1 F3600 E-1
G0 F12000 X-22.057 Y4.75
;TYPE:WALL-OUTER
G1 F3600 E1
G1 F2400 X-22.208 Y4.035 E0.01777
G1 X-22.357 Y3.069 E0.02377
G1 X-22.482 Y1.96 E0.02714
G1 X-22.542 Y1.003 E0.02332
G1 X-22.566 Y-0.007 E0.02457
G1 X-22.542 Y-1.012 E0.02445
G1 X-22.481 Y-1.972 E0.0234
G1 X-22.359 Y-3.08 E0.02711
G1 X-22.205 Y-4.047 E0.02382
G1 X-22.06 Y-4.749 E0.01743
G1 X-27.966 Y-4.75 E0.14364
G1 X-28.102 Y-3.887 E0.02125
G1 X-28.211 Y-2.97 E0.02246
G1 X-28.298 Y-1.978 E0.02422
G1 X-28.35 Y-.987 E0.02414
G1 X-28.366 Y0.00 E0.02401
G1 X-28.35 Y0.987 E0.02401
G1 X-28.298 Y1.978 E0.02414
G1 X-28.211 Y2.969 E0.0242
G1 X-28.094 Y3.919 E0.02328
G1 X-27.965 Y4.75 E0.02045
G1 X-22.057 Y4.75 E0.14369
G0 F12000 X-22.208 Y4.035
G0 X-22.218 Y3.967
G0 X-23.441 Y3.756
G1 F3600 E-1
G0 F12000 X-22.351 Y4.513
G0 X22.607 Y-3.065
G0 X23.556 Y-3.92
;TYPE:FILL
G1 F3600 E1
G1 F9600 X23.524 Y-3.612 E0.00753
G1 X23.236 Y-2.683 E0.02366
G1 X23.309 Y-2.028 E0.01603
G1 X23.372 Y-1.066 E0.02345
G1 X23.397 Y0.01 E0.02618
G1 X23.371 Y1.065 E0.02567
G1 X23.309 Y2.021 E0.0233
G1 X23.214 Y2.897 E0.02143
G1 X23.227 Y2.897 E0.00032
G1 X23.066 Y3.919 E0.02516
G1 X27.013 Y3.919 E0.096
G1 X27.045 Y3.612 E0.00751
G1 X27.319 Y2.709 E0.02295
G1 X27.417 Y2.532 E0.00492
G1 F3600 E-1
G0 F12000 X23.019 Y3.961
G0 X22.593 Y4.324
;TYPE:WALL-INNER
G1 F3600 E1
G1 F4800 X27.621 Y4.324 E0.12229
G1 X27.789 Y2.903 E0.0348
G1 X27.874 Y1.948 E0.02332
G1 X27.925 Y0.973 E0.02375
G1 X27.94 Y-0.09 E0.02586
G1 X27.925 Y-.977 E0.02158
G1 X27.871 Y-1.996 E0.02482
G1 X27.786 Y-2.955 E0.02342
G1 X27.616 Y-4.325 E0.03358
G1 X22.594 Y-4.325 E0.12214
G1 X22.776 Y-3.143 E0.02909
G1 X22.906 Y-1.987 E0.02829
G1 X22.967 Y-1.036 E0.02318
G1 X22.992 Y0.017 E0.02562
G1 X22.966 Y1.039 E0.02486
G1 X22.904 Y2.018 E0.02386
G1 X22.784 Y3.114 E0.02682
G1 X22.593 Y4.324 E0.02979
G1 F3600 E-1
G0 F12000 X22.06 Y4.749
;TYPE:WALL-OUTER
G1 F3600 E1
G1 F2400 X27.966 Y4.749 E0.14364
G1 X28.101 Y3.887 E0.02122
G1 X28.211 Y2.97 E0.02246
G1 X28.298 Y1.978 E0.02422
G1 X28.35 Y0.987 E0.02414
G1 X28.365 Y-0.097 E0.02637
G1 X28.35 Y-.991 E0.02175
G1 X28.298 Y-1.982 E0.02414
G1 X28.207 Y-3.007 E0.02503
G1 X28.094 Y-3.919 E0.02235
G1 X27.965 Y-4.75 E0.02045
G1 X22.057 Y-4.75 E0.14369
G1 X22.208 Y-4.039 E0.01768
G1 X22.357 Y-3.069 E0.02387
G1 X22.482 Y-1.96 E0.02714
G1 X22.542 Y-1.007 E0.02322
G1 X22.567 Y0.007 E0.02467
G1 X22.542 Y1.012 E0.02445
G1 X22.481 Y1.972 E0.0234
G1 X22.359 Y3.08 E0.02711
G1 X22.208 Y4.036 E0.02354
G1 X22.06 Y4.749 E0.01771
G0 F12000 X22.86 Y4.749
G0 X23.285 Y3.575
G1 F3600 E-1
;MESH:NONMESH
G0 F600 X23.285 Y3.575 Z28.38
G0 F12000 X22.446 Y4.088
G0 X-22.72 Y2.043
G0 X-23.352 Y1.286
G0 X-23.163 Y1.275
;TIME_ELAPSED:881.868393
;LAYER:216
;TYPE:FILL
;MESH:bridge.stl
G1 F3600 E1
G1 F9600 X-23.416 Y1.806 E0.01431
G1 X-23.562 Y2.709 E0.02225
G1 X-23.507 Y3.612 E0.022
G1 X-23.426 Y3.919 E0.00772
G1 X-27.11 Y3.92 E0.0896
G1 X-27.237 Y2.893 E0.02517
G1 X-27.32 Y1.955 E0.0229
G1 X-27.374 Y0.924 E0.02511
G1 X-27.392 Y0.014 E0.02214
G1 X-27.364 Y-1.358 E0.03338
G1 X-27.151 Y-1.806 E0.01206
G1 X-27.005 Y-2.709 E0.02225
G1 X-27.06 Y-3.612 E0.022
G1 X-27.123 Y-3.852 E0.00603
G1 F3600 E-1
G0 F12000 X-22.816 Y3.961
G0 X-22.387 Y4.325
;TYPE:WALL-INNER
G1 F3600 E1
G1 F4800 X-22.583 Y3.118 E0.02974
G1 X-22.706 Y2.046 E0.02624
G1 X-22.775 Y1.032 E0.02472
G1 X-22.795 Y-0.014 E0.02544
G1 X-22.774 Y-1.042 E0.02501
G1 X-22.703 Y-2.076 E0.02521
G1 X-22.591 Y-3.072 E0.02438
G1 X-22.387 Y-4.324 E0.03085
G1 X-27.474 Y-4.325 E0.12372
G1 X-27.642 Y-2.903 E0.03483
G1 X-27.726 Y-1.948 E0.02332
G1 X-27.778 Y-.932 E0.02474
G1 X-27.797 Y0.00 E0.02267
G1 X-27.779 Y0.932 E0.02267
G1 X-27.723 Y1.992 E0.02582
G1 X-27.637 Y2.95 E0.02339
G1 X-27.468 Y4.325 E0.03369
G1 X-22.387 Y4.325 E0.12358
G1 F3600 E-1
G0 F12000 X-21.853 Y4.75
;TYPE:WALL-OUTER
G1 F3600 E1
G1 F2400 X-22.003 Y4.037 E0.01772
G1 X-22.161 Y3.069 E0.02385
G1 X-22.282 Y2.017 E0.02575
G1 X-22.35 Y1.002 E0.02474
G1 X-22.37 Y-0.006 E0.02452
G1 X-22.35 Y-1.013 E0.0245
G1 X-22.281 Y-2.028 E0.02474
G1 X-22.167 Y-3.037 E0.0247
G1 X-22.001 Y-4.047 E0.02489
G1 X-21.856 Y-4.749 E0.01743
G1 X-27.818 Y-4.75 E0.145
G1 X-27.954 Y-3.887 E0.02125
G1 X-28.063 Y-2.97 E0.02246
G1 X-28.15 Y-1.978 E0.02422
G1 X-28.202 Y-.987 E0.02414
G1 X-28.222 Y0.00 E0.02401
G1 X-28.204 Y0.94 E0.02287
G1 X-28.15 Y1.978 E0.02528
G1 X-28.063 Y2.969 E0.0242
G1 X-27.946 Y3.919 E0.02328
G1 X-27.817 Y4.75 E0.02045
G1 X-21.853 Y4.75 E0.14505
G0 F12000 X-22.003 Y4.037
G0 X-22.014 Y3.967
G0 X-23.24 Y3.759
G1 F3600 E-1
G0 F12000 X-22.526 Y2.044
G0 X22.146 Y-4.513
G0 X23.527 Y-3.92
;TYPE:FILL
G1 F3600 E1
G1 F9600 X23.508 Y-3.612 E0.00751
G1 X23.271 Y-2.709 E0.02271
G1 X23.091 Y-2.353 E0.0097
G1 X23.179 Y-1.071 E0.03125
G1 X23.201 Y-0.01 E0.02581
G1 X23.179 Y1.064 E0.02613
G1 X23.109 Y2.082 E0.02482
G1 X23.022 Y2.867 E0.01921
G1 X23.036 Y2.867 E0.00034
G1 X22.864 Y3.92 E0.02595
G1 X27.042 Y3.919 E0.10162
G1 X27.061 Y3.612 E0.00748
G1 X27.226 Y2.982 E0.01584
G1 F3600 E-1
G0 F12000 X22.816 Y3.961
G0 X22.387 Y4.324
;TYPE:WALL-INNER
G1 F3600 E1
G1 F4800 X27.473 Y4.324 E0.1237
G1 X27.641 Y2.903 E0.0348
G1 X27.726 Y1.948 E0.02332
G1 X27.777 Y0.971 E0.02379
G1 X27.796 Y-0.049 E0.02481
G1 X27.779 Y-.935 E0.02155
G1 X27.723 Y-1.996 E0.02584
G1 X27.638 Y-2.955 E0.02342
G1 X27.468 Y-4.325 E0.03358
G1 X22.383 Y-4.324 E0.12367
G1 X22.583 Y-3.118 E0.02973
G1 X22.706 Y-2.046 E0.02624
G1 X22.775 Y-1.014 E0.02516
G1 X22.796 Y0.00 E0.02467
G1 X22.774 Y1.042 E0.02535
G1 X22.703 Y2.076 E0.02521
G1 X22.591 Y3.072 E0.02438
G1 X22.387 Y4.324 E0.03085
G1 F3600 E-1
G0 F12000 X21.856 Y4.749
;TYPE:WALL-OUTER
G1 F3600 E1
G1 F2400 X27.818 Y4.749 E0.145
G1 X27.953 Y3.887 E0.02122
G1 X28.063 Y2.97 E0.02246
G1 X28.15 Y1.978 E0.02422
G1 X28.202 Y0.987 E0.02414
G1 X28.221 Y0.00 E0.02401
G1 X28.204 Y-.944 E0.02296
G1 X28.15 Y-1.982 E0.02528
G1 X28.059 Y-3.007 E0.02503
G1 X27.946 Y-3.919 E0.02235
G1 X27.817 Y-4.75 E0.02045
G1 X21.852 Y-4.749 E0.14508
G1 X21.999 Y-4.042 E0.01756
G1 X22.161 Y-3.069 E0.02399
G1 X22.282 Y-2.017 E0.02575
G1 X22.35 Y-1.005 E0.02467
G1 X22.371 Y0.00 E0.02445
G1 X22.35 Y1.013 E0.02464
G1 X22.281 Y2.028 E0.02474
G1 X22.167 Y3.037 E0.0247
G1 X22.001 Y4.047 E0.02489
G1 X21.856 Y4.749 E0.01743
G0 F12000 X22.656 Y4.749
G0 X23.082 Y3.575
G1 F3600 E-1
;MESH:NONMESH
G0 F600 X23.082 Y3.575 Z28.51
G0 F12000 X22.242 Y4.09
G0 X-22.526 Y2.044
G0 X-23.168 Y1.134
G0 X-22.973 Y1.122
;TIME_ELAPSED:886.008343
;LAYER:217
;TYPE:FILL
;MESH:bridge.stl
G1 F3600 E1
G1 F9600 X-23.326 Y1.806 E0.01872
G1 X-23.512 Y2.709 E0.02242
G1 X-23.494 Y3.612 E0.02197
G1 X-23.426 Y3.92 E0.00767
G1 X-26.962 Y3.92 E0.086
G1 X-27.089 Y2.893 E0.02517
G1 X-27.172 Y1.956 E0.02288
G1 X-27.226 Y0.924 E0.02513
G1 X-27.244 Y0.014 E0.02214
G1 X-27.225 Y-.924 E0.02282
G1 X-27.159 Y-2.205 E0.0312
G1 X-27.055 Y-2.709 E0.01252
G1 X-27.063 Y-3.114 E0.00985
G1 F3600 E-1
G0 F12000 X-22.611 Y3.961
G0 X-22.179 Y4.324
;TYPE:WALL-INNER
G1 F3600 E1
G1 F4800 X-22.383 Y3.075 E0.03078
G1 X-22.502 Y2.049 E0.02512
G1 X-22.575 Y1.032 E0.0248
G1 X-22.599 Y-0.017 E0.02552
G1 X-22.574 Y-1.045 E0.02501
G1 X-22.499 Y-2.079 E0.02521
G1 X-22.383 Y-3.075 E0.02439
G1 X-22.179 Y-4.324 E0.03078
G1 X-27.307 Y-4.325 E0.12472
G1 X-27.392 Y-3.784 E0.01332
G1 X-27.492 Y-2.927 E0.02098
G1 X-27.578 Y-1.948 E0.0239
G1 X-27.63 Y-.932 E0.02474
G1 X-27.649 Y0.00 E0.02267
G1 X-27.628 Y1.011 E0.02459
G1 X-27.575 Y1.993 E0.02392
G1 X-27.489 Y2.95 E0.02337
G1 X-27.32 Y4.325 E0.03369
G1 X-22.179 Y4.324 E0.12504
G1 F3600 E-1
G0 F12000 X-21.648 Y4.749
;TYPE:WALL-OUTER
G1 F3600 E1
G1 F2400 X-21.795 Y4.037 E0.01768
G1 X-21.961 Y3.025 E0.02494
G1 X-22.078 Y2.018 E0.02466
G1 X-22.15 Y1.003 E0.02475
G1 X-22.174 Y-0.007 E0.02457
G1 X-22.15 Y-1.014 E0.0245
G1 X-22.077 Y-2.029 E0.02475
G1 X-21.959 Y-3.037 E0.02468
G1 X-21.793 Y-4.047 E0.02489
G1 X-21.648 Y-4.749 E0.01743
G1 X-27.67 Y-4.75 E0.14646
G1 X-27.812 Y-3.854 E0.02206
G1 X-27.915 Y-2.97 E0.02165
G1 X-28.002 Y-1.978 E0.02422
G1 X-28.054 Y-.987 E0.02414
G1 X-28.074 Y0.00 E0.02401
G1 X-28.056 Y0.94 E0.02287
G1 X-28.006 Y1.925 E0.02399
G1 X-27.915 Y2.969 E0.02549
G1 X-27.798 Y3.919 E0.02328
G1 X-27.669 Y4.75 E0.02045
G1 X-21.648 Y4.749 E0.14644
G0 F12000 X-21.795 Y4.037
G0 X-21.806 Y3.965
G0 X-23.035 Y3.759
G1 F3600 E-1
G0 F12000 X-21.941 Y4.513
G0 X22.419 Y0.00
G0 X22.918 Y-1.892
;TYPE:FILL
G1 F3600 E1
G1 F9600 X23.295 Y-2.709 E0.02188
G1 X23.495 Y-3.612 E0.02249
G1 X23.501 Y-3.92 E0.00749
G1 F3600 E-1
G0 F12000 X22.611 Y3.961
G0 X22.179 Y4.324
;TYPE:WALL-INNER
G1 F3600 E1
G1 F4800 X27.307 Y4.325 E0.12472
G1 X27.392 Y3.784 E0.01332
G1 X27.492 Y2.927 E0.02098
G1 X27.578 Y1.948 E0.0239
G1 X27.629 Y0.971 E0.02379
G1 X27.648 Y-0.05 E0.02484
G1 X27.628 Y-1.015 E0.02348
G1 X27.573 Y-2.018 E0.02443
G1 X27.49 Y-2.955 E0.02288
G1 X27.32 Y-4.325 E0.03358
G1 X22.18 Y-4.324 E0.12501
G1 X22.383 Y-3.075 E0.03078
G1 X22.502 Y-2.049 E0.02512
G1 X22.575 Y-1.017 E0.02516
G1 X22.6 Y0.014 E0.02508
G1 X22.574 Y1.045 E0.02508
G1 X22.499 Y2.079 E0.02521
G1 X22.383 Y3.075 E0.02439
G1 X22.179 Y4.324 E0.03078
G1 F3600 E-1
G0 F12000 X21.648 Y4.749
;TYPE:WALL-OUTER
G1 F3600 E1
G1 F2400 X27.67 Y4.75 E0.14646
G1 X27.812 Y3.854 E0.02206
G1 X27.915 Y2.97 E0.02165
G1 X28.002 Y1.978 E0.02422
G1 X28.054 Y0.987 E0.02414
G1 X28.073 Y0.00 E0.02401
G1 X28.056 Y-.944 E0.02296
G1 X28.006 Y-1.929 E0.02399
G1 X27.915 Y-2.973 E0.02549
G1 X27.798 Y-3.919 E0.02318
G1 X27.669 Y-4.75 E0.02045
G1 X21.648 Y-4.749 E0.14644
G1 X21.795 Y-4.041 E0.01759
G1 X21.961 Y-3.025 E0.02504
G1 X22.078 Y-2.018 E0.02466
G1 X22.15 Y-1.007 E0.02465
G1 X22.175 Y0.006 E0.02465
G1 X22.15 Y1.014 E0.02452
G1 X22.077 Y2.029 E0.02475
G1 X21.959 Y3.037 E0.02468
G1 X21.793 Y4.047 E0.02489
G1 X21.648 Y4.749 E0.01743
G0 F12000 X22.448 Y4.749
G0 X23.034 Y3.76
G1 F3600 E-1
;MESH:NONMESH
G0 F600 X23.034 Y3.76 Z28.64
G0 F12000 X21.941 Y4.513
G0 X-22.323 Y2.045
G0 X-22.976 Y0.969
G0 X-22.773 Y0.965
;TIME_ELAPSED:890.000000
;LAYER:218
;note -- min layer time used
;TYPE:FILL
;MESH:bridge.stl
G1 F3600 E1
G1 F8654 X-23.242 Y1.806 E0.02342
G1 X-23.466 Y2.709 E0.02263
G1 X-23.485 Y3.612 E0.02197
G1 X-23.429 Y3.92 E0.00761
G1 F3600 E-1
G0 F12000 X-22.407 Y3.961
G0 X-21.975 Y4.324
;TYPE:WALL-INNER
G1 F3600 E1
G1 F4484.7 X-22.179 Y3.075 E0.03078
G1 X-22.298 Y2.046 E0.02519
G1 X-22.367 Y1.013 E0.02518
G1 X-22.391 Y-0.017 E0.02506
G1 X-22.366 Y-1.042 E0.02494
G1 X-22.295 Y-2.079 E0.02528
G1 X-22.179 Y-3.075 E0.02439
G1 X-21.975 Y-4.324 E0.03078
G1 X-27.178 Y-4.325 E0.12654
G1 X-27.346 Y-2.903 E0.03483
G1 X-27.43 Y-1.947 E0.02334
G1 X-27.485 Y-.971 E0.02378
G1 X-27.501 Y0.00 E0.02362
G1 X-27.487 Y0.921 E0.0224
G1 X-27.427 Y1.991 E0.02606
G1 X-27.341 Y2.95 E0.02342
G1 X-27.172 Y4.325 E0.03369
G1 X-21.975 Y4.324 E0.1264
G1 F3600 E-1
G0 F12000 X-21.444 Y4.749
;TYPE:WALL-OUTER
G1 F3600 E1
G1 F2400 X-21.591 Y4.037 E0.01768
G1 X-21.757 Y3.025 E0.02494
G1 X-21.874 Y2.017 E0.02468
G1 X-21.942 Y1.003 E0.02472
G1 X-21.966 Y-0.007 E0.02457
G1 X-21.942 Y-1.013 E0.02447
G1 X-21.873 Y-2.029 E0.02477
G1 X-21.755 Y-3.037 E0.02468
G1 X-21.589 Y-4.047 E0.02489
G1 X-21.444 Y-4.749 E0.01743
G1 X-27.516 Y-4.75 E0.14768
G1 X-27.656 Y-3.904 E0.02086
G1 X-27.767 Y-2.97 E0.02288
G1 X-27.854 Y-1.978 E0.02422
G1 X-27.91 Y-.987 E0.02414
G1 X-27.926 Y0.00 E0.02401
G1 X-27.912 Y0.927 E0.02255
G1 X-27.854 Y1.978 E0.0256
G1 X-27.767 Y2.969 E0.0242
G1 X-27.65 Y3.922 E0.02335
G1 X-27.515 Y4.75 E0.0204
G1 X-21.444 Y4.749 E0.14766
G0 F12000 X-21.591 Y4.037
G0 X-21.602 Y3.965
G0 X-22.83 Y3.758
G1 F3600 E-1
G0 F12000 X-21.737 Y4.513
G0 X22.214 Y0.00
G0 X22.74 Y-1.519
;TYPE:FILL
G1 F3600 E1
G1 F8654 X22.946 Y-1.806 E0.00859
G1 X23.323 Y-2.709 E0.0238
G1 X23.486 Y-3.612 E0.02232
G1 X23.48 Y-3.92 E0.00749
G1 F3600 E-1
G0 F12000 X22.407 Y3.961
G0 X21.975 Y4.324
;TYPE:WALL-INNER
G1 F3600 E1
G1 F4484.7 X27.178 Y4.325 E0.12654
G1 X27.345 Y2.903 E0.03482
G1 X27.43 Y1.948 E0.02332
G1 X27.485 Y0.971 E0.0238
G1 X27.5 Y-0.092 E0.02586
G1 X27.487 Y-.924 E0.02024
G1 X27.427 Y-1.991 E0.02599
G1 X27.342 Y-2.955 E0.02354
G1 X27.171 Y-4.324 E0.03355
G1 X21.976 Y-4.324 E0.12635
G1 X22.179 Y-3.075 E0.03078
G1 X22.298 Y-2.046 E0.02519
G1 X22.367 Y-1.017 E0.02508
G1 X22.392 Y0.017 E0.02516
G1 X22.366 Y1.042 E0.02494
G1 X22.295 Y2.079 E0.02528
G1 X22.179 Y3.075 E0.02439
G1 X21.975 Y4.324 E0.03078
G1 F3600 E-1
G0 F12000 X21.444 Y4.749
;TYPE:WALL-OUTER
G1 F3600 E1
G1 F2400 X27.516 Y4.75 E0.14768
G1 X27.656 Y3.904 E0.02086
G1 X27.767 Y2.97 E0.02288
G1 X27.854 Y1.978 E0.02422
G1 X27.91 Y0.987 E0.02414
G1 X27.925 Y-0.099 E0.02642
G1 X27.912 Y-.931 E0.02024
G1 X27.854 Y-1.982 E0.0256
G1 X27.763 Y-3.007 E0.02503
G1 X27.65 Y-3.921 E0.0224
G1 X27.515 Y-4.749 E0.0204
G1 X21.444 Y-4.749 E0.14766
G1 X21.591 Y-4.041 E0.01759
G1 X21.757 Y-3.025 E0.02504
G1 X21.874 Y-2.017 E0.02468
G1 X21.942 Y-1.006 E0.02464
G1 X21.967 Y0.007 E0.02465
G1 X21.942 Y1.013 E0.02447
G1 X21.873 Y2.029 E0.02477
G1 X21.755 Y3.037 E0.02468
G1 X21.589 Y4.047 E0.02489
G1 X21.444 Y4.749 E0.01743
G0 F12000 X22.244 Y4.749
G0 X22.673 Y3.575
G1 F3600 E-1
;MESH:NONMESH
G0 F600 X22.673 Y3.575 Z28.77
G0 F12000 X21.833 Y4.09
G0 X-22.118 Y2.045
G0 X-22.774 Y0.852
G0 X-22.572 Y0.848
;TIME_ELAPSED:893.856459
;LAYER:219
;note -- min layer time used
;TYPE:FILL
;MESH:bridge.stl
G1 F3600 E1
G1 F8733.8 X-22.622 Y0.903 E0.00181
G1 X-23.161 Y1.806 E0.02558
G1 X-23.424 Y2.709 E0.02287
G1 X-23.479 Y3.612 E0.022
G1 X-23.436 Y3.92 E0.00756
G1 F3600 E-1
G0 F12000 X-22.202 Y3.961
G0 X-21.771 Y4.325
;TYPE:WALL-INNER
G1 F3600 E1
G1 F4511.3 X-21.975 Y3.075 E0.0308
G1 X-22.094 Y2.046 E0.02519
G1 X-22.163 Y1.013 E0.02518
G1 X-22.187 Y-0.017 E0.02506
G1 X-22.162 Y-1.042 E0.02494
G1 X-22.091 Y-2.079 E0.02528
G1 X-21.975 Y-3.075 E0.02439
G1 X-21.771 Y-4.325 E0.0308
G1 X-27.02 Y-4.325 E0.12766
G1 X-27.195 Y-2.9 E0.03492
G1 X-27.282 Y-1.946 E0.0233
G1 X-27.337 Y-.971 E0.02375
G1 X-27.353 Y0.00 E0.02362
G1 X-27.337 Y0.972 E0.02364
G1 X-27.286 Y1.906 E0.02275
G1 X-27.19 Y2.948 E0.02545
G1 X-27.015 Y4.325 E0.03376
G1 X-21.771 Y4.325 E0.12754
G1 F3600 E-1
G0 F12000 X-21.237 Y4.75
;TYPE:WALL-OUTER
G1 F3600 E1
G1 F2400 X-21.387 Y4.037 E0.01772
G1 X-21.553 Y3.025 E0.02494
G1 X-21.67 Y2.017 E0.02468
G1 X-21.738 Y1.002 E0.02474
G1 X-21.762 Y-0.006 E0.02452
G1 X-21.738 Y-1.013 E0.0245
G1 X-21.669 Y-2.029 E0.02477
G1 X-21.551 Y-3.037 E0.02468
G1 X-21.385 Y-4.048 E0.02492
G1 X-21.237 Y-4.75 E0.01745
G1 X-27.363 Y-4.75 E0.14899
G1 X-27.502 Y-3.887 E0.02126
G1 X-27.618 Y-2.939 E0.02323
G1 X-27.706 Y-1.977 E0.02349
G1 X-27.762 Y-.987 E0.02412
G1 X-27.778 Y0.00 E0.02401
G1 X-27.762 Y0.987 E0.02401
G1 X-27.704 Y2.015 E0.02504
G1 X-27.611 Y3.001 E0.02409
G1 X-27.495 Y3.918 E0.02248
G1 X-27.362 Y4.75 E0.02049
G1 X-21.237 Y4.75 E0.14897
G0 F12000 X-21.387 Y4.037
G0 X-21.398 Y3.967
G0 X-22.626 Y3.759
G1 F3600 E-1
G0 F12000 X-21.532 Y4.513
G0 X22.009 Y0.00
G0 X22.562 Y-1.134
;TYPE:FILL
G1 F3600 E1
G1 F8733.8 X23.017 Y-1.806 E0.01974
G1 X23.354 Y-2.709 E0.02344
G1 X23.48 Y-3.612 E0.02218
G1 X23.461 Y-3.92 E0.00751
G1 F3600 E-1
G0 F12000 X22.202 Y3.961
G0 X21.771 Y4.325
;TYPE:WALL-INNER
G1 F3600 E1
G1 F4511.3 X27.018 Y4.324 E0.12761
G1 X27.195 Y2.9 E0.0349
G1 X27.282 Y1.946 E0.0233
G1 X27.337 Y0.971 E0.02375
G1 X27.352 Y-0.093 E0.02588
G1 X27.337 Y-.976 E0.02148
G1 X27.29 Y-1.862 E0.02158
G1 X27.19 Y-2.952 E0.02662
G1 X27.015 Y-4.325 E0.03366
G1 X21.772 Y-4.325 E0.12752
G1 X21.975 Y-3.075 E0.0308
G1 X22.094 Y-2.046 E0.02519
G1 X22.163 Y-1.017 E0.02508
G1 X22.188 Y0.017 E0.02516
G1 X22.162 Y1.042 E0.02494
G1 X22.091 Y2.079 E0.02528
G1 X21.975 Y3.075 E0.02439
G1 X21.771 Y4.325 E0.0308
G1 F3600 E-1
G0 F12000 X21.237 Y4.75
;TYPE:WALL-OUTER
G1 F3600 E1
G1 F2400 X27.363 Y4.749 E0.14899
G1 X27.501 Y3.887 E0.02123
G1 X27.618 Y2.939 E0.02323
G1 X27.706 Y1.977 E0.02349
G1 X27.762 Y0.987 E0.02412
G1 X27.777 Y-.1 E0.02644
G1 X27.762 Y-.991 E0.02167
G1 X27.706 Y-1.998 E0.02453
G1 X27.612 Y-3.006 E0.02462
G1 X27.495 Y-3.918 E0.02236
G1 X27.362 Y-4.75 E0.02049
G1 X21.237 Y-4.75 E0.14897
G1 X21.387 Y-4.041 E0.01763
G1 X21.553 Y-3.025 E0.02504
G1 X21.67 Y-2.017 E0.02468
G1 X21.738 Y-1.006 E0.02464
G1 X21.763 Y0.006 E0.02462
G1 X21.738 Y1.013 E0.0245
G1 X21.669 Y2.029 E0.02477
G1 X21.551 Y3.037 E0.02468
G1 X21.385 Y4.048 E0.02492
G1 X21.237 Y4.75 E0.01745
G0 F12000 X22.037 Y4.75
G0 X22.625 Y3.76
G1 F3600 E-1
;MESH:NONMESH
G0 F600 X22.625 Y3.76 Z28.9
G0 F12000 X21.532 Y4.513
G0 X-21.985 Y1.022
G0 X-22.37 Y0.755
;TIME_ELAPSED:897.691665
;LAYER:220
;note -- min layer time used
;TYPE:FILL
;MESH:bridge.stl
G1 F3600 E1
G1 F8899.5 X-22.508 Y0.903 E0.00492
G1 X-23.084 Y1.806 E0.02605
G1 X-23.385 Y2.709 E0.02315
G1 X-23.478 Y3.612 E0.02208
G1 X-23.447 Y3.919 E0.0075
G1 F3600 E-1
G0 F12000 X-21.996 Y3.961
G0 X-21.567 Y4.325
;TYPE:WALL-INNER
G1 F3600 E1
G1 F4566.5 X-21.763 Y3.12 E0.02969
G1 X-21.887 Y2.081 E0.02545
G1 X-21.959 Y1.013 E0.02603
G1 X-21.983 Y-0.017 E0.02506
G1 X-21.958 Y-1.042 E0.02494
G1 X-21.887 Y-2.078 E0.02526
G1 X-21.762 Y-3.154 E0.02635
G1 X-21.561 Y-4.324 E0.02887
G1 X-26.868 Y-4.325 E0.12907
G1 X-27.043 Y-2.9 E0.03492
G1 X-27.13 Y-1.946 E0.0233
G1 X-27.185 Y-.971 E0.02375
G1 X-27.201 Y0.00 E0.02362
G1 X-27.187 Y0.92 E0.02238
G1 X-27.13 Y1.946 E0.02499
G1 X-27.038 Y2.948 E0.02447
G1 X-26.863 Y4.325 E0.03376
G1 X-21.567 Y4.325 E0.12881
G1 F3600 E-1
G0 F12000 X-21.024 Y4.75
;TYPE:WALL-OUTER
G1 F3600 E1
G1 F2400 X-21.183 Y4.037 E0.01777
G1 X-21.341 Y3.07 E0.02383
G1 X-21.466 Y2.017 E0.02579
G1 X-21.534 Y1.003 E0.02472
G1 X-21.558 Y-0.007 E0.02457
G1 X-21.534 Y-1.013 E0.02447
G1 X-21.465 Y-2.029 E0.02477
G1 X-21.343 Y-3.083 E0.02581
G1 X-21.177 Y-4.049 E0.02384
G1 X-21.026 Y-4.749 E0.01742
G1 X-27.211 Y-4.75 E0.15043
G1 X-27.35 Y-3.887 E0.02126
G1 X-27.466 Y-2.939 E0.02323
G1 X-27.554 Y-1.977 E0.02349
G1 X-27.61 Y-.987 E0.02412
G1 X-27.626 Y0.00 E0.02401
G1 X-27.612 Y0.926 E0.02252
G1 X-27.55 Y2.03 E0.02689
G1 X-27.459 Y3.001 E0.02372
G1 X-27.343 Y3.918 E0.02248
G1 X-27.21 Y4.75 E0.02049
G1 X-21.024 Y4.75 E0.15045
G0 F12000 X-21.183 Y4.037
G0 X-21.194 Y3.969
G0 X-22.42 Y3.758
G1 F3600 E-1
G0 F12000 X-21.321 Y4.513
G0 X21.78 Y1.022
G0 X22.371 Y-.747
;TYPE:FILL
G1 F3600 E1
G1 F8899.5 X22.516 Y-.903 E0.00518
G1 X23.09 Y-1.806 E0.02602
G1 X23.389 Y-2.709 E0.02313
G1 X23.479 Y-3.612 E0.02207
G1 X23.447 Y-3.92 E0.00753
G1 F3600 E-1
G0 F12000 X21.995 Y3.961
G0 X21.561 Y4.324
;TYPE:WALL-INNER
G1 F3600 E1
G1 F4566.5 X26.866 Y4.324 E0.12903
G1 X27.043 Y2.9 E0.0349
G1 X27.13 Y1.946 E0.0233
G1 X27.185 Y0.971 E0.02375
G1 X27.2 Y-0.094 E0.0259
G1 X27.187 Y-.923 E0.02016
G1 X27.134 Y-1.903 E0.02387
G1 X27.038 Y-2.952 E0.02562
G1 X26.863 Y-4.325 E0.03366
G1 X21.562 Y-4.325 E0.12893
G1 X21.763 Y-3.12 E0.02971
G1 X21.887 Y-2.081 E0.02545
G1 X21.959 Y-1.017 E0.02594
G1 X21.984 Y0.017 E0.02516
G1 X21.958 Y1.042 E0.02494
G1 X21.887 Y2.078 E0.02526
G1 X21.762 Y3.154 E0.02635
G1 X21.561 Y4.324 E0.02887
G1 F3600 E-1
G0 F12000 X21.026 Y4.749
;TYPE:WALL-OUTER
G1 F3600 E1
G1 F2400 X27.211 Y4.749 E0.15043
G1 X27.349 Y3.887 E0.02123
G1 X27.466 Y2.939 E0.02323
G1 X27.554 Y1.977 E0.02349
G1 X27.61 Y0.987 E0.02412
G1 X27.625 Y-.101 E0.02646
G1 X27.612 Y-.93 E0.02016
G1 X27.55 Y-2.034 E0.02689
G1 X27.459 Y-3.006 E0.02374
G1 X27.343 Y-3.918 E0.02236
G1 X27.21 Y-4.75 E0.02049
G1 X21.024 Y-4.75 E0.15045
G1 X21.179 Y-4.042 E0.01763
G1 X21.341 Y-3.07 E0.02397
G1 X21.466 Y-2.017 E0.02579
G1 X21.534 Y-1.007 E0.02462
G1 X21.559 Y0.007 E0.02467
G1 X21.534 Y1.013 E0.02447
G1 X21.465 Y2.029 E0.02477
G1 X21.343 Y3.083 E0.02581
G1 X21.177 Y4.049 E0.02384
G1 X21.026 Y4.749 E0.01742
G0 F12000 X21.826 Y4.749
G0 X22.262 Y3.575
G1 F3600 E-1
;MESH:NONMESH
G0 F600 X22.262 Y3.575 Z29.03
G0 F12000 X21.421 Y4.093
G0 X-21.78 Y1.022
G0 X-22.168 Y0.663
;TIME_ELAPSED:901.542348
;LAYER:221
;note -- min layer time used
;TYPE:FILL
;MESH:bridge.stl
G1 F3600 E1
G1 F8996.4 X-22.397 Y0.903 E0.00807
G1 X-23.011 Y1.806 E0.02656
G1 X-23.351 Y2.709 E0.02347
G1 X-23.479 Y3.612 E0.02218
G1 X-23.461 Y3.919 E0.00748
G1 F3600 E-1
G0 F12000 X-21.78 Y3.961
G0 X-21.346 Y4.324
;TYPE:WALL-INNER
G1 F3600 E1
G1 F4598.8 X-21.55 Y3.125 E0.02958
G1 X-21.686 Y2.035 E0.02672
G1 X-21.755 Y1.013 E0.02491
G1 X-21.779 Y-0.017 E0.02506
G1 X-21.754 Y-1.042 E0.02494
G1 X-21.686 Y-2.046 E0.02447
G1 X-21.549 Y-3.157 E0.02723
G1 X-21.344 Y-4.324 E0.02882
G1 X-26.712 Y-4.325 E0.13056
G1 X-26.887 Y-2.9 E0.03492
G1 X-26.974 Y-1.946 E0.0233
G1 X-27.029 Y-.97 E0.02378
G1 X-27.049 Y0.00 E0.0236
G1 X-27.031 Y0.922 E0.02243
G1 X-26.974 Y1.946 E0.02494
G1 X-26.882 Y2.946 E0.02442
G1 X-26.712 Y4.325 E0.03379
G1 X-21.346 Y4.324 E0.13051
G1 F3600 E-1
G0 F12000 X-20.81 Y4.749
;TYPE:WALL-OUTER
G1 F3600 E1
G1 F2400 X-20.963 Y4.039 E0.01766
G1 X-21.128 Y3.072 E0.02386
G1 X-21.262 Y2.006 E0.02613
G1 X-21.33 Y1.003 E0.02445
G1 X-21.354 Y-0.007 E0.02457
G1 X-21.33 Y-1.013 E0.02447
G1 X-21.261 Y-2.031 E0.02482
G1 X-21.131 Y-3.084 E0.0258
G1 X-20.961 Y-4.049 E0.02383
G1 X-20.81 Y-4.749 E0.01742
G1 X-27.055 Y-4.75 E0.15189
G1 X-27.194 Y-3.887 E0.02126
G1 X-27.31 Y-2.939 E0.02323
G1 X-27.398 Y-1.977 E0.02349
G1 X-27.454 Y-.986 E0.02414
G1 X-27.474 Y0.00 E0.02399
G1 X-27.454 Y0.986 E0.02399
G1 X-27.394 Y2.03 E0.02543
G1 X-27.311 Y2.938 E0.02218
G1 X-27.19 Y3.922 E0.02411
G1 X-27.055 Y4.75 E0.0204
G1 X-20.81 Y4.749 E0.15189
G0 F12000 X-20.963 Y4.039
G0 X-20.975 Y3.967
G0 X-22.206 Y3.761
G1 F3600 E-1
G0 F12000 X-21.105 Y4.513
G0 X21.575 Y1.022
G0 X22.175 Y-.404
;TYPE:FILL
G1 F3600 E1
G1 F8996.4 X22.63 Y-.903 E0.01642
G1 X23.167 Y-1.806 E0.02555
G1 X23.427 Y-2.709 E0.02285
G1 X23.48 Y-3.612 E0.022
G1 X23.436 Y-3.92 E0.00757
G1 F3600 E-1
G0 F12000 X21.78 Y3.961
G0 X21.344 Y4.324
;TYPE:WALL-INNER
G1 F3600 E1
G1 F4598.8 X26.71 Y4.324 E0.13051
G1 X26.887 Y2.9 E0.0349
G1 X26.974 Y1.946 E0.0233
G1 X27.029 Y0.97 E0.02378
G1 X27.048 Y-0.052 E0.02486
G1 X27.031 Y-.926 E0.02126
G1 X26.978 Y-1.903 E0.0238
G1 X26.882 Y-2.95 E0.02557
G1 X26.712 Y-4.324 E0.03367
G1 X21.346 Y-4.325 E0.13051
G1 X21.55 Y-3.125 E0.0296
G1 X21.686 Y-2.035 E0.02672
G1 X21.755 Y-1.017 E0.02482
G1 X21.78 Y0.014 E0.02508
G1 X21.754 Y1.042 E0.02501
G1 X21.686 Y2.046 E0.02447
G1 X21.555 Y3.123 E0.02639
G1 X21.344 Y4.324 E0.02966
G1 F3600 E-1
G0 F12000 X20.81 Y4.749
;TYPE:WALL-OUTER
G1 F3600 E1
G1 F2400 X27.055 Y4.749 E0.15189
G1 X27.193 Y3.887 E0.02123
G1 X27.31 Y2.939 E0.02323
G1 X27.398 Y1.977 E0.02349
G1 X27.454 Y0.986 E0.02414
G1 X27.473 Y0.00 E0.02399
G1 X27.454 Y-.99 E0.02408
G1 X27.394 Y-2.034 E0.02543
G1 X27.311 Y-2.942 E0.02218
G1 X27.19 Y-3.921 E0.02399
G1 X27.055 Y-4.749 E0.0204
G1 X20.81 Y-4.75 E0.15189
G1 X20.963 Y-4.043 E0.01759
G1 X21.128 Y-3.072 E0.02395
G1 X21.262 Y-2.006 E0.02613
G1 X21.33 Y-1.006 E0.02438
G1 X21.355 Y0.005 E0.0246
G1 X21.33 Y1.013 E0.02452
G1 X21.261 Y2.031 E0.02482
G1 X21.131 Y3.084 E0.0258
G1 X20.961 Y4.049 E0.02383
G1 X20.81 Y4.749 E0.01742
G0 F12000 X21.61 Y4.749
G0 X22.047 Y3.575
G1 F3600 E-1
;MESH:NONMESH
G0 F600 X22.047 Y3.575 Z29.16
G0 F12000 X21.204 Y4.094
G0 X-21.575 Y1.022
G0 X-21.959 Y0.566
;TIME_ELAPSED:905.401519
;LAYER:222
;note -- min layer time used
;TYPE:FILL
;MESH:bridge.stl
G1 F3600 E1
G1 F9104.6 X-22.288 Y0.903 E0.01145
G1 X-22.941 Y1.806 E0.0271
G1 X-23.32 Y2.709 E0.02382
G1 X-23.485 Y3.612 E0.02233
G1 X-23.479 Y3.921 E0.00752
G1 F3600 E-1
G0 F12000 X-21.564 Y3.961
G0 X-21.129 Y4.324
;TYPE:WALL-INNER
G1 F3600 E1
G1 F4634.9 X-21.342 Y3.08 E0.0307
G1 X-21.47 Y2.049 E0.02527
G1 X-21.543 Y1.013 E0.02526
G1 X-21.567 Y-0.017 E0.02506
G1 X-21.542 Y-1.045 E0.02501
G1 X-21.47 Y-2.049 E0.02448
G1 X-21.338 Y-3.111 E0.02603
G1 X-21.129 Y-4.324 E0.02994
G1 X-26.56 Y-4.325 E0.13209
G1 X-26.735 Y-2.9 E0.03492
G1 X-26.822 Y-1.946 E0.0233
G1 X-26.877 Y-.971 E0.02375
G1 X-26.893 Y0.00 E0.02362
G1 X-26.879 Y0.918 E0.02233
G1 X-26.822 Y1.946 E0.02504
G1 X-26.73 Y2.948 E0.02447
G1 X-26.555 Y4.325 E0.03376
G1 X-21.129 Y4.324 E0.13197
G1 F3600 E-1
G0 F12000 X-20.594 Y4.749
;TYPE:WALL-OUTER
G1 F3600 E1
G1 F2400 X-20.747 Y4.039 E0.01766
G1 X-20.921 Y3.027 E0.02497
G1 X-21.046 Y2.018 E0.02473
G1 X-21.118 Y1.002 E0.02477
G1 X-21.142 Y-0.006 E0.02452
G1 X-21.118 Y-1.014 E0.02452
G1 X-21.045 Y-2.031 E0.0248
G1 X-20.919 Y-3.039 E0.02471
G1 X-20.745 Y-4.049 E0.02493
G1 X-20.594 Y-4.749 E0.01742
G1 X-26.903 Y-4.75 E0.15344
G1 X-27.042 Y-3.887 E0.02126
G1 X-27.158 Y-2.939 E0.02323
G1 X-27.246 Y-1.977 E0.02349
G1 X-27.302 Y-.987 E0.02412
G1 X-27.318 Y0.00 E0.02401
G1 X-27.302 Y0.987 E0.02401
G1 X-27.242 Y2.03 E0.02541
G1 X-27.151 Y3.001 E0.02372
G1 X-27.035 Y3.918 E0.02248
G1 X-26.902 Y4.75 E0.02049
G1 X-20.594 Y4.749 E0.15342
G0 F12000 X-20.747 Y4.039
G0 X-20.759 Y3.967
G0 X-21.989 Y3.761
G1 F3600 E-1
G0 F12000 X-20.889 Y4.513
G0 X21.364 Y1.023
G0 X21.972 Y-0.038
;TYPE:FILL
G1 F3600 E1
G1 F9104.6 X22.747 Y-.903 E0.02825
G1 X23.248 Y-1.806 E0.02512
G1 X23.469 Y-2.709 E0.02261
G1 X23.486 Y-3.612 E0.02197
G1 X23.43 Y-3.919 E0.00759
G1 F3600 E-1
G0 F12000 X21.564 Y3.961
G0 X21.129 Y4.324
;TYPE:WALL-INNER
G1 F3600 E1
G1 F4634.9 X26.558 Y4.324 E0.13204
G1 X26.735 Y2.9 E0.0349
G1 X26.822 Y1.946 E0.0233
G1 X26.877 Y0.971 E0.02375
G1 X26.892 Y-0.096 E0.02595
G1 X26.879 Y-.922 E0.02009
G1 X26.826 Y-1.903 E0.02389
G1 X26.73 Y-2.952 E0.02562
G1 X26.555 Y-4.325 E0.03366
G1 X21.13 Y-4.325 E0.13194
G1 X21.338 Y-3.111 E0.02996
G1 X21.47 Y-2.049 E0.02603
G1 X21.543 Y-1.017 E0.02516
G1 X21.568 Y0.017 E0.02516
G1 X21.542 Y1.045 E0.02501
G1 X21.47 Y2.049 E0.02448
G1 X21.343 Y3.08 E0.02526
G1 X21.129 Y4.324 E0.0307
G1 F3600 E-1
G0 F12000 X20.594 Y4.749
;TYPE:WALL-OUTER
G1 F3600 E1
G1 F2400 X26.903 Y4.749 E0.15344
G1 X27.041 Y3.887 E0.02123
G1 X27.158 Y2.939 E0.02323
G1 X27.246 Y1.977 E0.02349
G1 X27.302 Y0.987 E0.02412
G1 X27.317 Y-.103 E0.02651
G1 X27.302 Y-.991 E0.0216
G1 X27.242 Y-2.034 E0.02541
G1 X27.151 Y-3.006 E0.02374
G1 X27.035 Y-3.918 E0.02236
G1 X26.902 Y-4.75 E0.02049
G1 X20.594 Y-4.75 E0.15342
G1 X20.747 Y-4.043 E0.01759
G1 X20.921 Y-3.027 E0.02507
G1 X21.046 Y-2.018 E0.02473
G1 X21.118 Y-1.006 E0.02468
G1 X21.143 Y0.006 E0.02462
G1 X21.118 Y1.014 E0.02452
G1 X21.045 Y2.031 E0.0248
G1 X20.919 Y3.039 E0.02471
G1 X20.745 Y4.049 E0.02493
G1 X20.594 Y4.749 E0.01742
G0 F12000 X21.394 Y4.749
G0 X21.831 Y3.575
G1 F3600 E-1
;MESH:NONMESH
G0 F600 X21.831 Y3.575 Z29.29
G0 F12000 X20.988 Y4.094
G0 X-21.364 Y1.023
G0 X-21.745 Y0.471
;TIME_ELAPSED:909.267587
;LAYER:223
;note -- min layer time used
;TYPE:FILL
;MESH:bridge.stl
G1 F3600 E1
G1 F9210.1 X-22.179 Y0.903 E0.01489
G1 X-22.874 Y1.806 E0.02771
G1 X-23.292 Y2.709 E0.0242
G1 X-23.494 Y3.612 E0.02251
G1 X-23.501 Y3.92 E0.00749
G1 F3600 E-1
G0 F12000 X-21.349 Y3.961
G0 X-20.918 Y4.325
;TYPE:WALL-INNER
G1 F3600 E1
G1 F4670 X-21.118 Y3.125 E0.02959
G1 X-21.254 Y2.049 E0.02638
G1 X-21.327 Y1.013 E0.02526
G1 X-21.351 Y-0.017 E0.02506
G1 X-21.326 Y-1.045 E0.02501
G1 X-21.254 Y-2.049 E0.02448
G1 X-21.118 Y-3.154 E0.02708
G1 X-20.916 Y-4.325 E0.0289
G1 X-26.409 Y-4.325 E0.1336
G1 X-26.58 Y-2.925 E0.0343
G1 X-26.666 Y-1.947 E0.02388
G1 X-26.721 Y-.97 E0.0238
G1 X-26.741 Y0.00 E0.0236
G1 X-26.719 Y1.017 E0.02474
G1 X-26.663 Y1.987 E0.02363
G1 X-26.577 Y2.953 E0.02359
G1 X-26.401 Y4.325 E0.03364
G1 X-20.918 Y4.325 E0.13335
G1 F3600 E-1
G0 F12000 X-20.379 Y4.75
;TYPE:WALL-OUTER
G1 F3600 E1
G1 F2400 X-20.535 Y4.038 E0.01773
G1 X-20.696 Y3.072 E0.02382
G1 X-20.83 Y2.018 E0.02584
G1 X-20.902 Y1.003 E0.02475
G1 X-20.926 Y-0.007 E0.02457
G1 X-20.902 Y-1.014 E0.0245
G1 X-20.829 Y-2.031 E0.0248
G1 X-20.699 Y-3.083 E0.02578
G1 X-20.533 Y-4.05 E0.02386
G1 X-20.379 Y-4.75 E0.01743
G1 X-26.748 Y-4.75 E0.1549
G1 X-26.891 Y-3.884 E0.02135
G1 X-27.006 Y-2.936 E0.02323
G1 X-27.09 Y-1.978 E0.02339
G1 X-27.146 Y-.986 E0.02417
G1 X-27.166 Y0.00 E0.02399
G1 X-27.146 Y0.986 E0.02399
G1 X-27.09 Y1.978 E0.02417
G1 X-26.999 Y3.006 E0.0251
G1 X-26.882 Y3.92 E0.02241
G1 X-26.747 Y4.75 E0.02045
G1 X-20.379 Y4.75 E0.15488
G0 F12000 X-20.535 Y4.038
G0 X-20.546 Y3.968
G0 X-21.774 Y3.761
G1 F3600 E-1
G0 F12000 X-20.674 Y4.513
G0 X21.148 Y1.023
G0 X21.75 Y0.321
;TYPE:FILL
G1 F3600 E1
G1 F9210.1 X22.072 Y0.00 E0.01106
G1 X22.868 Y-.903 E0.02928
G1 X23.333 Y-1.806 E0.0247
G1 X23.516 Y-2.709 E0.02241
G1 X23.495 Y-3.612 E0.02197
G1 X23.426 Y-3.92 E0.00768
G1 F3600 E-1
G0 F12000 X21.349 Y3.961
G0 X20.916 Y4.325
;TYPE:WALL-INNER
G1 F3600 E1
G1 F4670 X26.407 Y4.324 E0.13355
G1 X26.58 Y2.925 E0.03428
G1 X26.666 Y1.947 E0.02388
G1 X26.721 Y0.97 E0.0238
G1 X26.74 Y-0.053 E0.02489
G1 X26.719 Y-1.021 E0.02355
G1 X26.663 Y-1.991 E0.02363
G1 X26.577 Y-2.957 E0.02359
G1 X26.401 Y-4.325 E0.03355
G1 X20.914 Y-4.325 E0.13345
G1 X21.118 Y-3.125 E0.0296
G1 X21.254 Y-2.049 E0.02638
G1 X21.327 Y-1.017 E0.02516
G1 X21.352 Y0.014 E0.02508
G1 X21.326 Y1.045 E0.02508
G1 X21.254 Y2.049 E0.02448
G1 X21.123 Y3.123 E0.02631
G1 X20.916 Y4.325 E0.02966
G1 F3600 E-1
G0 F12000 X20.379 Y4.75
;TYPE:WALL-OUTER
G1 F3600 E1
G1 F2400 X26.748 Y4.749 E0.1549
G1 X26.888 Y3.904 E0.02083
G1 X27.003 Y2.969 E0.02291
G1 X27.09 Y1.978 E0.0242
G1 X27.146 Y0.986 E0.02417
G1 X27.165 Y0.00 E0.02399
G1 X27.146 Y-.99 E0.02408
G1 X27.09 Y-1.982 E0.02417
G1 X26.999 Y-3.011 E0.02512
G1 X26.882 Y-3.919 E0.02227
G1 X26.747 Y-4.75 E0.02048
G1 X20.378 Y-4.75 E0.1549
G1 X20.531 Y-4.043 E0.01759
G1 X20.696 Y-3.072 E0.02395
G1 X20.83 Y-2.018 E0.02584
G1 X20.902 Y-1.007 E0.02465
G1 X20.927 Y0.006 E0.02465
G1 X20.902 Y1.014 E0.02452
G1 X20.829 Y2.031 E0.0248
G1 X20.699 Y3.083 E0.02578
G1 X20.533 Y4.05 E0.02386
G1 X20.379 Y4.75 E0.01743
G0 F12000 X21.179 Y4.75
G0 X21.616 Y3.575
G1 F3600 E-1
;MESH:NONMESH
G0 F600 X21.616 Y3.575 Z29.42
G0 F12000 X20.773 Y4.094
G0 X-21.148 Y1.023
G0 X-21.745 Y0.387
G0 X-21.531 Y0.383
;TIME_ELAPSED:913.149544
;LAYER:224
;note -- min layer time used
;TYPE:FILL
;MESH:bridge.stl
G1 F3600 E1
G1 F9318.7 X-22.071 Y0.903 E0.01823
G1 X-22.809 Y1.806 E0.02836
G1 X-23.268 Y2.709 E0.02464
G1 X-23.508 Y3.612 E0.02272
G1 X-23.527 Y3.92 E0.00751
G1 F3600 E-1
G0 F12000 X-21.133 Y3.961
G0 X-20.706 Y4.325
;TYPE:WALL-INNER
G1 F3600 E1
G1 F4706.2 X-20.902 Y3.125 E0.02957
G1 X-21.038 Y2.049 E0.02638
G1 X-21.111 Y1.034 E0.02475
G1 X-21.135 Y-0.017 E0.02557
G1 X-21.11 Y-1.045 E0.02501
G1 X-21.038 Y-2.049 E0.02448
G1 X-20.901 Y-3.156 E0.02713
G1 X-20.7 Y-4.325 E0.02885
G1 X-26.245 Y-4.325 E0.13486
G1 X-26.427 Y-2.895 E0.03506
G1 X-26.514 Y-1.946 E0.02318
G1 X-26.569 Y-.971 E0.02375
G1 X-26.585 Y0.00 E0.02362
G1 X-26.571 Y0.916 E0.02228
G1 X-26.514 Y1.946 E0.02509
G1 X-26.422 Y2.948 E0.02447
G1 X-26.247 Y4.325 E0.03376
G1 X-20.706 Y4.325 E0.13477
G1 F3600 E-1
G0 F12000 X-20.157 Y4.75
;TYPE:WALL-OUTER
G1 F3600 E1
G1 F2400 X-20.331 Y3.981 E0.01918
G1 X-20.48 Y3.072 E0.0224
G1 X-20.614 Y2.018 E0.02584
G1 X-20.686 Y1.003 E0.02475
G1 X-20.71 Y-0.007 E0.02457
G1 X-20.686 Y-1.014 E0.0245
G1 X-20.613 Y-2.031 E0.0248
G1 X-20.483 Y-3.083 E0.02578
G1 X-20.324 Y-3.995 E0.02252
G1 X-20.156 Y-4.75 E0.01881
G1 X-26.588 Y-4.75 E0.15644
G1 X-26.722 Y-3.946 E0.01982
G1 X-26.847 Y-2.968 E0.02398
G1 X-26.938 Y-1.977 E0.0242
G1 X-26.994 Y-.986 E0.02414
G1 X-27.01 Y0.00 E0.02398
G1 X-26.994 Y0.986 E0.02398
G1 X-26.934 Y2.03 E0.02543
G1 X-26.843 Y3.001 E0.02372
G1 X-26.722 Y3.956 E0.02341
G1 X-26.588 Y4.75 E0.01958
G1 X-20.157 Y4.75 E0.15641
G0 F12000 X-20.331 Y3.981
G0 X-20.332 Y3.97
G0 X-21.558 Y3.761
G1 F3600 E-1
G0 F12000 X-20.455 Y4.513
G0 X20.932 Y1.023
G0 X21.526 Y0.66
;TYPE:FILL
G1 F3600 E1
G1 F9318.7 X22.211 Y0.00 E0.02314
G1 X22.995 Y-.903 E0.02908
G1 X23.422 Y-1.806 E0.02429
G1 X23.566 Y-2.709 E0.02224
G1 X23.509 Y-3.612 E0.02201
G1 X23.427 Y-3.92 E0.00775
G1 F3600 E-1
G0 F12000 X21.133 Y3.961
G0 X20.7 Y4.325
;TYPE:WALL-INNER
G1 F3600 E1
G1 F4706.2 X26.245 Y4.325 E0.13486
G1 X26.427 Y2.895 E0.03506
G1 X26.514 Y1.946 E0.02318
G1 X26.569 Y0.971 E0.02375
G1 X26.584 Y-0.098 E0.026
G1 X26.571 Y-.921 E0.02002
G1 X26.518 Y-1.903 E0.02392
G1 X26.422 Y-2.953 E0.02564
G1 X26.247 Y-4.325 E0.03364
G1 X20.706 Y-4.325 E0.13477
G1 X20.899 Y-3.15 E0.02896
G1 X21.038 Y-2.049 E0.02699
G1 X21.111 Y-1.017 E0.02516
G1 X21.136 Y0.017 E0.02516
G1 X21.11 Y1.045 E0.02501
G1 X21.038 Y2.049 E0.02448
G1 X20.907 Y3.123 E0.02631
G1 X20.7 Y4.325 E0.02966
G1 F3600 E-1
G0 F12000 X20.156 Y4.75
;TYPE:WALL-OUTER
G1 F3600 E1
G1 F2400 X26.588 Y4.75 E0.15644
G1 X26.722 Y3.946 E0.01982
G1 X26.847 Y2.968 E0.02398
G1 X26.938 Y1.977 E0.0242
G1 X26.994 Y0.986 E0.02414
G1 X27.009 Y-.105 E0.02654
G1 X26.994 Y-.991 E0.02155
G1 X26.934 Y-2.034 E0.02541
G1 X26.843 Y-3.006 E0.02374
G1 X26.722 Y-3.956 E0.02329
G1 X26.588 Y-4.75 E0.01958
G1 X20.158 Y-4.75 E0.15639
G1 X20.331 Y-3.981 E0.01917
G1 X20.48 Y-3.072 E0.0224
G1 X20.614 Y-2.018 E0.02584
G1 X20.686 Y-1.007 E0.02465
G1 X20.711 Y0.007 E0.02467
G1 X20.686 Y1.014 E0.0245
G1 X20.613 Y2.031 E0.0248
G1 X20.483 Y3.083 E0.02578
G1 X20.324 Y3.995 E0.02252
G1 X20.156 Y4.75 E0.01881
G0 F12000 X20.956 Y4.75
G0 X21.4 Y3.575
G1 F3600 E-1
;MESH:NONMESH
G0 F600 X21.4 Y3.575 Z29.55
G0 F12000 X20.557 Y4.095
G0 X-20.932 Y1.023
G0 X-21.531 Y0.308
G0 X-21.317 Y0.304
;TIME_ELAPSED:917.034359
;LAYER:225
;note -- min layer time used
;TYPE:FILL
;MESH:bridge.stl
G1 F3600 E1
G1 F9468.4 X-21.961 Y0.903 E0.02139
G1 X-22.747 Y1.806 E0.02912
G1 X-23.248 Y2.709 E0.02512
G1 X-23.525 Y3.612 E0.02297
G1 X-23.557 Y3.92 E0.00753
G1 F3600 E-1
G0 F12000 X-20.912 Y3.961
G0 X-20.476 Y4.325
;TYPE:WALL-INNER
G1 F3600 E1
G1 F4756.1 X-20.703 Y3.045 E0.03162
G1 X-20.822 Y2.049 E0.0244
G1 X-20.895 Y1.032 E0.0248
G1 X-20.919 Y-0.017 E0.02552
G1 X-20.894 Y-1.045 E0.02501
G1 X-20.822 Y-2.049 E0.02448
G1 X-20.689 Y-3.113 E0.02608
G1 X-20.475 Y-4.325 E0.02993
G1 X-26.069 Y-4.325 E0.13605
G1 X-26.152 Y-3.83 E0.01221
G1 X-26.272 Y-2.921 E0.0223
G1 X-26.362 Y-1.947 E0.02379
G1 X-26.413 Y-.971 E0.02377
G1 X-26.433 Y0.00 E0.02362
G1 X-26.415 Y0.927 E0.02255
G1 X-26.362 Y1.946 E0.02482
G1 X-26.269 Y2.919 E0.02377
G1 X-26.085 Y4.325 E0.03449
G1 X-20.476 Y4.325 E0.13642
G1 F3600 E-1
G0 F12000 X-19.931 Y4.75
;TYPE:WALL-OUTER
G1 F3600 E1
G1 F2400 X-20.095 Y4.04 E0.01772
G1 X-20.281 Y2.994 E0.02584
G1 X-20.398 Y2.018 E0.02391
G1 X-20.47 Y1.003 E0.02475
G1 X-20.494 Y-0.007 E0.02457
G1 X-20.47 Y-1.014 E0.0245
G1 X-20.397 Y-2.031 E0.0248
G1 X-20.271 Y-3.04 E0.02473
G1 X-20.092 Y-4.053 E0.02502
G1 X-19.931 Y-4.75 E0.0174
G1 X-26.428 Y-4.75 E0.15802
G1 X-26.574 Y-3.886 E0.02131
G1 X-26.695 Y-2.968 E0.02252
G1 X-26.786 Y-1.978 E0.02418
G1 X-26.838 Y-.986 E0.02416
G1 X-26.858 Y0.00 E0.02399
G1 X-26.836 Y1.036 E0.0252
G1 X-26.781 Y2.042 E0.0245
G1 X-26.687 Y3.001 E0.02344
G1 X-26.566 Y3.918 E0.0225
G1 X-26.428 Y4.75 E0.02051
G1 X-19.931 Y4.75 E0.15802
G0 F12000 X-20.095 Y4.04
G0 X-20.107 Y3.971
G0 X-21.339 Y3.763
G1 F3600 E-1
G0 F12000 X-20.231 Y4.513
G0 X20.641 Y2.047
G0 X21.302 Y0.996
;TYPE:FILL
G1 F3600 E1
G1 F9468.4 X21.383 Y0.903 E0.003
G1 X22.355 Y0.00 E0.03227
G1 X23.128 Y-.903 E0.02891
G1 X23.517 Y-1.806 E0.02391
G1 X23.62 Y-2.709 E0.0221
G1 X23.526 Y-3.612 E0.02208
G1 X23.432 Y-3.92 E0.00783
G1 F3600 E-1
G0 F12000 X20.911 Y3.961
G0 X20.475 Y4.325
;TYPE:WALL-INNER
G1 F3600 E1
G1 F4756.1 X26.069 Y4.325 E0.13605
G1 X26.152 Y3.83 E0.01221
G1 X26.272 Y2.921 E0.0223
G1 X26.362 Y1.947 E0.02379
G1 X26.413 Y0.971 E0.02377
G1 X26.432 Y0.00 E0.02362
G1 X26.415 Y-.932 E0.02267
G1 X26.362 Y-1.95 E0.02479
G1 X26.269 Y-2.923 E0.02377
G1 X26.084 Y-4.325 E0.03439
G1 X20.476 Y-4.325 E0.13639
G1 X20.698 Y-3.052 E0.03143
G1 X20.822 Y-2.049 E0.02458
G1 X20.895 Y-1.036 E0.0247
G1 X20.92 Y0.014 E0.02554
G1 X20.894 Y1.045 E0.02508
G1 X20.822 Y2.049 E0.02448
G1 X20.695 Y3.08 E0.02526
G1 X20.475 Y4.325 E0.03075
G1 F3600 E-1
G0 F12000 X19.931 Y4.75
;TYPE:WALL-OUTER
G1 F3600 E1
G1 F2400 X26.428 Y4.75 E0.15802
G1 X26.574 Y3.886 E0.02131
G1 X26.695 Y2.968 E0.02252
G1 X26.786 Y1.978 E0.02418
G1 X26.838 Y0.986 E0.02416
G1 X26.857 Y0.00 E0.02399
G1 X26.84 Y-.94 E0.02287
G1 X26.781 Y-2.045 E0.02691
G1 X26.687 Y-3.006 E0.02348
G1 X26.566 Y-3.918 E0.02238
G1 X26.428 Y-4.75 E0.02051
G1 X19.931 Y-4.75 E0.15802
G1 X20.095 Y-4.044 E0.01763
G1 X20.277 Y-2.999 E0.0258
G1 X20.398 Y-2.018 E0.02404
G1 X20.47 Y-1.006 E0.02468
G1 X20.495 Y0.006 E0.02462
G1 X20.47 Y1.014 E0.02452
G1 X20.397 Y2.031 E0.0248
G1 X20.271 Y3.04 E0.02473
G1 X20.092 Y4.053 E0.02502
G1 X19.931 Y4.75 E0.0174
G0 F12000 X20.731 Y4.75
G0 X21.179 Y3.575
G1 F3600 E-1
;MESH:NONMESH
G0 F600 X21.179 Y3.575 Z29.68
G0 F12000 X20.334 Y4.098
G0 X-20.716 Y1.023
G0 X-21.317 Y0.241
G0 X-21.102 Y0.237
;TIME_ELAPSED:920.943225
;LAYER:226
;TYPE:FILL
;MESH:bridge.stl
G1 F3600 E1
G1 F9600 X-21.849 Y0.903 E0.02434
G1 X-22.687 Y1.806 E0.02996
G1 X-23.231 Y2.709 E0.02564
G1 X-23.546 Y3.612 E0.02326
G1 X-23.591 Y3.92 E0.00757
G1 F3600 E-1
G0 F12000 X-20.683 Y3.961
G0 X-20.248 Y4.325
;TYPE:WALL-INNER
G1 F3600 E1
G1 F4800 X-20.47 Y3.083 E0.03069
G1 X-20.602 Y2.052 E0.02528
G1 X-20.679 Y1.013 E0.02534
G1 X-20.703 Y-0.017 E0.02506
G1 X-20.678 Y-1.047 E0.02506
G1 X-20.602 Y-2.052 E0.02451
G1 X-20.465 Y-3.116 E0.02609
G1 X-20.247 Y-4.325 E0.02988
G1 X-25.931 Y-4.325 E0.13824
G1 X-26.111 Y-2.898 E0.03498
G1 X-26.202 Y-1.944 E0.02331
G1 X-26.257 Y-.97 E0.02373
G1 X-26.277 Y-0.043 E0.02255
G1 X-26.257 Y0.97 E0.02464
G1 X-26.202 Y1.944 E0.02373
G1 X-26.109 Y2.919 E0.02382
G1 X-25.925 Y4.325 E0.03449
G1 X-20.248 Y4.325 E0.13807
G1 F3600 E-1
G0 F12000 X-19.703 Y4.75
;TYPE:WALL-OUTER
G1 F3600 E1
G1 F2400 X-19.867 Y4.041 E0.0177
G1 X-20.048 Y3.028 E0.02503
G1 X-20.178 Y2.019 E0.02474
G1 X-20.254 Y1.002 E0.0248
G1 X-20.278 Y-0.006 E0.02452
G1 X-20.254 Y-1.015 E0.02455
G1 X-20.178 Y-2.019 E0.02449
G1 X-20.047 Y-3.041 E0.02506
G1 X-19.864 Y-4.052 E0.02499
G1 X-19.706 Y-4.75 E0.01741
G1 X-26.268 Y-4.75 E0.1596
G1 X-26.415 Y-3.884 E0.02136
G1 X-26.534 Y-2.938 E0.02319
G1 X-26.626 Y-1.977 E0.02348
G1 X-26.682 Y-.986 E0.02414
G1 X-26.702 Y-0.043 E0.02294
G1 X-26.682 Y0.986 E0.02503
G1 X-26.626 Y1.977 E0.02414
G1 X-26.527 Y3.001 E0.02502
G1 X-26.406 Y3.918 E0.0225
G1 X-26.268 Y4.75 E0.02051
G1 X-19.703 Y4.75 E0.15967
G0 F12000 X-19.867 Y4.041
G0 X-19.879 Y3.971
G0 X-21.111 Y3.764
G1 F3600 E-1
G0 F12000 X-20.002 Y4.513
G0 X20.421 Y2.05
G0 X21.059 Y1.373
;TYPE:FILL
G1 F3600 E1
G1 F9600 X21.495 Y0.903 E0.01559
G1 X22.507 Y0.00 E0.03299
G1 X23.269 Y-.903 E0.02874
G1 X23.617 Y-1.806 E0.02354
G1 X23.679 Y-2.709 E0.02201
G1 X23.547 Y-3.612 E0.0222
G1 X23.44 Y-3.92 E0.00793
G1 F3600 E-1
G0 F12000 X20.684 Y3.961
G0 X20.247 Y4.325
;TYPE:WALL-INNER
G1 F3600 E1
G1 F4800 X25.931 Y4.325 E0.13824
G1 X26.11 Y2.897 E0.035
G1 X26.202 Y1.944 E0.02329
G1 X26.257 Y0.97 E0.02373
G1 X26.276 Y0.043 E0.02255
G1 X26.255 Y-1.024 E0.02596
G1 X26.206 Y-1.896 E0.02124
G1 X26.109 Y-2.923 E0.02509
G1 X25.924 Y-4.325 E0.03439
G1 X20.248 Y-4.325 E0.13805
G1 X20.465 Y-3.12 E0.02978
G1 X20.602 Y-2.052 E0.02619
G1 X20.679 Y-1.017 E0.02524
G1 X20.704 Y0.008 E0.02494
G1 X20.678 Y1.047 E0.02528
G1 X20.602 Y2.052 E0.02451
G1 X20.465 Y3.116 E0.02609
G1 X20.247 Y4.325 E0.02988
G1 F3600 E-1
G0 F12000 X19.706 Y4.75
;TYPE:WALL-OUTER
G1 F3600 E1
G1 F2400 X26.268 Y4.75 E0.1596
G1 X26.415 Y3.884 E0.02136
G1 X26.534 Y2.938 E0.02319
G1 X26.626 Y1.977 E0.02348
G1 X26.682 Y0.986 E0.02414
G1 X26.701 Y0.043 E0.02294
G1 X26.682 Y-.99 E0.02513
G1 X26.626 Y-1.981 E0.02414
G1 X26.527 Y-3.006 E0.02505
G1 X26.406 Y-3.918 E0.02238
G1 X26.268 Y-4.75 E0.02051
G1 X19.703 Y-4.75 E0.15967
G1 X19.867 Y-4.045 E0.0176
G1 X20.049 Y-3.032 E0.02503
G1 X20.178 Y-2.019 E0.02484
G1 X20.254 Y-1.006 E0.02471
G1 X20.279 Y0.003 E0.02455
G1 X20.254 Y1.015 E0.02462
G1 X20.178 Y2.019 E0.02449
G1 X20.047 Y3.041 E0.02506
G1 X19.864 Y4.052 E0.02499
G1 X19.706 Y4.75 E0.01741
G0 F12000 X20.506 Y4.75
G0 X20.953 Y3.575
G1 F3600 E-1
;MESH:NONMESH
G0 F600 X20.953 Y3.575 Z29.81
G0 F12000 X20.106 Y4.099
G0 X-20.5 Y1.025
G0 X-21.102 Y0.179
G0 X-20.879 Y0.174
;TIME_ELAPSED:924.857782
;LAYER:227
;TYPE:FILL
;MESH:bridge.stl
G1 F3600 E1
G1 F9600 X-21.734 Y0.903 E0.02733
G1 X-22.629 Y1.806 E0.03092
G1 X-23.218 Y2.709 E0.02622
G1 X-23.571 Y3.612 E0.02358
G1 X-23.629 Y3.92 E0.00762
G1 F3600 E-1
G0 F12000 X-20.456 Y3.961
G0 X-20.02 Y4.325
;TYPE:WALL-INNER
G1 F3600 E1
G1 F4800 X-20.242 Y3.083 E0.03069
G1 X-20.374 Y2.052 E0.02528
G1 X-20.451 Y1.015 E0.02529
G1 X-20.479 Y-0.019 E0.02516
G1 X-20.45 Y-1.048 E0.02504
G1 X-20.374 Y-2.052 E0.02449
G1 X-20.237 Y-3.116 E0.02609
G1 X-20.019 Y-4.325 E0.02988
G1 X-25.771 Y-4.325 E0.1399
G1 X-25.951 Y-2.898 E0.03498
G1 X-26.042 Y-1.944 E0.02331
G1 X-26.097 Y-.97 E0.02373
G1 X-26.117 Y0.00 E0.0236
G1 X-26.095 Y1.019 E0.02479
G1 X-26.042 Y1.944 E0.02253
G1 X-25.949 Y2.919 E0.02382
G1 X-25.765 Y4.325 E0.03449
G1 X-20.02 Y4.325 E0.13973
G1 F3600 E-1
G0 F12000 X-19.477 Y4.75
;TYPE:WALL-OUTER
G1 F3600 E1
G1 F2400 X-19.639 Y4.041 E0.01769
G1 X-19.82 Y3.028 E0.02503
G1 X-19.95 Y2.019 E0.02474
G1 X-20.026 Y1.004 E0.02476
G1 X-20.054 Y-0.008 E0.02462
G1 X-20.026 Y-1.015 E0.0245
G1 X-19.95 Y-2.019 E0.02449
G1 X-19.819 Y-3.041 E0.02506
G1 X-19.636 Y-4.052 E0.02499
G1 X-19.478 Y-4.75 E0.01741
G1 X-26.108 Y-4.75 E0.16125
G1 X-26.255 Y-3.884 E0.02136
G1 X-26.374 Y-2.938 E0.02319
G1 X-26.466 Y-1.977 E0.02348
G1 X-26.522 Y-.986 E0.02414
G1 X-26.542 Y0.00 E0.02399
G1 X-26.522 Y0.986 E0.02399
G1 X-26.466 Y1.977 E0.02414
G1 X-26.367 Y3.001 E0.02502
G1 X-26.246 Y3.918 E0.0225
G1 X-26.108 Y4.75 E0.02051
G1 X-19.477 Y4.75 E0.16128
G0 F12000 X-19.639 Y4.041
G0 X-19.651 Y3.97
G0 X-20.725 Y3.575
G1 F3600 E-1
G0 F12000 X-19.878 Y4.099
G0 X20.193 Y2.05
G0 X20.805 Y1.715
;TYPE:FILL
G1 F3600 E1
G1 F9600 X21.61 Y0.903 E0.02781
G1 X22.669 Y0.00 E0.03385
G1 X23.42 Y-.903 E0.02857
G1 X23.724 Y-1.806 E0.02317
G1 X23.742 Y-2.709 E0.02197
G1 X23.572 Y-3.612 E0.02235
G1 X23.452 Y-3.92 E0.00804
G1 F3600 E-1
G0 F12000 X20.456 Y3.961
G0 X20.019 Y4.325
;TYPE:WALL-INNER
G1 F3600 E1
G1 F4800 X25.772 Y4.325 E0.13992
G1 X25.95 Y2.897 E0.035
G1 X26.042 Y1.944 E0.02329
G1 X26.097 Y0.97 E0.02373
G1 X26.116 Y0.00 E0.0236
G1 X26.095 Y-1.023 E0.02489
G1 X26.046 Y-1.896 E0.02127
G1 X25.949 Y-2.923 E0.02509
G1 X25.764 Y-4.325 E0.03439
G1 X20.02 Y-4.325 E0.1397
G1 X20.237 Y-3.12 E0.02978
G1 X20.374 Y-2.052 E0.02619
G1 X20.451 Y-1.038 E0.02473
G1 X20.48 Y0.014 E0.0256
G1 X20.45 Y1.048 E0.02516
G1 X20.374 Y2.052 E0.02449
G1 X20.237 Y3.116 E0.02609
G1 X20.019 Y4.325 E0.02988
G1 F3600 E-1
G0 F12000 X19.478 Y4.75
;TYPE:WALL-OUTER
G1 F3600 E1
G1 F2400 X26.108 Y4.75 E0.16125
G1 X26.255 Y3.884 E0.02136
G1 X26.374 Y2.938 E0.02319
G1 X26.466 Y1.977 E0.02348
G1 X26.522 Y0.986 E0.02414
G1 X26.541 Y0.00 E0.02399
G1 X26.522 Y-.99 E0.02408
G1 X26.466 Y-1.981 E0.02414
G1 X26.367 Y-3.006 E0.02505
G1 X26.246 Y-3.918 E0.02238
G1 X26.108 Y-4.75 E0.02051
G1 X19.478 Y-4.75 E0.16125
G1 X19.639 Y-4.045 E0.01759
G1 X19.821 Y-3.032 E0.02503
G1 X19.95 Y-2.019 E0.02484
G1 X20.026 Y-1.008 E0.02466
G1 X20.055 Y0.006 E0.02467
G1 X20.026 Y1.015 E0.02455
G1 X19.95 Y2.019 E0.02449
G1 X19.819 Y3.041 E0.02506
G1 X19.636 Y4.052 E0.02499
G1 X19.478 Y4.75 E0.01741
G0 F12000 X20.278 Y4.75
G0 X20.725 Y3.575
G1 F3600 E-1
;MESH:NONMESH
G0 F600 X20.725 Y3.575 Z29.94
G0 F12000 X19.878 Y4.098
G0 X-20.272 Y1.025
G0 X-20.876 Y0.129
G0 X-20.652 Y0.124
;TIME_ELAPSED:928.771312
;LAYER:228
;TYPE:FILL
;MESH:bridge.stl
G1 F3600 E1
G1 F9600 X-21.614 Y0.903 E0.03011
G1 X-22.573 Y1.806 E0.03204
G1 X-23.209 Y2.709 E0.02686
G1 X-23.6 Y3.612 E0.02393
G1 X-23.672 Y3.92 E0.00769
G1 F3600 E-1
G0 F12000 X-20.228 Y3.961
G0 X-19.792 Y4.325
;TYPE:WALL-INNER
G1 F3600 E1
G1 F4800 X-20.014 Y3.083 E0.03069
G1 X-20.146 Y2.052 E0.02528
G1 X-20.223 Y1.015 E0.02529
G1 X-20.251 Y-0.019 E0.02516
G1 X-20.222 Y-1.047 E0.02501
G1 X-20.146 Y-2.052 E0.02451
G1 X-20.009 Y-3.116 E0.02609
G1 X-19.791 Y-4.325 E0.02988
G1 X-25.611 Y-4.325 E0.14155
G1 X-25.791 Y-2.898 E0.03498
G1 X-25.882 Y-1.944 E0.02331
G1 X-25.937 Y-.97 E0.02373
G1 X-25.957 Y0.00 E0.0236
G1 X-25.935 Y1.02 E0.02481
G1 X-25.882 Y1.944 E0.02251
G1 X-25.789 Y2.919 E0.02382
G1 X-25.605 Y4.325 E0.03449
G1 X-19.792 Y4.325 E0.14138
G1 F3600 E-1
G0 F12000 X-19.247 Y4.75
;TYPE:WALL-OUTER
G1 F3600 E1
G1 F2400 X-19.411 Y4.041 E0.0177
G1 X-19.592 Y3.028 E0.02503
G1 X-19.722 Y2.019 E0.02474
G1 X-19.798 Y1.004 E0.02476
G1 X-19.826 Y-0.008 E0.02462
G1 X-19.798 Y-1.015 E0.0245
G1 X-19.722 Y-2.019 E0.02449
G1 X-19.591 Y-3.041 E0.02506
G1 X-19.408 Y-4.053 E0.02501
G1 X-19.247 Y-4.75 E0.0174
G1 X-25.948 Y-4.75 E0.16298
G1 X-26.095 Y-3.884 E0.02136
G1 X-26.214 Y-2.938 E0.02319
G1 X-26.306 Y-1.977 E0.02348
G1 X-26.362 Y-.986 E0.02414
G1 X-26.382 Y0.00 E0.02399
G1 X-26.362 Y0.986 E0.02399
G1 X-26.306 Y1.977 E0.02414
G1 X-26.207 Y3.001 E0.02502
G1 X-26.086 Y3.918 E0.0225
G1 X-25.948 Y4.75 E0.02051
G1 X-19.247 Y4.75 E0.16298
G0 F12000 X-19.411 Y4.041
G0 X-19.423 Y3.971
G0 X-20.497 Y3.575
G1 F3600 E-1
G0 F12000 X-19.65 Y4.1
G0 X19.834 Y3.075
G0 X20.544 Y2.129
;TYPE:FILL
G1 F3600 E1
G1 F9600 X20.771 Y1.806 E0.0096
G1 X21.73 Y0.903 E0.03204
G1 X22.845 Y0.00 E0.0349
G1 X23.582 Y-.903 E0.02835
G1 X23.837 Y-1.806 E0.02282
G1 X23.811 Y-2.709 E0.02197
G1 X23.601 Y-3.612 E0.02255
G1 X23.468 Y-3.92 E0.00816
G1 F3600 E-1
G0 F12000 X20.228 Y3.961
G0 X19.791 Y4.325
;TYPE:WALL-INNER
G1 F3600 E1
G1 F4800 X25.611 Y4.325 E0.14155
G1 X25.79 Y2.897 E0.035
G1 X25.882 Y1.944 E0.02329
G1 X25.937 Y0.97 E0.02373
G1 X25.956 Y0.00 E0.0236
G1 X25.935 Y-1.024 E0.02491
G1 X25.886 Y-1.896 E0.02124
G1 X25.789 Y-2.923 E0.02509
G1 X25.604 Y-4.325 E0.03439
G1 X19.792 Y-4.325 E0.14136
G1 X20.009 Y-3.12 E0.02978
G1 X20.146 Y-2.052 E0.02619
G1 X20.223 Y-1.038 E0.02473
G1 X20.252 Y0.014 E0.0256
G1 X20.222 Y1.047 E0.02513
G1 X20.146 Y2.052 E0.02451
G1 X20.009 Y3.116 E0.02609
G1 X19.791 Y4.325 E0.02988
G1 F3600 E-1
G0 F12000 X19.247 Y4.75
;TYPE:WALL-OUTER
G1 F3600 E1
G1 F2400 X25.948 Y4.75 E0.16298
G1 X26.095 Y3.884 E0.02136
G1 X26.214 Y2.938 E0.02319
G1 X26.306 Y1.977 E0.02348
G1 X26.362 Y0.986 E0.02414
G1 X26.381 Y0.00 E0.02399
G1 X26.362 Y-.99 E0.02408
G1 X26.306 Y-1.981 E0.02414
G1 X26.207 Y-3.006 E0.02505
G1 X26.086 Y-3.918 E0.02238
G1 X25.948 Y-4.75 E0.02051
G1 X19.247 Y-4.75 E0.16298
G1 X19.411 Y-4.045 E0.0176
G1 X19.593 Y-3.032 E0.02503
G1 X19.722 Y-2.019 E0.02484
G1 X19.798 Y-1.008 E0.02466
G1 X19.827 Y0.006 E0.02467
G1 X19.798 Y1.015 E0.02455
G1 X19.722 Y2.019 E0.02449
G1 X19.591 Y3.041 E0.02506
G1 X19.408 Y4.053 E0.02501
G1 X19.247 Y4.75 E0.0174
G0 F12000 X20.047 Y4.75
G0 X20.497 Y3.575
G1 F3600 E-1
;MESH:NONMESH
G0 F600 X20.497 Y3.575 Z30.07
G0 F12000 X19.65 Y4.1
G0 X-20.044 Y1.025
G0 X-20.649 Y0.095
G0 X-20.422 Y0.09
;TIME_ELAPSED:932.715211
;LAYER:229
;TYPE:FILL
;MESH:bridge.stl
G1 F3600 E1
G1 F9600 X-21.487 Y0.903 E0.03259
G1 X-22.518 Y1.806 E0.03333
G1 X-23.204 Y2.709 E0.02758
G1 X-23.634 Y3.612 E0.02433
G1 X-23.719 Y3.92 E0.00777
G1 F3600 E-1
G0 F12000 X-19.997 Y3.961
G0 X-19.564 Y4.325
;TYPE:WALL-INNER
G1 F3600 E1
G1 F4800 X-19.786 Y3.083 E0.03069
G1 X-19.918 Y2.052 E0.02528
G1 X-19.995 Y1.013 E0.02534
G1 X-20.019 Y-0.017 E0.02506
G1 X-19.994 Y-1.047 E0.02506
G1 X-19.918 Y-2.052 E0.02451
G1 X-19.786 Y-3.083 E0.02528
G1 X-19.559 Y-4.325 E0.03071
G1 X-25.451 Y-4.325 E0.1433
G1 X-25.631 Y-2.898 E0.03498
G1 X-25.722 Y-1.944 E0.02331
G1 X-25.777 Y-.971 E0.0237
G1 X-25.793 Y0.00 E0.02362
G1 X-25.779 Y0.914 E0.02223
G1 X-25.722 Y1.944 E0.02509
G1 X-25.629 Y2.919 E0.02382
G1 X-25.445 Y4.325 E0.03449
G1 X-19.564 Y4.325 E0.14303
G1 F3600 E-1
G0 F12000 X-19.008 Y4.75
;TYPE:WALL-OUTER
G1 F3600 E1
G1 F2400 X-19.183 Y4.041 E0.01776
G1 X-19.364 Y3.028 E0.02503
G1 X-19.494 Y2.019 E0.02474
G1 X-19.57 Y1.003 E0.02478
G1 X-19.594 Y-0.007 E0.02457
G1 X-19.57 Y-1.015 E0.02452
G1 X-19.494 Y-2.019 E0.02449
G1 X-19.362 Y-3.041 E0.02506
G1 X-19.188 Y-3.998 E0.02366
G1 X-19.009 Y-4.75 E0.0188
G1 X-25.788 Y-4.75 E0.16488
G1 X-25.935 Y-3.884 E0.02136
G1 X-26.054 Y-2.938 E0.02319
G1 X-26.146 Y-1.977 E0.02348
G1 X-26.202 Y-.987 E0.02412
G1 X-26.218 Y0.00 E0.02401
G1 X-26.202 Y0.987 E0.02401
G1 X-26.146 Y1.977 E0.02412
G1 X-26.047 Y3.001 E0.02502
G1 X-25.926 Y3.918 E0.0225
G1 X-25.788 Y4.75 E0.02051
G1 X-19.008 Y4.75 E0.1649
G0 F12000 X-19.183 Y4.041
G0 X-19.195 Y3.973
G0 X-20.426 Y3.765
G1 F3600 E-1
G0 F12000 X-19.311 Y4.513
G0 X19.606 Y3.075
G0 X20.262 Y2.548
;TYPE:FILL
G1 F3600 E1
G1 F9600 X20.826 Y1.806 E0.02267
G1 X21.857 Y0.903 E0.03333
G1 X23.04 Y0.00 E0.0362
G1 X23.758 Y-.903 E0.02806
G1 X23.958 Y-1.806 E0.02249
G1 X23.884 Y-2.709 E0.02204
G1 X23.635 Y-3.612 E0.02278
G1 X23.488 Y-3.92 E0.0083
G1 F3600 E-1
G0 F12000 X19.998 Y3.961
G0 X19.561 Y4.325
;TYPE:WALL-INNER
G1 F3600 E1
G1 F4800 X25.451 Y4.325 E0.14325
G1 X25.63 Y2.897 E0.035
G1 X25.722 Y1.944 E0.02329
G1 X25.777 Y0.971 E0.0237
G1 X25.792 Y-.103 E0.02612
G1 X25.779 Y-.918 E0.01982
G1 X25.726 Y-1.896 E0.02382
G1 X25.629 Y-2.923 E0.02509
G1 X25.444 Y-4.325 E0.03439
G1 X19.559 Y-4.324 E0.14313
G1 X19.786 Y-3.086 E0.03061
G1 X19.918 Y-2.052 E0.02535
G1 X19.994 Y-1.052 E0.02439
G1 X20.02 Y0.017 E0.02601
G1 X19.994 Y1.048 E0.02508
G1 X19.918 Y2.052 E0.02449
G1 X19.786 Y3.083 E0.02528
G1 X19.561 Y4.325 E0.0307
G1 F3600 E-1
G0 F12000 X19.009 Y4.75
;TYPE:WALL-OUTER
G1 F3600 E1
G1 F2400 X25.788 Y4.75 E0.16488
G1 X25.935 Y3.884 E0.02136
G1 X26.054 Y2.938 E0.02319
G1 X26.146 Y1.977 E0.02348
G1 X26.202 Y0.987 E0.02412
G1 X26.217 Y-.109 E0.02666
G1 X26.202 Y-.991 E0.02145
G1 X26.146 Y-1.981 E0.02412
G1 X26.047 Y-3.006 E0.02505
G1 X25.926 Y-3.918 E0.02238
G1 X25.788 Y-4.75 E0.02051
G1 X19.007 Y-4.749 E0.16492
G1 X19.178 Y-4.05 E0.0175
G1 X19.365 Y-3.032 E0.02517
G1 X19.494 Y-2.019 E0.02484
G1 X19.57 Y-1.006 E0.02471
G1 X19.595 Y0.007 E0.02465
G1 X19.57 Y1.015 E0.02452
G1 X19.494 Y2.019 E0.02449
G1 X19.362 Y3.041 E0.02506
G1 X19.188 Y3.998 E0.02366
G1 X19.009 Y4.75 E0.0188
G0 F12000 X19.809 Y4.75
G0 X20.267 Y3.575
G1 F3600 E-1
;MESH:NONMESH
G0 F600 X20.267 Y3.575 Z30.2
G0 F12000 X19.43 Y4.048
G0 X-19.816 Y1.025
G0 X-20.42 Y0.083
G0 X-20.194 Y0.078
;TIME_ELAPSED:936.675997
;LAYER:230
;TYPE:FILL
;MESH:bridge.stl
G1 F3600 E1
G1 F9600 X-21.351 Y0.903 E0.03456
G1 X-22.466 Y1.806 E0.0349
G1 X-23.202 Y2.709 E0.02833
G1 X-23.672 Y3.612 E0.02476
G1 X-23.771 Y3.92 E0.00787
G1 F3600 E-1
G0 F12000 X-19.757 Y3.962
G0 X-19.318 Y4.325
;TYPE:WALL-INNER
G1 F3600 E1
G1 F4800 X-19.544 Y3.121 E0.02979
G1 X-19.69 Y2.052 E0.02624
G1 X-19.767 Y1.013 E0.02534
G1 X-19.791 Y-0.017 E0.02506
G1 X-19.766 Y-1.047 E0.02506
G1 X-19.69 Y-2.052 E0.02451
G1 X-19.544 Y-3.121 E0.02624
G1 X-19.318 Y-4.325 E0.02979
G1 X-25.265 Y-4.325 E0.14464
G1 X-25.352 Y-3.827 E0.0123
G1 X-25.467 Y-2.9 E0.02272
G1 X-25.558 Y-1.944 E0.02336
G1 X-25.613 Y-.97 E0.02373
G1 X-25.633 Y0.00 E0.0236
G1 X-25.613 Y0.97 E0.0236
G1 X-25.558 Y1.944 E0.02373
G1 X-25.462 Y2.944 E0.02443
G1 X-25.286 Y4.325 E0.03386
G1 X-19.318 Y4.325 E0.14515
G1 F3600 E-1
G0 F12000 X-18.767 Y4.75
;TYPE:WALL-OUTER
G1 F3600 E1
G1 F2400 X-18.938 Y4.043 E0.01769
G1 X-19.128 Y3.03 E0.02507
G1 X-19.266 Y2.019 E0.02482
G1 X-19.342 Y1.003 E0.02478
G1 X-19.366 Y-0.007 E0.02457
G1 X-19.342 Y-1.015 E0.02452
G1 X-19.264 Y-2.034 E0.02486
G1 X-19.126 Y-3.043 E0.02477
G1 X-18.935 Y-4.056 E0.02507
G1 X-18.767 Y-4.75 E0.01737
G1 X-25.622 Y-4.75 E0.16672
G1 X-25.772 Y-3.89 E0.02123
G1 X-25.89 Y-2.941 E0.02326
G1 X-25.982 Y-1.977 E0.02355
G1 X-26.038 Y-.986 E0.02414
G1 X-26.058 Y0.00 E0.02399
G1 X-26.038 Y0.986 E0.02399
G1 X-25.982 Y1.977 E0.02414
G1 X-25.887 Y2.968 E0.02421
G1 X-25.765 Y3.924 E0.02344
G1 X-25.621 Y4.75 E0.02039
G1 X-18.767 Y4.75 E0.1667
G0 F12000 X-18.938 Y4.043
G0 X-18.951 Y3.972
G0 X-20.026 Y3.575
G1 F3600 E-1
G0 F12000 X-19.176 Y4.104
G0 X19.177 Y4.104
G0 X19.973 Y3.034
;TYPE:FILL
G1 F3600 E1
G1 F9600 X20.142 Y2.709 E0.00891
G1 X20.878 Y1.806 E0.02833
G1 X21.993 Y0.903 E0.0349
G1 X23.26 Y0.00 E0.03784
G1 X23.952 Y-.903 E0.02767
G1 X24.087 Y-1.806 E0.02221
G1 X23.963 Y-2.709 E0.02217
G1 X23.673 Y-3.612 E0.02307
G1 X23.513 Y-3.92 E0.00844
G1 F3600 E-1
G0 F12000 X19.756 Y3.962
G0 X19.318 Y4.325
;TYPE:WALL-INNER
G1 F3600 E1
G1 F4800 X25.264 Y4.324 E0.14462
G1 X25.353 Y3.813 E0.01262
G1 X25.467 Y2.9 E0.02238
G1 X25.558 Y1.944 E0.02336
G1 X25.613 Y0.97 E0.02373
G1 X25.632 Y0.00 E0.0236
G1 X25.611 Y-1.025 E0.02493
G1 X25.562 Y-1.896 E0.02122
G1 X25.462 Y-2.948 E0.0257
G1 X25.285 Y-4.325 E0.03377
G1 X19.318 Y-4.325 E0.14513
G1 X19.544 Y-3.125 E0.0297
G1 X19.69 Y-2.052 E0.02634
G1 X19.767 Y-1.017 E0.02524
G1 X19.792 Y0.014 E0.02508
G1 X19.767 Y1.034 E0.02482
G1 X19.69 Y2.052 E0.02483
G1 X19.544 Y3.121 E0.02624
G1 X19.318 Y4.325 E0.02979
G1 F3600 E-1
G0 F12000 X18.767 Y4.75
;TYPE:WALL-OUTER
G1 F3600 E1
G1 F2400 X25.621 Y4.749 E0.1667
G1 X25.772 Y3.89 E0.02121
G1 X25.89 Y2.941 E0.02326
G1 X25.982 Y1.977 E0.02355
G1 X26.038 Y0.986 E0.02414
G1 X26.057 Y0.00 E0.02399
G1 X26.038 Y-.99 E0.02408
G1 X25.982 Y-1.981 E0.02414
G1 X25.884 Y-3.002 E0.02495
G1 X25.772 Y-3.879 E0.0215
G1 X25.621 Y-4.75 E0.0215
G1 X18.767 Y-4.75 E0.1667
G1 X18.938 Y-4.047 E0.0176
G1 X19.128 Y-3.034 E0.02507
G1 X19.266 Y-2.019 E0.02491
G1 X19.342 Y-1.006 E0.02471
G1 X19.367 Y0.006 E0.02462
G1 X19.342 Y1.015 E0.02455
G1 X19.264 Y2.034 E0.02486
G1 X19.126 Y3.043 E0.02477
G1 X18.935 Y4.056 E0.02507
G1 X18.767 Y4.75 E0.01737
G0 F12000 X19.567 Y4.75
G0 X20.185 Y3.768
G1 F3600 E-1
;MESH:NONMESH
G0 F600 X20.185 Y3.768 Z30.33
G0 F12000 X19.509 Y2.052
G0 X-19.07 Y-4.513
G0 X-19.851 Y-3.655
G0 X-19.627 Y-3.612
;TIME_ELAPSED:940.674585
;LAYER:231
;TYPE:FILL
;MESH:bridge.stl
G1 F3600 E1
G1 F9600 X-19.801 Y-3.92 E0.0086
G1 X-24.765 Y-3.92 E0.12073
G1 X-24.904 Y-2.855 E0.02612
G1 X-24.996 Y-1.899 E0.02336
G1 X-25.048 Y-.958 E0.02292
G1 X-25.068 Y0.014 E0.02365
G1 X-25.046 Y1.006 E0.02413
G1 X-24.995 Y1.91 E0.02202
G1 X-24.905 Y2.866 E0.02335
G1 X-24.761 Y3.92 E0.02587
G1 X-23.829 Y3.92 E0.02267
G1 X-23.716 Y3.612 E0.00798
G1 X-23.206 Y2.709 E0.02522
G1 X-22.414 Y1.806 E0.02921
G1 X-21.201 Y0.903 E0.03678
G1 X-19.961 Y0.089 E0.03608
G1 F3600 E-1
G0 F12000 X-19.862 Y1.234
G0 X-19.515 Y3.962
G0 X-19.078 Y4.325
;TYPE:WALL-INNER
G1 F3600 E1
G1 F4800 X-19.304 Y3.121 E0.02979
G1 X-19.445 Y2.092 E0.02526
G1 X-19.531 Y1.015 E0.02628
G1 X-19.559 Y-0.019 E0.02516
G1 X-19.529 Y-1.05 E0.02509
G1 X-19.445 Y-2.092 E0.02543
G1 X-19.304 Y-3.121 E0.02526
G1 X-19.078 Y-4.325 E0.02979
G1 X-25.121 Y-4.325 E0.14697
G1 X-25.305 Y-2.919 E0.03449
G1 X-25.398 Y-1.944 E0.02382
G1 X-25.453 Y-.97 E0.02373
G1 X-25.473 Y0.00 E0.0236
G1 X-25.451 Y1.022 E0.02486
G1 X-25.402 Y1.895 E0.02127
G1 X-25.305 Y2.931 E0.02531
G1 X-25.113 Y4.325 E0.03422
G1 X-19.078 Y4.325 E0.14678
G1 F3600 E-1
G0 F12000 X-18.527 Y4.75
;TYPE:WALL-OUTER
G1 F3600 E1
G1 F2400 X-18.698 Y4.043 E0.01769
G1 X-18.888 Y3.03 E0.02507
G1 X-19.026 Y2.02 E0.02479
G1 X-19.106 Y1.004 E0.02479
G1 X-19.134 Y-0.008 E0.02462
G1 X-19.106 Y-1.016 E0.02453
G1 X-19.024 Y-2.034 E0.02484
G1 X-18.886 Y-3.043 E0.02477
G1 X-18.695 Y-4.056 E0.02507
G1 X-18.527 Y-4.75 E0.01737
G1 X-25.454 Y-4.75 E0.16847
G1 X-25.607 Y-3.88 E0.02148
G1 X-25.727 Y-2.967 E0.0224
G1 X-25.822 Y-1.977 E0.02419
G1 X-25.878 Y-.986 E0.02414
G1 X-25.898 Y0.00 E0.02399
G1 X-25.878 Y0.986 E0.02399
G1 X-25.818 Y2.031 E0.02546
G1 X-25.726 Y2.989 E0.02341
G1 X-25.604 Y3.883 E0.02194
G1 X-25.453 Y4.75 E0.0214
G1 X-18.527 Y4.75 E0.16845
G0 F12000 X-18.698 Y4.043
G0 X-18.711 Y3.972
G0 X-19.945 Y3.767
G1 F3600 E-1
G0 F12000 X-18.828 Y4.513
G0 X18.829 Y4.513
G0 X19.619 Y3.635
;TYPE:FILL
G1 F3600 E1
G1 F9600 X20.138 Y2.709 E0.02582
G1 X20.93 Y1.806 E0.02921
G1 X22.143 Y0.903 E0.03678
G1 X23.519 Y0.00 E0.04003
G1 X24.169 Y-.903 E0.02706
G1 X24.226 Y-1.806 E0.02201
G1 X24.047 Y-2.709 E0.02239
G1 X23.717 Y-3.612 E0.02338
G1 X23.543 Y-3.92 E0.0086
G1 F3600 E-1
G0 F12000 X19.515 Y3.962
G0 X19.078 Y4.325
;TYPE:WALL-INNER
G1 F3600 E1
G1 F4800 X25.12 Y4.324 E0.14695
G1 X25.304 Y2.919 E0.03446
G1 X25.398 Y1.944 E0.02382
G1 X25.453 Y0.97 E0.02373
G1 X25.472 Y0.00 E0.0236
G1 X25.451 Y-1.026 E0.02496
G1 X25.402 Y-1.9 E0.02129
G1 X25.305 Y-2.936 E0.02531
G1 X25.113 Y-4.325 E0.0341
G1 X19.078 Y-4.325 E0.14678
G1 X19.304 Y-3.125 E0.0297
G1 X19.449 Y-2.054 E0.02629
G1 X19.531 Y-1.019 E0.02525
G1 X19.56 Y0.014 E0.02513
G1 X19.531 Y1.034 E0.02482
G1 X19.445 Y2.092 E0.02582
G1 X19.304 Y3.121 E0.02526
G1 X19.078 Y4.325 E0.02979
G1 F3600 E-1
G0 F12000 X18.527 Y4.75
;TYPE:WALL-OUTER
G1 F3600 E1
G1 F2400 X25.454 Y4.749 E0.16847
G1 X25.607 Y3.88 E0.02146
G1 X25.727 Y2.967 E0.0224
G1 X25.822 Y1.977 E0.02419
G1 X25.878 Y0.986 E0.02414
G1 X25.897 Y0.00 E0.02399
G1 X25.878 Y-.99 E0.02408
G1 X25.818 Y-2.036 E0.02548
G1 X25.726 Y-2.994 E0.02341
G1 X25.598 Y-3.918 E0.02269
G1 X25.453 Y-4.75 E0.02054
G1 X18.527 Y-4.75 E0.16845
G1 X18.698 Y-4.047 E0.0176
G1 X18.888 Y-3.034 E0.02507
G1 X19.026 Y-2.02 E0.02489
G1 X19.106 Y-1.008 E0.02469
G1 X19.135 Y0.006 E0.02467
G1 X19.106 Y1.016 E0.02457
G1 X19.024 Y2.034 E0.02484
G1 X18.886 Y3.043 E0.02477
G1 X18.695 Y4.056 E0.02507
G1 X18.527 Y4.75 E0.01737
G0 F12000 X19.327 Y4.75
G0 X19.944 Y3.768
G1 F3600 E-1
;MESH:NONMESH
G0 F600 X19.944 Y3.768 Z30.46
G0 F12000 X18.829 Y4.513
G0 X-19.267 Y-2.053
G0 X-19.673 Y-3.324
G0 X-19.442 Y-3.28
;TIME_ELAPSED:944.869840
;LAYER:232
;TYPE:FILL
;MESH:bridge.stl
G1 F3600 E1
G1 F9600 X-19.579 Y-3.612 E0.00874
G1 X-19.767 Y-3.92 E0.00878
G1 X-24.597 Y-3.92 E0.11747
G1 X-24.736 Y-2.854 E0.02615
G1 X-24.832 Y-1.896 E0.02342
G1 X-24.884 Y-.987 E0.02214
G1 X-24.908 Y0.009 E0.02423
G1 X-24.888 Y0.929 E0.02238
G1 X-24.832 Y1.897 E0.02358
G1 X-24.733 Y2.881 E0.02405
G1 X-24.592 Y3.92 E0.0255
G1 X-23.891 Y3.92 E0.01705
G1 X-23.764 Y3.612 E0.0081
G1 X-23.213 Y2.709 E0.02573
G1 X-22.364 Y1.806 E0.03014
G1 X-21.033 Y0.903 E0.03912
G1 X-19.717 Y0.125 E0.03718
G1 F3600 E-1
G0 F12000 X-19.619 Y1.25
G0 X-19.275 Y3.962
G0 X-18.838 Y4.325
;TYPE:WALL-INNER
G1 F3600 E1
G1 F4800 X-19.065 Y3.088 E0.03059
G1 X-19.205 Y2.057 E0.02531
G1 X-19.291 Y1.013 E0.02548
G1 X-19.315 Y-0.017 E0.02506
G1 X-19.289 Y-1.053 E0.0252
G1 X-19.205 Y-2.057 E0.0245
G1 X-19.06 Y-3.119 E0.02607
G1 X-18.838 Y-4.325 E0.02982
G1 X-24.954 Y-4.325 E0.14875
G1 X-25.139 Y-2.895 E0.03507
G1 X-25.234 Y-1.942 E0.02329
G1 X-25.289 Y-1 E0.02295
G1 X-25.313 Y-0.006 E0.02418
G1 X-25.293 Y0.941 E0.02304
G1 X-25.23 Y1.995 E0.02568
G1 X-25.137 Y2.917 E0.02254
G1 X-24.946 Y4.325 E0.03456
G1 X-18.838 Y4.325 E0.14856
G1 F3600 E-1
G0 F12000 X-18.284 Y4.75
;TYPE:WALL-OUTER
G1 F3600 E1
G1 F2400 X-18.458 Y4.042 E0.01773
G1 X-18.644 Y3.03 E0.02503
G1 X-18.782 Y2.021 E0.02477
G1 X-18.866 Y1.002 E0.02487
G1 X-18.89 Y-0.006 E0.02452
G1 X-18.866 Y-1.017 E0.0246
G1 X-18.78 Y-2.034 E0.02482
G1 X-18.642 Y-3.042 E0.02474
G1 X-18.455 Y-4.056 E0.02508
G1 X-18.284 Y-4.75 E0.01738
G1 X-25.286 Y-4.75 E0.1703
G1 X-25.439 Y-3.88 E0.02148
G1 X-25.562 Y-2.937 E0.02313
G1 X-25.658 Y-1.976 E0.02349
G1 X-25.714 Y-1.017 E0.02336
G1 X-25.738 Y-0.007 E0.02457
G1 X-25.718 Y0.958 E0.02348
G1 X-25.653 Y2.037 E0.02629
G1 X-25.555 Y3.001 E0.02357
G1 X-25.43 Y3.919 E0.02253
G1 X-25.285 Y4.75 E0.02052
G1 X-18.284 Y4.75 E0.17027
G0 F12000 X-18.458 Y4.042
G0 X-18.47 Y3.973
G0 X-19.705 Y3.767
G1 F3600 E-1
G0 F12000 X-18.586 Y4.513
G0 X18.586 Y4.513
G0 X19.454 Y3.919
;TYPE:FILL
G1 F3600 E1
G1 F9600 X19.58 Y3.612 E0.00807
G1 X20.131 Y2.709 E0.02573
G1 X20.98 Y1.806 E0.03014
G1 X22.311 Y0.903 E0.03912
G1 X23.839 Y0.00 E0.04317
G1 X24.414 Y-.903 E0.02604
G1 X24.374 Y-1.806 E0.02198
G1 X24.137 Y-2.709 E0.02271
G1 X23.765 Y-3.612 E0.02375
G1 X23.577 Y-3.92 E0.00878
G1 F3600 E-1
G0 F12000 X19.275 Y3.962
G0 X18.839 Y4.325
;TYPE:WALL-INNER
G1 F3600 E1
G1 F4800 X24.952 Y4.324 E0.14868
G1 X25.139 Y2.895 E0.03505
G1 X25.234 Y1.942 E0.02329
G1 X25.289 Y1 E0.02295
G1 X25.313 Y0.006 E0.02418
G1 X25.293 Y-.945 E0.02313
G1 X25.23 Y-1.999 E0.02568
G1 X25.141 Y-2.891 E0.0218
G1 X24.946 Y-4.325 E0.0352
G1 X18.834 Y-4.325 E0.14865
G1 X19.06 Y-3.125 E0.0297
G1 X19.205 Y-2.057 E0.02621
G1 X19.291 Y-1.017 E0.02538
G1 X19.315 Y0.017 E0.02516
G1 X19.291 Y1.036 E0.02479
G1 X19.205 Y2.057 E0.02492
G1 X19.06 Y3.119 E0.02607
G1 X18.839 Y4.325 E0.02982
G1 F3600 E-1
G0 F12000 X18.284 Y4.75
;TYPE:WALL-OUTER
G1 F3600 E1
G1 F2400 X25.286 Y4.749 E0.1703
G1 X25.439 Y3.88 E0.02146
G1 X25.562 Y2.937 E0.02313
G1 X25.658 Y1.976 E0.02349
G1 X25.714 Y1.017 E0.02336
G1 X25.738 Y0.007 E0.02457
G1 X25.718 Y-.962 E0.02357
G1 X25.653 Y-2.041 E0.02629
G1 X25.564 Y-2.934 E0.02183
G1 X25.436 Y-3.882 E0.02327
G1 X25.285 Y-4.75 E0.02143
G1 X18.283 Y-4.75 E0.1703
G1 X18.454 Y-4.047 E0.0176
G1 X18.644 Y-3.034 E0.02507
G1 X18.782 Y-2.021 E0.02487
G1 X18.866 Y-1.006 E0.02477
G1 X18.89 Y0.006 E0.02462
G1 X18.866 Y1.017 E0.0246
G1 X18.78 Y2.034 E0.02482
G1 X18.642 Y3.042 E0.02474
G1 X18.459 Y4.042 E0.02473
G1 X18.284 Y4.75 E0.01774
G0 F12000 X19.084 Y4.75
G0 X19.704 Y3.768
G1 F3600 E-1
;MESH:NONMESH
G0 F600 X19.704 Y3.768 Z30.59
G0 F12000 X19.026 Y2.053
G0 X-18.586 Y-4.513
G0 X-19.726 Y-3.919
;TIME_ELAPSED:949.072156
;LAYER:233
;TYPE:FILL
;MESH:bridge.stl
G1 F3600 E1
G1 F9600 X-19.525 Y-3.612 E0.00892
G1 X-19.244 Y-3 E0.01638
G1 X-19.369 Y-2.093 E0.02227
G1 X-19.45 Y-1.065 E0.02508
G1 X-19.487 Y0.218 E0.03122
G1 X-20.837 Y0.903 E0.03682
G1 X-22.315 Y1.806 E0.04213
G1 X-23.226 Y2.709 E0.0312
G1 X-23.818 Y3.612 E0.02626
G1 X-23.96 Y3.92 E0.00825
G1 F3600 E-1
G0 F12000 X-19.033 Y3.962
G0 X-18.594 Y4.325
;TYPE:WALL-INNER
G1 F3600 E1
G1 F4800 X-18.82 Y3.121 E0.02979
G1 X-18.961 Y2.092 E0.02526
G1 X-19.047 Y1.015 E0.02628
G1 X-19.075 Y-0.019 E0.02516
G1 X-19.045 Y-1.05 E0.02509
G1 X-18.961 Y-2.092 E0.02543
G1 X-18.82 Y-3.122 E0.02528
G1 X-18.592 Y-4.325 E0.02978
G1 X-24.786 Y-4.325 E0.15065
G1 X-24.971 Y-2.895 E0.03507
G1 X-25.066 Y-1.942 E0.02329
G1 X-25.125 Y-.97 E0.02368
G1 X-25.141 Y0.00 E0.0236
G1 X-25.125 Y0.97 E0.0236
G1 X-25.062 Y1.992 E0.0249
G1 X-24.969 Y2.917 E0.02261
G1 X-24.778 Y4.325 E0.03456
G1 X-18.594 Y4.325 E0.1504
G1 F3600 E-1
G0 F12000 X-18.031 Y4.75
;TYPE:WALL-OUTER
G1 F3600 E1
G1 F2400 X-18.214 Y4.043 E0.01776
G1 X-18.404 Y3.03 E0.02507
G1 X-18.542 Y2.02 E0.02479
G1 X-18.622 Y1.004 E0.02479
G1 X-18.65 Y-0.008 E0.02462
G1 X-18.622 Y-1.016 E0.02453
G1 X-18.54 Y-2.034 E0.02484
G1 X-18.402 Y-3.043 E0.02477
G1 X-18.215 Y-4.03 E0.02443
G1 X-18.03 Y-4.75 E0.01808
G1 X-25.118 Y-4.75 E0.17239
G1 X-25.271 Y-3.88 E0.02148
G1 X-25.394 Y-2.937 E0.02313
G1 X-25.49 Y-1.976 E0.02349
G1 X-25.55 Y-.986 E0.02412
G1 X-25.566 Y0.00 E0.02398
G1 X-25.55 Y0.986 E0.02398
G1 X-25.49 Y1.976 E0.02412
G1 X-25.387 Y3.001 E0.02506
G1 X-25.262 Y3.919 E0.02253
G1 X-25.117 Y4.75 E0.02052
G1 X-18.031 Y4.75 E0.17234
G0 F12000 X-18.214 Y4.043
G0 X-18.226 Y3.975
G0 X-19.463 Y3.767
G1 F3600 E-1
G0 F12000 X-18.339 Y4.513
G0 X18.338 Y4.513
G0 X19.385 Y3.919
;TYPE:FILL
G1 F3600 E1
G1 F9600 X19.526 Y3.612 E0.00822
G1 X20.118 Y2.709 E0.02626
G1 X21.029 Y1.806 E0.0312
G1 X22.507 Y0.903 E0.04213
G1 X24.285 Y0.00 E0.0485
G1 X24.7 Y-.903 E0.02417
G1 X24.534 Y-1.806 E0.02233
G1 X24.234 Y-2.709 E0.02314
G1 X23.819 Y-3.612 E0.02417
G1 X23.617 Y-3.92 E0.00896
G1 F3600 E-1
G0 F12000 X19.033 Y3.962
G0 X18.592 Y4.325
;TYPE:WALL-INNER
G1 F3600 E1
G1 F4800 X24.784 Y4.324 E0.1506
G1 X24.971 Y2.895 E0.03505
G1 X25.066 Y1.942 E0.02329
G1 X25.125 Y0.97 E0.02368
G1 X25.14 Y-.108 E0.02622
G1 X25.125 Y-.974 E0.02107
G1 X25.067 Y-1.946 E0.02368
G1 X24.973 Y-2.891 E0.0231
G1 X24.778 Y-4.325 E0.0352
G1 X18.594 Y-4.325 E0.1504
G1 X18.82 Y-3.126 E0.02967
G1 X18.965 Y-2.054 E0.02631
G1 X19.047 Y-1.019 E0.02525
G1 X19.076 Y0.00 E0.02479
G1 X19.047 Y1.037 E0.02523
G1 X18.961 Y2.092 E0.02574
G1 X18.82 Y3.122 E0.02528
G1 X18.592 Y4.325 E0.02978
G1 F3600 E-1
G0 F12000 X18.03 Y4.75
;TYPE:WALL-OUTER
G1 F3600 E1
G1 F2400 X25.118 Y4.749 E0.17239
G1 X25.271 Y3.88 E0.02146
G1 X25.394 Y2.937 E0.02313
G1 X25.49 Y1.976 E0.02349
G1 X25.55 Y0.986 E0.02412
G1 X25.565 Y-.115 E0.02678
G1 X25.55 Y-.99 E0.02128
G1 X25.49 Y-1.98 E0.02412
G1 X25.396 Y-2.934 E0.02332
G1 X25.268 Y-3.882 E0.02327
G1 X25.117 Y-4.75 E0.02143
G1 X18.031 Y-4.75 E0.17234
G1 X18.214 Y-4.043 E0.01776
G1 X18.404 Y-3.034 E0.02497
G1 X18.542 Y-2.02 E0.02489
G1 X18.622 Y-1.008 E0.02469
G1 X18.651 Y0.00 E0.02453
G1 X18.622 Y1.016 E0.02472
G1 X18.54 Y2.034 E0.02484
G1 X18.402 Y3.043 E0.02477
G1 X18.215 Y4.03 E0.02443
G1 X18.03 Y4.75 E0.01808
G0 F12000 X18.83 Y4.75
G0 X19.462 Y3.768
G1 F3600 E-1
;MESH:NONMESH
G0 F600 X19.462 Y3.768 Z30.72
G0 F12000 X18.338 Y4.513
G0 X-18.867 Y1.027
G0 X-19.465 Y0.428
G0 X-19.224 Y0.423
;TIME_ELAPSED:953.177943
;LAYER:234
;TYPE:FILL
;MESH:bridge.stl
G1 F3600 E1
G1 F9600 X-19.866 Y0.626 E0.01638
G1 X-20.769 Y0.976 E0.02355
G1 X-21.672 Y1.423 E0.02451
G1 X-22.575 Y2.044 E0.02665
G1 X-23.478 Y3.003 E0.03204
G1 X-23.991 Y3.92 E0.02556
G1 F3600 E-1
G0 F12000 X-18.777 Y3.962
G0 X-18.336 Y4.325
;TYPE:WALL-INNER
G1 F3600 E1
G1 F4800 X-18.577 Y3.091 E0.03058
G1 X-18.717 Y2.099 E0.02437
G1 X-18.803 Y1.015 E0.02645
G1 X-18.831 Y-0.019 E0.02516
G1 X-18.801 Y-1.05 E0.02509
G1 X-18.717 Y-2.099 E0.02559
G1 X-18.577 Y-3.091 E0.02437
G1 X-18.336 Y-4.325 E0.03058
G1 X-24.618 Y-4.325 E0.15279
G1 X-24.803 Y-2.895 E0.03507
G1 X-24.898 Y-1.942 E0.02329
G1 X-24.957 Y-.97 E0.02368
G1 X-24.973 Y0.049 E0.02479
G1 X-24.957 Y0.97 E0.0224
G1 X-24.894 Y1.992 E0.0249
G1 X-24.801 Y2.917 E0.02261
G1 X-24.61 Y4.325 E0.03456
G1 X-18.336 Y4.325 E0.15259
G1 F3600 E-1
G0 F12000 X-17.775 Y4.75
;TYPE:WALL-OUTER
G1 F3600 E1
G1 F2400 X-17.958 Y4.045 E0.01771
G1 X-18.156 Y3.031 E0.02513
G1 X-18.298 Y2.024 E0.02473
G1 X-18.378 Y1.004 E0.02488
G1 X-18.406 Y-0.008 E0.02462
G1 X-18.378 Y-1.016 E0.02453
G1 X-18.296 Y-2.039 E0.02496
G1 X-18.154 Y-3.045 E0.02471
G1 X-17.958 Y-4.045 E0.02478
G1 X-17.775 Y-4.75 E0.01771
G1 X-24.95 Y-4.75 E0.17451
G1 X-25.103 Y-3.88 E0.02148
G1 X-25.226 Y-2.937 E0.02313
G1 X-25.322 Y-1.976 E0.02349
G1 X-25.382 Y-.986 E0.02412
G1 X-25.398 Y0.055 E0.02532
G1 X-25.382 Y0.986 E0.02265
G1 X-25.322 Y1.976 E0.02412
G1 X-25.219 Y3.001 E0.02506
G1 X-25.094 Y3.919 E0.02253
G1 X-24.949 Y4.75 E0.02052
G1 X-17.775 Y4.75 E0.17448
G0 F12000 X-17.958 Y4.045
G0 X-17.971 Y3.975
G0 X-19.21 Y3.771
G1 F3600 E-1
G0 F12000 X-18.081 Y4.513
G0 X18.082 Y4.513
G0 X19.353 Y3.919
;TYPE:FILL
G1 F3600 E1
G1 F9600 X19.866 Y3.003 E0.02553
G1 X20.769 Y2.044 E0.03204
G1 X21.672 Y1.423 E0.02665
G1 X22.575 Y0.976 E0.02451
G1 X23.478 Y0.626 E0.02355
G1 X24.381 Y0.341 E0.02303
G1 X24.575 Y0.355 E0.00473
G1 X24.552 Y-.963 E0.03206
G1 X24.495 Y-1.909 E0.02305
G1 X24.434 Y-2.513 E0.01476
G1 X23.647 Y-3.92 E0.03921
G1 F3600 E-1
G0 F12000 X18.777 Y3.962
G0 X18.336 Y4.325
;TYPE:WALL-INNER
G1 F3600 E1
G1 F4800 X24.616 Y4.324 E0.15274
G1 X24.803 Y2.895 E0.03505
G1 X24.898 Y1.942 E0.02329
G1 X24.957 Y0.97 E0.02368
G1 X24.972 Y-.108 E0.02622
G1 X24.957 Y-.974 E0.02107
G1 X24.899 Y-1.946 E0.02368
G1 X24.805 Y-2.891 E0.0231
G1 X24.61 Y-4.325 E0.0352
G1 X18.333 Y-4.325 E0.15267
G1 X18.577 Y-3.098 E0.03043
G1 X18.717 Y-2.098 E0.02456
G1 X18.803 Y-1.019 E0.02633
G1 X18.832 Y0.00 E0.02479
G1 X18.801 Y1.05 E0.02555
G1 X18.717 Y2.099 E0.02559
G1 X18.577 Y3.091 E0.02437
G1 X18.336 Y4.325 E0.03058
G1 F3600 E-1
G0 F12000 X17.775 Y4.75
;TYPE:WALL-OUTER
G1 F3600 E1
G1 F2400 X24.95 Y4.749 E0.17451
G1 X25.103 Y3.88 E0.02146
G1 X25.226 Y2.937 E0.02313
G1 X25.322 Y1.976 E0.02349
G1 X25.382 Y0.986 E0.02412
G1 X25.397 Y-.115 E0.02678
G1 X25.382 Y-.99 E0.02128
G1 X25.322 Y-1.98 E0.02412
G1 X25.228 Y-2.934 E0.02332
G1 X25.1 Y-3.882 E0.02327
G1 X24.949 Y-4.75 E0.02143
G1 X17.775 Y-4.75 E0.17448
G1 X17.954 Y-4.05 E0.01757
G1 X18.156 Y-3.039 E0.02508
G1 X18.298 Y-2.024 E0.02493
G1 X18.378 Y-1.008 E0.02479
G1 X18.407 Y0.00 E0.02453
G1 X18.378 Y1.016 E0.02472
G1 X18.296 Y2.039 E0.02496
G1 X18.154 Y3.045 E0.02471
G1 X17.958 Y4.045 E0.02478
G1 X17.775 Y4.75 E0.01771
G0 F12000 X18.575 Y4.75
G0 X19.047 Y3.575
G1 F3600 E-1
;MESH:NONMESH
G0 F600 X19.047 Y3.575 Z30.85
G0 F12000 X18.542 Y2.054
G0 X-18.082 Y-4.513
G0 X-19.646 Y-3.919
;TIME_ELAPSED:957.243756
;LAYER:235
;TYPE:FILL
;MESH:bridge.stl
G1 F3600 E1
G1 F9600 X-18.803 Y-2.582 E0.03844
G1 X-18.866 Y-2.145 E0.01074
G1 X-18.958 Y-1.069 E0.02627
G1 X-18.992 Y-0.029 E0.02531
G1 X-18.971 Y0.669 E0.01698
G1 X-19.866 Y0.795 E0.02198
G1 X-20.769 Y1.078 E0.02302
G1 X-21.672 Y1.481 E0.02405
G1 X-22.575 Y2.061 E0.0261
G1 X-23.478 Y2.955 E0.0309
G1 X-24.086 Y3.92 E0.02774
G1 F3600 E-1
G0 F12000 X-18.521 Y3.962
G0 X-18.08 Y4.325
;TYPE:WALL-INNER
G1 F3600 E1
G1 F4800 X-18.321 Y3.093 E0.03053
G1 X-18.465 Y2.093 E0.02457
G1 X-18.555 Y1.018 E0.02624
G1 X-18.587 Y-0.022 E0.02531
G1 X-18.553 Y-1.053 E0.02509
G1 X-18.465 Y-2.093 E0.02538
G1 X-18.321 Y-3.093 E0.02457
G1 X-18.08 Y-4.325 E0.03053
G1 X-24.45 Y-4.325 E0.15493
G1 X-24.635 Y-2.895 E0.03507
G1 X-24.73 Y-1.942 E0.02329
G1 X-24.789 Y-.97 E0.02368
G1 X-24.805 Y0.00 E0.0236
G1 X-24.789 Y0.97 E0.0236
G1 X-24.726 Y1.992 E0.0249
G1 X-24.633 Y2.917 E0.02261
G1 X-24.442 Y4.325 E0.03456
G1 X-18.08 Y4.325 E0.15473
G1 F3600 E-1
G0 F12000 X-17.519 Y4.75
;TYPE:WALL-OUTER
G1 F3600 E1
G1 F2400 X-17.702 Y4.045 E0.01771
G1 X-17.9 Y3.032 E0.0251
G1 X-18.046 Y2.017 E0.02494
G1 X-18.13 Y1.005 E0.0247
G1 X-18.162 Y-0.009 E0.02467
G1 X-18.13 Y-1.017 E0.02453
G1 X-18.044 Y-2.032 E0.02477
G1 X-17.898 Y-3.045 E0.02489
G1 X-17.702 Y-4.045 E0.02478
G1 X-17.519 Y-4.75 E0.01771
G1 X-24.782 Y-4.75 E0.17665
G1 X-24.935 Y-3.88 E0.02148
G1 X-25.058 Y-2.937 E0.02313
G1 X-25.154 Y-1.976 E0.02349
G1 X-25.214 Y-.986 E0.02412
G1 X-25.23 Y0.00 E0.02398
G1 X-25.214 Y0.986 E0.02398
G1 X-25.154 Y1.976 E0.02412
G1 X-25.051 Y3.001 E0.02506
G1 X-24.926 Y3.919 E0.02253
G1 X-24.781 Y4.75 E0.02052
G1 X-17.519 Y4.75 E0.17662
G0 F12000 X-17.702 Y4.045
G0 X-17.715 Y3.975
G0 X-18.953 Y3.771
G1 F3600 E-1
G0 F12000 X-17.825 Y4.513
G0 X17.826 Y4.513
G0 X19.259 Y3.919
;TYPE:FILL
G1 F3600 E1
G1 F9600 X19.866 Y2.955 E0.02771
G1 X20.769 Y2.061 E0.0309
G1 X21.672 Y1.481 E0.0261
G1 X22.575 Y1.078 E0.02405
G1 X23.478 Y0.795 E0.02302
G1 X24.381 Y0.668 E0.02218
G1 F3600 E-1
G0 F12000 X18.521 Y3.962
G0 X18.08 Y4.325
;TYPE:WALL-INNER
G1 F3600 E1
G1 F4800 X24.448 Y4.324 E0.15488
G1 X24.635 Y2.895 E0.03505
G1 X24.73 Y1.942 E0.02329
G1 X24.789 Y0.97 E0.02368
G1 X24.804 Y-.11 E0.02627
G1 X24.789 Y-.974 E0.02102
G1 X24.731 Y-1.946 E0.02368
G1 X24.637 Y-2.891 E0.0231
G1 X24.442 Y-4.325 E0.0352
G1 X18.077 Y-4.325 E0.15481
G1 X18.315 Y-3.133 E0.02956
G1 X18.465 Y-2.097 E0.02546
G1 X18.555 Y-1.018 E0.02633
G1 X18.588 Y0.00 E0.02477
G1 X18.553 Y1.053 E0.02562
G1 X18.465 Y2.093 E0.02538
G1 X18.321 Y3.093 E0.02457
G1 X18.08 Y4.325 E0.03053
G1 F3600 E-1
G0 F12000 X17.519 Y4.75
;TYPE:WALL-OUTER
G1 F3600 E1
G1 F2400 X24.782 Y4.749 E0.17665
G1 X24.935 Y3.88 E0.02146
G1 X25.058 Y2.937 E0.02313
G1 X25.154 Y1.976 E0.02349
G1 X25.214 Y0.986 E0.02412
G1 X25.229 Y-.117 E0.02683
G1 X25.214 Y-.99 E0.02124
G1 X25.154 Y-1.98 E0.02412
G1 X25.06 Y-2.934 E0.02332
G1 X24.932 Y-3.882 E0.02327
G1 X24.781 Y-4.75 E0.02143
G1 X17.519 Y-4.75 E0.17662
G1 X17.698 Y-4.05 E0.01757
G1 X17.9 Y-3.036 E0.02515
G1 X18.046 Y-2.021 E0.02494
G1 X18.13 Y-1.005 E0.02479
G1 X18.163 Y0.00 E0.02446
G1 X18.13 Y1.017 E0.02475
G1 X18.044 Y2.032 E0.02477
G1 X17.898 Y3.045 E0.02489
G1 X17.702 Y4.045 E0.02478
G1 X17.519 Y4.75 E0.01771
G0 F12000 X18.319 Y4.75
G0 X18.791 Y3.575
G1 F3600 E-1
;MESH:NONMESH
G0 F600 X18.791 Y3.575 Z30.98
G0 F12000 X18.289 Y2.056
G0 X-17.826 Y-4.513
G0 X-19.588 Y-3.92
;TIME_ELAPSED:961.314288
;LAYER:236
;TYPE:FILL
;MESH:bridge.stl
G1 F3600 E1
G1 F9600 X-18.963 Y-3.023 E0.02659
G1 X-18.588 Y-2.409 E0.0175
G1 X-18.703 Y-1.059 E0.03295
G1 X-18.732 Y-0.025 E0.02516
G1 X-18.699 Y1.117 E0.02779
G1 X-18.963 Y0.941 E0.00772
G1 X-19.866 Y0.952 E0.02196
G1 X-20.769 Y1.172 E0.0226
G1 X-21.672 Y1.533 E0.02365
G1 X-22.575 Y2.072 E0.02558
G1 X-23.478 Y2.905 E0.02988
G1 X-23.965 Y3.603 E0.0207
G1 F3600 E-1
G0 F12000 X-18.264 Y3.962
G0 X-17.82 Y4.325
;TYPE:WALL-INNER
G1 F3600 E1
G1 F4800 X-18.065 Y3.093 E0.03055
G1 X-18.209 Y2.097 E0.02448
G1 X-18.299 Y1.016 E0.02638
G1 X-18.327 Y-0.02 E0.02521
G1 X-18.299 Y-1.028 E0.02453
G1 X-18.209 Y-2.097 E0.02609
G1 X-18.065 Y-3.093 E0.02448
G1 X-17.82 Y-4.325 E0.03055
G1 X-24.277 Y-4.325 E0.15704
G1 X-24.465 Y-2.917 E0.03455
G1 X-24.562 Y-1.943 E0.02381
G1 X-24.617 Y-.97 E0.0237
G1 X-24.637 Y0.00 E0.0236
G1 X-24.617 Y0.97 E0.0236
G1 X-24.562 Y1.943 E0.0237
G1 X-24.462 Y2.942 E0.02442
G1 X-24.278 Y4.325 E0.03393
G1 X-17.82 Y4.325 E0.15707
G1 F3600 E-1
G0 F12000 X-17.259 Y4.75
;TYPE:WALL-OUTER
G1 F3600 E1
G1 F2400 X-17.442 Y4.046 E0.01769
G1 X-17.644 Y3.032 E0.02515
G1 X-17.79 Y2.021 E0.02484
G1 X-17.874 Y1.004 E0.02482
G1 X-17.902 Y-0.008 E0.02462
G1 X-17.874 Y-1.017 E0.02455
G1 X-17.788 Y-2.036 E0.02487
G1 X-17.642 Y-3.046 E0.02482
G1 X-17.442 Y-4.046 E0.0248
G1 X-17.259 Y-4.75 E0.01769
G1 X-24.61 Y-4.75 E0.17879
G1 X-24.763 Y-3.896 E0.0211
G1 X-24.887 Y-2.966 E0.02282
G1 X-24.986 Y-1.976 E0.0242
G1 X-25.042 Y-.986 E0.02412
G1 X-25.062 Y0.00 E0.02399
G1 X-25.042 Y0.986 E0.02399
G1 X-24.991 Y1.91 E0.02251
G1 X-24.884 Y2.998 E0.02659
G1 X-24.757 Y3.939 E0.02309
G1 X-24.607 Y4.75 E0.02006
G1 X-17.259 Y4.75 E0.17871
G0 F12000 X-17.442 Y4.046
G0 X-17.456 Y3.975
G0 X-18.697 Y3.772
G1 F3600 E-1
G0 F12000 X-17.568 Y4.513
G0 X17.568 Y4.513
G0 X19.159 Y3.92
;TYPE:FILL
G1 F3600 E1
G1 F9600 X19.866 Y2.905 E0.03008
G1 X20.769 Y2.072 E0.02988
G1 X21.672 Y1.533 E0.02558
G1 X22.575 Y1.172 E0.02365
G1 X23.478 Y0.952 E0.0226
G1 X24.212 Y0.943 E0.01785
G1 F3600 E-1
G0 F12000 X18.264 Y3.962
G0 X17.82 Y4.325
;TYPE:WALL-INNER
G1 F3600 E1
G1 F4800 X24.277 Y4.325 E0.15704
G1 X24.465 Y2.917 E0.03455
G1 X24.562 Y1.943 E0.02381
G1 X24.617 Y0.97 E0.0237
G1 X24.636 Y0.00 E0.0236
G1 X24.615 Y-1.03 E0.02506
G1 X24.563 Y-1.947 E0.02234
G1 X24.462 Y-2.946 E0.02442
G1 X24.277 Y-4.325 E0.03384
G1 X17.819 Y-4.325 E0.15707
G1 X18.065 Y-3.1 E0.03039
G1 X18.209 Y-2.096 E0.02467
G1 X18.299 Y-1.016 E0.02636
G1 X18.328 Y0.014 E0.02506
G1 X18.299 Y1.028 E0.02467
G1 X18.209 Y2.097 E0.02609
G1 X18.065 Y3.093 E0.02448
G1 X17.82 Y4.325 E0.03055
G1 F3600 E-1
G0 F12000 X17.259 Y4.75
;TYPE:WALL-OUTER
G1 F3600 E1
G1 F2400 X24.61 Y4.75 E0.17879
G1 X24.763 Y3.896 E0.0211
G1 X24.887 Y2.966 E0.02282
G1 X24.986 Y1.976 E0.0242
G1 X25.042 Y0.986 E0.02412
G1 X25.061 Y0.00 E0.02399
G1 X25.042 Y-.99 E0.02408
G1 X24.991 Y-1.913 E0.02248
G1 X24.884 Y-3.002 E0.02661
G1 X24.757 Y-3.94 E0.02302
G1 X24.607 Y-4.75 E0.02004
G1 X17.259 Y-4.75 E0.17871
G1 X17.441 Y-4.046 E0.01769
G1 X17.644 Y-3.04 E0.02496
G1 X17.79 Y-2.021 E0.02504
G1 X17.874 Y-1.004 E0.02482
G1 X17.903 Y0.006 E0.02457
G1 X17.874 Y1.017 E0.0246
G1 X17.788 Y2.036 E0.02487
G1 X17.642 Y3.046 E0.02482
G1 X17.442 Y4.046 E0.0248
G1 X17.259 Y4.75 E0.01769
G0 F12000 X18.059 Y4.75
G0 X18.535 Y3.575
G1 F3600 E-1
;MESH:NONMESH
G0 F600 X18.535 Y3.575 Z31.11
G0 F12000 X18.032 Y2.056
G0 X-17.568 Y-4.513
G0 X-19.523 Y-3.919
;TIME_ELAPSED:965.401029
;LAYER:237
;TYPE:FILL
;MESH:bridge.stl
G1 F3600 E1
G1 F9600 X-18.963 Y-3.185 E0.02245
G1 X-18.344 Y-2.266 E0.02695
G1 X-18.447 Y-1.048 E0.02973
G1 X-18.476 Y-0.025 E0.02489
G1 X-18.448 Y1.042 E0.02596
G1 X-18.402 Y1.59 E0.01338
G1 X-18.963 Y1.178 E0.01693
G1 X-19.866 Y1.098 E0.02205
G1 X-20.769 Y1.261 E0.02232
G1 X-21.672 Y1.58 E0.02329
G1 X-22.575 Y2.079 E0.02509
G1 X-23.478 Y2.855 E0.02896
G1 X-23.829 Y3.315 E0.01407
G1 F3600 E-1
G0 F12000 X-18.006 Y3.962
G0 X-17.559 Y4.325
;TYPE:WALL-INNER
G1 F3600 E1
G1 F4800 X-17.809 Y3.093 E0.03057
G1 X-17.953 Y2.097 E0.02448
G1 X-18.043 Y1.015 E0.02641
G1 X-18.071 Y-0.019 E0.02516
G1 X-18.043 Y-1.02 E0.02436
G1 X-17.953 Y-2.097 E0.02629
G1 X-17.809 Y-3.093 E0.02448
G1 X-17.56 Y-4.325 E0.03057
G1 X-24.091 Y-4.325 E0.15884
G1 X-24.309 Y-2.863 E0.03595
G1 X-24.394 Y-1.945 E0.02242
G1 X-24.449 Y-.97 E0.02375
G1 X-24.469 Y0.00 E0.0236
G1 X-24.447 Y1.026 E0.02496
G1 X-24.394 Y1.943 E0.02234
G1 X-24.301 Y2.868 E0.02261
G1 X-24.094 Y4.325 E0.03579
G1 X-17.559 Y4.325 E0.15894
G1 F3600 E-1
G0 F12000 X-16.992 Y4.75
;TYPE:WALL-OUTER
G1 F3600 E1
G1 F2400 X-17.178 Y4.07 E0.01715
G1 X-17.388 Y3.032 E0.02576
G1 X-17.534 Y2.021 E0.02484
G1 X-17.618 Y1.004 E0.02482
G1 X-17.646 Y-0.008 E0.02462
G1 X-17.618 Y-1.017 E0.02455
G1 X-17.532 Y-2.036 E0.02487
G1 X-17.386 Y-3.046 E0.02482
G1 X-17.19 Y-4.018 E0.02412
G1 X-16.991 Y-4.75 E0.01845
G1 X-24.431 Y-4.75 E0.18095
G1 X-24.578 Y-3.94 E0.02002
G1 X-24.731 Y-2.914 E0.02523
G1 X-24.818 Y-1.977 E0.02289
G1 X-24.874 Y-.986 E0.02414
G1 X-24.894 Y0.00 E0.02399
G1 X-24.874 Y0.986 E0.02399
G1 X-24.823 Y1.91 E0.02251
G1 X-24.722 Y2.927 E0.02486
G1 X-24.577 Y3.956 E0.02527
G1 X-24.431 Y4.75 E0.01964
G1 X-16.992 Y4.75 E0.18093
G0 F12000 X-17.178 Y4.07
G0 X-17.196 Y3.977
G0 X-18.439 Y3.771
G1 F3600 E-1
G0 F12000 X-17.302 Y4.513
G0 X17.302 Y4.513
G0 X19.055 Y3.918
;TYPE:FILL
G1 F3600 E1
G1 F9600 X19.866 Y2.855 E0.03252
G1 X20.769 Y2.079 E0.02896
G1 X21.672 Y1.58 E0.02509
G1 X22.575 Y1.261 E0.02329
G1 X23.478 Y1.098 E0.02232
G1 X24.033 Y1.147 E0.01355
G1 F3600 E-1
G0 F12000 X18.007 Y3.962
G0 X17.563 Y4.325
;TYPE:WALL-INNER
G1 F3600 E1
G1 F4800 X24.091 Y4.324 E0.15877
G1 X24.309 Y2.863 E0.03593
G1 X24.394 Y1.945 E0.02242
G1 X24.449 Y0.97 E0.02375
G1 X24.468 Y0.00 E0.0236
G1 X24.447 Y-1.03 E0.02506
G1 X24.395 Y-1.947 E0.02234
G1 X24.301 Y-2.867 E0.02249
G1 X24.095 Y-4.325 E0.03581
G1 X17.559 Y-4.325 E0.15897
G1 X17.809 Y-3.1 E0.03041
G1 X17.953 Y-2.096 E0.02467
G1 X18.043 Y-1.015 E0.02638
G1 X18.072 Y0.014 E0.02504
G1 X18.043 Y1.02 E0.02448
G1 X17.953 Y2.097 E0.02629
G1 X17.809 Y3.093 E0.02448
G1 X17.563 Y4.325 E0.03056
G1 F3600 E-1
G0 F12000 X16.991 Y4.75
;TYPE:WALL-OUTER
G1 F3600 E1
G1 F2400 X24.431 Y4.749 E0.18095
G1 X24.578 Y3.94 E0.02
G1 X24.731 Y2.914 E0.02523
G1 X24.818 Y1.977 E0.02289
G1 X24.874 Y0.986 E0.02414
G1 X24.893 Y0.00 E0.02399
G1 X24.874 Y-.99 E0.02408
G1 X24.823 Y-1.912 E0.02246
G1 X24.722 Y-2.926 E0.02478
G1 X24.577 Y-3.96 E0.02539
G1 X24.431 Y-4.75 E0.01954
G1 X16.992 Y-4.75 E0.18093
G1 X17.178 Y-4.07 E0.01715
G1 X17.388 Y-3.04 E0.02557
G1 X17.534 Y-2.021 E0.02504
G1 X17.618 Y-1.004 E0.02482
G1 X17.647 Y0.006 E0.02457
G1 X17.618 Y1.017 E0.0246
G1 X17.532 Y2.036 E0.02487
G1 X17.386 Y3.046 E0.02482
G1 X17.19 Y4.018 E0.02412
G1 X16.991 Y4.75 E0.01845
G0 F12000 X17.791 Y4.75
G0 X18.278 Y3.575
G1 F3600 E-1
;MESH:NONMESH
G0 F600 X18.278 Y3.575 Z31.24
G0 F12000 X17.775 Y2.056
G0 X-17.302 Y-4.513
G0 X-19.451 Y-3.92
;TIME_ELAPSED:969.507492
;LAYER:238
;TYPE:FILL
;MESH:bridge.stl
G1 F3600 E1
G1 F9600 X-18.963 Y-3.33 E0.01862
G1 X-18.099 Y-2.142 E0.03573
G1 X-18.188 Y-1.094 E0.02558
G1 X-18.22 Y-0.025 E0.02601
G1 X-18.188 Y1.091 E0.02715
G1 X-18.108 Y2.051 E0.02343
G1 X-18.963 Y1.388 E0.02631
G1 X-19.866 Y1.234 E0.02228
G1 X-20.769 Y1.344 E0.02212
G1 X-21.672 Y1.622 E0.02298
G1 X-22.575 Y2.081 E0.02464
G1 X-23.478 Y2.803 E0.02812
G1 X-23.689 Y3.058 E0.00805
G1 F3600 E-1
G0 F12000 X-17.734 Y3.963
G0 X-17.285 Y4.325
;TYPE:WALL-INNER
G1 F3600 E1
G1 F4800 X-17.544 Y3.098 E0.0305
G1 X-17.701 Y2.053 E0.0257
G1 X-17.785 Y1.053 E0.02441
G1 X-17.815 Y-0.019 E0.02608
G1 X-17.785 Y-1.053 E0.02516
G1 X-17.696 Y-2.098 E0.02551
G1 X-17.544 Y-3.098 E0.0246
G1 X-17.285 Y-4.325 E0.0305
G1 X-23.918 Y-4.325 E0.16132
G1 X-24.129 Y-2.861 E0.03597
G1 X-24.223 Y-1.942 E0.02247
G1 X-24.277 Y-1.012 E0.02266
G1 X-24.301 Y-0.018 E0.02418
G1 X-24.281 Y0.929 E0.02304
G1 X-24.223 Y1.941 E0.02465
G1 X-24.122 Y2.889 E0.02319
G1 X-23.918 Y4.325 E0.03528
G1 X-17.285 Y4.325 E0.16132
G1 F3600 E-1
G0 F12000 X-16.72 Y4.75
;TYPE:WALL-OUTER
G1 F3600 E1
G1 F2400 X-16.909 Y4.052 E0.01759
G1 X-17.124 Y3.034 E0.02531
G1 X-17.278 Y2.017 E0.02502
G1 X-17.362 Y1.017 E0.02441
G1 X-17.39 Y-0.008 E0.02494
G1 X-17.362 Y-1.017 E0.02455
G1 X-17.276 Y-2.034 E0.02482
G1 X-17.121 Y-3.048 E0.02495
G1 X-16.906 Y-4.066 E0.02531
G1 X-16.72 Y-4.75 E0.01724
G1 X-24.258 Y-4.75 E0.18334
G1 X-24.402 Y-3.941 E0.01999
G1 X-24.551 Y-2.913 E0.02526
G1 X-24.646 Y-1.976 E0.02291
G1 X-24.702 Y-1.029 E0.02307
G1 X-24.726 Y-0.019 E0.02457
G1 X-24.706 Y0.946 E0.02348
G1 X-24.646 Y1.975 E0.02507
G1 X-24.543 Y2.948 E0.0238
G1 X-24.398 Y3.973 E0.02518
G1 X-24.258 Y4.75 E0.0192
G1 X-16.72 Y4.75 E0.18334
G0 F12000 X-16.909 Y4.052
G0 X-16.924 Y3.977
G0 X-18.17 Y3.776
G1 F3600 E-1
G0 F12000 X-17.029 Y4.513
G0 X17.029 Y4.513
G0 X18.944 Y3.92
;TYPE:FILL
G1 F3600 E1
G1 F9600 X19.866 Y2.803 E0.03523
G1 X20.769 Y2.081 E0.02812
G1 X21.672 Y1.622 E0.02464
G1 X22.575 Y1.344 E0.02298
G1 X23.478 Y1.234 E0.02212
G1 X23.855 Y1.298 E0.0093
G1 F3600 E-1
G0 F12000 X17.733 Y3.963
G0 X17.285 Y4.325
;TYPE:WALL-INNER
G1 F3600 E1
G1 F4800 X23.916 Y4.324 E0.16128
G1 X24.129 Y2.861 E0.03596
G1 X24.223 Y1.942 E0.02247
G1 X24.277 Y1.012 E0.02266
G1 X24.301 Y0.018 E0.02418
G1 X24.281 Y-.933 E0.02313
G1 X24.223 Y-1.945 E0.02465
G1 X24.126 Y-2.861 E0.0224
G1 X23.921 Y-4.325 E0.03595
G1 X17.286 Y-4.325 E0.16137
G1 X17.537 Y-3.141 E0.02944
G1 X17.697 Y-2.059 E0.0266
G1 X17.785 Y-1.056 E0.02449
G1 X17.816 Y0.016 E0.02608
G1 X17.785 Y1.053 E0.02523
G1 X17.696 Y2.098 E0.02551
G1 X17.544 Y3.098 E0.0246
G1 X17.285 Y4.325 E0.0305
G1 F3600 E-1
G0 F12000 X16.72 Y4.75
;TYPE:WALL-OUTER
G1 F3600 E1
G1 F2400 X24.258 Y4.749 E0.18334
G1 X24.402 Y3.94 E0.01999
G1 X24.551 Y2.913 E0.02524
G1 X24.646 Y1.976 E0.02291
G1 X24.702 Y1.029 E0.02307
G1 X24.726 Y0.019 E0.02457
G1 X24.706 Y-.95 E0.02357
G1 X24.646 Y-1.979 E0.02507
G1 X24.552 Y-2.878 E0.02198
G1 X24.398 Y-3.977 E0.02699
G1 X24.259 Y-4.75 E0.0191
G1 X16.72 Y-4.75 E0.18336
G1 X16.909 Y-4.052 E0.01759
G1 X17.124 Y-3.037 E0.02523
G1 X17.274 Y-2.022 E0.02495
G1 X17.362 Y-1.018 E0.02451
G1 X17.391 Y0.006 E0.02492
G1 X17.362 Y1.017 E0.0246
G1 X17.276 Y2.034 E0.02482
G1 X17.121 Y3.048 E0.02495
G1 X16.906 Y4.066 E0.02531
G1 X16.72 Y4.75 E0.01724
G0 F12000 X17.52 Y4.75
G0 X18.005 Y3.575
G1 F3600 E-1
;MESH:NONMESH
G0 F600 X18.005 Y3.575 Z31.37
G0 F12000 X17.518 Y2.058
G0 X-17.029 Y-4.513
G0 X-19.371 Y-3.92
;TIME_ELAPSED:973.633188
;LAYER:239
;TYPE:FILL
;MESH:bridge.stl
G1 F3600 E1
G1 F9600 X-18.963 Y-3.464 E0.01488
G1 X-18.06 Y-2.302 E0.03579
G1 X-17.83 Y-2.118 E0.00716
G1 X-17.924 Y-1.094 E0.02501
G1 X-17.956 Y-0.025 E0.02601
G1 X-17.924 Y1.094 E0.02723
G1 X-17.855 Y1.847 E0.01839
G1 X-17.871 Y1.847 E0.00039
G1 X-17.74 Y2.713 E0.0213
G1 X-18.06 Y2.301 E0.01269
G1 X-18.963 Y1.576 E0.02817
G1 X-19.866 Y1.36 E0.02258
G1 X-20.769 Y1.421 E0.02201
G1 X-21.672 Y1.659 E0.02271
G1 X-22.575 Y2.078 E0.02421
G1 X-23.478 Y2.75 E0.02738
G1 X-23.546 Y2.826 E0.00248
G1 F3600 E-1
G0 F12000 X-17.461 Y3.963
G0 X-17.014 Y4.324
;TYPE:WALL-INNER
G1 F3600 E1
G1 F4800 X-17.272 Y3.098 E0.03047
G1 X-17.429 Y2.058 E0.02558
G1 X-17.521 Y1.058 E0.02442
G1 X-17.551 Y-0.019 E0.0262
G1 X-17.521 Y-1.058 E0.02528
G1 X-17.424 Y-2.098 E0.0254
G1 X-17.272 Y-3.098 E0.0246
G1 X-17.014 Y-4.324 E0.03047
G1 X-23.742 Y-4.325 E0.16363
G1 X-23.953 Y-2.861 E0.03597
G1 X-24.046 Y-1.941 E0.02249
G1 X-24.105 Y-.968 E0.02371
G1 X-24.125 Y0.00 E0.02355
G1 X-24.105 Y0.968 E0.02355
G1 X-24.047 Y1.94 E0.02368
G1 X-23.946 Y2.889 E0.02321
G1 X-23.742 Y4.325 E0.03528
G1 X-17.014 Y4.324 E0.16363
G1 F3600 E-1
G0 F12000 X-16.445 Y4.749
;TYPE:WALL-OUTER
G1 F3600 E1
G1 F2400 X-16.634 Y4.067 E0.01721
G1 X-16.852 Y3.034 E0.02568
G1 X-17.004 Y2.034 E0.0246
G1 X-17.098 Y1.003 E0.02518
G1 X-17.126 Y-0.008 E0.0246
G1 X-17.097 Y-1.019 E0.0246
G1 X-17.004 Y-2.034 E0.02479
G1 X-16.849 Y-3.048 E0.02495
G1 X-16.634 Y-4.067 E0.02533
G1 X-16.445 Y-4.749 E0.01721
G1 X-24.082 Y-4.75 E0.18574
G1 X-24.226 Y-3.941 E0.01999
G1 X-24.375 Y-2.913 E0.02526
G1 X-24.47 Y-1.975 E0.02293
G1 X-24.53 Y-.985 E0.02412
G1 X-24.55 Y0.00 E0.02396
G1 X-24.53 Y0.985 E0.02396
G1 X-24.47 Y1.975 E0.02412
G1 X-24.367 Y2.948 E0.0238
G1 X-24.222 Y3.973 E0.02518
G1 X-24.082 Y4.75 E0.0192
G1 X-16.445 Y4.749 E0.18574
G0 F12000 X-16.634 Y4.067
G0 X-16.652 Y3.978
G0 X-17.897 Y3.776
G1 F3600 E-1
G0 F12000 X-16.756 Y4.513
G0 X16.756 Y4.513
G0 X18.839 Y3.92
;TYPE:FILL
G1 F3600 E1
G1 F9600 X18.963 Y3.76 E0.00492
G1 X19.866 Y2.75 E0.03295
G1 X20.769 Y2.078 E0.02738
G1 X21.672 Y1.659 E0.02421
G1 X22.575 Y1.421 E0.02271
G1 X23.478 Y1.36 E0.02201
G1 X23.673 Y1.407 E0.00488
G1 F3600 E-1
G0 F12000 X17.46 Y3.963
G0 X17.014 Y4.324
;TYPE:WALL-INNER
G1 F3600 E1
G1 F4800 X23.74 Y4.324 E0.16359
G1 X23.953 Y2.861 E0.03596
G1 X24.046 Y1.941 E0.02249
G1 X24.105 Y0.968 E0.02371
G1 X24.124 Y0.00 E0.02355
G1 X24.105 Y-.973 E0.02367
G1 X24.047 Y-1.944 E0.02366
G1 X23.95 Y-2.861 E0.02243
G1 X23.745 Y-4.325 E0.03595
G1 X17.016 Y-4.324 E0.16366
G1 X17.267 Y-3.104 E0.03029
G1 X17.429 Y-2.062 E0.02565
G1 X17.521 Y-1.058 E0.02452
G1 X17.552 Y0.014 E0.02608
G1 X17.521 Y1.058 E0.0254
G1 X17.424 Y2.098 E0.0254
G1 X17.272 Y3.098 E0.0246
G1 X17.014 Y4.324 E0.03047
G1 F3600 E-1
G0 F12000 X16.445 Y4.749
;TYPE:WALL-OUTER
G1 F3600 E1
G1 F2400 X24.082 Y4.749 E0.18574
G1 X24.226 Y3.94 E0.01999
G1 X24.375 Y2.913 E0.02524
G1 X24.47 Y1.975 E0.02293
G1 X24.53 Y0.985 E0.02412
G1 X24.549 Y0.00 E0.02396
G1 X24.53 Y-.99 E0.02408
G1 X24.464 Y-2.046 E0.02573
G1 X24.376 Y-2.878 E0.02035
G1 X24.222 Y-3.977 E0.02699
G1 X24.083 Y-4.75 E0.0191
G1 X16.445 Y-4.749 E0.18577
G1 X16.634 Y-4.067 E0.01721
G1 X16.847 Y-3.039 E0.02553
G1 X17.004 Y-2.039 E0.02462
G1 X17.098 Y-1.003 E0.0253
G1 X17.127 Y0.006 E0.02455
G1 X17.097 Y1.019 E0.02465
G1 X17.004 Y2.034 E0.02479
G1 X16.849 Y3.048 E0.02495
G1 X16.634 Y4.067 E0.02533
G1 X16.445 Y4.749 E0.01721
G0 F12000 X17.245 Y4.749
G0 X17.732 Y3.575
G1 F3600 E-1
;MESH:NONMESH
G0 F600 X17.732 Y3.575 Z31.5
G0 F12000 X17.247 Y2.059
G0 X-16.873 Y-4.116
G0 X-19.282 Y-3.92
;TIME_ELAPSED:977.791741
;LAYER:240
;TYPE:FILL
;MESH:bridge.stl
G1 F3600 E1
G1 F9600 X-18.963 Y-3.588 E0.0112
G1 X-18.06 Y-2.491 E0.03456
G1 X-17.56 Y-2.08 E0.01574
G1 X-17.648 Y-1.094 E0.02408
G1 X-17.68 Y-0.025 E0.02601
G1 X-17.648 Y1.094 E0.02723
G1 X-17.579 Y1.847 E0.01839
G1 X-17.595 Y1.847 E0.00039
G1 X-17.371 Y3.326 E0.03638
G1 X-18.06 Y2.49 E0.02635
G1 X-18.963 Y1.748 E0.02843
G1 X-19.866 Y1.479 E0.02292
G1 X-20.769 Y1.493 E0.02196
G1 X-21.672 Y1.691 E0.02248
G1 X-22.575 Y2.072 E0.02384
G1 X-23.39 Y2.634 E0.02408
G1 F3600 E-1
G0 F12000 X-17.187 Y3.963
G0 X-16.738 Y4.324
;TYPE:WALL-INNER
G1 F3600 E1
G1 F4800 X-16.996 Y3.098 E0.03047
G1 X-17.153 Y2.058 E0.02558
G1 X-17.245 Y1.058 E0.02442
G1 X-17.275 Y-0.02 E0.02623
G1 X-17.245 Y-1.058 E0.02526
G1 X-17.148 Y-2.098 E0.0254
G1 X-16.996 Y-3.098 E0.0246
G1 X-16.737 Y-4.324 E0.03048
G1 X-23.565 Y-4.325 E0.16607
G1 X-23.777 Y-2.863 E0.03593
G1 X-23.867 Y-1.941 E0.02253
G1 X-23.929 Y-.967 E0.02374
G1 X-23.949 Y0.00 E0.02352
G1 X-23.929 Y0.967 E0.02352
G1 X-23.867 Y1.94 E0.02371
G1 X-23.769 Y2.893 E0.0233
G1 X-23.567 Y4.325 E0.03517
G1 X-16.738 Y4.324 E0.16609
G1 F3600 E-1
G0 F12000 X-16.166 Y4.749
;TYPE:WALL-OUTER
G1 F3600 E1
G1 F2400 X-16.361 Y4.052 E0.0176
G1 X-16.576 Y3.034 E0.02531
G1 X-16.728 Y2.034 E0.0246
G1 X-16.822 Y1.003 E0.02518
G1 X-16.85 Y-0.008 E0.0246
G1 X-16.821 Y-1.019 E0.0246
G1 X-16.728 Y-2.034 E0.02479
G1 X-16.573 Y-3.048 E0.02495
G1 X-16.357 Y-4.068 E0.02536
G1 X-16.166 Y-4.749 E0.0172
G1 X-23.906 Y-4.75 E0.18825
G1 X-24.05 Y-3.941 E0.01999
G1 X-24.199 Y-2.914 E0.02524
G1 X-24.29 Y-1.975 E0.02294
G1 X-24.354 Y-.985 E0.02413
G1 X-24.374 Y0.00 E0.02396
G1 X-24.354 Y0.985 E0.02396
G1 X-24.29 Y1.975 E0.02413
G1 X-24.195 Y2.913 E0.02293
G1 X-24.046 Y3.973 E0.02603
G1 X-23.906 Y4.75 E0.0192
G1 X-16.166 Y4.749 E0.18825
G0 F12000 X-16.361 Y4.052
G0 X-16.376 Y3.978
G0 X-17.623 Y3.776
G1 F3600 E-1
G0 F12000 X-16.479 Y4.513
G0 X16.479 Y4.513
G0 X18.729 Y3.92
;TYPE:FILL
G1 F3600 E1
G1 F9600 X18.963 Y3.636 E0.00895
G1 X19.866 Y2.695 E0.03172
G1 X20.769 Y2.072 E0.02668
G1 X21.672 Y1.691 E0.02384
G1 X22.575 Y1.493 E0.02248
G1 X23.49 Y1.483 E0.02226
G1 F3600 E-1
G0 F12000 X17.187 Y3.963
G0 X16.737 Y4.324
;TYPE:WALL-INNER
G1 F3600 E1
G1 F4800 X23.564 Y4.324 E0.16604
G1 X23.777 Y2.863 E0.03591
G1 X23.867 Y1.941 E0.02253
G1 X23.929 Y0.967 E0.02374
G1 X23.948 Y0.00 E0.02352
G1 X23.929 Y-.971 E0.02362
G1 X23.867 Y-1.944 E0.02371
G1 X23.769 Y-2.893 E0.0232
G1 X23.569 Y-4.325 E0.03517
G1 X16.738 Y-4.324 E0.16614
G1 X16.996 Y-3.102 E0.03038
G1 X17.153 Y-2.062 E0.02558
G1 X17.245 Y-1.058 E0.02452
G1 X17.276 Y0.014 E0.02608
G1 X17.245 Y1.058 E0.0254
G1 X17.148 Y2.098 E0.0254
G1 X16.996 Y3.098 E0.0246
G1 X16.737 Y4.324 E0.03048
G1 F3600 E-1
G0 F12000 X16.166 Y4.749
;TYPE:WALL-OUTER
G1 F3600 E1
G1 F2400 X23.906 Y4.749 E0.18825
G1 X24.05 Y3.94 E0.01999
G1 X24.199 Y2.914 E0.02522
G1 X24.29 Y1.975 E0.02294
G1 X24.354 Y0.985 E0.02413
G1 X24.373 Y0.00 E0.02396
G1 X24.354 Y-.989 E0.02406
G1 X24.29 Y-1.979 E0.02413
G1 X24.195 Y-2.914 E0.02286
G1 X24.046 Y-3.977 E0.02611
G1 X23.907 Y-4.75 E0.0191
G1 X16.166 Y-4.749 E0.18827
G1 X16.361 Y-4.052 E0.0176
G1 X16.576 Y-3.038 E0.02521
G1 X16.728 Y-2.038 E0.0246
G1 X16.822 Y-1.003 E0.02528
G1 X16.851 Y0.006 E0.02455
G1 X16.821 Y1.019 E0.02465
G1 X16.728 Y2.034 E0.02479
G1 X16.573 Y3.048 E0.02495
G1 X16.357 Y4.068 E0.02536
G1 X16.166 Y4.749 E0.0172
G0 F12000 X16.966 Y4.749
G0 X17.459 Y3.575
G1 F3600 E-1
;MESH:NONMESH
G0 F600 X17.459 Y3.575 Z31.63
G0 F12000 X16.973 Y2.059
G0 X-16.599 Y-4.118
G0 X-19.182 Y-3.92
;TIME_ELAPSED:981.975375
;LAYER:241
;TYPE:FILL
;MESH:bridge.stl
G1 F3600 E1
G1 F9600 X-18.963 Y-3.707 E0.00743
G1 X-18.06 Y-2.662 E0.03359
G1 X-17.297 Y-2.025 E0.02417
G1 X-17.376 Y-1.094 E0.02272
G1 X-17.408 Y-0.025 E0.02601
G1 X-17.376 Y1.093 E0.0272
G1 X-17.307 Y1.845 E0.01837
G1 X-17.324 Y1.845 E0.00041
G1 X-17.112 Y3.229 E0.03405
G1 X-16.966 Y3.892 E0.01651
G1 X-17.157 Y3.706 E0.00648
G1 X-18.06 Y2.661 E0.03359
G1 X-18.963 Y1.907 E0.02861
G1 X-19.866 Y1.59 E0.02328
G1 X-20.769 Y1.56 E0.02197
G1 X-21.672 Y1.72 E0.0223
G1 X-22.575 Y2.061 E0.02348
G1 X-23.229 Y2.479 E0.01888
G1 F3600 E-1
G0 F12000 X-16.906 Y3.963
G0 X-16.456 Y4.325
;TYPE:WALL-INNER
G1 F3600 E1
G1 F4800 X-16.724 Y3.098 E0.03055
G1 X-16.881 Y2.058 E0.02558
G1 X-16.973 Y1.058 E0.02442
G1 X-17.003 Y-0.019 E0.0262
G1 X-16.973 Y-1.058 E0.02528
G1 X-16.876 Y-2.098 E0.0254
G1 X-16.716 Y-3.143 E0.02571
G1 X-16.451 Y-4.325 E0.02946
G1 X-23.39 Y-4.325 E0.16877
G1 X-23.601 Y-2.863 E0.03593
G1 X-23.691 Y-1.941 E0.02253
G1 X-23.753 Y-.967 E0.02374
G1 X-23.773 Y0.00 E0.02352
G1 X-23.753 Y0.967 E0.02352
G1 X-23.691 Y1.94 E0.02371
G1 X-23.593 Y2.893 E0.0233
G1 X-23.391 Y4.325 E0.03517
G1 X-16.456 Y4.325 E0.16867
G1 F3600 E-1
G0 F12000 X-15.877 Y4.75
;TYPE:WALL-OUTER
G1 F3600 E1
G1 F2400 X-16.081 Y4.05 E0.01773
G1 X-16.304 Y3.034 E0.0253
G1 X-16.456 Y2.034 E0.0246
G1 X-16.55 Y1.003 E0.02518
G1 X-16.578 Y-0.008 E0.0246
G1 X-16.549 Y-1.019 E0.0246
G1 X-16.456 Y-2.034 E0.02479
G1 X-16.301 Y-3.051 E0.02502
G1 X-16.073 Y-4.074 E0.02549
G1 X-15.877 Y-4.75 E0.01712
G1 X-23.727 Y-4.75 E0.19092
G1 X-23.873 Y-3.955 E0.01966
G1 X-24.023 Y-2.914 E0.02558
G1 X-24.114 Y-1.975 E0.02294
G1 X-24.178 Y-.985 E0.02413
G1 X-24.198 Y0.00 E0.02396
G1 X-24.178 Y0.985 E0.02396
G1 X-24.114 Y1.975 E0.02413
G1 X-24.019 Y2.913 E0.02293
G1 X-23.873 Y3.956 E0.02561
G1 X-23.727 Y4.75 E0.01964
G1 X-15.877 Y4.75 E0.19092
G0 F12000 X-16.081 Y4.05
G0 X-16.096 Y3.981
G0 X-17.344 Y3.78
G1 F3600 E-1
G0 F12000 X-16.7 Y2.059
G0 X16.193 Y-4.514
G0 X17.504 Y-3.92
;TYPE:FILL
G1 F3600 E1
G1 F9600 X17.081 Y-3.43 E0.01574
G1 X17.324 Y-1.85 E0.03888
G1 X17.307 Y-1.85 E0.00041
G1 X17.376 Y-1.097 E0.01839
G1 X17.409 Y0.017 E0.02711
G1 X17.376 Y1.094 E0.02621
G1 X17.307 Y1.846 E0.01837
G1 X17.324 Y1.846 E0.00041
G1 X17.111 Y3.232 E0.03411
G1 X16.959 Y3.92 E0.01714
G1 X18.615 Y3.92 E0.04028
G1 X18.963 Y3.517 E0.01295
G1 X19.866 Y2.638 E0.03065
G1 X20.769 Y2.061 E0.02606
G1 X21.672 Y1.72 E0.02348
G1 X22.575 Y1.56 E0.0223
G1 X23.308 Y1.584 E0.01784
G1 F3600 E-1
G0 F12000 X16.906 Y3.963
G0 X16.453 Y4.325
;TYPE:WALL-INNER
G1 F3600 E1
G1 F4800 X23.39 Y4.325 E0.16872
G1 X23.601 Y2.863 E0.03593
G1 X23.691 Y1.941 E0.02253
G1 X23.753 Y0.967 E0.02374
G1 X23.772 Y0.00 E0.02352
G1 X23.753 Y-.971 E0.02362
G1 X23.691 Y-1.944 E0.02371
G1 X23.593 Y-2.893 E0.0232
G1 X23.391 Y-4.325 E0.03517
G1 X16.451 Y-4.325 E0.16879
G1 X16.724 Y-3.098 E0.03057
G1 X16.881 Y-2.062 E0.02548
G1 X16.973 Y-1.058 E0.02452
G1 X17.004 Y0.014 E0.02608
G1 X16.973 Y1.058 E0.0254
G1 X16.876 Y2.098 E0.0254
G1 X16.716 Y3.143 E0.02571
G1 X16.453 Y4.325 E0.02945
G1 F3600 E-1
G0 F12000 X15.877 Y4.75
;TYPE:WALL-OUTER
G1 F3600 E1
G1 F2400 X23.727 Y4.75 E0.19092
G1 X23.873 Y3.955 E0.01966
G1 X24.023 Y2.914 E0.02558
G1 X24.114 Y1.975 E0.02294
G1 X24.178 Y0.985 E0.02413
G1 X24.197 Y0.00 E0.02396
G1 X24.178 Y-.989 E0.02406
G1 X24.114 Y-1.979 E0.02413
G1 X24.019 Y-2.914 E0.02286
G1 X23.873 Y-3.96 E0.02569
G1 X23.727 Y-4.75 E0.01954
G1 X15.877 Y-4.75 E0.19092
G1 X16.073 Y-4.074 E0.01712
G1 X16.304 Y-3.034 E0.02591
G1 X16.456 Y-2.038 E0.0245
G1 X16.55 Y-1.003 E0.02528
G1 X16.579 Y0.006 E0.02455
G1 X16.549 Y1.019 E0.02465
G1 X16.456 Y2.034 E0.02479
G1 X16.301 Y3.051 E0.02502
G1 X16.073 Y4.074 E0.02549
G1 X15.877 Y4.75 E0.01712
G0 F12000 X16.677 Y4.75
G0 X17.179 Y3.575
G1 F3600 E-1
;MESH:NONMESH
G0 F600 X17.179 Y3.575 Z31.76
G0 F12000 X16.7 Y2.059
G0 X-16.314 Y-4.122
G0 X-19.071 Y-3.919
;TIME_ELAPSED:986.380965
;LAYER:242
;TYPE:FILL
;MESH:bridge.stl
G1 F3600 E1
G1 F9600 X-18.963 Y-3.821 E0.00355
G1 X-18.06 Y-2.821 E0.03277
G1 X-17.157 Y-2.056 E0.02878
G1 X-17.017 Y-2 E0.00367
G1 X-17.1 Y-1.102 E0.02193
G1 X-17.136 Y-0.027 E0.02616
G1 X-17.103 Y1.043 E0.02604
G1 X-17.03 Y1.852 E0.01976
G1 X-17.049 Y1.852 E0.00046
G1 X-16.837 Y3.168 E0.03242
G1 X-16.665 Y3.92 E0.01876
G1 X-17.067 Y3.92 E0.00978
G1 X-18.06 Y2.82 E0.03604
G1 X-18.963 Y2.055 E0.02878
G1 X-19.866 Y1.695 E0.02364
G1 X-20.769 Y1.622 E0.02203
G1 X-21.672 Y1.744 E0.02216
G1 X-22.575 Y2.047 E0.02317
G1 X-23.068 Y2.338 E0.01392
G1 F3600 E-1
G0 F12000 X-16.615 Y3.963
G0 X-16.157 Y4.325
;TYPE:WALL-INNER
G1 F3600 E1
G1 F4800 X-16.435 Y3.113 E0.03024
G1 X-16.605 Y2.058 E0.02599
G1 X-16.697 Y1.058 E0.02442
G1 X-16.731 Y-0.022 E0.02628
G1 X-16.697 Y-1.058 E0.02521
G1 X-16.599 Y-2.105 E0.02558
G1 X-16.427 Y-3.156 E0.0259
G1 X-16.156 Y-4.325 E0.02919
G1 X-23.213 Y-4.325 E0.17164
G1 X-23.425 Y-2.863 E0.03593
G1 X-23.515 Y-1.941 E0.02253
G1 X-23.577 Y-.967 E0.02374
G1 X-23.597 Y0.00 E0.02352
G1 X-23.577 Y0.967 E0.02352
G1 X-23.515 Y1.94 E0.02371
G1 X-23.417 Y2.893 E0.0233
G1 X-23.215 Y4.325 E0.03517
G1 X-16.157 Y4.325 E0.17166
G1 F3600 E-1
G0 F12000 X-15.584 Y4.75
;TYPE:WALL-OUTER
G1 F3600 E1
G1 F2400 X-15.784 Y4.053 E0.01764
G1 X-16.015 Y3.045 E0.02515
G1 X-16.181 Y2.019 E0.02528
G1 X-16.274 Y1.005 E0.02477
G1 X-16.306 Y-0.009 E0.02467
G1 X-16.273 Y-1.019 E0.02458
G1 X-16.179 Y-2.037 E0.02486
G1 X-16.012 Y-3.06 E0.02521
G1 X-15.781 Y-4.065 E0.02508
G1 X-15.584 Y-4.75 E0.01734
G1 X-23.545 Y-4.75 E0.19362
G1 X-23.697 Y-3.954 E0.01971
G1 X-23.847 Y-2.914 E0.02556
G1 X-23.938 Y-1.975 E0.02294
G1 X-24.002 Y-.985 E0.02413
G1 X-24.022 Y0.00 E0.02396
G1 X-24.002 Y0.985 E0.02396
G1 X-23.938 Y1.975 E0.02413
G1 X-23.843 Y2.913 E0.02293
G1 X-23.693 Y3.978 E0.02616
G1 X-23.545 Y4.75 E0.01912
G1 X-15.584 Y4.75 E0.19362
G0 F12000 X-15.784 Y4.053
G0 X-15.8 Y3.98
G0 X-16.888 Y3.575
G1 F3600 E-1
G0 F12000 X-16.423 Y2.063
G0 X15.9 Y-4.513
G0 X17.623 Y-3.92
;TYPE:FILL
G1 F3600 E1
G1 F9600 X17.157 Y-3.404 E0.01691
G1 X16.845 Y-3.119 E0.01028
G1 X17.049 Y-1.854 E0.03116
G1 X17.03 Y-1.854 E0.00046
G1 X17.103 Y-1.052 E0.01959
G1 X17.137 Y0.016 E0.02599
G1 X17.1 Y1.095 E0.02626
G1 X17.031 Y1.851 E0.01846
G1 X17.05 Y1.851 E0.00046
G1 X16.826 Y3.225 E0.03386
G1 X16.667 Y3.919 E0.01732
G1 X18.497 Y3.919 E0.04451
G1 X18.963 Y3.403 E0.01691
G1 X19.866 Y2.58 E0.02972
G1 X20.769 Y2.047 E0.0255
G1 X21.672 Y1.744 E0.02317
G1 X22.575 Y1.622 E0.02216
G1 X23.127 Y1.667 E0.01347
G1 F3600 E-1
G0 F12000 X16.615 Y3.963
G0 X16.156 Y4.325
;TYPE:WALL-INNER
G1 F3600 E1
G1 F4800 X23.213 Y4.325 E0.17164
G1 X23.425 Y2.863 E0.03593
G1 X23.515 Y1.941 E0.02253
G1 X23.577 Y0.967 E0.02374
G1 X23.596 Y0.00 E0.02352
G1 X23.577 Y-.971 E0.02362
G1 X23.515 Y-1.944 E0.02371
G1 X23.417 Y-2.894 E0.02323
G1 X23.216 Y-4.326 E0.03517
G1 X16.157 Y-4.325 E0.17169
G1 X16.435 Y-3.113 E0.03024
G1 X16.605 Y-2.062 E0.02589
G1 X16.697 Y-1.058 E0.02452
G1 X16.732 Y0.014 E0.02609
G1 X16.697 Y1.058 E0.02541
G1 X16.599 Y2.105 E0.02558
G1 X16.427 Y3.156 E0.0259
G1 X16.156 Y4.325 E0.02919
G1 F3600 E-1
G0 F12000 X15.584 Y4.75
;TYPE:WALL-OUTER
G1 F3600 E1
G1 F2400 X23.545 Y4.75 E0.19362
G1 X23.697 Y3.954 E0.01971
G1 X23.847 Y2.914 E0.02556
G1 X23.938 Y1.975 E0.02294
G1 X24.002 Y0.985 E0.02413
G1 X24.021 Y0.00 E0.02396
G1 X24.002 Y-.989 E0.02406
G1 X23.938 Y-1.979 E0.02413
G1 X23.838 Y-2.953 E0.02381
G1 X23.693 Y-3.978 E0.02518
G1 X23.545 Y-4.75 E0.01912
G1 X15.584 Y-4.75 E0.19362
G1 X15.784 Y-4.056 E0.01757
G1 X16.015 Y-3.045 E0.02522
G1 X16.181 Y-2.023 E0.02518
G1 X16.274 Y-1.005 E0.02486
G1 X16.307 Y0.005 E0.02458
G1 X16.273 Y1.019 E0.02468
G1 X16.179 Y2.037 E0.02486
G1 X16.012 Y3.06 E0.02521
G1 X15.781 Y4.065 E0.02508
G1 X15.584 Y4.75 E0.01734
G0 F12000 X16.384 Y4.75
G0 X16.888 Y3.575
G1 F3600 E-1
;MESH:NONMESH
G0 F600 X16.888 Y3.575 Z31.89
G0 F12000 X16.422 Y2.063
G0 X-16.022 Y-4.123
G0 X-18.951 Y-3.919
;TIME_ELAPSED:990.813391
;LAYER:243
;TYPE:FILL
;MESH:bridge.stl
G1 F3600 E1
G1 F9600 X-18.06 Y-2.971 E0.03164
G1 X-17.157 Y-2.195 E0.02896
G1 X-16.722 Y-2.003 E0.01156
G1 X-16.815 Y-1.036 E0.02363
G1 X-16.844 Y-0.025 E0.0246
G1 X-16.815 Y1.035 E0.02579
G1 X-16.731 Y1.915 E0.0215
G1 X-16.75 Y1.915 E0.00046
G1 X-16.545 Y3.168 E0.03088
G1 X-16.373 Y3.92 E0.01876
G1 X-17.167 Y3.92 E0.01931
G1 X-18.06 Y2.97 E0.03171
G1 X-18.963 Y2.194 E0.02896
G1 X-19.866 Y1.794 E0.02402
G1 X-20.769 Y1.679 E0.02214
G1 X-21.672 Y1.763 E0.02206
G1 X-22.575 Y2.03 E0.0229
G1 X-22.903 Y2.207 E0.00906
G1 F3600 E-1
G0 F12000 X-16.323 Y3.963
G0 X-15.865 Y4.325
;TYPE:WALL-INNER
G1 F3600 E1
G1 F4800 X-16.143 Y3.113 E0.03024
G1 X-16.307 Y2.105 E0.02484
G1 X-16.411 Y1.015 E0.02663
G1 X-16.439 Y-0.019 E0.02516
G1 X-16.408 Y-1.061 E0.02535
G1 X-16.307 Y-2.105 E0.02551
G1 X-16.135 Y-3.156 E0.0259
G1 X-15.865 Y-4.325 E0.02918
G1 X-23.027 Y-4.325 E0.17419
G1 X-23.246 Y-2.859 E0.03605
G1 X-23.343 Y-1.925 E0.02284
G1 X-23.397 Y-.968 E0.02331
G1 X-23.42 Y0.00 E0.02355
G1 X-23.397 Y0.967 E0.02353
G1 X-23.339 Y1.94 E0.02371
G1 X-23.242 Y2.86 E0.0225
G1 X-23.031 Y4.325 E0.036
G1 X-15.865 Y4.325 E0.17429
G1 F3600 E-1
G0 F12000 X-15.289 Y4.75
;TYPE:WALL-OUTER
G1 F3600 E1
G1 F2400 X-15.492 Y4.053 E0.01766
G1 X-15.723 Y3.045 E0.02515
G1 X-15.889 Y2.02 E0.02525
G1 X-15.986 Y1.003 E0.02485
G1 X-16.014 Y-0.008 E0.0246
G1 X-15.985 Y-1.02 E0.02462
G1 X-15.887 Y-2.037 E0.02485
G1 X-15.72 Y-3.06 E0.02521
G1 X-15.489 Y-4.066 E0.0251
G1 X-15.29 Y-4.75 E0.01733
G1 X-23.361 Y-4.75 E0.1963
G1 X-23.513 Y-3.954 E0.01971
G1 X-23.667 Y-2.912 E0.02562
G1 X-23.766 Y-1.959 E0.0233
G1 X-23.822 Y-.985 E0.02373
G1 X-23.845 Y0.00 E0.02396
G1 X-23.822 Y0.985 E0.02396
G1 X-23.762 Y1.975 E0.02412
G1 X-23.658 Y2.952 E0.0239
G1 X-23.509 Y3.975 E0.02514
G1 X-23.361 Y4.75 E0.01919
G1 X-15.289 Y4.75 E0.19632
G0 F12000 X-15.492 Y4.053
G0 X-15.508 Y3.981
G0 X-16.596 Y3.575
G1 F3600 E-1
G0 F12000 X-16.129 Y2.063
G0 X15.608 Y-4.514
G0 X17.745 Y-3.919
;TYPE:FILL
G1 F3600 E1
G1 F9600 X17.157 Y-3.293 E0.02089
G1 X16.6 Y-2.816 E0.01784
G1 X16.751 Y-1.878 E0.02311
G1 X16.734 Y-1.878 E0.00041
G1 X16.815 Y-1.037 E0.02055
G1 X16.844 Y0.024 E0.02581
G1 X16.815 Y1.037 E0.02465
G1 X16.739 Y1.855 E0.01998
G1 X16.758 Y1.855 E0.00046
G1 X16.534 Y3.225 E0.03376
G1 X16.375 Y3.919 E0.01732
G1 X18.374 Y3.919 E0.04862
G1 X18.963 Y3.292 E0.02092
G1 X19.866 Y2.519 E0.02891
G1 X20.769 Y2.03 E0.02498
G1 X21.672 Y1.763 E0.0229
G1 X22.575 Y1.679 E0.02206
G1 X22.948 Y1.727 E0.00915
G1 F3600 E-1
G0 F12000 X16.323 Y3.963
G0 X15.865 Y4.325
;TYPE:WALL-INNER
G1 F3600 E1
G1 F4800 X23.028 Y4.324 E0.17421
G1 X23.246 Y2.859 E0.03602
G1 X23.342 Y1.925 E0.02284
G1 X23.397 Y0.968 E0.02331
G1 X23.42 Y0.00 E0.02355
G1 X23.394 Y-1.041 E0.02533
G1 X23.339 Y-1.944 E0.022
G1 X23.242 Y-2.86 E0.0224
G1 X23.031 Y-4.325 E0.036
G1 X15.865 Y-4.325 E0.17429
G1 X16.135 Y-3.156 E0.02918
G1 X16.303 Y-2.111 E0.02574
G1 X16.411 Y-1.015 E0.02679
G1 X16.439 Y0.019 E0.02516
G1 X16.408 Y1.061 E0.02535
G1 X16.307 Y2.105 E0.02551
G1 X16.135 Y3.156 E0.0259
G1 X15.865 Y4.325 E0.02918
G1 F3600 E-1
G0 F12000 X15.29 Y4.75
;TYPE:WALL-OUTER
G1 F3600 E1
G1 F2400 X23.361 Y4.749 E0.1963
G1 X23.513 Y3.954 E0.01969
G1 X23.667 Y2.912 E0.02562
G1 X23.766 Y1.959 E0.0233
G1 X23.822 Y0.985 E0.02373
G1 X23.845 Y0.00 E0.02396
G1 X23.822 Y-.989 E0.02406
G1 X23.756 Y-2.046 E0.02576
G1 X23.658 Y-2.95 E0.02212
G1 X23.509 Y-3.98 E0.02531
G1 X23.361 Y-4.75 E0.01907
G1 X15.29 Y-4.75 E0.1963
G1 X15.492 Y-4.053 E0.01765
G1 X15.723 Y-3.044 E0.02518
G1 X15.885 Y-2.029 E0.025
G1 X15.986 Y-1.003 E0.02507
G1 X16.014 Y0.008 E0.0246
G1 X15.985 Y1.02 E0.02462
G1 X15.887 Y2.037 E0.02485
G1 X15.72 Y3.06 E0.02521
G1 X15.489 Y4.066 E0.0251
G1 X15.29 Y4.75 E0.01733
G0 F12000 X16.09 Y4.75
G0 X16.596 Y3.575
G1 F3600 E-1
;MESH:NONMESH
G0 F600 X16.596 Y3.575 Z32.02
G0 F12000 X16.129 Y2.063
G0 X-15.73 Y-4.124
G0 X-18.844 Y-3.919
;TIME_ELAPSED:995.268930
;LAYER:244
;TYPE:FILL
;MESH:bridge.stl
G1 F3600 E1
G1 F9600 X-18.06 Y-3.113 E0.02735
G1 X-17.157 Y-2.326 E0.02913
G1 X-16.43 Y-1.974 E0.01965
G1 X-16.519 Y-1.039 E0.02284
G1 X-16.552 Y-0.028 E0.0246
G1 X-16.519 Y1.04 E0.02599
G1 X-16.444 Y1.839 E0.01952
G1 X-16.461 Y1.839 E0.00041
G1 X-16.25 Y3.182 E0.03306
G1 X-16.081 Y3.92 E0.01841
G1 X-17.275 Y3.92 E0.02904
G1 X-18.06 Y3.112 E0.0274
G1 X-18.963 Y2.325 E0.02913
G1 X-19.866 Y1.887 E0.02441
G1 X-20.769 Y1.733 E0.02228
G1 X-21.672 Y1.779 E0.02199
G1 X-22.575 Y2.008 E0.02266
G1 X-22.732 Y2.086 E0.00426
G1 F3600 E-1
G0 F12000 X-16.03 Y3.963
G0 X-15.574 Y4.325
;TYPE:WALL-INNER
G1 F3600 E1
G1 F4800 X-15.851 Y3.111 E0.03029
G1 X-16.016 Y2.061 E0.02585
G1 X-16.115 Y1.018 E0.02548
G1 X-16.147 Y-0.022 E0.02531
G1 X-16.112 Y-1.061 E0.02528
G1 X-16.011 Y-2.102 E0.02544
G1 X-15.843 Y-3.156 E0.02596
G1 X-15.571 Y-4.325 E0.02919
G1 X-22.844 Y-4.325 E0.17689
G1 X-23.061 Y-2.86 E0.03602
G1 X-23.155 Y-1.94 E0.02249
G1 X-23.217 Y-.967 E0.02371
G1 X-23.237 Y0.00 E0.02352
G1 X-23.217 Y0.967 E0.02352
G1 X-23.155 Y1.939 E0.02369
G1 X-23.058 Y2.86 E0.02252
G1 X-22.847 Y4.325 E0.036
G1 X-15.574 Y4.325 E0.17689
G1 F3600 E-1
G0 F12000 X-14.984 Y4.75
;TYPE:WALL-OUTER
G1 F3600 E1
G1 F2400 X-15.2 Y4.053 E0.01775
G1 X-15.431 Y3.044 E0.02518
G1 X-15.593 Y2.02 E0.02521
G1 X-15.69 Y1.005 E0.0248
G1 X-15.722 Y-0.008 E0.02465
G1 X-15.689 Y-1.02 E0.02463
G1 X-15.591 Y-2.036 E0.02483
G1 X-15.428 Y-3.06 E0.02522
G1 X-15.195 Y-4.071 E0.02523
G1 X-14.984 Y-4.75 E0.01729
G1 X-23.177 Y-4.75 E0.19927
G1 X-23.329 Y-3.954 E0.01971
G1 X-23.483 Y-2.913 E0.02559
G1 X-23.578 Y-1.975 E0.02293
G1 X-23.642 Y-.985 E0.02413
G1 X-23.662 Y0.00 E0.02396
G1 X-23.642 Y0.985 E0.02396
G1 X-23.578 Y1.974 E0.0241
G1 X-23.474 Y2.952 E0.02392
G1 X-23.325 Y3.975 E0.02514
G1 X-23.177 Y4.75 E0.01919
G1 X-14.984 Y4.75 E0.19927
G0 F12000 X-15.2 Y4.053
G0 X-15.215 Y3.985
G0 X-16.469 Y3.782
G1 F3600 E-1
G0 F12000 X-15.836 Y2.063
G0 X15.307 Y-4.514
G0 X17.873 Y-3.92
;TYPE:FILL
G1 F3600 E1
G1 F9600 X17.157 Y-3.183 E0.02499
G1 X16.354 Y-2.537 E0.02507
G1 X16.46 Y-1.871 E0.0164
G1 X16.442 Y-1.871 E0.00044
G1 X16.519 Y-1.043 E0.02023
G1 X16.553 Y0.016 E0.02577
G1 X16.519 Y1.04 E0.02492
G1 X16.445 Y1.84 E0.01954
G1 X16.462 Y1.84 E0.00041
G1 X16.25 Y3.182 E0.03304
G1 X16.083 Y3.919 E0.01838
G1 X18.247 Y3.919 E0.05263
G1 X18.963 Y3.182 E0.02499
G1 X19.866 Y2.456 E0.02818
G1 X20.769 Y2.008 E0.02452
G1 X21.672 Y1.779 E0.02266
G1 X22.575 Y1.733 E0.02199
G1 X22.76 Y1.765 E0.00457
G1 F3600 E-1
G0 F12000 X16.029 Y3.963
G0 X15.571 Y4.325
;TYPE:WALL-INNER
G1 F3600 E1
G1 F4800 X22.844 Y4.324 E0.17689
G1 X23.061 Y2.86 E0.036
G1 X23.155 Y1.94 E0.02249
G1 X23.217 Y0.967 E0.02371
G1 X23.236 Y0.00 E0.02352
G1 X23.217 Y-.971 E0.02362
G1 X23.155 Y-1.942 E0.02366
G1 X23.058 Y-2.86 E0.02245
G1 X22.846 Y-4.325 E0.036
G1 X15.574 Y-4.325 E0.17687
G1 X15.843 Y-3.155 E0.0292
G1 X16.017 Y-2.065 E0.02685
G1 X16.115 Y-1.018 E0.02558
G1 X16.148 Y0.014 E0.02511
G1 X16.112 Y1.061 E0.02548
G1 X16.017 Y2.061 E0.02443
G1 X15.843 Y3.156 E0.02697
G1 X15.571 Y4.325 E0.02919
G1 F3600 E-1
G0 F12000 X14.984 Y4.75
;TYPE:WALL-OUTER
G1 F3600 E1
G1 F2400 X23.177 Y4.749 E0.19927
G1 X23.329 Y3.954 E0.01969
G1 X23.483 Y2.913 E0.02559
G1 X23.578 Y1.975 E0.02293
G1 X23.642 Y0.985 E0.02413
G1 X23.661 Y0.00 E0.02396
G1 X23.642 Y-.989 E0.02406
G1 X23.578 Y-1.978 E0.0241
G1 X23.474 Y-2.951 E0.0238
G1 X23.325 Y-3.975 E0.02517
G1 X23.177 Y-4.75 E0.01919
G1 X14.984 Y-4.75 E0.19927
G1 X15.2 Y-4.056 E0.01768
G1 X15.431 Y-3.044 E0.02525
G1 X15.593 Y-2.024 E0.02512
G1 X15.69 Y-1.005 E0.0249
G1 X15.723 Y0.006 E0.0246
G1 X15.689 Y1.02 E0.02468
G1 X15.591 Y2.036 E0.02483
G1 X15.428 Y3.06 E0.02522
G1 X15.195 Y4.071 E0.02523
G1 X14.984 Y4.75 E0.01729
G0 F12000 X15.784 Y4.75
G0 X16.303 Y3.575
G1 F3600 E-1
;MESH:NONMESH
G0 F600 X16.303 Y3.575 Z32.15
G0 F12000 X15.836 Y2.063
G0 X-15.434 Y-4.129
G0 X-18.732 Y-3.92
;TIME_ELAPSED:999.752962
;LAYER:245
;TYPE:FILL
;MESH:bridge.stl
G1 F3600 E1
G1 F9600 X-18.06 Y-3.25 E0.02308
G1 X-17.157 Y-2.451 E0.02933
G1 X-16.254 Y-1.976 E0.02482
G1 X-16.139 Y-1.951 E0.00286
G1 X-16.227 Y-1.04 E0.02226
G1 X-16.26 Y-0.028 E0.02463
G1 X-16.227 Y1.038 E0.02594
G1 X-16.118 Y2.169 E0.02764
G1 X-15.918 Y3.373 E0.02968
G1 X-15.904 Y3.373 E0.00034
G1 X-15.772 Y3.92 E0.01369
G1 X-17.387 Y3.92 E0.03928
G1 X-18.06 Y3.249 E0.02311
G1 X-18.963 Y2.45 E0.02933
G1 X-19.866 Y1.975 E0.02482
G1 X-20.769 Y1.782 E0.02246
G1 X-21.672 Y1.792 E0.02196
G1 X-22.559 Y1.98 E0.02205
G1 F3600 E-1
G0 F12000 X-15.718 Y3.964
G0 X-15.257 Y4.325
;TYPE:WALL-INNER
G1 F3600 E1
G1 F4800 X-15.55 Y3.112 E0.03035
G1 X-15.724 Y2.061 E0.02591
G1 X-15.823 Y1.018 E0.02548
G1 X-15.855 Y-0.022 E0.02531
G1 X-15.82 Y-1.061 E0.02528
G1 X-15.718 Y-2.108 E0.02559
G1 X-15.54 Y-3.16 E0.02595
G1 X-15.257 Y-4.325 E0.02916
G1 X-22.655 Y-4.325 E0.17993
G1 X-22.874 Y-2.859 E0.03605
G1 X-22.971 Y-1.939 E0.0225
G1 X-23.033 Y-.967 E0.02369
G1 X-23.053 Y0.00 E0.02352
G1 X-23.033 Y0.967 E0.02352
G1 X-22.971 Y1.937 E0.02364
G1 X-22.87 Y2.858 E0.02253
G1 X-22.659 Y4.325 E0.03605
G1 X-15.257 Y4.325 E0.18003
G1 F3600 E-1
G0 F12000 X-14.671 Y4.75
;TYPE:WALL-OUTER
G1 F3600 E1
G1 F2400 X-14.883 Y4.063 E0.01749
G1 X-15.131 Y3.042 E0.02555
G1 X-15.301 Y2.02 E0.0252
G1 X-15.398 Y1.005 E0.0248
G1 X-15.43 Y-0.009 E0.02467
G1 X-15.397 Y-1.02 E0.0246
G1 X-15.299 Y-2.038 E0.02487
G1 X-15.127 Y-3.06 E0.02521
G1 X-14.879 Y-4.078 E0.02548
G1 X-14.672 Y-4.75 E0.0171
G1 X-22.989 Y-4.75 E0.20228
G1 X-23.141 Y-3.954 E0.01971
G1 X-23.295 Y-2.912 E0.02562
G1 X-23.394 Y-1.974 E0.02294
G1 X-23.458 Y-.985 E0.0241
G1 X-23.478 Y0.00 E0.02396
G1 X-23.458 Y0.985 E0.02396
G1 X-23.394 Y1.974 E0.0241
G1 X-23.292 Y2.912 E0.02295
G1 X-23.137 Y3.975 E0.02613
G1 X-22.989 Y4.75 E0.01919
G1 X-14.671 Y4.75 E0.20231
G0 F12000 X-14.883 Y4.063
G0 X-14.902 Y3.985
G0 X-15.994 Y3.575
G1 F3600 E-1
G0 F12000 X-15.543 Y2.064
G0 X15.12 Y-4.132
G0 X18.005 Y-3.92
;TYPE:FILL
G1 F3600 E1
G1 F9600 X17.157 Y-3.075 E0.02912
G1 X16.254 Y-2.392 E0.02754
G1 X16.107 Y-2.325 E0.00393
G1 X16.224 Y-1.097 E0.03
G1 X16.261 Y0.017 E0.02711
G1 X16.227 Y1.041 E0.02492
G1 X16.128 Y2.103 E0.02594
G1 X15.904 Y3.436 E0.03288
G1 X15.773 Y3.92 E0.0122
G1 X18.115 Y3.92 E0.05696
G1 X18.963 Y3.074 E0.02913
G1 X19.866 Y2.391 E0.02754
G1 X20.769 Y1.983 E0.0241
G1 X21.672 Y1.792 E0.02245
G1 X22.575 Y1.782 E0.02196
G1 F3600 E-1
G0 F12000 X15.718 Y3.964
G0 X15.257 Y4.325
;TYPE:WALL-INNER
G1 F3600 E1
G1 F4800 X22.656 Y4.324 E0.17995
G1 X22.874 Y2.859 E0.03602
G1 X22.971 Y1.939 E0.0225
G1 X23.033 Y0.967 E0.02369
G1 X23.052 Y0.00 E0.02352
G1 X23.033 Y-.971 E0.02362
G1 X22.971 Y-1.941 E0.02364
G1 X22.866 Y-2.885 E0.0231
G1 X22.658 Y-4.325 E0.03539
G1 X15.257 Y-4.325 E0.18
G1 X15.55 Y-3.113 E0.03033
G1 X15.725 Y-2.068 E0.02577
G1 X15.821 Y-1.061 E0.0246
G1 X15.856 Y0.014 E0.02616
G1 X15.82 Y1.061 E0.02548
G1 X15.725 Y2.061 E0.02443
G1 X15.54 Y3.16 E0.02711
G1 X15.257 Y4.325 E0.02916
G1 F3600 E-1
G0 F12000 X14.672 Y4.75
;TYPE:WALL-OUTER
G1 F3600 E1
G1 F2400 X22.989 Y4.749 E0.20228
G1 X23.141 Y3.954 E0.01969
G1 X23.295 Y2.912 E0.02562
G1 X23.394 Y1.974 E0.02294
G1 X23.458 Y0.985 E0.0241
G1 X23.477 Y0.00 E0.02396
G1 X23.458 Y-.989 E0.02406
G1 X23.394 Y-1.978 E0.0241
G1 X23.292 Y-2.912 E0.02285
G1 X23.137 Y-3.975 E0.02613
G1 X22.989 Y-4.75 E0.01919
G1 X14.672 Y-4.75 E0.20228
G1 X14.883 Y-4.063 E0.01748
G1 X15.131 Y-3.042 E0.02555
G1 X15.299 Y-2.046 E0.02457
G1 X15.398 Y-1.005 E0.02543
G1 X15.431 Y0.006 E0.0246
G1 X15.397 Y1.02 E0.02468
G1 X15.299 Y2.038 E0.02487
G1 X15.127 Y3.06 E0.02521
G1 X14.879 Y4.078 E0.02548
G1 X14.672 Y4.75 E0.0171
G0 F12000 X15.472 Y4.75
G0 X15.993 Y3.575
G1 F3600 E-1
;MESH:NONMESH
G0 F600 X15.993 Y3.575 Z32.28
G0 F12000 X15.543 Y2.064
G0 X-15.12 Y-4.131
G0 X-18.614 Y-3.92
;TIME_ELAPSED:1004.197078
;LAYER:246
;TYPE:FILL
;MESH:bridge.stl
G1 F3600 E1
G1 F9600 X-18.06 Y-3.383 E0.01877
G1 X-17.157 Y-2.571 E0.02954
G1 X-16.254 Y-2.06 E0.02523
G1 X-15.833 Y-1.952 E0.01057
G1 X-15.92 Y-1.104 E0.02073
G1 X-15.959 Y-0.032 E0.02609
G1 X-15.92 Y1.106 E0.02769
G1 X-15.808 Y2.172 E0.02607
G1 X-15.635 Y3.177 E0.0248
G1 X-15.458 Y3.919 E0.01855
G1 X-17.506 Y3.919 E0.04981
G1 X-18.06 Y3.382 E0.01877
G1 X-18.963 Y2.57 E0.02954
G1 X-19.866 Y2.059 E0.02523
G1 X-20.769 Y1.827 E0.02268
G1 X-21.672 Y1.8 E0.02197
G1 X-22.381 Y1.922 E0.0175
G1 F3600 E-1
G0 F12000 X-15.404 Y3.964
G0 X-14.946 Y4.325
;TYPE:WALL-INNER
G1 F3600 E1
G1 F4800 X-15.225 Y3.157 E0.02921
G1 X-15.408 Y2.11 E0.02585
G1 X-15.519 Y1.029 E0.02643
G1 X-15.555 Y-0.025 E0.02565
G1 X-15.516 Y-1.072 E0.02548
G1 X-15.405 Y-2.16 E0.0266
G1 X-15.225 Y-3.159 E0.02469
G1 X-14.943 Y-4.325 E0.02918
G1 X-22.471 Y-4.325 E0.18309
G1 X-22.69 Y-2.859 E0.03605
G1 X-22.787 Y-1.939 E0.0225
G1 X-22.849 Y-.967 E0.02369
G1 X-22.869 Y0.00 E0.02352
G1 X-22.849 Y0.967 E0.02352
G1 X-22.787 Y1.937 E0.02364
G1 X-22.686 Y2.858 E0.02253
G1 X-22.475 Y4.325 E0.03605
G1 X-14.946 Y4.325 E0.18312
G1 F3600 E-1
G0 F12000 X-14.359 Y4.75
;TYPE:WALL-OUTER
G1 F3600 E1
G1 F2400 X-14.572 Y4.063 E0.01749
G1 X-14.815 Y3.044 E0.02548
G1 X-14.983 Y2.084 E0.0237
G1 X-15.094 Y1.013 E0.02619
G1 X-15.13 Y-0.009 E0.02487
G1 X-15.093 Y-1.029 E0.02482
G1 X-14.987 Y-2.085 E0.02581
G1 X-14.812 Y-3.059 E0.02407
G1 X-14.568 Y-4.07 E0.02529
G1 X-14.359 Y-4.75 E0.0173
G1 X-22.805 Y-4.75 E0.20542
G1 X-22.957 Y-3.954 E0.01971
G1 X-23.111 Y-2.912 E0.02562
G1 X-23.21 Y-1.974 E0.02294
G1 X-23.274 Y-.985 E0.0241
G1 X-23.294 Y0.00 E0.02396
G1 X-23.274 Y0.985 E0.02396
G1 X-23.21 Y1.974 E0.0241
G1 X-23.108 Y2.912 E0.02295
G1 X-22.953 Y3.975 E0.02613
G1 X-22.805 Y4.75 E0.01919
G1 X-14.359 Y4.75 E0.20542
G0 F12000 X-14.572 Y4.063
G0 X-14.59 Y3.985
G0 X-15.847 Y3.787
G1 F3600 E-1
G0 F12000 X-14.68 Y4.514
G0 X15.233 Y-2.067
G0 X18.146 Y-3.919
;TYPE:FILL
G1 F3600 E1
G1 F9600 X17.157 Y-2.966 E0.0334
G1 X16.254 Y-2.324 E0.02695
G1 X15.811 Y-2.144 E0.01163
G1 X15.92 Y-1.11 E0.02529
G1 X15.96 Y0.016 E0.0274
G1 X15.92 Y1.104 E0.02648
G1 X15.804 Y2.227 E0.02746
G1 X15.591 Y3.414 E0.02933
G1 X15.58 Y3.414 E0.00027
G1 X15.458 Y3.92 E0.01266
G1 X17.973 Y3.92 E0.06117
G1 X18.963 Y2.965 E0.03346
G1 X19.866 Y2.323 E0.02695
G1 X20.769 Y1.955 E0.02372
G1 X21.672 Y1.8 E0.02228
G1 X22.388 Y1.821 E0.01742
G1 F3600 E-1
G0 F12000 X15.404 Y3.964
G0 X14.944 Y4.325
;TYPE:WALL-INNER
G1 F3600 E1
G1 F4800 X22.472 Y4.324 E0.18309
G1 X22.69 Y2.859 E0.03602
G1 X22.787 Y1.939 E0.0225
G1 X22.849 Y0.967 E0.02369
G1 X22.868 Y0.00 E0.02352
G1 X22.849 Y-.971 E0.02362
G1 X22.787 Y-1.941 E0.02364
G1 X22.682 Y-2.885 E0.0231
G1 X22.474 Y-4.325 E0.03539
G1 X14.945 Y-4.325 E0.18312
G1 X15.225 Y-3.157 E0.02921
G1 X15.408 Y-2.11 E0.02585
G1 X15.519 Y-1.029 E0.02643
G1 X15.556 Y0.014 E0.02538
G1 X15.516 Y1.072 E0.02575
G1 X15.405 Y2.16 E0.0266
G1 X15.225 Y3.159 E0.02469
G1 X14.944 Y4.325 E0.02917
G1 F3600 E-1
G0 F12000 X14.359 Y4.75
;TYPE:WALL-OUTER
G1 F3600 E1
G1 F2400 X22.805 Y4.749 E0.20542
G1 X22.957 Y3.954 E0.01969
G1 X23.111 Y2.912 E0.02562
G1 X23.21 Y1.974 E0.02294
G1 X23.274 Y0.985 E0.0241
G1 X23.293 Y0.00 E0.02396
G1 X23.274 Y-.989 E0.02406
G1 X23.21 Y-1.978 E0.0241
G1 X23.108 Y-2.912 E0.02285
G1 X22.953 Y-3.975 E0.02613
G1 X22.805 Y-4.75 E0.01919
G1 X14.36 Y-4.75 E0.20539
G1 X14.572 Y-4.063 E0.01749
G1 X14.815 Y-3.044 E0.02548
G1 X14.983 Y-2.084 E0.0237
G1 X15.094 Y-1.013 E0.02619
G1 X15.131 Y0.006 E0.0248
G1 X15.093 Y1.029 E0.0249
G1 X14.987 Y2.085 E0.02581
G1 X14.812 Y3.059 E0.02407
G1 X14.568 Y4.07 E0.02529
G1 X14.359 Y4.75 E0.0173
G0 F12000 X15.159 Y4.75
G0 X15.846 Y3.788
G1 F3600 E-1
;MESH:NONMESH
G0 F600 X15.846 Y3.788 Z32.41
G0 F12000 X14.681 Y4.514
G0 X-15.233 Y-2.067
G0 X-18.489 Y-3.92
;TIME_ELAPSED:1008.664815
;LAYER:247
;TYPE:FILL
;MESH:bridge.stl
G1 F3600 E1
G1 F9600 X-18.06 Y-3.514 E0.01437
G1 X-17.157 Y-2.687 E0.02978
G1 X-16.254 Y-2.14 E0.02568
G1 X-15.523 Y-1.921 E0.01856
G1 X-15.608 Y-1.106 E0.01993
G1 X-15.644 Y-0.027 E0.02626
G1 X-15.612 Y1.04 E0.02596
G1 X-15.52 Y1.909 E0.02125
G1 X-15.536 Y1.909 E0.00039
G1 X-15.32 Y3.188 E0.03155
G1 X-15.147 Y3.92 E0.01829
G1 X-17.63 Y3.92 E0.06039
G1 X-18.06 Y3.513 E0.0144
G1 X-18.963 Y2.686 E0.02978
G1 X-19.866 Y2.139 E0.02568
G1 X-20.769 Y1.868 E0.02293
G1 X-21.672 Y1.804 E0.02202
G1 X-22.197 Y1.873 E0.01288
G1 F3600 E-1
G0 F12000 X-15.093 Y3.964
G0 X-14.634 Y4.325
;TYPE:WALL-INNER
G1 F3600 E1
G1 F4800 X-14.922 Y3.114 E0.03027
G1 X-15.092 Y2.113 E0.02469
G1 X-15.207 Y1.026 E0.02658
G1 X-15.239 Y-0.022 E0.0255
G1 X-15.204 Y-1.074 E0.0256
G1 X-15.089 Y-2.157 E0.02649
G1 X-14.913 Y-3.159 E0.02474
G1 X-14.629 Y-4.325 E0.02919
G1 X-22.288 Y-4.325 E0.18628
G1 X-22.505 Y-2.86 E0.03602
G1 X-22.599 Y-1.94 E0.02249
G1 X-22.661 Y-.966 E0.02374
G1 X-22.684 Y0.00 E0.0235
G1 X-22.661 Y0.966 E0.0235
G1 X-22.599 Y1.939 E0.02371
G1 X-22.502 Y2.86 E0.02252
G1 X-22.29 Y4.325 E0.036
G1 X-14.634 Y4.325 E0.18621
G1 F3600 E-1
G0 F12000 X-14.03 Y4.75
;TYPE:WALL-OUTER
G1 F3600 E1
G1 F2400 X-14.268 Y4.031 E0.01842
G1 X-14.503 Y3.043 E0.0247
G1 X-14.669 Y2.067 E0.02408
G1 X-14.781 Y1.031 E0.02534
G1 X-14.814 Y-0.008 E0.02528
G1 X-14.781 Y-1.03 E0.02487
G1 X-14.671 Y-2.084 E0.02577
G1 X-14.5 Y-3.059 E0.02408
G1 X-14.254 Y-4.075 E0.02542
G1 X-14.03 Y-4.75 E0.0173
G1 X-22.614 Y-4.75 E0.20878
G1 X-22.773 Y-3.953 E0.01977
G1 X-22.927 Y-2.913 E0.02557
G1 X-23.022 Y-1.975 E0.02293
G1 X-23.086 Y-.985 E0.02413
G1 X-23.109 Y0.00 E0.02396
G1 X-23.086 Y0.985 E0.02396
G1 X-23.022 Y1.974 E0.0241
G1 X-22.918 Y2.952 E0.02392
G1 X-22.773 Y3.953 E0.0246
G1 X-22.614 Y4.75 E0.01977
G1 X-14.03 Y4.75 E0.20878
G0 F12000 X-14.268 Y4.031
G0 X-14.277 Y3.99
G0 X-15.535 Y3.786
G1 F3600 E-1
G0 F12000 X-14.358 Y4.514
G0 X14.919 Y-2.067
G0 X18.288 Y-3.92
;TYPE:FILL
G1 F3600 E1
G1 F9600 X17.157 Y-2.856 E0.03777
G1 X16.254 Y-2.253 E0.02641
G1 X15.512 Y-1.983 E0.0192
G1 X15.611 Y-1.056 E0.02267
G1 X15.644 Y0.027 E0.02635
G1 X15.608 Y1.106 E0.02626
G1 X15.496 Y2.172 E0.02607
G1 X15.278 Y3.424 E0.03091
G1 X15.265 Y3.424 E0.00032
G1 X15.145 Y3.92 E0.01241
G1 X17.831 Y3.92 E0.06533
G1 X18.963 Y2.855 E0.0378
G1 X19.866 Y2.252 E0.02641
G1 X20.769 Y1.923 E0.02337
G1 X21.672 Y1.804 E0.02215
G1 X22.199 Y1.841 E0.01285
G1 F3600 E-1
G0 F12000 X15.089 Y3.964
G0 X14.628 Y4.325
;TYPE:WALL-INNER
G1 F3600 E1
G1 F4800 X22.288 Y4.325 E0.1863
G1 X22.505 Y2.86 E0.03602
G1 X22.599 Y1.94 E0.02249
G1 X22.661 Y0.966 E0.02374
G1 X22.684 Y0.00 E0.0235
G1 X22.664 Y-.899 E0.02187
G1 X22.599 Y-1.942 E0.02542
G1 X22.502 Y-2.86 E0.02245
G1 X22.29 Y-4.325 E0.036
G1 X14.634 Y-4.325 E0.18621
G1 X14.922 Y-3.114 E0.03027
G1 X15.092 Y-2.113 E0.02469
G1 X15.204 Y-1.077 E0.02534
G1 X15.239 Y0.022 E0.02674
G1 X15.204 Y1.074 E0.0256
G1 X15.089 Y2.157 E0.02649
G1 X14.922 Y3.117 E0.0237
G1 X14.628 Y4.325 E0.03024
G1 F3600 E-1
G0 F12000 X14.031 Y4.75
;TYPE:WALL-OUTER
G1 F3600 E1
G1 F2400 X22.614 Y4.75 E0.20875
G1 X22.773 Y3.953 E0.01977
G1 X22.927 Y2.913 E0.02557
G1 X23.022 Y1.975 E0.02293
G1 X23.086 Y0.985 E0.02413
G1 X23.109 Y0.00 E0.02396
G1 X23.086 Y-.989 E0.02406
G1 X23.022 Y-1.978 E0.0241
G1 X22.918 Y-2.951 E0.0238
G1 X22.773 Y-3.953 E0.02462
G1 X22.614 Y-4.75 E0.01977
G1 X14.03 Y-4.75 E0.20878
G1 X14.268 Y-4.031 E0.01842
G1 X14.503 Y-3.043 E0.0247
G1 X14.669 Y-2.067 E0.02408
G1 X14.781 Y-1.031 E0.02534
G1 X14.814 Y0.008 E0.02528
G1 X14.781 Y1.03 E0.02487
G1 X14.671 Y2.084 E0.02577
G1 X14.503 Y3.044 E0.0237
G1 X14.238 Y4.127 E0.02712
G1 X14.031 Y4.75 E0.01597
G0 F12000 X14.831 Y4.75
G0 X15.364 Y3.575
G1 F3600 E-1
;MESH:NONMESH
G0 F600 X15.364 Y3.575 Z32.54
G0 F12000 X14.919 Y2.067
G0 X-14.492 Y-4.136
G0 X-18.357 Y-3.92
;TIME_ELAPSED:1013.185923
;LAYER:248
;TYPE:FILL
;MESH:bridge.stl
G1 F3600 E1
G1 F9600 X-17.157 Y-2.8 E0.03992
G1 X-16.254 Y-2.216 E0.02616
G1 X-15.351 Y-1.906 E0.02322
G1 X-15.211 Y-1.89 E0.00343
G1 X-15.292 Y-1.106 E0.01917
G1 X-15.331 Y-0.032 E0.02614
G1 X-15.295 Y1.05 E0.02633
G1 X-15.189 Y2.12 E0.02615
G1 X-14.974 Y3.36 E0.03061
G1 X-14.958 Y3.36 E0.00039
G1 X-14.814 Y3.92 E0.01406
G1 X-17.762 Y3.92 E0.0717
G1 X-18.963 Y2.799 E0.03996
G1 X-19.866 Y2.215 E0.02616
G1 X-20.769 Y1.905 E0.02322
G1 X-21.672 Y1.805 E0.0221
G1 X-22.015 Y1.836 E0.00838
G1 F3600 E-1
G0 F12000 X-14.76 Y3.964
G0 X-14.293 Y4.325
;TYPE:WALL-INNER
G1 F3600 E1
G1 F4800 X-14.594 Y3.166 E0.02912
G1 X-14.788 Y2.064 E0.02721
G1 X-14.891 Y1.029 E0.0253
G1 X-14.927 Y-0.025 E0.02565
G1 X-14.888 Y-1.072 E0.02548
G1 X-14.781 Y-2.114 E0.02548
G1 X-14.594 Y-3.166 E0.02599
G1 X-14.291 Y-4.325 E0.02914
G1 X-22.094 Y-4.325 E0.18978
G1 X-22.318 Y-2.873 E0.03573
G1 X-22.415 Y-1.939 E0.02284
G1 X-22.477 Y-.966 E0.02371
G1 X-22.5 Y0.00 E0.0235
G1 X-22.477 Y0.966 E0.0235
G1 X-22.415 Y1.938 E0.02369
G1 X-22.318 Y2.841 E0.02209
G1 X-22.095 Y4.325 E0.0365
G1 X-14.293 Y4.325 E0.18976
G1 F3600 E-1
G0 F12000 X-13.691 Y4.75
;TYPE:WALL-OUTER
G1 F3600 E1
G1 F2400 X-13.922 Y4.059 E0.01772
G1 X-14.187 Y3.04 E0.02561
G1 X-14.363 Y2.04 E0.0247
G1 X-14.466 Y1.013 E0.0251
G1 X-14.502 Y-0.009 E0.02487
G1 X-14.465 Y-1.03 E0.02485
G1 X-14.363 Y-2.04 E0.02469
G1 X-14.187 Y-3.04 E0.0247
G1 X-13.918 Y-4.076 E0.02603
G1 X-13.692 Y-4.75 E0.01729
G1 X-22.423 Y-4.75 E0.21235
G1 X-22.584 Y-3.932 E0.02028
G1 X-22.739 Y-2.928 E0.02471
G1 X-22.838 Y-1.975 E0.0233
G1 X-22.902 Y-.985 E0.02413
G1 X-22.925 Y0.00 E0.02396
G1 X-22.902 Y0.985 E0.02396
G1 X-22.838 Y1.974 E0.0241
G1 X-22.74 Y2.896 E0.02255
G1 X-22.577 Y3.975 E0.02654
G1 X-22.422 Y4.75 E0.01922
G1 X-13.691 Y4.75 E0.21235
G0 F12000 X-13.922 Y4.059
G0 X-13.939 Y3.991
G0 X-15.207 Y3.793
G1 F3600 E-1
G0 F12000 X-14.022 Y4.514
G0 X14.605 Y-2.067
G0 X18.423 Y-3.92
;TYPE:FILL
G1 F3600 E1
G1 F9600 X17.157 Y-2.744 E0.04203
G1 X16.254 Y-2.179 E0.02591
G1 X15.351 Y-1.888 E0.02307
G1 X15.213 Y-1.876 E0.00337
G1 X15.295 Y-1.052 E0.02014
G1 X15.331 Y0.03 E0.02633
G1 X15.292 Y1.106 E0.02619
G1 X15.18 Y2.186 E0.02641
G1 X14.974 Y3.361 E0.02901
G1 X14.958 Y3.361 E0.00039
G1 X14.814 Y3.92 E0.01404
G1 X17.696 Y3.919 E0.07009
G1 X18.963 Y2.743 E0.04204
G1 X19.866 Y2.178 E0.02591
G1 X20.769 Y1.887 E0.02307
G1 X21.672 Y1.805 E0.02205
G1 X22.016 Y1.843 E0.00842
G1 F3600 E-1
G0 F12000 X14.76 Y3.964
G0 X14.291 Y4.325
;TYPE:WALL-INNER
G1 F3600 E1
G1 F4800 X22.093 Y4.323 E0.18976
G1 X22.318 Y2.873 E0.03569
G1 X22.415 Y1.939 E0.02284
G1 X22.477 Y0.966 E0.02371
G1 X22.5 Y0.00 E0.0235
G1 X22.48 Y-.899 E0.02187
G1 X22.415 Y-1.942 E0.02542
G1 X22.318 Y-2.841 E0.02199
G1 X22.097 Y-4.325 E0.03649
G1 X14.289 Y-4.325 E0.1899
G1 X14.594 Y-3.167 E0.02912
G1 X14.788 Y-2.068 E0.02714
G1 X14.891 Y-1.029 E0.02539
G1 X14.927 Y0.025 E0.02565
G1 X14.888 Y1.072 E0.02548
G1 X14.781 Y2.114 E0.02548
G1 X14.594 Y3.166 E0.02599
G1 X14.291 Y4.325 E0.02914
G1 F3600 E-1
G0 F12000 X13.692 Y4.75
;TYPE:WALL-OUTER
G1 F3600 E1
G1 F2400 X22.422 Y4.749 E0.21233
G1 X22.583 Y3.932 E0.02025
G1 X22.739 Y2.928 E0.02471
G1 X22.838 Y1.975 E0.0233
G1 X22.902 Y0.985 E0.02413
G1 X22.925 Y0.00 E0.02396
G1 X22.902 Y-.989 E0.02406
G1 X22.838 Y-1.978 E0.0241
G1 X22.74 Y-2.896 E0.02245
G1 X22.577 Y-3.979 E0.02664
G1 X22.423 Y-4.75 E0.01912
G1 X13.691 Y-4.75 E0.21238
G1 X13.918 Y-4.068 E0.01748
G1 X14.187 Y-3.04 E0.02584
G1 X14.363 Y-2.044 E0.0246
G1 X14.466 Y-1.013 E0.0252
G1 X14.502 Y0.009 E0.02487
G1 X14.465 Y1.03 E0.02485
G1 X14.363 Y2.04 E0.02469
G1 X14.187 Y3.04 E0.0247
G1 X13.918 Y4.076 E0.02603
G1 X13.692 Y4.75 E0.01729
G0 F12000 X14.492 Y4.75
G0 X15.037 Y3.575
G1 F3600 E-1
;MESH:NONMESH
G0 F600 X15.037 Y3.575 Z32.67
G0 F12000 X14.155 Y4.14
G0 X-14.605 Y-2.068
G0 X-18.22 Y-3.92
;TIME_ELAPSED:1017.714853
;LAYER:249
;TYPE:FILL
;MESH:bridge.stl
G1 F3600 E1
G1 F9600 X-17.157 Y-2.91 E0.03566
G1 X-16.254 Y-2.288 E0.02667
G1 X-15.351 Y-1.94 E0.02354
G1 X-14.884 Y-1.87 E0.01149
G1 X-14.97 Y-1.122 E0.01831
G1 X-15.011 Y-0.028 E0.02663
G1 X-14.975 Y1.055 E0.02635
G1 X-14.86 Y2.108 E0.02576
G1 X-14.631 Y3.372 E0.03124
G1 X-14.616 Y3.372 E0.00036
G1 X-14.475 Y3.92 E0.01376
G1 X-17.899 Y3.92 E0.08328
G1 X-18.963 Y2.909 E0.0357
G1 X-19.866 Y2.287 E0.02667
G1 X-20.769 Y1.939 E0.02354
G1 X-21.672 Y1.803 E0.02221
G1 X-21.83 Y1.811 E0.00385
G1 F3600 E-1
G0 F12000 X-14.422 Y3.964
G0 X-13.953 Y4.325
;TYPE:WALL-INNER
G1 F3600 E1
G1 F4800 X-14.254 Y3.166 E0.02912
G1 X-14.455 Y2.072 E0.02705
G1 X-14.571 Y1.029 E0.02552
G1 X-14.607 Y-0.021 E0.02555
G1 X-14.571 Y-1.029 E0.02453
G1 X-14.448 Y-2.119 E0.02668
G1 X-14.254 Y-3.166 E0.0259
G1 X-13.953 Y-4.325 E0.02912
G1 X-21.897 Y-4.325 E0.19321
G1 X-22.126 Y-2.851 E0.03628
G1 X-22.227 Y-1.936 E0.02239
G1 X-22.289 Y-1.001 E0.02279
G1 X-22.312 Y-0.003 E0.02428
G1 X-22.293 Y0.938 E0.02289
G1 X-22.227 Y1.935 E0.0243
G1 X-22.127 Y2.819 E0.02164
G1 X-21.9 Y4.325 E0.03704
G1 X-13.953 Y4.325 E0.19328
G1 F3600 E-1
G0 F12000 X-13.354 Y4.75
;TYPE:WALL-OUTER
G1 F3600 E1
G1 F2400 X-13.578 Y4.075 E0.0173
G1 X-13.846 Y3.042 E0.02596
G1 X-14.033 Y2.025 E0.02515
G1 X-14.145 Y1.033 E0.02428
G1 X-14.182 Y-0.005 E0.02526
G1 X-14.145 Y-1.033 E0.02502
G1 X-14.033 Y-2.025 E0.02428
G1 X-13.842 Y-3.059 E0.02557
G1 X-13.578 Y-4.075 E0.02553
G1 X-13.354 Y-4.75 E0.0173
G1 X-22.226 Y-4.75 E0.21578
G1 X-22.388 Y-3.933 E0.02026
G1 X-22.548 Y-2.907 E0.02526
G1 X-22.65 Y-1.973 E0.02285
G1 X-22.714 Y-1.02 E0.02323
G1 X-22.737 Y-0.003 E0.02474
G1 X-22.718 Y0.957 E0.02335
G1 X-22.656 Y1.9 E0.02298
G1 X-22.544 Y2.907 E0.02464
G1 X-22.381 Y3.973 E0.02623
G1 X-22.226 Y4.75 E0.01927
G1 X-13.354 Y4.75 E0.21578
G0 F12000 X-13.578 Y4.075
G0 X-13.6 Y3.989
G0 X-14.699 Y3.575
G1 F3600 E-1
G0 F12000 X-13.817 Y4.14
G0 X14.391 Y-1.036
G0 X18.55 Y-3.92
;TYPE:FILL
G1 F3600 E1
G1 F9600 X18.06 Y-3.45 E0.01651
G1 X17.157 Y-2.63 E0.02967
G1 X16.254 Y-2.101 E0.02545
G1 X15.351 Y-1.849 E0.0228
G1 X14.889 Y-1.826 E0.01125
G1 X14.975 Y-1.057 E0.01882
G1 X15.011 Y0.026 E0.02635
G1 X14.97 Y1.122 E0.02667
G1 X14.849 Y2.18 E0.0259
G1 X14.631 Y3.372 E0.02947
G1 X14.616 Y3.372 E0.00036
G1 X14.475 Y3.92 E0.01376
G1 X17.568 Y3.92 E0.07523
G1 X18.06 Y3.449 E0.01657
G1 X18.963 Y2.629 E0.02967
G1 X19.866 Y2.1 E0.02545
G1 X20.769 Y1.848 E0.0228
G1 X21.672 Y1.803 E0.02199
G1 X21.828 Y1.827 E0.00384
G1 F3600 E-1
G0 F12000 X14.422 Y3.964
G0 X13.953 Y4.325
;TYPE:WALL-INNER
G1 F3600 E1
G1 F4800 X21.897 Y4.325 E0.19321
G1 X22.126 Y2.851 E0.03628
G1 X22.227 Y1.936 E0.02239
G1 X22.289 Y1.001 E0.02279
G1 X22.312 Y0.003 E0.02428
G1 X22.293 Y-.942 E0.02299
G1 X22.227 Y-1.939 E0.0243
G1 X22.118 Y-2.879 E0.02302
G1 X21.901 Y-4.325 E0.03556
G1 X13.954 Y-4.325 E0.19328
G1 X14.254 Y-3.166 E0.02912
G1 X14.455 Y-2.076 E0.02696
G1 X14.571 Y-1.029 E0.02562
G1 X14.607 Y0.021 E0.02555
G1 X14.571 Y1.029 E0.02453
G1 X14.448 Y2.119 E0.02668
G1 X14.265 Y3.119 E0.02473
G1 X13.953 Y4.325 E0.0303
G1 F3600 E-1
G0 F12000 X13.354 Y4.75
;TYPE:WALL-OUTER
G1 F3600 E1
G1 F2400 X22.226 Y4.75 E0.21578
G1 X22.388 Y3.933 E0.02026
G1 X22.548 Y2.907 E0.02526
G1 X22.65 Y1.973 E0.02285
G1 X22.714 Y1.02 E0.02323
G1 X22.737 Y0.003 E0.02474
G1 X22.718 Y-.961 E0.02345
G1 X22.65 Y-1.977 E0.02477
G1 X22.544 Y-2.907 E0.02277
G1 X22.381 Y-3.978 E0.02635
G1 X22.227 Y-4.75 E0.01915
G1 X13.355 Y-4.75 E0.21578
G1 X13.583 Y-4.063 E0.01761
G1 X13.843 Y-3.059 E0.02522
G1 X14.033 Y-2.028 E0.0255
G1 X14.145 Y-1.032 E0.02438
G1 X14.182 Y0.005 E0.02524
G1 X14.145 Y1.033 E0.02502
G1 X14.033 Y2.025 E0.02428
G1 X13.847 Y3.042 E0.02515
G1 X13.578 Y4.075 E0.02596
G1 X13.354 Y4.75 E0.0173
G0 F12000 X14.154 Y4.75
G0 X14.699 Y3.575
G1 F3600 E-1
;MESH:NONMESH
G0 F600 X14.699 Y3.575 Z32.8
G0 F12000 X13.817 Y4.14
G0 X-14.275 Y-2.071
G0 X-18.075 Y-3.92
;TIME_ELAPSED:1022.279649
;LAYER:250
;TYPE:FILL
;MESH:bridge.stl
G1 F3600 E1
G1 F9600 X-17.157 Y-3.019 E0.03128
G1 X-16.254 Y-2.358 E0.02722
G1 X-15.351 Y-1.97 E0.0239
G1 X-14.553 Y-1.817 E0.01976
G1 X-14.635 Y-1.067 E0.01835
G1 X-14.675 Y-0.031 E0.02522
G1 X-14.635 Y1.063 E0.02663
G1 X-14.523 Y2.113 E0.02568
G1 X-14.296 Y3.37 E0.03107
G1 X-14.281 Y3.37 E0.00036
G1 X-14.139 Y3.92 E0.01382
G1 X-18.044 Y3.92 E0.09498
G1 X-18.963 Y3.018 E0.03132
G1 X-19.866 Y2.357 E0.02722
G1 X-20.769 Y1.969 E0.0239
G1 X-21.635 Y1.803 E0.02145
G1 F3600 E-1
G0 F12000 X-14.085 Y3.964
G0 X-13.617 Y4.325
;TYPE:WALL-INNER
G1 F3600 E1
G1 F4800 X-13.918 Y3.166 E0.02912
G1 X-14.12 Y2.069 E0.02713
G1 X-14.231 Y1.032 E0.02537
G1 X-14.271 Y-0.023 E0.02568
G1 X-14.228 Y-1.078 E0.02568
G1 X-14.12 Y-2.069 E0.02425
G1 X-13.918 Y-3.167 E0.02715
G1 X-13.615 Y-4.325 E0.02911
G1 X-21.705 Y-4.325 E0.19676
G1 X-21.934 Y-2.852 E0.03626
G1 X-22.031 Y-1.937 E0.02238
G1 X-22.097 Y-.964 E0.02372
G1 X-22.12 Y0.00 E0.02345
G1 X-22.097 Y0.964 E0.02345
G1 X-22.031 Y1.936 E0.02369
G1 X-21.93 Y2.852 E0.02241
G1 X-21.708 Y4.325 E0.03623
G1 X-13.617 Y4.325 E0.19679
G1 F3600 E-1
G0 F12000 X-12.999 Y4.75
;TYPE:WALL-OUTER
G1 F3600 E1
G1 F2400 X-13.24 Y4.081 E0.01729
G1 X-13.51 Y3.042 E0.02611
G1 X-13.697 Y2.024 E0.02517
G1 X-13.806 Y1.015 E0.02468
G1 X-13.846 Y-0.006 E0.02485
G1 X-13.805 Y-1.032 E0.02497
G1 X-13.697 Y-2.024 E0.02427
G1 X-13.506 Y-3.06 E0.02562
G1 X-13.239 Y-4.084 E0.02574
G1 X-13 Y-4.75 E0.01721
G1 X-22.034 Y-4.75 E0.21972
G1 X-22.196 Y-3.933 E0.02026
G1 X-22.356 Y-2.907 E0.02526
G1 X-22.454 Y-1.974 E0.02282
G1 X-22.522 Y-.984 E0.02413
G1 X-22.545 Y0.00 E0.02394
G1 X-22.522 Y0.984 E0.02394
G1 X-22.454 Y1.973 E0.02411
G1 X-22.352 Y2.907 E0.02285
G1 X-22.189 Y3.973 E0.02623
G1 X-22.034 Y4.75 E0.01927
G1 X-12.999 Y4.75 E0.21974
G0 F12000 X-13.24 Y4.081
G0 X-13.262 Y3.995
G0 X-14.53 Y3.793
G1 F3600 E-1
G0 F12000 X-13.48 Y4.138
G0 X14.052 Y-1.036
G0 X18.672 Y-3.92
;TYPE:FILL
G1 F3600 E1
G1 F9600 X18.06 Y-3.318 E0.02088
G1 X17.157 Y-2.512 E0.02944
G1 X16.254 Y-2.019 E0.02502
G1 X15.351 Y-1.806 E0.02257
G1 X14.556 Y-1.798 E0.01934
G1 X14.635 Y-1.071 E0.01779
G1 X14.675 Y0.03 E0.0268
G1 X14.635 Y1.065 E0.02519
G1 X14.525 Y2.104 E0.02541
G1 X14.279 Y3.441 E0.03306
G1 X14.142 Y3.919 E0.01209
G1 X17.447 Y3.919 E0.08038
G1 X18.06 Y3.317 E0.0209
G1 X18.963 Y2.511 E0.02944
G1 X19.866 Y2.018 E0.02502
G1 X20.769 Y1.805 E0.02257
G1 X21.635 Y1.796 E0.02106
G1 F3600 E-1
G0 F12000 X14.084 Y3.964
G0 X13.619 Y4.325
;TYPE:WALL-INNER
G1 F3600 E1
G1 F4800 X21.705 Y4.325 E0.19666
G1 X21.934 Y2.852 E0.03626
G1 X22.031 Y1.937 E0.02238
G1 X22.097 Y0.964 E0.02372
G1 X22.12 Y0.00 E0.02345
G1 X22.097 Y-.968 E0.02355
G1 X22.026 Y-1.994 E0.02501
G1 X21.926 Y-2.884 E0.02178
G1 X21.708 Y-4.325 E0.03545
G1 X13.613 Y-4.325 E0.19688
G1 X13.918 Y-3.168 E0.0291
G1 X14.12 Y-2.073 E0.02708
G1 X14.231 Y-1.032 E0.02546
G1 X14.271 Y0.023 E0.02568
G1 X14.228 Y1.078 E0.02568
G1 X14.12 Y2.069 E0.02425
G1 X13.929 Y3.119 E0.02596
G1 X13.619 Y4.325 E0.03029
G1 F3600 E-1
G0 F12000 X13.001 Y4.75
;TYPE:WALL-OUTER
G1 F3600 E1
G1 F2400 X22.034 Y4.75 E0.2197
G1 X22.196 Y3.933 E0.02026
G1 X22.356 Y2.907 E0.02526
G1 X22.454 Y1.974 E0.02282
G1 X22.522 Y0.984 E0.02413
G1 X22.545 Y0.00 E0.02394
G1 X22.522 Y-.988 E0.02404
G1 X22.454 Y-1.977 E0.02411
G1 X22.352 Y-2.907 E0.02275
G1 X22.189 Y-3.978 E0.02635
G1 X22.035 Y-4.75 E0.01915
G1 X12.999 Y-4.75 E0.21977
G1 X13.232 Y-4.101 E0.01677
G1 X13.51 Y-3.042 E0.02663
G1 X13.697 Y-2.027 E0.0251
G1 X13.806 Y-1.015 E0.02476
G1 X13.846 Y0.006 E0.02485
G1 X13.805 Y1.032 E0.02497
G1 X13.697 Y2.024 E0.02427
G1 X13.507 Y3.059 E0.02559
G1 X13.236 Y4.102 E0.02621
G1 X13.001 Y4.75 E0.01676
G0 F12000 X13.801 Y4.75
G0 X14.529 Y3.795
G1 F3600 E-1
;MESH:NONMESH
G0 F600 X14.529 Y3.795 Z32.93
G0 F12000 X13.473 Y4.161
G0 X-13.938 Y-2.071
G0 X-17.939 Y-3.92
;TIME_ELAPSED:1026.853480
;LAYER:251
;TYPE:FILL
;MESH:bridge.stl
G1 F3600 E1
G1 F9600 X-17.157 Y-3.128 E0.02707
G1 X-16.254 Y-2.424 E0.02785
G1 X-15.351 Y-1.997 E0.02429
G1 X-14.448 Y-1.787 E0.02255
G1 X-14.218 Y-1.78 E0.0056
G1 X-14.295 Y-1.121 E0.01614
G1 X-14.335 Y-0.028 E0.0266
G1 X-14.299 Y1.055 E0.02635
G1 X-14.181 Y2.127 E0.02623
G1 X-13.983 Y3.196 E0.02644
G1 X-13.784 Y3.919 E0.01824
G1 X-18.18 Y3.92 E0.10692
G1 X-18.963 Y3.127 E0.0271
G1 X-19.866 Y2.423 E0.02785
G1 X-20.769 Y1.996 E0.02429
G1 X-21.439 Y1.84 E0.01673
G1 F3600 E-1
G0 F12000 X-13.724 Y3.965
G0 X-13.25 Y4.325
;TYPE:WALL-INNER
G1 F3600 E1
G1 F4800 X-13.584 Y3.121 E0.03039
G1 X-13.772 Y2.121 E0.02475
G1 X-13.895 Y1.029 E0.02673
G1 X-13.931 Y-0.021 E0.02555
G1 X-13.895 Y-1.029 E0.02453
G1 X-13.772 Y-2.121 E0.02673
G1 X-13.57 Y-3.179 E0.0262
G1 X-13.25 Y-4.325 E0.02894
G1 X-21.509 Y-4.325 E0.20087
G1 X-21.738 Y-2.851 E0.03628
G1 X-21.839 Y-1.937 E0.02237
G1 X-21.901 Y-.966 E0.02366
G1 X-21.924 Y0.00 E0.0235
G1 X-21.901 Y0.966 E0.0235
G1 X-21.839 Y1.936 E0.02364
G1 X-21.739 Y2.819 E0.02161
G1 X-21.512 Y4.325 E0.03704
G1 X-13.25 Y4.325 E0.20094
G1 F3600 E-1
G0 F12000 X-12.635 Y4.75
;TYPE:WALL-OUTER
G1 F3600 E1
G1 F2400 X-12.876 Y4.081 E0.01729
G1 X-13.166 Y3.043 E0.02621
G1 X-13.357 Y2.025 E0.02519
G1 X-13.469 Y1.033 E0.02428
G1 X-13.506 Y-0.005 E0.02526
G1 X-13.469 Y-1.033 E0.02502
G1 X-13.354 Y-2.043 E0.02472
G1 X-13.166 Y-3.043 E0.02475
G1 X-12.876 Y-4.081 E0.02621
G1 X-12.636 Y-4.75 E0.01729
G1 X-21.838 Y-4.75 E0.22381
G1 X-22 Y-3.933 E0.02026
G1 X-22.16 Y-2.907 E0.02526
G1 X-22.262 Y-1.974 E0.02283
G1 X-22.326 Y-.985 E0.0241
G1 X-22.349 Y0.00 E0.02396
G1 X-22.326 Y0.985 E0.02396
G1 X-22.262 Y1.973 E0.02408
G1 X-22.156 Y2.907 E0.02286
G1 X-21.993 Y3.973 E0.02623
G1 X-21.838 Y4.75 E0.01927
G1 X-12.635 Y4.75 E0.22383
G0 F12000 X-12.876 Y4.081
G0 X-12.899 Y3.996
G0 X-14.176 Y3.802
G1 F3600 E-1
G0 F12000 X-12.971 Y4.514
G0 X13.714 Y-1.036
G0 X18.788 Y-3.92
;TYPE:FILL
G1 F3600 E1
G1 F9600 X18.06 Y-3.183 E0.0252
G1 X17.157 Y-2.39 E0.02923
G1 X16.254 Y-1.933 E0.02461
G1 X15.351 Y-1.759 E0.02237
G1 X14.448 Y-1.787 E0.02197
G1 X14.212 Y-1.842 E0.00589
G1 X14.299 Y-1.058 E0.01919
G1 X14.335 Y0.026 E0.02638
G1 X14.295 Y1.121 E0.02665
G1 X14.17 Y2.199 E0.02639
G1 X13.983 Y3.202 E0.02481
G1 X13.783 Y3.919 E0.0181
G1 X17.331 Y3.919 E0.08629
G1 X18.06 Y3.182 E0.02521
G1 X18.963 Y2.389 E0.02923
G1 X19.866 Y1.932 E0.02461
G1 X20.769 Y1.758 E0.02237
G1 X21.444 Y1.779 E0.01642
G1 F3600 E-1
G0 F12000 X13.724 Y3.965
G0 X13.25 Y4.325
;TYPE:WALL-INNER
G1 F3600 E1
G1 F4800 X21.509 Y4.325 E0.20087
G1 X21.738 Y2.851 E0.03628
G1 X21.839 Y1.937 E0.02237
G1 X21.901 Y0.966 E0.02366
G1 X21.924 Y0.00 E0.0235
G1 X21.904 Y-.899 E0.02187
G1 X21.839 Y-1.939 E0.02534
G1 X21.73 Y-2.879 E0.02302
G1 X21.513 Y-4.325 E0.03556
G1 X13.25 Y-4.325 E0.20097
G1 X13.584 Y-3.121 E0.03039
G1 X13.772 Y-2.121 E0.02475
G1 X13.895 Y-1.029 E0.02673
G1 X13.931 Y0.021 E0.02555
G1 X13.895 Y1.029 E0.02453
G1 X13.772 Y2.121 E0.02673
G1 X13.584 Y3.122 E0.02477
G1 X13.25 Y4.325 E0.03037
G1 F3600 E-1
G0 F12000 X12.636 Y4.75
;TYPE:WALL-OUTER
G1 F3600 E1
G1 F2400 X21.838 Y4.75 E0.22381
G1 X22 Y3.933 E0.02026
G1 X22.16 Y2.907 E0.02526
G1 X22.262 Y1.974 E0.02283
G1 X22.326 Y0.985 E0.0241
G1 X22.349 Y0.00 E0.02396
G1 X22.326 Y-.989 E0.02406
G1 X22.268 Y-1.901 E0.02223
G1 X22.156 Y-2.907 E0.02462
G1 X21.993 Y-3.978 E0.02635
G1 X21.839 Y-4.75 E0.01915
G1 X12.636 Y-4.75 E0.22383
G1 X12.876 Y-4.081 E0.01729
G1 X13.166 Y-3.043 E0.02621
G1 X13.357 Y-2.025 E0.02519
G1 X13.469 Y-1.033 E0.02428
G1 X13.506 Y0.005 E0.02526
G1 X13.469 Y1.033 E0.02502
G1 X13.354 Y2.043 E0.02472
G1 X13.166 Y3.043 E0.02475
G1 X12.876 Y4.081 E0.02621
G1 X12.636 Y4.75 E0.01729
G0 F12000 X13.436 Y4.75
G0 X14.003 Y3.575
G1 F3600 E-1
;MESH:NONMESH
G0 F600 X14.003 Y3.575 Z33.06
G0 F12000 X13.111 Y4.15
G0 X-13.6 Y-2.073
G0 X-17.81 Y-3.92
;TIME_ELAPSED:1031.458409
;LAYER:252
;TYPE:FILL
;MESH:bridge.stl
G1 F3600 E1
G1 F9600 X-17.157 Y-3.237 E0.02298
G1 X-16.254 Y-2.488 E0.02853
G1 X-15.351 Y-2.02 E0.02474
G1 X-14.448 Y-1.773 E0.02277
G1 X-13.87 Y-1.731 E0.01409
G1 X-13.945 Y-1.125 E0.01485
G1 X-13.991 Y-0.032 E0.02661
G1 X-13.952 Y1.055 E0.02645
G1 X-13.823 Y2.133 E0.02641
G1 X-13.615 Y3.215 E0.0268
G1 X-13.417 Y3.92 E0.01781
G1 X-18.309 Y3.92 E0.11898
G1 X-18.963 Y3.236 E0.02302
G1 X-19.866 Y2.487 E0.02853
G1 X-20.769 Y2.019 E0.02474
G1 X-21.241 Y1.89 E0.0119
G1 F3600 E-1
G0 F12000 X-13.357 Y3.965
G0 X-12.881 Y4.325
;TYPE:WALL-INNER
G1 F3600 E1
G1 F4800 X-13.219 Y3.126 E0.0303
G1 X-13.423 Y2.078 E0.02597
G1 X-13.543 Y1.085 E0.02433
G1 X-13.587 Y-0.023 E0.02697
G1 X-13.543 Y-1.085 E0.02585
G1 X-13.423 Y-2.078 E0.02433
G1 X-13.206 Y-3.181 E0.02734
G1 X-12.879 Y-4.325 E0.02894
G1 X-21.292 Y-4.325 E0.20462
G1 X-21.397 Y-3.803 E0.01295
G1 X-21.546 Y-2.852 E0.02341
G1 X-21.643 Y-1.937 E0.02238
G1 X-21.709 Y-.966 E0.02367
G1 X-21.729 Y0.00 E0.0235
G1 X-21.709 Y0.966 E0.0235
G1 X-21.643 Y1.936 E0.02365
G1 X-21.537 Y2.887 E0.02327
G1 X-21.311 Y4.325 E0.0354
G1 X-12.881 Y4.325 E0.20503
G1 F3600 E-1
G0 F12000 X-12.265 Y4.75
;TYPE:WALL-OUTER
G1 F3600 E1
G1 F2400 X-12.513 Y4.065 E0.01772
G1 X-12.802 Y3.045 E0.02578
G1 X-13.001 Y2.027 E0.02523
G1 X-13.121 Y1.034 E0.02433
G1 X-13.162 Y-0.006 E0.02531
G1 X-13.121 Y-1.034 E0.02502
G1 X-12.998 Y-2.045 E0.02477
G1 X-12.802 Y-3.045 E0.02478
G1 X-12.513 Y-4.065 E0.02578
G1 X-12.265 Y-4.75 E0.01772
G1 X-21.639 Y-4.75 E0.22799
G1 X-21.817 Y-3.869 E0.02186
G1 X-21.968 Y-2.907 E0.02368
G1 X-22.066 Y-1.974 E0.02282
G1 X-22.134 Y-.985 E0.02411
G1 X-22.154 Y0.00 E0.02396
G1 X-22.134 Y0.985 E0.02396
G1 X-22.066 Y1.973 E0.02409
G1 X-21.964 Y2.907 E0.02285
G1 X-21.797 Y3.974 E0.02627
G1 X-21.636 Y4.75 E0.01928
G1 X-12.265 Y4.75 E0.22792
G0 F12000 X-12.513 Y4.065
G0 X-12.532 Y3.997
G0 X-13.809 Y3.802
G1 F3600 E-1
G0 F12000 X-12.602 Y4.514
G0 X13.365 Y-1.039
G0 X18.898 Y-3.92
;TYPE:FILL
G1 F3600 E1
G1 F9600 X18.06 Y-3.044 E0.02948
G1 X17.157 Y-2.262 E0.02905
G1 X16.254 Y-1.843 E0.02421
G1 X15.351 Y-1.708 E0.02221
G1 X14.448 Y-1.773 E0.02202
G1 X13.846 Y-1.938 E0.01518
G1 X13.951 Y-1.059 E0.02153
G1 X13.992 Y0.012 E0.02607
G1 X13.945 Y1.125 E0.02709
G1 X13.813 Y2.199 E0.02632
G1 X13.613 Y3.221 E0.02533
G1 X13.418 Y3.919 E0.01763
G1 X17.222 Y3.92 E0.09252
G1 X18.06 Y3.043 E0.0295
G1 X18.963 Y2.261 E0.02905
G1 X19.866 Y1.842 E0.02421
G1 X20.769 Y1.707 E0.02221
G1 X21.25 Y1.742 E0.01173
G1 F3600 E-1
G0 F12000 X13.357 Y3.965
G0 X12.882 Y4.325
;TYPE:WALL-INNER
G1 F3600 E1
G1 F4800 X21.292 Y4.325 E0.20454
G1 X21.397 Y3.803 E0.01295
G1 X21.546 Y2.852 E0.02341
G1 X21.643 Y1.937 E0.02238
G1 X21.709 Y0.966 E0.02367
G1 X21.728 Y0.00 E0.0235
G1 X21.709 Y-.97 E0.0236
G1 X21.638 Y-1.994 E0.02496
G1 X21.542 Y-2.851 E0.02097
G1 X21.314 Y-4.325 E0.03628
G1 X12.881 Y-4.325 E0.2051
G1 X13.215 Y-3.136 E0.03004
G1 X13.423 Y-2.078 E0.02622
G1 X13.543 Y-1.085 E0.02433
G1 X13.588 Y0.01 E0.02665
G1 X13.543 Y1.085 E0.02617
G1 X13.423 Y2.078 E0.02433
G1 X13.206 Y3.181 E0.02734
G1 X12.882 Y4.325 E0.02892
G1 F3600 E-1
G0 F12000 X12.265 Y4.75
;TYPE:WALL-OUTER
G1 F3600 E1
G1 F2400 X21.639 Y4.75 E0.22799
G1 X21.817 Y3.869 E0.02186
G1 X21.968 Y2.907 E0.02368
G1 X22.066 Y1.974 E0.02282
G1 X22.134 Y0.985 E0.02411
G1 X22.153 Y0.00 E0.02396
G1 X22.134 Y-.989 E0.02406
G1 X22.066 Y-1.977 E0.02409
G1 X21.964 Y-2.907 E0.02275
G1 X21.797 Y-3.978 E0.02636
G1 X21.639 Y-4.75 E0.01917
G1 X12.265 Y-4.75 E0.22799
G1 X12.513 Y-4.064 E0.01774
G1 X12.798 Y-3.053 E0.02555
G1 X13.001 Y-2.027 E0.02544
G1 X13.121 Y-1.034 E0.02433
G1 X13.163 Y0.002 E0.02522
G1 X13.121 Y1.034 E0.02512
G1 X12.998 Y2.045 E0.02477
G1 X12.802 Y3.045 E0.02478
G1 X12.513 Y4.065 E0.02578
G1 X12.265 Y4.75 E0.01772
G0 F12000 X13.065 Y4.75
G0 X13.636 Y3.575
G1 F3600 E-1
;MESH:NONMESH
G0 F600 X13.636 Y3.575 Z33.19
G0 F12000 X12.743 Y4.152
G0 X-13.365 Y-1.039
G0 X-17.685 Y-3.92
;TIME_ELAPSED:1036.114454
;LAYER:253
;TYPE:FILL
;MESH:bridge.stl
G1 F3600 E1
G1 F9600 X-17.157 Y-3.347 E0.01895
G1 X-16.254 Y-2.55 E0.02929
G1 X-15.351 Y-2.04 E0.02522
G1 X-14.448 Y-1.755 E0.02303
G1 X-13.513 Y-1.649 E0.02289
G1 X-13.577 Y-1.125 E0.01284
G1 X-13.623 Y-0.032 E0.02661
G1 X-13.584 Y1.055 E0.02645
G1 X-13.455 Y2.135 E0.02645
G1 X-13.248 Y3.21 E0.02663
G1 X-13.045 Y3.92 E0.01796
G1 X-18.434 Y3.92 E0.13107
G1 X-18.963 Y3.346 E0.01899
G1 X-19.866 Y2.549 E0.02929
G1 X-20.769 Y2.039 E0.02522
G1 X-21.038 Y1.954 E0.00686
G1 F3600 E-1
G0 F12000 X-12.985 Y3.965
G0 X-12.507 Y4.325
;TYPE:WALL-INNER
G1 F3600 E1
G1 F4800 X-12.851 Y3.126 E0.03034
G1 X-13.055 Y2.078 E0.02597
G1 X-13.175 Y1.085 E0.02433
G1 X-13.219 Y-0.023 E0.02697
G1 X-13.175 Y-1.085 E0.02585
G1 X-13.055 Y-2.078 E0.02433
G1 X-12.851 Y-3.126 E0.02597
G1 X-12.514 Y-4.324 E0.03027
G1 X-21.11 Y-4.325 E0.20907
G1 X-21.35 Y-2.85 E0.03635
G1 X-21.447 Y-1.937 E0.02233
G1 X-21.513 Y-.964 E0.02372
G1 X-21.536 Y0.00 E0.02345
G1 X-21.513 Y0.964 E0.02345
G1 X-21.447 Y1.936 E0.02369
G1 X-21.346 Y2.849 E0.02234
G1 X-21.113 Y4.325 E0.03634
G1 X-12.507 Y4.325 E0.20931
G1 F3600 E-1
G0 F12000 X-11.874 Y4.75
;TYPE:WALL-OUTER
G1 F3600 E1
G1 F2400 X-12.141 Y4.062 E0.01795
G1 X-12.429 Y3.066 E0.02522
G1 X-12.633 Y2.027 E0.02575
G1 X-12.753 Y1.034 E0.02433
G1 X-12.794 Y-0.006 E0.02531
G1 X-12.753 Y-1.034 E0.02502
G1 X-12.63 Y-2.045 E0.02477
G1 X-12.434 Y-3.045 E0.02478
G1 X-12.166 Y-3.999 E0.0241
G1 X-11.874 Y-4.749 E0.01957
G1 X-21.433 Y-4.75 E0.23249
G1 X-21.602 Y-3.95 E0.01989
G1 X-21.772 Y-2.906 E0.02573
G1 X-21.87 Y-1.974 E0.02279
G1 X-21.938 Y-.984 E0.02413
G1 X-21.961 Y0.00 E0.02394
G1 X-21.938 Y0.984 E0.02394
G1 X-21.87 Y1.973 E0.02411
G1 X-21.768 Y2.906 E0.02283
G1 X-21.598 Y3.972 E0.02625
G1 X-21.436 Y4.75 E0.01933
G1 X-11.874 Y4.75 E0.23256
G0 F12000 X-12.141 Y4.062
G0 X-12.158 Y4.003
G0 X-13.438 Y3.805
G1 F3600 E-1
G0 F12000 X-12.219 Y4.514
G0 X12.999 Y-1.039
G0 X19.01 Y-3.92
;TYPE:FILL
G1 F3600 E1
G1 F9600 X18.06 Y-2.898 E0.03394
G1 X17.157 Y-2.127 E0.02888
G1 X16.254 Y-1.747 E0.02383
G1 X15.351 Y-1.653 E0.02208
G1 X14.448 Y-1.755 E0.0221
G1 X13.464 Y-2.066 E0.0251
G1 X13.584 Y-1.058 E0.02469
G1 X13.623 Y0.03 E0.02648
G1 X13.577 Y1.125 E0.02666
G1 X13.445 Y2.199 E0.02632
G1 X13.247 Y3.213 E0.02513
G1 X13.052 Y3.92 E0.01784
G1 X17.118 Y3.919 E0.09889
G1 X18.06 Y2.897 E0.0338
G1 X18.963 Y2.126 E0.02888
G1 X19.866 Y1.746 E0.02383
G1 X20.769 Y1.652 E0.02208
G1 X21.058 Y1.685 E0.00707
G1 F3600 E-1
G0 F12000 X12.992 Y3.965
G0 X12.514 Y4.324
;TYPE:WALL-INNER
G1 F3600 E1
G1 F4800 X21.109 Y4.324 E0.20904
G1 X21.35 Y2.85 E0.03633
G1 X21.447 Y1.937 E0.02233
G1 X21.513 Y0.964 E0.02372
G1 X21.536 Y0.00 E0.02345
G1 X21.513 Y-.968 E0.02355
G1 X21.442 Y-1.994 E0.02501
G1 X21.341 Y-2.888 E0.02188
G1 X21.113 Y-4.325 E0.03539
G1 X12.507 Y-4.325 E0.20931
G1 X12.837 Y-3.193 E0.02868
G1 X13.055 Y-2.078 E0.02763
G1 X13.175 Y-1.085 E0.02433
G1 X13.219 Y0.023 E0.02697
G1 X13.175 Y1.085 E0.02585
G1 X13.055 Y2.078 E0.02433
G1 X12.851 Y3.126 E0.02597
G1 X12.514 Y4.324 E0.03027
G1 F3600 E-1
G0 F12000 X11.874 Y4.749
;TYPE:WALL-OUTER
G1 F3600 E1
G1 F2400 X21.433 Y4.749 E0.23249
G1 X21.602 Y3.95 E0.01986
G1 X21.772 Y2.906 E0.02573
G1 X21.87 Y1.974 E0.02279
G1 X21.938 Y0.984 E0.02413
G1 X21.961 Y0.00 E0.02394
G1 X21.938 Y-.988 E0.02404
G1 X21.87 Y-1.977 E0.02411
G1 X21.768 Y-2.906 E0.02273
G1 X21.598 Y-3.976 E0.02635
G1 X21.436 Y-4.75 E0.01923
G1 X11.874 Y-4.75 E0.23256
G1 X12.134 Y-4.083 E0.01741
G1 X12.429 Y-3.074 E0.02557
G1 X12.633 Y-2.027 E0.02594
G1 X12.753 Y-1.034 E0.02433
G1 X12.794 Y0.006 E0.02531
G1 X12.753 Y1.034 E0.02502
G1 X12.63 Y2.045 E0.02477
G1 X12.434 Y3.045 E0.02478
G1 X12.166 Y3.999 E0.0241
G1 X11.874 Y4.749 E0.01957
G0 F12000 X12.674 Y4.749
G0 X13.271 Y3.575
G1 F3600 E-1
;MESH:NONMESH
G0 F600 X13.271 Y3.575 Z33.32
G0 F12000 X12.401 Y4.07
G0 X-12.999 Y-1.039
G0 X-17.564 Y-3.92
;TIME_ELAPSED:1040.804337
;LAYER:254
;TYPE:FILL
;MESH:bridge.stl
G1 F3600 E1
G1 F9600 X-17.157 Y-3.46 E0.01494
G1 X-16.254 Y-2.61 E0.03016
G1 X-15.351 Y-2.056 E0.02577
G1 X-14.448 Y-1.733 E0.02333
G1 X-13.545 Y-1.593 E0.02222
G1 X-13.149 Y-1.616 E0.00965
G1 X-13.218 Y-1.062 E0.01358
G1 X-13.259 Y-0.031 E0.0251
G1 X-13.22 Y1.05 E0.02631
G1 X-13.09 Y2.114 E0.02607
G1 X-12.86 Y3.225 E0.02759
G1 X-12.65 Y3.92 E0.01766
G1 X-18.555 Y3.92 E0.14362
G1 X-18.963 Y3.459 E0.01497
G1 X-19.866 Y2.609 E0.03016
G1 X-20.769 Y2.055 E0.02577
G1 X-20.828 Y2.034 E0.00152
G1 F3600 E-1
G0 F12000 X-12.592 Y3.966
G0 X-12.104 Y4.325
;TYPE:WALL-INNER
G1 F3600 E1
G1 F4800 X-12.465 Y3.136 E0.03022
G1 X-12.681 Y2.112 E0.02545
G1 X-12.815 Y1.028 E0.02657
G1 X-12.855 Y-0.023 E0.02558
G1 X-12.81 Y-1.089 E0.02595
G1 X-12.677 Y-2.132 E0.02557
G1 X-12.45 Y-3.194 E0.02641
G1 X-12.096 Y-4.325 E0.02882
G1 X-20.906 Y-4.325 E0.21427
G1 X-21.147 Y-2.847 E0.03642
G1 X-21.251 Y-1.934 E0.02235
G1 X-21.317 Y-.968 E0.02355
G1 X-21.34 Y0.002 E0.0236
G1 X-21.321 Y0.96 E0.0233
G1 X-21.25 Y1.92 E0.02341
G1 X-21.137 Y2.885 E0.02363
G1 X-20.908 Y4.325 E0.03546
G1 X-12.104 Y4.325 E0.21413
G1 F3600 E-1
G0 F12000 X-11.474 Y4.75
;TYPE:WALL-OUTER
G1 F3600 E1
G1 F2400 X-11.735 Y4.077 E0.01756
G1 X-12.044 Y3.07 E0.02562
G1 X-12.269 Y2.003 E0.02652
G1 X-12.389 Y1.031 E0.02382
G1 X-12.43 Y-0.006 E0.02524
G1 X-12.389 Y-1.036 E0.02507
G1 X-12.265 Y-2.024 E0.02422
G1 X-12.044 Y-3.07 E0.026
G1 X-11.73 Y-4.095 E0.02607
G1 X-11.477 Y-4.75 E0.01708
G1 X-21.232 Y-4.75 E0.23726
G1 X-21.398 Y-3.95 E0.01987
G1 X-21.568 Y-2.905 E0.02575
G1 X-21.674 Y-1.973 E0.02281
G1 X-21.742 Y-.988 E0.02401
G1 X-21.765 Y0.001 E0.02406
G1 X-21.746 Y0.98 E0.02382
G1 X-21.679 Y1.904 E0.02253
G1 X-21.564 Y2.906 E0.02453
G1 X-21.394 Y3.972 E0.02625
G1 X-21.232 Y4.75 E0.01933
G1 X-11.474 Y4.75 E0.23733
G0 F12000 X-11.735 Y4.077
G0 X-11.757 Y4.003
G0 X-13.048 Y3.81
G1 F3600 E-1
G0 F12000 X-11.821 Y4.514
G0 X12.633 Y-1.039
G0 X19.128 Y-3.92
;TYPE:FILL
G1 F3600 E1
G1 F9600 X18.963 Y-3.765 E0.00551
G1 X18.06 Y-2.745 E0.03313
G1 X17.157 Y-1.984 E0.02872
G1 X16.254 Y-1.645 E0.02346
G1 X15.351 Y-1.593 E0.022
G1 X14.448 Y-1.733 E0.02222
G1 X13.545 Y-2.056 E0.02333
G1 X13.056 Y-2.356 E0.01395
G1 X13.219 Y-1.051 E0.03199
G1 X13.259 Y0.03 E0.02631
G1 X13.219 Y1.053 E0.0249
G1 X13.085 Y2.144 E0.02673
G1 X12.84 Y3.301 E0.02876
G1 X12.65 Y3.919 E0.01572
G1 X17.019 Y3.92 E0.10626
G1 X18.06 Y2.744 E0.0382
G1 X18.963 Y1.983 E0.02872
G1 X19.866 Y1.644 E0.02346
G1 X20.769 Y1.592 E0.022
G1 X20.867 Y1.607 E0.00241
G1 F3600 E-1
G0 F12000 X12.591 Y3.966
G0 X12.106 Y4.325
;TYPE:WALL-INNER
G1 F3600 E1
G1 F4800 X20.906 Y4.325 E0.21403
G1 X21.147 Y2.847 E0.03642
G1 X21.251 Y1.934 E0.02235
G1 X21.317 Y0.968 E0.02355
G1 X21.34 Y-0.002 E0.0236
G1 X21.321 Y-.964 E0.0234
G1 X21.255 Y-1.868 E0.02205
G1 X21.137 Y-2.883 E0.02485
G1 X20.909 Y-4.325 E0.03551
G1 X12.104 Y-4.325 E0.21415
G1 X12.465 Y-3.136 E0.03022
G1 X12.681 Y-2.112 E0.02545
G1 X12.815 Y-1.032 E0.02647
G1 X12.855 Y0.023 E0.02568
G1 X12.81 Y1.089 E0.02595
G1 X12.677 Y2.132 E0.02557
G1 X12.45 Y3.194 E0.02641
G1 X12.106 Y4.325 E0.02875
G1 F3600 E-1
G0 F12000 X11.477 Y4.75
;TYPE:WALL-OUTER
G1 F3600 E1
G1 F2400 X21.232 Y4.75 E0.23726
G1 X21.398 Y3.95 E0.01987
G1 X21.568 Y2.905 E0.02575
G1 X21.674 Y1.973 E0.02281
G1 X21.742 Y0.988 E0.02401
G1 X21.765 Y-0.001 E0.02406
G1 X21.746 Y-.984 E0.02391
G1 X21.679 Y-1.908 E0.02253
G1 X21.564 Y-2.906 E0.02443
G1 X21.394 Y-3.976 E0.02635
G1 X21.232 Y-4.75 E0.01923
G1 X11.474 Y-4.75 E0.23733
G1 X11.735 Y-4.077 E0.01756
G1 X12.044 Y-3.07 E0.02562
G1 X12.269 Y-2.003 E0.02652
G1 X12.389 Y-1.035 E0.02372
G1 X12.43 Y0.006 E0.02534
G1 X12.389 Y1.036 E0.02507
G1 X12.265 Y2.024 E0.02422
G1 X12.044 Y3.07 E0.026
G1 X11.73 Y4.095 E0.02607
G1 X11.477 Y4.75 E0.01708
G0 F12000 X12.277 Y4.75
G0 X12.872 Y3.575
G1 F3600 E-1
;MESH:NONMESH
G0 F600 X12.872 Y3.575 Z33.45
G0 F12000 X11.966 Y4.162
G0 X-12.633 Y-1.039
G0 X-17.448 Y-3.92
;TIME_ELAPSED:1045.535535
;LAYER:255
;TYPE:FILL
;MESH:bridge.stl
G1 F3600 E1
G1 F9600 X-17.157 Y-3.576 E0.01096
G1 X-16.254 Y-2.667 E0.03116
G1 X-15.351 Y-2.068 E0.02635
G1 X-14.448 Y-1.707 E0.02365
G1 X-13.545 Y-1.528 E0.02239
G1 X-12.772 Y-1.537 E0.0188
G1 X-12.824 Y-1.144 E0.00964
G1 X-12.875 Y-0.036 E0.02698
G1 X-12.831 Y1.06 E0.02668
G1 X-12.692 Y2.138 E0.02644
G1 X-12.44 Y3.306 E0.02906
G1 X-12.252 Y3.92 E0.01562
G1 X-18.672 Y3.92 E0.15614
G1 X-18.963 Y3.575 E0.01098
G1 X-19.866 Y2.666 E0.03116
G1 X-20.612 Y2.171 E0.02177
G1 F3600 E-1
G0 F12000 X-12.191 Y3.966
G0 X-11.703 Y4.326
;TYPE:WALL-INNER
G1 F3600 E1
G1 F4800 X-12.064 Y3.139 E0.03018
G1 X-12.29 Y2.085 E0.02622
G1 X-12.427 Y1.03 E0.02587
G1 X-12.471 Y-0.026 E0.02571
G1 X-12.422 Y-1.094 E0.026
G1 X-12.29 Y-2.086 E0.02434
G1 X-12.05 Y-3.194 E0.02757
G1 X-11.701 Y-4.325 E0.02879
G1 X-20.702 Y-4.325 E0.21892
G1 X-20.943 Y-2.847 E0.03642
G1 X-21.047 Y-1.934 E0.02235
G1 X-21.113 Y-.964 E0.02365
G1 X-21.136 Y0.00 E0.02345
G1 X-21.113 Y0.964 E0.02345
G1 X-21.047 Y1.933 E0.02362
G1 X-20.939 Y2.847 E0.02238
G1 X-20.704 Y4.325 E0.0364
G1 X-11.703 Y4.326 E0.21892
G1 F3600 E-1
G0 F12000 X-11.062 Y4.75
;TYPE:WALL-OUTER
G1 F3600 E1
G1 F840 X-11.312 Y4.161 E0.01556
G1 X-11.644 Y3.069 E0.02776
G1 X-11.865 Y2.049 E0.02538
G1 X-12.002 Y1.012 E0.02544
G1 X-12.046 Y-0.007 E0.02481
G1 X-12 Y-1.038 E0.0251
G1 X-11.865 Y-2.049 E0.02481
G1 X-11.644 Y-3.07 E0.02541
G1 X-11.299 Y-4.19 E0.0285
G1 X-11.061 Y-4.75 E0.0148
G1 X-21.028 Y-4.75 E0.24241
G1 F2400 X-21.194 Y-3.95 E0.01987
G1 X-21.364 Y-2.905 E0.02575
G1 X-21.47 Y-1.973 E0.02281
G1 X-21.538 Y-.984 E0.02411
G1 X-21.561 Y0.00 E0.02394
G1 X-21.538 Y0.984 E0.02394
G1 X-21.471 Y1.972 E0.02408
G1 X-21.36 Y2.905 E0.02285
G1 X-21.19 Y3.972 E0.02628
G1 X-21.028 Y4.75 E0.01933
G1 F840 X-11.062 Y4.75 E0.24239
G0 F12000 X-11.312 Y4.161
G0 X-11.358 Y4.008
G0 X-12.647 Y3.81
G1 F3600 E-1
G0 F12000 X-11.539 Y4.255
G0 X12.246 Y-1.042
G0 X19.232 Y-3.92
;TYPE:FILL
G1 F3600 E1
G1 F9600 X18.963 Y-3.649 E0.00929
G1 X18.06 Y-2.58 E0.03403
G1 X17.157 Y-1.832 E0.02852
G1 X16.254 Y-1.538 E0.0231
G1 X15.351 Y-1.528 E0.02196
G1 X14.448 Y-1.707 E0.02239
G1 X13.545 Y-2.068 E0.02365
G1 X12.567 Y-2.717 E0.02855
G1 X12.691 Y-2.142 E0.01431
G1 X12.831 Y-1.064 E0.02644
G1 X12.875 Y0.033 E0.0267
G1 X12.824 Y1.14 E0.02695
G1 X12.69 Y2.146 E0.02468
G1 X12.46 Y3.232 E0.027
G1 X12.249 Y3.92 E0.0175
G1 X16.887 Y3.92 E0.1128
G1 X17.157 Y3.648 E0.00932
G1 X18.06 Y2.579 E0.03403
G1 X18.963 Y1.831 E0.02852
G1 X19.866 Y1.537 E0.0231
G1 X20.669 Y1.528 E0.01953
G1 F3600 E-1
G0 F12000 X12.191 Y3.966
G0 X11.701 Y4.325
;TYPE:WALL-INNER
G1 F3600 E1
G1 F4800 X20.702 Y4.325 E0.21892
G1 X20.943 Y2.847 E0.03642
G1 X21.047 Y1.934 E0.02235
G1 X21.113 Y0.964 E0.02365
G1 X21.136 Y0.00 E0.02345
G1 X21.113 Y-.968 E0.02355
G1 X21.047 Y-1.937 E0.02362
G1 X20.939 Y-2.847 E0.02229
G1 X20.705 Y-4.325 E0.03639
G1 X11.704 Y-4.325 E0.21892
G1 X12.047 Y-3.2 E0.02861
G1 X12.29 Y-2.086 E0.02773
G1 X12.427 Y-1.034 E0.0258
G1 X12.471 Y0.026 E0.0258
G1 X12.422 Y1.089 E0.02588
G1 X12.29 Y2.085 E0.02444
G1 X12.065 Y3.139 E0.02621
G1 X11.701 Y4.325 E0.03017
G1 F3600 E-1
G0 F12000 X11.061 Y4.75
;TYPE:WALL-OUTER
G1 F3600 E1
G1 F840 X21.028 Y4.75 E0.24241
G1 F2400 X21.194 Y3.95 E0.01987
G1 X21.364 Y2.905 E0.02575
G1 X21.47 Y1.973 E0.02281
G1 X21.538 Y0.984 E0.02411
G1 X21.561 Y0.00 E0.02394
G1 X21.538 Y-.988 E0.02404
G1 X21.471 Y-1.976 E0.02408
G1 X21.36 Y-2.905 E0.02276
G1 X21.19 Y-3.976 E0.02637
G1 X21.028 Y-4.75 E0.01923
G1 F840 X11.063 Y-4.75 E0.24236
G1 X11.312 Y-4.161 E0.01555
G1 X11.645 Y-3.058 E0.02802
G1 X11.865 Y-2.05 E0.02509
G1 X12 Y-1.038 E0.02483
G1 X12.046 Y0.007 E0.02544
G1 X12.002 Y1.011 E0.02444
G1 X11.865 Y2.049 E0.02546
G1 X11.644 Y3.07 E0.02541
G1 X11.299 Y4.19 E0.0285
G1 X11.061 Y4.75 E0.0148
G0 F12000 X11.861 Y4.75
G0 X12.472 Y3.575
G1 F3600 E-1
;MESH:NONMESH
G0 F600 X12.472 Y3.575 Z33.58
G0 F12000 X11.537 Y4.259
G0 X-12.246 Y-1.042
G0 X-17.336 Y-3.92
;TIME_ELAPSED:1053.042851
;LAYER:256
;TYPE:FILL
;MESH:bridge.stl
G1 F3600 E1
G1 F9600 X-17.157 Y-3.697 E0.00695
G1 X-16.254 Y-2.723 E0.0323
G1 X-15.351 Y-2.077 E0.027
G1 X-14.448 Y-1.677 E0.02402
G1 X-13.545 Y-1.459 E0.02259
G1 X-12.642 Y-1.423 E0.02198
G1 X-12.377 Y-1.494 E0.00667
G1 X-12.424 Y-1.144 E0.00859
G1 X-12.475 Y-0.036 E0.02698
G1 X-12.431 Y1.06 E0.02668
G1 X-12.291 Y2.142 E0.02654
G1 X-12.058 Y3.231 E0.02709
G1 X-11.835 Y3.92 E0.01761
G1 X-18.784 Y3.92 E0.16901
G1 X-18.963 Y3.696 E0.00697
G1 X-19.866 Y2.722 E0.0323
G1 X-20.387 Y2.35 E0.01557
G1 F3600 E-1
G0 F12000 X-11.774 Y3.967
G0 X-11.28 Y4.324
;TYPE:WALL-INNER
G1 F3600 E1
G1 F4800 X-11.664 Y3.135 E0.03039
G1 X-11.89 Y2.085 E0.02612
G1 X-12.027 Y1.03 E0.02587
G1 X-12.071 Y-0.026 E0.02571
G1 X-12.022 Y-1.094 E0.026
G1 X-11.89 Y-2.086 E0.02434
G1 X-11.637 Y-3.238 E0.02869
G1 X-11.275 Y-4.325 E0.02786
G1 X-20.498 Y-4.325 E0.22432
G1 X-20.739 Y-2.847 E0.03642
G1 X-20.843 Y-1.934 E0.02235
G1 X-20.909 Y-.964 E0.02365
G1 X-20.932 Y0.00 E0.02345
G1 X-20.909 Y0.964 E0.02345
G1 X-20.843 Y1.933 E0.02362
G1 X-20.735 Y2.847 E0.02238
G1 X-20.5 Y4.325 E0.0364
G1 X-11.28 Y4.324 E0.22424
G1 F3600 E-1
G0 F12000 X-10.625 Y4.749
;TYPE:WALL-OUTER
G1 F3600 E1
G1 F840 X-10.914 Y4.074 E0.01786
G1 X-11.249 Y3.045 E0.02632
G1 X-11.465 Y2.049 E0.02479
G1 X-11.602 Y1.012 E0.02544
G1 X-11.646 Y-0.007 E0.02481
G1 X-11.6 Y-1.038 E0.0251
G1 X-11.465 Y-2.05 E0.02483
G1 X-11.234 Y-3.104 E0.02624
G1 X-10.91 Y-4.075 E0.0249
G1 X-10.623 Y-4.75 E0.01784
G1 X-20.824 Y-4.75 E0.2481
G1 F2400 X-20.99 Y-3.95 E0.01987
G1 X-21.16 Y-2.905 E0.02575
G1 X-21.266 Y-1.973 E0.02281
G1 X-21.334 Y-.984 E0.02411
G1 X-21.357 Y0.00 E0.02394
G1 X-21.334 Y0.984 E0.02394
G1 X-21.267 Y1.972 E0.02408
G1 X-21.156 Y2.905 E0.02285
G1 X-20.986 Y3.972 E0.02628
G1 X-20.824 Y4.75 E0.01933
G1 F840 X-10.625 Y4.749 E0.24805
G0 F12000 X-10.914 Y4.074
G0 X-10.934 Y4.012
G0 X-12.235 Y3.82
G1 F3600 E-1
G0 F12000 X-10.982 Y4.515
G0 X11.891 Y0.00
G0 X19.326 Y-3.92
;TYPE:FILL
G1 F3600 E1
G1 F9600 X18.963 Y-3.528 E0.01299
G1 X18.06 Y-2.4 E0.03514
G1 X17.157 Y-1.667 E0.02829
G1 X16.254 Y-1.423 E0.02275
G1 X15.351 Y-1.459 E0.02198
G1 X14.448 Y-1.677 E0.02259
G1 X13.545 Y-2.077 E0.02402
G1 X12.642 Y-2.723 E0.027
G1 X12.024 Y-3.389 E0.0221
G1 X12.291 Y-2.145 E0.03094
G1 X12.431 Y-1.064 E0.02651
G1 X12.475 Y0.033 E0.0267
G1 X12.424 Y1.137 E0.02688
G1 X12.278 Y2.215 E0.02646
G1 X12.049 Y3.261 E0.02604
G1 X11.835 Y3.92 E0.01685
G1 X16.793 Y3.92 E0.12059
G1 X17.157 Y3.527 E0.01303
G1 X18.06 Y2.399 E0.03514
G1 X18.963 Y1.666 E0.02829
G1 X19.866 Y1.422 E0.02275
G1 X20.471 Y1.446 E0.01473
G1 F3600 E-1
G0 F12000 X11.773 Y3.967
G0 X11.274 Y4.325
;TYPE:WALL-INNER
G1 F3600 E1
G1 F4800 X20.498 Y4.325 E0.22434
G1 X20.739 Y2.847 E0.03642
G1 X20.843 Y1.934 E0.02235
G1 X20.909 Y0.964 E0.02365
G1 X20.932 Y0.00 E0.02345
G1 X20.909 Y-.968 E0.02355
G1 X20.843 Y-1.937 E0.02362
G1 X20.735 Y-2.847 E0.02229
G1 X20.501 Y-4.325 E0.03639
G1 X11.278 Y-4.325 E0.22432
G1 X11.664 Y-3.139 E0.03033
G1 X11.89 Y-2.086 E0.02619
G1 X12.027 Y-1.034 E0.0258
G1 X12.071 Y0.026 E0.0258
G1 X12.022 Y1.089 E0.02588
G1 X11.88 Y2.141 E0.02582
G1 X11.637 Y3.233 E0.02721
G1 X11.274 Y4.325 E0.02799
G1 F3600 E-1
G0 F12000 X10.623 Y4.75
;TYPE:WALL-OUTER
G1 F3600 E1
G1 F840 X20.824 Y4.75 E0.2481
G1 F2400 X20.99 Y3.95 E0.01987
G1 X21.16 Y2.905 E0.02575
G1 X21.266 Y1.973 E0.02281
G1 X21.334 Y0.984 E0.02411
G1 X21.357 Y0.00 E0.02394
G1 X21.334 Y-.988 E0.02404
G1 X21.267 Y-1.976 E0.02408
G1 X21.156 Y-2.905 E0.02276
G1 X20.986 Y-3.976 E0.02637
G1 X20.824 Y-4.75 E0.01923
G1 F840 X10.624 Y-4.75 E0.24808
G1 X10.91 Y-4.083 E0.01765
G1 X11.249 Y-3.049 E0.02647
G1 X11.465 Y-2.049 E0.02488
G1 X11.6 Y-1.038 E0.02481
G1 X11.646 Y0.007 E0.02544
G1 X11.602 Y1.011 E0.02444
G1 X11.465 Y2.05 E0.02549
G1 X11.234 Y3.099 E0.02612
G1 X10.91 Y4.075 E0.02501
G1 X10.623 Y4.75 E0.01784
G0 F12000 X11.423 Y4.75
G0 X12.057 Y3.575
G1 F3600 E-1
;MESH:NONMESH
G0 F600 X12.057 Y3.575 Z33.71
G0 F12000 X11.135 Y4.176
G0 X-11.846 Y-1.042
G0 X-17.228 Y-3.92
;TIME_ELAPSED:1060.666612
;LAYER:257
;TYPE:FILL
;MESH:bridge.stl
G1 F3600 E1
G1 F9600 X-17.157 Y-3.826 E0.00287
G1 X-16.254 Y-2.777 E0.03366
G1 X-15.351 Y-2.081 E0.02773
G1 X-14.448 Y-1.642 E0.02442
G1 X-13.545 Y-1.385 E0.02283
G1 X-12.642 Y-1.3 E0.02206
G1 X-11.973 Y-1.439 E0.01662
G1 X-12.027 Y-1.061 E0.00929
G1 X-12.076 Y-0.044 E0.02476
G1 X-12.027 Y1.06 E0.02688
G1 X-11.871 Y2.168 E0.02721
G1 X-11.617 Y3.257 E0.0272
G1 X-12.188 Y3.92 E0.02128
G1 X-18.881 Y3.92 E0.16278
G1 X-19.866 Y2.776 E0.03672
G1 X-20.157 Y2.552 E0.00893
G1 F3600 E-1
G0 F12000 X-11.335 Y3.967
G0 X-10.839 Y4.324
;TYPE:WALL-INNER
G1 F3600 E1
G1 F4800 X-11.225 Y3.152 E0.03001
G1 X-11.473 Y2.097 E0.02636
G1 X-11.623 Y1.033 E0.02613
G1 X-11.671 Y-0.025 E0.02576
G1 X-11.617 Y-1.101 E0.0262
G1 X-11.473 Y-2.101 E0.02457
G1 X-11.209 Y-3.209 E0.0277
G1 X-10.838 Y-4.325 E0.0286
G1 X-20.268 Y-4.325 E0.22935
G1 X-20.376 Y-3.83 E0.01232
G1 X-20.534 Y-2.849 E0.02417
G1 X-20.635 Y-1.934 E0.02239
G1 X-20.705 Y-.963 E0.02368
G1 X-20.728 Y0.00 E0.02343
G1 X-20.705 Y0.963 E0.02343
G1 X-20.63 Y1.987 E0.02497
G1 X-20.531 Y2.848 E0.02108
G1 X-20.365 Y3.886 E0.02557
G1 X-20.268 Y4.325 E0.01093
G1 X-10.839 Y4.324 E0.22933
G1 F3600 E-1
G0 F12000 X-10.185 Y4.749
;TYPE:WALL-OUTER
G1 F3600 E1
G1 F840 X-10.474 Y4.075 E0.01784
G1 X-10.812 Y3.054 E0.02616
G1 X-11.048 Y2.058 E0.02489
G1 X-11.196 Y1.036 E0.02512
G1 X-11.246 Y-0.004 E0.02532
G1 X-11.196 Y-1.04 E0.02523
G1 X-11.048 Y-2.062 E0.02512
G1 X-10.806 Y-3.075 E0.02533
G1 X-10.474 Y-4.075 E0.02563
G1 X-10.187 Y-4.75 E0.01784
G1 X-20.61 Y-4.75 E0.2535
G1 F2400 X-20.794 Y-3.909 E0.02094
G1 X-20.956 Y-2.906 E0.02471
G1 X-21.058 Y-1.973 E0.02283
G1 X-21.13 Y-.983 E0.02414
G1 X-21.153 Y0.00 E0.02391
G1 X-21.13 Y0.983 E0.02391
G1 X-21.052 Y2.035 E0.02566
G1 X-20.952 Y2.906 E0.02132
G1 X-20.786 Y3.949 E0.02569
G1 X-20.61 Y4.75 E0.01995
G1 F840 X-10.185 Y4.749 E0.25355
G0 F12000 X-10.474 Y4.075
G0 X-10.495 Y4.012
G0 X-11.795 Y3.82
G1 F3600 E-1
G0 F12000 X-10.698 Y4.175
G0 X11.493 Y-0.003
G0 X19.411 Y-3.92
;TYPE:FILL
G1 F3600 E1
G1 F9600 X18.963 Y-3.399 E0.01671
G1 X18.06 Y-2.2 E0.03651
G1 X17.157 Y-1.487 E0.02798
G1 X16.254 Y-1.3 E0.02243
G1 X15.351 Y-1.385 E0.02206
G1 X14.448 Y-1.642 E0.02283
G1 X13.545 Y-2.081 E0.02442
G1 X12.642 Y-2.777 E0.02773
G1 X11.659 Y-3.919 E0.03665
G1 X11.397 Y-3.919 E0.00637
G1 X11.618 Y-3.255 E0.01702
G1 X11.87 Y-2.173 E0.02702
G1 X12.027 Y-1.063 E0.02727
G1 X12.076 Y0.044 E0.02695
G1 X12.027 Y1.057 E0.02467
G1 X11.858 Y2.236 E0.02897
G1 X11.62 Y3.247 E0.02526
G1 X11.4 Y3.92 E0.01722
G1 X16.708 Y3.919 E0.1291
G1 X17.157 Y3.398 E0.01673
G1 X18.06 Y2.199 E0.03651
G1 X18.963 Y1.486 E0.02798
G1 X19.866 Y1.299 E0.02243
G1 X20.272 Y1.337 E0.00992
G1 F3600 E-1
G0 F12000 X11.335 Y3.967
G0 X10.84 Y4.325
;TYPE:WALL-INNER
G1 F3600 E1
G1 F4800 X20.268 Y4.324 E0.2293
G1 X20.376 Y3.83 E0.0123
G1 X20.534 Y2.849 E0.02417
G1 X20.635 Y1.934 E0.02239
G1 X20.705 Y0.963 E0.02368
G1 X20.728 Y0.00 E0.02343
G1 X20.705 Y-.967 E0.02353
G1 X20.63 Y-1.992 E0.025
G1 X20.531 Y-2.848 E0.02096
G1 X20.365 Y-3.886 E0.02557
G1 X20.268 Y-4.325 E0.01093
G1 X10.838 Y-4.325 E0.22935
G1 X11.225 Y-3.153 E0.03002
G1 X11.473 Y-2.101 E0.02629
G1 X11.623 Y-1.037 E0.02613
G1 X11.671 Y0.025 E0.02586
G1 X11.617 Y1.097 E0.02611
G1 X11.473 Y2.097 E0.02457
G1 X11.226 Y3.152 E0.02635
G1 X10.84 Y4.325 E0.03003
G1 F3600 E-1
G0 F12000 X10.187 Y4.75
;TYPE:WALL-OUTER
G1 F3600 E1
G1 F840 X20.61 Y4.749 E0.2535
G1 F2400 X20.794 Y3.909 E0.02091
G1 X20.956 Y2.906 E0.02471
G1 X21.058 Y1.973 E0.02283
G1 X21.13 Y0.983 E0.02414
G1 X21.153 Y0.00 E0.02391
G1 X21.13 Y-.988 E0.02404
G1 X21.059 Y-1.976 E0.02409
G1 X20.952 Y-2.906 E0.02277
G1 X20.786 Y-3.949 E0.02569
G1 X20.61 Y-4.75 E0.01995
G1 F840 X10.184 Y-4.75 E0.25358
G1 X10.47 Y-4.083 E0.01765
G1 X10.806 Y-3.076 E0.02582
G1 X11.048 Y-2.062 E0.02535
G1 X11.196 Y-1.04 E0.02512
G1 X11.246 Y0.004 E0.02542
G1 X11.196 Y1.036 E0.02513
G1 X11.048 Y2.058 E0.02512
G1 X10.806 Y3.075 E0.02543
G1 X10.474 Y4.075 E0.02563
G1 X10.187 Y4.75 E0.01784
G0 F12000 X10.987 Y4.75
G0 X11.618 Y3.575
G1 F3600 E-1
;MESH:NONMESH
G0 F600 X11.618 Y3.575 Z33.84
G0 F12000 X10.698 Y4.175
G0 X-11.441 Y-1.046
G0 X-17.122 Y-3.92
;TIME_ELAPSED:1068.385243
;LAYER:258
;TYPE:FILL
;MESH:bridge.stl
G1 F3600 E1
G1 F9600 X-16.254 Y-2.83 E0.03389
G1 X-15.351 Y-2.081 E0.02853
G1 X-14.448 Y-1.603 E0.02485
G1 X-13.545 Y-1.305 E0.02313
G1 X-12.642 Y-1.169 E0.02221
G1 X-11.739 Y-1.288 E0.02215
G1 X-11.532 Y-1.445 E0.00632
G1 X-11.587 Y-1.061 E0.00943
G1 X-11.636 Y-0.049 E0.02464
G1 X-11.587 Y1.068 E0.02719
G1 X-11.42 Y2.234 E0.02865
G1 X-11.319 Y2.661 E0.01067
G1 X-11.739 Y3.26 E0.01779
G1 X-12.265 Y3.92 E0.02053
G1 X-18.997 Y3.92 E0.16373
G1 X-19.866 Y2.829 E0.03392
G1 X-19.924 Y2.781 E0.00183
G1 F3600 E-1
G0 F12000 X-10.886 Y3.968
G0 X-10.373 Y4.325
;TYPE:WALL-INNER
G1 F3600 E1
G1 F4800 X-10.762 Y3.256 E0.02767
G1 X-11.033 Y2.097 E0.02895
G1 X-11.183 Y1.033 E0.02613
G1 X-11.231 Y-0.029 E0.02586
G1 X-11.177 Y-1.101 E0.02611
G1 X-11.033 Y-2.101 E0.02457
G1 X-10.734 Y-3.341 E0.03102
G1 X-10.368 Y-4.325 E0.02553
G1 X-20.073 Y-4.325 E0.23604
G1 X-20.315 Y-2.915 E0.03479
G1 X-20.431 Y-1.932 E0.02407
G1 X-20.501 Y-.964 E0.0236
G1 X-20.52 Y0.00 E0.02345
G1 X-20.501 Y0.964 E0.02345
G1 X-20.431 Y1.932 E0.0236
G1 X-20.319 Y2.895 E0.02358
G1 X-20.075 Y4.325 E0.03528
G1 X-10.373 Y4.325 E0.23597
G1 F3600 E-1
G0 F12000 X-10.007 Y4.087
;TYPE:WALL-OUTER
G1 F3600 E1
G1 F840 X-10.348 Y3.158 E0.02407
G1 X-10.608 Y2.058 E0.02749
G1 X-10.756 Y1.036 E0.02512
G1 X-10.806 Y-0.008 E0.02542
G1 X-10.756 Y-1.04 E0.02513
G1 X-10.608 Y-2.063 E0.02514
G1 X-10.344 Y-3.167 E0.02761
G1 X-10.007 Y-4.091 E0.02392
G1 X-9.922 Y-4.271 E0.00484
G1 X-9.696 Y-4.75 E0.01288
G1 X-10.162 Y-4.75 E0.01133
G1 X-20.394 Y-4.75 E0.24886
G1 F2400 X-20.57 Y-3.948 E0.01997
G1 X-20.736 Y-2.976 E0.02398
G1 X-20.855 Y-1.972 E0.02459
G1 X-20.926 Y-.984 E0.02409
G1 X-20.945 Y0.00 E0.02394
G1 X-20.926 Y0.984 E0.02394
G1 X-20.855 Y1.972 E0.02409
G1 X-20.74 Y2.956 E0.0241
G1 X-20.566 Y3.969 E0.025
G1 X-20.394 Y4.75 E0.01945
G1 F840 X-10.158 Y4.75 E0.24895
G1 X-9.692 Y4.75 E0.01133
G1 X-9.907 Y4.298 E0.01217
G1 X-10.007 Y4.087 E0.00568
G0 F12000 X-10.282 Y3.337
G0 X-11.388 Y3.575
G1 F3600 E-1
G0 F12000 X-10.232 Y4.191
G0 X10.575 Y3.257
G0 X20.078 Y1.2
;TYPE:FILL
G1 F3600 E1
G1 F9600 X19.866 Y1.168 E0.00521
G1 X18.963 Y1.287 E0.02215
G1 X18.06 Y1.972 E0.02757
G1 X17.157 Y3.26 E0.03826
G1 X16.631 Y3.92 E0.02053
G1 X10.949 Y3.92 E0.13819
G1 X11.118 Y3.468 E0.01174
G1 X11.418 Y2.238 E0.03079
G1 X11.587 Y1.057 E0.02902
G1 X11.636 Y0.048 E0.02457
G1 X11.587 Y-1.063 E0.02705
G1 X11.43 Y-2.173 E0.02727
G1 X11.152 Y-3.362 E0.0297
G1 X10.953 Y-3.919 E0.01439
G1 X11.775 Y-3.919 E0.01999
G1 X12.642 Y-2.83 E0.03386
G1 X13.545 Y-2.081 E0.02853
G1 X14.448 Y-1.603 E0.02485
G1 X15.351 Y-1.305 E0.02313
G1 X16.254 Y-1.169 E0.02221
G1 X17.157 Y-1.288 E0.02215
G1 X18.06 Y-1.973 E0.02757
G1 X18.963 Y-3.261 E0.03826
G1 X19.488 Y-3.92 E0.02049
G1 F3600 E-1
G0 F12000 X10.887 Y3.968
G0 X10.373 Y4.325
;TYPE:WALL-INNER
G1 F3600 E1
G1 F4800 X20.073 Y4.325 E0.23592
G1 X20.315 Y2.915 E0.03479
G1 X20.431 Y1.932 E0.02407
G1 X20.501 Y0.964 E0.0236
G1 X20.52 Y0.00 E0.02345
G1 X20.501 Y-.968 E0.02355
G1 X20.431 Y-1.936 E0.0236
G1 X20.319 Y-2.896 E0.02351
G1 X20.074 Y-4.325 E0.03526
G1 X10.374 Y-4.325 E0.23592
G1 X10.761 Y-3.256 E0.02765
G1 X11.033 Y-2.101 E0.02886
G1 X11.183 Y-1.037 E0.02613
G1 X11.231 Y0.029 E0.02595
G1 X11.177 Y1.097 E0.02601
G1 X11.033 Y2.097 E0.02457
G1 X10.734 Y3.341 E0.03112
G1 X10.373 Y4.325 E0.02549
G1 F3600 E-1
G0 F12000 X10.887 Y3.968
G0 X20.155 Y4.448
G0 X20.394 Y4.75
;TYPE:WALL-OUTER
G1 F3600 E1
G1 F2400 X20.57 Y3.948 E0.01997
G1 X20.736 Y2.976 E0.02398
G1 X20.855 Y1.972 E0.02459
G1 X20.926 Y0.984 E0.02409
G1 X20.945 Y0.00 E0.02394
G1 X20.926 Y-.988 E0.02403
G1 X20.855 Y-1.976 E0.02409
G1 X20.74 Y-2.956 E0.024
G1 X20.57 Y-3.952 E0.02457
G1 X20.395 Y-4.75 E0.01987
G1 F840 X10.161 Y-4.75 E0.24891
G1 X9.693 Y-4.75 E0.01138
G1 X9.904 Y-4.307 E0.01193
G1 X10.007 Y-4.091 E0.00582
G1 X10.348 Y-3.158 E0.02416
G1 X10.608 Y-2.062 E0.0274
G1 X10.756 Y-1.04 E0.02512
G1 X10.806 Y0.008 E0.02552
G1 X10.756 Y1.036 E0.02503
G1 X10.608 Y2.058 E0.02512
G1 X10.335 Y3.195 E0.02844
G1 X9.999 Y4.107 E0.02364
G1 X9.921 Y4.272 E0.00444
G1 X9.695 Y4.75 E0.01286
G1 X10.161 Y4.75 E0.01133
G1 X20.394 Y4.75 E0.24888
G0 F12000 X20.565 Y3.969
G0 X19.418 Y3.575
G1 F3600 E-1
;MESH:NONMESH
G0 F600 X19.418 Y3.575 Z33.97
G0 F12000 X10.067 Y4.515
G0 X-10.068 Y4.515
G0 X-12.334 Y3.921
;TIME_ELAPSED:1076.296967
;LAYER:259
;TYPE:FILL
;MESH:bridge.stl
G1 F3600 E1
G1 F9600 X-11.739 Y3.107 E0.02452
G1 X-11.014 Y1.98 E0.03259
G1 X-11.147 Y1.066 E0.02246
G1 X-11.196 Y-0.046 E0.02707
G1 X-11.138 Y-1.15 E0.02689
G1 X-11.081 Y-1.531 E0.00937
G1 X-11.739 Y-1.066 E0.0196
G1 X-12.642 Y-1.028 E0.02198
G1 X-13.545 Y-1.219 E0.02245
G1 X-14.448 Y-1.558 E0.02346
G1 X-15.351 Y-2.077 E0.02533
G1 X-16.254 Y-2.881 E0.02941
G1 X-17.013 Y-3.92 E0.03129
G1 F3600 E-1
G0 F12000 X-10.4 Y3.968
G0 X-9.884 Y4.325
;TYPE:WALL-INNER
G1 F3600 E1
G1 F4800 X-9.933 Y4.193 E0.00342
G1 X-10.31 Y3.171 E0.02649
G1 X-10.411 Y2.785 E0.0097
G1 X-10.574 Y2.163 E0.01564
G1 X-10.743 Y1.033 E0.02779
G1 X-10.791 Y-0.029 E0.02586
G1 X-10.743 Y-1.037 E0.02454
G1 X-10.573 Y-2.165 E0.02774
G1 X-10.444 Y-2.649 E0.01218
G1 X-10.286 Y-3.238 E0.01483
G1 X-9.914 Y-4.234 E0.02586
G1 X-9.88 Y-4.325 E0.00236
G1 X-19.858 Y-4.325 E0.24268
G1 X-20.103 Y-2.901 E0.03514
G1 X-20.224 Y-1.929 E0.02382
G1 X-20.293 Y-.995 E0.02278
G1 X-20.316 Y-0.001 E0.02418
G1 X-20.293 Y0.936 E0.0228
G1 X-20.223 Y1.931 E0.02426
G1 X-20.103 Y2.901 E0.02377
G1 X-19.858 Y4.325 E0.03514
G1 X-9.884 Y4.325 E0.24258
G1 F3600 E-1
G0 F12000 X-9.207 Y4.75
;TYPE:WALL-OUTER
G1 F3600 E1
G1 F840 X-9.368 Y4.409 E0.00917
G1 X-9.519 Y4.088 E0.00863
G1 X-9.891 Y3.088 E0.02595
G1 X-10.099 Y2.293 E0.01999
G1 X-10.168 Y2.029 E0.00664
G1 X-10.316 Y1.037 E0.02439
G1 X-10.366 Y-0.008 E0.02545
G1 X-10.316 Y-1.042 E0.02518
G1 X-10.168 Y-2.03 E0.0243
G1 X-10.103 Y-2.276 E0.00619
G1 X-9.887 Y-3.091 E0.02051
G1 X-9.519 Y-4.091 E0.02592
G1 X-9.371 Y-4.405 E0.00844
G1 X-9.208 Y-4.75 E0.00928
G1 X-20.178 Y-4.75 E0.26681
G1 F2400 X-20.354 Y-3.947 E0.01999
G1 X-20.524 Y-2.963 E0.02429
G1 X-20.647 Y-1.971 E0.02431
G1 X-20.718 Y-1.015 E0.02332
G1 X-20.741 Y-0.001 E0.02467
G1 X-20.718 Y0.956 E0.02328
G1 X-20.647 Y1.971 E0.02475
G1 X-20.524 Y2.963 E0.02431
G1 X-20.35 Y3.968 E0.02481
G1 X-20.178 Y4.75 E0.01947
G1 F840 X-9.207 Y4.75 E0.26683
G0 F12000 X-9.519 Y4.088
G0 X-9.542 Y4.025
G0 X-10.868 Y3.834
G1 F3600 E-1
G0 F12000 X-9.58 Y4.515
G0 X10.128 Y3.149
G0 X19.885 Y1.031
;TYPE:FILL
G1 F3600 E1
G1 F9600 X18.963 Y1.065 E0.02244
G1 X18.06 Y1.703 E0.02689
G1 X17.157 Y3.107 E0.0406
G1 X16.564 Y3.919 E0.02445
G1 X10.465 Y3.92 E0.14834
G1 X10.697 Y3.289 E0.01635
G1 X10.989 Y2.156 E0.02846
G1 X11.138 Y1.146 E0.02483
G1 X11.196 Y0.046 E0.02679
G1 X11.147 Y-1.07 E0.02717
G1 X10.988 Y-2.165 E0.02691
G1 X10.771 Y-2.994 E0.02084
G1 X10.801 Y-2.994 E0.00073
G1 X10.465 Y-3.92 E0.02396
G1 X11.883 Y-3.92 E0.03449
G1 X12.642 Y-2.881 E0.03129
G1 X13.545 Y-2.077 E0.02941
G1 X14.448 Y-1.558 E0.02533
G1 X15.351 Y-1.219 E0.02346
G1 X16.254 Y-1.028 E0.02245
G1 X17.157 Y-1.066 E0.02198
G1 X18.06 Y-1.704 E0.02689
G1 X18.963 Y-3.108 E0.0406
G1 X19.525 Y-3.878 E0.02319
G1 F3600 E-1
G0 F12000 X10.4 Y3.968
G0 X9.884 Y4.325
;TYPE:WALL-INNER
G1 F3600 E1
G1 F4800 X19.857 Y4.324 E0.24256
G1 X20.103 Y2.901 E0.03512
G1 X20.224 Y1.929 E0.02382
G1 X20.293 Y0.995 E0.02278
G1 X20.316 Y0.001 E0.02418
G1 X20.293 Y-.94 E0.02289
G1 X20.224 Y-1.934 E0.02423
G1 X20.104 Y-2.901 E0.0237
G1 X19.859 Y-4.325 E0.03514
G1 X9.88 Y-4.325 E0.2427
G1 X9.91 Y-4.244 E0.0021
G1 X10.286 Y-3.238 E0.02612
G1 X10.444 Y-2.648 E0.01486
G1 X10.573 Y-2.165 E0.01216
G1 X10.743 Y-1.037 E0.02774
G1 X10.791 Y0.029 E0.02595
G1 X10.743 Y1.033 E0.02445
G1 X10.574 Y2.163 E0.02779
G1 X10.412 Y2.781 E0.01554
G1 X10.31 Y3.171 E0.0098
G1 X9.932 Y4.196 E0.02657
G1 X9.884 Y4.325 E0.00335
G1 F3600 E-1
G0 F12000 X9.207 Y4.75
;TYPE:WALL-OUTER
G1 F3600 E1
G1 F840 X20.178 Y4.749 E0.26683
G1 F2400 X20.354 Y3.947 E0.01997
G1 X20.524 Y2.963 E0.02429
G1 X20.647 Y1.971 E0.02431
G1 X20.718 Y1.015 E0.02332
G1 X20.741 Y0.001 E0.02467
G1 X20.718 Y-.96 E0.02338
G1 X20.647 Y-1.975 E0.02475
G1 X20.524 Y-2.963 E0.02422
G1 X20.359 Y-3.928 E0.02381
G1 X20.179 Y-4.75 E0.02047
G1 F840 X9.208 Y-4.75 E0.26683
G1 X9.366 Y-4.416 E0.00899
G1 X9.519 Y-4.091 E0.00874
G1 X9.894 Y-3.069 E0.02648
G1 X10.099 Y-2.293 E0.01952
G1 X10.168 Y-2.03 E0.00661
G1 X10.316 Y-1.042 E0.0243
G1 X10.366 Y0.008 E0.02557
G1 X10.316 Y1.037 E0.02506
G1 X10.168 Y2.029 E0.02439
G1 X10.104 Y2.276 E0.00621
G1 X9.899 Y3.064 E0.0198
G1 X9.511 Y4.107 E0.02707
G1 X9.37 Y4.404 E0.008
G1 X9.207 Y4.75 E0.0093
G0 F12000 X10.007 Y4.75
G0 X10.687 Y3.575
G1 F3600 E-1
;MESH:NONMESH
G0 F600 X10.687 Y3.575 Z34.1
G0 F12000 X9.58 Y4.515
G0 X-9.58 Y4.515
G0 X-12.394 Y3.92
;TIME_ELAPSED:1084.144439
;LAYER:260
;TYPE:FILL
;MESH:bridge.stl
G1 F3600 E1
G1 F9600 X-11.739 Y2.934 E0.02879
G1 X-11.407 Y2.358 E0.01617
G1 X-11.585 Y1.082 E0.03133
G1 X-11.639 Y0.002 E0.0263
G1 X-11.594 Y-.901 E0.02199
G1 X-11.739 Y-.813 E0.00413
G1 X-12.642 Y-.877 E0.02202
G1 X-13.545 Y-1.127 E0.02279
G1 X-14.448 Y-1.509 E0.02385
G1 X-15.351 Y-2.068 E0.02583
G1 X-16.254 Y-2.931 E0.03038
G1 X-16.911 Y-3.92 E0.02888
G1 F3600 E-1
G0 F12000 X-10.172 Y3.416
G0 X-9.786 Y3.315
;TYPE:WALL-INNER
G1 F3600 E1
G1 F4800 X-9.798 Y3.267 E0.0012
G1 X-10.086 Y2.163 E0.02775
G1 X-10.267 Y1.025 E0.02803
G1 X-10.315 Y-0.033 E0.02576
G1 X-10.267 Y-1.025 E0.02416
G1 X-10.086 Y-2.164 E0.02805
G1 X-9.793 Y-3.283 E0.02813
G1 X-9.782 Y-3.324 E0.00103
G1 X-9.746 Y-3.41 E0.00227
G1 X-9.366 Y-4.325 E0.0241
G1 X-9.383 Y-4.325 E0.00041
G1 X-19.641 Y-4.325 E0.24949
G1 X-19.887 Y-2.901 E0.03515
G1 X-20.008 Y-1.93 E0.0238
G1 X-20.077 Y-.963 E0.02358
G1 X-20.1 Y0.00 E0.02343
G1 X-20.077 Y0.963 E0.02343
G1 X-20.008 Y1.93 E0.02358
G1 X-19.887 Y2.901 E0.0238
G1 X-19.641 Y4.325 E0.03515
G1 X-9.383 Y4.325 E0.24949
G1 X-9.37 Y4.325 E0.00032
G1 X-9.736 Y3.437 E0.02336
G1 X-9.786 Y3.315 E0.00321
G1 F3600 E-1
G0 F12000 X-10.172 Y3.416
G0 X-19.724 Y-4.448
G0 X-19.965 Y-4.75
;TYPE:WALL-OUTER
G1 F3600 E1
G1 F2400 X-20.138 Y-3.948 E0.01995
G1 X-20.308 Y-2.963 E0.02431
G1 X-20.431 Y-1.971 E0.02431
G1 X-20.502 Y-.983 E0.02409
G1 X-20.525 Y0.00 E0.02391
G1 X-20.502 Y0.983 E0.02391
G1 X-20.431 Y1.971 E0.02409
G1 X-20.308 Y2.963 E0.02431
G1 X-20.134 Y3.967 E0.02478
G1 X-19.965 Y4.75 E0.01948
G1 F840 X-9.181 Y4.75 E0.26228
G1 X-8.664 Y4.75 E0.01257
G1 X-9.012 Y4.092 E0.0181
G1 X-9.364 Y3.24 E0.02242
G1 X-9.679 Y2.032 E0.03036
G1 X-9.842 Y1.005 E0.02529
G1 X-9.89 Y-0.013 E0.02479
G1 X-9.839 Y-1.032 E0.02481
G1 X-9.674 Y-2.056 E0.02523
G1 X-9.359 Y-3.249 E0.03001
G1 X-8.998 Y-4.113 E0.02277
G1 X-8.662 Y-4.75 E0.01752
G1 X-9.181 Y-4.75 E0.01262
G1 X-19.965 Y-4.75 E0.26228
G0 F12000 X-20.133 Y-3.968
G1 F3600 E-1
G0 F12000 X-19.331 Y-3.799
G0 X-10.029 Y3.885
;TYPE:SKIN
G1 F3600 E1
G1 F2293 X-10.547 Y3.885 E0.01319
G1 F2254.7 X-10.754 Y3.294 E0.01621
G1 F2217.7 X-11.031 Y2.128 E0.03154
G1 F2231.4 X-11.19 Y1.037 E0.02884
G1 F2240.7 X-11.239 Y0.004 E0.02694
G1 X-11.189 Y-1.038 E0.02718
G1 F2236 X-11.033 Y-2.118 E0.02849
G1 F2217.7 X-10.749 Y-3.305 E0.03213
G1 F2245.3 X-10.546 Y-3.884 E0.01595
G1 F2283.3 X-10.026 Y-3.884 E0.01329
G1 F2278.5 X-10.208 Y-3.448 E0.0121
G1 F2268.9 X-10.511 Y-2.273 E0.03122
G1 F2259.4 X-10.705 Y-1.062 E0.03168
G1 F2250 X-10.757 Y-0.007 E0.0274
G1 F2245.3 X-10.708 Y1.036 E0.02714
G1 F2254.7 X-10.516 Y2.246 E0.03172
G1 F2268.9 X-10.215 Y3.436 E0.03158
G1 F2288.1 X-10.029 Y3.885 E0.0124
G0 F12000 X-10.318 Y3.575
G1 F3600 E-1
G0 F12000 X-9.226 Y4.21
G0 X9.601 Y3.306
G0 X19.675 Y0.862
;TYPE:FILL
G1 F3600 E1
G1 F9600 X18.963 Y0.812 E0.01736
G1 X18.06 Y1.363 E0.02573
G1 X17.157 Y2.934 E0.04407
G1 X16.502 Y3.92 E0.02879
G1 X10.956 Y3.919 E0.13489
G1 X11.352 Y2.845 E0.02784
G1 X11.281 Y2.818 E0.00185
G1 X11.429 Y2.195 E0.01557
G1 X11.585 Y1.082 E0.02733
G1 X11.639 Y-0.002 E0.0264
G1 X11.585 Y-1.081 E0.02628
G1 X11.428 Y-2.2 E0.02748
G1 X11.139 Y-3.418 E0.03045
G1 X10.956 Y-3.919 E0.01297
G1 X11.985 Y-3.919 E0.02503
G1 X12.642 Y-2.931 E0.02886
G1 X13.545 Y-2.068 E0.03038
G1 X14.448 Y-1.509 E0.02583
G1 X15.351 Y-1.127 E0.02385
G1 X16.254 Y-.877 E0.02279
G1 X17.157 Y-.813 E0.02202
G1 X18.06 Y-1.364 E0.02573
G1 X18.963 Y-2.935 E0.04407
G1 X19.367 Y-3.543 E0.01775
G1 F3600 E-1
G0 F12000 X19.322 Y3.948
G0 X19.641 Y4.325
;TYPE:WALL-INNER
G1 F3600 E1
G1 F4800 X19.887 Y2.901 E0.03515
G1 X20.008 Y1.93 E0.0238
G1 X20.077 Y0.963 E0.02358
G1 X20.1 Y0.00 E0.02343
G1 X20.077 Y-.967 E0.02353
G1 X20.008 Y-1.934 E0.02358
G1 X19.888 Y-2.901 E0.0237
G1 X19.643 Y-4.325 E0.03514
G1 X9.383 Y-4.325 E0.24954
G1 X9.37 Y-4.325 E0.00032
G1 X9.77 Y-3.344 E0.02577
G1 X9.781 Y-3.317 E0.00071
G1 X9.784 Y-3.307 E0.00025
G1 X10.099 Y-2.099 E0.03036
G1 X10.267 Y-1.025 E0.02644
G1 X10.315 Y0.033 E0.02576
G1 X10.267 Y1.025 E0.02416
G1 X10.099 Y2.099 E0.02644
G1 X9.767 Y3.352 E0.03153
G1 X9.752 Y3.407 E0.00139
G1 X9.707 Y3.514 E0.00282
G1 X9.366 Y4.325 E0.0214
G1 X9.383 Y4.325 E0.00041
G1 X19.641 Y4.325 E0.24949
G1 F3600 E-1
G0 F12000 X19.965 Y4.75
;TYPE:WALL-OUTER
G1 F3600 E1
G1 F2400 X20.138 Y3.948 E0.01995
G1 X20.308 Y2.963 E0.02431
G1 X20.431 Y1.971 E0.02431
G1 X20.502 Y0.983 E0.02409
G1 X20.525 Y0.00 E0.02391
G1 X20.502 Y-.988 E0.02404
G1 X20.431 Y-1.975 E0.02407
G1 X20.308 Y-2.963 E0.02422
G1 X20.134 Y-3.972 E0.0249
G1 X19.966 Y-4.75 E0.01936
G1 F840 X9.181 Y-4.75 E0.26231
G1 X8.664 Y-4.75 E0.01257
G1 X9.012 Y-4.091 E0.01813
G1 X9.36 Y-3.239 E0.02238
G1 X9.679 Y-2.032 E0.03036
G1 X9.842 Y-1.005 E0.02529
G1 X9.89 Y0.013 E0.02479
G1 X9.839 Y1.032 E0.02481
G1 X9.674 Y2.056 E0.02523
G1 X9.359 Y3.244 E0.02989
G1 X9.008 Y4.092 E0.02232
G1 X8.662 Y4.75 E0.01808
G1 X9.181 Y4.75 E0.01262
G1 X19.965 Y4.75 E0.26228
G0 F12000 X20.133 Y3.968
G1 F3600 E-1
G0 F12000 X19.331 Y3.799
G0 X10.027 Y3.883
;TYPE:SKIN
G1 F3600 E1
G1 F2288.1 X10.182 Y3.513 E0.01023
G1 F2222.2 X10.356 Y2.91 E0.01649
G1 F2204.1 X10.511 Y2.273 E0.01736
G1 F2259.4 X10.705 Y1.062 E0.03168
G1 F2250 X10.757 Y-0.004 E0.02769
G1 X10.705 Y-1.066 E0.02758
G1 X10.512 Y-2.274 E0.03174
G1 F2259.4 X10.208 Y-3.439 E0.03111
G1 F2268.9 X10.028 Y-3.883 E0.01233
G1 F2273.7 X10.546 Y-3.883 E0.0133
G1 F2240.7 X10.745 Y-3.317 E0.01563
G1 F2213.1 X11.026 Y-2.173 E0.03107
G1 F2226.8 X11.187 Y-1.064 E0.02938
G1 F2240.7 X11.239 Y-0.015 E0.02736
G1 F2245.3 X11.189 Y1.038 E0.02741
G1 F2236 X11.033 Y2.119 E0.02851
G1 F2208.6 X10.841 Y2.936 E0.02218
G1 F2168.7 X10.867 Y2.969 E0.00113
G1 F2217.7 X10.547 Y3.883 E0.02549
G1 F2288.1 X10.027 Y3.883 E0.01327
G0 F12000 X10.318 Y3.575
G1 F3600 E-1
;MESH:NONMESH
G0 F600 X10.318 Y3.575 Z34.23
G0 F12000 X9.225 Y4.21
G0 X-9.054 Y4.515
G0 X-12.449 Y3.92
;TIME_ELAPSED:1093.415820
;LAYER:261
;TYPE:FILL
;MESH:bridge.stl
G1 F3600 E1
G1 F9600 X-11.739 Y2.729 E0.03372
G1 X-11.1 Y1.412 E0.0356
G1 X-11.144 Y1.116 E0.00728
G1 X-11.196 Y0.002 E0.02712
G1 X-11.161 Y-.742 E0.01812
G1 X-11.739 Y-.516 E0.01509
G1 X-12.642 Y-.714 E0.02248
G1 X-13.545 Y-1.03 E0.02327
G1 X-14.448 Y-1.454 E0.02426
G1 X-15.351 Y-2.054 E0.02637
G1 X-16.254 Y-2.98 E0.03146
G1 X-16.814 Y-3.92 E0.02661
G1 F3600 E-1
G0 F12000 X-19.106 Y-3.948
G0 X-19.432 Y-4.325
;TYPE:WALL-INNER
G1 F3600 E1
G1 F4800 X-19.676 Y-2.866 E0.03598
G1 X-19.792 Y-1.93 E0.02294
G1 X-19.861 Y-.963 E0.02358
G1 X-19.884 Y0.00 E0.02343
G1 X-19.861 Y0.963 E0.02343
G1 X-19.792 Y1.93 E0.02358
G1 X-19.666 Y2.937 E0.02468
G1 X-19.43 Y4.325 E0.03424
G1 X-8.861 Y4.326 E0.25705
G1 X-8.825 Y4.326 E0.00088
G1 X-9.292 Y3.195 E0.02976
G1 X-9.607 Y2.109 E0.0275
G1 X-9.779 Y1.028 E0.02662
G1 X-9.831 Y-0.036 E0.02591
G1 X-9.771 Y-1.101 E0.02594
G1 X-9.607 Y-2.109 E0.02484
G1 X-9.269 Y-3.261 E0.0292
G1 X-8.826 Y-4.325 E0.02803
G1 X-8.861 Y-4.325 E0.00085
G1 X-19.432 Y-4.325 E0.2571
G1 F3600 E-1
G0 F12000 X-19.747 Y-4.75
;TYPE:WALL-OUTER
G1 F3600 E1
G1 F2400 X-19.926 Y-3.947 E0.02001
G1 X-20.092 Y-2.963 E0.02427
G1 X-20.215 Y-1.971 E0.02431
G1 X-20.286 Y-.983 E0.02409
G1 X-20.309 Y0.00 E0.02391
G1 X-20.286 Y0.983 E0.02391
G1 X-20.215 Y1.971 E0.02409
G1 X-20.092 Y2.963 E0.02431
G1 X-19.921 Y3.972 E0.02489
G1 X-19.747 Y4.75 E0.01939
G1 F840 X-8.637 Y4.75 E0.27021
G1 X-8.119 Y4.75 E0.0126
G1 X-8.468 Y4.092 E0.01812
G1 X-8.876 Y3.1 E0.02609
G1 X-9.187 Y2.041 E0.02684
G1 X-9.354 Y1.006 E0.0255
G1 X-9.406 Y-0.014 E0.02484
G1 X-9.351 Y-1.033 E0.02482
G1 X-9.187 Y-2.041 E0.02484
G1 X-8.876 Y-3.1 E0.02684
G1 X-8.457 Y-4.115 E0.02671
G1 X-8.115 Y-4.75 E0.01754
G1 X-8.636 Y-4.75 E0.01267
G1 X-19.747 Y-4.75 E0.27024
G0 F12000 X-19.92 Y-3.97
G1 F3600 E-1
G0 F12000 X-19.117 Y-3.794
G0 X-9.504 Y3.871
;TYPE:SKIN
G1 F3600 E1
G1 F2164.3 X-10.05 Y3.871 E0.01473
G1 F2142.9 X-10.293 Y3.195 E0.01957
G1 F2126 X-10.569 Y2.191 E0.02859
G1 X-10.733 Y1.087 E0.03064
G1 F2134.4 X-10.788 Y0.004 E0.02966
G1 X-10.735 Y-1.075 E0.02954
G1 F2126 X-10.569 Y-2.195 E0.03109
G1 F2117.6 X-10.293 Y-3.199 E0.0287
G1 F2142.9 X-10.05 Y-3.871 E0.01947
G1 F2164.3 X-9.504 Y-3.871 E0.01473
G1 F2168.7 X-9.686 Y-3.426 E0.01294
G1 F2160 X-10.053 Y-2.205 E0.03445
G1 F2151.4 X-10.22 Y-1.143 E0.02917
G1 F2142.9 X-10.284 Y-0.015 E0.03078
G1 X-10.22 Y1.143 E0.03159
G1 F2160 X-10.042 Y2.236 E0.02993
G1 F2173 X-9.718 Y3.347 E0.03109
G1 F2168.7 X-9.504 Y3.871 E0.01523
G0 F12000 X-9.782 Y3.575
G1 F3600 E-1
G0 F12000 X-8.683 Y4.21
G0 X9.113 Y3.164
G0 X19.464 Y0.625
;TYPE:FILL
G1 F3600 E1
G1 F9600 X18.963 Y0.515 E0.01248
G1 X18.06 Y0.868 E0.02358
G1 X17.157 Y2.729 E0.05031
G1 X16.447 Y3.92 E0.03372
G1 X10.466 Y3.92 E0.14547
G1 X10.688 Y3.323 E0.01549
G1 X11.053 Y1.949 E0.03458
G1 X11.02 Y1.949 E0.0008
G1 X11.144 Y1.115 E0.02051
G1 X11.196 Y-0.002 E0.0272
G1 X11.144 Y-1.116 E0.02712
G1 X11.021 Y-1.947 E0.02043
G1 X11.054 Y-1.947 E0.0008
G1 X10.686 Y-3.332 E0.03485
G1 X10.47 Y-3.92 E0.01524
G1 X12.082 Y-3.92 E0.03921
G1 X12.642 Y-2.98 E0.02661
G1 X13.545 Y-2.054 E0.03146
G1 X14.448 Y-1.454 E0.02637
G1 X15.351 Y-1.03 E0.02426
G1 X16.254 Y-.714 E0.02327
G1 X17.157 Y-.516 E0.02248
G1 X18.06 Y-.869 E0.02358
G1 X18.963 Y-2.73 E0.05031
G1 X19.217 Y-3.157 E0.01208
G1 F3600 E-1
G0 F12000 X19.106 Y3.948
G0 X19.432 Y4.325
;TYPE:WALL-INNER
G1 F3600 E1
G1 F4800 X19.676 Y2.866 E0.03598
G1 X19.792 Y1.93 E0.02294
G1 X19.861 Y0.963 E0.02358
G1 X19.884 Y0.00 E0.02343
G1 X19.861 Y-.967 E0.02353
G1 X19.792 Y-1.934 E0.02358
G1 X19.672 Y-2.902 E0.02372
G1 X19.431 Y-4.325 E0.0351
G1 X8.862 Y-4.325 E0.25705
G1 X8.826 Y-4.325 E0.00088
G1 X9.292 Y-3.195 E0.02973
G1 X9.607 Y-2.109 E0.0275
G1 X9.779 Y-1.028 E0.02662
G1 X9.831 Y0.036 E0.02591
G1 X9.771 Y1.101 E0.02594
G1 X9.607 Y2.109 E0.02484
G1 X9.269 Y3.261 E0.0292
G1 X8.826 Y4.325 E0.02803
G1 X8.861 Y4.325 E0.00085
G1 X19.432 Y4.325 E0.2571
G1 F3600 E-1
G0 F12000 X19.747 Y4.75
;TYPE:WALL-OUTER
G1 F3600 E1
G1 F2400 X19.926 Y3.947 E0.02001
G1 X20.092 Y2.963 E0.02427
G1 X20.215 Y1.971 E0.02431
G1 X20.286 Y0.983 E0.02409
G1 X20.309 Y0.00 E0.02391
G1 X20.286 Y-.988 E0.02404
G1 X20.215 Y-1.975 E0.02407
G1 X20.092 Y-2.963 E0.02422
G1 X19.921 Y-3.977 E0.02501
G1 X19.747 Y-4.75 E0.01927
G1 F840 X8.637 Y-4.75 E0.27021
G1 X8.117 Y-4.75 E0.01265
G1 X8.468 Y-4.092 E0.01814
G1 X8.876 Y-3.1 E0.02609
G1 X9.187 Y-2.041 E0.02684
G1 X9.354 Y-1.006 E0.0255
G1 X9.406 Y0.014 E0.02484
G1 X9.351 Y1.033 E0.02482
G1 X9.187 Y2.041 E0.02484
G1 X8.876 Y3.1 E0.02684
G1 X8.457 Y4.115 E0.02671
G1 X8.115 Y4.75 E0.01754
G1 X8.636 Y4.75 E0.01267
G1 X19.747 Y4.75 E0.27024
G0 F12000 X19.92 Y3.97
G1 F3600 E-1
G0 F12000 X19.117 Y3.794
G0 X9.504 Y3.87
;TYPE:SKIN
G1 F3600 E1
G1 F2173 X9.686 Y3.426 E0.01289
G1 F2168.7 X10.054 Y2.201 E0.03443
G1 F2160 X10.216 Y1.168 E0.02826
G1 F2151.4 X10.284 Y-0.002 E0.0318
G1 X10.216 Y-1.172 E0.0318
G1 F2164.3 X10.036 Y-2.264 E0.02985
G1 F2177.4 X9.69 Y-3.416 E0.03225
G1 F2168.7 X9.504 Y-3.871 E0.01323
G1 F2164.3 X10.05 Y-3.871 E0.01473
G1 F2142.9 X10.29 Y-3.205 E0.01928
G1 F2126 X10.569 Y-2.192 E0.02885
G1 X10.735 Y-1.075 E0.03101
G1 F2134.4 X10.788 Y-0.015 E0.02903
G1 X10.735 Y1.063 E0.02952
G1 F2126 X10.579 Y2.128 E0.02955
G1 X10.293 Y3.195 E0.03033
G1 F2147.1 X10.05 Y3.87 E0.0195
G1 F2168.7 X9.504 Y3.87 E0.0147
G0 F12000 X9.781 Y3.575
G1 F3600 E-1
;MESH:NONMESH
G0 F600 X9.781 Y3.575 Z34.36
G0 F12000 X8.512 Y4.515
G0 X-8.511 Y4.515
G0 X-12.48 Y3.919
;TIME_ELAPSED:1102.728735
;LAYER:262
;TYPE:FILL
;MESH:bridge.stl
G1 F3600 E1
G1 F9600 X-12.272 Y3.612 E0.00902
G1 X-11.835 Y2.709 E0.0244
G1 X-11.499 Y1.806 E0.02343
G1 X-11.253 Y0.903 E0.02276
G1 X-11.482 Y0.00 E0.02266
G1 X-13.497 Y-.903 E0.0537
G1 X-15.066 Y-1.806 E0.04403
G1 X-16.011 Y-2.709 E0.03179
G1 X-16.623 Y-3.612 E0.02653
G1 X-16.772 Y-3.92 E0.00832
G1 F3600 E-1
G0 F12000 X-18.886 Y-3.947
G0 X-19.183 Y-4.325
;TYPE:WALL-INNER
G1 F3600 E1
G1 F4800 X-19.29 Y-3.862 E0.01156
G1 X-19.455 Y-2.901 E0.02371
G1 X-19.576 Y-1.93 E0.0238
G1 X-19.645 Y-.963 E0.02358
G1 X-19.668 Y0.00 E0.02343
G1 X-19.645 Y0.963 E0.02343
G1 X-19.576 Y1.93 E0.02358
G1 X-19.456 Y2.901 E0.0238
G1 X-19.298 Y3.827 E0.02285
G1 X-19.183 Y4.325 E0.01243
G1 X-8.317 Y4.325 E0.26428
G1 X-8.235 Y4.325 E0.00199
G1 X-8.709 Y3.323 E0.02696
G1 X-9.062 Y2.108 E0.03077
G1 X-9.242 Y1.045 E0.02622
G1 X-9.303 Y0.00 E0.02546
G1 X-9.242 Y-1.045 E0.02546
G1 X-9.044 Y-2.184 E0.02812
G1 X-8.706 Y-3.327 E0.02899
G1 X-8.238 Y-4.324 E0.02679
G1 X-8.318 Y-4.324 E0.00195
G1 X-19.183 Y-4.325 E0.26425
G1 F3600 E-1
G0 F12000 X-19.521 Y-4.75
;TYPE:WALL-OUTER
G1 F3600 E1
G1 F2400 X-19.706 Y-3.946 E0.02007
G1 X-19.876 Y-2.963 E0.02426
G1 X-19.999 Y-1.971 E0.02431
G1 X-20.07 Y-.983 E0.02409
G1 X-20.093 Y0.00 E0.02391
G1 X-20.07 Y0.983 E0.02391
G1 X-19.999 Y1.971 E0.02409
G1 X-19.876 Y2.963 E0.02431
G1 X-19.708 Y3.939 E0.02409
G1 X-19.521 Y4.75 E0.02024
G1 F840 X-8.079 Y4.75 E0.27829
G1 X-7.486 Y4.75 E0.01442
G1 X-7.875 Y4.099 E0.01844
G1 X-8.303 Y3.187 E0.0245
G1 X-8.643 Y2.035 E0.02921
G1 X-8.818 Y1.019 E0.02507
G1 X-8.878 Y-0.015 E0.02519
G1 X-8.815 Y-1.047 E0.02515
G1 X-8.643 Y-2.035 E0.02439
G1 X-8.299 Y-3.194 E0.0294
G1 X-7.863 Y-4.125 E0.025
G1 X-7.488 Y-4.749 E0.01771
G1 X-8.079 Y-4.749 E0.01437
G1 X-19.521 Y-4.75 E0.27829
G0 F12000 X-19.7 Y-3.971
G1 F3600 E-1
G0 F12000 X-18.902 Y-3.785
G0 X-8.963 Y3.86
;TYPE:SKIN
G1 F3600 E1
G1 F2072.9 X-9.549 Y3.859 E0.0165
G1 F2033.9 X-9.755 Y3.337 E0.01611
G1 F2007.4 X-10.07 Y2.15 E0.03571
G1 F2018.7 X-10.243 Y1.068 E0.03168
G1 F2026.3 X-10.298 Y0.017 E0.03032
G1 F2030.1 X-10.243 Y-1.072 E0.03135
G1 F2018.7 X-10.059 Y-2.223 E0.0337
G1 F2000 X-9.755 Y-3.349 E0.03404
G1 F2030.1 X-9.55 Y-3.859 E0.0158
G1 F2065 X-8.967 Y-3.859 E0.01648
G1 F2061.1 X-9.172 Y-3.413 E0.0139
G1 F2053.2 X-9.495 Y-2.302 E0.03289
G1 F2045.5 X-9.705 Y-1.105 E0.03468
G1 F2037.7 X-9.769 Y-0.037 E0.03065
G1 F2033.9 X-9.709 Y1.063 E0.03162
G1 F2037.7 X-9.512 Y2.212 E0.03339
G1 F2045.5 X-9.172 Y3.414 E0.03565
G1 F2061.1 X-8.963 Y3.86 E0.01395
G0 F12000 X-9.227 Y3.575
G1 F3600 E-1
G0 F12000 X-8.085 Y4.232
G0 X9.063 Y-1.058
G0 X12.124 Y-3.919
;TYPE:FILL
G1 F3600 E1
G1 F9600 X12.273 Y-3.612 E0.0083
G1 X12.885 Y-2.709 E0.02653
G1 X13.83 Y-1.806 E0.03179
G1 X15.399 Y-.903 E0.04403
G1 X17.414 Y0.00 E0.0537
G1 X17.643 Y0.903 E0.02266
G1 X17.397 Y1.806 E0.02276
G1 X17.061 Y2.709 E0.02343
G1 X16.624 Y3.612 E0.0244
G1 X16.416 Y3.918 E0.009
G1 X18.868 Y3.918 E0.05964
G1 X19.054 Y2.848 E0.02641
G1 X19.175 Y1.873 E0.0239
G1 X19.241 Y0.938 E0.0228
G1 X19.257 Y0.247 E0.01681
G1 X18.707 Y0.00 E0.01466
G1 X18.478 Y-.903 E0.02266
G1 X18.724 Y-1.806 E0.02276
G1 X19.068 Y-2.726 E0.02389
G1 F3600 E-1
G0 F12000 X18.886 Y3.947
G0 X19.182 Y4.323
;TYPE:WALL-INNER
G1 F3600 E1
G1 F4800 X19.289 Y3.862 E0.01151
G1 X19.455 Y2.901 E0.02372
G1 X19.576 Y1.93 E0.0238
G1 X19.645 Y0.963 E0.02358
G1 X19.668 Y0.00 E0.02343
G1 X19.645 Y-.967 E0.02353
G1 X19.576 Y-1.934 E0.02358
G1 X19.456 Y-2.901 E0.0237
G1 X19.298 Y-3.831 E0.02294
G1 X19.183 Y-4.325 E0.01234
G1 X8.317 Y-4.325 E0.26428
G1 X8.235 Y-4.325 E0.00199
G1 X8.709 Y-3.323 E0.02696
G1 X9.062 Y-2.108 E0.03077
G1 X9.242 Y-1.045 E0.02622
G1 X9.303 Y0.00 E0.02546
G1 X9.242 Y1.045 E0.02546
G1 X9.044 Y2.184 E0.02812
G1 X8.706 Y3.327 E0.02899
G1 X8.238 Y4.324 E0.02679
G1 X8.318 Y4.324 E0.00195
G1 X19.182 Y4.323 E0.26423
G1 F3600 E-1
G0 F12000 X19.521 Y4.749
;TYPE:WALL-OUTER
G1 F3600 E1
G1 F2400 X19.706 Y3.946 E0.02004
G1 X19.876 Y2.963 E0.02426
G1 X19.999 Y1.971 E0.02431
G1 X20.07 Y0.983 E0.02409
G1 X20.093 Y0.00 E0.02391
G1 X20.07 Y-.988 E0.02404
G1 X19.999 Y-1.975 E0.02407
G1 X19.876 Y-2.963 E0.02422
G1 X19.708 Y-3.944 E0.02421
G1 X19.521 Y-4.75 E0.02012
G1 F840 X8.079 Y-4.75 E0.27829
G1 X7.486 Y-4.75 E0.01442
G1 X7.875 Y-4.099 E0.01844
G1 X8.303 Y-3.187 E0.0245
G1 X8.643 Y-2.035 E0.02921
G1 X8.818 Y-1.019 E0.02507
G1 X8.878 Y0.015 E0.02519
G1 X8.815 Y1.047 E0.02515
G1 X8.643 Y2.035 E0.02439
G1 X8.299 Y3.194 E0.0294
G1 X7.863 Y4.125 E0.025
G1 X7.488 Y4.749 E0.01771
G1 X8.079 Y4.749 E0.01437
G1 X19.521 Y4.749 E0.27829
G0 F12000 X19.7 Y3.97
G1 F3600 E-1
G0 F12000 X18.901 Y3.787
G0 X8.967 Y3.858
;TYPE:SKIN
G1 F3600 E1
G1 F2061.1 X9.178 Y3.4 E0.01428
G1 F2053.2 X9.513 Y2.218 E0.03493
G1 F2037.7 X9.713 Y1.025 E0.03465
G1 X9.768 Y0.068 E0.02746
G1 X9.709 Y-1.063 E0.03244
G1 X9.512 Y-2.216 E0.03351
G1 F2049.3 X9.173 Y-3.411 E0.03538
G1 F2061.1 X8.964 Y-3.859 E0.014
G1 F2069 X9.55 Y-3.859 E0.01653
G1 F2030.1 X9.755 Y-3.341 E0.01602
G1 F2003.7 X10.07 Y-2.158 E0.03566
G1 F2018.7 X10.243 Y-1.072 E0.0318
G1 F2030.1 X10.298 Y-0.017 E0.03038
G1 F2033.9 X10.243 Y1.068 E0.03118
G1 F2022.5 X10.076 Y2.125 E0.03088
G1 F2007.4 X9.755 Y3.349 E0.03679
G1 F2030.1 X9.55 Y3.858 E0.01578
G1 F2069 X8.967 Y3.858 E0.01645
G0 F12000 X9.228 Y3.575
G1 F3600 E-1
;MESH:NONMESH
G0 F600 X9.228 Y3.575 Z34.49
G0 F12000 X7.903 Y4.516
G0 X-7.904 Y4.516
G0 X-12.523 Y3.919
;TIME_ELAPSED:1112.047585
;LAYER:263
;TYPE:FILL
;MESH:bridge.stl
G1 F3600 E1
G1 F9600 X-12.329 Y3.612 E0.00883
G1 X-11.934 Y2.709 E0.02397
G1 X-11.666 Y1.806 E0.02291
G1 X-11.567 Y0.903 E0.02209
G1 X-12.078 Y0.00 E0.02523
G1 X-13.714 Y-.903 E0.04545
G1 X-15.115 Y-1.806 E0.04054
G1 X-15.995 Y-2.709 E0.03067
G1 X-16.566 Y-3.612 E0.02598
G1 X-16.701 Y-3.92 E0.00818
G1 F3600 E-1
G0 F12000 X-18.658 Y-3.947
G0 X-18.979 Y-4.325
;TYPE:WALL-INNER
G1 F3600 E1
G1 F4800 X-19.236 Y-2.897 E0.03529
G1 X-19.364 Y-1.893 E0.02462
G1 X-19.429 Y-.964 E0.02265
G1 X-19.452 Y0.00 E0.02345
G1 X-19.429 Y0.963 E0.02343
G1 X-19.36 Y1.929 E0.02355
G1 X-19.236 Y2.897 E0.02374
G1 X-18.978 Y4.325 E0.03529
G1 X-7.717 Y4.324 E0.27388
G1 X-7.616 Y4.324 E0.00246
G1 X-8.101 Y3.288 E0.02782
G1 X-8.491 Y2.127 E0.02979
G1 X-8.687 Y1.131 E0.02469
G1 X-8.755 Y-0.038 E0.02848
G1 X-8.695 Y-1.089 E0.0256
G1 X-8.465 Y-2.21 E0.02783
G1 X-8.129 Y-3.218 E0.02584
G1 X-7.616 Y-4.324 E0.02965
G1 X-7.716 Y-4.324 E0.00243
G1 X-18.979 Y-4.325 E0.27393
G1 F3600 E-1
G0 F12000 X-19.293 Y-4.75
;TYPE:WALL-OUTER
G1 F3600 E1
G1 F2400 X-19.479 Y-3.945 E0.02009
G1 X-19.656 Y-2.962 E0.02429
G1 X-19.787 Y-1.935 E0.02518
G1 X-19.854 Y-.984 E0.02319
G1 X-19.877 Y0.00 E0.02394
G1 X-19.854 Y0.983 E0.02391
G1 X-19.783 Y1.971 E0.02409
G1 X-19.656 Y2.961 E0.02428
G1 X-19.479 Y3.945 E0.02432
G1 X-19.293 Y4.75 E0.02009
G1 F840 X-7.461 Y4.75 E0.28777
G1 X-6.813 Y4.75 E0.01576
G1 X-7.255 Y4.102 E0.01908
G1 X-7.725 Y3.084 E0.02727
G1 X-8.074 Y2.045 E0.02666
G1 X-8.274 Y1.014 E0.02554
G1 X-8.33 Y-0.014 E0.02504
G1 X-8.27 Y-1.05 E0.02524
G1 X-8.062 Y-2.076 E0.02546
G1 X-7.726 Y-3.084 E0.02584
G1 X-7.255 Y-4.102 E0.02728
G1 X-6.813 Y-4.75 E0.01908
G1 X-7.461 Y-4.75 E0.01576
G1 X-19.293 Y-4.75 E0.28777
G0 F12000 X-19.473 Y-3.971
G1 F3600 E-1
G0 F12000 X-18.673 Y-3.787
G0 X-8.369 Y3.841
;TYPE:SKIN
G1 F3600 E1
G1 F1932 X-8.993 Y3.841 E0.01885
G1 F1908.1 X-9.237 Y3.229 E0.02015
G1 F1888.1 X-9.553 Y2.209 E0.03301
G1 F1904.8 X-9.741 Y1.07 E0.03538
G1 F1921.7 X-9.799 Y0.004 E0.03243
G1 F1914.9 X-9.738 Y-1.122 E0.03437
G1 F1894.7 X-9.548 Y-2.213 E0.03412
G1 F1881.5 X-9.241 Y-3.22 E0.03266
G1 F1904.8 X-8.993 Y-3.841 E0.02049
G1 F1932 X-8.37 Y-3.841 E0.01882
G1 F1935.5 X-8.582 Y-3.388 E0.01508
G1 F1942.4 X-8.965 Y-2.218 E0.03699
G1 F1945.9 X-9.168 Y-1.168 E0.03208
G1 F1935.5 X-9.237 Y0.002 E0.03535
G1 F1932 X-9.174 Y1.127 E0.03404
G1 F1942.4 X-8.972 Y2.207 E0.03302
G1 F1935.5 X-8.589 Y3.368 E0.03687
G1 X-8.369 Y3.841 E0.01573
G0 F12000 X-8.62 Y3.575
G1 F3600 E-1
G0 F12000 X-7.459 Y4.245
G0 X8.515 Y-1.062
G0 X12.196 Y-3.919
;TYPE:FILL
G1 F3600 E1
G1 F9600 X12.33 Y-3.612 E0.00815
G1 X12.901 Y-2.709 E0.02598
G1 X13.781 Y-1.806 E0.03067
G1 X15.182 Y-.903 E0.04054
G1 X16.818 Y0.00 E0.04545
G1 X17.329 Y0.903 E0.02523
G1 X17.23 Y1.806 E0.02209
G1 X16.962 Y2.709 E0.02291
G1 X16.567 Y3.612 E0.02397
G1 X16.373 Y3.919 E0.00883
G1 X18.64 Y3.919 E0.05514
G1 X18.838 Y2.818 E0.02721
G1 X18.96 Y1.856 E0.02358
G1 X19.025 Y0.939 E0.02236
G1 X19.057 Y-.435 E0.03343
G1 X18.792 Y-.903 E0.01308
G1 X18.891 Y-1.806 E0.02209
G1 X18.945 Y-1.989 E0.00464
G1 F3600 E-1
G0 F12000 X18.658 Y3.947
G0 X18.977 Y4.324
;TYPE:WALL-INNER
G1 F3600 E1
G1 F4800 X19.236 Y2.897 E0.03527
G1 X19.363 Y1.893 E0.02461
G1 X19.429 Y0.964 E0.02265
G1 X19.452 Y0.00 E0.02345
G1 X19.429 Y-.967 E0.02353
G1 X19.36 Y-1.932 E0.02353
G1 X19.236 Y-2.897 E0.02366
G1 X18.98 Y-4.325 E0.03528
G1 X7.717 Y-4.324 E0.27393
G1 X7.616 Y-4.324 E0.00246
G1 X8.101 Y-3.288 E0.02782
G1 X8.491 Y-2.127 E0.02979
G1 X8.687 Y-1.131 E0.02469
G1 X8.755 Y-0.038 E0.02663
G1 X8.699 Y1.038 E0.02621
G1 X8.487 Y2.129 E0.02703
G1 X8.129 Y3.218 E0.02788
G1 X7.615 Y4.324 E0.02966
G1 X7.716 Y4.324 E0.00246
G1 X18.977 Y4.324 E0.27388
G1 F3600 E-1
G0 F12000 X19.293 Y4.749
;TYPE:WALL-OUTER
G1 F3600 E1
G1 F2400 X19.478 Y3.945 E0.02007
G1 X19.656 Y2.962 E0.0243
G1 X19.787 Y1.935 E0.02518
G1 X19.854 Y0.984 E0.02319
G1 X19.877 Y0.00 E0.02394
G1 X19.854 Y-.988 E0.02404
G1 X19.783 Y-1.975 E0.02407
G1 X19.664 Y-2.908 E0.02288
G1 X19.474 Y-3.972 E0.02629
G1 X19.293 Y-4.75 E0.01943
G1 F840 X7.461 Y-4.75 E0.28777
G1 X6.813 Y-4.75 E0.01576
G1 X7.255 Y-4.102 E0.01908
G1 X7.725 Y-3.084 E0.02727
G1 X8.074 Y-2.045 E0.02666
G1 X8.274 Y-1.014 E0.02554
G1 X8.33 Y0.014 E0.02504
G1 X8.27 Y1.05 E0.02524
G1 X8.062 Y2.076 E0.02546
G1 X7.715 Y3.111 E0.02655
G1 X7.206 Y4.187 E0.02895
G1 X6.815 Y4.75 E0.01667
G1 X7.461 Y4.75 E0.01571
G1 X19.293 Y4.749 E0.28777
G0 F12000 X19.472 Y3.97
G1 F3600 E-1
G0 F12000 X18.673 Y3.787
G0 X8.367 Y3.841
;TYPE:SKIN
G1 F3600 E1
G1 F1935.5 X8.614 Y3.31 E0.01766
G1 F1939 X8.971 Y2.179 E0.0357
G1 F1942.4 X9.168 Y1.164 E0.03107
G1 F1935.5 X9.237 Y-0.002 E0.03523
G1 X9.174 Y-1.127 E0.03398
G1 F1942.4 X8.968 Y-2.221 E0.03345
G1 F1935.5 X8.58 Y-3.394 E0.03726
G1 X8.371 Y-3.84 E0.01485
G1 F1932 X8.993 Y-3.841 E0.01879
G1 F1908.1 X9.237 Y-3.229 E0.02015
G1 F1888.1 X9.553 Y-2.211 E0.03295
G1 F1908.1 X9.741 Y-1.07 E0.03537
G1 F1925.1 X9.799 Y-0.018 E0.03195
G1 X9.741 Y1.059 E0.0327
G1 F1908.1 X9.561 Y2.136 E0.0334
G1 F1891.4 X9.242 Y3.221 E0.0349
G1 F1911.5 X8.993 Y3.841 E0.0204
G1 F1932 X8.367 Y3.841 E0.01891
G0 F12000 X8.616 Y3.575
G1 F3600 E-1
;MESH:NONMESH
G0 F600 X8.616 Y3.575 Z34.62
G0 F12000 X8.307 Y2.126
G0 X-7.459 Y-4.245
G0 X-9.11 Y-3.92
;TIME_ELAPSED:1121.541906
;LAYER:264
;TYPE:FILL
;MESH:bridge.stl
G1 F3600 E1
G1 F9600 X-9.291 Y-3.612 E0.00869
G1 X-9.643 Y-2.709 E0.02357
G1 X-9.851 Y-1.806 E0.02254
G1 X-9.84 Y-.903 E0.02196
G1 X-9.673 Y-.659 E0.00719
G1 X-9.712 Y0.003 E0.01613
G1 X-9.646 Y1.128 E0.02741
G1 X-9.45 Y2.237 E0.02739
G1 X-9.09 Y3.458 E0.03096
G1 X-8.874 Y3.92 E0.0124
G1 X-12.561 Y3.92 E0.08967
G1 X-12.38 Y3.612 E0.00869
G1 X-12.028 Y2.709 E0.02357
G1 X-11.82 Y1.806 E0.02254
G1 X-11.831 Y0.903 E0.02196
G1 X-12.449 Y0.00 E0.02661
G1 X-13.895 Y-.903 E0.04146
G1 X-15.164 Y-1.806 E0.03788
G1 X-15.985 Y-2.709 E0.02968
G1 X-16.515 Y-3.612 E0.02547
G1 X-16.635 Y-3.92 E0.00804
G1 F3600 E-1
G0 F12000 X-18.43 Y-3.947
G0 X-18.749 Y-4.325
;TYPE:WALL-INNER
G1 F3600 E1
G1 F4800 X-19.008 Y-2.901 E0.0352
G1 X-19.132 Y-1.927 E0.02388
G1 X-19.205 Y-.96 E0.02359
G1 X-19.232 Y0.00 E0.02336
G1 X-19.205 Y0.96 E0.02336
G1 X-19.132 Y1.927 E0.02359
G1 X-19.008 Y2.901 E0.02388
G1 X-18.749 Y4.325 E0.0352
G1 X-7.08 Y4.321 E0.28381
G1 X-6.914 Y4.321 E0.00404
G1 X-7.528 Y3.169 E0.03175
G1 X-7.849 Y2.211 E0.02457
G1 X-8.082 Y1.044 E0.02894
G1 X-8.147 Y0.00 E0.02544
G1 X-8.07 Y-1.133 E0.02762
G1 X-7.849 Y-2.21 E0.02674
G1 X-7.532 Y-3.16 E0.02436
G1 X-6.914 Y-4.321 E0.03199
G1 X-7.08 Y-4.321 E0.00404
G1 X-18.749 Y-4.325 E0.28381
G1 F3600 E-1
G0 F12000 X-19.065 Y-4.75
;TYPE:WALL-OUTER
G1 F3600 E1
G1 F2400 X-19.25 Y-3.945 E0.02009
G1 X-19.428 Y-2.965 E0.02423
G1 X-19.555 Y-1.97 E0.0244
G1 X-19.63 Y-.983 E0.02407
G1 X-19.657 Y0.00 E0.02392
G1 X-19.63 Y0.983 E0.02392
G1 X-19.555 Y1.97 E0.02407
G1 X-19.428 Y2.965 E0.0244
G1 X-19.246 Y3.968 E0.02479
G1 X-19.065 Y4.75 E0.01952
G1 F840 X-6.785 Y4.75 E0.29867
G1 X-6.102 Y4.75 E0.01661
G1 X-6.537 Y4.119 E0.01864
G1 X-7.142 Y2.984 E0.03128
G1 X-7.454 Y2.046 E0.02404
G1 X-7.654 Y1.05 E0.02471
G1 X-7.722 Y0.016 E0.0252
G1 X-7.654 Y-1.05 E0.02598
G1 X-7.446 Y-2.076 E0.02546
G1 X-7.129 Y-3.015 E0.0241
G1 X-6.522 Y-4.143 E0.03115
G1 X-6.1 Y-4.75 E0.01798
G1 X-6.785 Y-4.75 E0.01666
G1 X-19.065 Y-4.75 E0.29867
G0 F12000 X-19.244 Y-3.971
G1 F3600 E-1
G0 F12000 X-18.443 Y-3.796
G0 X-7.737 Y3.825
;TYPE:SKIN
G1 F3600 E1
G1 F1836.7 X-8.419 Y3.825 E0.02167
G1 F1806 X-8.656 Y3.296 E0.01874
G1 F1782.2 X-8.986 Y2.215 E0.03702
G1 F1788.1 X-9.188 Y1.077 E0.03773
G1 F1800 X-9.252 Y0.004 E0.03486
G1 X-9.188 Y-1.076 E0.03508
G1 F1791 X-8.997 Y-2.135 E0.03507
G1 F1782.2 X-8.655 Y-3.304 E0.03989
G1 F1800 X-8.42 Y-3.825 E0.01853
G1 F1827.4 X-7.739 Y-3.825 E0.02175
G1 F1824.3 X-8.016 Y-3.31 E0.01871
G1 F1818.2 X-8.369 Y-2.19 E0.0377
G1 F1815.1 X-8.572 Y-1.172 E0.03338
G1 F1809 X-8.651 Y-0.02 E0.03726
G1 F1806 X-8.578 Y1.132 E0.03731
G1 F1815.1 X-8.368 Y2.215 E0.03548
G1 F1821.2 X-8.017 Y3.301 E0.03658
G1 F1830.5 X-7.737 Y3.825 E0.01895
G0 F12000 X-7.965 Y3.575
G1 F3600 E-1
G0 F12000 X-6.741 Y4.258
G0 X6.741 Y4.258
G0 X9.127 Y3.331
;TYPE:FILL
G1 F3600 E1
G1 F9600 X9.412 Y3.919 E0.01589
G1 X16.335 Y3.92 E0.16838
G1 X16.516 Y3.612 E0.00869
G1 X16.868 Y2.709 E0.02357
G1 X17.076 Y1.806 E0.02254
G1 X17.065 Y0.903 E0.02196
G1 X16.447 Y0.00 E0.02661
G1 X15.001 Y-.903 E0.04146
G1 X13.732 Y-1.806 E0.03788
G1 X12.911 Y-2.709 E0.02968
G1 X12.381 Y-3.612 E0.02547
G1 X12.261 Y-3.92 E0.00804
G1 F3600 E-1
G0 F12000 X18.43 Y3.947
G0 X18.749 Y4.325
;TYPE:WALL-INNER
G1 F3600 E1
G1 F4800 X19.008 Y2.901 E0.0352
G1 X19.132 Y1.927 E0.02388
G1 X19.205 Y0.96 E0.02359
G1 X19.232 Y0.00 E0.02336
G1 X19.205 Y-.964 E0.02346
G1 X19.132 Y-1.931 E0.02359
G1 X19.008 Y-2.901 E0.02378
G1 X18.75 Y-4.325 E0.0352
G1 X7.08 Y-4.321 E0.28383
G1 X6.914 Y-4.321 E0.00404
G1 X7.528 Y-3.169 E0.03175
G1 X7.849 Y-2.211 E0.02457
G1 X8.082 Y-1.044 E0.02894
G1 X8.147 Y0.00 E0.02544
G1 X8.07 Y1.133 E0.02762
G1 X7.871 Y2.129 E0.0247
G1 X7.533 Y3.159 E0.02637
G1 X6.914 Y4.321 E0.03202
G1 X7.086 Y4.321 E0.00418
G1 X18.749 Y4.325 E0.28366
G1 F3600 E-1
G0 F12000 X19.065 Y4.75
;TYPE:WALL-OUTER
G1 F3600 E1
G1 F2400 X19.25 Y3.945 E0.02009
G1 X19.428 Y2.965 E0.02423
G1 X19.555 Y1.97 E0.0244
G1 X19.63 Y0.983 E0.02407
G1 X19.657 Y0.00 E0.02392
G1 X19.63 Y-.987 E0.02401
G1 X19.555 Y-1.974 E0.02407
G1 X19.419 Y-3.019 E0.02563
G1 X19.251 Y-3.949 E0.02299
G1 X19.065 Y-4.75 E0.02
G1 F840 X6.785 Y-4.75 E0.29867
G1 X6.102 Y-4.75 E0.01661
G1 X6.537 Y-4.119 E0.01864
G1 X7.142 Y-2.984 E0.03128
G1 X7.454 Y-2.046 E0.02404
G1 X7.654 Y-1.05 E0.02471
G1 X7.722 Y-0.016 E0.0252
G1 X7.654 Y1.05 E0.02598
G1 X7.446 Y2.076 E0.02546
G1 X7.129 Y3.015 E0.0241
G1 X6.522 Y4.143 E0.03115
G1 X6.1 Y4.75 E0.01798
G1 X6.79 Y4.75 E0.01678
G1 X19.065 Y4.75 E0.29855
G0 F12000 X19.244 Y3.971
G1 F3600 E-1
G0 F12000 X18.443 Y3.796
G0 X7.738 Y3.824
;TYPE:SKIN
G1 F3600 E1
G1 F1824.3 X8.016 Y3.305 E0.01884
G1 F1821.2 X8.372 Y2.183 E0.03773
G1 F1818.2 X8.572 Y1.172 E0.03309
G1 F1812.1 X8.651 Y0.02 E0.0372
G1 F1806 X8.578 Y-1.132 E0.03731
G1 F1812.1 X8.368 Y-2.215 E0.03554
G1 F1818.2 X8.011 Y-3.314 E0.0371
G1 F1824.3 X7.738 Y-3.825 E0.01854
G1 F1830.5 X8.419 Y-3.825 E0.02172
G1 F1806 X8.655 Y-3.296 E0.01872
G1 F1782.2 X8.983 Y-2.224 E0.03672
G1 F1785.1 X9.188 Y-1.077 E0.0381
G1 F1794 X9.252 Y-0.004 E0.03497
G1 F1797 X9.188 Y1.077 E0.03518
G1 F1788.1 X8.988 Y2.2 E0.03724
G1 F1779.2 X8.654 Y3.304 E0.03784
G1 F1800 X8.42 Y3.824 E0.01849
G1 F1827.4 X7.738 Y3.824 E0.02178
G0 F12000 X7.965 Y3.575
G1 F3600 E-1
;MESH:NONMESH
G0 F600 X7.965 Y3.575 Z34.75
G0 F12000 X6.741 Y4.258
G0 X-7.688 Y-2.127
G0 X-9.078 Y-3.921
;TIME_ELAPSED:1131.374726
;LAYER:265
;TYPE:FILL
;MESH:bridge.stl
G1 F3600 E1
G1 F9600 X-9.246 Y-3.612 E0.00855
G1 X-9.556 Y-2.709 E0.02322
G1 X-9.707 Y-1.806 E0.02227
G1 X-9.61 Y-.903 E0.02209
G1 X-9.148 Y-.283 E0.01881
G1 X-9.165 Y0.003 E0.00697
G1 X-9.098 Y1.131 E0.02748
G1 X-8.876 Y2.273 E0.0283
G1 X-8.499 Y3.398 E0.02886
G1 X-8.255 Y3.92 E0.01401
G1 X-12.592 Y3.92 E0.10548
G1 X-12.425 Y3.612 E0.00852
G1 X-12.115 Y2.709 E0.02322
G1 X-11.964 Y1.806 E0.02227
G1 X-12.061 Y0.903 E0.02209
G1 X-12.734 Y0.00 E0.02739
G1 X-14.053 Y-.903 E0.03888
G1 X-15.215 Y-1.806 E0.03579
G1 X-15.98 Y-2.709 E0.02878
G1 X-16.47 Y-3.612 E0.02499
G1 X-16.576 Y-3.92 E0.00792
G1 F3600 E-1
G0 F12000 X-18.203 Y-3.947
G0 X-18.522 Y-4.325
;TYPE:WALL-INNER
G1 F3600 E1
G1 F4800 X-18.78 Y-2.897 E0.03529
G1 X-18.904 Y-1.927 E0.02378
G1 X-18.977 Y-.96 E0.02359
G1 X-19.004 Y0.00 E0.02336
G1 X-18.977 Y0.96 E0.02336
G1 X-18.904 Y1.927 E0.02359
G1 X-18.78 Y2.897 E0.02378
G1 X-18.522 Y4.325 E0.03529
G1 X-6.366 Y4.325 E0.29565
G1 X-6.124 Y4.325 E0.00589
G1 X-6.706 Y3.411 E0.02635
G1 X-7.175 Y2.196 E0.03168
G1 X-7.427 Y1.101 E0.02733
G1 X-7.507 Y0.00 E0.02685
G1 X-7.427 Y-1.105 E0.02695
G1 X-7.175 Y-2.194 E0.02719
G1 X-6.705 Y-3.415 E0.03182
G1 X-6.123 Y-4.326 E0.02629
G1 X-6.368 Y-4.326 E0.00596
G1 X-18.522 Y-4.325 E0.2956
G1 F3600 E-1
G0 F12000 X-18.84 Y-4.75
;TYPE:WALL-OUTER
G1 F3600 E1
G1 F2400 X-19.026 Y-3.924 E0.02059
G1 X-19.2 Y-2.961 E0.0238
G1 X-19.327 Y-1.97 E0.0243
G1 X-19.402 Y-.983 E0.02407
G1 X-19.429 Y0.00 E0.02392
G1 X-19.402 Y0.983 E0.02392
G1 X-19.327 Y1.97 E0.02407
G1 X-19.2 Y2.961 E0.0243
G1 X-19.018 Y3.966 E0.02484
G1 X-18.84 Y4.75 E0.01955
G1 F840 X-6.053 Y4.75 E0.311
G1 X-5.239 Y4.75 E0.0198
G1 X-5.743 Y4.131 E0.01941
G1 X-6.334 Y3.195 E0.02692
G1 X-6.772 Y2.053 E0.02975
G1 X-7.006 Y1.023 E0.02569
G1 X-7.082 Y-0.019 E0.02541
G1 X-7.006 Y-1.027 E0.02459
G1 X-6.762 Y-2.086 E0.02643
G1 X-6.334 Y-3.198 E0.02898
G1 X-5.726 Y-4.155 E0.02758
G1 X-5.239 Y-4.75 E0.0187
G1 X-6.054 Y-4.75 E0.01982
G1 X-18.84 Y-4.75 E0.31097
G0 F12000 X-19.015 Y-3.97
G1 F3600 E-1
G0 F12000 X-18.217 Y-3.792
G0 X-7.074 Y3.801
;TYPE:SKIN
G1 F3600 E1
G1 F1690.1 X-7.784 Y3.801 E0.02452
G1 F1671.8 X-8.048 Y3.215 E0.02244
G1 F1651.4 X-8.382 Y2.253 E0.036
G1 F1648.9 X-8.61 Y1.131 E0.04053
G1 F1656.4 X-8.683 Y0.004 E0.0398
G1 X-8.61 Y-1.137 E0.04029
G1 F1651.4 X-8.386 Y-2.235 E0.03961
G1 X-8.054 Y-3.199 E0.03604
G1 F1671.8 X-7.784 Y-3.805 E0.02316
G1 F1690.1 X-7.076 Y-3.804 E0.02445
G1 X-7.156 Y-3.682 E0.00504
G1 F1671.8 X-7.441 Y-2.978 E0.02652
G1 F1666.7 X-7.713 Y-2.234 E0.02774
G1 F1677 X-7.946 Y-1.172 E0.03784
G1 F1669.2 X-8.032 Y-0.024 E0.04026
G1 F1666.7 X-7.952 Y1.151 E0.04125
G1 F1677 X-7.71 Y2.248 E0.0391
G1 F1669.2 X-7.44 Y2.977 E0.02718
G1 F1671.8 X-7.186 Y3.615 E0.02398
G1 F1690.1 X-7.074 Y3.801 E0.0075
G0 F12000 X-7.269 Y3.575
G1 F3600 E-1
G0 F12000 X-5.935 Y4.29
G0 X5.934 Y4.29
G0 X8.737 Y2.686
;TYPE:FILL
G1 F3600 E1
G1 F9600 X8.757 Y2.709 E0.00074
G1 X9.247 Y3.612 E0.02499
G1 X9.353 Y3.921 E0.00795
G1 X16.304 Y3.919 E0.16906
G1 X16.471 Y3.612 E0.0085
G1 X16.781 Y2.709 E0.02322
G1 X16.932 Y1.806 E0.02227
G1 X16.835 Y0.903 E0.02209
G1 X16.162 Y0.00 E0.02739
G1 X14.843 Y-.903 E0.03888
G1 X13.681 Y-1.806 E0.03579
G1 X12.916 Y-2.709 E0.02878
G1 X12.426 Y-3.612 E0.02499
G1 X12.32 Y-3.92 E0.00792
G1 F3600 E-1
G0 F12000 X18.203 Y3.947
G0 X18.52 Y4.324
;TYPE:WALL-INNER
G1 F3600 E1
G1 F4800 X18.78 Y2.897 E0.03528
G1 X18.904 Y1.927 E0.02378
G1 X18.977 Y0.96 E0.02359
G1 X19.004 Y0.00 E0.02336
G1 X18.977 Y-.964 E0.02346
G1 X18.904 Y-1.931 E0.02359
G1 X18.78 Y-2.897 E0.02369
G1 X18.524 Y-4.325 E0.03528
G1 X6.367 Y-4.325 E0.29568
G1 X6.124 Y-4.325 E0.00591
G1 X6.706 Y-3.411 E0.02635
G1 X7.175 Y-2.196 E0.03168
G1 X7.426 Y-1.106 E0.0272
G1 X7.51 Y0.00 E0.02698
G1 X7.426 Y1.102 E0.02688
G1 X7.176 Y2.193 E0.02722
G1 X6.708 Y3.411 E0.03174
G1 X6.123 Y4.326 E0.02641
G1 X6.368 Y4.326 E0.00596
G1 X18.52 Y4.324 E0.29555
G1 F3600 E-1
G0 F12000 X18.84 Y4.749
;TYPE:WALL-OUTER
G1 F3600 E1
G1 F2400 X19.022 Y3.945 E0.02005
G1 X19.2 Y2.961 E0.02432
G1 X19.327 Y1.97 E0.0243
G1 X19.402 Y0.983 E0.02407
G1 X19.429 Y0.00 E0.02392
G1 X19.402 Y-.987 E0.02401
G1 X19.327 Y-1.974 E0.02407
G1 X19.208 Y-2.908 E0.0229
G1 X19.023 Y-3.95 E0.02574
G1 X18.84 Y-4.75 E0.01996
G1 F840 X6.055 Y-4.75 E0.31095
G1 X5.239 Y-4.75 E0.01985
G1 X5.743 Y-4.131 E0.01941
G1 X6.334 Y-3.195 E0.02692
G1 X6.772 Y-2.053 E0.02975
G1 X7.006 Y-1.027 E0.02559
G1 X7.082 Y0.019 E0.02551
G1 X7.006 Y1.023 E0.02449
G1 X6.762 Y2.086 E0.02653
G1 X6.334 Y3.198 E0.02898
G1 X5.726 Y4.155 E0.02758
G1 X5.239 Y4.75 E0.0187
G1 X6.054 Y4.75 E0.01982
G1 X18.84 Y4.749 E0.31097
G0 F12000 X19.016 Y3.969
G1 F3600 E-1
G0 F12000 X18.217 Y3.792
G0 X7.072 Y3.806
;TYPE:SKIN
G1 F3600 E1
G1 F1695.4 X7.186 Y3.619 E0.00754
G1 F1677 X7.441 Y2.976 E0.02408
G1 F1671.8 X7.711 Y2.242 E0.02731
G1 F1682.2 X7.953 Y1.149 E0.03884
G1 F1671.8 X8.032 Y0.024 E0.03938
G1 X7.953 Y-1.154 E0.04122
G1 F1679.6 X7.707 Y-2.255 E0.03921
G1 F1666.7 X7.438 Y-2.984 E0.02721
G1 X7.187 Y-3.616 E0.02382
G1 F1687.5 X7.076 Y-3.8 E0.00743
G1 X7.784 Y-3.8 E0.02449
G1 F1666.7 X8.047 Y-3.222 E0.02224
G1 F1646.3 X8.381 Y-2.26 E0.03611
G1 X8.61 Y-1.138 E0.0406
G1 F1656.4 X8.683 Y-0.004 E0.04004
G1 X8.61 Y1.128 E0.03997
G1 F1651.4 X8.381 Y2.259 E0.04079
G1 F1653.9 X8.048 Y3.214 E0.0357
G1 F1677 X7.781 Y3.805 E0.02257
G1 F1695.4 X7.072 Y3.806 E0.02441
G0 F12000 X7.266 Y3.575
G1 F3600 E-1
;MESH:NONMESH
G0 F600 X7.266 Y3.575 Z34.88
G0 F12000 X5.934 Y4.29
G0 X-7.247 Y-1.075
G0 X-9.052 Y-3.919
;TIME_ELAPSED:1141.566339
;LAYER:266
;TYPE:FILL
;MESH:bridge.stl
G1 F3600 E1
G1 F9600 X-9.205 Y-3.612 E0.00834
G1 X-9.474 Y-2.709 E0.02292
G1 X-9.573 Y-1.806 E0.02209
G1 X-9.405 Y-.903 E0.02234
G1 X-8.699 Y0.00 E0.02788
G1 X-8.55 Y0.11 E0.0045
G1 X-8.482 Y1.146 E0.02525
G1 X-8.257 Y2.273 E0.02795
G1 X-7.902 Y3.336 E0.02726
G1 X-7.586 Y3.921 E0.01617
G1 X-12.62 Y3.921 E0.12243
G1 X-12.466 Y3.612 E0.0084
G1 X-12.197 Y2.709 E0.02292
G1 X-12.098 Y1.806 E0.02209
G1 X-12.266 Y0.903 E0.02234
G1 X-12.972 Y0.00 E0.02788
G1 X-14.195 Y-.903 E0.03697
G1 X-15.267 Y-1.806 E0.03409
G1 X-15.979 Y-2.709 E0.02797
G1 X-16.429 Y-3.612 E0.02454
G1 X-16.521 Y-3.92 E0.00782
G1 F3600 E-1
G0 F12000 X-17.971 Y-3.947
G0 X-18.268 Y-4.325
;TYPE:WALL-INNER
G1 F3600 E1
G1 F4800 X-18.383 Y-3.845 E0.012
G1 X-18.552 Y-2.897 E0.02342
G1 X-18.676 Y-1.927 E0.02378
G1 X-18.749 Y-.96 E0.02359
G1 X-18.776 Y0.00 E0.02336
G1 X-18.749 Y0.96 E0.02336
G1 X-18.676 Y1.927 E0.02359
G1 X-18.546 Y2.938 E0.02479
G1 X-18.375 Y3.896 E0.02367
G1 X-18.27 Y4.325 E0.01074
G1 X-5.556 Y4.326 E0.30922
G1 X-5.217 Y4.326 E0.00824
G1 X-5.534 Y3.918 E0.01257
G1 X-5.939 Y3.277 E0.01844
G1 X-6.416 Y2.231 E0.02796
G1 X-6.704 Y1.164 E0.02688
G1 X-6.791 Y0.00 E0.02839
G1 X-6.704 Y-1.17 E0.02853
G1 X-6.413 Y-2.229 E0.02671
G1 X-5.94 Y-3.275 E0.02792
G1 X-5.566 Y-3.875 E0.0172
G1 X-5.218 Y-4.325 E0.01384
G1 X-5.558 Y-4.325 E0.00827
G1 X-18.268 Y-4.325 E0.30913
G1 F3600 E-1
G0 F12000 X-18.603 Y-4.75
;TYPE:WALL-OUTER
G1 F3600 E1
G1 F2400 X-18.799 Y-3.932 E0.02046
G1 X-18.972 Y-2.962 E0.02396
G1 X-19.099 Y-1.97 E0.02432
G1 X-19.174 Y-.983 E0.02407
G1 X-19.201 Y0.00 E0.02392
G1 X-19.174 Y0.983 E0.02392
G1 X-19.099 Y1.97 E0.02407
G1 X-18.972 Y2.962 E0.02432
G1 X-18.791 Y3.984 E0.02524
G1 X-18.603 Y4.75 E0.01918
G1 F840 X-5.209 Y4.75 E0.32576
G1 X-4.22 Y4.75 E0.02405
G1 X-4.81 Y4.158 E0.02033
G1 X-5.198 Y3.658 E0.01539
G1 X-5.552 Y3.1 E0.01607
G1 X-6.022 Y2.062 E0.02771
G1 X-6.286 Y1.068 E0.02501
G1 X-6.366 Y-0.019 E0.02651
G1 X-6.278 Y-1.119 E0.02684
G1 X-6.018 Y-2.063 E0.02381
G1 X-5.535 Y-3.131 E0.02851
G1 X-5.208 Y-3.647 E0.01486
G1 X-4.814 Y-4.154 E0.01562
G1 X-4.219 Y-4.75 E0.02048
G1 X-5.21 Y-4.75 E0.0241
G1 X-18.603 Y-4.75 E0.32574
G0 F12000 X-18.789 Y-3.972
G1 F3600 E-1
G0 F12000 X-17.989 Y-3.782
G0 X-6.053 Y3.899
;TYPE:SKIN
G1 F3600 E1
G1 F2400 X-7.165 Y3.899 E0.02705
G1 X-7.552 Y3.175 E0.01997
G1 X-7.882 Y2.182 E0.02545
G1 X-8.1 Y1.09 E0.02708
G1 X-8.174 Y0.004 E0.02647
G1 X-8.1 Y-1.098 E0.02686
G1 X-7.881 Y-2.182 E0.0269
G1 X-7.556 Y-3.166 E0.0252
G1 X-7.165 Y-3.894 E0.0201
G1 X-6.056 Y-3.896 E0.02697
G1 X-6.29 Y-3.529 E0.01059
G1 X-6.81 Y-2.385 E0.03056
G1 X-7.118 Y-1.263 E0.0283
G1 X-7.217 Y-0.018 E0.03038
G1 X-7.125 Y1.241 E0.0307
G1 X-6.822 Y2.364 E0.02829
G1 X-6.282 Y3.542 E0.03152
G1 X-6.053 Y3.899 E0.01032
G0 F12000 X-6.871 Y3.41
G1 F2000 X-7.092 Y2.965 E0.0145
G1 F2045.5 X-7.35 Y2.306 E0.0202
G1 F2177.4 X-7.608 Y1.207 E0.03026
G1 F2155.7 X-7.694 Y0.008 E0.03255
G1 X-7.605 Y-1.222 E0.03339
G1 F2177.4 X-7.345 Y-2.314 E0.03009
G1 F2061.1 X-7.097 Y-2.959 E0.01957
G1 F2026.3 X-6.874 Y-3.412 E0.01455
G1 F3600 E-1
G0 F12000 X-5.405 Y-3.795
G0 X6.616 Y0.00
G0 X8.288 Y2.116
;TYPE:FILL
G1 F3600 E1
G1 F9600 X8.756 Y2.709 E0.01837
G1 X9.206 Y3.612 E0.02454
G1 X9.297 Y3.919 E0.00779
G1 X16.277 Y3.919 E0.16976
G1 X16.43 Y3.612 E0.00834
G1 X16.699 Y2.709 E0.02292
G1 X16.798 Y1.806 E0.02209
G1 X16.63 Y0.903 E0.02234
G1 X15.924 Y0.00 E0.02788
G1 X14.701 Y-.903 E0.03697
G1 X13.629 Y-1.806 E0.03409
G1 X12.917 Y-2.709 E0.02797
G1 X12.467 Y-3.612 E0.02454
G1 X12.375 Y-3.921 E0.00784
G1 F3600 E-1
G0 F12000 X17.971 Y3.947
G0 X18.267 Y4.324
;TYPE:WALL-INNER
G1 F3600 E1
G1 F4800 X18.382 Y3.845 E0.01198
G1 X18.552 Y2.897 E0.02342
G1 X18.676 Y1.927 E0.02378
G1 X18.749 Y0.96 E0.02359
G1 X18.776 Y0.00 E0.02336
G1 X18.749 Y-.964 E0.02346
G1 X18.676 Y-1.931 E0.02359
G1 X18.546 Y-2.937 E0.02467
G1 X18.375 Y-3.896 E0.02369
G1 X18.27 Y-4.325 E0.01074
G1 X5.556 Y-4.326 E0.30922
G1 X5.217 Y-4.326 E0.00824
G1 X5.534 Y-3.918 E0.01257
G1 X5.939 Y-3.277 E0.01844
G1 X6.416 Y-2.231 E0.02796
G1 X6.704 Y-1.164 E0.02688
G1 X6.791 Y0.00 E0.02839
G1 X6.706 Y1.164 E0.02839
G1 X6.413 Y2.229 E0.02686
G1 X5.94 Y3.275 E0.02792
G1 X5.531 Y3.921 E0.0186
G1 X5.219 Y4.324 E0.0124
G1 X5.558 Y4.324 E0.00824
G1 X18.267 Y4.324 E0.3091
G1 F3600 E-1
G0 F12000 X18.602 Y4.749
;TYPE:WALL-OUTER
G1 F3600 E1
G1 F2400 X18.799 Y3.932 E0.02044
G1 X18.972 Y2.962 E0.02396
G1 X19.099 Y1.97 E0.02432
G1 X19.174 Y0.983 E0.02407
G1 X19.201 Y0.00 E0.02392
G1 X19.174 Y-.987 E0.02401
G1 X19.099 Y-1.974 E0.02407
G1 X18.98 Y-2.91 E0.02295
G1 X18.791 Y-3.984 E0.02652
G1 X18.603 Y-4.75 E0.01918
G1 F840 X5.209 Y-4.75 E0.32576
G1 X4.22 Y-4.75 E0.02405
G1 X4.81 Y-4.158 E0.02033
G1 X5.198 Y-3.658 E0.01539
G1 X5.552 Y-3.1 E0.01607
G1 X6.022 Y-2.062 E0.02771
G1 X6.286 Y-1.068 E0.02501
G1 X6.366 Y0.019 E0.02651
G1 X6.278 Y1.119 E0.02684
G1 X6.018 Y2.063 E0.02381
G1 X5.535 Y3.131 E0.02851
G1 X5.207 Y3.643 E0.01479
G1 X4.793 Y4.177 E0.01643
G1 X4.219 Y4.75 E0.01973
G1 X5.21 Y4.75 E0.0241
G1 X18.602 Y4.749 E0.32571
G0 F12000 X18.789 Y3.971
G1 F3600 E-1
G0 F12000 X17.989 Y3.781
G0 X6.053 Y3.894
;TYPE:SKIN
G1 F3600 E1
G1 F2400 X6.306 Y3.505 E0.01129
G1 X6.81 Y2.385 E0.02987
G1 X7.118 Y1.264 E0.02827
G1 X7.217 Y0.018 E0.0304
G1 X7.125 Y-1.241 E0.0307
G1 X6.822 Y-2.364 E0.02829
G1 X6.282 Y-3.542 E0.03152
G1 X6.053 Y-3.899 E0.01032
G1 X7.165 Y-3.899 E0.02705
G1 X7.552 Y-3.174 E0.01999
G1 X7.882 Y-2.182 E0.02543
G1 X8.1 Y-1.098 E0.02689
G1 X8.174 Y-0.004 E0.02667
G1 X8.1 Y1.09 E0.02667
G1 X7.881 Y2.182 E0.02709
G1 X7.556 Y3.166 E0.0252
G1 X7.165 Y3.895 E0.02012
G1 X6.053 Y3.894 E0.02705
G1 F3600 E-1
G0 F12000 X6.735 Y2.346
G0 X7.043 Y1.222
G0 X7.12 Y0.232
G0 X6.871 Y-3.41
G1 F3600 E1
G1 F2000 X7.092 Y-2.966 E0.01447
G1 F2053.2 X7.348 Y-2.311 E0.01999
G1 F2186.2 X7.609 Y-1.201 E0.03044
G1 F2160 X7.694 Y-0.008 E0.03232
G1 F2168.7 X7.608 Y1.207 E0.03278
G1 F2126 X7.405 Y2.061 E0.0241
G1 F2011.2 X7.098 Y2.959 E0.02754
G1 F2033.9 X6.875 Y3.411 E0.01446
G1 F3600 E-1
;MESH:NONMESH
G0 F600 X6.875 Y3.411 Z35.01
G0 F12000 X5.405 Y3.795
G0 X-6.528 Y-1.133
G0 X-9.029 Y-3.92
;TIME_ELAPSED:1152.337364
;LAYER:267
;TYPE:FILL
;MESH:bridge.stl
G1 F3600 E1
G1 F9600 X-9.169 Y-3.612 E0.00823
G1 X-9.398 Y-2.709 E0.02266
G1 X-9.448 Y-1.806 E0.022
G1 X-9.22 Y-.903 E0.02265
G1 X-8.492 Y0.00 E0.02821
G1 X-7.879 Y0.482 E0.01897
G1 X-7.828 Y1.158 E0.01649
G1 X-7.56 Y2.322 E0.02905
G1 X-6.945 Y3.92 E0.04164
G1 X-12.642 Y3.92 E0.13856
G1 X-12.502 Y3.612 E0.00823
G1 X-12.273 Y2.709 E0.02266
G1 X-12.223 Y1.806 E0.022
G1 X-12.451 Y0.903 E0.02265
G1 X-13.179 Y0.00 E0.02821
G1 X-14.326 Y-.903 E0.0355
G1 X-15.321 Y-1.806 E0.03268
G1 X-15.982 Y-2.709 E0.02722
G1 X-16.393 Y-3.612 E0.02413
G1 X-16.471 Y-3.92 E0.00773
G1 F3600 E-1
G0 F12000 X-17.734 Y-3.947
G0 X-18.054 Y-4.325
;TYPE:WALL-INNER
G1 F3600 E1
G1 F4800 X-18.328 Y-2.89 E0.03553
G1 X-18.448 Y-1.928 E0.02358
G1 X-18.521 Y-.96 E0.02361
G1 X-18.548 Y0.00 E0.02336
G1 X-18.521 Y0.96 E0.02336
G1 X-18.448 Y1.928 E0.02361
G1 X-18.328 Y2.882 E0.02339
G1 X-18.054 Y4.325 E0.03572
G1 F1680 X-4.612 Y4.325 E0.32693
G1 X-4.09 Y4.325 E0.0127
G1 X-4.525 Y3.884 E0.01507
G1 X-4.923 Y3.374 E0.01573
G1 X-5.579 Y2.204 E0.03262
G1 X-5.868 Y1.118 E0.02733
G1 X-5.971 Y0.00 E0.02731
G1 X-5.868 Y-1.12 E0.02735
G1 X-5.58 Y-2.199 E0.02716
G1 X-4.919 Y-3.377 E0.03285
G1 X-4.53 Y-3.879 E0.01545
G1 X-4.091 Y-4.324 E0.0152
G1 X-4.612 Y-4.324 E0.01267
G1 X-18.054 Y-4.325 E0.32693
G1 F3600 E-1
G0 F12000 X-18.363 Y-4.75
;TYPE:WALL-OUTER
G1 F3600 E1
G1 F2400 X-18.559 Y-3.942 E0.02022
G1 X-18.748 Y-2.957 E0.02439
G1 X-18.871 Y-1.971 E0.02417
G1 X-18.946 Y-.983 E0.0241
G1 X-18.973 Y0.00 E0.02392
G1 X-18.946 Y0.983 E0.02392
G1 X-18.871 Y1.97 E0.02407
G1 X-18.748 Y2.949 E0.024
G1 X-18.554 Y3.967 E0.0252
G1 X-18.363 Y4.75 E0.0196
G1 F840 X-4.187 Y4.749 E0.34478
G1 X-2.812 Y4.749 E0.03344
G1 X-3.154 Y4.554 E0.00958
G1 X-3.618 Y4.194 E0.01428
G1 X-4.19 Y3.622 E0.01967
G1 X-4.579 Y3.119 E0.01547
G1 X-5.183 Y2.041 E0.03005
G1 X-5.449 Y1.023 E0.02559
G1 X-5.542 Y0.00 E0.02498
G1 X-5.442 Y-1.065 E0.02602
G1 X-5.181 Y-2.041 E0.02457
G1 X-4.575 Y-3.123 E0.03016
G1 X-4.194 Y-3.618 E0.01519
G1 X-3.619 Y-4.193 E0.01978
G1 X-3.155 Y-4.557 E0.01434
G1 X-2.815 Y-4.75 E0.00951
G1 X-4.187 Y-4.75 E0.03337
G1 X-18.363 Y-4.75 E0.34478
G0 F12000 X-18.551 Y-3.973
G1 F3600 E-1
G0 F12000 X-17.749 Y-3.796
G0 X-5.056 Y3.895
;TYPE:SKIN
G1 F3600 E1
G1 F2400 X-6.424 Y3.895 E0.03327
G1 X-6.726 Y3.422 E0.01365
G1 X-7.196 Y2.198 E0.03189
G1 X-7.448 Y1.094 E0.02754
G1 X-7.53 Y0.00 E0.02668
G1 X-7.448 Y-1.094 E0.02668
G1 X-7.196 Y-2.198 E0.02754
G1 X-6.722 Y-3.429 E0.03208
G1 X-6.424 Y-3.894 E0.01343
G1 X-5.053 Y-3.895 E0.03334
G1 X-5.266 Y-3.623 E0.0084
G1 X-5.975 Y-2.361 E0.03521
G1 X-6.289 Y-1.177 E0.02979
G1 X-6.397 Y-0.021 E0.02824
G1 X-6.289 Y1.173 E0.02916
G1 X-5.978 Y2.367 E0.03001
G1 X-5.289 Y3.595 E0.03425
G1 X-5.056 Y3.895 E0.00924
G1 F3600 E-1
G0 F12000 X-6.107 Y3.315
G1 F3600 E1
G1 F1516.9 X-6.199 Y3.162 E0.00687
G1 F1609.5 X-6.479 Y2.56 E0.02408
G1 F1651.4 X-6.652 Y2.024 E0.01991
G1 F1569.8 X-6.861 Y1.174 E0.03255
G1 F1574.3 X-6.963 Y0.00 E0.04369
G1 X-6.863 Y-1.162 E0.04324
G1 F1563 X-6.651 Y-2.024 E0.03315
G1 F1638.8 X-6.478 Y-2.553 E0.01982
G1 F1600 X-6.193 Y-3.165 E0.02463
G1 F1508.4 X-6.105 Y-3.313 E0.00666
G1 F3600 E-1
G0 F12000 X-4.372 Y-3.792
G0 X5.69 Y-1.086
G0 X7.751 Y1.491
;TYPE:FILL
G1 F3600 E1
G1 F9600 X8.098 Y1.806 E0.0114
G1 X8.759 Y2.709 E0.02722
G1 X9.17 Y3.612 E0.02413
G1 X9.248 Y3.92 E0.00773
G1 X16.254 Y3.919 E0.1704
G1 X16.394 Y3.612 E0.00821
G1 X16.623 Y2.709 E0.02266
G1 X16.673 Y1.806 E0.022
G1 X16.445 Y0.903 E0.02265
G1 X15.717 Y0.00 E0.02821
G1 X14.57 Y-.903 E0.0355
G1 X13.575 Y-1.806 E0.03268
G1 X12.914 Y-2.709 E0.02722
G1 X12.503 Y-3.612 E0.02413
G1 X12.425 Y-3.92 E0.00773
G1 F3600 E-1
G0 F12000 X17.734 Y3.947
G0 X18.053 Y4.324
;TYPE:WALL-INNER
G1 F3600 E1
G1 F4800 X18.328 Y2.89 E0.03551
G1 X18.448 Y1.928 E0.02358
G1 X18.521 Y0.96 E0.02361
G1 X18.548 Y0.00 E0.02336
G1 X18.521 Y-.964 E0.02346
G1 X18.448 Y-1.931 E0.02359
G1 X18.324 Y-2.89 E0.02352
G1 X18.055 Y-4.325 E0.03551
G1 F1680 X4.612 Y-4.325 E0.32695
G1 X4.09 Y-4.325 E0.0127
G1 X4.525 Y-3.884 E0.01507
G1 X4.923 Y-3.374 E0.01573
G1 X5.579 Y-2.204 E0.03262
G1 X5.868 Y-1.118 E0.02733
G1 X5.971 Y0.00 E0.02731
G1 X5.868 Y1.12 E0.02735
G1 X5.58 Y2.199 E0.02716
G1 X4.946 Y3.331 E0.03156
G1 X4.53 Y3.879 E0.01673
G1 X4.091 Y4.324 E0.0152
G1 X4.612 Y4.324 E0.01267
G1 X18.053 Y4.324 E0.3269
G1 F3600 E-1
G0 F12000 X18.363 Y4.749
;TYPE:WALL-OUTER
G1 F3600 E1
G1 F2400 X18.559 Y3.942 E0.0202
G1 X18.748 Y2.957 E0.02439
G1 X18.871 Y1.971 E0.02417
G1 X18.946 Y0.983 E0.0241
G1 X18.973 Y0.00 E0.02392
G1 X18.946 Y-.987 E0.02401
G1 X18.871 Y-1.974 E0.02407
G1 X18.734 Y-3.016 E0.02556
G1 X18.559 Y-3.947 E0.02304
G1 X18.363 Y-4.75 E0.0201
G1 F840 X4.186 Y-4.75 E0.34481
G1 X2.811 Y-4.75 E0.03344
G1 X3.154 Y-4.554 E0.00961
G1 X3.618 Y-4.194 E0.01428
G1 X4.19 Y-3.622 E0.01967
G1 X4.579 Y-3.119 E0.01547
G1 X5.182 Y-2.045 E0.02996
G1 X5.449 Y-1.023 E0.02569
G1 X5.542 Y0.00 E0.02498
G1 X5.442 Y1.065 E0.02602
G1 X5.181 Y2.041 E0.02457
G1 X4.575 Y3.123 E0.03016
G1 X4.194 Y3.618 E0.01519
G1 X3.619 Y4.193 E0.01978
G1 X3.155 Y4.557 E0.01434
G1 X2.815 Y4.75 E0.00951
G1 X4.187 Y4.75 E0.03337
G1 X18.363 Y4.749 E0.34478
G0 F12000 X18.551 Y3.972
G1 F3600 E-1
G0 F12000 X17.751 Y3.788
G0 X5.052 Y3.895
;TYPE:SKIN
G1 F3600 E1
G1 F2400 X5.289 Y3.586 E0.00947
G1 X5.975 Y2.358 E0.03421
G1 X6.285 Y1.207 E0.02899
G1 X6.398 Y0.00 E0.02948
G1 X6.288 Y-1.173 E0.02865
G1 X5.979 Y-2.361 E0.02986
G1 X5.289 Y-3.595 E0.03439
G1 X5.056 Y-3.895 E0.00924
G1 X6.424 Y-3.895 E0.03327
G1 X6.726 Y-3.422 E0.01365
G1 X7.196 Y-2.198 E0.03189
G1 X7.448 Y-1.094 E0.02754
G1 X7.53 Y0.00 E0.02668
G1 X7.448 Y1.094 E0.02668
G1 X7.196 Y2.197 E0.02752
G1 X6.722 Y3.426 E0.03204
G1 X6.424 Y3.895 E0.01351
G1 X5.052 Y3.895 E0.03337
G1 F3600 E-1
G0 F12000 X5.896 Y2.331
G0 X6.204 Y1.178
G0 X6.291 Y0.224
G0 X6.106 Y-3.314
G1 F3600 E1
G1 F1512.6 X6.198 Y-3.161 E0.00689
G1 F1600 X6.492 Y-2.52 E0.02573
G1 F1643.8 X6.652 Y-2.024 E0.01851
G1 F1567.5 X6.858 Y-1.186 E0.03214
G1 X6.961 Y0.00 E0.04433
G1 F1569.8 X6.863 Y1.169 E0.04362
G1 F1567.5 X6.651 Y2.024 E0.0328
G1 F1643.8 X6.479 Y2.549 E0.01962
G1 F1600 X6.192 Y3.165 E0.02479
G1 F1508.4 X6.105 Y3.312 E0.00661
G1 F3600 E-1
;MESH:NONMESH
G0 F600 X6.105 Y3.312 Z35.14
G0 F12000 X7.138 Y0.829
;TIME_ELAPSED:1165.377018
;LAYER:268
;TYPE:FILL
;MESH:bridge.stl
G1 F3600 E1
G1 F9600 X7.226 Y0.903 E0.0028
G1 X8.153 Y1.806 E0.03147
G1 X8.766 Y2.709 E0.02654
G1 X9.138 Y3.612 E0.02375
G1 X9.203 Y3.919 E0.00763
G1 X16.235 Y3.92 E0.17103
G1 X16.362 Y3.612 E0.0081
G1 X16.552 Y2.709 E0.02244
G1 X16.556 Y1.806 E0.02196
G1 X16.276 Y0.903 E0.02299
G1 X15.532 Y0.00 E0.02846
G1 X14.447 Y-.903 E0.03433
G1 X13.52 Y-1.806 E0.03147
G1 X12.907 Y-2.709 E0.02654
G1 X12.535 Y-3.612 E0.02375
G1 X12.47 Y-3.92 E0.00766
G1 F3600 E-1
G0 F12000 X1.828 Y-4.522
G0 X-1.826 Y-4.522
G0 X-9.01 Y-3.919
G1 F3600 E1
G1 F9600 X-9.137 Y-3.612 E0.00808
G1 X-9.327 Y-2.709 E0.02244
G1 X-9.331 Y-1.806 E0.02196
G1 X-9.051 Y-.903 E0.02299
G1 X-8.307 Y0.00 E0.02846
G1 X-7.127 Y0.982 E0.03734
G1 X-7.108 Y1.231 E0.00607
G1 X-6.8 Y2.362 E0.02851
G1 X-6.278 Y3.51 E0.03067
G1 X-6.195 Y3.636 E0.00367
G1 X-6.347 Y3.92 E0.00783
G1 X-12.661 Y3.92 E0.15357
G1 X-12.534 Y3.612 E0.0081
G1 X-12.344 Y2.709 E0.02244
G1 X-12.34 Y1.806 E0.02196
G1 X-12.62 Y0.903 E0.02299
G1 X-13.364 Y0.00 E0.02846
G1 X-14.449 Y-.903 E0.03433
G1 X-15.376 Y-1.806 E0.03147
G1 X-15.989 Y-2.709 E0.02654
G1 X-16.361 Y-3.612 E0.02375
G1 X-16.426 Y-3.92 E0.00766
G1 F3600 E-1
G0 F12000 X-17.493 Y-3.947
G0 X-17.808 Y-4.325
;TYPE:WALL-INNER
G1 F3600 E1
G1 F4800 X-18.096 Y-2.833 E0.03696
G1 X-18.212 Y-1.924 E0.02229
G1 X-18.293 Y-.989 E0.02283
G1 X-18.32 Y-0.001 E0.02404
G1 X-18.293 Y0.93 E0.02265
G1 X-18.212 Y1.924 E0.02426
G1 X-18.093 Y2.834 E0.02232
G1 X-17.814 Y4.325 E0.03689
G1 F1680 X-3.411 Y4.325 E0.3503
G1 X-2.617 Y4.325 E0.01931
G1 X-3.441 Y3.738 E0.02461
G1 X-3.699 Y3.495 E0.00862
G1 X-4.584 Y2.251 E0.03713
G1 X-4.951 Y1.159 E0.02802
G1 X-5.075 Y0.00 E0.02835
G1 X-4.951 Y-1.159 E0.02835
G1 X-4.59 Y-2.244 E0.02781
G1 X-3.738 Y-3.44 E0.03571
G1 X-3.496 Y-3.698 E0.0086
G1 X-2.619 Y-4.324 E0.02621
G1 X-3.413 Y-4.324 E0.01931
G1 X-17.808 Y-4.325 E0.35011
G1 F3600 E-1
G0 F12000 X-17.493 Y-3.947
G0 X-4.898 Y0.00
G0 X4.426 Y2.166
G0 X17.493 Y3.947
G0 X17.808 Y4.325
G1 F3600 E1
G1 F4800 X18.096 Y2.833 E0.03696
G1 X18.212 Y1.924 E0.02229
G1 X18.293 Y0.989 E0.02283
G1 X18.32 Y0.001 E0.02404
G1 X18.293 Y-.934 E0.02275
G1 X18.212 Y-1.928 E0.02426
G1 X18.093 Y-2.833 E0.0222
G1 X17.814 Y-4.325 E0.03692
G1 F1680 X3.411 Y-4.325 E0.3503
G1 X2.617 Y-4.325 E0.01931
G1 X3.441 Y-3.738 E0.02461
G1 X3.699 Y-3.495 E0.00862
G1 X4.584 Y-2.251 E0.03713
G1 X4.951 Y-1.159 E0.02802
G1 X5.075 Y0.00 E0.02835
G1 X4.951 Y1.159 E0.02835
G1 X4.59 Y2.244 E0.02781
G1 X3.738 Y3.44 E0.03571
G1 X3.496 Y3.698 E0.0086
G1 X2.619 Y4.324 E0.02621
G1 X3.413 Y4.324 E0.01931
G1 X17.808 Y4.325 E0.35011
G1 F3600 E-1
G0 F12000 X18.119 Y4.75
;TYPE:WALL-OUTER
G1 F3600 E1
G1 F2400 X18.307 Y3.982 E0.01923
G1 X18.516 Y2.9 E0.0268
G1 X18.635 Y1.969 E0.02283
G1 X18.718 Y1.013 E0.02334
G1 X18.745 Y0.001 E0.02462
G1 X18.718 Y-.958 E0.02333
G1 X18.635 Y-1.973 E0.02477
G1 X18.513 Y-2.9 E0.02274
G1 X18.305 Y-4.009 E0.02744
G1 X18.12 Y-4.75 E0.01858
G1 F840 X2.764 Y-4.75 E0.37348
G1 X2.105 Y-4.75 E0.01603
G1 F675 X1.127 Y-4.662 E0.02972
G1 F546.2 X1.051 Y-4.643 E0.00293
G1 F583.3 X1.568 Y-4.414 E0.0198
G1 F732.6 X2.086 Y-4.184 E0.01581
G1 F840 X3.194 Y-3.392 E0.03312
G1 X3.392 Y-3.193 E0.00683
G1 X4.202 Y-2.055 E0.03397
G1 X4.537 Y-1.04 E0.026
G1 X4.649 Y0.028 E0.02612
G1 X4.526 Y1.092 E0.02605
G1 X4.207 Y2.05 E0.02456
G1 X3.392 Y3.194 E0.03416
G1 X3.194 Y3.392 E0.00681
G1 X2.09 Y4.18 E0.03299
G1 F732.6 X1.571 Y4.411 E0.01584
G1 F583.3 X1.051 Y4.643 E0.01994
G1 F547 X1.128 Y4.663 E0.00297
G1 F676.2 X2.111 Y4.749 E0.02981
G1 F840 X2.767 Y4.749 E0.01595
G1 X18.119 Y4.75 E0.37338
G0 F12000 X18.307 Y3.982
G0 X18.308 Y3.974
G1 F3600 E-1
G0 F12000 X17.511 Y3.781
G0 X1.905 Y4.51
G0 X1.051 Y4.643
G1 F3600 E1
G1 F575.3 X0.00 Y4.7 E0.03738
G1 X-1.051 Y4.643 E0.03738
G1 F3600 E-1
G0 F12000 X-1.907 Y4.509
G0 X-17.885 Y-4.447
G0 X-18.119 Y-4.75
G1 F3600 E1
G1 F2400 X-18.307 Y-3.982 E0.01923
G1 X-18.516 Y-2.9 E0.0268
G1 X-18.635 Y-1.969 E0.02283
G1 X-18.718 Y-1.013 E0.02334
G1 X-18.745 Y-0.001 E0.02462
G1 X-18.718 Y0.954 E0.02324
G1 X-18.635 Y1.969 E0.02477
G1 X-18.503 Y2.957 E0.02424
G1 X-18.305 Y4.009 E0.02604
G1 X-18.12 Y4.75 E0.01858
G1 F840 X-2.764 Y4.75 E0.37348
G1 X-2.105 Y4.75 E0.01603
G1 F675 X-1.127 Y4.662 E0.02972
G1 F546.2 X-1.051 Y4.643 E0.00293
G1 F583.3 X-1.568 Y4.414 E0.0198
G1 F732.6 X-2.086 Y4.184 E0.01581
G1 F840 X-3.194 Y3.392 E0.03312
G1 X-3.392 Y3.193 E0.00683
G1 X-4.202 Y2.055 E0.03397
G1 X-4.537 Y1.04 E0.026
G1 X-4.649 Y-0.028 E0.02612
G1 X-4.526 Y-1.092 E0.02605
G1 X-4.207 Y-2.05 E0.02456
G1 X-3.392 Y-3.194 E0.03416
G1 X-3.194 Y-3.392 E0.00681
G1 X-2.09 Y-4.18 E0.03299
G1 F732.6 X-1.571 Y-4.411 E0.01584
G1 F583.3 X-1.051 Y-4.643 E0.01994
G1 F547 X-1.128 Y-4.662 E0.00296
G1 F676.2 X-2.111 Y-4.749 E0.02982
G1 F840 X-2.767 Y-4.749 E0.01595
G1 X-18.119 Y-4.75 E0.37338
G0 F12000 X-18.307 Y-3.982
G0 X-18.308 Y-3.974
G1 F3600 E-1
G0 F12000 X-17.511 Y-3.781
G0 X-1.905 Y-4.51
G0 X-1.051 Y-4.643
G1 F3600 E1
G1 F575.3 X0.00 Y-4.7 E0.03738
G1 X1.051 Y-4.643 E0.03738
G1 F3600 E-1
G0 F12000 X1.907 Y-4.509
G0 X3.382 Y-3.583
G0 X4.442 Y-2.179
G0 X4.794 Y-1.126
G0 X4.918 Y0.00
G0 X4.806 Y1.013
G0 X3.891 Y3.894
;TYPE:SKIN
G1 F3600 E1
G1 F2400 X3.94 Y3.842 E0.00174
G1 X4.092 Y3.679 E0.00542
G1 X4.776 Y2.715 E0.02875
G1 X4.876 Y2.575 E0.00418
G1 X5.018 Y2.305 E0.00742
G1 X5.036 Y2.25 E0.00141
G1 X5.366 Y1.252 E0.02557
G1 X5.502 Y0.018 E0.03019
G1 X5.365 Y-1.252 E0.03107
G1 X5.022 Y-2.278 E0.02631
G1 X5.01 Y-2.314 E0.00092
G1 X4.889 Y-2.551 E0.00647
G1 X4.795 Y-2.683 E0.00394
G1 X4.06 Y-3.721 E0.03093
G1 X4.036 Y-3.755 E0.00101
G1 X3.943 Y-3.838 E0.00303
G1 X3.881 Y-3.894 E0.00203
G1 X3.888 Y-3.894 E0.00017
G1 X5.577 Y-3.895 E0.04108
G1 X5.941 Y-3.328 E0.01639
G1 X6.435 Y-2.239 E0.02908
G1 X6.729 Y-1.173 E0.02689
G1 X6.818 Y-0.001 E0.02859
G1 X6.725 Y1.173 E0.02864
G1 X6.435 Y2.235 E0.02678
G1 X5.941 Y3.328 E0.02917
G1 X5.58 Y3.894 E0.01633
G1 X3.891 Y3.894 E0.04108
G1 F3600 E-1
G0 F12000 X5.216 Y3.232
G1 F3600 E1
G1 F1250 X5.504 Y2.784 E0.02487
G1 F1252.9 X5.809 Y2.011 E0.03872
G1 F1232.9 X6.042 Y1.242 E0.03804
G1 F1235.7 X6.157 Y-0.001 E0.05897
G1 F1230.1 X6.046 Y-1.228 E0.05846
G1 F1219 X5.805 Y-2.018 E0.03955
G1 F1270.6 X5.601 Y-2.538 E0.02566
G1 F1285.7 X5.365 Y-3.006 E0.0238
G1 F1244.2 X5.213 Y-3.232 E0.01278
G1 F3600 E-1
G0 F12000 X4.774 Y-1.122
G0 X-2.169 Y4.425
G0 X-4.036 Y3.755
G1 F3600 E1
G1 F2400 X-3.943 Y3.838 E0.00303
G1 X-3.881 Y3.894 E0.00203
G1 X-3.888 Y3.894 E0.00017
G1 X-5.58 Y3.895 E0.04115
G1 X-5.941 Y3.328 E0.01635
G1 X-6.435 Y2.239 E0.02908
G1 X-6.729 Y1.169 E0.02699
G1 X-6.818 Y0.001 E0.02849
G1 X-6.725 Y-1.173 E0.02864
G1 X-6.435 Y-2.239 E0.02687
G1 X-5.941 Y-3.328 E0.02908
G1 X-5.58 Y-3.895 E0.01635
G1 X-3.891 Y-3.894 E0.04108
G1 X-3.94 Y-3.842 E0.00174
G1 X-4.092 Y-3.679 E0.00542
G1 X-4.776 Y-2.715 E0.02875
G1 X-4.876 Y-2.575 E0.00418
G1 X-5.018 Y-2.305 E0.00742
G1 X-5.036 Y-2.25 E0.00141
G1 X-5.366 Y-1.251 E0.02559
G1 X-5.501 Y0.018 E0.03104
G1 X-5.366 Y1.252 E0.03019
G1 X-5.024 Y2.275 E0.02623
G1 X-5.018 Y2.292 E0.00044
G1 X-4.889 Y2.551 E0.00704
G1 X-4.795 Y2.683 E0.00394
G1 X-4.06 Y3.721 E0.03093
G1 X-4.036 Y3.755 E0.00101
G1 F3600 E-1
G0 F12000 X-5.216 Y3.231
G1 F3600 E1
G1 F1248.6 X-5.514 Y2.765 E0.02586
G1 F1247.1 X-5.807 Y2.015 E0.03769
G1 F1224.5 X-6.045 Y1.209 E0.04006
G1 F1235.7 X-6.159 Y0.001 E0.05732
G1 X-6.041 Y-1.242 E0.05898
G1 F1227.3 X-5.807 Y-2.015 E0.03841
G1 F1276.6 X-5.592 Y-2.563 E0.02692
G1 F1288.8 X-5.365 Y-3.011 E0.02275
G1 F1247.1 X-5.217 Y-3.232 E0.01245
G1 F3600 E-1
;MESH:NONMESH
G0 F600 X-5.217 Y-3.232 Z35.27
G0 F12000 X-2.171 Y-4.423
G0 X1.828 Y-4.522
G0 X5.452 Y-3.92
;TIME_ELAPSED:1180.775112
;LAYER:269
;TYPE:FILL
;MESH:bridge.stl
G1 F3600 E1
G1 F9600 X5.318 Y-3.496 E0.01082
G1 X5.955 Y-2.364 E0.03159
G1 X6.269 Y-1.192 E0.02951
G1 X6.384 Y0.065 E0.0307
G1 X7.344 Y0.903 E0.03099
G1 X8.21 Y1.806 E0.03043
G1 X8.777 Y2.709 E0.02593
G1 X9.111 Y3.612 E0.02342
G1 X9.163 Y3.92 E0.0076
G1 X16.221 Y3.919 E0.17166
G1 X16.335 Y3.612 E0.00796
G1 X16.487 Y2.709 E0.02227
G1 X16.446 Y1.806 E0.02198
G1 X16.12 Y0.903 E0.02335
G1 X15.363 Y0.00 E0.02866
G1 X14.329 Y-.903 E0.03339
G1 X13.463 Y-1.806 E0.03043
G1 X12.896 Y-2.709 E0.02593
G1 X12.562 Y-3.612 E0.02342
G1 X12.51 Y-3.921 E0.00762
G1 F3600 E-1
G0 F12000 X-8.996 Y-3.92
G1 F3600 E1
G1 F9600 X-9.11 Y-3.612 E0.00799
G1 X-9.262 Y-2.709 E0.02227
G1 X-9.221 Y-1.806 E0.02198
G1 X-8.895 Y-.903 E0.02335
G1 X-8.138 Y0.00 E0.02866
G1 X-7.104 Y0.903 E0.03339
G1 X-6.238 Y1.806 E0.03043
G1 X-6.005 Y2.178 E0.01068
G1 X-5.955 Y2.363 E0.00466
G1 X-5.498 Y3.178 E0.02273
G1 X-5.337 Y3.612 E0.01126
G1 X-5.285 Y3.92 E0.0076
G1 X-12.675 Y3.92 E0.17974
G1 X-12.561 Y3.612 E0.00799
G1 X-12.409 Y2.709 E0.02227
G1 X-12.45 Y1.806 E0.02198
G1 X-12.776 Y0.903 E0.02335
G1 X-13.533 Y0.00 E0.02866
G1 X-14.567 Y-.903 E0.03339
G1 X-15.433 Y-1.806 E0.03043
G1 X-16 Y-2.709 E0.02593
G1 X-16.334 Y-3.612 E0.02342
G1 X-16.386 Y-3.92 E0.0076
G1 F3600 E-1
G0 F12000 X-1.149 Y3.512
G0 X1.372 Y3.975
G0 X1.108 Y3.729
;TYPE:WALL-INNER
G1 F3600 E1
G1 F1558.8 X0.00 Y3.842 E0.02919
G1 X-1.103 Y3.73 E0.02906
G1 F1594.9 X-2.392 Y2.951 E0.03858
G1 F1680 X-2.903 Y2.477 E0.01695
G1 X-3.666 Y1.202 E0.03614
G1 X-3.838 Y-0.004 E0.02963
G1 X-3.666 Y-1.196 E0.02929
G1 X-2.952 Y-2.394 E0.03392
G1 F1636.4 X-2.475 Y-2.904 E0.01744
G1 F1555.6 X-1.108 Y-3.729 E0.04194
G1 F1536.6 X0.00 Y-3.849 E0.02964
G1 X1.106 Y-3.729 E0.02958
G1 F1594.9 X2.392 Y-2.951 E0.03851
G1 F1680 X2.903 Y-2.477 E0.01695
G1 X3.666 Y-1.203 E0.03612
G1 X3.839 Y0.00 E0.02956
G1 X3.666 Y1.196 E0.02939
G1 X2.952 Y2.394 E0.03392
G1 F1636.4 X2.475 Y2.904 E0.01744
G1 F1555.6 X1.108 Y3.729 E0.04194
G1 F3600 E-1
G0 F12000 X1.372 Y3.975
G0 X17.252 Y3.947
G0 X17.57 Y4.324
G1 F3600 E1
G1 F4800 X17.852 Y2.832 E0.03693
G1 X17.972 Y1.925 E0.02225
G1 X18.049 Y0.959 E0.02357
G1 X18.076 Y0.00 E0.02333
G1 X18.049 Y-.967 E0.02353
G1 X17.972 Y-1.927 E0.02342
G1 X17.849 Y-2.833 E0.02224
G1 X17.656 Y-3.894 E0.02623
G1 X17.548 Y-4.326 E0.01083
G1 F4757.7 X1.626 Y-4.322 E0.39069
G1 X1.522 Y-4.322 E0.00255
G1 F4302.8 X1.114 Y-4.277 E0.01114
G1 F4235.3 X0.00 Y-4.314 E0.03072
G1 X-1.118 Y-4.277 E0.03083
G1 F4302.8 X-1.525 Y-4.322 E0.01111
G1 F4757.7 X-1.627 Y-4.322 E0.0025
G1 X-17.57 Y-4.325 E0.3912
G1 F4800 X-17.853 Y-2.833 E0.03693
G1 X-17.972 Y-1.925 E0.02227
G1 X-18.049 Y-.959 E0.02357
G1 X-18.076 Y0.00 E0.02333
G1 X-18.049 Y0.959 E0.02333
G1 X-17.963 Y1.996 E0.02531
G1 X-17.849 Y2.833 E0.02055
G1 X-17.651 Y3.91 E0.02663
G1 X-17.548 Y4.325 E0.0104
G1 F4757.7 X-1.627 Y4.322 E0.39066
G1 X-1.522 Y4.322 E0.00258
G1 F4302.8 X-1.114 Y4.276 E0.01114
G1 F4243.6 X0.00 Y4.314 E0.03066
G1 F4235.3 X1.118 Y4.277 E0.03083
G1 F4302.8 X1.525 Y4.322 E0.01111
G1 F4757.7 X1.627 Y4.322 E0.0025
G1 X17.57 Y4.324 E0.3912
G1 F3600 E-1
G0 F12000 X17.879 Y4.749
;TYPE:WALL-OUTER
G1 F3600 E1
G1 F2400 X18.067 Y3.982 E0.01921
G1 X18.272 Y2.9 E0.02678
G1 X18.395 Y1.969 E0.02284
G1 X18.474 Y0.982 E0.02408
G1 X18.501 Y0.00 E0.02389
G1 X18.474 Y-.99 E0.02409
G1 X18.395 Y-1.973 E0.02399
G1 X18.269 Y-2.9 E0.02275
G1 X18.078 Y-3.952 E0.026
G1 X17.88 Y-4.75 E0.02
G1 X-17.879 Y-4.75 E0.86971
G1 X-18.067 Y-3.982 E0.01923
G1 X-18.273 Y-2.9 E0.02679
G1 X-18.395 Y-1.969 E0.02284
G1 X-18.474 Y-.982 E0.02408
G1 X-18.501 Y0.00 E0.02389
G1 X-18.474 Y0.982 E0.02389
G1 X-18.395 Y1.969 E0.02408
G1 X-18.269 Y2.9 E0.02285
G1 X-18.071 Y3.983 E0.02678
G1 X-17.88 Y4.75 E0.01922
G1 X17.879 Y4.749 E0.86971
G0 F12000 X18.067 Y3.982
G0 X18.068 Y3.973
G1 F3600 E-1
G0 F12000 X17.272 Y3.779
G0 X1.485 Y3.965
G0 X1.062 Y3.257
G1 F3600 E1
G1 F840 X0.00 Y3.409 E0.02609
G1 X-1.058 Y3.257 E0.026
G1 X-2.173 Y2.587 E0.03164
G1 X-2.571 Y2.204 E0.01343
G1 X-3.257 Y1.058 E0.03248
G1 X-3.409 Y-0.001 E0.02602
G1 X-3.253 Y-1.049 E0.02577
G1 X-2.587 Y-2.177 E0.03186
G1 X-2.199 Y-2.575 E0.01352
G1 X-1.062 Y-3.257 E0.03225
G1 X0.00 Y-3.409 E0.02609
G1 X1.058 Y-3.257 E0.026
G1 X2.173 Y-2.587 E0.03164
G1 X2.571 Y-2.204 E0.01343
G1 X3.257 Y-1.058 E0.03248
G1 X3.409 Y0.001 E0.02602
G1 X3.253 Y1.049 E0.02577
G1 X2.587 Y2.177 E0.03186
G1 X2.199 Y2.575 E0.01352
G1 X1.062 Y3.257 E0.03225
G0 F12000 X0.271 Y3.37
G1 F3600 E-1
G0 F12000 X0.92 Y4.018
G0 X4.545 Y3.895
;TYPE:SKIN
;BRIDGE
M107
G1 F3600 E1
G1 F420 X2.451 Y3.892 E0.05093
G1 X1.667 Y3.891 E0.01907
G1 X2.609 Y3.321 E0.02678
G1 X3.234 Y2.752 E0.02056
G1 X4.071 Y1.347 E0.03978
G1 F1200 X4.27 Y0.00 E0.03312
G1 X4.071 Y-1.352 E0.03324
G1 F420 X3.237 Y-2.752 E0.03963
G1 X2.644 Y-3.291 E0.01949
G1 X1.659 Y-3.892 E0.02806
G1 X2.451 Y-3.893 E0.01926
G1 X4.545 Y-3.894 E0.05093
G1 F1200 X4.943 Y-3.379 E0.01583
G1 X5.598 Y-2.218 E0.03242
G1 X5.889 Y-1.128 E0.02744
G1 X5.993 Y0.00 E0.02755
G1 X5.889 Y1.128 E0.02755
G1 X5.597 Y2.21 E0.02726
G1 X4.939 Y3.387 E0.0328
G1 X4.545 Y3.895 E0.01564
G0 F12000 X4.089 Y3.669
G1 F1200 X5.669 Y1.071 E0.07395
G1 X5.727 Y0.975
G1 F3600 E-1
G0 F12000 X5.747 Y-.213
G1 F3600 E1
G1 F1200 X3.387 Y3.669 E0.11049
G0 F12000 X2.83 Y3.429
G1 F1200 X2.685 Y3.668 E0.0068
G1 F3600 E-1
G0 F12000 X4.364 Y0.906
G1 F3600 E1
G1 F1200 X5.639 Y-1.191 E0.05969
G0 F12000 X5.425 Y-1.993
G1 F1200 X4.443 Y-.379 E0.04595
G1 X4.385 Y-.283
G1 F3600 E-1
G0 F12000 X4.304 Y-1.304
G1 F3600 E1
G1 F1200 X5.108 Y-2.627 E0.03765
G0 F12000 X4.77 Y-3.226
G1 F1200 X3.985 Y-1.935 E0.03675
G0 F12000 X3.638 Y-2.519
G1 F1200 X4.337 Y-3.669 E0.03273
G0 F12000 X3.635 Y-3.669
G1 F1200 X3.253 Y-3.041 E0.01788
G0 F12000 X2.802 Y-3.453
G1 F1200 X2.932 Y-3.668 E0.00611
G1 F3600 E-1
G0 F12000 X-4.545 Y-3.894
G1 F3600 E1
G1 F420 X-2.452 Y-3.892 E0.0509
G1 X-1.667 Y-3.891 E0.01909
G1 X-2.609 Y-3.321 E0.02678
G1 X-3.233 Y-2.752 E0.02054
G1 X-4.071 Y-1.349 E0.03975
G1 F1200 X-4.272 Y-0.003 E0.0331
G1 X-4.071 Y1.351 E0.03329
G1 F420 X-3.237 Y2.752 E0.03965
G1 X-2.644 Y3.291 E0.01949
G1 X-1.663 Y3.891 E0.02797
G1 X-2.452 Y3.892 E0.01919
G1 X-4.545 Y3.895 E0.0509
G1 F1200 X-4.943 Y3.379 E0.01585
G1 X-5.598 Y2.214 E0.03251
G1 X-5.889 Y1.128 E0.02734
G1 X-5.994 Y0.00 E0.02755
G1 X-5.889 Y-1.128 E0.02755
G1 X-5.601 Y-2.202 E0.02704
G1 X-4.931 Y-3.395 E0.03328
G1 X-4.545 Y-3.894 E0.01534
G0 F12000 X-4.089 Y-3.669
G1 F1200 X-5.669 Y-1.071 E0.07395
G1 X-5.727 Y-.975
G1 F3600 E-1
G0 F12000 X-5.748 Y0.214
G1 F3600 E1
G1 F1200 X-3.387 Y-3.668 E0.11051
G0 F12000 X-2.83 Y-3.429
G1 F1200 X-2.685 Y-3.668 E0.0068
G1 F3600 E-1
G0 F12000 X-4.362 Y-.91
G1 F3600 E1
G1 F1200 X-5.639 Y1.191 E0.0598
G0 F12000 X-5.424 Y1.991
G1 F1200 X-4.442 Y0.376 E0.04597
G1 X-4.384 Y0.28
G1 F3600 E-1
G0 F12000 X-4.304 Y1.304
G1 F3600 E1
G1 F1200 X-5.107 Y2.626 E0.03762
G0 F12000 X-4.77 Y3.226
G1 F1200 X-3.985 Y1.934 E0.03677
G0 F12000 X-3.638 Y2.519
G1 F1200 X-4.338 Y3.671 E0.03279
G0 F12000 X-3.635 Y3.669
G1 F1200 X-3.253 Y3.041 E0.01788
G0 F12000 X-2.802 Y3.453
G1 F1200 X-2.932 Y3.668 E0.00611
G0 F12000 X-2.932 Y3.575
G1 F3600 E-1
;MESH:NONMESH
G0 F600 X-2.932 Y3.575 Z35.4
G0 F12000 X0.00 Y3.678
G0 X1.15 Y3.512
G0 X2.366 Y2.783
G0 X3.439 Y1.269
G0 X5.462 Y-3.92
;TIME_ELAPSED:1196.278240
;LAYER:270
M106 S255
;TYPE:FILL
;MESH:bridge.stl
G1 F3600 E1
G1 F9600 X5.361 Y-3.612 E0.00788
G1 X5.248 Y-2.709 E0.02213
G1 X5.33 Y-1.806 E0.02205
G1 X5.698 Y-.903 E0.02372
G1 X6.466 Y0.00 E0.02883
G1 X7.457 Y0.903 E0.03261
G1 X8.269 Y1.806 E0.02954
G1 X8.792 Y2.709 E0.02538
G1 X9.088 Y3.612 E0.02311
G1 X9.127 Y3.92 E0.00755
G1 X16.211 Y3.92 E0.17229
G1 X16.312 Y3.612 E0.00788
G1 X16.425 Y2.709 E0.02213
G1 X16.343 Y1.806 E0.02205
G1 X15.975 Y0.903 E0.02372
G1 X15.207 Y0.00 E0.02883
G1 X14.216 Y-.903 E0.03261
G1 X13.404 Y-1.806 E0.02954
G1 X12.881 Y-2.709 E0.02538
G1 X12.585 Y-3.612 E0.02311
G1 X12.546 Y-3.92 E0.00755
G1 F3600 E-1
G0 F12000 X-8.986 Y-3.92
G1 F3600 E1
G1 F9600 X-9.087 Y-3.612 E0.00788
G1 X-9.2 Y-2.709 E0.02213
G1 X-9.118 Y-1.806 E0.02205
G1 X-8.75 Y-.903 E0.02372
G1 X-7.982 Y0.00 E0.02883
G1 X-6.991 Y0.903 E0.03261
G1 X-6.179 Y1.806 E0.02954
G1 X-5.656 Y2.709 E0.02538
G1 X-5.36 Y3.612 E0.02311
G1 X-5.321 Y3.92 E0.00755
G1 X-12.685 Y3.92 E0.1791
G1 X-12.584 Y3.612 E0.00788
G1 X-12.471 Y2.709 E0.02213
G1 X-12.553 Y1.806 E0.02205
G1 X-12.921 Y0.903 E0.02372
G1 X-13.689 Y0.00 E0.02883
G1 X-14.68 Y-.903 E0.03261
G1 X-15.492 Y-1.806 E0.02954
G1 X-16.015 Y-2.709 E0.02538
G1 X-16.311 Y-3.612 E0.02311
G1 X-16.35 Y-3.92 E0.00755
G1 F3600 E-1
G0 F12000 X0.00 Y1.739
G0 X0.111 Y0.986
;TYPE:WALL-INNER
G1 F3600 E1
G1 F1680 X-.117 Y0.985 E0.00555
G1 X-.317 Y0.917 E0.00514
G1 X-.478 Y0.798 E0.00487
G1 X-.896 Y0.353 E0.01485
G1 X-.987 Y0.107 E0.00638
G1 X-.987 Y-.107 E0.0052
G1 X-.896 Y-.353 E0.00638
G1 X-.478 Y-.798 E0.01485
G1 X-.316 Y-.917 E0.00489
G1 X-.111 Y-.986 E0.00526
G1 X0.117 Y-.985 E0.00555
G1 X0.317 Y-.917 E0.00514
G1 X0.478 Y-.798 E0.00487
G1 X0.896 Y-.353 E0.01485
G1 X0.987 Y-.107 E0.00638
G1 X0.987 Y0.107 E0.0052
G1 X0.896 Y0.353 E0.00638
G1 X0.478 Y0.798 E0.01485
G1 X0.316 Y0.917 E0.00489
G1 X0.111 Y0.986 E0.00526
G1 F3600 E-1
G0 F12000 X0.482 Y1.357
G0 X17.009 Y3.947
G0 X17.301 Y4.325
G1 F3600 E1
G1 F4800 X17.42 Y3.85 E0.01191
G1 X17.613 Y2.834 E0.02515
G1 X17.728 Y1.925 E0.02228
G1 X17.809 Y0.958 E0.0236
G1 X17.836 Y0.00 E0.02331
G1 X17.809 Y-.966 E0.0235
G1 X17.728 Y-1.927 E0.02346
G1 X17.609 Y-2.834 E0.02225
G1 X17.42 Y-3.86 E0.02537
G1 X17.302 Y-4.325 E0.01167
G1 X-17.301 Y-4.325 E0.8416
G1 X-17.42 Y-3.85 E0.01191
G1 X-17.612 Y-2.834 E0.02515
G1 X-17.728 Y-1.925 E0.02229
G1 X-17.809 Y-.958 E0.0236
G1 X-17.836 Y0.00 E0.02331
G1 X-17.809 Y0.958 E0.02331
G1 X-17.728 Y1.923 E0.02355
G1 X-17.609 Y2.834 E0.02235
G1 X-17.416 Y3.869 E0.02561
G1 X-17.301 Y4.325 E0.01144
G1 X17.301 Y4.325 E0.84157
G1 F3600 E-1
G0 F12000 X17.632 Y4.75
;TYPE:WALL-OUTER
G1 F3600 E1
G1 F2400 X17.835 Y3.942 E0.02026
G1 X18.032 Y2.9 E0.02579
G1 X18.151 Y1.969 E0.02283
G1 X18.234 Y0.982 E0.02409
G1 X18.261 Y0.00 E0.02389
G1 X18.234 Y-.99 E0.02409
G1 X18.151 Y-1.973 E0.02399
G1 X18.029 Y-2.9 E0.02274
G1 X17.835 Y-3.95 E0.02597
G1 X17.633 Y-4.75 E0.02007
G1 X-17.632 Y-4.75 E0.8577
G1 X-17.835 Y-3.942 E0.02026
G1 X-18.032 Y-2.9 E0.02579
G1 X-18.151 Y-1.969 E0.02283
G1 X-18.234 Y-.982 E0.02409
G1 X-18.261 Y0.00 E0.02389
G1 X-18.234 Y0.982 E0.02389
G1 X-18.151 Y1.969 E0.02409
G1 X-18.019 Y2.956 E0.02422
G1 X-17.842 Y3.91 E0.0236
G1 X-17.633 Y4.75 E0.02105
G1 X17.632 Y4.75 E0.8577
G0 F12000 X17.826 Y3.975
G1 F3600 E-1
G0 F12000 X17.031 Y3.774
G0 X0.00 Y1.739
G0 X-.658 Y1.181
G0 X-0.044 Y0.567
G1 F3600 E1
G1 F840 X-.142 Y0.532 E0.00253
G1 X-.534 Y0.131 E0.01364
G1 X-.57 Y0.00 E0.0033
G1 X-.534 Y-.131 E0.0033
G1 X-.142 Y-.533 E0.01366
G1 X0.044 Y-.567 E0.0046
G1 X0.142 Y-.532 E0.00253
G1 X0.534 Y-.131 E0.01364
G1 X0.57 Y0.00 E0.0033
G1 X0.534 Y0.131 E0.0033
G1 X0.142 Y0.533 E0.01366
G1 X-0.044 Y0.567 E0.0046
G0 F12000 X-.142 Y0.532
G0 X-.534 Y0.131
G0 X-.569 Y0.001
G1 F3600 E-1
G0 F12000 X-1.204 Y0.635
G0 X-.12 Y1.629
G0 X3.255 Y3.895
;TYPE:SKIN
;BRIDGE
M107
G1 F3600 E1
G1 F1200 X-3.255 Y3.895 E0.15833
G1 X-3.719 Y3.502 E0.01479
G1 X-4.609 Y2.256 E0.03724
G1 X-4.97 Y1.171 E0.02781
G1 X-5.097 Y0.001 E0.02862
G1 X-4.971 Y-1.163 E0.02848
G1 X-4.609 Y-2.252 E0.02791
G1 X-3.715 Y-3.506 E0.03746
G1 X-3.255 Y-3.895 E0.01465
G1 X3.256 Y-3.895 E0.15836
G1 X3.505 Y-3.719 E0.00742
G1 X3.719 Y-3.502 E0.00741
G1 X4.609 Y-2.256 E0.03724
G1 X4.971 Y-1.175 E0.02773
G1 X5.097 Y0.00 E0.02874
G1 X4.97 Y1.171 E0.02865
G1 X4.609 Y2.252 E0.02772
G1 X3.715 Y3.506 E0.03746
G1 X3.255 Y3.895 E0.01465
G1 F3600 E-1
G0 F12000 X0.31 Y1.529
G0 X0.187 Y1.406
G1 F3600 E1
G1 F420 X0.486 Y1.305 E0.00768
G1 X0.786 Y1.093 E0.00893
G1 X1.248 Y0.587 E0.01666
G1 X1.408 Y0.161 E0.01107
G1 X1.408 Y-.161 E0.00783
G1 X1.248 Y-.587 E0.01107
G1 X0.786 Y-1.093 E0.01666
G1 X0.545 Y-1.274 E0.00733
G1 X0.223 Y-1.397 E0.00838
G1 X-.187 Y-1.406 E0.00997
G1 X-.486 Y-1.305 E0.00768
G1 X-.786 Y-1.093 E0.00893
G1 X-1.248 Y-.587 E0.01666
G1 X-1.408 Y-.161 E0.01107
G1 X-1.408 Y0.161 E0.00783
G1 X-1.248 Y0.587 E0.01107
G1 X-.786 Y1.093 E0.01666
G1 X-.545 Y1.274 E0.00733
G1 X-.223 Y1.397 E0.00838
G1 X0.187 Y1.406 E0.00997
G1 F3600 E-1
G0 F12000 X0.31 Y1.529
G0 X4.8 Y0.652
G1 F3600 E1
G1 F1200 X4.8 Y-.661 E0.03193
G1 X4.8 Y-.774
G1 F3600 E-1
G0 F12000 X4.2 Y-2.441
G1 F3600 E1
G1 F1200 X4.2 Y2.439 E0.11869
G1 X4.2 Y2.552
G0 F12000 X3.6 Y3.281
G1 F1200 X3.6 Y-3.281 E0.1596
G0 F12000 X3 Y-3.67
G1 F1200 X3 Y3.67 E0.17852
G0 F12000 X2.4 Y3.67
G1 F1200 X2.4 Y-3.67 E0.17852
G0 F12000 X1.8 Y-3.67
G1 F1200 X1.8 Y3.67 E0.17852
G0 F12000 X1.2 Y3.67
G1 F1200 X1.2 Y0.971 E0.06564
G0 F12000 X0.6 Y1.485
G1 F1200 X0.6 Y3.67 E0.05314
G0 F12000 X0.00 Y3.67
G1 F1200 X0.00 Y1.62 E0.04986
G0 F12000 X-.6 Y1.488
G1 F1200 X-.6 Y3.67 E0.05307
G0 F12000 X-1.2 Y3.67
G1 F1200 X-1.2 Y0.973 E0.0656
G1 X-1.2 Y0.86
G1 F3600 E-1
G0 F12000 X-1.739 Y0.00
G0 X-1.2 Y-.972
G1 F3600 E1
G1 F1200 X-1.2 Y-3.67 E0.06562
G0 F12000 X-.6 Y-3.67
G1 F1200 X-.6 Y-1.485 E0.05314
G0 F12000 X0.00 Y-1.62
G1 F1200 X0.00 Y-3.67 E0.04986
G0 F12000 X0.6 Y-3.67
G1 F1200 X0.6 Y-1.488 E0.05307
G0 F12000 X1.2 Y-.973
G1 F1200 X1.2 Y-3.67 E0.0656
G1 X1.2 Y-3.783
G1 F3600 E-1
G0 F12000 X-1.8 Y-3.67
G1 F3600 E1
G1 F1200 X-1.8 Y3.67 E0.17852
G0 F12000 X-2.4 Y3.67
G1 F1200 X-2.4 Y-3.67 E0.17852
G0 F12000 X-3 Y-3.67
G1 F1200 X-3 Y3.67 E0.17852
G0 F12000 X-3.6 Y3.281
G1 F1200 X-3.6 Y-3.281 E0.1596
G1 X-3.6 Y-3.394
G1 F3600 E-1
G0 F12000 X-4.2 Y-2.439
G1 F3600 E1
G1 F1200 X-4.2 Y2.441 E0.11869
G1 X-4.2 Y2.554
G1 F3600 E-1
G0 F12000 X-4.8 Y0.653
G1 F3600 E1
G1 F1200 X-4.8 Y-.653 E0.03176
G1 X-4.8 Y-.766
G1 F3600 E-1
;MESH:NONMESH
G0 F600 X-4.8 Y-.766 Z35.53
G0 F12000 X5.468 Y-3.92
;TIME_ELAPSED:1210.682050
;LAYER:271
M106 S255
;TYPE:FILL
;MESH:bridge.stl
G1 F3600 E1
G1 F9600 X5.38 Y-3.612 E0.00779
G1 X5.304 Y-2.709 E0.02204
G1 X5.427 Y-1.806 E0.02217
G1 X5.835 Y-.903 E0.0241
G1 X6.614 Y0.00 E0.02901
G1 X7.568 Y0.903 E0.03195
G1 X8.33 Y1.806 E0.02874
G1 X8.811 Y2.709 E0.02488
G1 X9.069 Y3.612 E0.02284
G1 X9.095 Y3.92 E0.00752
G1 X16.205 Y3.92 E0.17293
G1 X16.293 Y3.612 E0.00779
G1 X16.369 Y2.709 E0.02204
G1 X16.246 Y1.806 E0.02217
G1 X15.838 Y0.903 E0.0241
G1 X15.059 Y0.00 E0.02901
G1 X14.105 Y-.903 E0.03195
G1 X13.343 Y-1.806 E0.02874
G1 X12.862 Y-2.709 E0.02488
G1 X12.604 Y-3.612 E0.02284
G1 X12.578 Y-3.92 E0.00752
G1 F3600 E-1
G0 F12000 X-8.98 Y-3.92
G1 F3600 E1
G1 F9600 X-9.068 Y-3.612 E0.00779
G1 X-9.144 Y-2.709 E0.02204
G1 X-9.021 Y-1.806 E0.02217
G1 X-8.613 Y-.903 E0.0241
G1 X-7.834 Y0.00 E0.02901
G1 X-6.88 Y0.903 E0.03195
G1 X-6.118 Y1.806 E0.02874
G1 X-5.637 Y2.709 E0.02488
G1 X-5.379 Y3.612 E0.02284
G1 X-5.353 Y3.92 E0.00752
G1 X-12.691 Y3.92 E0.17847
G1 X-12.603 Y3.612 E0.00779
G1 X-12.527 Y2.709 E0.02204
G1 X-12.65 Y1.806 E0.02217
G1 X-13.058 Y0.903 E0.0241
G1 X-13.837 Y0.00 E0.02901
G1 X-14.791 Y-.903 E0.03195
G1 X-15.553 Y-1.806 E0.02874
G1 X-16.034 Y-2.709 E0.02488
G1 X-16.292 Y-3.612 E0.02284
G1 X-16.318 Y-3.92 E0.00752
G1 F3600 E-1
G0 F12000 X16.756 Y3.946
G0 X17.049 Y4.325
;TYPE:WALL-INNER
G1 F3600 E1
G1 F4800 X17.173 Y3.846 E0.01203
G1 X17.365 Y2.859 E0.02446
G1 X17.488 Y1.925 E0.02291
G1 X17.565 Y0.959 E0.02357
G1 X17.592 Y0.00 E0.02333
G1 X17.565 Y-.967 E0.02353
G1 X17.488 Y-1.927 E0.02342
G1 X17.358 Y-2.889 E0.02361
G1 X17.166 Y-3.867 E0.02424
G1 X17.048 Y-4.325 E0.0115
G1 X-17.049 Y-4.325 E0.82929
G1 X-17.173 Y-3.846 E0.01203
G1 X-17.365 Y-2.859 E0.02446
G1 X-17.488 Y-1.925 E0.02291
G1 X-17.565 Y-.959 E0.02357
G1 X-17.592 Y0.00 E0.02333
G1 X-17.565 Y0.959 E0.02333
G1 X-17.479 Y1.996 E0.02531
G1 X-17.357 Y2.89 E0.02194
G1 X-17.173 Y3.847 E0.0237
G1 X-17.049 Y4.325 E0.01201
G1 X17.049 Y4.325 E0.82931
G1 F3600 E-1
G0 F12000 X17.378 Y4.75
;TYPE:WALL-OUTER
G1 F3600 E1
G1 F2400 X17.588 Y3.94 E0.02035
G1 X17.785 Y2.927 E0.0251
G1 X17.911 Y1.969 E0.0235
G1 X17.99 Y0.982 E0.02408
G1 X18.017 Y0.00 E0.02389
G1 X17.99 Y-.99 E0.02409
G1 X17.911 Y-1.973 E0.02399
G1 X17.777 Y-2.959 E0.0242
G1 X17.584 Y-3.944 E0.02441
G1 X17.378 Y-4.75 E0.02023
G1 X-17.378 Y-4.75 E0.84532
G1 X-17.588 Y-3.94 E0.02035
G1 X-17.785 Y-2.927 E0.0251
G1 X-17.911 Y-1.969 E0.0235
G1 X-17.99 Y-.982 E0.02408
G1 X-18.017 Y0.00 E0.02389
G1 X-17.99 Y0.982 E0.02389
G1 X-17.911 Y1.969 E0.02408
G1 X-17.777 Y2.959 E0.0243
G1 X-17.588 Y3.94 E0.0243
G1 X-17.378 Y4.75 E0.02035
G1 X17.378 Y4.75 E0.84532
G0 F12000 X17.578 Y3.976
G1 F3600 E-1
G0 F12000 X16.781 Y3.769
G0 X1.207 Y3.687
;TYPE:SKIN
;BRIDGE
M107
G1 F3600 E1
G1 F1200 X0.00 Y3.86 E0.02966
G1 X-1.207 Y3.687 E0.02966
G1 X-2.48 Y2.925 E0.03608
G1 X-2.925 Y2.48 E0.01531
G1 X-3.687 Y1.211 E0.036
G1 X-3.86 Y0.001 E0.02973
G1 X-3.687 Y-1.207 E0.02968
G1 X-2.925 Y-2.476 E0.036
G1 X-2.476 Y-2.925 E0.01544
G1 X-1.207 Y-3.687 E0.036
G1 X0.00 Y-3.86 E0.02966
G1 X1.207 Y-3.687 E0.02966
G1 X2.48 Y-2.925 E0.03608
G1 X2.925 Y-2.48 E0.01531
G1 X3.687 Y-1.211 E0.036
G1 X3.86 Y-0.001 E0.02973
G1 X3.687 Y1.207 E0.02968
G1 X2.929 Y2.472 E0.03587
G1 X2.476 Y2.925 E0.01558
G1 X1.207 Y3.687 E0.036
G0 F12000 X0.711 Y3.531
G1 F1200 X3.53 Y0.713 E0.09694
G1 X3.609 Y0.634
G0 F12000 X3.603 Y-.209
G1 F1200 X-.209 Y3.603 E0.13112
G0 F12000 X-.951 Y3.497
G1 F1200 X3.497 Y-.951 E0.15299
G0 F12000 X3.23 Y-1.533
G1 F1200 X-1.533 Y3.23 E0.16383
G0 F12000 X-2.063 Y2.912
G1 F1200 X2.912 Y-2.063 E0.17112
G0 F12000 X2.543 Y-2.543
G1 F1200 X-2.543 Y2.543 E0.17494
G0 F12000 X-2.912 Y2.063
G1 F1200 X2.063 Y-2.912 E0.17112
G0 F12000 X1.533 Y-3.23
G1 F1200 X-3.23 Y1.533 E0.16383
G0 F12000 X-3.497 Y0.951
G1 F1200 X0.951 Y-3.497 E0.15299
G0 F12000 X0.209 Y-3.603
G1 F1200 X-3.603 Y0.209 E0.13112
G1 X-3.682 Y0.288
G1 F3600 E-1
G0 F12000 X-3.531 Y-.712
G1 F3600 E1
G1 F1200 X-.711 Y-3.531 E0.09698
G1 X-.632 Y-3.61
G0 F12000 X-.632 Y-3.575
G1 F3600 E-1
;MESH:NONMESH
G0 F600 X-.632 Y-3.575 Z35.66
G0 F12000 X12.606 Y-3.92
;TIME_ELAPSED:1220.476615
;LAYER:272
M106 S255
;TYPE:FILL
;MESH:bridge.stl
G1 F3600 E1
G1 F9600 X12.619 Y-3.612 E0.0075
G1 X12.84 Y-2.709 E0.02261
G1 X13.279 Y-1.806 E0.02442
G1 X13.996 Y-.903 E0.02804
G1 X14.918 Y0.00 E0.03139
G1 X15.708 Y0.903 E0.02918
G1 X16.154 Y1.806 E0.0245
G1 X16.317 Y2.709 E0.02232
G1 X16.278 Y3.612 E0.02198
G1 X16.203 Y3.919 E0.00769
G1 X9.067 Y3.919 E0.17356
G1 X9.054 Y3.612 E0.00747
G1 X8.833 Y2.709 E0.02261
G1 X8.394 Y1.806 E0.02442
G1 X7.677 Y0.903 E0.02804
G1 X6.755 Y0.00 E0.03139
G1 X5.965 Y-.903 E0.02918
G1 X5.519 Y-1.806 E0.0245
G1 X5.356 Y-2.709 E0.02232
G1 X5.395 Y-3.612 E0.02198
G1 X5.47 Y-3.92 E0.00771
G1 X-1.842 Y-3.92 E0.17784
G1 X-1.829 Y-3.612 E0.0075
G1 X-1.608 Y-2.709 E0.02261
G1 X-1.169 Y-1.806 E0.02442
G1 X-.67 Y-1.177 E0.01953
G1 X0.00 Y-1.847 E0.02305
G1 X1.847 Y0.00 E0.06353
G1 X1.113 Y0.734 E0.02525
G1 X1.26 Y0.903 E0.00545
G1 X1.706 Y1.806 E0.0245
G1 X1.869 Y2.709 E0.02232
G1 X1.83 Y3.612 E0.02198
G1 X1.755 Y3.919 E0.00769
G1 X-5.381 Y3.92 E0.17356
G1 X-5.394 Y3.612 E0.0075
G1 X-5.615 Y2.709 E0.02261
G1 X-6.054 Y1.806 E0.02442
G1 X-6.771 Y0.903 E0.02804
G1 X-7.693 Y0.00 E0.03139
G1 X-8.483 Y-.903 E0.02918
G1 X-8.929 Y-1.806 E0.0245
G1 X-9.092 Y-2.709 E0.02232
G1 X-9.053 Y-3.612 E0.02198
G1 X-8.978 Y-3.92 E0.00771
G1 X-16.29 Y-3.92 E0.17784
G1 X-16.277 Y-3.612 E0.0075
G1 X-16.056 Y-2.709 E0.02261
G1 X-15.617 Y-1.806 E0.02442
G1 X-14.9 Y-.903 E0.02804
G1 X-13.978 Y0.00 E0.03139
G1 X-13.188 Y0.903 E0.02918
G1 X-12.742 Y1.806 E0.0245
G1 X-12.579 Y2.709 E0.02232
G1 X-12.618 Y3.612 E0.02198
G1 X-12.693 Y3.92 E0.00771
G1 F3600 E-1
G0 F12000 X16.499 Y3.946
G0 X16.791 Y4.324
;TYPE:WALL-INNER
G1 F3600 E1
G1 F4800 X16.913 Y3.846 E0.012
G1 X17.106 Y2.881 E0.02394
G1 X17.252 Y1.867 E0.02492
G1 X17.325 Y0.982 E0.0216
G1 X17.352 Y0.001 E0.02387
G1 X17.325 Y-.965 E0.0235
G1 X17.248 Y-1.868 E0.02204
G1 X17.106 Y-2.882 E0.0249
G1 X16.817 Y-4.325 E0.03579
G1 X-16.791 Y-4.325 E0.8174
G1 X-16.916 Y-3.831 E0.01239
G1 X-17.106 Y-2.881 E0.02356
G1 X-17.253 Y-1.867 E0.02492
G1 X-17.325 Y-.982 E0.0216
G1 X-17.352 Y0.00 E0.02389
G1 X-17.325 Y0.958 E0.02331
G1 X-17.249 Y1.868 E0.02221
G1 X-17.106 Y2.882 E0.02491
G1 X-16.816 Y4.325 E0.0358
G1 X16.791 Y4.324 E0.81737
G1 F3600 E-1
G0 F12000 X17.121 Y4.749
;TYPE:WALL-OUTER
G1 F3600 E1
G1 F2400 X17.328 Y3.94 E0.02031
G1 X17.525 Y2.953 E0.02448
G1 X17.675 Y1.915 E0.02551
G1 X17.75 Y1.006 E0.02218
G1 X17.777 Y0.001 E0.02445
G1 X17.75 Y-.989 E0.02409
G1 X17.671 Y-1.915 E0.0226
G1 X17.525 Y-2.954 E0.02552
G1 X17.328 Y-3.944 E0.02455
G1 X17.121 Y-4.75 E0.02024
G1 X-17.121 Y-4.75 E0.83282
G1 X-17.328 Y-3.94 E0.02033
G1 X-17.525 Y-2.953 E0.02448
G1 X-17.675 Y-1.915 E0.02551
G1 X-17.75 Y-1.006 E0.02218
G1 X-17.777 Y0.00 E0.02448
G1 X-17.75 Y0.981 E0.02387
G1 X-17.671 Y1.916 E0.02282
G1 X-17.525 Y2.954 E0.02549
G1 X-17.328 Y3.94 E0.02445
G1 X-17.121 Y4.75 E0.02033
G1 X17.121 Y4.749 E0.83282
G0 F12000 X17.319 Y3.974
G1 F3600 E-1
G0 F12000 X16.525 Y3.767
G0 X0.00 Y1.305
;TYPE:SKIN
G1 F3600 E1
G1 F2400 X-1.305 Y0.00 E0.04489
G1 X0.00 Y-1.305 E0.04489
G1 X1.305 Y0.00 E0.04489
G1 X0.00 Y1.305 E0.04489
G0 F12000 X0.175 Y0.812
G1 F2400 X-.812 Y-.175 E0.03395
G0 F12000 X-.494 Y-.494
G1 F2400 X0.494 Y0.494 E0.03398
G0 F12000 X0.812 Y0.175
G1 F2400 X-.175 Y-.812 E0.03395
G1 X-.254 Y-.891
G1 F3600 E-1
;MESH:NONMESH
G0 F600 X-.254 Y-.891 Z35.79
G0 F12000 X12.63 Y-3.92
;TIME_ELAPSED:1225.884833
;LAYER:273
;TYPE:FILL
;MESH:bridge.stl
G1 F3600 E1
G1 F9600 X12.631 Y-3.612 E0.00749
G1 X12.815 Y-2.709 E0.02241
G1 X13.213 Y-1.806 E0.024
G1 X13.887 Y-.903 E0.02741
G1 X14.782 Y0.00 E0.03092
G1 X15.584 Y0.903 E0.02937
G1 X16.066 Y1.806 E0.0249
G1 X16.268 Y2.709 E0.02251
G1 X16.266 Y3.612 E0.02196
G1 X16.203 Y3.919 E0.00762
G1 X9.043 Y3.919 E0.17414
G1 X9.042 Y3.612 E0.00747
G1 X8.858 Y2.709 E0.02241
G1 X8.46 Y1.806 E0.024
G1 X7.786 Y0.903 E0.02741
G1 X6.891 Y0.00 E0.03092
G1 X6.089 Y-.903 E0.02937
G1 X5.607 Y-1.806 E0.0249
G1 X5.405 Y-2.709 E0.02251
G1 X5.407 Y-3.612 E0.02196
G1 X5.47 Y-3.92 E0.00765
G1 X-1.818 Y-3.92 E0.17725
G1 X-1.817 Y-3.612 E0.00749
G1 X-1.633 Y-2.709 E0.02241
G1 X-1.235 Y-1.806 E0.024
G1 X-.561 Y-.903 E0.02741
G1 X0.334 Y0.00 E0.03092
G1 X1.136 Y0.903 E0.02937
G1 X1.618 Y1.806 E0.0249
G1 X1.82 Y2.709 E0.02251
G1 X1.818 Y3.612 E0.02196
G1 X1.755 Y3.919 E0.00762
G1 X-5.405 Y3.92 E0.17414
G1 X-5.406 Y3.612 E0.00749
G1 X-5.59 Y2.709 E0.02241
G1 X-5.988 Y1.806 E0.024
G1 X-6.662 Y0.903 E0.02741
G1 X-7.557 Y0.00 E0.03092
G1 X-8.359 Y-.903 E0.02937
G1 X-8.841 Y-1.806 E0.0249
G1 X-9.043 Y-2.709 E0.02251
G1 X-9.041 Y-3.612 E0.02196
G1 X-8.978 Y-3.92 E0.00765
G1 X-16.23 Y-3.92 E0.17638
G1 X-16.265 Y-3.612 E0.00754
G1 X-16.081 Y-2.709 E0.02241
G1 X-15.683 Y-1.806 E0.024
G1 X-15.009 Y-.903 E0.02741
G1 X-14.114 Y0.00 E0.03092
G1 X-13.312 Y0.903 E0.02937
G1 X-12.83 Y1.806 E0.0249
G1 X-12.628 Y2.709 E0.02251
G1 X-12.63 Y3.612 E0.02196
G1 X-12.693 Y3.92 E0.00765
G1 F3600 E-1
G0 F12000 X16.243 Y3.946
G0 X16.535 Y4.324
;TYPE:WALL-INNER
G1 F3600 E1
G1 F4800 X16.657 Y3.846 E0.012
G1 X16.85 Y2.881 E0.02394
G1 X16.996 Y1.868 E0.02489
G1 X17.069 Y0.959 E0.02218
G1 X17.096 Y0.00 E0.02333
G1 X17.069 Y-.965 E0.02348
G1 X16.992 Y-1.868 E0.02204
G1 X16.85 Y-2.882 E0.0249
G1 X16.561 Y-4.325 E0.03579
G1 X-16.535 Y-4.325 E0.80494
G1 X-16.66 Y-3.831 E0.01239
G1 X-16.85 Y-2.881 E0.02356
G1 X-16.996 Y-1.868 E0.02489
G1 X-17.069 Y-.959 E0.02218
G1 X-17.096 Y0.00 E0.02333
G1 X-17.069 Y0.958 E0.02331
G1 X-16.993 Y1.868 E0.02221
G1 X-16.85 Y2.882 E0.02491
G1 X-16.56 Y4.325 E0.0358
G1 X16.535 Y4.324 E0.80492
G1 F3600 E-1
G0 F12000 X16.865 Y4.749
;TYPE:WALL-OUTER
G1 F3600 E1
G1 F2400 X17.072 Y3.94 E0.02031
G1 X17.269 Y2.953 E0.02448
G1 X17.419 Y1.916 E0.02548
G1 X17.494 Y0.982 E0.02279
G1 X17.521 Y0.00 E0.02389
G1 X17.494 Y-.989 E0.02406
G1 X17.415 Y-1.915 E0.0226
G1 X17.269 Y-2.954 E0.02552
G1 X17.072 Y-3.944 E0.02455
G1 X16.865 Y-4.75 E0.02024
G1 X-16.865 Y-4.75 E0.82036
G1 X-17.072 Y-3.94 E0.02033
G1 X-17.269 Y-2.953 E0.02448
G1 X-17.419 Y-1.916 E0.02548
G1 X-17.494 Y-.982 E0.02279
G1 X-17.521 Y0.00 E0.02389
G1 X-17.494 Y0.981 E0.02387
G1 X-17.415 Y1.916 E0.02282
G1 X-17.269 Y2.954 E0.02549
G1 X-17.072 Y3.94 E0.02445
G1 X-16.865 Y4.75 E0.02033
G1 X16.865 Y4.749 E0.82036
G0 F12000 X17.063 Y3.974
G0 X15.93 Y3.575
G1 F3600 E-1
;MESH:NONMESH
G0 F600 X15.93 Y3.575 Z35.92
G0 F12000 X12.65 Y-3.92
;TIME_ELAPSED:1230.587589
;LAYER:274
;TYPE:FILL
;MESH:bridge.stl
G1 F3600 E1
G1 F9600 X12.638 Y-3.612 E0.0075
G1 X12.785 Y-2.709 E0.02225
G1 X13.145 Y-1.806 E0.02364
G1 X13.778 Y-.903 E0.02682
G1 X14.649 Y0.00 E0.03051
G1 X15.465 Y0.903 E0.0296
G1 X15.984 Y1.806 E0.02533
G1 X16.219 Y2.69 E0.02225
G1 X15.972 Y3.919 E0.03049
G1 X9.023 Y3.919 E0.16901
G1 X9.035 Y3.612 E0.00747
G1 X8.888 Y2.709 E0.02225
G1 X8.528 Y1.806 E0.02364
G1 X7.895 Y0.903 E0.02682
G1 X7.024 Y0.00 E0.03051
G1 X6.208 Y-.903 E0.0296
G1 X5.689 Y-1.806 E0.02533
G1 X5.449 Y-2.709 E0.02272
G1 X5.414 Y-3.612 E0.02198
G1 X5.464 Y-3.92 E0.00759
G1 X-1.798 Y-3.92 E0.17662
G1 X-1.81 Y-3.612 E0.0075
G1 X-1.663 Y-2.709 E0.02225
G1 X-1.303 Y-1.806 E0.02364
G1 X-.67 Y-.903 E0.02682
G1 X0.201 Y0.00 E0.03051
G1 X1.017 Y0.903 E0.0296
G1 X1.536 Y1.806 E0.02533
G1 X1.776 Y2.709 E0.02272
G1 X1.811 Y3.612 E0.02198
G1 X1.761 Y3.919 E0.00757
G1 X-5.425 Y3.92 E0.17477
G1 X-5.413 Y3.612 E0.0075
G1 X-5.56 Y2.709 E0.02225
G1 X-5.92 Y1.806 E0.02364
G1 X-6.553 Y0.903 E0.02682
G1 X-7.424 Y0.00 E0.03051
G1 X-8.24 Y-.903 E0.0296
G1 X-8.759 Y-1.806 E0.02533
G1 X-8.999 Y-2.709 E0.02272
G1 X-9.034 Y-3.612 E0.02198
G1 X-8.984 Y-3.92 E0.00759
G1 X-15.974 Y-3.92 E0.17001
G1 X-16.158 Y-2.999 E0.02284
G1 X-16.111 Y-2.709 E0.00715
G1 X-15.751 Y-1.806 E0.02364
G1 X-15.118 Y-.903 E0.02682
G1 X-14.247 Y0.00 E0.03051
G1 X-13.431 Y0.903 E0.0296
G1 X-12.912 Y1.806 E0.02533
G1 X-12.672 Y2.709 E0.02272
G1 X-12.637 Y3.612 E0.02198
G1 X-12.687 Y3.92 E0.00759
G1 F3600 E-1
G0 F12000 X15.984 Y3.946
G0 X16.273 Y4.324
;TYPE:WALL-INNER
G1 F3600 E1
G1 F4800 X16.405 Y3.823 E0.0126
G1 X16.594 Y2.881 E0.02337
G1 X16.74 Y1.868 E0.02489
G1 X16.813 Y0.959 E0.02218
G1 X16.84 Y0.00 E0.02333
G1 X16.813 Y-.964 E0.02346
G1 X16.733 Y-1.868 E0.02207
G1 X16.594 Y-2.883 E0.02492
G1 X16.399 Y-3.845 E0.02387
G1 X16.27 Y-4.325 E0.01209
G1 X-16.273 Y-4.325 E0.79149
G1 X-16.402 Y-3.842 E0.01216
G1 X-16.594 Y-2.881 E0.02383
G1 X-16.74 Y-1.868 E0.02489
G1 X-16.813 Y-.959 E0.02218
G1 X-16.84 Y0.00 E0.02333
G1 X-16.813 Y0.956 E0.02326
G1 X-16.724 Y1.933 E0.02386
G1 X-16.593 Y2.883 E0.02332
G1 X-16.397 Y3.861 E0.02426
G1 X-16.271 Y4.325 E0.01169
G1 X16.273 Y4.324 E0.79152
G1 F3600 E-1
G0 F12000 X16.599 Y4.749
;TYPE:WALL-OUTER
G1 F3600 E1
G1 F2400 X16.816 Y3.939 E0.0204
G1 X17.013 Y2.953 E0.02445
G1 X17.163 Y1.916 E0.02548
G1 X17.238 Y0.982 E0.02279
G1 X17.265 Y0.00 E0.02389
G1 X17.238 Y-.989 E0.02406
G1 X17.146 Y-1.989 E0.02442
G1 X17.013 Y-2.954 E0.02369
G1 X16.82 Y-3.909 E0.0237
G1 X16.596 Y-4.75 E0.02117
G1 X-16.599 Y-4.75 E0.80735
G1 X-16.816 Y-3.939 E0.02042
G1 X-17.013 Y-2.953 E0.02445
G1 X-17.163 Y-1.916 E0.02548
G1 X-17.238 Y-.982 E0.02279
G1 X-17.265 Y0.00 E0.02389
G1 X-17.238 Y0.981 E0.02387
G1 X-17.155 Y1.916 E0.02283
G1 X-17.013 Y2.954 E0.02548
G1 X-16.816 Y3.938 E0.02441
G1 X-16.596 Y4.75 E0.02046
G1 X16.599 Y4.749 E0.80735
G0 F12000 X16.805 Y3.977
G0 X15.673 Y3.575
G1 F3600 E-1
;MESH:NONMESH
G0 F600 X15.673 Y3.575 Z36.05
G0 F12000 X12.666 Y-3.92
;TIME_ELAPSED:1235.247376
;LAYER:275
;TYPE:FILL
;MESH:bridge.stl
G1 F3600 E1
G1 F9600 X12.642 Y-3.612 E0.00751
G1 X12.753 Y-2.709 E0.02213
G1 X13.073 Y-1.806 E0.0233
G1 X13.668 Y-.903 E0.0263
G1 X14.519 Y0.00 E0.03018
G1 X15.35 Y0.903 E0.02985
G1 X15.905 Y1.806 E0.02578
G1 X16.024 Y2.19 E0.00978
G1 X15.935 Y2.81 E0.01523
G1 X15.699 Y3.919 E0.02758
G1 X9.007 Y3.919 E0.16276
G1 X9.031 Y3.612 E0.00749
G1 X8.92 Y2.709 E0.02213
G1 X8.6 Y1.806 E0.0233
G1 X8.005 Y0.903 E0.0263
G1 X7.154 Y0.00 E0.03018
G1 X6.323 Y-.903 E0.02985
G1 X5.768 Y-1.806 E0.02578
G1 X5.489 Y-2.709 E0.02299
G1 X5.418 Y-3.612 E0.02203
G1 X5.456 Y-3.92 E0.00755
G1 X-1.782 Y-3.92 E0.17604
G1 X-1.806 Y-3.612 E0.00751
G1 X-1.695 Y-2.709 E0.02213
G1 X-1.375 Y-1.806 E0.0233
G1 X-.78 Y-.903 E0.0263
G1 X0.071 Y0.000 E0.03018
G1 X0.902 Y0.903 E0.02985
G1 X1.457 Y1.806 E0.02578
G1 X1.736 Y2.709 E0.02299
G1 X1.807 Y3.612 E0.02203
G1 X1.769 Y3.919 E0.00752
G1 X-5.441 Y3.92 E0.17536
G1 X-5.417 Y3.612 E0.00751
G1 X-5.528 Y2.709 E0.02213
G1 X-5.848 Y1.806 E0.0233
G1 X-6.443 Y0.903 E0.0263
G1 X-7.294 Y0.00 E0.03018
G1 X-8.125 Y-.903 E0.02985
G1 X-8.68 Y-1.806 E0.02578
G1 X-8.959 Y-2.709 E0.02299
G1 X-9.03 Y-3.612 E0.02203
G1 X-8.992 Y-3.92 E0.00755
G1 X-15.7 Y-3.92 E0.16315
G1 X-15.936 Y-2.813 E0.02753
G1 X-16.006 Y-2.322 E0.01206
G1 X-15.823 Y-1.806 E0.01332
G1 X-15.228 Y-.903 E0.0263
G1 X-14.377 Y0.00 E0.03018
G1 X-13.546 Y0.903 E0.02985
G1 X-12.991 Y1.806 E0.02578
G1 X-12.712 Y2.709 E0.02299
G1 X-12.641 Y3.612 E0.02203
G1 X-12.679 Y3.92 E0.00755
G1 F3600 E-1
G0 F12000 X15.714 Y3.946
G0 X15.999 Y4.324
;TYPE:WALL-INNER
G1 F3600 E1
G1 F4800 X16.131 Y3.84 E0.0122
G1 X16.338 Y2.87 E0.02412
G1 X16.472 Y1.919 E0.02336
G1 X16.557 Y0.956 E0.02351
G1 X16.584 Y0.00 E0.02326
G1 X16.557 Y-.964 E0.02346
G1 X16.477 Y-1.867 E0.02205
G1 X16.33 Y-2.922 E0.02591
G1 X16.026 Y-4.325 E0.03491
G1 X-16 Y-4.325 E0.77892
G1 X-16.132 Y-3.84 E0.01222
G1 X-16.338 Y-2.87 E0.02412
G1 X-16.473 Y-1.919 E0.02336
G1 X-16.557 Y-.956 E0.02351
G1 X-16.584 Y0.00 E0.02326
G1 X-16.557 Y0.956 E0.02326
G1 X-16.477 Y1.867 E0.02224
G1 X-16.33 Y2.922 E0.02591
G1 X-16.026 Y4.325 E0.03491
G1 X15.999 Y4.324 E0.7789
G1 F3600 E-1
G0 F12000 X16.324 Y4.749
;TYPE:WALL-OUTER
G1 F3600 E1
G1 F2400 X16.544 Y3.94 E0.02039
G1 X16.757 Y2.944 E0.02477
G1 X16.895 Y1.967 E0.024
G1 X16.982 Y0.981 E0.02407
G1 X17.009 Y0.00 E0.02387
G1 X16.982 Y-.989 E0.02406
G1 X16.899 Y-1.915 E0.02261
G1 X16.749 Y-2.996 E0.02654
G1 X16.545 Y-3.94 E0.02349
G1 X16.325 Y-4.75 E0.02041
G1 X-16.325 Y-4.75 E0.7941
G1 X-16.545 Y-3.94 E0.02041
G1 X-16.757 Y-2.944 E0.02477
G1 X-16.895 Y-1.967 E0.024
G1 X-16.982 Y-.981 E0.02407
G1 X-17.009 Y0.00 E0.02387
G1 X-16.982 Y0.981 E0.02387
G1 X-16.899 Y1.915 E0.02281
G1 X-16.749 Y2.996 E0.02654
G1 X-16.545 Y3.94 E0.02349
G1 X-16.324 Y4.75 E0.02042
G1 X16.324 Y4.749 E0.79405
G0 F12000 X16.534 Y3.977
G0 X15.407 Y3.575
G1 F3600 E-1
;MESH:NONMESH
G0 F600 X15.407 Y3.575 Z36.18
G0 F12000 X-12.666 Y3.92
;TIME_ELAPSED:1239.964727
;LAYER:276
;TYPE:FILL
;MESH:bridge.stl
G1 F3600 E1
G1 F9600 X-12.641 Y3.612 E0.00752
G1 X-12.749 Y2.709 E0.02212
G1 X-13.066 Y1.806 E0.02328
G1 X-13.659 Y0.903 E0.02627
G1 X-14.508 Y0.00 E0.03014
G1 X-15.34 Y-.903 E0.02986
G1 X-15.84 Y-1.711 E0.02311
G1 X-15.664 Y-2.806 E0.02697
G1 X-15.429 Y-3.92 E0.02769
G1 X-9.005 Y-3.92 E0.15624
G1 X-9.03 Y-3.612 E0.00752
G1 X-8.922 Y-2.709 E0.02212
G1 X-8.605 Y-1.806 E0.02328
G1 X-8.012 Y-.903 E0.02627
G1 X-7.163 Y0.00 E0.03014
G1 X-6.331 Y0.903 E0.02986
G1 X-5.773 Y1.806 E0.02582
G1 X-5.491 Y2.709 E0.02301
G1 X-5.417 Y3.612 E0.02204
G1 X-5.454 Y3.92 E0.00754
G1 X1.782 Y3.919 E0.17599
G1 X1.807 Y3.612 E0.00749
G1 X1.699 Y2.709 E0.02212
G1 X1.382 Y1.806 E0.02328
G1 X0.789 Y0.903 E0.02627
G1 X-0.06 Y0.000 E0.03014
G1 X-.892 Y-.903 E0.02986
G1 X-1.45 Y-1.806 E0.02582
G1 X-1.732 Y-2.709 E0.02301
G1 X-1.806 Y-3.612 E0.02204
G1 X-1.769 Y-3.92 E0.00754
G1 X5.443 Y-3.92 E0.17541
G1 X5.418 Y-3.612 E0.00752
G1 X5.526 Y-2.709 E0.02212
G1 X5.843 Y-1.806 E0.02328
G1 X6.436 Y-.903 E0.02627
G1 X7.285 Y0.00 E0.03014
G1 X8.117 Y0.903 E0.02986
G1 X8.675 Y1.806 E0.02582
G1 X8.957 Y2.709 E0.02301
G1 X9.031 Y3.612 E0.02204
G1 X8.994 Y3.919 E0.00752
G1 X15.429 Y3.919 E0.15651
G1 X15.664 Y2.805 E0.02769
G1 X15.821 Y1.792 E0.02493
G1 X15.237 Y0.903 E0.02587
G1 X14.388 Y0.00 E0.03014
G1 X13.556 Y-.903 E0.02986
G1 X12.998 Y-1.806 E0.02582
G1 X12.716 Y-2.709 E0.02301
G1 X12.642 Y-3.612 E0.02204
G1 X12.679 Y-3.92 E0.00754
G1 F3600 E-1
G0 F12000 X15.44 Y3.946
G0 X15.727 Y4.324
;TYPE:WALL-INNER
G1 F3600 E1
G1 F4800 X15.859 Y3.841 E0.01218
G1 X16.063 Y2.874 E0.02404
G1 X16.221 Y1.863 E0.02489
G1 X16.297 Y0.958 E0.02209
G1 X16.324 Y-0.002 E0.02336
G1 X16.301 Y-.939 E0.0228
G1 X16.213 Y-1.862 E0.02255
G1 X16.063 Y-2.876 E0.02493
G1 X15.855 Y-3.858 E0.02441
G1 X15.728 Y-4.325 E0.01177
G1 X-15.728 Y-4.325 E0.76506
G1 X-15.859 Y-3.841 E0.0122
G1 X-16.063 Y-2.874 E0.02404
G1 X-16.221 Y-1.863 E0.02489
G1 X-16.297 Y-.958 E0.02209
G1 X-16.324 Y0.002 E0.02336
G1 X-16.301 Y0.931 E0.0226
G1 X-16.213 Y1.862 E0.02274
G1 X-16.063 Y2.876 E0.02493
G1 X-15.855 Y3.858 E0.02441
G1 X-15.728 Y4.325 E0.01177
G1 X15.727 Y4.324 E0.76503
G1 F3600 E-1
G0 F12000 X16.052 Y4.749
;TYPE:WALL-OUTER
G1 F3600 E1
G1 F2400 X16.272 Y3.941 E0.02037
G1 X16.481 Y2.95 E0.02463
G1 X16.643 Y1.914 E0.0255
G1 X16.722 Y0.981 E0.02277
G1 X16.749 Y-0.001 E0.02389
G1 X16.726 Y-.965 E0.02345
G1 X16.635 Y-1.913 E0.02316
G1 X16.481 Y-2.951 E0.02552
G1 X16.272 Y-3.941 E0.02461
G1 X16.052 Y-4.75 E0.02039
G1 X-16.052 Y-4.75 E0.78082
G1 X-16.272 Y-3.941 E0.02039
G1 X-16.481 Y-2.95 E0.02463
G1 X-16.643 Y-1.914 E0.0255
G1 X-16.722 Y-.981 E0.02277
G1 X-16.749 Y0.001 E0.02389
G1 X-16.726 Y0.957 E0.02326
G1 X-16.635 Y1.913 E0.02336
G1 X-16.481 Y2.951 E0.02552
G1 X-16.272 Y3.941 E0.02461
G1 X-16.052 Y4.75 E0.02039
G1 X16.052 Y4.749 E0.78082
G0 F12000 X16.262 Y3.977
G0 X15.133 Y3.575
G1 F3600 E-1
;MESH:NONMESH
G0 F600 X15.133 Y3.575 Z36.31
G0 F12000 X-12.651 Y3.92
;TIME_ELAPSED:1244.538201
;LAYER:277
;TYPE:FILL
;MESH:bridge.stl
G1 F3600 E1
G1 F9600 X-12.638 Y3.612 E0.0075
G1 X-12.782 Y2.709 E0.02224
G1 X-13.138 Y1.806 E0.02361
G1 X-13.769 Y0.903 E0.02679
G1 X-14.638 Y0.00 E0.03048
G1 X-15.455 Y-.903 E0.02962
G1 X-15.601 Y-1.157 E0.00713
G1 X-15.543 Y-1.817 E0.01611
G1 X-15.392 Y-2.809 E0.0244
G1 X-15.157 Y-3.92 E0.02762
G1 X-9.02 Y-3.92 E0.14926
G1 X-9.033 Y-3.612 E0.0075
G1 X-8.889 Y-2.709 E0.02224
G1 X-8.533 Y-1.806 E0.02361
G1 X-7.902 Y-.903 E0.02679
G1 X-7.033 Y0.00 E0.03048
G1 X-6.216 Y0.903 E0.02962
G1 X-5.695 Y1.806 E0.02536
G1 X-5.451 Y2.709 E0.02275
G1 X-5.414 Y3.612 E0.02198
G1 X-5.463 Y3.92 E0.00759
G1 X1.797 Y3.919 E0.17657
G1 X1.81 Y3.612 E0.00747
G1 X1.666 Y2.709 E0.02224
G1 X1.31 Y1.806 E0.02361
G1 X0.679 Y0.903 E0.02679
G1 X-.19 Y0.00 E0.03048
G1 X-1.007 Y-.903 E0.02962
G1 X-1.528 Y-1.806 E0.02536
G1 X-1.772 Y-2.709 E0.02275
G1 X-1.809 Y-3.612 E0.02198
G1 X-1.76 Y-3.92 E0.00759
G1 X5.428 Y-3.92 E0.17482
G1 X5.415 Y-3.612 E0.0075
G1 X5.559 Y-2.709 E0.02224
G1 X5.915 Y-1.806 E0.02361
G1 X6.546 Y-.903 E0.02679
G1 X7.415 Y0.00 E0.03048
G1 X8.232 Y0.903 E0.02962
G1 X8.753 Y1.806 E0.02536
G1 X8.997 Y2.709 E0.02275
G1 X9.034 Y3.612 E0.02198
G1 X8.985 Y3.919 E0.00756
G1 X15.157 Y3.919 E0.15011
G1 X15.393 Y2.801 E0.02779
G1 X15.583 Y1.555 E0.03065
G1 X15.127 Y0.903 E0.01935
G1 X14.258 Y0.00 E0.03048
G1 X13.441 Y-.903 E0.02962
G1 X12.92 Y-1.806 E0.02536
G1 X12.676 Y-2.709 E0.02275
G1 X12.639 Y-3.612 E0.02198
G1 X12.688 Y-3.92 E0.00759
G1 F3600 E-1
G0 F12000 X15.167 Y3.946
G0 X15.453 Y4.324
;TYPE:WALL-INNER
G1 F3600 E1
G1 F4800 X15.587 Y3.84 E0.01221
G1 X15.791 Y2.875 E0.02399
G1 X15.945 Y1.863 E0.0249
G1 X16.025 Y0.956 E0.02215
G1 X16.052 Y-0.004 E0.02336
G1 X16.025 Y-.959 E0.02324
G1 X15.941 Y-1.863 E0.02208
G1 X15.791 Y-2.876 E0.02491
G1 X15.588 Y-3.84 E0.02396
G1 X15.454 Y-4.325 E0.01224
G1 X-15.454 Y-4.325 E0.75173
G1 X-15.588 Y-3.84 E0.01224
G1 X-15.791 Y-2.875 E0.02398
G1 X-15.945 Y-1.863 E0.0249
G1 X-16.025 Y-.956 E0.02215
G1 X-16.052 Y0.003 E0.02333
G1 X-16.025 Y0.955 E0.02316
G1 X-15.941 Y1.863 E0.02218
G1 X-15.791 Y2.876 E0.02491
G1 X-15.588 Y3.84 E0.02396
G1 X-15.454 Y4.325 E0.01224
G1 X15.453 Y4.324 E0.7517
G1 F3600 E-1
G0 F12000 X15.777 Y4.749
;TYPE:WALL-OUTER
G1 F3600 E1
G1 F2400 X16 Y3.94 E0.02041
G1 X16.209 Y2.951 E0.02459
G1 X16.367 Y1.914 E0.02551
G1 X16.45 Y0.981 E0.02278
G1 X16.477 Y-0.004 E0.02397
G1 X16.45 Y-.984 E0.02384
G1 X16.363 Y-1.914 E0.02272
G1 X16.209 Y-2.951 E0.0255
G1 X16.001 Y-3.94 E0.02458
G1 X15.777 Y-4.75 E0.02044
G1 X-15.777 Y-4.75 E0.76744
G1 X-16.001 Y-3.94 E0.02044
G1 X-16.209 Y-2.951 E0.02458
G1 X-16.367 Y-1.914 E0.02551
G1 X-16.45 Y-.981 E0.02278
G1 X-16.477 Y0.003 E0.02394
G1 X-16.45 Y0.98 E0.02377
G1 X-16.363 Y1.914 E0.02281
G1 X-16.209 Y2.951 E0.0255
G1 X-16.001 Y3.94 E0.02458
G1 X-15.777 Y4.75 E0.02044
G1 X15.777 Y4.749 E0.76744
G0 F12000 X15.989 Y3.978
G0 X14.86 Y3.575
G1 F3600 E-1
;MESH:NONMESH
G0 F600 X14.86 Y3.575 Z36.44
G0 F12000 X-12.63 Y3.92
;TIME_ELAPSED:1249.067603
;LAYER:278
;TYPE:FILL
;MESH:bridge.stl
G1 F3600 E1
G1 F9600 X-12.63 Y3.612 E0.00749
G1 X-12.811 Y2.709 E0.0224
G1 X-13.207 Y1.806 E0.02398
G1 X-13.878 Y0.903 E0.02736
G1 X-14.771 Y0.00 E0.03089
G1 X-15.368 Y-.67 E0.02183
G1 X-15.271 Y-1.818 E0.02802
G1 X-15.121 Y-2.801 E0.02418
G1 X-14.885 Y-3.92 E0.02781
G1 X-9.041 Y-3.92 E0.14213
G1 X-9.041 Y-3.612 E0.00749
G1 X-8.86 Y-2.709 E0.0224
G1 X-8.464 Y-1.806 E0.02398
G1 X-7.793 Y-.903 E0.02736
G1 X-6.9 Y0.00 E0.03089
G1 X-6.097 Y0.903 E0.02939
G1 X-5.612 Y1.806 E0.02493
G1 X-5.407 Y2.709 E0.02252
G1 X-5.406 Y3.612 E0.02196
G1 X-5.468 Y3.92 E0.00764
G1 X1.818 Y3.919 E0.17721
G1 X1.818 Y3.612 E0.00747
G1 X1.637 Y2.709 E0.0224
G1 X1.241 Y1.806 E0.02398
G1 X0.57 Y0.903 E0.02736
G1 X-.323 Y0.00 E0.03089
G1 X-1.126 Y-.903 E0.02939
G1 X-1.611 Y-1.806 E0.02493
G1 X-1.816 Y-2.709 E0.02252
G1 X-1.817 Y-3.612 E0.02196
G1 X-1.755 Y-3.92 E0.00764
G1 X5.407 Y-3.92 E0.17419
G1 X5.407 Y-3.612 E0.00749
G1 X5.588 Y-2.709 E0.0224
G1 X5.984 Y-1.806 E0.02398
G1 X6.655 Y-.903 E0.02736
G1 X7.548 Y0.00 E0.03089
G1 X8.351 Y0.903 E0.02939
G1 X8.836 Y1.806 E0.02493
G1 X9.041 Y2.709 E0.02252
G1 X9.042 Y3.612 E0.02196
G1 X8.98 Y3.919 E0.00762
G1 X14.883 Y3.919 E0.14357
G1 X15.122 Y2.797 E0.0279
G1 X15.272 Y1.809 E0.0243
G1 X15.314 Y1.302 E0.01237
G1 X15.018 Y0.903 E0.01208
G1 X14.125 Y0.00 E0.03089
G1 X13.322 Y-.903 E0.02939
G1 X12.837 Y-1.806 E0.02493
G1 X12.632 Y-2.709 E0.02252
G1 X12.631 Y-3.612 E0.02196
G1 X12.693 Y-3.92 E0.00764
G1 F3600 E-1
G0 F12000 X14.889 Y3.945
G0 X15.171 Y4.324
;TYPE:WALL-INNER
G1 F3600 E1
G1 F4800 X15.316 Y3.83 E0.01252
G1 X15.519 Y2.875 E0.02375
G1 X15.673 Y1.864 E0.02487
G1 X15.749 Y0.956 E0.02216
G1 X15.78 Y0.00 E0.02326
G1 X15.749 Y-.963 E0.02343
G1 X15.669 Y-1.864 E0.022
G1 X15.508 Y-2.93 E0.02622
G1 X15.311 Y-3.832 E0.02246
G1 X15.17 Y-4.325 E0.01247
G1 X-15.171 Y-4.325 E0.73794
G1 X-15.317 Y-3.83 E0.01255
G1 X-15.519 Y-2.875 E0.02374
G1 X-15.673 Y-1.864 E0.02487
G1 X-15.749 Y-.956 E0.02216
G1 X-15.78 Y0.00 E0.02326
G1 X-15.749 Y0.955 E0.02324
G1 X-15.669 Y1.864 E0.02219
G1 X-15.519 Y2.876 E0.02488
G1 X-15.32 Y3.807 E0.02315
G1 X-15.172 Y4.325 E0.0131
G1 X15.171 Y4.324 E0.73799
G1 F3600 E-1
G0 F12000 X15.488 Y4.749
;TYPE:WALL-OUTER
G1 F3600 E1
G1 F2400 X15.729 Y3.934 E0.02067
G1 X15.937 Y2.951 E0.02444
G1 X16.095 Y1.914 E0.02551
G1 X16.174 Y0.981 E0.02277
G1 X16.205 Y0.00 E0.02387
G1 X16.174 Y-.988 E0.02404
G1 X16.091 Y-1.914 E0.02261
G1 X15.937 Y-2.951 E0.0255
G1 X15.729 Y-3.915 E0.02399
G1 X15.491 Y-4.75 E0.02112
G1 X-15.489 Y-4.75 E0.75348
G1 X-15.729 Y-3.934 E0.02069
G1 X-15.937 Y-2.951 E0.02444
G1 X-16.095 Y-1.914 E0.02551
G1 X-16.174 Y-.981 E0.02277
G1 X-16.205 Y0.00 E0.02387
G1 X-16.174 Y0.98 E0.02385
G1 X-16.091 Y1.914 E0.02281
G1 X-15.937 Y2.951 E0.0255
G1 X-15.733 Y3.911 E0.02387
G1 X-15.491 Y4.75 E0.02124
G1 X15.488 Y4.749 E0.75345
G0 F12000 X15.714 Y3.982
G0 X14.59 Y3.575
G1 F3600 E-1
;MESH:NONMESH
G0 F600 X14.59 Y3.575 Z36.57
G0 F12000 X-12.607 Y3.92
;TIME_ELAPSED:1253.556619
;LAYER:279
;TYPE:FILL
;MESH:bridge.stl
G1 F3600 E1
G1 F9600 X-12.619 Y3.612 E0.0075
G1 X-12.837 Y2.709 E0.02259
G1 X-13.273 Y1.806 E0.02439
G1 X-13.986 Y0.903 E0.02798
G1 X-15.094 Y-.184 E0.03775
G1 X-15.072 Y-.956 E0.01878
G1 X-14.998 Y-1.826 E0.02124
G1 X-14.845 Y-2.784 E0.0236
G1 X-14.585 Y-3.92 E0.02834
G1 X-9.064 Y-3.92 E0.13428
G1 X-9.052 Y-3.612 E0.0075
G1 X-8.834 Y-2.709 E0.02259
G1 X-8.398 Y-1.806 E0.02439
G1 X-7.685 Y-.903 E0.02798
G1 X-6.765 Y0.00 E0.03135
G1 X-5.974 Y0.903 E0.0292
G1 X-5.525 Y1.806 E0.02453
G1 X-5.359 Y2.709 E0.02233
G1 X-5.395 Y3.612 E0.02198
G1 X-5.469 Y3.92 E0.0077
G1 X1.841 Y3.92 E0.17779
G1 X1.829 Y3.612 E0.0075
G1 X1.611 Y2.709 E0.02259
G1 X1.175 Y1.806 E0.02439
G1 X0.462 Y0.903 E0.02798
G1 X-.458 Y0.00 E0.03135
G1 X-1.249 Y-.903 E0.0292
G1 X-1.698 Y-1.806 E0.02453
G1 X-1.864 Y-2.709 E0.02233
G1 X-1.828 Y-3.612 E0.02198
G1 X-1.754 Y-3.92 E0.0077
G1 X5.384 Y-3.92 E0.17361
G1 X5.396 Y-3.612 E0.0075
G1 X5.614 Y-2.709 E0.02259
G1 X6.05 Y-1.806 E0.02439
G1 X6.763 Y-.903 E0.02798
G1 X7.683 Y0.00 E0.03135
G1 X8.474 Y0.903 E0.0292
G1 X8.923 Y1.806 E0.02453
G1 X9.089 Y2.709 E0.02233
G1 X9.053 Y3.612 E0.02198
G1 X8.979 Y3.92 E0.0077
G1 X14.586 Y3.92 E0.13637
G1 X14.844 Y2.781 E0.0284
G1 X14.999 Y1.81 E0.02392
G1 X15.06 Y1.093 E0.0175
G1 X14.91 Y0.903 E0.00589
G1 X13.99 Y0.00 E0.03135
G1 X13.199 Y-.903 E0.0292
G1 X12.75 Y-1.806 E0.02453
G1 X12.584 Y-2.709 E0.02233
G1 X12.62 Y-3.612 E0.02198
G1 X12.694 Y-3.92 E0.0077
G1 F3600 E-1
G0 F12000 X14.596 Y3.945
G0 X14.879 Y4.325
;TYPE:WALL-INNER
G1 F3600 E1
G1 F4800 X15.022 Y3.828 E0.01258
G1 X15.24 Y2.867 E0.02397
G1 X15.401 Y1.862 E0.02475
G1 X15.477 Y0.958 E0.02206
G1 X15.504 Y0.00 E0.02331
G1 X15.477 Y-.963 E0.02343
G1 X15.393 Y-1.861 E0.02194
G1 X15.24 Y-2.87 E0.02482
G1 X15.017 Y-3.853 E0.02452
G1 X14.88 Y-4.325 E0.01195
G1 X-14.879 Y-4.325 E0.72378
G1 X-15.025 Y-3.81 E0.01302
G1 X-15.241 Y-2.867 E0.02353
G1 X-15.401 Y-1.862 E0.02475
G1 X-15.477 Y-.958 E0.02206
G1 X-15.504 Y0.00 E0.02331
G1 X-15.477 Y0.955 E0.02324
G1 X-15.393 Y1.861 E0.02213
G1 X-15.24 Y2.869 E0.0248
G1 X-15.016 Y3.845 E0.02435
G1 X-14.879 Y4.325 E0.01214
G1 X14.879 Y4.325 E0.72376
G1 F3600 E-1
G0 F12000 X15.199 Y4.75
;TYPE:WALL-OUTER
G1 F3600 E1
G1 F2400 X15.44 Y3.905 E0.02137
G1 X15.658 Y2.948 E0.02387
G1 X15.823 Y1.913 E0.02549
G1 X15.902 Y0.981 E0.02275
G1 X15.929 Y0.00 E0.02387
G1 X15.902 Y-.988 E0.02404
G1 X15.815 Y-1.913 E0.0226
G1 X15.658 Y-2.949 E0.02548
G1 X15.433 Y-3.941 E0.02474
G1 X15.2 Y-4.75 E0.02048
G1 X-15.199 Y-4.75 E0.73935
G1 X-15.44 Y-3.905 E0.02137
G1 X-15.658 Y-2.948 E0.02387
G1 X-15.823 Y-1.913 E0.02549
G1 X-15.902 Y-.981 E0.02275
G1 X-15.929 Y0.00 E0.02387
G1 X-15.902 Y0.98 E0.02384
G1 X-15.815 Y1.913 E0.02279
G1 X-15.658 Y2.949 E0.02548
G1 X-15.433 Y3.933 E0.02455
G1 X-15.199 Y4.75 E0.02067
G1 X15.199 Y4.75 E0.73932
G0 F12000 X15.418 Y3.981
G0 X14.297 Y3.575
G1 F3600 E-1
;MESH:NONMESH
G0 F600 X14.297 Y3.575 Z36.7
G0 F12000 X-12.58 Y3.92
;TIME_ELAPSED:1258.002511
;LAYER:280
;TYPE:FILL
;MESH:bridge.stl
G1 F3600 E1
G1 F9600 X-12.605 Y3.612 E0.00752
G1 X-12.86 Y2.709 E0.02282
G1 X-13.337 Y1.806 E0.02484
G1 X-14.096 Y0.903 E0.02869
G1 X-14.825 Y0.21 E0.02446
G1 X-14.788 Y-.95 E0.02823
G1 X-14.713 Y-1.807 E0.02092
G1 X-14.551 Y-2.792 E0.02428
G1 X-14.293 Y-3.92 E0.02814
G1 X-9.091 Y-3.92 E0.12652
G1 X-9.066 Y-3.612 E0.00752
G1 X-8.811 Y-2.709 E0.02282
G1 X-8.334 Y-1.806 E0.02484
G1 X-7.575 Y-.903 E0.02869
G1 X-6.624 Y0.00 E0.0319
G1 X-5.845 Y0.903 E0.02901
G1 X-5.434 Y1.806 E0.02413
G1 X-5.307 Y2.709 E0.02218
G1 X-5.381 Y3.612 E0.02204
G1 X-5.468 Y3.92 E0.00778
G1 X1.868 Y3.92 E0.17842
G1 X1.843 Y3.612 E0.00752
G1 X1.588 Y2.709 E0.02282
G1 X1.111 Y1.806 E0.02484
G1 X0.352 Y0.903 E0.02869
G1 X-.599 Y0.00 E0.0319
G1 X-1.378 Y-.903 E0.02901
G1 X-1.789 Y-1.806 E0.02413
G1 X-1.916 Y-2.709 E0.02218
G1 X-1.842 Y-3.612 E0.02204
G1 X-1.755 Y-3.92 E0.00778
G1 X5.357 Y-3.92 E0.17297
G1 X5.382 Y-3.612 E0.00752
G1 X5.637 Y-2.709 E0.02282
G1 X6.114 Y-1.806 E0.02484
G1 X6.873 Y-.903 E0.02869
G1 X7.824 Y0.00 E0.0319
G1 X8.603 Y0.903 E0.02901
G1 X9.014 Y1.806 E0.02413
G1 X9.141 Y2.709 E0.02218
G1 X9.067 Y3.612 E0.02204
G1 X8.98 Y3.92 E0.00778
G1 X14.294 Y3.92 E0.12924
G1 X14.551 Y2.788 E0.02823
G1 X14.713 Y1.806 E0.02421
G1 X14.79 Y0.893 E0.02228
G1 X13.849 Y0.00 E0.03155
G1 X13.07 Y-.903 E0.02901
G1 X12.659 Y-1.806 E0.02413
G1 X12.532 Y-2.709 E0.02218
G1 X12.606 Y-3.612 E0.02204
G1 X12.693 Y-3.92 E0.00778
G1 F3600 E-1
G0 F12000 X14.304 Y3.946
G0 X14.587 Y4.325
;TYPE:WALL-INNER
G1 F3600 E1
G1 F4800 X14.73 Y3.828 E0.01258
G1 X14.949 Y2.866 E0.024
G1 X15.113 Y1.859 E0.02481
G1 X15.193 Y0.955 E0.02207
G1 X15.224 Y-0.004 E0.02334
G1 X15.194 Y-.957 E0.02319
G1 X15.11 Y-1.859 E0.02203
G1 X14.949 Y-2.868 E0.02485
G1 X14.725 Y-3.849 E0.02447
G1 X14.588 Y-4.325 E0.01205
G1 X-14.587 Y-4.325 E0.70958
G1 X-14.733 Y-3.81 E0.01302
G1 X-14.949 Y-2.866 E0.02355
G1 X-15.113 Y-1.859 E0.02481
G1 X-15.193 Y-.955 E0.02207
G1 X-15.224 Y0.003 E0.02331
G1 X-15.193 Y0.953 E0.02312
G1 X-15.109 Y1.859 E0.02213
G1 X-14.949 Y2.867 E0.02482
G1 X-14.724 Y3.845 E0.02441
G1 X-14.587 Y4.325 E0.01214
G1 X14.587 Y4.325 E0.70955
G1 F3600 E-1
G0 F12000 X14.907 Y4.75
;TYPE:WALL-OUTER
G1 F3600 E1
G1 F2400 X15.148 Y3.905 E0.02137
G1 X15.366 Y2.948 E0.02387
G1 X15.535 Y1.912 E0.02553
G1 X15.618 Y0.98 E0.02276
G1 X15.649 Y-0.004 E0.02394
G1 X15.618 Y-.984 E0.02385
G1 X15.531 Y-1.912 E0.02267
G1 X15.366 Y-2.948 E0.02551
G1 X15.141 Y-3.937 E0.02467
G1 X14.907 Y-4.75 E0.02058
G1 X-14.907 Y-4.75 E0.72512
G1 X-15.148 Y-3.905 E0.02137
G1 X-15.366 Y-2.948 E0.02387
G1 X-15.535 Y-1.912 E0.02553
G1 X-15.618 Y-.98 E0.02276
G1 X-15.649 Y0.003 E0.02392
G1 X-15.618 Y0.98 E0.02377
G1 X-15.531 Y1.912 E0.02277
G1 X-15.366 Y2.948 E0.02551
G1 X-15.141 Y3.933 E0.02457
G1 X-14.907 Y4.75 E0.02067
G1 X14.907 Y4.75 E0.72512
G0 F12000 X15.126 Y3.981
G0 X14.003 Y3.575
G1 F3600 E-1
;MESH:NONMESH
G0 F600 X14.003 Y3.575 Z36.83
G0 F12000 X-12.548 Y3.92
;TIME_ELAPSED:1262.405678
;LAYER:281
;TYPE:FILL
;MESH:bridge.stl
G1 F3600 E1
G1 F9600 X-12.586 Y3.612 E0.00755
G1 X-12.879 Y2.709 E0.02309
G1 X-13.398 Y1.806 E0.02533
G1 X-14.206 Y0.903 E0.02947
G1 X-14.506 Y0.629 E0.00988
G1 X-14.527 Y0.01 E0.01506
G1 X-14.508 Y-.514 E0.01275
G1 X-13.655 Y-.429 E0.02085
G1 X-13.507 Y-1.828 E0.03422
G1 X-13.343 Y-2.778 E0.02345
G1 X-13.07 Y-3.92 E0.02856
G1 X-9.123 Y-3.92 E0.096
G1 X-9.085 Y-3.612 E0.00755
G1 X-8.792 Y-2.709 E0.02309
G1 X-8.273 Y-1.806 E0.02533
G1 X-7.465 Y-.903 E0.02947
G1 X-6.477 Y0.00 E0.03255
G1 X-5.708 Y0.903 E0.02885
G1 X-5.337 Y1.806 E0.02374
G1 X-5.251 Y2.709 E0.02206
G1 X-5.362 Y3.612 E0.02213
G1 X-5.462 Y3.92 E0.00788
G1 X1.9 Y3.92 E0.17905
G1 X1.862 Y3.612 E0.00755
G1 X1.569 Y2.709 E0.02309
G1 X1.05 Y1.806 E0.02533
G1 X0.242 Y0.903 E0.02947
G1 X-.746 Y0.00 E0.03255
G1 X-1.515 Y-.903 E0.02885
G1 X-1.886 Y-1.806 E0.02374
G1 X-1.972 Y-2.709 E0.02206
G1 X-1.861 Y-3.612 E0.02213
G1 X-1.761 Y-3.92 E0.00788
G1 X5.325 Y-3.92 E0.17234
G1 X5.363 Y-3.612 E0.00755
G1 X5.656 Y-2.709 E0.02309
G1 X6.175 Y-1.806 E0.02533
G1 X6.983 Y-.903 E0.02947
G1 X7.971 Y0.00 E0.03255
G1 X8.74 Y0.903 E0.02885
G1 X9.111 Y1.806 E0.02374
G1 X9.197 Y2.709 E0.02206
G1 X9.086 Y3.612 E0.02213
G1 X8.986 Y3.92 E0.00788
G1 X13.069 Y3.92 E0.0993
G1 X13.346 Y2.78 E0.02853
G1 X13.501 Y1.884 E0.02212
G1 X13.655 Y0.429 E0.03559
G1 X14.234 Y0.487 E0.01415
G1 X13.702 Y0.00 E0.01754
G1 X12.933 Y-.903 E0.02885
G1 X12.562 Y-1.806 E0.02374
G1 X12.476 Y-2.709 E0.02206
G1 X12.587 Y-3.612 E0.02213
G1 X12.687 Y-3.92 E0.00788
G1 F3600 E-1
G0 F12000 X14.009 Y3.945
G0 X14.287 Y4.325
;TYPE:WALL-INNER
G1 F3600 E1
G1 F4800 X14.439 Y3.823 E0.01276
G1 X14.656 Y2.867 E0.02384
G1 X14.817 Y1.859 E0.02483
G1 X14.901 Y0.953 E0.02213
G1 X14.932 Y-0.004 E0.02329
G1 X14.902 Y-.956 E0.02317
G1 X14.814 Y-1.859 E0.02207
G1 X14.656 Y-2.869 E0.02486
G1 X14.439 Y-3.83 E0.02396
G1 X14.288 Y-4.325 E0.01259
G1 X-14.287 Y-4.325 E0.69499
G1 X-14.439 Y-3.823 E0.01276
G1 X-14.657 Y-2.867 E0.02385
G1 X-14.817 Y-1.859 E0.02482
G1 X-14.901 Y-.953 E0.02213
G1 X-14.932 Y0.003 E0.02326
G1 X-14.902 Y0.952 E0.02309
G1 X-14.814 Y1.859 E0.02216
G1 X-14.656 Y2.868 E0.02484
G1 X-14.439 Y3.823 E0.02382
G1 X-14.287 Y4.325 E0.01276
G1 X14.287 Y4.325 E0.69496
G1 F3600 E-1
G0 F12000 X14.602 Y4.75
;TYPE:WALL-OUTER
G1 F3600 E1
G1 F2400 X14.85 Y3.931 E0.02081
G1 X15.074 Y2.948 E0.02452
G1 X15.239 Y1.912 E0.02551
G1 X15.326 Y0.98 E0.02277
G1 X15.357 Y-0.004 E0.02394
G1 X15.326 Y-.983 E0.02382
G1 X15.235 Y-1.912 E0.0227
G1 X15.074 Y-2.949 E0.02552
G1 X14.85 Y-3.939 E0.02469
G1 X14.602 Y-4.75 E0.02063
G1 X-14.602 Y-4.75 E0.71028
G1 X-14.85 Y-3.931 E0.02081
G1 X-15.074 Y-2.948 E0.02452
G1 X-15.239 Y-1.912 E0.02551
G1 X-15.326 Y-.98 E0.02277
G1 X-15.357 Y0.003 E0.02392
G1 X-15.326 Y0.979 E0.02375
G1 X-15.235 Y1.912 E0.0228
G1 X-15.074 Y2.948 E0.0255
G1 X-14.85 Y3.931 E0.02452
G1 X-14.602 Y4.75 E0.02081
G1 X14.602 Y4.75 E0.71028
G0 F12000 X14.833 Y3.985
G1 F3600 E-1
G0 F12000 X14.049 Y3.748
G0 X13.475 Y3.884
;TYPE:SKIN
G1 F3600 E1
G1 F2297.9 X13.723 Y2.885 E0.02615
G1 F2307.7 X13.89 Y1.925 E0.02465
G1 X14.005 Y0.856 E0.0272
G1 X14.466 Y0.902 E0.01172
G1 F2297.9 X14.389 Y1.747 E0.02155
G1 F2283.3 X14.224 Y2.772 E0.02654
G1 F2288.1 X13.971 Y3.883 E0.02907
G1 X13.475 Y3.884 E0.01265
G1 F3600 E-1
G0 F12000 X13.482 Y-3.883
G1 F3600 E1
G1 F2273.7 X13.974 Y-3.883 E0.01263
G1 F2268.9 X14.221 Y-2.791 E0.0288
G1 F2278.5 X14.355 Y-1.956 E0.02167
G1 F2288.1 X13.893 Y-1.882 E0.01194
G1 X13.72 Y-2.888 E0.02604
G1 F2283.3 X13.482 Y-3.883 E0.02615
G1 F3600 E-1
G0 F12000 X-14.467 Y-.903
G1 F3600 E1
G1 F2288.1 X-14.392 Y-1.738 E0.02139
G1 F2278.5 X-14.224 Y-2.772 E0.02684
G1 F2283.3 X-13.971 Y-3.884 E0.02915
G1 X-13.479 Y-3.884 E0.01258
G1 F2288.1 X-13.721 Y-2.883 E0.02627
G1 F2297.9 X-13.888 Y-1.937 E0.0244
G1 X-14.005 Y-.856 E0.02762
G1 F2302.8 X-14.467 Y-.903 E0.01177
G1 F3600 E-1
G0 F12000 X-13.482 Y3.883
G1 F3600 E1
G1 F2278.5 X-13.971 Y3.883 E0.01253
G1 X-14.222 Y2.786 E0.02883
G1 F2288.1 X-14.355 Y1.962 E0.02129
G1 F2297.9 X-13.896 Y1.886 E0.01182
G1 X-13.723 Y2.88 E0.02563
G1 F2288.1 X-13.482 Y3.883 E0.02632
G0 F12000 X-13.482 Y3.575
G1 F3600 E-1
;MESH:NONMESH
G0 F600 X-13.482 Y3.575 Z36.96
G0 F12000 X-12.512 Y3.92
;TIME_ELAPSED:1267.945043
;LAYER:282
;TYPE:FILL
;MESH:bridge.stl
G1 F3600 E1
G1 F9600 X-12.563 Y3.612 E0.00759
G1 X-12.894 Y2.709 E0.02339
G1 X-13.098 Y2.382 E0.00937
G1 X-13.191 Y1.833 E0.01354
G1 X-13.287 Y0.908 E0.02262
G1 X-13.317 Y0.004 E0.022
G1 X-13.287 Y-.908 E0.02219
G1 X-13.188 Y-1.858 E0.02323
G1 X-13.029 Y-2.793 E0.02307
G1 X-12.743 Y-3.92 E0.02828
G1 X-9.159 Y-3.92 E0.08717
G1 X-9.108 Y-3.612 E0.00759
G1 X-8.777 Y-2.709 E0.02339
G1 X-8.214 Y-1.806 E0.02588
G1 X-7.352 Y-.903 E0.03036
G1 X-6.321 Y0.00 E0.03333
G1 X-5.563 Y0.903 E0.02867
G1 X-5.234 Y1.806 E0.02337
G1 X-5.19 Y2.709 E0.02199
G1 X-5.339 Y3.612 E0.02226
G1 X-5.452 Y3.92 E0.00798
G1 X1.936 Y3.919 E0.17969
G1 X1.885 Y3.612 E0.00757
G1 X1.554 Y2.709 E0.02339
G1 X0.991 Y1.806 E0.02588
G1 X0.129 Y0.903 E0.03036
G1 X-.902 Y0.00 E0.03333
G1 X-1.66 Y-.903 E0.02867
G1 X-1.989 Y-1.806 E0.02337
G1 X-2.033 Y-2.709 E0.02199
G1 X-1.884 Y-3.612 E0.02226
G1 X-1.771 Y-3.92 E0.00798
G1 X5.289 Y-3.92 E0.17171
G1 X5.34 Y-3.612 E0.00759
G1 X5.671 Y-2.709 E0.02339
G1 X6.234 Y-1.806 E0.02588
G1 X7.096 Y-.903 E0.03036
G1 X8.127 Y0.00 E0.03333
G1 X8.885 Y0.903 E0.02867
G1 X9.214 Y1.806 E0.02337
G1 X9.258 Y2.709 E0.02199
G1 X9.109 Y3.612 E0.02226
G1 X8.996 Y3.919 E0.00796
G1 X12.743 Y3.919 E0.09113
G1 X13.03 Y2.787 E0.0284
G1 X13.189 Y1.849 E0.02314
G1 X13.287 Y0.908 E0.02301
G1 X13.326 Y-.263 E0.0285
G1 X12.788 Y-.903 E0.02033
G1 X12.459 Y-1.806 E0.02337
G1 X12.415 Y-2.709 E0.02199
G1 X12.564 Y-3.612 E0.02226
G1 X12.677 Y-3.92 E0.00798
G1 F3600 E-1
G0 F12000 X13.701 Y3.945
G0 X13.978 Y4.324
;TYPE:WALL-INNER
G1 F3600 E1
G1 F4800 X14.136 Y3.817 E0.01292
G1 X14.361 Y2.871 E0.02365
G1 X14.526 Y1.858 E0.02496
G1 X14.609 Y0.953 E0.0221
G1 X14.64 Y-0.004 E0.02329
G1 X14.61 Y-.956 E0.02317
G1 X14.522 Y-1.858 E0.02204
G1 X14.357 Y-2.902 E0.02571
G1 X14.133 Y-3.82 E0.02298
G1 X13.977 Y-4.325 E0.01286
G1 X-13.979 Y-4.325 E0.67993
G1 X-14.136 Y-3.817 E0.01293
G1 X-14.361 Y-2.871 E0.02365
G1 X-14.526 Y-1.858 E0.02496
G1 X-14.609 Y-.953 E0.0221
G1 X-14.64 Y0.003 E0.02326
G1 X-14.61 Y0.952 E0.02309
G1 X-14.522 Y1.858 E0.02214
G1 X-14.357 Y2.902 E0.02571
G1 X-14.133 Y3.816 E0.02289
G1 X-13.977 Y4.325 E0.01295
G1 X13.978 Y4.324 E0.67991
G1 F3600 E-1
G0 F12000 X14.291 Y4.749
;TYPE:WALL-OUTER
G1 F3600 E1
G1 F2400 X14.546 Y3.929 E0.02089
G1 X14.778 Y2.954 E0.02438
G1 X14.947 Y1.912 E0.02567
G1 X15.034 Y0.98 E0.02277
G1 X15.065 Y-0.004 E0.02394
G1 X15.034 Y-.983 E0.02382
G1 X14.943 Y-1.912 E0.0227
G1 X14.774 Y-2.986 E0.02644
G1 X14.534 Y-3.963 E0.02447
G1 X14.291 Y-4.75 E0.02003
G1 X-14.291 Y-4.75 E0.69516
G1 X-14.546 Y-3.929 E0.02091
G1 X-14.778 Y-2.954 E0.02438
G1 X-14.947 Y-1.912 E0.02567
G1 X-15.034 Y-.98 E0.02277
G1 X-15.065 Y0.003 E0.02392
G1 X-15.034 Y0.979 E0.02375
G1 X-14.943 Y1.912 E0.0228
G1 X-14.774 Y2.986 E0.02644
G1 X-14.551 Y3.897 E0.02281
G1 X-14.291 Y4.75 E0.02169
G1 X14.291 Y4.749 E0.69516
G0 F12000 X14.528 Y3.986
G1 F3600 E-1
G0 F12000 X13.743 Y3.744
G0 X13.162 Y3.879
;TYPE:SKIN
G1 F3600 E1
G1 F2259.4 X13.42 Y2.853 E0.02733
G1 X13.576 Y1.957 E0.0235
G1 F2250 X13.68 Y0.957 E0.02608
G1 F2240.7 X13.713 Y0.00 E0.02495
G1 X13.681 Y-.941 E0.02453
G1 F2250 X13.574 Y-1.937 E0.02599
G1 X13.417 Y-2.872 E0.0246
G1 F2240.7 X13.156 Y-3.878 E0.02707
G1 F2236 X13.659 Y-3.879 E0.01313
G1 F2231.4 X13.912 Y-2.863 E0.02739
G1 X14.083 Y-1.751 E0.02943
G1 X14.166 Y-.935 E0.02146
G1 X14.195 Y-0.032 E0.02363
G1 F2236 X14.167 Y0.921 E0.02489
G1 F2231.4 X14.091 Y1.736 E0.02141
G1 X13.917 Y2.813 E0.02854
G1 F2245.3 X13.662 Y3.879 E0.02849
G1 F2250 X13.162 Y3.879 E0.01297
G1 F3600 E-1
G0 F12000 X-13.162 Y3.879
G1 F3600 E1
G1 F2240.7 X-13.659 Y3.879 E0.01295
G1 F2231.4 X-13.912 Y2.863 E0.02739
G1 F2226.8 X-14.083 Y1.751 E0.02949
G1 F2231.4 X-14.166 Y0.924 E0.02174
G1 F2236 X-14.195 Y0.004 E0.02403
G1 F2240.7 X-14.167 Y-.921 E0.02411
G1 F2231.4 X-14.091 Y-1.736 E0.02141
G1 X-13.917 Y-2.813 E0.02854
G1 F2245.3 X-13.661 Y-3.879 E0.0285
G1 X-13.153 Y-3.88 E0.01321
G1 F2254.7 X-13.415 Y-2.875 E0.02689
G1 F2259.4 X-13.576 Y-1.957 E0.02408
G1 F2250 X-13.68 Y-.957 E0.02608
G1 F2240.7 X-13.713 Y0.002 E0.025
G1 X-13.681 Y0.941 E0.02448
G1 F2250 X-13.574 Y1.937 E0.02599
G1 X-13.421 Y2.852 E0.02407
G1 F2245.3 X-13.162 Y3.879 E0.02753
G0 F12000 X-13.162 Y3.575
G1 F3600 E-1
;MESH:NONMESH
G0 F600 X-13.162 Y3.575 Z37.09
G0 F12000 X-9.199 Y-3.92
;TIME_ELAPSED:1273.361906
;LAYER:283
;TYPE:FILL
;MESH:bridge.stl
G1 F3600 E1
G1 F9600 X-9.135 Y-3.612 E0.00765
G1 X-8.766 Y-2.709 E0.02373
G1 X-8.157 Y-1.806 E0.02649
G1 X-7.235 Y-.903 E0.03139
G1 X-6.153 Y0.00 E0.03428
G1 X-5.408 Y0.903 E0.02847
G1 X-5.124 Y1.806 E0.02302
G1 X-5.125 Y2.709 E0.02196
G1 X-5.312 Y3.612 E0.02243
G1 X-5.438 Y3.92 E0.00809
G1 X1.976 Y3.919 E0.18032
G1 X1.912 Y3.612 E0.00763
G1 X1.543 Y2.709 E0.02373
G1 X0.934 Y1.806 E0.02649
G1 X0.012 Y0.903 E0.03139
G1 X-1.07 Y0.00 E0.03428
G1 X-1.815 Y-.903 E0.02847
G1 X-2.099 Y-1.806 E0.02302
G1 X-2.098 Y-2.709 E0.02196
G1 X-1.911 Y-3.612 E0.02243
G1 X-1.785 Y-3.92 E0.00809
G1 X5.249 Y-3.92 E0.17108
G1 X5.313 Y-3.612 E0.00765
G1 X5.682 Y-2.709 E0.02373
G1 X6.291 Y-1.806 E0.02649
G1 X7.213 Y-.903 E0.03139
G1 X8.295 Y0.00 E0.03428
G1 X9.04 Y0.903 E0.02847
G1 X9.324 Y1.806 E0.02302
G1 X9.323 Y2.709 E0.02196
G1 X9.136 Y3.612 E0.02243
G1 X9.01 Y3.919 E0.00807
G1 X12.404 Y3.919 E0.08255
G1 X12.705 Y2.761 E0.0291
G1 X12.871 Y1.873 E0.02197
G1 X12.973 Y0.9 E0.02379
G1 X13.002 Y0.005 E0.02178
G1 X12.986 Y-.475 E0.01168
G1 X12.633 Y-.903 E0.01349
G1 X12.349 Y-1.806 E0.02302
G1 X12.35 Y-2.709 E0.02196
G1 X12.514 Y-3.499 E0.01962
G1 F3600 E-1
G0 F12000 X13.386 Y3.945
G0 X13.664 Y4.324
;TYPE:WALL-INNER
G1 F3600 E1
G1 F4800 X13.825 Y3.797 E0.0134
G1 X14.054 Y2.859 E0.02348
G1 X14.215 Y1.911 E0.02339
G1 X14.318 Y0.957 E0.02334
G1 X14.348 Y-0.003 E0.02336
G1 X14.318 Y-.949 E0.02302
G1 X14.215 Y-1.911 E0.02353
G1 X14.054 Y-2.859 E0.02339
G1 X13.82 Y-3.82 E0.02406
G1 X13.665 Y-4.325 E0.01285
G1 X-13.665 Y-4.325 E0.66471
G1 X-13.821 Y-3.816 E0.01295
G1 X-14.054 Y-2.859 E0.02396
G1 X-14.215 Y-1.911 E0.02339
G1 X-14.318 Y-.957 E0.02334
G1 X-14.348 Y0.003 E0.02336
G1 X-14.318 Y0.941 E0.02283
G1 X-14.214 Y1.911 E0.02373
G1 X-14.054 Y2.859 E0.02338
G1 X-13.821 Y3.816 E0.02396
G1 X-13.665 Y4.325 E0.01295
G1 X13.664 Y4.324 E0.66468
G1 F3600 E-1
G0 F12000 X13.979 Y4.749
;TYPE:WALL-OUTER
G1 F3600 E1
G1 F2400 X14.23 Y3.929 E0.02086
G1 X14.47 Y2.945 E0.02463
G1 X14.636 Y1.969 E0.02408
G1 X14.742 Y0.986 E0.02405
G1 X14.773 Y-0.003 E0.02407
G1 X14.742 Y-.978 E0.02373
G1 X14.636 Y-1.969 E0.02424
G1 X14.47 Y-2.945 E0.02408
G1 X14.23 Y-3.933 E0.02473
G1 X13.979 Y-4.75 E0.02079
G1 X-13.979 Y-4.75 E0.67998
G1 X-14.23 Y-3.929 E0.02088
G1 X-14.47 Y-2.945 E0.02463
G1 X-14.636 Y-1.969 E0.02408
G1 X-14.742 Y-.986 E0.02405
G1 X-14.773 Y0.003 E0.02407
G1 X-14.742 Y0.97 E0.02353
G1 X-14.636 Y1.969 E0.02443
G1 X-14.47 Y2.945 E0.02408
G1 X-14.239 Y3.897 E0.02383
G1 X-13.979 Y4.75 E0.02169
G1 X13.979 Y4.749 E0.67998
G0 F12000 X14.213 Y3.985
G1 F3600 E-1
G0 F12000 X13.43 Y3.741
G0 X12.832 Y3.873
;TYPE:SKIN
G1 F3600 E1
G1 F2213.1 X13.092 Y2.862 E0.02753
G1 F2222.2 X13.267 Y1.917 E0.02524
G1 F2213.1 X13.373 Y0.954 E0.02555
G1 F2195.1 X13.406 Y0.005 E0.02525
G1 X13.374 Y-.953 E0.02549
G1 F2204.1 X13.271 Y-1.887 E0.02489
G1 F2213.1 X13.092 Y-2.857 E0.02602
G1 F2195.1 X12.826 Y-3.873 E0.02793
G1 F2186.2 X13.342 Y-3.873 E0.01378
G1 X13.612 Y-2.774 E0.03022
G1 F2190.7 X13.768 Y-1.857 E0.02478
G1 F2195.1 X13.868 Y-.928 E0.02485
G1 F2186.2 X13.898 Y-0.028 E0.02404
G1 F2190.7 X13.87 Y0.923 E0.02535
G1 F2199.6 X13.77 Y1.844 E0.02458
G1 F2204.1 X13.615 Y2.754 E0.02445
G1 F2195.1 X13.342 Y3.874 E0.03065
G1 X12.832 Y3.873 E0.01356
G1 F3600 E-1
G0 F12000 X-12.833 Y3.874
G1 F3600 E1
G1 F2199.6 X-13.342 Y3.873 E0.01351
G1 F2195.1 X-13.612 Y2.77 E0.0302
G1 X-13.768 Y1.861 E0.02453
G1 X-13.868 Y0.916 E0.02527
G1 X-13.898 Y0.004 E0.02426
G1 X-13.87 Y-.923 E0.02466
G1 F2199.6 X-13.77 Y-1.844 E0.02458
G1 F2204.1 X-13.615 Y-2.754 E0.02445
G1 F2195.1 X-13.343 Y-3.874 E0.03065
G1 F2204.1 X-12.833 Y-3.874 E0.01351
G1 F2213.1 X-13.092 Y-2.861 E0.02758
G1 F2222.2 X-13.267 Y-1.925 E0.02501
G1 F2213.1 X-13.373 Y-.954 E0.02576
G1 F2195.1 X-13.406 Y0.002 E0.02544
G1 X-13.373 Y0.949 E0.0252
G1 F2208.6 X-13.274 Y1.874 E0.02459
G1 F2213.1 X-13.089 Y2.869 E0.02669
G1 F2204.1 X-12.833 Y3.874 E0.02747
G0 F12000 X-12.833 Y3.575
G1 F3600 E-1
;MESH:NONMESH
G0 F600 X-12.833 Y3.575 Z37.22
G0 F12000 X-9.243 Y-3.92
;TIME_ELAPSED:1278.592314
;LAYER:284
;TYPE:FILL
;MESH:bridge.stl
G1 F3600 E1
G1 F9600 X-9.166 Y-3.612 E0.00772
G1 X-8.758 Y-2.709 E0.0241
G1 X-8.101 Y-1.806 E0.02716
G1 X-7.112 Y-.903 E0.03257
G1 X-5.97 Y0.00 E0.03541
G1 X-5.24 Y0.903 E0.02824
G1 X-5.008 Y1.806 E0.02268
G1 X-5.054 Y2.709 E0.02199
G1 X-5.281 Y3.612 E0.02265
G1 X-5.42 Y3.92 E0.00822
G1 X2.02 Y3.92 E0.18095
G1 X1.943 Y3.612 E0.00772
G1 X1.535 Y2.709 E0.0241
G1 X0.878 Y1.806 E0.02716
G1 X-.111 Y0.903 E0.03257
G1 X-1.253 Y0.00 E0.03541
G1 X-1.983 Y-.903 E0.02824
G1 X-2.215 Y-1.806 E0.02268
G1 X-2.169 Y-2.709 E0.02199
G1 X-1.942 Y-3.612 E0.02265
G1 X-1.803 Y-3.92 E0.00822
G1 X5.205 Y-3.92 E0.17044
G1 X5.282 Y-3.612 E0.00772
G1 X5.69 Y-2.709 E0.0241
G1 X6.347 Y-1.806 E0.02716
G1 X7.336 Y-.903 E0.03257
G1 X8.478 Y0.00 E0.03541
G1 X9.208 Y0.903 E0.02824
G1 X9.44 Y1.806 E0.02268
G1 X9.394 Y2.709 E0.02199
G1 X9.167 Y3.612 E0.02265
G1 X9.028 Y3.92 E0.00822
G1 X12.065 Y3.92 E0.07386
G1 X12.363 Y2.777 E0.02873
G1 X12.537 Y1.835 E0.0233
G1 X12.637 Y0.915 E0.02251
G1 X12.67 Y-0.003 E0.02234
G1 X12.646 Y-.68 E0.01648
G1 X12.465 Y-.903 E0.00699
G1 X12.233 Y-1.806 E0.02268
G1 X12.279 Y-2.709 E0.02199
G1 X12.329 Y-2.908 E0.00499
G1 F3600 E-1
G0 F12000 X13.071 Y3.945
G0 X13.346 Y4.325
;TYPE:WALL-INNER
G1 F3600 E1
G1 F4800 X13.509 Y3.814 E0.01305
G1 X13.738 Y2.859 E0.02389
G1 X13.902 Y1.911 E0.0234
G1 X14.002 Y0.949 E0.02352
G1 X14.036 Y-0.003 E0.02317
G1 X14.002 Y-.953 E0.02312
G1 X13.903 Y-1.911 E0.02342
G1 X13.738 Y-2.858 E0.02338
G1 X13.499 Y-3.84 E0.02458
G1 X13.345 Y-4.325 E0.01238
G1 X-13.346 Y-4.325 E0.64916
G1 X-13.509 Y-3.814 E0.01305
G1 X-13.738 Y-2.859 E0.02389
G1 X-13.902 Y-1.911 E0.0234
G1 X-14.002 Y-.949 E0.02352
G1 X-14.036 Y0.003 E0.02317
G1 X-14.002 Y0.949 E0.02302
G1 X-13.902 Y1.911 E0.02352
G1 X-13.738 Y2.859 E0.0234
G1 X-13.509 Y3.814 E0.02389
G1 X-13.346 Y4.325 E0.01305
G1 X13.346 Y4.325 E0.64919
G1 F3600 E-1
G0 F12000 X13.657 Y4.75
;TYPE:WALL-OUTER
G1 F3600 E1
G1 F2400 X13.918 Y3.928 E0.02098
G1 X14.154 Y2.945 E0.02459
G1 X14.324 Y1.969 E0.0241
G1 X14.426 Y0.978 E0.02423
G1 X14.461 Y-0.003 E0.02387
G1 X14.426 Y-.982 E0.02383
G1 X14.324 Y-1.969 E0.02413
G1 X14.155 Y-2.945 E0.02409
G1 X13.915 Y-3.932 E0.0247
G1 X13.656 Y-4.75 E0.02087
G1 X-13.657 Y-4.75 E0.66429
G1 X-13.918 Y-3.928 E0.02098
G1 X-14.154 Y-2.945 E0.02459
G1 X-14.324 Y-1.969 E0.0241
G1 X-14.426 Y-.978 E0.02423
G1 X-14.461 Y0.003 E0.02387
G1 X-14.426 Y0.978 E0.02373
G1 X-14.324 Y1.969 E0.02423
G1 X-14.154 Y2.945 E0.0241
G1 X-13.918 Y3.928 E0.02459
G1 X-13.657 Y4.75 E0.02098
G1 X13.657 Y4.75 E0.66432
G0 F12000 X13.899 Y3.988
G1 F3600 E-1
G0 F12000 X13.116 Y3.74
G0 X12.5 Y3.869
;TYPE:SKIN
G1 F3600 E1
G1 F2164.3 X12.758 Y2.867 E0.02791
G1 F2168.7 X12.935 Y1.905 E0.02633
G1 F2160 X13.043 Y0.938 E0.02629
G1 F2155.7 X13.079 Y-0.006 E0.02558
G1 F2151.4 X13.043 Y-.942 E0.02541
G1 X12.937 Y-1.896 E0.02604
G1 F2160 X12.761 Y-2.849 E0.02619
G1 F2151.4 X12.493 Y-3.868 E0.02859
G1 F2138.6 X13.022 Y-3.868 E0.01444
G1 X13.291 Y-2.768 E0.03091
G1 F2142.9 X13.449 Y-1.857 E0.02519
G1 X13.548 Y-.931 E0.02537
G1 F2151.4 X13.581 Y-0.012 E0.02495
G1 X13.549 Y0.906 E0.02492
G1 F2142.9 X13.45 Y1.849 E0.02583
G1 X13.293 Y2.761 E0.02521
G1 X13.024 Y3.869 E0.03106
G1 F2151.4 X12.5 Y3.869 E0.01422
G1 F3600 E-1
G0 F12000 X-12.493 Y3.869
G1 F3600 E1
G1 F2142.9 X-13.024 Y3.869 E0.01446
G1 X-13.291 Y2.769 E0.03083
G1 X-13.449 Y1.857 E0.02521
G1 X-13.548 Y0.922 E0.02561
G1 F2147.1 X-13.581 Y0.004 E0.02497
G1 F2151.4 X-13.548 Y-.906 E0.02471
G1 X-13.45 Y-1.849 E0.02572
G1 F2142.9 X-13.293 Y-2.761 E0.02521
G1 X-13.024 Y-3.868 E0.03103
G1 X-12.495 Y-3.868 E0.01441
G1 F2151.4 X-12.758 Y-2.867 E0.02808
G1 F2160 X-12.935 Y-1.905 E0.02643
G1 F2155.7 X-13.041 Y-.956 E0.02586
G1 F2151.4 X-13.079 Y0.002 E0.02601
G1 X-13.043 Y0.938 E0.02541
G1 X-12.935 Y1.905 E0.0264
G1 F2160 X-12.762 Y2.849 E0.02594
G1 F2155.7 X-12.493 Y3.869 E0.02856
G0 F12000 X-12.493 Y3.575
G1 F3600 E-1
;MESH:NONMESH
G0 F600 X-12.493 Y3.575 Z37.35
G0 F12000 X-9.293 Y-3.92
;TIME_ELAPSED:1283.785898
;LAYER:285
;TYPE:FILL
;MESH:bridge.stl
G1 F3600 E1
G1 F9600 X-9.202 Y-3.612 E0.00781
G1 X-8.755 Y-2.709 E0.02451
G1 X-8.048 Y-1.806 E0.02789
G1 X-6.981 Y-.903 E0.034
G1 X-5.765 Y0.00 E0.03684
G1 X-5.057 Y0.903 E0.02791
G1 X-4.884 Y1.806 E0.02236
G1 X-4.979 Y2.709 E0.02208
G1 X-5.245 Y3.612 E0.0229
G1 X-5.397 Y3.92 E0.00835
G1 X2.07 Y3.92 E0.18161
G1 X1.979 Y3.612 E0.00781
G1 X1.532 Y2.709 E0.02451
G1 X0.825 Y1.806 E0.02789
G1 X-.242 Y0.903 E0.034
G1 X-1.458 Y0.00 E0.03684
G1 X-2.166 Y-.903 E0.02791
G1 X-2.339 Y-1.806 E0.02236
G1 X-2.244 Y-2.709 E0.02208
G1 X-1.978 Y-3.612 E0.0229
G1 X-1.826 Y-3.92 E0.00835
G1 X5.155 Y-3.92 E0.16979
G1 X5.246 Y-3.612 E0.00781
G1 X5.693 Y-2.709 E0.02451
G1 X6.4 Y-1.806 E0.02789
G1 X7.467 Y-.903 E0.034
G1 X8.683 Y0.00 E0.03684
G1 X9.391 Y0.903 E0.02791
G1 X9.564 Y1.806 E0.02236
G1 X9.469 Y2.709 E0.02208
G1 X9.203 Y3.612 E0.0229
G1 X9.051 Y3.92 E0.00835
G1 X11.712 Y3.92 E0.06472
G1 X12.024 Y2.777 E0.02882
G1 X12.201 Y1.821 E0.02365
G1 X12.299 Y0.919 E0.02207
G1 X12.333 Y-0.004 E0.02246
G1 X12.3 Y-.879 E0.0213
G1 X12.282 Y-.903 E0.00073
G1 X12.109 Y-1.806 E0.02236
G1 X12.143 Y-2.133 E0.008
G1 F3600 E-1
G0 F12000 X12.742 Y3.944
G0 X13.016 Y4.325
;TYPE:WALL-INNER
G1 F3600 E1
G1 F4800 X13.187 Y3.807 E0.01327
G1 X13.426 Y2.856 E0.02385
G1 X13.587 Y1.911 E0.02331
G1 X13.69 Y0.949 E0.02353
G1 X13.72 Y-0.004 E0.02319
G1 X13.69 Y-.953 E0.02309
G1 X13.587 Y-1.911 E0.02343
G1 X13.426 Y-2.861 E0.02343
G1 X13.187 Y-3.81 E0.0238
G1 X13.017 Y-4.325 E0.01319
G1 X-13.016 Y-4.325 E0.63316
G1 X-13.187 Y-3.807 E0.01327
G1 X-13.426 Y-2.856 E0.02385
G1 X-13.587 Y-1.911 E0.02331
G1 X-13.69 Y-.949 E0.02353
G1 X-13.72 Y0.003 E0.02317
G1 X-13.69 Y0.949 E0.02302
G1 X-13.587 Y1.911 E0.02353
G1 X-13.426 Y2.856 E0.02331
G1 X-13.187 Y3.807 E0.02385
G1 X-13.016 Y4.325 E0.01327
G1 X13.016 Y4.325 E0.63314
G1 F3600 E-1
G0 F12000 X13.323 Y4.75
;TYPE:WALL-OUTER
G1 F3600 E1
G1 F2400 X13.595 Y3.926 E0.0211
G1 X13.843 Y2.944 E0.02463
G1 X14.008 Y1.969 E0.02405
G1 X14.114 Y0.978 E0.02424
G1 X14.145 Y-0.004 E0.0239
G1 X14.114 Y-.982 E0.0238
G1 X14.008 Y-1.969 E0.02414
G1 X13.843 Y-2.948 E0.02415
G1 X13.595 Y-3.929 E0.02461
G1 X13.323 Y-4.75 E0.02104
G1 X-13.323 Y-4.75 E0.64807
G1 X-13.595 Y-3.926 E0.0211
G1 X-13.843 Y-2.944 E0.02463
G1 X-14.008 Y-1.969 E0.02405
G1 X-14.114 Y-.978 E0.02424
G1 X-14.145 Y0.003 E0.02387
G1 X-14.114 Y0.978 E0.02373
G1 X-14.008 Y1.969 E0.02424
G1 X-13.843 Y2.944 E0.02405
G1 X-13.595 Y3.926 E0.02463
G1 X-13.323 Y4.75 E0.0211
G1 X13.323 Y4.75 E0.64807
G0 F12000 X13.573 Y3.991
G1 F3600 E-1
G0 F12000 X12.794 Y3.73
G0 X12.149 Y3.862
;TYPE:SKIN
G1 F3600 E1
G1 F2109.4 X12.426 Y2.868 E0.02855
G1 F2117.6 X12.604 Y1.894 E0.02729
G1 F2109.4 X12.711 Y0.961 E0.02599
G1 F2105.3 X12.745 Y0.001 E0.02663
G1 F2101.2 X12.713 Y-.941 E0.02618
G1 F2105.3 X12.604 Y-1.903 E0.02684
G1 F2109.4 X12.428 Y-2.851 E0.02668
G1 F2101.2 X12.157 Y-3.861 E0.02905
G1 F2093 X12.695 Y-3.862 E0.015
G1 F2084.9 X12.974 Y-2.77 E0.03155
G1 F2089 X13.128 Y-1.855 E0.02593
G1 F2093 X13.229 Y-.931 E0.02592
G1 X13.259 Y-0.033 E0.02506
G1 F2097.1 X13.231 Y0.914 E0.02637
G1 F2101.2 X13.129 Y1.848 E0.0261
G1 F2097.1 X12.975 Y2.759 E0.02572
G1 F2093 X12.695 Y3.861 E0.03171
G1 X12.149 Y3.862 E0.01523
G1 F3600 E-1
G0 F12000 X-12.159 Y3.86
G1 F3600 E1
G1 F2093 X-12.694 Y3.861 E0.01492
G1 F2089 X-12.973 Y2.764 E0.03163
G1 F2093 X-13.128 Y1.855 E0.02572
G1 X-13.229 Y0.923 E0.02614
G1 F2097.1 X-13.259 Y0.004 E0.02559
G1 F2101.2 X-13.231 Y-.914 E0.02551
G1 X-13.129 Y-1.848 E0.0261
G1 F2097.1 X-12.975 Y-2.759 E0.02572
G1 F2093 X-12.695 Y-3.859 E0.03166
G1 X-12.149 Y-3.862 E0.01523
G1 F2109.4 X-12.426 Y-2.868 E0.02855
G1 F2117.6 X-12.604 Y-1.894 E0.02729
G1 F2109.4 X-12.711 Y-.961 E0.02599
G1 F2101.2 X-12.745 Y0.002 E0.02677
G1 X-12.711 Y0.961 E0.02666
G1 F2105.3 X-12.607 Y1.877 E0.02556
G1 F2113.5 X-12.431 Y2.838 E0.02698
G1 F2109.4 X-12.159 Y3.86 E0.02927
G0 F12000 X-12.159 Y3.575
G1 F3600 E-1
;MESH:NONMESH
G0 F600 X-12.159 Y3.575 Z37.48
G0 F12000 X5.101 Y-3.92
;TIME_ELAPSED:1288.992168
;LAYER:286
;TYPE:FILL
;MESH:bridge.stl
G1 F3600 E1
G1 F9600 X5.206 Y-3.612 E0.00791
G1 X5.693 Y-2.709 E0.02495
G1 X6.453 Y-1.806 E0.02871
G1 X7.608 Y-.903 E0.03566
G1 X8.918 Y0.00 E0.0387
G1 X9.594 Y0.903 E0.02743
G1 X9.697 Y1.806 E0.0221
G1 X9.55 Y2.709 E0.02225
G1 X9.243 Y3.612 E0.0232
G1 X9.077 Y3.92 E0.00851
G1 X2.124 Y3.92 E0.16911
G1 X2.019 Y3.612 E0.00791
G1 X1.532 Y2.709 E0.02495
G1 X0.772 Y1.806 E0.02871
G1 X-.383 Y0.903 E0.03566
G1 X-1.693 Y0.00 E0.0387
G1 X-2.369 Y-.903 E0.02743
G1 X-2.472 Y-1.806 E0.0221
G1 X-2.325 Y-2.709 E0.02225
G1 X-2.018 Y-3.612 E0.0232
G1 X-1.852 Y-3.92 E0.00851
G1 X-9.347 Y-3.92 E0.18229
G1 X-9.242 Y-3.612 E0.00791
G1 X-8.755 Y-2.709 E0.02495
G1 X-7.995 Y-1.806 E0.02871
G1 X-6.84 Y-.903 E0.03566
G1 X-5.53 Y0.00 E0.0387
G1 X-4.854 Y0.903 E0.02743
G1 X-4.751 Y1.806 E0.0221
G1 X-4.898 Y2.709 E0.02225
G1 X-5.205 Y3.612 E0.0232
G1 X-5.371 Y3.92 E0.00851
G1 F3600 E-1
G0 F12000 X12.404 Y3.944
G0 X12.677 Y4.325
;TYPE:WALL-INNER
G1 F3600 E1
G1 F4800 X12.852 Y3.803 E0.01339
G1 X13.1 Y2.85 E0.02395
G1 X13.271 Y1.907 E0.02331
G1 X13.374 Y0.947 E0.02348
G1 X13.408 Y-0.003 E0.02312
G1 X13.374 Y-.951 E0.02307
G1 X13.271 Y-1.906 E0.02336
G1 X13.096 Y-2.857 E0.02352
G1 X12.848 Y-3.808 E0.0239
G1 X12.676 Y-4.325 E0.01325
G1 X-12.677 Y-4.325 E0.61662
G1 X-12.852 Y-3.803 E0.01339
G1 X-13.1 Y-2.85 E0.02395
G1 X-13.271 Y-1.907 E0.02331
G1 X-13.374 Y-.947 E0.02348
G1 X-13.408 Y0.003 E0.02312
G1 X-13.374 Y0.947 E0.02297
G1 X-13.271 Y1.907 E0.02348
G1 X-13.1 Y2.85 E0.02331
G1 X-12.852 Y3.803 E0.02395
G1 X-12.677 Y4.325 E0.01339
G1 X12.677 Y4.325 E0.61665
G1 F3600 E-1
G0 F12000 X12.983 Y4.75
;TYPE:WALL-OUTER
G1 F3600 E1
G1 F2400 X13.26 Y3.924 E0.02119
G1 X13.515 Y2.942 E0.02468
G1 X13.692 Y1.968 E0.02408
G1 X13.798 Y0.978 E0.02422
G1 X13.833 Y-0.003 E0.02387
G1 X13.798 Y-.982 E0.02383
G1 X13.692 Y-1.967 E0.02409
G1 X13.511 Y-2.949 E0.02429
G1 X13.256 Y-3.928 E0.02461
G1 X12.983 Y-4.75 E0.02107
G1 X-12.983 Y-4.75 E0.63153
G1 X-13.26 Y-3.924 E0.02119
G1 X-13.515 Y-2.942 E0.02468
G1 X-13.692 Y-1.968 E0.02408
G1 X-13.798 Y-.978 E0.02422
G1 X-13.833 Y0.003 E0.02387
G1 X-13.798 Y0.978 E0.02373
G1 X-13.692 Y1.968 E0.02422
G1 X-13.515 Y2.942 E0.02408
G1 X-13.26 Y3.924 E0.02468
G1 X-12.983 Y4.75 E0.02119
G1 X12.983 Y4.75 E0.63153
G0 F12000 X13.237 Y3.992
G1 F3600 E-1
G0 F12000 X12.456 Y3.731
G0 X11.8 Y3.855
;TYPE:SKIN
G1 F3600 E1
G1 F2053.2 X12.069 Y2.883 E0.02867
G1 F2061.1 X12.267 Y1.898 E0.02845
G1 X12.377 Y0.967 E0.02655
G1 X12.415 Y-0.006 E0.02758
G1 F2053.2 X12.379 Y-.946 E0.02674
G1 X12.269 Y-1.879 E0.02671
G1 F2061.1 X12.077 Y-2.855 E0.02817
G1 F2053.2 X11.793 Y-3.856 E0.02958
G1 F2041.6 X12.352 Y-3.856 E0.01598
G1 X12.635 Y-2.767 E0.03217
G1 X12.805 Y-1.85 E0.02666
G1 F2045.5 X12.907 Y-.93 E0.02642
G1 F2053.2 X12.941 Y-0.012 E0.02612
G1 X12.909 Y0.9 E0.02594
G1 X12.807 Y1.834 E0.02671
G1 F2037.7 X12.644 Y2.743 E0.02645
G1 F2030.1 X12.355 Y3.854 E0.03301
G1 F2041.6 X11.8 Y3.855 E0.01587
G1 F3600 E-1
G0 F12000 X-11.801 Y3.855
G1 F3600 E1
G1 F2045.5 X-12.355 Y3.855 E0.01581
G1 F2033.9 X-12.642 Y2.752 E0.03271
G1 F2037.7 X-12.805 Y1.85 E0.02626
G1 F2045.5 X-12.908 Y0.918 E0.02676
G1 F2049.3 X-12.941 Y0.004 E0.02605
G1 F2053.2 X-12.909 Y-.9 E0.02572
G1 F2045.5 X-12.807 Y-1.842 E0.02704
G1 F2037.7 X-12.644 Y-2.743 E0.02623
G1 F2030.1 X-12.355 Y-3.854 E0.03301
G1 F2037.7 X-11.799 Y-3.855 E0.01593
G1 F2049.3 X-12.069 Y-2.883 E0.02873
G1 F2061.1 X-12.265 Y-1.912 E0.02805
G1 X-12.377 Y-.967 E0.02695
G1 F2053.2 X-12.415 Y0.002 E0.02757
G1 X-12.377 Y0.967 E0.02746
G1 X-12.269 Y1.875 E0.026
G1 X-12.078 Y2.855 E0.02838
G1 X-11.801 Y3.855 E0.0295
G0 F12000 X-11.801 Y3.575
G1 F3600 E-1
;MESH:NONMESH
G0 F600 X-11.801 Y3.575 Z37.61
G0 F12000 X5.041 Y-3.92
;TIME_ELAPSED:1294.115485
;LAYER:287
;TYPE:FILL
;MESH:bridge.stl
G1 F3600 E1
G1 F9600 X5.16 Y-3.612 E0.00803
G1 X5.688 Y-2.709 E0.02544
G1 X6.504 Y-1.806 E0.0296
G1 X7.764 Y-.903 E0.0377
G1 X9.199 Y0.00 E0.04124
G1 X9.822 Y0.903 E0.02668
G1 X9.84 Y1.806 E0.02197
G1 X9.637 Y2.709 E0.02251
G1 X9.289 Y3.612 E0.02354
G1 X9.109 Y3.92 E0.00868
G1 X2.184 Y3.92 E0.16843
G1 X2.065 Y3.612 E0.00803
G1 X1.537 Y2.709 E0.02544
G1 X0.721 Y1.806 E0.0296
G1 X-.539 Y0.903 E0.0377
G1 X-1.974 Y0.00 E0.04124
G1 X-2.597 Y-.903 E0.02668
G1 X-2.615 Y-1.806 E0.02197
G1 X-2.412 Y-2.709 E0.02251
G1 X-2.064 Y-3.612 E0.02354
G1 X-1.884 Y-3.92 E0.00868
G1 X-9.407 Y-3.92 E0.18297
G1 X-9.288 Y-3.612 E0.00803
G1 X-8.76 Y-2.709 E0.02544
G1 X-7.944 Y-1.806 E0.0296
G1 X-6.684 Y-.903 E0.0377
G1 X-5.249 Y0.00 E0.04124
G1 X-4.626 Y0.903 E0.02668
G1 X-4.608 Y1.806 E0.02197
G1 X-4.811 Y2.709 E0.02251
G1 X-5.159 Y3.612 E0.02354
G1 X-5.339 Y3.92 E0.00868
G1 F3600 E-1
G0 F12000 X12.067 Y3.944
G0 X12.331 Y4.325
;TYPE:WALL-INNER
G1 F3600 E1
G1 F4800 X12.513 Y3.8 E0.01351
G1 X12.76 Y2.85 E0.02387
G1 X12.931 Y1.902 E0.02343
G1 X13.038 Y0.945 E0.02342
G1 X13.076 Y-0.004 E0.0231
G1 X13.038 Y-.952 E0.02308
G1 X12.931 Y-1.902 E0.02325
G1 X12.76 Y-2.859 E0.02364
G1 X12.512 Y-3.808 E0.02386
G1 X12.339 Y-4.325 E0.01326
G1 X-12.331 Y-4.325 E0.60001
G1 X-12.513 Y-3.8 E0.01351
G1 X-12.76 Y-2.85 E0.02387
G1 X-12.931 Y-1.902 E0.02343
G1 X-13.038 Y-.945 E0.02342
G1 X-13.076 Y0.003 E0.02308
G1 X-13.038 Y0.944 E0.02291
G1 X-12.931 Y1.902 E0.02344
G1 X-12.76 Y2.85 E0.02343
G1 X-12.512 Y3.805 E0.024
G1 X-12.339 Y4.325 E0.01333
G1 X12.331 Y4.325 E0.60001
G1 F3600 E-1
G0 F12000 X12.633 Y4.75
;TYPE:WALL-OUTER
G1 F3600 E1
G1 F2400 X12.92 Y3.923 E0.02129
G1 X13.175 Y2.942 E0.02465
G1 X13.352 Y1.963 E0.0242
G1 X13.462 Y0.977 E0.02413
G1 X13.501 Y-0.004 E0.02388
G1 X13.462 Y-.985 E0.02388
G1 X13.352 Y-1.963 E0.02394
G1 X13.175 Y-2.95 E0.02439
G1 X12.92 Y-3.929 E0.02461
G1 X12.647 Y-4.75 E0.02104
G1 X-12.633 Y-4.75 E0.61485
G1 X-12.92 Y-3.923 E0.02129
G1 X-13.175 Y-2.942 E0.02465
G1 X-13.352 Y-1.963 E0.0242
G1 X-13.462 Y-.977 E0.02413
G1 X-13.501 Y0.003 E0.02385
G1 X-13.462 Y0.977 E0.02371
G1 X-13.352 Y1.963 E0.02413
G1 X-13.175 Y2.942 E0.0242
G1 X-12.92 Y3.925 E0.0247
G1 X-12.647 Y4.75 E0.02114
G1 X12.633 Y4.75 E0.61485
G0 F12000 X12.895 Y3.994
G1 F3600 E-1
G0 F12000 X12.116 Y3.737
G0 X11.441 Y3.848
;TYPE:SKIN
G1 F3600 E1
G1 F2000 X11.715 Y2.861 E0.0299
G1 F2007.4 X11.904 Y1.904 E0.02836
G1 X12.02 Y0.957 E0.02774
G1 X12.062 Y-0.008 E0.02809
G1 F2000 X12.022 Y-.94 E0.02723
G1 F2003.7 X11.907 Y-1.888 E0.02782
G1 F2007.4 X11.72 Y-2.848 E0.02844
G1 F1996.3 X11.434 Y-3.848 E0.03041
G1 F1985.3 X12.01 Y-3.848 E0.01694
G1 X12.292 Y-2.767 E0.03285
G1 F1992.6 X12.459 Y-1.844 E0.02748
G1 X12.564 Y-.928 E0.02701
G1 F2000 X12.602 Y-0.017 E0.02661
G1 X12.566 Y0.894 E0.02661
G1 X12.46 Y1.833 E0.02758
G1 F1992.6 X12.298 Y2.742 E0.02705
G1 F1985.3 X12.009 Y3.848 E0.03361
G1 F1992.6 X11.441 Y3.848 E0.01664
G1 F3600 E-1
G0 F12000 X-11.441 Y3.848
G1 F3600 E1
G1 F1992.6 X-12.009 Y3.848 E0.01664
G1 F1985.3 X-12.298 Y2.742 E0.03361
G1 X-12.459 Y1.84 E0.02694
G1 F1992.6 X-12.565 Y0.913 E0.02733
G1 F1996.3 X-12.602 Y0.004 E0.0266
G1 X-12.566 Y-.894 E0.02628
G1 F1992.6 X-12.46 Y-1.833 E0.02768
G1 X-12.298 Y-2.742 E0.02705
G1 F1985.3 X-12.009 Y-3.848 E0.03361
G1 F1992.6 X-11.441 Y-3.848 E0.01664
G1 F2007.4 X-11.715 Y-2.861 E0.02979
G1 F2011.2 X-11.904 Y-1.904 E0.02831
G1 F2007.4 X-12.02 Y-.957 E0.02774
G1 F2000 X-12.062 Y0.002 E0.02802
G1 X-12.02 Y0.957 E0.0279
G1 F2003.7 X-11.907 Y1.884 E0.02721
G1 F2007.4 X-11.72 Y2.84 E0.02833
G1 F2000 X-11.441 Y3.848 E0.03053
G0 F12000 X-11.441 Y3.575
G1 F3600 E-1
;MESH:NONMESH
G0 F600 X-11.441 Y3.575 Z37.74
G0 F12000 X4.977 Y-3.92
;TIME_ELAPSED:1299.218284
;LAYER:288
;TYPE:FILL
;MESH:bridge.stl
G1 F3600 E1
G1 F9600 X5.11 Y-3.612 E0.00816
G1 X5.678 Y-2.709 E0.02595
G1 X6.553 Y-1.806 E0.03058
G1 X7.943 Y-.903 E0.04031
G1 X9.561 Y0.00 E0.04507
G1 X10.084 Y0.903 E0.02538
G1 X9.994 Y1.806 E0.02207
G1 X9.73 Y2.709 E0.02288
G1 X9.339 Y3.612 E0.02393
G1 X9.145 Y3.92 E0.00885
G1 X2.248 Y3.92 E0.16775
G1 X2.115 Y3.612 E0.00816
G1 X1.547 Y2.709 E0.02595
G1 X0.672 Y1.806 E0.03058
G1 X-.718 Y0.903 E0.04031
G1 X-2.336 Y0.00 E0.04507
G1 X-2.859 Y-.903 E0.02538
G1 X-2.769 Y-1.806 E0.02207
G1 X-2.505 Y-2.709 E0.02288
G1 X-2.114 Y-3.612 E0.02393
G1 X-1.92 Y-3.92 E0.00885
G1 X-9.471 Y-3.92 E0.18365
G1 X-9.338 Y-3.612 E0.00816
G1 X-8.77 Y-2.709 E0.02595
G1 X-7.895 Y-1.806 E0.03058
G1 X-6.505 Y-.903 E0.04031
G1 X-4.887 Y0.00 E0.04507
G1 X-4.364 Y0.903 E0.02538
G1 X-4.454 Y1.806 E0.02207
G1 X-4.718 Y2.709 E0.02288
G1 X-5.109 Y3.612 E0.02393
G1 X-5.303 Y3.92 E0.00885
G1 F3600 E-1
G0 F12000 X11.707 Y3.944
G0 X11.972 Y4.325
;TYPE:WALL-INNER
G1 F3600 E1
G1 F4800 X12.163 Y3.791 E0.01379
G1 X12.424 Y2.845 E0.02387
G1 X12.595 Y1.902 E0.02331
G1 X12.702 Y0.946 E0.0234
G1 X12.736 Y-0.004 E0.02312
G1 X12.702 Y-.954 E0.02312
G1 X12.595 Y-1.901 E0.02318
G1 X12.421 Y-2.853 E0.02354
G1 X12.159 Y-3.8 E0.0239
G1 X11.972 Y-4.325 E0.01355
G1 X-11.972 Y-4.325 E0.58235
G1 X-12.163 Y-3.791 E0.01379
G1 X-12.425 Y-2.845 E0.02387
G1 X-12.595 Y-1.902 E0.0233
G1 X-12.702 Y-.946 E0.0234
G1 X-12.736 Y0.003 E0.0231
G1 X-12.702 Y0.946 E0.02295
G1 X-12.595 Y1.902 E0.0234
G1 X-12.425 Y2.845 E0.0233
G1 X-12.163 Y3.791 E0.02387
G1 X-11.972 Y4.325 E0.01379
G1 X11.972 Y4.325 E0.58235
G1 F3600 E-1
G0 F12000 X12.272 Y4.75
;TYPE:WALL-OUTER
G1 F3600 E1
G1 F2400 X12.569 Y3.92 E0.02144
G1 X12.839 Y2.94 E0.02472
G1 X13.016 Y1.963 E0.02415
G1 X13.126 Y0.977 E0.02413
G1 X13.161 Y-0.004 E0.02387
G1 X13.126 Y-.985 E0.02387
G1 X13.016 Y-1.963 E0.02394
G1 X12.836 Y-2.948 E0.02435
G1 X12.565 Y-3.928 E0.02473
G1 X12.271 Y-4.75 E0.02123
G1 X-12.272 Y-4.75 E0.59692
G1 X-12.569 Y-3.92 E0.02144
G1 X-12.84 Y-2.94 E0.02473
G1 X-13.016 Y-1.963 E0.02414
G1 X-13.126 Y-.977 E0.02413
G1 X-13.161 Y0.003 E0.02385
G1 X-13.126 Y0.977 E0.0237
G1 X-13.016 Y1.963 E0.02413
G1 X-12.84 Y2.94 E0.02414
G1 X-12.569 Y3.92 E0.02473
G1 X-12.272 Y4.75 E0.02144
G1 X12.272 Y4.75 E0.59695
G0 F12000 X12.541 Y3.998
G1 F3600 E-1
G0 F12000 X11.768 Y3.72
G0 X11.053 Y3.84
;TYPE:SKIN
G1 F3600 E1
G1 F1945.9 X11.355 Y2.857 E0.03085
G1 F1960.1 X11.547 Y1.894 E0.02924
G1 F1956.5 X11.663 Y0.954 E0.02826
G1 X11.701 Y-0.008 E0.02872
G1 F1949.5 X11.665 Y-.935 E0.02778
G1 X11.547 Y-1.887 E0.02872
G1 F1956.5 X11.363 Y-2.829 E0.02864
G1 F1945.9 X11.054 Y-3.841 E0.03174
G1 F1935.5 X11.645 Y-3.841 E0.01782
G1 X11.948 Y-2.762 E0.0338
G1 X12.115 Y-1.839 E0.02829
G1 F1942.4 X12.221 Y-.929 E0.02753
G1 F1949.5 X12.255 Y-0.017 E0.02733
G1 X12.223 Y0.893 E0.02726
G1 F1942.4 X12.117 Y1.824 E0.02816
G1 F1935.5 X11.957 Y2.718 E0.02739
G1 F1932 X11.649 Y3.84 E0.03515
G1 F1928.6 X11.053 Y3.84 E0.01804
G1 F3600 E-1
G0 F12000 X-11.054 Y3.84
G1 F3600 E1
G1 F1928.6 X-11.647 Y3.84 E0.01795
G1 F1935.5 X-11.952 Y2.742 E0.03437
G1 X-12.115 Y1.84 E0.02764
G1 F1942.4 X-12.223 Y0.903 E0.02834
G1 F1949.5 X-12.255 Y0.004 E0.02694
G1 X-12.222 Y-.893 E0.02688
G1 F1945.9 X-12.117 Y-1.824 E0.0281
G1 F1939 X-11.957 Y-2.718 E0.02734
G1 F1935.5 X-11.649 Y-3.84 E0.03509
G1 F1928.6 X-11.053 Y-3.84 E0.01804
G1 F1949.5 X-11.355 Y-2.857 E0.03079
G1 F1960.1 X-11.547 Y-1.894 E0.02924
G1 F1953 X-11.663 Y-.954 E0.02831
G1 F1949.5 X-11.701 Y0.002 E0.02865
G1 X-11.664 Y0.931 E0.02784
G1 F1953 X-11.547 Y1.886 E0.02876
G1 F1960.1 X-11.361 Y2.845 E0.02909
G1 F1949.5 X-11.054 Y3.84 E0.03118
G0 F12000 X-11.054 Y3.575
G1 F3600 E-1
;MESH:NONMESH
G0 F600 X-11.054 Y3.575 Z37.87
G0 F12000 X4.906 Y-3.92
;TIME_ELAPSED:1304.306508
;LAYER:289
;TYPE:FILL
;MESH:bridge.stl
G1 F3600 E1
G1 F9600 X5.054 Y-3.612 E0.00831
G1 X5.663 Y-2.709 E0.02649
G1 X6.602 Y-1.806 E0.03168
G1 X8.156 Y-.903 E0.04371
G1 X10.124 Y0.00 E0.05266
G1 X10.392 Y0.903 E0.02291
G1 X10.159 Y1.806 E0.02268
G1 X9.829 Y2.709 E0.02338
G1 X9.395 Y3.612 E0.02437
G1 X9.188 Y3.919 E0.00901
G1 X2.319 Y3.919 E0.16706
G1 X2.171 Y3.612 E0.00829
G1 X1.562 Y2.709 E0.02649
G1 X0.623 Y1.806 E0.03168
G1 X-.931 Y0.903 E0.04371
G1 X-2.899 Y0.00 E0.05266
G1 X-3.167 Y-.903 E0.02291
G1 X-2.934 Y-1.806 E0.02268
G1 X-2.604 Y-2.709 E0.02338
G1 X-2.17 Y-3.612 E0.02437
G1 X-1.962 Y-3.92 E0.00904
G1 X-9.542 Y-3.92 E0.18436
G1 X-9.394 Y-3.612 E0.00831
G1 X-8.785 Y-2.709 E0.02649
G1 X-7.846 Y-1.806 E0.03168
G1 X-6.292 Y-.903 E0.04371
G1 X-4.324 Y0.00 E0.05266
G1 X-4.056 Y0.903 E0.02291
G1 X-4.289 Y1.806 E0.02268
G1 X-4.619 Y2.709 E0.02338
G1 X-5.053 Y3.612 E0.02437
G1 X-5.261 Y3.92 E0.00904
G1 F3600 E-1
G0 F12000 X11.34 Y3.944
G0 X11.607 Y4.324
;TYPE:WALL-INNER
G1 F3600 E1
G1 F4800 X11.796 Y3.79 E0.01378
G1 X12.067 Y2.838 E0.02407
G1 X12.252 Y1.899 E0.02328
G1 X12.362 Y0.943 E0.0234
G1 X12.4 Y-0.004 E0.02305
G1 X12.362 Y-.951 E0.02305
G1 X12.252 Y-1.898 E0.02319
G1 X12.063 Y-2.846 E0.02351
G1 X11.796 Y-3.795 E0.02398
G1 X11.607 Y-4.325 E0.01369
G1 X-11.607 Y-4.325 E0.5646
G1 X-11.796 Y-3.79 E0.0138
G1 X-12.067 Y-2.838 E0.02407
G1 X-12.252 Y-1.899 E0.02328
G1 X-12.362 Y-.943 E0.0234
G1 X-12.4 Y0.003 E0.02303
G1 X-12.362 Y0.943 E0.02288
G1 X-12.252 Y1.899 E0.0234
G1 X-12.067 Y2.838 E0.02328
G1 X-11.796 Y3.79 E0.02407
G1 X-11.607 Y4.325 E0.0138
G1 X11.607 Y4.324 E0.5646
G1 F3600 E-1
G0 F12000 X11.907 Y4.749
;TYPE:WALL-OUTER
G1 F3600 E1
G1 F2400 X12.201 Y3.919 E0.02142
G1 X12.48 Y2.937 E0.02483
G1 X12.672 Y1.965 E0.0241
G1 X12.786 Y0.976 E0.02421
G1 X12.825 Y-0.004 E0.02385
G1 X12.786 Y-.984 E0.02385
G1 X12.672 Y-1.965 E0.02402
G1 X12.476 Y-2.945 E0.02431
G1 X12.201 Y-3.924 E0.02473
G1 X11.907 Y-4.75 E0.02132
G1 X-11.907 Y-4.75 E0.57919
G1 X-12.201 Y-3.919 E0.02144
G1 X-12.48 Y-2.937 E0.02483
G1 X-12.672 Y-1.965 E0.0241
G1 X-12.786 Y-.976 E0.02421
G1 X-12.825 Y0.003 E0.02383
G1 X-12.786 Y0.976 E0.02368
G1 X-12.672 Y1.965 E0.02421
G1 X-12.48 Y2.937 E0.0241
G1 X-12.213 Y3.881 E0.02386
G1 X-11.907 Y4.75 E0.02241
G1 X11.907 Y4.749 E0.57919
G0 F12000 X12.173 Y3.996
G1 F3600 E-1
G0 F12000 X11.401 Y3.719
G0 X10.665 Y3.833
;TYPE:SKIN
G1 F3600 E1
G1 F1888.1 X10.964 Y2.851 E0.03173
G1 F1901.4 X11.178 Y1.885 E0.03037
G1 X11.298 Y0.961 E0.0286
G1 X11.341 Y0.025 E0.02876
G1 F1898.1 X11.301 Y-.94 E0.0297
G1 F1894.7 X11.183 Y-1.861 E0.02861
G1 F1898.1 X10.97 Y-2.837 E0.03072
G1 F1891.4 X10.668 Y-3.833 E0.03212
G1 F1881.5 X11.273 Y-3.833 E0.01877
G1 X11.582 Y-2.742 E0.03518
G1 X11.766 Y-1.834 E0.02874
G1 F1888.1 X11.874 Y-.928 E0.02821
G1 F1894.7 X11.911 Y-0.02 E0.028
G1 X11.875 Y0.891 E0.02809
G1 F1888.1 X11.766 Y1.817 E0.02883
G1 F1881.5 X11.59 Y2.706 E0.02812
G1 F1878.3 X11.274 Y3.833 E0.03638
G1 X10.665 Y3.833 E0.01893
G1 F3600 E-1
G0 F12000 X-10.668 Y3.833
G1 F3600 E1
G1 F1878.3 X-11.274 Y3.833 E0.01883
G1 F1875 X-11.585 Y2.726 E0.0358
G1 X-11.766 Y1.839 E0.02818
G1 F1881.5 X-11.874 Y0.911 E0.02898
G1 F1891.4 X-11.911 Y0.004 E0.02801
G1 F1894.7 X-11.875 Y-.893 E0.02766
G1 F1888.1 X-11.769 Y-1.816 E0.02872
G1 F1878.3 X-11.59 Y-2.706 E0.02821
G1 F1875 X-11.275 Y-3.833 E0.03643
G1 F1881.5 X-10.668 Y-3.833 E0.01883
G1 F1891.4 X-10.964 Y-2.851 E0.03165
G1 F1898.1 X-11.18 Y-1.88 E0.03059
G1 X-11.298 Y-.965 E0.02837
G1 X-11.341 Y-0.025 E0.02894
G1 F1894.7 X-11.301 Y0.936 E0.02963
G1 X-11.183 Y1.861 E0.02873
G1 F1898.1 X-10.97 Y2.829 E0.03048
G1 F1888.1 X-10.668 Y3.833 E0.03241
G0 F12000 X-10.668 Y3.575
G1 F3600 E-1
;MESH:NONMESH
G0 F600 X-10.668 Y3.575 Z38
G0 F12000 X-.903 Y1.021
;TIME_ELAPSED:1309.348472
;LAYER:290
;TYPE:FILL
;MESH:bridge.stl
G1 F3600 E1
G1 F9600 X-1.806 Y0.7 E0.02331
G1 X-2.709 Y0.49 E0.02255
G1 X-3.612 Y0.816 E0.02335
G1 X-4.515 Y2.712 E0.05108
G1 X-5.228 Y3.92 E0.03412
G1 X-9.732 Y3.92 E0.10954
G1 X-9.9 Y3.53 E0.01033
G1 X-10.143 Y2.732 E0.02029
G1 X-10.345 Y1.797 E0.02327
G1 X-10.461 Y0.923 E0.02144
G1 X-10.498 Y-0.004 E0.02256
G1 X-10.461 Y-.923 E0.02237
G1 X-10.345 Y-1.794 E0.02137
G1 X-10.137 Y-2.757 E0.02396
G1 X-9.901 Y-3.529 E0.01963
G1 X-9.734 Y-3.92 E0.01034
G1 X-9.583 Y-3.92 E0.00367
G1 X-9.03 Y-2.983 E0.02646
G1 X-8.127 Y-2.053 E0.03153
G1 X-7.224 Y-1.45 E0.02641
G1 X-6.321 Y-1.022 E0.0243
G1 X-5.418 Y-.701 E0.02331
G1 X-4.515 Y-.491 E0.02255
G1 X-3.612 Y-.817 E0.02335
G1 X-2.709 Y-2.713 E0.05108
G1 X-1.996 Y-3.92 E0.0341
G1 X4.865 Y-3.92 E0.16687
G1 X5.418 Y-2.983 E0.02646
G1 X6.321 Y-2.053 E0.03153
G1 X7.224 Y-1.45 E0.02641
G1 X8.127 Y-1.022 E0.0243
G1 X9.03 Y-.701 E0.02331
G1 X9.933 Y-.491 E0.02255
G1 X10.471 Y-.685 E0.01391
G1 X10.498 Y-0.004 E0.01658
G1 X10.461 Y0.923 E0.02256
G1 X10.336 Y1.866 E0.02314
G1 X9.933 Y2.712 E0.02279
G1 X9.22 Y3.92 E0.03412
G1 X2.36 Y3.92 E0.16685
G1 X1.806 Y2.982 E0.0265
G1 X0.903 Y2.052 E0.03153
G1 X0.00 Y1.449 E0.02641
G1 X-.903 Y1.021 E0.0243
G1 F3600 E-1
G0 F12000 X10.966 Y3.943
G0 X11.227 Y4.325
;TYPE:WALL-INNER
G1 F3600 E1
G1 F4800 X11.434 Y3.783 E0.01411
G1 X11.698 Y2.839 E0.02384
G1 X11.884 Y1.898 E0.02333
G1 X11.998 Y0.941 E0.02344
G1 X12.04 Y-0.004 E0.02301
G1 X11.998 Y-.948 E0.02298
G1 X11.884 Y-1.898 E0.02327
G1 X11.698 Y-2.847 E0.02352
G1 X11.435 Y-3.783 E0.02365
G1 X11.227 Y-4.325 E0.01412
G1 X-11.227 Y-4.325 E0.54611
G1 X-11.434 Y-3.783 E0.01411
G1 X-11.699 Y-2.839 E0.02385
G1 X-11.884 Y-1.898 E0.02332
G1 X-11.998 Y-.941 E0.02344
G1 X-12.04 Y0.003 E0.02298
G1 X-11.998 Y0.941 E0.02284
G1 X-11.884 Y1.898 E0.02344
G1 X-11.699 Y2.839 E0.02332
G1 X-11.434 Y3.783 E0.02385
G1 X-11.227 Y4.325 E0.01411
G1 X11.227 Y4.325 E0.54611
G1 F3600 E-1
G0 F12000 X11.52 Y4.75
;TYPE:WALL-OUTER
G1 F3600 E1
G1 F2400 X11.838 Y3.917 E0.02169
G1 X12.112 Y2.937 E0.02475
G1 X12.304 Y1.964 E0.02412
G1 X12.422 Y0.975 E0.02422
G1 X12.465 Y-0.004 E0.02383
G1 X12.422 Y-.983 E0.02383
G1 X12.304 Y-1.964 E0.02403
G1 X12.112 Y-2.945 E0.02431
G1 X11.838 Y-3.917 E0.02456
G1 X11.52 Y-4.75 E0.02169
G1 X-11.52 Y-4.75 E0.56037
G1 X-11.838 Y-3.917 E0.02169
G1 X-12.112 Y-2.937 E0.02475
G1 X-12.304 Y-1.964 E0.02412
G1 X-12.422 Y-.975 E0.02422
G1 X-12.465 Y0.003 E0.02381
G1 X-12.422 Y0.975 E0.02366
G1 X-12.304 Y1.964 E0.02422
G1 X-12.112 Y2.937 E0.02412
G1 X-11.838 Y3.917 E0.02475
G1 X-11.52 Y4.75 E0.02169
G1 X11.52 Y4.75 E0.56037
G0 F12000 X11.805 Y4.003
G1 F3600 E-1
G0 F12000 X11.036 Y3.71
G0 X10.277 Y3.827
;TYPE:SKIN
G1 F3600 E1
G1 F1852.5 X10.571 Y2.861 E0.03182
G1 F1849.3 X10.791 Y1.858 E0.03241
G1 F1846.2 X10.907 Y0.966 E0.02844
G1 F1843 X10.951 Y-0.008 E0.03088
G1 F1836.7 X10.907 Y-.97 E0.0306
G1 F1839.9 X10.791 Y-1.858 E0.02841
G1 F1843 X10.574 Y-2.855 E0.03232
G1 X10.284 Y-3.824 E0.03204
G1 F1830.5 X10.905 Y-3.823 E0.0198
G1 F1824.3 X11.208 Y-2.742 E0.03592
G1 X11.39 Y-1.832 E0.02969
G1 F1830.5 X11.501 Y-.922 E0.02923
G1 X11.541 Y-0.02 E0.02879
G1 F1833.6 X11.502 Y0.886 E0.02887
G1 X11.393 Y1.81 E0.02962
G1 F1830.5 X11.214 Y2.704 E0.02907
G1 X10.906 Y3.827 E0.03713
G1 F1843 X10.277 Y3.827 E0.01992
G1 F3600 E-1
G0 F12000 X-10.282 Y3.825
G1 F3600 E1
G1 F1830.5 X-10.901 Y3.825 E0.01974
G1 F1824.3 X-11.209 Y2.73 E0.0364
G1 X-11.39 Y1.832 E0.02931
G1 F1830.5 X-11.501 Y0.907 E0.02971
G1 X-11.541 Y0.004 E0.02882
G1 X-11.502 Y-.886 E0.02841
G1 X-11.393 Y-1.81 E0.02967
G1 F1827.4 X-11.214 Y-2.708 E0.02925
G1 X-10.903 Y-3.825 E0.03704
G1 F1836.7 X-10.282 Y-3.826 E0.01974
G1 F1849.3 X-10.571 Y-2.861 E0.0318
G1 X-10.791 Y-1.858 E0.03241
G1 F1843 X-10.907 Y-.966 E0.02849
G1 F1836.7 X-10.951 Y-0.013 E0.03032
G1 X-10.907 Y0.966 E0.03114
G1 F1843 X-10.791 Y1.858 E0.02849
G1 X-10.578 Y2.831 E0.03155
G1 X-10.282 Y3.825 E0.03285
G0 F12000 X-10.282 Y3.575
G1 F3600 E-1
;MESH:NONMESH
G0 F600 X-10.282 Y3.575 Z38.13
G0 F12000 X-.903 Y1.119
;TIME_ELAPSED:1314.496267
;LAYER:291
;TYPE:FILL
;MESH:bridge.stl
G1 F3600 E1
G1 F9600 X-1.806 Y0.864 E0.02282
G1 X-2.709 Y0.791 E0.02203
G1 X-3.612 Y1.332 E0.0256
G1 X-4.515 Y2.919 E0.04441
G1 X-5.175 Y3.92 E0.02916
G1 X-9.295 Y3.92 E0.1002
G1 X-9.424 Y3.624 E0.00785
G1 X-9.728 Y2.704 E0.02357
G1 X-9.948 Y1.784 E0.02301
G1 X-10.06 Y0.929 E0.02097
G1 X-10.098 Y-0.004 E0.02271
G1 X-10.06 Y-.919 E0.02227
G1 X-9.947 Y-1.784 E0.02122
G1 X-9.728 Y-2.711 E0.02317
G1 X-9.444 Y-3.563 E0.02184
G1 X-9.03 Y-2.935 E0.01829
G1 X-8.127 Y-2.067 E0.03046
G1 X-7.224 Y-1.505 E0.02587
G1 X-6.321 Y-1.12 E0.02388
G1 X-5.418 Y-.865 E0.02282
G1 X-4.515 Y-.792 E0.02203
G1 X-3.612 Y-1.333 E0.0256
G1 X-2.709 Y-2.92 E0.04441
G1 X-2.05 Y-3.92 E0.02913
G1 X4.769 Y-3.92 E0.16585
G1 X5.418 Y-2.935 E0.02869
G1 X6.321 Y-2.067 E0.03046
G1 X7.224 Y-1.505 E0.02587
G1 X8.127 Y-1.12 E0.02388
G1 X9.03 Y-.865 E0.02282
G1 X9.933 Y-.792 E0.02203
G1 X10.062 Y-.869 E0.00365
G1 X10.098 Y-0.004 E0.02106
G1 X10.059 Y0.919 E0.02247
G1 X9.947 Y1.785 E0.02124
G1 X9.73 Y2.704 E0.02297
G1 X9.424 Y3.624 E0.02358
G1 X9.295 Y3.92 E0.00785
G1 X2.456 Y3.92 E0.16633
G1 X1.806 Y2.934 E0.02872
G1 X0.903 Y2.066 E0.03046
G1 X0.00 Y1.504 E0.02587
G1 X-.903 Y1.119 E0.02388
G1 F3600 E-1
G0 F12000 X10.571 Y3.943
G0 X10.829 Y4.325
;TYPE:WALL-INNER
G1 F3600 E1
G1 F4800 X11.041 Y3.774 E0.01436
G1 X11.336 Y2.825 E0.02417
G1 X11.52 Y1.898 E0.02299
G1 X11.634 Y0.942 E0.02342
G1 X11.672 Y-0.004 E0.02303
G1 X11.634 Y-.95 E0.02303
G1 X11.52 Y-1.897 E0.0232
G1 X11.336 Y-2.822 E0.02294
G1 X11.042 Y-3.782 E0.02442
G1 X10.83 Y-4.325 E0.01418
G1 X-10.829 Y-4.325 E0.52678
G1 X-11.041 Y-3.774 E0.01436
G1 X-11.336 Y-2.825 E0.02417
G1 X-11.52 Y-1.898 E0.02299
G1 X-11.634 Y-.942 E0.02342
G1 X-11.672 Y0.003 E0.023
G1 X-11.634 Y0.942 E0.02286
G1 X-11.52 Y1.898 E0.02342
G1 X-11.336 Y2.821 E0.02289
G1 X-11.042 Y3.774 E0.02426
G1 X-10.829 Y4.325 E0.01437
G1 X10.829 Y4.325 E0.52675
G1 F3600 E-1
G0 F12000 X11.12 Y4.75
;TYPE:WALL-OUTER
G1 F3600 E1
G1 F2400 X11.443 Y3.913 E0.02182
G1 X11.749 Y2.93 E0.02504
G1 X11.94 Y1.964 E0.02395
G1 X12.058 Y0.976 E0.0242
G1 X12.097 Y-0.004 E0.02385
G1 X12.058 Y-.984 E0.02385
G1 X11.94 Y-1.964 E0.02401
G1 X11.749 Y-2.926 E0.02385
G1 X11.428 Y-3.963 E0.0264
G1 X11.121 Y-4.75 E0.02055
G1 X-11.12 Y-4.75 E0.54093
G1 X-11.443 Y-3.913 E0.02182
G1 X-11.749 Y-2.93 E0.02504
G1 X-11.94 Y-1.964 E0.02395
G1 X-12.058 Y-.976 E0.0242
G1 X-12.097 Y0.003 E0.02383
G1 X-12.058 Y0.976 E0.02368
G1 X-11.94 Y1.964 E0.0242
G1 X-11.749 Y2.926 E0.02385
G1 X-11.457 Y3.873 E0.0241
G1 X-11.12 Y4.75 E0.02285
G1 X11.12 Y4.75 E0.54091
G0 F12000 X11.408 Y4.004
G1 F3600 E-1
G0 F12000 X10.644 Y3.707
G0 X9.841 Y3.815
;TYPE:SKIN
G1 F3600 E1
G1 F1779.2 X10.199 Y2.745 E0.03702
G1 F1794 X10.393 Y1.891 E0.02849
G1 X10.516 Y0.96 E0.03055
G1 F1788.1 X10.559 Y0.005 E0.03121
G1 F1782.2 X10.518 Y-.949 E0.03128
G1 F1788.1 X10.396 Y-1.872 E0.03039
G1 X10.175 Y-2.818 E0.03171
G1 F1776.3 X9.845 Y-3.814 E0.03448
G1 F1761.8 X10.497 Y-3.814 E0.0216
G1 F1756.1 X10.837 Y-2.707 E0.03849
G1 F1764.7 X11.017 Y-1.831 E0.02958
G1 F1776.3 X11.128 Y-.923 E0.03006
G1 F1779.2 X11.165 Y-0.019 E0.02968
G1 F1782.2 X11.129 Y0.896 E0.02999
G1 F1776.3 X11.019 Y1.82 E0.03058
G1 F1764.7 X10.841 Y2.692 E0.02944
G1 F1759 X10.494 Y3.815 E0.03901
G1 F1764.7 X9.841 Y3.815 E0.0216
G1 F3600 E-1
G0 F12000 X-9.843 Y3.815
G1 F3600 E1
G1 F1764.7 X-10.495 Y3.815 E0.02157
G1 F1759 X-10.842 Y2.688 E0.03913
G1 F1764.7 X-11.017 Y1.831 E0.02893
G1 F1776.3 X-11.128 Y0.907 E0.03058
G1 F1779.2 X-11.165 Y0.004 E0.02965
G1 F1782.2 X-11.129 Y-.896 E0.0295
G1 F1776.3 X-11.019 Y-1.82 E0.03058
G1 F1764.7 X-10.841 Y-2.692 E0.02944
G1 F1759 X-10.494 Y-3.815 E0.03901
G1 F1764.7 X-9.841 Y-3.815 E0.0216
G1 F1776.3 X-10.199 Y-2.745 E0.03708
G1 F1785.1 X-10.393 Y-1.891 E0.02864
G1 F1788.1 X-10.515 Y-.964 E0.03052
G1 X-10.559 Y-0.013 E0.03108
G1 F1785.1 X-10.518 Y0.945 E0.03135
G1 F1788.1 X-10.396 Y1.884 E0.03091
G1 X-10.169 Y2.838 E0.03201
G1 F1776.3 X-9.843 Y3.815 E0.03385
G0 F12000 X-9.843 Y3.575
G1 F3600 E-1
;MESH:NONMESH
G0 F600 X-9.843 Y3.575 Z38.26
G0 F12000 X-.903 Y1.211
;TIME_ELAPSED:1319.574401
;LAYER:292
;TYPE:FILL
;MESH:bridge.stl
G1 F3600 E1
G1 F9600 X-1.806 Y1.016 E0.02247
G1 X-2.709 Y1.047 E0.02198
G1 X-3.612 Y1.679 E0.02681
G1 X-4.515 Y3.095 E0.04085
G1 X-5.114 Y3.92 E0.0248
G1 X-8.842 Y3.92 E0.09067
G1 X-8.997 Y3.594 E0.00878
G1 X-9.289 Y2.705 E0.02276
G1 X-9.506 Y1.806 E0.02249
G1 X-9.636 Y0.899 E0.02229
G1 X-9.676 Y0.00 E0.02189
G1 X-9.636 Y-.899 E0.02189
G1 X-9.504 Y-1.824 E0.02273
G1 X-9.292 Y-2.698 E0.02187
G1 X-9.168 Y-3.075 E0.00965
G1 X-9.03 Y-2.885 E0.00571
G1 X-8.127 Y-2.077 E0.02947
G1 X-7.224 Y-1.555 E0.02537
G1 X-6.321 Y-1.212 E0.02349
G1 X-5.418 Y-1.017 E0.02247
G1 X-4.515 Y-1.048 E0.02198
G1 X-3.612 Y-1.68 E0.02681
G1 X-2.709 Y-3.096 E0.04085
G1 X-2.111 Y-3.92 E0.02476
G1 X4.667 Y-3.92 E0.16485
G1 X5.418 Y-2.885 E0.0311
G1 X6.321 Y-2.077 E0.02947
G1 X7.224 Y-1.555 E0.02537
G1 X8.127 Y-1.212 E0.02349
G1 X9.03 Y-1.017 E0.02247
G1 X9.63 Y-1.037 E0.0146
G1 X9.676 Y0.00 E0.02525
G1 X9.636 Y0.899 E0.02189
G1 X9.506 Y1.816 E0.02253
G1 X9.292 Y2.697 E0.02205
G1 X8.994 Y3.601 E0.02315
G1 X8.843 Y3.92 E0.00858
G1 X2.558 Y3.92 E0.15286
G1 X1.806 Y2.884 E0.03114
G1 X0.903 Y2.076 E0.02947
G1 X0.00 Y1.554 E0.02537
G1 X-.903 Y1.211 E0.02349
G1 F3600 E-1
G0 F12000 X10.173 Y3.943
G0 X10.433 Y4.325
;TYPE:WALL-INNER
G1 F3600 E1
G1 F4800 X10.645 Y3.775 E0.01434
G1 X10.933 Y2.826 E0.02412
G1 X11.138 Y1.876 E0.02364
G1 X11.262 Y0.932 E0.02316
G1 X11.304 Y0.011 E0.02242
G1 X11.262 Y-.933 E0.02298
G1 X11.138 Y-1.885 E0.02335
G1 X10.934 Y-2.833 E0.02358
G1 X10.642 Y-3.779 E0.02408
G1 X10.432 Y-4.325 E0.01423
G1 X-10.433 Y-4.325 E0.50747
G1 X-10.645 Y-3.775 E0.01434
G1 X-10.934 Y-2.826 E0.02413
G1 X-11.138 Y-1.876 E0.02363
G1 X-11.262 Y-.932 E0.02316
G1 X-11.304 Y-0.011 E0.02242
G1 X-11.262 Y0.932 E0.02296
G1 X-11.138 Y1.876 E0.02316
G1 X-10.934 Y2.826 E0.02363
G1 X-10.645 Y3.775 E0.02413
G1 X-10.433 Y4.325 E0.01434
G1 X10.433 Y4.325 E0.50749
G1 F3600 E-1
G0 F12000 X10.724 Y4.75
;TYPE:WALL-OUTER
G1 F3600 E1
G1 F2400 X11.047 Y3.914 E0.0218
G1 X11.345 Y2.933 E0.02494
G1 X11.557 Y1.949 E0.02448
G1 X11.686 Y0.969 E0.02404
G1 X11.729 Y0.011 E0.02332
G1 X11.686 Y-.97 E0.02388
G1 X11.557 Y-1.957 E0.02421
G1 X11.345 Y-2.94 E0.02446
G1 X11.057 Y-3.877 E0.02384
G1 X10.724 Y-4.75 E0.02272
G1 X-10.724 Y-4.75 E0.52165
G1 X-11.047 Y-3.914 E0.0218
G1 X-11.345 Y-2.933 E0.02494
G1 X-11.557 Y-1.949 E0.02448
G1 X-11.686 Y-.969 E0.02404
G1 X-11.729 Y-0.011 E0.02332
G1 X-11.686 Y0.97 E0.02388
G1 X-11.557 Y1.949 E0.02402
G1 X-11.345 Y2.933 E0.02448
G1 X-11.047 Y3.914 E0.02494
G1 X-10.724 Y4.75 E0.0218
G1 X10.724 Y4.75 E0.52165
G0 F12000 X11.012 Y4.004
G1 F3600 E-1
G0 F12000 X10.246 Y3.706
G0 X9.419 Y3.805
;TYPE:SKIN
G1 F3600 E1
G1 F1725.2 X9.741 Y2.83 E0.03474
G1 F1730.8 X9.966 Y1.908 E0.03201
G1 F1725.2 X10.103 Y0.957 E0.03251
G1 F1714.3 X10.149 Y0.00 E0.03262
G1 X10.103 Y-.965 E0.0329
G1 F1722.5 X9.966 Y-1.905 E0.03219
G1 F1725.2 X9.744 Y-2.818 E0.03179
G1 F1722.5 X9.423 Y-3.805 E0.03517
G1 F1714.3 X10.091 Y-3.805 E0.02275
G1 F1706.2 X10.429 Y-2.704 E0.0394
G1 F1703.5 X10.624 Y-1.798 E0.03176
G1 X10.743 Y-.893 E0.03128
G1 X10.783 Y-0.009 E0.03032
G1 X10.744 Y0.88 E0.03049
G1 X10.629 Y1.768 E0.03068
G1 F1708.9 X10.43 Y2.688 E0.03215
G1 X10.094 Y3.804 E0.03981
G1 F1714.3 X9.419 Y3.805 E0.02298
G1 F3600 E-1
G0 F12000 X-9.423 Y3.805
G1 F3600 E1
G1 F1714.3 X-10.088 Y3.805 E0.02264
G1 F1708.9 X-10.43 Y2.688 E0.0399
G1 F1703.5 X-10.625 Y1.794 E0.03135
G1 X-10.744 Y0.88 E0.03158
G1 X-10.783 Y-0.004 E0.03032
G1 X-10.745 Y-.867 E0.0296
G1 X-10.629 Y-1.768 E0.03113
G1 F1708.9 X-10.43 Y-2.688 E0.03215
G1 F1711.6 X-10.094 Y-3.805 E0.03978
G1 X-9.419 Y-3.805 E0.02302
G1 F1719.7 X-9.741 Y-2.83 E0.03485
G1 F1730.8 X-9.966 Y-1.909 E0.03197
G1 F1719.7 X-10.107 Y-.93 E0.03357
G1 F1708.9 X-10.149 Y-0.01 E0.03146
G1 X-10.107 Y0.926 E0.032
G1 F1719.7 X-9.962 Y1.923 E0.0342
G1 F1728 X-9.743 Y2.818 E0.03112
G1 F1725.2 X-9.423 Y3.805 E0.03511
G0 F12000 X-9.423 Y3.575
G1 F3600 E-1
;MESH:NONMESH
G0 F600 X-9.423 Y3.575 Z38.39
G0 F12000 X-.903 Y1.297
;TIME_ELAPSED:1324.593213
;LAYER:293
;TYPE:FILL
;MESH:bridge.stl
G1 F3600 E1
G1 F9600 X-1.806 Y1.158 E0.02222
G1 X-2.709 Y1.271 E0.02213
G1 X-3.612 Y1.953 E0.02752
G1 X-4.515 Y3.249 E0.03842
G1 X-5.046 Y3.92 E0.02081
G1 X-8.357 Y3.92 E0.08053
G1 X-8.523 Y3.57 E0.00942
G1 X-8.879 Y2.596 E0.02522
G1 X-9.067 Y1.807 E0.01973
G1 X-9.197 Y0.899 E0.02231
G1 X-9.237 Y-0.003 E0.02196
G1 X-9.197 Y-.897 E0.02177
G1 X-9.067 Y-1.802 E0.02224
G1 X-8.853 Y-2.686 E0.02212
G1 X-8.127 Y-2.081 E0.02298
G1 X-7.224 Y-1.6 E0.02488
G1 X-6.321 Y-1.298 E0.02316
G1 X-5.418 Y-1.159 E0.02222
G1 X-4.515 Y-1.272 E0.02213
G1 X-3.612 Y-1.954 E0.02752
G1 X-2.709 Y-3.25 E0.03842
G1 X-2.179 Y-3.92 E0.02078
G1 X4.559 Y-3.92 E0.16388
G1 X5.418 Y-2.834 E0.03368
G1 X6.321 Y-2.081 E0.0286
G1 X7.224 Y-1.6 E0.02488
G1 X8.127 Y-1.298 E0.02316
G1 X9.03 Y-1.159 E0.02222
G1 X9.158 Y-1.175 E0.00314
G1 X9.197 Y-.898 E0.0068
G1 X9.237 Y-0.003 E0.02179
G1 X9.197 Y0.899 E0.02196
G1 X9.069 Y1.795 E0.02201
G1 X8.872 Y2.612 E0.02044
G1 X8.522 Y3.564 E0.02467
G1 X8.355 Y3.919 E0.00954
G1 X2.666 Y3.919 E0.13836
G1 X1.806 Y2.833 E0.03369
G1 X0.903 Y2.08 E0.0286
G1 X0.00 Y1.599 E0.02488
G1 X-.903 Y1.297 E0.02316
G1 F3600 E-1
G0 F12000 X9.75 Y3.942
G0 X9.998 Y4.324
;TYPE:WALL-INNER
G1 F3600 E1
G1 F4800 X10.276 Y3.676 E0.01715
G1 X10.534 Y2.825 E0.02163
G1 X10.742 Y1.876 E0.02363
G1 X10.862 Y0.934 E0.0231
G1 X10.904 Y-0.003 E0.02281
G1 X10.862 Y-.933 E0.02264
G1 X10.738 Y-1.885 E0.02335
G1 X10.534 Y-2.834 E0.02361
G1 X10.277 Y-3.675 E0.02139
G1 X9.998 Y-4.325 E0.0172
G1 X-9.998 Y-4.325 E0.48633
G1 X-10.276 Y-3.676 E0.01717
G1 X-10.534 Y-2.825 E0.02163
G1 X-10.742 Y-1.876 E0.02363
G1 X-10.863 Y-.934 E0.0231
G1 X-10.904 Y0.003 E0.02281
G1 X-10.863 Y0.933 E0.02264
G1 X-10.742 Y1.876 E0.02312
G1 X-10.534 Y2.825 E0.02363
G1 X-10.28 Y3.665 E0.02134
G1 X-9.998 Y4.325 E0.01746
G1 X9.998 Y4.324 E0.48633
G1 F3600 E-1
G0 F12000 X10.279 Y4.749
;TYPE:WALL-OUTER
G1 F3600 E1
G1 F2400 X10.676 Y3.822 E0.02453
G1 X10.945 Y2.932 E0.02261
G1 X11.161 Y1.949 E0.02448
G1 X11.286 Y0.97 E0.024
G1 X11.329 Y-0.003 E0.02369
G1 X11.286 Y-.97 E0.02354
G1 X11.157 Y-1.957 E0.02421
G1 X10.945 Y-2.941 E0.02448
G1 X10.676 Y-3.821 E0.02238
G1 X10.279 Y-4.75 E0.02457
G1 X-10.279 Y-4.75 E0.5
G1 X-10.676 Y-3.822 E0.02455
G1 X-10.945 Y-2.932 E0.02261
G1 X-11.161 Y-1.949 E0.02448
G1 X-11.286 Y-.97 E0.024
G1 X-11.329 Y0.003 E0.02369
G1 X-11.286 Y0.97 E0.02354
G1 X-11.161 Y1.949 E0.024
G1 X-10.945 Y2.933 E0.0245
G1 X-10.68 Y3.81 E0.02228
G1 X-10.278 Y4.75 E0.02487
G1 X10.279 Y4.749 E0.49998
G0 F12000 X10.594 Y4.014
G1 F3600 E-1
G0 F12000 X9.84 Y3.691
G0 X8.953 Y3.791
;TYPE:SKIN
G1 F3600 E1
G1 F1636.4 X9.155 Y3.259 E0.0203
G1 F1656.4 X9.338 Y2.736 E0.01953
G1 F1677 X9.536 Y1.906 E0.0297
G1 F1669.2 X9.677 Y0.926 E0.03462
G1 F1656.4 X9.719 Y-0.006 E0.03288
G1 F1661.5 X9.673 Y-.962 E0.03362
G1 F1671.8 X9.531 Y-1.932 E0.03423
G1 X9.347 Y-2.7 E0.02757
G1 F1648.9 X9.149 Y-3.267 E0.02126
G1 F1631.4 X8.952 Y-3.791 E0.02003
G1 F1633.9 X9.646 Y-3.79 E0.02479
G1 F1631.4 X9.772 Y-3.494 E0.01151
G1 F1643.8 X10.02 Y-2.702 E0.02947
G1 F1656.4 X10.212 Y-1.809 E0.03219
G1 F1653.9 X10.333 Y-.893 E0.03261
G1 F1651.4 X10.373 Y-0.017 E0.031
G1 X10.334 Y0.884 E0.03188
G1 X10.219 Y1.77 E0.03158
G1 F1656.4 X10.021 Y2.686 E0.03302
G1 F1648.9 X9.776 Y3.487 E0.02965
G1 F1636.4 X9.647 Y3.791 E0.01178
G1 F1638.8 X8.953 Y3.791 E0.02472
G1 F3600 E-1
G0 F12000 X-8.954 Y3.79
G1 F3600 E1
G1 F1638.8 X-9.644 Y3.791 E0.02458
G1 F1636.4 X-9.78 Y3.474 E0.0123
G1 F1646.3 X-10.018 Y2.696 E0.02885
G1 F1653.9 X-10.22 Y1.78 E0.03311
G1 F1651.4 X-10.334 Y0.884 E0.03193
G1 X-10.373 Y0.004 E0.03114
G1 X-10.335 Y-.871 E0.03096
G1 X-10.219 Y-1.777 E0.03229
G1 F1656.4 X-10.02 Y-2.686 E0.03279
G1 F1643.8 X-9.776 Y-3.486 E0.0297
G1 F1631.4 X-9.646 Y-3.789 E0.0118
G1 F1636.4 X-8.953 Y-3.79 E0.02472
G1 F1651.4 X-9.328 Y-2.76 E0.03875
G1 F1669.2 X-9.549 Y-1.854 E0.03261
G1 F1666.7 X-9.677 Y-.93 E0.03267
G1 F1656.4 X-9.719 Y-0.015 E0.03228
G1 X-9.677 Y0.926 E0.03319
G1 F1666.7 X-9.536 Y1.902 E0.03454
G1 F1671.8 X-9.341 Y2.721 E0.02939
G1 F1651.4 X-9.158 Y3.246 E0.01965
G1 F1636.4 X-8.954 Y3.79 E0.02072
G0 F12000 X-8.954 Y3.575
G1 F3600 E-1
;MESH:NONMESH
G0 F600 X-8.954 Y3.575 Z38.52
G0 F12000 X0.00 Y1.638
;TIME_ELAPSED:1329.557949
;LAYER:294
;TYPE:FILL
;MESH:bridge.stl
G1 F3600 E1
G1 F9600 X-.903 Y1.378 E0.02285
G1 X-1.806 Y1.289 E0.02207
G1 X-2.709 Y1.471 E0.0224
G1 X-3.612 Y2.183 E0.02797
G1 X-4.515 Y3.388 E0.03662
G1 X-4.97 Y3.92 E0.01703
G1 X-7.845 Y3.92 E0.06992
G1 X-8.036 Y3.562 E0.00987
G1 X-8.367 Y2.669 E0.02316
G1 X-8.6 Y1.78 E0.02235
G1 X-8.74 Y0.889 E0.02194
G1 X-8.788 Y-0.003 E0.02173
G1 X-8.74 Y-.889 E0.02158
G1 X-8.6 Y-1.78 E0.02194
G1 X-8.455 Y-2.335 E0.01395
G1 X-8.127 Y-2.081 E0.01009
G1 X-7.224 Y-1.639 E0.02445
G1 X-6.321 Y-1.379 E0.02285
G1 X-5.418 Y-1.29 E0.02207
G1 X-4.515 Y-1.472 E0.0224
G1 X-3.612 Y-2.184 E0.02797
G1 X-2.709 Y-3.389 E0.03662
G1 X-2.255 Y-3.92 E0.01699
G1 X4.443 Y-3.92 E0.16291
G1 X5.418 Y-2.781 E0.03647
G1 X6.321 Y-2.081 E0.02779
G1 X7.224 Y-1.639 E0.02445
G1 X8.127 Y-1.379 E0.02285
G1 X8.671 Y-1.325 E0.0133
G1 X8.74 Y-.889 E0.01074
G1 X8.788 Y-0.003 E0.02158
G1 X8.74 Y0.889 E0.02173
G1 X8.6 Y1.78 E0.02194
G1 X8.366 Y2.672 E0.02243
G1 X8.033 Y3.571 E0.02332
G1 X7.85 Y3.92 E0.00958
G1 X2.782 Y3.92 E0.12326
G1 X1.806 Y2.78 E0.0365
G1 X0.903 Y2.08 E0.02779
G1 X0.00 Y1.638 E0.02445
G1 F3600 E-1
G0 F12000 X9.311 Y3.942
G0 X9.561 Y4.325
;TYPE:WALL-INNER
G1 F3600 E1
G1 F4800 X9.804 Y3.756 E0.01505
G1 X10.11 Y2.842 E0.02344
G1 X10.343 Y1.858 E0.02459
G1 X10.462 Y0.937 E0.02259
G1 X10.504 Y-0.003 E0.02288
G1 X10.462 Y-.933 E0.02264
G1 X10.339 Y-1.881 E0.02325
G1 X10.11 Y-2.842 E0.02403
G1 X9.804 Y-3.756 E0.02344
G1 X9.561 Y-4.325 E0.01505
G1 X-9.561 Y-4.325 E0.46508
G1 X-9.804 Y-3.756 E0.01505
G1 X-10.11 Y-2.842 E0.02344
G1 X-10.343 Y-1.858 E0.02459
G1 X-10.463 Y-.937 E0.02259
G1 X-10.504 Y0.003 E0.02288
G1 X-10.463 Y0.933 E0.02264
G1 X-10.343 Y1.87 E0.02298
G1 X-10.11 Y2.842 E0.02431
G1 X-9.804 Y3.756 E0.02344
G1 X-9.561 Y4.325 E0.01505
G1 X9.561 Y4.325 E0.46508
G1 F3600 E-1
G0 F12000 X9.842 Y4.75
;TYPE:WALL-OUTER
G1 F3600 E1
G1 F2400 X10.202 Y3.907 E0.02229
G1 X10.519 Y2.959 E0.02431
G1 X10.761 Y1.934 E0.02561
G1 X10.886 Y0.974 E0.02355
G1 X10.929 Y-0.003 E0.02379
G1 X10.886 Y-.97 E0.02354
G1 X10.757 Y-1.958 E0.02423
G1 X10.519 Y-2.959 E0.02502
G1 X10.202 Y-3.907 E0.02431
G1 X9.842 Y-4.75 E0.02229
G1 X-9.842 Y-4.75 E0.47874
G1 X-10.202 Y-3.907 E0.02229
G1 X-10.519 Y-2.959 E0.02431
G1 X-10.761 Y-1.934 E0.02561
G1 X-10.886 Y-.974 E0.02355
G1 X-10.929 Y0.003 E0.02379
G1 X-10.886 Y0.97 E0.02354
G1 X-10.761 Y1.946 E0.02393
G1 X-10.519 Y2.959 E0.02533
G1 X-10.202 Y3.907 E0.02431
G1 X-9.842 Y4.75 E0.02229
G1 X9.842 Y4.75 E0.47874
G0 F12000 X10.156 Y4.015
G1 F3600 E-1
G0 F12000 X9.401 Y3.691
G0 X8.317 Y3.895
;TYPE:SKIN
G1 F3600 E1
G1 F2400 X8.73 Y2.788 E0.02874
G1 X8.975 Y1.847 E0.02365
G1 X9.119 Y0.923 E0.02274
G1 X9.17 Y-0.004 E0.02258
G1 X9.121 Y-.905 E0.02195
G1 X8.972 Y-1.865 E0.02363
G1 X8.734 Y-2.773 E0.02283
G1 X8.317 Y-3.895 E0.02911
G1 X9.276 Y-3.894 E0.02332
G1 X9.405 Y-3.599 E0.00783
G1 X9.687 Y-2.754 E0.02167
G1 X9.914 Y-1.807 E0.02368
G1 X10.037 Y-.867 E0.02306
G1 X10.074 Y-0.022 E0.02057
G1 X10.035 Y0.892 E0.02225
G1 X9.922 Y1.771 E0.02155
G1 X9.687 Y2.754 E0.02458
G1 X9.405 Y3.599 E0.02167
G1 X9.276 Y3.894 E0.00783
G1 X8.317 Y3.895 E0.02332
G1 F3600 E-1
G0 F12000 X8.976 Y-3.434
G1 F3600 E1
G1 F2337.7 X9.202 Y-2.793 E0.01697
G1 F2389.4 X9.439 Y-1.852 E0.02371
G1 F2384.1 X9.565 Y-.978 E0.02162
G1 F2378.9 X9.62 Y-0.016 E0.02364
G1 X9.567 Y0.964 E0.02408
G1 F2358.1 X9.447 Y1.813 E0.02122
G1 F2373.6 X9.202 Y2.798 E0.02496
G1 F2368.4 X8.977 Y3.436 E0.01667
G1 F3600 E-1
G0 F12000 X-8.976 Y-3.435
G1 F3600 E1
G1 F2368.4 X-9.197 Y-2.809 E0.01636
G1 F2400 X-9.447 Y-1.819 E0.02483
G1 F2378.9 X-9.569 Y-.938 E0.02182
G1 F2373.6 X-9.619 Y-0.036 E0.02222
G1 F2358.1 X-9.578 Y0.856 E0.0221
G1 F2312.6 X-9.449 Y1.805 E0.02417
G1 F2307.7 X-9.204 Y2.781 E0.02545
G1 F2317.6 X-8.975 Y3.434 E0.01743
G0 F12000 X-8.317 Y3.895
G1 F2400 X-9.276 Y3.894 E0.02332
G1 X-9.405 Y3.599 E0.00783
G1 X-9.682 Y2.771 E0.02124
G1 X-9.922 Y1.783 E0.02473
G1 X-10.037 Y0.873 E0.02231
G1 X-10.075 Y0.004 E0.02116
G1 X-10.035 Y-.892 E0.02181
G1 X-9.922 Y-1.771 E0.02155
G1 X-9.687 Y-2.754 E0.02458
G1 X-9.405 Y-3.599 E0.02167
G1 X-9.276 Y-3.894 E0.00783
G1 X-8.315 Y-3.895 E0.02337
G1 X-8.727 Y-2.795 E0.02857
G1 X-8.972 Y-1.865 E0.02339
G1 X-9.119 Y-.923 E0.02319
G1 X-9.169 Y-0.013 E0.02217
G1 X-9.12 Y0.917 E0.02265
G1 X-8.975 Y1.847 E0.02289
G1 X-8.73 Y2.784 E0.02356
G1 X-8.317 Y3.895 E0.02883
G0 F12000 X-8.317 Y3.575
G1 F3600 E-1
;MESH:NONMESH
G0 F600 X-8.317 Y3.575 Z38.65
G0 F12000 X0.00 Y1.674
;TIME_ELAPSED:1334.652611
;LAYER:295
;TYPE:FILL
;MESH:bridge.stl
G1 F3600 E1
G1 F9600 X-.903 Y1.453 E0.02261
G1 X-1.806 Y1.413 E0.02198
G1 X-2.709 Y1.652 E0.02272
G1 X-3.612 Y2.384 E0.02827
G1 X-4.515 Y3.517 E0.03524
G1 X-4.886 Y3.92 E0.01332
G1 X-7.305 Y3.92 E0.05883
G1 X-7.51 Y3.533 E0.01065
G1 X-7.907 Y2.573 E0.02527
G1 X-8.114 Y1.781 E0.01991
G1 X-8.254 Y0.884 E0.02208
G1 X-8.301 Y-0.003 E0.0216
G1 X-8.254 Y-.882 E0.02141
G1 X-8.112 Y-1.786 E0.02226
G1 X-8.045 Y-2.041 E0.00641
G1 X-7.224 Y-1.675 E0.02186
G1 X-6.321 Y-1.454 E0.02261
G1 X-5.418 Y-1.414 E0.02198
G1 X-4.515 Y-1.653 E0.02272
G1 X-3.612 Y-2.385 E0.02827
G1 X-2.709 Y-3.518 E0.03524
G1 X-2.339 Y-3.92 E0.01329
G1 X4.345 Y-3.92 E0.16256
G1 X4.515 Y-3.707 E0.00663
G1 X5.418 Y-2.727 E0.03241
G1 X6.321 Y-2.077 E0.02706
G1 X7.224 Y-1.675 E0.02404
G1 X8.167 Y-1.444 E0.02361
G1 X8.254 Y-.888 E0.01369
G1 X8.301 Y-0.003 E0.02155
G1 X8.254 Y0.882 E0.02155
G1 X8.112 Y1.786 E0.02226
G1 X7.905 Y2.577 E0.01989
G1 X7.502 Y3.552 E0.02566
G1 X7.306 Y3.92 E0.01014
G1 X2.88 Y3.92 E0.10765
G1 X2.709 Y3.706 E0.00666
G1 X1.806 Y2.726 E0.03241
G1 X0.903 Y2.076 E0.02706
G1 X0.00 Y1.674 E0.02404
G1 F3600 E-1
G0 F12000 X8.854 Y3.941
G0 X9.096 Y4.325
;TYPE:WALL-INNER
G1 F3600 E1
G1 F4800 X9.372 Y3.74 E0.01573
G1 X9.67 Y2.842 E0.02301
G1 X9.896 Y1.907 E0.0234
G1 X10.038 Y0.939 E0.0238
G1 X10.08 Y-0.003 E0.02293
G1 X10.039 Y-.941 E0.02284
G1 X9.9 Y-1.907 E0.02374
G1 X9.671 Y-2.84 E0.02337
G1 X9.372 Y-3.74 E0.02307
G1 X9.096 Y-4.325 E0.01573
G1 X-9.096 Y-4.325 E0.44246
G1 X-9.372 Y-3.74 E0.01573
G1 X-9.67 Y-2.842 E0.02301
G1 X-9.896 Y-1.907 E0.0234
G1 X-10.039 Y-.939 E0.0238
G1 X-10.08 Y0.003 E0.02293
G1 X-10.039 Y0.941 E0.02284
G1 X-9.9 Y1.907 E0.02374
G1 X-9.67 Y2.84 E0.02337
G1 X-9.372 Y3.74 E0.02306
G1 X-9.096 Y4.325 E0.01573
G1 X9.096 Y4.325 E0.44246
G1 F3600 E-1
G0 F12000 X9.365 Y4.75
;TYPE:WALL-OUTER
G1 F3600 E1
G1 F2400 X9.767 Y3.898 E0.02291
G1 X10.079 Y2.959 E0.02407
G1 X10.314 Y1.988 E0.0243
G1 X10.462 Y0.98 E0.02478
G1 X10.505 Y-0.003 E0.02393
G1 X10.462 Y-.98 E0.02379
G1 X10.318 Y-1.988 E0.02476
G1 X10.079 Y-2.958 E0.0243
G1 X9.767 Y-3.898 E0.02409
G1 X9.365 Y-4.75 E0.02291
G1 X-9.365 Y-4.75 E0.45554
G1 X-9.767 Y-3.898 E0.02291
G1 X-10.079 Y-2.959 E0.02407
G1 X-10.314 Y-1.988 E0.0243
G1 X-10.462 Y-.98 E0.02478
G1 X-10.505 Y0.003 E0.02393
G1 X-10.462 Y0.98 E0.02379
G1 X-10.318 Y1.988 E0.02476
G1 X-10.079 Y2.958 E0.0243
G1 X-9.767 Y3.898 E0.02409
G1 X-9.365 Y4.75 E0.02291
G1 X9.365 Y4.75 E0.45554
G0 F12000 X9.706 Y4.027
G1 F3600 E-1
G0 F12000 X8.965 Y3.673
G0 X7.769 Y3.895
;TYPE:SKIN
G1 F3600 E1
G1 F2400 X8.266 Y2.7 E0.03148
G1 X8.484 Y1.865 E0.02099
G1 X8.631 Y0.927 E0.02309
G1 X8.682 Y-0.004 E0.02268
G1 X8.631 Y-.931 E0.02258
G1 X8.491 Y-1.843 E0.02244
G1 X8.266 Y-2.704 E0.02164
G1 X7.771 Y-3.895 E0.03137
G1 X8.824 Y-3.895 E0.02561
G1 X8.974 Y-3.572 E0.00866
G1 X9.248 Y-2.748 E0.02112
G1 X9.475 Y-1.86 E0.02229
G1 X9.609 Y-.926 E0.02295
G1 X9.65 Y-0.023 E0.02198
G1 X9.611 Y0.902 E0.02252
G1 X9.466 Y1.86 E0.02357
G1 X9.251 Y2.753 E0.02234
G1 X8.974 Y3.572 E0.02103
G1 X8.824 Y3.894 E0.00864
G1 X7.769 Y3.895 E0.02566
G1 F3600 E-1
G0 F12000 X8.51 Y-3.399
G1 F3600 E1
G1 F2084.9 X8.717 Y-2.843 E0.01661
G1 F2126 X8.981 Y-1.861 E0.02792
G1 F2061.1 X9.121 Y-.872 E0.02829
G1 F2065 X9.164 Y-0.016 E0.02423
G1 F2072.9 X9.122 Y0.858 E0.02464
G1 F2076.9 X8.97 Y1.881 E0.02907
G1 F2109.4 X8.744 Y2.776 E0.02554
G1 F2057.1 X8.51 Y3.397 E0.01883
G1 F3600 E-1
G0 F12000 X-8.509 Y-3.397
G1 F3600 E1
G1 F2053.2 X-8.738 Y-2.787 E0.01852
G1 F2093 X-8.968 Y-1.889 E0.02585
G1 F2069 X-9.122 Y-.858 E0.02941
G1 F2072.9 X-9.163 Y-0.038 E0.02312
G1 F2065 X-9.122 Y0.876 E0.02586
G1 F2069 X-8.981 Y1.864 E0.02816
G1 F2126 X-8.726 Y2.808 E0.02685
G1 F2069 X-8.51 Y3.396 E0.01767
G0 F12000 X-7.769 Y3.895
G1 F2400 X-8.824 Y3.895 E0.02566
G1 X-8.974 Y3.572 E0.00866
G1 X-9.248 Y2.748 E0.02112
G1 X-9.475 Y1.86 E0.02229
G1 X-9.612 Y0.903 E0.02351
G1 X-9.651 Y0.004 E0.02189
G1 X-9.611 Y-.902 E0.02206
G1 X-9.466 Y-1.86 E0.02357
G1 X-9.251 Y-2.753 E0.02234
G1 X-8.974 Y-3.572 E0.02103
G1 X-8.824 Y-3.895 E0.00866
G1 X-7.77 Y-3.895 E0.02563
G1 X-8.262 Y-2.705 E0.03132
G1 X-8.487 Y-1.847 E0.02157
G1 X-8.631 Y-.927 E0.02265
G1 X-8.681 Y-0.013 E0.02226
G1 X-8.631 Y0.926 E0.02287
G1 X-8.491 Y1.843 E0.02256
G1 X-8.266 Y2.695 E0.02143
G1 X-7.769 Y3.895 E0.03159
G0 F12000 X-7.769 Y3.575
G1 F3600 E-1
;MESH:NONMESH
G0 F600 X-7.769 Y3.575 Z38.78
G0 F12000 X0.00 Y1.704
;TIME_ELAPSED:1339.699459
;LAYER:296
;TYPE:FILL
;MESH:bridge.stl
G1 F3600 E1
G1 F9600 X-.903 Y1.522 E0.0224
G1 X-1.806 Y1.528 E0.02196
G1 X-2.709 Y1.818 E0.02307
G1 X-3.612 Y2.565 E0.0285
G1 X-4.515 Y3.639 E0.03413
G1 X-4.793 Y3.92 E0.00961
G1 X-6.721 Y3.92 E0.04689
G1 X-6.997 Y3.461 E0.01303
G1 X-7.327 Y2.656 E0.02116
G1 X-7.594 Y1.749 E0.023
G1 X-7.751 Y0.868 E0.02176
G1 X-7.8 Y-0.003 E0.02122
G1 X-7.751 Y-.868 E0.02107
G1 X-7.576 Y-1.847 E0.02419
G1 X-7.224 Y-1.705 E0.00923
G1 X-6.321 Y-1.523 E0.0224
G1 X-5.418 Y-1.529 E0.02196
G1 X-4.515 Y-1.819 E0.02307
G1 X-3.612 Y-2.566 E0.0285
G1 X-2.709 Y-3.64 E0.03413
G1 X-2.432 Y-3.92 E0.00958
G1 X4.233 Y-3.92 E0.1621
G1 X4.515 Y-3.585 E0.01065
G1 X5.418 Y-2.672 E0.03123
G1 X6.321 Y-2.069 E0.02641
G1 X7.224 Y-1.705 E0.02368
G1 X7.616 Y-1.626 E0.00973
G1 X7.751 Y-.868 E0.01873
G1 X7.8 Y-0.003 E0.02107
G1 X7.751 Y0.868 E0.02122
G1 X7.594 Y1.749 E0.02176
G1 X7.328 Y2.651 E0.02287
G1 X6.975 Y3.498 E0.02232
G1 X6.724 Y3.92 E0.01194
G1 X2.992 Y3.92 E0.09077
G1 X2.709 Y3.584 E0.01068
G1 X1.806 Y2.671 E0.03123
G1 X0.903 Y2.068 E0.02641
G1 X0.00 Y1.704 E0.02368
G1 F3600 E-1
G0 F12000 X8.368 Y3.941
G0 X8.608 Y4.325
;TYPE:WALL-INNER
G1 F3600 E1
G1 F4800 X8.884 Y3.742 E0.01569
G1 X9.26 Y2.715 E0.0266
G1 X9.456 Y1.907 E0.02022
G1 X9.599 Y0.938 E0.02382
G1 X9.644 Y-0.003 E0.02291
G1 X9.599 Y-.939 E0.02279
G1 X9.46 Y-1.907 E0.02378
G1 X9.265 Y-2.706 E0.02
G1 X8.884 Y-3.742 E0.02685
G1 X8.608 Y-4.325 E0.01569
G1 X-8.608 Y-4.325 E0.41872
G1 X-8.884 Y-3.742 E0.01569
G1 X-9.261 Y-2.719 E0.02652
G1 X-9.456 Y-1.907 E0.02031
G1 X-9.599 Y-.938 E0.02382
G1 X-9.644 Y0.003 E0.02291
G1 X-9.599 Y0.939 E0.02279
G1 X-9.46 Y1.907 E0.02378
G1 X-9.265 Y2.702 E0.01991
G1 X-8.884 Y3.742 E0.02694
G1 X-8.608 Y4.325 E0.01569
G1 X8.608 Y4.325 E0.41872
G1 F3600 E-1
G0 F12000 X8.877 Y4.75
;TYPE:WALL-OUTER
G1 F3600 E1
G1 F2400 X9.277 Y3.907 E0.02269
G1 X9.668 Y2.839 E0.02766
G1 X9.874 Y1.988 E0.0213
G1 X10.022 Y0.979 E0.0248
G1 X10.069 Y-0.003 E0.02391
G1 X10.022 Y-.98 E0.02379
G1 X9.878 Y-1.988 E0.02476
G1 X9.672 Y-2.831 E0.02111
G1 X9.277 Y-3.907 E0.02788
G1 X8.877 Y-4.75 E0.02269
G1 X-8.877 Y-4.75 E0.4318
G1 X-9.277 Y-3.907 E0.02269
G1 X-9.668 Y-2.843 E0.02757
G1 X-9.874 Y-1.988 E0.02139
G1 X-10.022 Y-.979 E0.0248
G1 X-10.069 Y0.003 E0.02391
G1 X-10.022 Y0.98 E0.02379
G1 X-9.878 Y1.988 E0.02476
G1 X-9.672 Y2.827 E0.02101
G1 X-9.277 Y3.907 E0.02797
G1 X-8.877 Y4.75 E0.02269
G1 X8.877 Y4.75 E0.4318
G0 F12000 X9.219 Y4.028
G1 F3600 E-1
G0 F12000 X8.477 Y3.676
G0 X7.18 Y3.895
;TYPE:SKIN
G1 F3600 E1
G1 F2400 X7.305 Y3.689 E0.00586
G1 X7.688 Y2.778 E0.02404
G1 X7.967 Y1.838 E0.02385
G1 X8.126 Y0.931 E0.0224
G1 X8.182 Y-0.004 E0.02278
G1 X8.128 Y-.925 E0.02244
G1 X7.967 Y-1.839 E0.02257
G1 X7.685 Y-2.79 E0.02413
G1 X7.345 Y-3.614 E0.02168
G1 X7.18 Y-3.894 E0.0079
G1 X8.337 Y-3.895 E0.02814
G1 X8.488 Y-3.576 E0.00858
G1 X8.852 Y-2.585 E0.02568
G1 X9.039 Y-1.833 E0.01885
G1 X9.169 Y-.925 E0.02231
G1 X9.214 Y-0.004 E0.02243
G1 X9.171 Y0.901 E0.02204
G1 X9.026 Y1.86 E0.02359
G1 X8.848 Y2.59 E0.01827
G1 X8.488 Y3.577 E0.02555
G1 X8.337 Y3.895 E0.00856
G1 X7.18 Y3.895 E0.02814
G1 F3600 E-1
G0 F12000 X8.005 Y-3.372
G1 F3600 E1
G1 F1843 X8.164 Y-2.963 E0.0139
G1 F1818.2 X8.345 Y-2.422 E0.01831
G1 F1779.2 X8.512 Y-1.777 E0.02186
G1 F1821.2 X8.639 Y-.977 E0.02596
G1 F1855.7 X8.696 Y-0.02 E0.03016
G1 F1865.3 X8.636 Y0.989 E0.03163
G1 F1868.5 X8.493 Y1.862 E0.02764
G1 F1818.2 X8.336 Y2.44 E0.01923
G1 F1827.4 X8.162 Y2.966 E0.0177
G1 F1852.5 X8.004 Y3.371 E0.0137
G1 F3600 E-1
G0 F12000 X-8.005 Y-3.371
G1 F3600 E1
G1 F1846.2 X-8.162 Y-2.97 E0.01362
G1 F1868.5 X-8.431 Y-2.162 E0.0266
G1 F1862.1 X-8.646 Y-.94 E0.0389
G1 F1855.7 X-8.695 Y-0.007 E0.02939
G1 F1852.5 X-8.639 Y0.977 E0.03106
G1 F1815.1 X-8.514 Y1.764 E0.02563
G1 F1776.3 X-8.345 Y2.413 E0.02204
G1 F1827.4 X-8.17 Y2.94 E0.01774
G1 F1858.9 X-8.002 Y3.373 E0.01458
G0 F12000 X-7.181 Y3.894
G1 F2400 X-8.336 Y3.895 E0.02809
G1 X-8.484 Y3.577 E0.00853
G1 X-8.852 Y2.577 E0.02592
G1 X-9.034 Y1.86 E0.01799
G1 X-9.169 Y0.925 E0.02298
G1 X-9.215 Y0.004 E0.02243
G1 X-9.171 Y-.901 E0.02204
G1 X-9.026 Y-1.86 E0.02359
G1 X-8.848 Y-2.598 E0.01846
G1 X-8.488 Y-3.576 E0.02535
G1 X-8.337 Y-3.895 E0.00858
G1 X-7.18 Y-3.895 E0.02814
G1 X-7.305 Y-3.689 E0.00586
G1 X-7.688 Y-2.778 E0.02404
G1 X-7.964 Y-1.849 E0.02357
G1 X-8.126 Y-.931 E0.02267
G1 X-8.181 Y-0.014 E0.02234
G1 X-8.127 Y0.925 E0.02288
G1 X-7.967 Y1.836 E0.0225
G1 X-7.687 Y2.779 E0.02392
G1 X-7.345 Y3.614 E0.02195
G1 X-7.181 Y3.894 E0.00789
G0 F12000 X-7.181 Y3.575
G1 F3600 E-1
;MESH:NONMESH
G0 F600 X-7.181 Y3.575 Z38.91
G0 F12000 X0.00 Y1.73
;TIME_ELAPSED:1344.703344
;LAYER:297
;TYPE:FILL
;MESH:bridge.stl
G1 F3600 E1
G1 F9600 X-.903 Y1.587 E0.02224
G1 X-1.806 Y1.636 E0.02199
G1 X-2.709 Y1.972 E0.02343
G1 X-3.612 Y2.731 E0.02869
G1 X-4.659 Y3.92 E0.03853
G1 X-6.101 Y3.92 E0.03507
G1 X-6.36 Y3.49 E0.01221
G1 X-6.776 Y2.598 E0.02394
G1 X-7.035 Y1.822 E0.0199
G1 X-7.204 Y0.875 E0.0234
G1 X-7.254 Y-0.003 E0.02139
G1 X-7.205 Y-.867 E0.02105
G1 X-7.056 Y-1.704 E0.02068
G1 X-6.321 Y-1.588 E0.0181
G1 X-5.418 Y-1.637 E0.02199
G1 X-4.515 Y-1.973 E0.02343
G1 X-3.612 Y-2.732 E0.02869
G1 X-2.565 Y-3.92 E0.03851
G1 X4.117 Y-3.92 E0.16252
G1 X4.515 Y-3.468 E0.01465
G1 X5.418 Y-2.614 E0.03023
G1 X6.321 Y-2.057 E0.0258
G1 X7.039 Y-1.798 E0.01856
G1 X7.204 Y-.874 E0.02283
G1 X7.254 Y-0.003 E0.02122
G1 X7.205 Y0.868 E0.02122
G1 X7.035 Y1.821 E0.02354
G1 X6.779 Y2.595 E0.01983
G1 X6.359 Y3.491 E0.02407
G1 X6.101 Y3.92 E0.01218
G1 X3.108 Y3.92 E0.07279
G1 X2.709 Y3.467 E0.01468
G1 X1.806 Y2.613 E0.03023
G1 X0.903 Y2.056 E0.0258
G1 X0.00 Y1.73 E0.02335
G1 F3600 E-1
G0 F12000 X7.86 Y3.94
G0 X8.09 Y4.325
;TYPE:WALL-INNER
G1 F3600 E1
G1 F4800 X8.402 Y3.729 E0.01636
G1 X8.751 Y2.787 E0.02443
G1 X8.998 Y1.852 E0.02352
G1 X9.143 Y0.933 E0.02263
G1 X9.192 Y-0.003 E0.0228
G1 X9.143 Y-.932 E0.02263
G1 X8.994 Y-1.864 E0.02296
G1 X8.751 Y-2.788 E0.02324
G1 X8.402 Y-3.728 E0.02439
G1 X8.088 Y-4.325 E0.01641
G1 X-8.09 Y-4.325 E0.39347
G1 X-8.402 Y-3.729 E0.01636
G1 X-8.751 Y-2.787 E0.02443
G1 X-8.998 Y-1.852 E0.02352
G1 X-9.143 Y-.933 E0.02263
G1 X-9.192 Y0.003 E0.0228
G1 X-9.143 Y0.933 E0.02265
G1 X-8.998 Y1.852 E0.02263
G1 X-8.751 Y2.787 E0.02352
G1 X-8.402 Y3.728 E0.02441
G1 X-8.088 Y4.325 E0.01641
G1 X8.09 Y4.325 E0.39347
G1 F3600 E-1
G0 F12000 X8.348 Y4.75
;TYPE:WALL-OUTER
G1 F3600 E1
G1 F2400 X8.791 Y3.902 E0.02327
G1 X9.157 Y2.916 E0.02558
G1 X9.415 Y1.94 E0.02455
G1 X9.567 Y0.977 E0.02371
G1 X9.617 Y-0.003 E0.02387
G1 X9.567 Y-.977 E0.02372
G1 X9.411 Y-1.952 E0.02402
G1 X9.157 Y-2.916 E0.02425
G1 X8.791 Y-3.901 E0.02556
G1 X8.345 Y-4.75 E0.02332
G1 X-8.348 Y-4.75 E0.406
G1 X-8.791 Y-3.902 E0.02327
G1 X-9.157 Y-2.916 E0.02558
G1 X-9.415 Y-1.94 E0.02455
G1 X-9.567 Y-.977 E0.02371
G1 X-9.617 Y0.003 E0.02387
G1 X-9.567 Y0.977 E0.02372
G1 X-9.415 Y1.94 E0.02371
G1 X-9.157 Y2.916 E0.02455
G1 X-8.791 Y3.901 E0.02556
G1 X-8.345 Y4.75 E0.02332
G1 X8.348 Y4.75 E0.406
G0 F12000 X8.718 Y4.042
G1 F3600 E-1
G0 F12000 X7.991 Y3.66
G0 X6.586 Y3.895
;TYPE:SKIN
G1 F3600 E1
G1 F2400 X7.132 Y2.739 E0.03109
G1 X7.406 Y1.915 E0.02112
G1 X7.582 Y0.932 E0.02429
G1 X7.633 Y0.008 E0.02251
G1 X7.583 Y-.928 E0.0228
G1 X7.41 Y-1.9 E0.02401
G1 X7.13 Y-2.737 E0.02147
G1 X6.704 Y-3.655 E0.02461
G1 X6.561 Y-3.895 E0.00679
G1 X7.828 Y-3.894 E0.03082
G1 X8.006 Y-3.556 E0.00929
G1 X8.341 Y-2.651 E0.02347
G1 X8.575 Y-1.777 E0.02201
G1 X8.716 Y-.892 E0.0218
G1 X8.762 Y-0.008 E0.02153
G1 X8.715 Y0.892 E0.02192
G1 X8.579 Y1.757 E0.0213
G1 X8.341 Y2.651 E0.0225
G1 X8.005 Y3.556 E0.02348
G1 X7.83 Y3.895 E0.00928
G1 X6.586 Y3.895 E0.03026
G1 F3600 E-1
G0 F12000 X7.483 Y-3.324
G1 F3600 E1
G1 F1607.1 X7.646 Y-2.929 E0.01552
G1 F1643.8 X7.975 Y-1.933 E0.03725
G1 F1621.6 X8.148 Y-.918 E0.03706
G1 F1592.9 X8.195 Y-0.028 E0.03266
G1 F1590.6 X8.146 Y0.934 E0.03535
G1 F1619.2 X7.983 Y1.901 E0.03535
G1 F1648.9 X7.649 Y2.923 E0.03806
G1 F1611.9 X7.482 Y3.324 E0.01573
G1 F3600 E-1
G0 F12000 X-7.482 Y-3.325
G1 F3600 E1
G1 F1614.3 X-7.647 Y-2.934 E0.01535
G1 F1641.3 X-7.988 Y-1.883 E0.0393
G1 F1614.3 X-8.146 Y-.932 E0.03486
G1 F1595.3 X-8.195 Y-0.007 E0.03389
G1 F1602.4 X-8.143 Y0.937 E0.03444
G1 F1626.5 X-7.994 Y1.84 E0.03284
G1 F1624.1 X-7.8 Y2.49 E0.02438
G1 F1583.6 X-7.482 Y3.323 E0.03287
G1 F3600 E-1
G0 F12000 X-6.56 Y3.895
G1 F3600 E1
G1 F2400 X-7.828 Y3.895 E0.03084
G1 X-8.005 Y3.556 E0.0093
G1 X-8.341 Y2.651 E0.02348
G1 X-8.579 Y1.757 E0.0225
G1 X-8.716 Y0.892 E0.0213
G1 X-8.762 Y0.008 E0.02153
G1 X-8.715 Y-.892 E0.02192
G1 X-8.579 Y-1.757 E0.0213
G1 X-8.341 Y-2.652 E0.02252
G1 X-8.005 Y-3.56 E0.02355
G1 X-7.831 Y-3.895 E0.00918
G1 X-6.589 Y-3.895 E0.03021
G1 X-7.132 Y-2.738 E0.03108
G1 X-7.406 Y-1.914 E0.02112
G1 X-7.582 Y-.932 E0.02426
G1 X-7.633 Y-0.012 E0.02241
G1 X-7.583 Y0.928 E0.02289
G1 X-7.406 Y1.915 E0.02439
G1 X-7.13 Y2.733 E0.021
G1 X-6.705 Y3.651 E0.0246
G1 X-6.56 Y3.895 E0.0069
G0 F12000 X-6.56 Y3.575
G1 F3600 E-1
;MESH:NONMESH
G0 F600 X-6.56 Y3.575 Z39.04
G0 F12000 X0.00 Y1.753
;TIME_ELAPSED:1349.722697
;LAYER:298
;TYPE:FILL
;MESH:bridge.stl
G1 F3600 E1
G1 F9600 X-.903 Y1.647 E0.02211
G1 X-1.806 Y1.738 E0.02207
G1 X-2.709 Y2.116 E0.02381
G1 X-3.612 Y2.886 E0.02886
G1 X-4.563 Y3.92 E0.03417
G1 X-5.393 Y3.92 E0.02019
G1 X-5.724 Y3.435 E0.01428
G1 X-6.126 Y2.692 E0.02055
G1 X-6.447 Y1.73 E0.02467
G1 X-6.621 Y0.859 E0.0216
G1 X-6.678 Y-0.003 E0.02101
G1 X-6.621 Y-.859 E0.02087
G1 X-6.46 Y-1.664 E0.01997
G1 X-6.321 Y-1.648 E0.0034
G1 X-5.418 Y-1.739 E0.02207
G1 X-4.515 Y-2.117 E0.02381
G1 X-3.612 Y-2.887 E0.02886
G1 X-2.662 Y-3.92 E0.03413
G1 X3.997 Y-3.919 E0.16196
G1 X4.515 Y-3.356 E0.01861
G1 X5.418 Y-2.555 E0.02936
G1 X6.346 Y-2.033 E0.0259
G1 X6.447 Y-1.73 E0.00777
G1 X6.621 Y-.859 E0.0216
G1 X6.678 Y-0.003 E0.02087
G1 X6.621 Y0.859 E0.02101
G1 X6.447 Y1.729 E0.02158
G1 X6.127 Y2.692 E0.02468
G1 X5.73 Y3.431 E0.0204
G1 X5.387 Y3.92 E0.01453
G1 X3.229 Y3.92 E0.05249
G1 X2.709 Y3.355 E0.01868
G1 X1.806 Y2.554 E0.02936
G1 X0.903 Y2.04 E0.02527
G1 X0.00 Y1.753 E0.02304
G1 F3600 E-1
G0 F12000 X7.316 Y3.94
G0 X7.545 Y4.325
;TYPE:WALL-INNER
G1 F3600 E1
G1 F4800 X7.872 Y3.708 E0.01698
G1 X8.286 Y2.704 E0.02641
G1 X8.51 Y1.853 E0.0214
G1 X8.655 Y0.933 E0.02265
G1 X8.704 Y-0.003 E0.0228
G1 X8.655 Y-.934 E0.02267
G1 X8.51 Y-1.865 E0.02292
G1 X8.287 Y-2.707 E0.02118
G1 X7.872 Y-3.706 E0.02631
G1 X7.543 Y-4.324 E0.01703
G1 X-7.545 Y-4.325 E0.36696
G1 X-7.872 Y-3.708 E0.01698
G1 X-8.286 Y-2.704 E0.02641
G1 X-8.51 Y-1.853 E0.0214
G1 X-8.655 Y-.933 E0.02265
G1 X-8.704 Y0.003 E0.0228
G1 X-8.655 Y0.933 E0.02265
G1 X-8.51 Y1.853 E0.02265
G1 X-8.29 Y2.696 E0.02119
G1 X-7.872 Y3.707 E0.02661
G1 X-7.543 Y4.325 E0.01703
G1 X7.545 Y4.325 E0.36696
G1 F3600 E-1
G0 F12000 X7.801 Y4.75
;TYPE:WALL-OUTER
G1 F3600 E1
G1 F2400 X8.257 Y3.889 E0.0237
G1 X8.69 Y2.84 E0.0276
G1 X8.927 Y1.94 E0.02264
G1 X9.079 Y0.977 E0.02371
G1 X9.129 Y-0.003 E0.02387
G1 X9.079 Y-.978 E0.02374
G1 X8.927 Y-1.952 E0.02398
G1 X8.69 Y-2.843 E0.02242
G1 X8.257 Y-3.888 E0.02751
G1 X7.798 Y-4.749 E0.02373
G1 X-7.801 Y-4.75 E0.37939
G1 X-8.257 Y-3.889 E0.0237
G1 X-8.69 Y-2.84 E0.0276
G1 X-8.927 Y-1.94 E0.02264
G1 X-9.079 Y-.977 E0.02371
G1 X-9.129 Y0.003 E0.02387
G1 X-9.079 Y0.977 E0.02372
G1 X-8.926 Y1.94 E0.02372
G1 X-8.694 Y2.832 E0.02242
G1 X-8.257 Y3.889 E0.02782
G1 X-7.798 Y4.75 E0.02373
G1 X7.801 Y4.75 E0.37939
G0 F12000 X8.175 Y4.043
G1 F3600 E-1
G0 F12000 X7.45 Y3.658
G0 X5.869 Y3.895
;TYPE:SKIN
G1 F3600 E1
G1 F2400 X6.059 Y3.623 E0.00807
G1 X6.476 Y2.843 E0.02151
G1 X6.815 Y1.821 E0.02619
G1 X6.999 Y0.911 E0.02258
G1 X7.061 Y0.012 E0.02192
G1 X6.999 Y-.911 E0.0225
G1 X6.814 Y-1.823 E0.02263
G1 X6.473 Y-2.85 E0.02632
G1 X6.049 Y-3.637 E0.02174
G1 X5.868 Y-3.895 E0.00767
G1 X7.285 Y-3.895 E0.03446
G1 X7.484 Y-3.527 E0.01018
G1 X7.882 Y-2.559 E0.02546
G1 X8.091 Y-1.781 E0.01959
G1 X8.228 Y-.892 E0.02188
G1 X8.274 Y-0.008 E0.02153
G1 X8.227 Y0.892 E0.02192
G1 X8.091 Y1.757 E0.0213
G1 X7.881 Y2.56 E0.02019
G1 X7.483 Y3.519 E0.02525
G1 X7.284 Y3.895 E0.01035
G1 X5.869 Y3.895 E0.03441
G1 F3600 E-1
G0 F12000 X6.922 Y-3.288
G1 F3600 E1
G1 F1438.1 X7.007 Y-3.113 E0.0079
G1 F1404.4 X7.287 Y-2.364 E0.03323
G1 F1356.8 X7.479 Y-1.657 E0.03152
G1 F1363.6 X7.612 Y-.924 E0.03189
G1 F1390 X7.664 Y-0.032 E0.03752
G1 F1395.3 X7.61 Y0.921 E0.03993
G1 F1388.2 X7.449 Y1.826 E0.03865
G1 F1381.1 X7.292 Y2.353 E0.02324
G1 F1415.5 X7.026 Y3.069 E0.0315
G1 F1447.7 X6.919 Y3.29 E0.0099
G1 F3600 E-1
G0 F12000 X-6.922 Y-3.288
G1 F3600 E1
G1 F1443.9 X-7.025 Y-3.068 E0.00982
G1 F1411.8 X-7.292 Y-2.353 E0.03156
G1 F1384.6 X-7.45 Y-1.824 E0.02327
G1 F1413.6 X-7.6 Y-.973 E0.03568
G1 F1415.5 X-7.666 Y0.012 E0.04071
G1 F1413.6 X-7.608 Y0.938 E0.03831
G1 F1391.8 X-7.485 Y1.624 E0.02923
G1 F1363.6 X-7.294 Y2.346 E0.03197
G1 F1409.9 X-7.025 Y3.073 E0.03209
G1 F1445.8 X-6.92 Y3.29 E0.00973
G1 F3600 E-1
G0 F12000 X-5.87 Y3.894
G1 F3600 E1
G1 F2400 X-7.285 Y3.895 E0.03441
G1 X-7.488 Y3.519 E0.01039
G1 X-7.886 Y2.552 E0.02543
G1 X-8.091 Y1.758 E0.01994
G1 X-8.23 Y0.86 E0.0221
G1 X-8.274 Y0.008 E0.02075
G1 X-8.227 Y-.892 E0.02192
G1 X-8.091 Y-1.757 E0.0213
G1 X-7.882 Y-2.56 E0.02018
G1 X-7.483 Y-3.519 E0.02526
G1 X-7.285 Y-3.895 E0.01034
G1 X-5.869 Y-3.895 E0.03444
G1 X-6.059 Y-3.623 E0.00807
G1 X-6.476 Y-2.843 E0.02151
G1 X-6.814 Y-1.821 E0.02618
G1 X-6.999 Y-.911 E0.02259
G1 X-7.061 Y-0.016 E0.02182
G1 X-6.999 Y0.912 E0.02262
G1 X-6.817 Y1.809 E0.02226
G1 X-6.477 Y2.846 E0.02654
G1 X-6.046 Y3.64 E0.02197
G1 X-5.87 Y3.894 E0.00752
G0 F12000 X-5.87 Y3.575
G1 F3600 E-1
;MESH:NONMESH
G0 F600 X-5.87 Y3.575 Z39.17
G0 F12000 X0.00 Y1.771
;TIME_ELAPSED:1354.713910
;LAYER:299
;TYPE:FILL
;MESH:bridge.stl
G1 F3600 E1
G1 F9600 X-.903 Y1.703 E0.02202
G1 X-1.806 Y1.835 E0.0222
G1 X-2.709 Y2.251 E0.02418
G1 X-3.612 Y3.032 E0.02904
G1 X-4.459 Y3.92 E0.02985
G1 X-4.59 Y3.92 E0.00319
G1 X-5.063 Y3.344 E0.01813
G1 X-5.489 Y2.55 E0.02192
G1 X-5.82 Y1.683 E0.02257
G1 X-5.997 Y0.928 E0.01886
G1 X-6.059 Y-0.003 E0.02269
G1 X-5.998 Y-.925 E0.02247
G1 X-5.798 Y-1.781 E0.02138
G1 X-5.418 Y-1.836 E0.00934
G1 X-4.515 Y-2.252 E0.02418
G1 X-3.612 Y-3.033 E0.02904
G1 X-2.766 Y-3.92 E0.02981
G1 X3.871 Y-3.92 E0.16142
G1 X4.515 Y-3.245 E0.02269
G1 X5.418 Y-2.493 E0.02858
G1 X5.534 Y-2.433 E0.00318
G1 X5.82 Y-1.683 E0.01952
G1 X5.998 Y-.922 E0.01901
G1 X6.059 Y-0.01 E0.02223
G1 X5.998 Y0.927 E0.02284
G1 X5.821 Y1.682 E0.01886
G1 X5.489 Y2.55 E0.0226
G1 X5.058 Y3.352 E0.02214
G1 X4.591 Y3.92 E0.01788
G1 X3.354 Y3.92 E0.03009
G1 X2.709 Y3.244 E0.02272
G1 X1.806 Y2.492 E0.02858
G1 X0.903 Y2.021 E0.02477
G1 X0.00 Y1.771 E0.02279
G1 F3600 E-1
G0 F12000 X6.732 Y3.938
G0 X6.949 Y4.325
;TYPE:WALL-INNER
G1 F3600 E1
G1 F4800 X7.332 Y3.686 E0.01812
G1 X7.714 Y2.771 E0.02412
G1 X7.985 Y1.838 E0.02363
G1 X8.148 Y0.924 E0.02258
G1 X8.203 Y-0.003 E0.02259
G1 X8.148 Y-.925 E0.02246
G1 X7.986 Y-1.849 E0.02282
G1 X7.71 Y-2.779 E0.02359
G1 X7.355 Y-3.644 E0.02274
G1 X6.949 Y-4.325 E0.01928
G1 X-6.949 Y-4.325 E0.33802
G1 X-7.332 Y-3.686 E0.01812
G1 X-7.71 Y-2.782 E0.02383
G1 X-7.985 Y-1.838 E0.02391
G1 X-8.148 Y-.924 E0.02258
G1 X-8.203 Y0.003 E0.02259
G1 X-8.148 Y0.924 E0.02244
G1 X-7.985 Y1.837 E0.02256
G1 X-7.71 Y2.78 E0.02389
G1 X-7.355 Y3.644 E0.02272
G1 X-6.949 Y4.325 E0.01928
G1 X6.949 Y4.325 E0.33802
G1 F3600 E-1
G0 F12000 X7.19 Y4.75
;TYPE:WALL-OUTER
G1 F3600 E1
G1 F2400 X7.712 Y3.878 E0.02472
G1 X8.115 Y2.912 E0.02546
G1 X8.4 Y1.935 E0.02475
G1 X8.571 Y0.974 E0.02374
G1 X8.629 Y-0.003 E0.0238
G1 X8.571 Y-.974 E0.02366
G1 X8.4 Y-1.946 E0.024
G1 X8.111 Y-2.92 E0.02471
G1 X7.735 Y-3.835 E0.02406
G1 X7.19 Y-4.75 E0.0259
G1 X-7.19 Y-4.75 E0.34974
G1 X-7.712 Y-3.878 E0.02472
G1 X-8.111 Y-2.924 E0.02515
G1 X-8.4 Y-1.934 E0.02508
G1 X-8.571 Y-.974 E0.02372
G1 X-8.629 Y0.003 E0.0238
G1 X-8.571 Y0.974 E0.02366
G1 X-8.4 Y1.934 E0.02372
G1 X-8.111 Y2.921 E0.02501
G1 X-7.735 Y3.835 E0.02404
G1 X-7.19 Y4.75 E0.0259
G1 X7.19 Y4.75 E0.34974
G0 F12000 X7.601 Y4.064
G1 F3600 E-1
G0 F12000 X6.897 Y3.64
G0 X5.103 Y3.895
;TYPE:SKIN
G1 F3600 E1
G1 F2400 X5.387 Y3.542 E0.01102
G1 X5.837 Y2.699 E0.02324
G1 X6.183 Y1.806 E0.02329
G1 X6.372 Y0.999 E0.02016
G1 X6.441 Y0.012 E0.02406
G1 X6.374 Y-.992 E0.02447
G1 X6.192 Y-1.779 E0.01965
G1 X5.841 Y-2.694 E0.02384
G1 X5.391 Y-3.535 E0.0232
G1 X5.101 Y-3.895 E0.01124
G1 X6.704 Y-3.895 E0.03899
G1 X6.974 Y-3.443 E0.01281
G1 X7.303 Y-2.641 E0.02108
G1 X7.564 Y-1.752 E0.02253
G1 X7.72 Y-.877 E0.02162
G1 X7.774 Y-0.008 E0.02118
G1 X7.72 Y0.877 E0.02156
G1 X7.568 Y1.732 E0.02112
G1 X7.311 Y2.621 E0.02251
G1 X6.95 Y3.486 E0.0228
G1 X6.704 Y3.895 E0.01161
G1 X5.103 Y3.895 E0.03894
G0 F12000 X5.944 Y3.443
G1 F2432.4 X6.247 Y2.869 E0.01558
G1 F2471.4 X6.59 Y1.998 E0.02211
G1 F2488.5 X6.819 Y1.016 E0.02365
G1 F2465.8 X6.885 Y-0.009 E0.02431
G1 F2477.1 X6.81 Y-1.05 E0.02459
G1 F2500 X6.622 Y-1.91 E0.02055
G1 F2465.8 X6.255 Y-2.851 E0.02391
G1 F2416.1 X5.943 Y-3.443 E0.01617
G1 F2394.7 X6.447 Y-3.443 E0.01229
G1 F2389.4 X6.569 Y-3.235 E0.00589
G1 F2394.7 X6.871 Y-2.507 E0.01921
G1 F2410.7 X7.105 Y-1.774 E0.01863
G1 F2421.5 X7.268 Y-.934 E0.02063
G1 F2432.4 X7.327 Y-0.013 E0.02215
G1 F2449 X7.267 Y0.91 E0.02205
G1 F2454.5 X7.135 Y1.615 E0.01706
G1 F2432.4 X6.888 Y2.465 E0.02124
G1 F2400 X6.546 Y3.278 E0.02145
G1 X6.448 Y3.443 E0.00467
G1 F2405.3 X5.944 Y3.443 E0.01223
G1 F3600 E-1
G0 F12000 X-5.944 Y3.443
G1 F3600 E1
G1 F2400 X-6.448 Y3.443 E0.01226
G1 X-6.569 Y3.235 E0.00585
G1 X-6.876 Y2.497 E0.01944
G1 F2432.4 X-7.13 Y1.636 E0.02154
G1 F2443.4 X-7.275 Y0.825 E0.01968
G1 F2432.4 X-7.327 Y0.013 E0.01953
G1 F2449 X-7.267 Y-.913 E0.02212
G1 F2454.5 X-7.135 Y-1.615 E0.01699
G1 F2432.4 X-6.883 Y-2.473 E0.02146
G1 F2400 X-6.55 Y-3.274 E0.0211
G1 X-6.449 Y-3.443 E0.00479
G1 F2405.3 X-5.945 Y-3.443 E0.01223
G1 F2421.5 X-6.219 Y-2.93 E0.01402
G1 F2454.5 X-6.591 Y-1.996 E0.02391
G1 F2500 X-6.81 Y-1.042 E0.02285
G1 F2482.8 X-6.885 Y0.009 E0.02477
G1 F2477.1 X-6.807 Y1.051 E0.02462
G1 F2500 X-6.594 Y1.985 E0.02237
G1 F2465.8 X-6.258 Y2.847 E0.0219
G1 F2421.5 X-5.944 Y3.443 E0.01624
G0 F12000 X-5.101 Y3.895
G1 F2400 X-6.704 Y3.895 E0.03899
G1 X-6.974 Y3.443 E0.01281
G1 X-7.303 Y2.641 E0.02108
G1 X-7.568 Y1.732 E0.02303
G1 X-7.72 Y0.877 E0.02112
G1 X-7.774 Y0.008 E0.02118
G1 X-7.719 Y-.877 E0.02157
G1 X-7.568 Y-1.732 E0.02112
G1 X-7.307 Y-2.632 E0.02279
G1 X-6.95 Y-3.486 E0.02251
G1 X-6.704 Y-3.894 E0.01159
G1 X-5.103 Y-3.895 E0.03894
G1 X-5.387 Y-3.542 E0.01102
G1 X-5.827 Y-2.719 E0.0227
G1 X-6.189 Y-1.787 E0.02432
G1 X-6.372 Y-.995 E0.01977
G1 X-6.441 Y-0.016 E0.02387
G1 X-6.374 Y0.992 E0.02457
G1 X-6.189 Y1.788 E0.01988
G1 X-5.843 Y2.689 E0.02347
G1 X-5.391 Y3.535 E0.02333
G1 X-5.101 Y3.895 E0.01124
G0 F12000 X-5.101 Y3.575
G1 F3600 E-1
;MESH:NONMESH
G0 F600 X-5.101 Y3.575 Z39.3
G0 F12000 X-2.876 Y-3.92
;TIME_ELAPSED:1359.617890
;LAYER:300
;TYPE:FILL
;MESH:bridge.stl
G1 F3600 E1
G1 F9600 X-3.612 Y-3.173 E0.02551
G1 X-4.515 Y-2.38 E0.02923
G1 X-4.897 Y-2.188 E0.0104
G1 X-5.088 Y-1.765 E0.01129
G1 X-5.302 Y-.837 E0.02316
G1 X-5.366 Y-0.001 E0.02039
G1 X-5.301 Y0.843 E0.02059
G1 X-5.088 Y1.765 E0.02302
G1 X-4.764 Y2.482 E0.01914
G1 X-4.193 Y3.376 E0.0258
G1 X-4.001 Y3.567 E0.00659
G1 X-3.612 Y3.172 E0.01348
G1 X-2.709 Y2.379 E0.02923
G1 X-1.806 Y1.926 E0.02457
G1 X-.903 Y1.754 E0.02236
G1 X0.00 Y1.785 E0.02198
G1 X0.903 Y1.998 E0.02257
G1 X1.806 Y2.428 E0.02433
G1 X2.709 Y3.135 E0.02789
G1 X3.483 Y3.92 E0.02681
G1 F3600 E-1
G0 F12000 X6.112 Y3.937
G0 X6.328 Y4.325
;TYPE:WALL-INNER
G1 F3600 E1
G1 F4800 X6.719 Y3.678 E0.01839
G1 X7.155 Y2.742 E0.02511
G1 X7.427 Y1.921 E0.02104
G1 X7.604 Y0.926 E0.02458
G1 X7.655 Y-0.003 E0.02263
G1 X7.604 Y-.925 E0.02246
G1 X7.424 Y-1.932 E0.02488
G1 X7.151 Y-2.742 E0.02079
G1 X6.715 Y-3.685 E0.02527
G1 X6.326 Y-4.325 E0.01822
G1 X-6.328 Y-4.325 E0.30776
G1 X-6.719 Y-3.678 E0.01839
G1 X-7.155 Y-2.742 E0.02511
G1 X-7.424 Y-1.929 E0.02083
G1 X-7.604 Y-.925 E0.02481
G1 X-7.655 Y0.003 E0.0226
G1 X-7.604 Y0.924 E0.02243
G1 X-7.424 Y1.924 E0.02471
G1 X-7.151 Y2.742 E0.02097
G1 X-6.718 Y3.679 E0.0251
G1 X-6.327 Y4.325 E0.01837
G1 X6.328 Y4.325 E0.30779
G1 F3600 E-1
G0 F12000 X6.536 Y4.75
;TYPE:WALL-OUTER
G1 F3600 E1
G1 F2400 X6.789 Y4.384 E0.01082
G1 X7.094 Y3.878 E0.01437
G1 X7.551 Y2.899 E0.02628
G1 X7.84 Y2.026 E0.02237
G1 X8.027 Y0.975 E0.02596
G1 X8.081 Y-0.003 E0.02382
G1 X8.027 Y-.974 E0.02365
G1 X7.837 Y-2.037 E0.02626
G1 X7.547 Y-2.899 E0.02212
G1 X7.09 Y-3.886 E0.02645
G1 X6.567 Y-4.75 E0.02456
G1 X-6.536 Y-4.75 E0.31868
G1 X-6.789 Y-4.384 E0.01082
G1 X-7.094 Y-3.878 E0.01437
G1 X-7.551 Y-2.899 E0.02628
G1 X-7.837 Y-2.034 E0.02216
G1 X-8.027 Y-.974 E0.02619
G1 X-8.081 Y0.003 E0.0238
G1 X-8.027 Y0.974 E0.02365
G1 X-7.837 Y2.03 E0.0261
G1 X-7.547 Y2.899 E0.02228
G1 X-7.094 Y3.878 E0.02624
G1 X-6.789 Y4.384 E0.01437
G1 X-6.536 Y4.75 E0.01082
G1 X6.536 Y4.75 E0.31793
G0 F12000 X6.789 Y4.384
G0 X6.972 Y4.081
G1 F3600 E-1
G0 F12000 X6.268 Y3.656
G0 X4.209 Y3.894
;TYPE:SKIN
G1 F3600 E1
G1 F2400 X4.483 Y3.624 E0.00936
G1 X5.087 Y2.685 E0.02715
G1 X5.451 Y1.883 E0.02142
G1 X5.676 Y0.911 E0.02427
G1 X5.746 Y0.013 E0.02191
G1 X5.678 Y-.912 E0.02256
G1 X5.442 Y-1.905 E0.02482
G1 X5.102 Y-2.657 E0.02007
G1 X4.48 Y-3.628 E0.02805
G1 X4.211 Y-3.895 E0.00922
G1 X6.082 Y-3.895 E0.04551
G1 X6.341 Y-3.477 E0.01196
G1 X6.75 Y-2.588 E0.0238
G1 X7.005 Y-1.831 E0.01943
G1 X7.176 Y-.881 E0.02348
G1 X7.226 Y-0.008 E0.02127
G1 X7.176 Y0.877 E0.02156
G1 X7.009 Y1.816 E0.0232
G1 X6.758 Y2.576 E0.01947
G1 X6.337 Y3.477 E0.02419
G1 X6.081 Y3.895 E0.01192
G1 X4.209 Y3.894 E0.04553
G0 F12000 X4.81 Y3.537
G1 F2400 X4.943 Y3.67 E0.00457
G0 F12000 X5.056 Y3.147
G1 F2400 X5.579 Y3.67 E0.01799
G0 F12000 X6.054 Y3.509
G1 F2400 X5.303 Y2.757 E0.02585
G0 F12000 X5.5 Y2.318
G1 F2400 X6.27 Y3.088 E0.02648
G0 F12000 X6.473 Y2.654
G1 F2400 X5.684 Y1.866 E0.02712
G0 F12000 X5.805 Y1.35
G1 F2400 X6.648 Y2.193 E0.029
G0 F12000 X6.8 Y1.708
G1 F2400 X5.909 Y0.818 E0.03063
G0 F12000 X5.955 Y0.228
G1 F2400 X6.896 Y1.168 E0.03235
G0 F12000 X6.966 Y0.602
G1 F2400 X5.938 Y-.426 E0.03536
G0 F12000 X5.853 Y-1.148
G1 F2400 X7.001 Y0.001 E0.0395
G0 F12000 X6.962 Y-.675
G1 F2400 X5.653 Y-1.984 E0.04502
G1 X5.574 Y-2.063
G1 F3600 E-1
G0 F12000 X6.61 Y-2.3
G1 F3600 E1
G1 F2400 X5.24 Y-3.67 E0.04712
G0 F12000 X4.936 Y-3.337
G1 F2400 X6.85 Y-1.423 E0.06583
G1 X6.929 Y-1.344
G1 F3600 E-1
G0 F12000 X6.087 Y-3.458
G1 F3600 E1
G1 F2400 X5.876 Y-3.67 E0.00727
G1 F3600 E-1
G0 F12000 X-4.213 Y3.894
G1 F3600 E1
G1 F2400 X-6.081 Y3.895 E0.04543
G1 X-6.341 Y3.469 E0.01214
G1 X-6.754 Y2.577 E0.02391
G1 X-7.005 Y1.82 E0.0194
G1 X-7.176 Y0.877 E0.02331
G1 X-7.226 Y0.007 E0.02119
G1 X-7.175 Y-.881 E0.02163
G1 X-7.005 Y-1.828 E0.0234
G1 X-6.758 Y-2.576 E0.01916
G1 X-6.337 Y-3.477 E0.02419
G1 X-6.081 Y-3.895 E0.01192
G1 X-4.209 Y-3.894 E0.04553
G1 X-4.483 Y-3.624 E0.00936
G1 X-5.1 Y-2.66 E0.02784
G1 X-5.442 Y-1.905 E0.02016
G1 X-5.676 Y-.915 E0.02474
G1 X-5.745 Y-0.017 E0.02191
G1 X-5.678 Y0.909 E0.02258
G1 X-5.45 Y1.883 E0.02433
G1 X-5.102 Y2.657 E0.02064
G1 X-4.48 Y3.628 E0.02805
G1 X-4.213 Y3.894 E0.00917
G1 F3600 E-1
G0 F12000 X-5.876 Y3.67
G1 F3600 E1
G1 F2400 X-6.081 Y3.465 E0.00705
G0 F12000 X-5.24 Y3.67
G1 F2400 X-6.609 Y2.3 E0.0471
G1 X-6.688 Y2.221
G0 F12000 X-6.848 Y1.425
G1 F2400 X-4.935 Y3.338 E0.0658
G1 X-4.856 Y3.417
G1 F3600 E-1
G0 F12000 X-5.652 Y1.985
G1 F3600 E1
G1 F2400 X-6.963 Y0.674 E0.04509
G0 F12000 X-7.001 Y-0.001
G1 F2400 X-5.854 Y1.146 E0.03945
G0 F12000 X-5.938 Y0.426
G1 F2400 X-6.966 Y-.602 E0.03536
G0 F12000 X-6.896 Y-1.168
G1 F2400 X-5.95 Y-.223 E0.03252
G0 F12000 X-5.906 Y-.815
G1 F2400 X-6.798 Y-1.707 E0.03068
G0 F12000 X-6.648 Y-2.193
G1 F2400 X-5.805 Y-1.35 E0.029
G0 F12000 X-5.684 Y-1.865
G1 F2400 X-6.473 Y-2.654 E0.02714
G0 F12000 X-6.271 Y-3.089
G1 F2400 X-5.5 Y-2.318 E0.02652
G0 F12000 X-5.303 Y-2.757
G1 F2400 X-6.054 Y-3.509 E0.02585
G0 F12000 X-5.579 Y-3.67
G1 F2400 X-5.056 Y-3.147 E0.01799
G0 F12000 X-4.81 Y-3.537
G1 F2400 X-4.943 Y-3.67 E0.00457
G0 F12000 X-4.943 Y-3.575
G1 F3600 E-1
;MESH:NONMESH
G0 F600 X-4.943 Y-3.575 Z39.43
G0 F12000 X3.09 Y3.402
;TIME_ELAPSED:1365.265919
;LAYER:301
;TYPE:FILL
;MESH:bridge.stl
G1 F3600 E1
G1 F9600 X2.709 Y3.027 E0.013
G1 X1.806 Y2.362 E0.02728
G1 X0.903 Y1.972 E0.02392
G1 X0.00 Y1.796 E0.02238
G1 X-.903 Y1.801 E0.02196
G1 X-1.806 Y2.012 E0.02255
G1 X-2.709 Y2.502 E0.02499
G1 X-3.388 Y3.107 E0.02212
G1 F3600 E-1
G0 F12000 X5.395 Y3.937
G0 X5.594 Y4.324
;TYPE:WALL-INNER
G1 F3600 E1
G1 F4800 X6.076 Y3.64 E0.02035
G1 X6.501 Y2.844 E0.02195
G1 X6.838 Y1.831 E0.02597
G1 X7.021 Y0.91 E0.02284
G1 X7.083 Y-0.004 E0.02228
G1 X7.021 Y-.918 E0.02228
G1 X6.838 Y-1.829 E0.0226
G1 X6.498 Y-2.847 E0.0261
G1 X6.067 Y-3.65 E0.02217
G1 X5.599 Y-4.325 E0.01998
G1 X-5.594 Y-4.325 E0.27223
G1 X-6.076 Y-3.641 E0.02035
G1 X-6.501 Y-2.844 E0.02197
G1 X-6.838 Y-1.83 E0.02599
G1 X-7.021 Y-.914 E0.02272
G1 X-7.083 Y0.003 E0.02235
G1 X-7.021 Y0.91 E0.02211
G1 X-6.838 Y1.83 E0.02281
G1 X-6.498 Y2.846 E0.02606
G1 X-6.071 Y3.639 E0.02191
G1 X-5.597 Y4.325 E0.02028
G1 X5.594 Y4.324 E0.27218
G1 F3600 E-1
G0 F12000 X5.814 Y4.749
;TYPE:WALL-OUTER
G1 F3600 E1
G1 F2400 X6.438 Y3.864 E0.02634
G1 X6.893 Y3.012 E0.02349
G1 X7.249 Y1.939 E0.0275
G1 X7.443 Y0.967 E0.02411
G1 X7.509 Y-0.004 E0.02367
G1 X7.443 Y-.974 E0.02365
G1 X7.249 Y-1.939 E0.02394
G1 X6.889 Y-3.016 E0.02762
G1 X6.43 Y-3.873 E0.02364
G1 X5.821 Y-4.75 E0.02597
G1 X-5.814 Y-4.75 E0.28298
G1 X-6.438 Y-3.864 E0.02636
G1 X-6.893 Y-3.012 E0.02349
G1 X-7.249 Y-1.939 E0.0275
G1 X-7.443 Y-.97 E0.02404
G1 X-7.509 Y0.003 E0.02372
G1 X-7.443 Y0.966 E0.02348
G1 X-7.249 Y1.939 E0.02413
G1 X-6.889 Y3.016 E0.02762
G1 X-6.434 Y3.861 E0.02334
G1 X-5.82 Y4.75 E0.02628
G1 X5.814 Y4.749 E0.28296
G0 F12000 X6.274 Y4.096
G1 F3600 E-1
G0 F12000 X5.601 Y3.624
G0 X3.144 Y3.895
;TYPE:SKIN
G1 F3600 E1
G1 F2400 X3.13 Y3.855 E0.00103
G1 X3.537 Y3.537 E0.01256
G1 X4.301 Y2.558 E0.0302
G1 X4.666 Y1.752 E0.02152
G1 X4.898 Y0.895 E0.02159
G1 X4.982 Y-0.002 E0.02191
G1 X4.901 Y-.89 E0.02169
G1 X4.666 Y-1.752 E0.02173
G1 X4.308 Y-2.541 E0.02107
G1 X3.55 Y-3.519 E0.03009
G1 X3.13 Y-3.855 E0.01308
G1 X3.144 Y-3.895 E0.00103
G1 X5.374 Y-3.895 E0.05424
G1 X5.699 Y-3.43 E0.0138
G1 X6.104 Y-2.666 E0.02103
G1 X6.422 Y-1.721 E0.02425
G1 X6.596 Y-.865 E0.02124
G1 X6.654 Y-0.008 E0.02089
G1 X6.596 Y0.854 E0.02101
G1 X6.421 Y1.726 E0.02163
G1 X6.108 Y2.666 E0.0241
G1 X5.711 Y3.409 E0.02049
G1 X5.37 Y3.895 E0.01444
G1 X3.144 Y3.895 E0.05414
G1 F3600 E-1
G0 F12000 X4.603 Y3.67
G1 F3600 E1
G1 F2400 X6.001 Y2.272 E0.04809
G1 X6.08 Y2.193
G0 F12000 X6.261 Y1.375
G1 F2400 X3.968 Y3.669 E0.07889
G1 X3.889 Y3.748
G1 F3600 E-1
G0 F12000 X4.639 Y2.362
G1 F3600 E1
G1 F2400 X6.386 Y0.614 E0.06011
G0 F12000 X6.424 Y-0.06
G1 F2400 X5.006 Y1.358 E0.04877
G0 F12000 X5.155 Y0.573
G1 F2400 X6.384 Y-.656 E0.04227
G0 F12000 X6.296 Y-1.205
G1 F2400 X5.199 Y-.107 E0.03775
G0 F12000 X5.146 Y-.692
G1 F2400 X6.182 Y-1.727 E0.03562
G0 F12000 X6.022 Y-2.203
G1 F2400 X5.043 Y-1.225 E0.03366
G0 F12000 X4.907 Y-1.725
G1 F2400 X5.848 Y-2.666 E0.03237
G0 F12000 X5.628 Y-3.082
G1 F2400 X4.72 Y-2.174 E0.03123
G0 F12000 X4.521 Y-2.611
G1 F2400 X5.389 Y-3.48 E0.02987
G0 F12000 X4.943 Y-3.67
G1 F2400 X4.252 Y-2.979 E0.02377
G0 F12000 X3.974 Y-3.338
G1 F2400 X4.306 Y-3.669 E0.0114
G1 F3600 E-1
G0 F12000 X-3.145 Y3.894
G1 F3600 E1
G1 F2400 X-5.37 Y3.895 E0.05412
G1 X-5.707 Y3.41 E0.01436
G1 X-6.104 Y2.666 E0.02051
G1 X-6.422 Y1.725 E0.02416
G1 X-6.596 Y0.854 E0.0216
G1 X-6.654 Y0.007 E0.02065
G1 X-6.596 Y-.862 E0.02118
G1 X-6.422 Y-1.726 E0.02144
G1 X-6.108 Y-2.666 E0.0241
G1 X-5.712 Y-3.41 E0.0205
G1 X-5.37 Y-3.895 E0.01443
G1 X-3.142 Y-3.895 E0.05419
G1 X-3.128 Y-3.852 E0.0011
G1 X-3.558 Y-3.511 E0.01335
G1 X-4.301 Y-2.558 E0.02939
G1 X-4.67 Y-1.747 E0.02167
G1 X-4.905 Y-.861 E0.02229
G1 X-4.981 Y-0.021 E0.02051
G1 X-4.901 Y0.881 E0.02202
G1 X-4.666 Y1.753 E0.02196
G1 X-4.31 Y2.537 E0.02094
G1 X-3.55 Y3.519 E0.0302
G1 X-3.131 Y3.855 E0.01306
G1 X-3.145 Y3.894 E0.00101
G0 F12000 X-3.974 Y3.338
G1 F2400 X-4.306 Y3.67 E0.01142
G0 F12000 X-4.943 Y3.671
G1 F2400 X-4.253 Y2.98 E0.02375
G0 F12000 X-4.525 Y2.616
G1 F2400 X-5.386 Y3.477 E0.02961
G0 F12000 X-5.626 Y3.081
G1 F2400 X-4.722 Y2.176 E0.03111
G0 F12000 X-4.907 Y1.725
G1 F2400 X-5.848 Y2.666 E0.03237
G0 F12000 X-6.022 Y2.204
G1 F2400 X-5.042 Y1.223 E0.03373
G0 F12000 X-5.143 Y0.689
G1 F2400 X-6.183 Y1.728 E0.03575
G0 F12000 X-6.295 Y1.204
G1 F2400 X-5.194 Y0.103 E0.03787
G0 F12000 X-5.156 Y-.572
G1 F2400 X-6.383 Y0.655 E0.0422
G0 F12000 X-6.425 Y0.061
G1 F2400 X-5.007 Y-1.357 E0.04877
G1 X-4.928 Y-1.436
G0 F12000 X-4.641 Y-2.36
G1 F2400 X-6.387 Y-.614 E0.06005
G0 F12000 X-6.262 Y-1.375
G1 F2400 X-3.966 Y-3.671 E0.07897
G0 F12000 X-4.603 Y-3.671
G1 F2400 X-6.002 Y-2.271 E0.04814
G1 X-6.081 Y-2.192
G0 F12000 X-5.944 Y-2.146
G1 F3600 E-1
;MESH:NONMESH
G0 F600 X-5.944 Y-2.146 Z39.56
G0 F12000 X-2.637 Y2.578
;TIME_ELAPSED:1370.725046
;LAYER:302
;TYPE:FILL
;MESH:bridge.stl
G1 F3600 E1
G1 F9600 X-1.806 Y2.094 E0.02339
G1 X-.903 Y1.845 E0.02278
G1 X0.00 Y1.802 E0.02199
G1 X0.903 Y1.942 E0.02222
G1 X1.806 Y2.293 E0.02356
G1 X2.466 Y2.75 E0.01952
G1 F3600 E-1
G0 F12000 X4.599 Y3.935
G0 X4.783 Y4.325
;TYPE:WALL-INNER
G1 F3600 E1
G1 F4800 X5.388 Y3.582 E0.0233
G1 X5.856 Y2.717 E0.02392
G1 X6.208 Y1.795 E0.024
G1 X6.397 Y0.969 E0.02061
G1 X6.463 Y-0.003 E0.02369
G1 X6.398 Y-.972 E0.02362
G1 X6.205 Y-1.805 E0.0208
G1 X5.853 Y-2.722 E0.02389
G1 X5.392 Y-3.579 E0.02367
G1 X4.783 Y-4.325 E0.02342
G1 X-4.783 Y-4.325 E0.23266
G1 X-5.388 Y-3.583 E0.02329
G1 X-5.853 Y-2.721 E0.02382
G1 X-6.208 Y-1.794 E0.02414
G1 X-6.397 Y-.969 E0.02059
G1 X-6.463 Y0.003 E0.02369
G1 X-6.398 Y0.972 E0.02362
G1 X-6.204 Y1.802 E0.02073
G1 X-5.853 Y2.722 E0.02395
G1 X-5.392 Y3.579 E0.02367
G1 X-4.783 Y4.325 E0.02342
G1 X4.783 Y4.325 E0.23266
G1 F3600 E-1
G0 F12000 X4.985 Y4.75
;TYPE:WALL-OUTER
G1 F3600 E1
G1 F2400 X5.743 Y3.82 E0.02918
G1 X6.244 Y2.895 E0.02559
G1 X6.616 Y1.919 E0.0254
G1 X6.819 Y1.031 E0.02215
G1 X6.889 Y-0.003 E0.02521
G1 X6.819 Y-1.035 E0.02516
G1 X6.612 Y-1.93 E0.02234
G1 X6.24 Y-2.899 E0.02524
G1 X5.747 Y-3.816 E0.02532
G1 X4.985 Y-4.75 E0.02932
G1 X-4.985 Y-4.75 E0.24249
G1 X-5.743 Y-3.82 E0.02918
G1 X-6.24 Y-2.899 E0.02545
G1 X-6.616 Y-1.918 E0.02555
G1 X-6.819 Y-1.031 E0.02213
G1 X-6.889 Y0.003 E0.02521
G1 X-6.819 Y1.035 E0.02516
G1 X-6.612 Y1.926 E0.02225
G1 X-6.24 Y2.899 E0.02534
G1 X-5.747 Y3.816 E0.02532
G1 X-4.985 Y4.75 E0.02932
G1 X4.985 Y4.75 E0.24249
G0 F12000 X5.49 Y4.13
G1 F3600 E-1
G0 F12000 X4.854 Y3.608
G0 X1.687 Y3.895
;TYPE:SKIN
G1 F3600 E1
G1 F2400 X1.65 Y3.756 E0.0035
G1 X2.448 Y3.308 E0.02226
G1 X3.295 Y2.461 E0.02913
G1 X3.723 Y1.701 E0.02121
G1 X4 Y0.854 E0.02167
G1 X4.098 Y-0.002 E0.02096
G1 X4 Y-.855 E0.02088
G1 X3.723 Y-1.702 E0.02167
G1 X3.306 Y-2.45 E0.02083
G1 X2.46 Y-3.296 E0.0291
G1 X1.65 Y-3.755 E0.02264
G1 X1.687 Y-3.895 E0.00352
G1 X4.577 Y-3.895 E0.07029
G1 X5.036 Y-3.334 E0.01763
G1 X5.459 Y-2.549 E0.02169
G1 X5.796 Y-1.674 E0.02281
G1 X5.972 Y-.899 E0.01933
G1 X6.034 Y-0.007 E0.02175
G1 X5.972 Y0.899 E0.02209
G1 X5.799 Y1.662 E0.01903
G1 X5.463 Y2.541 E0.02289
G1 X5.032 Y3.338 E0.02204
G1 X4.577 Y3.895 E0.01749
G1 X1.687 Y3.895 E0.07029
G1 F3600 E-1
G0 F12000 X2.719 Y3.355
G1 F3600 E1
G1 F2400 X3.033 Y3.67 E0.01082
G0 F12000 X3.037 Y3.037
G1 F2400 X3.67 Y3.67 E0.02177
G0 F12000 X4.306 Y3.67
G1 F2400 X3.355 Y2.719 E0.03271
G0 F12000 X3.618 Y2.345
G1 F2400 X4.682 Y3.41 E0.03661
G0 F12000 X4.941 Y3.032
G1 F2400 X3.847 Y1.937 E0.03765
G0 F12000 X4.031 Y1.485
G1 F2400 X5.165 Y2.619 E0.039
G0 F12000 X5.361 Y2.179
G1 F2400 X4.187 Y1.005 E0.04038
G0 F12000 X4.271 Y0.453
G1 F2400 X5.537 Y1.719 E0.04355
G0 F12000 X5.67 Y1.215
G1 F2400 X4.306 Y-.148 E0.0469
G0 F12000 X4.223 Y-.868
G1 F2400 X5.762 Y0.671 E0.05294
G0 F12000 X5.803 Y0.076
G1 F2400 X3.919 Y-1.808 E0.0648
G1 X3.84 Y-1.887
G1 F3600 E-1
G0 F12000 X5.3 Y-2.337
G1 F3600 E1
G1 F2400 X3.967 Y-3.67 E0.04585
G0 F12000 X3.33 Y-3.67
G1 F2400 X5.636 Y-1.364 E0.07932
G0 F12000 X5.769 Y-.595
G1 F2400 X2.694 Y-3.67 E0.10577
G1 X2.615 Y-3.749
G1 F3600 E-1
G0 F12000 X-1.687 Y3.895
G1 F3600 E1
G1 F2400 X-4.577 Y3.895 E0.07029
G1 X-5.036 Y3.334 E0.01763
G1 X-5.462 Y2.546 E0.02179
G1 X-5.792 Y1.678 E0.02259
G1 X-5.973 Y0.898 E0.01947
G1 X-6.034 Y0.007 E0.02172
G1 X-5.972 Y-.899 E0.02209
G1 X-5.8 Y-1.662 E0.01902
G1 X-5.459 Y-2.549 E0.02311
G1 X-5.032 Y-3.338 E0.02182
G1 X-4.577 Y-3.895 E0.01749
G1 X-1.687 Y-3.895 E0.07029
G1 X-1.65 Y-3.756 E0.0035
G1 X-2.446 Y-3.31 E0.02219
G1 X-3.312 Y-2.439 E0.02987
G1 X-3.723 Y-1.701 E0.02055
G1 X-4 Y-.854 E0.02167
G1 X-4.097 Y0.016 E0.02129
G1 X-4 Y0.855 E0.02054
G1 X-3.715 Y1.719 E0.02213
G1 X-3.315 Y2.428 E0.0198
G1 X-2.458 Y3.297 E0.02968
G1 X-1.65 Y3.755 E0.02259
G1 X-1.687 Y3.895 E0.00352
G1 F3600 E-1
G0 F12000 X-3.967 Y3.67
G1 F3600 E1
G1 F2400 X-5.301 Y2.336 E0.04588
G1 X-5.38 Y2.257
G0 F12000 X-5.634 Y1.366
G1 F2400 X-3.33 Y3.67 E0.07925
G0 F12000 X-2.694 Y3.67
G1 F2400 X-5.769 Y0.595 E0.10577
G0 F12000 X-5.804 Y-0.076
G1 F2400 X-3.919 Y1.808 E0.06482
G1 X-3.84 Y1.887
G1 F3600 E-1
G0 F12000 X-4.224 Y0.868
G1 F3600 E1
G1 F2400 X-5.762 Y-.671 E0.05292
G0 F12000 X-5.67 Y-1.216
G1 F2400 X-4.308 Y0.147 E0.04686
G0 F12000 X-4.272 Y-.454
G1 F2400 X-5.537 Y-1.719 E0.04351
G0 F12000 X-5.361 Y-2.179
G1 F2400 X-4.187 Y-1.005 E0.04038
G0 F12000 X-4.03 Y-1.484
G1 F2400 X-5.165 Y-2.62 E0.03906
G0 F12000 X-4.941 Y-3.032
G1 F2400 X-3.847 Y-1.937 E0.03765
G0 F12000 X-3.62 Y-2.347
G1 F2400 X-4.682 Y-3.41 E0.03655
G0 F12000 X-4.306 Y-3.67
G1 F2400 X-3.357 Y-2.721 E0.03264
G0 F12000 X-3.038 Y-3.038
G1 F2400 X-3.67 Y-3.67 E0.02174
G0 F12000 X-3.033 Y-3.67
G1 F2400 X-2.719 Y-3.355 E0.01082
G1 F3600 E-1
;MESH:NONMESH
G0 F600 X-2.719 Y-3.355 Z39.69
G0 F12000 X-1.556 Y2.092
;TIME_ELAPSED:1376.591983
;LAYER:303
;TYPE:FILL
;MESH:bridge.stl
G1 F3600 E1
G1 F9600 X-.903 Y1.884 E0.01667
G1 X0.00 Y1.805 E0.02205
G1 X0.903 Y1.908 E0.0221
G1 X1.524 Y2.123 E0.01598
G1 F3600 E-1
G0 F12000 X3.653 Y3.933
G0 X3.812 Y4.325
;TYPE:WALL-INNER
G1 F3600 E1
G1 F4800 X4.518 Y3.619 E0.02428
G1 X5.121 Y2.669 E0.02737
G1 X5.469 Y1.906 E0.0204
G1 X5.702 Y0.89 E0.02535
G1 X5.77 Y0.00 E0.02171
G1 X5.702 Y-.89 E0.02171
G1 X5.469 Y-1.909 E0.02542
G1 X5.121 Y-2.668 E0.02031
G1 X4.514 Y-3.623 E0.02752
G1 X3.812 Y-4.325 E0.02415
G1 X-3.812 Y-4.325 E0.18543
G1 X-4.518 Y-3.619 E0.02428
G1 X-5.121 Y-2.669 E0.02737
G1 X-5.469 Y-1.906 E0.0204
G1 X-5.702 Y-.89 E0.02535
G1 X-5.77 Y0.00 E0.02171
G1 X-5.702 Y0.89 E0.02171
G1 X-5.469 Y1.906 E0.02535
G1 X-5.121 Y2.669 E0.0204
G1 X-4.514 Y3.623 E0.0275
G1 X-3.812 Y4.325 E0.02415
G1 X3.812 Y4.325 E0.18543
G1 F3600 E-1
G0 F12000 X3.988 Y4.75
;TYPE:WALL-OUTER
G1 F3600 E1
G1 F2400 X4.851 Y3.886 E0.0297
G1 X5.495 Y2.872 E0.02922
G1 X5.874 Y2.043 E0.02217
G1 X6.124 Y0.954 E0.02718
G1 X6.197 Y0.00 E0.02327
G1 X6.124 Y-.954 E0.02327
G1 X5.874 Y-2.047 E0.02727
G1 X5.495 Y-2.872 E0.02208
G1 X4.847 Y-3.89 E0.02935
G1 X3.988 Y-4.75 E0.02956
G1 X-3.988 Y-4.75 E0.19399
G1 X-4.851 Y-3.886 E0.0297
G1 X-5.495 Y-2.872 E0.02922
G1 X-5.874 Y-2.043 E0.02217
G1 X-6.124 Y-.954 E0.02718
G1 X-6.197 Y0.00 E0.02327
G1 X-6.124 Y0.954 E0.02327
G1 X-5.874 Y2.043 E0.02718
G1 X-5.495 Y2.872 E0.02217
G1 X-4.847 Y3.89 E0.02935
G1 X-3.988 Y4.75 E0.02956
G1 X3.988 Y4.75 E0.19399
G0 F12000 X4.553 Y4.184
G1 F3600 E-1
G0 F12000 X3.972 Y3.603
G0 X0.00 Y2.993
;TYPE:SKIN
G1 F3600 E1
G1 F2400 X0.801 Y2.879 E0.01968
G1 X1.678 Y2.502 E0.02322
G1 X2.498 Y1.678 E0.02827
G1 X2.876 Y0.794 E0.02338
G1 X2.993 Y0.018 E0.01909
G1 X2.876 Y-.794 E0.01995
G1 X2.495 Y-1.681 E0.02348
G1 X1.689 Y-2.498 E0.02791
G1 X0.805 Y-2.879 E0.02341
G1 X0.00 Y-2.993 E0.01977
G1 X-.803 Y-2.879 E0.01973
G1 X-1.691 Y-2.493 E0.02355
G1 X-2.498 Y-1.678 E0.0279
G1 X-2.876 Y-.794 E0.02338
G1 X-2.993 Y-0.018 E0.01909
G1 X-2.876 Y0.794 E0.01995
G1 X-2.495 Y1.681 E0.02348
G1 X-1.689 Y2.498 E0.02791
G1 X-.805 Y2.879 E0.02341
G1 X0.00 Y2.993 E0.01977
G1 F3600 E-1
G0 F12000 X3.634 Y3.895
G1 F3600 E1
G1 F2400 X-3.634 Y3.895 E0.17677
G1 X-4.179 Y3.35 E0.01875
G1 X-4.746 Y2.456 E0.02575
G1 X-5.061 Y1.771 E0.01834
G1 X-5.277 Y0.818 E0.02377
G1 X-5.342 Y0.00 E0.01996
G1 X-5.276 Y-.818 E0.01996
G1 X-5.061 Y-1.771 E0.02376
G1 X-4.745 Y-2.459 E0.01841
G1 X-4.179 Y-3.346 E0.02559
G1 X-3.634 Y-3.894 E0.0188
G1 X3.634 Y-3.895 E0.17677
G1 X4.179 Y-3.35 E0.01875
G1 X4.746 Y-2.456 E0.02575
G1 X5.061 Y-1.775 E0.01825
G1 X5.277 Y-.818 E0.02386
G1 X5.342 Y0.00 E0.01996
G1 X5.276 Y0.818 E0.01996
G1 X5.061 Y1.771 E0.02376
G1 X4.745 Y2.459 E0.01841
G1 X4.179 Y3.346 E0.02559
G1 X3.634 Y3.895 E0.01881
G0 F12000 X3.33 Y3.67
G1 F2400 X4.367 Y2.633 E0.03567
G1 X4.446 Y2.554
G1 F3600 E-1
G0 F12000 X4.9 Y1.464
G1 F3600 E1
G1 F2400 X2.694 Y3.67 E0.07588
G0 F12000 X2.058 Y3.67
G1 F2400 X5.062 Y0.665 E0.10334
G0 F12000 X5.115 Y-0.023
G1 F2400 X1.421 Y3.67 E0.12704
G0 F12000 X0.785 Y3.67
G1 F2400 X1.734 Y2.721 E0.03264
G1 X1.813 Y2.642
G1 F3600 E-1
G0 F12000 X0.699 Y3.12
G1 F3600 E1
G1 F2400 X0.148 Y3.67 E0.01893
G0 F12000 X-0.03 Y3.212
G1 F2400 X-.488 Y3.67 E0.01575
G0 F12000 X-.59 Y3.135
G1 F2400 X-1.124 Y3.67 E0.01838
G0 F12000 X-1.761 Y3.67
G1 F2400 X-1.091 Y3 E0.02305
G0 F12000 X-1.536 Y2.809
G1 F2400 X-2.397 Y3.67 E0.02961
G0 F12000 X-3.033 Y3.67
G1 F2400 X-1.935 Y2.571 E0.03778
G0 F12000 X-2.252 Y2.252
G1 F2400 X-3.605 Y3.605 E0.04654
G0 F12000 X-3.923 Y3.287
G1 F2400 X-2.57 Y1.933 E0.04655
G0 F12000 X-2.804 Y1.531
G1 F2400 X-4.187 Y2.915 E0.04759
G0 F12000 X-4.435 Y2.526
G1 F2400 X-2.997 Y1.088 E0.04946
G0 F12000 X-3.134 Y0.588
G1 F2400 X-4.656 Y2.111 E0.05237
G0 F12000 X-4.853 Y1.671
G1 F2400 X-3.217 Y0.035 E0.05627
G0 F12000 X-3.118 Y-.7
G1 F2400 X-4.97 Y1.152 E0.0637
G0 F12000 X-5.067 Y0.612
G1 F2400 X-2.712 Y-1.742 E0.08098
G1 X-2.633 Y-1.821
G1 F3600 E-1
G0 F12000 X-1.737 Y-2.718
G1 F3600 E1
G1 F2400 X-.785 Y-3.67 E0.03274
G0 F12000 X-.697 Y-3.121
G1 F2400 X-.148 Y-3.67 E0.01888
G0 F12000 X0.035 Y-3.217
G1 F2400 X0.488 Y-3.67 E0.01558
G0 F12000 X0.592 Y-3.137
G1 F2400 X1.124 Y-3.67 E0.01832
G0 F12000 X1.761 Y-3.67
G1 F2400 X1.092 Y-3.001 E0.02301
G0 F12000 X1.536 Y-2.809
G1 F2400 X2.397 Y-3.67 E0.02961
G0 F12000 X3.033 Y-3.67
G1 F2400 X1.935 Y-2.571 E0.03778
G0 F12000 X2.252 Y-2.252
G1 F2400 X3.606 Y-3.606 E0.04657
G0 F12000 X3.924 Y-3.287
G1 F2400 X2.57 Y-1.933 E0.04657
G0 F12000 X2.804 Y-1.531
G1 F2400 X4.187 Y-2.915 E0.04759
G0 F12000 X4.435 Y-2.526
G1 F2400 X2.998 Y-1.089 E0.04943
G0 F12000 X3.135 Y-.589
G1 F2400 X4.657 Y-2.111 E0.05235
G0 F12000 X4.854 Y-1.672
G1 F2400 X3.219 Y-0.037 E0.05624
G0 F12000 X3.118 Y0.7
G1 F2400 X4.97 Y-1.152 E0.0637
G0 F12000 X5.067 Y-.612
G1 F2400 X2.713 Y1.742 E0.08097
G1 X2.634 Y1.821
G1 F3600 E-1
G0 F12000 X-1.421 Y-3.67
G1 F3600 E1
G1 F2400 X-5.115 Y0.023 E0.12704
G0 F12000 X-5.062 Y-.665
G1 F2400 X-2.058 Y-3.67 E0.10334
G0 F12000 X-2.694 Y-3.67
G1 F2400 X-4.898 Y-1.466 E0.07581
G1 X-4.977 Y-1.387
G1 F3600 E-1
G0 F12000 X-4.366 Y-2.635
G1 F3600 E1
G1 F2400 X-3.33 Y-3.67 E0.03562
G1 X-3.251 Y-3.749
G0 F12000 X-3.251 Y-3.575
G1 F3600 E-1
;MESH:NONMESH
G0 F600 X-3.251 Y-3.575 Z39.82
G0 F12000 X2.561 Y3.925
G0 X2.561 Y4.325
;TIME_ELAPSED:1383.327972
;LAYER:304
;TYPE:WALL-INNER
;MESH:bridge.stl
G1 F3600 E1
G1 F4800 X3.554 Y3.551 E0.03062
G1 X4.33 Y2.552 E0.03077
G1 X4.686 Y1.77 E0.0209
G1 X4.924 Y0.884 E0.02231
G1 X5.006 Y0.00 E0.02159
G1 X4.925 Y-.888 E0.02169
G1 X4.686 Y-1.771 E0.02225
G1 X4.334 Y-2.548 E0.02075
G1 X3.551 Y-3.554 E0.03101
G1 X2.557 Y-4.325 E0.0306
G1 X-2.561 Y-4.325 E0.12448
G1 X-3.555 Y-3.554 E0.0306
G1 X-4.33 Y-2.556 E0.03073
G1 X-4.686 Y-1.771 E0.02096
G1 X-4.925 Y-.888 E0.02225
G1 X-5.006 Y0.00 E0.02169
G1 X-4.925 Y0.884 E0.02159
G1 X-4.686 Y1.771 E0.02234
G1 X-4.334 Y2.548 E0.02075
G1 X-3.551 Y3.554 E0.03101
G1 X-2.557 Y4.325 E0.0306
G1 X2.561 Y4.325 E0.12448
G1 F3600 E-1
G0 F12000 X2.65 Y4.75
;TYPE:WALL-OUTER
G1 F3600 E1
G1 F2400 X2.86 Y4.631 E0.00587
G1 X3.857 Y3.854 E0.03074
G1 X4.696 Y2.773 E0.03328
G1 X5.087 Y1.915 E0.02293
G1 X5.344 Y0.959 E0.02408
G1 X5.432 Y0.00 E0.02342
G1 X5.345 Y-.963 E0.02352
G1 X5.087 Y-1.915 E0.02399
G1 X4.7 Y-2.769 E0.0228
G1 X3.854 Y-3.857 E0.03352
G1 X2.86 Y-4.627 E0.03058
G1 X2.645 Y-4.75 E0.00602
G1 X-2.65 Y-4.75 E0.12878
G1 X-2.861 Y-4.631 E0.00589
G1 X-3.857 Y-3.857 E0.03068
G1 X-4.696 Y-2.777 E0.03326
G1 X-5.087 Y-1.915 E0.02302
G1 X-5.345 Y-.963 E0.02399
G1 X-5.432 Y0.00 E0.02352
G1 X-5.344 Y0.959 E0.02342
G1 X-5.087 Y1.915 E0.02408
G1 X-4.7 Y2.769 E0.0228
G1 X-3.854 Y3.857 E0.03352
G1 X-2.86 Y4.627 E0.03058
G1 X-2.645 Y4.75 E0.00602
G1 X2.65 Y4.75 E0.12878
G0 F12000 X2.86 Y4.631
G0 X3.3 Y4.288
G1 F3600 E-1
G0 F12000 X2.795 Y3.638
G0 X-0.003 Y1.404
;TYPE:SKIN
G1 F3600 E1
G1 F2400 X0.555 Y1.267 E0.01397
G1 X0.66 Y1.207 E0.00294
G1 X1.247 Y0.611 E0.02035
G1 X1.404 Y0.007 E0.01518
G1 X1.255 Y-.595 E0.01508
G1 X0.652 Y-1.208 E0.02091
G1 X0.547 Y-1.267 E0.00293
G1 X0.003 Y-1.404 E0.01364
G1 X-.555 Y-1.267 E0.01397
G1 X-.66 Y-1.207 E0.00294
G1 X-1.244 Y-.619 E0.02016
G1 X-1.402 Y0.00 E0.01554
G1 X-1.255 Y0.595 E0.01491
G1 X-.652 Y1.208 E0.02091
G1 X-.547 Y1.267 E0.00293
G1 X-0.003 Y1.404 E0.01364
G1 F3600 E-1
G0 F12000 X2.413 Y3.894
G1 F3600 E1
G1 F2400 X-2.403 Y3.894 E0.11713
G1 X-3.083 Y3.37 E0.02088
G1 X-3.379 Y3.078 E0.01011
G1 X-3.892 Y2.418 E0.02033
G1 X-4.052 Y2.134 E0.00793
G1 X-4.342 Y1.404 E0.0191
G1 X-4.501 Y0.812 E0.01491
G1 X-4.574 Y-0.001 E0.01985
G1 X-4.501 Y-.82 E0.02
G1 X-4.342 Y-1.404 E0.01472
G1 X-4.048 Y-2.139 E0.01925
G1 X-3.887 Y-2.427 E0.00802
G1 X-3.391 Y-3.066 E0.01967
G1 X-3.071 Y-3.386 E0.01101
G1 X-2.409 Y-3.895 E0.02031
G1 X2.403 Y-3.895 E0.11703
G1 X3.083 Y-3.37 E0.02089
G1 X3.379 Y-3.078 E0.01011
G1 X3.891 Y-2.419 E0.0203
G1 X4.048 Y-2.135 E0.00789
G1 X4.342 Y-1.404 E0.01916
G1 X4.501 Y-.82 E0.01472
G1 X4.574 Y-0.001 E0.02
G1 X4.501 Y0.812 E0.01985
G1 X4.342 Y1.408 E0.015
G1 X4.044 Y2.15 E0.01945
G1 X3.896 Y2.415 E0.00738
G1 X3.379 Y3.078 E0.02045
G1 X3.078 Y3.378 E0.01034
G1 X2.413 Y3.894 E0.02047
G1 F3600 E-1
G0 F12000 X-2.058 Y3.669
G1 F3600 E1
G1 F2400 X-3.953 Y1.775 E0.06516
G1 X-4.032 Y1.696
G0 F12000 X-4.265 Y0.827
G1 F2400 X-1.422 Y3.669 E0.09777
G0 F12000 X-.786 Y3.669
G1 F2400 X-4.338 Y0.117 E0.12217
G0 F12000 X-4.305 Y-.486
G1 F2400 X-.149 Y3.669 E0.14293
G0 F12000 X0.487 Y3.669
G1 F2400 X-4.211 Y-1.029 E0.16159
G0 F12000 X-4.057 Y-1.511
G1 F2400 X1.124 Y3.669 E0.17819
G0 F12000 X1.76 Y3.669
G1 F2400 X-.364 Y1.545 E0.07306
G0 F12000 X0.291 Y1.564
G1 F2400 X2.37 Y3.642 E0.07149
G0 F12000 X2.728 Y3.364
G1 F2400 X0.763 Y1.399 E0.06759
G0 F12000 X1.092 Y1.092
G1 F2400 X3.069 Y3.069 E0.068
G0 F12000 X3.366 Y2.729
G1 F2400 X1.399 Y0.763 E0.06764
G0 F12000 X1.558 Y0.286
G1 F2400 X3.644 Y2.372 E0.07175
G0 F12000 X3.876 Y1.967
G1 F2400 X1.538 Y-.371 E0.08042
G1 X1.459 Y-.45
G1 F3600 E-1
G0 F12000 X0.364 Y-1.545
G1 F3600 E1
G1 F2400 X-1.76 Y-3.669 E0.07306
G0 F12000 X-2.368 Y-3.641
G1 F2400 X-.291 Y-1.564 E0.07144
G0 F12000 X-.762 Y-1.399
G1 F2400 X-2.729 Y-3.365 E0.06764
G0 F12000 X-3.07 Y-3.07
G1 F2400 X-1.092 Y-1.092 E0.06803
G0 F12000 X-1.399 Y-.763
G1 F2400 X-3.367 Y-2.731 E0.06769
G0 F12000 X-3.645 Y-2.372
G1 F2400 X-1.558 Y-.285 E0.07178
G0 F12000 X-1.538 Y0.371
G1 F2400 X-3.875 Y-1.966 E0.08038
G1 X-3.954 Y-2.045
G1 F3600 E-1
G0 F12000 X-1.124 Y-3.669
G1 F3600 E1
G1 F2400 X4.058 Y1.513 E0.17824
G0 F12000 X4.211 Y1.029
G1 F2400 X-.487 Y-3.669 E0.16159
G0 F12000 X0.149 Y-3.669
G1 F2400 X4.304 Y0.486 E0.14291
G0 F12000 X4.338 Y-.117
G1 F2400 X0.786 Y-3.669 E0.12217
G0 F12000 X1.422 Y-3.669
G1 F2400 X4.266 Y-.825 E0.09782
G1 X4.345 Y-.746
G1 F3600 E-1
G0 F12000 X3.948 Y-1.779
G1 F3600 E1
G1 F2400 X2.058 Y-3.669 E0.06501
G1 X1.979 Y-3.748
G0 F12000 X1.979 Y-3.575
G1 F3600 E-1
;MESH:NONMESH
G0 F600 X1.979 Y-3.575 Z39.95
G0 F12000 X0.00 Y3.925
G0 X0.00 Y4.12
;TIME_ELAPSED:1389.649020
;LAYER:305
;TYPE:WALL-INNER
;MESH:bridge.stl
G1 F3600 E1
G1 F4800 X0.861 Y4.025 E0.02107
G1 X1.715 Y3.739 E0.0219
G1 X2.285 Y3.424 E0.01584
G1 X2.556 Y3.228 E0.00813
G1 X3.219 Y2.565 E0.0228
G1 X3.428 Y2.274 E0.00871
G1 X3.739 Y1.714 E0.01558
G1 X4.025 Y0.861 E0.02188
G1 X4.12 Y0.00 E0.02107
G1 X4.025 Y-.861 E0.02107
G1 X3.739 Y-1.715 E0.0219
G1 X3.424 Y-2.287 E0.01588
G1 X3.228 Y-2.561 E0.00819
G1 X2.564 Y-3.221 E0.02277
G1 X2.294 Y-3.419 E0.00814
G1 X1.722 Y-3.739 E0.01594
G1 X0.862 Y-4.024 E0.02204
G1 X0.00 Y-4.12 E0.02109
G1 X-.861 Y-4.025 E0.02107
G1 X-1.715 Y-3.739 E0.0219
G1 X-2.285 Y-3.424 E0.01584
G1 X-2.556 Y-3.228 E0.00813
G1 X-3.219 Y-2.565 E0.0228
G1 X-3.428 Y-2.274 E0.00871
G1 X-3.739 Y-1.714 E0.01558
G1 X-4.025 Y-.861 E0.02188
G1 X-4.12 Y0.00 E0.02107
G1 X-4.025 Y0.861 E0.02107
G1 X-3.739 Y1.714 E0.02188
G1 X-3.327 Y2.457 E0.02066
G1 X-2.563 Y3.221 E0.02628
G1 X-2.294 Y3.419 E0.00812
G1 X-1.722 Y3.739 E0.01594
G1 X-.862 Y4.025 E0.02204
G1 X0.00 Y4.12 E0.02109
G1 F3600 E-1
G0 F12000 X0.00 Y4.548
;TYPE:WALL-OUTER
G1 F3600 E1
G1 F2400 X0.953 Y4.442 E0.02332
G1 X1.887 Y4.13 E0.02395
G1 X2.513 Y3.784 E0.0174
G1 X2.833 Y3.553 E0.0096
G1 X3.544 Y2.841 E0.02447
G1 X3.788 Y2.501 E0.01018
G1 X4.13 Y1.886 E0.01711
G1 X4.442 Y0.953 E0.02393
G1 X4.548 Y0.00 E0.02332
G1 X4.442 Y-.953 E0.02332
G1 X4.13 Y-1.887 E0.02395
G1 X3.784 Y-2.514 E0.01742
G1 X3.552 Y-2.837 E0.00967
G1 X2.841 Y-3.545 E0.0244
G1 X2.524 Y-3.777 E0.00955
G1 X1.894 Y-4.13 E0.01756
G1 X0.954 Y-4.442 E0.02409
G1 X0.00 Y-4.548 E0.02335
G1 X-.953 Y-4.442 E0.02332
G1 X-1.887 Y-4.13 E0.02395
G1 X-2.513 Y-3.784 E0.0174
G1 X-2.833 Y-3.553 E0.0096
G1 X-3.544 Y-2.841 E0.02447
G1 X-3.788 Y-2.501 E0.01018
G1 X-4.13 Y-1.886 E0.01711
G1 X-4.442 Y-.953 E0.02393
G1 X-4.548 Y0.00 E0.02332
G1 X-4.442 Y0.953 E0.02332
G1 X-4.13 Y1.886 E0.02393
G1 X-3.784 Y2.51 E0.01735
G1 X-3.552 Y2.833 E0.00967
G1 X-2.84 Y3.545 E0.02449
G1 X-2.524 Y3.777 E0.00953
G1 X-1.894 Y4.13 E0.01756
G1 X-.954 Y4.442 E0.02409
G1 X0.00 Y4.548 E0.02335
G0 F12000 X0.794 Y4.46
G1 F3600 E-1
G0 F12000 X0.704 Y3.642
G0 X0.00 Y3.796
;TYPE:SKIN
G1 F3600 E1
G1 F9152.5 X-.918 Y3.678 E0.01181
G1 F8503.9 X-1.572 Y3.43 E0.0096
G1 F8059.7 X-2.196 Y3.122 E0.01008
G1 F8244.3 X-3.121 Y2.197 E0.01852
G1 F8120.3 X-3.431 Y1.565 E0.01012
G1 F8571.4 X-3.677 Y0.927 E0.00931
G1 F9152.5 X-3.796 Y0.00 E0.01192
G1 X-3.679 Y-.916 E0.01178
G1 F8571.4 X-3.431 Y-1.565 E0.00946
G1 F8120.3 X-3.121 Y-2.197 E0.01012
G1 F8244.3 X-2.198 Y-3.12 E0.01848
G1 F8059.7 X-1.569 Y-3.431 E0.01016
G1 F8571.4 X-.927 Y-3.677 E0.00936
G1 F9230.8 X0.00 Y-3.796 E0.01182
G1 F9191.5 X0.918 Y-3.678 E0.01176
G1 F8503.9 X1.572 Y-3.43 E0.0096
G1 F8029.7 X2.194 Y-3.122 E0.01009
G1 F8181.8 X3.118 Y-2.201 E0.01862
G1 F8000 X3.431 Y-1.569 E0.01029
G1 F8537.5 X3.678 Y-.925 E0.00943
G1 F9191.5 X3.796 Y0.00 E0.01184
G1 F9230.8 X3.677 Y0.927 E0.01182
G1 F8640 X3.431 Y1.565 E0.00924
G1 F8120.3 X3.121 Y2.197 E0.01012
G1 F8244.3 X2.198 Y3.12 E0.01848
G1 F8089.9 X1.569 Y3.431 E0.01013
G1 F8571.4 X0.927 Y3.677 E0.00936
G1 F9152.5 X0.00 Y3.796 E0.01192
G0 F12000 X0.00 Y3.472
G1 F2400 X-.933 Y3.337 E0.02293
G1 X-1.954 Y2.894 E0.02707
G1 X-2.823 Y2.03 E0.0298
G1 X-2.922 Y1.889 E0.00419
G1 X-3.337 Y0.934 E0.02533
G1 X-3.472 Y0.00 E0.02295
G1 X-3.337 Y-.933 E0.02293
G1 X-2.922 Y-1.886 E0.02528
G1 X-2.822 Y-2.031 E0.00428
G1 X-1.953 Y-2.895 E0.0298
G1 X-.933 Y-3.337 E0.02704
G1 X0.00 Y-3.472 E0.02293
G1 X0.933 Y-3.337 E0.02293
G1 X1.956 Y-2.892 E0.02713
G1 X2.823 Y-2.03 E0.02974
G1 X2.922 Y-1.889 E0.00419
G1 X3.337 Y-.933 E0.02535
G1 X3.472 Y0.00 E0.02293
G1 X3.337 Y0.934 E0.02295
G1 X2.926 Y1.884 E0.02518
G1 X2.823 Y2.03 E0.00435
G1 X1.963 Y2.89 E0.02958
G1 X0.933 Y3.337 E0.02731
G1 X0.00 Y3.472 E0.02293
G1 F3600 E-1
G0 F12000 X1.692 Y2.763
G1 F3600 E1
G1 F2400 X2.765 Y1.69 E0.03691
G1 X2.844 Y1.611
G0 F12000 X3.148 Y0.67
G1 F2400 X0.67 Y3.149 E0.08525
G0 F12000 X-0.056 Y3.238
G1 F2400 X3.237 Y-0.055 E0.11327
G0 F12000 X3.157 Y-.611
G1 F2400 X-.612 Y3.157 E0.12962
G0 F12000 X-1.107 Y3.017
G1 F2400 X3.016 Y-1.107 E0.14183
G0 F12000 X2.823 Y-1.551
G1 F2400 X-1.552 Y2.825 E0.1505
G0 F12000 X-1.948 Y2.584
G1 F2400 X2.585 Y-1.949 E0.15592
G0 F12000 X2.266 Y-2.266
G1 F2400 X-2.267 Y2.267 E0.15592
G0 F12000 X-2.585 Y1.949
G1 F2400 X1.947 Y-2.584 E0.1559
G0 F12000 X1.551 Y-2.824
G1 F2400 X-2.823 Y1.55 E0.15045
G0 F12000 X-3.016 Y1.107
G1 F2400 X1.107 Y-3.017 E0.14183
G0 F12000 X0.612 Y-3.157
G1 F2400 X-3.157 Y0.611 E0.12962
G0 F12000 X-3.237 Y0.055
G1 F2400 X0.056 Y-3.238 E0.11327
G0 F12000 X-.67 Y-3.149
G1 F2400 X-3.147 Y-.671 E0.08522
G1 X-3.226 Y-.592
G1 F3600 E-1
G0 F12000 X-2.759 Y-1.696
G1 F3600 E1
G1 F2400 X-1.692 Y-2.763 E0.0367
G1 X-1.613 Y-2.842
G1 F3600 E-1
;MESH:NONMESH
G0 F600 X-1.613 Y-2.842 Z40.08
G0 F12000 X0.00 Y3.017
;TIME_ELAPSED:1394.295610
;LAYER:306
;note -- min layer time used
;TYPE:WALL-INNER
;MESH:bridge.stl
G1 F3600 E1
G1 F1773.2 X0.809 Y2.9 E0.01988
G1 X1.704 Y2.512 E0.02373
G1 X2.515 Y1.701 E0.02789
G1 X2.9 Y0.81 E0.02361
G1 X3.017 Y0.00 E0.0199
G1 X2.9 Y-.809 E0.01988
G1 X2.512 Y-1.704 E0.02373
G1 X1.698 Y-2.514 E0.02793
G1 X0.809 Y-2.9 E0.02357
G1 X0.00 Y-3.017 E0.01988
G1 X-.809 Y-2.9 E0.01988
G1 X-1.697 Y-2.515 E0.02354
G1 X-2.509 Y-1.707 E0.02786
G1 X-2.9 Y-.809 E0.02382
G1 X-3.017 Y0.00 E0.01988
G1 X-2.9 Y0.81 E0.0199
G1 X-2.511 Y1.706 E0.02376
G1 X-1.698 Y2.515 E0.0279
G1 X-.809 Y2.9 E0.02356
G1 X0.00 Y3.017 E0.01988
G1 F3600 E-1
G0 F12000 X0.00 Y3.447
;TYPE:WALL-OUTER
G1 F3600 E1
G1 F1773.2 X0.927 Y3.313 E0.02278
G1 X1.951 Y2.868 E0.02716
G1 X2.873 Y1.944 E0.03175
G1 X3.313 Y0.927 E0.02695
G1 X3.447 Y0.00 E0.02278
G1 X3.313 Y-.927 E0.02278
G1 X2.9 Y-1.876 E0.02517
G1 X2.804 Y-2.014 E0.00409
G1 X1.941 Y-2.873 E0.02961
G1 X0.927 Y-3.313 E0.02688
G1 X0.00 Y-3.447 E0.02278
G1 X-.927 Y-3.313 E0.02278
G1 X-1.94 Y-2.873 E0.02686
G1 X-2.803 Y-2.015 E0.0296
G1 X-2.9 Y-1.873 E0.00418
G1 X-3.313 Y-.926 E0.02513
G1 X-3.447 Y0.00 E0.02276
G1 X-3.313 Y0.927 E0.02278
G1 X-2.869 Y1.949 E0.0271
G1 X-1.941 Y2.873 E0.03185
G1 X-.927 Y3.313 E0.02688
G1 X0.00 Y3.447 E0.02278
G0 F12000 X0.791 Y3.333
G1 F3600 E-1
G0 F12000 X0.674 Y2.518
G0 X0.00 Y2.448
;TYPE:SKIN
G1 F3600 E1
G1 F1084.1 X-.645 Y2.341 E0.02601
G1 F1096 X-1.127 Y2.156 E0.02031
G1 F1071 X-1.357 Y2.014 E0.01088
G1 F1016.5 X-2.01 Y1.363 E0.03912
G1 F1065.3 X-2.129 Y1.184 E0.0087
G1 F1094.5 X-2.341 Y0.645 E0.02282
G1 F1088.6 X-2.448 Y0.00 E0.0259
G1 F1087.1 X-2.34 Y-.644 E0.0259
G1 F1099.1 X-2.155 Y-1.128 E0.02033
G1 F1072.5 X-2.007 Y-1.367 E0.0113
G1 F1021.7 X-1.358 Y-2.013 E0.03865
G1 F1072.5 X-1.185 Y-2.127 E0.00833
G1 F1094.5 X-.645 Y-2.342 E0.0229
G1 F1087.1 X0.00 Y-2.448 E0.02593
G1 F1088.6 X0.645 Y-2.341 E0.0259
G1 F1100.6 X1.128 Y-2.155 E0.02028
G1 F1079.7 X1.344 Y-2.022 E0.01013
G1 F1024.3 X2.011 Y-1.361 E0.03954
G1 F1071 X2.155 Y-1.129 E0.01099
G1 F1099.1 X2.336 Y-.66 E0.01973
G1 F1088.6 X2.448 Y0.00 E0.02652
G1 F1085.6 X2.34 Y0.645 E0.02598
G1 F1094.5 X2.13 Y1.183 E0.02276
G1 F1072.5 X2.015 Y1.357 E0.00839
G1 F1020.4 X1.363 Y2.011 E0.03903
G1 F1066.7 X1.184 Y2.129 E0.00867
G1 F1096 X0.656 Y2.339 E0.02236
G1 F1088.6 X0.00 Y2.448 E0.02635
G0 F12000 X0.001 Y1.882
G1 F1773.2 X-.518 Y1.778 E0.01287
G1 X-.872 Y1.659 E0.00908
G1 X-1.258 Y1.263 E0.01345
G1 X-1.656 Y0.872 E0.01357
G1 X-1.782 Y0.513 E0.00925
G1 X-1.882 Y0.001 E0.01269
G1 X-1.778 Y-.517 E0.01285
G1 X-1.656 Y-.873 E0.00915
G1 X-.873 Y-1.656 E0.02693
G1 X-.513 Y-1.782 E0.00928
G1 X-0.001 Y-1.882 E0.01269
G1 X0.518 Y-1.778 E0.01287
G1 X0.872 Y-1.659 E0.00908
G1 X1.258 Y-1.263 E0.01345
G1 X1.656 Y-.872 E0.01357
G1 X1.778 Y-.517 E0.00913
G1 X1.882 Y0.00 E0.01283
G1 X1.778 Y0.517 E0.01283
G1 X1.655 Y0.873 E0.00916
G1 X0.873 Y1.656 E0.02691
G1 X0.513 Y1.782 E0.00928
G1 X0.001 Y1.882 E0.01269
G0 F12000 X-.344 Y1.566
G1 F1773.2 X-1.591 Y0.318 E0.04291
G0 F12000 X-1.575 Y-.302
G1 F1773.2 X0.317 Y1.59 E0.06508
G0 F12000 X0.787 Y1.423
G1 F1773.2 X-1.423 Y-.787 E0.07601
G0 F12000 X-1.105 Y-1.105
G1 F1773.2 X1.105 Y1.105 E0.07601
G0 F12000 X1.423 Y0.787
G1 F1773.2 X-.787 Y-1.423 E0.07601
G0 F12000 X-.317 Y-1.59
G1 F1773.2 X1.575 Y0.303 E0.06509
G0 F12000 X1.566 Y-.344
G1 F1773.2 X0.344 Y-1.566 E0.04203
G1 X0.265 Y-1.645
G1 F3600 E-1
;MESH:NONMESH
G0 F600 X0.265 Y-1.645 Z40.21
G0 F12000 X0.002 Y1.423
;TIME_ELAPSED:1398.078604
;LAYER:307
;note -- min layer time used
;TYPE:WALL-INNER
;MESH:bridge.stl
G1 F3600 E1
G1 F620.8 X0.628 Y1.265 E0.0157
G1 X1.263 Y0.629 E0.02186
G1 X1.423 Y0.00 E0.01579
G1 X1.265 Y-.626 E0.0157
G1 X0.626 Y-1.267 E0.02201
G1 X-0.002 Y-1.423 E0.01574
G1 X-.628 Y-1.265 E0.0157
G1 X-1.264 Y-.629 E0.02188
G1 X-1.423 Y0.002 E0.01583
G1 X-1.266 Y0.624 E0.0156
G1 X-.626 Y1.267 E0.02206
G1 X0.002 Y1.423 E0.01574
G1 F3600 E-1
G0 F12000 X0.001 Y1.857
;TYPE:WALL-OUTER
G1 F3600 E1
G1 F620.8 X0.506 Y1.758 E0.01252
G1 X0.859 Y1.634 E0.0091
G1 X1.634 Y0.86 E0.02664
G1 X1.754 Y0.51 E0.009
G1 X1.857 Y0.00 E0.01265
G1 X1.754 Y-.51 E0.01265
G1 X1.634 Y-.859 E0.00898
G1 X1.24 Y-1.245 E0.01342
G1 X0.859 Y-1.638 E0.01331
G1 X0.511 Y-1.753 E0.00891
G1 X-0.001 Y-1.857 E0.01271
G1 X-.506 Y-1.758 E0.01252
G1 X-.859 Y-1.634 E0.0091
G1 X-1.634 Y-.86 E0.02664
G1 X-1.754 Y-.51 E0.009
G1 X-1.857 Y0.001 E0.01268
G1 X-1.758 Y0.506 E0.01252
G1 X-1.635 Y0.858 E0.00907
G1 X-1.24 Y1.245 E0.01345
G1 X-.859 Y1.638 E0.01331
G1 X-.511 Y1.753 E0.00891
G1 X0.001 Y1.857 E0.01271
G0 F12000 X0.506 Y1.758
G0 X0.774 Y1.664
G1 F3600 E-1
G0 F12000 X0.417 Y0.92
G0 X0.005 Y0.984
;TYPE:SKIN
G1 F3600 E1
G1 F620.8 X-.4 Y0.884 E0.01015
G1 X-.884 Y0.397 E0.0167
G1 X-.984 Y0.001 E0.00993
G1 X-.881 Y-.404 E0.01016
G1 X-.401 Y-.884 E0.01651
G1 X-0.001 Y-.984 E0.01003
G1 X0.4 Y-.884 E0.01005
G1 X0.884 Y-.397 E0.0167
G1 X0.984 Y0.001 E0.00998
G1 X0.884 Y0.401 E0.01003
G1 X0.397 Y0.888 E0.01675
G1 X0.005 Y0.984 E0.00982
G1 F3600 E-1
G0 F12000 X-.728 Y0.092
G1 F3600 E1
G1 F620.8 X0.093 Y-.729 E0.02824
G0 F12000 X0.482 Y-.482
G1 F620.8 X-.482 Y0.482 E0.03316
G0 F12000 X-0.092 Y0.728
G1 F620.8 X0.728 Y-0.092 E0.0282
G1 X0.807 Y-.171
G0 F12000 X0.634 Y-.139
;TIME_ELAPSED:1401.355580
G1 F3600 E-1
M107

M82 ;absolute extrusion mode
M104 S0
;End of Gcode
;SETTING_3 {"global_quality": "[general]\\nversion = 4\\nname = pla\\ndefinition
;SETTING_3  = custom\\n\\n[metadata]\\ntype = quality_changes\\nquality_type = f
;SETTING_3 ast\\nsetting_version = 23\\n\\n[values]\\nacceleration_enabled = Fal
;SETTING_3 se\\nadhesion_type = none\\nbridge_settings_enabled = True\\nlayer_he
;SETTING_3 ight = 0.13\\nlayer_height_0 = 0.3\\nmaterial_bed_temperature = 50\\n
;SETTING_3 minimum_polygon_circumference = 0.1\\nrelative_extrusion = True\\nret
;SETTING_3 raction_combing = all\\nspeed_slowdown_layers = 1\\nsupport_enable = 
;SETTING_3 False\\nsupport_structure = tree\\nsupport_type = buildplate\\ntravel
;SETTING_3 _retract_before_outer_wall = True\\n\\n", "extruder_quality": ["[gene
;SETTING_3 ral]\\nversion = 4\\nname = pla\\ndefinition = custom\\n\\n[metadata]
;SETTING_3 \\ntype = quality_changes\\nquality_type = fast\\nintent_category = d
;SETTING_3 efault\\nposition = 0\\nsetting_version = 23\\n\\n[values]\\naccelera
;SETTING_3 tion_print = 600\\nacceleration_travel = 600\\nacceleration_travel_la
;SETTING_3 yer_0 = =acceleration_layer_0 * acceleration_travel / acceleration_pr
;SETTING_3 int\\nbottom_layers = 2\\nbridge_skin_material_flow = 75\\nbridge_wal
;SETTING_3 l_material_flow = 65\\nbrim_gap = 3\\ncool_fan_speed = 100\\nfill_out
;SETTING_3 line_gaps = True\\nhole_xy_offset = 0.075\\ninfill_pattern = gyroid\\
;SETTING_3 ninfill_sparse_density = 7.5\\nline_width = 0.45\\nmagic_fuzzy_skin_o
;SETTING_3 utside_only = True\\nmaterial_flow = 100.0\\nmaterial_print_temperatu
;SETTING_3 re = 205.0\\nmin_bead_width = 0.1\\nmin_infill_area = 1\\nminimum_sup
;SETTING_3 port_area = 1\\noptimize_wall_printing_order = True\\nretract_at_laye
;SETTING_3 r_change = True\\nretraction_amount = 1.0\\nretraction_combing_max_di
;SETTING_3 stance = 0.01\\nretraction_count_max = 2500\\nretraction_extrusion_wi
;SETTING_3 ndow = =retraction_amount\\nretraction_hop = 0\\nretraction_hop_enabl
;SETTING_3 ed = False\\nretraction_min_travel = 0.01\\nretraction_speed = 60\\nr
;SETTING_3 oofing_layer_count = 1\\nskirt_brim_speed = 40\\nskirt_height = 1\\ns
;SETTING_3 kirt_line_count = 2\\nslicing_tolerance = exclusive\\nspeed_infill = 
;SETTING_3 160\\nspeed_layer_0 = 30\\nspeed_print = 120\\nspeed_print_layer_0 = 
;SETTING_3 30\\nspeed_roofing = 80\\nspeed_support = 100\\nspeed_topbottom = 40\
;SETTING_3 \nspeed_travel = 200\\nspeed_travel_layer_0 = 160\\nspeed_wall = 60\\
;SETTING_3 nspeed_wall_0 = 40\\nspeed_wall_x = 80\\nsupport_angle = 75.0\\nsuppo
;SETTING_3 rt_brim_line_count = 20\\nsupport_fan_enable = True\\nsupport_infill_
;SETTING_3 rate = 8\\nsupport_interface_density = 25\\nsupport_offset = 1.0\\nsu
;SETTING_3 pport_top_distance = 0.28\\nsupport_tree_angle = 60\\nsupport_tree_br
;SETTING_3 anch_diameter = 10\\nsupport_tree_max_diameter = 15\\nsupport_tree_to
;SETTING_3 p_rate = 20\\nsupport_z_distance = 0.15\\ntop_bottom_thickness = 0.64
;SETTING_3 \\ntop_layers = 3\\ntravel_avoid_other_parts = False\\nwall_0_wipe_di
;SETTING_3 st = 0.8\\nwall_line_count = 2\\nwall_overhang_angle = 70\\nwall_over
;SETTING_3 hang_speed_factor = 35\\nwall_thickness = =wall_line_width_0 if magic
;SETTING_3 _spiralize else 0.8\\nz_seam_corner = z_seam_corner_weighted\\nz_seam
;SETTING_3 _position = frontright\\nzig_zaggify_infill = True\\nzig_zaggify_supp
;SETTING_3 ort = True\\n\\n"]}
