;FLAVOR:Marlin
;TIME:1649
;Filament used: 1.21024m
;Layer height: 0.13
;MINX:-39.913
;MINY:-4.945
;MINZ:0.3
;MAXX:39.94
;MAXY:4.943
;MAXZ:64.78
;TARGET_MACHINE.NAME:Unknown
;Generated with Cura_SteamEngine 5.8.1
M104 S205
M105
M109 S205
M82 ;absolute extrusion mode
G28 ; home


;Prime the extruder
G92 E0
G1 F200 E3
G92 E0
M83 ;relative extrusion mode
G1 F3600 E-1
;LAYER_COUNT:498
;LAYER:0
;note -- min layer time used
M106 S255
;MESH:bridge_3a.stl
G0 F9600 X39.908 Y4.908 Z0.3
;TYPE:WALL-OUTER
G1 F3600 E1
G1 F1491.7 X39.002 Y4.912 E0.02045
G1 F1708.9 X38.003 Y4.932 E0.01969
G1 F3600 E-1
;MESH:NONMESH
G0 F600 X38.003 Y4.932 Z0.43
G0 F9600 X39.837 Y4.837
;TIME_ELAPSED:2.444390
;LAYER:1
;note -- min layer time used
;TYPE:WALL-OUTER
;MESH:bridge_3a.stl
G1 F3600 E1
G1 F838.5 X39.004 Y4.842 E0.0145
G1 F906 X38.007 Y4.862 E0.01606
G1 F1125 X36.808 Y4.9 E0.01556
G1 F3600 E-1
;MESH:NONMESH
G0 F600 X36.808 Y4.9 Z0.56
G0 F12000 X39.767 Y4.767
;TIME_ELAPSED:2.798291
;LAYER:2
;note -- min layer time used
;TYPE:WALL-OUTER
;MESH:bridge_3a.stl
G1 F3600 E1
G1 F608.1 X38.423 Y4.785 E0.03226
G1 X38.01 Y4.79 E0.00991
G1 F692.3 X37.013 Y4.822 E0.02103
G1 F854.4 X36.014 Y4.864 E0.01708
G1 F1153.8 X35.345 Y4.903 E0.00848
G1 F1753.2 X34.675 Y4.943 E0.00559
G1 F3600 E-1
;MESH:NONMESH
G0 F600 X34.675 Y4.943 Z0.69
G0 F12000 X39.698 Y4.698
;TIME_ELAPSED:3.368409
;LAYER:3
;note -- min layer time used
;TYPE:WALL-OUTER
;MESH:bridge_3a.stl
G1 F3600 E1
G1 F463.1 X38.872 Y4.709 E0.02603
G1 X38.013 Y4.72 E0.02707
G1 F507.5 X37.018 Y4.75 E0.02862
G1 F589.5 X36.021 Y4.793 E0.0247
G1 F754.2 X36.007 Y4.794 E0.00027
G1 X35.019 Y4.849 E0.01915
G1 F1058.8 X34.353 Y4.896 E0.0092
G1 F1677 X33.686 Y4.943 E0.00582
G1 F3600 E-1
;MESH:NONMESH
G0 F600 X33.686 Y4.943 Z0.82
G0 F12000 X39.626 Y4.626
;TIME_ELAPSED:4.135781
;LAYER:4
;note -- min layer time used
;TYPE:WALL-OUTER
;MESH:bridge_3a.stl
G1 F3600 E1
G1 F371.4 X38.018 Y4.648 E0.06319
G1 F400 X37.024 Y4.68 E0.03628
G1 F449.3 X36.454 Y4.703 E0.01853
G1 X36.027 Y4.721 E0.01388
G1 F537.8 X35.028 Y4.777 E0.02715
G1 F670 X34.639 Y4.805 E0.00849
G1 X34.421 Y4.82 E0.00476
G1 F851.7 X33.813 Y4.863 E0.01044
G1 F1391.8 X32.83 Y4.943 E0.01034
G1 F3600 E-1
;MESH:NONMESH
G0 F600 X32.83 Y4.943 Z0.95
G0 F12000 X38.054 Y4.578
;TIME_ELAPSED:5.112201
;LAYER:5
;note -- min layer time used
;TYPE:WALL-OUTER
;MESH:bridge_3a.stl
G1 F3600 E1
G1 F420.6 X38.498 Y4.377 E0.01691
G1 F616.4 X39.753 Y4.358 E0.02971
G1 F608.1 X39.753 Y4.753 E0.00948
G1 F616.4 X38.504 Y4.76 E0.02957
G1 F420.6 X38.054 Y4.578 E0.01684
G0 F12000 X38.504 Y4.76
G0 X38.819 Y4.759
G1 F3600 E-1
G0 F12000 X38.054 Y4.578
G1 F3600 E1
G1 F330.1 X37.029 Y4.607 E0.04533
G1 F363.9 X36.035 Y4.651 E0.0399
G1 F419.9 X35.084 Y4.704 E0.0331
G1 X35.036 Y4.707 E0.00167
G1 F515.3 X34.089 Y4.771 E0.02688
G1 F714.3 X33.582 Y4.81 E0.01039
G1 X33.025 Y4.853 E0.01141
G1 F3600 E-1
;MESH:NONMESH
G0 F600 X33.025 Y4.853 Z1.08
G0 F12000 X36.086 Y4.578
;TIME_ELAPSED:6.498121
;LAYER:6
;note -- min layer time used
;TYPE:WALL-OUTER
;MESH:bridge_3a.stl
G1 F3600 E1
G1 F418.6 X36.521 Y4.364 E0.0169
G1 F576.9 X38.027 Y4.284 E0.03815
G1 F536.8 X39.005 Y4.26 E0.0266
G1 F527.3 X39.719 Y4.253 E0.01976
G1 F526.3 X39.719 Y4.719 E0.01292
G1 F535.7 X38.04 Y4.728 E0.04574
G1 F576.9 X36.536 Y4.754 E0.03805
G1 F418.6 X36.086 Y4.578 E0.01684
G0 F12000 X36.536 Y4.754
G0 X36.853 Y4.749
G1 F3600 E-1
G0 F12000 X36.086 Y4.578
G1 F3600 E1
G1 F341.8 X35.045 Y4.635 E0.04451
G1 F404.2 X34.1 Y4.698 E0.03419
G1 F519.2 X34.026 Y4.704 E0.00209
G1 X33.037 Y4.782 E0.02788
G1 F3600 E-1
;MESH:NONMESH
G0 F600 X33.037 Y4.782 Z1.21
G0 F12000 X34.841 Y4.578
;TIME_ELAPSED:8.086303
;LAYER:7
;note -- min layer time used
;TYPE:WALL-OUTER
;MESH:bridge_3a.stl
G1 F3600 E1
G1 F416 X35.269 Y4.351 E0.01699
G1 F570.8 X36.044 Y4.287 E0.01988
G1 F525.3 X37.02 Y4.226 E0.02717
G1 F491.8 X38.013 Y4.179 E0.0295
G1 F470.4 X39.006 Y4.152 E0.03082
G1 F462.3 X39.683 Y4.146 E0.02137
G1 X39.683 Y4.683 E0.01695
G1 F470.4 X38.028 Y4.693 E0.05134
G1 F509.4 X36.067 Y4.728 E0.05618
G1 F570.8 X35.29 Y4.75 E0.01987
G1 F416 X34.841 Y4.578 E0.01687
G0 F12000 X35.29 Y4.75
G0 X35.609 Y4.741
G1 F3600 E-1
G0 F12000 X34.841 Y4.578
G1 F3600 E1
G1 F338.8 X34.109 Y4.626 E0.0316
G1 F388.5 X33.417 Y4.68 E0.02607
G1 F3600 E-1
;MESH:NONMESH
G0 F600 X33.417 Y4.68 Z1.34
G0 F12000 X33.815 Y4.58
;TIME_ELAPSED:9.820463
;LAYER:8
;note -- min layer time used
;TYPE:WALL-OUTER
;MESH:bridge_3a.stl
G1 F3600 E1
G1 F415.4 X34.237 Y4.345 E0.01697
G1 F560.2 X35.033 Y4.265 E0.02084
G1 F503.7 X36.028 Y4.182 E0.02892
G1 F462.3 X37.021 Y4.118 E0.03141
G1 F435.5 X38.013 Y4.074 E0.03327
G1 F419.3 X39.006 Y4.047 E0.03458
G1 F412.8 X39.648 Y4.041 E0.02269
G1 X39.648 Y4.648 E0.02146
G1 F419.3 X38.03 Y4.658 E0.05632
G1 F450 X36.055 Y4.693 E0.06406
G1 F529.4 X34.263 Y4.748 E0.04942
G1 F415.4 X33.815 Y4.58 E0.01681
G0 F12000 X34.263 Y4.748
G0 X34.584 Y4.739
G1 F3600 E-1
G0 F12000 X33.815 Y4.58
G1 F3600 E1
G1 F343.9 X33.061 Y4.637 E0.03208
G1 F3600 E-1
;MESH:NONMESH
G0 F600 X33.061 Y4.637 Z1.47
G0 F12000 X34.587 Y4.524
G0 X37.159 Y4.322
;TIME_ELAPSED:11.862382
;LAYER:9
;note -- min layer time used
;TYPE:WALL-INNER
;MESH:bridge_3a.stl
G1 F3600 E1
G1 F557.9 X38.034 Y4.296 E0.0229
G1 F510.4 X39.276 Y4.276 E0.03551
G1 F3600 E-1
G0 F12000 X33.691 Y4.517
G0 X33.194 Y4.752
;TYPE:WALL-OUTER
G1 F3600 E1
G1 F561.3 X34.13 Y4.716 E0.02435
G1 F492.7 X35.07 Y4.685 E0.02786
G1 F434.8 X36.709 Y4.645 E0.05503
G1 F485.6 X37.159 Y4.75 E0.01389
G1 F600 X39.75 Y4.75 E0.06302
G1 X39.75 Y3.797 E0.02318
G1 X39.002 Y3.806 E0.01819
G1 X38.008 Y3.842 E0.02419
G1 X37.134 Y3.894 E0.02129
G1 F485.6 X36.684 Y4.035 E0.01417
G1 F416.7 X36.031 Y4.077 E0.02292
G1 F444.8 X35.035 Y4.158 E0.03278
G1 F492.7 X34.096 Y4.253 E0.02795
G1 F561.3 X33.16 Y4.361 E0.02449
G1 F605.4 X32.047 Y4.564 E0.02727
G1 X31.614 Y4.655 E0.01067
G1 X31.157 Y4.752 E0.01126
G1 X31.624 Y4.752 E0.01126
G1 X33.194 Y4.752 E0.03785
G0 F12000 X33.993 Y4.722
G1 F3600 E-1
;MESH:NONMESH
G0 F600 X33.993 Y4.722 Z1.6
G0 F12000 X34.005 Y4.511
G0 X35.706 Y4.347
G0 X35.704 Y4.315
;TIME_ELAPSED:14.441570
;LAYER:10
;note -- min layer time used
;TYPE:WALL-INNER
;MESH:bridge_3a.stl
G1 F3600 E1
G1 F506.6 X37.054 Y4.253 E0.03893
G1 F432.7 X38.037 Y4.224 E0.03317
G1 F401.8 X39.205 Y4.205 E0.04243
G1 F3600 E-1
G0 F12000 X33.098 Y4.512
G0 X33.085 Y4.721
;TYPE:WALL-OUTER
G1 F3600 E1
G1 F496.3 X33.999 Y4.685 E0.02689
G1 F434.8 X35.255 Y4.645 E0.04218
G1 F485.6 X35.704 Y4.75 E0.01386
G1 F600 X39.75 Y4.75 E0.0984
G1 X39.75 Y3.654 E0.02666
G1 X39.001 Y3.662 E0.01822
G1 X38.007 Y3.698 E0.02419
G1 X37.014 Y3.758 E0.0242
G1 X35.691 Y3.87 E0.03229
G1 F485.6 X35.222 Y4.037 E0.01496
G1 F434.8 X33.959 Y4.16 E0.04259
G1 F496.3 X33.045 Y4.267 E0.02706
G1 F532.5 X32.201 Y4.421 E0.02351
G1 X30.944 Y4.69 E0.03522
G1 X30.793 Y4.722 E0.00423
G1 X30.947 Y4.722 E0.00422
G1 X33.085 Y4.721 E0.05859
G0 F12000 X33.884 Y4.69
G1 F3600 E-1
;MESH:NONMESH
G0 F600 X33.884 Y4.69 Z1.73
G0 F12000 X34.59 Y4.311
;TIME_ELAPSED:17.340096
;LAYER:11
;note -- min layer time used
;TYPE:WALL-INNER
;MESH:bridge_3a.stl
G1 F3600 E1
G1 F526.3 X35.087 Y4.277 E0.01381
G1 F450.8 X36.074 Y4.224 E0.032
G1 F389.6 X37.059 Y4.183 E0.03693
G1 F353.4 X38.041 Y4.154 E0.04057
G1 F332.5 X39.135 Y4.135 E0.04802
G1 F3600 E-1
G0 F12000 X31.988 Y4.524
G0 X30.483 Y4.686
;TYPE:WALL-OUTER
G1 F3600 E1
G1 F466.3 X33.096 Y4.686 E0.08177
G1 F435.5 X34.151 Y4.646 E0.03538
G1 F485.6 X34.59 Y4.75 E0.01356
G1 F600 X39.75 Y4.75 E0.1255
G1 X39.75 Y3.513 E0.03009
G1 X39 Y3.522 E0.01824
G1 X38.007 Y3.558 E0.02417
G1 X37.013 Y3.618 E0.02422
G1 X36.019 Y3.701 E0.02426
G1 X34.577 Y3.858 E0.03528
G1 F485.6 X34.111 Y4.038 E0.01501
G1 F435.5 X33.05 Y4.162 E0.0358
G1 F466.3 X32.086 Y4.336 E0.03065
G1 X31.267 Y4.503 E0.02616
G1 X30.483 Y4.686 E0.02519
G0 F12000 X31.283 Y4.686
G1 F3600 E-1
;MESH:NONMESH
G0 F600 X31.283 Y4.686 Z1.86
G0 F12000 X32.068 Y4.516
G0 X33.665 Y4.33
G0 X33.662 Y4.307
;TIME_ELAPSED:20.615197
;LAYER:12
;note -- min layer time used
;TYPE:WALL-INNER
;MESH:bridge_3a.stl
G1 F3600 E1
G1 F513.3 X34.16 Y4.268 E0.0142
G1 F432 X35.096 Y4.207 E0.03168
G1 F363.9 X36.083 Y4.152 E0.03964
G1 F328.1 X36.669 Y4.128 E0.02609
G1 F418.6 X37.119 Y4.33 E0.0172
G1 F581.9 X39.308 Y4.308 E0.0549
G1 F556.7 X39.308 Y3.819 E0.01282
G1 F567.2 X38.03 Y3.851 E0.03289
G1 F593.4 X37.107 Y3.89 E0.02272
G1 F418.6 X36.669 Y4.128 E0.01738
G1 F3600 E-1
G0 F12000 X31.292 Y4.523
G0 X30.351 Y4.649
;TYPE:WALL-OUTER
G1 F3600 E1
G1 F411.6 X33.213 Y4.646 E0.10147
G1 F486.5 X33.662 Y4.75 E0.01382
G1 F600 X39.75 Y4.75 E0.14807
G1 X39.75 Y3.373 E0.03349
G1 X39.127 Y3.378 E0.01515
G1 X38.006 Y3.418 E0.02728
G1 X37.01 Y3.475 E0.02426
G1 X36.018 Y3.558 E0.02421
G1 X35.027 Y3.669 E0.02425
G1 X34.098 Y3.79 E0.02279
G1 X33.595 Y3.869 E0.01238
G1 F486.5 X33.167 Y4.041 E0.01384
G1 F411.6 X32.065 Y4.233 E0.03966
G1 F414.1 X31.154 Y4.423 E0.03279
G1 X30.351 Y4.612 E0.02907
G1 X30.351 Y4.649 E0.0013
G0 F12000 X31.151 Y4.649
G1 F3600 E-1
;MESH:NONMESH
G0 F600 X31.151 Y4.649 Z1.99
G0 F12000 X31.372 Y4.515
G0 X33.121 Y4.277
;TIME_ELAPSED:24.353057
;LAYER:13
;note -- min layer time used
;TYPE:WALL-INNER
;MESH:bridge_3a.stl
G1 F3600 E1
G1 F465.1 X34.17 Y4.196 E0.03571
G1 F375.5 X35.222 Y4.129 E0.04433
G1 F452.2 X35.672 Y4.328 E0.01718
G1 F608.6 X37.147 Y4.294 E0.03828
G1 F547 X39.272 Y4.272 E0.06133
G1 F525.4 X39.272 Y3.714 E0.01677
G1 F533.1 X38.055 Y3.742 E0.03605
G1 F555.3 X37.126 Y3.781 E0.02643
G1 F608.6 X35.649 Y3.883 E0.03841
G1 F452.2 X35.222 Y4.129 E0.01721
G1 F3600 E-1
G0 F12000 X30.74 Y4.514
G0 X30.25 Y4.75
;TYPE:WALL-OUTER
G1 F3600 E1
G1 F649.1 X39.75 Y4.75 E0.23105
G1 X39.75 Y3.233 E0.0369
G1 X38.967 Y3.239 E0.01904
G1 X38.03 Y3.274 E0.02281
G1 X37.088 Y3.327 E0.02295
G1 X36.018 Y3.418 E0.02612
G1 X35.025 Y3.525 E0.02429
G1 X34.099 Y3.646 E0.02271
G1 X33.036 Y3.812 E0.02617
G1 X31.841 Y4.032 E0.02955
G1 X31.052 Y4.197 E0.0196
G1 X30.25 Y4.383 E0.02002
G1 X30.25 Y4.75 E0.00893
G0 F12000 X31.05 Y4.75
G1 F3600 E-1
;MESH:NONMESH
G0 F600 X31.05 Y4.75 Z2.12
G0 F12000 X31.062 Y4.478
G0 X33.132 Y4.205
;TIME_ELAPSED:27.866783
;LAYER:14
;note -- min layer time used
;TYPE:WALL-INNER
;MESH:bridge_3a.stl
G1 F3600 E1
G1 F396.5 X34.103 Y4.13 E0.04042
G1 F470 X34.552 Y4.326 E0.01716
G1 F643.9 X35.23 Y4.303 E0.01734
G1 F567.1 X37.074 Y4.26 E0.05353
G1 F505.9 X39.238 Y4.238 E0.07041
G1 F488.1 X39.238 Y3.607 E0.02128
G1 F494.4 X37.922 Y3.64 E0.04383
G1 F512.7 X37.051 Y3.682 E0.028
G1 F543.8 X36.089 Y3.742 E0.02917
G1 F614 X34.524 Y3.877 E0.04211
G1 F470 X34.103 Y4.13 E0.0172
G1 F3600 E-1
G0 F12000 X30.545 Y4.455
G0 X30.25 Y4.75
;TYPE:WALL-OUTER
G1 F3600 E1
G1 F676.8 X39.75 Y4.75 E0.23105
G1 X39.75 Y3.089 E0.0404
G1 X38.998 Y3.098 E0.01829
G1 X37.891 Y3.138 E0.02694
G1 X37.012 Y3.194 E0.02142
G1 X36.041 Y3.274 E0.0237
G1 X35.158 Y3.367 E0.02159
G1 X34.084 Y3.505 E0.02634
G1 X33.036 Y3.668 E0.0258
G1 X32.043 Y3.847 E0.02454
G1 X31.051 Y4.053 E0.02464
G1 X30.25 Y4.239 E0.02
G1 X30.25 Y4.75 E0.01243
G0 F12000 X31.05 Y4.75
G1 F3600 E-1
;MESH:NONMESH
G0 F600 X31.05 Y4.75 Z2.25
G0 F12000 X31.05 Y4.425
G0 X33.184 Y4.129
;TIME_ELAPSED:31.451645
;LAYER:15
;note -- min layer time used
;TYPE:WALL-INNER
;MESH:bridge_3a.stl
G1 F3600 E1
G1 F491.4 X33.633 Y4.323 E0.01718
G1 F631.3 X35.122 Y4.271 E0.04075
G1 F545.1 X36.389 Y4.244 E0.04014
G1 F497.6 X37.657 Y4.216 E0.04401
G1 F570.4 X38.107 Y4.326 E0.01402
G1 F709.9 X39.325 Y4.325 E0.02962
G1 X39.325 Y3.38 E0.02298
G1 X38.093 Y3.412 E0.02997
G1 F570.4 X37.637 Y3.548 E0.0144
G1 F483.3 X37.053 Y3.574 E0.02088
G1 F507 X35.965 Y3.643 E0.03712
G1 F547.9 X35.087 Y3.716 E0.02776
G1 F631.3 X33.6 Y3.87 E0.04088
G1 F491.4 X33.184 Y4.129 E0.01722
G1 F3600 E-1
G0 F12000 X30.545 Y4.455
G0 X30.25 Y4.75
;TYPE:WALL-OUTER
G1 F3600 E1
G1 F709.9 X39.75 Y4.75 E0.23105
G1 X39.75 Y2.95 E0.04378
G1 X39 Y2.958 E0.01824
G1 X38.001 Y2.99 E0.02431
G1 X37.01 Y3.05 E0.02415
G1 X35.91 Y3.142 E0.02685
G1 X35.025 Y3.241 E0.02166
G1 X34.099 Y3.362 E0.02271
G1 X33.034 Y3.524 E0.0262
G1 X32.042 Y3.703 E0.02452
G1 X31.05 Y3.909 E0.02464
G1 X30.25 Y4.095 E0.01998
G1 X30.25 Y4.75 E0.01593
G0 F12000 X31.05 Y4.75
G1 F3600 E-1
;MESH:NONMESH
G0 F600 X31.05 Y4.75 Z2.38
G0 F12000 X30.663 Y4.337
;TIME_ELAPSED:34.922787
;LAYER:16
;note -- min layer time used
;TYPE:WALL-INNER
;MESH:bridge_3a.stl
G1 F3600 E1
G1 F859.5 X32.426 Y4.338 E0.04069
G1 F790.9 X33.269 Y4.3 E0.02116
G1 F686 X34.197 Y4.265 E0.02685
G1 F591.9 X35.854 Y4.217 E0.05555
G1 F655.3 X36.303 Y4.326 E0.01398
G1 F815.5 X39.325 Y4.325 E0.0735
G1 X39.325 Y3.228 E0.02668
G1 X38.028 Y3.274 E0.03156
G1 X37.043 Y3.334 E0.024
G1 X36.265 Y3.398 E0.01899
G1 F655.3 X35.82 Y3.55 E0.01423
G1 F564.6 X35.086 Y3.608 E0.02587
G1 F611.6 X34.156 Y3.7 E0.03031
G1 F686 X33.226 Y3.804 E0.02706
G1 F790.9 X32.386 Y3.916 E0.02125
G1 F859.5 X31.567 Y4.077 E0.01926
G1 X30.663 Y4.276 E0.02136
G1 X30.663 Y4.337 E0.00141
G1 F3600 E-1
G0 F12000 X30.25 Y4.75
;TYPE:WALL-OUTER
G1 F3600 E1
G1 F815.5 X39.75 Y4.75 E0.23105
G1 X39.75 Y2.809 E0.04721
G1 X38.997 Y2.814 E0.01831
G1 X38.003 Y2.85 E0.02419
G1 X37.008 Y2.911 E0.02425
G1 X36.016 Y2.994 E0.02421
G1 X35.02 Y3.097 E0.02435
G1 X34.085 Y3.221 E0.02294
G1 X33.147 Y3.361 E0.02307
G1 X32.306 Y3.511 E0.02078
G1 X31.479 Y3.674 E0.0205
G1 X30.25 Y3.948 E0.03062
G1 X30.25 Y4.75 E0.01951
G0 F12000 X31.05 Y4.75
G1 F3600 E-1
;MESH:NONMESH
G0 F600 X31.05 Y4.75 Z2.51
G0 F12000 X30.73 Y4.27
;TIME_ELAPSED:38.258262
;LAYER:17
;note -- min layer time used
;TYPE:WALL-INNER
;MESH:bridge_3a.stl
G1 F3600 E1
G1 F670.6 X33.167 Y4.27 E0.07389
G1 F612.7 X34.63 Y4.216 E0.04858
G1 F673 X35.08 Y4.325 E0.01399
G1 F836 X39.325 Y4.325 E0.10324
G1 X39.325 Y3.095 E0.02992
G1 X38.026 Y3.134 E0.03161
G1 X37.04 Y3.19 E0.02402
G1 X36.059 Y3.273 E0.02394
G1 X35.02 Y3.386 E0.02542
G1 F673 X34.588 Y3.552 E0.01398
G1 F578.8 X34.021 Y3.607 E0.02001
G1 F631.2 X33.119 Y3.713 E0.02926
G1 F670.6 X32.277 Y3.862 E0.02593
G1 X30.73 Y4.17 E0.04783
G1 X30.73 Y4.27 E0.00303
G1 F3600 E-1
G0 F12000 X39.455 Y4.455
G0 X39.75 Y4.75
;TYPE:WALL-OUTER
G1 F3600 E1
G1 F836 X39.75 Y2.665 E0.05071
G1 X38.998 Y2.674 E0.01829
G1 X38.002 Y2.71 E0.02424
G1 X37.005 Y2.766 E0.02429
G1 X36.014 Y2.85 E0.02419
G1 X35.021 Y2.957 E0.02429
G1 X33.941 Y3.097 E0.02649
G1 X33.036 Y3.24 E0.02228
G1 X32.184 Y3.391 E0.02104
G1 X31.046 Y3.618 E0.02822
G1 X30.25 Y3.803 E0.01988
G1 X30.25 Y4.75 E0.02303
G1 X39.75 Y4.75 E0.23105
G0 F12000 X39.75 Y3.95
G0 X38.575 Y3.575
G1 F3600 E-1
;MESH:NONMESH
G0 F600 X38.575 Y3.575 Z2.64
G0 F12000 X30.724 Y4.276
;TIME_ELAPSED:41.770312
;LAYER:18
;note -- min layer time used
;TYPE:WALL-INNER
;MESH:bridge_3a.stl
G1 F3600 E1
G1 F703.8 X32.209 Y4.276 E0.04406
G1 F634.5 X33.638 Y4.216 E0.04708
G1 F690 X34.087 Y4.325 E0.01398
G1 F858.7 X39.325 Y4.325 E0.1274
G1 X39.325 Y2.956 E0.0333
G1 X38.023 Y2.991 E0.03168
G1 X37.042 Y3.05 E0.0239
G1 X36.058 Y3.133 E0.02402
G1 X35.073 Y3.235 E0.02408
G1 X34.016 Y3.376 E0.02594
G1 F690 X33.588 Y3.551 E0.014
G1 F634.5 X32.156 Y3.732 E0.04751
G1 F703.8 X31.337 Y3.896 E0.02478
G1 X30.724 Y4.035 E0.01865
G1 X30.724 Y4.276 E0.00715
G1 F3600 E-1
G0 F12000 X39.455 Y4.455
G0 X39.75 Y4.75
;TYPE:WALL-OUTER
G1 F3600 E1
G1 F858.7 X39.75 Y2.526 E0.05409
G1 X39 Y2.534 E0.01824
G1 X37.998 Y2.567 E0.02438
G1 X37.007 Y2.627 E0.02415
G1 X36.015 Y2.71 E0.02421
G1 X35.018 Y2.814 E0.02438
G1 X34.084 Y2.937 E0.02291
G1 X33.032 Y3.097 E0.02588
G1 X32.063 Y3.267 E0.02393
G1 X31.234 Y3.434 E0.02057
G1 X30.25 Y3.656 E0.02453
G1 X30.25 Y4.75 E0.02661
G1 X39.75 Y4.75 E0.23105
G0 F12000 X39.75 Y3.95
G0 X38.575 Y3.575
G1 F3600 E-1
;MESH:NONMESH
G0 F600 X38.575 Y3.575 Z2.77
G0 F12000 X30.675 Y4.325
;TIME_ELAPSED:45.200301
;LAYER:19
;note -- min layer time used
;TYPE:WALL-INNER
;MESH:bridge_3a.stl
G1 F3600 E1
G1 F873.9 X39.325 Y4.325 E0.21038
G1 X39.325 Y2.814 E0.03675
G1 X38.192 Y2.843 E0.02757
G1 X37.258 Y2.895 E0.02275
G1 X36.054 Y2.989 E0.02937
G1 X35.074 Y3.095 E0.02397
G1 X34.144 Y3.213 E0.0228
G1 X33.105 Y3.371 E0.02556
G1 X32.123 Y3.548 E0.02427
G1 X31.205 Y3.73 E0.02276
G1 X30.675 Y3.851 E0.01322
G1 X30.675 Y4.325 E0.01153
G1 F3600 E-1
G0 F12000 X31.771 Y3.975
G0 X39.455 Y4.455
G0 X39.75 Y4.75
;TYPE:WALL-OUTER
G1 F3600 E1
G1 F873.9 X39.75 Y2.385 E0.05752
G1 X39.14 Y2.39 E0.01484
G1 X38.169 Y2.418 E0.02363
G1 X37.225 Y2.471 E0.023
G1 X36.009 Y2.567 E0.02967
G1 X35.021 Y2.674 E0.02417
G1 X34.104 Y2.789 E0.02248
G1 X33.03 Y2.953 E0.02642
G1 X32.041 Y3.131 E0.02444
G1 X31.111 Y3.315 E0.02306
G1 X30.25 Y3.512 E0.02148
G1 X30.25 Y4.75 E0.03011
G1 X39.75 Y4.75 E0.23105
G0 F12000 X39.75 Y3.95
G0 X38.575 Y3.575
G1 F3600 E-1
;MESH:NONMESH
G0 F600 X38.575 Y3.575 Z2.9
G0 F12000 X31.771 Y3.975
G0 X30.675 Y4.325
;TIME_ELAPSED:48.504396
;LAYER:20
;note -- min layer time used
;TYPE:WALL-INNER
;MESH:bridge_3a.stl
G1 F3600 E1
G1 F886.2 X39.325 Y4.325 E0.21038
G1 X39.325 Y2.672 E0.0402
G1 X38.055 Y2.707 E0.0309
G1 X37.129 Y2.762 E0.02256
G1 X36.212 Y2.833 E0.02237
G1 X35.07 Y2.952 E0.02793
G1 X34.143 Y3.07 E0.02273
G1 X33.104 Y3.227 E0.02556
G1 X32.123 Y3.403 E0.02424
G1 X30.675 Y3.694 E0.03592
G1 X30.675 Y4.325 E0.01535
G1 F3600 E-1
G0 F12000 X31.045 Y3.955
G0 X39.455 Y4.455
G0 X39.75 Y4.75
;TYPE:WALL-OUTER
G1 F3600 E1
G1 F886.2 X39.75 Y2.242 E0.061
G1 X38.999 Y2.25 E0.01827
G1 X38.03 Y2.283 E0.02358
G1 X37.097 Y2.338 E0.02273
G1 X36.169 Y2.41 E0.02264
G1 X35.017 Y2.53 E0.02817
G1 X34.08 Y2.65 E0.02298
G1 X33.029 Y2.809 E0.02585
G1 X32.04 Y2.987 E0.02444
G1 X31.044 Y3.187 E0.02471
G1 X30.25 Y3.368 E0.01981
G1 X30.25 Y4.75 E0.03361
G1 X39.75 Y4.75 E0.23105
G0 F12000 X39.75 Y3.95
G0 X38.575 Y3.575
G1 F3600 E-1
;MESH:NONMESH
G0 F600 X38.575 Y3.575 Z3.03
G0 F12000 X31.045 Y3.955
G0 X30.675 Y4.325
;TIME_ELAPSED:51.818020
;LAYER:21
;note -- min layer time used
;TYPE:WALL-INNER
;MESH:bridge_3a.stl
G1 F3600 E1
G1 F898 X39.325 Y4.325 E0.21038
G1 X39.325 Y2.532 E0.04361
G1 X37.921 Y2.571 E0.03416
G1 X37.042 Y2.626 E0.02142
G1 X36.08 Y2.702 E0.02347
G1 X35.073 Y2.811 E0.02463
G1 X34.142 Y2.93 E0.02283
G1 X33.1 Y3.084 E0.02562
G1 X32.122 Y3.26 E0.02417
G1 X30.675 Y3.551 E0.0359
G1 X30.675 Y4.325 E0.01882
G1 F3600 E-1
G0 F12000 X31.045 Y3.955
G0 X39.455 Y4.455
G0 X39.75 Y4.75
;TYPE:WALL-OUTER
G1 F3600 E1
G1 F898 X39.75 Y2.102 E0.0644
G1 X39 Y2.11 E0.01824
G1 X37.895 Y2.147 E0.02689
G1 X37.01 Y2.202 E0.02157
G1 X36.034 Y2.279 E0.02381
G1 X35.02 Y2.39 E0.02481
G1 X34.08 Y2.51 E0.02305
G1 X33.026 Y2.666 E0.02591
G1 X32.039 Y2.844 E0.02439
G1 X31.044 Y3.043 E0.02468
G1 X30.25 Y3.22 E0.01979
G1 X30.25 Y4.75 E0.03721
G1 X39.75 Y4.75 E0.23105
G0 F12000 X39.75 Y3.95
G0 X38.575 Y3.575
G1 F3600 E-1
;MESH:NONMESH
G0 F600 X38.575 Y3.575 Z3.16
G0 F12000 X31.045 Y3.955
G0 X30.675 Y4.325
;TIME_ELAPSED:55.131684
;LAYER:22
;note -- min layer time used
;TYPE:WALL-INNER
;MESH:bridge_3a.stl
G1 F3600 E1
G1 F910.1 X39.325 Y4.325 E0.21038
G1 X39.325 Y2.38 E0.04731
G1 X38.023 Y2.427 E0.03169
G1 X37.035 Y2.482 E0.02407
G1 X35.955 Y2.573 E0.02636
G1 X35.071 Y2.668 E0.02162
G1 X34.248 Y2.77 E0.02017
G1 X33.102 Y2.944 E0.02819
G1 X32.118 Y3.117 E0.0243
G1 X30.675 Y3.406 E0.03579
G1 X30.675 Y4.325 E0.02235
G1 F3600 E-1
G0 F12000 X31.045 Y3.955
G0 X39.455 Y4.455
G0 X39.75 Y4.75
;TYPE:WALL-OUTER
G1 F3600 E1
G1 F910.1 X39.75 Y1.961 E0.06783
G1 X38.997 Y1.966 E0.01831
G1 X38 Y2.002 E0.02426
G1 X37 Y2.059 E0.02436
G1 X35.911 Y2.15 E0.02658
G1 X35.019 Y2.246 E0.02182
G1 X34.185 Y2.35 E0.02044
G1 X33.029 Y2.525 E0.02844
G1 X32.035 Y2.7 E0.02455
G1 X31.043 Y2.899 E0.02461
G1 X30.25 Y3.077 E0.01977
G1 X30.25 Y4.75 E0.04069
G1 X39.75 Y4.75 E0.23105
G0 F12000 X39.75 Y3.95
G0 X38.575 Y3.575
G1 F3600 E-1
;MESH:NONMESH
G0 F600 X38.575 Y3.575 Z3.29
G0 F12000 X39.325 Y4.325
;TIME_ELAPSED:58.379621
;LAYER:23
;note -- min layer time used
;TYPE:WALL-INNER
;MESH:bridge_3a.stl
G1 F3600 E1
G1 F897.5 X39.325 Y2.247 E0.05054
G1 X38.023 Y2.287 E0.03168
G1 X37.035 Y2.342 E0.02407
G1 X36.051 Y2.422 E0.02401
G1 X35.072 Y2.527 E0.02395
G1 X34.137 Y2.642 E0.02291
G1 X33.216 Y2.78 E0.02265
G1 X32.118 Y2.973 E0.02711
G1 X30.675 Y3.263 E0.0358
G1 X30.675 Y4.325 E0.02583
G1 X39.325 Y4.325 E0.21038
G1 F3600 E-1
G0 F12000 X39.75 Y4.75
;TYPE:WALL-OUTER
G1 F3600 E1
G1 F897.5 X39.75 Y1.817 E0.07133
G1 X38.998 Y1.826 E0.01829
G1 X37.999 Y1.862 E0.02431
G1 X37.001 Y1.919 E0.02431
G1 X36.005 Y1.999 E0.0243
G1 X35.021 Y2.106 E0.02407
G1 X34.075 Y2.222 E0.02318
G1 X33.142 Y2.362 E0.02295
G1 X32.035 Y2.556 E0.02733
G1 X31.04 Y2.756 E0.02468
G1 X30.25 Y2.933 E0.01969
G1 X30.25 Y4.75 E0.04419
G1 X39.75 Y4.75 E0.23105
G0 F12000 X39.75 Y3.95
G0 X38.575 Y3.575
G1 F3600 E-1
;MESH:NONMESH
G0 F600 X38.575 Y3.575 Z3.42
G0 F12000 X33.326 Y3.17
G0 X33.307 Y3.035
;TIME_ELAPSED:61.661764
;LAYER:24
;note -- min layer time used
;TYPE:FILL
;MESH:bridge_3a.stl
G1 F3600 E1
G1 F1115.5 X32.38 Y3.92 E0.03117
G1 X38.92 Y3.92 E0.15906
G1 X38.92 Y2.684 E0.03006
G1 X38.701 Y2.528 E0.00654
G1 F3600 E-1
G0 F12000 X38.955 Y3.955
G0 X39.325 Y4.325
;TYPE:WALL-INNER
G1 F3600 E1
G1 F1115.5 X39.325 Y2.108 E0.05392
G1 X38.019 Y2.143 E0.03178
G1 X37.063 Y2.196 E0.02329
G1 X36.065 Y2.28 E0.02436
G1 X34.816 Y2.415 E0.03055
G1 X34.141 Y2.502 E0.01655
G1 X33.102 Y2.656 E0.02555
G1 X32.254 Y2.802 E0.02093
G1 X31.43 Y2.963 E0.02042
G1 X30.675 Y3.128 E0.0188
G1 X30.675 Y4.325 E0.02911
G1 X39.325 Y4.325 E0.21038
G1 F3600 E-1
G0 F12000 X39.75 Y4.75
;TYPE:WALL-OUTER
G1 F3600 E1
G1 F1115.5 X39.75 Y1.678 E0.07472
G1 X39 Y1.686 E0.01824
G1 X37.995 Y1.719 E0.02446
G1 X36.998 Y1.775 E0.02429
G1 X36.008 Y1.859 E0.02416
G1 X34.762 Y1.994 E0.03048
G1 X34.079 Y2.082 E0.01675
G1 X33.031 Y2.237 E0.02577
G1 X32.173 Y2.385 E0.02118
G1 X31.34 Y2.548 E0.02064
G1 X30.25 Y2.786 E0.02714
G1 X30.25 Y4.75 E0.04777
G1 X39.75 Y4.75 E0.23105
G0 F12000 X39.75 Y3.95
G0 X38.575 Y3.575
G1 F3600 E-1
;MESH:NONMESH
G0 F600 X38.575 Y3.575 Z3.55
G0 F12000 X33.367 Y3.021
G0 X33.348 Y2.884
;TIME_ELAPSED:65.002869
;LAYER:25
;note -- min layer time used
;TYPE:FILL
;MESH:bridge_3a.stl
G1 F3600 E1
G1 F1142.9 X32.241 Y3.92 E0.03688
G1 X38.92 Y3.92 E0.16244
G1 X38.92 Y2.773 E0.0279
G1 X38.313 Y2.399 E0.01734
G1 F3600 E-1
G0 F12000 X38.955 Y3.955
G0 X39.325 Y4.325
;TYPE:WALL-INNER
G1 F3600 E1
G1 F1142.9 X39.325 Y1.956 E0.05762
G1 X38.021 Y2.003 E0.03174
G1 X37.061 Y2.056 E0.02338
G1 X36.062 Y2.136 E0.02437
G1 X35.066 Y2.24 E0.02436
G1 X33.877 Y2.394 E0.02916
G1 X33.1 Y2.512 E0.01911
G1 X32.132 Y2.681 E0.0239
G1 X31.31 Y2.843 E0.02038
G1 X30.675 Y2.983 E0.01582
G1 X30.675 Y4.325 E0.03264
G1 X39.325 Y4.325 E0.21038
G1 F3600 E-1
G0 F12000 X39.75 Y4.75
;TYPE:WALL-OUTER
G1 F3600 E1
G1 F1142.9 X39.75 Y1.537 E0.07814
G1 X38.997 Y1.542 E0.01831
G1 X37.997 Y1.579 E0.02434
G1 X37 Y1.635 E0.02429
G1 X36.006 Y1.715 E0.02425
G1 X35.012 Y1.818 E0.0243
G1 X33.814 Y1.974 E0.02938
G1 X33.027 Y2.093 E0.01936
G1 X32.05 Y2.264 E0.02412
G1 X31.168 Y2.439 E0.02187
G1 X30.25 Y2.642 E0.02287
G1 X30.25 Y4.75 E0.05127
G1 X39.75 Y4.75 E0.23105
G0 F12000 X39.75 Y3.95
G0 X38.575 Y3.575
G1 F3600 E-1
;MESH:NONMESH
G0 F600 X38.575 Y3.575 Z3.68
G0 F12000 X33.403 Y2.872
G0 X33.383 Y2.738
;TIME_ELAPSED:68.342556
;LAYER:26
;note -- min layer time used
;TYPE:FILL
;MESH:bridge_3a.stl
G1 F3600 E1
G1 F1168.4 X32.108 Y3.92 E0.04229
G1 X38.92 Y3.92 E0.16568
G1 X38.918 Y2.887 E0.02512
G1 X37.975 Y2.268 E0.02743
G1 F3600 E-1
G0 F12000 X38.955 Y3.955
G0 X39.324 Y4.325
;TYPE:WALL-INNER
G1 F3600 E1
G1 F1168.4 X39.321 Y1.822 E0.06088
G1 X38.015 Y1.859 E0.03178
G1 X37.048 Y1.918 E0.02356
G1 X36.05 Y1.998 E0.02435
G1 X35.065 Y2.1 E0.02408
G1 X33.751 Y2.27 E0.03222
G1 X32.851 Y2.411 E0.02216
G1 X32.014 Y2.561 E0.02068
G1 X31.191 Y2.722 E0.0204
G1 X30.675 Y2.837 E0.01286
G1 X30.675 Y4.325 E0.03619
G1 X39.324 Y4.325 E0.21036
G1 F3600 E-1
G0 F12000 X39.749 Y4.75
;TYPE:WALL-OUTER
G1 F3600 E1
G1 F1168.4 X39.746 Y1.393 E0.08165
G1 X39.153 Y1.398 E0.01442
G1 X37.99 Y1.435 E0.0283
G1 X37.034 Y1.492 E0.02329
G1 X36.006 Y1.575 E0.02508
G1 X35.011 Y1.678 E0.02433
G1 X33.724 Y1.844 E0.03156
G1 X32.776 Y1.993 E0.02334
G1 X31.932 Y2.144 E0.02085
G1 X31.099 Y2.308 E0.02065
G1 X30.25 Y2.497 E0.02115
G1 X30.25 Y4.75 E0.0548
G1 X39.749 Y4.75 E0.23103
G0 F12000 X39.749 Y3.95
G0 X38.574 Y3.575
G1 F3600 E-1
;MESH:NONMESH
G0 F600 X38.574 Y3.575 Z3.81
G0 F12000 X33.441 Y2.724
G0 X33.421 Y2.591
;TIME_ELAPSED:71.682475
;LAYER:27
;note -- min layer time used
;TYPE:FILL
;MESH:bridge_3a.stl
G1 F3600 E1
G1 F1196.1 X32.508 Y3.413 E0.02988
G1 X31.983 Y3.919 E0.01773
G1 X38.918 Y3.92 E0.16867
G1 X38.918 Y3.002 E0.02233
G1 X37.926 Y2.307 E0.02946
G1 X37.537 Y2.152 E0.01018
G1 F3600 E-1
G0 F12000 X38.955 Y3.955
G0 X39.324 Y4.325
;TYPE:WALL-INNER
G1 F3600 E1
G1 F1196.1 X39.321 Y1.673 E0.0645
G1 X38.061 Y1.715 E0.03066
G1 X37.155 Y1.768 E0.02207
G1 X36.216 Y1.841 E0.02291
G1 X35.061 Y1.957 E0.02823
G1 X34.138 Y2.074 E0.02263
G1 X33.095 Y2.229 E0.02565
G1 X32.112 Y2.398 E0.02426
G1 X30.675 Y2.68 E0.03562
G1 X30.676 Y4.324 E0.03998
G1 X39.324 Y4.325 E0.21033
G1 F3600 E-1
G0 F12000 X39.749 Y4.75
;TYPE:WALL-OUTER
G1 F3600 E1
G1 F1196.1 X39.746 Y1.253 E0.08505
G1 X39.01 Y1.258 E0.0179
G1 X38.036 Y1.291 E0.0237
G1 X37.13 Y1.344 E0.02207
G1 X36.174 Y1.418 E0.02332
G1 X35.008 Y1.535 E0.0285
G1 X34.076 Y1.654 E0.02285
G1 X33.024 Y1.81 E0.02587
G1 X32.03 Y1.981 E0.02453
G1 X31.04 Y2.176 E0.02454
G1 X30.25 Y2.353 E0.01969
G1 X30.251 Y4.749 E0.05827
G1 X39.749 Y4.75 E0.23101
G0 F12000 X39.749 Y3.95
G0 X38.574 Y3.575
G1 F3600 E-1
;MESH:NONMESH
G0 F600 X38.574 Y3.575 Z3.94
G0 F12000 X33.505 Y2.572
G0 X33.486 Y2.438
;TIME_ELAPSED:75.024368
;LAYER:28
;note -- min layer time used
;TYPE:FILL
;MESH:bridge_3a.stl
G1 F3600 E1
G1 F1223.4 X33.411 Y2.478 E0.00207
G1 X32.508 Y3.28 E0.02937
G1 X31.862 Y3.92 E0.02212
G1 X38.92 Y3.92 E0.17166
G1 X38.92 Y3.117 E0.01953
G1 X37.926 Y2.375 E0.03017
G1 X37.149 Y2.033 E0.02065
G1 F3600 E-1
G0 F12000 X38.955 Y3.955
G0 X39.325 Y4.325
;TYPE:WALL-INNER
G1 F3600 E1
G1 F1223.4 X39.325 Y1.532 E0.06793
G1 X38.021 Y1.579 E0.03174
G1 X37.031 Y1.634 E0.02412
G1 X36.083 Y1.71 E0.02313
G1 X35.191 Y1.8 E0.0218
G1 X34.134 Y1.931 E0.0259
G1 X33.12 Y2.08 E0.02493
G1 X32.111 Y2.254 E0.0249
G1 X30.676 Y2.537 E0.03557
G1 X30.675 Y4.325 E0.04349
G1 X39.325 Y4.325 E0.21038
G1 F3600 E-1
G0 F12000 X39.75 Y4.75
;TYPE:WALL-OUTER
G1 F3600 E1
G1 F1223.4 X39.75 Y1.113 E0.08846
G1 X38.997 Y1.118 E0.01831
G1 X37.997 Y1.155 E0.02434
G1 X36.998 Y1.211 E0.02434
G1 X36.041 Y1.287 E0.02335
G1 X35.14 Y1.379 E0.02203
G1 X34.072 Y1.511 E0.02617
G1 X33.023 Y1.666 E0.02579
G1 X32.029 Y1.837 E0.02453
G1 X31.051 Y2.029 E0.02424
G1 X30.251 Y2.205 E0.01992
G1 X30.25 Y4.75 E0.0619
G1 X39.75 Y4.75 E0.23105
G0 F12000 X39.75 Y3.95
G0 X38.575 Y3.575
G1 F3600 E-1
;MESH:NONMESH
G0 F600 X38.575 Y3.575 Z4.07
G0 F12000 X33.573 Y2.419
G0 X33.554 Y2.284
;TIME_ELAPSED:78.368207
;LAYER:29
;note -- min layer time used
;TYPE:FILL
;MESH:bridge_3a.stl
G1 F3600 E1
G1 F1251.7 X33.411 Y2.354 E0.00387
G1 X32.508 Y3.144 E0.02918
G1 X31.748 Y3.92 E0.02642
G1 X38.92 Y3.92 E0.17443
G1 X38.92 Y3.229 E0.01681
G1 X37.926 Y2.441 E0.03085
G1 X37.023 Y2.003 E0.02441
G1 X36.683 Y1.92 E0.00851
G1 F3600 E-1
G0 F12000 X36.682 Y1.923
G0 X38.955 Y3.955
G0 X39.325 Y4.325
;TYPE:WALL-INNER
G1 F3600 E1
G1 F1251.7 X39.325 Y1.4 E0.07114
G1 X38.016 Y1.435 E0.03185
G1 X37.03 Y1.491 E0.02402
G1 X36.046 Y1.57 E0.02401
G1 X35.074 Y1.672 E0.02377
G1 X34.247 Y1.775 E0.02027
G1 X33.326 Y1.906 E0.02263
G1 X32.485 Y2.043 E0.02072
G1 X31.656 Y2.197 E0.02051
G1 X30.675 Y2.402 E0.02437
G1 X30.675 Y4.325 E0.04677
G1 X39.325 Y4.325 E0.21038
G1 F3600 E-1
G0 F12000 X39.75 Y4.75
;TYPE:WALL-OUTER
G1 F3600 E1
G1 F1251.7 X39.75 Y0.97 E0.09194
G1 X39 Y0.978 E0.01824
G1 X37.992 Y1.011 E0.02453
G1 X36.996 Y1.067 E0.02426
G1 X36.002 Y1.147 E0.02425
G1 X35.022 Y1.251 E0.02397
G1 X34.187 Y1.354 E0.02046
G1 X33.258 Y1.486 E0.02282
G1 X32.408 Y1.625 E0.02095
G1 X31.6 Y1.774 E0.01998
G1 X30.25 Y2.061 E0.03357
G1 X30.25 Y4.75 E0.0654
G1 X39.75 Y4.75 E0.23105
G0 F12000 X39.75 Y3.95
G0 X38.575 Y3.575
G1 F3600 E-1
;MESH:NONMESH
G0 F600 X38.575 Y3.575 Z4.2
G0 F12000 X31.64 Y3.92
;TIME_ELAPSED:81.721379
;LAYER:30
;note -- min layer time used
;TYPE:FILL
;MESH:bridge_3a.stl
G1 F3600 E1
G1 F1170.4 X32.508 Y3.003 E0.03071
G1 X33.411 Y2.224 E0.02901
G1 X33.621 Y2.129 E0.00561
G1 X34.135 Y2.051 E0.01264
G1 X35.036 Y1.943 E0.02207
G1 X36.296 Y1.818 E0.0308
G1 X37.023 Y2.025 E0.01838
G1 X37.926 Y2.505 E0.02487
G1 X38.829 Y3.266 E0.02872
G1 X38.92 Y3.362 E0.00322
G1 F3600 E-1
G0 F12000 X39.325 Y4.325
;TYPE:WALL-INNER
G1 F3600 E1
G1 F1170.4 X39.325 Y1.248 E0.07484
G1 X38.021 Y1.295 E0.03174
G1 X37.03 Y1.351 E0.02414
G1 X36.045 Y1.43 E0.02403
G1 X34.994 Y1.54 E0.0257
G1 X34.072 Y1.652 E0.02259
G1 X33.207 Y1.781 E0.02127
G1 X32.364 Y1.923 E0.02079
G1 X30.675 Y2.246 E0.04182
G1 X30.675 Y4.325 E0.05056
G1 X39.325 Y4.325 E0.21038
G1 F3600 E-1
G0 F12000 X39.75 Y4.75
;TYPE:WALL-OUTER
G1 F3600 E1
G1 F1170.4 X39.75 Y0.829 E0.09536
G1 X38.997 Y0.834 E0.01831
G1 X37.997 Y0.871 E0.02434
G1 X36.996 Y0.927 E0.02438
G1 X36.001 Y1.007 E0.02428
G1 X34.943 Y1.118 E0.02587
G1 X34.034 Y1.228 E0.02227
G1 X33.137 Y1.361 E0.02205
G1 X32.284 Y1.505 E0.02104
G1 X31.038 Y1.744 E0.03086
G1 X30.25 Y1.917 E0.01962
G1 X30.25 Y4.75 E0.0689
G1 X39.75 Y4.75 E0.23105
G0 F12000 X39.75 Y3.95
G0 X38.575 Y3.575
G1 F3600 E-1
;MESH:NONMESH
G0 F600 X38.575 Y3.575 Z4.33
G0 F12000 X31.524 Y3.919
;TIME_ELAPSED:85.048607
;LAYER:31
;note -- min layer time used
;TYPE:FILL
;MESH:bridge_3a.stl
G1 F3600 E1
G1 F1180.4 X31.605 Y3.846 E0.00265
G1 X32.508 Y2.856 E0.03259
G1 X33.411 Y2.088 E0.02883
G1 X33.685 Y1.976 E0.0072
G1 X34.185 Y1.903 E0.01229
G1 X35.104 Y1.792 E0.02251
G1 X35.85 Y1.715 E0.01824
G1 X36.12 Y1.749 E0.00662
G1 X37.023 Y2.044 E0.0231
G1 X37.926 Y2.566 E0.02537
G1 X38.829 Y3.377 E0.02952
G1 X38.92 Y3.477 E0.00329
G0 F12000 X39.325 Y4.325
;TYPE:WALL-INNER
G1 F1180.4 X39.325 Y1.108 E0.07824
G1 X38.021 Y1.155 E0.03174
G1 X37.03 Y1.211 E0.02414
G1 X36.041 Y1.287 E0.02412
G1 X35.063 Y1.388 E0.02391
G1 X34.132 Y1.503 E0.02282
G1 X33.088 Y1.654 E0.02566
G1 X32.109 Y1.823 E0.02416
G1 X30.676 Y2.105 E0.03552
G1 X30.676 Y4.324 E0.05397
G1 X39.325 Y4.325 E0.21036
G1 F3600 E-1
G0 F12000 X39.75 Y4.75
;TYPE:WALL-OUTER
G1 F3600 E1
G1 F1180.4 X39.75 Y0.689 E0.09877
G1 X38.997 Y0.694 E0.01831
G1 X37.997 Y0.731 E0.02434
G1 X36.998 Y0.787 E0.02434
G1 X35.997 Y0.864 E0.02442
G1 X35.046 Y0.962 E0.02325
G1 X34.072 Y1.082 E0.02387
G1 X33.017 Y1.235 E0.02593
G1 X32.027 Y1.406 E0.02443
G1 X31.051 Y1.597 E0.02419
G1 X30.251 Y1.773 E0.01992
G1 X30.251 Y4.749 E0.07238
G1 X39.75 Y4.75 E0.23103
G0 F12000 X39.75 Y3.95
G0 X38.575 Y3.575
G1 F3600 E-1
;MESH:NONMESH
G0 F600 X38.575 Y3.575 Z4.46
G0 F12000 X31.41 Y3.92
;TIME_ELAPSED:88.333504
;LAYER:32
;note -- min layer time used
;TYPE:FILL
;MESH:bridge_3a.stl
G1 F3600 E1
G1 F1197.3 X31.605 Y3.733 E0.00657
G1 X32.508 Y2.699 E0.03339
G1 X33.411 Y1.942 E0.02866
G1 X33.705 Y1.836 E0.0076
G1 X34.488 Y1.725 E0.01923
G1 X35.47 Y1.617 E0.02403
G1 X36.12 Y1.726 E0.01603
G1 X37.023 Y2.059 E0.02341
G1 X37.926 Y2.625 E0.02592
G1 X38.829 Y3.49 E0.03041
G1 X38.92 Y3.594 E0.00336
G0 F12000 X39.325 Y4.325
;TYPE:WALL-INNER
G1 F1197.3 X39.325 Y0.976 E0.08145
G1 X38.016 Y1.011 E0.03185
G1 X37.028 Y1.067 E0.02407
G1 X36.081 Y1.142 E0.0231
G1 X35.063 Y1.248 E0.02489
G1 X34.131 Y1.364 E0.02284
G1 X33.088 Y1.514 E0.02563
G1 X32.12 Y1.679 E0.02388
G1 X31.299 Y1.835 E0.02033
G1 X30.675 Y1.969 E0.01552
G1 X30.675 Y4.325 E0.0573
G1 X39.325 Y4.325 E0.21038
G1 F3600 E-1
G0 F12000 X39.75 Y4.75
;TYPE:WALL-OUTER
G1 F3600 E1
G1 F1197.3 X39.75 Y0.546 E0.10225
G1 X39 Y0.554 E0.01824
G1 X37.992 Y0.587 E0.02453
G1 X36.994 Y0.644 E0.02431
G1 X36.001 Y0.723 E0.02423
G1 X35.046 Y0.822 E0.02335
G1 X34.071 Y0.943 E0.0239
G1 X33.017 Y1.095 E0.0259
G1 X32.041 Y1.261 E0.02408
G1 X31.21 Y1.42 E0.02058
G1 X30.25 Y1.626 E0.02388
G1 X30.25 Y4.75 E0.07598
G1 X39.75 Y4.75 E0.23105
G0 F12000 X39.75 Y3.95
G0 X38.575 Y3.575
G1 F3600 E-1
;MESH:NONMESH
G0 F600 X38.575 Y3.575 Z4.59
G0 F12000 X33.723 Y1.825
G0 X33.705 Y1.695
;TIME_ELAPSED:91.607967
;LAYER:33
;note -- min layer time used
;TYPE:FILL
;MESH:bridge_3a.stl
G1 F3600 E1
G1 F1358.2 X33.411 Y1.786 E0.00749
G1 X32.508 Y2.531 E0.02847
G1 X31.605 Y3.615 E0.03431
G1 X31.308 Y3.92 E0.01035
G1 X38.92 Y3.92 E0.18514
G1 X38.92 Y3.701 E0.00533
G1 X37.926 Y2.682 E0.03462
G1 X37.023 Y2.07 E0.02653
G1 X36.12 Y1.698 E0.02375
G1 X35.217 Y1.509 E0.02244
G1 X35.145 Y1.509 E0.00175
G1 F3600 E-1
G0 F12000 X38.955 Y3.955
G0 X39.325 Y4.325
;TYPE:WALL-INNER
G1 F3600 E1
G1 F1358.2 X39.325 Y0.824 E0.08515
G1 X38.021 Y0.871 E0.03174
G1 X37.029 Y0.927 E0.02417
G1 X36.085 Y0.998 E0.02302
G1 X35.062 Y1.104 E0.02501
G1 X34.146 Y1.217 E0.02245
G1 X33.106 Y1.367 E0.02556
G1 X32.109 Y1.538 E0.0246
G1 X31.18 Y1.715 E0.023
G1 X30.675 Y1.825 E0.01257
G1 X30.675 Y4.325 E0.0608
G1 X39.325 Y4.325 E0.21038
G1 F3600 E-1
G0 F12000 X39.75 Y4.75
;TYPE:WALL-OUTER
G1 F3600 E1
G1 F1358.2 X39.75 Y0.405 E0.10568
G1 X38.997 Y0.41 E0.01831
G1 X37.997 Y0.447 E0.02434
G1 X36.997 Y0.503 E0.02436
G1 X35.995 Y0.58 E0.02444
G1 X35.047 Y0.678 E0.02318
G1 X34.071 Y0.799 E0.02392
G1 X33.039 Y0.947 E0.02536
G1 X32.03 Y1.121 E0.0249
G1 X31.09 Y1.3 E0.02327
G1 X30.25 Y1.482 E0.0209
G1 X30.25 Y4.75 E0.07948
G1 X39.75 Y4.75 E0.23105
G0 F12000 X39.75 Y3.95
G0 X38.575 Y3.575
G1 F3600 E-1
;MESH:NONMESH
G0 F600 X38.575 Y3.575 Z4.72
G0 F12000 X31.216 Y3.92
;TIME_ELAPSED:94.970242
;LAYER:34
;note -- min layer time used
;TYPE:FILL
;MESH:bridge_3a.stl
G1 F3600 E1
G1 F1232.6 X31.605 Y3.492 E0.01407
G1 X32.508 Y2.346 E0.03549
G1 X33.454 Y1.582 E0.02957
G1 X34.673 Y1.409 E0.02994
G1 X35.217 Y1.438 E0.01325
G1 X36.12 Y1.667 E0.02266
G1 X37.023 Y2.077 E0.02412
G1 X37.926 Y2.737 E0.0272
G1 X38.829 Y3.731 E0.03266
G1 X38.92 Y3.846 E0.00357
G0 F12000 X39.325 Y4.325
;TYPE:WALL-INNER
G1 F1232.6 X39.325 Y0.692 E0.08836
G1 X38.07 Y0.727 E0.03054
G1 X37.167 Y0.776 E0.02199
G1 X36.04 Y0.862 E0.02749
G1 X35.057 Y0.961 E0.02403
G1 X34.129 Y1.076 E0.02274
G1 X33.106 Y1.223 E0.02514
G1 X32.108 Y1.395 E0.02463
G1 X30.675 Y1.67 E0.03549
G1 X30.675 Y4.325 E0.06457
G1 X39.325 Y4.325 E0.21038
G1 F3600 E-1
G0 F12000 X39.75 Y4.75
;TYPE:WALL-OUTER
G1 F3600 E1
G1 F1232.6 X39.75 Y0.262 E0.10915
G1 X39.02 Y0.27 E0.01776
G1 X38.047 Y0.303 E0.02368
G1 X37.099 Y0.355 E0.02309
G1 X35.998 Y0.439 E0.02686
G1 X35.006 Y0.54 E0.02425
G1 X34.069 Y0.655 E0.02296
G1 X33.04 Y0.803 E0.02528
G1 X32.029 Y0.977 E0.02495
G1 X31.04 Y1.167 E0.02449
G1 X30.25 Y1.338 E0.01966
G1 X30.25 Y4.75 E0.08298
G1 X39.75 Y4.75 E0.23105
G0 F12000 X39.75 Y3.95
G0 X38.575 Y3.575
G1 F3600 E-1
;MESH:NONMESH
G0 F600 X38.575 Y3.575 Z4.85
G0 F12000 X33.424 Y1.583
G0 X33.404 Y1.438
;TIME_ELAPSED:98.244540
;LAYER:35
;note -- min layer time used
;TYPE:FILL
;MESH:bridge_3a.stl
G1 F3600 E1
G1 F1399.2 X32.508 Y2.14 E0.02768
G1 X31.605 Y3.361 E0.03694
G1 X31.134 Y3.92 E0.01778
G1 X38.872 Y3.92 E0.1882
G1 X37.926 Y2.791 E0.03582
G1 X37.023 Y2.08 E0.02795
G1 X36.12 Y1.631 E0.02453
G1 X35.217 Y1.362 E0.02292
G1 X34.56 Y1.291 E0.01607
G1 F3600 E-1
G0 F12000 X38.955 Y3.955
G0 X39.325 Y4.325
;TYPE:WALL-INNER
G1 F3600 E1
G1 F1399.2 X39.325 Y0.543 E0.09198
G1 X38.021 Y0.591 E0.03174
G1 X37.059 Y0.644 E0.02343
G1 X36.077 Y0.715 E0.02395
G1 X35.207 Y0.803 E0.02127
G1 X34.159 Y0.931 E0.02568
G1 X33.081 Y1.083 E0.02648
G1 X32.108 Y1.251 E0.02401
G1 X30.675 Y1.535 E0.03553
G1 X30.675 Y4.325 E0.06786
G1 X39.325 Y4.325 E0.21038
G1 F3600 E-1
G0 F12000 X39.75 Y4.75
;TYPE:WALL-OUTER
G1 F3600 E1
G1 F1399.2 X39.75 Y0.125 E0.11249
G1 X38.881 Y0.134 E0.02114
G1 X37.997 Y0.167 E0.02152
G1 X37.001 Y0.223 E0.02426
G1 X36.034 Y0.292 E0.02358
G1 X35.138 Y0.384 E0.02191
G1 X34.072 Y0.514 E0.02612
G1 X33.009 Y0.664 E0.02611
G1 X32.028 Y0.833 E0.02421
G1 X31.042 Y1.023 E0.02442
G1 X30.25 Y1.191 E0.01969
G1 X30.25 Y4.75 E0.08656
G1 X39.75 Y4.75 E0.23105
G0 F12000 X39.75 Y3.95
G0 X38.575 Y3.575
G1 F3600 E-1
;MESH:NONMESH
G0 F600 X38.575 Y3.575 Z4.98
G0 F12000 X33.303 Y1.459
G0 X33.284 Y1.323
;TIME_ELAPSED:101.601536
;LAYER:36
;note -- min layer time used
;TYPE:FILL
;MESH:bridge_3a.stl
G1 F3600 E1
G1 F1413.8 X32.508 Y1.902 E0.02355
G1 X31.605 Y3.219 E0.03884
G1 X31.06 Y3.92 E0.0216
G1 X38.764 Y3.92 E0.18737
G1 X37.926 Y2.843 E0.03319
G1 X37.023 Y2.08 E0.02875
G1 X36.12 Y1.59 E0.02499
G1 X35.217 Y1.281 E0.02321
G1 X34.453 Y1.153 E0.01884
G1 F3600 E-1
G0 F12000 X34.452 Y1.154
G0 X38.955 Y3.955
G0 X39.325 Y4.325
;TYPE:WALL-INNER
G1 F3600 E1
G1 F1413.8 X39.325 Y0.404 E0.09536
G1 X38.021 Y0.451 E0.03174
G1 X37.019 Y0.503 E0.0244
G1 X36.046 Y0.582 E0.02374
G1 X35.057 Y0.678 E0.02417
G1 X34.236 Y0.777 E0.02011
G1 X33.085 Y0.942 E0.02828
G1 X32.102 Y1.107 E0.02424
G1 X30.675 Y1.391 E0.03539
G1 X30.675 Y4.325 E0.07136
G1 X39.325 Y4.325 E0.21038
G1 F3600 E-1
G0 F12000 X39.75 Y4.75
;TYPE:WALL-OUTER
G1 F3600 E1
G1 F1413.8 X39.75 Y-0.015 E0.11589
G1 X38.997 Y-0.01 E0.01831
G1 X37.999 Y0.026 E0.02429
G1 X36.985 Y0.08 E0.0247
G1 X36.005 Y0.158 E0.02391
G1 X35.007 Y0.256 E0.02439
G1 X34.176 Y0.356 E0.02036
G1 X33.015 Y0.523 E0.02853
G1 X32.022 Y0.69 E0.02449
G1 X31.042 Y0.879 E0.02427
G1 X30.25 Y1.047 E0.01969
G1 X30.25 Y4.75 E0.09006
G1 X39.75 Y4.75 E0.23105
G0 F12000 X39.75 Y3.95
G0 X38.575 Y3.575
G1 F3600 E-1
;MESH:NONMESH
G0 F600 X38.575 Y3.575 Z5.11
G0 F12000 X33.135 Y1.341
G0 X33.113 Y1.203
;TIME_ELAPSED:104.961294
;LAYER:37
;note -- min layer time used
;TYPE:FILL
;MESH:bridge_3a.stl
G1 F3600 E1
G1 F1422.8 X32.508 Y1.617 E0.01783
G1 X31.605 Y3.061 E0.04142
G1 X31.08 Y3.798 E0.02201
G1 X31.08 Y3.92 E0.00297
G1 X38.657 Y3.92 E0.18428
G1 X37.926 Y2.894 E0.03064
G1 X37.023 Y2.074 E0.02967
G1 X36.12 Y1.544 E0.02547
G1 X35.217 Y1.193 E0.02356
G1 X34.468 Y1.022 E0.01869
G1 F3600 E-1
G0 F12000 X38.955 Y3.955
G0 X39.325 Y4.325
;TYPE:WALL-INNER
G1 F3600 E1
G1 F1422.8 X39.325 Y0.272 E0.09857
G1 X38.016 Y0.307 E0.03185
G1 X37.026 Y0.363 E0.02412
G1 X36.037 Y0.439 E0.02412
G1 X35.055 Y0.538 E0.024
G1 X34.133 Y0.651 E0.02259
G1 X33.186 Y0.78 E0.02325
G1 X32.102 Y0.964 E0.02674
G1 X30.675 Y1.247 E0.03538
G1 X30.675 Y4.325 E0.07486
G1 X39.325 Y4.325 E0.21038
G1 F3600 E-1
G0 F12000 X39.75 Y4.75
;TYPE:WALL-OUTER
G1 F3600 E1
G1 F1422.8 X39.75 Y-.158 E0.11937
G1 X39 Y-.15 E0.01824
G1 X37.992 Y-.117 E0.02453
G1 X36.994 Y-0.061 E0.02431
G1 X35.995 Y0.016 E0.02437
G1 X35.003 Y0.116 E0.02425
G1 X34.076 Y0.23 E0.02272
G1 X33.115 Y0.361 E0.02359
G1 X32.023 Y0.546 E0.02694
G1 X31.042 Y0.735 E0.0243
G1 X30.25 Y0.903 E0.01969
G1 X30.25 Y4.75 E0.09356
G1 X39.75 Y4.75 E0.23105
G0 F12000 X39.75 Y3.95
G0 X38.575 Y3.575
G1 F3600 E-1
;MESH:NONMESH
G0 F600 X38.575 Y3.575 Z5.24
G0 F12000 X32.744 Y1.263
G0 X32.722 Y1.127
;TIME_ELAPSED:108.320501
;LAYER:38
;note -- min layer time used
;TYPE:FILL
;MESH:bridge_3a.stl
G1 F3600 E1
G1 F1430.4 X32.508 Y1.249 E0.00599
G1 X31.605 Y2.881 E0.04536
G1 X31.081 Y3.693 E0.0235
G1 X31.081 Y3.919 E0.0055
G1 X38.557 Y3.92 E0.18183
G1 X37.926 Y2.943 E0.02829
G1 X37.023 Y2.064 E0.03065
G1 X36.12 Y1.493 E0.02598
G1 X35.217 Y1.1 E0.02395
G1 X34.46 Y0.875 E0.01921
G1 F3600 E-1
G0 F12000 X38.955 Y3.955
G0 X39.325 Y4.325
;TYPE:WALL-INNER
G1 F3600 E1
G1 F1430.4 X39.325 Y0.132 E0.10198
G1 X38.016 Y0.167 E0.03185
G1 X37.026 Y0.223 E0.02412
G1 X36.084 Y0.294 E0.02298
G1 X35.058 Y0.397 E0.02508
G1 X34.122 Y0.508 E0.02292
G1 X33.088 Y0.658 E0.02541
G1 X32.224 Y0.797 E0.02128
G1 X31.405 Y0.949 E0.02026
G1 X30.675 Y1.103 E0.01815
G1 X30.676 Y4.324 E0.07834
G1 X39.325 Y4.325 E0.21036
G1 F3600 E-1
G0 F12000 X39.75 Y4.75
;TYPE:WALL-OUTER
G1 F3600 E1
G1 F1430.4 X39.75 Y-.298 E0.12277
G1 X39 Y-.29 E0.01824
G1 X37.992 Y-.257 E0.02453
G1 X36.994 Y-.201 E0.02431
G1 X35.994 Y-.124 E0.02439
G1 X35.008 Y-0.025 E0.0241
G1 X34.062 Y0.088 E0.02317
G1 X33.021 Y0.238 E0.02558
G1 X32.147 Y0.379 E0.02153
G1 X31.317 Y0.533 E0.02053
G1 X30.25 Y0.759 E0.02653
G1 X30.251 Y4.749 E0.09704
G1 X39.75 Y4.75 E0.23103
G0 F12000 X39.75 Y3.95
G0 X38.575 Y3.575
G1 F3600 E-1
;MESH:NONMESH
G0 F600 X38.575 Y3.575 Z5.37
G0 F12000 X32.353 Y1.183
G0 X32.332 Y1.05
;TIME_ELAPSED:111.680455
;LAYER:39
;note -- min layer time used
;TYPE:FILL
;MESH:bridge_3a.stl
G1 F3600 E1
G1 F1438.4 X31.605 Y2.665 E0.04308
G1 X31.08 Y3.575 E0.02555
G1 X31.08 Y3.92 E0.00839
G1 X38.461 Y3.92 E0.17952
G1 X37.926 Y2.992 E0.02605
G1 X37.023 Y2.048 E0.03177
G1 X36.12 Y1.437 E0.02652
G1 X35.217 Y1 E0.0244
G1 X34.491 Y0.732 E0.01882
G1 F3600 E-1
G0 F12000 X38.955 Y3.955
G0 X39.325 Y4.325
;TYPE:WALL-INNER
G1 F3600 E1
G1 F1438.4 X39.325 Y-0.019 E0.10565
G1 X38.016 Y0.023 E0.03185
G1 X37.024 Y0.08 E0.02417
G1 X36.035 Y0.155 E0.02412
G1 X35.053 Y0.254 E0.024
G1 X34.129 Y0.368 E0.02264
G1 X33.079 Y0.515 E0.02579
G1 X32.109 Y0.676 E0.02391
G1 X31.286 Y0.828 E0.02036
G1 X30.675 Y0.956 E0.01518
G1 X30.675 Y4.325 E0.08194
G1 X39.325 Y4.325 E0.21038
G1 F3600 E-1
G0 F12000 X39.75 Y4.75
;TYPE:WALL-OUTER
G1 F3600 E1
G1 F1438.4 X39.75 Y-.439 E0.1262
G1 X38.998 Y-.434 E0.01829
G1 X37.992 Y-.401 E0.02448
G1 X36.992 Y-.344 E0.02436
G1 X35.993 Y-.268 E0.02437
G1 X35.056 Y-.175 E0.0229
G1 X34.07 Y-0.053 E0.02416
G1 X33.066 Y0.087 E0.02466
G1 X32.032 Y0.258 E0.02549
G1 X31.227 Y0.406 E0.01991
G1 X30.25 Y0.611 E0.02428
G1 X30.25 Y4.75 E0.10067
G1 X39.75 Y4.75 E0.23105
G0 F12000 X39.75 Y3.95
G0 X38.575 Y3.575
G1 F3600 E-1
;MESH:NONMESH
G0 F600 X38.575 Y3.575 Z5.5
G0 F12000 X32.007 Y1.102
G0 X31.983 Y0.968
;TIME_ELAPSED:115.040858
;LAYER:40
;note -- min layer time used
;TYPE:FILL
;MESH:bridge_3a.stl
G1 F3600 E1
G1 F1448.9 X31.797 Y1.806 E0.02088
G1 X31.481 Y2.709 E0.02327
G1 X31.08 Y3.561 E0.0229
G1 X31.08 Y3.92 E0.00873
G1 X38.425 Y3.92 E0.17864
G1 X38.28 Y3.612 E0.00828
G1 X37.679 Y2.709 E0.02638
G1 X36.753 Y1.806 E0.03146
G1 X35.235 Y0.903 E0.04296
G1 X34.565 Y0.579 E0.0181
G1 F3600 E-1
G0 F12000 X38.955 Y3.955
G0 X39.325 Y4.325
;TYPE:WALL-INNER
G1 F3600 E1
G1 F1448.9 X39.325 Y-.152 E0.10889
G1 X38.016 Y-.117 E0.03185
G1 X36.966 Y-0.056 E0.02558
G1 X36.035 Y0.015 E0.02271
G1 X35.056 Y0.113 E0.02393
G1 X34.123 Y0.224 E0.02285
G1 X33.076 Y0.372 E0.02572
G1 X31.989 Y0.555 E0.02681
G1 X31.174 Y0.707 E0.02016
G1 X30.675 Y0.814 E0.01241
G1 X30.675 Y4.325 E0.08539
G1 X39.325 Y4.325 E0.21038
G1 F3600 E-1
G0 F12000 X39.75 Y4.75
;TYPE:WALL-OUTER
G1 F3600 E1
G1 F1448.9 X39.75 Y-.582 E0.12968
G1 X39 Y-.574 E0.01824
G1 X37.992 Y-.541 E0.02453
G1 X36.934 Y-.48 E0.02577
G1 X35.993 Y-.408 E0.02295
G1 X35.006 Y-.309 E0.02413
G1 X34.064 Y-.197 E0.02307
G1 X33.006 Y-0.047 E0.02599
G1 X31.911 Y0.137 E0.02701
G1 X31.111 Y0.286 E0.01979
G1 X30.25 Y0.471 E0.02142
G1 X30.25 Y4.75 E0.10407
G1 X39.75 Y4.75 E0.23105
G0 F12000 X39.75 Y3.95
G0 X38.575 Y3.575
G1 F3600 E-1
;MESH:NONMESH
G0 F600 X38.575 Y3.575 Z5.63
G0 F12000 X31.712 Y1.014
G0 X31.689 Y0.884
;TIME_ELAPSED:118.401440
;LAYER:41
;note -- min layer time used
;TYPE:FILL
;MESH:bridge_3a.stl
G1 F3600 E1
G1 F1461.1 X31.7 Y0.903 E0.00053
G1 X31.634 Y1.806 E0.02202
G1 X31.383 Y2.709 E0.02279
G1 X31.081 Y3.423 E0.01886
G1 X31.081 Y3.919 E0.01206
G1 X38.355 Y3.92 E0.17691
G1 X38.225 Y3.612 E0.00813
G1 X37.665 Y2.709 E0.02584
G1 X36.801 Y1.806 E0.0304
G1 X35.44 Y0.903 E0.03972
G1 X34.601 Y0.422 E0.02352
G1 F3600 E-1
G0 F12000 X34.6 Y0.426
G0 X38.955 Y3.955
G0 X39.325 Y4.325
;TYPE:WALL-INNER
G1 F3600 E1
G1 F1461.1 X39.325 Y-.295 E0.11237
G1 X38.082 Y-.261 E0.03024
G1 X37.019 Y-.204 E0.02589
G1 X36.221 Y-.142 E0.01947
G1 X35.048 Y-0.03 E0.02866
G1 X34.118 Y0.081 E0.02278
G1 X33.081 Y0.231 E0.02548
G1 X31.874 Y0.435 E0.02977
G1 X30.675 Y0.66 E0.02967
G1 X30.676 Y4.324 E0.08911
G1 X39.325 Y4.325 E0.21036
G1 F3600 E-1
G0 F12000 X39.75 Y4.75
;TYPE:WALL-OUTER
G1 F3600 E1
G1 F1461.1 X39.75 Y-.723 E0.13311
G1 X39.03 Y-.718 E0.01751
G1 X38.06 Y-.686 E0.0236
G1 X36.986 Y-.628 E0.02616
G1 X36.181 Y-.565 E0.01964
G1 X35.058 Y-.459 E0.02743
G1 X34.058 Y-.34 E0.02449
G1 X33.01 Y-.188 E0.02576
G1 X31.829 Y0.011 E0.02913
G1 X31.039 Y0.159 E0.01955
G1 X30.25 Y0.327 E0.01962
G1 X30.251 Y4.749 E0.10755
G1 X39.75 Y4.75 E0.23103
G0 F12000 X39.75 Y3.95
G0 X38.575 Y3.575
G1 F3600 E-1
;MESH:NONMESH
G0 F600 X38.575 Y3.575 Z5.76
G0 F12000 X31.398 Y0.93
G0 X31.375 Y0.802
;TIME_ELAPSED:121.762772
;LAYER:42
;note -- min layer time used
;TYPE:FILL
;MESH:bridge_3a.stl
G1 F3600 E1
G1 F1474.2 X31.446 Y0.903 E0.003
G1 X31.483 Y1.806 E0.02198
G1 X31.291 Y2.709 E0.02245
G1 X31.08 Y3.269 E0.01455
G1 X31.08 Y3.92 E0.01583
G1 X38.291 Y3.92 E0.17538
G1 X38.175 Y3.612 E0.008
G1 X37.656 Y2.709 E0.02533
G1 X36.851 Y1.806 E0.02942
G1 X35.614 Y0.903 E0.03725
G1 X34.652 Y0.286 E0.0278
G1 F3600 E-1
G0 F12000 X38.955 Y3.955
G0 X39.325 Y4.325
;TYPE:WALL-INNER
G1 F3600 E1
G1 F1474.2 X39.325 Y-.443 E0.11596
G1 X38.016 Y-.4 E0.03185
G1 X36.819 Y-.33 E0.02916
G1 X36.083 Y-.273 E0.01795
G1 X35.185 Y-.186 E0.02194
G1 X34.121 Y-0.059 E0.02606
G1 X33.078 Y0.088 E0.02562
G1 X32.098 Y0.249 E0.02415
G1 X30.675 Y0.516 E0.03521
G1 X30.675 Y4.325 E0.09264
G1 X39.325 Y4.325 E0.21038
G1 F3600 E-1
G0 F12000 X39.75 Y4.75
;TYPE:WALL-OUTER
G1 F3600 E1
G1 F1474.2 X39.75 Y-.863 E0.13652
G1 X38.894 Y-.854 E0.02082
G1 X37.992 Y-.825 E0.02195
G1 X36.993 Y-.768 E0.02434
G1 X36.042 Y-.697 E0.02319
G1 X35.192 Y-.615 E0.02077
G1 X34.062 Y-.48 E0.02768
G1 X33.01 Y-.332 E0.02584
G1 X32.02 Y-.169 E0.0244
G1 X31.039 Y0.015 E0.02428
G1 X30.25 Y0.183 E0.01962
G1 X30.25 Y4.75 E0.11108
G1 X39.75 Y4.75 E0.23105
G0 F12000 X39.75 Y3.95
G0 X38.575 Y3.575
G1 F3600 E-1
;MESH:NONMESH
G0 F600 X38.575 Y3.575 Z5.89
G0 F12000 X31.106 Y0.843
G0 X31.08 Y0.713
;TIME_ELAPSED:125.124656
;LAYER:43
;note -- min layer time used
;TYPE:FILL
;MESH:bridge_3a.stl
G1 F3600 E1
G1 F1488.8 X31.224 Y0.903 E0.0058
G1 X31.342 Y1.806 E0.02215
G1 X31.206 Y2.709 E0.02221
G1 X31.08 Y3.09 E0.00976
G1 X31.08 Y3.92 E0.02019
G1 X38.233 Y3.92 E0.17397
G1 X38.131 Y3.612 E0.00789
G1 X37.652 Y2.709 E0.02486
G1 X36.903 Y1.806 E0.02853
G1 X35.766 Y0.903 E0.03531
G1 X34.675 Y0.139 E0.03239
G1 F3600 E-1
G0 F12000 X38.955 Y3.955
G0 X39.325 Y4.325
;TYPE:WALL-INNER
G1 F3600 E1
G1 F1488.8 X39.325 Y-.576 E0.1192
G1 X38.016 Y-.541 E0.03185
G1 X37.024 Y-.484 E0.02417
G1 X36.035 Y-.41 E0.02412
G1 X35.058 Y-.314 E0.02388
G1 X34.175 Y-.21 E0.02162
G1 X33.141 Y-0.062 E0.0254
G1 X32.116 Y0.101 E0.02524
G1 X30.675 Y0.372 E0.03566
G1 X30.675 Y4.325 E0.09614
G1 X39.325 Y4.325 E0.21038
G1 F3600 E-1
G0 F12000 X39.75 Y4.75
;TYPE:WALL-OUTER
G1 F3600 E1
G1 F1488.8 X39.75 Y-1.006 E0.13999
G1 X39 Y-.998 E0.01824
G1 X37.992 Y-.965 E0.02453
G1 X36.992 Y-.908 E0.02436
G1 X35.994 Y-.833 E0.02434
G1 X35.009 Y-.736 E0.02407
G1 X34.149 Y-.636 E0.02106
G1 X33.075 Y-.482 E0.02639
G1 X32.073 Y-.323 E0.02468
G1 X31.059 Y-.133 E0.02509
G1 X30.25 Y0.036 E0.0201
G1 X30.25 Y4.75 E0.11465
G1 X39.75 Y4.75 E0.23105
G0 F12000 X39.75 Y3.95
G0 X38.575 Y3.575
G1 F3600 E-1
;MESH:NONMESH
G0 F600 X38.575 Y3.575 Z6.02
G0 F12000 X31.08 Y1.171
;TIME_ELAPSED:128.481386
;LAYER:44
;note -- min layer time used
;TYPE:FILL
;MESH:bridge_3a.stl
G1 F3600 E1
G1 F1489.5 X31.211 Y1.806 E0.01577
G1 X31.126 Y2.709 E0.02206
G1 X31.081 Y2.867 E0.004
G1 X31.081 Y3.919 E0.02559
G1 X38.179 Y3.92 E0.17263
G1 X38.091 Y3.612 E0.00779
G1 X37.652 Y2.709 E0.02442
G1 X36.955 Y1.806 E0.02774
G1 X35.905 Y0.903 E0.03368
G1 X34.701 Y-0.006 E0.03669
G1 F3600 E-1
G0 F12000 X38.955 Y3.955
G0 X39.325 Y4.325
;TYPE:WALL-INNER
G1 F3600 E1
G1 F1489.5 X39.325 Y-.716 E0.1226
G1 X38.018 Y-.681 E0.0318
G1 X37.019 Y-.628 E0.02433
G1 X36.031 Y-.553 E0.0241
G1 X35.09 Y-.459 E0.023
G1 X34.114 Y-.346 E0.0239
G1 X33.189 Y-.216 E0.02272
G1 X32.344 Y-0.079 E0.02082
G1 X30.675 Y0.226 E0.04126
G1 X30.676 Y4.324 E0.09967
G1 X39.325 Y4.325 E0.21036
G1 F3600 E-1
G0 F12000 X39.75 Y4.75
;TYPE:WALL-OUTER
G1 F3600 E1
G1 F1489.5 X39.75 Y-1.146 E0.1434
G1 X39 Y-1.138 E0.01824
G1 X37.996 Y-1.106 E0.02443
G1 X36.987 Y-1.052 E0.02458
G1 X35.989 Y-.976 E0.02434
G1 X35.009 Y-.877 E0.02396
G1 X34.088 Y-.772 E0.02255
G1 X33.121 Y-.636 E0.02375
G1 X32.267 Y-.498 E0.02104
G1 X31.037 Y-.272 E0.03042
G1 X30.25 Y-.108 E0.01955
G1 X30.251 Y4.749 E0.11813
G1 X39.75 Y4.75 E0.23103
G0 F12000 X39.75 Y3.95
G0 X38.575 Y3.575
G1 F3600 E-1
;MESH:NONMESH
G0 F600 X38.575 Y3.575 Z6.15
G0 F12000 X31.08 Y1.776
;TIME_ELAPSED:131.838034
;LAYER:45
;note -- min layer time used
;TYPE:FILL
;MESH:bridge_3a.stl
G1 F3600 E1
G1 F1487.9 X31.08 Y3.92 E0.05215
G1 X38.131 Y3.92 E0.17149
G1 X38.056 Y3.612 E0.00771
G1 X37.656 Y2.709 E0.02402
G1 X37.009 Y1.806 E0.02702
G1 X36.034 Y0.903 E0.03232
G1 X34.905 Y0.00 E0.03516
G1 X34.779 Y-.155 E0.00486
G1 F3600 E-1
G0 F12000 X38.955 Y3.955
G0 X39.325 Y4.325
;TYPE:WALL-INNER
G1 F3600 E1
G1 F1487.9 X39.325 Y-.867 E0.12628
G1 X38.016 Y-.825 E0.03185
G1 X37.024 Y-.768 E0.02417
G1 X36.035 Y-.693 E0.02412
G1 X35.046 Y-.597 E0.02417
G1 X34.065 Y-.479 E0.02403
G1 X33.135 Y-.349 E0.02284
G1 X32.221 Y-.203 E0.02251
G1 X30.675 Y0.083 E0.03824
G1 X30.675 Y4.325 E0.10317
G1 X39.325 Y4.325 E0.21038
G1 F3600 E-1
G0 F12000 X39.75 Y4.75
;TYPE:WALL-OUTER
G1 F3600 E1
G1 F1487.9 X39.75 Y-1.287 E0.14683
G1 X38.998 Y-1.282 E0.01829
G1 X37.992 Y-1.249 E0.02448
G1 X36.992 Y-1.192 E0.02436
G1 X35.994 Y-1.117 E0.02434
G1 X34.995 Y-1.019 E0.02441
G1 X34.006 Y-.9 E0.02423
G1 X33.12 Y-.777 E0.02176
G1 X32.2 Y-.631 E0.02266
G1 X31.038 Y-.417 E0.02874
G1 X30.25 Y-.252 E0.01958
G1 X30.25 Y4.75 E0.12166
G1 X39.75 Y4.75 E0.23105
G0 F12000 X39.75 Y3.95
G0 X38.575 Y3.575
G1 F3600 E-1
;MESH:NONMESH
G0 F600 X38.575 Y3.575 Z6.28
G0 F12000 X34.847 Y-.173
G0 X34.833 Y-.305
;TIME_ELAPSED:135.181781
;LAYER:46
;note -- min layer time used
;TYPE:FILL
;MESH:bridge_3a.stl
G1 F3600 E1
G1 F1292.9 X35.085 Y0.00 E0.00962
G1 X36.155 Y0.903 E0.03405
G1 X37.065 Y1.806 E0.03118
G1 X37.665 Y2.709 E0.02637
G1 X38.026 Y3.612 E0.02365
G1 X38.087 Y3.92 E0.00764
G1 F3600 E-1
G0 F12000 X38.955 Y3.955
G0 X39.325 Y4.325
;TYPE:WALL-INNER
G1 F3600 E1
G1 F1292.9 X39.325 Y-1 E0.12951
G1 X38.018 Y-.965 E0.0318
G1 X37.019 Y-.912 E0.02433
G1 X36.03 Y-.837 E0.02412
G1 X35.054 Y-.739 E0.02386
G1 X34.058 Y-.622 E0.02439
G1 X33.134 Y-.493 E0.02269
G1 X32.099 Y-.327 E0.02549
G1 X31.283 Y-.176 E0.02018
G1 X30.675 Y-0.05 E0.0151
G1 X30.675 Y4.325 E0.10641
G1 X39.325 Y4.325 E0.21038
G1 F3600 E-1
G0 F12000 X39.75 Y4.75
;TYPE:WALL-OUTER
G1 F3600 E1
G1 F1292.9 X39.75 Y-1.43 E0.15031
G1 X39 Y-1.422 E0.01824
G1 X37.996 Y-1.39 E0.02443
G1 X36.987 Y-1.336 E0.02458
G1 X35.988 Y-1.26 E0.02437
G1 X35.005 Y-1.161 E0.02403
G1 X34.032 Y-1.048 E0.02382
G1 X33.067 Y-.913 E0.0237
G1 X32.022 Y-.745 E0.02574
G1 X31.197 Y-.592 E0.02041
G1 X30.25 Y-.396 E0.02352
G1 X30.25 Y4.75 E0.12516
G1 X39.75 Y4.75 E0.23105
G0 F12000 X39.75 Y3.95
G0 X38.575 Y3.575
G1 F3600 E-1
;MESH:NONMESH
G0 F600 X38.575 Y3.575 Z6.41
G0 F12000 X34.885 Y-.321
G0 X34.871 Y-.451
;TIME_ELAPSED:138.517672
;LAYER:47
;note -- min layer time used
;TYPE:FILL
;MESH:bridge_3a.stl
G1 F3600 E1
G1 F1306.7 X35.25 Y0.00 E0.01433
G1 X36.272 Y0.903 E0.03317
G1 X37.122 Y1.806 E0.03016
G1 X37.677 Y2.709 E0.02578
G1 X38 Y3.612 E0.02333
G1 X38.048 Y3.92 E0.00758
G1 F3600 E-1
G0 F12000 X38.955 Y3.955
G0 X39.325 Y4.325
;TYPE:WALL-INNER
G1 F3600 E1
G1 F1306.7 X39.325 Y-1.14 E0.13292
G1 X38.018 Y-1.105 E0.0318
G1 X37.019 Y-1.052 E0.02433
G1 X36.033 Y-.977 E0.02405
G1 X35.04 Y-.881 E0.02426
G1 X33.781 Y-.726 E0.03085
G1 X32.815 Y-.588 E0.02373
G1 X30.675 Y-.211 E0.05285
G1 X30.675 Y4.325 E0.11032
G1 X39.325 Y4.325 E0.21038
G1 F3600 E-1
G0 F12000 X39.75 Y4.75
;TYPE:WALL-OUTER
G1 F3600 E1
G1 F1306.7 X39.75 Y-1.57 E0.15371
G1 X39 Y-1.562 E0.01824
G1 X37.996 Y-1.53 E0.02443
G1 X36.987 Y-1.476 E0.02458
G1 X35.992 Y-1.4 E0.02427
G1 X35.069 Y-1.312 E0.02255
G1 X33.675 Y-1.14 E0.03416
G1 X32.745 Y-1.007 E0.02285
G1 X31.098 Y-.718 E0.04067
G1 X30.25 Y-.54 E0.02107
G1 X30.25 Y4.75 E0.12866
G1 X39.75 Y4.75 E0.23105
G0 F12000 X39.75 Y3.95
G0 X38.575 Y3.575
G1 F3600 E-1
;MESH:NONMESH
G0 F600 X38.575 Y3.575 Z6.54
G0 F12000 X34.911 Y-.464
G0 X34.895 Y-.596
;TIME_ELAPSED:141.854321
;LAYER:48
;note -- min layer time used
;TYPE:FILL
;MESH:bridge_3a.stl
G1 F3600 E1
G1 F1320.5 X35.404 Y0.00 E0.01906
G1 X36.384 Y0.903 E0.03241
G1 X37.182 Y1.806 E0.02931
G1 X37.693 Y2.709 E0.02523
G1 X37.978 Y3.612 E0.02303
G1 X38.013 Y3.92 E0.00754
G1 F3600 E-1
G0 F12000 X38.955 Y3.955
G0 X39.325 Y4.325
;TYPE:WALL-INNER
G1 F3600 E1
G1 F1320.5 X39.325 Y-1.283 E0.13639
G1 X38.087 Y-1.253 E0.03012
G1 X37.146 Y-1.201 E0.02292
G1 X36.021 Y-1.12 E0.02743
G1 X35.053 Y-1.023 E0.02366
G1 X34.057 Y-.906 E0.02439
G1 X33.133 Y-.777 E0.02269
G1 X32.095 Y-.611 E0.02557
G1 X30.675 Y-.349 E0.03512
G1 X30.675 Y4.325 E0.11368
G1 X39.325 Y4.325 E0.21038
G1 F3600 E-1
G0 F12000 X39.75 Y4.75
;TYPE:WALL-OUTER
G1 F3600 E1
G1 F1320.5 X39.75 Y-1.712 E0.15717
G1 X39.042 Y-1.706 E0.01722
G1 X38.064 Y-1.677 E0.0238
G1 X37.116 Y-1.625 E0.02309
G1 X35.979 Y-1.543 E0.02773
G1 X35.004 Y-1.445 E0.02383
G1 X34.032 Y-1.332 E0.0238
G1 X33.067 Y-1.197 E0.0237
G1 X32.019 Y-1.029 E0.02581
G1 X31.038 Y-.849 E0.02426
G1 X30.25 Y-.684 E0.01958
G1 X30.25 Y4.75 E0.13216
G1 X39.75 Y4.75 E0.23105
G0 F12000 X39.75 Y3.95
G0 X38.575 Y3.575
G1 F3600 E-1
;MESH:NONMESH
G0 F600 X38.575 Y3.575 Z6.67
G0 F12000 X34.922 Y-.609
G0 X34.908 Y-.742
;TIME_ELAPSED:145.191860
;LAYER:49
;note -- min layer time used
;TYPE:FILL
;MESH:bridge_3a.stl
G1 F3600 E1
G1 F1335 X35.55 Y0.00 E0.02386
G1 X36.494 Y0.903 E0.03177
G1 X37.244 Y1.806 E0.02855
G1 X37.712 Y2.709 E0.02474
G1 X37.96 Y3.612 E0.02278
G1 X37.983 Y3.92 E0.00751
G1 F3600 E-1
G0 F12000 X38.955 Y3.955
G0 X39.325 Y4.325
;TYPE:WALL-INNER
G1 F3600 E1
G1 F1335 X39.325 Y-1.435 E0.14009
G1 X37.956 Y-1.389 E0.03331
G1 X37.027 Y-1.337 E0.02263
G1 X36.08 Y-1.268 E0.02309
G1 X35.216 Y-1.184 E0.02111
G1 X34.055 Y-1.05 E0.02842
G1 X33.132 Y-.921 E0.02267
G1 X32.095 Y-.755 E0.02554
G1 X30.675 Y-.493 E0.03512
G1 X30.675 Y4.325 E0.11718
G1 X39.325 Y4.325 E0.21038
G1 F3600 E-1
G0 F12000 X39.75 Y4.75
;TYPE:WALL-OUTER
G1 F3600 E1
G1 F1335 X39.75 Y-1.852 E0.16057
G1 X38.9 Y-1.846 E0.02067
G1 X37.933 Y-1.813 E0.02353
G1 X36.996 Y-1.761 E0.02282
G1 X36.116 Y-1.698 E0.02146
G1 X35.2 Y-1.611 E0.02238
G1 X33.996 Y-1.471 E0.02948
G1 X33.066 Y-1.341 E0.02284
G1 X32.019 Y-1.173 E0.02579
G1 X31.038 Y-.993 E0.02426
G1 X30.25 Y-.828 E0.01958
G1 X30.25 Y4.75 E0.13567
G1 X39.75 Y4.75 E0.23105
G0 F12000 X39.75 Y3.95
G0 X38.575 Y3.575
G1 F3600 E-1
;MESH:NONMESH
G0 F600 X38.575 Y3.575 Z6.8
G0 F12000 X34.928 Y-.749
G0 X34.913 Y-.884
;TIME_ELAPSED:148.530232
;LAYER:50
;note -- min layer time used
;TYPE:FILL
;MESH:bridge_3a.stl
G1 F3600 E1
G1 F1349.2 X35.689 Y0.00 E0.02861
G1 X36.603 Y0.903 E0.03125
G1 X37.308 Y1.806 E0.02786
G1 X37.736 Y2.709 E0.0243
G1 X37.946 Y3.612 E0.02255
G1 X37.956 Y3.92 E0.00749
G1 F3600 E-1
G0 F12000 X38.955 Y3.955
G0 X39.325 Y4.325
;TYPE:WALL-INNER
G1 F3600 E1
G1 F1349.2 X39.325 Y-1.564 E0.14323
G1 X38.012 Y-1.533 E0.03194
G1 X36.878 Y-1.468 E0.02763
G1 X35.956 Y-1.397 E0.02249
G1 X35.114 Y-1.316 E0.02057
G1 X34.174 Y-1.207 E0.02302
G1 X33.365 Y-1.096 E0.01986
G1 X32.09 Y-.898 E0.03138
G1 X30.675 Y-.637 E0.035
G1 X30.675 Y4.325 E0.12068
G1 X39.325 Y4.325 E0.21038
G1 F3600 E-1
G0 F12000 X39.75 Y4.75
;TYPE:WALL-OUTER
G1 F3600 E1
G1 F1349.2 X39.75 Y-1.994 E0.16402
G1 X39 Y-1.986 E0.01824
G1 X37.988 Y-1.957 E0.02462
G1 X36.846 Y-1.892 E0.02782
G1 X35.915 Y-1.82 E0.02271
G1 X35.073 Y-1.739 E0.02057
G1 X34.117 Y-1.628 E0.02341
G1 X33.301 Y-1.516 E0.02003
G1 X32.014 Y-1.317 E0.03167
G1 X31.038 Y-1.137 E0.02414
G1 X30.25 Y-.972 E0.01958
G1 X30.25 Y4.75 E0.13917
G1 X39.75 Y4.75 E0.23105
G0 F12000 X39.75 Y3.95
G0 X38.575 Y3.575
G1 F3600 E-1
;MESH:NONMESH
G0 F600 X38.575 Y3.575 Z6.93
G0 F12000 X34.962 Y-.899
G0 X34.948 Y-1.032
;TIME_ELAPSED:151.869271
;LAYER:51
;note -- min layer time used
;TYPE:FILL
;MESH:bridge_3a.stl
G1 F3600 E1
G1 F1363.7 X35.018 Y-.903 E0.00357
G1 X35.824 Y0.00 E0.02944
G1 X36.712 Y0.903 E0.0308
G1 X37.374 Y1.806 E0.02723
G1 X37.762 Y2.709 E0.0239
G1 X37.936 Y3.612 E0.02237
G1 X37.933 Y3.92 E0.00749
G1 F3600 E-1
G0 F12000 X38.955 Y3.955
G0 X39.325 Y4.325
;TYPE:WALL-INNER
G1 F3600 E1
G1 F1363.7 X39.325 Y-1.715 E0.1469
G1 X38.018 Y-1.673 E0.0318
G1 X37.019 Y-1.62 E0.02433
G1 X36.031 Y-1.544 E0.0241
G1 X35.101 Y-1.456 E0.02272
G1 X34.084 Y-1.338 E0.0249
G1 X33.236 Y-1.224 E0.02081
G1 X32.093 Y-1.042 E0.02815
G1 X30.675 Y-.782 E0.03506
G1 X30.675 Y4.325 E0.12421
G1 X39.325 Y4.325 E0.21038
G1 F3600 E-1
G0 F12000 X39.75 Y4.75
;TYPE:WALL-OUTER
G1 F3600 E1
G1 F1363.7 X39.75 Y-2.135 E0.16745
G1 X38.998 Y-2.13 E0.01829
G1 X37.996 Y-2.098 E0.02438
G1 X36.987 Y-2.044 E0.02458
G1 X35.99 Y-1.968 E0.02432
G1 X34.995 Y-1.871 E0.02431
G1 X34.003 Y-1.756 E0.02429
G1 X33.17 Y-1.644 E0.02044
G1 X32.017 Y-1.461 E0.02839
G1 X31.038 Y-1.281 E0.02421
G1 X30.25 Y-1.116 E0.01958
G1 X30.25 Y4.75 E0.14267
G1 X39.75 Y4.75 E0.23105
G0 F12000 X39.75 Y3.95
G0 X38.575 Y3.575
G1 F3600 E-1
;MESH:NONMESH
G0 F600 X38.575 Y3.575 Z7.06
G0 F12000 X34.99 Y-1.044
G0 X34.975 Y-1.178
;TIME_ELAPSED:155.209053
;LAYER:52
;note -- min layer time used
;TYPE:FILL
;MESH:bridge_3a.stl
G1 F3600 E1
G1 F1378 X35.136 Y-.903 E0.00775
G1 X35.956 Y0.00 E0.02967
G1 X36.821 Y0.903 E0.03041
G1 X37.444 Y1.806 E0.02668
G1 X37.792 Y2.709 E0.02354
G1 X37.929 Y3.612 E0.02221
G1 X37.914 Y3.92 E0.0075
G1 F3600 E-1
G0 F12000 X38.955 Y3.955
G0 X39.325 Y4.325
;TYPE:WALL-INNER
G1 F3600 E1
G1 F1378 X39.325 Y-1.855 E0.15031
G1 X38.018 Y-1.813 E0.0318
G1 X37.023 Y-1.761 E0.02423
G1 X36.058 Y-1.691 E0.02353
G1 X35.041 Y-1.593 E0.02485
G1 X33.978 Y-1.467 E0.02603
G1 X33.077 Y-1.34 E0.02213
G1 X32.215 Y-1.206 E0.02122
G1 X31.395 Y-1.059 E0.02026
G1 X30.675 Y-.915 E0.01786
G1 X30.675 Y4.325 E0.12744
G1 X39.325 Y4.325 E0.21038
G1 F3600 E-1
G0 F12000 X39.75 Y4.75
;TYPE:WALL-OUTER
G1 F3600 E1
G1 F1378 X39.75 Y-2.275 E0.17086
G1 X38.998 Y-2.27 E0.01829
G1 X37.996 Y-2.238 E0.02438
G1 X36.992 Y-2.185 E0.02445
G1 X35.982 Y-2.111 E0.02463
G1 X35.066 Y-2.024 E0.02238
G1 X33.92 Y-1.888 E0.02807
G1 X33.012 Y-1.76 E0.0223
G1 X32.166 Y-1.629 E0.02082
G1 X31.311 Y-1.476 E0.02113
G1 X30.25 Y-1.263 E0.02632
G1 X30.25 Y4.75 E0.14625
G1 X39.75 Y4.75 E0.23105
G0 F12000 X39.75 Y3.95
G0 X38.575 Y3.575
G1 F3600 E-1
;MESH:NONMESH
G0 F600 X38.575 Y3.575 Z7.19
G0 F12000 X35.004 Y-1.187
G0 X34.989 Y-1.321
;TIME_ELAPSED:158.549531
;LAYER:53
;note -- min layer time used
;TYPE:FILL
;MESH:bridge_3a.stl
G1 F3600 E1
G1 F1392.5 X35.251 Y-.903 E0.012
G1 X36.932 Y0.903 E0.06001
G1 X37.516 Y1.806 E0.02616
G1 X37.826 Y2.709 E0.02322
G1 X37.927 Y3.612 E0.0221
G1 X37.899 Y3.92 E0.00752
G1 F3600 E-1
G0 F12000 X38.955 Y3.955
G0 X39.325 Y4.325
;TYPE:WALL-INNER
G1 F3600 E1
G1 F1392.5 X39.325 Y-1.988 E0.15354
G1 X38.013 Y-1.956 E0.03192
G1 X37.028 Y-1.901 E0.02399
G1 X36.023 Y-1.828 E0.02451
G1 X35.102 Y-1.74 E0.0225
G1 X34.057 Y-1.619 E0.02559
G1 X33.183 Y-1.5 E0.02145
G1 X32.09 Y-1.33 E0.0269
G1 X30.675 Y-1.059 E0.03504
G1 X30.676 Y4.324 E0.13092
G1 X39.325 Y4.325 E0.21036
G1 F3600 E-1
G0 F12000 X39.75 Y4.75
;TYPE:WALL-OUTER
G1 F3600 E1
G1 F1392.5 X39.75 Y-2.418 E0.17434
G1 X39 Y-2.41 E0.01824
G1 X37.989 Y-2.381 E0.0246
G1 X36.997 Y-2.325 E0.02417
G1 X35.911 Y-2.245 E0.02648
G1 X34.993 Y-2.155 E0.02243
G1 X34 Y-2.04 E0.02431
G1 X33.062 Y-1.911 E0.02303
G1 X32.014 Y-1.749 E0.02579
G1 X31.192 Y-1.596 E0.02034
G1 X30.25 Y-1.407 E0.02337
G1 X30.251 Y4.749 E0.14972
G1 X39.75 Y4.75 E0.23103
G0 F12000 X39.75 Y3.95
G0 X38.575 Y3.575
G1 F3600 E-1
;MESH:NONMESH
G0 F600 X38.575 Y3.575 Z7.32
G0 F12000 X35.003 Y-1.33
G0 X34.988 Y-1.464
;TIME_ELAPSED:161.890714
;LAYER:54
;note -- min layer time used
;TYPE:FILL
;MESH:bridge_3a.stl
G1 F3600 E1
G1 F1408.1 X35.362 Y-.903 E0.0164
G1 X36.217 Y0.00 E0.03025
G1 X37.044 Y0.903 E0.02978
G1 X37.592 Y1.806 E0.02569
G1 X37.864 Y2.709 E0.02294
G1 X37.928 Y3.612 E0.02202
G1 X37.888 Y3.92 E0.00755
G1 F3600 E-1
G0 F12000 X38.955 Y3.955
G0 X39.325 Y4.325
;TYPE:WALL-INNER
G1 F3600 E1
G1 F1408.1 X39.325 Y-2.139 E0.15721
G1 X38.018 Y-2.097 E0.0318
G1 X37.023 Y-2.045 E0.02423
G1 X36.023 Y-1.972 E0.02439
G1 X35.042 Y-1.877 E0.02397
G1 X34.057 Y-1.763 E0.02412
G1 X33.122 Y-1.635 E0.02295
G1 X32.096 Y-1.471 E0.02527
G1 X30.675 Y-1.213 E0.03513
G1 X30.675 Y4.325 E0.13469
G1 X39.325 Y4.325 E0.21038
G1 F3600 E-1
G0 F12000 X39.75 Y4.75
;TYPE:WALL-OUTER
G1 F3600 E1
G1 F1408.1 X39.75 Y-2.559 E0.17777
G1 X38.998 Y-2.554 E0.01829
G1 X37.996 Y-2.522 E0.02438
G1 X36.992 Y-2.469 E0.02445
G1 X35.982 Y-2.395 E0.02463
G1 X34.993 Y-2.299 E0.02417
G1 X34 Y-2.184 E0.02431
G1 X33.056 Y-2.055 E0.02317
G1 X32.02 Y-1.89 E0.02551
G1 X31.071 Y-1.716 E0.02347
G1 X30.25 Y-1.551 E0.02037
G1 X30.25 Y4.75 E0.15325
G1 X39.75 Y4.75 E0.23105
G0 F12000 X39.75 Y3.95
G0 X38.575 Y3.575
G1 F3600 E-1
;MESH:NONMESH
G0 F600 X38.575 Y3.575 Z7.45
G0 F12000 X34.99 Y-1.469
G0 X34.975 Y-1.604
;TIME_ELAPSED:165.232581
;LAYER:55
;note -- min layer time used
;TYPE:FILL
;MESH:bridge_3a.stl
G1 F3600 E1
G1 F1423.3 X35.472 Y-.903 E0.0209
G1 X36.348 Y0.00 E0.0306
G1 X37.16 Y0.903 E0.02954
G1 X37.672 Y1.806 E0.02525
G1 X37.905 Y2.709 E0.02268
G1 X37.932 Y3.612 E0.02197
G1 X37.879 Y3.92 E0.0076
G1 F3600 E-1
G0 F12000 X38.955 Y3.955
G0 X39.325 Y4.325
;TYPE:WALL-INNER
G1 F3600 E1
G1 F1423.3 X39.325 Y-2.272 E0.16045
G1 X38.021 Y-2.237 E0.03173
G1 X37.156 Y-2.193 E0.02107
G1 X36.251 Y-2.131 E0.02206
G1 X35.037 Y-2.017 E0.02966
G1 X34.056 Y-1.903 E0.02402
G1 X33.183 Y-1.784 E0.02143
G1 X32.093 Y-1.615 E0.02683
G1 X30.675 Y-1.359 E0.03505
G1 X30.675 Y4.325 E0.13824
G1 X39.325 Y4.325 E0.21038
G1 F3600 E-1
G0 F12000 X39.75 Y4.75
;TYPE:WALL-OUTER
G1 F3600 E1
G1 F1423.3 X39.75 Y-2.702 E0.18124
G1 X39.052 Y-2.694 E0.01698
G1 X38 Y-2.662 E0.0256
G1 X37.127 Y-2.617 E0.02126
G1 X36.258 Y-2.558 E0.02118
G1 X35.067 Y-2.448 E0.02909
G1 X33.999 Y-2.324 E0.02615
G1 X33.062 Y-2.195 E0.023
G1 X32.018 Y-2.033 E0.0257
G1 X31.037 Y-1.856 E0.02424
G1 X30.25 Y-1.695 E0.01954
G1 X30.25 Y4.75 E0.15675
G1 X39.75 Y4.75 E0.23105
G0 F12000 X39.75 Y3.95
G0 X38.575 Y3.575
G1 F3600 E-1
;MESH:NONMESH
G0 F600 X38.575 Y3.575 Z7.58
G0 F12000 X34.963 Y-1.608
G0 X34.949 Y-1.74
;TIME_ELAPSED:168.575080
;LAYER:56
;note -- min layer time used
;TYPE:FILL
;MESH:bridge_3a.stl
G1 F3600 E1
G1 F1438.9 X35.581 Y-.903 E0.02551
G1 X36.481 Y0.00 E0.03101
G1 X37.28 Y0.903 E0.02933
G1 X37.755 Y1.806 E0.02482
G1 X37.95 Y2.709 E0.02247
G1 X37.94 Y3.612 E0.02196
G1 X37.875 Y3.92 E0.00766
G1 F3600 E-1
G0 F12000 X38.955 Y3.955
G0 X39.325 Y4.325
;TYPE:WALL-INNER
G1 F3600 E1
G1 F1438.9 X39.325 Y-2.412 E0.16385
G1 X37.964 Y-2.377 E0.03311
G1 X37.02 Y-2.328 E0.02299
G1 X36.088 Y-2.26 E0.02273
G1 X35.197 Y-2.174 E0.02177
G1 X34.099 Y-2.053 E0.02687
G1 X33.071 Y-1.912 E0.02524
G1 X32.093 Y-1.759 E0.02408
G1 X30.675 Y-1.503 E0.03505
G1 X30.675 Y4.325 E0.14175
G1 X39.325 Y4.325 E0.21038
G1 F3600 E-1
G0 F12000 X39.75 Y4.75
;TYPE:WALL-OUTER
G1 F3600 E1
G1 F1438.9 X39.75 Y-2.842 E0.18465
G1 X39 Y-2.834 E0.01824
G1 X37.943 Y-2.802 E0.02572
G1 X36.989 Y-2.752 E0.02323
G1 X36.125 Y-2.69 E0.02107
G1 X35.151 Y-2.597 E0.0238
G1 X34.041 Y-2.474 E0.02716
G1 X33.006 Y-2.331 E0.02541
G1 X32.067 Y-2.186 E0.02311
G1 X31.037 Y-2 E0.02546
G1 X30.25 Y-1.839 E0.01954
G1 X30.25 Y4.75 E0.16025
G1 X39.75 Y4.75 E0.23105
G0 F12000 X39.75 Y3.95
G0 X38.575 Y3.575
G1 F3600 E-1
;MESH:NONMESH
G0 F600 X38.575 Y3.575 Z7.71
G0 F12000 X34.941 Y-1.746
G0 X34.926 Y-1.884
;TIME_ELAPSED:171.918181
;LAYER:57
;note -- min layer time used
;TYPE:FILL
;MESH:bridge_3a.stl
G1 F3600 E1
G1 F1454.8 X34.964 Y-1.806 E0.00211
G1 X35.69 Y-.903 E0.02818
G1 X36.618 Y0.00 E0.03149
G1 X37.405 Y0.903 E0.02913
G1 X37.844 Y1.806 E0.02442
G1 X37.999 Y2.709 E0.02228
G1 X37.952 Y3.612 E0.02199
G1 X37.874 Y3.92 E0.00773
G1 F3600 E-1
G0 F12000 X38.955 Y3.955
G0 X39.325 Y4.325
;TYPE:WALL-INNER
G1 F3600 E1
G1 F1454.8 X39.325 Y-2.563 E0.16753
G1 X38.018 Y-2.521 E0.0318
G1 X37.023 Y-2.469 E0.02423
G1 X36.024 Y-2.396 E0.02436
G1 X35.127 Y-2.313 E0.02191
G1 X34.18 Y-2.203 E0.02319
G1 X33.366 Y-2.096 E0.01997
G1 X32.449 Y-1.961 E0.02254
G1 X31.628 Y-1.818 E0.02027
G1 X30.675 Y-1.632 E0.02362
G1 X30.675 Y4.325 E0.14488
G1 X39.325 Y4.325 E0.21038
G1 F3600 E-1
G0 F12000 X39.75 Y4.75
;TYPE:WALL-OUTER
G1 F3600 E1
G1 F1454.8 X39.75 Y-2.983 E0.18808
G1 X38.998 Y-2.978 E0.01829
G1 X37.996 Y-2.946 E0.02438
G1 X36.992 Y-2.893 E0.02445
G1 X35.985 Y-2.82 E0.02456
G1 X35.087 Y-2.736 E0.02194
G1 X34.125 Y-2.625 E0.02355
G1 X32.408 Y-2.385 E0.04217
G1 X31.546 Y-2.235 E0.02128
G1 X30.25 Y-1.982 E0.03212
G1 X30.25 Y4.75 E0.16373
G1 X39.75 Y4.75 E0.23105
G0 F12000 X39.75 Y3.95
G0 X38.575 Y3.575
G1 F3600 E-1
;MESH:NONMESH
G0 F600 X38.575 Y3.575 Z7.84
G0 F12000 X34.924 Y-1.889
G0 X34.909 Y-2.024
;TIME_ELAPSED:175.261784
;LAYER:58
;note -- min layer time used
;TYPE:FILL
;MESH:bridge_3a.stl
G1 F3600 E1
G1 F1470.8 X35.027 Y-1.806 E0.00603
G1 X35.799 Y-.903 E0.02889
G1 X36.76 Y0.00 E0.03207
G1 X37.536 Y0.903 E0.02896
G1 X37.937 Y1.806 E0.02403
G1 X38.052 Y2.709 E0.02214
G1 X37.968 Y3.612 E0.02206
G1 X37.878 Y3.92 E0.0078
G1 F3600 E-1
G0 F12000 X38.955 Y3.955
G0 X39.325 Y4.325
;TYPE:WALL-INNER
G1 F3600 E1
G1 F1470.8 X39.325 Y-2.696 E0.17076
G1 X38.018 Y-2.661 E0.0318
G1 X37.023 Y-2.609 E0.02423
G1 X36.024 Y-2.536 E0.02436
G1 X34.926 Y-2.432 E0.02682
G1 X34.056 Y-2.331 E0.0213
G1 X32.386 Y-2.095 E0.04102
G1 X30.675 Y-1.788 E0.04228
G1 X30.675 Y4.325 E0.14868
G1 X39.325 Y4.325 E0.21038
G1 F3600 E-1
G0 F12000 X39.75 Y4.75
;TYPE:WALL-OUTER
G1 F3600 E1
G1 F1470.8 X39.75 Y-3.126 E0.19156
G1 X39 Y-3.118 E0.01824
G1 X37.996 Y-3.086 E0.02443
G1 X36.992 Y-3.033 E0.02445
G1 X35.985 Y-2.96 E0.02456
G1 X34.876 Y-2.854 E0.0271
G1 X34 Y-2.752 E0.02145
G1 X32.285 Y-2.509 E0.04213
G1 X31.039 Y-2.284 E0.03079
G1 X30.25 Y-2.127 E0.01957
G1 X30.25 Y4.75 E0.16726
G1 X39.75 Y4.75 E0.23105
G0 F12000 X39.75 Y3.95
G0 X38.575 Y3.575
G1 F3600 E-1
;MESH:NONMESH
G0 F600 X38.575 Y3.575 Z7.97
G0 F12000 X34.893 Y-2.029
G0 X34.879 Y-2.16
;TIME_ELAPSED:178.605925
;LAYER:59
;note -- min layer time used
;TYPE:FILL
;MESH:bridge_3a.stl
G1 F3600 E1
G1 F1487 X35.088 Y-1.806 E0.01
G1 X35.91 Y-.903 E0.0297
G1 X36.909 Y0.00 E0.03275
G1 X37.675 Y0.903 E0.0288
G1 X38.035 Y1.806 E0.02364
G1 X38.109 Y2.709 E0.02204
G1 X37.988 Y3.612 E0.02216
G1 X37.885 Y3.92 E0.0079
G1 F3600 E-1
G0 F12000 X38.955 Y3.955
G0 X39.325 Y4.325
;TYPE:WALL-INNER
G1 F3600 E1
G1 F1487 X39.325 Y-2.836 E0.17417
G1 X38.014 Y-2.804 E0.03189
G1 X37.023 Y-2.753 E0.02413
G1 X36.023 Y-2.68 E0.02439
G1 X35.099 Y-2.592 E0.02257
G1 X34.045 Y-2.473 E0.0258
G1 X33.183 Y-2.356 E0.02116
G1 X32.093 Y-2.187 E0.02683
G1 X30.675 Y-1.924 E0.03508
G1 X30.675 Y4.325 E0.15198
G1 X39.325 Y4.325 E0.21038
G1 F3600 E-1
G0 F12000 X39.75 Y4.75
;TYPE:WALL-OUTER
G1 F3600 E1
G1 F1487 X39.75 Y-3.266 E0.19496
G1 X39 Y-3.258 E0.01824
G1 X37.992 Y-3.229 E0.02453
G1 X36.992 Y-3.177 E0.02435
G1 X35.982 Y-3.103 E0.02463
G1 X34.996 Y-3.008 E0.02409
G1 X34.075 Y-2.905 E0.02254
G1 X33.062 Y-2.767 E0.02487
G1 X32.018 Y-2.605 E0.0257
G1 X31.04 Y-2.429 E0.02417
G1 X30.25 Y-2.274 E0.01958
G1 X30.25 Y4.75 E0.17083
G1 X39.75 Y4.75 E0.23105
G0 F12000 X39.75 Y3.95
G0 X38.575 Y3.575
G1 F3600 E-1
;MESH:NONMESH
G0 F600 X38.575 Y3.575 Z8.1
G0 F12000 X34.847 Y-2.163
G0 X34.833 Y-2.297
;TIME_ELAPSED:181.950589
;LAYER:60
;note -- min layer time used
;TYPE:FILL
;MESH:bridge_3a.stl
G1 F3600 E1
G1 F1503.9 X35.146 Y-1.806 E0.01416
G1 X36.024 Y-.903 E0.03063
G1 X37.068 Y0.00 E0.03357
G1 X37.822 Y0.903 E0.02861
G1 X38.14 Y1.806 E0.02328
G1 X38.171 Y2.709 E0.02198
G1 X38.012 Y3.612 E0.0223
G1 X37.896 Y3.92 E0.008
G1 F3600 E-1
G0 F12000 X38.955 Y3.955
G0 X39.325 Y4.325
;TYPE:WALL-INNER
G1 F3600 E1
G1 F1503.9 X39.325 Y-2.98 E0.17767
G1 X38.017 Y-2.945 E0.03182
G1 X37.023 Y-2.893 E0.02421
G1 X36.027 Y-2.82 E0.02429
G1 X35.03 Y-2.728 E0.02435
G1 X34.059 Y-2.615 E0.02378
G1 X33.12 Y-2.49 E0.02304
G1 X32.094 Y-2.331 E0.02525
G1 X30.675 Y-2.068 E0.0351
G1 X30.675 Y4.325 E0.15549
G1 X39.325 Y4.325 E0.21038
G1 F3600 E-1
G0 F12000 X39.75 Y4.75
;TYPE:WALL-OUTER
G1 F3600 E1
G1 F1503.9 X39.75 Y-3.408 E0.19841
G1 X39.001 Y-3.402 E0.01822
G1 X37.995 Y-3.37 E0.02448
G1 X36.992 Y-3.317 E0.02443
G1 X35.988 Y-3.244 E0.02448
G1 X34.981 Y-3.15 E0.0246
G1 X34.004 Y-3.037 E0.02392
G1 X33.092 Y-2.916 E0.02238
G1 X32.019 Y-2.749 E0.02641
G1 X31.186 Y-2.6 E0.02058
G1 X30.25 Y-2.418 E0.02319
G1 X30.25 Y4.75 E0.17434
G1 X39.75 Y4.75 E0.23105
G0 F12000 X39.75 Y3.95
G0 X38.575 Y3.575
G1 F3600 E-1
;MESH:NONMESH
G0 F600 X38.575 Y3.575 Z8.23
G0 F12000 X34.788 Y-2.298
G0 X34.774 Y-2.429
;TIME_ELAPSED:185.295723
;LAYER:61
;note -- min layer time used
;TYPE:FILL
;MESH:bridge_3a.stl
G1 F3600 E1
G1 F1521.2 X35.203 Y-1.806 E0.0184
G1 X36.143 Y-.903 E0.0317
G1 X37.24 Y0.00 E0.03456
G1 X37.981 Y0.903 E0.02841
G1 X38.251 Y1.806 E0.02292
G1 X38.238 Y2.709 E0.02196
G1 X38.04 Y3.612 E0.02248
G1 X37.91 Y3.92 E0.00813
G1 F3600 E-1
G0 F12000 X38.955 Y3.955
G0 X39.325 Y4.325
;TYPE:WALL-INNER
G1 F3600 E1
G1 F1521.2 X39.325 Y-3.12 E0.18107
G1 X38.018 Y-3.085 E0.0318
G1 X37.017 Y-3.036 E0.02437
G1 X36.023 Y-2.964 E0.02424
G1 X35.034 Y-2.868 E0.02417
G1 X33.66 Y-2.704 E0.03365
G1 X32.134 Y-2.482 E0.03751
G1 X30.675 Y-2.223 E0.03604
G1 X30.675 Y4.325 E0.15926
G1 X39.325 Y4.325 E0.21038
G1 F3600 E-1
G0 F12000 X39.75 Y4.75
;TYPE:WALL-OUTER
G1 F3600 E1
G1 F1521.2 X39.75 Y-3.55 E0.20187
G1 X39 Y-3.542 E0.01824
G1 X37.998 Y-3.51 E0.02438
G1 X36.986 Y-3.46 E0.02464
G1 X35.982 Y-3.387 E0.02448
G1 X34.984 Y-3.29 E0.02439
G1 X33.649 Y-3.132 E0.0327
G1 X32.04 Y-2.897 E0.03955
G1 X31.066 Y-2.724 E0.02406
G1 X30.25 Y-2.562 E0.02023
G1 X30.25 Y4.75 E0.17784
G1 X39.75 Y4.75 E0.23105
G0 F12000 X39.75 Y3.95
G0 X38.575 Y3.575
G1 F3600 E-1
;MESH:NONMESH
G0 F600 X38.575 Y3.575 Z8.36
G0 F12000 X34.708 Y-2.43
G0 X34.693 Y-2.566
;TIME_ELAPSED:188.641399
;LAYER:62
;note -- min layer time used
;TYPE:FILL
;MESH:bridge_3a.stl
G1 F3600 E1
G1 F1539 X35.258 Y-1.806 E0.02303
G1 X36.267 Y-.903 E0.03293
G1 X37.428 Y0.00 E0.03577
G1 X38.153 Y0.903 E0.02817
G1 X38.37 Y1.806 E0.02259
G1 X38.31 Y2.709 E0.02201
G1 X38.073 Y3.612 E0.02271
G1 X37.93 Y3.92 E0.00826
G1 F3600 E-1
G0 F12000 X38.955 Y3.955
G0 X39.325 Y4.325
;TYPE:WALL-INNER
G1 F3600 E1
G1 F1539 X39.325 Y-3.263 E0.18455
G1 X38.108 Y-3.233 E0.02961
G1 X37.162 Y-3.185 E0.02304
G1 X36.023 Y-3.104 E0.02777
G1 X35.028 Y-3.012 E0.0243
G1 X34.057 Y-2.898 E0.02378
G1 X33.117 Y-2.774 E0.02306
G1 X31.854 Y-2.575 E0.0311
G1 X30.676 Y-2.356 E0.02914
G1 X30.675 Y4.325 E0.16249
G1 X39.325 Y4.325 E0.21038
G1 F3600 E-1
G0 F12000 X39.75 Y4.75
;TYPE:WALL-OUTER
G1 F3600 E1
G1 F1539 X39.75 Y-3.691 E0.2053
G1 X39.063 Y-3.686 E0.01671
G1 X38.087 Y-3.658 E0.02375
G1 X37.133 Y-3.609 E0.02323
G1 X35.984 Y-3.528 E0.02801
G1 X34.979 Y-3.434 E0.02455
G1 X34.002 Y-3.32 E0.02392
G1 X33.051 Y-3.194 E0.02333
G1 X31.779 Y-2.993 E0.03132
G1 X31.04 Y-2.861 E0.01826
G1 X30.251 Y-2.706 E0.01956
G1 X30.25 Y4.75 E0.18134
G1 X39.75 Y4.75 E0.23105
G0 F12000 X39.75 Y3.95
G0 X38.575 Y3.575
G1 F3600 E-1
;MESH:NONMESH
G0 F600 X38.575 Y3.575 Z8.49
G0 F12000 X34.614 Y-2.564
G0 X34.6 Y-2.697
;TIME_ELAPSED:191.987457
;LAYER:63
;note -- min layer time used
;TYPE:FILL
;MESH:bridge_3a.stl
G1 F3600 E1
G1 F1557.8 X35.311 Y-1.806 E0.02772
G1 X36.4 Y-.903 E0.03441
G1 X37.64 Y0.00 E0.03731
G1 X38.341 Y0.903 E0.0278
G1 X38.496 Y1.806 E0.02228
G1 X38.387 Y2.709 E0.02212
G1 X38.11 Y3.612 E0.02297
G1 X37.953 Y3.92 E0.00841
G1 F3600 E-1
G0 F12000 X38.955 Y3.955
G0 X39.325 Y4.325
;TYPE:WALL-INNER
G1 F3600 E1
G1 F1557.8 X39.325 Y-3.415 E0.18825
G1 X38.02 Y-3.369 E0.03176
G1 X37.02 Y-3.32 E0.02435
G1 X36.128 Y-3.255 E0.02175
G1 X35.185 Y-3.169 E0.02303
G1 X34.046 Y-3.041 E0.02788
G1 X33.12 Y-2.918 E0.02272
G1 X32.094 Y-2.759 E0.02525
G1 X30.675 Y-2.502 E0.03507
G1 X30.675 Y4.325 E0.16604
G1 X39.325 Y4.325 E0.21038
G1 F3600 E-1
G0 F12000 X39.75 Y4.75
;TYPE:WALL-OUTER
G1 F3600 E1
G1 F1557.8 X39.75 Y-3.832 E0.20873
G1 X38.92 Y-3.826 E0.02019
G1 X38 Y-3.794 E0.02239
G1 X36.99 Y-3.744 E0.02459
G1 X36.063 Y-3.676 E0.02261
G1 X35.138 Y-3.591 E0.02259
G1 X33.991 Y-3.463 E0.02807
G1 X33.092 Y-3.344 E0.02206
G1 X32.02 Y-3.177 E0.02639
G1 X30.825 Y-2.965 E0.02952
G1 X30.25 Y-2.85 E0.01426
G1 X30.25 Y4.75 E0.18484
G1 X39.75 Y4.75 E0.23105
G0 F12000 X39.75 Y3.95
G0 X38.575 Y3.575
G1 F3600 E-1
;MESH:NONMESH
G0 F600 X38.575 Y3.575 Z8.62
G0 F12000 X34.535 Y-2.696
G0 X34.52 Y-2.832
;TIME_ELAPSED:195.333894
;LAYER:64
;note -- min layer time used
;TYPE:FILL
;MESH:bridge_3a.stl
G1 F3600 E1
G1 F1576.7 X34.588 Y-2.709 E0.00342
G1 X35.363 Y-1.806 E0.02894
G1 X36.545 Y-.903 E0.03618
G1 X37.886 Y0.00 E0.03932
G1 X38.551 Y0.903 E0.02728
G1 X38.632 Y1.806 E0.02205
G1 X38.47 Y2.709 E0.02231
G1 X38.151 Y3.612 E0.02329
G1 X37.981 Y3.92 E0.00856
G1 F3600 E-1
G0 F12000 X38.955 Y3.955
G0 X39.325 Y4.325
;TYPE:WALL-INNER
G1 F3600 E1
G1 F1576.7 X39.325 Y-3.545 E0.19141
G1 X38.018 Y-3.509 E0.0318
G1 X37.02 Y-3.46 E0.0243
G1 X36.029 Y-3.389 E0.02416
G1 X35.05 Y-3.3 E0.02391
G1 X34.044 Y-3.185 E0.02463
G1 X33.131 Y-3.06 E0.02241
G1 X32.09 Y-2.903 E0.0256
G1 X30.675 Y-2.644 E0.03499
G1 X30.675 Y4.325 E0.1695
G1 X39.325 Y4.325 E0.21038
G1 F3600 E-1
G0 F12000 X39.75 Y4.75
;TYPE:WALL-OUTER
G1 F3600 E1
G1 F1576.7 X39.75 Y-3.975 E0.2122
G1 X39.003 Y-3.966 E0.01817
G1 X37.998 Y-3.934 E0.02446
G1 X36.99 Y-3.884 E0.02455
G1 X35.991 Y-3.812 E0.02436
G1 X35.003 Y-3.722 E0.02413
G1 X33.987 Y-3.606 E0.02487
G1 X33.068 Y-3.48 E0.02256
G1 X32.017 Y-3.321 E0.02585
G1 X31.038 Y-3.148 E0.02418
G1 X30.25 Y-2.994 E0.01953
G1 X30.25 Y4.75 E0.18835
G1 X39.75 Y4.75 E0.23105
G0 F12000 X39.75 Y3.95
G0 X38.575 Y3.575
G1 F3600 E-1
;MESH:NONMESH
G0 F600 X38.575 Y3.575 Z8.75
G0 F12000 X34.445 Y-2.829
G0 X34.431 Y-2.961
;TIME_ELAPSED:198.680650
;LAYER:65
;note -- min layer time used
;TYPE:FILL
;MESH:bridge_3a.stl
G1 F3600 E1
G1 F1596.9 X34.581 Y-2.709 E0.00713
G1 X35.414 Y-1.806 E0.02988
G1 X36.707 Y-.903 E0.03836
G1 X38.185 Y0.00 E0.04213
G1 X38.787 Y0.903 E0.0264
G1 X38.778 Y1.806 E0.02196
G1 X38.558 Y2.709 E0.0226
G1 X38.198 Y3.612 E0.02364
G1 X38.014 Y3.92 E0.00873
G1 F3600 E-1
G0 F12000 X38.955 Y3.955
G0 X39.325 Y4.325
;TYPE:WALL-INNER
G1 F3600 E1
G1 F1596.9 X39.325 Y-3.688 E0.19489
G1 X38.017 Y-3.653 E0.03182
G1 X37.023 Y-3.601 E0.02421
G1 X36.026 Y-3.528 E0.02431
G1 X35.004 Y-3.433 E0.02496
G1 X34.116 Y-3.334 E0.02173
G1 X33.233 Y-3.219 E0.02166
G1 X32.089 Y-3.046 E0.02814
G1 X30.675 Y-2.788 E0.03496
G1 X30.675 Y4.325 E0.173
G1 X39.325 Y4.325 E0.21038
G1 F3600 E-1
G0 F12000 X39.75 Y4.75
;TYPE:WALL-OUTER
G1 F3600 E1
G1 F1596.9 X39.75 Y-4.116 E0.21563
G1 X39.001 Y-4.11 E0.01822
G1 X37.995 Y-4.078 E0.02448
G1 X36.992 Y-4.025 E0.02443
G1 X35.987 Y-3.952 E0.02451
G1 X34.957 Y-3.855 E0.02516
G1 X33.967 Y-3.744 E0.02423
G1 X33.17 Y-3.639 E0.01955
G1 X32.041 Y-3.469 E0.02777
G1 X31.038 Y-3.292 E0.02477
G1 X30.25 Y-3.138 E0.01953
G1 X30.25 Y4.75 E0.19185
G1 X39.75 Y4.75 E0.23105
G0 F12000 X39.75 Y3.95
G0 X38.575 Y3.575
G1 F3600 E-1
;MESH:NONMESH
G0 F600 X38.575 Y3.575 Z8.88
G0 F12000 X34.338 Y-2.959
G0 X34.324 Y-3.093
;TIME_ELAPSED:202.027762
;LAYER:66
;note -- min layer time used
;TYPE:FILL
;MESH:bridge_3a.stl
G1 F3600 E1
G1 F1618.2 X34.57 Y-2.709 E0.01109
G1 X35.463 Y-1.806 E0.03089
G1 X36.894 Y-.903 E0.04115
G1 X38.582 Y0.00 E0.04656
G1 X38.92 Y0.64 E0.0176
G1 X38.92 Y1.851 E0.02945
G1 X38.653 Y2.709 E0.02185
G1 X38.25 Y3.612 E0.02405
G1 X38.053 Y3.92 E0.00889
G1 F3600 E-1
G0 F12000 X38.955 Y3.955
G0 X39.325 Y4.325
;TYPE:WALL-INNER
G1 F3600 E1
G1 F1618.2 X39.325 Y-3.828 E0.19829
G1 X38.018 Y-3.793 E0.0318
G1 X37.017 Y-3.744 E0.02437
G1 X36.027 Y-3.672 E0.02414
G1 X35.033 Y-3.581 E0.02428
G1 X34.05 Y-3.471 E0.02406
G1 X33.074 Y-3.34 E0.02395
G1 X32.208 Y-3.21 E0.0213
G1 X30.675 Y-2.941 E0.03785
G1 X30.675 Y4.325 E0.17672
G1 X39.325 Y4.325 E0.21038
G1 F3600 E-1
G0 F12000 X39.75 Y4.75
;TYPE:WALL-OUTER
G1 F3600 E1
G1 F1618.2 X39.75 Y-4.256 E0.21904
G1 X39.001 Y-4.25 E0.01822
G1 X37.998 Y-4.218 E0.02441
G1 X36.986 Y-4.168 E0.02464
G1 X35.988 Y-4.096 E0.02434
G1 X34.986 Y-4.003 E0.02447
G1 X33.91 Y-3.882 E0.02633
G1 X33.012 Y-3.76 E0.02204
G1 X32.134 Y-3.628 E0.02159
G1 X31.037 Y-3.436 E0.02709
G1 X30.25 Y-3.282 E0.0195
G1 X30.25 Y4.75 E0.19535
G1 X39.75 Y4.75 E0.23105
G0 F12000 X39.75 Y3.95
G0 X38.575 Y3.575
G1 F3600 E-1
;MESH:NONMESH
G0 F600 X38.575 Y3.575 Z9.01
G0 F12000 X31.236 Y3.92
;TIME_ELAPSED:205.370903
;LAYER:67
;note -- min layer time used
;TYPE:FILL
;MESH:bridge_3a.stl
G1 F3600 E1
G1 F1818.1 X31.084 Y3.612 E0.00835
G1 X31.236 Y3.92 E0.00835
G1 X38.097 Y3.92 E0.16687
G1 X38.308 Y3.612 E0.00908
G1 X38.754 Y2.709 E0.0245
G1 X38.92 Y2.279 E0.01121
G1 X38.92 Y-.159 E0.0593
G1 X37.121 Y-.903 E0.04735
G1 X35.511 Y-1.806 E0.0449
G1 X34.553 Y-2.709 E0.03202
G1 X34.202 Y-3.22 E0.01508
G1 F3600 E-1
G0 F12000 X38.955 Y3.955
G0 X39.325 Y4.325
;TYPE:WALL-INNER
G1 F3600 E1
G1 F1818.1 X39.325 Y-3.969 E0.20172
G1 X38.018 Y-3.933 E0.0318
G1 X37.017 Y-3.884 E0.02437
G1 X36.027 Y-3.812 E0.02414
G1 X35.032 Y-3.721 E0.0243
G1 X34.046 Y-3.609 E0.02414
G1 X33.128 Y-3.488 E0.02252
G1 X32.087 Y-3.334 E0.02559
G1 X31.26 Y-3.191 E0.02041
G1 X30.675 Y-3.076 E0.0145
G1 X30.675 Y4.325 E0.18
G1 X39.325 Y4.325 E0.21038
G1 F3600 E-1
G0 F12000 X39.75 Y4.75
;TYPE:WALL-OUTER
G1 F3600 E1
G1 F1818.1 X39.75 Y-4.399 E0.22252
G1 X39.003 Y-4.39 E0.01817
G1 X37.998 Y-4.358 E0.02446
G1 X36.986 Y-4.308 E0.02464
G1 X35.988 Y-4.236 E0.02434
G1 X34.985 Y-4.143 E0.0245
G1 X33.991 Y-4.031 E0.02433
G1 X33.066 Y-3.908 E0.0227
G1 X32.015 Y-3.753 E0.02584
G1 X31.178 Y-3.608 E0.02066
G1 X30.25 Y-3.426 E0.023
G1 X30.25 Y4.75 E0.19885
G1 X39.75 Y4.75 E0.23105
G0 F12000 X39.75 Y3.95
G0 X38.575 Y3.575
G1 F3600 E-1
;MESH:NONMESH
G0 F600 X38.575 Y3.575 Z9.14
G0 F12000 X34.1 Y-3.216
G0 X34.083 Y-3.349
;TIME_ELAPSED:208.747864
;LAYER:68
;note -- min layer time used
;TYPE:FILL
;MESH:bridge_3a.stl
G1 F3600 E1
G1 F1663.2 X34.314 Y-2.97 E0.0108
G1 X35.217 Y-2.057 E0.03123
G1 X36.12 Y-1.466 E0.02625
G1 X37.023 Y-1.05 E0.02418
G1 X37.926 Y-.748 E0.02316
G1 X38.829 Y-.58 E0.02234
G1 X38.92 Y-.621 E0.00243
G1 X38.92 Y2.625 E0.07895
G1 X38.13 Y3.92 E0.03689
G1 F3600 E-1
G0 F12000 X39.325 Y4.325
;TYPE:WALL-INNER
G1 F3600 E1
G1 F1663.2 X39.325 Y-4.11 E0.20515
G1 X38.012 Y-4.077 E0.03194
G1 X37.025 Y-4.025 E0.02404
G1 X36.054 Y-3.959 E0.02367
G1 X35.032 Y-3.865 E0.02496
G1 X34.082 Y-3.758 E0.02325
G1 X32.865 Y-3.596 E0.02986
G1 X30.675 Y-3.234 E0.05399
G1 X30.676 Y4.324 E0.18382
G1 X39.325 Y4.325 E0.21036
G1 F3600 E-1
G0 F12000 X39.75 Y4.75
;TYPE:WALL-OUTER
G1 F3600 E1
G1 F1663.2 X39.75 Y-4.539 E0.22592
G1 X39.213 Y-4.534 E0.01306
G1 X37.99 Y-4.501 E0.02976
G1 X36.996 Y-4.449 E0.02421
G1 X35.98 Y-4.379 E0.02477
G1 X34.985 Y-4.287 E0.0243
G1 X34.074 Y-4.185 E0.0223
G1 X32.867 Y-4.026 E0.02961
G1 X32.025 Y-3.894 E0.02073
G1 X31.06 Y-3.728 E0.02381
G1 X30.25 Y-3.57 E0.02007
G1 X30.251 Y4.749 E0.20233
G1 X39.75 Y4.75 E0.23103
G0 F12000 X39.75 Y3.95
G0 X38.575 Y3.575
G1 F3600 E-1
;MESH:NONMESH
G0 F600 X38.575 Y3.575 Z9.27
G0 F12000 X33.956 Y-3.339
G0 X33.939 Y-3.474
;TIME_ELAPSED:212.092545
;LAYER:69
;note -- min layer time used
;TYPE:FILL
;MESH:bridge_3a.stl
G1 F3600 E1
G1 F1684.2 X34.314 Y-2.921 E0.01625
G1 X35.217 Y-2.07 E0.03018
G1 X36.12 Y-1.519 E0.02573
G1 X37.023 Y-1.146 E0.02376
G1 X37.926 Y-.908 E0.02271
G1 X38.829 Y-.867 E0.02198
G1 X38.92 Y-.925 E0.00262
G1 X38.92 Y2.837 E0.0915
G1 X38.186 Y3.92 E0.03182
G1 F3600 E-1
G0 F12000 X39.325 Y4.325
;TYPE:WALL-INNER
G1 F3600 E1
G1 F1684.2 X39.325 Y-4.251 E0.20858
G1 X38.119 Y-4.221 E0.02934
G1 X37.165 Y-4.176 E0.02323
G1 X36.022 Y-4.096 E0.02787
G1 X35.038 Y-4.005 E0.02403
G1 X34.031 Y-3.895 E0.02464
G1 X32.808 Y-3.73 E0.03001
G1 X30.675 Y-3.378 E0.05258
G1 X30.675 Y4.325 E0.18735
G1 X39.325 Y4.325 E0.21038
G1 F3600 E-1
G0 F12000 X39.75 Y4.75
;TYPE:WALL-OUTER
G1 F3600 E1
G1 F1684.2 X39.75 Y-4.679 E0.22933
G1 X38.997 Y-4.674 E0.01831
G1 X38.1 Y-4.646 E0.02183
G1 X37.136 Y-4.6 E0.02347
G1 X35.983 Y-4.52 E0.02811
G1 X34.992 Y-4.428 E0.02421
G1 X33.974 Y-4.316 E0.02491
G1 X32.751 Y-4.151 E0.03001
G1 X31.031 Y-3.867 E0.0424
G1 X30.25 Y-3.714 E0.01936
G1 X30.25 Y4.75 E0.20586
G1 X39.75 Y4.75 E0.23105
G0 F12000 X39.75 Y3.95
G0 X38.575 Y3.575
G1 F3600 E-1
;MESH:NONMESH
G0 F600 X38.575 Y3.575 Z9.4
G0 F12000 X38.92 Y-1.178
;TIME_ELAPSED:215.413730
;LAYER:70
;note -- min layer time used
;TYPE:FILL
;MESH:bridge_3a.stl
G1 F3600 E1
G1 F1954.4 X38.829 Y-1.113 E0.00272
G1 X37.926 Y-1.057 E0.022
G1 X37.023 Y-1.237 E0.02239
G1 X36.12 Y-1.568 E0.02339
G1 X35.217 Y-2.078 E0.02522
G1 X34.314 Y-2.871 E0.02923
G1 X33.774 Y-3.597 E0.02201
G1 X32.154 Y-3.361 E0.03982
G1 X31.08 Y-3.173 E0.02652
G1 X31.08 Y3.92 E0.17251
G1 X38.248 Y3.92 E0.17434
G1 X38.829 Y3.139 E0.02367
G1 X38.92 Y3 E0.00404
G1 F3600 E-1
G0 F12000 X38.955 Y3.955
G0 X39.325 Y4.325
;TYPE:WALL-INNER
G1 F3600 E1
G1 F1954.4 X39.325 Y-4.325 E0.21038
G1 X37.307 Y-4.325 E0.04908
G1 X36.098 Y-4.244 E0.02947
G1 X35.225 Y-4.168 E0.02131
G1 X34.291 Y-4.069 E0.02284
G1 X33.477 Y-3.966 E0.01996
G1 X32.087 Y-3.762 E0.03417
G1 X30.675 Y-3.519 E0.03485
G1 X30.675 Y4.325 E0.19078
G1 X39.325 Y4.325 E0.21038
G1 F3600 E-1
G0 F12000 X39.75 Y4.75
;TYPE:WALL-OUTER
G1 F3600 E1
G1 F1954.4 X39.75 Y-4.75 E0.23105
G1 X37.293 Y-4.75 E0.05976
G1 X36.061 Y-4.667 E0.03003
G1 X35.148 Y-4.587 E0.02229
G1 X34.238 Y-4.49 E0.02226
G1 X33.454 Y-4.392 E0.01922
G1 X32.015 Y-4.181 E0.03537
G1 X31.035 Y-4.012 E0.02419
G1 X30.25 Y-3.858 E0.01946
G1 X30.25 Y4.75 E0.20936
G1 X39.75 Y4.75 E0.23105
G0 F12000 X39.75 Y3.95
G0 X38.575 Y3.575
G1 F3600 E-1
;MESH:NONMESH
G0 F600 X38.575 Y3.575 Z9.53
G0 F12000 X33.607 Y-3.581
G0 X33.592 Y-3.712
;TIME_ELAPSED:218.797919
;LAYER:71
;note -- min layer time used
;TYPE:FILL
;MESH:bridge_3a.stl
G1 F3600 E1
G1 F1715.8 X34.314 Y-2.819 E0.02793
G1 X35.217 Y-2.082 E0.02835
G1 X36.12 Y-1.611 E0.02477
G1 X37.023 Y-1.321 E0.02307
G1 X37.926 Y-1.196 E0.02217
G1 X38.829 Y-1.33 E0.0222
G1 X38.92 Y-1.4 E0.00279
G1 X38.92 Y3.175 E0.11127
G1 X38.318 Y3.92 E0.0233
G1 F3600 E-1
G0 F12000 X39.325 Y4.325
;TYPE:WALL-INNER
G1 F3600 E1
G1 F1715.8 X39.325 Y-4.325 E0.21038
G1 X35.392 Y-4.325 E0.09566
G1 X34.214 Y-4.2 E0.02881
G1 X33.068 Y-4.052 E0.0281
G1 X32.086 Y-3.905 E0.02415
G1 X30.675 Y-3.655 E0.03485
G1 X30.675 Y4.325 E0.19409
G1 X39.325 Y4.325 E0.21038
G1 F3600 E-1
G0 F12000 X39.75 Y4.75
;TYPE:WALL-OUTER
G1 F3600 E1
G1 F1715.8 X39.75 Y-4.75 E0.23105
G1 X35.37 Y-4.75 E0.10653
G1 X34.159 Y-4.622 E0.02962
G1 X33.006 Y-4.472 E0.02828
G1 X32.013 Y-4.324 E0.02442
G1 X30.25 Y-4.005 E0.04358
G1 X30.25 Y4.75 E0.21293
G1 X39.75 Y4.75 E0.23105
G0 F12000 X39.75 Y3.95
G0 X38.575 Y3.575
G1 F3600 E-1
;MESH:NONMESH
G0 F600 X38.575 Y3.575 Z9.66
G0 F12000 X31.08 Y3.197
;TIME_ELAPSED:222.134580
;LAYER:72
;note -- min layer time used
;TYPE:FILL
;MESH:bridge_3a.stl
G1 F3600 E1
G1 F1912.9 X31.712 Y3.92 E0.02336
G1 X38.396 Y3.92 E0.16256
G1 X38.92 Y3.321 E0.01936
G1 X38.92 Y-1.596 E0.11959
G1 X38.829 Y-1.524 E0.00282
G1 X37.926 Y-1.325 E0.02249
G1 X37.023 Y-1.4 E0.02204
G1 X36.12 Y-1.65 E0.02279
G1 X35.217 Y-2.08 E0.02433
G1 X34.314 Y-2.766 E0.02758
G1 X33.386 Y-3.831 E0.03436
G1 F3600 E-1
G0 F12000 X38.955 Y3.955
G0 X39.325 Y4.325
;TYPE:WALL-INNER
G1 F3600 E1
G1 F1912.9 X39.325 Y-4.325 E0.21038
G1 X34.037 Y-4.325 E0.12861
G1 X33.185 Y-4.213 E0.0209
G1 X32.326 Y-4.086 E0.02112
G1 X30.675 Y-3.809 E0.04072
G1 X30.675 Y4.325 E0.19783
G1 X39.325 Y4.325 E0.21038
G1 F3600 E-1
G0 F12000 X39.75 Y4.75
;TYPE:WALL-OUTER
G1 F3600 E1
G1 F1912.9 X39.75 Y-4.75 E0.23105
G1 X34.009 Y-4.75 E0.13963
G1 X33.124 Y-4.633 E0.02171
G1 X32.256 Y-4.505 E0.02134
G1 X31.034 Y-4.3 E0.03014
G1 X30.25 Y-4.149 E0.01942
G1 X30.25 Y4.75 E0.21644
G1 X39.75 Y4.75 E0.23105
G0 F12000 X39.75 Y3.95
G0 X38.575 Y3.575
G1 F3600 E-1
;MESH:NONMESH
G0 F600 X38.575 Y3.575 Z9.79
G0 F12000 X38.92 Y-1.775
;TIME_ELAPSED:225.493942
;LAYER:73
;note -- min layer time used
;TYPE:FILL
;MESH:bridge_3a.stl
G1 F3600 E1
G1 F1954.7 X38.829 Y-1.701 E0.00285
G1 X37.926 Y-1.446 E0.02282
G1 X37.023 Y-1.473 E0.02197
G1 X36.12 Y-1.683 E0.02255
G1 X35.217 Y-2.075 E0.02394
G1 X34.314 Y-2.712 E0.02688
G1 X33.411 Y-3.672 E0.03205
G1 X33.21 Y-3.92 E0.00776
G1 X32.991 Y-3.92 E0.00533
G1 X31.08 Y-3.613 E0.04707
G1 X31.08 Y3.113 E0.16359
G1 X31.605 Y3.671 E0.01863
G1 X31.806 Y3.92 E0.00778
G1 X38.483 Y3.92 E0.16239
G1 X38.829 Y3.552 E0.01229
G1 X38.92 Y3.44 E0.00351
G0 F12000 X39.325 Y4.325
;TYPE:WALL-INNER
G1 F1954.7 X39.325 Y-4.325 E0.21038
G1 X32.963 Y-4.325 E0.15473
G1 X31.371 Y-4.07 E0.03921
G1 X30.675 Y-3.939 E0.01722
G1 X30.675 Y4.325 E0.20099
G1 X39.325 Y4.325 E0.21038
G1 F3600 E-1
G0 F12000 X39.75 Y4.75
;TYPE:WALL-OUTER
G1 F3600 E1
G1 F1954.7 X39.75 Y-4.75 E0.23105
G1 X32.931 Y-4.75 E0.16585
G1 X31.293 Y-4.488 E0.04034
G1 X30.25 Y-4.292 E0.02581
G1 X30.25 Y4.75 E0.21991
G1 X39.75 Y4.75 E0.23105
G0 F12000 X39.75 Y3.95
G0 X38.575 Y3.575
G1 F3600 E-1
;MESH:NONMESH
G0 F600 X38.575 Y3.575 Z9.92
G0 F12000 X38.92 Y-1.939
;TIME_ELAPSED:228.800882
;LAYER:74
;note -- min layer time used
;TYPE:FILL
;MESH:bridge_3a.stl
G1 F3600 E1
G1 F1959.9 X38.829 Y-1.863 E0.00288
G1 X37.926 Y-1.56 E0.02317
G1 X37.023 Y-1.542 E0.02197
G1 X36.12 Y-1.713 E0.02235
G1 X35.217 Y-2.066 E0.02358
G1 X34.314 Y-2.656 E0.02623
G1 X33.411 Y-3.552 E0.03094
G1 X33.097 Y-3.92 E0.01177
G1 X32.057 Y-3.92 E0.02529
G1 X31.08 Y-3.747 E0.02413
G1 X31.08 Y3.03 E0.16483
G1 X31.605 Y3.551 E0.01799
G1 X31.92 Y3.92 E0.0118
G1 X38.579 Y3.92 E0.16196
G1 X38.92 Y3.565 E0.01197
G0 F12000 X39.325 Y4.325
;TYPE:WALL-INNER
G1 F1959.9 X39.325 Y-4.325 E0.21038
G1 X32.021 Y-4.325 E0.17764
G1 X31.254 Y-4.194 E0.01892
G1 X30.675 Y-4.084 E0.01433
G1 X30.675 Y4.325 E0.20452
G1 X39.325 Y4.325 E0.21038
G1 F3600 E-1
G0 F12000 X39.75 Y4.75
;TYPE:WALL-OUTER
G1 F3600 E1
G1 F1959.9 X39.75 Y-4.75 E0.23105
G1 X31.986 Y-4.75 E0.18883
G1 X31.196 Y-4.616 E0.01949
G1 X30.25 Y-4.436 E0.02342
G1 X30.25 Y4.75 E0.22342
G1 X39.75 Y4.75 E0.23105
G0 F12000 X39.75 Y3.95
G0 X38.575 Y3.575
G1 F3600 E-1
;MESH:NONMESH
G0 F600 X38.575 Y3.575 Z10.05
G0 F12000 X38.92 Y-2.091
;TIME_ELAPSED:232.106706
;LAYER:75
;note -- min layer time used
;TYPE:FILL
;MESH:bridge_3a.stl
G1 F3600 E1
G1 F1966 X38.829 Y-2.014 E0.0029
G1 X37.926 Y-1.666 E0.02354
G1 X37.023 Y-1.605 E0.02201
G1 X36.12 Y-1.738 E0.0222
G1 X35.217 Y-2.053 E0.02326
G1 X34.314 Y-2.598 E0.02565
G1 X33.411 Y-3.437 E0.02998
G1 X32.98 Y-3.92 E0.01574
G1 X31.08 Y-3.92 E0.04621
G1 X31.08 Y2.948 E0.16704
G1 X31.605 Y3.436 E0.01743
G1 X32.037 Y3.92 E0.01578
G1 X38.686 Y3.92 E0.16171
G1 X38.92 Y3.685 E0.00807
G0 F12000 X39.325 Y4.325
;TYPE:WALL-INNER
G1 F1966 X39.325 Y-4.325 E0.21038
G1 X31.184 Y-4.325 E0.198
G1 X30.675 Y-4.228 E0.0126
G1 X30.675 Y4.325 E0.20802
G1 X39.325 Y4.325 E0.21038
G1 F3600 E-1
G0 F12000 X39.75 Y4.75
;TYPE:WALL-OUTER
G1 F3600 E1
G1 F1966 X39.75 Y-4.75 E0.23105
G1 X31.144 Y-4.75 E0.20931
G1 X30.25 Y-4.58 E0.02213
G1 X30.25 Y4.75 E0.22692
G1 X39.75 Y4.75 E0.23105
G0 F12000 X39.75 Y3.95
G0 X38.575 Y3.575
G1 F3600 E-1
;MESH:NONMESH
G0 F600 X38.575 Y3.575 Z10.18
G0 F12000 X38.92 Y-2.233
;TIME_ELAPSED:235.411899
;LAYER:76
;note -- min layer time used
;TYPE:FILL
;MESH:bridge_3a.stl
G1 F3600 E1
G1 F1968.7 X38.829 Y-2.155 E0.00292
G1 X37.926 Y-1.766 E0.02391
G1 X37.023 Y-1.664 E0.0221
G1 X36.12 Y-1.759 E0.02208
G1 X35.217 Y-2.036 E0.02297
G1 X34.314 Y-2.538 E0.02513
G1 X33.411 Y-3.325 E0.02913
G1 X32.858 Y-3.92 E0.01976
G1 X31.08 Y-3.92 E0.04324
G1 X31.08 Y2.866 E0.16505
G1 X31.605 Y3.324 E0.01694
G1 X32.159 Y3.92 E0.01979
G1 X38.805 Y3.92 E0.16164
G1 X38.92 Y3.801 E0.00402
G0 F12000 X39.325 Y4.325
;TYPE:WALL-INNER
G1 F1968.7 X39.325 Y-4.325 E0.21038
G1 X30.675 Y-4.325 E0.21038
G1 X30.675 Y4.325 E0.21038
G1 X39.325 Y4.325 E0.21038
G1 F3600 E-1
G0 F12000 X39.75 Y4.75
;TYPE:WALL-OUTER
G1 F3600 E1
G1 F1968.7 X39.75 Y-4.75 E0.23105
G1 X30.25 Y-4.75 E0.23105
G1 X30.25 Y4.75 E0.23105
G1 X39.75 Y4.75 E0.23105
G0 F12000 X39.75 Y3.95
G0 X38.575 Y3.575
G1 F3600 E-1
;MESH:NONMESH
G0 F600 X38.575 Y3.575 Z10.31
G0 F12000 X32.285 Y3.92
;TIME_ELAPSED:238.719120
;LAYER:77
;note -- min layer time used
;TYPE:FILL
;MESH:bridge_3a.stl
G1 F3600 E1
G1 F1862.6 X31.605 Y3.214 E0.02384
G1 X31.08 Y2.784 E0.01651
G1 X31.08 Y-3.92 E0.16305
G1 X32.732 Y-3.92 E0.04018
G1 X33.411 Y-3.215 E0.02381
G1 X34.314 Y-2.476 E0.02838
G1 X35.217 Y-2.016 E0.02465
G1 X36.12 Y-1.776 E0.02272
G1 X37.023 Y-1.718 E0.02201
G1 X37.926 Y-1.861 E0.02224
G1 X38.829 Y-2.288 E0.02429
G1 X38.92 Y-2.367 E0.00293
G1 F3600 E-1
G0 F12000 X38.955 Y3.955
G0 X39.325 Y4.325
;TYPE:WALL-INNER
G1 F3600 E1
G1 F1862.6 X39.325 Y-4.325 E0.21038
G1 X30.675 Y-4.325 E0.21038
G1 X30.675 Y4.325 E0.21038
G1 X39.325 Y4.325 E0.21038
G1 F3600 E-1
G0 F12000 X39.75 Y4.75
;TYPE:WALL-OUTER
G1 F3600 E1
G1 F1862.6 X39.75 Y-4.75 E0.23105
G1 X30.25 Y-4.75 E0.23105
G1 X30.25 Y4.75 E0.23105
G1 X39.75 Y4.75 E0.23105
G0 F12000 X39.75 Y3.95
G0 X38.575 Y3.575
G1 F3600 E-1
;MESH:NONMESH
G0 F600 X38.575 Y3.575 Z10.44
G0 F12000 X32.415 Y3.92
;TIME_ELAPSED:242.095189
;LAYER:78
;note -- min layer time used
;TYPE:FILL
;MESH:bridge_3a.stl
G1 F3600 E1
G1 F1864.2 X31.605 Y3.105 E0.02795
G1 X31.08 Y2.701 E0.01611
G1 X31.08 Y-3.92 E0.16103
G1 X32.602 Y-3.92 E0.03702
G1 X33.411 Y-3.106 E0.02791
G1 X34.314 Y-2.411 E0.02771
G1 X35.217 Y-1.992 E0.02421
G1 X36.12 Y-1.789 E0.02251
G1 X37.023 Y-1.769 E0.02197
G1 X37.926 Y-1.951 E0.0224
G1 X38.829 Y-2.415 E0.02469
G1 X38.92 Y-2.495 E0.00295
G1 F3600 E-1
G0 F12000 X38.955 Y3.955
G0 X39.325 Y4.325
;TYPE:WALL-INNER
G1 F3600 E1
G1 F1864.2 X39.325 Y-4.325 E0.21038
G1 X30.675 Y-4.325 E0.21038
G1 X30.675 Y4.325 E0.21038
G1 X39.325 Y4.325 E0.21038
G1 F3600 E-1
G0 F12000 X39.75 Y4.75
;TYPE:WALL-OUTER
G1 F3600 E1
G1 F1864.2 X39.75 Y-4.75 E0.23105
G1 X30.25 Y-4.75 E0.23105
G1 X30.25 Y4.75 E0.23105
G1 X39.75 Y4.75 E0.23105
G0 F12000 X39.75 Y3.95
G0 X38.575 Y3.575
G1 F3600 E-1
;MESH:NONMESH
G0 F600 X38.575 Y3.575 Z10.57
G0 F12000 X32.554 Y3.92
;TIME_ELAPSED:245.471284
;LAYER:79
;note -- min layer time used
;TYPE:FILL
;MESH:bridge_3a.stl
G1 F3600 E1
G1 F1866 X31.605 Y2.997 E0.0322
G1 X31.08 Y2.617 E0.01576
G1 X31.08 Y-3.92 E0.15899
G1 X32.463 Y-3.92 E0.03364
G1 X33.411 Y-2.998 E0.03216
G1 X34.314 Y-2.344 E0.02712
G1 X35.217 Y-1.965 E0.02382
G1 X36.12 Y-1.799 E0.02233
G1 X37.023 Y-1.815 E0.02197
G1 X37.926 Y-2.036 E0.02261
G1 X38.829 Y-2.536 E0.0251
G1 X38.92 Y-2.618 E0.00298
G1 F3600 E-1
G0 F12000 X38.955 Y3.955
G0 X39.325 Y4.325
;TYPE:WALL-INNER
G1 F3600 E1
G1 F1866 X39.325 Y-4.325 E0.21038
G1 X30.675 Y-4.325 E0.21038
G1 X30.675 Y4.325 E0.21038
G1 X39.325 Y4.325 E0.21038
G1 F3600 E-1
G0 F12000 X39.75 Y4.75
;TYPE:WALL-OUTER
G1 F3600 E1
G1 F1866 X39.75 Y-4.75 E0.23105
G1 X30.25 Y-4.75 E0.23105
G1 X30.25 Y4.75 E0.23105
G1 X39.75 Y4.75 E0.23105
G0 F12000 X39.75 Y3.95
G0 X38.575 Y3.575
G1 F3600 E-1
;MESH:NONMESH
G0 F600 X38.575 Y3.575 Z10.7
G0 F12000 X32.697 Y3.92
;TIME_ELAPSED:248.847406
;LAYER:80
;note -- min layer time used
;TYPE:FILL
;MESH:bridge_3a.stl
G1 F3600 E1
G1 F1868.1 X31.605 Y2.887 E0.03656
G1 X31.08 Y2.53 E0.01544
G1 X31.08 Y-3.92 E0.15687
G1 X32.32 Y-3.92 E0.03016
G1 X33.411 Y-2.888 E0.03653
G1 X34.314 Y-2.274 E0.02656
G1 X35.217 Y-1.934 E0.02347
G1 X36.12 Y-1.804 E0.02219
G1 X37.023 Y-1.857 E0.022
G1 X37.926 Y-2.117 E0.02285
G1 X38.829 Y-2.653 E0.02554
G1 X38.92 Y-2.736 E0.003
G1 F3600 E-1
G0 F12000 X38.955 Y3.955
G0 X39.325 Y4.325
;TYPE:WALL-INNER
G1 F3600 E1
G1 F1868.1 X39.325 Y-4.325 E0.21038
G1 X30.675 Y-4.325 E0.21038
G1 X30.675 Y4.325 E0.21038
G1 X39.325 Y4.325 E0.21038
G1 F3600 E-1
G0 F12000 X39.75 Y4.75
;TYPE:WALL-OUTER
G1 F3600 E1
G1 F1868.1 X39.75 Y-4.75 E0.23105
G1 X30.25 Y-4.75 E0.23105
G1 X30.25 Y4.75 E0.23105
G1 X39.75 Y4.75 E0.23105
G0 F12000 X39.75 Y3.95
G0 X38.575 Y3.575
G1 F3600 E-1
;MESH:NONMESH
G0 F600 X38.575 Y3.575 Z10.83
G0 F12000 X32.833 Y3.92
;TIME_ELAPSED:252.223616
;LAYER:81
;note -- min layer time used
;TYPE:FILL
;MESH:bridge_3a.stl
G1 F3600 E1
G1 F1870.3 X31.605 Y2.776 E0.04082
G1 X31.08 Y2.441 E0.01515
G1 X31.08 Y-3.92 E0.15471
G1 X32.184 Y-3.92 E0.02685
G1 X33.411 Y-2.777 E0.04078
G1 X34.314 Y-2.201 E0.02605
G1 X35.217 Y-1.899 E0.02316
G1 X36.12 Y-1.806 E0.02208
G1 X37.023 Y-1.896 E0.02207
G1 X37.926 Y-2.194 E0.02313
G1 X38.829 Y-2.767 E0.02601
G1 X38.92 Y-2.852 E0.00303
G1 F3600 E-1
G0 F12000 X38.955 Y3.955
G0 X39.325 Y4.325
;TYPE:WALL-INNER
G1 F3600 E1
G1 F1870.3 X39.325 Y-4.325 E0.21038
G1 X30.675 Y-4.325 E0.21038
G1 X30.675 Y4.325 E0.21038
G1 X39.325 Y4.325 E0.21038
G1 F3600 E-1
G0 F12000 X39.75 Y4.75
;TYPE:WALL-OUTER
G1 F3600 E1
G1 F1870.3 X39.75 Y-4.75 E0.23105
G1 X30.25 Y-4.75 E0.23105
G1 X30.25 Y4.75 E0.23105
G1 X39.75 Y4.75 E0.23105
G0 F12000 X39.75 Y3.95
G0 X38.575 Y3.575
G1 F3600 E-1
;MESH:NONMESH
G0 F600 X38.575 Y3.575 Z10.96
G0 F12000 X32.963 Y3.92
;TIME_ELAPSED:255.599920
;LAYER:82
;note -- min layer time used
;TYPE:FILL
;MESH:bridge_3a.stl
G1 F3600 E1
G1 F1872.7 X32.508 Y3.487 E0.01528
G1 X31.605 Y2.663 E0.02973
G1 X31.08 Y2.349 E0.01488
G1 X31.08 Y-3.92 E0.15247
G1 X32.054 Y-3.92 E0.02369
G1 X32.508 Y-3.488 E0.01524
G1 X33.411 Y-2.664 E0.02973
G1 X34.314 Y-2.124 E0.02559
G1 X35.217 Y-1.861 E0.02287
G1 X36.12 Y-1.805 E0.022
G1 X37.023 Y-1.931 E0.02218
G1 X37.926 Y-2.267 E0.02343
G1 X38.829 Y-2.878 E0.02652
G1 X38.92 Y-2.965 E0.00306
G1 F3600 E-1
G0 F12000 X38.955 Y3.955
G0 X39.325 Y4.325
;TYPE:WALL-INNER
G1 F3600 E1
G1 F1872.7 X39.325 Y-4.325 E0.21038
G1 X30.675 Y-4.325 E0.21038
G1 X30.675 Y4.325 E0.21038
G1 X39.325 Y4.325 E0.21038
G1 F3600 E-1
G0 F12000 X39.75 Y4.75
;TYPE:WALL-OUTER
G1 F3600 E1
G1 F1872.7 X39.75 Y-4.75 E0.23105
G1 X30.25 Y-4.75 E0.23105
G1 X30.25 Y4.75 E0.23105
G1 X39.75 Y4.75 E0.23105
G0 F12000 X39.75 Y3.95
G0 X38.575 Y3.575
G1 F3600 E-1
;MESH:NONMESH
G0 F600 X38.575 Y3.575 Z11.09
G0 F12000 X33.087 Y3.92
;TIME_ELAPSED:258.976356
;LAYER:83
;note -- min layer time used
;TYPE:FILL
;MESH:bridge_3a.stl
G1 F3600 E1
G1 F1875.3 X32.508 Y3.356 E0.01966
G1 X31.605 Y2.546 E0.0295
G1 X31.08 Y2.254 E0.01461
G1 X31.08 Y-3.92 E0.15016
G1 X31.93 Y-3.92 E0.02067
G1 X32.508 Y-3.357 E0.01962
G1 X33.411 Y-2.547 E0.0295
G1 X34.314 Y-2.044 E0.02514
G1 X35.217 Y-1.819 E0.02263
G1 X36.12 Y-1.799 E0.02197
G1 X37.023 Y-1.962 E0.02232
G1 X37.926 Y-2.338 E0.02379
G1 X38.829 Y-2.988 E0.02706
G1 X38.92 Y-3.077 E0.0031
G1 F3600 E-1
G0 F12000 X38.955 Y3.955
G0 X39.325 Y4.325
;TYPE:WALL-INNER
G1 F3600 E1
G1 F1875.3 X39.325 Y-4.325 E0.21038
G1 X30.675 Y-4.325 E0.21038
G1 X30.675 Y4.325 E0.21038
G1 X39.325 Y4.325 E0.21038
G1 F3600 E-1
G0 F12000 X39.75 Y4.75
;TYPE:WALL-OUTER
G1 F3600 E1
G1 F1875.3 X39.75 Y-4.75 E0.23105
G1 X30.25 Y-4.75 E0.23105
G1 X30.25 Y4.75 E0.23105
G1 X39.75 Y4.75 E0.23105
G0 F12000 X39.75 Y3.95
G0 X38.575 Y3.575
G1 F3600 E-1
;MESH:NONMESH
G0 F600 X38.575 Y3.575 Z11.22
G0 F12000 X33.204 Y3.92
;TIME_ELAPSED:262.352945
;LAYER:84
;note -- min layer time used
;TYPE:FILL
;MESH:bridge_3a.stl
G1 F3600 E1
G1 F1878 X32.508 Y3.222 E0.02397
G1 X31.605 Y2.425 E0.02929
G1 X31.08 Y2.153 E0.01438
G1 X31.08 Y-3.92 E0.1477
G1 X31.813 Y-3.92 E0.01783
G1 X32.508 Y-3.223 E0.02394
G1 X33.411 Y-2.426 E0.02929
G1 X34.314 Y-1.959 E0.02473
G1 X35.217 Y-1.773 E0.02242
G1 X36.12 Y-1.79 E0.02197
G1 X37.023 Y-1.99 E0.02249
G1 X37.926 Y-2.405 E0.02417
G1 X38.829 Y-3.096 E0.02765
G1 X38.92 Y-3.187 E0.00313
G1 F3600 E-1
G0 F12000 X38.955 Y3.955
G0 X39.325 Y4.325
;TYPE:WALL-INNER
G1 F3600 E1
G1 F1878 X39.325 Y-4.325 E0.21038
G1 X30.675 Y-4.325 E0.21038
G1 X30.675 Y4.325 E0.21038
G1 X39.325 Y4.325 E0.21038
G1 F3600 E-1
G0 F12000 X39.75 Y4.75
;TYPE:WALL-OUTER
G1 F3600 E1
G1 F1878 X39.75 Y-4.75 E0.23105
G1 X30.25 Y-4.75 E0.23105
G1 X30.25 Y4.75 E0.23105
G1 X39.75 Y4.75 E0.23105
G0 F12000 X39.75 Y3.95
G0 X38.575 Y3.575
G1 F3600 E-1
;MESH:NONMESH
G0 F600 X38.575 Y3.575 Z11.35
G0 F12000 X33.315 Y3.92
;TIME_ELAPSED:265.729685
;LAYER:85
;note -- min layer time used
;TYPE:FILL
;MESH:bridge_3a.stl
G1 F3600 E1
G1 F1881 X32.508 Y3.084 E0.02826
G1 X31.605 Y2.299 E0.0291
G1 X31.08 Y2.049 E0.01414
G1 X31.08 Y-3.92 E0.14517
G1 X31.702 Y-3.92 E0.01513
G1 X32.508 Y-3.085 E0.02823
G1 X33.411 Y-2.3 E0.0291
G1 X34.314 Y-1.87 E0.02433
G1 X35.217 Y-1.723 E0.02225
G1 X36.12 Y-1.778 E0.022
G1 X37.023 Y-2.014 E0.0227
G1 X37.926 Y-2.47 E0.0246
G1 X38.829 Y-3.205 E0.02832
G1 X38.92 Y-3.299 E0.00318
G1 F3600 E-1
G0 F12000 X38.955 Y3.955
G0 X39.325 Y4.325
;TYPE:WALL-INNER
G1 F3600 E1
G1 F1881 X39.325 Y-4.325 E0.21038
G1 X30.675 Y-4.325 E0.21038
G1 X30.675 Y4.325 E0.21038
G1 X39.325 Y4.325 E0.21038
G1 F3600 E-1
G0 F12000 X39.75 Y4.75
;TYPE:WALL-OUTER
G1 F3600 E1
G1 F1881 X39.75 Y-4.75 E0.23105
G1 X30.25 Y-4.75 E0.23105
G1 X30.25 Y4.75 E0.23105
G1 X39.75 Y4.75 E0.23105
G0 F12000 X39.75 Y3.95
G0 X38.575 Y3.575
G1 F3600 E-1
;MESH:NONMESH
G0 F600 X38.575 Y3.575 Z11.48
G0 F12000 X33.424 Y3.92
;TIME_ELAPSED:269.106579
;LAYER:86
;note -- min layer time used
;TYPE:FILL
;MESH:bridge_3a.stl
G1 F3600 E1
G1 F1884.4 X32.508 Y2.941 E0.03261
G1 X31.605 Y2.166 E0.02894
G1 X31.08 Y1.938 E0.01392
G1 X31.08 Y-3.92 E0.14248
G1 X31.593 Y-3.92 E0.01248
G1 X32.508 Y-2.942 E0.03257
G1 X33.411 Y-2.167 E0.02894
G1 X34.314 Y-1.775 E0.02394
G1 X35.217 Y-1.669 E0.02211
G1 X36.12 Y-1.761 E0.02208
G1 X37.023 Y-2.034 E0.02294
G1 X37.926 Y-2.532 E0.02508
G1 X38.829 Y-3.315 E0.02907
G1 X38.92 Y-3.413 E0.00325
G1 F3600 E-1
G0 F12000 X38.955 Y3.955
G0 X39.325 Y4.325
;TYPE:WALL-INNER
G1 F3600 E1
G1 F1884.4 X39.325 Y-4.325 E0.21038
G1 X30.675 Y-4.325 E0.21038
G1 X30.675 Y4.325 E0.21038
G1 X39.325 Y4.325 E0.21038
G1 F3600 E-1
G0 F12000 X39.75 Y4.75
;TYPE:WALL-OUTER
G1 F3600 E1
G1 F1884.4 X39.75 Y-4.75 E0.23105
G1 X30.25 Y-4.75 E0.23105
G1 X30.25 Y4.75 E0.23105
G1 X39.75 Y4.75 E0.23105
G0 F12000 X39.75 Y3.95
G0 X38.575 Y3.575
G1 F3600 E-1
;MESH:NONMESH
G0 F600 X38.575 Y3.575 Z11.61
G0 F12000 X33.543 Y3.92
;TIME_ELAPSED:272.483548
;LAYER:87
;note -- min layer time used
;TYPE:FILL
;MESH:bridge_3a.stl
G1 F3600 E1
G1 F1920.7 X33.411 Y3.798 E0.00437
G1 X32.508 Y2.789 E0.03293
G1 X31.605 Y2.026 E0.02875
G1 X31.08 Y1.822 E0.0137
G1 X31.08 Y-3.92 E0.13965
G1 X31.497 Y-3.92 E0.01014
G1 X32.508 Y-2.79 E0.03688
G1 X33.411 Y-2.027 E0.02875
G1 X34.314 Y-1.676 E0.02356
G1 X35.217 Y-1.611 E0.02202
G1 X36.12 Y-1.74 E0.02219
G1 X37.023 Y-2.052 E0.02324
G1 X37.926 Y-2.592 E0.02559
G1 X38.829 Y-3.426 E0.0299
G1 X38.92 Y-3.528 E0.00332
G1 F3600 E-1
G0 F12000 X38.955 Y3.955
G0 X39.325 Y4.325
;TYPE:WALL-INNER
G1 F3600 E1
G1 F1920.7 X39.325 Y-4.325 E0.21038
G1 X30.675 Y-4.325 E0.21038
G1 X30.675 Y4.325 E0.21038
G1 X39.325 Y4.325 E0.21038
G1 F3600 E-1
G0 F12000 X38.955 Y3.955
G0 X30.545 Y4.455
G0 X30.14 Y4.75
;TYPE:WALL-OUTER
G1 F3600 E1
G1 F1920.7 X39.75 Y4.75 E0.23373
G1 X39.75 Y-4.75 E0.23105
G1 X30.25 Y-4.75 E0.23105
G1 X30.25 Y4.608 E0.2276
G1 X30.14 Y4.75 E0.00437
G0 F12000 X30.94 Y4.75
G0 X31.293 Y3.575
G1 F3600 E-1
;MESH:NONMESH
G0 F600 X31.293 Y3.575 Z11.74
G0 F12000 X33.651 Y3.92
;TIME_ELAPSED:275.885456
;LAYER:88
;note -- min layer time used
;TYPE:FILL
;MESH:bridge_3a.stl
G1 F3600 E1
G1 F1895.5 X33.411 Y3.683 E0.0082
G1 X32.508 Y2.628 E0.03377
G1 X31.605 Y1.876 E0.02858
G1 X31.08 Y1.698 E0.01348
G1 X31.08 Y-3.92 E0.13664
G1 X31.366 Y-3.92 E0.00696
G1 X31.605 Y-3.684 E0.00817
G1 X32.508 Y-2.629 E0.03377
G1 X33.411 Y-1.877 E0.02858
G1 X34.314 Y-1.57 E0.0232
G1 X35.217 Y-1.548 E0.02197
G1 X36.12 Y-1.715 E0.02233
G1 X37.023 Y-2.065 E0.02355
G1 X37.926 Y-2.651 E0.02618
G1 X38.829 Y-3.541 E0.03084
G1 X38.92 Y-3.647 E0.0034
G1 F3600 E-1
G0 F12000 X38.955 Y3.955
G0 X39.325 Y4.325
;TYPE:WALL-INNER
G1 F3600 E1
G1 F1895.5 X39.325 Y-4.325 E0.21038
G1 X30.675 Y-4.325 E0.21038
G1 X30.675 Y4.325 E0.21038
G1 X39.325 Y4.325 E0.21038
G1 F3600 E-1
G0 F12000 X39.75 Y4.75
;TYPE:WALL-OUTER
G1 F3600 E1
G1 F1895.5 X39.75 Y-4.75 E0.23105
G1 X30.25 Y-4.75 E0.23105
G1 X30.25 Y4.464 E0.2241
G1 X30.225 Y4.497 E0.00101
G1 X30.064 Y4.706 E0.00642
G1 X29.89 Y4.751 E0.00437
G1 X30.225 Y4.751 E0.00815
G1 X39.75 Y4.75 E0.23166
G0 F12000 X39.75 Y3.95
G0 X38.575 Y3.575
G1 F3600 E-1
;MESH:NONMESH
G0 F600 X38.575 Y3.575 Z11.87
G0 F12000 X33.749 Y3.92
;TIME_ELAPSED:279.276829
;LAYER:89
;note -- min layer time used
;TYPE:FILL
;MESH:bridge_3a.stl
G1 F3600 E1
G1 F5948.5 X33.411 Y3.563 E0.01196
G1 X32.508 Y2.453 E0.0348
G1 X31.605 Y1.715 E0.02836
G1 X31.08 Y1.564 E0.01329
G1 X31.08 Y-3.92 E0.13338
G1 X31.268 Y-3.92 E0.00457
G1 X31.605 Y-3.564 E0.01192
G1 X32.508 Y-2.454 E0.0348
G1 X33.411 Y-1.716 E0.02836
G1 X34.314 Y-1.457 E0.02285
G1 X35.217 Y-1.48 E0.02197
G1 X36.12 Y-1.686 E0.02253
G1 X37.023 Y-2.074 E0.0239
G1 X37.926 Y-2.707 E0.02682
G1 X38.829 Y-3.661 E0.03195
G1 X38.92 Y-3.773 E0.00351
G1 F3600 E-1
G0 F12000 X38.955 Y3.955
G0 X39.325 Y4.325
;TYPE:WALL-INNER
G1 F3600 E1
G1 F3149.3 X39.325 Y-4.325 E0.21038
G1 X30.675 Y-4.325 E0.21038
G1 X30.672 Y4.325 E0.21038
G1 X39.325 Y4.325 E0.21045
G1 F3600 E-1
G0 F12000 X39.75 Y4.75
;TYPE:WALL-OUTER
G1 F3600 E1
G1 F1749.7 X39.75 Y-4.75 E0.23105
G1 X30.25 Y-4.75 E0.23105
G1 X30.25 Y4.32 E0.2206
G1 X30.063 Y4.563 E0.00746
G1 F840 X29.689 Y4.658 E0.00939
G1 X29.327 Y4.75 E0.00908
G1 X29.702 Y4.75 E0.00912
G1 X39.75 Y4.75 E0.24438
G0 F12000 X39.75 Y3.95
G0 X38.575 Y3.575
G1 F3600 E-1
;MESH:NONMESH
G0 F600 X38.575 Y3.575 Z12
G0 F12000 X33.834 Y3.917
;TIME_ELAPSED:282.461181
;LAYER:90
;note -- min layer time used
;TYPE:FILL
;MESH:bridge_3a.stl
G1 F3600 E1
G1 F1999.2 X33.411 Y3.437 E0.01556
G1 X32.508 Y2.26 E0.03608
G1 X31.605 Y1.54 E0.02809
G1 X31.081 Y1.422 E0.01306
G1 X31.081 Y-3.92 E0.12993
G1 X31.181 Y-3.92 E0.00243
G1 X31.605 Y-3.438 E0.01561
G1 X32.508 Y-2.261 E0.03608
G1 X33.411 Y-1.541 E0.02809
G1 X34.314 Y-1.337 E0.02252
G1 X35.217 Y-1.407 E0.02203
G1 X36.12 Y-1.653 E0.02276
G1 X37.023 Y-2.08 E0.02429
G1 X37.926 Y-2.761 E0.02751
G1 X38.829 Y-3.787 E0.03324
G1 X38.92 Y-3.906 E0.00364
G1 F3600 E-1
G0 F12000 X31.045 Y3.955
G0 X30.561 Y4.324
;TYPE:WALL-INNER
G1 F3600 E1
G1 F1999.2 X39.325 Y4.321 E0.21315
G1 X39.325 Y-4.325 E0.21028
G1 X30.676 Y-4.325 E0.21036
G1 X30.675 Y4.176 E0.20676
G1 X30.561 Y4.324 E0.00454
G1 F3600 E-1
G0 F12000 X31.045 Y3.955
G0 X39.455 Y4.454
G0 X39.75 Y4.746
;TYPE:WALL-OUTER
G1 F3600 E1
G1 F1999.2 X39.75 Y-4.75 E0.23096
G1 X30.251 Y-4.75 E0.23103
G1 X30.25 Y4.176 E0.21709
G1 X30.063 Y4.419 E0.00746
G1 X29.126 Y4.664 E0.02356
G1 X28.795 Y4.75 E0.00832
G1 X29.14 Y4.75 E0.00839
G1 X39.75 Y4.746 E0.25805
G0 F12000 X39.75 Y3.946
G0 X38.576 Y3.574
G1 F3600 E-1
;MESH:NONMESH
G0 F600 X38.576 Y3.574 Z12.13
G0 F12000 X33.913 Y3.918
;TIME_ELAPSED:285.880175
;LAYER:91
;note -- min layer time used
;TYPE:FILL
;MESH:bridge_3a.stl
G1 F3600 E1
G1 F2025 X33.411 Y3.301 E0.01935
G1 X32.508 Y2.042 E0.03768
G1 X31.605 Y1.347 E0.02771
G1 X31.08 Y1.266 E0.01292
G1 X31.081 Y-3.92 E0.12613
G1 X31.102 Y-3.92 E0.00051
G1 X31.605 Y-3.302 E0.01938
G1 X32.508 Y-2.043 E0.03768
G1 X33.411 Y-1.348 E0.02771
G1 X34.314 Y-1.208 E0.02222
G1 X35.217 Y-1.329 E0.02216
G1 X36.12 Y-1.615 E0.02304
G1 X37.023 Y-2.082 E0.02473
G1 X37.926 Y-2.814 E0.02827
G1 X38.827 Y-3.92 E0.0347
G1 F3600 E-1
G0 F12000 X31.045 Y3.955
G0 X30.445 Y4.324
;TYPE:WALL-INNER
G1 F3600 E1
G1 F2025 X39.325 Y4.321 E0.21597
G1 X39.325 Y-4.325 E0.21028
G1 X30.676 Y-4.325 E0.21036
G1 X30.675 Y4.028 E0.20316
G1 X30.445 Y4.324 E0.00912
G1 F3600 E-1
G0 F12000 X31.045 Y3.955
G0 X39.455 Y4.454
G0 X39.75 Y4.746
;TYPE:WALL-OUTER
G1 F3600 E1
G1 F2025 X39.75 Y-4.75 E0.23096
G1 X30.251 Y-4.75 E0.23103
G1 X30.25 Y4.028 E0.21349
G1 X30.062 Y4.271 E0.00747
G1 X29.292 Y4.466 E0.01932
G1 X28.603 Y4.658 E0.0174
G1 X28.275 Y4.75 E0.00829
G1 X28.613 Y4.75 E0.00822
G1 X39.75 Y4.746 E0.27087
G0 F12000 X39.75 Y3.946
G0 X38.576 Y3.574
G1 F3600 E-1
;MESH:NONMESH
G0 F600 X38.576 Y3.574 Z12.26
G0 F12000 X33.985 Y3.919
;TIME_ELAPSED:289.299559
;LAYER:92
;note -- min layer time used
;TYPE:FILL
;MESH:bridge_3a.stl
G1 F3600 E1
G1 F2048.6 X33.411 Y3.153 E0.02328
G1 X32.508 Y1.787 E0.03983
G1 X31.605 Y1.133 E0.02712
G1 X31.08 Y1.096 E0.0128
G1 X31.08 Y-3.855 E0.12042
G1 X31.605 Y-3.154 E0.0213
G1 X32.508 Y-1.788 E0.03983
G1 X33.411 Y-1.134 E0.02712
G1 X34.314 Y-1.07 E0.02202
G1 X35.217 Y-1.245 E0.02237
G1 X36.12 Y-1.572 E0.02336
G1 X37.023 Y-2.079 E0.02519
G1 X37.926 Y-2.866 E0.02913
G1 X38.716 Y-3.92 E0.03204
G1 F3600 E-1
G0 F12000 X31.045 Y3.955
G0 X30.333 Y4.324
;TYPE:WALL-INNER
G1 F3600 E1
G1 F2048.6 X39.325 Y4.325 E0.2187
G1 X39.325 Y-4.325 E0.21038
G1 X30.675 Y-4.325 E0.21038
G1 X30.675 Y3.884 E0.19965
G1 X30.333 Y4.324 E0.01355
G1 F3600 E-1
G0 F12000 X31.045 Y3.955
G0 X39.455 Y4.455
G0 X39.75 Y4.75
;TYPE:WALL-OUTER
G1 F3600 E1
G1 F2048.6 X39.75 Y-4.75 E0.23105
G1 X30.25 Y-4.75 E0.23105
G1 X30.25 Y3.884 E0.20999
G1 X30.062 Y4.127 E0.00747
G1 X29.175 Y4.35 E0.02224
G1 X28.397 Y4.564 E0.01962
G1 X28.086 Y4.657 E0.00789
G1 X27.774 Y4.75 E0.00792
G1 X28.095 Y4.75 E0.00781
G1 X39.75 Y4.75 E0.28347
G0 F12000 X39.75 Y3.95
G0 X38.575 Y3.575
G1 F3600 E-1
;MESH:NONMESH
G0 F600 X38.575 Y3.575 Z12.39
G0 F12000 X34.048 Y3.919
;TIME_ELAPSED:292.724051
;LAYER:93
;note -- min layer time used
;TYPE:FILL
;MESH:bridge_3a.stl
G1 F3600 E1
G1 F2070.9 X33.411 Y2.987 E0.02746
G1 X32.508 Y1.472 E0.0429
G1 X31.605 Y0.89 E0.02613
G1 X31.08 Y0.909 E0.01278
G1 X31.08 Y-3.756 E0.11346
G1 X31.605 Y-2.988 E0.02263
G1 X32.508 Y-1.473 E0.0429
G1 X33.411 Y-.891 E0.02613
G1 X34.314 Y-.923 E0.02198
G1 X35.217 Y-1.155 E0.02268
G1 X36.12 Y-1.524 E0.02373
G1 X37.023 Y-2.071 E0.02568
G1 X37.926 Y-2.916 E0.03008
G1 X38.612 Y-3.92 E0.02957
G1 F3600 E-1
G0 F12000 X31.045 Y3.955
G0 X30.22 Y4.324
;TYPE:WALL-INNER
G1 F3600 E1
G1 F2070.9 X39.325 Y4.325 E0.22145
G1 X39.325 Y-4.325 E0.21038
G1 X30.675 Y-4.325 E0.21038
G1 X30.675 Y3.74 E0.19615
G1 X30.22 Y4.324 E0.01801
G1 F3600 E-1
G0 F12000 X31.045 Y3.955
G0 X39.455 Y4.455
G0 X39.75 Y4.75
;TYPE:WALL-OUTER
G1 F3600 E1
G1 F2070.9 X39.75 Y-4.75 E0.23105
G1 X30.25 Y-4.75 E0.23105
G1 X30.25 Y3.74 E0.20649
G1 X30.062 Y3.983 E0.00747
G1 X29.062 Y4.235 E0.02508
G1 X28.245 Y4.461 E0.02062
G1 X27.605 Y4.66 E0.0163
G1 X27.317 Y4.75 E0.00734
G1 X27.605 Y4.75 E0.007
G1 X39.75 Y4.75 E0.29538
G0 F12000 X39.75 Y3.95
G0 X38.575 Y3.575
G1 F3600 E-1
;MESH:NONMESH
G0 F600 X38.575 Y3.575 Z12.52
G0 F12000 X34.105 Y3.92
;TIME_ELAPSED:296.152617
;LAYER:94
;note -- min layer time used
;TYPE:FILL
;MESH:bridge_3a.stl
G1 F3600 E1
G1 F2109.6 X33.411 Y2.793 E0.03219
G1 X32.508 Y1.041 E0.04794
G1 X31.605 Y0.608 E0.02436
G1 X31.08 Y0.698 E0.01296
G1 X31.08 Y-3.646 E0.10565
G1 X31.605 Y-2.794 E0.02434
G1 X32.508 Y-1.042 E0.04794
G1 X33.411 Y-.609 E0.02436
G1 X34.314 Y-.763 E0.02228
G1 X35.217 Y-1.059 E0.02311
G1 X36.12 Y-1.471 E0.02414
G1 X37.023 Y-2.059 E0.02621
G1 X37.926 Y-2.965 E0.03111
G1 X38.514 Y-3.92 E0.02728
G1 F3600 E-1
G0 F12000 X30.506 Y3.986
G0 X29.853 Y4.325
;TYPE:WALL-INNER
G1 F3600 E1
G1 F2109.6 X39.325 Y4.325 E0.23037
G1 X39.325 Y-4.325 E0.21038
G1 X30.675 Y-4.325 E0.21038
G1 X30.675 Y3.592 E0.19255
G1 X30.577 Y3.944 E0.00889
G1 X30.166 Y4.247 E0.01242
G1 X29.853 Y4.325 E0.00785
G1 F3600 E-1
G0 F12000 X39.455 Y4.455
G0 X39.75 Y4.75
;TYPE:WALL-OUTER
G1 F3600 E1
G1 F2109.6 X39.75 Y-4.75 E0.23105
G1 X30.25 Y-4.75 E0.23105
G1 X30.25 Y3.592 E0.20289
G1 X30.214 Y3.723 E0.0033
G1 X30.062 Y3.835 E0.00459
G1 X29.061 Y4.087 E0.02511
G1 X28.128 Y4.345 E0.02354
G1 X27.136 Y4.657 E0.02529
G1 X26.842 Y4.75 E0.0075
G1 X27.136 Y4.75 E0.00715
G1 X39.75 Y4.75 E0.30679
G0 F12000 X39.75 Y3.95
G0 X38.575 Y3.575
G1 F3600 E-1
;MESH:NONMESH
G0 F600 X38.575 Y3.575 Z12.65
G0 F12000 X31.08 Y-3.625
;TIME_ELAPSED:299.605062
;LAYER:95
;note -- min layer time used
;TYPE:FILL
;MESH:bridge_3a.stl
G1 F3600 E1
G1 F2216.6 X31.54 Y-2.709 E0.02493
G1 X31.896 Y-1.806 E0.02361
G1 X32.195 Y-.903 E0.02313
G1 X32.238 Y0.00 E0.02199
G1 X31.08 Y0.451 E0.03022
G1 X31.08 Y3.476 E0.07357
G1 X30.956 Y3.92 E0.01121
G1 X34.141 Y3.92 E0.07746
G1 X33.928 Y3.612 E0.00911
G1 X33.477 Y2.709 E0.02455
G1 X33.121 Y1.806 E0.02361
G1 X32.822 Y0.903 E0.02313
G1 X32.779 Y0.00 E0.02199
G1 X35.096 Y-.903 E0.06048
G1 X36.725 Y-1.806 E0.0453
G1 X37.689 Y-2.709 E0.03213
G1 X38.313 Y-3.612 E0.0267
G1 X38.467 Y-3.92 E0.00838
G1 F3600 E-1
G0 F12000 X30.506 Y3.841
G0 X29.282 Y4.325
;TYPE:WALL-INNER
G1 F3600 E1
G1 F2216.6 X39.325 Y4.325 E0.24426
G1 X39.325 Y-4.325 E0.21038
G1 X30.675 Y-4.325 E0.21038
G1 X30.675 Y3.448 E0.18905
G1 X30.577 Y3.8 E0.00889
G1 X30.166 Y4.103 E0.01242
G1 X29.282 Y4.325 E0.02217
G1 F3600 E-1
G0 F12000 X27.86 Y4.523
G0 X26.391 Y4.75
;TYPE:WALL-OUTER
G1 F3600 E1
G1 F2216.6 X39.75 Y4.75 E0.32491
G1 X39.75 Y-4.75 E0.23105
G1 X30.25 Y-4.75 E0.23105
G1 X30.25 Y3.448 E0.19939
G1 X30.214 Y3.579 E0.0033
G1 X30.062 Y3.691 E0.00459
G1 X28.825 Y4.003 E0.03103
G1 X28.069 Y4.217 E0.01911
G1 X27.291 Y4.455 E0.01979
G1 X26.391 Y4.75 E0.02304
G0 F12000 X27.191 Y4.75
G1 F3600 E-1
;MESH:NONMESH
G0 F600 X27.191 Y4.75 Z12.78
G0 F12000 X27.939 Y4.511
G0 X30.506 Y3.841
G0 X31.08 Y-3.503
;TIME_ELAPSED:303.042489
;LAYER:96
;note -- min layer time used
;TYPE:FILL
;MESH:bridge_3a.stl
G1 F3600 E1
G1 F2220 X31.438 Y-2.709 E0.02118
G1 X31.725 Y-1.806 E0.02304
G1 X31.863 Y-.903 E0.02222
G1 X31.403 Y0.00 E0.02465
G1 X31.08 Y0.17 E0.00888
G1 X31.08 Y3.325 E0.07673
G1 X30.915 Y3.919 E0.01499
G1 X34.184 Y3.919 E0.07951
G1 X33.986 Y3.612 E0.00888
G1 X33.579 Y2.709 E0.02409
G1 X33.292 Y1.806 E0.02304
G1 X33.154 Y0.903 E0.02222
G1 X33.614 Y0.00 E0.02465
G1 X35.328 Y-.903 E0.04712
G1 X36.774 Y-1.806 E0.04146
G1 X37.672 Y-2.709 E0.03097
G1 X38.255 Y-3.612 E0.02614
G1 X38.394 Y-3.92 E0.00822
G1 F3600 E-1
G0 F12000 X30.506 Y3.694
G0 X28.738 Y4.325
;TYPE:WALL-INNER
G1 F3600 E1
G1 F2220 X39.325 Y4.325 E0.25749
G1 X39.325 Y-4.325 E0.21038
G1 X30.675 Y-4.325 E0.21038
G1 X30.675 Y3.3 E0.18545
G1 X30.578 Y3.651 E0.00886
G1 X30.169 Y3.954 E0.01238
G1 X28.738 Y4.325 E0.03595
G1 F3600 E-1
G0 F12000 X27.373 Y4.523
G0 X25.95 Y4.75
;TYPE:WALL-OUTER
G1 F3600 E1
G1 F2220 X39.75 Y4.75 E0.33564
G1 X39.75 Y-4.75 E0.23105
G1 X30.25 Y-4.75 E0.23105
G1 X30.25 Y3.3 E0.19579
G1 X30.214 Y3.43 E0.00328
G1 X30.063 Y3.543 E0.00459
G1 X28.713 Y3.891 E0.03391
G1 X28.068 Y4.073 E0.0163
G1 X27.173 Y4.343 E0.02274
G1 X25.95 Y4.75 E0.03135
G0 F12000 X26.75 Y4.75
G1 F3600 E-1
;MESH:NONMESH
G0 F600 X26.75 Y4.75 Z12.91
G0 F12000 X27.452 Y4.511
G0 X30.506 Y3.694
G0 X31.08 Y-3.361
;TIME_ELAPSED:306.487385
;LAYER:97
;note -- min layer time used
;TYPE:FILL
;MESH:bridge_3a.stl
G1 F3600 E1
G1 F2242 X31.343 Y-2.709 E0.0171
G1 X31.568 Y-1.806 E0.02263
G1 X31.586 Y-.903 E0.02197
G1 X31.08 Y-.134 E0.02239
G1 X31.08 Y3.182 E0.08065
G1 X30.873 Y3.919 E0.01862
G1 X34.223 Y3.919 E0.08148
G1 X34.038 Y3.612 E0.00872
G1 X33.674 Y2.709 E0.02368
G1 X33.449 Y1.806 E0.02263
G1 X33.431 Y0.903 E0.02197
G1 X34.025 Y0.00 E0.02629
G1 X35.518 Y-.903 E0.04244
G1 X36.823 Y-1.806 E0.0386
G1 X37.661 Y-2.709 E0.02996
G1 X38.203 Y-3.612 E0.02561
G1 X38.327 Y-3.92 E0.00808
G1 F3600 E-1
G0 F12000 X30.506 Y3.553
G0 X28.214 Y4.326
;TYPE:WALL-INNER
G1 F3600 E1
G1 F2242 X39.325 Y4.325 E0.27024
G1 X39.325 Y-4.325 E0.21038
G1 X30.675 Y-4.325 E0.21038
G1 X30.675 Y3.156 E0.18195
G1 X30.576 Y3.509 E0.00892
G1 X30.162 Y3.812 E0.01248
G1 X29.486 Y3.978 E0.01693
G1 X28.715 Y4.182 E0.0194
G1 X28.214 Y4.326 E0.01268
G1 F3600 E-1
G0 F12000 X26.911 Y4.522
G0 X25.551 Y4.746
;TYPE:WALL-OUTER
G1 F3600 E1
G1 F2242 X39.75 Y4.75 E0.34534
G1 X39.75 Y-4.75 E0.23105
G1 X30.25 Y-4.75 E0.23105
G1 X30.25 Y3.156 E0.19229
G1 X30.214 Y3.287 E0.0033
G1 X30.06 Y3.399 E0.00463
G1 X29.378 Y3.567 E0.01708
G1 X28.599 Y3.774 E0.0196
G1 X27.824 Y3.997 E0.01961
G1 X26.314 Y4.474 E0.03851
G1 X25.551 Y4.746 E0.0197
G0 F12000 X26.351 Y4.746
G1 F3600 E-1
;MESH:NONMESH
G0 F600 X26.351 Y4.746 Z13.04
G0 F12000 X26.99 Y4.51
G0 X30.506 Y3.553
G0 X31.08 Y-3.195
;TIME_ELAPSED:309.934599
;LAYER:98
;note -- min layer time used
;TYPE:FILL
;MESH:bridge_3a.stl
G1 F3600 E1
G1 F2268.1 X31.254 Y-2.709 E0.01255
G1 X31.421 Y-1.806 E0.02233
G1 X31.347 Y-.903 E0.02204
G1 X31.08 Y-.538 E0.011
G1 X31.08 Y3.034 E0.08688
G1 X30.831 Y3.919 E0.02236
G1 X34.257 Y3.919 E0.08333
G1 X34.086 Y3.612 E0.00855
G1 X33.763 Y2.709 E0.02333
G1 X33.596 Y1.806 E0.02233
G1 X33.67 Y0.903 E0.02204
G1 X34.33 Y0.00 E0.0272
G1 X35.681 Y-.903 E0.03952
G1 X36.873 Y-1.806 E0.03637
G1 X37.654 Y-2.709 E0.02904
G1 X38.155 Y-3.612 E0.02512
G1 X38.265 Y-3.92 E0.00795
G1 F3600 E-1
G0 F12000 X30.506 Y3.406
G0 X27.716 Y4.326
;TYPE:WALL-INNER
G1 F3600 E1
G1 F2268.1 X39.325 Y4.325 E0.28235
G1 X39.325 Y-4.325 E0.21038
G1 X30.675 Y-4.325 E0.21038
G1 X30.675 Y3.008 E0.17835
G1 X30.576 Y3.361 E0.00892
G1 X30.163 Y3.663 E0.01244
G1 X29.376 Y3.859 E0.01973
G1 X27.716 Y4.326 E0.04194
G1 F3600 E-1
G0 F12000 X26.456 Y4.522
G0 X25.119 Y4.751
;TYPE:WALL-OUTER
G1 F3600 E1
G1 F2268.1 X39.75 Y4.75 E0.35585
G1 X39.75 Y-4.75 E0.23105
G1 X30.25 Y-4.75 E0.23105
G1 X30.25 Y3.008 E0.18869
G1 X30.214 Y3.139 E0.0033
G1 X30.061 Y3.251 E0.00461
G1 X29.264 Y3.448 E0.01997
G1 X27.709 Y3.885 E0.03928
G1 X26.953 Y4.115 E0.01922
G1 X26.172 Y4.373 E0.02
G1 X25.119 Y4.751 E0.02721
G0 F12000 X25.919 Y4.751
G1 F3600 E-1
;MESH:NONMESH
G0 F600 X25.919 Y4.751 Z13.17
G0 F12000 X26.535 Y4.51
G0 X30.506 Y3.406
G0 X31.08 Y-2.998
;TIME_ELAPSED:313.385763
;LAYER:99
;note -- min layer time used
;TYPE:FILL
;MESH:bridge_3a.stl
G1 F3600 E1
G1 F2292.3 X31.17 Y-2.709 E0.00736
G1 X31.284 Y-1.806 E0.02214
G1 X31.136 Y-.903 E0.02226
G1 X31.08 Y-.831 E0.00222
G1 X31.08 Y2.892 E0.09055
G1 X30.927 Y3.441 E0.01386
G1 X30.78 Y3.549 E0.00444
G1 X30.901 Y3.92 E0.00949
G1 X34.286 Y3.92 E0.08233
G1 X34.128 Y3.612 E0.00842
G1 X33.847 Y2.709 E0.023
G1 X33.733 Y1.806 E0.02214
G1 X33.881 Y0.903 E0.02226
G1 X34.58 Y0.00 E0.02777
G1 X35.828 Y-.903 E0.03747
G1 X36.925 Y-1.806 E0.03456
G1 X37.651 Y-2.709 E0.02818
G1 X38.113 Y-3.612 E0.02467
G1 X38.209 Y-3.92 E0.00785
G1 F3600 E-1
G0 F12000 X30.506 Y3.262
G0 X27.242 Y4.325
;TYPE:WALL-INNER
G1 F3600 E1
G1 F2292.3 X39.325 Y4.325 E0.29388
G1 X39.325 Y-4.325 E0.21038
G1 X30.675 Y-4.325 E0.21038
G1 X30.675 Y2.864 E0.17485
G1 X30.577 Y3.216 E0.00889
G1 X30.164 Y3.52 E0.01247
G1 X29.256 Y3.746 E0.02276
G1 X27.688 Y4.182 E0.03958
G1 X27.242 Y4.325 E0.01139
G1 F3600 E-1
G0 F12000 X26.021 Y4.522
G0 X24.709 Y4.75
;TYPE:WALL-OUTER
G1 F3600 E1
G1 F2292.3 X39.75 Y4.75 E0.36582
G1 X39.75 Y-4.75 E0.23105
G1 X30.25 Y-4.75 E0.23105
G1 X30.25 Y2.864 E0.18518
G1 X30.214 Y2.995 E0.0033
G1 X30.061 Y3.107 E0.00461
G1 X29.145 Y3.336 E0.02296
G1 X27.558 Y3.777 E0.04006
G1 X26.157 Y4.23 E0.03581
G1 X24.709 Y4.75 E0.03742
G0 F12000 X25.509 Y4.75
G1 F3600 E-1
;MESH:NONMESH
G0 F600 X25.509 Y4.75 Z13.3
G0 F12000 X26.1 Y4.508
G0 X30.506 Y3.262
G0 X31.08 Y-2.758
;TIME_ELAPSED:316.841550
;LAYER:100
;note -- min layer time used
;TYPE:FILL
;MESH:bridge_3a.stl
G1 F3600 E1
G1 F2317.6 X31.093 Y-2.709 E0.00123
G1 X31.157 Y-1.806 E0.02202
G1 X31.08 Y-1.476 E0.00824
G1 X31.08 Y2.738 E0.10249
G1 X31.02 Y3.085 E0.00856
G1 X30.672 Y3.641 E0.01595
G1 X30.826 Y3.92 E0.00775
G1 X34.309 Y3.92 E0.08471
G1 X34.165 Y3.612 E0.00827
G1 X33.924 Y2.709 E0.02273
G1 X33.86 Y1.806 E0.02202
G1 X34.071 Y0.903 E0.02255
G1 X34.794 Y0.00 E0.02813
G1 X35.962 Y-.903 E0.03591
G1 X36.978 Y-1.806 E0.03306
G1 X37.653 Y-2.709 E0.02742
G1 X38.076 Y-3.612 E0.02425
G1 X38.158 Y-3.92 E0.00775
G1 F3600 E-1
G0 F12000 X30.506 Y3.116
G0 X26.787 Y4.325
;TYPE:WALL-INNER
G1 F3600 E1
G1 F2317.6 X39.325 Y4.325 E0.30494
G1 X39.325 Y-4.325 E0.21038
G1 X30.675 Y-4.325 E0.21038
G1 X30.675 Y2.72 E0.17134
G1 X30.637 Y2.945 E0.00555
G1 X30.478 Y3.197 E0.00725
G1 X30.163 Y3.376 E0.00881
G1 X29.168 Y3.622 E0.02493
G1 X28.334 Y3.85 E0.02103
G1 X27.613 Y4.063 E0.01828
G1 X26.787 Y4.325 E0.02108
G1 F3600 E-1
G0 F12000 X25.592 Y4.522
G0 X24.323 Y4.75
;TYPE:WALL-OUTER
G1 F3600 E1
G1 F2317.6 X39.75 Y4.75 E0.37521
G1 X39.75 Y-4.75 E0.23105
G1 X30.25 Y-4.75 E0.23105
G1 X30.25 Y2.782 E0.18319
G1 X30.178 Y2.897 E0.0033
G1 X30.061 Y2.963 E0.00327
G1 X29.056 Y3.212 E0.02518
G1 X28.215 Y3.442 E0.02121
G1 X27.484 Y3.657 E0.01853
G1 X26.075 Y4.107 E0.03597
G1 X25.249 Y4.4 E0.02132
G1 X24.323 Y4.75 E0.02408
G0 F12000 X25.123 Y4.75
G1 F3600 E-1
;MESH:NONMESH
G0 F600 X25.123 Y4.75 Z13.43
G0 F12000 X25.671 Y4.509
G0 X34.329 Y3.92
;TIME_ELAPSED:320.252839
;LAYER:101
;note -- min layer time used
;TYPE:FILL
;MESH:bridge_3a.stl
G1 F3600 E1
G1 F2128.2 X34.198 Y3.612 E0.00814
G1 X33.996 Y2.709 E0.02251
G1 X33.979 Y1.806 E0.02197
G1 X34.245 Y0.903 E0.0229
G1 X34.985 Y0.00 E0.02839
G1 X36.087 Y-.903 E0.03465
G1 X37.033 Y-1.806 E0.03181
G1 X37.66 Y-2.709 E0.02674
G1 X38.043 Y-3.612 E0.02386
G1 X38.112 Y-3.92 E0.00768
G1 F3600 E-1
G0 F12000 X30.506 Y2.972
G0 X26.309 Y4.326
;TYPE:WALL-INNER
G1 F3600 E1
G1 F2128.2 X39.325 Y4.325 E0.31657
G1 X39.325 Y-4.325 E0.21038
G1 X30.675 Y-4.325 E0.21038
G1 X30.675 Y2.576 E0.16784
G1 X30.637 Y2.802 E0.00557
G1 X30.477 Y3.054 E0.00726
G1 X30.162 Y3.232 E0.0088
G1 X29.225 Y3.463 E0.02347
G1 X28.218 Y3.734 E0.02536
G1 X27.503 Y3.949 E0.01816
G1 X26.309 Y4.326 E0.03045
G1 F3600 E-1
G0 F12000 X25.174 Y4.522
G0 X23.934 Y4.749
;TYPE:WALL-OUTER
G1 F3600 E1
G1 F2128.2 X39.75 Y4.75 E0.38467
G1 X39.75 Y-4.75 E0.23105
G1 X30.25 Y-4.75 E0.23105
G1 X30.25 Y2.638 E0.17969
G1 X30.177 Y2.753 E0.00331
G1 X30.06 Y2.819 E0.00327
G1 X29.114 Y3.053 E0.0237
G1 X28.096 Y3.327 E0.02564
G1 X27.375 Y3.544 E0.01831
G1 X26.138 Y3.935 E0.03155
G1 X25.136 Y4.288 E0.02584
G1 X23.934 Y4.749 E0.03131
G0 F12000 X24.734 Y4.749
G1 F3600 E-1
;MESH:NONMESH
G0 F600 X24.734 Y4.749 Z13.56
G0 F12000 X25.253 Y4.506
G0 X34.344 Y3.92
;TIME_ELAPSED:323.652642
;LAYER:102
;note -- min layer time used
;TYPE:FILL
;MESH:bridge_3a.stl
G1 F3600 E1
G1 F2157.8 X34.227 Y3.612 E0.00801
G1 X34.064 Y2.709 E0.02232
G1 X34.091 Y1.806 E0.02197
G1 X34.404 Y0.903 E0.02324
G1 X35.158 Y0.00 E0.02861
G1 X36.206 Y-.903 E0.03365
G1 X37.089 Y-1.806 E0.03072
G1 X37.67 Y-2.709 E0.02612
G1 X38.014 Y-3.612 E0.0235
G1 X38.07 Y-3.92 E0.00761
G1 F3600 E-1
G0 F12000 X30.506 Y2.826
G0 X25.871 Y4.327
;TYPE:WALL-INNER
G1 F3600 E1
G1 F2157.8 X39.325 Y4.325 E0.32722
G1 X39.325 Y-4.325 E0.21038
G1 X30.675 Y-4.325 E0.21038
G1 X30.675 Y2.428 E0.16424
G1 X30.637 Y2.653 E0.00555
G1 X30.479 Y2.904 E0.00721
G1 X30.165 Y3.083 E0.00879
G1 X28.912 Y3.398 E0.03142
G1 X28.183 Y3.598 E0.01839
G1 X27.384 Y3.834 E0.02026
G1 X26.638 Y4.07 E0.01903
G1 X25.871 Y4.327 E0.01967
G1 F3600 E-1
G0 F12000 X24.772 Y4.522
G0 X23.555 Y4.75
;TYPE:WALL-OUTER
G1 F3600 E1
G1 F2157.8 X39.75 Y4.75 E0.39389
G1 X39.75 Y-4.75 E0.23105
G1 X30.25 Y-4.75 E0.23105
G1 X30.25 Y2.49 E0.17609
G1 X30.178 Y2.605 E0.0033
G1 X30.062 Y2.671 E0.00325
G1 X28.8 Y2.988 E0.03165
G1 X28.063 Y3.19 E0.01859
G1 X27.256 Y3.429 E0.02047
G1 X26.502 Y3.667 E0.01923
G1 X25.727 Y3.929 E0.0199
G1 X24.372 Y4.423 E0.03508
G1 X23.555 Y4.75 E0.0214
G0 F12000 X24.355 Y4.75
G1 F3600 E-1
;MESH:NONMESH
G0 F600 X24.355 Y4.75 Z13.69
G0 F12000 X24.851 Y4.508
G0 X34.356 Y3.921
;TIME_ELAPSED:327.053974
;LAYER:103
;note -- min layer time used
;TYPE:FILL
;MESH:bridge_3a.stl
G1 F3600 E1
G1 F2185.6 X34.251 Y3.612 E0.00794
G1 X34.126 Y2.709 E0.02217
G1 X34.196 Y1.806 E0.02203
G1 X34.553 Y0.903 E0.02362
G1 X35.318 Y0.00 E0.02878
G1 X36.32 Y-.903 E0.03281
G1 X37.148 Y-1.806 E0.0298
G1 X37.683 Y-2.709 E0.02553
G1 X37.99 Y-3.612 E0.0232
G1 X38.033 Y-3.92 E0.00756
G1 F3600 E-1
G0 F12000 X30.506 Y2.682
G0 X25.467 Y4.325
;TYPE:WALL-INNER
G1 F3600 E1
G1 F2185.6 X39.325 Y4.325 E0.33705
G1 X39.325 Y-4.325 E0.21038
G1 X30.675 Y-4.325 E0.21038
G1 X30.675 Y2.284 E0.16074
G1 X30.637 Y2.51 E0.00557
G1 X30.477 Y2.762 E0.00726
G1 X30.162 Y2.94 E0.0088
G1 X29.224 Y3.171 E0.0235
G1 X28.18 Y3.455 E0.02631
G1 X27.266 Y3.723 E0.02317
G1 X26.525 Y3.958 E0.01891
G1 X25.467 Y4.325 E0.02724
G1 F3600 E-1
G0 F12000 X24.374 Y4.522
G0 X23.197 Y4.751
;TYPE:WALL-OUTER
G1 F3600 E1
G1 F2185.6 X39.75 Y4.75 E0.40259
G1 X39.75 Y-4.75 E0.23105
G1 X30.25 Y-4.75 E0.23105
G1 X30.25 Y2.346 E0.17259
G1 X30.177 Y2.461 E0.00331
G1 X30.06 Y2.527 E0.00327
G1 X29.113 Y2.761 E0.02373
G1 X28.061 Y3.047 E0.02651
G1 X27.138 Y3.318 E0.0234
G1 X26.389 Y3.555 E0.01911
G1 X25.614 Y3.818 E0.0199
G1 X24.264 Y4.318 E0.03501
G1 X23.197 Y4.751 E0.02801
G0 F12000 X23.997 Y4.751
G1 F3600 E-1
;MESH:NONMESH
G0 F600 X23.997 Y4.751 Z13.82
G0 F12000 X24.453 Y4.508
G0 X34.363 Y3.92
;TIME_ELAPSED:330.456779
;LAYER:104
;note -- min layer time used
;TYPE:FILL
;MESH:bridge_3a.stl
G1 F3600 E1
G1 F2215.1 X34.271 Y3.612 E0.00782
G1 X34.184 Y2.709 E0.02206
G1 X34.295 Y1.806 E0.02213
G1 X34.692 Y0.903 E0.02399
G1 X35.468 Y0.00 E0.02896
G1 X36.432 Y-.903 E0.03213
G1 X37.208 Y-1.806 E0.02896
G1 X37.701 Y-2.709 E0.02502
G1 X37.97 Y-3.612 E0.02292
G1 X38 Y-3.92 E0.00753
G1 F3600 E-1
G0 F12000 X30.506 Y2.539
G0 X25.054 Y4.325
;TYPE:WALL-INNER
G1 F3600 E1
G1 F2215.1 X39.325 Y4.325 E0.34709
G1 X39.325 Y-4.325 E0.21038
G1 X30.675 Y-4.325 E0.21038
G1 X30.675 Y2.14 E0.15724
G1 X30.637 Y2.366 E0.00557
G1 X30.476 Y2.619 E0.00729
G1 X30.159 Y2.797 E0.00884
G1 X29.464 Y2.964 E0.01738
G1 X28.687 Y3.165 E0.01952
G1 X27.93 Y3.377 E0.01912
G1 X26.476 Y3.828 E0.03703
G1 X25.648 Y4.105 E0.02124
G1 X25.054 Y4.325 E0.01541
G1 F3600 E-1
G0 F12000 X23.986 Y4.522
G0 X22.818 Y4.75
;TYPE:WALL-OUTER
G1 F3600 E1
G1 F2215.1 X39.75 Y4.75 E0.41181
G1 X39.75 Y-4.75 E0.23105
G1 X30.25 Y-4.75 E0.23105
G1 X30.25 Y2.202 E0.16908
G1 X30.177 Y2.318 E0.00333
G1 X30.059 Y2.384 E0.00329
G1 X29.358 Y2.553 E0.01754
G1 X28.573 Y2.756 E0.01972
G1 X27.793 Y2.975 E0.0197
G1 X26.342 Y3.425 E0.03695
G1 X25.5 Y3.707 E0.0216
G1 X24.084 Y4.235 E0.03676
G1 X22.818 Y4.75 E0.03324
G0 F12000 X23.618 Y4.75
G1 F3600 E-1
;MESH:NONMESH
G0 F600 X23.618 Y4.75 Z13.95
G0 F12000 X24.065 Y4.507
G0 X34.366 Y3.92
;TIME_ELAPSED:333.860823
;LAYER:105
;note -- min layer time used
;TYPE:FILL
;MESH:bridge_3a.stl
G1 F3600 E1
G1 F2243.9 X34.287 Y3.612 E0.00773
G1 X34.238 Y2.709 E0.02199
G1 X34.389 Y1.806 E0.02227
G1 X34.824 Y0.903 E0.02438
G1 X35.61 Y0.00 E0.02912
G1 X36.541 Y-.903 E0.03154
G1 X37.271 Y-1.806 E0.02824
G1 X37.722 Y-2.709 E0.02455
G1 X37.954 Y-3.612 E0.02268
G1 X37.971 Y-3.92 E0.0075
G1 F3600 E-1
G0 F12000 X30.506 Y2.394
G0 X24.637 Y4.325
;TYPE:WALL-INNER
G1 F3600 E1
G1 F2243.9 X39.325 Y4.325 E0.35723
G1 X39.325 Y-4.325 E0.21038
G1 X30.675 Y-4.325 E0.21038
G1 X30.675 Y1.996 E0.15374
G1 X30.637 Y2.223 E0.0056
G1 X30.476 Y2.476 E0.00729
G1 X30.158 Y2.653 E0.00885
G1 X29.41 Y2.832 E0.01871
G1 X28.139 Y3.169 E0.03198
G1 X27.05 Y3.498 E0.02767
G1 X26.369 Y3.714 E0.01738
G1 X25.57 Y3.986 E0.02053
G1 X24.637 Y4.325 E0.02414
G1 F3600 E-1
G0 F12000 X23.608 Y4.522
G0 X22.47 Y4.75
;TYPE:WALL-OUTER
G1 F3600 E1
G1 F2243.9 X39.75 Y4.75 E0.42028
G1 X39.75 Y-4.75 E0.23105
G1 X30.25 Y-4.75 E0.23105
G1 X30.25 Y2.058 E0.16558
G1 X30.177 Y2.174 E0.00333
G1 X30.059 Y2.24 E0.00329
G1 X29.302 Y2.421 E0.01893
G1 X28.016 Y2.762 E0.03236
G1 X26.233 Y3.311 E0.04537
G1 X25.427 Y3.586 E0.02071
G1 X24.695 Y3.848 E0.01891
G1 X23.27 Y4.408 E0.03724
G1 X22.47 Y4.75 E0.02116
G0 F12000 X23.27 Y4.75
G1 F3600 E-1
;MESH:NONMESH
G0 F600 X23.27 Y4.75 Z14.08
G0 F12000 X23.687 Y4.507
G0 X34.366 Y3.92
;TIME_ELAPSED:337.265728
;LAYER:106
;note -- min layer time used
;TYPE:FILL
;MESH:bridge_3a.stl
G1 F3600 E1
G1 F2271.3 X34.3 Y3.612 E0.00766
G1 X34.287 Y2.709 E0.02196
G1 X34.478 Y1.806 E0.02245
G1 X34.949 Y0.903 E0.02477
G1 X35.748 Y0.00 E0.02933
G1 X36.65 Y-.903 E0.03104
G1 X37.336 Y-1.806 E0.02758
G1 X37.747 Y-2.709 E0.02413
G1 X37.941 Y-3.612 E0.02246
G1 X37.945 Y-3.92 E0.00749
G1 F3600 E-1
G0 F12000 X30.506 Y2.249
G0 X24.259 Y4.325
;TYPE:WALL-INNER
G1 F3600 E1
G1 F2271.3 X39.325 Y4.325 E0.36643
G1 X39.325 Y-4.325 E0.21038
G1 X30.675 Y-4.325 E0.21038
G1 X30.675 Y1.848 E0.15014
G1 X30.637 Y2.074 E0.00557
G1 X30.478 Y2.326 E0.00725
G1 X30.162 Y2.504 E0.00882
G1 X29.233 Y2.732 E0.02327
G1 X28.457 Y2.936 E0.01951
G1 X27.689 Y3.154 E0.01942
G1 X26.202 Y3.619 E0.03789
G1 X25.459 Y3.874 E0.01911
G1 X24.739 Y4.136 E0.01863
G1 X24.259 Y4.325 E0.01255
G1 F3600 E-1
G0 F12000 X23.231 Y4.522
G0 X22.121 Y4.75
;TYPE:WALL-OUTER
G1 F3600 E1
G1 F2271.3 X39.75 Y4.75 E0.42876
G1 X39.75 Y-4.75 E0.23105
G1 X30.25 Y-4.75 E0.23105
G1 X30.25 Y1.91 E0.16198
G1 X30.177 Y2.025 E0.00331
G1 X30.06 Y2.091 E0.00327
G1 X29.146 Y2.315 E0.02289
G1 X28.342 Y2.527 E0.02022
G1 X27.562 Y2.748 E0.01972
G1 X26.065 Y3.217 E0.03815
G1 X25.314 Y3.474 E0.01931
G1 X24.583 Y3.74 E0.01892
G1 X23.161 Y4.301 E0.03718
G1 X22.121 Y4.75 E0.02755
G0 F12000 X22.921 Y4.75
G1 F3600 E-1
;MESH:NONMESH
G0 F600 X22.921 Y4.75 Z14.21
G0 F12000 X23.31 Y4.506
G0 X34.362 Y3.92
;TIME_ELAPSED:340.671575
;LAYER:107
;note -- min layer time used
;TYPE:FILL
;MESH:bridge_3a.stl
G1 F3600 E1
G1 F2300.3 X34.308 Y3.612 E0.00761
G1 X34.332 Y2.709 E0.02197
G1 X34.562 Y1.806 E0.02266
G1 X35.07 Y0.903 E0.0252
G1 X35.881 Y0.00 E0.02952
G1 X36.759 Y-.903 E0.03063
G1 X37.404 Y-1.806 E0.02699
G1 X37.775 Y-2.709 E0.02374
G1 X37.933 Y-3.612 E0.0223
G1 X37.925 Y-3.92 E0.00749
G1 F3600 E-1
G0 F12000 X30.506 Y2.103
G0 X23.856 Y4.325
;TYPE:WALL-INNER
G1 F3600 E1
G1 F2300.3 X39.325 Y4.325 E0.37623
G1 X39.325 Y-4.325 E0.21038
G1 X30.675 Y-4.325 E0.21038
G1 X30.675 Y1.821 E0.14948
G1 X30.576 Y2.057 E0.00622
G1 X30.411 Y2.24 E0.00599
G1 X30.16 Y2.361 E0.00678
G1 X29.218 Y2.589 E0.02357
G1 X28.345 Y2.821 E0.02197
G1 X26.89 Y3.25 E0.03689
G1 X25.313 Y3.774 E0.04042
G1 X23.856 Y4.325 E0.03789
G1 F3600 E-1
G0 F12000 X22.87 Y4.522
G0 X21.774 Y4.75
;TYPE:WALL-OUTER
G1 F3600 E1
G1 F2300.3 X39.75 Y4.75 E0.4372
G1 X39.75 Y-4.75 E0.23105
G1 X30.25 Y-4.75 E0.23105
G1 X30.25 Y1.749 E0.15807
G1 X30.137 Y1.928 E0.00515
G1 X29.136 Y2.17 E0.02505
G1 X28.228 Y2.412 E0.02285
G1 X26.756 Y2.847 E0.03733
G1 X25.164 Y3.376 E0.0408
G1 X23.76 Y3.906 E0.0365
G1 X23.062 Y4.188 E0.01831
G1 X21.774 Y4.75 E0.03418
G0 F12000 X22.574 Y4.75
G1 F3600 E-1
;MESH:NONMESH
G0 F600 X22.574 Y4.75 Z14.34
G0 F12000 X22.949 Y4.506
G0 X34.355 Y3.92
;TIME_ELAPSED:344.078864
;LAYER:108
;note -- min layer time used
;TYPE:FILL
;MESH:bridge_3a.stl
G1 F3600 E1
G1 F2327.7 X34.313 Y3.612 E0.00756
G1 X34.374 Y2.709 E0.02201
G1 X34.642 Y1.806 E0.02291
G1 X35.186 Y0.903 E0.02564
G1 X36.012 Y0.00 E0.02976
G1 X36.869 Y-.903 E0.03028
G1 X37.475 Y-1.806 E0.02645
G1 X37.806 Y-2.709 E0.02339
G1 X37.928 Y-3.612 E0.02216
G1 X37.907 Y-3.92 E0.00751
G1 F3600 E-1
G0 F12000 X30.506 Y1.959
G0 X23.487 Y4.326
;TYPE:WALL-INNER
G1 F3600 E1
G1 F2327.7 X39.325 Y4.325 E0.3852
G1 X39.325 Y-4.325 E0.21038
G1 X30.675 Y-4.325 E0.21038
G1 X30.675 Y1.677 E0.14598
G1 X30.576 Y1.914 E0.00625
G1 X30.411 Y2.096 E0.00597
G1 X30.16 Y2.217 E0.00678
G1 X29.234 Y2.44 E0.02317
G1 X28.222 Y2.705 E0.02544
G1 X27.463 Y2.925 E0.01922
G1 X26.27 Y3.303 E0.03044
G1 X25.202 Y3.662 E0.0274
G1 X23.81 Y4.192 E0.03623
G1 X23.487 Y4.326 E0.00851
G1 F3600 E-1
G0 F12000 X22.51 Y4.522
G0 X21.434 Y4.75
;TYPE:WALL-OUTER
G1 F3600 E1
G1 F2327.7 X39.75 Y4.75 E0.44547
G1 X39.75 Y-4.75 E0.23105
G1 X30.25 Y-4.75 E0.23105
G1 X30.25 Y1.605 E0.15456
G1 X30.137 Y1.784 E0.00515
G1 X29.134 Y2.027 E0.0251
G1 X28.105 Y2.297 E0.02587
G1 X27.335 Y2.52 E0.0195
G1 X26.135 Y2.9 E0.03061
G1 X25.079 Y3.254 E0.02709
G1 X23.646 Y3.799 E0.03729
G1 X22.25 Y4.382 E0.03679
G1 X21.434 Y4.75 E0.02177
G0 F12000 X22.234 Y4.75
G1 F3600 E-1
;MESH:NONMESH
G0 F600 X22.234 Y4.75 Z14.47
G0 F12000 X22.589 Y4.506
G0 X27.158 Y3.442
G0 X27.118 Y3.312
;TIME_ELAPSED:347.449118
;LAYER:109
;note -- min layer time used
;TYPE:FILL
;MESH:bridge_3a.stl
G1 F3600 E1
G1 F3013.8 X27.09 Y3.612 E0.00733
G1 X27.123 Y3.92 E0.00753
G1 X34.343 Y3.92 E0.1756
G1 X34.314 Y3.612 E0.00752
G1 X34.412 Y2.709 E0.02209
G1 X34.718 Y1.806 E0.02319
G1 X35.299 Y0.903 E0.02612
G1 X36.98 Y-.903 E0.06001
G1 X37.549 Y-1.806 E0.02596
G1 X37.842 Y-2.709 E0.02309
G1 X37.927 Y-3.612 E0.02206
G1 X37.894 Y-3.92 E0.00753
G1 F3600 E-1
G0 F12000 X30.506 Y1.812
G0 X23.12 Y4.326
;TYPE:WALL-INNER
G1 F3600 E1
G1 F2604.6 X39.325 Y4.325 E0.39413
G1 X39.325 Y-4.325 E0.21038
G1 X30.675 Y-4.325 E0.21038
G1 X30.675 Y1.53 E0.1424
G1 X30.576 Y1.764 E0.00618
G1 X30.413 Y1.947 E0.00596
G1 X30.163 Y2.068 E0.00676
G1 X28.884 Y2.384 E0.03204
G1 X28.116 Y2.592 E0.01935
G1 X27.351 Y2.813 E0.01937
G1 X25.855 Y3.287 E0.03817
G1 X25.136 Y3.54 E0.01854
G1 X23.7 Y4.084 E0.03735
G1 X23.12 Y4.326 E0.01529
G1 F3600 E-1
G0 F12000 X22.155 Y4.521
G0 X21.101 Y4.75
;TYPE:WALL-OUTER
G1 F3600 E1
G1 F2400 X39.75 Y4.75 E0.45357
G1 X39.75 Y-4.75 E0.23105
G1 X30.25 Y-4.75 E0.23105
G1 X30.25 Y1.456 E0.15094
G1 X30.136 Y1.636 E0.00518
G1 X28.803 Y1.966 E0.0334
G1 X27.999 Y2.184 E0.02026
G1 X27.223 Y2.408 E0.01964
G1 X25.715 Y2.886 E0.03848
G1 X24.986 Y3.142 E0.01879
G1 X23.537 Y3.692 E0.0377
G1 X22.141 Y4.275 E0.03679
G1 X21.457 Y4.579 E0.0182
G1 X21.101 Y4.75 E0.00961
G0 F12000 X21.901 Y4.75
G1 F3600 E-1
;MESH:NONMESH
G0 F600 X21.901 Y4.75 Z14.6
G0 F12000 X22.233 Y4.504
G0 X27.151 Y3.293
G0 X27.112 Y3.163
;TIME_ELAPSED:350.804499
;LAYER:110
;note -- min layer time used
;TYPE:FILL
;MESH:bridge_3a.stl
G1 F3600 E1
G1 F3221.6 X27.088 Y3.612 E0.01094
G1 X27.134 Y3.92 E0.00757
G1 X34.328 Y3.92 E0.17497
G1 X34.312 Y3.612 E0.0075
G1 X34.446 Y2.709 E0.0222
G1 X34.791 Y1.806 E0.02351
G1 X35.41 Y0.903 E0.02663
G1 X36.273 Y0.00 E0.03038
G1 X37.094 Y-.903 E0.02968
G1 X37.626 Y-1.806 E0.02549
G1 X37.881 Y-2.709 E0.02282
G1 X37.929 Y-3.612 E0.02199
G1 X37.883 Y-3.92 E0.00757
G1 F3600 E-1
G0 F12000 X30.506 Y1.666
G0 X22.74 Y4.325
;TYPE:WALL-INNER
G1 F3600 E1
G1 F2673.9 X39.325 Y4.325 E0.40337
G1 X39.325 Y-4.325 E0.21038
G1 X30.675 Y-4.325 E0.21038
G1 X30.675 Y1.385 E0.13888
G1 X30.576 Y1.621 E0.00622
G1 X30.413 Y1.803 E0.00594
G1 X30.162 Y1.924 E0.00678
G1 X28.765 Y2.269 E0.035
G1 X27.228 Y2.7 E0.03882
G1 X26.556 Y2.912 E0.01714
G1 X25.182 Y3.371 E0.03523
G1 X24.37 Y3.672 E0.02106
G1 X22.74 Y4.325 E0.04271
G1 F3600 E-1
G0 F12000 X21.817 Y4.521
G0 X20.766 Y4.75
;TYPE:WALL-OUTER
G1 F3600 E1
G1 F2400 X39.75 Y4.75 E0.46172
G1 X39.75 Y-4.75 E0.23105
G1 X30.25 Y-4.75 E0.23105
G1 X30.25 Y1.312 E0.14744
G1 X30.137 Y1.492 E0.00517
G1 X28.651 Y1.859 E0.03723
G1 X27.101 Y2.294 E0.03915
G1 X26.422 Y2.509 E0.01732
G1 X25.035 Y2.973 E0.03557
G1 X24.214 Y3.277 E0.02129
G1 X22.694 Y3.882 E0.03979
G1 X21.351 Y4.476 E0.03572
G1 X20.766 Y4.75 E0.01571
G0 F12000 X21.566 Y4.75
G1 F3600 E-1
;MESH:NONMESH
G0 F600 X21.566 Y4.75 Z14.73
G0 F12000 X21.895 Y4.505
G0 X27.128 Y3.152
G0 X27.089 Y3.021
;TIME_ELAPSED:354.146314
;LAYER:111
;note -- min layer time used
;TYPE:FILL
;MESH:bridge_3a.stl
G1 F3600 E1
G1 F3420.2 X27.082 Y3.612 E0.01437
G1 X27.14 Y3.92 E0.00762
G1 X34.31 Y3.92 E0.17438
G1 X34.306 Y3.612 E0.00749
G1 X34.476 Y2.709 E0.02235
G1 X34.86 Y1.806 E0.02387
G1 X35.519 Y0.903 E0.02719
G1 X36.405 Y0.00 E0.03077
G1 X37.212 Y-.903 E0.02945
G1 X37.707 Y-1.806 E0.02505
G1 X37.924 Y-2.709 E0.02259
G1 X37.935 Y-3.612 E0.02196
G1 X37.877 Y-3.92 E0.00762
G1 F3600 E-1
G0 F12000 X30.506 Y1.524
G0 X22.387 Y4.325
;TYPE:WALL-INNER
G1 F3600 E1
G1 F2740.1 X39.325 Y4.325 E0.41196
G1 X39.325 Y-4.325 E0.21038
G1 X30.675 Y-4.325 E0.21038
G1 X30.675 Y1.241 E0.13537
G1 X30.576 Y1.477 E0.00622
G1 X30.412 Y1.659 E0.00596
G1 X30.161 Y1.78 E0.00678
G1 X28.651 Y2.149 E0.03781
G1 X27.188 Y2.565 E0.03699
G1 X26.374 Y2.82 E0.02075
G1 X25.637 Y3.064 E0.01888
G1 X24.879 Y3.332 E0.01955
G1 X23.484 Y3.864 E0.03631
G1 X22.387 Y4.325 E0.02894
G1 F3600 E-1
G0 F12000 X21.466 Y4.521
G0 X20.441 Y4.75
;TYPE:WALL-OUTER
G1 F3600 E1
G1 F2400 X39.75 Y4.75 E0.46962
G1 X39.75 Y-4.75 E0.23105
G1 X30.25 Y-4.75 E0.23105
G1 X30.25 Y1.168 E0.14393
G1 X30.137 Y1.348 E0.00517
G1 X28.538 Y1.74 E0.04004
G1 X27.061 Y2.159 E0.03734
G1 X25.496 Y2.663 E0.03999
G1 X24.727 Y2.935 E0.01984
G1 X23.32 Y3.472 E0.03663
G1 X22.096 Y3.987 E0.0323
G1 X21.243 Y4.369 E0.02273
G1 X20.441 Y4.75 E0.0216
G0 F12000 X21.241 Y4.75
G1 F3600 E-1
;MESH:NONMESH
G0 F600 X21.241 Y4.75 Z14.86
G0 F12000 X21.544 Y4.505
G0 X27.092 Y3.016
G0 X27.052 Y2.884
;TIME_ELAPSED:357.478400
;LAYER:112
;note -- min layer time used
;TYPE:FILL
;MESH:bridge_3a.stl
G1 F3600 E1
G1 F3616.9 X27.072 Y3.612 E0.01771
G1 X27.142 Y3.919 E0.00766
G1 X34.287 Y3.92 E0.17378
G1 X34.296 Y3.612 E0.00749
G1 X34.503 Y2.709 E0.02253
G1 X34.927 Y1.806 E0.02426
G1 X35.628 Y0.903 E0.0278
G1 X36.539 Y0.00 E0.0312
G1 X37.333 Y-.903 E0.02924
G1 X37.793 Y-1.806 E0.02465
G1 X37.97 Y-2.709 E0.02238
G1 X37.945 Y-3.612 E0.02197
G1 X37.874 Y-3.92 E0.00769
G1 F3600 E-1
G0 F12000 X30.506 Y1.379
G0 X22.031 Y4.326
;TYPE:WALL-INNER
G1 F3600 E1
G1 F2805.6 X39.325 Y4.325 E0.42062
G1 X39.325 Y-4.325 E0.21038
G1 X30.675 Y-4.325 E0.21038
G1 X30.675 Y1.099 E0.13192
G1 X30.575 Y1.335 E0.00623
G1 X30.409 Y1.518 E0.00601
G1 X30.155 Y1.638 E0.00683
G1 X29.385 Y1.819 E0.01924
G1 X28.165 Y2.135 E0.03065
G1 X27.184 Y2.418 E0.02483
G1 X26.263 Y2.708 E0.02348
G1 X25.525 Y2.953 E0.01891
G1 X24.805 Y3.211 E0.0186
G1 X23.371 Y3.757 E0.03732
G1 X22.031 Y4.326 E0.03541
G1 F3600 E-1
G0 F12000 X21.13 Y4.521
G0 X20.127 Y4.75
;TYPE:WALL-OUTER
G1 F3600 E1
G1 F2400 X39.75 Y4.75 E0.47726
G1 X39.75 Y-4.75 E0.23105
G1 X30.25 Y-4.75 E0.23105
G1 X30.25 Y1.026 E0.14048
G1 X30.135 Y1.206 E0.0052
G1 X29.279 Y1.407 E0.02139
G1 X28.048 Y1.727 E0.03093
G1 X27.056 Y2.013 E0.02511
G1 X26.129 Y2.305 E0.02364
G1 X25.382 Y2.553 E0.01914
G1 X24.654 Y2.814 E0.01881
G1 X23.207 Y3.365 E0.03766
G1 X22.095 Y3.832 E0.02933
G1 X21.136 Y4.264 E0.02558
G1 X20.127 Y4.75 E0.02724
G0 F12000 X20.927 Y4.75
G1 F3600 E-1
;MESH:NONMESH
G0 F600 X20.927 Y4.75 Z14.99
G0 F12000 X21.208 Y4.503
G0 X27.04 Y2.884
G0 X26.999 Y2.75
;TIME_ELAPSED:360.802815
;LAYER:113
;note -- min layer time used
;TYPE:FILL
;MESH:bridge_3a.stl
G1 F3600 E1
G1 F3810.2 X27.058 Y3.612 E0.02101
G1 X27.142 Y3.92 E0.00776
G1 X34.261 Y3.92 E0.17314
G1 X34.282 Y3.612 E0.00751
G1 X34.527 Y2.709 E0.02276
G1 X34.992 Y1.806 E0.0247
G1 X35.737 Y0.903 E0.02847
G1 X36.678 Y0.00 E0.03172
G1 X37.461 Y-.903 E0.02907
G1 X37.883 Y-1.806 E0.02424
G1 X38.021 Y-2.709 E0.02222
G1 X37.959 Y-3.612 E0.02201
G1 X37.875 Y-3.92 E0.00776
G1 F3600 E-1
G0 F12000 X30.506 Y1.234
G0 X21.696 Y4.325
;TYPE:WALL-INNER
G1 F3600 E1
G1 F2870.1 X39.325 Y4.325 E0.42876
G1 X39.325 Y-4.325 E0.21038
G1 X30.675 Y-4.325 E0.21038
G1 X30.675 Y0.924 E0.12766
G1 X30.52 Y1.263 E0.00907
G1 X30.365 Y1.4 E0.00503
G1 X30.156 Y1.489 E0.00552
G1 X29.205 Y1.715 E0.02377
G1 X28.431 Y1.919 E0.01947
G1 X26.889 Y2.359 E0.039
G1 X25.417 Y2.842 E0.03768
G1 X24.692 Y3.1 E0.01872
G1 X23.263 Y3.649 E0.03723
G1 X22.581 Y3.933 E0.01797
G1 X21.696 Y4.325 E0.02354
G1 F3600 E-1
G0 F12000 X20.8 Y4.521
G0 X19.802 Y4.749
;TYPE:WALL-OUTER
G1 F3600 E1
G1 F2400 X39.75 Y4.75 E0.48516
G1 X39.75 Y-4.75 E0.23105
G1 X30.25 Y-4.75 E0.23105
G1 X30.246 Y0.881 E0.13695
G1 X30.193 Y0.992 E0.00299
G1 X30.058 Y1.076 E0.00387
G1 X29.097 Y1.304 E0.02402
G1 X28.349 Y1.5 E0.01881
G1 X26.76 Y1.955 E0.0402
G1 X25.274 Y2.441 E0.03803
G1 X24.54 Y2.703 E0.01896
G1 X23.1 Y3.256 E0.03752
G1 X22.409 Y3.544 E0.01821
G1 X21.097 Y4.125 E0.0349
G1 X19.802 Y4.749 E0.03496
G0 F12000 X20.602 Y4.749
G1 F3600 E-1
;MESH:NONMESH
G0 F600 X20.602 Y4.749 Z15.12
G0 F12000 X20.878 Y4.503
G0 X26.992 Y2.75
G0 X26.951 Y2.619
;TIME_ELAPSED:364.119736
;LAYER:114
;note -- min layer time used
;TYPE:FILL
;MESH:bridge_3a.stl
G1 F3600 E1
G1 F3971.4 X26.941 Y2.709 E0.0022
G1 X27.041 Y3.612 E0.0221
G1 X27.137 Y3.92 E0.00785
G1 X34.231 Y3.92 E0.17254
G1 X34.265 Y3.612 E0.00754
G1 X34.546 Y2.709 E0.023
G1 X35.053 Y1.806 E0.02519
G1 X35.847 Y0.903 E0.02924
G1 X36.823 Y0.00 E0.03234
G1 X37.595 Y-.903 E0.02889
G1 X37.979 Y-1.806 E0.02387
G1 X38.076 Y-2.709 E0.02209
G1 X37.976 Y-3.612 E0.0221
G1 X37.88 Y-3.92 E0.00785
G1 F3600 E-1
G0 F12000 X30.506 Y1.09
G0 X21.346 Y4.325
;TYPE:WALL-INNER
G1 F3600 E1
G1 F2923.8 X36.761 Y4.325 E0.37492
G1 X37.973 Y4.245 E0.02954
G1 X39.325 Y4.192 E0.03291
G1 X39.325 Y-4.325 E0.20715
G1 X30.675 Y-4.325 E0.21038
G1 X30.675 Y0.78 E0.12416
G1 X30.521 Y1.119 E0.00906
G1 X30.366 Y1.256 E0.00503
G1 X30.158 Y1.345 E0.0055
G1 X29.153 Y1.586 E0.02514
G1 X28.313 Y1.803 E0.0211
G1 X27.51 Y2.027 E0.02028
G1 X26.791 Y2.244 E0.01827
G1 X25.303 Y2.734 E0.0381
G1 X24.577 Y2.99 E0.01872
G1 X23.243 Y3.504 E0.03477
G1 X22.473 Y3.826 E0.0203
G1 X21.346 Y4.325 E0.02998
G1 F3600 E-1
G0 F12000 X20.471 Y4.521
G0 X19.489 Y4.75
;TYPE:WALL-OUTER
G1 F3600 E1
G1 F2400 X36.775 Y4.75 E0.42042
G1 X37.99 Y4.67 E0.02961
G1 X38.997 Y4.63 E0.02451
G1 X39.75 Y4.62 E0.01832
G1 X39.75 Y-4.75 E0.22789
G1 X30.25 Y-4.75 E0.23105
G1 X30.246 Y0.736 E0.13343
G1 X30.193 Y0.848 E0.00301
G1 X30.059 Y0.932 E0.00385
G1 X29.047 Y1.175 E0.02531
G1 X28.199 Y1.393 E0.0213
G1 X27.388 Y1.62 E0.02048
G1 X26.658 Y1.84 E0.01854
G1 X25.162 Y2.332 E0.0383
G1 X24.424 Y2.593 E0.01904
G1 X23.08 Y3.112 E0.03504
G1 X22.301 Y3.437 E0.02053
G1 X21.101 Y3.969 E0.03193
G1 X20.252 Y4.37 E0.02284
G1 X19.489 Y4.75 E0.02073
G0 F12000 X20.289 Y4.75
G1 F3600 E-1
;MESH:NONMESH
G0 F600 X20.289 Y4.75 Z15.25
G0 F12000 X20.549 Y4.503
G0 X26.932 Y2.62
G0 X26.895 Y2.494
;TIME_ELAPSED:367.431885
;LAYER:115
;note -- min layer time used
;TYPE:FILL
;MESH:bridge_3a.stl
G1 F3600 E1
G1 F4123.7 X26.882 Y2.709 E0.00524
G1 X27.019 Y3.612 E0.02221
G1 X27.128 Y3.921 E0.00797
G1 X34.196 Y3.92 E0.1719
G1 X34.243 Y3.612 E0.00758
G1 X34.563 Y2.709 E0.0233
G1 X35.113 Y1.806 E0.02572
G1 X35.959 Y0.903 E0.0301
G1 X36.976 Y0.00 E0.03308
G1 X37.737 Y-.903 E0.02872
G1 X38.08 Y-1.806 E0.02349
G1 X38.135 Y-2.709 E0.022
G1 X37.998 Y-3.612 E0.02221
G1 X37.889 Y-3.92 E0.00795
G1 F3600 E-1
G0 F12000 X30.506 Y0.946
G0 X21.019 Y4.325
;TYPE:WALL-INNER
G1 F3600 E1
G1 F2974.6 X35.305 Y4.325 E0.34746
G1 X35.995 Y4.247 E0.01689
G1 X36.956 Y4.166 E0.02346
G1 X37.975 Y4.101 E0.02483
G1 X39.325 Y4.061 E0.03285
G1 X39.325 Y-4.325 E0.20396
G1 X30.675 Y-4.325 E0.21038
G1 X30.675 Y0.636 E0.12066
G1 X30.52 Y0.975 E0.00907
G1 X30.366 Y1.112 E0.00501
G1 X30.157 Y1.201 E0.00552
G1 X29.211 Y1.426 E0.02365
G1 X28.199 Y1.687 E0.02542
G1 X27.46 Y1.894 E0.01867
G1 X25.925 Y2.371 E0.03909
G1 X25.18 Y2.624 E0.01914
G1 X23.823 Y3.125 E0.03518
G1 X22.356 Y3.72 E0.0385
G1 X21.678 Y4.019 E0.01802
G1 X21.019 Y4.325 E0.01767
G1 F3600 E-1
G0 F12000 X20.146 Y4.521
G0 X19.186 Y4.75
;TYPE:WALL-OUTER
G1 F3600 E1
G1 F2400 X35.329 Y4.75 E0.39262
G1 X36.031 Y4.67 E0.01718
G1 X36.984 Y4.59 E0.02326
G1 X37.99 Y4.526 E0.02452
G1 X38.997 Y4.49 E0.02451
G1 X39.75 Y4.48 E0.01832
G1 X39.75 Y-4.75 E0.22449
G1 X30.25 Y-4.75 E0.23105
G1 X30.246 Y0.593 E0.12995
G1 X30.114 Y0.775 E0.00547
G1 X29.105 Y1.015 E0.02523
G1 X28.084 Y1.278 E0.02564
G1 X27.303 Y1.498 E0.01973
G1 X25.788 Y1.968 E0.03858
G1 X25.034 Y2.225 E0.01937
G1 X23.695 Y2.719 E0.03471
G1 X22.206 Y3.321 E0.03906
G1 X21.499 Y3.633 E0.0188
G1 X20.146 Y4.263 E0.0363
G1 X19.186 Y4.75 E0.02618
G0 F12000 X19.986 Y4.75
G1 F3600 E-1
;MESH:NONMESH
G0 F600 X19.986 Y4.75 Z15.38
G0 F12000 X20.224 Y4.503
G0 X26.86 Y2.494
G0 X26.823 Y2.368
;TIME_ELAPSED:370.742011
;LAYER:116
;note -- min layer time used
;TYPE:FILL
;MESH:bridge_3a.stl
G1 F3600 E1
G1 F4278.6 X26.818 Y2.709 E0.00829
G1 X26.993 Y3.612 E0.02237
G1 X27.115 Y3.92 E0.00806
G1 X34.157 Y3.92 E0.17127
G1 X34.217 Y3.612 E0.00763
G1 X34.575 Y2.709 E0.02363
G1 X35.171 Y1.806 E0.02631
G1 X36.075 Y0.903 E0.03108
G1 X37.14 Y0.00 E0.03396
G1 X37.889 Y-.903 E0.02853
G1 X38.187 Y-1.806 E0.02313
G1 X38.199 Y-2.709 E0.02196
G1 X38.024 Y-3.612 E0.02237
G1 X37.902 Y-3.92 E0.00806
G1 F3600 E-1
G0 F12000 X30.506 Y0.8
G0 X20.683 Y4.325
;TYPE:WALL-INNER
G1 F3600 E1
G1 F3026.2 X34.197 Y4.325 E0.32868
G1 X34.923 Y4.225 E0.01782
G1 X35.995 Y4.103 E0.02624
G1 X36.959 Y4.022 E0.02353
G1 X37.973 Y3.961 E0.02471
G1 X39.325 Y3.908 E0.03291
G1 X39.325 Y-4.325 E0.20024
G1 X30.675 Y-4.325 E0.21038
G1 X30.675 Y0.473 E0.11669
G1 X30.534 Y0.814 E0.00897
G1 X30.376 Y0.961 E0.00525
G1 X30.157 Y1.057 E0.00582
G1 X28.855 Y1.368 E0.03256
G1 X28.19 Y1.544 E0.01673
G1 X27.28 Y1.801 E0.023
G1 X25.876 Y2.239 E0.03577
G1 X24.358 Y2.77 E0.03911
G1 X23.648 Y3.04 E0.01847
G1 X22.948 Y3.319 E0.01833
G1 X22.266 Y3.605 E0.01799
G1 X20.683 Y4.325 E0.0423
G1 F3600 E-1
G0 F12000 X19.837 Y4.521
G0 X18.877 Y4.75
;TYPE:WALL-OUTER
G1 F3600 E1
G1 F2400 X34.226 Y4.75 E0.37331
G1 X34.971 Y4.647 E0.01829
G1 X36.031 Y4.526 E0.02595
G1 X36.985 Y4.446 E0.02328
G1 X37.99 Y4.386 E0.02449
G1 X38.997 Y4.346 E0.02451
G1 X39.75 Y4.336 E0.01832
G1 X39.75 Y-4.75 E0.22098
G1 X30.25 Y-4.75 E0.23105
G1 X30.248 Y0.437 E0.12616
G1 X30.198 Y0.554 E0.00309
G1 X30.058 Y0.644 E0.00405
G1 X28.746 Y0.957 E0.03281
G1 X28.054 Y1.141 E0.01742
G1 X27.154 Y1.395 E0.02274
G1 X25.736 Y1.837 E0.03612
G1 X24.208 Y2.372 E0.03938
G1 X22.784 Y2.926 E0.03716
G1 X22.092 Y3.217 E0.01826
G1 X20.709 Y3.841 E0.0369
G1 X19.377 Y4.488 E0.03602
G1 X18.877 Y4.75 E0.01373
G0 F12000 X19.677 Y4.75
G1 F3600 E-1
;MESH:NONMESH
G0 F600 X19.677 Y4.75 Z15.51
G0 F12000 X19.915 Y4.503
G0 X26.77 Y2.376
G0 X26.732 Y2.249
;TIME_ELAPSED:374.048670
;LAYER:117
;note -- min layer time used
;TYPE:FILL
;MESH:bridge_3a.stl
G1 F3600 E1
G1 F4427.3 X26.749 Y2.709 E0.0112
G1 X26.964 Y3.612 E0.02258
G1 X27.099 Y3.92 E0.00818
G1 X33.249 Y3.92 E0.14958
G1 X34.148 Y3.78 E0.02213
G1 X34.188 Y3.612 E0.0042
G1 X34.584 Y2.709 E0.02398
G1 X35.227 Y1.806 E0.02696
G1 X36.196 Y0.903 E0.03221
G1 X37.319 Y0.00 E0.03505
G1 X38.053 Y-.903 E0.0283
G1 X38.301 Y-1.806 E0.02278
G1 X38.268 Y-2.709 E0.02198
G1 X38.053 Y-3.612 E0.02258
G1 X37.918 Y-3.92 E0.00818
G1 F3600 E-1
G0 F12000 X30.506 Y0.657
G0 X20.353 Y4.324
;TYPE:WALL-INNER
G1 F3600 E1
G1 F3075.8 X33.281 Y4.325 E0.31443
G1 X33.906 Y4.223 E0.0154
G1 X34.925 Y4.081 E0.02502
G1 X35.995 Y3.963 E0.02618
G1 X36.956 Y3.882 E0.02346
G1 X37.975 Y3.817 E0.02483
G1 X39.325 Y3.777 E0.03285
G1 X39.325 Y-4.325 E0.19705
G1 X30.675 Y-4.325 E0.21038
G1 X30.675 Y0.279 E0.11198
G1 X30.616 Y0.534 E0.00637
G1 X30.519 Y0.689 E0.00445
G1 X30.362 Y0.827 E0.00508
G1 X30.151 Y0.915 E0.00556
G1 X29.596 Y1.041 E0.01384
G1 X28.155 Y1.406 E0.03615
G1 X27.165 Y1.688 E0.02504
G1 X25.763 Y2.127 E0.03573
G1 X24.247 Y2.662 E0.0391
G1 X22.841 Y3.21 E0.0367
G1 X21.459 Y3.807 E0.03661
G1 X20.787 Y4.112 E0.01795
G1 X20.353 Y4.324 E0.01175
G1 F3600 E-1
G0 F12000 X19.515 Y4.521
G0 X18.569 Y4.75
;TYPE:WALL-OUTER
G1 F3600 E1
G1 F2400 X33.315 Y4.75 E0.35864
G1 X33.965 Y4.644 E0.01602
G1 X34.972 Y4.503 E0.02473
G1 X36.031 Y4.386 E0.02591
G1 X36.984 Y4.306 E0.02326
G1 X37.99 Y4.242 E0.02452
G1 X38.997 Y4.206 E0.02451
G1 X39.75 Y4.196 E0.01832
G1 X39.75 Y-4.75 E0.21758
G1 X30.25 Y-4.75 E0.23105
G1 X30.25 Y0.312 E0.12312
G1 X30.112 Y0.487 E0.00542
G1 X29.54 Y0.617 E0.01427
G1 X28.039 Y0.997 E0.03766
G1 X27.039 Y1.282 E0.02529
G1 X25.622 Y1.726 E0.03612
G1 X24.096 Y2.264 E0.03935
G1 X22.673 Y2.82 E0.03716
G1 X21.284 Y3.419 E0.03679
G1 X20.6 Y3.73 E0.01827
G1 X19.267 Y4.384 E0.03611
G1 X18.569 Y4.75 E0.01917
G0 F12000 X19.369 Y4.75
G1 F3600 E-1
;MESH:NONMESH
G0 F600 X19.369 Y4.75 Z15.64
G0 F12000 X19.593 Y4.503
G0 X26.663 Y2.26
G0 X26.623 Y2.128
;TIME_ELAPSED:377.354762
;LAYER:118
;note -- min layer time used
;TYPE:FILL
;MESH:bridge_3a.stl
G1 F3600 E1
G1 F4569.1 X26.675 Y2.709 E0.01419
G1 X26.929 Y3.612 E0.02281
G1 X27.078 Y3.92 E0.00832
G1 X32.425 Y3.92 E0.13005
G1 X32.813 Y3.846 E0.00961
G1 X34.146 Y3.638 E0.03281
G1 X34.589 Y2.709 E0.02503
G1 X35.281 Y1.806 E0.02767
G1 X36.323 Y0.903 E0.03354
G1 X37.516 Y0.00 E0.03639
G1 X38.232 Y-.903 E0.02803
G1 X38.423 Y-1.806 E0.02245
G1 X38.342 Y-2.709 E0.02205
G1 X38.088 Y-3.612 E0.02281
G1 X37.939 Y-3.92 E0.00832
G1 F3600 E-1
G0 F12000 X30.506 Y0.514
G0 X20.036 Y4.325
;TYPE:WALL-INNER
G1 F3600 E1
G1 F3123 X32.461 Y4.325 E0.30219
G1 X32.887 Y4.245 E0.01054
G1 X33.909 Y4.079 E0.02518
G1 X34.923 Y3.941 E0.02489
G1 X35.995 Y3.819 E0.02624
G1 X36.959 Y3.738 E0.02353
G1 X37.975 Y3.677 E0.02476
G1 X39.325 Y3.637 E0.03285
G1 X39.325 Y-4.325 E0.19365
G1 X30.675 Y-4.325 E0.21038
G1 X30.675 Y0.243 E0.1111
G1 X30.551 Y0.499 E0.00692
G1 X30.359 Y0.681 E0.00643
G1 X30.153 Y0.766 E0.00542
G1 X29.421 Y0.936 E0.01828
G1 X27.858 Y1.342 E0.03928
G1 X27.173 Y1.536 E0.01732
G1 X26.341 Y1.791 E0.02116
G1 X25.598 Y2.036 E0.01903
G1 X24.232 Y2.518 E0.03523
G1 X23.499 Y2.795 E0.01906
G1 X22.254 Y3.305 E0.03272
G1 X21.354 Y3.697 E0.02388
G1 X20.686 Y4.006 E0.0179
G1 X20.036 Y4.325 E0.01761
G1 F3600 E-1
G0 F12000 X19.203 Y4.521
G0 X18.278 Y4.75
;TYPE:WALL-OUTER
G1 F3600 E1
G1 F2400 X32.5 Y4.75 E0.3459
G1 X32.955 Y4.665 E0.01126
G1 X33.966 Y4.5 E0.02491
G1 X34.971 Y4.363 E0.02467
G1 X36.031 Y4.242 E0.02595
G1 X36.985 Y4.162 E0.02328
G1 X37.99 Y4.102 E0.02449
G1 X38.997 Y4.066 E0.02451
G1 X39.75 Y4.056 E0.01832
G1 X39.75 Y-4.75 E0.21417
G1 X30.25 Y-4.75 E0.23105
G1 X30.25 Y0.164 E0.11952
G1 X30.112 Y0.339 E0.00542
G1 X29.317 Y0.524 E0.01985
G1 X28.529 Y0.722 E0.01976
G1 X27.049 Y1.13 E0.03734
G1 X26.208 Y1.387 E0.02139
G1 X25.457 Y1.635 E0.01924
G1 X24.074 Y2.124 E0.03568
G1 X23.339 Y2.402 E0.01911
G1 X22.084 Y2.915 E0.03298
G1 X21.176 Y3.311 E0.02409
G1 X20.499 Y3.624 E0.01814
G1 X19.163 Y4.28 E0.0362
G1 X18.278 Y4.75 E0.02437
G0 F12000 X19.078 Y4.75
G1 F3600 E-1
;MESH:NONMESH
G0 F600 X19.078 Y4.75 Z15.77
G0 F12000 X19.281 Y4.501
G0 X26.534 Y2.153
G0 X26.494 Y2.021
;TIME_ELAPSED:380.659376
;LAYER:119
;note -- min layer time used
;TYPE:FILL
;MESH:bridge_3a.stl
G1 F3600 E1
G1 F4716 X26.595 Y2.709 E0.01691
G1 X26.89 Y3.612 E0.0231
G1 X27.053 Y3.921 E0.0085
G1 X31.682 Y3.92 E0.11258
G1 X33.091 Y3.659 E0.03485
G1 X34.177 Y3.492 E0.02672
G1 X34.589 Y2.709 E0.02152
G1 X35.334 Y1.806 E0.02847
G1 X36.461 Y0.903 E0.03512
G1 X37.741 Y0.00 E0.0381
G1 X38.429 Y-.903 E0.02761
G1 X38.554 Y-1.806 E0.02217
G1 X38.422 Y-2.709 E0.0222
G1 X38.127 Y-3.612 E0.0231
G1 X37.965 Y-3.92 E0.00846
G1 F3600 E-1
G0 F12000 X30.506 Y0.369
G0 X19.71 Y4.325
;TYPE:WALL-INNER
G1 F3600 E1
G1 F3172 X31.719 Y4.325 E0.29208
G1 X32.889 Y4.101 E0.02897
G1 X33.906 Y3.939 E0.02505
G1 X34.946 Y3.795 E0.02554
G1 X35.995 Y3.679 E0.02567
G1 X36.959 Y3.598 E0.02353
G1 X37.973 Y3.537 E0.02471
G1 X39.325 Y3.484 E0.03291
G1 X39.325 Y-4.325 E0.18993
G1 X30.675 Y-4.325 E0.21038
G1 X30.675 Y-0.009 E0.10497
G1 X30.644 Y0.172 E0.00447
G1 X30.54 Y0.374 E0.00553
G1 X30.375 Y0.53 E0.00552
G1 X30.151 Y0.627 E0.00594
G1 X29.3 Y0.821 E0.02123
G1 X28.517 Y1.019 E0.01964
G1 X27.173 Y1.393 E0.03393
G1 X26.236 Y1.676 E0.02381
G1 X24.751 Y2.177 E0.03812
G1 X23.328 Y2.708 E0.03694
G1 X21.933 Y3.287 E0.03673
G1 X20.576 Y3.901 E0.03623
G1 X19.71 Y4.325 E0.02345
G1 F3600 E-1
G0 F12000 X17.985 Y4.749
;TYPE:WALL-OUTER
G1 F3600 E1
G1 F2400 X31.76 Y4.75 E0.33503
G1 X32.956 Y4.521 E0.02962
G1 X33.965 Y4.36 E0.02485
G1 X34.992 Y4.217 E0.02522
G1 X36.031 Y4.102 E0.02542
G1 X36.985 Y4.022 E0.02328
G1 X37.99 Y3.962 E0.02449
G1 X38.997 Y3.922 E0.02451
G1 X39.75 Y3.912 E0.01832
G1 X39.75 Y-4.75 E0.21067
G1 X30.25 Y-4.75 E0.23105
G1 X30.25 Y0.023 E0.11609
G1 X30.2 Y0.119 E0.00263
G1 X30.056 Y0.212 E0.00417
G1 X29.243 Y0.397 E0.02028
G1 X28.403 Y0.609 E0.02107
G1 X27.09 Y0.974 E0.03315
G1 X26.087 Y1.278 E0.02549
G1 X25.351 Y1.52 E0.01884
G1 X24.603 Y1.779 E0.01925
G1 X23.152 Y2.321 E0.03767
G1 X21.778 Y2.891 E0.03618
G1 X20.391 Y3.518 E0.03702
G1 X19.724 Y3.842 E0.01804
G1 X18.384 Y4.526 E0.03659
G1 X17.985 Y4.749 E0.01112
G0 F12000 X18.785 Y4.749
G1 F3600 E-1
;MESH:NONMESH
G0 F600 X18.785 Y4.749 Z15.9
G0 F12000 X18.982 Y4.502
G0 X26.386 Y2.05
G0 X26.348 Y1.923
;TIME_ELAPSED:383.961831
;LAYER:120
;note -- min layer time used
;TYPE:FILL
;MESH:bridge_3a.stl
G1 F3600 E1
G1 F4876.8 X26.51 Y2.709 E0.01952
G1 X26.846 Y3.612 E0.02343
G1 X27.022 Y3.92 E0.00863
G1 X30.989 Y3.92 E0.09648
G1 X31.807 Y3.745 E0.02035
G1 X33.08 Y3.516 E0.03146
G1 X34.224 Y3.342 E0.02814
G1 X34.586 Y2.709 E0.01774
G1 X35.385 Y1.806 E0.02933
G1 X36.613 Y0.903 E0.03707
G1 X38.007 Y0.00 E0.0404
G1 X38.649 Y-.903 E0.02695
G1 X38.693 Y-1.806 E0.02199
G1 X38.507 Y-2.709 E0.02242
G1 X38.171 Y-3.612 E0.02343
G1 X37.995 Y-3.92 E0.00863
G1 F3600 E-1
G0 F12000 X30.506 Y0.223
G0 X19.379 Y4.325
;TYPE:WALL-INNER
G1 F3600 E1
G1 F3225.6 X31.032 Y4.325 E0.28342
G1 X31.877 Y4.144 E0.02102
G1 X32.889 Y3.957 E0.02503
G1 X33.906 Y3.795 E0.02505
G1 X34.946 Y3.651 E0.02554
G1 X35.998 Y3.535 E0.02574
G1 X36.956 Y3.458 E0.02338
G1 X37.974 Y3.393 E0.02481
G1 X39.325 Y3.344 E0.03288
G1 X39.325 Y-4.325 E0.18652
G1 X30.675 Y-4.325 E0.21038
G1 X30.675 Y-.153 E0.10147
G1 X30.644 Y0.028 E0.00447
G1 X30.553 Y0.213 E0.00501
G1 X30.371 Y0.389 E0.00616
G1 X30.21 Y0.466 E0.00434
G1 X29.241 Y0.69 E0.02419
G1 X28.404 Y0.901 E0.02099
G1 X26.845 Y1.338 E0.03938
G1 X25.439 Y1.792 E0.03593
G1 X24.64 Y2.066 E0.02054
G1 X23.234 Y2.596 E0.03654
G1 X22.512 Y2.887 E0.01893
G1 X21.827 Y3.18 E0.01812
G1 X20.468 Y3.797 E0.0363
G1 X19.379 Y4.325 E0.02944
G1 F3600 E-1
G0 F12000 X17.676 Y4.75
;TYPE:WALL-OUTER
G1 F3600 E1
G1 F2400 X31.077 Y4.75 E0.32593
G1 X31.954 Y4.562 E0.02181
G1 X32.956 Y4.377 E0.02478
G1 X33.965 Y4.216 E0.02485
G1 X34.992 Y4.073 E0.02522
G1 X36.032 Y3.958 E0.02545
G1 X36.984 Y3.882 E0.02323
G1 X37.99 Y3.818 E0.02452
G1 X38.965 Y3.782 E0.02373
G1 X39.75 Y3.772 E0.01909
G1 X39.75 Y-4.75 E0.20727
G1 X30.25 Y-4.75 E0.23105
G1 X30.25 Y-.122 E0.11256
G1 X30.205 Y-0.032 E0.00245
G1 X30.078 Y0.062 E0.00384
G1 X29.138 Y0.278 E0.02346
G1 X28.291 Y0.492 E0.02125
G1 X26.69 Y0.941 E0.04044
G1 X25.33 Y1.38 E0.03476
G1 X24.491 Y1.668 E0.02157
G1 X23.076 Y2.202 E0.03678
G1 X22.345 Y2.496 E0.01916
G1 X21.652 Y2.793 E0.01834
G1 X20.299 Y3.406 E0.03613
G1 X19.615 Y3.738 E0.01849
G1 X18.303 Y4.41 E0.03585
G1 X17.676 Y4.75 E0.01735
G0 F12000 X18.476 Y4.75
G1 F3600 E-1
;MESH:NONMESH
G0 F600 X18.476 Y4.75 Z16.03
G0 F12000 X18.673 Y4.502
G0 X26.221 Y1.962
G0 X26.179 Y1.828
;TIME_ELAPSED:387.266074
;LAYER:121
;note -- min layer time used
;TYPE:FILL
;MESH:bridge_3a.stl
G1 F3600 E1
G1 F5021.3 X26.419 Y2.709 E0.02221
G1 X26.797 Y3.612 E0.02381
G1 X26.987 Y3.92 E0.0088
G1 X30.348 Y3.92 E0.08174
G1 X30.843 Y3.802 E0.01238
G1 X31.775 Y3.606 E0.02316
G1 X32.829 Y3.412 E0.02607
G1 X34.279 Y3.192 E0.03567
G1 X34.577 Y2.709 E0.0138
G1 X35.435 Y1.806 E0.0303
G1 X36.784 Y0.903 E0.03948
G1 X38.339 Y0.00 E0.04373
G1 X38.899 Y-.903 E0.02584
G1 X38.844 Y-1.806 E0.022
G1 X38.598 Y-2.709 E0.02276
G1 X38.22 Y-3.612 E0.02381
G1 X38.03 Y-3.92 E0.0088
G1 F3600 E-1
G0 F12000 X30.506 Y0.078
G0 X19.087 Y4.324
;TYPE:WALL-INNER
G1 F3600 E1
G1 F3273.8 X30.399 Y4.325 E0.27512
G1 X30.922 Y4.199 E0.01308
G1 X31.877 Y4 E0.02373
G1 X32.889 Y3.813 E0.02503
G1 X33.909 Y3.651 E0.02512
G1 X34.953 Y3.51 E0.02562
G1 X35.995 Y3.395 E0.0255
G1 X36.959 Y3.314 E0.02353
G1 X38.052 Y3.249 E0.02663
G1 X39.325 Y3.211 E0.03098
G1 X39.325 Y-4.325 E0.18329
G1 X30.675 Y-4.325 E0.21038
G1 X30.675 Y-.302 E0.09785
G1 X30.644 Y-.12 E0.00449
G1 X30.542 Y0.078 E0.00542
G1 X30.357 Y0.249 E0.00613
G1 X30.156 Y0.333 E0.0053
G1 X28.283 Y0.787 E0.04687
G1 X27.518 Y0.998 E0.0193
G1 X26.249 Y1.378 E0.03222
G1 X25.226 Y1.713 E0.02618
G1 X23.874 Y2.198 E0.03493
G1 X22.399 Y2.781 E0.03857
G1 X21.719 Y3.073 E0.018
G1 X20.332 Y3.701 E0.03703
G1 X19.087 Y4.324 E0.03386
G1 F3600 E-1
G0 F12000 X17.408 Y4.75
;TYPE:WALL-OUTER
G1 F3600 E1
G1 F2400 X30.45 Y4.75 E0.3172
G1 X31.008 Y4.615 E0.01396
G1 X31.954 Y4.418 E0.0235
G1 X32.956 Y4.233 E0.02478
G1 X33.966 Y4.072 E0.02487
G1 X34.999 Y3.932 E0.02535
G1 X36.031 Y3.818 E0.02525
G1 X36.985 Y3.738 E0.02328
G1 X38.067 Y3.674 E0.02636
G1 X39.109 Y3.638 E0.02536
G1 X39.75 Y3.632 E0.01559
G1 X39.75 Y-4.75 E0.20386
G1 X30.25 Y-4.75 E0.23105
G1 X30.25 Y-.272 E0.10891
G1 X30.115 Y-0.093 E0.00545
G1 X29.047 Y0.158 E0.02668
G1 X28.171 Y0.377 E0.02196
G1 X27.396 Y0.591 E0.01955
G1 X26.117 Y0.974 E0.03247
G1 X25.083 Y1.313 E0.02647
G1 X23.718 Y1.803 E0.03527
G1 X22.232 Y2.39 E0.03886
G1 X21.544 Y2.685 E0.01821
G1 X20.143 Y3.32 E0.03741
G1 X19.183 Y3.797 E0.02607
G1 X18.173 Y4.318 E0.02764
G1 X17.408 Y4.75 E0.02137
G0 F12000 X18.208 Y4.75
G1 F3600 E-1
;MESH:NONMESH
G0 F600 X18.208 Y4.75 Z16.16
G0 F12000 X18.367 Y4.499
G0 X26.039 Y1.868
G0 X25.997 Y1.737
;TIME_ELAPSED:390.574284
;LAYER:122
;note -- min layer time used
;TYPE:FILL
;MESH:bridge_3a.stl
G1 F3600 E1
G1 F5188.7 X26.011 Y1.806 E0.00171
G1 X26.321 Y2.709 E0.02322
G1 X26.743 Y3.612 E0.02424
G1 X26.947 Y3.92 E0.00899
G1 X29.749 Y3.92 E0.06815
G1 X30.776 Y3.674 E0.02568
G1 X31.76 Y3.466 E0.02446
G1 X33.14 Y3.218 E0.0341
G1 X34.353 Y3.028 E0.02986
G1 X34.564 Y2.709 E0.0093
G1 X35.484 Y1.806 E0.03135
G1 X36.985 Y0.903 E0.0426
G1 X38.815 Y0.00 E0.04963
G1 X38.92 Y-.251 E0.00662
G1 X38.92 Y-2.057 E0.04392
G1 X38.696 Y-2.709 E0.01677
G1 X38.274 Y-3.612 E0.02424
G1 X38.071 Y-3.92 E0.00897
G1 F3600 E-1
G0 F12000 X30.506 Y-0.065
G0 X18.779 Y4.325
;TYPE:WALL-INNER
G1 F3600 E1
G1 F3329.6 X29.8 Y4.325 E0.26805
G1 X30.856 Y4.071 E0.02642
G1 X31.836 Y3.864 E0.02436
G1 X32.951 Y3.657 E0.02758
G1 X33.909 Y3.507 E0.02358
G1 X34.952 Y3.366 E0.0256
G1 X35.998 Y3.251 E0.02559
G1 X36.959 Y3.174 E0.02345
G1 X37.973 Y3.113 E0.02471
G1 X39.325 Y3.06 E0.03291
G1 X39.325 Y-4.325 E0.17961
G1 X30.675 Y-4.323 E0.21038
G1 X30.675 Y-.328 E0.09716
G1 X30.55 Y-0.072 E0.00693
G1 X30.361 Y0.107 E0.00633
G1 X30.153 Y0.194 E0.00548
G1 X29.092 Y0.44 E0.02649
G1 X28.166 Y0.671 E0.02321
G1 X27.404 Y0.881 E0.01922
G1 X26.638 Y1.107 E0.01942
G1 X25.955 Y1.323 E0.01742
G1 X24.383 Y1.858 E0.04039
G1 X23.773 Y2.084 E0.01582
G1 X22.291 Y2.674 E0.0388
G1 X20.926 Y3.273 E0.03625
G1 X19.596 Y3.907 E0.03583
G1 X18.779 Y4.325 E0.02232
G1 F3600 E-1
G0 F12000 X17.089 Y4.75
;TYPE:WALL-OUTER
G1 F3600 E1
G1 F2400 X29.85 Y4.75 E0.31037
G1 X30.944 Y4.487 E0.02737
G1 X31.914 Y4.282 E0.02411
G1 X33.017 Y4.076 E0.02729
G1 X33.966 Y3.928 E0.02336
G1 X34.999 Y3.788 E0.02535
G1 X36.032 Y3.674 E0.02528
G1 X36.985 Y3.598 E0.02325
G1 X37.99 Y3.538 E0.02449
G1 X38.997 Y3.498 E0.02451
G1 X39.75 Y3.488 E0.01832
G1 X39.75 Y-4.75 E0.20036
G1 X30.25 Y-4.749 E0.23105
G1 X30.25 Y-.412 E0.10548
G1 X30.114 Y-.233 E0.00547
G1 X28.99 Y0.027 E0.02806
G1 X28.08 Y0.254 E0.02281
G1 X27.284 Y0.473 E0.02008
G1 X26.51 Y0.702 E0.01963
G1 X25.819 Y0.92 E0.01762
G1 X24.236 Y1.459 E0.04067
G1 X23.617 Y1.689 E0.01606
G1 X22.141 Y2.275 E0.03862
G1 X20.744 Y2.889 E0.03711
G1 X19.405 Y3.528 E0.03608
G1 X18.747 Y3.86 E0.01793
G1 X17.089 Y4.75 E0.04577
G0 F12000 X17.889 Y4.75
G1 F3600 E-1
;MESH:NONMESH
G0 F600 X17.889 Y4.75 Z16.29
G0 F12000 X18.08 Y4.501
G0 X25.804 Y1.796
G0 X25.76 Y1.664
;TIME_ELAPSED:393.880935
;LAYER:123
;note -- min layer time used
;TYPE:FILL
;MESH:bridge_3a.stl
G1 F3600 E1
G1 F5339.4 X26.187 Y2.642 E0.02595
G1 X26.915 Y3.92 E0.03577
G1 X29.189 Y3.92 E0.05531
G1 X29.744 Y3.775 E0.01395
G1 X30.776 Y3.53 E0.0258
G1 X31.76 Y3.322 E0.02446
G1 X32.879 Y3.113 E0.02769
G1 X34.417 Y2.887 E0.03781
G1 X35.217 Y2.047 E0.02821
G1 X36.12 Y1.432 E0.02657
G1 X37.023 Y0.991 E0.02444
G1 X37.926 Y0.65 E0.02348
G1 X38.829 Y0.391 E0.02285
G1 X38.92 Y0.409 E0.00226
G1 X38.92 Y-2.483 E0.07034
G1 X38.101 Y-3.92 E0.04023
G1 F3600 E-1
G0 F12000 X30.506 Y-.211
G0 X18.477 Y4.325
;TYPE:WALL-INNER
G1 F3600 E1
G1 F3379.8 X29.241 Y4.325 E0.2618
G1 X29.844 Y4.167 E0.01516
G1 X30.856 Y3.927 E0.0253
G1 X31.836 Y3.72 E0.02436
G1 X32.951 Y3.513 E0.02758
G1 X33.911 Y3.362 E0.02364
G1 X34.926 Y3.229 E0.0249
G1 X35.995 Y3.111 E0.02616
G1 X36.959 Y3.03 E0.02353
G1 X37.975 Y2.969 E0.02476
G1 X39.325 Y2.929 E0.03285
G1 X39.325 Y-4.325 E0.17643
G1 X30.675 Y-4.325 E0.21038
G1 X30.675 Y-.592 E0.09079
G1 X30.644 Y-.409 E0.00451
G1 X30.55 Y-.22 E0.00513
G1 X30.361 Y-0.041 E0.00633
G1 X30.155 Y0.046 E0.00544
G1 X28.88 Y0.346 E0.03186
G1 X28.155 Y0.529 E0.01819
G1 X27.287 Y0.77 E0.02191
G1 X26.528 Y0.994 E0.01925
G1 X25.772 Y1.232 E0.01928
G1 X24.344 Y1.72 E0.0367
G1 X23.67 Y1.974 E0.01752
G1 X22.215 Y2.553 E0.03809
G1 X20.817 Y3.167 E0.03714
G1 X19.49 Y3.802 E0.03578
G1 X18.477 Y4.325 E0.02773
G1 F3600 E-1
G0 F12000 X16.833 Y4.75
;TYPE:WALL-OUTER
G1 F3600 E1
G1 F2400 X29.295 Y4.75 E0.30309
G1 X29.942 Y4.58 E0.01627
G1 X30.944 Y4.343 E0.02504
G1 X31.914 Y4.138 E0.02411
G1 X33.017 Y3.932 E0.02729
G1 X33.967 Y3.784 E0.02338
G1 X34.972 Y3.651 E0.02466
G1 X36.031 Y3.534 E0.02591
G1 X36.985 Y3.454 E0.02328
G1 X37.99 Y3.394 E0.02449
G1 X38.997 Y3.358 E0.02451
G1 X39.75 Y3.348 E0.01832
G1 X39.75 Y-4.75 E0.19696
G1 X30.25 Y-4.75 E0.23105
G1 X30.25 Y-.56 E0.10191
G1 X30.114 Y-.381 E0.00547
G1 X28.732 Y-0.056 E0.03453
G1 X28.042 Y0.12 E0.01732
G1 X27.166 Y0.362 E0.0221
G1 X26.4 Y0.588 E0.01942
G1 X25.634 Y0.83 E0.01954
G1 X24.156 Y1.336 E0.038
G1 X23.513 Y1.579 E0.01672
G1 X22.045 Y2.164 E0.03843
G1 X20.633 Y2.783 E0.0375
G1 X19.295 Y3.425 E0.03609
G1 X18.115 Y4.034 E0.0323
G1 X17.349 Y4.452 E0.02122
G1 X16.833 Y4.75 E0.01449
G0 F12000 X17.633 Y4.75
G1 F3600 E-1
;MESH:NONMESH
G0 F600 X17.633 Y4.75 Z16.42
G0 F12000 X17.78 Y4.501
G0 X38.92 Y0.759
;TIME_ELAPSED:397.261457
;LAYER:124
;note -- min layer time used
;TYPE:FILL
;MESH:bridge_3a.stl
G1 F3600 E1
G1 F6963 X38.829 Y0.709 E0.00253
G1 X37.926 Y0.818 E0.02212
G1 X37.023 Y1.091 E0.02294
G1 X36.12 Y1.488 E0.02399
G1 X35.217 Y2.063 E0.02604
G1 X34.537 Y2.729 E0.02315
G1 X33.143 Y2.931 E0.03426
G1 X33.143 Y2.92 E0.00027
G1 X31.764 Y3.177 E0.03412
G1 X30.592 Y3.42 E0.02911
G1 X29.75 Y3.63 E0.02111
G1 X28.646 Y3.92 E0.02776
G1 X26.863 Y3.92 E0.04337
G1 X26.187 Y2.863 E0.03052
G1 X25.496 Y1.596 E0.0351
G1 X27.288 Y1.043 E0.04561
G1 X28.261 Y0.777 E0.02453
G1 X29.236 Y0.529 E0.02447
G1 X30.259 Y0.292 E0.02554
G1 X30.562 Y0.169 E0.00795
G1 X30.881 Y-.125 E0.01055
G1 X31.033 Y-.431 E0.00831
G1 X31.08 Y-.706 E0.00679
G1 X31.08 Y-3.92 E0.07817
G1 X38.154 Y-3.92 E0.17205
G1 X38.829 Y-2.864 E0.03048
G1 X38.92 Y-2.697 E0.00463
G1 F3600 E-1
G0 F12000 X18.182 Y4.324
;TYPE:WALL-INNER
G1 F3600 E1
G1 F3921 X28.7 Y4.325 E0.25581
G1 X29.841 Y4.023 E0.02871
G1 X30.858 Y3.779 E0.02544
G1 X31.836 Y3.576 E0.02429
G1 X32.954 Y3.368 E0.02766
G1 X33.908 Y3.223 E0.02347
G1 X34.926 Y3.084 E0.02499
G1 X35.998 Y2.967 E0.02623
G1 X36.959 Y2.89 E0.02345
G1 X37.975 Y2.829 E0.02476
G1 X39.325 Y2.789 E0.03285
G1 X39.325 Y-4.325 E0.17302
G1 X30.675 Y-4.325 E0.21038
G1 X30.675 Y-.732 E0.08739
G1 X30.645 Y-.555 E0.00437
G1 X30.55 Y-.364 E0.00519
G1 X30.361 Y-.185 E0.00633
G1 X30.153 Y-0.098 E0.00548
G1 X29.175 Y0.127 E0.02441
G1 X28.155 Y0.386 E0.0256
G1 X27.169 Y0.655 E0.02486
G1 X26.482 Y0.861 E0.01744
G1 X25.668 Y1.119 E0.02077
G1 X24.932 Y1.367 E0.01889
G1 X23.474 Y1.895 E0.03771
G1 X22.247 Y2.385 E0.03213
G1 X21.395 Y2.752 E0.02256
G1 X20.717 Y3.057 E0.01808
G1 X19.385 Y3.695 E0.03592
G1 X18.741 Y4.023 E0.01758
G1 X18.182 Y4.324 E0.01544
G1 F3600 E-1
G0 F12000 X16.54 Y4.749
;TYPE:WALL-OUTER
G1 F3600 E1
G1 F2400 X28.755 Y4.75 E0.29709
G1 X29.941 Y4.436 E0.02984
G1 X30.945 Y4.195 E0.02511
G1 X31.914 Y3.994 E0.02407
G1 X33.018 Y3.788 E0.02731
G1 X33.966 Y3.644 E0.02332
G1 X34.972 Y3.507 E0.02469
G1 X36.032 Y3.39 E0.02594
G1 X36.985 Y3.314 E0.02325
G1 X37.99 Y3.254 E0.02449
G1 X38.997 Y3.218 E0.02451
G1 X39.75 Y3.208 E0.01832
G1 X39.75 Y-4.75 E0.19355
G1 X30.25 Y-4.75 E0.23105
G1 X30.25 Y-.703 E0.09843
G1 X30.114 Y-.525 E0.00545
G1 X29.08 Y-.287 E0.02581
G1 X28.043 Y-0.024 E0.02602
G1 X27.047 Y0.248 E0.02511
G1 X25.532 Y0.716 E0.03857
G1 X24.827 Y0.953 E0.01809
G1 X23.341 Y1.49 E0.03843
G1 X22.079 Y1.994 E0.03305
G1 X20.533 Y2.673 E0.04107
G1 X19.192 Y3.315 E0.03616
G1 X18.539 Y3.649 E0.01784
G1 X17.244 Y4.348 E0.03579
G1 X16.54 Y4.749 E0.01971
G0 F12000 X17.34 Y4.749
G1 F3600 E-1
;MESH:NONMESH
G0 F600 X17.34 Y4.749 Z16.55
G0 F12000 X17.485 Y4.501
G0 X25.266 Y1.675
G0 X25.224 Y1.548
;TIME_ELAPSED:400.628624
;LAYER:125
;note -- min layer time used
;TYPE:FILL
;MESH:bridge_3a.stl
G1 F3600 E1
G1 F6480.6 X26.403 Y1.158 E0.0302
G1 X27.744 Y0.769 E0.03396
G1 X28.699 Y0.518 E0.02402
G1 X30.264 Y0.147 E0.03912
G1 X30.584 Y0.013 E0.00844
G1 X30.883 Y-.271 E0.01003
G1 X31.032 Y-.57 E0.00813
G1 X31.079 Y-.831 E0.00645
G1 X31.08 Y-3.92 E0.07513
G1 X38.213 Y-3.92 E0.17349
G1 X38.92 Y-2.918 E0.02983
G1 X38.92 Y1.038 E0.09622
G1 X38.829 Y0.976 E0.00268
G1 X37.926 Y0.973 E0.02196
G1 X37.023 Y1.185 E0.02256
G1 X36.12 Y1.54 E0.0236
G1 X35.217 Y2.073 E0.0255
G1 X34.676 Y2.567 E0.01782
G1 X33.856 Y2.678 E0.02013
G1 X33.142 Y2.79 E0.01758
G1 X31.758 Y3.034 E0.03418
G1 X30.84 Y3.226 E0.02281
G1 X29.712 Y3.489 E0.02817
G1 X29.013 Y3.671 E0.01757
G1 X28.125 Y3.92 E0.02243
G1 X26.804 Y3.92 E0.03213
G1 X26.187 Y3.046 E0.02602
G1 X25.284 Y1.588 E0.04171
G1 X25.224 Y1.548 E0.00175
G1 F3600 E-1
G0 F12000 X17.884 Y4.324
;TYPE:WALL-INNER
G1 F3600 E1
G1 F3760.2 X28.181 Y4.325 E0.25044
G1 X28.867 Y4.128 E0.01736
G1 X29.807 Y3.882 E0.02363
G1 X30.921 Y3.623 E0.02782
G1 X31.838 Y3.431 E0.02279
G1 X32.934 Y3.231 E0.0271
G1 X33.908 Y3.079 E0.02398
G1 X34.928 Y2.94 E0.02504
G1 X35.995 Y2.827 E0.0261
G1 X36.962 Y2.746 E0.0236
G1 X37.973 Y2.689 E0.02463
G1 X39.325 Y2.636 E0.03291
G1 X39.325 Y-4.325 E0.1693
G1 X30.675 Y-4.325 E0.21038
G1 X30.675 Y-.863 E0.0842
G1 X30.551 Y-.509 E0.00912
G1 X30.363 Y-.33 E0.00631
G1 X30.156 Y-.243 E0.00546
G1 X28.601 Y0.126 E0.03887
G1 X27.729 Y0.356 E0.02193
G1 X26.285 Y0.771 E0.03654
G1 X24.836 Y1.249 E0.03711
G1 X23.37 Y1.785 E0.03796
G1 X22.668 Y2.059 E0.01833
G1 X21.282 Y2.647 E0.03662
G1 X19.908 Y3.277 E0.03676
G1 X18.63 Y3.92 E0.0348
G1 X17.884 Y4.324 E0.02063
G1 F3600 E-1
G0 F12000 X16.263 Y4.749
;TYPE:WALL-OUTER
G1 F3600 E1
G1 F2400 X28.24 Y4.75 E0.2913
G1 X28.974 Y4.54 E0.01857
G1 X29.903 Y4.296 E0.02336
G1 X31.008 Y4.039 E0.02759
G1 X31.915 Y3.85 E0.02253
G1 X33.017 Y3.649 E0.02724
G1 X33.966 Y3.5 E0.02336
G1 X34.973 Y3.363 E0.02472
G1 X36.03 Y3.25 E0.02585
G1 X36.985 Y3.17 E0.02331
G1 X37.99 Y3.114 E0.02448
G1 X38.997 Y3.074 E0.02451
G1 X39.75 Y3.064 E0.01832
G1 X39.75 Y-4.75 E0.19005
G1 X30.25 Y-4.75 E0.23105
G1 X30.25 Y-.886 E0.09398
G1 X30.208 Y-.76 E0.00323
G1 X30.112 Y-.669 E0.00322
G1 X28.493 Y-.286 E0.04046
G1 X27.711 Y-0.08 E0.01967
G1 X26.154 Y0.366 E0.03939
G1 X24.673 Y0.856 E0.03794
G1 X23.215 Y1.389 E0.03776
G1 X22.503 Y1.668 E0.0186
G1 X21.121 Y2.253 E0.0365
G1 X19.718 Y2.897 E0.03755
G1 X18.428 Y3.546 E0.03512
G1 X17.14 Y4.244 E0.03563
G1 X16.263 Y4.749 E0.02461
G0 F12000 X17.063 Y4.749
G1 F3600 E-1
;MESH:NONMESH
G0 F600 X17.063 Y4.749 Z16.68
G0 F12000 X17.198 Y4.5
G0 X24.87 Y1.663
G0 X24.825 Y1.537
;TIME_ELAPSED:404.008813
;LAYER:126
;note -- min layer time used
;TYPE:FILL
;MESH:bridge_3a.stl
G1 F3600 E1
G1 F5784.5 X25.284 Y1.878 E0.01391
G1 X26.187 Y3.205 E0.03904
G1 X26.739 Y3.92 E0.02197
G1 X27.627 Y3.92 E0.0216
G1 X29.013 Y3.527 E0.03504
G1 X29.703 Y3.347 E0.01734
G1 X30.834 Y3.079 E0.02827
G1 X31.758 Y2.89 E0.02294
G1 X33.151 Y2.645 E0.0344
G1 X33.849 Y2.539 E0.01717
G1 X34.834 Y2.405 E0.02418
G1 X35.217 Y2.079 E0.01223
G1 X36.12 Y1.586 E0.02502
G1 X37.023 Y1.273 E0.02324
G1 X37.926 Y1.117 E0.02229
G1 X38.829 Y1.208 E0.02207
G1 X38.92 Y1.276 E0.00276
G1 X38.92 Y-3.088 E0.10614
G1 X38.278 Y-3.92 E0.02556
G1 F3600 E-1
G0 F12000 X31.283 Y-.97
G0 X17.585 Y4.324
;TYPE:WALL-INNER
G1 F3600 E1
G1 F3528.2 X27.684 Y4.325 E0.24562
G1 X28.828 Y3.995 E0.02896
G1 X29.804 Y3.739 E0.02454
G1 X30.924 Y3.474 E0.02799
G1 X31.838 Y3.287 E0.02269
G1 X32.954 Y3.084 E0.02759
G1 X33.908 Y2.939 E0.02347
G1 X34.925 Y2.801 E0.02496
G1 X35.998 Y2.683 E0.02625
G1 X36.959 Y2.606 E0.02345
G1 X37.975 Y2.545 E0.02476
G1 X39.325 Y2.505 E0.03285
G1 X39.325 Y-4.325 E0.16612
G1 X30.675 Y-4.325 E0.21038
G1 X30.674 Y-.994 E0.08101
G1 X30.551 Y-.653 E0.00882
G1 X30.351 Y-.466 E0.00666
G1 X30.15 Y-.385 E0.00527
G1 X29.346 Y-.203 E0.02005
G1 X28.148 Y0.096 E0.03003
G1 X27.169 Y0.366 E0.0247
G1 X26.209 Y0.651 E0.02436
G1 X25.512 Y0.875 E0.01781
G1 X24.211 Y1.322 E0.03346
G1 X23.331 Y1.649 E0.02283
G1 X21.831 Y2.253 E0.03933
G1 X20.503 Y2.844 E0.03535
G1 X19.837 Y3.159 E0.01792
G1 X18.524 Y3.818 E0.03573
G1 X17.585 Y4.324 E0.02594
G1 F3600 E-1
G0 F12000 X15.989 Y4.75
;TYPE:WALL-OUTER
G1 F3600 E1
G1 F2400 X27.744 Y4.75 E0.2859
G1 X28.936 Y4.406 E0.03017
G1 X29.902 Y4.152 E0.02429
G1 X31.009 Y3.891 E0.02766
G1 X31.915 Y3.706 E0.02249
G1 X33.018 Y3.504 E0.02727
G1 X33.966 Y3.36 E0.02332
G1 X34.972 Y3.223 E0.02469
G1 X36.032 Y3.106 E0.02594
G1 X36.985 Y3.03 E0.02325
G1 X37.99 Y2.97 E0.02449
G1 X38.997 Y2.934 E0.02451
G1 X39.75 Y2.924 E0.01832
G1 X39.75 Y-4.75 E0.18664
G1 X30.25 Y-4.75 E0.23105
G1 X30.25 Y-1.025 E0.0906
G1 X30.209 Y-.905 E0.00308
G1 X30.115 Y-.813 E0.0032
G1 X29.244 Y-.615 E0.02172
G1 X28.035 Y-.314 E0.0303
G1 X27.048 Y-0.042 E0.0249
G1 X26.102 Y0.239 E0.024
G1 X25.375 Y0.473 E0.01858
G1 X24.063 Y0.924 E0.03374
G1 X23.173 Y1.254 E0.02309
G1 X21.709 Y1.843 E0.03838
G1 X20.344 Y2.45 E0.03633
G1 X19.646 Y2.779 E0.01877
G1 X18.325 Y3.442 E0.03595
G1 X17.676 Y3.787 E0.01788
G1 X16.409 Y4.497 E0.03532
G1 X15.989 Y4.75 E0.01193
G0 F12000 X16.789 Y4.75
G1 F3600 E-1
;MESH:NONMESH
G0 F600 X16.789 Y4.75 Z16.81
G0 F12000 X16.917 Y4.5
G0 X24.539 Y1.632
G0 X24.496 Y1.505
;TIME_ELAPSED:407.341013
;LAYER:127
;note -- min layer time used
;TYPE:FILL
;MESH:bridge_3a.stl
G1 F3600 E1
G1 F6339 X25.284 Y2.119 E0.0243
G1 X26.187 Y3.349 E0.03711
G1 X26.665 Y3.92 E0.01811
G1 X27.137 Y3.92 E0.01148
G1 X27.695 Y3.747 E0.01421
G1 X29.005 Y3.383 E0.03307
G1 X29.715 Y3.2 E0.01783
G1 X30.822 Y2.939 E0.02766
G1 X31.769 Y2.744 E0.02352
G1 X33.151 Y2.501 E0.03413
G1 X33.849 Y2.395 E0.01717
G1 X35.016 Y2.24 E0.02863
G1 X35.217 Y2.081 E0.00623
G1 X36.12 Y1.627 E0.02458
G1 X37.023 Y1.355 E0.02294
G1 X37.926 Y1.252 E0.0221
G1 X38.829 Y1.415 E0.02232
G1 X38.92 Y1.486 E0.00281
G1 X38.92 Y-3.241 E0.11497
G1 X38.352 Y-3.92 E0.02153
G1 X31.638 Y-3.92 E0.16329
G1 X31.079 Y-3.247 E0.02128
G1 F3600 E-1
G0 F12000 X30.506 Y-.788
G0 X17.294 Y4.325
;TYPE:WALL-INNER
G1 F3600 E1
G1 F3713 X27.201 Y4.325 E0.24095
G1 X27.812 Y4.134 E0.01557
G1 X28.831 Y3.846 E0.02575
G1 X29.805 Y3.594 E0.02447
G1 X30.911 Y3.334 E0.02763
G1 X31.838 Y3.143 E0.02302
G1 X32.954 Y2.94 E0.02759
G1 X33.908 Y2.795 E0.02347
G1 X34.928 Y2.656 E0.02504
G1 X35.998 Y2.543 E0.02617
G1 X36.958 Y2.466 E0.02342
G1 X37.89 Y2.409 E0.02271
G1 X39.325 Y2.355 E0.03493
G1 X39.325 Y-4.325 E0.16247
G1 X30.675 Y-4.325 E0.21038
G1 X30.672 Y-1.125 E0.07783
G1 X30.551 Y-.797 E0.0085
G1 X30.35 Y-.61 E0.00668
G1 X30.15 Y-.529 E0.00525
G1 X29.168 Y-.308 E0.02448
G1 X28.37 Y-.112 E0.01999
G1 X27.605 Y0.095 E0.01928
G1 X26.14 Y0.525 E0.03713
G1 X25.393 Y0.764 E0.01908
G1 X23.889 Y1.286 E0.03872
G1 X22.445 Y1.845 E0.03766
G1 X21.764 Y2.13 E0.01795
G1 X20.393 Y2.738 E0.03648
G1 X19.29 Y3.268 E0.02976
G1 X17.778 Y4.053 E0.04143
G1 X17.294 Y4.325 E0.0135
G1 F3600 E-1
G0 F12000 X15.707 Y4.75
;TYPE:WALL-OUTER
G1 F3600 E1
G1 F2400 X27.265 Y4.75 E0.28111
G1 X27.927 Y4.543 E0.01687
G1 X28.937 Y4.257 E0.02553
G1 X29.902 Y4.008 E0.02424
G1 X30.997 Y3.751 E0.02736
G1 X31.915 Y3.562 E0.0228
G1 X33.018 Y3.36 E0.02727
G1 X33.966 Y3.216 E0.02332
G1 X34.973 Y3.079 E0.02472
G1 X36.032 Y2.966 E0.0259
G1 X36.984 Y2.89 E0.02323
G1 X37.906 Y2.834 E0.02247
G1 X38.953 Y2.794 E0.02548
G1 X39.75 Y2.784 E0.01939
G1 X39.75 Y-4.75 E0.18324
G1 X30.25 Y-4.75 E0.23105
G1 X30.249 Y-1.164 E0.08722
G1 X30.209 Y-1.049 E0.00296
G1 X30.115 Y-.957 E0.0032
G1 X29.068 Y-.721 E0.0261
G1 X28.26 Y-.522 E0.02024
G1 X27.486 Y-.313 E0.0195
G1 X26.067 Y0.102 E0.03596
G1 X25.253 Y0.363 E0.02079
G1 X23.743 Y0.887 E0.03887
G1 X22.282 Y1.452 E0.0381
G1 X21.592 Y1.741 E0.01819
G1 X20.225 Y2.347 E0.03637
G1 X19.097 Y2.889 E0.03044
G1 X18.223 Y3.336 E0.02388
G1 X17.571 Y3.683 E0.01796
G1 X16.3 Y4.398 E0.03547
G1 X15.707 Y4.75 E0.01677
G0 F12000 X16.507 Y4.75
G1 F3600 E-1
;MESH:NONMESH
G0 F600 X16.507 Y4.75 Z16.94
G0 F12000 X16.632 Y4.5
G0 X24.081 Y1.644
G0 X24.036 Y1.515
;TIME_ELAPSED:410.735486
;LAYER:128
;note -- min layer time used
;TYPE:FILL
;MESH:bridge_3a.stl
G1 F3600 E1
G1 F6470.9 X24.381 Y1.601 E0.00865
G1 X25.284 Y2.328 E0.0282
G1 X26.187 Y3.48 E0.0356
G1 X26.604 Y3.942 E0.01514
G1 X27.524 Y3.652 E0.02346
G1 X29.005 Y3.235 E0.03742
G1 X29.718 Y3.051 E0.01791
G1 X30.835 Y2.791 E0.02789
G1 X31.758 Y2.602 E0.02291
G1 X32.891 Y2.396 E0.02801
G1 X34.117 Y2.215 E0.03014
G1 X35.219 Y2.077 E0.02701
G1 X36.12 Y1.664 E0.02411
G1 X37.023 Y1.431 E0.02268
G1 X37.926 Y1.377 E0.022
G1 X38.829 Y1.601 E0.02263
G1 X38.92 Y1.674 E0.00284
G1 X38.92 Y-3.38 E0.12292
G1 X38.433 Y-3.92 E0.01769
G1 X31.764 Y-3.92 E0.1622
G1 X31.079 Y-3.16 E0.02488
G1 F3600 E-1
G0 F12000 X30.506 Y-.932
G0 X17.002 Y4.325
;TYPE:WALL-INNER
G1 F3600 E1
G1 F3757 X26.739 Y4.325 E0.23682
G1 X27.812 Y3.986 E0.02737
G1 X28.831 Y3.698 E0.02575
G1 X29.807 Y3.446 E0.02452
G1 X30.924 Y3.186 E0.02789
G1 X31.838 Y2.999 E0.02269
G1 X32.954 Y2.796 E0.02759
G1 X33.911 Y2.65 E0.02354
G1 X34.926 Y2.517 E0.0249
G1 X35.999 Y2.399 E0.02625
G1 X36.929 Y2.326 E0.02269
G1 X37.977 Y2.261 E0.02554
G1 X39.325 Y2.222 E0.0328
G1 X39.325 Y-4.325 E0.15923
G1 X30.675 Y-4.325 E0.21038
G1 X30.671 Y-1.255 E0.07467
G1 X30.551 Y-.941 E0.00818
G1 X30.351 Y-.754 E0.00666
G1 X30.151 Y-.673 E0.00525
G1 X29.14 Y-.443 E0.02522
G1 X28.253 Y-.224 E0.02222
G1 X26.691 Y0.211 E0.03944
G1 X25.233 Y0.665 E0.03714
G1 X23.803 Y1.168 E0.03687
G1 X22.337 Y1.737 E0.03825
G1 X21.655 Y2.022 E0.01798
G1 X20.322 Y2.618 E0.03551
G1 X18.969 Y3.272 E0.03655
G1 X17.671 Y3.948 E0.03559
G1 X17.002 Y4.325 E0.01868
G1 F3600 E-1
G0 F12000 X15.436 Y4.75
;TYPE:WALL-OUTER
G1 F3600 E1
G1 F2400 X26.805 Y4.75 E0.27651
G1 X27.945 Y4.391 E0.02907
G1 X28.937 Y4.109 E0.02508
G1 X29.903 Y3.86 E0.02426
G1 X31.009 Y3.603 E0.02762
G1 X31.915 Y3.418 E0.02249
G1 X33.018 Y3.216 E0.02727
G1 X33.967 Y3.072 E0.02335
G1 X34.972 Y2.939 E0.02466
G1 X36.032 Y2.822 E0.02594
G1 X36.956 Y2.75 E0.02254
G1 X37.991 Y2.686 E0.02522
G1 X39.097 Y2.65 E0.02691
G1 X39.75 Y2.644 E0.01588
G1 X39.75 Y-4.75 E0.17983
G1 X30.25 Y-4.75 E0.23105
G1 X30.249 Y-1.303 E0.08384
G1 X30.209 Y-1.193 E0.00285
G1 X30.115 Y-1.101 E0.0032
G1 X29.038 Y-.856 E0.02686
G1 X28.14 Y-.634 E0.0225
G1 X26.565 Y-.195 E0.03977
G1 X25.06 Y0.275 E0.03835
G1 X23.662 Y0.767 E0.03605
G1 X22.174 Y1.344 E0.03882
G1 X21.482 Y1.634 E0.01825
G1 X20.141 Y2.233 E0.03572
G1 X18.773 Y2.895 E0.03696
G1 X17.462 Y3.577 E0.03594
G1 X16.196 Y4.294 E0.03539
G1 X15.436 Y4.75 E0.02156
G0 F12000 X16.236 Y4.75
G1 F3600 E-1
;MESH:NONMESH
G0 F600 X16.236 Y4.75 Z17.07
G0 F12000 X16.347 Y4.5
G0 X23.647 Y1.659
G0 X23.598 Y1.532
;TIME_ELAPSED:414.130835
;LAYER:129
;note -- min layer time used
;TYPE:FILL
;MESH:bridge_3a.stl
G1 F3600 E1
G1 F6578.1 X24.381 Y1.771 E0.01991
G1 X25.284 Y2.514 E0.02844
G1 X26.187 Y3.604 E0.03443
G1 X26.428 Y3.853 E0.00843
G1 X27.692 Y3.451 E0.03226
G1 X29.015 Y3.084 E0.03339
G1 X29.751 Y2.897 E0.01847
G1 X30.779 Y2.661 E0.02565
G1 X31.809 Y2.448 E0.02558
G1 X33.151 Y2.213 E0.03314
G1 X33.861 Y2.104 E0.01747
G1 X34.888 Y1.97 E0.02519
G1 X35.66 Y1.887 E0.01888
G1 X36.12 Y1.696 E0.01211
G1 X37.023 Y1.502 E0.02246
G1 X37.926 Y1.495 E0.02196
G1 X38.583 Y1.696 E0.01671
G1 X38.92 Y1.685 E0.0082
G1 X38.92 Y-3.495 E0.12599
G1 X38.524 Y-3.92 E0.01413
G1 X31.854 Y-3.92 E0.16222
G1 X31.605 Y-3.62 E0.00948
G1 X31.08 Y-3.078 E0.01835
G1 F3600 E-1
G0 F12000 X30.506 Y-1.077
G0 X16.718 Y4.325
;TYPE:WALL-INNER
G1 F3600 E1
G1 F3792.7 X26.296 Y4.325 E0.23295
G1 X26.761 Y4.167 E0.01194
G1 X27.793 Y3.843 E0.02631
G1 X28.829 Y3.549 E0.02619
G1 X29.848 Y3.29 E0.02557
G1 X30.859 Y3.059 E0.02522
G1 X31.879 Y2.847 E0.02534
G1 X32.954 Y2.652 E0.02657
G1 X33.911 Y2.506 E0.02354
G1 X34.928 Y2.372 E0.02495
G1 X35.998 Y2.259 E0.02617
G1 X36.959 Y2.182 E0.02345
G1 X37.975 Y2.121 E0.02476
G1 X39.325 Y2.081 E0.03285
G1 X39.325 Y-4.325 E0.1558
G1 X30.675 Y-4.325 E0.21038
G1 X30.669 Y-1.385 E0.07151
G1 X30.552 Y-1.086 E0.00781
G1 X30.372 Y-.912 E0.00609
G1 X30.149 Y-.817 E0.0059
G1 X28.926 Y-.541 E0.03049
G1 X28.156 Y-.347 E0.01931
G1 X27.335 Y-.123 E0.0207
G1 X25.907 Y0.302 E0.03624
G1 X24.361 Y0.813 E0.0396
G1 X23.006 Y1.321 E0.0352
G1 X21.567 Y1.909 E0.03781
G1 X20.857 Y2.218 E0.01883
G1 X19.518 Y2.844 E0.03595
G1 X18.861 Y3.169 E0.01783
G1 X17.568 Y3.843 E0.03546
G1 X16.718 Y4.325 E0.02377
G1 F3600 E-1
G0 F12000 X15.172 Y4.75
;TYPE:WALL-OUTER
G1 F3600 E1
G1 F2400 X26.366 Y4.75 E0.27225
G1 X26.889 Y4.573 E0.01343
G1 X27.927 Y4.247 E0.02646
G1 X28.934 Y3.961 E0.02546
G1 X29.943 Y3.704 E0.02532
G1 X30.945 Y3.475 E0.025
G1 X31.955 Y3.266 E0.02509
G1 X33.018 Y3.072 E0.02628
G1 X33.967 Y2.928 E0.02335
G1 X34.973 Y2.795 E0.02468
G1 X36.032 Y2.682 E0.0259
G1 X36.985 Y2.606 E0.02325
G1 X37.99 Y2.546 E0.02449
G1 X38.997 Y2.51 E0.02451
G1 X39.75 Y2.5 E0.01832
G1 X39.75 Y-4.75 E0.17633
G1 X30.25 Y-4.75 E0.23105
G1 X30.248 Y-1.442 E0.08046
G1 X30.205 Y-1.331 E0.0029
G1 X30.116 Y-1.246 E0.00299
G1 X28.761 Y-.938 E0.0338
G1 X28.046 Y-.757 E0.01794
G1 X27.214 Y-.531 E0.02097
G1 X25.807 Y-.113 E0.0357
G1 X24.22 Y0.412 E0.04066
G1 X22.872 Y0.917 E0.03501
G1 X21.373 Y1.53 E0.03939
G1 X20.695 Y1.824 E0.01797
G1 X19.33 Y2.463 E0.03666
G1 X18.665 Y2.792 E0.01804
G1 X17.358 Y3.473 E0.03584
G1 X16.124 Y4.174 E0.03452
G1 X15.172 Y4.75 E0.02706
G0 F12000 X15.972 Y4.75
G1 F3600 E-1
;MESH:NONMESH
G0 F600 X15.972 Y4.75 Z17.2
G0 F12000 X16.073 Y4.499
G0 X18.843 Y3.629
G0 X18.777 Y3.502
;TIME_ELAPSED:417.497699
;LAYER:130
;note -- min layer time used
;TYPE:FILL
;MESH:bridge_3a.stl
G1 F3600 E1
G1 F6859.5 X18.816 Y3.67 E0.00419
G1 X19.154 Y3.316 E0.0119
G1 X18.777 Y3.502 E0.01022
G1 F3600 E-1
G0 F12000 X18.777 Y3.504
G0 X23.039 Y1.588
G1 F3600 E1
G1 F6859.5 X23.478 Y1.605 E0.01069
G1 X24.381 Y1.928 E0.02333
G1 X25.284 Y2.684 E0.02864
G1 X26.229 Y3.761 E0.03485
G1 X27.711 Y3.299 E0.03776
G1 X28.72 Y3.015 E0.02549
G1 X29.757 Y2.751 E0.02603
G1 X30.772 Y2.515 E0.02534
G1 X31.815 Y2.303 E0.02589
G1 X32.881 Y2.113 E0.02634
G1 X34.121 Y1.927 E0.0305
G1 X34.875 Y1.831 E0.01849
G1 X35.958 Y1.711 E0.0265
G1 X36.396 Y1.676 E0.01069
G1 X37.023 Y1.569 E0.01547
G1 X37.638 Y1.594 E0.01497
G1 X38.92 Y1.545 E0.0312
G1 X38.916 Y-3.623 E0.12569
G1 X38.625 Y-3.92 E0.01011
G1 X31.969 Y-3.92 E0.16188
G1 X31.605 Y-3.502 E0.01348
G1 X31.08 Y-2.996 E0.01773
G1 F3600 E-1
G0 F12000 X30.506 Y-1.22
G0 X16.437 Y4.325
;TYPE:WALL-INNER
G1 F3600 E1
G1 F3886.5 X25.857 Y4.325 E0.22911
G1 X26.762 Y4.019 E0.02324
G1 X27.817 Y3.69 E0.02688
G1 X28.829 Y3.405 E0.02557
G1 X29.846 Y3.146 E0.02552
G1 X30.861 Y2.91 E0.02534
G1 X31.881 Y2.703 E0.02531
G1 X32.951 Y2.513 E0.02643
G1 X33.914 Y2.362 E0.02371
G1 X34.926 Y2.233 E0.02481
G1 X35.998 Y2.115 E0.02623
G1 X36.962 Y2.038 E0.02352
G1 X37.975 Y1.981 E0.02468
G1 X39.325 Y1.941 E0.03285
G1 X39.321 Y-4.325 E0.1524
G1 X30.675 Y-4.325 E0.21028
G1 X30.675 Y-1.552 E0.06744
G1 X30.552 Y-1.235 E0.00827
G1 X30.374 Y-1.061 E0.00605
G1 X30.149 Y-.965 E0.00595
G1 X29.196 Y-.75 E0.02376
G1 X28.029 Y-.461 E0.02924
G1 X27.242 Y-.247 E0.01984
G1 X25.797 Y0.189 E0.03671
G1 X24.22 Y0.715 E0.04043
G1 X22.889 Y1.211 E0.03455
G1 X21.433 Y1.808 E0.03827
G1 X20.757 Y2.108 E0.01799
G1 X19.413 Y2.737 E0.03609
G1 X18.756 Y3.062 E0.01783
G1 X17.467 Y3.739 E0.03541
G1 X16.437 Y4.325 E0.02882
G1 F3600 E-1
G0 F12000 X14.903 Y4.75
;TYPE:WALL-OUTER
G1 F3600 E1
G1 F2400 X25.927 Y4.75 E0.26812
G1 X26.889 Y4.425 E0.0247
G1 X27.932 Y4.099 E0.02658
G1 X28.934 Y3.817 E0.02532
G1 X29.943 Y3.56 E0.02532
G1 X30.946 Y3.327 E0.02504
G1 X31.956 Y3.121 E0.02507
G1 X33.017 Y2.932 E0.02621
G1 X33.968 Y2.784 E0.02341
G1 X34.972 Y2.655 E0.02462
G1 X36.032 Y2.538 E0.02594
G1 X36.985 Y2.462 E0.02325
G1 X37.99 Y2.406 E0.02448
G1 X38.997 Y2.37 E0.02451
G1 X39.75 Y2.36 E0.01832
G1 X39.746 Y-4.75 E0.17293
G1 X30.25 Y-4.75 E0.23096
G1 X30.247 Y-1.584 E0.077
G1 X30.118 Y-1.394 E0.00559
G1 X29.144 Y-1.175 E0.02428
G1 X27.918 Y-.871 E0.03072
G1 X27.095 Y-.646 E0.02075
G1 X25.696 Y-.225 E0.03553
G1 X24.072 Y0.317 E0.04164
G1 X22.759 Y0.805 E0.03407
G1 X21.262 Y1.419 E0.03935
G1 X20.577 Y1.723 E0.01823
G1 X19.225 Y2.356 E0.03631
G1 X18.558 Y2.685 E0.01809
G1 X17.26 Y3.368 E0.03567
G1 X16.625 Y3.723 E0.01769
G1 X15.368 Y4.46 E0.03544
G1 X14.903 Y4.75 E0.01333
G0 F12000 X15.703 Y4.75
G1 F3600 E-1
;MESH:NONMESH
G0 F600 X15.703 Y4.75 Z17.33
G0 F12000 X15.8 Y4.499
G0 X18.555 Y3.836
;TIME_ELAPSED:421.006473
;LAYER:131
;note -- min layer time used
;TYPE:FILL
;MESH:bridge_3a.stl
G1 F3600 E1
G1 F6949.6 X18.963 Y3.387 E0.01476
G1 X19.301 Y3.082 E0.01107
G1 X20.814 Y2.369 E0.04068
G1 X21.449 Y2.091 E0.01686
G1 X22.561 Y1.632 E0.02926
G1 X23.478 Y1.709 E0.02238
G1 X24.381 Y2.075 E0.0237
G1 X25.284 Y2.842 E0.02882
G1 X26.046 Y3.681 E0.02757
G1 X27.696 Y3.154 E0.04213
G1 X28.727 Y2.87 E0.02601
G1 X29.751 Y2.605 E0.02573
G1 X30.783 Y2.369 E0.02575
G1 X31.815 Y2.159 E0.02561
G1 X33.146 Y1.93 E0.03285
G1 X33.861 Y1.82 E0.01759
G1 X34.888 Y1.686 E0.02519
G1 X35.958 Y1.571 E0.02617
G1 X36.938 Y1.493 E0.02391
G1 X37.958 Y1.432 E0.02485
G1 X38.92 Y1.403 E0.02341
G1 X38.916 Y-3.741 E0.12511
G1 X38.737 Y-3.92 E0.00616
G1 X32.088 Y-3.92 E0.16171
G1 X31.605 Y-3.388 E0.01748
G1 X31.08 Y-2.914 E0.0172
G1 F3600 E-1
G0 F12000 X30.506 Y-1.367
G0 X16.16 Y4.324
;TYPE:WALL-INNER
G1 F3600 E1
G1 F3916.5 X25.428 Y4.325 E0.22541
G1 X25.784 Y4.194 E0.00923
G1 X26.839 Y3.847 E0.02701
G1 X27.816 Y3.541 E0.0249
G1 X28.826 Y3.262 E0.02548
G1 X29.849 Y2.998 E0.0257
G1 X30.861 Y2.766 E0.02525
G1 X31.881 Y2.559 E0.02531
G1 X32.954 Y2.368 E0.02651
G1 X33.911 Y2.222 E0.02354
G1 X34.928 Y2.088 E0.02495
G1 X35.998 Y1.975 E0.02617
G1 X36.959 Y1.898 E0.02345
G1 X37.978 Y1.837 E0.02483
G1 X39.325 Y1.801 E0.03277
G1 X39.321 Y-4.325 E0.14899
G1 X30.675 Y-4.325 E0.21028
G1 X30.675 Y-1.768 E0.06219
G1 X30.645 Y-1.566 E0.00497
G1 X30.552 Y-1.379 E0.00508
G1 X30.374 Y-1.205 E0.00605
G1 X30.152 Y-1.11 E0.00587
G1 X28.701 Y-.775 E0.03622
G1 X27.97 Y-.592 E0.01833
G1 X26.375 Y-.138 E0.04033
G1 X25.636 Y0.092 E0.01882
G1 X24.885 Y0.339 E0.01923
G1 X23.433 Y0.856 E0.03749
G1 X22.786 Y1.101 E0.01683
G1 X21.295 Y1.716 E0.03923
G1 X20.647 Y2.001 E0.01722
G1 X19.306 Y2.632 E0.03605
G1 X18.653 Y2.956 E0.01773
G1 X17.362 Y3.636 E0.03549
G1 X16.735 Y3.987 E0.01748
G1 X16.16 Y4.324 E0.01621
G1 F3600 E-1
G0 F12000 X14.626 Y4.75
;TYPE:WALL-OUTER
G1 F3600 E1
G1 F2400 X25.503 Y4.75 E0.26454
G1 X25.917 Y4.598 E0.01073
G1 X26.889 Y4.277 E0.0249
G1 X27.929 Y3.95 E0.02652
G1 X28.933 Y3.673 E0.02533
G1 X29.944 Y3.412 E0.0254
G1 X30.946 Y3.183 E0.025
G1 X31.956 Y2.977 E0.02507
G1 X33.018 Y2.788 E0.02624
G1 X33.967 Y2.644 E0.02335
G1 X34.973 Y2.511 E0.02468
G1 X36.032 Y2.398 E0.0259
G1 X36.985 Y2.322 E0.02325
G1 X37.992 Y2.262 E0.02454
G1 X38.997 Y2.23 E0.02446
G1 X39.75 Y2.22 E0.01832
G1 X39.746 Y-4.75 E0.16952
G1 X30.25 Y-4.75 E0.23096
G1 X30.25 Y-1.715 E0.07382
G1 X30.118 Y-1.538 E0.00537
G1 X28.644 Y-1.199 E0.03679
G1 X27.829 Y-.994 E0.02044
G1 X26.25 Y-.544 E0.03993
G1 X25.54 Y-.324 E0.01808
G1 X24.742 Y-0.062 E0.02043
G1 X23.283 Y0.458 E0.03767
G1 X22.625 Y0.708 E0.01712
G1 X21.124 Y1.326 E0.03948
G1 X20.466 Y1.617 E0.0175
G1 X19.118 Y2.251 E0.03623
G1 X18.456 Y2.58 E0.01798
G1 X17.155 Y3.265 E0.03576
G1 X16.521 Y3.62 E0.01767
G1 X15.268 Y4.356 E0.03534
G1 X14.626 Y4.75 E0.01832
G0 F12000 X15.426 Y4.75
G1 F3600 E-1
;MESH:NONMESH
G0 F600 X15.426 Y4.75 Z17.46
G0 F12000 X15.522 Y4.499
G0 X18.356 Y3.919
;TIME_ELAPSED:424.411258
;LAYER:132
;note -- min layer time used
;TYPE:FILL
;MESH:bridge_3a.stl
G1 F3600 E1
G1 F7043.2 X18.963 Y3.276 E0.02151
G1 X19.46 Y2.854 E0.01586
G1 X20.041 Y2.569 E0.01574
G1 X20.694 Y2.272 E0.01745
G1 X21.91 Y1.745 E0.03223
G1 X22.575 Y1.687 E0.01624
G1 X23.478 Y1.807 E0.02216
G1 X24.381 Y2.212 E0.02407
G1 X25.284 Y2.99 E0.02899
G1 X25.855 Y3.596 E0.02025
G1 X26.646 Y3.332 E0.02028
G1 X27.698 Y3.006 E0.02679
G1 X28.73 Y2.722 E0.02603
G1 X29.751 Y2.461 E0.02563
G1 X30.783 Y2.225 E0.02575
G1 X31.815 Y2.015 E0.02561
G1 X32.886 Y1.825 E0.02646
G1 X34.121 Y1.643 E0.03036
G1 X34.875 Y1.547 E0.01849
G1 X35.959 Y1.428 E0.02652
G1 X36.938 Y1.354 E0.02388
G1 X37.954 Y1.292 E0.02476
G1 X38.92 Y1.261 E0.02351
G1 X38.92 Y-3.92 E0.12601
G1 X32.212 Y-3.92 E0.16315
G1 X31.605 Y-3.277 E0.02151
G1 X31.08 Y-2.832 E0.01674
G1 F3600 E-1
G0 F12000 X30.506 Y-1.506
G0 X15.879 Y4.324
;TYPE:WALL-INNER
G1 F3600 E1
G1 F3947.7 X25.013 Y4.325 E0.22215
G1 X25.781 Y4.047 E0.01986
G1 X26.764 Y3.719 E0.0252
G1 X27.816 Y3.393 E0.02679
G1 X28.828 Y3.114 E0.02553
G1 X29.833 Y2.857 E0.02523
G1 X30.861 Y2.622 E0.02565
G1 X31.881 Y2.415 E0.02531
G1 X32.954 Y2.224 E0.02651
G1 X33.914 Y2.078 E0.02362
G1 X34.925 Y1.949 E0.02479
G1 X36 Y1.83 E0.02631
G1 X36.959 Y1.758 E0.02339
G1 X37.975 Y1.697 E0.02476
G1 X39.325 Y1.657 E0.03285
G1 X39.325 Y-4.325 E0.14549
G1 X30.675 Y-4.325 E0.21038
G1 X30.675 Y-1.912 E0.05869
G1 X30.645 Y-1.71 E0.00497
G1 X30.552 Y-1.523 E0.00508
G1 X30.374 Y-1.349 E0.00605
G1 X30.153 Y-1.254 E0.00585
G1 X28.604 Y-.896 E0.03867
G1 X27.8 Y-.689 E0.02019
G1 X26.286 Y-.257 E0.03829
G1 X25.184 Y0.09 E0.0281
G1 X24.209 Y0.422 E0.02505
G1 X23.324 Y0.743 E0.0229
G1 X22.616 Y1.015 E0.01845
G1 X21.922 Y1.3 E0.01825
G1 X20.535 Y1.899 E0.03675
G1 X19.864 Y2.206 E0.01795
G1 X18.542 Y2.854 E0.03581
G1 X17.871 Y3.2 E0.01836
G1 X16.628 Y3.885 E0.03452
G1 X15.879 Y4.324 E0.02112
G1 F3600 E-1
G0 F12000 X14.37 Y4.75
;TYPE:WALL-OUTER
G1 F3600 E1
G1 F2400 X25.088 Y4.75 E0.26068
G1 X25.916 Y4.45 E0.02142
G1 X26.889 Y4.125 E0.02495
G1 X27.929 Y3.802 E0.02649
G1 X28.933 Y3.525 E0.02533
G1 X29.944 Y3.268 E0.02537
G1 X30.946 Y3.039 E0.025
G1 X31.956 Y2.833 E0.02507
G1 X33.018 Y2.644 E0.02624
G1 X33.968 Y2.5 E0.02337
G1 X34.972 Y2.371 E0.02462
G1 X36.033 Y2.254 E0.02596
G1 X36.985 Y2.182 E0.02322
G1 X37.99 Y2.122 E0.02449
G1 X38.997 Y2.086 E0.02451
G1 X39.75 Y2.076 E0.01832
G1 X39.75 Y-4.75 E0.16602
G1 X30.25 Y-4.75 E0.23105
G1 X30.25 Y-1.859 E0.07031
G1 X30.118 Y-1.682 E0.00537
G1 X28.477 Y-1.302 E0.04097
G1 X27.683 Y-1.098 E0.01994
G1 X26.135 Y-.655 E0.03916
G1 X25.046 Y-.313 E0.02776
G1 X24.064 Y0.023 E0.02524
G1 X23.172 Y0.346 E0.02307
G1 X22.455 Y0.622 E0.01869
G1 X21.753 Y0.909 E0.01845
G1 X20.358 Y1.512 E0.03696
G1 X19.677 Y1.824 E0.01822
G1 X18.348 Y2.476 E0.036
G1 X17.678 Y2.821 E0.01833
G1 X16.413 Y3.518 E0.03513
G1 X15.163 Y4.252 E0.03526
G1 X14.37 Y4.75 E0.02277
G0 F12000 X15.17 Y4.75
G1 F3600 E-1
;MESH:NONMESH
G0 F600 X15.17 Y4.75 Z17.59
G0 F12000 X15.331 Y4.475
G0 X19.755 Y2.706
G0 X19.696 Y2.582
;TIME_ELAPSED:427.833835
;LAYER:133
;note -- min layer time used
;TYPE:FILL
;MESH:bridge_3a.stl
G1 F3600 E1
G1 F6742.7 X18.963 Y3.167 E0.02281
G1 X18.228 Y3.92 E0.02559
G1 X24.545 Y3.92 E0.15364
G1 X25.657 Y3.513 E0.0288
G1 X25.284 Y3.131 E0.01299
G1 X24.381 Y2.342 E0.02916
G1 X23.478 Y1.899 E0.02446
G1 X22.575 Y1.74 E0.0223
G1 X21.672 Y1.781 E0.02198
G1 X21.173 Y1.905 E0.01251
G1 X22.656 Y1.285 E0.03909
G1 X24.028 Y0.768 E0.03566
G1 X25.602 Y0.232 E0.04044
G1 X26.634 Y-0.091 E0.0263
G1 X26.634 Y-0.08 E0.00027
G1 X27.801 Y-.416 E0.02954
G1 X29.364 Y-.809 E0.0392
G1 X30.253 Y-1.01 E0.02217
G1 X30.578 Y-1.144 E0.00855
G1 X30.883 Y-1.432 E0.0102
G1 X31.033 Y-1.736 E0.00824
G1 X31.08 Y-2.044 E0.00758
G1 X31.08 Y-2.749 E0.01715
G1 X31.605 Y-3.168 E0.01634
G1 X32.339 Y-3.92 E0.02556
G1 F3600 E-1
G0 F12000 X30.506 Y-1.652
G0 X15.598 Y4.325
;TYPE:WALL-INNER
G1 F3600 E1
G1 F3847.6 X24.616 Y4.325 E0.21933
G1 X25.781 Y3.899 E0.03017
G1 X26.804 Y3.558 E0.02623
G1 X27.78 Y3.262 E0.02481
G1 X28.831 Y2.965 E0.02656
G1 X29.849 Y2.71 E0.02552
G1 X30.861 Y2.478 E0.02525
G1 X31.881 Y2.271 E0.02531
G1 X32.954 Y2.08 E0.02651
G1 X33.914 Y1.934 E0.02362
G1 X34.928 Y1.804 E0.02486
G1 X35.998 Y1.691 E0.02617
G1 X36.962 Y1.614 E0.02352
G1 X37.975 Y1.557 E0.02468
G1 X39.325 Y1.517 E0.03285
G1 X39.325 Y-4.325 E0.14209
G1 X30.675 Y-4.325 E0.21038
G1 X30.675 Y-2.06 E0.05509
G1 X30.645 Y-1.857 E0.00499
G1 X30.552 Y-1.67 E0.00508
G1 X30.36 Y-1.488 E0.00643
G1 X30.149 Y-1.401 E0.00555
G1 X29.271 Y-1.203 E0.02189
G1 X27.689 Y-.806 E0.03967
G1 X26.218 Y-.385 E0.03721
G1 X25.472 Y-.151 E0.01902
G1 X23.89 Y0.387 E0.04064
G1 X22.495 Y0.914 E0.03627
G1 X21.108 Y1.489 E0.03652
G1 X19.757 Y2.102 E0.03608
G1 X18.435 Y2.748 E0.03579
G1 X17.314 Y3.34 E0.03083
G1 X16.525 Y3.78 E0.02197
G1 X15.598 Y4.325 E0.02615
G1 F3600 E-1
G0 F12000 X14.094 Y4.75
;TYPE:WALL-OUTER
G1 F3600 E1
G1 F2400 X24.691 Y4.75 E0.25773
G1 X25.916 Y4.302 E0.03172
G1 X26.927 Y3.964 E0.02593
G1 X27.895 Y3.671 E0.0246
G1 X28.935 Y3.377 E0.02629
G1 X29.944 Y3.124 E0.0253
G1 X30.946 Y2.895 E0.025
G1 X31.956 Y2.689 E0.02507
G1 X33.018 Y2.5 E0.02624
G1 X33.968 Y2.356 E0.02337
G1 X34.973 Y2.227 E0.02464
G1 X36.032 Y2.114 E0.0259
G1 X36.985 Y2.038 E0.02325
G1 X37.99 Y1.982 E0.02448
G1 X38.997 Y1.946 E0.02451
G1 X39.75 Y1.936 E0.01832
G1 X39.75 Y-4.75 E0.16261
G1 X30.25 Y-4.75 E0.23105
G1 X30.25 Y-2.008 E0.06669
G1 X30.117 Y-1.83 E0.0054
G1 X29.21 Y-1.626 E0.02261
G1 X27.572 Y-1.214 E0.04108
G1 X26.046 Y-.776 E0.03861
G1 X25.336 Y-.554 E0.01809
G1 X23.777 Y-0.024 E0.04005
G1 X22.364 Y0.509 E0.03673
G1 X20.933 Y1.102 E0.03767
G1 X19.571 Y1.72 E0.03638
G1 X18.237 Y2.372 E0.03611
G1 X17.108 Y2.968 E0.03105
G1 X16.312 Y3.413 E0.02218
G1 X15.628 Y3.81 E0.01923
G1 X14.094 Y4.75 E0.04376
G0 F12000 X14.894 Y4.75
G1 F3600 E-1
;MESH:NONMESH
G0 F600 X14.894 Y4.75 Z17.72
G0 F12000 X15.067 Y4.475
G0 X25.452 Y3.435
;TIME_ELAPSED:431.305192
;LAYER:134
;note -- min layer time used
;TYPE:FILL
;MESH:bridge_3a.stl
G1 F3600 E1
G1 F6931.3 X25.284 Y3.268 E0.00576
G1 X24.381 Y2.467 E0.02936
G1 X23.478 Y1.987 E0.02487
G1 X22.575 Y1.788 E0.02249
G1 X21.672 Y1.793 E0.02196
G1 X20.769 Y1.98 E0.02243
G1 X19.866 Y2.382 E0.02404
G1 X18.963 Y3.059 E0.02745
G1 X18.095 Y3.92 E0.02974
G1 X17.663 Y3.92 E0.01051
G1 X17.559 Y3.515 E0.01017
G1 X18.505 Y3.008 E0.0261
G1 X19.838 Y2.352 E0.03613
G1 X20.487 Y2.053 E0.01738
G1 X21.407 Y1.65 E0.02443
G1 X22.373 Y1.247 E0.02546
G1 X24.336 Y0.503 E0.05106
G1 X26.168 Y-0.095 E0.04687
G1 X28.019 Y-.628 E0.04685
G1 X29.239 Y-.923 E0.03053
G1 X30.249 Y-1.148 E0.02517
G1 X30.582 Y-1.286 E0.00877
G1 X30.882 Y-1.57 E0.01005
G1 X31.034 Y-1.879 E0.00838
G1 X31.08 Y-2.181 E0.00743
G1 X31.08 Y-2.666 E0.0118
G1 X31.605 Y-3.06 E0.01596
G1 X32.472 Y-3.92 E0.0297
G1 F3600 E-1
G0 F12000 X30.506 Y-1.796
G0 X15.328 Y4.325
;TYPE:WALL-INNER
G1 F3600 E1
G1 F3910.4 X24.218 Y4.325 E0.21622
G1 X24.767 Y4.112 E0.01432
G1 X25.767 Y3.752 E0.02585
G1 X26.804 Y3.41 E0.02656
G1 X27.782 Y3.113 E0.02486
G1 X28.829 Y2.821 E0.02644
G1 X29.84 Y2.563 E0.02538
G1 X30.847 Y2.338 E0.0251
G1 X31.879 Y2.131 E0.0256
G1 X32.957 Y1.936 E0.02664
G1 X33.911 Y1.794 E0.02346
G1 X34.931 Y1.66 E0.02502
G1 X35.998 Y1.551 E0.02609
G1 X36.958 Y1.474 E0.02342
G1 X37.88 Y1.417 E0.02247
G1 X39.325 Y1.368 E0.03516
G1 X39.325 Y-4.325 E0.13846
G1 X30.675 Y-4.325 E0.21038
G1 X30.675 Y-2.2 E0.05168
G1 X30.645 Y-2 E0.00492
G1 X30.551 Y-1.809 E0.00518
G1 X30.361 Y-1.629 E0.00637
G1 X30.148 Y-1.541 E0.00561
G1 X29.187 Y-1.327 E0.02395
G1 X27.574 Y-.922 E0.04045
G1 X26.036 Y-.479 E0.03893
G1 X24.556 Y0.001 E0.03784
G1 X23.835 Y0.26 E0.01863
G1 X22.383 Y0.804 E0.03771
G1 X21.252 Y1.275 E0.0298
G1 X20.325 Y1.681 E0.02461
G1 X19.654 Y1.991 E0.01798
G1 X18.327 Y2.644 E0.03597
G1 X17.696 Y2.977 E0.01735
G1 X16.417 Y3.678 E0.03547
G1 X15.801 Y4.036 E0.01733
G1 X15.328 Y4.325 E0.01348
G1 F3600 E-1
G0 F12000 X13.852 Y4.75
;TYPE:WALL-OUTER
G1 F3600 E1
G1 F2400 X24.297 Y4.75 E0.25404
G1 X24.911 Y4.512 E0.01602
G1 X25.917 Y4.15 E0.026
G1 X26.927 Y3.816 E0.02587
G1 X27.896 Y3.523 E0.02462
G1 X28.934 Y3.233 E0.02621
G1 X29.945 Y2.976 E0.02537
G1 X30.93 Y2.754 E0.02456
G1 X31.955 Y2.55 E0.02542
G1 X33.019 Y2.356 E0.0263
G1 X33.967 Y2.216 E0.02331
G1 X34.974 Y2.083 E0.0247
G1 X36.032 Y1.974 E0.02587
G1 X36.984 Y1.898 E0.02323
G1 X37.895 Y1.842 E0.0222
G1 X38.941 Y1.806 E0.02546
G1 X39.75 Y1.796 E0.01968
G1 X39.75 Y-4.75 E0.15921
G1 X30.25 Y-4.75 E0.23105
G1 X30.25 Y-2.15 E0.06324
G1 X30.115 Y-1.969 E0.00549
G1 X29.052 Y-1.731 E0.02649
G1 X28.252 Y-1.537 E0.02002
G1 X27.457 Y-1.33 E0.01998
G1 X25.909 Y-.884 E0.03918
G1 X24.413 Y-.399 E0.03825
G1 X23.702 Y-.145 E0.01836
G1 X22.22 Y0.411 E0.0385
G1 X21.082 Y0.886 E0.02999
G1 X20.147 Y1.295 E0.02482
G1 X19.501 Y1.593 E0.0173
G1 X18.129 Y2.268 E0.03719
G1 X17.492 Y2.604 E0.01752
G1 X16.203 Y3.311 E0.03576
G1 X15.58 Y3.674 E0.01754
G1 X14.344 Y4.429 E0.03523
G1 X13.852 Y4.75 E0.01429
G0 F12000 X14.652 Y4.75
G1 F3600 E-1
;MESH:NONMESH
G0 F600 X14.652 Y4.75 Z17.85
G0 F12000 X14.799 Y4.475
G0 X25.24 Y3.361
;TIME_ELAPSED:434.704407
;LAYER:135
;note -- min layer time used
;TYPE:FILL
;MESH:bridge_3a.stl
G1 F3600 E1
G1 F7049.7 X24.381 Y2.586 E0.02814
G1 X23.478 Y2.07 E0.0253
G1 X22.575 Y1.833 E0.02271
G1 X21.672 Y1.801 E0.02198
G1 X20.769 Y1.951 E0.02226
G1 X19.866 Y2.313 E0.02366
G1 X18.963 Y2.95 E0.02688
G1 X17.952 Y3.919 E0.03406
G1 X17.364 Y3.919 E0.0143
G1 X17.262 Y3.511 E0.01023
G1 X17.781 Y3.231 E0.01434
G1 X19.465 Y2.372 E0.04598
G1 X21.061 Y1.642 E0.04268
G1 X22.448 Y1.062 E0.03656
G1 X23.863 Y0.528 E0.03678
G1 X24.58 Y0.275 E0.01849
G1 X25.318 Y0.028 E0.01893
G1 X26.291 Y-.28 E0.02482
G1 X27.564 Y-.647 E0.03222
G1 X28.407 Y-.869 E0.0212
G1 X29.229 Y-1.068 E0.02057
G1 X30.251 Y-1.295 E0.02546
G1 X30.583 Y-1.431 E0.00873
G1 X30.885 Y-1.72 E0.01017
G1 X31.032 Y-2.019 E0.0081
G1 X31.08 Y-2.581 E0.01372
G1 X31.605 Y-2.951 E0.01562
G1 X32.615 Y-3.92 E0.03404
G1 F3600 E-1
G0 F12000 X30.506 Y-1.94
G0 X15.06 Y4.324
;TYPE:WALL-INNER
G1 F3600 E1
G1 F3949.9 X23.829 Y4.325 E0.21328
G1 X24.769 Y3.96 E0.02453
G1 X25.784 Y3.599 E0.0262
G1 X26.804 Y3.261 E0.02613
G1 X27.782 Y2.965 E0.02485
G1 X28.832 Y2.672 E0.02651
G1 X29.809 Y2.43 E0.02448
G1 X30.945 Y2.17 E0.02834
G1 X31.881 Y1.987 E0.0232
G1 X32.954 Y1.796 E0.02651
G1 X33.913 Y1.65 E0.02359
G1 X34.926 Y1.52 E0.02484
G1 X35.901 Y1.415 E0.02385
G1 X36.954 Y1.33 E0.02569
G1 X38.033 Y1.269 E0.02628
G1 X39.325 Y1.233 E0.03144
G1 X39.325 Y-4.325 E0.13518
G1 X30.675 Y-4.325 E0.21038
G1 X30.675 Y-2.344 E0.04818
G1 X30.645 Y-2.141 E0.00499
G1 X30.552 Y-1.954 E0.00508
G1 X30.364 Y-1.775 E0.00631
G1 X30.146 Y-1.684 E0.00575
G1 X29.133 Y-1.461 E0.02523
G1 X28.303 Y-1.261 E0.02076
G1 X27.462 Y-1.039 E0.02115
G1 X26.174 Y-.667 E0.03261
G1 X25.189 Y-.356 E0.02512
G1 X24.452 Y-.11 E0.0189
G1 X23.715 Y0.15 E0.01901
G1 X22.272 Y0.696 E0.03752
G1 X20.891 Y1.273 E0.0364
G1 X19.549 Y1.888 E0.0359
G1 X18.883 Y2.208 E0.01797
G1 X17.585 Y2.877 E0.03552
G1 X16.947 Y3.222 E0.01764
G1 X15.694 Y3.935 E0.03506
G1 X15.06 Y4.324 E0.01809
G1 F3600 E-1
G0 F12000 X13.591 Y4.749
;TYPE:WALL-OUTER
G1 F3600 E1
G1 F2400 X23.909 Y4.75 E0.25095
G1 X24.912 Y4.36 E0.02617
G1 X25.917 Y4.002 E0.02595
G1 X26.927 Y3.668 E0.02587
G1 X27.896 Y3.375 E0.02462
G1 X28.935 Y3.085 E0.02624
G1 X29.904 Y2.844 E0.02429
G1 X31.027 Y2.587 E0.02802
G1 X31.956 Y2.405 E0.02302
G1 X33.018 Y2.216 E0.02624
G1 X33.968 Y2.072 E0.02337
G1 X34.972 Y1.943 E0.02462
G1 X35.935 Y1.838 E0.02356
G1 X36.977 Y1.754 E0.02543
G1 X38.047 Y1.694 E0.02606
G1 X38.997 Y1.662 E0.02312
G1 X39.75 Y1.652 E0.01832
G1 X39.75 Y-4.75 E0.15571
G1 X30.25 Y-4.75 E0.23105
G1 X30.25 Y-2.293 E0.05976
G1 X30.116 Y-2.113 E0.00546
G1 X29.033 Y-1.874 E0.02697
G1 X28.195 Y-1.672 E0.02097
G1 X27.399 Y-1.463 E0.02002
G1 X26.046 Y-1.072 E0.03425
G1 X25.054 Y-.759 E0.0253
G1 X24.311 Y-.511 E0.01905
G1 X23.565 Y-.248 E0.01924
G1 X22.109 Y0.303 E0.03786
G1 X20.714 Y0.887 E0.03678
G1 X19.365 Y1.505 E0.03609
G1 X18.688 Y1.83 E0.01826
G1 X17.383 Y2.503 E0.03571
G1 X16.737 Y2.852 E0.01786
G1 X15.472 Y3.573 E0.03541
G1 X14.248 Y4.325 E0.03494
G1 X13.591 Y4.749 E0.01902
G0 F12000 X14.391 Y4.749
G1 F3600 E-1
;MESH:NONMESH
G0 F600 X14.391 Y4.749 Z17.98
G0 F12000 X14.451 Y4.523
G0 X17.813 Y3.919
;TIME_ELAPSED:438.062293
;LAYER:136
;note -- min layer time used
;TYPE:FILL
;MESH:bridge_3a.stl
G1 F3600 E1
G1 F7381.5 X18.963 Y2.84 E0.03835
G1 X19.866 Y2.242 E0.02634
G1 X20.769 Y1.918 E0.02333
G1 X21.672 Y1.805 E0.02213
G1 X22.575 Y1.873 E0.02202
G1 X23.478 Y2.149 E0.02297
G1 X24.381 Y2.702 E0.02575
G1 X25.019 Y3.288 E0.02107
G1 X25.949 Y2.966 E0.02394
G1 X26.687 Y2.725 E0.01888
G1 X27.679 Y2.427 E0.02519
G1 X28.734 Y2.136 E0.02662
G1 X29.752 Y1.879 E0.02554
G1 X30.792 Y1.648 E0.02591
G1 X31.804 Y1.446 E0.0251
G1 X32.886 Y1.253 E0.02673
G1 X34.122 Y1.072 E0.03038
G1 X34.829 Y0.982 E0.01733
G1 X36.021 Y0.855 E0.02916
G1 X36.94 Y0.784 E0.02242
G1 X37.954 Y0.728 E0.0247
G1 X38.92 Y0.697 E0.02351
G1 X38.92 Y-3.92 E0.11229
G1 X32.755 Y-3.92 E0.14994
G1 X31.605 Y-2.841 E0.03835
G1 X31.08 Y-2.493 E0.01532
G1 F3600 E-1
G0 F12000 X14.785 Y4.325
;TYPE:WALL-INNER
G1 F3600 E1
G1 F4060.5 X23.437 Y4.325 E0.21043
G1 X24.769 Y3.808 E0.03475
G1 X25.785 Y3.446 E0.02623
G1 X26.8 Y3.113 E0.02598
G1 X27.784 Y2.817 E0.02499
G1 X28.831 Y2.529 E0.02641
G1 X29.848 Y2.273 E0.02551
G1 X30.867 Y2.046 E0.02539
G1 X31.881 Y1.843 E0.02515
G1 X32.954 Y1.652 E0.02651
G1 X33.914 Y1.506 E0.02362
G1 X34.869 Y1.384 E0.02342
G1 X36.06 Y1.258 E0.02913
G1 X36.948 Y1.19 E0.02166
G1 X37.975 Y1.133 E0.02502
G1 X39.325 Y1.093 E0.03285
G1 X39.325 Y-4.325 E0.13177
G1 X30.675 Y-4.325 E0.21038
G1 X30.675 Y-2.488 E0.04468
G1 X30.644 Y-2.282 E0.00507
G1 X30.552 Y-2.098 E0.005
G1 X30.361 Y-1.917 E0.0064
G1 X30.147 Y-1.829 E0.00563
G1 X28.957 Y-1.564 E0.02965
G1 X28.151 Y-1.365 E0.02019
G1 X27.35 Y-1.153 E0.02015
G1 X26.172 Y-.814 E0.02981
G1 X25.256 Y-.528 E0.02334
G1 X24.296 Y-.208 E0.02461
G1 X22.954 Y0.284 E0.03476
G1 X21.498 Y0.86 E0.03808
G1 X20.796 Y1.164 E0.01861
G1 X19.437 Y1.782 E0.03631
G1 X18.779 Y2.102 E0.0178
G1 X17.496 Y2.758 E0.03505
G1 X16.846 Y3.115 E0.01804
G1 X15.589 Y3.832 E0.0352
G1 X14.785 Y4.325 E0.02294
G1 F3600 E-1
G0 F12000 X13.335 Y4.75
;TYPE:WALL-OUTER
G1 F3600 E1
G1 F2400 X23.517 Y4.75 E0.24764
G1 X24.912 Y4.208 E0.0364
G1 X25.918 Y3.85 E0.02597
G1 X26.923 Y3.52 E0.02573
G1 X27.897 Y3.226 E0.02474
G1 X28.934 Y2.941 E0.02616
G1 X29.941 Y2.687 E0.02526
G1 X30.95 Y2.462 E0.02514
G1 X31.956 Y2.261 E0.02495
G1 X33.018 Y2.072 E0.02624
G1 X33.968 Y1.928 E0.02337
G1 X34.913 Y1.807 E0.02317
G1 X36.092 Y1.682 E0.02884
G1 X36.985 Y1.614 E0.02178
G1 X37.99 Y1.558 E0.02448
G1 X38.997 Y1.522 E0.02451
G1 X39.75 Y1.512 E0.01832
G1 X39.75 Y-4.75 E0.1523
G1 X30.25 Y-4.75 E0.23105
G1 X30.25 Y-2.433 E0.05635
G1 X30.116 Y-2.257 E0.00538
G1 X28.792 Y-1.962 E0.03299
G1 X28.042 Y-1.776 E0.01879
G1 X27.233 Y-1.561 E0.02036
G1 X26.046 Y-1.22 E0.03004
G1 X25.141 Y-.938 E0.02305
G1 X24.149 Y-.608 E0.02543
G1 X22.797 Y-.111 E0.03503
G1 X21.305 Y0.481 E0.03904
G1 X20.62 Y0.777 E0.01815
G1 X19.252 Y1.4 E0.03656
G1 X18.585 Y1.724 E0.01804
G1 X17.286 Y2.389 E0.03549
G1 X16.636 Y2.746 E0.01804
G1 X15.367 Y3.469 E0.03552
G1 X14.143 Y4.222 E0.03495
G1 X13.335 Y4.75 E0.02348
G0 F12000 X14.135 Y4.75
G1 F3600 E-1
;MESH:NONMESH
G0 F600 X14.135 Y4.75 Z18.11
G0 F12000 X14.194 Y4.518
G0 X24.807 Y3.214
;TIME_ELAPSED:441.510490
;LAYER:137
;note -- min layer time used
;TYPE:FILL
;MESH:bridge_3a.stl
G1 F3600 E1
G1 F7298.4 X24.381 Y2.814 E0.01421
G1 X23.478 Y2.225 E0.02622
G1 X22.575 Y1.91 E0.02326
G1 X21.672 Y1.805 E0.02211
G1 X20.769 Y1.882 E0.02204
G1 X19.866 Y2.167 E0.02303
G1 X18.963 Y2.728 E0.02586
G1 X17.677 Y3.921 E0.04266
G1 X16.776 Y3.921 E0.02191
G1 X16.666 Y3.514 E0.01025
G1 X17.554 Y3.026 E0.02464
G1 X18.874 Y2.35 E0.03607
G1 X19.504 Y2.044 E0.01703
G1 X20.859 Y1.422 E0.03626
G1 X21.916 Y0.966 E0.028
G1 X24.003 Y0.173 E0.0543
G1 X25.368 Y-.286 E0.03503
G1 X26.581 Y-.661 E0.03088
G1 X27.342 Y-.878 E0.01925
G1 X28.249 Y-1.121 E0.02284
G1 X28.956 Y-1.293 E0.0177
G1 X30.248 Y-1.58 E0.03219
G1 X30.582 Y-1.718 E0.00879
G1 X30.881 Y-2.003 E0.01005
G1 X31.04 Y-2.378 E0.00991
G1 X31.605 Y-2.729 E0.01618
G1 X32.889 Y-3.92 E0.04259
G1 F3600 E-1
G0 F12000 X30.506 Y-2.23
G0 X14.499 Y4.325
;TYPE:WALL-INNER
G1 F3600 E1
G1 F4032.8 X23.082 Y4.325 E0.20875
G1 X23.751 Y4.05 E0.01759
G1 X24.772 Y3.655 E0.02663
G1 X25.788 Y3.298 E0.02619
G1 X26.801 Y2.965 E0.02593
G1 X27.784 Y2.669 E0.02497
G1 X28.833 Y2.38 E0.02646
G1 X29.848 Y2.129 E0.02543
G1 X30.867 Y1.902 E0.02539
G1 X31.881 Y1.699 E0.02515
G1 X32.954 Y1.508 E0.02651
G1 X33.917 Y1.362 E0.02369
G1 X34.928 Y1.236 E0.02478
G1 X36 Y1.122 E0.02622
G1 X36.959 Y1.05 E0.02339
G1 X37.975 Y0.989 E0.02476
G1 X39.325 Y0.941 E0.03285
G1 X39.325 Y-4.325 E0.12808
G1 X30.675 Y-4.325 E0.21038
G1 X30.675 Y-2.632 E0.04118
G1 X30.637 Y-2.407 E0.00555
G1 X30.552 Y-2.242 E0.00451
G1 X30.361 Y-2.061 E0.0064
G1 X30.147 Y-1.973 E0.00563
G1 X28.86 Y-1.686 E0.03207
G1 X28.146 Y-1.512 E0.01787
G1 X27.238 Y-1.269 E0.02286
G1 X26.467 Y-1.05 E0.01949
G1 X25.25 Y-.674 E0.03098
G1 X24.221 Y-.331 E0.02638
G1 X23.501 Y-0.072 E0.01861
G1 X22.258 Y0.403 E0.03236
G1 X21.37 Y0.761 E0.02329
G1 X20.686 Y1.057 E0.01813
G1 X19.336 Y1.677 E0.03613
G1 X18.675 Y1.998 E0.01787
G1 X17.37 Y2.666 E0.03566
G1 X16.741 Y3.012 E0.01746
G1 X15.487 Y3.732 E0.03517
G1 X14.499 Y4.325 E0.02803
G1 F3600 E-1
G0 F12000 X13.06 Y4.75
;TYPE:WALL-OUTER
G1 F3600 E1
G1 F2400 X23.166 Y4.75 E0.24579
G1 X23.905 Y4.446 E0.01943
G1 X24.913 Y4.056 E0.02629
G1 X25.921 Y3.702 E0.02598
G1 X26.923 Y3.372 E0.02566
G1 X27.897 Y3.078 E0.02474
G1 X28.935 Y2.793 E0.02618
G1 X29.941 Y2.543 E0.02521
G1 X30.95 Y2.318 E0.02514
G1 X31.956 Y2.117 E0.02495
G1 X33.018 Y1.928 E0.02624
G1 X33.969 Y1.783 E0.0234
G1 X34.973 Y1.659 E0.0246
G1 X36.033 Y1.546 E0.02593
G1 X36.985 Y1.474 E0.02322
G1 X37.99 Y1.414 E0.02449
G1 X38.998 Y1.378 E0.02453
G1 X39.75 Y1.371 E0.01829
G1 X39.75 Y-4.75 E0.14887
G1 X30.25 Y-4.75 E0.23105
G1 X30.25 Y-2.632 E0.05151
G1 X30.205 Y-2.487 E0.00369
G1 X30.116 Y-2.401 E0.00301
G1 X28.759 Y-2.099 E0.03381
G1 X28.089 Y-1.937 E0.01676
G1 X27.123 Y-1.678 E0.02432
G1 X26.342 Y-1.457 E0.01974
G1 X25.166 Y-1.094 E0.02993
G1 X24.078 Y-.731 E0.0279
G1 X23.35 Y-.469 E0.01882
G1 X22.1 Y0.009 E0.03255
G1 X21.229 Y0.359 E0.02283
G1 X20.509 Y0.671 E0.01908
G1 X19.15 Y1.294 E0.03636
G1 X18.481 Y1.62 E0.0181
G1 X17.166 Y2.294 E0.03594
G1 X16.53 Y2.643 E0.01764
G1 X15.27 Y3.367 E0.03534
G1 X14.646 Y3.741 E0.01769
G1 X13.06 Y4.75 E0.04572
G0 F12000 X13.86 Y4.75
G1 F3600 E-1
;MESH:NONMESH
G0 F600 X13.86 Y4.75 Z18.24
G0 F12000 X14.006 Y4.475
G0 X17.551 Y3.92
;TIME_ELAPSED:444.871500
;LAYER:138
;note -- min layer time used
;TYPE:FILL
;MESH:bridge_3a.stl
G1 F3600 E1
G1 F7571.6 X18.06 Y3.431 E0.01717
G1 X18.963 Y2.613 E0.02963
G1 X19.866 Y2.089 E0.02539
G1 X20.769 Y1.842 E0.02277
G1 X21.672 Y1.802 E0.02198
G1 X22.575 Y1.944 E0.02223
G1 X23.478 Y2.297 E0.02358
G1 X24.381 Y2.924 E0.02674
G1 X24.603 Y3.138 E0.0075
G1 X25.663 Y2.766 E0.02732
G1 X26.677 Y2.432 E0.02597
G1 X27.683 Y2.129 E0.02555
G1 X28.726 Y1.846 E0.02628
G1 X29.753 Y1.587 E0.02576
G1 X30.784 Y1.358 E0.02569
G1 X31.814 Y1.156 E0.02553
G1 X32.827 Y0.977 E0.02502
G1 X34.121 Y0.787 E0.03181
G1 X34.882 Y0.689 E0.01866
G1 X35.959 Y0.58 E0.02633
G1 X36.944 Y0.501 E0.02403
G1 X37.954 Y0.444 E0.0246
G1 X38.92 Y0.413 E0.02351
G1 X38.92 Y-3.92 E0.10538
G1 X33.016 Y-3.92 E0.14359
G1 X32.508 Y-3.432 E0.01713
G1 X31.605 Y-2.614 E0.02963
G1 X30.913 Y-2.213 E0.01945
G1 F3600 E-1
G0 F12000 X31.075 Y-2.213
G0 X14.254 Y4.325
;TYPE:WALL-INNER
G1 F3600 E1
G1 F4123.9 X22.721 Y4.325 E0.20593
G1 X23.754 Y3.897 E0.0272
G1 X24.772 Y3.507 E0.02651
G1 X25.788 Y3.15 E0.02619
G1 X26.801 Y2.817 E0.02593
G1 X27.787 Y2.52 E0.02505
G1 X28.831 Y2.237 E0.02631
G1 X29.849 Y1.981 E0.02553
G1 X30.87 Y1.753 E0.02544
G1 X31.882 Y1.555 E0.02508
G1 X32.894 Y1.376 E0.025
G1 X33.914 Y1.222 E0.02509
G1 X34.931 Y1.092 E0.02494
G1 X35.998 Y0.983 E0.02609
G1 X36.962 Y0.906 E0.02352
G1 X37.975 Y0.849 E0.02468
G1 X39.325 Y0.809 E0.03285
G1 X39.325 Y-4.325 E0.12487
G1 X30.675 Y-4.325 E0.21038
G1 X30.675 Y-2.78 E0.03758
G1 X30.629 Y-2.535 E0.00606
G1 X30.544 Y-2.38 E0.0043
G1 X30.363 Y-2.21 E0.00604
G1 X30.15 Y-2.121 E0.00561
G1 X28.747 Y-1.803 E0.03499
G1 X27.893 Y-1.591 E0.0214
G1 X26.303 Y-1.15 E0.04013
G1 X24.911 Y-.71 E0.03551
G1 X23.356 Y-.171 E0.04003
G1 X22.742 Y0.061 E0.01596
G1 X21.289 Y0.64 E0.03804
G1 X19.896 Y1.258 E0.03706
G1 X18.565 Y1.893 E0.03587
G1 X17.917 Y2.221 E0.01766
G1 X16.631 Y2.911 E0.0355
G1 X15.384 Y3.628 E0.03498
G1 X14.775 Y3.995 E0.01729
G1 X14.254 Y4.325 E0.015
G1 F3600 E-1
G0 F12000 X12.83 Y4.75
;TYPE:WALL-OUTER
G1 F3600 E1
G1 F2400 X22.806 Y4.75 E0.24263
G1 X23.906 Y4.294 E0.02896
G1 X24.913 Y3.908 E0.02623
G1 X25.921 Y3.554 E0.02598
G1 X26.923 Y3.224 E0.02566
G1 X27.898 Y2.93 E0.02477
G1 X28.934 Y2.649 E0.02611
G1 X29.941 Y2.395 E0.02526
G1 X30.951 Y2.17 E0.02517
G1 X31.956 Y1.973 E0.02491
G1 X32.958 Y1.796 E0.02475
G1 X33.968 Y1.644 E0.02484
G1 X34.974 Y1.515 E0.02467
G1 X36.032 Y1.406 E0.02587
G1 X36.985 Y1.33 E0.02325
G1 X37.99 Y1.274 E0.02448
G1 X38.997 Y1.238 E0.02451
G1 X39.75 Y1.228 E0.01832
G1 X39.75 Y-4.75 E0.14539
G1 X30.25 Y-4.75 E0.23105
G1 X30.25 Y-2.78 E0.04791
G1 X30.202 Y-2.631 E0.00381
G1 X30.117 Y-2.55 E0.00286
G1 X28.645 Y-2.216 E0.03671
G1 X27.812 Y-2.01 E0.02087
G1 X26.215 Y-1.568 E0.0403
G1 X24.772 Y-1.112 E0.03681
G1 X23.206 Y-.568 E0.04032
G1 X22.585 Y-.334 E0.01614
G1 X21.05 Y0.28 E0.04021
G1 X19.713 Y0.874 E0.03558
G1 X18.373 Y1.514 E0.03612
G1 X17.717 Y1.846 E0.01788
G1 X16.42 Y2.543 E0.03581
G1 X15.164 Y3.264 E0.03522
G1 X14.547 Y3.636 E0.01752
G1 X13.336 Y4.406 E0.0349
G1 X12.83 Y4.75 E0.01488
G0 F12000 X13.63 Y4.75
G1 F3600 E-1
;MESH:NONMESH
G0 F600 X13.63 Y4.75 Z18.37
G0 F12000 X13.684 Y4.512
G0 X24.409 Y3.061
;TIME_ELAPSED:448.341624
;LAYER:139
;note -- min layer time used
;TYPE:FILL
;MESH:bridge_3a.stl
G1 F3600 E1
G1 F7528.4 X23.478 Y2.366 E0.02826
G1 X22.575 Y1.973 E0.02395
G1 X21.672 Y1.795 E0.02238
G1 X20.769 Y1.799 E0.02196
G1 X19.866 Y2.007 E0.02254
G1 X18.963 Y2.495 E0.02496
G1 X18.06 Y3.299 E0.02941
G1 X17.431 Y3.92 E0.0215
G1 X16.201 Y3.92 E0.02992
G1 X16.095 Y3.518 E0.01011
G1 X16.722 Y3.161 E0.01755
G1 X17.998 Y2.477 E0.03521
G1 X18.636 Y2.153 E0.0174
G1 X19.966 Y1.516 E0.03587
G1 X20.628 Y1.216 E0.01768
G1 X22.003 Y0.635 E0.0363
G1 X23.425 Y0.087 E0.03706
G1 X24.319 Y-.235 E0.02311
G1 X25.683 Y-.682 E0.03491
G1 X26.348 Y-.888 E0.01693
G1 X27.677 Y-1.264 E0.03359
G1 X28.657 Y-1.513 E0.02459
G1 X30.599 Y-1.952 E0.04842
G1 X31.605 Y-2.496 E0.02782
G1 X32.508 Y-3.3 E0.02941
G1 X33.136 Y-3.92 E0.02146
G1 F3600 E-1
G0 F12000 X30.769 Y-2.66
G0 X13.994 Y4.324
;TYPE:WALL-INNER
G1 F3600 E1
G1 F4109.5 X22.356 Y4.325 E0.20338
G1 X23.76 Y3.74 E0.03699
G1 X24.754 Y3.363 E0.02586
G1 X25.787 Y2.997 E0.02665
G1 X26.803 Y2.669 E0.02597
G1 X27.785 Y2.377 E0.02492
G1 X28.833 Y2.088 E0.02644
G1 X29.849 Y1.837 E0.02545
G1 X30.87 Y1.609 E0.02544
G1 X31.841 Y1.419 E0.02406
G1 X32.956 Y1.22 E0.02755
G1 X33.916 Y1.078 E0.0236
G1 X34.928 Y0.952 E0.0248
G1 X36 Y0.838 E0.02622
G1 X36.959 Y0.766 E0.02339
G1 X37.959 Y0.705 E0.02437
G1 X39.325 Y0.669 E0.03323
G1 X39.325 Y-4.325 E0.12146
G1 X30.675 Y-4.325 E0.21038
G1 X30.675 Y-2.924 E0.03407
G1 X30.621 Y-2.658 E0.0066
G1 X30.551 Y-2.533 E0.00348
G1 X30.355 Y-2.349 E0.00654
G1 X30.149 Y-2.265 E0.00541
G1 X28.564 Y-1.906 E0.03953
G1 X27.766 Y-1.704 E0.02002
G1 X26.233 Y-1.277 E0.0387
G1 X25.557 Y-1.067 E0.01722
G1 X24.194 Y-.62 E0.03489
G1 X23.279 Y-.291 E0.02365
G1 X21.845 Y0.261 E0.03737
G1 X20.466 Y0.844 E0.03641
G1 X19.799 Y1.147 E0.01782
G1 X18.457 Y1.789 E0.03618
G1 X17.814 Y2.116 E0.01754
G1 X16.527 Y2.807 E0.03553
G1 X15.906 Y3.16 E0.01737
G1 X14.668 Y3.897 E0.03504
G1 X13.994 Y4.324 E0.01941
G1 F3600 E-1
G0 F12000 X12.583 Y4.749
;TYPE:WALL-OUTER
G1 F3600 E1
G1 F2400 X22.444 Y4.75 E0.23983
G1 X22.872 Y4.564 E0.01135
G1 X23.911 Y4.138 E0.02731
G1 X24.896 Y3.764 E0.02563
G1 X25.918 Y3.402 E0.02637
G1 X26.924 Y3.076 E0.02572
G1 X27.897 Y2.786 E0.02469
G1 X28.935 Y2.501 E0.02618
G1 X29.941 Y2.251 E0.02521
G1 X30.951 Y2.026 E0.02517
G1 X31.915 Y1.837 E0.02389
G1 X33.019 Y1.64 E0.02728
G1 X33.969 Y1.499 E0.02336
G1 X34.973 Y1.375 E0.0246
G1 X36.033 Y1.262 E0.02593
G1 X36.985 Y1.19 E0.02322
G1 X37.992 Y1.13 E0.02454
G1 X38.997 Y1.098 E0.02446
G1 X39.75 Y1.088 E0.01832
G1 X39.75 Y-4.75 E0.14199
G1 X30.25 Y-4.75 E0.23105
G1 X30.25 Y-2.924 E0.04441
G1 X30.205 Y-2.779 E0.00369
G1 X30.112 Y-2.693 E0.00308
G1 X28.516 Y-2.332 E0.0398
G1 X27.652 Y-2.114 E0.02167
G1 X26.108 Y-1.683 E0.03899
G1 X25.465 Y-1.485 E0.01636
G1 X24.051 Y-1.02 E0.0362
G1 X23.126 Y-.688 E0.0239
G1 X21.68 Y-.13 E0.0377
G1 X20.291 Y0.457 E0.03668
G1 X19.616 Y0.763 E0.01803
G1 X18.264 Y1.41 E0.03645
G1 X17.614 Y1.742 E0.01775
G1 X16.318 Y2.437 E0.03577
G1 X15.688 Y2.794 E0.01761
G1 X14.44 Y3.538 E0.03534
G1 X13.232 Y4.307 E0.03483
G1 X12.583 Y4.749 E0.0191
G0 F12000 X13.383 Y4.749
G1 F3600 E-1
;MESH:NONMESH
G0 F600 X13.383 Y4.749 Z18.5
G0 F12000 X13.433 Y4.505
G0 X17.315 Y3.92
;TIME_ELAPSED:451.697754
;LAYER:140
;note -- min layer time used
;TYPE:FILL
;MESH:bridge_3a.stl
G1 F3600 E1
G1 F7785.9 X18.06 Y3.163 E0.02583
G1 X18.963 Y2.372 E0.0292
G1 X19.866 Y1.92 E0.02456
G1 X20.769 Y1.751 E0.02234
G1 X21.672 Y1.784 E0.02198
G1 X22.575 Y2 E0.02258
G1 X23.478 Y2.432 E0.02435
G1 X24.179 Y2.984 E0.0217
G1 X25.952 Y2.371 E0.04563
G1 X26.692 Y2.131 E0.01892
G1 X27.674 Y1.839 E0.02492
G1 X29.01 Y1.484 E0.03362
G1 X29.764 Y1.297 E0.01889
G1 X30.785 Y1.069 E0.02544
G1 X31.775 Y0.876 E0.02453
G1 X33.152 Y0.641 E0.03397
G1 X33.865 Y0.536 E0.01753
G1 X34.882 Y0.405 E0.02494
G1 X35.959 Y0.296 E0.02633
G1 X36.944 Y0.217 E0.02403
G1 X37.954 Y0.16 E0.0246
G1 X38.92 Y0.129 E0.02351
G1 X38.92 Y-3.92 E0.09848
G1 X33.252 Y-3.92 E0.13785
G1 X32.508 Y-3.164 E0.0258
G1 X31.605 Y-2.373 E0.0292
G1 X30.702 Y-1.921 E0.02456
G1 X29.799 Y-1.752 E0.02234
G1 X29.177 Y-1.775 E0.01514
G1 F3600 E-1
G0 F12000 X13.729 Y4.325
;TYPE:WALL-INNER
G1 F3600 E1
G1 F4195.3 X22.002 Y4.325 E0.20121
G1 X22.713 Y4.014 E0.01887
G1 X23.762 Y3.588 E0.02754
G1 X24.775 Y3.207 E0.02632
G1 X25.788 Y2.849 E0.02613
G1 X26.787 Y2.525 E0.02554
G1 X27.787 Y2.228 E0.02537
G1 X28.833 Y1.944 E0.02636
G1 X29.849 Y1.693 E0.02545
G1 X30.87 Y1.465 E0.02544
G1 X31.843 Y1.275 E0.02411
G1 X32.956 Y1.08 E0.02748
G1 X33.914 Y0.938 E0.02355
G1 X34.931 Y0.808 E0.02494
G1 X35.998 Y0.699 E0.02609
G1 X36.987 Y0.621 E0.02413
G1 X37.975 Y0.565 E0.02407
G1 X39.325 Y0.517 E0.03285
G1 X39.325 Y-4.325 E0.11776
G1 X30.675 Y-4.325 E0.21038
G1 X30.675 Y-3.068 E0.03057
G1 X30.612 Y-2.781 E0.00715
G1 X30.355 Y-2.493 E0.00939
G1 X30.15 Y-2.409 E0.00539
G1 X28.512 Y-2.038 E0.04085
G1 X27.669 Y-1.826 E0.02114
G1 X26.854 Y-1.604 E0.02054
G1 X25.456 Y-1.184 E0.0355
G1 X23.881 Y-.663 E0.04035
G1 X22.525 Y-.154 E0.03523
G1 X21.232 Y0.362 E0.03386
G1 X20.37 Y0.733 E0.02282
G1 X19.686 Y1.041 E0.01824
G1 X18.356 Y1.683 E0.03592
G1 X17.709 Y2.012 E0.01765
G1 X16.422 Y2.704 E0.03554
G1 X15.801 Y3.056 E0.01736
G1 X14.564 Y3.793 E0.03502
G1 X13.729 Y4.325 E0.02408
G1 F3600 E-1
G0 F12000 X12.325 Y4.75
;TYPE:WALL-OUTER
G1 F3600 E1
G1 F2400 X22.091 Y4.75 E0.23752
G1 X22.873 Y4.408 E0.02076
G1 X23.912 Y3.985 E0.02728
G1 X24.916 Y3.608 E0.02608
G1 X25.918 Y3.254 E0.02585
G1 X26.924 Y2.928 E0.02572
G1 X27.898 Y2.638 E0.02472
G1 X28.935 Y2.357 E0.02613
G1 X29.941 Y2.107 E0.02521
G1 X30.951 Y1.882 E0.02517
G1 X31.916 Y1.693 E0.02392
G1 X33.019 Y1.5 E0.02723
G1 X33.968 Y1.36 E0.02333
G1 X34.974 Y1.231 E0.02467
G1 X36.032 Y1.122 E0.02587
G1 X37.011 Y1.045 E0.02388
G1 X37.99 Y0.99 E0.02385
G1 X38.998 Y0.954 E0.02453
G1 X39.75 Y0.947 E0.01829
G1 X39.75 Y-4.75 E0.13856
G1 X30.25 Y-4.75 E0.23105
G1 X30.25 Y-2.987 E0.04288
G1 X30.12 Y-2.838 E0.00481
G1 X28.408 Y-2.45 E0.04269
G1 X27.558 Y-2.236 E0.02132
G1 X26.732 Y-2.011 E0.02082
G1 X25.297 Y-1.579 E0.03645
G1 X23.74 Y-1.064 E0.03989
G1 X22.368 Y-.549 E0.03564
G1 X21.064 Y-0.029 E0.03414
G1 X20.195 Y0.345 E0.02301
G1 X19.526 Y0.647 E0.01785
G1 X18.163 Y1.304 E0.0368
G1 X17.509 Y1.638 E0.01786
G1 X16.213 Y2.334 E0.03578
G1 X15.584 Y2.69 E0.01758
G1 X14.336 Y3.434 E0.03534
G1 X13.131 Y4.203 E0.03477
G1 X12.325 Y4.75 E0.02369
G0 F12000 X13.125 Y4.75
G1 F3600 E-1
;MESH:NONMESH
G0 F600 X13.125 Y4.75 Z18.63
G0 F12000 X13.177 Y4.505
G0 X17.206 Y3.92
;TIME_ELAPSED:455.145971
;LAYER:141
;note -- min layer time used
;TYPE:FILL
;MESH:bridge_3a.stl
G1 F3600 E1
G1 F7892.8 X18.06 Y3.023 E0.03012
G1 X18.963 Y2.243 E0.02902
G1 X19.866 Y1.829 E0.02416
G1 X20.769 Y1.699 E0.02219
G1 X21.672 Y1.77 E0.02203
G1 X22.575 Y2.022 E0.0228
G1 X23.478 Y2.496 E0.0248
G1 X23.984 Y2.919 E0.01604
G1 X24.636 Y2.675 E0.01693
G1 X26.485 Y2.042 E0.04753
G1 X27.719 Y1.683 E0.03126
G1 X29.009 Y1.337 E0.03248
G1 X29.757 Y1.151 E0.01875
G1 X30.787 Y0.925 E0.02565
G1 X31.812 Y0.724 E0.0254
G1 X32.839 Y0.548 E0.02534
G1 X34.113 Y0.362 E0.03131
G1 X34.887 Y0.266 E0.01897
G1 X35.96 Y0.151 E0.02625
G1 X36.941 Y0.076 E0.02393
G1 X37.952 Y0.02 E0.02463
G1 X38.92 Y-0.013 E0.02356
G1 X38.92 Y-3.92 E0.09502
G1 X33.361 Y-3.92 E0.1352
G1 X32.508 Y-3.024 E0.03009
G1 X31.605 Y-2.244 E0.02902
G1 X30.702 Y-1.83 E0.02416
G1 X29.799 Y-1.7 E0.02219
G1 X28.896 Y-1.771 E0.02203
G1 X28.738 Y-1.815 E0.00399
G1 F3600 E-1
G0 F12000 X13.474 Y4.325
;TYPE:WALL-INNER
G1 F3600 E1
G1 F4230.9 X21.659 Y4.325 E0.19907
G1 X22.744 Y3.851 E0.0288
G1 X23.759 Y3.435 E0.02668
G1 X24.777 Y3.054 E0.02644
G1 X25.787 Y2.702 E0.02601
G1 X26.778 Y2.38 E0.02534
G1 X27.832 Y2.072 E0.02671
G1 X28.833 Y1.796 E0.02525
G1 X29.851 Y1.544 E0.02551
G1 X30.889 Y1.317 E0.02584
G1 X31.881 Y1.122 E0.02459
G1 X32.898 Y0.948 E0.02509
G1 X33.917 Y0.794 E0.02507
G1 X34.928 Y0.668 E0.02478
G1 X36 Y0.554 E0.02622
G1 X36.948 Y0.482 E0.02312
G1 X37.974 Y0.425 E0.02499
G1 X39.325 Y0.374 E0.03288
G1 X39.325 Y-4.325 E0.11429
G1 X30.675 Y-4.325 E0.21038
G1 X30.675 Y-3.212 E0.02707
G1 X30.601 Y-2.903 E0.00773
G1 X30.362 Y-2.641 E0.00863
G1 X30.146 Y-2.552 E0.00568
G1 X29.137 Y-2.33 E0.02513
G1 X27.546 Y-1.94 E0.03984
G1 X26.736 Y-1.719 E0.02042
G1 X25.262 Y-1.27 E0.03748
G1 X24.483 Y-1.016 E0.01993
G1 X23.786 Y-.776 E0.01793
G1 X22.431 Y-.274 E0.03514
G1 X21.641 Y0.041 E0.02069
G1 X20.26 Y0.629 E0.03651
G1 X18.878 Y1.268 E0.03703
G1 X17.598 Y1.911 E0.03484
G1 X16.96 Y2.247 E0.01754
G1 X15.693 Y2.954 E0.03529
G1 X14.463 Y3.689 E0.03485
G1 X13.474 Y4.325 E0.0286
G1 F3600 E-1
G0 F12000 X12.058 Y4.75
;TYPE:WALL-OUTER
G1 F3600 E1
G1 F2400 X21.747 Y4.75 E0.23565
G1 X22.905 Y4.244 E0.03074
G1 X23.908 Y3.833 E0.02636
G1 X24.917 Y3.455 E0.02621
G1 X25.918 Y3.106 E0.02578
G1 X26.897 Y2.788 E0.02504
G1 X27.944 Y2.481 E0.02654
G1 X28.935 Y2.209 E0.02499
G1 X29.942 Y1.959 E0.02524
G1 X30.971 Y1.734 E0.02562
G1 X31.953 Y1.541 E0.02434
G1 X32.962 Y1.368 E0.0249
G1 X33.969 Y1.215 E0.02477
G1 X34.973 Y1.091 E0.0246
G1 X36.033 Y0.978 E0.02593
G1 X36.986 Y0.906 E0.02324
G1 X37.99 Y0.85 E0.02446
G1 X38.929 Y0.814 E0.02285
G1 X39.75 Y0.804 E0.01997
G1 X39.75 Y-4.75 E0.13508
G1 X30.25 Y-4.75 E0.23105
G1 X30.25 Y-3.126 E0.0395
G1 X30.116 Y-2.981 E0.0048
G1 X29.036 Y-2.743 E0.0269
G1 X27.463 Y-2.358 E0.03939
G1 X26.565 Y-2.111 E0.02265
G1 X25.132 Y-1.675 E0.03643
G1 X24.345 Y-1.418 E0.02014
G1 X23.638 Y-1.175 E0.01818
G1 X22.253 Y-.66 E0.03594
G1 X21.475 Y-.35 E0.02037
G1 X20.082 Y0.243 E0.03682
G1 X18.747 Y0.859 E0.03576
G1 X17.4 Y1.535 E0.03666
G1 X16.753 Y1.876 E0.01779
G1 X15.475 Y2.589 E0.03559
G1 X14.236 Y3.33 E0.03511
G1 X13.633 Y3.712 E0.01736
G1 X12.058 Y4.75 E0.04588
G0 F12000 X12.858 Y4.75
G1 F3600 E-1
;MESH:NONMESH
G0 F600 X12.858 Y4.75 Z18.76
G0 F12000 X12.915 Y4.513
G0 X17.091 Y3.92
;TIME_ELAPSED:458.606370
;LAYER:142
;note -- min layer time used
;TYPE:FILL
;MESH:bridge_3a.stl
G1 F3600 E1
G1 F7985.7 X17.157 Y3.861 E0.00215
G1 X18.06 Y2.877 E0.03248
G1 X18.963 Y2.107 E0.02886
G1 X19.866 Y1.732 E0.02378
G1 X20.769 Y1.644 E0.02207
G1 X21.672 Y1.751 E0.02212
G1 X22.575 Y2.041 E0.02307
G1 X23.478 Y2.557 E0.0253
G1 X23.797 Y2.842 E0.0104
G1 X24.608 Y2.536 E0.02108
G1 X25.655 Y2.166 E0.02701
G1 X26.693 Y1.835 E0.0265
G1 X27.711 Y1.535 E0.02581
G1 X28.738 Y1.259 E0.02586
G1 X29.758 Y1.007 E0.02555
G1 X30.777 Y0.783 E0.02538
G1 X31.812 Y0.58 E0.02565
G1 X32.839 Y0.404 E0.02534
G1 X34.113 Y0.217 E0.03132
G1 X34.888 Y0.121 E0.01899
G1 X35.967 Y0.012 E0.02638
G1 X36.926 Y-0.064 E0.0234
G1 X38 Y-.124 E0.02616
G1 X38.92 Y-.155 E0.02239
G1 X38.92 Y-3.92 E0.09157
G1 X33.464 Y-3.92 E0.1327
G1 X32.508 Y-2.878 E0.03439
G1 X31.605 Y-2.108 E0.02886
G1 X30.702 Y-1.733 E0.02378
G1 X29.799 Y-1.645 E0.02207
G1 X28.896 Y-1.752 E0.02212
G1 X28.444 Y-1.897 E0.01155
G1 F3600 E-1
G0 F12000 X13.213 Y4.326
;TYPE:WALL-INNER
G1 F3600 E1
G1 F4261.9 X21.318 Y4.325 E0.19713
G1 X21.731 Y4.132 E0.01109
G1 X22.744 Y3.693 E0.02685
G1 X23.764 Y3.283 E0.02674
G1 X24.742 Y2.919 E0.02538
G1 X25.77 Y2.555 E0.02652
G1 X26.805 Y2.224 E0.02643
G1 X27.824 Y1.924 E0.02584
G1 X28.833 Y1.652 E0.02542
G1 X29.851 Y1.4 E0.02551
G1 X30.869 Y1.177 E0.02535
G1 X31.881 Y0.978 E0.02508
G1 X32.898 Y0.804 E0.02509
G1 X33.917 Y0.65 E0.02507
G1 X34.931 Y0.524 E0.02485
G1 X35.999 Y0.414 E0.02611
G1 X36.945 Y0.342 E0.02307
G1 X38.02 Y0.281 E0.02619
G1 X39.325 Y0.242 E0.03175
G1 X39.325 Y-4.325 E0.11108
G1 X30.675 Y-4.325 E0.21038
G1 X30.675 Y-3.356 E0.02357
G1 X30.588 Y-3.024 E0.00835
G1 X30.362 Y-2.785 E0.008
G1 X30.146 Y-2.697 E0.00567
G1 X28.279 Y-2.275 E0.04655
G1 X27.437 Y-2.057 E0.02115
G1 X25.888 Y-1.618 E0.03916
G1 X24.47 Y-1.16 E0.03624
G1 X23.676 Y-.885 E0.02044
G1 X22.355 Y-.394 E0.03428
G1 X20.799 Y0.241 E0.04087
G1 X19.47 Y0.831 E0.03537
G1 X18.812 Y1.143 E0.01771
G1 X17.492 Y1.804 E0.0359
G1 X16.859 Y2.142 E0.01745
G1 X15.59 Y2.853 E0.03538
G1 X14.357 Y3.59 E0.03494
G1 X13.76 Y3.965 E0.01715
G1 X13.213 Y4.326 E0.01594
G1 F3600 E-1
G0 F12000 X11.831 Y4.75
;TYPE:WALL-OUTER
G1 F3600 E1
G1 F2400 X21.412 Y4.75 E0.23302
G1 X21.9 Y4.522 E0.0131
G1 X22.902 Y4.088 E0.02656
G1 X23.912 Y3.681 E0.02648
G1 X24.884 Y3.32 E0.02522
G1 X25.919 Y2.953 E0.02671
G1 X26.925 Y2.632 E0.02568
G1 X27.935 Y2.334 E0.02561
G1 X28.935 Y2.065 E0.02519
G1 X29.942 Y1.815 E0.02524
G1 X30.951 Y1.594 E0.02512
G1 X31.953 Y1.397 E0.02484
G1 X32.962 Y1.224 E0.0249
G1 X33.969 Y1.071 E0.02477
G1 X34.974 Y0.947 E0.02463
G1 X36.032 Y0.838 E0.02587
G1 X36.969 Y0.766 E0.02286
G1 X38.035 Y0.706 E0.02597
G1 X39.073 Y0.67 E0.02526
G1 X39.75 Y0.664 E0.01647
G1 X39.75 Y-4.75 E0.13168
G1 X30.25 Y-4.75 E0.23105
G1 X30.25 Y-3.356 E0.0339
G1 X30.203 Y-3.208 E0.00378
G1 X30.112 Y-3.124 E0.00301
G1 X29.043 Y-2.889 E0.02662
G1 X28.174 Y-2.686 E0.0217
G1 X27.322 Y-2.466 E0.0214
G1 X25.765 Y-2.024 E0.03936
G1 X24.331 Y-1.562 E0.03664
G1 X23.528 Y-1.283 E0.02068
G1 X22.171 Y-.779 E0.03521
G1 X20.627 Y-.148 E0.04057
G1 X19.288 Y0.447 E0.03564
G1 X18.622 Y0.763 E0.01793
G1 X17.292 Y1.429 E0.03618
G1 X16.652 Y1.771 E0.01765
G1 X15.372 Y2.488 E0.03568
G1 X14.132 Y3.23 E0.03515
G1 X13.538 Y3.602 E0.01705
G1 X12.331 Y4.4 E0.03519
G1 X11.831 Y4.75 E0.01484
G0 F12000 X12.631 Y4.75
G1 F3600 E-1
;MESH:NONMESH
G0 F600 X12.631 Y4.75 Z18.89
G0 F12000 X12.679 Y4.5
G0 X16.976 Y3.921
;TIME_ELAPSED:462.077053
;LAYER:143
;note -- min layer time used
;TYPE:FILL
;MESH:bridge_3a.stl
G1 F3600 E1
G1 F8085.4 X17.157 Y3.749 E0.00607
G1 X18.06 Y2.721 E0.03328
G1 X18.963 Y1.963 E0.02867
G1 X19.866 Y1.63 E0.02341
G1 X20.769 Y1.583 E0.02199
G1 X21.672 Y1.729 E0.02225
G1 X22.575 Y2.057 E0.02337
G1 X23.478 Y2.617 E0.02584
G1 X23.624 Y2.755 E0.00489
G1 X24.605 Y2.386 E0.02549
G1 X25.961 Y1.921 E0.03487
G1 X26.694 Y1.687 E0.01871
G1 X27.713 Y1.386 E0.02584
G1 X29.023 Y1.041 E0.03295
G1 X29.768 Y0.86 E0.01865
G1 X30.767 Y0.64 E0.02488
G1 X31.812 Y0.436 E0.0259
G1 X33.104 Y0.221 E0.03186
G1 X33.865 Y0.108 E0.01871
G1 X34.883 Y-0.023 E0.02496
G1 X35.971 Y-.133 E0.0266
G1 X36.94 Y-.208 E0.02364
G1 X37.954 Y-.264 E0.0247
G1 X38.92 Y-.295 E0.02351
G1 X38.92 Y-3.92 E0.08817
G1 X33.56 Y-3.92 E0.13036
G1 X32.508 Y-2.722 E0.03878
G1 X31.605 Y-1.964 E0.02867
G1 X30.702 Y-1.631 E0.02341
G1 X29.799 Y-1.584 E0.02199
G1 X28.896 Y-1.73 E0.02225
G1 X28.206 Y-1.981 E0.01786
G1 F3600 E-1
G0 F12000 X12.957 Y4.326
;TYPE:WALL-INNER
G1 F3600 E1
G1 F4295.1 X20.984 Y4.325 E0.19523
G1 X21.731 Y3.98 E0.02001
G1 X22.744 Y3.541 E0.02685
G1 X23.764 Y3.131 E0.02674
G1 X24.744 Y2.766 E0.02543
G1 X25.772 Y2.406 E0.02649
G1 X26.805 Y2.076 E0.02637
G1 X27.824 Y1.776 E0.02584
G1 X28.835 Y1.504 E0.02546
G1 X29.851 Y1.256 E0.02544
G1 X30.869 Y1.033 E0.02535
G1 X31.881 Y0.834 E0.02508
G1 X32.901 Y0.66 E0.02517
G1 X33.914 Y0.51 E0.02491
G1 X34.931 Y0.38 E0.02494
G1 X36 Y0.271 E0.02613
G1 X36.948 Y0.198 E0.02313
G1 X37.975 Y0.141 E0.02502
G1 X39.325 Y0.093 E0.03285
G1 X39.325 Y-4.325 E0.10745
G1 X30.675 Y-4.325 E0.21038
G1 X30.675 Y-3.5 E0.02007
G1 X30.574 Y-3.144 E0.009
G1 X30.362 Y-2.929 E0.00734
G1 X30.146 Y-2.841 E0.00567
G1 X29.137 Y-2.619 E0.02513
G1 X28.142 Y-2.383 E0.02487
G1 X27.325 Y-2.171 E0.02053
G1 X25.773 Y-1.73 E0.03924
G1 X24.294 Y-1.248 E0.03783
G1 X22.9 Y-.752 E0.03599
G1 X21.419 Y-.172 E0.03868
G1 X20.735 Y0.115 E0.01804
G1 X19.36 Y0.728 E0.03661
G1 X18.278 Y1.246 E0.02918
G1 X17.393 Y1.697 E0.02416
G1 X16.753 Y2.038 E0.01764
G1 X15.486 Y2.75 E0.03535
G1 X14.871 Y3.11 E0.01733
G1 X13.657 Y3.862 E0.03473
G1 X12.957 Y4.326 E0.02043
G1 F3600 E-1
G0 F12000 X11.575 Y4.75
;TYPE:WALL-OUTER
G1 F3600 E1
G1 F2400 X21.077 Y4.75 E0.2311
G1 X21.9 Y4.37 E0.02205
G1 X22.902 Y3.936 E0.02656
G1 X23.912 Y3.529 E0.02648
G1 X24.885 Y3.168 E0.02524
G1 X25.919 Y2.805 E0.02665
G1 X26.925 Y2.484 E0.02568
G1 X27.935 Y2.186 E0.02561
G1 X28.936 Y1.917 E0.02521
G1 X29.942 Y1.671 E0.02519
G1 X30.951 Y1.45 E0.02512
G1 X31.953 Y1.253 E0.02484
G1 X32.963 Y1.08 E0.02492
G1 X33.968 Y0.932 E0.02471
G1 X34.974 Y0.803 E0.02467
G1 X36.033 Y0.694 E0.02589
G1 X36.986 Y0.622 E0.02324
G1 X37.99 Y0.566 E0.02446
G1 X38.998 Y0.53 E0.02453
G1 X39.75 Y0.523 E0.01829
G1 X39.75 Y-4.75 E0.12825
G1 X30.25 Y-4.75 E0.23105
G1 X30.25 Y-3.5 E0.0304
G1 X30.203 Y-3.352 E0.00378
G1 X30.112 Y-3.268 E0.00301
G1 X29.04 Y-3.032 E0.0267
G1 X28.035 Y-2.795 E0.02511
G1 X27.262 Y-2.595 E0.01942
G1 X25.649 Y-2.136 E0.04079
G1 X24.152 Y-1.649 E0.03829
G1 X22.816 Y-1.175 E0.03448
G1 X21.254 Y-.564 E0.04079
G1 X20.562 Y-.273 E0.01826
G1 X19.177 Y0.345 E0.03689
G1 X18.086 Y0.867 E0.02942
G1 X17.193 Y1.322 E0.02438
G1 X16.546 Y1.668 E0.01784
G1 X15.271 Y2.383 E0.03555
G1 X14.647 Y2.749 E0.01759
G1 X13.423 Y3.508 E0.03503
G1 X12.227 Y4.301 E0.0349
G1 X11.575 Y4.75 E0.01925
G0 F12000 X12.375 Y4.75
G1 F3600 E-1
;MESH:NONMESH
G0 F600 X12.375 Y4.75 Z19.02
G0 F12000 X12.423 Y4.5
G0 X23.465 Y2.666
;TIME_ELAPSED:465.597595
;LAYER:144
;note -- min layer time used
;TYPE:FILL
;MESH:bridge_3a.stl
G1 F3600 E1
G1 F8190.6 X22.575 Y2.068 E0.02608
G1 X21.672 Y1.702 E0.0237
G1 X20.769 Y1.518 E0.02241
G1 X19.866 Y1.521 E0.02196
G1 X18.963 Y1.808 E0.02304
G1 X18.06 Y2.555 E0.0285
G1 X17.157 Y3.632 E0.03418
G1 X16.874 Y3.919 E0.0098
G1 X14.808 Y3.919 E0.05025
G1 X14.693 Y3.519 E0.01012
G1 X15.594 Y2.989 E0.02542
G1 X17.408 Y1.97 E0.0506
G1 X17.429 Y1.982 E0.00059
G1 X18.111 Y1.626 E0.01871
G1 X19.44 Y0.985 E0.03589
G1 X20.785 Y0.38 E0.03587
G1 X21.472 Y0.09 E0.01814
G1 X22.944 Y-.488 E0.03846
G1 X24.298 Y-.977 E0.03501
G1 X25.047 Y-1.224 E0.01918
G1 X26.546 Y-1.683 E0.03813
G1 X27.993 Y-2.069 E0.03642
G1 X28.896 Y-1.703 E0.0237
G1 X29.799 Y-1.519 E0.02241
G1 X30.702 Y-1.522 E0.02196
G1 X31.605 Y-1.809 E0.02304
G1 X32.508 Y-2.556 E0.0285
G1 X33.411 Y-3.633 E0.03418
G1 X33.694 Y-3.92 E0.0098
G1 F3600 E-1
G0 F12000 X12.702 Y4.325
;TYPE:WALL-INNER
G1 F3600 E1
G1 F4330.2 X20.654 Y4.325 E0.1934
G1 X21.733 Y3.823 E0.02894
G1 X22.717 Y3.401 E0.02604
G1 X23.762 Y2.984 E0.02736
G1 X24.747 Y2.614 E0.02559
G1 X25.784 Y2.254 E0.0267
G1 X26.807 Y1.927 E0.02612
G1 X27.823 Y1.632 E0.02573
G1 X28.816 Y1.363 E0.02502
G1 X29.855 Y1.112 E0.026
G1 X30.869 Y0.889 E0.02525
G1 X31.881 Y0.69 E0.02508
G1 X32.928 Y0.512 E0.02583
G1 X33.873 Y0.37 E0.02324
G1 X35.028 Y0.228 E0.0283
G1 X36 Y0.13 E0.02376
G1 X36.962 Y0.057 E0.02346
G1 X37.975 Y0.001 E0.02468
G1 X39.325 Y-0.039 E0.03285
G1 X39.325 Y-4.325 E0.10424
G1 X30.675 Y-4.325 E0.21038
G1 X30.675 Y-3.644 E0.01656
G1 X30.632 Y-3.405 E0.00591
G1 X30.547 Y-3.247 E0.00436
G1 X30.362 Y-3.073 E0.00618
G1 X30.145 Y-2.984 E0.0057
G1 X28.78 Y-2.685 E0.03399
G1 X28.146 Y-2.532 E0.01586
G1 X26.435 Y-2.072 E0.04309
G1 X24.925 Y-1.609 E0.03841
G1 X24.161 Y-1.357 E0.01957
G1 X22.822 Y-.876 E0.0346
G1 X21.315 Y-.282 E0.0394
G1 X20.645 Y-0.001 E0.01767
G1 X19.259 Y0.623 E0.03697
G1 X17.928 Y1.264 E0.03593
G1 X16.654 Y1.93 E0.03496
G1 X15.385 Y2.642 E0.03539
G1 X14.767 Y3.006 E0.01744
G1 X13.553 Y3.763 E0.0348
G1 X12.702 Y4.325 E0.0248
G1 F3600 E-1
G0 F12000 X11.339 Y4.75
;TYPE:WALL-OUTER
G1 F3600 E1
G1 F2400 X20.748 Y4.75 E0.22884
G1 X21.901 Y4.214 E0.03092
G1 X22.875 Y3.795 E0.02579
G1 X23.912 Y3.381 E0.02716
G1 X24.886 Y3.015 E0.02531
G1 X25.919 Y2.657 E0.02659
G1 X26.926 Y2.335 E0.02571
G1 X27.934 Y2.042 E0.02553
G1 X28.917 Y1.776 E0.02477
G1 X29.946 Y1.527 E0.02575
G1 X30.951 Y1.306 E0.02503
G1 X31.953 Y1.109 E0.02484
G1 X32.991 Y0.932 E0.02561
G1 X33.925 Y0.791 E0.02297
G1 X35.071 Y0.651 E0.02808
G1 X36.033 Y0.554 E0.02352
G1 X36.986 Y0.482 E0.02324
G1 X37.99 Y0.426 E0.02446
G1 X38.997 Y0.39 E0.02451
G1 X39.75 Y0.38 E0.01832
G1 X39.75 Y-4.75 E0.12477
G1 X30.25 Y-4.75 E0.23105
G1 X30.25 Y-3.644 E0.0269
G1 X30.203 Y-3.496 E0.00378
G1 X30.112 Y-3.412 E0.00301
G1 X28.681 Y-3.098 E0.03563
G1 X28.038 Y-2.944 E0.01608
G1 X27.136 Y-2.707 E0.02268
G1 X26.31 Y-2.478 E0.02085
G1 X24.792 Y-2.013 E0.03861
G1 X24.017 Y-1.757 E0.01985
G1 X22.64 Y-1.261 E0.0356
G1 X21.15 Y-.674 E0.03895
G1 X20.45 Y-.379 E0.01848
G1 X19.075 Y0.24 E0.03667
G1 X17.731 Y0.887 E0.03628
G1 X16.431 Y1.568 E0.03569
G1 X15.17 Y2.276 E0.03517
G1 X14.543 Y2.645 E0.01769
G1 X13.322 Y3.406 E0.03499
G1 X12.719 Y3.799 E0.01751
G1 X11.339 Y4.75 E0.04076
G0 F12000 X12.139 Y4.75
G1 F3600 E-1
;MESH:NONMESH
G0 F600 X12.139 Y4.75 Z19.15
G0 F12000 X12.187 Y4.496
G0 X16.78 Y3.921
;TIME_ELAPSED:469.058970
;LAYER:145
;note -- min layer time used
;TYPE:FILL
;MESH:bridge_3a.stl
G1 F3600 E1
G1 F8288.9 X17.157 Y3.51 E0.01356
G1 X18.06 Y2.373 E0.03531
G1 X18.963 Y1.642 E0.02826
G1 X19.866 Y1.405 E0.02271
G1 X20.769 Y1.448 E0.02199
G1 X21.672 Y1.671 E0.02262
G1 X22.575 Y2.076 E0.02407
G1 X23.272 Y2.58 E0.02092
G1 X24.918 Y1.978 E0.04263
G1 X25.66 Y1.721 E0.0191
G1 X26.697 Y1.391 E0.02647
G1 X27.708 Y1.095 E0.02562
G1 X28.746 Y0.818 E0.02613
G1 X29.764 Y0.57 E0.02548
G1 X30.753 Y0.356 E0.02461
G1 X32.131 Y0.091 E0.03413
G1 X32.845 Y-0.028 E0.01761
G1 X33.86 Y-.179 E0.02496
G1 X34.888 Y-.307 E0.0252
G1 X35.971 Y-.417 E0.02648
G1 X36.941 Y-.492 E0.02366
G1 X37.958 Y-.548 E0.02477
G1 X38.92 Y-.577 E0.02341
G1 X38.92 Y-3.92 E0.08131
G1 X33.787 Y-3.92 E0.12484
G1 X33.411 Y-3.511 E0.01351
G1 X32.508 Y-2.374 E0.03531
G1 X31.605 Y-1.643 E0.02826
G1 X30.702 Y-1.406 E0.02271
G1 X29.799 Y-1.449 E0.02199
G1 X28.896 Y-1.672 E0.02262
G1 X27.993 Y-2.077 E0.02407
G1 X27.852 Y-2.179 E0.00423
G1 F3600 E-1
G0 F12000 X12.446 Y4.326
;TYPE:WALL-INNER
G1 F3600 E1
G1 F4363 X20.324 Y4.325 E0.1916
G1 X20.714 Y4.134 E0.01056
G1 X21.736 Y3.666 E0.02734
G1 X22.749 Y3.237 E0.02676
G1 X23.764 Y2.831 E0.02659
G1 X24.747 Y2.466 E0.0255
G1 X25.79 Y2.105 E0.02684
G1 X26.806 Y1.78 E0.02594
G1 X27.821 Y1.483 E0.02572
G1 X28.839 Y1.212 E0.02562
G1 X29.856 Y0.964 E0.02546
G1 X30.829 Y0.753 E0.02421
G1 X31.943 Y0.534 E0.02761
G1 X32.901 Y0.372 E0.02363
G1 X33.916 Y0.222 E0.02495
G1 X34.931 Y0.096 E0.02488
G1 X36 Y-0.014 E0.02614
G1 X36.962 Y-0.087 E0.02346
G1 X37.978 Y-.143 E0.02475
G1 X39.325 Y-.179 E0.03277
G1 X39.325 Y-4.325 E0.10084
G1 X30.675 Y-4.325 E0.21038
G1 X30.675 Y-3.788 E0.01306
G1 X30.623 Y-3.527 E0.00647
G1 X30.539 Y-3.381 E0.0041
G1 X30.374 Y-3.226 E0.00551
G1 X30.138 Y-3.127 E0.00622
G1 X29.47 Y-2.988 E0.01659
G1 X28.204 Y-2.688 E0.03164
G1 X27.156 Y-2.418 E0.02632
G1 X26.333 Y-2.187 E0.02079
G1 X25.589 Y-1.963 E0.0189
G1 X24.255 Y-1.535 E0.03407
G1 X23.345 Y-1.218 E0.02344
G1 X22 Y-.712 E0.03495
G1 X20.482 Y-0.084 E0.03995
G1 X19.843 Y0.2 E0.01701
G1 X18.483 Y0.832 E0.03647
G1 X17.836 Y1.153 E0.01757
G1 X16.541 Y1.833 E0.03557
G1 X15.912 Y2.181 E0.01748
G1 X14.657 Y2.906 E0.03525
G1 X12.855 Y4.048 E0.05189
G1 X12.446 Y4.326 E0.01203
G1 F3600 E-1
G0 F12000 X11.074 Y4.75
;TYPE:WALL-OUTER
G1 F3600 E1
G1 F2400 X20.422 Y4.75 E0.22736
G1 X20.891 Y4.52 E0.0127
G1 X21.902 Y4.057 E0.02704
G1 X22.907 Y3.631 E0.02655
G1 X23.912 Y3.229 E0.02633
G1 X24.886 Y2.867 E0.02527
G1 X25.919 Y2.509 E0.02659
G1 X26.925 Y2.188 E0.02568
G1 X27.931 Y1.894 E0.02549
G1 X28.94 Y1.625 E0.0254
G1 X29.947 Y1.379 E0.02521
G1 X30.911 Y1.17 E0.02399
G1 X32.014 Y0.953 E0.02734
G1 X32.963 Y0.792 E0.02341
G1 X33.969 Y0.643 E0.02473
G1 X34.974 Y0.519 E0.02463
G1 X36.033 Y0.41 E0.02589
G1 X36.986 Y0.338 E0.02324
G1 X37.992 Y0.282 E0.02451
G1 X38.997 Y0.25 E0.02446
G1 X39.75 Y0.24 E0.01832
G1 X39.75 Y-4.75 E0.12136
G1 X30.25 Y-4.75 E0.23105
G1 X30.25 Y-3.714 E0.0252
G1 X30.121 Y-3.558 E0.00492
G1 X29.373 Y-3.401 E0.01859
G1 X28.099 Y-3.099 E0.03184
G1 X27.041 Y-2.828 E0.02656
G1 X26.21 Y-2.594 E0.021
G1 X25.463 Y-2.369 E0.01897
G1 X24.115 Y-1.936 E0.03444
G1 X23.195 Y-1.615 E0.0237
G1 X21.844 Y-1.107 E0.0351
G1 X20.339 Y-.486 E0.0396
G1 X19.665 Y-.186 E0.01794
G1 X18.294 Y0.451 E0.03677
G1 X17.639 Y0.777 E0.01779
G1 X16.335 Y1.461 E0.03581
G1 X15.699 Y1.813 E0.01768
G1 X14.433 Y2.545 E0.03557
G1 X12.616 Y3.697 E0.05233
G1 X11.074 Y4.75 E0.04541
G0 F12000 X11.874 Y4.75
G1 F3600 E-1
;MESH:NONMESH
G0 F600 X11.874 Y4.75 Z19.28
G0 F12000 X11.926 Y4.502
G0 X16.696 Y3.921
;TIME_ELAPSED:472.560968
;LAYER:146
;note -- min layer time used
;TYPE:FILL
;MESH:bridge_3a.stl
G1 F3600 E1
G1 F8380.8 X17.157 Y3.38 E0.01729
G1 X18.06 Y2.17 E0.03672
G1 X18.963 Y1.459 E0.02795
G1 X19.866 Y1.281 E0.02238
G1 X20.769 Y1.373 E0.02208
G1 X21.672 Y1.636 E0.02287
G1 X22.575 Y2.08 E0.02447
G1 X23.117 Y2.502 E0.01671
G1 X23.624 Y2.298 E0.01329
G1 X24.617 Y1.929 E0.02576
G1 X25.66 Y1.573 E0.0268
G1 X26.54 Y1.292 E0.02247
G1 X27.964 Y0.883 E0.03603
G1 X28.746 Y0.674 E0.01969
G1 X29.763 Y0.426 E0.02546
G1 X30.731 Y0.216 E0.02409
G1 X32.148 Y-0.053 E0.03508
G1 X32.844 Y-.169 E0.01716
G1 X33.86 Y-.319 E0.02498
G1 X34.888 Y-.447 E0.0252
G1 X35.971 Y-.557 E0.02648
G1 X36.94 Y-.632 E0.02364
G1 X37.954 Y-.688 E0.0247
G1 X38.92 Y-.719 E0.02351
G1 X38.92 Y-3.92 E0.07785
G1 X33.87 Y-3.92 E0.12282
G1 X33.411 Y-3.381 E0.01722
G1 X32.508 Y-2.171 E0.03672
G1 X31.605 Y-1.46 E0.02795
G1 X30.702 Y-1.282 E0.02238
G1 X29.799 Y-1.374 E0.02208
G1 X28.896 Y-1.637 E0.02287
G1 X27.993 Y-2.081 E0.02447
G1 X27.721 Y-2.293 E0.00839
G1 F3600 E-1
G0 F12000 X12.198 Y4.326
;TYPE:WALL-INNER
G1 F3600 E1
G1 F4393.6 X20 Y4.325 E0.18976
G1 X20.715 Y3.977 E0.01934
G1 X21.733 Y3.514 E0.0272
G1 X22.748 Y3.085 E0.0268
G1 X23.76 Y2.679 E0.02652
G1 X24.745 Y2.313 E0.02556
G1 X25.79 Y1.957 E0.02685
G1 X26.808 Y1.631 E0.026
G1 X27.79 Y1.347 E0.02486
G1 X28.839 Y1.068 E0.0264
G1 X29.857 Y0.82 E0.02548
G1 X30.829 Y0.609 E0.02419
G1 X31.925 Y0.393 E0.02717
G1 X32.901 Y0.232 E0.02406
G1 X33.916 Y0.082 E0.02495
G1 X34.931 Y-0.044 E0.02488
G1 X36 Y-.154 E0.02614
G1 X36.962 Y-.227 E0.02346
G1 X37.975 Y-.283 E0.02468
G1 X39.325 Y-.331 E0.03285
G1 X39.325 Y-4.325 E0.09714
G1 X30.675 Y-4.325 E0.21038
G1 X30.675 Y-3.932 E0.00956
G1 X30.612 Y-3.646 E0.00712
G1 X30.374 Y-3.37 E0.00886
G1 X30.141 Y-3.272 E0.00615
G1 X29.359 Y-3.106 E0.01944
G1 X28.591 Y-2.929 E0.01917
G1 X27.175 Y-2.572 E0.03552
G1 X26.182 Y-2.291 E0.0251
G1 X25.459 Y-2.073 E0.01837
G1 X24.261 Y-1.686 E0.03062
G1 X23.233 Y-1.329 E0.02647
G1 X22.586 Y-1.089 E0.01678
G1 X21.211 Y-.544 E0.03597
G1 X20.407 Y-.207 E0.0212
G1 X19.265 Y0.307 E0.03046
G1 X18.382 Y0.722 E0.02373
G1 X17.729 Y1.049 E0.01776
G1 X16.462 Y1.715 E0.03481
G1 X15.806 Y2.078 E0.01823
G1 X14.575 Y2.794 E0.03464
G1 X13.954 Y3.176 E0.01773
G1 X12.751 Y3.948 E0.03477
G1 X12.198 Y4.326 E0.01629
G1 F3600 E-1
G0 F12000 X10.857 Y4.75
;TYPE:WALL-OUTER
G1 F3600 E1
G1 F2400 X20.098 Y4.75 E0.22475
G1 X20.892 Y4.364 E0.02147
G1 X21.898 Y3.905 E0.02689
G1 X22.906 Y3.48 E0.02661
G1 X23.908 Y3.077 E0.02627
G1 X24.883 Y2.715 E0.0253
G1 X25.919 Y2.361 E0.02663
G1 X26.926 Y2.039 E0.02571
G1 X27.899 Y1.758 E0.02463
G1 X28.94 Y1.481 E0.0262
G1 X29.947 Y1.235 E0.02521
G1 X30.911 Y1.026 E0.02399
G1 X32.015 Y0.809 E0.02736
G1 X32.963 Y0.652 E0.02337
G1 X33.969 Y0.503 E0.02473
G1 X34.974 Y0.379 E0.02463
G1 X36.033 Y0.27 E0.02589
G1 X36.986 Y0.198 E0.02324
G1 X37.99 Y0.142 E0.02446
G1 X38.998 Y0.106 E0.02453
G1 X39.75 Y0.099 E0.01829
G1 X39.75 Y-4.75 E0.11793
G1 X30.25 Y-4.75 E0.23105
G1 X30.25 Y-3.853 E0.02182
G1 X30.121 Y-3.702 E0.00483
G1 X29.264 Y-3.52 E0.02131
G1 X28.496 Y-3.343 E0.01917
G1 X27.033 Y-2.973 E0.0367
G1 X26.059 Y-2.698 E0.02462
G1 X25.328 Y-2.478 E0.01857
G1 X24.122 Y-2.087 E0.03083
G1 X23.086 Y-1.728 E0.02667
G1 X22.429 Y-1.484 E0.01705
G1 X21.047 Y-.936 E0.03616
G1 X20.233 Y-.594 E0.02147
G1 X19.084 Y-0.077 E0.03064
G1 X18.217 Y0.329 E0.02328
G1 X17.531 Y0.673 E0.01866
G1 X16.231 Y1.357 E0.03573
G1 X15.592 Y1.711 E0.01777
G1 X14.337 Y2.442 E0.03532
G1 X13.725 Y2.818 E0.01747
G1 X12.512 Y3.597 E0.03506
G1 X11.334 Y4.403 E0.03472
G1 X10.857 Y4.75 E0.01435
G0 F12000 X11.657 Y4.75
G1 F3600 E-1
;MESH:NONMESH
G0 F600 X11.657 Y4.75 Z19.41
G0 F12000 X11.699 Y4.488
G0 X16.622 Y3.92
;TIME_ELAPSED:476.079827
;LAYER:147
;note -- min layer time used
;TYPE:FILL
;MESH:bridge_3a.stl
G1 F3600 E1
G1 F8484.1 X17.157 Y3.24 E0.02104
G1 X18.06 Y1.938 E0.03854
G1 X18.963 Y1.258 E0.02749
G1 X19.866 Y1.149 E0.02212
G1 X20.769 Y1.292 E0.02224
G1 X21.672 Y1.596 E0.02317
G1 X22.575 Y2.08 E0.02492
G1 X22.966 Y2.407 E0.0124
G1 X23.626 Y2.145 E0.01727
G1 X24.64 Y1.772 E0.02628
G1 X25.628 Y1.437 E0.02537
G1 X26.542 Y1.143 E0.02335
G1 X27.997 Y0.726 E0.03681
G1 X28.739 Y0.532 E0.01865
G1 X29.764 Y0.282 E0.02566
G1 X30.746 Y0.07 E0.02443
G1 X32.148 Y-.197 E0.03471
G1 X32.844 Y-.313 E0.01716
G1 X33.861 Y-.463 E0.025
G1 X34.896 Y-.591 E0.02536
G1 X35.961 Y-.695 E0.02603
G1 X36.924 Y-.774 E0.0235
G1 X37.954 Y-.829 E0.02509
G1 X38.92 Y-.86 E0.02351
G1 X38.92 Y-3.92 E0.07442
G1 X33.946 Y-3.92 E0.12098
G1 X33.411 Y-3.241 E0.02102
G1 X32.508 Y-1.939 E0.03854
G1 X31.605 Y-1.259 E0.02749
G1 X30.702 Y-1.15 E0.02212
G1 X29.799 Y-1.293 E0.02224
G1 X28.896 Y-1.597 E0.02317
G1 X27.993 Y-2.081 E0.02492
G1 X27.601 Y-2.409 E0.01243
G1 F3600 E-1
G0 F12000 X11.946 Y4.325
;TYPE:WALL-INNER
G1 F3600 E1
G1 F4428 X19.684 Y4.325 E0.1882
G1 X20.72 Y3.821 E0.02802
G1 X21.736 Y3.358 E0.02716
G1 X22.75 Y2.928 E0.02679
G1 X23.762 Y2.526 E0.02648
G1 X24.779 Y2.152 E0.02635
G1 X25.757 Y1.821 E0.02511
G1 X26.809 Y1.483 E0.02687
G1 X27.824 Y1.191 E0.02569
G1 X28.839 Y0.924 E0.02553
G1 X29.857 Y0.676 E0.02548
G1 X30.829 Y0.465 E0.02419
G1 X31.925 Y0.249 E0.02717
G1 X32.901 Y0.088 E0.02406
G1 X33.917 Y-0.062 E0.02498
G1 X34.933 Y-.188 E0.0249
G1 X35.998 Y-.293 E0.02603
G1 X36.964 Y-.37 E0.02357
G1 X37.975 Y-.423 E0.02462
G1 X39.325 Y-.463 E0.03285
G1 X39.325 Y-4.325 E0.09393
G1 X30.675 Y-4.325 E0.21038
G1 X30.675 Y-4.076 E0.00606
G1 X30.598 Y-3.762 E0.00786
G1 X30.374 Y-3.514 E0.00813
G1 X30.14 Y-3.416 E0.00617
G1 X29.236 Y-3.223 E0.02248
G1 X27.638 Y-2.839 E0.03997
G1 X26.891 Y-2.638 E0.01881
G1 X25.356 Y-2.191 E0.03888
G1 X23.85 Y-1.696 E0.03856
G1 X22.395 Y-1.169 E0.03764
G1 X21.207 Y-.695 E0.03111
G1 X20.325 Y-.325 E0.02326
G1 X19.262 Y0.153 E0.02835
G1 X18.29 Y0.613 E0.02615
G1 X17.638 Y0.934 E0.01768
G1 X16.324 Y1.624 E0.0361
G1 X15.708 Y1.971 E0.0172
G1 X14.454 Y2.701 E0.03529
G1 X13.855 Y3.071 E0.01712
G1 X12.65 Y3.845 E0.03483
G1 X11.946 Y4.325 E0.02072
G1 F3600 E-1
G0 F12000 X10.616 Y4.75
;TYPE:WALL-OUTER
G1 F3600 E1
G1 F2400 X19.782 Y4.75 E0.22293
G1 X20.896 Y4.208 E0.03013
G1 X21.902 Y3.749 E0.02689
G1 X22.907 Y3.323 E0.02655
G1 X23.909 Y2.925 E0.02622
G1 X24.915 Y2.555 E0.02607
G1 X25.887 Y2.226 E0.02496
G1 X26.926 Y1.891 E0.02655
G1 X27.932 Y1.602 E0.02546
G1 X28.94 Y1.337 E0.02535
G1 X29.947 Y1.091 E0.02521
G1 X30.911 Y0.882 E0.02399
G1 X32.015 Y0.665 E0.02736
G1 X32.963 Y0.508 E0.02337
G1 X33.969 Y0.359 E0.02473
G1 X34.975 Y0.235 E0.02465
G1 X36.032 Y0.13 E0.02583
G1 X36.987 Y0.054 E0.0233
G1 X37.99 Y0.002 E0.02443
G1 X38.997 Y-0.034 E0.02451
G1 X39.75 Y-0.044 E0.01832
G1 X39.75 Y-4.75 E0.11446
G1 X30.25 Y-4.75 E0.23105
G1 X30.25 Y-3.99 E0.01848
G1 X30.119 Y-3.845 E0.00475
G1 X29.168 Y-3.644 E0.02364
G1 X27.527 Y-3.249 E0.04105
G1 X26.776 Y-3.047 E0.01891
G1 X25.23 Y-2.597 E0.03916
G1 X23.738 Y-2.107 E0.03819
G1 X22.273 Y-1.578 E0.03788
G1 X21.043 Y-1.087 E0.03221
G1 X20.13 Y-.703 E0.02409
G1 X19.08 Y-.231 E0.028
G1 X18.133 Y0.217 E0.02548
G1 X17.421 Y0.568 E0.01931
G1 X16.14 Y1.24 E0.03518
G1 X15.494 Y1.604 E0.01803
G1 X14.231 Y2.339 E0.03554
G1 X13.643 Y2.701 E0.01679
G1 X12.411 Y3.494 E0.03563
G1 X11.234 Y4.298 E0.03467
G1 X10.616 Y4.75 E0.01862
G0 F12000 X11.416 Y4.75
G1 F3600 E-1
;MESH:NONMESH
G0 F600 X11.416 Y4.75 Z19.54
G0 F12000 X11.455 Y4.483
G0 X22.834 Y2.308
;TIME_ELAPSED:479.648503
;LAYER:148
;note -- min layer time used
;TYPE:FILL
;MESH:bridge_3a.stl
G1 F3600 E1
G1 F8731.6 X22.575 Y2.075 E0.00847
G1 X21.672 Y1.551 E0.02539
G1 X20.769 Y1.206 E0.02351
G1 X19.866 Y1.007 E0.02249
G1 X18.963 Y1.032 E0.02197
G1 X18.06 Y1.661 E0.02677
G1 X17.157 Y3.084 E0.04099
G1 X16.554 Y3.92 E0.02507
G1 X13.736 Y3.92 E0.06854
G1 X13.619 Y3.522 E0.01009
G1 X14.586 Y2.934 E0.02753
G1 X15.802 Y2.217 E0.03433
G1 X17.065 Y1.528 E0.03499
G1 X17.7 Y1.198 E0.01741
G1 X19.009 Y0.56 E0.03542
G1 X19.672 Y0.252 E0.01778
G1 X21.035 Y-.338 E0.03612
G1 X22.465 Y-.911 E0.03747
G1 X23.886 Y-1.43 E0.03679
G1 X25.336 Y-1.911 E0.03716
G1 X27.48 Y-2.537 E0.05432
G1 X27.993 Y-2.076 E0.01677
G1 X28.896 Y-1.552 E0.02539
G1 X29.799 Y-1.207 E0.02351
G1 X30.702 Y-1.008 E0.02249
G1 X31.605 Y-1.033 E0.02197
G1 X32.508 Y-1.662 E0.02677
G1 X33.411 Y-3.085 E0.04099
G1 X34.013 Y-3.92 E0.02504
G1 F3600 E-1
G0 F12000 X11.696 Y4.325
;TYPE:WALL-INNER
G1 F3600 E1
G1 F4510.5 X19.344 Y4.325 E0.18601
G1 X20.718 Y3.664 E0.03708
G1 X21.736 Y3.206 E0.02715
G1 X22.751 Y2.776 E0.02681
G1 X23.735 Y2.386 E0.02574
G1 X24.777 Y2.005 E0.02698
G1 X25.76 Y1.668 E0.02527
G1 X26.828 Y1.331 E0.02724
G1 X27.824 Y1.043 E0.02522
G1 X28.839 Y0.776 E0.02553
G1 X29.855 Y0.527 E0.02544
G1 X30.905 Y0.304 E0.02611
G1 X31.943 Y0.106 E0.0257
G1 X32.901 Y-0.056 E0.02363
G1 X33.919 Y-.207 E0.02503
G1 X34.93 Y-.328 E0.02476
G1 X36 Y-.437 E0.02616
G1 X36.948 Y-.51 E0.02313
G1 X37.976 Y-.567 E0.02504
G1 X39.325 Y-.613 E0.03283
G1 X39.325 Y-4.325 E0.09028
G1 X30.675 Y-4.325 E0.21038
G1 X30.675 Y-4.224 E0.00246
G1 X30.462 Y-3.731 E0.01306
G1 X30.143 Y-3.564 E0.00876
G1 X29.128 Y-3.344 E0.02526
G1 X27.524 Y-2.955 E0.04014
G1 X26.755 Y-2.748 E0.01937
G1 X25.217 Y-2.298 E0.03897
G1 X23.792 Y-1.827 E0.0365
G1 X22.275 Y-1.272 E0.03929
G1 X20.884 Y-.715 E0.03644
G1 X19.506 Y-.118 E0.03653
G1 X18.84 Y0.191 E0.01786
G1 X17.509 Y0.841 E0.03603
G1 X16.871 Y1.172 E0.01748
G1 X15.588 Y1.874 E0.03557
G1 X14.381 Y2.583 E0.03405
G1 X13.747 Y2.969 E0.01805
G1 X12.545 Y3.745 E0.0348
G1 X11.696 Y4.325 E0.02501
G1 F3600 E-1
G0 F12000 X10.373 Y4.75
;TYPE:WALL-OUTER
G1 F3600 E1
G1 F2400 X19.471 Y4.75 E0.22128
G1 X19.936 Y4.512 E0.0127
G1 X20.893 Y4.052 E0.02582
G1 X21.902 Y3.597 E0.02692
G1 X22.907 Y3.171 E0.02655
G1 X23.894 Y2.781 E0.02581
G1 X24.914 Y2.407 E0.02642
G1 X25.888 Y2.073 E0.02504
G1 X26.946 Y1.739 E0.02698
G1 X27.932 Y1.454 E0.02496
G1 X28.94 Y1.189 E0.02535
G1 X29.944 Y0.943 E0.02514
G1 X30.984 Y0.722 E0.02586
G1 X32.014 Y0.525 E0.02551
G1 X32.963 Y0.364 E0.02341
G1 X33.97 Y0.215 E0.02476
G1 X34.974 Y0.095 E0.02459
G1 X36.033 Y-0.014 E0.02589
G1 X36.986 Y-0.086 E0.02324
G1 X37.991 Y-.142 E0.02448
G1 X38.921 Y-.174 E0.02263
G1 X39.75 Y-.184 E0.02016
G1 X39.75 Y-4.75 E0.11105
G1 X30.25 Y-4.75 E0.23105
G1 X30.25 Y-4.224 E0.01279
G1 X30.171 Y-4.041 E0.00485
G1 X30.053 Y-3.979 E0.00324
G1 X29.028 Y-3.757 E0.02551
G1 X27.414 Y-3.366 E0.04039
G1 X26.636 Y-3.156 E0.0196
G1 X25.086 Y-2.702 E0.03928
G1 X23.601 Y-2.211 E0.03804
G1 X22.132 Y-1.673 E0.03805
G1 X20.716 Y-1.105 E0.03711
G1 X19.328 Y-.504 E0.03679
G1 X18.653 Y-.191 E0.0181
G1 X17.313 Y0.463 E0.03627
G1 X16.667 Y0.799 E0.01771
G1 X15.373 Y1.507 E0.03587
G1 X14.16 Y2.22 E0.03422
G1 X13.517 Y2.612 E0.01832
G1 X12.309 Y3.392 E0.03497
G1 X11.717 Y3.79 E0.01735
G1 X10.373 Y4.75 E0.04017
G0 F12000 X11.173 Y4.75
G1 F3600 E-1
;MESH:NONMESH
G0 F600 X11.173 Y4.75 Z19.67
G0 F12000 X11.214 Y4.485
G0 X16.494 Y3.92
;TIME_ELAPSED:483.158070
;LAYER:149
;note -- min layer time used
;TYPE:FILL
;MESH:bridge_3a.stl
G1 F3600 E1
G1 F8706.4 X17.157 Y2.908 E0.02943
G1 X18.06 Y1.307 E0.04471
G1 X18.963 Y0.774 E0.0255
G1 X19.866 Y0.854 E0.02205
G1 X20.769 Y1.113 E0.02285
G1 X21.672 Y1.501 E0.0239
G1 X22.575 Y2.066 E0.02591
G1 X22.713 Y2.199 E0.00466
G1 X23.626 Y1.845 E0.02382
G1 X24.64 Y1.472 E0.02628
G1 X25.631 Y1.136 E0.02545
G1 X26.532 Y0.844 E0.02304
G1 X28.007 Y0.432 E0.03725
G1 X28.738 Y0.24 E0.01838
G1 X29.785 Y-0.015 E0.02621
G1 X30.789 Y-.228 E0.02496
G1 X32.141 Y-.48 E0.03345
G1 X32.844 Y-.597 E0.01733
G1 X33.86 Y-.747 E0.02498
G1 X34.889 Y-.875 E0.02522
G1 X35.858 Y-.973 E0.02369
G1 X36.924 Y-1.055 E0.026
G1 X37.956 Y-1.109 E0.02513
G1 X38.92 Y-1.14 E0.02346
G1 X38.92 Y-3.92 E0.06761
G1 X34.074 Y-3.92 E0.11786
G1 X33.411 Y-2.909 E0.0294
G1 X32.508 Y-1.308 E0.04471
G1 X31.605 Y-.775 E0.0255
G1 X30.702 Y-.855 E0.02205
G1 X29.799 Y-1.114 E0.02285
G1 X28.896 Y-1.502 E0.0239
G1 X27.993 Y-2.067 E0.02591
G1 X27.397 Y-2.642 E0.02014
G1 F3600 E-1
G0 F12000 X11.454 Y4.325
;TYPE:WALL-INNER
G1 F3600 E1
G1 F4502.1 X19.06 Y4.325 E0.18499
G1 X19.703 Y3.995 E0.01758
G1 X20.718 Y3.508 E0.02738
G1 X21.738 Y3.049 E0.0272
G1 X22.752 Y2.623 E0.02675
G1 X23.762 Y2.226 E0.02639
G1 X24.779 Y1.852 E0.02635
G1 X25.759 Y1.52 E0.02517
G1 X26.811 Y1.186 E0.02684
G1 X27.824 Y0.899 E0.02561
G1 X28.839 Y0.632 E0.02553
G1 X29.863 Y0.382 E0.02564
G1 X30.871 Y0.169 E0.02506
G1 X31.945 Y-0.038 E0.0266
G1 X32.901 Y-.196 E0.02357
G1 X33.916 Y-.346 E0.02495
G1 X34.931 Y-.472 E0.02488
G1 X35.887 Y-.569 E0.02337
G1 X36.941 Y-.651 E0.02571
G1 X37.977 Y-.703 E0.02523
G1 X39.325 Y-.743 E0.0328
G1 X39.325 Y-4.325 E0.08712
G1 X30.655 Y-4.325 E0.21087
G1 X30.426 Y-3.844 E0.01296
G1 X30.144 Y-3.708 E0.00761
G1 X28.946 Y-3.448 E0.02982
G1 X28.264 Y-3.286 E0.01705
G1 X26.636 Y-2.863 E0.04091
G1 X25.874 Y-2.643 E0.01929
G1 X24.419 Y-2.189 E0.03707
G1 X22.901 Y-1.66 E0.0391
G1 X21.543 Y-1.139 E0.03538
G1 X20.787 Y-.827 E0.01989
G1 X19.4 Y-.222 E0.0368
G1 X18.738 Y0.085 E0.01775
G1 X17.424 Y0.727 E0.03557
G1 X16.766 Y1.069 E0.01804
G1 X15.486 Y1.769 E0.03548
G1 X14.869 Y2.124 E0.01731
G1 X13.638 Y2.87 E0.03501
G1 X12.446 Y3.642 E0.03454
G1 X11.863 Y4.036 E0.01711
G1 X11.454 Y4.325 E0.01218
G1 F3600 E-1
G0 F12000 X10.121 Y4.75
;TYPE:WALL-OUTER
G1 F3600 E1
G1 F2400 X19.163 Y4.75 E0.21991
G1 X19.887 Y4.378 E0.0198
G1 X20.893 Y3.896 E0.02713
G1 X21.903 Y3.441 E0.02694
G1 X22.908 Y3.019 E0.02651
G1 X23.909 Y2.625 E0.02616
G1 X24.915 Y2.255 E0.02607
G1 X25.888 Y1.925 E0.02499
G1 X26.927 Y1.595 E0.02651
G1 X27.932 Y1.31 E0.02541
G1 X28.94 Y1.045 E0.02535
G1 X29.951 Y0.798 E0.02531
G1 X30.952 Y0.586 E0.02489
G1 X32.015 Y0.381 E0.02633
G1 X32.963 Y0.224 E0.02337
G1 X33.969 Y0.075 E0.02473
G1 X34.974 Y-0.049 E0.02463
G1 X35.92 Y-.146 E0.02313
G1 X36.963 Y-.226 E0.02544
G1 X37.991 Y-.278 E0.02503
G1 X39.064 Y-.314 E0.02611
G1 X39.75 Y-.323 E0.01669
G1 X39.75 Y-4.75 E0.10767
G1 X30.25 Y-4.75 E0.23105
G1 X30.25 Y-4.368 E0.00929
G1 X30.143 Y-4.142 E0.00608
G1 X28.822 Y-3.855 E0.03288
G1 X28.157 Y-3.698 E0.01662
G1 X26.576 Y-3.287 E0.03973
G1 X25.747 Y-3.049 E0.02098
G1 X24.293 Y-2.595 E0.03705
G1 X22.75 Y-2.057 E0.03974
G1 X21.381 Y-1.532 E0.03566
G1 X20.617 Y-1.216 E0.02011
G1 X19.221 Y-.608 E0.03703
G1 X18.552 Y-.297 E0.01794
G1 X17.259 Y0.334 E0.03499
G1 X16.562 Y0.696 E0.0191
G1 X15.274 Y1.4 E0.0357
G1 X14.649 Y1.76 E0.01754
G1 X13.407 Y2.513 E0.03533
G1 X12.208 Y3.29 E0.03475
G1 X11.618 Y3.689 E0.01732
G1 X10.121 Y4.75 E0.04463
G0 F12000 X10.921 Y4.75
G1 F3600 E-1
;MESH:NONMESH
G0 F600 X10.921 Y4.75 Z19.8
G0 F12000 X10.965 Y4.488
G0 X16.44 Y3.92
;TIME_ELAPSED:486.721629
;LAYER:150
;note -- min layer time used
;TYPE:FILL
;MESH:bridge_3a.stl
G1 F3600 E1
G1 F8534.3 X17.157 Y2.698 E0.03446
G1 X18.06 Y0.771 E0.05176
G1 X18.963 Y0.47 E0.02315
G1 X19.866 Y0.69 E0.0226
G1 X20.769 Y1.015 E0.02334
G1 X21.672 Y1.445 E0.02433
G1 X22.623 Y2.083 E0.02785
G1 X23.924 Y1.586 E0.03387
G1 X24.642 Y1.325 E0.01858
G1 X25.475 Y1.04 E0.02141
G1 X26.7 Y0.653 E0.03125
G1 X27.722 Y0.358 E0.02587
G1 X28.727 Y0.094 E0.02527
G1 X29.777 Y-.158 E0.02626
G1 X30.789 Y-.372 E0.02516
G1 X31.471 Y-.504 E0.0169
G1 X30.702 Y-.691 E0.01925
G1 X29.799 Y-1.016 E0.02334
G1 X28.896 Y-1.446 E0.02433
G1 X27.993 Y-2.052 E0.02645
G1 X27.3 Y-2.769 E0.02425
G1 X28.299 Y-3.026 E0.02509
G1 X30.25 Y-3.459 E0.04861
G1 X30.64 Y-3.631 E0.01037
G1 X30.792 Y-3.919 E0.00792
G1 X34.127 Y-3.919 E0.08111
G1 X33.411 Y-2.699 E0.0344
G1 X32.508 Y-.772 E0.05176
G1 X32.022 Y-.61 E0.01246
G1 F3600 E-1
G0 F12000 X11.209 Y4.325
;TYPE:WALL-INNER
G1 F3600 E1
G1 F4444.8 X18.752 Y4.325 E0.18346
G1 X19.686 Y3.843 E0.02556
G1 X20.723 Y3.351 E0.02792
G1 X21.736 Y2.898 E0.02699
G1 X22.754 Y2.466 E0.0269
G1 X23.765 Y2.073 E0.02638
G1 X24.778 Y1.705 E0.02621
G1 X25.758 Y1.371 E0.02518
G1 X26.809 Y1.043 E0.02678
G1 X27.824 Y0.751 E0.02569
G1 X28.841 Y0.483 E0.02558
G1 X29.856 Y0.239 E0.02539
G1 X30.871 Y0.025 E0.02523
G1 X31.945 Y-.182 E0.0266
G1 X32.901 Y-.34 E0.02357
G1 X33.915 Y-.49 E0.02493
G1 X34.989 Y-.625 E0.02633
G1 X35.948 Y-.714 E0.02342
G1 X36.948 Y-.79 E0.02439
G1 X37.978 Y-.847 E0.02509
G1 X39.325 Y-.883 E0.03277
G1 X39.325 Y-4.325 E0.08371
G1 X30.577 Y-4.324 E0.21276
G1 X30.384 Y-3.955 E0.01013
G1 X30.145 Y-3.852 E0.00633
G1 X28.219 Y-3.424 E0.04799
G1 X27.303 Y-3.191 E0.02299
G1 X26.534 Y-2.978 E0.01941
G1 X25.14 Y-2.567 E0.03535
G1 X24.325 Y-2.304 E0.02083
G1 X22.788 Y-1.767 E0.0396
G1 X21.436 Y-1.248 E0.03522
G1 X20.679 Y-.935 E0.01992
G1 X19.292 Y-.33 E0.0368
G1 X18.636 Y-0.023 E0.01762
G1 X17.303 Y0.632 E0.03612
G1 X16.66 Y0.966 E0.01762
G1 X15.413 Y1.65 E0.03459
G1 X14.775 Y2.014 E0.01786
G1 X13.537 Y2.766 E0.03523
G1 X12.941 Y3.148 E0.01722
G1 X11.709 Y3.97 E0.03602
G1 X11.209 Y4.325 E0.01491
G1 F3600 E-1
G0 F12000 X9.902 Y4.75
;TYPE:WALL-OUTER
G1 F3600 E1
G1 F2400 X18.855 Y4.75 E0.21775
G1 X19.888 Y4.218 E0.02826
G1 X20.897 Y3.739 E0.02717
G1 X21.902 Y3.289 E0.02678
G1 X22.904 Y2.864 E0.02647
G1 X23.91 Y2.473 E0.02625
G1 X24.915 Y2.107 E0.02601
G1 X25.885 Y1.777 E0.02492
G1 X26.926 Y1.451 E0.02653
G1 X27.932 Y1.162 E0.02546
G1 X28.941 Y0.896 E0.02538
G1 X29.944 Y0.655 E0.02509
G1 X30.952 Y0.442 E0.02506
G1 X32.015 Y0.237 E0.02633
G1 X32.963 Y0.08 E0.02337
G1 X33.968 Y-0.069 E0.02471
G1 X35.028 Y-.201 E0.02598
G1 X35.981 Y-.29 E0.02328
G1 X36.985 Y-.366 E0.02449
G1 X37.992 Y-.422 E0.02453
G1 X38.997 Y-.454 E0.02446
G1 X39.75 Y-.464 E0.01832
G1 X39.75 Y-4.75 E0.10424
G1 X30.25 Y-4.75 E0.23105
G1 X30.25 Y-4.512 E0.00579
G1 X30.129 Y-4.283 E0.0063
G1 X28.8 Y-3.994 E0.03308
G1 X28.093 Y-3.83 E0.01765
G1 X27.19 Y-3.6 E0.02266
G1 X26.414 Y-3.386 E0.01958
G1 X25.038 Y-2.981 E0.03489
G1 X24.185 Y-2.705 E0.02181
G1 X22.67 Y-2.177 E0.03902
G1 X21.275 Y-1.64 E0.03636
G1 X20.509 Y-1.324 E0.02015
G1 X19.139 Y-.728 E0.03634
G1 X18.49 Y-.425 E0.01742
G1 X17.107 Y0.255 E0.03748
G1 X16.456 Y0.593 E0.01784
G1 X15.203 Y1.281 E0.03477
G1 X14.539 Y1.66 E0.01859
G1 X13.308 Y2.408 E0.03503
G1 X12.706 Y2.795 E0.01741
G1 X11.464 Y3.623 E0.0363
G1 X10.354 Y4.412 E0.03312
G1 X9.902 Y4.75 E0.01373
G0 F12000 X10.702 Y4.75
G1 F3600 E-1
;MESH:NONMESH
G0 F600 X10.702 Y4.75 Z19.93
G0 F12000 X10.737 Y4.476
G0 X16.409 Y3.92
;TIME_ELAPSED:490.292731
;LAYER:151
;note -- min layer time used
;TYPE:FILL
;MESH:bridge_3a.stl
G1 F3600 E1
G1 F8580.6 X16.616 Y3.612 E0.00903
G1 X17.047 Y2.709 E0.02434
G1 X17.373 Y1.806 E0.02335
G1 X17.596 Y0.903 E0.02262
G1 X17.562 Y0.8 E0.00264
G1 X19.002 Y0.084 E0.03911
G1 X20.755 Y0.903 E0.04706
G1 X22.298 Y1.806 E0.04348
G1 X22.488 Y1.989 E0.00642
G1 X23.619 Y1.544 E0.02956
G1 X24.644 Y1.171 E0.02653
G1 X25.642 Y0.837 E0.0256
G1 X26.7 Y0.505 E0.02697
G1 X27.999 Y0.138 E0.03283
G1 X28.749 Y-0.057 E0.01885
G1 X29.769 Y-.3 E0.0255
G1 X30.683 Y-.497 E0.02274
G1 X29.814 Y-.903 E0.02333
G1 X28.271 Y-1.806 E0.04348
G1 X27.336 Y-2.709 E0.03161
G1 X27.212 Y-2.893 E0.0054
G1 X28.293 Y-3.169 E0.02713
G1 X30.244 Y-3.604 E0.04862
G1 X30.562 Y-3.724 E0.00827
G1 X30.677 Y-3.92 E0.00553
G1 X34.16 Y-3.92 E0.08471
G1 X33.953 Y-3.612 E0.00903
G1 X33.522 Y-2.709 E0.02434
G1 X33.196 Y-1.806 E0.02335
G1 X32.973 Y-.903 E0.02262
G1 F3600 E-1
G0 F12000 X10.963 Y4.326
;TYPE:WALL-INNER
G1 F3600 E1
G1 F4460.2 X18.438 Y4.325 E0.1818
G1 X19.709 Y3.678 E0.03469
G1 X20.724 Y3.195 E0.02734
G1 X21.739 Y2.741 E0.02704
G1 X22.749 Y2.319 E0.02662
G1 X23.765 Y1.921 E0.02654
G1 X24.781 Y1.551 E0.0263
G1 X25.761 Y1.223 E0.02513
G1 X26.809 Y0.895 E0.02671
G1 X27.825 Y0.602 E0.02572
G1 X28.851 Y0.335 E0.02578
G1 X29.854 Y0.096 E0.02508
G1 X30.874 Y-.124 E0.02538
G1 X31.946 Y-.326 E0.02653
G1 X32.901 Y-.484 E0.02354
G1 X33.922 Y-.635 E0.0251
G1 X34.931 Y-.752 E0.0247
G1 X36.003 Y-.862 E0.02621
G1 X36.962 Y-.93 E0.02338
G1 X37.975 Y-.987 E0.02468
G1 X39.325 Y-1.035 E0.03285
G1 X39.325 Y-4.325 E0.08002
G1 X30.481 Y-4.325 E0.2151
G1 X30.31 Y-4.033 E0.00823
G1 X28.24 Y-3.573 E0.05157
G1 X27.186 Y-3.306 E0.02644
G1 X26.375 Y-3.084 E0.02045
G1 X24.954 Y-2.656 E0.03609
G1 X23.406 Y-2.142 E0.03967
G1 X22.734 Y-1.9 E0.01737
G1 X21.211 Y-1.309 E0.03973
G1 X19.871 Y-.743 E0.03538
G1 X18.514 Y-.126 E0.03626
G1 X17.288 Y0.484 E0.03331
G1 X15.906 Y1.213 E0.038
G1 X14.66 Y1.923 E0.03488
G1 X13.433 Y2.667 E0.0349
G1 X12.834 Y3.046 E0.01724
G1 X11.657 Y3.834 E0.03445
G1 X10.963 Y4.326 E0.02069
G1 F3600 E-1
G0 F12000 X9.665 Y4.75
;TYPE:WALL-OUTER
G1 F3600 E1
G1 F2400 X18.54 Y4.75 E0.21585
G1 X19.892 Y4.062 E0.0369
G1 X20.897 Y3.583 E0.02708
G1 X21.903 Y3.133 E0.0268
G1 X22.904 Y2.715 E0.02638
G1 X23.91 Y2.321 E0.02628
G1 X24.916 Y1.954 E0.02604
G1 X25.889 Y1.629 E0.02495
G1 X26.926 Y1.303 E0.02644
G1 X27.932 Y1.014 E0.02546
G1 X28.949 Y0.748 E0.02557
G1 X29.943 Y0.511 E0.02485
G1 X30.953 Y0.294 E0.02513
G1 X32.015 Y0.093 E0.02629
G1 X32.963 Y-0.064 E0.02337
G1 X33.971 Y-.213 E0.02478
G1 X34.974 Y-.329 E0.02456
G1 X36.034 Y-.438 E0.02592
G1 X36.985 Y-.506 E0.02319
G1 X37.99 Y-.562 E0.02448
G1 X38.998 Y-.598 E0.02453
G1 X39.75 Y-.605 E0.01829
G1 X39.75 Y-4.75 E0.10081
G1 X30.25 Y-4.75 E0.23105
G1 X30.25 Y-4.656 E0.00229
G1 X30.115 Y-4.424 E0.00653
G1 X29.04 Y-4.193 E0.02674
G1 X28.095 Y-3.975 E0.02359
G1 X27.074 Y-3.716 E0.02562
G1 X26.252 Y-3.491 E0.02073
G1 X24.82 Y-3.059 E0.03638
G1 X23.262 Y-2.541 E0.03993
G1 X22.54 Y-2.28 E0.01867
G1 X21.122 Y-1.732 E0.03697
G1 X19.696 Y-1.13 E0.03765
G1 X18.332 Y-.51 E0.03644
G1 X17.09 Y0.108 E0.03374
G1 X15.696 Y0.844 E0.03834
G1 X14.44 Y1.559 E0.03515
G1 X13.205 Y2.308 E0.03513
G1 X12.598 Y2.692 E0.01747
G1 X11.418 Y3.482 E0.03454
G1 X10.25 Y4.312 E0.03485
G1 X9.665 Y4.75 E0.01777
G0 F12000 X10.465 Y4.75
G1 F3600 E-1
;MESH:NONMESH
G0 F600 X10.465 Y4.75 Z20.06
G0 F12000 X10.497 Y4.473
G0 X16.368 Y3.919
;TIME_ELAPSED:493.873058
;LAYER:152
;note -- min layer time used
;TYPE:FILL
;MESH:bridge_3a.stl
G1 F3600 E1
G1 F8664.7 X16.56 Y3.612 E0.00881
G1 X16.948 Y2.709 E0.0239
G1 X17.208 Y1.806 E0.02285
G1 X17.29 Y0.903 E0.02205
G1 X17.236 Y0.811 E0.00259
G1 X17.942 Y0.45 E0.01929
G1 X18.588 Y0.134 E0.01749
G1 X19.258 Y-.178 E0.01798
G1 X19.362 Y0.00 E0.00501
G1 X20.966 Y0.903 E0.04477
G1 X22.431 Y1.861 E0.04257
G1 X23.634 Y1.386 E0.03146
G1 X24.644 Y1.022 E0.02611
G1 X25.642 Y0.689 E0.02559
G1 X26.701 Y0.357 E0.02699
G1 X28.003 Y-0.009 E0.03289
G1 X28.754 Y-.203 E0.01887
G1 X30.226 Y-.552 E0.03679
G1 X29.603 Y-.903 E0.01739
G1 X28.222 Y-1.806 E0.04013
G1 X27.35 Y-2.709 E0.03053
G1 X27.158 Y-3.016 E0.00881
G1 X28.027 Y-3.245 E0.02186
G1 X29.551 Y-3.601 E0.03806
G1 X30.441 Y-3.784 E0.0221
G1 X30.531 Y-3.92 E0.00397
G1 X34.202 Y-3.92 E0.08928
G1 X34.009 Y-3.612 E0.00884
G1 X33.621 Y-2.709 E0.0239
G1 X33.361 Y-1.806 E0.02285
G1 X33.296 Y-1.093 E0.01741
G1 F3600 E-1
G0 F12000 X10.722 Y4.325
;TYPE:WALL-INNER
G1 F3600 E1
G1 F4488.2 X18.146 Y4.324 E0.18056
G1 X18.691 Y4.033 E0.01503
G1 X19.711 Y3.517 E0.0278
G1 X20.723 Y3.039 E0.02722
G1 X21.742 Y2.584 E0.02714
G1 X22.749 Y2.167 E0.02651
G1 X23.767 Y1.768 E0.02659
G1 X24.781 Y1.403 E0.02621
G1 X25.761 Y1.075 E0.02513
G1 X26.809 Y0.747 E0.02671
G1 X27.83 Y0.454 E0.02583
G1 X28.844 Y0.191 E0.02548
G1 X29.854 Y-0.048 E0.02524
G1 X30.874 Y-.268 E0.02538
G1 X31.946 Y-.47 E0.02653
G1 X32.903 Y-.629 E0.02359
G1 X33.919 Y-.775 E0.02496
G1 X34.933 Y-.896 E0.02484
G1 X36 Y-1.001 E0.02608
G1 X36.962 Y-1.074 E0.02346
G1 X37.978 Y-1.131 E0.02475
G1 X39.325 Y-1.167 E0.03277
G1 X39.325 Y-4.325 E0.07681
G1 X30.361 Y-4.325 E0.21802
G1 X30.25 Y-4.158 E0.00488
G1 X29.467 Y-3.997 E0.01944
G1 X28.659 Y-3.815 E0.02014
G1 X27.89 Y-3.627 E0.01925
G1 X26.32 Y-3.214 E0.03948
G1 X24.843 Y-2.768 E0.03752
G1 X23.289 Y-2.251 E0.03983
G1 X21.927 Y-1.745 E0.03534
G1 X20.454 Y-1.148 E0.03866
G1 X19.253 Y-.622 E0.03189
G1 X18.418 Y-.235 E0.02238
G1 X17.758 Y0.089 E0.01788
G1 X16.45 Y0.759 E0.03574
G1 X15.811 Y1.104 E0.01766
G1 X14.557 Y1.818 E0.0351
G1 X13.944 Y2.186 E0.01739
G1 X12.739 Y2.939 E0.03456
G1 X11.505 Y3.766 E0.03613
G1 X10.722 Y4.325 E0.0234
G1 F3600 E-1
G0 F12000 X9.427 Y4.749
;TYPE:WALL-OUTER
G1 F3600 E1
G1 F2400 X18.253 Y4.749 E0.21466
G1 X18.883 Y4.412 E0.01738
G1 X19.893 Y3.901 E0.02753
G1 X20.897 Y3.427 E0.027
G1 X21.904 Y2.977 E0.02683
G1 X22.904 Y2.563 E0.02632
G1 X23.911 Y2.168 E0.02631
G1 X24.916 Y1.806 E0.02598
G1 X25.889 Y1.481 E0.02495
G1 X26.927 Y1.155 E0.02646
G1 X27.937 Y0.866 E0.02555
G1 X28.942 Y0.604 E0.02526
G1 X29.943 Y0.367 E0.02502
G1 X30.953 Y0.15 E0.02513
G1 X32.015 Y-0.051 E0.02629
G1 X32.964 Y-.208 E0.02339
G1 X33.97 Y-.353 E0.02472
G1 X34.975 Y-.473 E0.02462
G1 X36.033 Y-.578 E0.02586
G1 X36.985 Y-.65 E0.02322
G1 X37.992 Y-.706 E0.02453
G1 X38.997 Y-.738 E0.02446
G1 X39.75 Y-.748 E0.01832
G1 X39.75 Y-4.75 E0.09733
G1 X30.22 Y-4.75 E0.23178
G1 X30.096 Y-4.565 E0.00542
G1 X28.559 Y-4.228 E0.03827
G1 X27.862 Y-4.06 E0.01744
G1 X26.204 Y-3.623 E0.0417
G1 X24.709 Y-3.171 E0.03799
G1 X23.147 Y-2.652 E0.04003
G1 X21.768 Y-2.139 E0.03578
G1 X20.284 Y-1.537 E0.03895
G1 X19.074 Y-1.008 E0.03212
G1 X18.232 Y-.617 E0.02258
G1 X17.564 Y-.29 E0.01809
G1 X16.248 Y0.385 E0.03597
G1 X15.601 Y0.735 E0.01789
G1 X14.339 Y1.453 E0.03531
G1 X13.719 Y1.826 E0.0176
G1 X12.508 Y2.582 E0.03472
G1 X11.259 Y3.42 E0.03658
G1 X10.178 Y4.192 E0.03231
G1 X9.427 Y4.749 E0.02274
G0 F12000 X10.227 Y4.749
G1 F3600 E-1
;MESH:NONMESH
G0 F600 X10.227 Y4.749 Z20.19
G0 F12000 X10.259 Y4.471
G0 X16.331 Y3.92
;TIME_ELAPSED:497.460268
;LAYER:153
;note -- min layer time used
;TYPE:FILL
;MESH:bridge_3a.stl
G1 F3600 E1
G1 F8776.1 X16.51 Y3.612 E0.00866
G1 X16.856 Y2.709 E0.02352
G1 X17.055 Y1.806 E0.02249
G1 X17.031 Y0.903 E0.02197
G1 X16.949 Y0.786 E0.00347
G1 X18.839 Y-.147 E0.05126
G1 X18.839 Y-.134 E0.00032
G1 X19.433 Y-.409 E0.01592
G1 X19.717 Y0.00 E0.01211
G1 X21.143 Y0.903 E0.04105
G1 X22.322 Y1.752 E0.03534
G1 X23.625 Y1.237 E0.03408
G1 X24.646 Y0.874 E0.02635
G1 X25.642 Y0.541 E0.02554
G1 X26.692 Y0.211 E0.02677
G1 X27.72 Y-0.079 E0.02598
G1 X28.754 Y-.347 E0.02598
G1 X29.884 Y-.613 E0.02823
G1 X29.426 Y-.903 E0.01318
G1 X28.173 Y-1.806 E0.03756
G1 X27.36 Y-2.709 E0.02955
G1 X27.104 Y-3.15 E0.0124
G1 X27.893 Y-3.36 E0.01986
G1 X29.425 Y-3.72 E0.03828
G1 X30.401 Y-3.92 E0.02423
G1 X34.238 Y-3.92 E0.09332
G1 X34.059 Y-3.612 E0.00866
G1 X33.713 Y-2.709 E0.02352
G1 X33.514 Y-1.806 E0.02249
G1 X33.528 Y-1.268 E0.01309
G1 F3600 E-1
G0 F12000 X10.478 Y4.325
;TYPE:WALL-INNER
G1 F3600 E1
G1 F4525.4 X17.85 Y4.325 E0.1793
G1 X18.696 Y3.872 E0.02334
G1 X19.658 Y3.39 E0.02617
G1 X20.726 Y2.883 E0.02875
G1 X21.741 Y2.432 E0.02701
G1 X22.749 Y2.015 E0.02653
G1 X23.769 Y1.616 E0.02664
G1 X24.781 Y1.255 E0.02613
G1 X25.761 Y0.927 E0.02513
G1 X26.812 Y0.598 E0.02679
G1 X27.83 Y0.31 E0.02573
G1 X28.844 Y0.047 E0.02548
G1 X29.854 Y-.192 E0.02524
G1 X30.896 Y-.416 E0.02592
G1 X31.948 Y-.615 E0.02604
G1 X32.903 Y-.769 E0.02353
G1 X33.918 Y-.915 E0.02494
G1 X34.986 Y-1.044 E0.02616
G1 X35.948 Y-1.137 E0.02351
G1 X36.948 Y-1.214 E0.02439
G1 X37.978 Y-1.271 E0.02509
G1 X39.325 Y-1.307 E0.03277
G1 X39.325 Y-4.325 E0.0734
G1 X30.179 Y-4.325 E0.22244
G1 X30.143 Y-4.28 E0.0014
G1 X29.34 Y-4.115 E0.01994
G1 X27.796 Y-3.753 E0.03857
G1 X26.173 Y-3.321 E0.04085
G1 X24.78 Y-2.897 E0.03541
G1 X23.156 Y-2.355 E0.04164
G1 X21.823 Y-1.854 E0.03463
G1 X20.368 Y-1.265 E0.03818
G1 X19.659 Y-.96 E0.01877
G1 X18.28 Y-.323 E0.03694
G1 X17.289 Y0.167 E0.02689
G1 X16.349 Y0.653 E0.02574
G1 X15.707 Y1 E0.01775
G1 X14.465 Y1.707 E0.03476
G1 X13.839 Y2.083 E0.01776
G1 X12.626 Y2.845 E0.03484
G1 X11.45 Y3.632 E0.03442
G1 X10.478 Y4.325 E0.02903
G1 F3600 E-1
G0 F12000 X9.182 Y4.75
;TYPE:WALL-OUTER
G1 F3600 E1
G1 F2400 X17.957 Y4.75 E0.21342
G1 X18.887 Y4.252 E0.02566
G1 X19.84 Y3.774 E0.02593
G1 X20.898 Y3.271 E0.02849
G1 X21.904 Y2.824 E0.02677
G1 X22.904 Y2.411 E0.02631
G1 X23.912 Y2.016 E0.02633
G1 X24.916 Y1.658 E0.02592
G1 X25.889 Y1.333 E0.02495
G1 X26.927 Y1.007 E0.02646
G1 X27.937 Y0.722 E0.02552
G1 X28.942 Y0.46 E0.02526
G1 X29.943 Y0.223 E0.02502
G1 X30.975 Y0.002 E0.02567
G1 X32.016 Y-.195 E0.02577
G1 X32.964 Y-.348 E0.02336
G1 X33.969 Y-.493 E0.0247
G1 X35.027 Y-.621 E0.02592
G1 X35.981 Y-.714 E0.02331
G1 X36.985 Y-.79 E0.02449
G1 X37.992 Y-.846 E0.02453
G1 X38.997 Y-.878 E0.02446
G1 X39.75 Y-.888 E0.01832
G1 X39.75 Y-4.75 E0.09393
G1 X30.097 Y-4.75 E0.23478
G1 X30.053 Y-4.695 E0.00171
G1 X29.243 Y-4.529 E0.02011
G1 X27.687 Y-4.164 E0.03887
G1 X26.089 Y-3.739 E0.04022
G1 X24.595 Y-3.284 E0.03798
G1 X23.048 Y-2.768 E0.03966
G1 X21.663 Y-2.248 E0.03598
G1 X20.184 Y-1.648 E0.03882
G1 X19.481 Y-1.346 E0.01861
G1 X18.092 Y-.704 E0.03722
G1 X17.094 Y-.21 E0.02708
G1 X16.147 Y0.279 E0.02592
G1 X15.497 Y0.631 E0.01798
G1 X14.235 Y1.35 E0.03533
G1 X13.613 Y1.722 E0.01763
G1 X12.39 Y2.491 E0.03514
G1 X11.221 Y3.273 E0.03421
G1 X10.625 Y3.691 E0.01771
G1 X9.182 Y4.75 E0.04353
G0 F12000 X9.982 Y4.75
G1 F3600 E-1
;MESH:NONMESH
G0 F600 X9.982 Y4.75 Z20.32
G0 F12000 X10.02 Y4.478
G0 X16.764 Y0.886
G0 X16.703 Y0.767
;TIME_ELAPSED:501.056357
;LAYER:154
;note -- min layer time used
;TYPE:FILL
;MESH:bridge_3a.stl
G1 F3600 E1
G1 F9011 X16.805 Y0.903 E0.00413
G1 X16.913 Y1.806 E0.02212
G1 X16.769 Y2.709 E0.02224
G1 X16.465 Y3.612 E0.02317
G1 X16.3 Y3.92 E0.0085
G1 X17.457 Y3.92 E0.02814
G1 X18.519 Y3.348 E0.02934
G1 X19.531 Y2.843 E0.02751
G1 X20.557 Y2.359 E0.02759
G1 X21.601 Y1.898 E0.02776
G1 X22.232 Y1.637 E0.01661
G1 X21.298 Y0.903 E0.02889
G1 X19.995 Y0.00 E0.03856
G1 X19.535 Y-.612 E0.01862
G1 X20.342 Y-.973 E0.0215
G1 X21.885 Y-1.599 E0.0405
G1 X22.482 Y-1.824 E0.01552
G1 X23.953 Y-2.348 E0.03798
G1 X24.678 Y-2.591 E0.0186
G1 X25.439 Y-2.828 E0.01939
G1 X26.279 Y-3.075 E0.02129
G1 X27.057 Y-3.283 E0.01959
G1 X27.365 Y-2.709 E0.01584
G1 X28.122 Y-1.806 E0.02866
G1 X29.551 Y-.683 E0.0442
G1 X30.805 Y-.955 E0.03121
G1 X32.139 Y-1.195 E0.03297
G1 X33.7 Y-1.434 E0.03841
G1 X33.656 Y-1.806 E0.00911
G1 X33.8 Y-2.709 E0.02224
G1 X34.104 Y-3.612 E0.02317
G1 X34.269 Y-3.92 E0.0085
G1 F3600 E-1
G0 F12000 X10.244 Y4.324
;TYPE:WALL-INNER
G1 F3600 E1
G1 F4603.7 X17.561 Y4.325 E0.17796
G1 X18.697 Y3.712 E0.0314
G1 X19.711 Y3.205 E0.02757
G1 X20.727 Y2.726 E0.02732
G1 X21.754 Y2.273 E0.0273
G1 X22.751 Y1.862 E0.02623
G1 X23.767 Y1.468 E0.0265
G1 X24.781 Y1.103 E0.02621
G1 X25.749 Y0.779 E0.02483
G1 X26.815 Y0.45 E0.02713
G1 X27.831 Y0.162 E0.02568
G1 X28.804 Y-0.089 E0.02444
G1 X29.919 Y-.353 E0.02787
G1 X30.876 Y-.556 E0.02379
G1 X31.948 Y-.755 E0.02652
G1 X33.918 Y-1.059 E0.04848
G1 X34.97 Y-1.187 E0.02577
G1 X36.965 Y-1.359 E0.0487
G1 X37.978 Y-1.411 E0.02467
G1 X39.325 Y-1.447 E0.03277
G1 X39.325 Y-4.325 E0.07
G1 X29.655 Y-4.325 E0.23519
G1 X28.458 Y-4.06 E0.02982
G1 X27.69 Y-3.872 E0.01923
G1 X26.208 Y-3.477 E0.0373
G1 X25.315 Y-3.214 E0.02264
G1 X24.558 Y-2.978 E0.01929
G1 X23.825 Y-2.733 E0.0188
G1 X22.343 Y-2.205 E0.03826
G1 X21.715 Y-1.967 E0.01633
G1 X20.186 Y-1.346 E0.04014
G1 X18.871 Y-.759 E0.03502
G1 X17.547 Y-.122 E0.03573
G1 X16.886 Y0.211 E0.018
G1 X15.596 Y0.9 E0.03557
G1 X14.291 Y1.647 E0.03657
G1 X13.128 Y2.359 E0.03317
G1 X11.932 Y3.135 E0.03467
G1 X10.775 Y3.936 E0.03423
G1 X10.244 Y4.324 E0.016
G1 F3600 E-1
G0 F12000 X8.967 Y4.75
;TYPE:WALL-OUTER
G1 F3600 E1
G1 F2400 X17.668 Y4.75 E0.21162
G1 X18.887 Y4.092 E0.03369
G1 X19.893 Y3.589 E0.02736
G1 X20.898 Y3.115 E0.02703
G1 X21.915 Y2.666 E0.02704
G1 X22.905 Y2.258 E0.02604
G1 X23.911 Y1.868 E0.02624
G1 X24.916 Y1.506 E0.02598
G1 X25.891 Y1.181 E0.025
G1 X26.931 Y0.859 E0.02648
G1 X27.937 Y0.573 E0.02544
G1 X28.902 Y0.324 E0.02424
G1 X30.007 Y0.063 E0.02761
G1 X30.954 Y-.138 E0.02355
G1 X32.016 Y-.335 E0.02627
G1 X32.963 Y-.488 E0.02333
G1 X33.969 Y-.637 E0.02473
G1 X35.028 Y-.765 E0.02594
G1 X35.98 Y-.854 E0.02326
G1 X36.987 Y-.934 E0.02457
G1 X37.992 Y-.986 E0.02448
G1 X38.997 Y-1.018 E0.02446
G1 X39.75 Y-1.028 E0.01832
G1 X39.75 Y-4.75 E0.09052
G1 X29.608 Y-4.75 E0.24667
G1 X28.319 Y-4.463 E0.03212
G1 X27.634 Y-4.297 E0.01714
G1 X26.039 Y-3.871 E0.04015
G1 X25.19 Y-3.62 E0.02153
G1 X24.423 Y-3.381 E0.01954
G1 X23.683 Y-3.133 E0.01898
G1 X22.193 Y-2.603 E0.03846
G1 X21.555 Y-2.361 E0.0166
G1 X20.013 Y-1.734 E0.04049
G1 X18.717 Y-1.157 E0.0345
G1 X17.356 Y-.502 E0.03674
G1 X16.686 Y-.164 E0.01825
G1 X15.413 Y0.515 E0.03509
G1 X14.07 Y1.285 E0.03765
G1 X12.897 Y2.002 E0.03344
G1 X11.691 Y2.785 E0.03497
G1 X10.524 Y3.592 E0.03451
G1 X9.378 Y4.433 E0.03457
G1 X8.967 Y4.75 E0.01262
G0 F12000 X9.767 Y4.75
G1 F3600 E-1
;MESH:NONMESH
G0 F600 X9.767 Y4.75 Z20.45
G0 F12000 X9.796 Y4.467
G0 X16.534 Y0.852
G0 X16.47 Y0.732
;TIME_ELAPSED:504.642555
;LAYER:155
;note -- min layer time used
;TYPE:FILL
;MESH:bridge_3a.stl
G1 F3600 E1
G1 F9127.1 X16.604 Y0.903 E0.00528
G1 X16.78 Y1.806 E0.02238
G1 X16.688 Y2.709 E0.02208
G1 X16.424 Y3.612 E0.02288
G1 X16.273 Y3.92 E0.00834
G1 X17.161 Y3.92 E0.0216
G1 X18.521 Y3.187 E0.03758
G1 X19.528 Y2.687 E0.02734
G1 X20.553 Y2.202 E0.02758
G1 X21.587 Y1.748 E0.02747
G1 X22.156 Y1.514 E0.01496
G1 X21.439 Y0.903 E0.02291
G1 X20.228 Y0.00 E0.03674
G1 X19.601 Y-.797 E0.02466
G1 X20.989 Y-1.391 E0.03672
G1 X22.393 Y-1.941 E0.03667
G1 X23.342 Y-2.287 E0.02457
G1 X24.64 Y-2.726 E0.03333
G1 X25.344 Y-2.946 E0.01794
G1 X27.014 Y-3.423 E0.04224
G1 X27.365 Y-2.709 E0.01935
G1 X28.069 Y-1.806 E0.02785
G1 X29.289 Y-.768 E0.03896
G1 X29.835 Y-.897 E0.01365
G1 X30.84 Y-1.103 E0.02495
G1 X32.139 Y-1.339 E0.03211
G1 X32.847 Y-1.453 E0.01744
G1 X33.83 Y-1.595 E0.02416
G1 X33.789 Y-1.806 E0.00523
G1 X33.881 Y-2.709 E0.02208
G1 X34.145 Y-3.612 E0.02288
G1 X34.296 Y-3.92 E0.00834
G1 F3600 E-1
G0 F12000 X10.001 Y4.325
;TYPE:WALL-INNER
G1 F3600 E1
G1 F4642.4 X17.244 Y4.325 E0.17616
G1 X18.699 Y3.551 E0.04008
G1 X19.707 Y3.049 E0.02739
G1 X20.724 Y2.57 E0.02734
G1 X21.738 Y2.123 E0.02695
G1 X22.754 Y1.705 E0.02672
G1 X23.769 Y1.316 E0.02644
G1 X24.781 Y0.956 E0.02612
G1 X25.798 Y0.614 E0.0261
G1 X26.78 Y0.314 E0.02497
G1 X27.828 Y0.019 E0.02648
G1 X28.804 Y-.237 E0.02454
G1 X29.925 Y-.502 E0.02802
G1 X30.914 Y-.704 E0.02455
G1 X31.948 Y-.899 E0.02559
G1 X32.903 Y-1.053 E0.02353
G1 X33.918 Y-1.199 E0.02494
G1 X34.986 Y-1.328 E0.02616
G1 X35.948 Y-1.422 E0.02351
G1 X36.962 Y-1.499 E0.02473
G1 X37.962 Y-1.555 E0.02436
G1 X39.325 Y-1.59 E0.03316
G1 X39.324 Y-4.325 E0.06652
G1 X28.984 Y-4.325 E0.25148
G1 X27.508 Y-3.971 E0.03692
G1 X26.729 Y-3.767 E0.01959
G1 X25.196 Y-3.324 E0.03881
G1 X24.51 Y-3.11 E0.01748
G1 X23.203 Y-2.667 E0.03356
G1 X22.376 Y-2.367 E0.0214
G1 X20.829 Y-1.764 E0.04038
G1 X19.449 Y-1.173 E0.03651
G1 X18.775 Y-.867 E0.018
G1 X17.437 Y-.225 E0.03609
G1 X16.785 Y0.105 E0.01777
G1 X15.497 Y0.794 E0.03553
G1 X14.872 Y1.144 E0.01742
G1 X13.631 Y1.881 E0.0351
G1 X12.427 Y2.641 E0.03463
G1 X11.838 Y3.031 E0.01718
G1 X10.669 Y3.837 E0.03453
G1 X10.001 Y4.325 E0.02012
G1 F3600 E-1
G0 F12000 X8.736 Y4.75
;TYPE:WALL-OUTER
G1 F3600 E1
G1 F2400 X17.375 Y4.75 E0.21011
G1 X17.882 Y4.467 E0.01412
G1 X18.888 Y3.932 E0.02771
G1 X19.889 Y3.433 E0.0272
G1 X20.895 Y2.959 E0.02705
G1 X21.9 Y2.516 E0.02671
G1 X22.906 Y2.102 E0.02646
G1 X23.912 Y1.716 E0.02621
G1 X24.916 Y1.359 E0.02592
G1 X25.922 Y1.02 E0.02582
G1 X26.896 Y0.723 E0.02477
G1 X27.936 Y0.43 E0.02628
G1 X28.902 Y0.176 E0.02429
G1 X30.01 Y-0.085 E0.02769
G1 X30.993 Y-.286 E0.0244
G1 X32.016 Y-.479 E0.02532
G1 X32.964 Y-.632 E0.02336
G1 X33.969 Y-.777 E0.0247
G1 X35.027 Y-.905 E0.02592
G1 X35.981 Y-.998 E0.02331
G1 X36.985 Y-1.074 E0.02449
G1 X37.994 Y-1.13 E0.02458
G1 X38.908 Y-1.158 E0.02224
G1 X39.75 Y-1.171 E0.02048
G1 X39.749 Y-4.75 E0.08705
G1 X28.934 Y-4.75 E0.26304
G1 X27.4 Y-4.383 E0.03836
G1 X26.668 Y-4.191 E0.01841
G1 X25.07 Y-3.73 E0.04045
G1 X24.374 Y-3.513 E0.01773
G1 X23.058 Y-3.067 E0.0338
G1 X22.095 Y-2.716 E0.02493
G1 X20.663 Y-2.155 E0.03741
G1 X19.274 Y-1.561 E0.03674
G1 X18.592 Y-1.25 E0.01823
G1 X17.245 Y-.604 E0.03633
G1 X16.585 Y-.27 E0.01799
G1 X15.289 Y0.423 E0.03574
G1 X14.677 Y0.765 E0.01705
G1 X13.405 Y1.521 E0.03599
G1 X12.192 Y2.286 E0.03488
G1 X11.597 Y2.681 E0.01737
G1 X10.418 Y3.493 E0.03482
G1 X9.277 Y4.33 E0.03442
G1 X8.736 Y4.75 E0.01666
G0 F12000 X9.536 Y4.75
G1 F3600 E-1
;MESH:NONMESH
G0 F600 X9.536 Y4.75 Z20.58
G0 F12000 X9.536 Y4.425
G0 X16.251 Y3.92
;TIME_ELAPSED:508.228022
;LAYER:156
;note -- min layer time used
;TYPE:FILL
;MESH:bridge_3a.stl
G1 F3600 E1
G1 F9138.4 X16.389 Y3.612 E0.00821
G1 X16.613 Y2.709 E0.02263
G1 X16.657 Y1.806 E0.02199
G1 X16.421 Y0.903 E0.0227
G1 X16.249 Y0.691 E0.00664
G1 X16.875 Y0.357 E0.01726
G1 X17.513 Y0.033 E0.0174
G1 X18.845 Y-.61 E0.03597
G1 X19.679 Y-.985 E0.02224
G1 X19.7 Y-.903 E0.00206
G1 X20.431 Y0.00 E0.02826
G1 X21.569 Y0.903 E0.03533
G1 X22.097 Y1.387 E0.01742
G1 X22.605 Y1.179 E0.01335
G1 X23.638 Y0.781 E0.02692
G1 X24.658 Y0.417 E0.02634
G1 X25.675 Y0.081 E0.02605
G1 X26.662 Y-.222 E0.02511
G1 X27.722 Y-.519 E0.02677
G1 X29.059 Y-.857 E0.03354
G1 X28.015 Y-1.806 E0.03431
G1 X27.361 Y-2.709 E0.02712
G1 X26.981 Y-3.556 E0.02258
G1 X27.556 Y-3.712 E0.01449
G1 X28.405 Y-3.92 E0.02126
G1 X34.318 Y-3.92 E0.14381
G1 X34.18 Y-3.612 E0.00821
G1 X33.956 Y-2.709 E0.02263
G1 X33.912 Y-1.806 E0.02199
G1 X33.926 Y-1.752 E0.00136
G1 F3600 E-1
G0 F12000 X9.761 Y4.326
;TYPE:WALL-INNER
G1 F3600 E1
G1 F4646.1 X16.976 Y4.325 E0.17548
G1 X17.683 Y3.932 E0.01967
G1 X18.701 Y3.39 E0.02805
G1 X19.709 Y2.892 E0.02734
G1 X20.715 Y2.421 E0.02702
G1 X21.739 Y1.971 E0.0272
G1 X22.757 Y1.554 E0.02676
G1 X23.769 Y1.164 E0.02638
G1 X24.784 Y0.802 E0.02621
G1 X25.801 Y0.466 E0.02605
G1 X26.78 Y0.166 E0.0249
G1 X27.831 Y-.13 E0.02656
G1 X28.805 Y-.382 E0.02447
G1 X29.878 Y-.633 E0.0268
G1 X30.874 Y-.84 E0.02474
G1 X31.948 Y-1.043 E0.02658
G1 X32.903 Y-1.197 E0.02353
G1 X33.918 Y-1.343 E0.02494
G1 X34.989 Y-1.473 E0.02624
G1 X35.946 Y-1.561 E0.02337
G1 X36.964 Y-1.642 E0.02484
G1 X37.976 Y-1.695 E0.02465
G1 X39.325 Y-1.734 E0.03282
G1 X39.325 Y-4.325 E0.06302
G1 X28.354 Y-4.325 E0.26683
G1 X27.46 Y-4.105 E0.02239
G1 X25.795 Y-3.653 E0.04196
G1 X24.328 Y-3.197 E0.03736
G1 X22.862 Y-2.695 E0.03769
G1 X21.497 Y-2.183 E0.03546
G1 X20.731 Y-1.875 E0.02008
G1 X19.339 Y-1.281 E0.03681
G1 X18.674 Y-.976 E0.01779
G1 X17.329 Y-.329 E0.0363
G1 X16.684 Y-0.001 E0.0176
G1 X15.39 Y0.691 E0.03569
G1 X14.773 Y1.041 E0.01725
G1 X13.525 Y1.778 E0.03525
G1 X12.928 Y2.148 E0.01708
G1 X11.729 Y2.93 E0.03482
G1 X10.569 Y3.732 E0.0343
G1 X9.761 Y4.326 E0.02439
G1 F3600 E-1
G0 F12000 X8.502 Y4.75
;TYPE:WALL-OUTER
G1 F3600 E1
G1 F2400 X17.087 Y4.75 E0.2088
G1 X17.882 Y4.307 E0.02213
G1 X18.889 Y3.771 E0.02775
G1 X19.89 Y3.277 E0.02715
G1 X20.895 Y2.807 E0.02698
G1 X21.901 Y2.364 E0.02673
G1 X22.91 Y1.95 E0.02653
G1 X23.912 Y1.564 E0.02612
G1 X24.917 Y1.206 E0.02595
G1 X25.926 Y0.872 E0.02585
G1 X26.896 Y0.575 E0.02467
G1 X27.937 Y0.281 E0.02631
G1 X28.902 Y0.032 E0.02424
G1 X29.965 Y-.217 E0.02655
G1 X30.953 Y-.422 E0.02454
G1 X32.016 Y-.623 E0.02631
G1 X32.964 Y-.776 E0.02336
G1 X33.969 Y-.921 E0.0247
G1 X35.028 Y-1.049 E0.02594
G1 X35.98 Y-1.138 E0.02326
G1 X36.986 Y-1.218 E0.02454
G1 X37.991 Y-1.27 E0.02448
G1 X39.053 Y-1.306 E0.02584
G1 X39.75 Y-1.312 E0.01695
G1 X39.75 Y-4.75 E0.08362
G1 X28.303 Y-4.75 E0.27841
G1 X27.35 Y-4.515 E0.02387
G1 X25.669 Y-4.059 E0.04236
G1 X24.222 Y-3.61 E0.03685
G1 X22.713 Y-3.092 E0.0388
G1 X21.339 Y-2.577 E0.03569
G1 X20.564 Y-2.266 E0.02031
G1 X19.163 Y-1.667 E0.03706
G1 X18.49 Y-1.359 E0.018
G1 X17.137 Y-.708 E0.03652
G1 X16.484 Y-.376 E0.01782
G1 X15.18 Y0.321 E0.03596
G1 X14.557 Y0.675 E0.01743
G1 X13.301 Y1.417 E0.03548
G1 X12.697 Y1.792 E0.01729
G1 X11.488 Y2.58 E0.0351
G1 X10.317 Y3.39 E0.03463
G1 X9.181 Y4.226 E0.0343
G1 X8.502 Y4.75 E0.02086
G0 F12000 X9.302 Y4.75
G1 F3600 E-1
;MESH:NONMESH
G0 F600 X9.302 Y4.75 Z20.71
G0 F12000 X9.302 Y4.425
G0 X16.233 Y3.92
;TIME_ELAPSED:511.816468
;LAYER:157
;note -- min layer time used
;TYPE:FILL
;MESH:bridge_3a.stl
G1 F3600 E1
G1 F9269.1 X16.358 Y3.612 E0.00808
G1 X16.543 Y2.709 E0.02242
G1 X16.541 Y1.806 E0.02196
G1 X16.254 Y0.903 E0.02304
G1 X16.036 Y0.639 E0.00833
G1 X16.485 Y0.39 E0.01249
G1 X16.485 Y0.405 E0.00036
G1 X17.314 Y-0.029 E0.02276
G1 X19.148 Y-.914 E0.04953
G1 X19.148 Y-.9 E0.00034
G1 X19.778 Y-1.182 E0.01679
G1 X19.867 Y-.903 E0.00712
G1 X20.613 Y0.00 E0.02849
G1 X21.691 Y0.903 E0.0342
G1 X22.049 Y1.255 E0.01221
G1 X22.608 Y1.026 E0.01469
G1 X23.626 Y0.637 E0.02651
G1 X24.957 Y0.17 E0.03431
G1 X25.677 Y-0.067 E0.01844
G1 X26.664 Y-.369 E0.0251
G1 X27.726 Y-.664 E0.02681
G1 X28.829 Y-.951 E0.02772
G1 X27.96 Y-1.806 E0.02965
G1 X27.354 Y-2.709 E0.02645
G1 X26.952 Y-3.698 E0.02597
G1 X27.803 Y-3.92 E0.02139
G1 X34.336 Y-3.92 E0.15889
G1 X34.211 Y-3.612 E0.00808
G1 X34.026 Y-2.709 E0.02242
G1 X34.028 Y-1.908 E0.01948
G1 F3600 E-1
G0 F12000 X9.528 Y4.325
;TYPE:WALL-INNER
G1 F3600 E1
G1 F4689.7 X16.694 Y4.325 E0.17429
G1 X17.685 Y3.766 E0.02767
G1 X18.696 Y3.234 E0.02779
G1 X19.79 Y2.694 E0.02967
G1 X20.696 Y2.277 E0.02426
G1 X21.739 Y1.819 E0.02771
G1 X22.759 Y1.401 E0.02681
G1 X23.769 Y1.016 E0.02629
G1 X24.784 Y0.655 E0.0262
G1 X25.801 Y0.318 E0.02606
G1 X26.783 Y0.017 E0.02498
G1 X27.828 Y-.273 E0.02638
G1 X28.809 Y-.53 E0.02466
G1 X29.922 Y-.785 E0.02777
G1 X30.874 Y-.984 E0.02365
G1 X31.887 Y-1.175 E0.02507
G1 X32.903 Y-1.341 E0.02504
G1 X33.918 Y-1.487 E0.02494
G1 X34.989 Y-1.617 E0.02624
G1 X35.948 Y-1.705 E0.02342
G1 X36.965 Y-1.782 E0.02481
G1 X37.978 Y-1.835 E0.02467
G1 X39.325 Y-1.871 E0.03277
G1 X39.325 Y-4.325 E0.05968
G1 X27.751 Y-4.325 E0.2815
G1 X26.498 Y-3.998 E0.0315
G1 X25.178 Y-3.612 E0.03345
G1 X24.22 Y-3.311 E0.02442
G1 X22.748 Y-2.806 E0.03785
G1 X21.389 Y-2.29 E0.03536
G1 X19.914 Y-1.687 E0.03876
G1 X18.554 Y-1.076 E0.03626
G1 X17.273 Y-.459 E0.03458
G1 X15.899 Y0.252 E0.03763
G1 X14.676 Y0.93 E0.03401
G1 X13.427 Y1.672 E0.03533
G1 X12.826 Y2.048 E0.01724
G1 X11.627 Y2.828 E0.03479
G1 X10.468 Y3.633 E0.03432
G1 X9.528 Y4.325 E0.02839
G1 F3600 E-1
G0 F12000 X8.276 Y4.75
;TYPE:WALL-OUTER
G1 F3600 E1
G1 F2400 X16.806 Y4.75 E0.20746
G1 X17.883 Y4.142 E0.03008
G1 X18.885 Y3.615 E0.02754
G1 X19.967 Y3.08 E0.02936
G1 X20.867 Y2.667 E0.02408
G1 X21.901 Y2.212 E0.02748
G1 X22.91 Y1.798 E0.02653
G1 X23.912 Y1.416 E0.02608
G1 X24.917 Y1.058 E0.02595
G1 X25.926 Y0.724 E0.02585
G1 X26.897 Y0.427 E0.0247
G1 X27.936 Y0.138 E0.02623
G1 X28.904 Y-.116 E0.02434
G1 X30.008 Y-.369 E0.02755
G1 X30.953 Y-.566 E0.02348
G1 X31.955 Y-.755 E0.0248
G1 X32.964 Y-.92 E0.02487
G1 X33.969 Y-1.065 E0.0247
G1 X35.028 Y-1.193 E0.02594
G1 X35.981 Y-1.282 E0.02328
G1 X36.987 Y-1.358 E0.02454
G1 X37.992 Y-1.41 E0.02448
G1 X38.997 Y-1.442 E0.02446
G1 X39.75 Y-1.452 E0.01832
G1 X39.75 Y-4.75 E0.08021
G1 X27.697 Y-4.75 E0.29315
G1 X26.379 Y-4.406 E0.03313
G1 X25.051 Y-4.018 E0.03365
G1 X24.082 Y-3.713 E0.02471
G1 X22.598 Y-3.204 E0.03816
G1 X21.228 Y-2.684 E0.03564
G1 X19.747 Y-2.078 E0.03892
G1 X18.398 Y-1.473 E0.03596
G1 X17.108 Y-.852 E0.03482
G1 X15.693 Y-.12 E0.03875
G1 X14.436 Y0.578 E0.03497
G1 X13.203 Y1.312 E0.0349
G1 X12.595 Y1.691 E0.01743
G1 X11.4 Y2.468 E0.03467
G1 X10.219 Y3.288 E0.03497
G1 X9.645 Y3.704 E0.01724
G1 X8.276 Y4.75 E0.0419
G0 F12000 X9.076 Y4.75
G1 F3600 E-1
;MESH:NONMESH
G0 F600 X9.076 Y4.75 Z20.84
G0 F12000 X9.076 Y4.425
G0 X16.219 Y3.92
;TIME_ELAPSED:515.442692
;LAYER:158
;note -- min layer time used
;TYPE:FILL
;MESH:bridge_3a.stl
G1 F3600 E1
G1 F9399.4 X16.331 Y3.612 E0.00797
G1 X16.478 Y2.709 E0.02225
G1 X16.432 Y1.806 E0.02199
G1 X16.099 Y0.903 E0.02341
G1 X15.838 Y0.593 E0.00986
G1 X17.305 Y-.18 E0.04033
G1 X18.612 Y-.814 E0.03533
G1 X19.849 Y-1.372 E0.033
G1 X20.022 Y-.903 E0.01216
G1 X20.78 Y0.00 E0.02867
G1 X21.808 Y0.903 E0.03328
G1 X22.01 Y1.116 E0.00714
G1 X22.473 Y0.927 E0.01216
G1 X23.627 Y0.485 E0.03006
G1 X24.95 Y0.023 E0.03408
G1 X25.533 Y-.167 E0.01491
G1 X26.664 Y-.514 E0.02877
G1 X27.731 Y-.816 E0.02697
G1 X28.627 Y-1.044 E0.02249
G1 X27.903 Y-1.806 E0.02556
G1 X27.342 Y-2.709 E0.02586
G1 X27.014 Y-3.612 E0.02337
G1 X26.975 Y-3.851 E0.00589
G1 X27.227 Y-3.92 E0.00635
G1 X34.35 Y-3.92 E0.17324
G1 X34.238 Y-3.612 E0.00797
G1 X34.091 Y-2.709 E0.02225
G1 X34.124 Y-2.062 E0.01576
G1 F3600 E-1
G0 F12000 X9.295 Y4.325
;TYPE:WALL-INNER
G1 F3600 E1
G1 F4733.1 X16.396 Y4.325 E0.17271
G1 X17.689 Y3.604 E0.03601
G1 X18.696 Y3.078 E0.02763
G1 X19.788 Y2.539 E0.02962
G1 X20.726 Y2.105 E0.02514
G1 X21.712 Y1.675 E0.02616
G1 X22.756 Y1.248 E0.02743
G1 X23.769 Y0.864 E0.02635
G1 X24.786 Y0.502 E0.02626
G1 X25.804 Y0.17 E0.02604
G1 X26.78 Y-.126 E0.02481
G1 X27.829 Y-.423 E0.02652
G1 X28.848 Y-.682 E0.02557
G1 X29.922 Y-.929 E0.0268
G1 X30.877 Y-1.128 E0.02373
G1 X31.887 Y-1.315 E0.02498
G1 X32.901 Y-1.48 E0.02499
G1 X33.922 Y-1.631 E0.0251
G1 X35.077 Y-1.765 E0.02828
G1 X35.948 Y-1.846 E0.02128
G1 X36.948 Y-1.922 E0.02439
G1 X37.978 Y-1.979 E0.02509
G1 X39.325 Y-2.015 E0.03277
G1 X39.325 Y-4.325 E0.05618
G1 X27.174 Y-4.325 E0.29553
G1 X26.395 Y-4.113 E0.01964
G1 X25.171 Y-3.759 E0.03099
G1 X24.191 Y-3.452 E0.02498
G1 X23.378 Y-3.179 E0.02086
G1 X21.916 Y-2.65 E0.03781
G1 X20.508 Y-2.091 E0.03684
G1 X19.823 Y-1.8 E0.0181
G1 X18.447 Y-1.184 E0.03667
G1 X17.117 Y-.539 E0.03595
G1 X15.825 Y0.136 E0.03545
G1 X14.573 Y0.827 E0.03478
G1 X13.939 Y1.197 E0.01785
G1 X12.746 Y1.928 E0.03403
G1 X11.53 Y2.725 E0.03536
G1 X10.944 Y3.123 E0.01723
G1 X9.799 Y3.945 E0.03428
G1 X9.295 Y4.325 E0.01535
G1 F3600 E-1
G0 F12000 X8.03 Y4.751
;TYPE:WALL-OUTER
G1 F3600 E1
G1 F2400 X16.507 Y4.75 E0.20617
G1 X17.886 Y3.981 E0.0384
G1 X18.885 Y3.459 E0.02741
G1 X19.966 Y2.925 E0.02932
G1 X20.896 Y2.494 E0.02493
G1 X21.873 Y2.068 E0.02592
G1 X22.907 Y1.646 E0.02716
G1 X23.912 Y1.264 E0.02615
G1 X24.918 Y0.906 E0.02597
G1 X25.927 Y0.576 E0.02582
G1 X26.895 Y0.283 E0.0246
G1 X27.934 Y-0.011 E0.02626
G1 X28.943 Y-.268 E0.02532
G1 X30.008 Y-.513 E0.02658
G1 X30.954 Y-.71 E0.0235
G1 X31.955 Y-.895 E0.02476
G1 X32.963 Y-1.06 E0.02484
G1 X33.971 Y-1.209 E0.02478
G1 X35.116 Y-1.341 E0.02803
G1 X35.981 Y-1.422 E0.02113
G1 X36.986 Y-1.498 E0.02451
G1 X37.992 Y-1.554 E0.02451
G1 X38.997 Y-1.586 E0.02446
G1 X39.75 Y-1.596 E0.01832
G1 X39.75 Y-4.75 E0.07671
G1 X27.118 Y-4.75 E0.30723
G1 X26.277 Y-4.521 E0.0212
G1 X25.044 Y-4.165 E0.03121
G1 X24.057 Y-3.855 E0.02516
G1 X23.233 Y-3.578 E0.02114
G1 X21.76 Y-3.045 E0.0381
G1 X20.343 Y-2.482 E0.03708
G1 X19.65 Y-2.188 E0.01831
G1 X18.262 Y-1.566 E0.03699
G1 X16.921 Y-.916 E0.03624
G1 X15.619 Y-.237 E0.03571
G1 X14.387 Y0.444 E0.03424
G1 X13.717 Y0.835 E0.01887
G1 X12.48 Y1.594 E0.0353
G1 X11.292 Y2.373 E0.03455
G1 X10.696 Y2.778 E0.01753
G1 X9.543 Y3.606 E0.03452
G1 X8.03 Y4.751 E0.04615
G0 F12000 X8.83 Y4.751
G1 F3600 E-1
;MESH:NONMESH
G0 F600 X8.83 Y4.751 Z20.97
G0 F12000 X8.861 Y4.466
G0 X15.707 Y0.655
G0 X15.643 Y0.537
;TIME_ELAPSED:519.052075
;LAYER:159
;TYPE:FILL
;MESH:bridge_3a.stl
G1 F3600 E1
G1 F9600 X15.955 Y0.903 E0.0117
G1 X16.329 Y1.806 E0.02377
G1 X16.417 Y2.709 E0.02207
G1 X16.309 Y3.612 E0.02212
G1 X16.253 Y3.784 E0.0044
G1 X17.493 Y3.09 E0.03456
G1 X18.601 Y2.511 E0.03041
G1 X19.536 Y2.054 E0.02531
G1 X20.558 Y1.584 E0.02736
G1 X21.987 Y0.963 E0.0379
G1 X20.935 Y0.00 E0.03469
G1 X20.166 Y-.903 E0.02885
G1 X19.9 Y-1.546 E0.01692
G1 X20.55 Y-1.822 E0.01718
G1 X21.949 Y-2.379 E0.03662
G1 X23.405 Y-2.911 E0.0377
G1 X24.37 Y-3.232 E0.02473
G1 X25.616 Y-3.616 E0.03171
G1 X26.689 Y-3.919 E0.02712
G1 X26.999 Y-3.919 E0.00754
G1 X27.036 Y-3.612 E0.00752
G1 X27.327 Y-2.709 E0.02307
G1 X27.843 Y-1.806 E0.0253
G1 X28.436 Y-1.141 E0.02167
G1 X29.81 Y-1.468 E0.03435
G1 X30.797 Y-1.669 E0.0245
G1 X32.087 Y-1.907 E0.0319
G1 X34.2 Y-2.222 E0.05196
G1 X34.152 Y-2.709 E0.0119
G1 X34.26 Y-3.612 E0.02212
G1 X34.359 Y-3.92 E0.00787
G1 F3600 E-1
G0 F12000 X9.06 Y4.325
;TYPE:WALL-INNER
G1 F3600 E1
G1 F4800 X16.129 Y4.325 E0.17193
G1 X16.671 Y4.009 E0.01526
G1 X17.687 Y3.445 E0.02826
G1 X18.775 Y2.877 E0.02985
G1 X19.713 Y2.418 E0.0254
G1 X20.727 Y1.952 E0.02714
G1 X21.746 Y1.51 E0.02701
G1 X22.725 Y1.114 E0.02568
G1 X23.773 Y0.71 E0.02732
G1 X24.78 Y0.358 E0.02594
G1 X25.804 Y0.021 E0.02622
G1 X26.78 Y-.274 E0.0248
G1 X27.831 Y-.571 E0.02656
G1 X28.846 Y-.826 E0.02545
G1 X29.925 Y-1.078 E0.02695
G1 X30.877 Y-1.272 E0.02363
G1 X31.887 Y-1.459 E0.02498
G1 X32.903 Y-1.625 E0.02504
G1 X33.921 Y-1.771 E0.02501
G1 X34.99 Y-1.896 E0.02618
G1 X35.948 Y-1.99 E0.02341
G1 X36.964 Y-2.067 E0.02478
G1 X37.978 Y-2.119 E0.02469
G1 X39.325 Y-2.155 E0.03277
G1 X39.325 Y-4.325 E0.05278
G1 X26.63 Y-4.324 E0.30876
G1 X25.549 Y-4.019 E0.02732
G1 X24.251 Y-3.619 E0.03303
G1 X23.26 Y-3.289 E0.0254
G1 X21.833 Y-2.769 E0.03694
G1 X20.402 Y-2.2 E0.03745
G1 X19.714 Y-1.908 E0.01818
G1 X18.348 Y-1.291 E0.03646
G1 X17.681 Y-.975 E0.01795
G1 X16.361 Y-.313 E0.03592
G1 X15.731 Y0.024 E0.01738
G1 X14.454 Y0.733 E0.03552
G1 X13.832 Y1.095 E0.0175
G1 X12.617 Y1.847 E0.03475
G1 X11.424 Y2.626 E0.03465
G1 X10.846 Y3.022 E0.01704
G1 X9.698 Y3.842 E0.03431
G1 X9.06 Y4.325 E0.01946
G1 F3600 E-1
G0 F12000 X7.825 Y4.75
;TYPE:WALL-OUTER
G1 F3600 E1
G1 F2400 X16.244 Y4.75 E0.20476
G1 X16.878 Y4.381 E0.01784
G1 X17.884 Y3.822 E0.02799
G1 X18.962 Y3.259 E0.02958
G1 X19.891 Y2.804 E0.02516
G1 X20.896 Y2.342 E0.0269
G1 X21.906 Y1.904 E0.02678
G1 X22.878 Y1.51 E0.02551
G1 X23.913 Y1.112 E0.02697
G1 X24.913 Y0.762 E0.02577
G1 X25.927 Y0.428 E0.02597
G1 X26.895 Y0.135 E0.0246
G1 X27.935 Y-.159 E0.02629
G1 X28.943 Y-.412 E0.02528
G1 X30.01 Y-.661 E0.02665
G1 X30.954 Y-.854 E0.02343
G1 X31.955 Y-1.039 E0.02476
G1 X32.964 Y-1.204 E0.02487
G1 X33.97 Y-1.349 E0.02472
G1 X35.031 Y-1.473 E0.02598
G1 X35.981 Y-1.566 E0.02322
G1 X36.986 Y-1.642 E0.02451
G1 X37.991 Y-1.694 E0.02448
G1 X38.997 Y-1.726 E0.02448
G1 X39.75 Y-1.736 E0.01832
G1 X39.75 Y-4.75 E0.0733
G1 X26.571 Y-4.749 E0.32053
G1 X25.382 Y-4.413 E0.03005
G1 X24.166 Y-4.038 E0.03095
G1 X23.115 Y-3.689 E0.02693
G1 X21.681 Y-3.166 E0.03712
G1 X20.237 Y-2.591 E0.0378
G1 X19.54 Y-2.296 E0.01841
G1 X18.185 Y-1.685 E0.03615
G1 X17.49 Y-1.355 E0.01871
G1 X16.161 Y-.688 E0.03617
G1 X15.525 Y-.348 E0.01754
G1 X14.24 Y0.366 E0.03575
G1 X13.609 Y0.733 E0.01775
G1 X12.385 Y1.491 E0.03502
G1 X11.185 Y2.275 E0.03486
G1 X10.599 Y2.676 E0.01727
G1 X9.442 Y3.503 E0.03459
G1 X8.312 Y4.359 E0.03448
G1 X7.825 Y4.75 E0.01519
G0 F12000 X8.625 Y4.75
G1 F3600 E-1
;MESH:NONMESH
G0 F600 X8.625 Y4.75 Z21.1
G0 F12000 X8.625 Y4.425
G0 X16.291 Y3.596
;TIME_ELAPSED:522.667926
;LAYER:160
;TYPE:FILL
;MESH:bridge_3a.stl
G1 F3600 E1
G1 F9600 X16.361 Y2.709 E0.02164
G1 X16.233 Y1.806 E0.02218
G1 X15.819 Y0.903 E0.02416
G1 X15.447 Y0.471 E0.01387
G1 X17.488 Y-.595 E0.056
G1 X19.09 Y-1.343 E0.043
G1 X19.932 Y-1.709 E0.02233
G1 X20.302 Y-.903 E0.02157
G1 X21.082 Y0.00 E0.02902
G1 X21.959 Y0.835 E0.02945
G1 X22.578 Y0.585 E0.01624
G1 X23.645 Y0.18 E0.02776
G1 X24.655 Y-.177 E0.02605
G1 X25.69 Y-.515 E0.02648
G1 X26.671 Y-.811 E0.02492
G1 X27.73 Y-1.103 E0.02672
G1 X28.258 Y-1.238 E0.01325
G1 X27.782 Y-1.806 E0.01802
G1 X27.307 Y-2.709 E0.02482
G1 X27.055 Y-3.612 E0.0228
G1 X27.031 Y-3.92 E0.00751
G1 X34.365 Y-3.92 E0.17837
G1 X34.279 Y-3.612 E0.00778
G1 X34.208 Y-2.709 E0.02203
G1 X34.257 Y-2.362 E0.00852
G1 F3600 E-1
G0 F12000 X8.822 Y4.325
;TYPE:WALL-INNER
G1 F3600 E1
G1 F4800 X15.848 Y4.325 E0.17088
G1 X16.669 Y3.844 E0.02314
G1 X17.684 Y3.285 E0.02818
G1 X18.777 Y2.716 E0.02997
G1 X19.712 Y2.263 E0.02527
G1 X20.733 Y1.791 E0.02736
G1 X21.706 Y1.374 E0.02575
G1 X22.728 Y0.96 E0.02682
G1 X23.775 Y0.563 E0.02723
G1 X24.789 Y0.206 E0.02615
G1 X25.804 Y-.127 E0.02598
G1 X26.784 Y-.423 E0.0249
G1 X27.829 Y-.711 E0.02636
G1 X28.846 Y-.97 E0.02552
G1 X29.924 Y-1.222 E0.02693
G1 X30.877 Y-1.416 E0.02365
G1 X31.887 Y-1.603 E0.02498
G1 X32.903 Y-1.769 E0.02504
G1 X33.921 Y-1.915 E0.02501
G1 X34.993 Y-2.041 E0.02625
G1 X35.949 Y-2.13 E0.02335
G1 X36.964 Y-2.207 E0.02476
G1 X37.978 Y-2.259 E0.02469
G1 X39.325 Y-2.295 E0.03277
G1 X39.325 Y-4.325 E0.04937
G1 X26.089 Y-4.325 E0.32192
G1 X25.401 Y-4.124 E0.01743
G1 X23.908 Y-3.654 E0.03807
G1 X22.422 Y-3.14 E0.03824
G1 X21.784 Y-2.9 E0.01658
G1 X20.288 Y-2.305 E0.03916
G1 X18.912 Y-1.708 E0.03648
G1 X17.574 Y-1.082 E0.03593
G1 X16.915 Y-.756 E0.01788
G1 X15.617 Y-0.074 E0.03566
G1 X14.408 Y0.598 E0.03364
G1 X13.738 Y0.992 E0.0189
G1 X12.517 Y1.742 E0.03485
G1 X11.946 Y2.111 E0.01654
G1 X10.74 Y2.922 E0.03535
G1 X9.594 Y3.742 E0.03427
G1 X8.822 Y4.325 E0.02353
G1 F3600 E-1
G0 F12000 X7.591 Y4.75
;TYPE:WALL-OUTER
G1 F3600 E1
G1 F2400 X15.964 Y4.75 E0.20364
G1 X16.875 Y4.217 E0.02567
G1 X17.88 Y3.662 E0.02792
G1 X18.962 Y3.099 E0.02967
G1 X19.891 Y2.649 E0.02511
G1 X20.901 Y2.182 E0.02706
G1 X21.866 Y1.768 E0.02554
G1 X22.879 Y1.358 E0.02658
G1 X23.916 Y0.964 E0.02698
G1 X24.922 Y0.61 E0.02594
G1 X25.927 Y0.28 E0.02573
G1 X26.897 Y-0.014 E0.02465
G1 X27.934 Y-.299 E0.02616
G1 X28.943 Y-.556 E0.02532
G1 X30.009 Y-.805 E0.02662
G1 X30.954 Y-.998 E0.02346
G1 X31.955 Y-1.183 E0.02476
G1 X32.964 Y-1.348 E0.02487
G1 X33.97 Y-1.493 E0.02472
G1 X35.032 Y-1.617 E0.026
G1 X35.981 Y-1.706 E0.02318
G1 X36.987 Y-1.782 E0.02454
G1 X37.991 Y-1.834 E0.02445
G1 X38.997 Y-1.866 E0.02448
G1 X39.75 Y-1.876 E0.01832
G1 X39.75 Y-4.75 E0.0699
G1 X26.028 Y-4.75 E0.33374
G1 X25.274 Y-4.529 E0.01911
G1 X23.775 Y-4.058 E0.03822
G1 X22.272 Y-3.537 E0.03869
G1 X21.627 Y-3.295 E0.01676
G1 X20.152 Y-2.709 E0.0386
G1 X18.763 Y-2.108 E0.03681
G1 X17.386 Y-1.463 E0.03698
G1 X16.717 Y-1.132 E0.01815
G1 X15.411 Y-.446 E0.03588
G1 X14.193 Y0.231 E0.03389
G1 X13.515 Y0.63 E0.01913
G1 X12.288 Y1.385 E0.03504
G1 X11.722 Y1.749 E0.01637
G1 X10.493 Y2.576 E0.03603
G1 X9.337 Y3.403 E0.03457
G1 X8.244 Y4.231 E0.03335
G1 X7.591 Y4.75 E0.02029
G0 F12000 X8.391 Y4.75
G1 F3600 E-1
;MESH:NONMESH
G0 F600 X8.391 Y4.75 Z21.23
G0 F12000 X8.391 Y4.425
G0 X16.282 Y3.441
;TIME_ELAPSED:526.289309
;LAYER:161
;TYPE:FILL
;MESH:bridge_3a.stl
G1 F3600 E1
G1 F9600 X16.31 Y2.709 E0.01782
G1 X16.141 Y1.806 E0.02234
G1 X15.69 Y0.903 E0.02455
G1 X15.267 Y0.421 E0.0156
G1 X15.71 Y0.176 E0.01231
G1 X17.384 Y-.699 E0.04594
G1 X18.994 Y-1.453 E0.04324
G1 X19.943 Y-1.88 E0.02531
G1 X20.431 Y-.903 E0.02656
G1 X21.222 Y0.00 E0.0292
G1 X21.928 Y0.695 E0.02409
G1 X22.579 Y0.432 E0.01708
G1 X23.623 Y0.036 E0.02716
G1 X24.664 Y-.326 E0.02681
G1 X25.677 Y-.66 E0.02594
G1 X26.679 Y-.961 E0.02545
G1 X28.084 Y-1.341 E0.0354
G1 X27.718 Y-1.806 E0.01439
G1 X27.285 Y-2.709 E0.02436
G1 X27.069 Y-3.612 E0.02258
G1 X27.057 Y-3.92 E0.0075
G1 X34.367 Y-3.92 E0.17779
G1 X34.293 Y-3.612 E0.0077
G1 X34.259 Y-2.709 E0.02198
G1 X34.297 Y-2.506 E0.00502
G1 F3600 E-1
G0 F12000 X8.589 Y4.326
;TYPE:WALL-INNER
G1 F3600 E1
G1 F4800 X15.576 Y4.325 E0.16993
G1 X16.675 Y3.68 E0.03099
G1 X17.762 Y3.083 E0.03016
G1 X18.699 Y2.601 E0.02563
G1 X19.714 Y2.106 E0.02747
G1 X20.733 Y1.639 E0.02726
G1 X21.743 Y1.206 E0.02673
G1 X22.728 Y0.808 E0.02584
G1 X23.778 Y0.41 E0.02731
G1 X24.788 Y0.058 E0.02601
G1 X25.801 Y-.275 E0.02593
G1 X26.768 Y-.567 E0.02457
G1 X27.829 Y-.858 E0.02676
G1 X28.848 Y-1.118 E0.02558
G1 X29.924 Y-1.366 E0.02686
G1 X30.836 Y-1.552 E0.02264
G1 X31.948 Y-1.759 E0.02751
G1 X32.906 Y-1.913 E0.0236
G1 X33.921 Y-2.055 E0.02493
G1 X34.99 Y-2.18 E0.02618
G1 X35.951 Y-2.274 E0.02348
G1 X36.962 Y-2.346 E0.02465
G1 X37.978 Y-2.403 E0.02475
G1 X39.325 Y-2.438 E0.03277
G1 X39.325 Y-4.325 E0.04589
G1 X25.589 Y-4.325 E0.33408
G1 X23.894 Y-3.8 E0.04316
G1 X22.336 Y-3.258 E0.04012
G1 X20.907 Y-2.709 E0.03723
G1 X19.49 Y-2.12 E0.03732
G1 X18.826 Y-1.821 E0.01771
G1 X17.47 Y-1.186 E0.03642
G1 X16.811 Y-.86 E0.01788
G1 X15.515 Y-.179 E0.03561
G1 X14.887 Y0.168 E0.01745
G1 X13.624 Y0.894 E0.03543
G1 X12.406 Y1.641 E0.03475
G1 X11.82 Y2.022 E0.017
G1 X10.637 Y2.821 E0.03472
G1 X9.492 Y3.643 E0.03428
G1 X8.589 Y4.326 E0.02754
G1 F3600 E-1
G0 F12000 X7.364 Y4.75
;TYPE:WALL-OUTER
G1 F3600 E1
G1 F2400 X15.691 Y4.75 E0.20252
G1 X16.879 Y4.052 E0.03351
G1 X17.957 Y3.461 E0.0299
G1 X18.886 Y2.983 E0.02541
G1 X19.891 Y2.492 E0.0272
G1 X20.901 Y2.03 E0.02701
G1 X21.902 Y1.6 E0.0265
G1 X22.879 Y1.206 E0.02562
G1 X23.917 Y0.811 E0.02701
G1 X24.921 Y0.462 E0.02585
G1 X25.923 Y0.132 E0.02566
G1 X26.897 Y-.162 E0.02474
G1 X27.934 Y-.447 E0.02616
G1 X28.943 Y-.704 E0.02532
G1 X30.009 Y-.949 E0.0266
G1 X30.914 Y-1.134 E0.02247
G1 X32.016 Y-1.339 E0.02726
G1 X32.965 Y-1.492 E0.02338
G1 X33.97 Y-1.633 E0.02468
G1 X35.031 Y-1.757 E0.02598
G1 X35.982 Y-1.85 E0.02324
G1 X36.986 Y-1.922 E0.02448
G1 X37.992 Y-1.978 E0.02451
G1 X38.998 Y-2.01 E0.02448
G1 X39.75 Y-2.017 E0.01829
G1 X39.75 Y-4.75 E0.06647
G1 X25.526 Y-4.75 E0.34595
G1 X24.404 Y-4.408 E0.02853
G1 X23.708 Y-4.185 E0.01778
G1 X22.19 Y-3.657 E0.03909
G1 X20.721 Y-3.092 E0.03828
G1 X19.348 Y-2.522 E0.03616
G1 X18.646 Y-2.206 E0.01872
G1 X17.282 Y-1.567 E0.03663
G1 X16.613 Y-1.236 E0.01815
G1 X15.309 Y-.552 E0.03581
G1 X14.675 Y-.201 E0.01763
G1 X13.428 Y0.515 E0.03497
G1 X12.175 Y1.284 E0.03576
G1 X11.582 Y1.67 E0.01721
G1 X10.389 Y2.476 E0.03502
G1 X9.239 Y3.302 E0.03444
G1 X8.699 Y3.703 E0.01636
G1 X7.364 Y4.75 E0.04126
G0 F12000 X8.164 Y4.75
G1 F3600 E-1
;MESH:NONMESH
G0 F600 X8.164 Y4.75 Z21.36
G0 F12000 X8.164 Y4.425
G0 X15.147 Y0.476
G0 X15.083 Y0.359
;TIME_ELAPSED:529.926377
;LAYER:162
;TYPE:FILL
;MESH:bridge_3a.stl
G1 F3600 E1
G1 F9600 X15.567 Y0.903 E0.01771
G1 X16.055 Y1.806 E0.02496
G1 X16.262 Y2.709 E0.02253
G1 X16.264 Y3.289 E0.01411
G1 X17.503 Y2.601 E0.03447
G1 X18.521 Y2.079 E0.02782
G1 X19.547 Y1.58 E0.02775
G1 X20.567 Y1.114 E0.02727
G1 X21.894 Y0.543 E0.03514
G1 X21.358 Y0.00 E0.01856
G1 X20.554 Y-.903 E0.02941
G1 X20.066 Y-1.806 E0.02496
G1 X20.01 Y-2.05 E0.00609
G1 X20.928 Y-2.437 E0.02423
G1 X22.369 Y-2.989 E0.03753
G1 X23.789 Y-3.487 E0.0366
G1 X25.147 Y-3.919 E0.03466
G1 X27.081 Y-3.919 E0.04704
G1 X27.08 Y-3.612 E0.00747
G1 X27.259 Y-2.709 E0.02239
G1 X27.652 Y-1.806 E0.02395
G1 X27.92 Y-1.444 E0.01095
G1 X28.73 Y-1.65 E0.02033
G1 X29.847 Y-1.907 E0.02788
G1 X30.764 Y-2.095 E0.02277
G1 X32.141 Y-2.352 E0.03407
G1 X32.141 Y-2.341 E0.00027
G1 X34.307 Y-2.665 E0.05327
G1 X34.304 Y-3.612 E0.02303
G1 X34.365 Y-3.92 E0.00764
G1 F3600 E-1
G0 F12000 X8.362 Y4.325
;TYPE:WALL-INNER
G1 F3600 E1
G1 F4800 X15.283 Y4.325 E0.16833
G1 X16.713 Y3.496 E0.0402
G1 X17.687 Y2.963 E0.027
G1 X18.704 Y2.44 E0.02781
G1 X19.714 Y1.95 E0.0273
G1 X20.733 Y1.483 E0.02726
G1 X21.744 Y1.049 E0.02676
G1 X22.764 Y0.639 E0.02674
G1 X23.743 Y0.275 E0.0254
G1 X24.791 Y-0.094 E0.02702
G1 X25.803 Y-.423 E0.02588
G1 X26.784 Y-.715 E0.02489
G1 X27.829 Y-1.003 E0.02636
G1 X28.848 Y-1.262 E0.02557
G1 X29.924 Y-1.51 E0.02686
G1 X30.836 Y-1.696 E0.02264
G1 X31.939 Y-1.902 E0.02729
G1 X33.921 Y-2.199 E0.04874
G1 X34.993 Y-2.325 E0.02625
G1 X35.937 Y-2.413 E0.02306
G1 X36.962 Y-2.491 E0.025
G1 X37.84 Y-2.539 E0.02139
G1 X39.325 Y-2.59 E0.03614
G1 X39.325 Y-4.325 E0.0422
G1 X25.085 Y-4.324 E0.34634
G1 X23.66 Y-3.87 E0.03637
G1 X22.207 Y-3.36 E0.03745
G1 X20.771 Y-2.809 E0.03741
G1 X19.391 Y-2.229 E0.03641
G1 X18.711 Y-1.926 E0.01811
G1 X17.364 Y-1.291 E0.03622
G1 X16.71 Y-.966 E0.01776
G1 X15.405 Y-.284 E0.03581
G1 X14.774 Y0.068 E0.01757
G1 X13.519 Y0.79 E0.03521
G1 X12.915 Y1.159 E0.01721
G1 X11.714 Y1.925 E0.03465
G1 X10.537 Y2.72 E0.03454
G1 X9.96 Y3.125 E0.01715
G1 X8.827 Y3.963 E0.03427
G1 X8.362 Y4.325 E0.01433
G1 F3600 E-1
G0 F12000 X7.127 Y4.75
;TYPE:WALL-OUTER
G1 F3600 E1
G1 F2400 X15.421 Y4.75 E0.20172
G1 X15.87 Y4.475 E0.01281
G1 X16.917 Y3.869 E0.02942
G1 X17.881 Y3.341 E0.02673
G1 X18.89 Y2.823 E0.02759
G1 X19.891 Y2.336 E0.02707
G1 X20.901 Y1.874 E0.02701
G1 X21.902 Y1.444 E0.0265
G1 X22.912 Y1.037 E0.02648
G1 X23.884 Y0.676 E0.02522
G1 X24.922 Y0.31 E0.02677
G1 X25.924 Y-0.016 E0.02563
G1 X26.897 Y-.306 E0.02469
G1 X27.934 Y-.591 E0.02616
G1 X28.943 Y-.848 E0.02532
G1 X30.009 Y-1.093 E0.0266
G1 X30.914 Y-1.278 E0.02247
G1 X32.017 Y-1.483 E0.02729
G1 X32.964 Y-1.632 E0.02332
G1 X33.97 Y-1.777 E0.02472
G1 X35.032 Y-1.901 E0.026
G1 X35.981 Y-1.99 E0.02318
G1 X36.986 Y-2.066 E0.02451
G1 X37.855 Y-2.114 E0.02117
G1 X38.897 Y-2.15 E0.02536
G1 X39.75 Y-2.16 E0.02075
G1 X39.75 Y-4.75 E0.06299
G1 X25.019 Y-4.749 E0.35828
G1 X23.52 Y-4.271 E0.03827
G1 X22.087 Y-3.769 E0.03693
G1 X20.606 Y-3.201 E0.03858
G1 X19.218 Y-2.617 E0.03662
G1 X18.53 Y-2.31 E0.01832
G1 X17.175 Y-1.671 E0.03644
G1 X16.514 Y-1.343 E0.01795
G1 X15.197 Y-.655 E0.03614
G1 X14.563 Y-.301 E0.01766
G1 X13.298 Y0.427 E0.0355
G1 X12.686 Y0.8 E0.01743
G1 X11.476 Y1.573 E0.03492
G1 X10.294 Y2.372 E0.0347
G1 X9.708 Y2.783 E0.01741
G1 X8.567 Y3.628 E0.03453
G1 X7.127 Y4.75 E0.0444
G0 F12000 X7.927 Y4.75
G1 F3600 E-1
;MESH:NONMESH
G0 F600 X7.927 Y4.75 Z21.49
G0 F12000 X7.927 Y4.425
G0 X16.237 Y3.139
;TIME_ELAPSED:533.615859
;LAYER:163
;TYPE:FILL
;MESH:bridge_3a.stl
G1 F3600 E1
G1 F9600 X16.218 Y2.709 E0.01047
G1 X15.972 Y1.806 E0.02276
G1 X15.449 Y0.903 E0.02538
G1 X14.905 Y0.303 E0.0197
G1 X15.487 Y-0.029 E0.0163
G1 X16.784 Y-.707 E0.03559
G1 X18.109 Y-1.359 E0.03592
G1 X19.447 Y-1.965 E0.03572
G1 X20.037 Y-2.216 E0.01559
G1 X20.149 Y-1.806 E0.01034
G1 X20.672 Y-.903 E0.02538
G1 X21.49 Y0.00 E0.02963
G1 X21.88 Y0.406 E0.01369
G1 X22.628 Y0.106 E0.0196
G1 X23.605 Y-.257 E0.02535
G1 X24.658 Y-.624 E0.02712
G1 X25.525 Y-.913 E0.02223
G1 X26.669 Y-1.247 E0.02899
G1 X27.761 Y-1.55 E0.02756
G1 X27.583 Y-1.806 E0.00758
G1 X27.229 Y-2.709 E0.02359
G1 X27.087 Y-3.612 E0.02223
G1 X27.101 Y-3.92 E0.0075
G1 X34.359 Y-3.92 E0.17653
G1 X34.311 Y-3.612 E0.00758
G1 X34.347 Y-2.796 E0.01987
G1 F3600 E-1
G0 F12000 X8.133 Y4.325
;TYPE:WALL-INNER
G1 F3600 E1
G1 F4800 X15.029 Y4.325 E0.16772
G1 X15.659 Y3.939 E0.01797
G1 X16.75 Y3.31 E0.03063
G1 X17.687 Y2.803 E0.02591
G1 X18.707 Y2.279 E0.02789
G1 X19.715 Y1.793 E0.02722
G1 X20.73 Y1.331 E0.02712
G1 X21.744 Y0.897 E0.02683
G1 X22.764 Y0.487 E0.02674
G1 X23.745 Y0.122 E0.02546
G1 X24.791 Y-.242 E0.02694
G1 X25.806 Y-.572 E0.02596
G1 X26.782 Y-.859 E0.02474
G1 X27.831 Y-1.151 E0.02648
G1 X28.847 Y-1.406 E0.02548
G1 X29.901 Y-1.65 E0.02631
G1 X30.836 Y-1.84 E0.02321
G1 X31.939 Y-2.046 E0.02729
G1 X32.906 Y-2.197 E0.0238
G1 X33.921 Y-2.339 E0.02493
G1 X34.99 Y-2.464 E0.02618
G1 X35.819 Y-2.545 E0.02026
G1 X36.919 Y-2.631 E0.02684
G1 X37.979 Y-2.687 E0.02582
G1 X39.325 Y-2.722 E0.03275
G1 X39.325 Y-4.325 E0.03899
G1 X24.614 Y-4.325 E0.35779
G1 X23.622 Y-4.007 E0.02534
G1 X22.21 Y-3.513 E0.03638
G1 X21.345 Y-3.188 E0.02247
G1 X20.238 Y-2.743 E0.02902
G1 X19.284 Y-2.336 E0.02523
G1 X17.945 Y-1.729 E0.03576
G1 X16.64 Y-1.089 E0.03535
G1 X15.302 Y-.389 E0.03673
G1 X13.414 Y0.687 E0.05285
G1 X12.819 Y1.052 E0.01698
G1 X11.607 Y1.823 E0.03494
G1 X10.432 Y2.618 E0.0345
G1 X9.864 Y3.022 E0.01695
G1 X8.726 Y3.864 E0.03443
G1 X8.133 Y4.325 E0.01827
G1 F3600 E-1
G0 F12000 X6.926 Y4.75
;TYPE:WALL-OUTER
G1 F3600 E1
G1 F2400 X15.149 Y4.75 E0.2
G1 X15.871 Y4.307 E0.0206
G1 X16.953 Y3.684 E0.03037
G1 X17.881 Y3.181 E0.02567
G1 X18.891 Y2.662 E0.02762
G1 X19.892 Y2.18 E0.02702
G1 X20.897 Y1.722 E0.02686
G1 X21.903 Y1.292 E0.02661
G1 X22.912 Y0.885 E0.02646
G1 X23.885 Y0.523 E0.02525
G1 X24.922 Y0.162 E0.02671
G1 X25.925 Y-.164 E0.02565
G1 X26.896 Y-.449 E0.02461
G1 X27.935 Y-.739 E0.02624
G1 X28.943 Y-.992 E0.02528
G1 X29.986 Y-1.233 E0.02604
G1 X30.914 Y-1.422 E0.02303
G1 X32.017 Y-1.627 E0.02729
G1 X32.965 Y-1.776 E0.02334
G1 X33.97 Y-1.917 E0.02468
G1 X35.031 Y-2.041 E0.02598
G1 X35.852 Y-2.122 E0.02006
G1 X36.942 Y-2.206 E0.02659
G1 X37.992 Y-2.262 E0.02557
G1 X39.041 Y-2.294 E0.02553
G1 X39.75 Y-2.3 E0.01724
G1 X39.75 Y-4.75 E0.05959
G1 X24.547 Y-4.75 E0.36976
G1 X23.482 Y-4.408 E0.02721
G1 X22.061 Y-3.911 E0.03661
G1 X21.187 Y-3.582 E0.02271
G1 X20.071 Y-3.134 E0.02925
G1 X19.109 Y-2.724 E0.02543
G1 X17.732 Y-2.098 E0.03679
G1 X16.399 Y-1.443 E0.03612
G1 X15.123 Y-.776 E0.03502
G1 X13.22 Y0.307 E0.05325
G1 X12.591 Y0.694 E0.01796
G1 X11.369 Y1.471 E0.03522
G1 X10.185 Y2.271 E0.03475
G1 X9.612 Y2.681 E0.01714
G1 X8.466 Y3.528 E0.03466
G1 X7.357 Y4.391 E0.03418
G1 X6.926 Y4.75 E0.01364
G0 F12000 X7.726 Y4.75
G1 F3600 E-1
;MESH:NONMESH
G0 F600 X7.726 Y4.75 Z21.62
G0 F12000 X7.726 Y4.425
G0 X14.787 Y0.354
G0 X14.719 Y0.236
;TIME_ELAPSED:537.275853
;LAYER:164
;TYPE:FILL
;MESH:bridge_3a.stl
G1 F3600 E1
G1 F9600 X15.334 Y0.903 E0.02207
G1 X15.894 Y1.806 E0.02584
G1 X16.178 Y2.709 E0.02302
G1 X16.202 Y2.985 E0.00674
G1 X17.5 Y2.286 E0.03586
G1 X18.52 Y1.762 E0.02789
G1 X19.55 Y1.267 E0.02779
G1 X20.566 Y0.805 E0.02715
G1 X21.866 Y0.262 E0.03427
G1 X20.787 Y-.903 E0.03862
G1 X20.227 Y-1.806 E0.02584
G1 X20.047 Y-2.377 E0.01456
G1 X21.474 Y-2.956 E0.03745
G1 X22.863 Y-3.471 E0.03603
G1 X24.202 Y-3.92 E0.03435
G1 X27.116 Y-3.92 E0.07087
G1 X27.09 Y-3.612 E0.00752
G1 X27.196 Y-2.709 E0.02211
G1 X27.511 Y-1.806 E0.02326
G1 X27.61 Y-1.654 E0.00441
G1 X28.752 Y-1.947 E0.02867
G1 X29.784 Y-2.184 E0.02575
G1 X30.801 Y-2.39 E0.02524
G1 X31.887 Y-2.588 E0.02685
G1 X33.1 Y-2.777 E0.02986
G1 X34.371 Y-2.943 E0.03118
G1 X34.314 Y-3.612 E0.01633
G1 X34.35 Y-3.92 E0.00754
G1 F3600 E-1
G0 F12000 X7.904 Y4.325
;TYPE:WALL-INNER
G1 F3600 E1
G1 F4800 X14.758 Y4.325 E0.1667
G1 X15.66 Y3.774 E0.02571
G1 X16.751 Y3.149 E0.03058
G1 X17.691 Y2.643 E0.02596
G1 X18.703 Y2.123 E0.02767
G1 X19.716 Y1.637 E0.02733
G1 X20.733 Y1.174 E0.02718
G1 X21.749 Y0.745 E0.02682
G1 X22.763 Y0.339 E0.02657
G1 X23.744 Y-0.026 E0.02546
G1 X24.79 Y-.391 E0.02694
G1 X25.803 Y-.715 E0.02587
G1 X26.771 Y-1.004 E0.02457
G1 X27.829 Y-1.294 E0.02668
G1 X28.849 Y-1.555 E0.02561
G1 X29.861 Y-1.786 E0.02525
G1 X30.879 Y-1.993 E0.02527
G1 X31.948 Y-2.187 E0.02642
G1 X32.906 Y-2.341 E0.0236
G1 X33.921 Y-2.483 E0.02493
G1 X34.993 Y-2.608 E0.02625
G1 X35.948 Y-2.698 E0.02333
G1 X36.965 Y-2.775 E0.02481
G1 X37.978 Y-2.827 E0.02467
G1 X39.325 Y-2.862 E0.03277
G1 X39.325 Y-4.325 E0.03558
G1 X24.135 Y-4.325 E0.36944
G1 X22.73 Y-3.854 E0.03604
G1 X21.334 Y-3.335 E0.03622
G1 X19.863 Y-2.739 E0.0386
G1 X18.487 Y-2.137 E0.03653
G1 X17.833 Y-1.829 E0.01758
G1 X16.514 Y-1.186 E0.03569
G1 X15.306 Y-.55 E0.0332
G1 X14.586 Y-.155 E0.01997
G1 X13.945 Y0.212 E0.01796
G1 X12.7 Y0.957 E0.03529
G1 X11.507 Y1.721 E0.03446
G1 X10.919 Y2.113 E0.01719
G1 X9.754 Y2.927 E0.03457
G1 X8.626 Y3.76 E0.0341
G1 X7.904 Y4.325 E0.0223
G1 F3600 E-1
G0 F12000 X6.706 Y4.75
;TYPE:WALL-OUTER
G1 F3600 E1
G1 F2400 X14.877 Y4.75 E0.19873
G1 X15.871 Y4.143 E0.02833
G1 X16.953 Y3.523 E0.03033
G1 X17.885 Y3.021 E0.02575
G1 X18.887 Y2.506 E0.0274
G1 X19.892 Y2.024 E0.02711
G1 X20.898 Y1.565 E0.02689
G1 X21.907 Y1.139 E0.02664
G1 X22.912 Y0.737 E0.02633
G1 X23.885 Y0.376 E0.02524
G1 X24.919 Y0.013 E0.02665
G1 X25.924 Y-.308 E0.02566
G1 X26.897 Y-.598 E0.02469
G1 X27.934 Y-.883 E0.02616
G1 X28.944 Y-1.14 E0.02535
G1 X29.946 Y-1.37 E0.025
G1 X30.955 Y-1.574 E0.02504
G1 X32.016 Y-1.767 E0.02623
G1 X32.965 Y-1.92 E0.02338
G1 X33.97 Y-2.061 E0.02468
G1 X35.032 Y-2.185 E0.026
G1 X35.981 Y-2.274 E0.02318
G1 X36.987 Y-2.35 E0.02454
G1 X37.991 Y-2.402 E0.02445
G1 X38.998 Y-2.434 E0.0245
G1 X39.75 Y-2.441 E0.01829
G1 X39.75 Y-4.75 E0.05616
G1 X24.065 Y-4.75 E0.38148
G1 X22.595 Y-4.257 E0.03771
G1 X21.174 Y-3.73 E0.03686
G1 X19.721 Y-3.141 E0.03813
G1 X18.306 Y-2.522 E0.03756
G1 X17.646 Y-2.212 E0.01773
G1 X16.322 Y-1.565 E0.03584
G1 X15.102 Y-.922 E0.03354
G1 X14.362 Y-.515 E0.02054
G1 X13.728 Y-.153 E0.01776
G1 X12.471 Y0.599 E0.03563
G1 X11.271 Y1.368 E0.03466
G1 X10.689 Y1.755 E0.017
G1 X9.502 Y2.585 E0.03523
G1 X8.364 Y3.426 E0.03442
G1 X7.254 Y4.294 E0.03427
G1 X6.706 Y4.75 E0.01734
G0 F12000 X7.506 Y4.75
G1 F3600 E-1
;MESH:NONMESH
G0 F600 X7.506 Y4.75 Z21.75
G0 F12000 X7.506 Y4.425
G0 X14.604 Y0.294
G0 X14.538 Y0.178
;TIME_ELAPSED:540.967801
;LAYER:165
;TYPE:FILL
;MESH:bridge_3a.stl
G1 F3600 E1
G1 F9600 X15.222 Y0.903 E0.02424
G1 X15.819 Y1.806 E0.02633
G1 X16.142 Y2.709 E0.02333
G1 X16.16 Y2.847 E0.00338
G1 X17.503 Y2.125 E0.03708
G1 X18.52 Y1.606 E0.02777
G1 X19.555 Y1.11 E0.02791
G1 X20.569 Y0.653 E0.02705
G1 X21.848 Y0.106 E0.03383
G1 X20.899 Y-.903 E0.03369
G1 X20.302 Y-1.806 E0.02633
G1 X20.044 Y-2.527 E0.01862
G1 X21.803 Y-3.236 E0.04613
G1 X21.803 Y-3.225 E0.00027
G1 X22.737 Y-3.573 E0.02424
G1 X23.753 Y-3.92 E0.02611
G1 X27.129 Y-3.92 E0.08211
G1 X27.09 Y-3.612 E0.00755
G1 X27.159 Y-2.709 E0.02203
G1 X27.45 Y-1.759 E0.02417
G1 X28.752 Y-2.092 E0.03269
G1 X29.784 Y-2.327 E0.02574
G1 X30.801 Y-2.534 E0.02524
G1 X31.886 Y-2.732 E0.02682
G1 X33.101 Y-2.921 E0.02991
G1 X33.882 Y-3.029 E0.01918
G1 X34.38 Y-3.086 E0.01219
G1 X34.314 Y-3.612 E0.01289
G1 X34.338 Y-3.92 E0.00751
G1 F3600 E-1
G0 F12000 X7.678 Y4.324
;TYPE:WALL-INNER
G1 F3600 E1
G1 F4800 X14.493 Y4.325 E0.16575
G1 X15.688 Y3.594 E0.03407
G1 X16.676 Y3.029 E0.02768
G1 X17.693 Y2.482 E0.02809
G1 X18.703 Y1.967 E0.02757
G1 X19.718 Y1.48 E0.02738
G1 X20.734 Y1.023 E0.0271
G1 X21.751 Y0.588 E0.0269
G1 X22.764 Y0.187 E0.0265
G1 X23.745 Y-.177 E0.02545
G1 X24.792 Y-.544 E0.02698
G1 X25.803 Y-.863 E0.02578
G1 X26.771 Y-1.152 E0.02457
G1 X27.831 Y-1.443 E0.02673
G1 X28.849 Y-1.699 E0.02553
G1 X29.861 Y-1.93 E0.02525
G1 X30.879 Y-2.136 E0.02526
G1 X31.948 Y-2.331 E0.02643
G1 X32.906 Y-2.485 E0.0236
G1 X33.923 Y-2.627 E0.02497
G1 X34.99 Y-2.748 E0.02612
G1 X35.951 Y-2.842 E0.02348
G1 X36.964 Y-2.915 E0.0247
G1 X37.978 Y-2.967 E0.02469
G1 X39.325 Y-3.003 E0.03277
G1 X39.325 Y-4.325 E0.03215
G1 X23.684 Y-4.325 E0.38041
G1 X22.591 Y-3.952 E0.02809
G1 X21.291 Y-3.466 E0.03376
G1 X19.778 Y-2.858 E0.03966
G1 X18.385 Y-2.244 E0.03702
G1 X17.717 Y-1.933 E0.01792
G1 X16.387 Y-1.28 E0.03604
G1 X15.744 Y-.946 E0.01762
G1 X14.46 Y-.245 E0.03558
G1 X13.846 Y0.11 E0.01725
G1 X12.619 Y0.842 E0.03475
G1 X11.401 Y1.622 E0.03518
G1 X10.82 Y2.012 E0.01702
G1 X9.653 Y2.827 E0.03462
G1 X8.525 Y3.661 E0.03412
G1 X7.678 Y4.324 E0.02616
G1 F3600 E-1
G0 F12000 X6.48 Y4.749
;TYPE:WALL-OUTER
G1 F3600 E1
G1 F2400 X14.613 Y4.75 E0.19781
G1 X15.899 Y3.962 E0.03668
G1 X16.877 Y3.403 E0.0274
G1 X17.886 Y2.861 E0.02786
G1 X18.887 Y2.35 E0.02733
G1 X19.893 Y1.868 E0.02713
G1 X20.901 Y1.414 E0.02689
G1 X21.907 Y0.983 E0.02662
G1 X22.912 Y0.585 E0.02629
G1 X23.885 Y0.224 E0.02524
G1 X24.92 Y-.139 E0.02668
G1 X25.924 Y-.456 E0.02561
G1 X26.897 Y-.746 E0.02469
G1 X27.935 Y-1.031 E0.02618
G1 X28.944 Y-1.284 E0.0253
G1 X29.946 Y-1.513 E0.025
G1 X30.955 Y-1.718 E0.02504
G1 X32.016 Y-1.911 E0.02623
G1 X32.965 Y-2.064 E0.02338
G1 X33.971 Y-2.205 E0.02471
G1 X35.031 Y-2.325 E0.02595
G1 X35.982 Y-2.418 E0.02324
G1 X36.986 Y-2.49 E0.02448
G1 X37.992 Y-2.542 E0.0245
G1 X38.997 Y-2.574 E0.02446
G1 X39.75 Y-2.584 E0.01832
G1 X39.75 Y-4.75 E0.05268
G1 X23.614 Y-4.75 E0.39245
G1 X22.417 Y-4.34 E0.03077
G1 X21.133 Y-3.86 E0.03334
G1 X19.58 Y-3.235 E0.04072
G1 X18.206 Y-2.63 E0.03651
G1 X17.53 Y-2.315 E0.01814
G1 X16.191 Y-1.657 E0.03629
G1 X15.54 Y-1.319 E0.01784
G1 X14.248 Y-.613 E0.03581
G1 X13.628 Y-.255 E0.01741
G1 X12.367 Y0.499 E0.03573
G1 X11.165 Y1.269 E0.03472
G1 X10.603 Y1.645 E0.01645
G1 X9.401 Y2.485 E0.03567
G1 X8.266 Y3.324 E0.03433
G1 X7.708 Y3.755 E0.01715
G1 X6.48 Y4.749 E0.03843
G0 F12000 X7.28 Y4.749
G1 F3600 E-1
;MESH:NONMESH
G0 F600 X7.28 Y4.749 Z21.88
G0 F12000 X7.28 Y4.425
G0 X14.422 Y0.237
G0 X14.356 Y0.12
;TIME_ELAPSED:544.696321
;LAYER:166
;TYPE:FILL
;MESH:bridge_3a.stl
G1 F3600 E1
G1 F9600 X15.112 Y0.903 E0.02647
G1 X15.748 Y1.806 E0.02686
G1 X16.108 Y2.712 E0.02371
G1 X17.505 Y1.965 E0.03853
G1 X18.524 Y1.444 E0.02784
G1 X19.558 Y0.955 E0.02782
G1 X20.573 Y0.496 E0.02709
G1 X21.846 Y-0.037 E0.03357
G1 X21.009 Y-.903 E0.02929
G1 X20.373 Y-1.806 E0.02686
G1 X20.021 Y-2.685 E0.02303
G1 X21.436 Y-3.239 E0.03696
G1 X22.639 Y-3.685 E0.0312
G1 X23.305 Y-3.919 E0.01717
G1 X27.137 Y-3.919 E0.0932
G1 X27.086 Y-3.612 E0.00757
G1 X27.118 Y-2.709 E0.02198
G1 X27.335 Y-1.885 E0.02072
G1 X28.753 Y-2.236 E0.03553
G1 X29.784 Y-2.472 E0.02572
G1 X30.801 Y-2.678 E0.02524
G1 X31.887 Y-2.876 E0.02685
G1 X33.108 Y-3.067 E0.03006
G1 X34.374 Y-3.224 E0.03103
G1 X34.31 Y-3.612 E0.00956
G1 X34.321 Y-3.92 E0.0075
G1 F3600 E-1
G0 F12000 X7.452 Y4.324
;TYPE:WALL-INNER
G1 F3600 E1
G1 F4800 X14.209 Y4.325 E0.16434
G1 X15.662 Y3.445 E0.04132
G1 X16.677 Y2.869 E0.02838
G1 X17.688 Y2.327 E0.0279
G1 X18.706 Y1.806 E0.02781
G1 X19.721 Y1.324 E0.02733
G1 X20.736 Y0.866 E0.02708
G1 X21.751 Y0.436 E0.02681
G1 X22.764 Y0.035 E0.0265
G1 X23.749 Y-.331 E0.02556
G1 X24.79 Y-.687 E0.02676
G1 X25.803 Y-1.012 E0.02587
G1 X26.784 Y-1.303 E0.02489
G1 X27.834 Y-1.592 E0.02649
G1 X28.849 Y-1.842 E0.02542
G1 X29.861 Y-2.074 E0.02525
G1 X30.879 Y-2.281 E0.02527
G1 X31.951 Y-2.476 E0.0265
G1 X32.906 Y-2.625 E0.02351
G1 X33.921 Y-2.767 E0.02493
G1 X34.993 Y-2.893 E0.02625
G1 X35.951 Y-2.982 E0.0234
G1 X36.962 Y-3.054 E0.02465
G1 X37.981 Y-3.111 E0.02482
G1 X39.325 Y-3.143 E0.0327
G1 X39.325 Y-4.325 E0.02875
G1 X23.236 Y-4.324 E0.39131
G1 X22.502 Y-4.067 E0.01891
G1 X21.293 Y-3.619 E0.03136
G1 X20.257 Y-3.212 E0.02707
G1 X19.255 Y-2.786 E0.02648
G1 X18.286 Y-2.355 E0.02579
G1 X17.612 Y-2.041 E0.01808
G1 X16.291 Y-1.386 E0.03586
G1 X15.636 Y-1.048 E0.01793
G1 X14.355 Y-.348 E0.0355
G1 X13.741 Y0.006 E0.01724
G1 X12.491 Y0.754 E0.03543
G1 X11.91 Y1.125 E0.01677
G1 X10.709 Y1.917 E0.03499
G1 X9.553 Y2.724 E0.03429
G1 X8.425 Y3.561 E0.03416
G1 X7.452 Y4.324 E0.03007
G1 F3600 E-1
G0 F12000 X6.244 Y4.75
;TYPE:WALL-OUTER
G1 F3600 E1
G1 F2400 X14.355 Y4.75 E0.19727
G1 X14.87 Y4.422 E0.01485
G1 X15.872 Y3.814 E0.02851
G1 X16.877 Y3.243 E0.02811
G1 X17.882 Y2.705 E0.02773
G1 X18.888 Y2.19 E0.02749
G1 X19.897 Y1.712 E0.02715
G1 X20.902 Y1.257 E0.02683
G1 X21.908 Y0.831 E0.02657
G1 X22.912 Y0.433 E0.02627
G1 X23.886 Y0.071 E0.02527
G1 X24.919 Y-.283 E0.02656
G1 X25.924 Y-.604 E0.02566
G1 X26.897 Y-.894 E0.02469
G1 X27.936 Y-1.179 E0.0262
G1 X28.944 Y-1.428 E0.02525
G1 X29.946 Y-1.658 E0.025
G1 X30.955 Y-1.863 E0.02504
G1 X32.017 Y-2.056 E0.02625
G1 X32.965 Y-2.204 E0.02334
G1 X33.97 Y-2.345 E0.02468
G1 X35.032 Y-2.469 E0.026
G1 X35.981 Y-2.558 E0.02318
G1 X36.986 Y-2.63 E0.02451
G1 X37.992 Y-2.686 E0.02451
G1 X38.997 Y-2.714 E0.02445
G1 X39.75 Y-2.724 E0.01832
G1 X39.75 Y-4.75 E0.04928
G1 X23.163 Y-4.749 E0.40342
G1 X22.354 Y-4.466 E0.02085
G1 X21.138 Y-4.015 E0.03154
G1 X20.179 Y-3.64 E0.02504
G1 X19.082 Y-3.175 E0.02898
G1 X18.107 Y-2.741 E0.02596
G1 X17.423 Y-2.421 E0.01837
G1 X16.097 Y-1.764 E0.03599
G1 X15.432 Y-1.421 E0.0182
G1 X14.143 Y-.717 E0.03572
G1 X13.523 Y-.359 E0.01741
G1 X12.263 Y0.395 E0.03571
G1 X11.676 Y0.77 E0.01694
G1 X10.466 Y1.568 E0.03525
G1 X9.299 Y2.382 E0.03461
G1 X8.166 Y3.224 E0.03433
G1 X7.608 Y3.656 E0.01716
G1 X6.244 Y4.75 E0.04253
G0 F12000 X7.044 Y4.75
G1 F3600 E-1
;MESH:NONMESH
G0 F600 X7.044 Y4.75 Z22.01
G0 F12000 X7.044 Y4.425
G0 X8.987 Y3.886
;TIME_ELAPSED:548.364776
;LAYER:167
;TYPE:FILL
;MESH:bridge_3a.stl
G1 F3600 E1
G1 F9600 X9.044 Y3.419 E0.01144
G1 X10.262 Y2.544 E0.03648
G1 X10.841 Y2.145 E0.0171
G1 X12.021 Y1.364 E0.03442
G1 X12.63 Y0.978 E0.01754
G1 X14.166 Y0.059 E0.04353
G1 X15.003 Y0.903 E0.02891
G1 X15.679 Y1.806 E0.02743
G1 X16.035 Y2.605 E0.02127
G1 X16.49 Y2.345 E0.01275
G1 X17.501 Y1.807 E0.02785
G1 X18.528 Y1.288 E0.02799
G1 X19.549 Y0.802 E0.0275
G1 X20.572 Y0.34 E0.0273
G1 X21.832 Y-.183 E0.03318
G1 X21.118 Y-.903 E0.02466
G1 X20.442 Y-1.806 E0.02743
G1 X19.991 Y-2.819 E0.02697
G1 X21.27 Y-3.331 E0.03351
G1 X22.872 Y-3.919 E0.0415
G1 X27.141 Y-3.919 E0.10383
G1 X27.078 Y-3.612 E0.00762
G1 X27.074 Y-2.709 E0.02196
G1 X27.232 Y-1.993 E0.01783
G1 X27.727 Y-2.128 E0.01248
G1 X28.722 Y-2.374 E0.02493
G1 X29.852 Y-2.632 E0.02819
G1 X30.802 Y-2.823 E0.02357
G1 X32.148 Y-3.06 E0.03324
G1 X32.851 Y-3.17 E0.01731
G1 X34.35 Y-3.378 E0.03681
G1 X34.302 Y-3.612 E0.00581
G1 X34.301 Y-3.92 E0.00749
G1 F3600 E-1
G0 F12000 X7.225 Y4.325
;TYPE:WALL-INNER
G1 F3600 E1
G1 F4800 X13.967 Y4.325 E0.16398
G1 X14.648 Y3.893 E0.01961
G1 X15.66 Y3.286 E0.0287
G1 X16.679 Y2.703 E0.02855
G1 X17.691 Y2.165 E0.02788
G1 X18.709 Y1.65 E0.02775
G1 X19.721 Y1.168 E0.02726
G1 X20.738 Y0.709 E0.02714
G1 X21.762 Y0.28 E0.027
G1 X22.763 Y-.118 E0.0262
G1 X23.775 Y-.49 E0.02622
G1 X24.79 Y-.835 E0.02607
G1 X25.803 Y-1.16 E0.02587
G1 X26.787 Y-1.452 E0.02496
G1 X27.832 Y-1.735 E0.02633
G1 X28.796 Y-1.976 E0.02417
G1 X29.927 Y-2.234 E0.02821
G1 X30.879 Y-2.425 E0.02362
G1 X31.951 Y-2.62 E0.0265
G1 X32.906 Y-2.769 E0.02351
G1 X33.923 Y-2.911 E0.02497
G1 X34.993 Y-3.032 E0.02619
G1 X35.948 Y-3.121 E0.02333
G1 X36.965 Y-3.198 E0.02481
G1 X37.978 Y-3.251 E0.02467
G1 X39.325 Y-3.286 E0.03277
G1 X39.325 Y-4.325 E0.02527
G1 X22.779 Y-4.324 E0.40242
G1 X21.293 Y-3.771 E0.03856
G1 X20.264 Y-3.365 E0.0269
G1 X18.854 Y-2.764 E0.03728
G1 X17.501 Y-2.144 E0.0362
G1 X16.84 Y-1.822 E0.01788
G1 X15.533 Y-1.152 E0.03572
G1 X14.896 Y-.809 E0.0176
G1 X13.621 Y-0.088 E0.03562
G1 X12.394 Y0.648 E0.0348
G1 X11.802 Y1.024 E0.01706
G1 X10.612 Y1.811 E0.0347
G1 X10.033 Y2.21 E0.0171
G1 X8.882 Y3.037 E0.03447
G1 X7.767 Y3.889 E0.03413
G1 X7.225 Y4.325 E0.01692
G1 F3600 E-1
G0 F12000 X6.019 Y4.75
;TYPE:WALL-OUTER
G1 F3600 E1
G1 F2400 X14.091 Y4.75 E0.19632
G1 X14.867 Y4.257 E0.02236
G1 X15.871 Y3.654 E0.02848
G1 X16.878 Y3.079 E0.0282
G1 X17.883 Y2.544 E0.02769
G1 X18.892 Y2.034 E0.0275
G1 X19.897 Y1.556 E0.02707
G1 X20.903 Y1.101 E0.02685
G1 X21.919 Y0.675 E0.02679
G1 X22.909 Y0.281 E0.02592
G1 X23.912 Y-0.087 E0.02598
G1 X24.919 Y-.431 E0.02588
G1 X25.924 Y-.752 E0.02566
G1 X26.898 Y-1.042 E0.02472
G1 X27.935 Y-1.323 E0.02613
G1 X28.904 Y-1.564 E0.02429
G1 X30.011 Y-1.818 E0.02762
G1 X30.955 Y-2.007 E0.02342
G1 X32.017 Y-2.2 E0.02625
G1 X32.965 Y-2.348 E0.02334
G1 X33.971 Y-2.489 E0.02471
G1 X35.032 Y-2.609 E0.02597
G1 X35.981 Y-2.698 E0.02318
G1 X36.987 Y-2.774 E0.02454
G1 X37.991 Y-2.826 E0.02445
G1 X38.998 Y-2.858 E0.0245
G1 X39.75 Y-2.865 E0.01829
G1 X39.75 Y-4.75 E0.04585
G1 X22.731 Y-4.749 E0.41393
G1 X22.218 Y-4.568 E0.01323
G1 X21.137 Y-4.166 E0.02805
G1 X20.097 Y-3.756 E0.02719
G1 X18.677 Y-3.15 E0.03755
G1 X17.316 Y-2.527 E0.0364
G1 X16.646 Y-2.201 E0.01812
G1 X15.376 Y-1.551 E0.0347
G1 X14.687 Y-1.179 E0.01904
G1 X13.462 Y-.488 E0.03421
G1 X12.11 Y0.325 E0.03837
G1 X11.567 Y0.669 E0.01563
G1 X10.371 Y1.46 E0.03487
G1 X9.785 Y1.865 E0.01733
G1 X8.637 Y2.689 E0.03437
G1 X7.501 Y3.558 E0.03479
G1 X6.019 Y4.75 E0.04626
G0 F12000 X6.819 Y4.75
G1 F3600 E-1
;MESH:NONMESH
G0 F600 X6.819 Y4.75 Z22.14
G0 F12000 X6.819 Y4.425
G0 X8.978 Y3.919
;TIME_ELAPSED:552.131011
;LAYER:168
;TYPE:FILL
;MESH:bridge_3a.stl
G1 F3600 E1
G1 F9600 X9.054 Y3.612 E0.00769
G1 X9.072 Y3.229 E0.00933
G1 X10.169 Y2.437 E0.03291
G1 X10.731 Y2.049 E0.01661
G1 X11.907 Y1.269 E0.03432
G1 X13.125 Y0.515 E0.03484
G1 X13.983 Y0.012 E0.02419
G1 X14.895 Y0.903 E0.03101
G1 X15.614 Y1.806 E0.02807
G1 X15.949 Y2.492 E0.01857
G1 X16.481 Y2.189 E0.01489
G1 X17.513 Y1.643 E0.0284
G1 X18.528 Y1.128 E0.02768
G1 X19.552 Y0.645 E0.02754
G1 X20.573 Y0.188 E0.02721
G1 X21.813 Y-.33 E0.03268
G1 X21.226 Y-.903 E0.01995
G1 X20.507 Y-1.806 E0.02807
G1 X20.066 Y-2.709 E0.02444
G1 X20.002 Y-2.968 E0.00649
G1 X21.428 Y-3.552 E0.03748
G1 X22.45 Y-3.92 E0.02642
G1 X27.143 Y-3.92 E0.11414
G1 X27.067 Y-3.612 E0.00772
G1 X27.025 Y-2.709 E0.02199
G1 X27.132 Y-2.11 E0.0148
G1 F3600 E-1
G0 F12000 X7.002 Y4.324
;TYPE:WALL-INNER
G1 F3600 E1
G1 F4800 X13.707 Y4.325 E0.16308
G1 X14.65 Y3.724 E0.0272
G1 X15.662 Y3.121 E0.02865
G1 X16.68 Y2.543 E0.02847
G1 X17.694 Y2.006 E0.02791
G1 X18.711 Y1.489 E0.02775
G1 X19.724 Y1.011 E0.02724
G1 X20.737 Y0.558 E0.02699
G1 X21.747 Y0.132 E0.02666
G1 X22.765 Y-.271 E0.02663
G1 X23.746 Y-.627 E0.02538
G1 X24.79 Y-.984 E0.02684
G1 X25.805 Y-1.308 E0.02591
G1 X26.784 Y-1.595 E0.02481
G1 X27.833 Y-1.884 E0.02646
G1 X28.849 Y-2.135 E0.02545
G1 X29.865 Y-2.362 E0.02532
G1 X30.879 Y-2.569 E0.02517
G1 X31.951 Y-2.763 E0.0265
G1 X32.908 Y-2.913 E0.02356
G1 X33.921 Y-3.051 E0.02487
G1 X34.993 Y-3.177 E0.02625
G1 X35.951 Y-3.266 E0.0234
G1 X36.964 Y-3.338 E0.0247
G1 X37.978 Y-3.391 E0.0247
G1 X39.325 Y-3.427 E0.03277
G1 X39.325 Y-4.325 E0.02184
G1 X22.379 Y-4.325 E0.41215
G1 X21.557 Y-4.025 E0.02128
G1 X20.911 Y-3.777 E0.01683
G1 X19.435 Y-3.173 E0.03879
G1 X18.772 Y-2.884 E0.01759
G1 X17.394 Y-2.25 E0.03689
G1 X16.072 Y-1.595 E0.03588
G1 X14.805 Y-.92 E0.03492
G1 X13.547 Y-.208 E0.03516
G1 X12.912 Y0.171 E0.01799
G1 X11.689 Y0.928 E0.03498
G1 X10.508 Y1.711 E0.03446
G1 X9.93 Y2.108 E0.01705
G1 X8.783 Y2.937 E0.03442
G1 X7.666 Y3.79 E0.03418
G1 X7.002 Y4.324 E0.02072
G1 F3600 E-1
G0 F12000 X5.823 Y4.75
;TYPE:WALL-OUTER
G1 F3600 E1
G1 F2400 X13.831 Y4.75 E0.19477
G1 X14.868 Y4.089 E0.02991
G1 X15.872 Y3.49 E0.02843
G1 X16.878 Y2.919 E0.02813
G1 X17.886 Y2.385 E0.02774
G1 X18.893 Y1.873 E0.02748
G1 X19.897 Y1.399 E0.027
G1 X20.902 Y0.949 E0.02678
G1 X21.903 Y0.527 E0.02642
G1 X22.91 Y0.129 E0.02634
G1 X23.883 Y-.225 E0.02518
G1 X24.919 Y-.579 E0.02663
G1 X25.925 Y-.9 E0.02568
G1 X26.897 Y-1.186 E0.02464
G1 X27.935 Y-1.471 E0.02618
G1 X28.941 Y-1.72 E0.02521
G1 X29.945 Y-1.945 E0.02502
G1 X30.955 Y-2.15 E0.02507
G1 X32.017 Y-2.343 E0.02625
G1 X32.966 Y-2.492 E0.02336
G1 X33.97 Y-2.629 E0.02465
G1 X35.032 Y-2.753 E0.026
G1 X35.981 Y-2.842 E0.02318
G1 X36.986 Y-2.914 E0.02451
G1 X37.991 Y-2.966 E0.02448
G1 X38.997 Y-2.998 E0.02448
G1 X39.75 Y-3.008 E0.01832
G1 X39.75 Y-4.75 E0.04237
G1 X22.305 Y-4.75 E0.42429
G1 X21.405 Y-4.422 E0.0233
G1 X20.75 Y-4.17 E0.01707
G1 X19.265 Y-3.562 E0.03903
G1 X18.58 Y-3.262 E0.01819
G1 X17.236 Y-2.646 E0.03596
G1 X15.873 Y-1.97 E0.037
G1 X14.576 Y-1.278 E0.03575
G1 X13.312 Y-.563 E0.03532
G1 X12.689 Y-.191 E0.01765
G1 X11.454 Y0.574 E0.03533
G1 X10.268 Y1.361 E0.03462
G1 X9.682 Y1.763 E0.01728
G1 X8.525 Y2.598 E0.0347
G1 X7.4 Y3.459 E0.03446
G1 X6.302 Y4.343 E0.03428
G1 X5.823 Y4.75 E0.01529
G0 F12000 X6.623 Y4.75
G1 F3600 E-1
;MESH:NONMESH
G0 F600 X6.623 Y4.75 Z22.27
G0 F12000 X6.623 Y4.425
G0 X9.199 Y3.13
G0 X9.121 Y3.019
;TIME_ELAPSED:555.789270
;LAYER:169
;TYPE:FILL
;MESH:bridge_3a.stl
G1 F3600 E1
G1 F9600 X9.07 Y3.612 E0.01448
G1 X8.981 Y3.92 E0.0078
G1 X13.332 Y3.92 E0.10582
G1 X14.434 Y3.217 E0.03179
G1 X15.853 Y2.372 E0.04017
G1 X15.551 Y1.806 E0.0156
G1 X14.785 Y0.903 E0.0288
G1 X13.785 Y-0.042 E0.03346
G1 X14.89 Y-.667 E0.03088
G1 X15.514 Y-1.005 E0.01726
G1 X16.809 Y-1.671 E0.03542
G1 X17.466 Y-1.992 E0.01778
G1 X18.816 Y-2.615 E0.03616
G1 X19.477 Y-2.905 E0.01756
G1 X19.973 Y-3.108 E0.01303
G1 X20.088 Y-2.709 E0.0101
G1 X20.57 Y-1.806 E0.0249
G1 X21.336 Y-.903 E0.0288
G1 X21.791 Y-.473 E0.01523
G1 X22.912 Y-.903 E0.0292
G1 X23.64 Y-1.167 E0.01883
G1 X24.64 Y-1.51 E0.02571
G1 X25.527 Y-1.791 E0.02263
G1 X27.035 Y-2.241 E0.03827
G1 X26.973 Y-2.709 E0.01148
G1 X27.051 Y-3.612 E0.02204
G1 X27.14 Y-3.92 E0.0078
G1 F3600 E-1
G0 F12000 X6.776 Y4.325
;TYPE:WALL-INNER
G1 F3600 E1
G1 F4800 X13.451 Y4.325 E0.16235
G1 X14.65 Y3.56 E0.03459
G1 X15.664 Y2.956 E0.02871
G1 X16.679 Y2.383 E0.02835
G1 X17.696 Y1.845 E0.02798
G1 X18.711 Y1.333 E0.02765
G1 X19.724 Y0.855 E0.02724
G1 X20.739 Y0.401 E0.02704
G1 X21.749 Y-0.021 E0.02662
G1 X22.765 Y-.419 E0.02654
G1 X23.777 Y-.787 E0.02619
G1 X24.759 Y-1.124 E0.02525
G1 X25.806 Y-1.456 E0.02671
G1 X26.787 Y-1.744 E0.02487
G1 X27.833 Y-2.028 E0.02636
G1 X28.849 Y-2.279 E0.02545
G1 X29.865 Y-2.506 E0.02532
G1 X30.939 Y-2.725 E0.02666
G1 X31.954 Y-2.908 E0.02508
G1 X32.906 Y-3.053 E0.02342
G1 X33.923 Y-3.195 E0.02497
G1 X34.993 Y-3.317 E0.02619
G1 X35.929 Y-3.404 E0.02286
G1 F3857.1 X36.361 Y-3.546 E0.01376
G1 F3282.7 X36.959 Y-3.581 E0.0213
G1 F3396.2 X37.825 Y-3.614 E0.02979
G1 F3506.5 X39.247 Y-3.645 E0.04735
G1 F3564.4 X39.247 Y-4.247 E0.01972
G1 F3385.6 X36.336 Y-4.215 E0.10038
G1 F3857.1 X35.887 Y-4.326 E0.014
G1 F4800 X21.968 Y-4.325 E0.33853
G1 X20.845 Y-3.902 E0.02919
G1 X19.326 Y-3.281 E0.03991
G1 X18.647 Y-2.984 E0.01802
G1 X17.292 Y-2.358 E0.0363
G1 X16.633 Y-2.035 E0.01785
G1 X15.321 Y-1.361 E0.03587
G1 X14.691 Y-1.02 E0.01742
G1 X13.421 Y-.301 E0.03549
G1 X12.812 Y0.063 E0.01726
G1 X11.609 Y0.812 E0.03447
G1 X10.407 Y1.607 E0.03505
G1 X9.85 Y1.99 E0.01644
G1 X8.683 Y2.836 E0.03506
G1 X7.566 Y3.69 E0.0342
G1 X6.776 Y4.325 E0.02465
G1 F3600 E-1
G0 F12000 X5.606 Y4.75
;TYPE:WALL-OUTER
G1 F3600 E1
G1 F2400 X13.575 Y4.75 E0.19382
G1 X14.867 Y3.925 E0.03728
G1 X15.873 Y3.326 E0.02848
G1 X16.878 Y2.759 E0.02806
G1 X17.887 Y2.224 E0.02778
G1 X18.893 Y1.717 E0.0274
G1 X19.897 Y1.243 E0.027
G1 X20.903 Y0.793 E0.0268
G1 X21.904 Y0.375 E0.02638
G1 X22.91 Y-0.019 E0.02628
G1 X23.914 Y-.385 E0.02599
G1 X24.888 Y-.719 E0.02504
G1 X25.925 Y-1.048 E0.02646
G1 X26.898 Y-1.334 E0.02467
G1 X27.935 Y-1.615 E0.02613
G1 X28.941 Y-1.865 E0.02521
G1 X29.945 Y-2.089 E0.02502
G1 X31.015 Y-2.306 E0.02655
G1 X32.018 Y-2.488 E0.02479
G1 X33.971 Y-2.773 E0.048
G1 X35.032 Y-2.893 E0.02597
G1 X35.981 Y-2.982 E0.02318
G1 X36.986 Y-3.058 E0.02451
G1 X37.843 Y-3.102 E0.02087
G1 X38.885 Y-3.138 E0.02536
G1 X39.75 Y-3.148 E0.02104
G1 X39.75 Y-4.75 E0.03896
G1 X21.89 Y-4.75 E0.43438
G1 X20.635 Y-4.275 E0.03264
G1 X19.156 Y-3.67 E0.03886
G1 X18.469 Y-3.37 E0.01823
G1 X17.106 Y-2.74 E0.03652
G1 X16.439 Y-2.413 E0.01807
G1 X15.119 Y-1.735 E0.03609
G1 X14.482 Y-1.39 E0.01762
G1 X13.203 Y-.666 E0.03575
G1 X12.588 Y-.298 E0.01743
G1 X11.355 Y0.471 E0.03534
G1 X10.166 Y1.257 E0.03467
G1 X9.609 Y1.64 E0.01644
G1 X8.425 Y2.498 E0.03556
G1 X7.299 Y3.359 E0.03447
G1 X6.201 Y4.243 E0.03428
G1 X5.606 Y4.75 E0.01901
G0 F12000 X6.406 Y4.75
G1 F3600 E-1
;MESH:NONMESH
G0 F600 X6.406 Y4.75 Z22.4
G0 F12000 X6.406 Y4.425
G0 X9.273 Y2.903
G0 X9.194 Y2.792
;TIME_ELAPSED:559.504677
;LAYER:170
;TYPE:FILL
;MESH:bridge_3a.stl
G1 F3600 E1
G1 F9600 X9.089 Y3.612 E0.02011
G1 X8.987 Y3.921 E0.00791
G1 X13.043 Y3.92 E0.09865
G1 X14.431 Y3.054 E0.03979
G1 X15.758 Y2.267 E0.03752
G1 X15.49 Y1.806 E0.01297
G1 X14.674 Y0.903 E0.0296
G1 X13.582 Y-0.09 E0.0359
G1 X14.764 Y-.761 E0.03306
G1 X16.41 Y-1.635 E0.04533
G1 X18.419 Y-2.597 E0.05417
G1 X19.929 Y-3.246 E0.03997
G1 X20.106 Y-2.709 E0.01375
G1 X20.631 Y-1.806 E0.0254
G1 X21.447 Y-.903 E0.0296
G1 X21.764 Y-.614 E0.01043
G1 X22.926 Y-1.069 E0.03035
G1 X22.926 Y-1.058 E0.00027
G1 X24.641 Y-1.658 E0.04419
G1 X25.541 Y-1.943 E0.02296
G1 X26.947 Y-2.355 E0.03563
G1 X26.916 Y-2.709 E0.00864
G1 X27.032 Y-3.612 E0.02214
G1 X27.134 Y-3.921 E0.00791
G1 F3600 E-1
G0 F12000 X7.492 Y3.992
G0 X6.554 Y4.325
;TYPE:WALL-INNER
G1 F3600 E1
G1 F4800 X13.185 Y4.325 E0.16128
G1 X13.643 Y4.024 E0.01333
G1 X14.635 Y3.403 E0.02846
G1 X15.67 Y2.79 E0.02926
G1 X16.682 Y2.224 E0.0282
G1 X17.692 Y1.686 E0.02783
G1 X18.712 Y1.177 E0.02773
G1 X19.725 Y0.699 E0.02724
G1 X20.736 Y0.248 E0.02692
G1 X21.749 Y-.173 E0.02668
G1 X22.768 Y-.572 E0.02662
G1 X23.78 Y-.935 E0.02615
G1 X24.76 Y-1.272 E0.0252
G1 X25.81 Y-1.604 E0.02678
G1 X26.822 Y-1.9 E0.02564
G1 X27.836 Y-2.176 E0.02556
G1 X28.847 Y-2.423 E0.02531
G1 X29.854 Y-2.65 E0.02511
G1 X30.881 Y-2.857 E0.02548
G1 X31.951 Y-3.047 E0.02643
G1 X32.906 Y-3.197 E0.02351
G1 X33.923 Y-3.339 E0.02497
G1 X34.365 Y-3.388 E0.01082
G1 F3857.1 X34.799 Y-3.549 E0.01401
G1 F3364.5 X35.945 Y-3.631 E0.03987
G1 F3624.2 X36.959 Y-3.685 E0.03271
G1 F3829.8 X37.938 Y-3.725 E0.02987
G1 F3985.2 X39.283 Y-3.753 E0.03941
G1 F4044.9 X39.283 Y-4.283 E0.0153
G1 F3985.2 X37.906 Y-4.274 E0.04034
G1 F3711.3 X35.901 Y-4.243 E0.06308
G1 F3364.5 X34.762 Y-4.215 E0.03953
G1 F3857.1 X34.313 Y-4.326 E0.014
G1 F4800 X21.561 Y-4.325 E0.31015
G1 X20.697 Y-3.994 E0.0225
G1 X19.922 Y-3.684 E0.0203
G1 X18.532 Y-3.088 E0.03678
G1 X17.866 Y-2.784 E0.01781
G1 X16.524 Y-2.138 E0.03622
G1 X15.871 Y-1.81 E0.01777
G1 X14.575 Y-1.119 E0.03572
G1 X13.316 Y-.405 E0.0352
G1 X11.483 Y0.723 E0.05235
G1 X10.899 Y1.106 E0.01699
G1 X9.724 Y1.91 E0.03463
G1 X8.582 Y2.733 E0.03424
G1 X7.465 Y3.587 E0.0342
G1 X6.554 Y4.325 E0.02851
G1 F3600 E-1
G0 F12000 X7.492 Y3.992
G0 X6.096 Y4.492
G0 X5.388 Y4.75
;TYPE:WALL-OUTER
G1 F3600 E1
G1 F2400 X13.313 Y4.75 E0.19275
G1 X13.868 Y4.385 E0.01616
G1 X14.852 Y3.768 E0.02825
G1 X15.877 Y3.161 E0.02897
G1 X16.882 Y2.599 E0.02801
G1 X17.888 Y2.064 E0.02771
G1 X18.893 Y1.561 E0.02733
G1 X19.898 Y1.087 E0.02703
G1 X20.899 Y0.641 E0.02665
G1 X21.904 Y0.223 E0.02647
G1 X22.911 Y-.172 E0.02631
G1 X23.918 Y-.533 E0.02602
G1 X24.888 Y-.867 E0.02495
G1 X25.929 Y-1.196 E0.02655
G1 X26.934 Y-1.49 E0.02547
G1 X27.936 Y-1.763 E0.02526
G1 X28.94 Y-2.008 E0.02514
G1 X29.938 Y-2.234 E0.02489
G1 X30.956 Y-2.439 E0.02526
G1 X32.017 Y-2.627 E0.02621
G1 X32.965 Y-2.776 E0.02334
G1 X33.971 Y-2.917 E0.02471
G1 X35.032 Y-3.037 E0.02597
G1 X35.982 Y-3.126 E0.02321
G1 X36.986 Y-3.198 E0.02448
G1 X37.952 Y-3.25 E0.02353
G1 X39.028 Y-3.282 E0.02618
G1 X39.75 Y-3.291 E0.01756
G1 X39.75 Y-4.75 E0.03549
G1 X21.483 Y-4.75 E0.44428
G1 X20.539 Y-4.388 E0.02459
G1 X19.756 Y-4.075 E0.02051
G1 X18.355 Y-3.475 E0.03707
G1 X17.682 Y-3.167 E0.018
G1 X16.333 Y-2.518 E0.03641
G1 X15.632 Y-2.164 E0.0191
G1 X14.366 Y-1.489 E0.03489
G1 X13.096 Y-.768 E0.03552
G1 X11.275 Y0.351 E0.05198
G1 X10.659 Y0.755 E0.01792
G1 X9.476 Y1.565 E0.03487
G1 X8.324 Y2.395 E0.03453
G1 X7.2 Y3.254 E0.03441
G1 X6.65 Y3.694 E0.01713
G1 X5.388 Y4.75 E0.04002
G0 F12000 X6.188 Y4.75
G1 F3600 E-1
;MESH:NONMESH
G0 F600 X6.188 Y4.75 Z22.53
G0 F12000 X6.188 Y4.425
G0 X8.998 Y3.918
;TIME_ELAPSED:563.297781
;LAYER:171
;TYPE:FILL
;MESH:bridge_3a.stl
G1 F3600 E1
G1 F9600 X9.112 Y3.612 E0.00794
G1 X9.266 Y2.709 E0.02228
G1 X9.26 Y2.568 E0.00343
G1 X9.745 Y2.215 E0.01459
G1 X11.028 Y1.336 E0.03783
G1 X11.822 Y0.823 E0.02299
G1 X12.763 Y0.237 E0.02696
G1 X13.407 Y-.139 E0.01814
G1 X13.524 Y0.00 E0.00442
G1 X14.561 Y0.903 E0.03344
G1 X15.431 Y1.806 E0.0305
G1 X15.66 Y2.169 E0.01044
G1 X16.494 Y1.705 E0.02321
G1 X17.508 Y1.166 E0.02793
G1 X18.529 Y0.659 E0.02773
G1 X19.551 Y0.175 E0.0275
G1 X20.582 Y-.278 E0.02739
G1 X21.715 Y-.743 E0.02979
G1 X20.69 Y-1.806 E0.03592
G1 X20.121 Y-2.709 E0.02596
G1 X19.873 Y-3.375 E0.01728
G1 X21.232 Y-3.92 E0.03561
G1 X27.124 Y-3.92 E0.1433
G1 X27.009 Y-3.612 E0.008
G1 X26.855 Y-2.709 E0.02228
G1 X26.864 Y-2.479 E0.0056
G1 F3600 E-1
G0 F12000 X7.268 Y3.993
G0 X6.334 Y4.325
;TYPE:WALL-INNER
G1 F3600 E1
G1 F4800 X12.93 Y4.325 E0.16042
G1 X13.642 Y3.859 E0.0207
G1 X14.655 Y3.227 E0.02904
G1 X15.671 Y2.626 E0.02871
G1 X16.671 Y2.069 E0.02784
G1 X17.699 Y1.523 E0.02831
G1 X18.708 Y1.021 E0.02741
G1 X19.724 Y0.542 E0.02732
G1 X20.736 Y0.096 E0.0269
G1 X21.751 Y-.326 E0.02673
G1 X22.765 Y-.719 E0.02645
G1 X23.779 Y-1.088 E0.02624
G1 X24.759 Y-1.42 E0.02517
G1 X25.806 Y-1.752 E0.02671
G1 X26.821 Y-2.049 E0.02572
G1 X27.837 Y-2.32 E0.02557
G1 X28.854 Y-2.572 E0.02548
G1 X29.864 Y-2.794 E0.02515
G1 X30.881 Y-3.001 E0.02524
G1 X31.951 Y-3.191 E0.02643
G1 X33.214 Y-3.383 E0.03107
G1 F3864 X33.644 Y-3.551 E0.01395
G1 F3445 X34.988 Y-3.673 E0.04573
G1 F3829.8 X35.954 Y-3.739 E0.02952
G1 F4122.1 X36.963 Y-3.791 E0.02861
G1 F4381.3 X37.977 Y-3.83 E0.02704
G1 F4576.3 X39.319 Y-3.858 E0.03424
G1 F4665.2 X39.319 Y-4.319 E0.01154
G1 F4453.6 X36.934 Y-4.297 E0.06252
G1 F3948.8 X34.935 Y-4.256 E0.05911
G1 F3439.5 X33.6 Y-4.216 E0.04533
G1 F3864 X33.151 Y-4.325 E0.01396
G1 F4800 X21.155 Y-4.325 E0.29176
G1 X19.82 Y-3.794 E0.03494
G1 X18.427 Y-3.194 E0.03689
G1 X17.758 Y-2.889 E0.01788
G1 X16.415 Y-2.244 E0.03624
G1 X15.773 Y-1.917 E0.01752
G1 X14.495 Y-1.237 E0.03521
G1 X13.329 Y-.57 E0.03267
G1 X12.639 Y-.163 E0.01948
G1 X11.382 Y0.62 E0.03602
G1 X10.796 Y1.005 E0.01705
G1 X9.619 Y1.811 E0.0347
G1 X8.483 Y2.632 E0.03409
G1 X7.923 Y3.055 E0.01707
G1 X6.819 Y3.924 E0.03417
G1 X6.334 Y4.325 E0.01531
G1 F3600 E-1
G0 F12000 X7.268 Y3.993
G0 X5.875 Y4.491
G0 X5.17 Y4.75
;TYPE:WALL-OUTER
G1 F3600 E1
G1 F2400 X13.057 Y4.75 E0.19182
G1 X13.867 Y4.219 E0.02356
G1 X14.872 Y3.592 E0.02881
G1 X15.878 Y2.997 E0.02843
G1 X16.882 Y2.439 E0.02794
G1 X17.888 Y1.904 E0.02771
G1 X18.889 Y1.405 E0.0272
G1 X19.895 Y0.931 E0.02705
G1 X20.9 Y0.489 E0.0267
G1 X21.905 Y0.07 E0.02648
G1 X22.91 Y-.319 E0.02621
G1 X23.915 Y-.685 E0.02601
G1 X24.888 Y-1.015 E0.02499
G1 X25.925 Y-1.344 E0.02646
G1 X26.931 Y-1.638 E0.02549
G1 X27.939 Y-1.907 E0.02537
G1 X28.946 Y-2.157 E0.02524
G1 X29.949 Y-2.377 E0.02497
G1 X30.956 Y-2.583 E0.025
G1 X32.017 Y-2.771 E0.02621
G1 X32.966 Y-2.92 E0.02336
G1 X33.97 Y-3.057 E0.02465
G1 X35.033 Y-3.182 E0.02603
G1 X36.002 Y-3.27 E0.02366
G1 X36.986 Y-3.338 E0.02399
G1 X37.991 Y-3.39 E0.02448
G1 X38.996 Y-3.422 E0.02446
G1 X39.75 Y-3.432 E0.01834
G1 X39.75 Y-4.75 E0.03206
G1 X21.075 Y-4.75 E0.4542
G1 X20.359 Y-4.472 E0.01868
G1 X19.652 Y-4.184 E0.01857
G1 X18.297 Y-3.602 E0.03587
G1 X17.574 Y-3.272 E0.01933
G1 X16.223 Y-2.623 E0.03645
G1 X15.574 Y-2.293 E0.01771
G1 X14.289 Y-1.609 E0.0354
G1 X13.113 Y-.936 E0.03295
G1 X12.374 Y-.499 E0.02088
G1 X11.15 Y0.265 E0.03509
G1 X10.575 Y0.64 E0.0167
G1 X9.37 Y1.466 E0.03553
G1 X8.227 Y2.293 E0.03431
G1 X7.661 Y2.721 E0.01726
G1 X6.547 Y3.596 E0.03445
G1 X5.17 Y4.75 E0.0437
G0 F12000 X5.97 Y4.75
G1 F3600 E-1
;MESH:NONMESH
G0 F600 X5.97 Y4.75 Z22.66
G0 F12000 X5.97 Y4.425
G0 X9.012 Y3.92
;TIME_ELAPSED:567.065021
;LAYER:172
;TYPE:FILL
;MESH:bridge_3a.stl
G1 F3600 E1
G1 F9600 X9.14 Y3.612 E0.00811
G1 X9.333 Y2.709 E0.02246
G1 X9.335 Y2.339 E0.009
G1 X9.751 Y2.041 E0.01245
G1 X10.923 Y1.241 E0.03451
G1 X12.096 Y0.484 E0.03395
G1 X13.197 Y-.191 E0.03141
G1 X13.354 Y0.00 E0.00601
G1 X14.443 Y0.903 E0.03441
G1 X15.374 Y1.806 E0.03154
G1 X15.551 Y2.066 E0.00765
G1 X16.499 Y1.538 E0.02639
G1 X17.508 Y1.008 E0.02772
G1 X18.529 Y0.502 E0.02771
G1 X19.551 Y0.019 E0.02749
G1 X20.575 Y-.43 E0.02719
G1 X21.694 Y-.889 E0.02942
G1 X20.747 Y-1.806 E0.03206
G1 X20.131 Y-2.709 E0.02659
G1 X19.804 Y-3.5 E0.02082
G1 X20.846 Y-3.92 E0.02732
G1 X27.109 Y-3.921 E0.15233
G1 X26.981 Y-3.612 E0.00813
G1 X26.788 Y-2.709 E0.02246
G1 X26.787 Y-2.604 E0.00255
G1 F3600 E-1
G0 F12000 X37.351 Y-4.126
;TYPE:WALL-INNER
G1 F3600 E1
G1 F3354 X36.902 Y-4.332 E0.01719
G1 F4547.4 X35.019 Y-4.294 E0.04835
G1 F3956 X33.861 Y-4.26 E0.03419
G1 F3461.5 X32.575 Y-4.216 E0.0434
G1 F3857.1 X32.127 Y-4.326 E0.01396
G1 F4800 X20.767 Y-4.325 E0.27629
G1 X19.704 Y-3.899 E0.02785
G1 X18.324 Y-3.302 E0.03657
G1 X17.653 Y-2.996 E0.01794
G1 X16.315 Y-2.35 E0.03614
G1 X15.669 Y-2.021 E0.01763
G1 X14.365 Y-1.326 E0.03594
G1 X13.114 Y-.61 E0.03506
G1 X11.886 Y0.137 E0.03496
G1 X10.689 Y0.909 E0.03464
G1 X9.524 Y1.706 E0.03433
G1 X8.978 Y2.096 E0.01632
G1 X7.817 Y2.955 E0.03513
G1 X6.719 Y3.823 E0.03404
G1 X6.115 Y4.325 E0.0191
G1 X12.678 Y4.325 E0.15962
G1 X13.644 Y3.69 E0.02812
G1 X14.656 Y3.063 E0.02895
G1 X15.671 Y2.462 E0.02869
G1 X16.685 Y1.898 E0.02822
G1 X17.696 Y1.367 E0.02777
G1 X18.708 Y0.865 E0.02748
G1 X19.715 Y0.389 E0.02709
G1 X20.736 Y-0.06 E0.02713
G1 X21.754 Y-.483 E0.02681
G1 X22.77 Y-.871 E0.02645
G1 X23.779 Y-1.236 E0.0261
G1 X24.759 Y-1.568 E0.02517
G1 X25.809 Y-1.901 E0.02679
G1 X26.819 Y-2.192 E0.02556
G1 X27.839 Y-2.468 E0.0257
G1 X28.849 Y-2.715 E0.02529
G1 X29.867 Y-2.942 E0.02537
G1 X30.881 Y-3.145 E0.02515
G1 X32.2 Y-3.373 E0.03256
G1 F3857.1 X32.626 Y-3.551 E0.01397
G1 F3461.5 X33.916 Y-3.686 E0.04374
G1 F3963.3 X35.063 Y-3.784 E0.03391
G1 F4390.2 X35.95 Y-3.844 E0.02364
G1 F4757.7 X36.917 Y-3.896 E0.02376
G1 F3354 X37.351 Y-4.126 E0.0171
G1 F2640.6 X39.157 Y-4.157 E0.07986
G1 F3600 E-1
G0 F12000 X31.915 Y-3.166
G0 X28.883 Y-2.559
G0 X26.428 Y-1.9
G0 X5.655 Y4.491
G0 X4.958 Y4.75
;TYPE:WALL-OUTER
G1 F3600 E1
G1 F2400 X12.805 Y4.75 E0.19085
G1 X13.868 Y4.051 E0.03094
G1 X14.872 Y3.428 E0.02874
G1 X15.878 Y2.833 E0.02843
G1 X16.883 Y2.274 E0.02797
G1 X17.884 Y1.747 E0.02751
G1 X18.889 Y1.249 E0.02728
G1 X19.895 Y0.775 E0.02705
G1 X20.899 Y0.333 E0.02668
G1 X21.906 Y-0.086 E0.02653
G1 X22.914 Y-.472 E0.02625
G1 X23.915 Y-.833 E0.02588
G1 X24.888 Y-1.163 E0.02499
G1 X25.926 Y-1.493 E0.02649
G1 X26.93 Y-1.782 E0.02541
G1 X27.94 Y-2.055 E0.02545
G1 X28.941 Y-2.3 E0.02506
G1 X29.951 Y-2.526 E0.02517
G1 X30.956 Y-2.727 E0.02493
G1 X32.017 Y-2.916 E0.02621
G1 X32.966 Y-3.064 E0.02336
G1 X33.971 Y-3.201 E0.02467
G1 X35.105 Y-3.329 E0.02776
G1 X35.982 Y-3.41 E0.02142
G1 X36.986 Y-3.482 E0.02448
G1 X37.993 Y-3.534 E0.02452
G1 X38.997 Y-3.562 E0.02443
G1 X39.75 Y-3.572 E0.01832
G1 X39.75 Y-4.75 E0.02865
G1 X20.685 Y-4.75 E0.46369
G1 X19.536 Y-4.289 E0.03011
G1 X18.148 Y-3.689 E0.03678
G1 X17.468 Y-3.378 E0.01819
G1 X16.122 Y-2.729 E0.03634
G1 X15.47 Y-2.397 E0.0178
G1 X14.185 Y-1.713 E0.0354
G1 X12.893 Y-.973 E0.03621
G1 X11.681 Y-.236 E0.0345
G1 X10.45 Y0.558 E0.03563
G1 X9.277 Y1.36 E0.03456
G1 X8.725 Y1.754 E0.01649
G1 X7.554 Y2.622 E0.03545
G1 X6.448 Y3.496 E0.03428
G1 X5.365 Y4.396 E0.03425
G1 X4.958 Y4.75 E0.01312
G0 F12000 X5.758 Y4.75
G1 F3600 E-1
;MESH:NONMESH
G0 F600 X5.758 Y4.75 Z22.79
G0 F12000 X5.758 Y4.425
G0 X9.522 Y2.198
G0 X9.441 Y2.084
;TIME_ELAPSED:570.939236
;LAYER:173
;TYPE:FILL
;MESH:bridge_3a.stl
G1 F3600 E1
G1 F9600 X9.404 Y2.709 E0.01523
G1 X9.172 Y3.612 E0.02268
G1 X9.03 Y3.921 E0.00827
G1 X12.307 Y3.92 E0.0797
G1 X13.424 Y3.181 E0.03257
G1 X14.432 Y2.558 E0.02882
G1 X15.439 Y1.969 E0.02837
G1 X15.319 Y1.806 E0.00492
G1 X14.319 Y0.903 E0.03277
G1 X13.168 Y0.00 E0.03558
G1 X12.988 Y-.224 E0.00699
G1 X13.847 Y-.726 E0.0242
G1 X15.102 Y-1.425 E0.03494
G1 X15.734 Y-1.759 E0.01739
G1 X17.051 Y-2.417 E0.03581
G1 X17.72 Y-2.735 E0.01802
G1 X19.069 Y-3.34 E0.03596
G1 X19.723 Y-3.62 E0.0173
G1 X20.139 Y-2.709 E0.02436
G1 X20.802 Y-1.806 E0.02725
G1 X21.663 Y-1.029 E0.02821
G1 X22.622 Y-1.397 E0.02498
G1 X23.651 Y-1.771 E0.02663
G1 X24.634 Y-2.105 E0.02525
G1 X25.703 Y-2.438 E0.02723
G1 X26.724 Y-2.735 E0.02586
G1 X26.949 Y-3.612 E0.02202
G1 X27.09 Y-3.92 E0.00824
G1 F3600 E-1
G0 F12000 X19.723 Y-3.62
G1 F3600 E1
G1 F9600 X19.725 Y-3.612 E0.0002
G1 X19.723 Y-3.62 E0.0002
G1 F3600 E-1
G0 F12000 X35.476 Y-4.128
;TYPE:WALL-INNER
G1 F3600 E1
G1 F3343.7 X35.026 Y-4.329 E0.01721
G1 F4528.3 X33.871 Y-4.296 E0.02979
G1 F3970.6 X32.845 Y-4.261 E0.03018
G1 F3512.2 X31.863 Y-4.223 E0.03267
G1 F3588 X31.327 Y-4.274 E0.01752
G1 F4320 X30.79 Y-4.325 E0.01458
G1 F4800 X20.38 Y-4.325 E0.25319
G1 X19.604 Y-4.01 E0.02037
G1 X18.911 Y-3.714 E0.01833
G1 X17.542 Y-3.098 E0.03651
G1 X16.877 Y-2.784 E0.01789
G1 X15.554 Y-2.122 E0.03598
G1 X14.915 Y-1.784 E0.01758
G1 X13.645 Y-1.078 E0.03534
G1 X13.017 Y-.715 E0.01764
G1 X11.824 Y0.011 E0.03397
G1 X10.585 Y0.809 E0.03584
G1 X9.419 Y1.606 E0.03435
G1 X8.848 Y2.013 E0.01705
G1 X7.719 Y2.855 E0.03425
G1 X6.617 Y3.724 E0.03413
G1 X5.887 Y4.326 E0.02301
G1 X12.429 Y4.325 E0.15911
G1 X13.644 Y3.522 E0.03542
G1 X14.634 Y2.909 E0.02832
G1 X15.671 Y2.302 E0.02922
G1 X16.685 Y1.738 E0.02822
G1 X17.696 Y1.207 E0.02777
G1 X18.711 Y0.703 E0.02756
G1 X19.724 Y0.234 E0.02715
G1 X20.738 Y-.213 E0.02695
G1 X21.754 Y-.631 E0.02672
G1 X22.768 Y-1.018 E0.0264
G1 X23.779 Y-1.388 E0.02618
G1 X24.762 Y-1.721 E0.02524
G1 X25.813 Y-2.049 E0.02678
G1 X26.824 Y-2.34 E0.02559
G1 X27.835 Y-2.612 E0.02546
G1 X28.848 Y-2.859 E0.02536
G1 X29.867 Y-3.087 E0.0254
G1 X30.881 Y-3.289 E0.02515
G1 F4320 X31.4 Y-3.433 E0.01456
G1 F3588 X31.92 Y-3.577 E0.01756
G1 F3517.9 X32.9 Y-3.688 E0.03273
G1 F3985.2 X33.92 Y-3.791 E0.03003
G1 F4537.8 X35.046 Y-3.885 E0.02907
G1 F3343.7 X35.476 Y-4.128 E0.01724
G1 F2737.6 X36.941 Y-4.185 E0.06252
G1 F3072.5 X37.959 Y-4.211 E0.03869
G1 F3277.7 X39.229 Y-4.229 E0.04524
G1 F3600 E-1
G0 F12000 X32.926 Y-3.469
G0 X29.894 Y-2.928
G0 X26.862 Y-2.185
G0 X5.435 Y4.49
G0 X4.74 Y4.75
;TYPE:WALL-OUTER
G1 F3600 E1
G1 F2400 X12.556 Y4.75 E0.1901
G1 X13.868 Y3.883 E0.03825
G1 X14.849 Y3.276 E0.02806
G1 X15.878 Y2.673 E0.02901
G1 X16.883 Y2.114 E0.02797
G1 X17.884 Y1.588 E0.0275
G1 X18.89 Y1.089 E0.02731
G1 X19.895 Y0.623 E0.02694
G1 X20.9 Y0.18 E0.02671
G1 X21.906 Y-.234 E0.02646
G1 X22.914 Y-.619 E0.02624
G1 X23.915 Y-.985 E0.02592
G1 X24.889 Y-1.315 E0.02501
G1 X25.93 Y-1.641 E0.02653
G1 X26.935 Y-1.93 E0.02543
G1 X27.936 Y-2.199 E0.02521
G1 X28.941 Y-2.445 E0.02516
G1 X29.95 Y-2.67 E0.02514
G1 X30.956 Y-2.871 E0.02495
G1 X32.018 Y-3.06 E0.02624
G1 X32.966 Y-3.204 E0.02332
G1 X33.971 Y-3.341 E0.02467
G1 X35.032 Y-3.461 E0.02597
G1 X35.982 Y-3.55 E0.02321
G1 X36.987 Y-3.622 E0.02451
G1 X37.992 Y-3.674 E0.02448
G1 X38.998 Y-3.706 E0.02448
G1 X39.75 Y-3.713 E0.01829
G1 X39.75 Y-4.75 E0.02522
G1 X20.297 Y-4.75 E0.47313
G1 X19.437 Y-4.401 E0.02257
G1 X18.737 Y-4.101 E0.01852
G1 X17.36 Y-3.482 E0.03672
G1 X16.687 Y-3.164 E0.0181
G1 X15.356 Y-2.497 E0.03621
G1 X14.709 Y-2.155 E0.0178
G1 X13.433 Y-1.446 E0.0355
G1 X12.796 Y-1.078 E0.01789
G1 X11.577 Y-.336 E0.03471
G1 X10.345 Y0.458 E0.03565
G1 X9.173 Y1.26 E0.03454
G1 X8.594 Y1.672 E0.01728
G1 X7.456 Y2.521 E0.03453
G1 X6.347 Y3.396 E0.03436
G1 X5.26 Y4.293 E0.03428
G1 X4.74 Y4.75 E0.01684
G0 F12000 X5.54 Y4.75
G1 F3600 E-1
;MESH:NONMESH
G0 F600 X5.54 Y4.75 Z22.92
G0 F12000 X5.54 Y4.425
G0 X9.054 Y3.919
;TIME_ELAPSED:574.987257
;LAYER:174
;TYPE:FILL
;MESH:bridge_3a.stl
G1 F3600 E1
G1 F9600 X9.208 Y3.612 E0.00835
G1 X9.48 Y2.709 E0.02294
G1 X9.58 Y1.82 E0.02176
G1 X10.681 Y1.059 E0.03255
G1 X11.896 Y0.278 E0.03513
G1 X12.763 Y-.252 E0.02471
G1 X12.96 Y0.00 E0.00778
G1 X14.188 Y0.903 E0.03707
G1 X15.337 Y1.866 E0.03646
G1 X16.487 Y1.222 E0.03206
G1 X17.511 Y0.69 E0.02807
G1 X18.611 Y0.147 E0.02984
G1 X19.531 Y-.276 E0.02463
G1 X20.58 Y-.741 E0.02791
G1 X21.624 Y-1.162 E0.02738
G1 X20.856 Y-1.806 E0.02438
G1 X20.142 Y-2.709 E0.028
G1 X19.627 Y-3.735 E0.02792
G1 X20.055 Y-3.92 E0.01134
G1 X27.068 Y-3.92 E0.17057
G1 X26.913 Y-3.612 E0.00839
G1 X26.69 Y-2.873 E0.01877
G1 F3600 E-1
G0 F12000 X34.124 Y-4.128
;TYPE:WALL-INNER
G1 F3600 E1
G1 F3333.3 X33.675 Y-4.326 E0.01719
G1 F4518.8 X32.856 Y-4.297 E0.02117
G1 F3985.2 X31.901 Y-4.261 E0.028
G1 F4202.3 X30.783 Y-4.324 E0.03111
G1 F4800 X19.997 Y-4.325 E0.26233
G1 X19.511 Y-4.126 E0.01277
G1 X18.256 Y-3.581 E0.03328
G1 X17.436 Y-3.208 E0.02191
G1 X16.775 Y-2.89 E0.01784
G1 X15.452 Y-2.226 E0.036
G1 X14.812 Y-1.888 E0.0176
G1 X13.54 Y-1.182 E0.03538
G1 X12.912 Y-.818 E0.01765
G1 X11.686 Y-0.068 E0.03496
G1 X10.463 Y0.717 E0.03535
G1 X9.904 Y1.097 E0.01644
G1 X8.768 Y1.895 E0.03376
G1 X7.619 Y2.754 E0.03489
G1 X6.513 Y3.625 E0.03424
G1 X5.667 Y4.324 E0.02669
G1 X12.172 Y4.325 E0.15821
G1 X12.63 Y4.014 E0.01346
G1 X13.533 Y3.425 E0.02622
G1 X14.635 Y2.745 E0.03149
G1 X15.667 Y2.142 E0.02907
G1 X16.684 Y1.577 E0.0283
G1 X17.696 Y1.05 E0.02775
G1 X18.79 Y0.51 E0.02967
G1 X19.694 Y0.094 E0.0242
G1 X20.741 Y-.37 E0.02785
G1 X21.758 Y-.783 E0.0267
G1 X22.768 Y-1.17 E0.02631
G1 X23.781 Y-1.541 E0.02624
G1 X24.761 Y-1.868 E0.02513
G1 X25.809 Y-2.197 E0.02672
G1 X26.824 Y-2.489 E0.02569
G1 X27.828 Y-2.754 E0.02526
G1 X28.851 Y-3.008 E0.02564
G1 X29.87 Y-3.231 E0.02537
G1 X30.879 Y-3.429 E0.02501
G1 F4202.3 X31.944 Y-3.687 E0.03044
G1 F3985.2 X32.905 Y-3.796 E0.02833
G1 F4518.8 X33.705 Y-3.878 E0.02078
G1 F3333.3 X34.124 Y-4.128 E0.01709
G1 F2710.2 X34.959 Y-4.175 E0.03603
G1 F3072.5 X35.928 Y-4.22 E0.03686
G1 F3472.7 X36.947 Y-4.257 E0.03428
G1 F3843.4 X37.966 Y-4.282 E0.03096
G1 F4161.8 X39.3 Y-4.3 E0.03742
G1 F3600 E-1
G0 F12000 X32.927 Y-3.611
G0 X29.895 Y-3.073
G0 X26.863 Y-2.334
G0 X5.222 Y4.49
G0 X4.529 Y4.75
;TYPE:WALL-OUTER
G1 F3600 E1
G1 F2400 X12.303 Y4.75 E0.18908
G1 X12.897 Y4.348 E0.01744
G1 X13.756 Y3.787 E0.02495
G1 X14.849 Y3.112 E0.03124
G1 X15.874 Y2.513 E0.02887
G1 X16.88 Y1.954 E0.02799
G1 X17.885 Y1.431 E0.02755
G1 X18.967 Y0.896 E0.02936
G1 X19.866 Y0.483 E0.02406
G1 X20.901 Y0.024 E0.02754
G1 X21.91 Y-.386 E0.02649
G1 X22.914 Y-.771 E0.02615
G1 X23.916 Y-1.138 E0.02595
G1 X24.889 Y-1.463 E0.02495
G1 X25.926 Y-1.789 E0.02644
G1 X26.932 Y-2.078 E0.02546
G1 X27.939 Y-2.343 E0.02533
G1 X28.942 Y-2.593 E0.02514
G1 X29.951 Y-2.814 E0.02512
G1 X30.955 Y-3.011 E0.02488
G1 X32.018 Y-3.204 E0.02628
G1 X32.966 Y-3.348 E0.02332
G1 X33.971 Y-3.485 E0.02467
G1 X35.028 Y-3.605 E0.02587
G1 X35.982 Y-3.694 E0.0233
G1 X36.987 Y-3.766 E0.02451
G1 X37.991 Y-3.814 E0.02445
G1 X38.997 Y-3.846 E0.02448
G1 X39.75 Y-3.856 E0.01832
G1 X39.75 Y-4.75 E0.02174
G1 X19.914 Y-4.75 E0.48244
G1 X19.323 Y-4.507 E0.01554
G1 X18.081 Y-3.968 E0.03293
G1 X17.252 Y-3.591 E0.02215
G1 X16.584 Y-3.27 E0.01803
G1 X15.254 Y-2.602 E0.0362
G1 X14.606 Y-2.26 E0.01782
G1 X13.328 Y-1.55 E0.03556
G1 X12.691 Y-1.181 E0.0179
G1 X11.456 Y-.426 E0.03521
G1 X10.225 Y0.365 E0.03559
G1 X9.659 Y0.749 E0.01664
G1 X8.484 Y1.577 E0.03496
G1 X7.357 Y2.42 E0.03423
G1 X6.242 Y3.297 E0.0345
G1 X5.16 Y4.193 E0.03417
G1 X4.529 Y4.75 E0.02047
G0 F12000 X5.329 Y4.75
G1 F3600 E-1
;MESH:NONMESH
G0 F600 X5.329 Y4.75 Z23.05
G0 F12000 X5.329 Y4.425
G0 X9.081 Y3.92
;TIME_ELAPSED:578.817306
;LAYER:175
;TYPE:FILL
;MESH:bridge_3a.stl
G1 F3600 E1
G1 F9600 X9.249 Y3.612 E0.00853
G1 X9.562 Y2.709 E0.02324
G1 X9.717 Y1.806 E0.02228
G1 X9.693 Y1.569 E0.00579
G1 X10.629 Y0.929 E0.02758
G1 X11.841 Y0.142 E0.03515
G1 X12.521 Y-.266 E0.01929
G1 X12.719 Y0.00 E0.00807
G1 X14.045 Y0.903 E0.03902
G1 X15.188 Y1.786 E0.03513
G1 X16.491 Y1.061 E0.03627
G1 X17.591 Y0.488 E0.03017
G1 X18.526 Y0.03 E0.02532
G1 X19.529 Y-.431 E0.02685
G1 X20.594 Y-.898 E0.02828
G1 X21.572 Y-1.293 E0.02565
G1 X20.908 Y-1.806 E0.02041
G1 X20.14 Y-2.709 E0.02883
G1 X19.648 Y-3.612 E0.02501
G1 X19.563 Y-3.857 E0.00631
G1 X19.712 Y-3.92 E0.00393
G1 X27.04 Y-3.92 E0.17823
G1 X26.872 Y-3.612 E0.00853
G1 X26.665 Y-3.014 E0.01539
G1 F3600 E-1
G0 F12000 X33.034 Y-4.129
;TYPE:WALL-INNER
G1 F3600 E1
G1 F3323.1 X32.585 Y-4.323 E0.01718
G1 F4481.3 X31.888 Y-4.296 E0.01817
G1 F4509.4 X30.793 Y-4.325 E0.02836
G1 F4800 X19.629 Y-4.325 E0.27152
G1 X18.69 Y-3.928 E0.0248
G1 X17.33 Y-3.314 E0.03629
G1 X16.663 Y-2.997 E0.01796
G1 X15.348 Y-2.334 E0.03582
G1 X14.707 Y-1.993 E0.01766
G1 X13.428 Y-1.282 E0.03559
G1 X12.818 Y-.924 E0.0172
G1 X11.623 Y-.2 E0.03398
G1 X10.43 Y0.573 E0.03457
G1 X9.802 Y0.997 E0.01843
G1 X8.637 Y1.815 E0.03462
G1 X8.084 Y2.224 E0.01673
G1 X6.959 Y3.085 E0.03446
G1 X5.874 Y3.965 E0.03398
G1 X5.453 Y4.324 E0.01346
G1 X11.924 Y4.325 E0.15738
G1 X12.628 Y3.845 E0.02072
G1 X13.641 Y3.189 E0.02935
G1 X14.657 Y2.564 E0.02901
G1 X15.669 Y1.976 E0.02847
G1 X16.614 Y1.454 E0.02626
G1 X17.775 Y0.849 E0.03184
G1 X18.705 Y0.395 E0.02517
G1 X19.697 Y-0.063 E0.02657
G1 X20.744 Y-.521 E0.02779
G1 X21.757 Y-.934 E0.02661
G1 X22.767 Y-1.323 E0.02632
G1 X23.781 Y-1.689 E0.02622
G1 X24.761 Y-2.017 E0.02513
G1 X25.809 Y-2.345 E0.02671
G1 X26.824 Y-2.637 E0.02569
G1 X27.839 Y-2.904 E0.02553
G1 X28.851 Y-3.152 E0.02534
G1 X29.867 Y-3.374 E0.02529
G1 F4509.4 X31.932 Y-3.793 E0.05455
G1 F4481.3 X32.619 Y-3.871 E0.01801
G1 F3323.1 X33.034 Y-4.129 E0.01717
G1 F2751.6 X33.908 Y-4.187 E0.03716
G1 F3253 X34.986 Y-4.249 E0.03875
G1 F3850.3 X35.949 Y-4.291 E0.02923
G1 F4481.3 X36.964 Y-4.328 E0.02646
G1 F3600 E-1
G0 F12000 X30.905 Y-3.418
G0 X27.874 Y-2.748
G0 X26.155 Y-2.252
G0 X5.006 Y4.491
G0 X4.313 Y4.749
;TYPE:WALL-OUTER
G1 F3600 E1
G1 F2400 X12.055 Y4.75 E0.1883
G1 X12.86 Y4.202 E0.02368
G1 X13.864 Y3.551 E0.0291
G1 X14.87 Y2.931 E0.02874
G1 X15.875 Y2.349 E0.02825
G1 X16.88 Y1.794 E0.02792
G1 X17.962 Y1.231 E0.02967
G1 X18.883 Y0.78 E0.02494
G1 X19.867 Y0.326 E0.02636
G1 X20.93 Y-.138 E0.02821
G1 X21.91 Y-.538 E0.02574
G1 X22.911 Y-.924 E0.02609
G1 X23.916 Y-1.286 E0.02598
G1 X24.889 Y-1.611 E0.02495
G1 X25.926 Y-1.937 E0.02644
G1 X26.932 Y-2.226 E0.02546
G1 X27.94 Y-2.491 E0.02535
G1 X28.942 Y-2.737 E0.02509
G1 X29.95 Y-2.958 E0.0251
G1 X30.956 Y-3.159 E0.02495
G1 X32.018 Y-3.348 E0.02624
G1 X32.966 Y-3.492 E0.02332
G1 X33.971 Y-3.629 E0.02467
G1 X35.03 Y-3.75 E0.02592
G1 X35.982 Y-3.834 E0.02324
G1 X36.986 Y-3.906 E0.02448
G1 F1942.4 X37.429 Y-4.035 E0.01387
G1 F1671.8 X38.997 Y-4.08 E0.05477
G1 F1714.3 X39.661 Y-4.084 E0.02261
G1 F1717 X39.661 Y-4.661 E0.01962
G1 F1671.8 X37.414 Y-4.645 E0.07846
G1 F1942.4 X36.964 Y-4.75 E0.01389
G1 F2400 X19.543 Y-4.75 E0.4237
G1 X18.515 Y-4.315 E0.02715
G1 X17.147 Y-3.698 E0.0365
G1 X16.472 Y-3.376 E0.01819
G1 X15.149 Y-2.71 E0.03602
G1 X14.501 Y-2.365 E0.01785
G1 X13.214 Y-1.649 E0.03582
G1 X12.597 Y-1.288 E0.01739
G1 X11.397 Y-.56 E0.03414
G1 X10.192 Y0.221 E0.03492
G1 X9.558 Y0.649 E0.0186
G1 X8.384 Y1.473 E0.03488
G1 X7.826 Y1.886 E0.01688
G1 X6.692 Y2.754 E0.03473
G1 X5.599 Y3.642 E0.03425
G1 X4.313 Y4.749 E0.04127
G0 F12000 X5.113 Y4.749
G1 F3600 E-1
;MESH:NONMESH
G0 F600 X5.113 Y4.749 Z23.18
G0 F12000 X5.113 Y4.425
G0 X9.114 Y3.919
;TIME_ELAPSED:582.636372
;LAYER:176
;TYPE:FILL
;MESH:bridge_3a.stl
G1 F3600 E1
G1 F9600 X9.295 Y3.612 E0.00867
G1 X9.65 Y2.709 E0.0236
G1 X9.861 Y1.806 E0.02255
G1 X9.858 Y1.278 E0.01284
G1 X11.1 Y0.447 E0.03635
G1 X11.695 Y0.067 E0.01717
G1 X12.247 Y-.269 E0.01572
G1 X12.43 Y0.00 E0.00791
G1 X13.886 Y0.903 E0.04167
G1 X15.033 Y1.714 E0.03417
G1 X15.468 Y1.461 E0.01224
G1 X16.499 Y0.897 E0.02858
G1 X17.592 Y0.328 E0.02997
G1 X18.544 Y-.133 E0.02573
G1 X19.56 Y-.605 E0.02725
G1 X20.557 Y-1.031 E0.02637
G1 X21.503 Y-1.421 E0.02489
G1 X20.959 Y-1.806 E0.01621
G1 X20.134 Y-2.709 E0.02975
G1 X19.602 Y-3.612 E0.02549
G1 X19.481 Y-3.919 E0.00803
G1 X27.007 Y-3.92 E0.18304
G1 X26.826 Y-3.612 E0.00869
G1 X26.645 Y-3.152 E0.01202
G1 F3600 E-1
G0 F12000 X32.105 Y-4.129
;TYPE:WALL-INNER
G1 F3600 E1
G1 F3312.9 X31.656 Y-4.321 E0.01721
G1 F4354.8 X30.811 Y-4.284 E0.02267
G1 F3698.6 X29.767 Y-4.232 E0.03299
G1 F3985.2 X28.743 Y-4.325 E0.03012
G1 F4800 X19.261 Y-4.324 E0.23062
G1 X17.919 Y-3.741 E0.03559
G1 X16.562 Y-3.1 E0.0365
G1 X15.9 Y-2.773 E0.01796
G1 X14.594 Y-2.093 E0.03581
G1 X13.326 Y-1.389 E0.03527
G1 X12.715 Y-1.029 E0.01725
G1 X11.482 Y-.277 E0.03513
G1 X10.876 Y0.109 E0.01747
G1 X9.71 Y0.886 E0.03408
G1 X8.532 Y1.715 E0.03503
G1 X7.404 Y2.561 E0.03429
G1 X6.861 Y2.983 E0.01673
G1 X5.775 Y3.865 E0.03403
G1 X5.237 Y4.324 E0.0172
G1 X11.675 Y4.325 E0.15658
G1 X12.63 Y3.672 E0.02814
G1 X13.644 Y3.019 E0.02933
G1 X14.632 Y2.416 E0.02815
G1 X15.671 Y1.811 E0.02924
G1 X16.684 Y1.257 E0.02808
G1 X17.777 Y0.688 E0.02997
G1 X18.711 Y0.235 E0.02525
G1 X19.73 Y-.237 E0.02731
G1 X20.71 Y-.657 E0.02593
G1 X21.754 Y-1.087 E0.02746
G1 X22.769 Y-1.476 E0.02644
G1 X23.781 Y-1.837 E0.02613
G1 X24.761 Y-2.164 E0.02513
G1 X25.811 Y-2.494 E0.02677
G1 X26.821 Y-2.781 E0.02554
G1 X27.842 Y-3.053 E0.0257
G1 X28.854 Y-3.296 E0.02531
G1 F3985.2 X29.835 Y-3.606 E0.03014
G1 F3711.3 X30.874 Y-3.757 E0.03303
G1 F4363.6 X31.696 Y-3.866 E0.02218
G1 F3312.9 X32.105 Y-4.129 E0.01714
G1 F2758.6 X32.891 Y-4.188 E0.03336
G1 F3302.8 X33.916 Y-4.258 E0.03632
G1 F4114.3 X34.992 Y-4.319 E0.03058
G1 F3600 E-1
G0 F12000 X28.884 Y-3.138
G0 X26.156 Y-2.417
G0 X4.789 Y4.491
G0 X4.085 Y4.75
;TYPE:WALL-OUTER
G1 F3600 E1
G1 F2400 X11.806 Y4.75 E0.18779
G1 X12.86 Y4.029 E0.03106
G1 X13.865 Y3.382 E0.02907
G1 X14.846 Y2.783 E0.02796
G1 X15.875 Y2.184 E0.02896
G1 X16.88 Y1.634 E0.02786
G1 X17.962 Y1.071 E0.02967
G1 X18.89 Y0.621 E0.02508
G1 X19.897 Y0.154 E0.027
G1 X20.872 Y-.264 E0.0258
G1 X21.906 Y-.69 E0.0272
G1 X22.912 Y-1.076 E0.02621
G1 X23.916 Y-1.434 E0.02592
G1 X24.889 Y-1.759 E0.02495
G1 X25.927 Y-2.085 E0.02646
G1 X26.931 Y-2.37 E0.02538
G1 X27.941 Y-2.64 E0.02543
G1 X28.946 Y-2.881 E0.02514
G1 X29.951 Y-3.102 E0.02503
G1 X30.956 Y-3.299 E0.02491
G1 X32.018 Y-3.488 E0.02624
G1 X32.966 Y-3.632 E0.02332
G1 X33.971 Y-3.769 E0.02467
G1 X35.03 Y-3.889 E0.02592
G1 F1942.4 X35.487 Y-4.036 E0.01443
G1 F1708.9 X36.983 Y-4.122 E0.05118
G1 F1830.5 X37.99 Y-4.161 E0.03214
G1 F1901.4 X38.997 Y-4.185 E0.03092
G1 F1932 X39.696 Y-4.19 E0.02112
G1 F1935.5 X39.696 Y-4.696 E0.01526
G1 F1862.1 X36.957 Y-4.674 E0.08586
G1 F1708.9 X35.461 Y-4.645 E0.05111
G1 F1942.4 X34.992 Y-4.75 E0.01444
G1 F2400 X19.173 Y-4.749 E0.38474
G1 X17.744 Y-4.128 E0.0379
G1 X16.374 Y-3.481 E0.03685
G1 X15.705 Y-3.15 E0.01815
G1 X14.388 Y-2.465 E0.03611
G1 X13.11 Y-1.755 E0.03556
G1 X12.494 Y-1.392 E0.01739
G1 X11.254 Y-.636 E0.03532
G1 X10.641 Y-.245 E0.01768
G1 X9.446 Y0.552 E0.03494
G1 X8.277 Y1.375 E0.03477
G1 X7.144 Y2.225 E0.03445
G1 X6.594 Y2.653 E0.01695
G1 X5.499 Y3.542 E0.0343
G1 X4.085 Y4.75 E0.04523
G0 F12000 X4.885 Y4.75
G1 F3600 E-1
;MESH:NONMESH
G0 F600 X4.885 Y4.75 Z23.31
G0 F12000 X4.885 Y4.425
G0 X9.151 Y3.92
;TIME_ELAPSED:586.452080
;LAYER:177
;TYPE:FILL
;MESH:bridge_3a.stl
G1 F3600 E1
G1 F9600 X9.347 Y3.612 E0.00888
G1 X9.743 Y2.709 E0.02398
G1 X10.016 Y1.806 E0.02294
G1 X10.12 Y0.932 E0.02141
G1 X10.986 Y0.352 E0.02535
G1 X11.923 Y-.231 E0.02684
G1 X12.052 Y0.00 E0.00643
G1 X13.703 Y0.903 E0.04577
G1 X14.866 Y1.648 E0.03359
G1 X15.893 Y1.055 E0.02884
G1 X15.893 Y1.066 E0.00027
G1 X16.375 Y0.804 E0.01334
G1 X17.524 Y0.208 E0.03148
G1 X18.537 Y-.286 E0.02741
G1 X19.575 Y-.765 E0.0278
G1 X20.554 Y-1.186 E0.02592
G1 X21.424 Y-1.54 E0.02284
G1 X21.008 Y-1.806 E0.01201
G1 X20.124 Y-2.709 E0.03073
G1 X19.55 Y-3.612 E0.02602
G1 X19.415 Y-3.919 E0.00816
G1 X26.97 Y-3.92 E0.18375
G1 X26.774 Y-3.612 E0.00888
G1 X26.633 Y-3.29 E0.00855
G1 F3600 E-1
G0 F12000 X26.634 Y-3.29
G0 X31.933 Y-4.187
;TYPE:WALL-INNER
G1 F3600 E1
G1 F3282.7 X31.387 Y-4.254 E0.01956
G1 F4114.3 X30.841 Y-4.321 E0.01561
G1 F4757.7 X18.902 Y-4.324 E0.29296
G1 F4800 X17.792 Y-3.838 E0.02947
G1 X16.453 Y-3.207 E0.036
G1 X15.79 Y-2.879 E0.01799
G1 X14.502 Y-2.202 E0.03539
G1 X13.937 Y-1.893 E0.01566
G1 X12.539 Y-1.091 E0.0392
G1 X10.772 Y0.008 E0.05061
G1 X9.592 Y0.798 E0.03454
G1 X8.434 Y1.614 E0.03445
G1 X7.879 Y2.025 E0.0168
G1 X6.758 Y2.885 E0.03436
G1 X5.674 Y3.765 E0.03396
G1 X5.016 Y4.325 E0.02101
G1 X11.433 Y4.325 E0.15607
G1 X12.632 Y3.499 E0.03541
G1 X13.645 Y2.851 E0.02925
G1 X14.658 Y2.235 E0.02884
G1 X15.748 Y1.607 E0.0306
G1 X16.686 Y1.096 E0.02598
G1 X17.699 Y0.573 E0.02773
G1 X18.712 Y0.079 E0.02741
G1 X19.733 Y-.393 E0.02736
G1 X20.713 Y-.814 E0.02594
G1 X21.828 Y-1.267 E0.02927
G1 X22.757 Y-1.62 E0.02417
G1 X23.781 Y-1.985 E0.02644
G1 X24.762 Y-2.313 E0.02516
G1 X25.799 Y-2.638 E0.02643
G1 X26.824 Y-2.93 E0.02592
G1 X27.842 Y-3.197 E0.0256
G1 X28.852 Y-3.439 E0.02526
G1 X29.875 Y-3.667 E0.02549
G1 F4757.7 X30.881 Y-3.865 E0.02516
G1 F4114.3 X31.407 Y-4.026 E0.01561
G1 F3282.7 X31.933 Y-4.187 E0.01956
G1 F3312.9 X32.9 Y-4.261 E0.03418
G1 F4075.5 X33.642 Y-4.311 E0.0213
G1 F3600 E-1
G0 F12000 X27.875 Y-3.04
G0 X25.418 Y-2.336
G0 X4.571 Y4.494
G0 X3.888 Y4.75
;TYPE:WALL-OUTER
G1 F3600 E1
G1 F2400 X11.566 Y4.75 E0.18674
G1 X12.861 Y3.857 E0.03826
G1 X13.866 Y3.214 E0.02902
G1 X14.871 Y2.603 E0.02861
G1 X15.952 Y1.98 E0.03035
G1 X16.881 Y1.473 E0.02574
G1 X17.886 Y0.955 E0.0275
G1 X18.891 Y0.465 E0.02719
G1 X19.895 Y0.001 E0.0269
G1 X20.873 Y-.42 E0.0259
G1 X21.979 Y-.87 E0.02904
G1 X22.9 Y-1.22 E0.02396
G1 X23.916 Y-1.582 E0.02623
G1 X24.889 Y-1.907 E0.02495
G1 X25.915 Y-2.229 E0.02615
G1 X26.932 Y-2.518 E0.02571
G1 X27.941 Y-2.784 E0.02538
G1 X28.945 Y-3.024 E0.02511
G1 X29.956 Y-3.25 E0.0252
G1 X30.956 Y-3.443 E0.02477
G1 X32.018 Y-3.632 E0.02624
G1 X32.966 Y-3.776 E0.02332
G1 X33.7 Y-3.875 E0.01801
G1 F1942.4 X34.125 Y-4.036 E0.01366
G1 F1698.1 X35.022 Y-4.112 E0.03094
G1 F1836.7 X35.977 Y-4.176 E0.03042
G1 F1963.6 X36.92 Y-4.227 E0.02807
G1 F2084.9 X37.984 Y-4.269 E0.02981
G1 F2177.4 X39.732 Y-4.297 E0.04687
G1 F2217.7 X39.732 Y-4.732 E0.01145
G1 F2177.4 X37.965 Y-4.723 E0.04737
G1 F2014.9 X35.95 Y-4.692 E0.05838
G1 F1759 X34.091 Y-4.645 E0.06171
G1 F1942.4 X33.642 Y-4.75 E0.01386
G1 F2400 X18.813 Y-4.749 E0.36066
G1 X17.64 Y-4.236 E0.03114
G1 X16.265 Y-3.588 E0.03697
G1 X15.618 Y-3.269 E0.01754
G1 X14.299 Y-2.575 E0.03625
G1 X13.726 Y-2.262 E0.01588
G1 X12.348 Y-1.473 E0.03862
G1 X10.535 Y-.346 E0.05192
G1 X9.347 Y0.45 E0.03478
G1 X8.181 Y1.272 E0.0347
G1 X7.621 Y1.688 E0.01697
G1 X6.491 Y2.555 E0.03464
G1 X5.398 Y3.442 E0.03424
G1 X4.327 Y4.355 E0.03423
G1 X3.888 Y4.75 E0.01436
G0 F12000 X4.688 Y4.75
G1 F3600 E-1
;MESH:NONMESH
G0 F600 X4.688 Y4.75 Z23.44
G0 F12000 X4.688 Y4.425
G0 X9.194 Y3.92
;TIME_ELAPSED:590.245339
;LAYER:178
;note -- min layer time used
;TYPE:FILL
;MESH:bridge_3a.stl
G1 F3600 E1
G1 F8782.9 X9.404 Y3.612 E0.00907
G1 X9.844 Y2.709 E0.02443
G1 X10.183 Y1.806 E0.02346
G1 X10.44 Y0.903 E0.02283
G1 X10.373 Y0.59 E0.00779
G1 X10.914 Y0.228 E0.01583
G1 X11.408 Y-0.079 E0.01415
G1 X11.425 Y0.00 E0.00197
G1 X13.483 Y0.903 E0.05466
G1 X14.684 Y1.589 E0.03364
G1 X15.554 Y1.09 E0.02439
G1 X16.507 Y0.575 E0.02635
G1 X17.521 Y0.052 E0.02775
G1 X18.548 Y-.448 E0.02778
G1 X19.571 Y-.915 E0.02735
G1 X20.553 Y-1.338 E0.02601
G1 X21.325 Y-1.653 E0.02028
G1 X21.057 Y-1.806 E0.00751
G1 X20.108 Y-2.709 E0.03186
G1 X19.493 Y-3.612 E0.02657
G1 X19.343 Y-3.92 E0.00833
G1 F3600 E-1
G0 F12000 X30.839 Y-4.162
;TYPE:WALL-INNER
G1 F3600 E1
G1 F2935.8 X30.33 Y-4.243 E0.01933
G1 F3829.8 X29.82 Y-4.324 E0.01485
G1 F4527.6 X18.544 Y-4.325 E0.27425
G1 X17.689 Y-3.945 E0.02276
G1 X16.351 Y-3.312 E0.036
G1 X15.687 Y-2.984 E0.01801
G1 X14.393 Y-2.305 E0.03554
G1 X13.757 Y-1.957 E0.01763
G1 X12.497 Y-1.231 E0.03537
G1 X11.895 Y-.866 E0.01712
G1 X10.669 Y-0.094 E0.03524
G1 X9.495 Y0.692 E0.03436
G1 X8.913 Y1.097 E0.01725
G1 X7.768 Y1.931 E0.03445
G1 X6.66 Y2.785 E0.03402
G1 X5.568 Y3.666 E0.03412
G1 X4.798 Y4.324 E0.02463
G1 X11.184 Y4.325 E0.15532
G1 X11.604 Y4.025 E0.01255
G1 X12.635 Y3.332 E0.03021
G1 X13.647 Y2.682 E0.02925
G1 X14.66 Y2.07 E0.02878
G1 X15.754 Y1.442 E0.03068
G1 X16.69 Y0.936 E0.02588
G1 X17.704 Y0.412 E0.02776
G1 X18.714 Y-0.078 E0.0273
G1 X19.737 Y-.546 E0.02736
G1 X20.712 Y-.965 E0.02581
G1 X21.756 Y-1.391 E0.02742
G1 X22.769 Y-1.776 E0.02636
G1 X23.783 Y-2.137 E0.02618
G1 X24.798 Y-2.474 E0.02601
G1 X25.778 Y-2.774 E0.02493
G1 X26.827 Y-3.073 E0.02653
G1 X27.84 Y-3.341 E0.02549
G1 X28.857 Y-3.588 E0.02545
G1 X29.87 Y-3.807 E0.02521
G1 F3829.8 X30.354 Y-3.984 E0.01482
G1 F2935.8 X30.839 Y-4.162 E0.01938
G1 F2798.7 X31.391 Y-4.211 E0.0218
G1 F3234 X31.944 Y-4.26 E0.0189
G1 F3808.3 X32.566 Y-4.307 E0.01804
G1 F3600 E-1
G0 F12000 X35.975 Y-4.505
G0 X38.6 Y-4.576
;TYPE:WALL-OUTER
G1 F3600 E1
G1 F1684.9 X38.15 Y-4.759 E0.01683
G1 F2432.4 X37.055 Y-4.746 E0.02628
G1 F2168.7 X34.991 Y-4.705 E0.05557
G1 F1894.7 X33.921 Y-4.674 E0.03298
G1 F1714.3 X33.014 Y-4.645 E0.0309
G1 F1942.4 X32.566 Y-4.75 E0.01383
G1 F2400 X18.454 Y-4.75 E0.34322
G1 X17.508 Y-4.329 E0.02518
G1 X16.163 Y-3.693 E0.03619
G1 X15.489 Y-3.36 E0.01828
G1 X14.189 Y-2.678 E0.0357
G1 X13.545 Y-2.326 E0.01785
G1 X12.277 Y-1.595 E0.0356
G1 X11.669 Y-1.226 E0.0173
G1 X10.433 Y-.448 E0.03552
G1 X9.252 Y0.343 E0.03457
G1 X8.664 Y0.753 E0.01743
G1 X7.509 Y1.594 E0.03475
G1 X6.403 Y2.445 E0.03394
G1 X5.293 Y3.343 E0.03473
G1 X4.227 Y4.254 E0.0341
G1 X3.678 Y4.749 E0.01798
G1 X11.32 Y4.75 E0.18586
G1 X11.856 Y4.368 E0.01601
G1 X12.864 Y3.689 E0.02956
G1 X13.866 Y3.046 E0.02896
G1 X14.871 Y2.439 E0.02856
G1 X15.957 Y1.816 E0.03045
G1 X16.885 Y1.313 E0.02567
G1 X17.89 Y0.795 E0.0275
G1 X18.891 Y0.308 E0.02707
G1 X19.905 Y-.155 E0.02711
G1 X20.873 Y-.572 E0.02563
G1 X21.907 Y-.994 E0.02716
G1 X22.912 Y-1.376 E0.02615
G1 X23.917 Y-1.734 E0.02595
G1 X24.922 Y-2.068 E0.02576
G1 X25.895 Y-2.365 E0.02474
G1 X26.936 Y-2.662 E0.02633
G1 X27.94 Y-2.927 E0.02526
G1 X28.947 Y-3.173 E0.02521
G1 X29.951 Y-3.39 E0.02498
G1 X30.956 Y-3.587 E0.02491
G1 X32.012 Y-3.775 E0.02609
G1 X32.632 Y-3.869 E0.01525
G1 F1942.4 X33.053 Y-4.037 E0.01362
G1 F1714.3 X33.963 Y-4.127 E0.03114
G1 F1894.7 X35.025 Y-4.217 E0.03283
G1 F2084.9 X35.98 Y-4.281 E0.0268
G1 F2268.9 X37.075 Y-4.341 E0.02821
G1 F2432.4 X38.155 Y-4.378 E0.02593
G1 F1684.9 X38.6 Y-4.576 E0.01687
G0 F12000 X38.15 Y-4.759
G0 X37.836 Y-4.756
G1 F3600 E-1
G0 F12000 X38.6 Y-4.576
G1 F3600 E1
G1 F1284.2 X39.584 Y-4.584 E0.04473
G1 F3600 E-1
;MESH:NONMESH
G0 F600 X39.584 Y-4.584 Z23.57
G0 F12000 X35.975 Y-4.505
G0 X32.927 Y-4.182
G0 X29.895 Y-3.65
G0 X26.864 Y-2.92
G0 X23.832 Y-1.983
G0 X22.114 Y-1.328
G0 X9.226 Y3.92
;TIME_ELAPSED:594.034236
;LAYER:179
;note -- min layer time used
;TYPE:FILL
;MESH:bridge_3a.stl
G1 F3600 E1
G1 F9329 X9.933 Y2.743 E0.03339
G1 X10.836 Y0.908 E0.04974
G1 X11.739 Y0.535 E0.02376
G1 X12.642 Y0.724 E0.02244
G1 X13.545 Y1.035 E0.02323
G1 X14.542 Y1.501 E0.02677
G1 X15.41 Y1.01 E0.02425
G1 X16.497 Y0.418 E0.0301
G1 X17.533 Y-.114 E0.02833
G1 X18.541 Y-.601 E0.02723
G1 X19.543 Y-1.058 E0.02679
G1 X20.583 Y-1.502 E0.0275
G1 X21.216 Y-1.759 E0.01662
G1 X20.769 Y-2.055 E0.01304
G1 X19.866 Y-2.977 E0.03139
G1 X19.3 Y-3.92 E0.02675
G1 F3600 E-1
G0 F12000 X30.853 Y-4.235
;TYPE:WALL-INNER
G1 F3600 E1
G1 F3924.7 X29.834 Y-4.325 E0.02986
G1 F4709.7 X18.191 Y-4.325 E0.28317
G1 X16.905 Y-3.738 E0.03438
G1 X15.577 Y-3.087 E0.03597
G1 X14.85 Y-2.708 E0.01994
G1 X13.644 Y-2.054 E0.03337
G1 X12.392 Y-1.334 E0.03513
G1 X11.788 Y-.968 E0.01718
G1 X10.592 Y-.21 E0.03444
G1 X9.389 Y0.593 E0.03518
G1 X8.809 Y0.997 E0.01719
G1 X7.666 Y1.829 E0.03438
G1 X6.559 Y2.684 E0.03402
G1 X5.468 Y3.568 E0.03415
G1 X4.583 Y4.325 E0.02832
G1 X10.94 Y4.325 E0.15461
G1 X11.62 Y3.843 E0.02027
G1 X12.636 Y3.163 E0.02973
G1 X13.632 Y2.526 E0.02875
G1 X14.662 Y1.901 E0.0293
G1 X15.609 Y1.363 E0.02649
G1 X16.687 Y0.775 E0.02987
G1 X17.706 Y0.251 E0.02787
G1 X18.716 Y-.235 E0.02726
G1 X19.73 Y-.697 E0.0271
G1 X20.741 Y-1.129 E0.02674
G1 X21.73 Y-1.532 E0.02597
G1 X22.772 Y-1.924 E0.02708
G1 X23.784 Y-2.285 E0.02613
G1 X24.801 Y-2.622 E0.02606
G1 X25.778 Y-2.921 E0.02485
G1 X26.827 Y-3.221 E0.02654
G1 X27.842 Y-3.489 E0.02553
G1 X28.857 Y-3.732 E0.02538
G1 X29.87 Y-3.951 E0.02521
G1 F3924.7 X30.853 Y-4.235 E0.02986
G1 F3757.7 X31.612 Y-4.302 E0.02323
G1 F3600 E-1
G0 F12000 X34.853 Y-4.524
G0 X36.013 Y-4.577
;TYPE:WALL-OUTER
G1 F3600 E1
G1 F1674.4 X35.564 Y-4.754 E0.01682
G1 F2222.2 X33.931 Y-4.711 E0.04291
G1 F1921.7 X32.91 Y-4.677 E0.03103
G1 F1719.7 X32.06 Y-4.646 E0.02887
G1 F1942.4 X31.612 Y-4.75 E0.01382
G1 F2400 X18.099 Y-4.75 E0.32866
G1 X16.718 Y-4.12 E0.03692
G1 X15.381 Y-3.464 E0.03622
G1 X14.735 Y-3.129 E0.0177
G1 X13.433 Y-2.423 E0.03602
G1 X12.172 Y-1.698 E0.03538
G1 X11.561 Y-1.327 E0.01739
G1 X10.339 Y-.551 E0.03521
G1 X9.146 Y0.244 E0.03487
G1 X8.559 Y0.653 E0.0174
G1 X7.406 Y1.492 E0.03468
G1 X6.292 Y2.353 E0.03424
G1 X5.194 Y3.243 E0.03438
G1 X4.659 Y3.693 E0.017
G1 X3.465 Y4.75 E0.03878
G1 X11.076 Y4.75 E0.18511
G1 X11.856 Y4.196 E0.02327
G1 X12.865 Y3.521 E0.02953
G1 X13.866 Y2.882 E0.02888
G1 X14.872 Y2.27 E0.02864
G1 X15.812 Y1.736 E0.02629
G1 X16.881 Y1.153 E0.02961
G1 X17.891 Y0.634 E0.02762
G1 X18.892 Y0.152 E0.02702
G1 X19.897 Y-.306 E0.02686
G1 X20.901 Y-.736 E0.02656
G1 X21.88 Y-1.135 E0.02571
G1 X22.915 Y-1.524 E0.02689
G1 X23.917 Y-1.882 E0.02588
G1 X24.926 Y-2.216 E0.02585
G1 X25.895 Y-2.513 E0.02465
G1 X26.936 Y-2.81 E0.02633
G1 X27.941 Y-3.076 E0.02528
G1 X28.947 Y-3.317 E0.02516
G1 X29.951 Y-3.534 E0.02498
G1 X30.956 Y-3.731 E0.02491
G1 X31.69 Y-3.861 E0.01813
G1 F1942.4 X32.105 Y-4.039 E0.01357
G1 F1719.7 X32.957 Y-4.136 E0.02911
G1 F1928.6 X33.967 Y-4.235 E0.03072
G1 F2173 X35.029 Y-4.325 E0.02863
G1 F2368.4 X35.581 Y-4.362 E0.01363
G1 F1674.4 X36.013 Y-4.577 E0.01682
G0 F12000 X35.564 Y-4.754
G0 X35.248 Y-4.746
G1 F3600 E-1
G0 F12000 X36.013 Y-4.577
G1 F3600 E1
G1 F1331.7 X36.972 Y-4.611 E0.04206
G1 F1436.2 X37.983 Y-4.636 E0.0411
G1 F1523.3 X39.655 Y-4.655 E0.06407
G1 F3600 E-1
;MESH:NONMESH
G0 F600 X39.655 Y-4.655 Z23.7
G0 F12000 X20.81 Y-.963
G0 X9.281 Y3.92
;TIME_ELAPSED:597.732552
;LAYER:180
;note -- min layer time used
;TYPE:FILL
;MESH:bridge_3a.stl
G1 F3600 E1
G1 F8850 X9.933 Y2.945 E0.02853
G1 X10.836 Y1.387 E0.0438
G1 X11.739 Y0.829 E0.02582
G1 X12.642 Y0.886 E0.02201
G1 X13.545 Y1.132 E0.02276
G1 X14.336 Y1.464 E0.02086
G1 X15.485 Y0.804 E0.03223
G1 X16.497 Y0.258 E0.02797
G1 X17.52 Y-.266 E0.02795
G1 X18.554 Y-.762 E0.02789
G1 X19.569 Y-1.222 E0.0271
G1 X20.588 Y-1.66 E0.02698
G1 X21.101 Y-1.864 E0.01343
G1 X20.769 Y-2.069 E0.00949
G1 X19.866 Y-2.928 E0.03031
G1 X19.203 Y-3.92 E0.02902
G1 F3600 E-1
G0 F12000 X29.833 Y-4.207
;TYPE:WALL-INNER
G1 F3600 E1
G1 F3265.5 X29.322 Y-4.266 E0.01743
G1 F4022.6 X28.81 Y-4.325 E0.01418
G1 F4550 X17.818 Y-4.325 E0.26734
G1 X16.282 Y-3.593 E0.04138
G1 X15.481 Y-3.197 E0.02173
G1 X14.803 Y-2.843 E0.0186
G1 X13.542 Y-2.16 E0.03488
G1 X12.925 Y-1.807 E0.01729
G1 X11.698 Y-1.077 E0.03472
G1 X10.45 Y-.285 E0.03595
G1 X9.912 Y0.067 E0.01564
G1 X8.704 Y0.901 E0.0357
G1 X7.566 Y1.729 E0.03423
G1 X6.458 Y2.581 E0.03399
G1 X5.91 Y3.02 E0.01708
G1 X4.838 Y3.915 E0.03396
G1 X4.37 Y4.325 E0.01513
G1 X10.7 Y4.325 E0.15395
G1 X11.62 Y3.67 E0.02747
G1 X12.638 Y2.99 E0.02977
G1 X13.648 Y2.349 E0.02909
G1 X14.66 Y1.742 E0.0287
G1 X15.675 Y1.161 E0.02844
G1 X16.688 Y0.615 E0.02799
G1 X17.703 Y0.095 E0.02774
G1 X18.718 Y-.392 E0.02738
G1 X19.728 Y-.848 E0.02695
G1 X20.745 Y-1.287 E0.02694
G1 X21.727 Y-1.679 E0.02572
G1 X22.769 Y-2.076 E0.02712
G1 X23.786 Y-2.438 E0.02626
G1 X24.801 Y-2.77 E0.02597
G1 X25.778 Y-3.069 E0.02485
G1 X26.827 Y-3.369 E0.02654
G1 X27.816 Y-3.629 E0.02487
G1 X28.857 Y-3.877 E0.02603
G1 F4022.6 X29.345 Y-4.042 E0.01417
G1 F3265.5 X29.833 Y-4.207 E0.01746
G1 F3219.3 X30.356 Y-4.258 E0.01806
G1 F3834.3 X30.879 Y-4.309 E0.01517
G1 F3600 E-1
G0 F12000 X33.637 Y-4.524
G0 X34.556 Y-4.579
;TYPE:WALL-OUTER
G1 F3600 E1
G1 F1666.7 X34.107 Y-4.752 E0.01685
G1 F2222.2 X32.923 Y-4.713 E0.03112
G1 F1928.6 X31.951 Y-4.676 E0.02944
G1 F2065 X30.867 Y-4.75 E0.03071
G1 F2400 X17.75 Y-4.75 E0.31902
G1 X17.237 Y-4.519 E0.01368
G1 X16.093 Y-3.974 E0.03082
G1 X15.285 Y-3.574 E0.02193
G1 X14.601 Y-3.217 E0.01877
G1 X13.332 Y-2.529 E0.03511
G1 X12.707 Y-2.173 E0.01749
G1 X11.475 Y-1.439 E0.03488
G1 X10.217 Y-.64 E0.03625
G1 X9.634 Y-.257 E0.01697
G1 X8.454 Y0.557 E0.03487
G1 X7.307 Y1.392 E0.03451
G1 X6.193 Y2.249 E0.03418
G1 X5.638 Y2.694 E0.0173
G1 X4.557 Y3.595 E0.03423
G1 X3.245 Y4.75 E0.04251
G1 X10.836 Y4.75 E0.18462
G1 X11.856 Y4.024 E0.03045
G1 X12.866 Y3.348 E0.02956
G1 X13.867 Y2.713 E0.02883
G1 X14.871 Y2.11 E0.02848
G1 X15.877 Y1.535 E0.02818
G1 X16.882 Y0.993 E0.02777
G1 X17.887 Y0.478 E0.02747
G1 X18.893 Y-0.004 E0.02713
G1 X19.896 Y-.458 E0.02678
G1 X20.903 Y-.893 E0.02668
G1 X21.878 Y-1.282 E0.02553
G1 X22.912 Y-1.676 E0.02691
G1 X23.918 Y-2.034 E0.02597
G1 X24.926 Y-2.363 E0.02579
G1 X25.895 Y-2.661 E0.02466
G1 X26.936 Y-2.958 E0.02633
G1 X27.914 Y-3.216 E0.0246
G1 X28.947 Y-3.461 E0.02582
G1 X29.952 Y-3.678 E0.02501
G1 X30.956 Y-3.875 E0.02488
G1 F2065 X31.999 Y-4.135 E0.03038
G1 F1928.6 X32.961 Y-4.241 E0.02929
G1 F2222.2 X34.128 Y-4.357 E0.0308
G1 F1666.7 X34.556 Y-4.579 E0.01689
G0 F12000 X34.107 Y-4.752
G0 X33.789 Y-4.742
G1 F3600 E-1
G0 F12000 X34.556 Y-4.579
G1 F3600 E1
G1 F1388.2 X35.969 Y-4.645 E0.05948
G1 F1604.8 X36.977 Y-4.682 E0.03669
G1 F1761.8 X37.986 Y-4.706 E0.03344
G1 F1901.4 X39.726 Y-4.726 E0.05342
G1 F3600 E-1
;MESH:NONMESH
G0 F600 X39.726 Y-4.726 Z23.83
G0 F12000 X20.81 Y-1.119
G0 X9.343 Y3.92
;TIME_ELAPSED:601.386414
;LAYER:181
;note -- min layer time used
;TYPE:FILL
;MESH:bridge_3a.stl
G1 F3600 E1
G1 F8706.4 X9.933 Y3.117 E0.02424
G1 X10.836 Y1.721 E0.04044
G1 X11.739 Y1.08 E0.02693
G1 X12.642 Y1.036 E0.02199
G1 X13.545 Y1.223 E0.02243
G1 X14.1 Y1.431 E0.01442
G1 X15.476 Y0.648 E0.03851
G1 X16.51 Y0.091 E0.02857
G1 X17.52 Y-.423 E0.02756
G1 X18.576 Y-.928 E0.02847
G1 X19.564 Y-1.375 E0.02637
G1 X20.957 Y-1.97 E0.03684
G1 X20.769 Y-2.077 E0.00526
G1 X19.866 Y-2.878 E0.02936
G1 X19.1 Y-3.92 E0.03145
G1 F3600 E-1
G0 F12000 X30.263 Y-4.324
;TYPE:WALL-INNER
G1 F3600 E1
G1 F4502.1 X17.497 Y-4.325 E0.31049
G1 X16.665 Y-3.94 E0.0223
G1 X14.74 Y-2.975 E0.05237
G1 X13.451 Y-2.268 E0.03576
G1 X12.817 Y-1.909 E0.01772
G1 X11.534 Y-1.139 E0.03639
G1 X10.364 Y-.4 E0.03366
G1 X9.784 Y-0.014 E0.01694
G1 X8.622 Y0.783 E0.03427
G1 X7.469 Y1.626 E0.03474
G1 X6.913 Y2.049 E0.01699
G1 X5.811 Y2.922 E0.03419
G1 X4.739 Y3.813 E0.0339
G1 X4.156 Y4.325 E0.01887
G1 X10.46 Y4.325 E0.15332
G1 X11.622 Y3.497 E0.0347
G1 X12.615 Y2.837 E0.029
G1 X13.648 Y2.185 E0.02971
G1 X14.662 Y1.577 E0.02876
G1 X15.675 Y1.001 E0.02834
G1 X16.69 Y0.454 E0.02804
G1 X17.703 Y-0.061 E0.02764
G1 X18.717 Y-.548 E0.02736
G1 X19.73 Y-1.005 E0.02703
G1 X20.745 Y-1.439 E0.02685
G1 X21.728 Y-1.832 E0.02575
G1 X22.775 Y-2.229 E0.02723
G1 X23.789 Y-2.586 E0.02615
G1 X24.801 Y-2.918 E0.0259
G1 X25.78 Y-3.218 E0.0249
G1 X26.83 Y-3.514 E0.02653
G1 X27.842 Y-3.777 E0.02543
G1 X28.857 Y-4.02 E0.02538
G1 X30.263 Y-4.324 E0.03499
G1 F3600 E-1
G0 F12000 X32.53 Y-4.518
G0 X33.399 Y-4.578
;TYPE:WALL-OUTER
G1 F3600 E1
G1 F1664.1 X32.941 Y-4.749 E0.01715
G1 F2199.6 X31.904 Y-4.71 E0.02754
G1 F2204.1 X30.881 Y-4.75 E0.02711
G1 F2400 X17.403 Y-4.75 E0.3278
G1 X16.534 Y-4.349 E0.02328
G1 X15.26 Y-3.718 E0.03458
G1 X14.512 Y-3.334 E0.02045
G1 X13.241 Y-2.638 E0.03524
G1 X12.599 Y-2.274 E0.01795
G1 X11.349 Y-1.524 E0.03545
G1 X10.153 Y-.77 E0.03439
G1 X9.544 Y-.364 E0.0178
G1 X8.35 Y0.456 E0.03523
G1 X7.212 Y1.288 E0.03429
G1 X6.65 Y1.716 E0.01718
G1 X5.539 Y2.595 E0.03446
G1 X4.456 Y3.496 E0.03426
G1 X3.03 Y4.75 E0.04619
G1 X10.596 Y4.75 E0.18402
G1 X11.857 Y3.851 E0.03767
G1 X12.842 Y3.196 E0.02877
G1 X13.867 Y2.549 E0.02948
G1 X14.872 Y1.946 E0.02851
G1 X15.877 Y1.375 E0.02811
G1 X16.882 Y0.833 E0.02777
G1 X17.887 Y0.322 E0.02742
G1 X18.916 Y-.17 E0.02774
G1 X19.897 Y-.614 E0.02619
G1 X20.903 Y-1.045 E0.02662
G1 X21.879 Y-1.434 E0.02555
G1 X22.916 Y-1.828 E0.02698
G1 X23.922 Y-2.182 E0.02594
G1 X24.926 Y-2.512 E0.0257
G1 X25.896 Y-2.809 E0.02467
G1 X26.937 Y-3.102 E0.0263
G1 X27.941 Y-3.364 E0.02524
G1 X28.947 Y-3.605 E0.02516
G1 X29.951 Y-3.822 E0.02498
G1 X30.956 Y-4.018 E0.0249
G1 F2204.1 X31.945 Y-4.234 E0.02681
G1 F2199.6 X32.967 Y-4.349 E0.02729
G1 F1664.1 X33.399 Y-4.578 E0.01715
G0 F12000 X32.941 Y-4.749
G0 X32.631 Y-4.738
G1 F3600 E-1
G0 F12000 X33.399 Y-4.578
G1 F3600 E1
G1 F1336.6 X33.95 Y-4.614 E0.02411
G1 F1521.1 X35.015 Y-4.675 E0.04094
G1 F1779.2 X35.975 Y-4.717 E0.03152
G1 F2033.9 X36.983 Y-4.752 E0.02895
G1 F2293 X37.988 Y-4.778 E0.02559
G1 F2541.2 X39.797 Y-4.797 E0.04156
G1 F3600 E-1
;MESH:NONMESH
G0 F600 X39.797 Y-4.797 Z23.96
G0 F12000 X20.811 Y-1.272
G0 X9.413 Y3.92
;TIME_ELAPSED:604.982836
;LAYER:182
;note -- min layer time used
;TYPE:FILL
;MESH:bridge_3a.stl
G1 F3600 E1
G1 F8418.7 X9.933 Y3.269 E0.02026
G1 X10.836 Y1.987 E0.03814
G1 X11.739 Y1.3 E0.0276
G1 X12.642 Y1.176 E0.02217
G1 X13.545 Y1.309 E0.0222
G1 X13.867 Y1.414 E0.00824
G1 X14.496 Y1.041 E0.01779
G1 X15.481 Y0.483 E0.02753
G1 X16.506 Y-0.063 E0.02825
G1 X17.498 Y-.572 E0.02712
G1 X18.549 Y-1.067 E0.02826
G1 X19.434 Y-1.471 E0.02366
G1 X20.806 Y-2.05 E0.03622
G1 X19.866 Y-2.826 E0.02965
G1 X18.991 Y-3.92 E0.03407
G1 F3600 E-1
G0 F12000 X29.607 Y-4.325
;TYPE:WALL-INNER
G1 F3600 E1
G1 F4406.2 X17.156 Y-4.325 E0.30283
G1 X16.601 Y-4.061 E0.01495
G1 X15.292 Y-3.414 E0.03551
G1 X14.614 Y-3.067 E0.01852
G1 X13.395 Y-2.402 E0.03377
G1 X12.708 Y-2.013 E0.0192
G1 X11.494 Y-1.285 E0.03443
G1 X10.877 Y-.897 E0.01773
G1 X9.667 Y-.108 E0.03513
G1 X8.503 Y0.693 E0.03437
G1 X7.941 Y1.101 E0.01689
G1 X6.809 Y1.953 E0.03446
G1 X5.705 Y2.823 E0.03419
G1 X4.637 Y3.716 E0.03386
G1 X3.947 Y4.322 E0.02234
G1 X10.2 Y4.325 E0.15208
G1 X11.625 Y3.326 E0.04233
G1 X12.636 Y2.652 E0.02955
G1 X13.675 Y1.999 E0.02985
G1 X14.694 Y1.394 E0.02882
G1 X15.678 Y0.836 E0.02751
G1 X16.688 Y0.299 E0.02782
G1 X17.707 Y-.223 E0.02785
G1 X18.715 Y-.699 E0.02711
G1 X19.733 Y-1.162 E0.0272
G1 X20.748 Y-1.591 E0.0268
G1 X21.728 Y-1.983 E0.02567
G1 X22.778 Y-2.382 E0.02732
G1 X23.789 Y-2.734 E0.02604
G1 X24.801 Y-3.066 E0.0259
G1 X25.781 Y-3.367 E0.02493
G1 X26.792 Y-3.65 E0.02553
G1 X27.844 Y-3.925 E0.02645
G1 X28.857 Y-4.164 E0.02531
G1 X29.607 Y-4.325 E0.01866
G1 F3600 E-1
G0 F12000 X31.622 Y-4.517
G0 X32.421 Y-4.58
;TYPE:WALL-OUTER
G1 F3600 E1
G1 F1661.5 X31.972 Y-4.747 E0.01683
G1 F2151.4 X30.89 Y-4.702 E0.02938
G1 F2168.7 X29.863 Y-4.75 E0.02767
G1 F2400 X17.061 Y-4.75 E0.31136
G1 X16.429 Y-4.451 E0.017
G1 X15.098 Y-3.793 E0.03611
G1 X14.411 Y-3.44 E0.01879
G1 X13.186 Y-2.772 E0.03394
G1 X12.514 Y-2.392 E0.01878
G1 X11.271 Y-1.647 E0.03525
G1 X10.646 Y-1.253 E0.01797
G1 X9.426 Y-.458 E0.03542
G1 X8.254 Y0.349 E0.03461
G1 X7.686 Y0.761 E0.01707
G1 X6.545 Y1.619 E0.03472
G1 X5.433 Y2.497 E0.03446
G1 X4.356 Y3.396 E0.03412
G1 X3.302 Y4.324 E0.03416
G1 X2.845 Y4.746 E0.01513
G1 X10.358 Y4.75 E0.18273
G1 X10.852 Y4.387 E0.01491
G1 X11.861 Y3.679 E0.02998
G1 X12.862 Y3.012 E0.02926
G1 X13.892 Y2.365 E0.02958
G1 X14.904 Y1.764 E0.02863
G1 X15.878 Y1.211 E0.02724
G1 X16.882 Y0.677 E0.02766
G1 X17.889 Y0.161 E0.02752
G1 X18.892 Y-.312 E0.02697
G1 X19.898 Y-.771 E0.02689
G1 X20.906 Y-1.197 E0.02662
G1 X21.879 Y-1.586 E0.02549
G1 X22.917 Y-1.981 E0.02701
G1 X23.922 Y-2.33 E0.02587
G1 X24.926 Y-2.66 E0.0257
G1 X25.896 Y-2.957 E0.02467
G1 X26.9 Y-3.238 E0.02536
G1 X27.942 Y-3.512 E0.0262
G1 X28.947 Y-3.749 E0.02511
G1 X29.951 Y-3.966 E0.02498
G1 F2168.7 X30.944 Y-4.21 E0.02752
G1 F2155.7 X32.002 Y-4.345 E0.02888
G1 F1661.5 X32.421 Y-4.58 E0.01688
G0 F12000 X31.972 Y-4.747
G0 X31.652 Y-4.734
G1 F3600 E-1
G0 F12000 X32.421 Y-4.58
G1 F3600 E1
G1 F1345 X32.941 Y-4.62 E0.02263
G1 F1554 X33.959 Y-4.687 E0.03832
G1 F1898.1 X35.024 Y-4.745 E0.0328
G1 F2307.7 X35.981 Y-4.788 E0.02423
G1 F2776.3 X36.987 Y-4.824 E0.02116
G1 F3461.5 X38.996 Y-4.864 E0.03388
G1 F4014.9 X39.867 Y-4.867 E0.01266
G1 F3600 E-1
;MESH:NONMESH
G0 F600 X39.867 Y-4.867 Z24.09
G0 F12000 X14.752 Y1.571
G0 X9.489 Y3.92
;TIME_ELAPSED:608.519828
;LAYER:183
;note -- min layer time used
;TYPE:FILL
;MESH:bridge_3a.stl
G1 F3600 E1
G1 F8160.4 X9.933 Y3.407 E0.0165
G1 X10.836 Y2.212 E0.03643
G1 X11.739 Y1.497 E0.02801
G1 X12.642 Y1.307 E0.02244
G1 X13.624 Y1.395 E0.02398
G1 X14.467 Y0.894 E0.02385
G1 X15.49 Y0.317 E0.02857
G1 X16.5 Y-.221 E0.02783
G1 X17.538 Y-.747 E0.0283
G1 X18.549 Y-1.221 E0.02716
G1 X19.585 Y-1.692 E0.02768
G1 X20.679 Y-2.15 E0.02885
G1 X19.866 Y-2.774 E0.02493
G1 X18.963 Y-3.817 E0.03355
G1 X18.885 Y-3.92 E0.00314
G1 F3600 E-1
G0 F12000 X28.92 Y-4.327
;TYPE:WALL-INNER
G1 F3600 E1
G1 F4320.1 X16.823 Y-4.325 E0.29422
G1 X15.292 Y-3.574 E0.04147
G1 X14.517 Y-3.174 E0.02121
G1 X13.877 Y-2.831 E0.01766
G1 X12.608 Y-2.112 E0.03547
G1 X11.372 Y-1.373 E0.03502
G1 X10.774 Y-.997 E0.01718
G1 X9.569 Y-.21 E0.035
G1 X8.452 Y0.561 E0.03301
G1 X7.83 Y1.006 E0.0186
G1 X6.704 Y1.853 E0.03427
G1 X5.606 Y2.723 E0.03407
G1 X4.537 Y3.616 E0.03388
G1 X3.734 Y4.321 E0.02599
G1 X9.979 Y4.325 E0.15189
G1 X10.611 Y3.861 E0.01907
G1 X11.625 Y3.158 E0.03001
G1 X12.638 Y2.483 E0.02961
G1 X13.675 Y1.835 E0.02974
G1 X14.664 Y1.248 E0.02797
G1 X15.679 Y0.676 E0.02834
G1 X16.69 Y0.138 E0.02785
G1 X17.708 Y-.379 E0.02777
G1 X18.72 Y-.855 E0.0272
G1 X19.738 Y-1.319 E0.02721
G1 X20.748 Y-1.743 E0.02664
G1 X21.73 Y-2.136 E0.02573
G1 X22.778 Y-2.53 E0.02723
G1 X23.789 Y-2.882 E0.02604
G1 X24.801 Y-3.214 E0.0259
G1 X25.782 Y-3.515 E0.02496
G1 X26.895 Y-3.826 E0.02811
G1 X27.841 Y-4.069 E0.02376
G1 X28.92 Y-4.327 E0.02698
G1 F3600 E-1
G0 F12000 X30.795 Y-4.516
G0 X31.536 Y-4.58
;TYPE:WALL-OUTER
G1 F3600 E1
G1 F1666.7 X31.106 Y-4.74 E0.01607
G1 F2389.4 X29.84 Y-4.75 E0.03093
G1 F2400 X16.708 Y-4.75 E0.31939
G1 X15.097 Y-3.952 E0.04373
G1 X14.316 Y-3.549 E0.02137
G1 X13.667 Y-3.201 E0.01791
G1 X12.39 Y-2.477 E0.0357
G1 X11.146 Y-1.734 E0.03524
G1 X10.541 Y-1.353 E0.01739
G1 X9.327 Y-.56 E0.03527
G1 X8.206 Y0.215 E0.03315
G1 X7.575 Y0.666 E0.01886
G1 X6.441 Y1.52 E0.03453
G1 X5.334 Y2.396 E0.03433
G1 X4.263 Y3.29 E0.03393
G1 X3.201 Y4.224 E0.0344
G1 X2.638 Y4.746 E0.01867
G1 X10.118 Y4.75 E0.18192
G1 X10.853 Y4.21 E0.02218
G1 X11.861 Y3.511 E0.02983
G1 X12.863 Y2.844 E0.02928
G1 X13.892 Y2.201 E0.02951
G1 X14.873 Y1.618 E0.02775
G1 X15.878 Y1.051 E0.02806
G1 X16.882 Y0.517 E0.02766
G1 X17.889 Y0.005 E0.02748
G1 X18.896 Y-.468 E0.02706
G1 X19.903 Y-.927 E0.02692
G1 X20.907 Y-1.349 E0.02649
G1 X21.88 Y-1.739 E0.02549
G1 X22.917 Y-2.129 E0.02695
G1 X23.922 Y-2.478 E0.02587
G1 X24.926 Y-2.807 E0.0257
G1 X25.896 Y-3.105 E0.02468
G1 X27.001 Y-3.415 E0.02791
G1 X27.941 Y-3.656 E0.0236
G1 X29.008 Y-3.913 E0.02669
G1 F2352.9 X31.011 Y-4.328 E0.05075
G1 F2327.6 X31.12 Y-4.341 E0.00275
G1 F1661.5 X31.536 Y-4.58 E0.01685
G0 F12000 X31.106 Y-4.74
G0 X30.765 Y-4.742
G1 F3600 E-1
G0 F12000 X31.536 Y-4.58
G1 F3600 E1
G1 F1336.6 X31.935 Y-4.613 E0.01748
G1 F1549.5 X32.953 Y-4.69 E0.03846
G1 F1953 X33.968 Y-4.757 E0.0304
G1 F2541.2 X35.031 Y-4.817 E0.02446
G1 F3323.1 X35.988 Y-4.858 E0.01683
G1 F4337.3 X36.992 Y-4.894 E0.01352
G1 F5806.5 X37.996 Y-4.92 E0.0101
G1 F7714.3 X39.94 Y-4.94 E0.01471
G1 F3600 E-1
;MESH:NONMESH
G0 F600 X39.94 Y-4.94 Z24.22
G0 F12000 X14.752 Y1.409
G0 X9.574 Y3.92
;TIME_ELAPSED:611.996285
;LAYER:184
;note -- min layer time used
;TYPE:FILL
;MESH:bridge_3a.stl
G1 F3600 E1
G1 F7031.3 X9.933 Y3.535 E0.0128
G1 X10.836 Y2.411 E0.03507
G1 X11.739 Y1.676 E0.02832
G1 X12.642 Y1.429 E0.02277
G1 X13.258 Y1.451 E0.01499
G1 X14.469 Y0.729 E0.03429
G1 X15.486 Y0.157 E0.02838
G1 X16.508 Y-.382 E0.0281
G1 X17.531 Y-.896 E0.02784
G1 X18.558 Y-1.382 E0.02763
G1 X19.572 Y-1.84 E0.02706
G1 X20.534 Y-2.243 E0.02537
G1 X19.866 Y-2.72 E0.01996
G1 X18.963 Y-3.689 E0.03221
G1 X18.779 Y-3.918 E0.00714
G1 F3600 E-1
G0 F12000 X27.82 Y-4.263
;TYPE:WALL-INNER
G1 F3600 E1
G1 F3191.9 X25.707 Y-4.262 E0.0635
G1 F3528.2 X24.663 Y-4.316 E0.02842
G1 F3943.8 X16.499 Y-4.325 E0.19856
G1 X15.719 Y-3.946 E0.02109
G1 X14.445 Y-3.296 E0.03479
G1 X13.81 Y-2.956 E0.01752
G1 X12.509 Y-2.219 E0.03637
G1 X11.884 Y-1.853 E0.01762
G1 X10.665 Y-1.095 E0.03491
G1 X9.385 Y-.257 E0.03721
G1 X8.89 Y0.083 E0.01461
G1 X7.727 Y0.908 E0.03468
G1 X6.601 Y1.752 E0.03423
G1 X5.506 Y2.619 E0.03397
G1 X4.971 Y3.061 E0.01688
G1 X3.908 Y3.973 E0.03406
G1 X3.517 Y4.325 E0.0128
G1 X9.742 Y4.325 E0.1514
G1 X10.612 Y3.684 E0.02628
G1 X11.666 Y2.959 E0.03111
G1 X12.636 Y2.32 E0.02825
G1 X13.677 Y1.666 E0.0299
G1 X14.665 Y1.083 E0.0279
G1 X15.684 Y0.511 E0.02842
G1 X16.696 Y-0.023 E0.02783
G1 X17.711 Y-.535 E0.02765
G1 X18.721 Y-1.012 E0.02717
G1 X19.738 Y-1.471 E0.02714
G1 X20.749 Y-1.895 E0.02666
G1 X21.762 Y-2.3 E0.02653
G1 X22.745 Y-2.67 E0.02555
G1 X23.788 Y-3.034 E0.02687
G1 X24.802 Y-3.367 E0.02596
G1 F3528.2 X25.786 Y-3.718 E0.0284
G1 F3191.9 X26.883 Y-4.024 E0.03422
G1 F3197.6 X27.82 Y-4.263 E0.02901
G1 F3600 E-1
G0 F12000 X29.996 Y-4.503
G0 X30.993 Y-4.537
;TYPE:WALL-OUTER
G1 F3600 E1
G1 F1791 X30.982 Y-4.659 E0.00399
G1 F1788.1 X28.857 Y-4.66 E0.06937
G1 F2049.3 X27.82 Y-4.738 E0.02962
G1 F2400 X16.402 Y-4.75 E0.2777
G1 X15.526 Y-4.325 E0.02368
G1 X14.252 Y-3.675 E0.03479
G1 X13.585 Y-3.317 E0.01841
G1 X12.294 Y-2.586 E0.03608
G1 X11.66 Y-2.214 E0.01788
G1 X10.433 Y-1.451 E0.03514
G1 X9.231 Y-.665 E0.03493
G1 X8.644 Y-.263 E0.0173
G1 X7.472 Y0.568 E0.03494
G1 X6.357 Y1.403 E0.03388
G1 X5.236 Y2.291 E0.03478
G1 X4.694 Y2.738 E0.01709
G1 X3.624 Y3.657 E0.03431
G1 X2.418 Y4.75 E0.03959
G1 X9.881 Y4.75 E0.18151
G1 X10.854 Y4.034 E0.02938
G1 X11.862 Y3.339 E0.02978
G1 X12.862 Y2.68 E0.02913
G1 X13.892 Y2.032 E0.0296
G1 X14.873 Y1.454 E0.02769
G1 X15.883 Y0.886 E0.02818
G1 X16.887 Y0.356 E0.02761
G1 X17.893 Y-.151 E0.0274
G1 X18.897 Y-.624 E0.02699
G1 X19.903 Y-1.079 E0.02685
G1 X20.907 Y-1.501 E0.02649
G1 X21.911 Y-1.902 E0.02629
G1 X22.885 Y-2.269 E0.02531
G1 X23.921 Y-2.63 E0.02668
G1 X24.924 Y-2.96 E0.02568
G1 X25.928 Y-3.261 E0.02549
G1 X27.001 Y-3.563 E0.02711
G1 X27.942 Y-3.804 E0.02363
G1 F2049.3 X28.92 Y-4.115 E0.02923
G1 F1788.1 X29.881 Y-4.321 E0.03208
G1 F1791 X30.993 Y-4.537 E0.03692
G0 F12000 X30.982 Y-4.659
G0 X30.304 Y-4.659
G1 F3600 E-1
G0 F12000 X30.989 Y-4.599
G1 F3600 E1
G1 F1554 X31.949 Y-4.678 E0.03618
G1 F2018.7 X32.966 Y-4.754 E0.02949
G1 F2769.2 X33.979 Y-4.82 E0.0214
G1 F4090.9 X35.041 Y-4.878 E0.01518
G1 F6708.1 X36.128 Y-4.925 E0.00947
G1 F3600 E-1
;MESH:NONMESH
G0 F600 X36.128 Y-4.925 Z24.35
G0 F12000 X19.803 Y-1.303
G0 X10.263 Y3.266
;TIME_ELAPSED:615.476641
;LAYER:185
;note -- min layer time used
;TYPE:FILL
;MESH:bridge_3a.stl
G1 F3600 E1
G1 F6110.2 X10.836 Y2.589 E0.02157
G1 X11.739 Y1.84 E0.02853
G1 X12.642 Y1.543 E0.02312
G1 X12.856 Y1.54 E0.00521
G1 X13.443 Y1.174 E0.01682
G1 X14.463 Y0.573 E0.02879
G1 X15.463 Y0.008 E0.02794
G1 X16.509 Y-.543 E0.02875
G1 X17.539 Y-1.057 E0.028
G1 X18.556 Y-1.538 E0.02736
G1 X19.564 Y-1.992 E0.02689
G1 X20.37 Y-2.331 E0.02127
G1 X19.866 Y-2.664 E0.01469
G1 X18.963 Y-3.568 E0.03108
G1 X18.668 Y-3.917 E0.01111
G1 F3600 E-1
G0 F12000 X27.663 Y-4.315
;TYPE:WALL-INNER
G1 F3600 E1
G1 F3636.7 X16.171 Y-4.324 E0.2795
G1 X14.901 Y-3.69 E0.03452
G1 X13.68 Y-3.047 E0.03356
G1 X12.404 Y-2.323 E0.03568
G1 X11.787 Y-1.957 E0.01745
G1 X10.557 Y-1.196 E0.03518
G1 X9.391 Y-.43 E0.03393
G1 X8.785 Y-0.018 E0.01782
G1 X7.623 Y0.808 E0.03467
G1 X6.526 Y1.631 E0.03335
G1 X5.959 Y2.078 E0.01756
G1 X4.867 Y2.968 E0.03426
G1 X3.807 Y3.874 E0.03391
G1 X3.306 Y4.325 E0.01639
G1 X9.51 Y4.325 E0.15089
G1 X10.604 Y3.517 E0.03308
G1 X11.631 Y2.81 E0.03032
G1 X12.642 Y2.151 E0.02935
G1 X13.657 Y1.518 E0.02909
G1 X14.668 Y0.923 E0.02853
G1 X15.684 Y0.351 E0.02836
G1 X16.698 Y-.184 E0.02788
G1 X17.711 Y-.691 E0.02755
G1 X18.722 Y-1.168 E0.02719
G1 X19.73 Y-1.623 E0.0269
G1 X20.751 Y-2.052 E0.02694
G1 X21.764 Y-2.453 E0.0265
G1 X22.744 Y-2.818 E0.02543
G1 X23.854 Y-3.206 E0.0286
G1 X24.803 Y-3.516 E0.02428
G1 X25.779 Y-3.806 E0.02476
G1 X26.828 Y-4.103 E0.02652
G1 X27.663 Y-4.315 E0.02095
G1 F3600 E-1
G0 F12000 X29.3 Y-4.503
G0 X29.912 Y-4.567
;TYPE:WALL-OUTER
G1 F3600 E1
G1 F1415.5 X29.398 Y-4.633 E0.02137
G1 F1776.3 X28.884 Y-4.699 E0.01703
G1 F2204.1 X27.839 Y-4.739 E0.0277
G1 F2400 X16.071 Y-4.749 E0.28622
G1 X14.778 Y-4.105 E0.03513
G1 X13.476 Y-3.42 E0.03578
G1 X12.188 Y-2.688 E0.03603
G1 X11.564 Y-2.319 E0.01763
G1 X10.351 Y-1.569 E0.03469
G1 X9.152 Y-.782 E0.03488
G1 X8.539 Y-.365 E0.01803
G1 X7.368 Y0.468 E0.03495
G1 X6.263 Y1.297 E0.0336
G1 X5.69 Y1.748 E0.01774
G1 X4.591 Y2.645 E0.0345
G1 X3.524 Y3.558 E0.03415
G1 X2.2 Y4.75 E0.04333
G1 X9.649 Y4.75 E0.18117
G1 X10.854 Y3.862 E0.03641
G1 X11.863 Y3.166 E0.02981
G1 X12.867 Y2.511 E0.02916
G1 X13.873 Y1.884 E0.02883
G1 X14.877 Y1.294 E0.02832
G1 X15.883 Y0.726 E0.0281
G1 X16.888 Y0.196 E0.02763
G1 X17.893 Y-.307 E0.02733
G1 X18.897 Y-.78 E0.02699
G1 X19.895 Y-1.231 E0.02664
G1 X20.907 Y-1.657 E0.02671
G1 X21.912 Y-2.055 E0.02629
G1 X22.885 Y-2.417 E0.02525
G1 X23.986 Y-2.802 E0.02837
G1 X24.924 Y-3.108 E0.024
G1 X25.895 Y-3.397 E0.02464
G1 X26.934 Y-3.691 E0.02626
G1 X27.942 Y-3.948 E0.0253
G1 F2204.1 X28.934 Y-4.224 E0.02727
G1 F1776.3 X29.423 Y-4.395 E0.01702
G1 F1415.5 X29.912 Y-4.567 E0.02138
G0 F12000 X29.119 Y-4.668
G1 F3600 E-1
G0 F12000 X29.912 Y-4.567
G1 F3600 E1
G1 F1370.6 X30.457 Y-4.619 E0.02332
G1 F1574.3 X31.002 Y-4.672 E0.0203
G1 F1956.5 X31.961 Y-4.752 E0.02871
G1 F2748.1 X32.976 Y-4.828 E0.02162
G1 F4337.3 X33.988 Y-4.894 E0.01365
G1 F3600 E-1
;MESH:NONMESH
G0 F600 X33.988 Y-4.894 Z24.48
G0 F12000 X18.793 Y-1.005
G0 X11.191 Y2.454
;TIME_ELAPSED:618.894867
;LAYER:186
;note -- min layer time used
;TYPE:FILL
;MESH:bridge_3a.stl
G1 F3600 E1
G1 F6004.8 X11.739 Y1.992 E0.01743
G1 X12.086 Y1.861 E0.00902
G1 X12.425 Y1.641 E0.00983
G1 X13.454 Y1.004 E0.02943
G1 X14.466 Y0.409 E0.02855
G1 X15.498 Y-.168 E0.02876
G1 X16.523 Y-.71 E0.0282
G1 X17.531 Y-1.21 E0.02737
G1 X18.552 Y-1.691 E0.02745
G1 X19.584 Y-2.153 E0.0275
G1 X20.191 Y-2.408 E0.01601
G1 X19.866 Y-2.606 E0.00926
G1 X18.963 Y-3.453 E0.03011
G1 X18.549 Y-3.92 E0.01518
G1 F3600 E-1
G0 F12000 X27.102 Y-4.325
;TYPE:WALL-INNER
G1 F3600 E1
G1 F3601.6 X15.851 Y-4.325 E0.27364
G1 X14.843 Y-3.821 E0.02741
G1 X13.562 Y-3.141 E0.03527
G1 X12.933 Y-2.789 E0.01753
G1 X11.675 Y-2.056 E0.03541
G1 X10.456 Y-1.302 E0.03486
G1 X9.868 Y-.92 E0.01705
G1 X8.624 Y-0.082 E0.03648
G1 X7.561 Y0.678 E0.03178
G1 X6.41 Y1.543 E0.03502
G1 X5.86 Y1.977 E0.01704
G1 X4.766 Y2.868 E0.03432
G1 X3.707 Y3.774 E0.0339
G1 X3.095 Y4.324 E0.02001
G1 X9.246 Y4.325 E0.1496
G1 X10.617 Y3.339 E0.04107
G1 X11.631 Y2.642 E0.02993
G1 X12.644 Y1.982 E0.02941
G1 X13.657 Y1.354 E0.02899
G1 X14.67 Y0.759 E0.02857
G1 X15.684 Y0.191 E0.02827
G1 X16.7 Y-.345 E0.02794
G1 X17.711 Y-.847 E0.02745
G1 X18.724 Y-1.325 E0.02724
G1 X19.738 Y-1.779 E0.02702
G1 X20.75 Y-2.204 E0.0267
G1 X21.76 Y-2.605 E0.02643
G1 X22.744 Y-2.971 E0.02553
G1 X23.785 Y-3.33 E0.02678
G1 X24.803 Y-3.664 E0.02606
G1 X25.781 Y-3.954 E0.02481
G1 X27.102 Y-4.325 E0.03337
G1 F3600 E-1
G0 F12000 X28.766 Y-4.523
G0 X31.009 Y-4.75
;TYPE:WALL-OUTER
G1 F3600 E1
G1 F2213.1 X27.318 Y-4.75 E0.09735
G1 F2337.7 X23.627 Y-4.749 E0.09216
G1 F2400 X15.751 Y-4.75 E0.19156
G1 X14.644 Y-4.197 E0.0301
G1 X13.354 Y-3.512 E0.03552
G1 X12.719 Y-3.156 E0.01771
G1 X11.452 Y-2.418 E0.03566
G1 X10.224 Y-1.659 E0.03511
G1 X9.631 Y-1.273 E0.01721
G1 X8.377 Y-.428 E0.03678
G1 X7.306 Y0.338 E0.03202
G1 X6.147 Y1.209 E0.03526
G1 X5.591 Y1.647 E0.01721
G1 X4.491 Y2.545 E0.03454
G1 X3.423 Y3.458 E0.03417
G1 X2.381 Y4.397 E0.03412
G1 X2.01 Y4.749 E0.01244
G1 X9.411 Y4.75 E0.18
G1 X9.886 Y4.389 E0.01451
G1 X10.858 Y3.69 E0.02912
G1 X11.863 Y2.998 E0.02968
G1 X12.868 Y2.343 E0.02918
G1 X13.873 Y1.72 E0.02876
G1 X14.877 Y1.129 E0.02834
G1 X15.883 Y0.566 E0.02804
G1 X16.888 Y0.036 E0.02763
G1 X17.893 Y-.463 E0.02729
G1 X18.897 Y-.937 E0.027
G1 X19.903 Y-1.387 E0.0268
G1 X20.907 Y-1.809 E0.02649
G1 X21.908 Y-2.207 E0.0262
G1 X22.882 Y-2.569 E0.02527
G1 X23.918 Y-2.926 E0.02665
G1 X24.924 Y-3.256 E0.02575
G1 X25.896 Y-3.545 E0.02466
G1 X27.002 Y-3.855 E0.02794
G1 X27.902 Y-4.084 E0.02259
G1 X29.007 Y-4.345 E0.02761
G1 X29.952 Y-4.546 E0.0235
G1 F2273.7 X31.009 Y-4.75 E0.02764
G0 F12000 X30.209 Y-4.75
G1 F3600 E-1
G0 F12000 X31.009 Y-4.75
G1 F3600 E1
G1 F2565.3 X31.972 Y-4.829 E0.02199
G1 F4075.5 X32.986 Y-4.905 E0.01456
G1 F7152.3 X33.565 Y-4.945 E0.00474
G1 F3600 E-1
;MESH:NONMESH
G0 F600 X33.565 Y-4.945 Z24.61
G0 F12000 X28.766 Y-4.523
G0 X18.427 Y-3.92
;TIME_ELAPSED:622.226716
;LAYER:187
;note -- min layer time used
;TYPE:FILL
;MESH:bridge_3a.stl
G1 F3600 E1
G1 F3949.6 X18.963 Y-3.34 E0.01921
G1 X19.866 Y-2.546 E0.02924
G1 X19.99 Y-2.477 E0.00345
G1 F3600 E-1
G0 F12000 X26.591 Y-4.325
;TYPE:WALL-INNER
G1 F3600 E1
G1 F2916.5 X15.533 Y-4.325 E0.26895
G1 X14.748 Y-3.93 E0.02137
G1 X13.458 Y-3.245 E0.03552
G1 X12.827 Y-2.892 E0.01759
G1 X11.568 Y-2.154 E0.03549
G1 X10.344 Y-1.394 E0.03504
G1 X9.161 Y-.618 E0.03441
G1 X8 Y0.19 E0.0344
G1 X6.852 Y1.025 E0.03453
G1 X5.747 Y1.88 E0.03398
G1 X4.667 Y2.764 E0.03394
G1 X3.607 Y3.673 E0.03396
G1 X2.887 Y4.325 E0.02362
G1 X9.033 Y4.325 E0.14948
G1 X9.637 Y3.868 E0.01842
G1 X10.618 Y3.162 E0.0294
G1 X11.632 Y2.469 E0.02987
G1 X12.644 Y1.814 E0.02932
G1 X13.659 Y1.185 E0.02904
G1 X14.671 Y0.594 E0.0285
G1 X15.684 Y0.031 E0.02819
G1 X16.696 Y-.504 E0.02784
G1 X17.709 Y-1.002 E0.02745
G1 X18.727 Y-1.486 E0.02742
G1 X19.734 Y-1.931 E0.02678
G1 X20.747 Y-2.356 E0.02672
G1 X21.762 Y-2.758 E0.02655
G1 X22.741 Y-3.118 E0.02537
G1 X23.788 Y-3.483 E0.02697
G1 X24.787 Y-3.807 E0.02554
G1 X25.784 Y-4.104 E0.0253
G1 X26.591 Y-4.325 E0.02035
G1 F3600 E-1
G0 F12000 X28.149 Y-4.523
G0 X31.022 Y-4.822
;TYPE:WALL-OUTER
G1 F3600 E1
G1 F2686.6 X29.942 Y-4.75 E0.02352
G1 F2400 X15.432 Y-4.75 E0.3529
G1 X14.549 Y-4.306 E0.02404
G1 X13.25 Y-3.616 E0.03577
G1 X12.654 Y-3.283 E0.0166
G1 X11.344 Y-2.515 E0.03693
G1 X10.111 Y-1.749 E0.0353
G1 X8.919 Y-.967 E0.03467
G1 X7.75 Y-.154 E0.03463
G1 X6.592 Y0.688 E0.03482
G1 X5.478 Y1.551 E0.03427
G1 X4.39 Y2.441 E0.03419
G1 X3.323 Y3.358 E0.03422
G1 X2.281 Y4.302 E0.0342
G1 X1.811 Y4.75 E0.01579
G1 X9.176 Y4.75 E0.17913
G1 X9.886 Y4.213 E0.02165
G1 X10.858 Y3.513 E0.02913
G1 X11.864 Y2.826 E0.02963
G1 X12.868 Y2.175 E0.0291
G1 X13.873 Y1.552 E0.02876
G1 X14.878 Y0.965 E0.02831
G1 X15.883 Y0.406 E0.02797
G1 X16.889 Y-.125 E0.02767
G1 X17.892 Y-.618 E0.02718
G1 X18.898 Y-1.097 E0.0271
G1 X19.899 Y-1.539 E0.02661
G1 X20.903 Y-1.961 E0.02649
G1 X21.909 Y-2.359 E0.02631
G1 X22.881 Y-2.717 E0.02519
G1 X23.918 Y-3.078 E0.02671
G1 X24.924 Y-3.404 E0.02572
G1 X25.897 Y-3.694 E0.02469
G1 X27.001 Y-3.999 E0.02786
G1 X27.903 Y-4.232 E0.02266
G1 X29.007 Y-4.489 E0.02757
G1 X29.948 Y-4.689 E0.0234
G1 F2686.6 X31.022 Y-4.822 E0.02351
G0 F12000 X30.224 Y-4.769
G1 F3600 E-1
G0 F12000 X31.022 Y-4.822
G1 F3600 E1
G1 F3927.3 X31.984 Y-4.901 E0.01435
G1 F6923.1 X32.568 Y-4.944 E0.00494
G1 F3600 E-1
;MESH:NONMESH
G0 F600 X32.568 Y-4.944 Z24.74
G0 F12000 X28.149 Y-4.523
G0 X18.302 Y-3.92
;TIME_ELAPSED:625.589125
;LAYER:188
;note -- min layer time used
;TYPE:FILL
;MESH:bridge_3a.stl
G1 F3600 E1
G1 F4319.1 X18.963 Y-3.23 E0.02324
G1 X19.789 Y-2.548 E0.02605
G1 F3600 E-1
G0 F12000 X3.55 Y3.989
G0 X2.677 Y4.325
;TYPE:WALL-INNER
G1 F3600 E1
G1 F3039.7 X8.801 Y4.325 E0.14894
G1 X9.64 Y3.69 E0.02559
G1 X10.57 Y3.027 E0.02778
G1 X11.629 Y2.301 E0.03123
G1 X12.642 Y1.645 E0.02935
G1 X13.655 Y1.021 E0.02894
G1 X14.669 Y0.428 E0.02857
G1 X15.684 Y-.131 E0.02818
G1 X16.694 Y-.656 E0.02769
G1 X17.71 Y-1.164 E0.02763
G1 X18.672 Y-1.613 E0.02582
G1 X19.736 Y-2.088 E0.02834
G1 X20.749 Y-2.509 E0.02668
G1 X21.76 Y-2.905 E0.02641
G1 X22.743 Y-3.27 E0.0255
G1 X23.777 Y-3.627 E0.02661
G1 F2505.2 X24.254 Y-3.88 E0.01593
G1 F1858.5 X24.732 Y-4.133 E0.02151
G1 X24.201 Y-4.228 E0.02146
G1 F2505.2 X23.669 Y-4.324 E0.01595
G1 F3039.7 X15.21 Y-4.325 E0.20574
G1 X14.675 Y-4.053 E0.0146
G1 X13.369 Y-3.36 E0.03596
G1 X12.669 Y-2.963 E0.01957
G1 X11.474 Y-2.262 E0.0337
G1 X10.868 Y-1.891 E0.01728
G1 X9.653 Y-1.117 E0.03504
G1 X9.075 Y-.728 E0.01695
G1 X7.893 Y0.092 E0.03499
G1 X6.752 Y0.925 E0.03436
G1 X5.652 Y1.779 E0.03387
G1 X4.565 Y2.666 E0.03412
G1 X3.507 Y3.575 E0.03393
G1 X2.677 Y4.325 E0.02721
G1 F3600 E-1
G0 F12000 X3.55 Y3.989
G0 X23.823 Y-3.473
G0 X26.873 Y-4.366
G0 X28.99 Y-4.69
;TYPE:WALL-OUTER
G1 F3600 E1
G1 F2018.7 X27.891 Y-4.75 E0.03183
G1 F2400 X15.108 Y-4.75 E0.3109
G1 X14.446 Y-4.413 E0.01807
G1 X13.138 Y-3.717 E0.03604
G1 X12.455 Y-3.33 E0.01909
G1 X11.252 Y-2.624 E0.03393
G1 X10.641 Y-2.25 E0.01742
G1 X9.416 Y-1.47 E0.03532
G1 X7.665 Y-.268 E0.05166
G1 X6.519 Y0.568 E0.0345
G1 X5.383 Y1.449 E0.03496
G1 X4.288 Y2.343 E0.03438
G1 X3.222 Y3.259 E0.03418
G1 X2.185 Y4.198 E0.03402
G1 X1.593 Y4.75 E0.01969
G1 X8.944 Y4.75 E0.17879
G1 X9.886 Y4.036 E0.02875
G1 X10.81 Y3.377 E0.0276
G1 X11.86 Y2.658 E0.03095
G1 X12.864 Y2.007 E0.0291
G1 X13.869 Y1.388 E0.02871
G1 X14.883 Y0.797 E0.02855
G1 X15.88 Y0.246 E0.02771
G1 X16.884 Y-.276 E0.02752
G1 X17.89 Y-.779 E0.02736
G1 X18.846 Y-1.225 E0.02566
G1 X19.899 Y-1.695 E0.02805
G1 X20.904 Y-2.113 E0.02647
G1 X21.908 Y-2.507 E0.02623
G1 X22.882 Y-2.869 E0.02527
G1 X23.907 Y-3.223 E0.02637
G1 X24.923 Y-3.548 E0.02594
G1 X25.897 Y-3.841 E0.02474
G1 X26.933 Y-4.127 E0.02614
G1 X27.943 Y-4.388 E0.02537
G1 F2018.7 X28.99 Y-4.69 E0.03151
G0 F12000 X28.192 Y-4.733
G1 F3600 E-1
G0 F12000 X28.99 Y-4.69
G1 F3600 E1
G1 F2084.9 X29.957 Y-4.792 E0.02722
G1 F2967 X30.496 Y-4.843 E0.01065
G1 F4122.1 X31.036 Y-4.895 E0.00768
G1 F6625.8 X31.657 Y-4.944 E0.00549
G1 F3600 E-1
;MESH:NONMESH
G0 F600 X31.657 Y-4.944 Z24.87
G0 F12000 X27.558 Y-4.523
G0 X18.172 Y-3.92
;TIME_ELAPSED:628.990529
;LAYER:189
;note -- min layer time used
;TYPE:FILL
;MESH:bridge_3a.stl
G1 F3600 E1
G1 F2526 X18.963 Y-3.121 E0.02734
G1 X19.6 Y-2.626 E0.01962
G1 F3600 E-1
G0 F12000 X25.536 Y-4.324
;TYPE:WALL-INNER
G1 F3600 E1
G1 F2442 X14.897 Y-4.325 E0.25876
G1 X13.863 Y-3.786 E0.02836
G1 X12.634 Y-3.109 E0.03413
G1 X11.372 Y-2.367 E0.03561
G1 X10.771 Y-1.996 E0.01718
G1 X9.551 Y-1.218 E0.03519
G1 X8.974 Y-.83 E0.01691
G1 X7.792 Y-0.011 E0.03497
G1 X6.655 Y0.823 E0.0343
G1 X5.545 Y1.682 E0.03414
G1 X4.466 Y2.565 E0.03391
G1 X3.939 Y3.014 E0.01684
G1 X2.888 Y3.939 E0.03405
G1 X2.472 Y4.324 E0.01379
G1 X8.572 Y4.325 E0.14836
G1 X9.604 Y3.542 E0.03151
G1 X10.62 Y2.817 E0.03036
G1 X11.628 Y2.133 E0.02963
G1 X12.643 Y1.476 E0.02941
G1 X13.657 Y0.856 E0.02891
G1 X14.669 Y0.269 E0.02845
G1 X15.669 Y-.284 E0.02779
G1 X16.696 Y-.817 E0.02814
G1 X17.709 Y-1.32 E0.02751
G1 X18.722 Y-1.793 E0.02719
G1 X19.738 Y-2.245 E0.02705
G1 X20.749 Y-2.661 E0.02659
G1 X21.762 Y-3.058 E0.02646
G1 X22.743 Y-3.419 E0.02542
G1 X23.79 Y-3.78 E0.02694
G1 X24.8 Y-4.102 E0.02578
G1 X25.536 Y-4.324 E0.0187
G1 F3600 E-1
G0 F12000 X26.985 Y-4.524
G0 X29.006 Y-4.765
;TYPE:WALL-OUTER
G1 F3600 E1
G1 F1949.5 X27.911 Y-4.655 E0.03295
G1 F1692.8 X25.779 Y-4.655 E0.07352
G1 F1985.3 X24.768 Y-4.75 E0.02986
G1 F2400 X14.794 Y-4.75 E0.24258
G1 X13.658 Y-4.158 E0.03116
G1 X12.396 Y-3.462 E0.03505
G1 X11.149 Y-2.729 E0.03518
G1 X10.543 Y-2.355 E0.01732
G1 X9.315 Y-1.571 E0.03543
G1 X8.732 Y-1.18 E0.01707
G1 X7.541 Y-.354 E0.03525
G1 X6.395 Y0.486 E0.03456
G1 X5.296 Y1.336 E0.03379
G1 X4.191 Y2.241 E0.03474
G1 X3.658 Y2.694 E0.01701
G1 X2.599 Y3.627 E0.03433
G1 X1.395 Y4.75 E0.04004
G1 X8.715 Y4.75 E0.17803
G1 X9.85 Y3.888 E0.03466
G1 X10.859 Y3.169 E0.03013
G1 X11.86 Y2.49 E0.02942
G1 X12.865 Y1.838 E0.02914
G1 X13.87 Y1.223 E0.02866
G1 X14.875 Y0.641 E0.02825
G1 X15.88 Y0.086 E0.02792
G1 X16.884 Y-.436 E0.02752
G1 X17.889 Y-.935 E0.02729
G1 X18.894 Y-1.405 E0.02698
G1 X19.9 Y-1.852 E0.02677
G1 X20.904 Y-2.265 E0.0264
G1 X21.909 Y-2.659 E0.02625
G1 X22.882 Y-3.017 E0.02522
G1 X23.919 Y-3.375 E0.02668
G1 X24.923 Y-3.696 E0.02564
G1 F1985.3 X25.864 Y-4.078 E0.02986
G1 F1692.8 X26.958 Y-4.378 E0.03912
G1 X27.921 Y-4.624 E0.03427
G1 F1949.5 X29.006 Y-4.765 E0.03276
G0 F12000 X28.211 Y-4.686
G1 F3600 E-1
G0 F12000 X29.006 Y-4.765
G1 F3600 E1
G1 F2297.9 X29.012 Y-4.766 E0.00015
G1 F3600 E-1
;MESH:NONMESH
G0 F600 X29.012 Y-4.766 Z25
G0 F12000 X26.92 Y-4.524
G0 X18.036 Y-3.92
;TIME_ELAPSED:632.465562
;LAYER:190
;note -- min layer time used
;TYPE:FILL
;MESH:bridge_3a.stl
G1 F3600 E1
G1 F2291 X18.963 Y-3.013 E0.03154
G1 X19.403 Y-2.691 E0.01326
G1 F3600 E-1
G0 F12000 X24.781 Y-4.285
;TYPE:WALL-INNER
G1 F3600 E1
G1 F2108.3 X23.709 Y-4.325 E0.02835
G1 F2291 X14.59 Y-4.325 E0.22179
G1 X13.788 Y-3.906 E0.02201
G1 X12.51 Y-3.201 E0.0355
G1 X11.895 Y-2.843 E0.01731
G1 X10.682 Y-2.107 E0.03451
G1 X9.421 Y-1.298 E0.03644
G1 X8.865 Y-.927 E0.01626
G1 X7.694 Y-.113 E0.03469
G1 X6.554 Y0.724 E0.0344
G1 X5.453 Y1.578 E0.03389
G1 X4.908 Y2.017 E0.01702
G1 X3.829 Y2.92 E0.03422
G1 X2.787 Y3.839 E0.03379
G1 X2.262 Y4.325 E0.0174
G1 X8.338 Y4.325 E0.14778
G1 X9.608 Y3.366 E0.03871
G1 X10.62 Y2.645 E0.03022
G1 X11.632 Y1.959 E0.02974
G1 X12.643 Y1.312 E0.02919
G1 X13.657 Y0.692 E0.02891
G1 X14.67 Y0.104 E0.02849
G1 X15.764 Y-.497 E0.03036
G1 X16.671 Y-.961 E0.02478
G1 X17.709 Y-1.476 E0.02818
G1 X18.724 Y-1.95 E0.02725
G1 X19.738 Y-2.397 E0.02695
G1 X20.749 Y-2.813 E0.02659
G1 X21.762 Y-3.21 E0.02646
G1 X22.743 Y-3.571 E0.02542
G1 X23.792 Y-3.932 E0.02698
G1 F2108.3 X24.781 Y-4.285 E0.02775
G1 F3600 E-1
G0 F12000 X26.363 Y-4.512
G0 X26.885 Y-4.58
;TYPE:WALL-OUTER
G1 F3600 E1
G1 F1391.3 X26.35 Y-4.665 E0.0217
G1 F1884.7 X25.814 Y-4.75 E0.01604
G1 F2291 X14.486 Y-4.75 E0.27551
G1 X13.583 Y-4.279 E0.02477
G1 X12.296 Y-3.568 E0.03576
G1 X11.675 Y-3.207 E0.01747
G1 X10.453 Y-2.465 E0.03477
G1 X9.257 Y-1.7 E0.03453
G1 X8.623 Y-1.276 E0.01855
G1 X7.443 Y-.456 E0.03495
G1 X6.319 Y0.368 E0.0339
G1 X5.186 Y1.247 E0.03488
G1 X4.636 Y1.691 E0.01719
G1 X3.559 Y2.59 E0.03412
G1 X2.498 Y3.527 E0.03443
G1 X1.18 Y4.75 E0.04373
G1 X8.468 Y4.75 E0.17725
G1 X9.854 Y3.712 E0.04212
G1 X10.859 Y2.997 E0.03
G1 X11.861 Y2.317 E0.02945
G1 X12.865 Y1.674 E0.029
G1 X13.87 Y1.059 E0.02866
G1 X14.875 Y0.477 E0.02825
G1 X15.958 Y-.119 E0.03007
G1 X16.86 Y-.58 E0.02464
G1 X17.89 Y-1.091 E0.02796
G1 X18.895 Y-1.561 E0.02698
G1 X19.9 Y-2.004 E0.02671
G1 X20.904 Y-2.417 E0.0264
G1 X21.909 Y-2.811 E0.02625
G1 X22.882 Y-3.169 E0.02522
G1 X23.92 Y-3.527 E0.02671
G1 X24.924 Y-3.844 E0.02561
G1 X25.897 Y-4.134 E0.02469
G1 F1884.7 X26.391 Y-4.357 E0.01602
G1 F1391.3 X26.885 Y-4.58 E0.02171
G0 F12000 X26.095 Y-4.705
G1 F3600 E-1
G0 F12000 X26.885 Y-4.58
G1 F3600 E1
G1 F1230.2 X26.893 Y-4.582 E0.00037
G1 F3600 E-1
;MESH:NONMESH
G0 F600 X26.893 Y-4.582 Z25.13
G0 F12000 X26.363 Y-4.512
G0 X23.839 Y-3.775
G0 X3.545 Y3.704
G0 X3.538 Y3.695
;TIME_ELAPSED:635.981718
;LAYER:191
;note -- min layer time used
;TYPE:FILL
;MESH:bridge_3a.stl
G1 F3600 E1
G1 F4664.1 X3.781 Y3.92 E0.00805
G1 X7.949 Y3.92 E0.10137
G1 X9.373 Y2.865 E0.0431
G1 X10.386 Y2.14 E0.0303
G1 X11.41 Y1.455 E0.02996
G1 X12.429 Y0.801 E0.02945
G1 X13.458 Y0.175 E0.02929
G1 X14.472 Y-.408 E0.02845
G1 X15.471 Y-.956 E0.02771
G1 X16.601 Y-1.541 E0.03095
G1 X17.533 Y-1.996 E0.02522
G1 X18.526 Y-2.458 E0.02664
G1 X19.188 Y-2.749 E0.01759
G1 X18.963 Y-2.903 E0.00663
G1 X17.892 Y-3.919 E0.0359
G1 F3600 E-1
G0 F12000 X24.56 Y-4.324
;TYPE:WALL-INNER
G1 F3600 E1
G1 F3154.7 X14.279 Y-4.325 E0.25005
G1 X13.682 Y-4.011 E0.01641
G1 X12.414 Y-3.307 E0.03527
G1 X11.788 Y-2.944 E0.0176
G1 X10.52 Y-2.174 E0.03608
G1 X9.951 Y-1.815 E0.01636
G1 X8.758 Y-1.026 E0.03479
G1 X7.591 Y-.215 E0.03456
G1 X6.462 Y0.618 E0.03412
G1 X5.9 Y1.045 E0.01717
G1 X4.799 Y1.922 E0.03423
G1 X3.729 Y2.819 E0.03396
G1 X2.687 Y3.739 E0.03381
G1 X2.055 Y4.325 E0.02096
G1 X8.11 Y4.325 E0.14727
G1 X8.604 Y3.938 E0.01526
G1 X9.607 Y3.195 E0.03036
G1 X10.62 Y2.471 E0.03028
G1 X11.635 Y1.791 E0.02971
G1 X12.645 Y1.143 E0.02919
G1 X13.659 Y0.527 E0.02886
G1 X14.672 Y-0.057 E0.02844
G1 X15.67 Y-.602 E0.02766
G1 X16.775 Y-1.175 E0.03027
G1 X17.711 Y-1.632 E0.02533
G1 X18.696 Y-2.09 E0.02642
G1 X19.738 Y-2.548 E0.02768
G1 X20.749 Y-2.965 E0.0266
G1 X21.766 Y-3.363 E0.02656
G1 X22.782 Y-3.732 E0.02629
G1 X23.754 Y-4.062 E0.02497
G1 X24.56 Y-4.324 E0.02061
G1 F3600 E-1
G0 F12000 X25.909 Y-4.523
G0 X26.905 Y-4.656
;TYPE:WALL-OUTER
G1 F3600 E1
G1 F1719.7 X26.366 Y-4.703 E0.01836
G1 F2117.6 X25.826 Y-4.75 E0.01494
G1 F2400 X14.174 Y-4.75 E0.28339
G1 X13.476 Y-4.383 E0.01918
G1 X12.202 Y-3.675 E0.03545
G1 X11.567 Y-3.308 E0.01784
G1 X10.294 Y-2.534 E0.03623
G1 X9.765 Y-2.202 E0.01519
G1 X8.516 Y-1.375 E0.03643
G1 X7.34 Y-.557 E0.03484
G1 X6.218 Y0.269 E0.03389
G1 X5.635 Y0.712 E0.01781
G1 X4.526 Y1.596 E0.03449
G1 X3.448 Y2.5 E0.03422
G1 X2.398 Y3.427 E0.03407
G1 X1.371 Y4.379 E0.03406
G1 X0.99 Y4.75 E0.01293
G1 X8.257 Y4.75 E0.17674
G1 X8.857 Y4.28 E0.01854
G1 X9.854 Y3.54 E0.0302
G1 X10.856 Y2.824 E0.02995
G1 X11.864 Y2.149 E0.02951
G1 X12.866 Y1.506 E0.02896
G1 X13.871 Y0.895 E0.02861
G1 X14.876 Y0.316 E0.02821
G1 X15.866 Y-.225 E0.02744
G1 X16.962 Y-.793 E0.03002
G1 X17.89 Y-1.247 E0.02513
G1 X18.867 Y-1.701 E0.0262
G1 X19.9 Y-2.156 E0.02745
G1 X20.904 Y-2.569 E0.0264
G1 X21.91 Y-2.964 E0.02629
G1 X22.919 Y-3.329 E0.0261
G1 X23.886 Y-3.658 E0.02484
G1 X24.925 Y-3.996 E0.02657
G1 X25.897 Y-4.281 E0.02464
G1 F2117.6 X26.401 Y-4.468 E0.01482
G1 F1719.7 X26.905 Y-4.656 E0.01826
G0 F12000 X26.108 Y-4.725
G1 F3600 E-1
G0 F12000 X26.905 Y-4.656
G1 F3600 E1
G1 F1569.8 X26.911 Y-4.657 E0.00023
G1 F3600 E-1
;MESH:NONMESH
G0 F600 X26.911 Y-4.657 Z25.26
G0 F12000 X24.855 Y-4.229
G0 X23.133 Y-3.652
G0 X3.502 Y3.553
G0 X3.413 Y3.45
;TIME_ELAPSED:639.326106
;LAYER:192
;note -- min layer time used
;TYPE:FILL
;MESH:bridge_3a.stl
G1 F3600 E1
G1 F4605.4 X3.918 Y3.92 E0.01678
G1 X7.743 Y3.92 E0.09303
G1 X8.346 Y3.448 E0.01862
G1 X9.37 Y2.689 E0.031
G1 X10.394 Y1.966 E0.03049
G1 X11.411 Y1.282 E0.02981
G1 X12.429 Y0.632 E0.02938
G1 X13.473 Y0.002 E0.02966
G1 X14.552 Y-.619 E0.03028
G1 X15.495 Y-1.125 E0.02603
G1 X16.528 Y-1.66 E0.02829
G1 X17.537 Y-2.152 E0.0273
G1 X18.945 Y-2.809 E0.03779
G1 X17.758 Y-3.917 E0.03949
G1 F3600 E-1
G0 F12000 X24.099 Y-4.324
;TYPE:WALL-INNER
G1 F3600 E1
G1 F3135.1 X13.979 Y-4.324 E0.24613
G1 X12.936 Y-3.763 E0.0288
G1 X11.676 Y-3.044 E0.03528
G1 X10.453 Y-2.3 E0.03482
G1 X9.852 Y-1.919 E0.01731
G1 X8.656 Y-1.127 E0.03489
G1 X7.498 Y-.32 E0.03433
G1 X6.928 Y0.093 E0.01712
G1 X5.789 Y0.951 E0.03468
G1 X4.699 Y1.822 E0.03393
G1 X3.629 Y2.719 E0.03396
G1 X2.586 Y3.64 E0.03384
G1 X1.844 Y4.325 E0.02456
G1 X7.883 Y4.325 E0.14688
G1 X8.594 Y3.769 E0.02195
G1 X9.61 Y3.016 E0.03076
G1 X10.618 Y2.304 E0.03002
G1 X11.627 Y1.624 E0.02959
G1 X12.632 Y0.982 E0.029
G1 X13.682 Y0.35 E0.02981
G1 X14.752 Y-.267 E0.03004
G1 X15.685 Y-.768 E0.02576
G1 X16.703 Y-1.295 E0.02788
G1 X17.714 Y-1.788 E0.02736
G1 X18.697 Y-2.247 E0.02639
G1 X19.742 Y-2.705 E0.02775
G1 X20.755 Y-3.122 E0.02664
G1 X21.755 Y-3.51 E0.02609
G1 X22.779 Y-3.879 E0.02647
G1 X24.099 Y-4.324 E0.03388
G1 F3600 E-1
G0 F12000 X25.407 Y-4.523
G0 X27.085 Y-4.749
;TYPE:WALL-OUTER
G1 F3600 E1
G1 F2400 X13.872 Y-4.749 E0.32136
G1 X12.726 Y-4.132 E0.03166
G1 X11.385 Y-3.365 E0.03757
G1 X10.225 Y-2.659 E0.03303
G1 X9.618 Y-2.274 E0.01748
G1 X8.413 Y-1.476 E0.03515
G1 X7.249 Y-.664 E0.03452
G1 X6.673 Y-.247 E0.0173
G1 X5.55 Y0.598 E0.03418
G1 X4.426 Y1.496 E0.03499
G1 X3.348 Y2.401 E0.03423
G1 X2.298 Y3.327 E0.03405
G1 X1.266 Y4.28 E0.03416
G1 X0.787 Y4.75 E0.01632
G1 X8.029 Y4.75 E0.17614
G1 X8.847 Y4.111 E0.02525
G1 X9.855 Y3.363 E0.03053
G1 X10.856 Y2.656 E0.02981
G1 X11.865 Y1.977 E0.02958
G1 X12.866 Y1.338 E0.02888
G1 X13.894 Y0.718 E0.0292
G1 X14.953 Y0.107 E0.02974
G1 X15.877 Y-.389 E0.02551
G1 X16.89 Y-.913 E0.02774
G1 X17.894 Y-1.403 E0.02717
G1 X18.867 Y-1.857 E0.02611
G1 X19.904 Y-2.312 E0.02754
G1 X20.909 Y-2.726 E0.02644
G1 X21.915 Y-3.116 E0.02624
G1 X22.918 Y-3.477 E0.02593
G1 X23.887 Y-3.811 E0.02493
G1 X24.925 Y-4.145 E0.02652
G1 X25.898 Y-4.43 E0.02466
G1 X27.085 Y-4.749 E0.02989
G0 F12000 X26.285 Y-4.749
G1 F3600 E-1
;MESH:NONMESH
G0 F600 X26.285 Y-4.749 Z25.39
G0 F12000 X25.328 Y-4.511
G0 X23.304 Y-3.877
G0 X3.468 Y3.394
G0 X3.378 Y3.291
;TIME_ELAPSED:642.598416
;LAYER:193
;note -- min layer time used
;TYPE:FILL
;MESH:bridge_3a.stl
G1 F3600 E1
G1 F4302.7 X4.049 Y3.919 E0.02235
G1 X7.518 Y3.92 E0.08437
G1 X8.358 Y3.26 E0.02598
G1 X9.382 Y2.505 E0.03094
G1 X10.389 Y1.798 E0.02993
G1 X11.413 Y1.113 E0.02996
G1 X12.439 Y0.462 E0.02955
G1 X13.452 Y-.15 E0.02878
G1 X14.558 Y-.784 E0.03101
G1 X16.533 Y-1.823 E0.05428
G1 X17.419 Y-2.252 E0.02394
G1 X18.757 Y-2.869 E0.03584
G1 X18.06 Y-3.506 E0.02297
G1 X17.624 Y-3.919 E0.01461
G1 F3600 E-1
G0 F12000 X23.643 Y-4.324
;TYPE:WALL-INNER
G1 F3600 E1
G1 F3034.2 X13.676 Y-4.325 E0.24241
G1 X12.836 Y-3.869 E0.02325
G1 X11.595 Y-3.162 E0.03474
G1 X10.369 Y-2.416 E0.0349
G1 X9.754 Y-2.024 E0.01774
G1 X8.557 Y-1.231 E0.03492
G1 X7.977 Y-.832 E0.01712
G1 X6.823 Y-0.003 E0.03456
G1 X5.688 Y0.851 E0.03455
G1 X4.599 Y1.722 E0.03392
G1 X3.528 Y2.62 E0.03399
G1 X2.525 Y3.505 E0.03253
G1 X1.642 Y4.324 E0.02929
G1 X7.658 Y4.325 E0.14632
G1 X8.595 Y3.588 E0.02899
G1 X9.611 Y2.839 E0.0307
G1 X10.62 Y2.131 E0.02998
G1 X11.638 Y1.45 E0.02979
G1 X12.647 Y0.81 E0.02906
G1 X13.659 Y0.198 E0.02876
G1 X14.758 Y-.432 E0.03081
G1 X16.705 Y-1.456 E0.0535
G1 X17.715 Y-1.945 E0.02729
G1 X18.729 Y-2.415 E0.02718
G1 X19.71 Y-2.845 E0.02605
G1 X20.754 Y-3.275 E0.02746
G1 X21.768 Y-3.663 E0.02641
G1 X22.782 Y-4.032 E0.02624
G1 X23.643 Y-4.324 E0.02211
G1 F3600 E-1
G0 F12000 X24.831 Y-4.511
G0 X25.784 Y-4.647
;TYPE:WALL-OUTER
G1 F3600 E1
G1 F1646.3 X23.752 Y-4.646 E0.07205
G1 F1785.1 X23.243 Y-4.698 E0.01673
G1 F2151.4 X22.734 Y-4.75 E0.01388
G1 F2400 X13.568 Y-4.75 E0.22293
G1 X12.626 Y-4.238 E0.02608
G1 X11.351 Y-3.511 E0.0357
G1 X10.182 Y-2.801 E0.03326
G1 X9.519 Y-2.379 E0.01911
G1 X8.316 Y-1.581 E0.03511
G1 X7.729 Y-1.177 E0.01733
G1 X6.568 Y-.343 E0.03477
G1 X5.423 Y0.519 E0.03486
G1 X4.326 Y1.396 E0.03416
G1 X3.247 Y2.301 E0.03425
G1 X2.239 Y3.191 E0.0327
G1 X1.68 Y3.703 E0.01844
G1 X0.578 Y4.75 E0.03697
G1 X7.805 Y4.75 E0.17577
G1 X8.847 Y3.93 E0.03225
G1 X9.856 Y3.187 E0.03048
G1 X10.856 Y2.484 E0.02973
G1 X11.866 Y1.808 E0.02956
G1 X12.866 Y1.173 E0.02881
G1 X13.871 Y0.567 E0.02854
G1 X14.958 Y-0.057 E0.03048
G1 X16.891 Y-1.074 E0.05312
G1 X17.894 Y-1.559 E0.0271
G1 X18.899 Y-2.025 E0.02694
G1 X19.872 Y-2.452 E0.02584
G1 X20.906 Y-2.878 E0.0272
G1 X21.914 Y-3.263 E0.02624
G1 X22.919 Y-3.629 E0.02601
G1 F2151.4 X23.384 Y-3.842 E0.01388
G1 F1785.1 X23.85 Y-4.055 E0.01675
G1 F1646.3 X24.9 Y-4.387 E0.03904
G1 X25.784 Y-4.647 E0.03267
G0 F12000 X24.984 Y-4.647
G1 F3600 E-1
G0 F12000 X24.831 Y-4.511
G0 X26.944 Y-4.804
G1 F3600 E1
G1 F2769.2 X26.949 Y-4.805 E0.00011
G1 F3600 E-1
;MESH:NONMESH
G0 F600 X26.949 Y-4.805 Z25.52
G0 F12000 X24.856 Y-4.524
G0 X23.214 Y-4.002
G0 X3.434 Y3.236
G0 X3.342 Y3.131
;TIME_ELAPSED:646.011160
;LAYER:194
;note -- min layer time used
;TYPE:FILL
;MESH:bridge_3a.stl
G1 F3600 E1
G1 F3956.1 X3.612 Y3.374 E0.00883
G1 X4.174 Y3.92 E0.01906
G1 X7.294 Y3.92 E0.07588
G1 X8.301 Y3.128 E0.03116
G1 X9.382 Y2.33 E0.03268
G1 X10.392 Y1.625 E0.02996
G1 X11.42 Y0.937 E0.03009
G1 X12.433 Y0.297 E0.02914
G1 X13.466 Y-.322 E0.02929
G1 X14.49 Y-.905 E0.02866
G1 X15.495 Y-1.445 E0.02775
G1 X16.51 Y-1.969 E0.02778
G1 X17.539 Y-2.465 E0.02778
G1 X18.549 Y-2.936 E0.0271
G1 X18.06 Y-3.375 E0.01598
G1 X17.499 Y-3.92 E0.01902
G1 F3600 E-1
G0 F12000 X23.212 Y-4.325
;TYPE:WALL-INNER
G1 F3600 E1
G1 F2918.7 X13.377 Y-4.325 E0.2392
G1 X12.712 Y-3.962 E0.01843
G1 X11.473 Y-3.251 E0.03474
G1 X10.866 Y-2.887 E0.01721
G1 X9.643 Y-2.119 E0.03512
G1 X8.455 Y-1.334 E0.03463
G1 X7.874 Y-.933 E0.01717
G1 X6.736 Y-.116 E0.03407
G1 X5.645 Y0.706 E0.03322
G1 X4.499 Y1.617 E0.03561
G1 X3.962 Y2.061 E0.01695
G1 X2.901 Y2.976 E0.03408
G1 X1.87 Y3.913 E0.03388
G1 X1.435 Y4.325 E0.01457
G1 X7.434 Y4.325 E0.1459
G1 X8.538 Y3.456 E0.03417
G1 X9.609 Y2.666 E0.03237
G1 X10.623 Y1.959 E0.03006
G1 X11.635 Y1.281 E0.02963
G1 X12.649 Y0.64 E0.02918
G1 X13.689 Y0.017 E0.02949
G1 X14.68 Y-.547 E0.02773
G1 X15.686 Y-1.088 E0.02778
G1 X16.694 Y-1.608 E0.02759
G1 X17.714 Y-2.1 E0.02754
G1 X18.728 Y-2.572 E0.0272
G1 X19.71 Y-2.997 E0.02602
G1 X20.754 Y-3.427 E0.02746
G1 X21.771 Y-3.815 E0.02647
G1 X23.212 Y-4.325 E0.03718
G1 F3600 E-1
G0 F12000 X24.357 Y-4.51
G0 X24.876 Y-4.588
;TYPE:WALL-OUTER
G1 F3600 E1
G1 F1481.5 X24.327 Y-4.669 E0.02187
G1 F1989 X23.777 Y-4.75 E0.01632
G1 F2400 X13.268 Y-4.75 E0.25559
G1 X12.502 Y-4.33 E0.02125
G1 X11.254 Y-3.616 E0.03497
G1 X10.64 Y-3.247 E0.01742
G1 X9.457 Y-2.506 E0.03395
G1 X8.127 Y-1.625 E0.0388
G1 X7.626 Y-1.278 E0.01482
G1 X6.464 Y-.442 E0.03482
G1 X5.385 Y0.37 E0.03284
G1 X4.228 Y1.289 E0.03594
G1 X3.685 Y1.739 E0.01715
G1 X2.615 Y2.662 E0.03437
G1 X1.578 Y3.604 E0.03407
G1 X0.38 Y4.75 E0.04032
G1 X7.581 Y4.75 E0.17514
G1 X8.791 Y3.798 E0.03745
G1 X9.852 Y3.014 E0.03209
G1 X10.86 Y2.312 E0.02988
G1 X11.862 Y1.64 E0.02934
G1 X12.867 Y1.005 E0.02891
G1 X13.9 Y0.386 E0.02929
G1 X14.881 Y-.173 E0.02746
G1 X15.881 Y-.711 E0.02762
G1 X16.879 Y-1.226 E0.02731
G1 X17.894 Y-1.715 E0.0274
G1 X18.896 Y-2.182 E0.02689
G1 X19.872 Y-2.604 E0.02586
G1 X20.906 Y-3.03 E0.0272
G1 X21.915 Y-3.416 E0.02627
G1 X22.919 Y-3.777 E0.02595
G1 X23.888 Y-4.107 E0.0249
G1 F1989 X24.382 Y-4.347 E0.01612
G1 F1481.5 X24.876 Y-4.588 E0.02166
G0 F12000 X24.085 Y-4.704
G1 F3600 E-1
G0 F12000 X24.876 Y-4.588
G1 F3600 E1
G1 F1313.9 X24.884 Y-4.59 E0.00037
G1 F3600 E-1
;MESH:NONMESH
G0 F600 X24.884 Y-4.59 Z25.65
G0 F12000 X24.357 Y-4.51
G0 X22.919 Y-4.031
G0 X3.398 Y3.077
G0 X3.309 Y2.973
;TIME_ELAPSED:649.352886
;LAYER:195
;note -- min layer time used
;TYPE:FILL
;MESH:bridge_3a.stl
G1 F3600 E1
G1 F3971 X3.612 Y3.241 E0.00984
G1 X4.291 Y3.919 E0.02334
G1 X7.046 Y3.92 E0.06701
G1 X8.366 Y2.901 E0.04056
G1 X9.373 Y2.165 E0.03034
G1 X10.394 Y1.453 E0.03027
G1 X11.456 Y0.747 E0.03102
G1 X12.434 Y0.133 E0.02809
G1 X13.456 Y-.479 E0.02897
G1 X14.476 Y-1.056 E0.0285
G1 X15.506 Y-1.611 E0.02846
G1 X16.5 Y-2.122 E0.02718
G1 X17.548 Y-2.631 E0.02834
G1 X18.318 Y-2.985 E0.02061
G1 X17.382 Y-3.919 E0.03216
G1 F3600 E-1
G0 F12000 X22.768 Y-4.326
;TYPE:WALL-INNER
G1 F3600 E1
G1 F2923.7 X13.057 Y-4.325 E0.23619
G1 X11.37 Y-3.356 E0.04732
G1 X10.762 Y-2.99 E0.01726
G1 X9.504 Y-2.201 E0.03612
G1 X8.958 Y-1.841 E0.01591
G1 X7.766 Y-1.031 E0.03505
G1 X6.619 Y-.207 E0.03435
G1 X5.53 Y0.615 E0.03318
G1 X4.945 Y1.074 E0.01808
G1 X3.858 Y1.964 E0.03417
G1 X2.8 Y2.876 E0.03397
G1 X1.77 Y3.813 E0.03387
G1 X1.231 Y4.324 E0.01806
G1 X7.184 Y4.325 E0.14479
G1 X8.601 Y3.231 E0.04354
G1 X9.609 Y2.494 E0.03037
G1 X10.625 Y1.786 E0.03012
G1 X11.636 Y1.112 E0.02955
G1 X12.648 Y0.477 E0.02906
G1 X13.664 Y-.132 E0.02881
G1 X14.675 Y-.703 E0.02824
G1 X15.688 Y-1.249 E0.02799
G1 X16.7 Y-1.767 E0.02765
G1 X17.714 Y-2.262 E0.02744
G1 X18.732 Y-2.728 E0.02723
G1 X19.744 Y-3.165 E0.02681
G1 X20.754 Y-3.579 E0.02655
G1 X21.767 Y-3.967 E0.02638
G1 X22.768 Y-4.326 E0.02586
G1 F3600 E-1
G0 F12000 X23.965 Y-4.523
G0 X25.494 Y-4.75
;TYPE:WALL-OUTER
G1 F3600 E1
G1 F2400 X12.965 Y-4.75 E0.30472
G1 X12.392 Y-4.433 E0.01593
G1 X11.151 Y-3.72 E0.03481
G1 X10.536 Y-3.351 E0.01744
G1 X9.27 Y-2.556 E0.03636
G1 X7.518 Y-1.376 E0.05137
G1 X6.364 Y-.546 E0.03457
G1 X5.268 Y0.28 E0.03338
G1 X4.676 Y0.745 E0.01831
G1 X3.581 Y1.642 E0.03443
G1 X2.514 Y2.562 E0.03427
G1 X1.477 Y3.504 E0.03407
G1 X0.165 Y4.75 E0.04401
G1 X7.351 Y4.75 E0.17477
G1 X7.843 Y4.354 E0.01536
G1 X8.852 Y3.574 E0.03102
G1 X9.852 Y2.842 E0.03014
G1 X10.861 Y2.139 E0.02991
G1 X11.896 Y1.451 E0.03023
G1 X12.867 Y0.841 E0.02789
G1 X13.873 Y0.238 E0.02853
G1 X14.877 Y-.329 E0.02804
G1 X15.882 Y-.871 E0.02777
G1 X16.886 Y-1.385 E0.02743
G1 X17.891 Y-1.876 E0.0272
G1 X18.9 Y-2.338 E0.02699
G1 X19.905 Y-2.772 E0.02662
G1 X20.906 Y-3.182 E0.02631
G1 X21.911 Y-3.568 E0.02618
G1 X22.916 Y-3.929 E0.02597
G1 X23.888 Y-4.255 E0.02493
G1 X24.929 Y-4.584 E0.02655
G1 X25.494 Y-4.75 E0.01432
G0 F12000 X24.694 Y-4.75
G1 F3600 E-1
;MESH:NONMESH
G0 F600 X24.694 Y-4.75 Z25.78
G0 F12000 X23.886 Y-4.511
G0 X3.368 Y2.918
G0 X3.278 Y2.813
;TIME_ELAPSED:652.627325
;LAYER:196
;note -- min layer time used
;TYPE:FILL
;MESH:bridge_3a.stl
G1 F3600 E1
G1 F3785 X3.612 Y3.104 E0.01077
G1 X4.404 Y3.919 E0.02764
G1 X6.835 Y3.92 E0.05913
G1 X7.339 Y3.514 E0.01574
G1 X8.357 Y2.732 E0.03122
G1 X9.372 Y1.99 E0.03058
G1 X10.405 Y1.274 E0.03057
G1 X11.415 Y0.605 E0.02946
G1 X12.503 Y-0.074 E0.03119
G1 X13.458 Y-.645 E0.02706
G1 X14.478 Y-1.22 E0.02848
G1 X15.505 Y-1.77 E0.02833
G1 X16.5 Y-2.28 E0.02719
G1 X17.403 Y-2.717 E0.0244
G1 X18.117 Y-3.046 E0.01912
G1 X17.269 Y-3.92 E0.02962
G1 F3600 E-1
G0 F12000 X22.343 Y-4.324
;TYPE:WALL-INNER
G1 F3600 E1
G1 F2861.7 X12.789 Y-4.325 E0.23237
G1 X11.893 Y-3.823 E0.02498
G1 X10.614 Y-3.063 E0.03618
G1 X9.445 Y-2.328 E0.03358
G1 X8.844 Y-1.937 E0.01744
G1 X7.67 Y-1.134 E0.03459
G1 X6.524 Y-.311 E0.03432
G1 X5.992 Y0.082 E0.01609
G1 X4.857 Y0.964 E0.03496
G1 X3.758 Y1.864 E0.03455
G1 X2.7 Y2.777 E0.03399
G1 X1.67 Y3.713 E0.03385
G1 X1.026 Y4.324 E0.02159
G1 X6.978 Y4.325 E0.14476
G1 X7.584 Y3.836 E0.01894
G1 X8.601 Y3.055 E0.03119
G1 X9.611 Y2.317 E0.03042
G1 X10.618 Y1.618 E0.02981
G1 X11.638 Y0.943 E0.02975
G1 X12.709 Y0.274 E0.03071
G1 X13.664 Y-.296 E0.02705
G1 X14.677 Y-.867 E0.02828
G1 X15.688 Y-1.409 E0.0279
G1 X16.701 Y-1.928 E0.02768
G1 X17.716 Y-2.419 E0.02742
G1 X18.727 Y-2.88 E0.02702
G1 X19.713 Y-3.306 E0.02612
G1 X20.826 Y-3.759 E0.02923
G1 X21.769 Y-4.121 E0.02457
G1 X22.343 Y-4.324 E0.01481
G1 F3600 E-1
G0 F12000 X23.516 Y-4.522
G0 X24.989 Y-4.75
;TYPE:WALL-OUTER
G1 F3600 E1
G1 F2400 X12.678 Y-4.75 E0.29942
G1 X11.701 Y-4.203 E0.02723
G1 X10.344 Y-3.396 E0.0384
G1 X9.214 Y-2.685 E0.03247
G1 X8.604 Y-2.288 E0.0177
G1 X7.422 Y-1.479 E0.03484
G1 X6.272 Y-.652 E0.03445
G1 X5.714 Y-.239 E0.01688
G1 X4.592 Y0.632 E0.03455
G1 X3.481 Y1.542 E0.03493
G1 X2.414 Y2.463 E0.03428
G1 X1.378 Y3.404 E0.03404
G1 X0.362 Y4.37 E0.0341
G1 X-0.017 Y4.75 E0.01305
G1 X7.127 Y4.75 E0.17375
G1 X7.843 Y4.173 E0.02236
G1 X8.852 Y3.398 E0.03094
G1 X9.853 Y2.666 E0.03016
G1 X10.861 Y1.967 E0.02983
G1 X11.863 Y1.304 E0.02922
G1 X12.927 Y0.639 E0.03052
G1 X13.873 Y0.074 E0.0268
G1 X14.877 Y-.493 E0.02804
G1 X15.882 Y-1.031 E0.02773
G1 X16.887 Y-1.545 E0.02745
G1 X17.892 Y-2.032 E0.02716
G1 X18.896 Y-2.49 E0.02684
G1 X19.873 Y-2.912 E0.02588
G1 X20.978 Y-3.362 E0.02902
G1 X21.912 Y-3.72 E0.02433
G1 X22.915 Y-4.077 E0.02589
G1 X23.889 Y-4.407 E0.02501
G1 X24.989 Y-4.75 E0.02802
G0 F12000 X24.189 Y-4.75
G1 F3600 E-1
;MESH:NONMESH
G0 F600 X24.189 Y-4.75 Z25.91
G0 F12000 X23.437 Y-4.509
G0 X3.34 Y2.755
G0 X3.251 Y2.651
;TIME_ELAPSED:655.902633
;LAYER:197
;note -- min layer time used
;TYPE:FILL
;MESH:bridge_3a.stl
G1 F3600 E1
G1 F2286 X3.612 Y2.961 E0.01157
G1 X4.51 Y3.92 E0.03195
G1 F3600 E-1
G0 F12000 X16.079 Y-1.592
G0 X21.925 Y-4.324
;TYPE:WALL-INNER
G1 F3600 E1
G1 F2286 X12.495 Y-4.324 E0.22935
G1 X11.8 Y-3.931 E0.01942
G1 X10.547 Y-3.191 E0.03539
G1 X9.95 Y-2.818 E0.01712
G1 X8.737 Y-2.035 E0.03511
G1 X7.567 Y-1.236 E0.03446
G1 X5.892 Y-0.018 E0.05037
G1 X4.739 Y0.879 E0.03553
G1 X3.657 Y1.765 E0.03401
G1 X2.6 Y2.677 E0.03395
G1 X1.569 Y3.614 E0.03388
G1 X0.82 Y4.324 E0.0251
G1 X6.754 Y4.325 E0.14432
G1 X7.59 Y3.655 E0.02606
G1 X8.602 Y2.882 E0.03097
G1 X9.614 Y2.145 E0.03045
G1 X10.628 Y1.44 E0.03004
G1 X11.638 Y0.775 E0.02941
G1 X12.675 Y0.127 E0.02974
G1 X13.666 Y-.461 E0.02803
G1 X14.677 Y-1.027 E0.02818
G1 X15.69 Y-1.57 E0.02795
G1 X16.701 Y-2.084 E0.02758
G1 X17.715 Y-2.575 E0.0274
G1 X18.73 Y-3.037 E0.02712
G1 X19.743 Y-3.471 E0.0268
G1 X20.725 Y-3.866 E0.02574
G1 X21.925 Y-4.324 E0.03124
G1 F3600 E-1
G0 F12000 X23.071 Y-4.522
G0 X24.51 Y-4.75
;TYPE:WALL-OUTER
G1 F3600 E1
G1 F2286 X12.382 Y-4.749 E0.29497
G1 X11.585 Y-4.297 E0.02228
G1 X10.346 Y-3.566 E0.03499
G1 X9.72 Y-3.175 E0.01795
G1 X8.497 Y-2.386 E0.0354
G1 X7.319 Y-1.581 E0.0347
G1 X5.614 Y-.339 E0.0513
G1 X4.47 Y0.55 E0.03524
G1 X3.38 Y1.443 E0.03427
G1 X2.314 Y2.363 E0.03425
G1 X1.277 Y3.305 E0.03407
G1 X0.261 Y4.27 E0.03408
G1 X-.217 Y4.749 E0.01646
G1 X6.904 Y4.75 E0.17319
G1 X7.848 Y3.993 E0.02943
G1 X8.852 Y3.225 E0.03074
G1 X9.857 Y2.494 E0.03023
G1 X10.862 Y1.795 E0.02977
G1 X11.863 Y1.136 E0.02915
G1 X12.892 Y0.493 E0.02951
G1 X13.873 Y-0.091 E0.02777
G1 X14.877 Y-.653 E0.02798
G1 X15.882 Y-1.191 E0.02773
G1 X16.887 Y-1.702 E0.02742
G1 X17.892 Y-2.188 E0.02715
G1 X18.897 Y-2.646 E0.02686
G1 X19.902 Y-3.076 E0.02659
G1 X20.878 Y-3.47 E0.0256
G1 X21.911 Y-3.868 E0.02692
G1 X22.976 Y-4.25 E0.02752
G1 X23.889 Y-4.555 E0.02341
G1 X24.51 Y-4.75 E0.01583
G0 F12000 X23.71 Y-4.75
G1 F3600 E-1
;MESH:NONMESH
G0 F600 X23.71 Y-4.75 Z26.04
G0 F12000 X22.992 Y-4.509
G0 X3.317 Y2.588
G0 X3.228 Y2.485
;TIME_ELAPSED:659.269479
;LAYER:198
;note -- min layer time used
;TYPE:FILL
;MESH:bridge_3a.stl
G1 F3600 E1
G1 F3445.5 X3.612 Y2.811 E0.01225
G1 X4.611 Y3.92 E0.0363
G1 X6.393 Y3.92 E0.04334
G1 X7.336 Y3.159 E0.02947
G1 X8.37 Y2.37 E0.03163
G1 X9.491 Y1.558 E0.03367
G1 X10.411 Y0.93 E0.02709
G1 X11.421 Y0.268 E0.02937
G1 X12.438 Y-.37 E0.0292
G1 X13.486 Y-.985 E0.02955
G1 X14.492 Y-1.549 E0.02805
G1 X15.508 Y-2.093 E0.02803
G1 X16.524 Y-2.608 E0.0277
G1 X17.73 Y-3.179 E0.03245
G1 X17.157 Y-3.814 E0.0208
G1 X17.041 Y-3.92 E0.00382
G1 F3600 E-1
G0 F12000 X21.522 Y-4.325
;TYPE:WALL-INNER
G1 F3600 E1
G1 F2748.5 X12.204 Y-4.325 E0.22663
G1 X11.65 Y-4.008 E0.01552
G1 X10.447 Y-3.293 E0.03404
G1 X9.847 Y-2.92 E0.01718
G1 X8.641 Y-2.137 E0.03497
G1 X7.465 Y-1.337 E0.03459
G1 X6.895 Y-.931 E0.01702
G1 X5.751 Y-0.085 E0.03461
G1 X4.653 Y0.764 E0.03376
G1 X3.558 Y1.664 E0.03447
G1 X2.499 Y2.578 E0.03402
G1 X1.487 Y3.495 E0.03321
G1 X0.616 Y4.324 E0.02925
G1 X6.534 Y4.325 E0.14393
G1 X7.59 Y3.475 E0.03297
G1 X8.604 Y2.701 E0.03103
G1 X9.617 Y1.967 E0.03043
G1 X10.629 Y1.271 E0.02987
G1 X11.641 Y0.608 E0.02943
G1 X12.653 Y-0.026 E0.02904
G1 X13.69 Y-.635 E0.02925
G1 X14.682 Y-1.192 E0.02767
G1 X15.69 Y-1.73 E0.02779
G1 X16.705 Y-2.246 E0.02769
G1 X17.716 Y-2.727 E0.02723
G1 X18.729 Y-3.189 E0.02708
G1 X19.748 Y-3.627 E0.02698
G1 X20.725 Y-4.018 E0.02559
G1 X21.522 Y-4.325 E0.02077
G1 F3600 E-1
G0 F12000 X22.641 Y-4.522
G0 X24.064 Y-4.754
;TYPE:WALL-OUTER
G1 F3600 E1
G1 F2421.5 X12.091 Y-4.75 E0.28861
G1 F2400 X11.433 Y-4.373 E0.01844
G1 X10.222 Y-3.654 E0.03425
G1 X9.616 Y-3.277 E0.01736
G1 X8.402 Y-2.489 E0.0352
G1 X7.219 Y-1.684 E0.0348
G1 X6.642 Y-1.272 E0.01724
G1 X5.491 Y-.421 E0.03481
G1 X4.388 Y0.432 E0.03391
G1 X3.281 Y1.342 E0.03485
G1 X2.214 Y2.263 E0.03428
G1 X1.198 Y3.184 E0.03335
G1 X0.664 Y3.682 E0.01776
G1 X-.424 Y4.75 E0.03708
G1 X6.683 Y4.75 E0.17285
G1 X7.848 Y3.813 E0.03636
G1 X8.853 Y3.045 E0.03076
G1 X9.965 Y2.243 E0.03335
G1 X10.862 Y1.626 E0.02648
G1 X11.867 Y0.968 E0.02922
G1 X12.869 Y0.34 E0.02876
G1 X13.898 Y-.265 E0.02903
G1 X14.882 Y-.817 E0.02744
G1 X15.882 Y-1.351 E0.02757
G1 X16.888 Y-1.862 E0.02744
G1 X17.892 Y-2.34 E0.02704
G1 X18.897 Y-2.798 E0.02686
G1 X19.906 Y-3.233 E0.02672
G1 X20.878 Y-3.622 E0.02546
G1 X21.912 Y-4.02 E0.02695
G1 F2421.5 X22.921 Y-4.374 E0.02578
G1 F2443.4 X24.064 Y-4.754 E0.02877
G0 F12000 X23.264 Y-4.754
G1 F3600 E-1
;MESH:NONMESH
G0 F600 X23.264 Y-4.754 Z26.17
G0 F12000 X22.562 Y-4.508
G0 X3.298 Y2.419
G0 X3.206 Y2.312
;TIME_ELAPSED:662.550563
;LAYER:199
;note -- min layer time used
;TYPE:FILL
;MESH:bridge_3a.stl
G1 F3600 E1
G1 F3275.5 X3.612 Y2.651 E0.01286
G1 X4.515 Y3.699 E0.03365
G1 X4.741 Y3.92 E0.00769
G1 X6.147 Y3.92 E0.0342
G1 X7.332 Y2.981 E0.03677
G1 X8.361 Y2.2 E0.03142
G1 X9.392 Y1.46 E0.03087
G1 X10.403 Y0.768 E0.0298
G1 X11.434 Y0.092 E0.02998
G1 X12.447 Y-.538 E0.02901
G1 X13.47 Y-1.134 E0.0288
G1 X14.475 Y-1.701 E0.02806
G1 X15.507 Y-2.25 E0.02843
G1 X16.536 Y-2.768 E0.02802
G1 X17.549 Y-3.245 E0.02723
G1 X17.157 Y-3.7 E0.01461
G1 X16.932 Y-3.92 E0.00765
G1 F3600 E-1
G0 F12000 X21.128 Y-4.325
;TYPE:WALL-INNER
G1 F3600 E1
G1 F2691.8 X11.902 Y-4.325 E0.22439
G1 X10.389 Y-3.42 E0.04288
G1 X9.151 Y-2.645 E0.03552
G1 X7.947 Y-1.842 E0.0352
G1 X6.783 Y-1.025 E0.03459
G1 X5.664 Y-.198 E0.03384
G1 X4.532 Y0.681 E0.03486
G1 X2.927 Y2.017 E0.05079
G1 X1.884 Y2.942 E0.03391
G1 X0.859 Y3.888 E0.03392
G1 X0.413 Y4.325 E0.01519
G1 X6.291 Y4.325 E0.14296
G1 X7.591 Y3.294 E0.04035
G1 X8.605 Y2.524 E0.03097
G1 X9.618 Y1.794 E0.03037
G1 X10.629 Y1.103 E0.02978
G1 X11.644 Y0.438 E0.02951
G1 X12.659 Y-.191 E0.02904
G1 X13.668 Y-.781 E0.02843
G1 X14.682 Y-1.352 E0.0283
G1 X15.696 Y-1.891 E0.02793
G1 X16.709 Y-2.402 E0.02759
G1 X17.718 Y-2.882 E0.02718
G1 X18.731 Y-3.345 E0.02709
G1 X19.748 Y-3.779 E0.02689
G1 X21.128 Y-4.325 E0.0361
G1 F3600 E-1
G0 F12000 X22.217 Y-4.522
G0 X23.589 Y-4.75
;TYPE:WALL-OUTER
G1 F3600 E1
G1 F2400 X11.785 Y-4.75 E0.28709
G1 X10.147 Y-3.769 E0.04644
G1 X8.92 Y-3.002 E0.03519
G1 X7.704 Y-2.19 E0.03556
G1 X6.53 Y-1.367 E0.03487
G1 X5.387 Y-.52 E0.0346
G1 X4.262 Y0.353 E0.03463
G1 X2.645 Y1.699 E0.05117
G1 X1.596 Y2.629 E0.0341
G1 X0.561 Y3.584 E0.03425
G1 X-.621 Y4.75 E0.04038
G1 X6.439 Y4.75 E0.17171
G1 X7.848 Y3.632 E0.04375
G1 X8.848 Y2.872 E0.03055
G1 X9.858 Y2.145 E0.03027
G1 X10.862 Y1.459 E0.02957
G1 X11.862 Y0.802 E0.0291
G1 X12.873 Y0.176 E0.02892
G1 X13.877 Y-.41 E0.02827
G1 X14.882 Y-.977 E0.02806
G1 X15.887 Y-1.512 E0.02769
G1 X16.892 Y-2.018 E0.02737
G1 X17.895 Y-2.496 E0.02702
G1 X18.897 Y-2.954 E0.0268
G1 X19.906 Y-3.385 E0.02669
G1 X20.878 Y-3.774 E0.02546
G1 X21.912 Y-4.172 E0.02695
G1 X22.916 Y-4.526 E0.02589
G1 X23.589 Y-4.75 E0.01725
G0 F12000 X22.789 Y-4.75
G1 F3600 E-1
;MESH:NONMESH
G0 F600 X22.789 Y-4.75 Z26.3
G0 F12000 X22.138 Y-4.509
G0 X3.282 Y2.241
G0 X3.195 Y2.137
;TIME_ELAPSED:665.840510
;LAYER:200
;note -- min layer time used
;TYPE:FILL
;MESH:bridge_3a.stl
G1 F3600 E1
G1 F3112.8 X3.612 Y2.478 E0.0131
G1 X4.515 Y3.58 E0.03465
G1 X4.84 Y3.92 E0.01144
G1 X5.941 Y3.92 E0.02678
G1 X6.327 Y3.599 E0.01221
G1 X7.342 Y2.795 E0.03149
G1 X8.396 Y1.999 E0.03212
G1 X9.343 Y1.319 E0.02836
G1 X10.449 Y0.562 E0.0326
G1 X11.426 Y-0.067 E0.02826
G1 X12.448 Y-.702 E0.02926
G1 X13.466 Y-1.295 E0.02865
G1 X14.494 Y-1.87 E0.02865
G1 X15.507 Y-2.41 E0.02792
G1 X16.53 Y-2.924 E0.02784
G1 X17.37 Y-3.321 E0.0226
G1 X16.833 Y-3.92 E0.01957
G1 F3600 E-1
G0 F12000 X20.714 Y-4.323
;TYPE:WALL-INNER
G1 F3600 E1
G1 F2637.6 X11.635 Y-4.325 E0.22081
G1 X10.86 Y-3.873 E0.02182
G1 X9.637 Y-3.121 E0.03492
G1 X8.44 Y-2.344 E0.03471
G1 X7.85 Y-1.948 E0.01728
G1 X6.68 Y-1.125 E0.03479
G1 X5.549 Y-.286 E0.03425
G1 X4.456 Y0.561 E0.03363
G1 X3.903 Y1.011 E0.01734
G1 X2.825 Y1.919 E0.03428
G1 X1.783 Y2.843 E0.03387
G1 X0.759 Y3.789 E0.03391
G1 X0.212 Y4.324 E0.01861
G1 X6.088 Y4.325 E0.14291
G1 X6.602 Y3.898 E0.01625
G1 X7.592 Y3.113 E0.03073
G1 X8.638 Y2.323 E0.03188
G1 X9.57 Y1.655 E0.02789
G1 X10.666 Y0.904 E0.03231
G1 X11.644 Y0.274 E0.02829
G1 X12.659 Y-.355 E0.02904
G1 X13.67 Y-.945 E0.02847
G1 X14.682 Y-1.512 E0.02821
G1 X15.696 Y-2.051 E0.02793
G1 X16.711 Y-2.563 E0.02765
G1 X17.719 Y-3.038 E0.0271
G1 X18.736 Y-3.502 E0.02719
G1 X19.746 Y-3.93 E0.02668
G1 X20.714 Y-4.323 E0.02541
G1 F3600 E-1
G0 F12000 X21.799 Y-4.522
G0 X23.143 Y-4.75
;TYPE:WALL-OUTER
G1 F3600 E1
G1 F2400 X11.52 Y-4.75 E0.28269
G1 X10.637 Y-4.235 E0.02486
G1 X9.406 Y-3.478 E0.03515
G1 X8.203 Y-2.697 E0.03488
G1 X7.606 Y-2.296 E0.01749
G1 X6.426 Y-1.467 E0.03507
G1 X5.329 Y-.653 E0.03322
G1 X4.192 Y0.228 E0.03498
G1 X3.629 Y0.686 E0.01765
G1 X2.543 Y1.601 E0.03454
G1 X1.495 Y2.53 E0.03406
G1 X0.461 Y3.484 E0.03422
G1 X-.827 Y4.749 E0.04391
G1 X6.241 Y4.75 E0.1719
G1 X6.865 Y4.232 E0.01972
G1 X7.849 Y3.452 E0.03054
G1 X8.886 Y2.668 E0.03162
G1 X9.81 Y2.005 E0.02766
G1 X10.896 Y1.261 E0.03202
G1 X11.868 Y0.635 E0.02812
G1 X12.873 Y0.012 E0.02876
G1 X13.877 Y-.575 E0.02829
G1 X14.882 Y-1.137 E0.02801
G1 X15.887 Y-1.672 E0.02769
G1 X16.893 Y-2.179 E0.0274
G1 X17.896 Y-2.652 E0.02697
G1 X18.902 Y-3.111 E0.02689
G1 X19.906 Y-3.536 E0.02652
G1 X20.879 Y-3.931 E0.02554
G1 X21.916 Y-4.32 E0.02694
G1 X23.143 Y-4.75 E0.03162
G0 F12000 X22.343 Y-4.75
G1 F3600 E-1
;MESH:NONMESH
G0 F600 X22.343 Y-4.75 Z26.43
G0 F12000 X21.72 Y-4.508
G0 X3.282 Y2.059
G0 X3.194 Y1.953
;TIME_ELAPSED:669.139475
;LAYER:201
;note -- min layer time used
;TYPE:FILL
;MESH:bridge_3a.stl
G1 F3600 E1
G1 F2964.2 X3.612 Y2.288 E0.01303
G1 X4.515 Y3.455 E0.03589
G1 X4.929 Y3.92 E0.01514
G1 X5.723 Y3.92 E0.01931
G1 X6.333 Y3.413 E0.01929
G1 X7.341 Y2.617 E0.03124
G1 X8.364 Y1.851 E0.03108
G1 X9.343 Y1.147 E0.02933
G1 X10.403 Y0.42 E0.03126
G1 X11.426 Y-.236 E0.02956
G1 X12.461 Y-.876 E0.0296
G1 X13.469 Y-1.461 E0.02835
G1 X14.494 Y-2.031 E0.02852
G1 X15.508 Y-2.57 E0.02793
G1 X16.537 Y-3.083 E0.02796
G1 X17.201 Y-3.399 E0.01789
G1 X16.745 Y-3.919 E0.01682
G1 F3600 E-1
G0 F12000 X20.349 Y-4.325
;TYPE:WALL-INNER
G1 F3600 E1
G1 F2588.1 X11.351 Y-4.325 E0.21884
G1 X10.757 Y-3.977 E0.01674
G1 X9.536 Y-3.227 E0.03485
G1 X8.936 Y-2.841 E0.01735
G1 X7.762 Y-2.059 E0.03431
G1 X6.582 Y-1.227 E0.03512
G1 X5.454 Y-.391 E0.03415
G1 X4.894 Y0.039 E0.01717
G1 X3.79 Y0.922 E0.03438
G1 X2.725 Y1.819 E0.03387
G1 X1.678 Y2.744 E0.03398
G1 X0.658 Y3.688 E0.0338
G1 X0.007 Y4.326 E0.02217
G1 X5.868 Y4.325 E0.14255
G1 X6.581 Y3.734 E0.02252
G1 X7.591 Y2.935 E0.03132
G1 X8.606 Y2.175 E0.03084
G1 X9.57 Y1.483 E0.02886
G1 X10.631 Y0.755 E0.0313
G1 X11.644 Y0.106 E0.02926
G1 X12.661 Y-.524 E0.0291
G1 X13.671 Y-1.11 E0.0284
G1 X14.682 Y-1.672 E0.02813
G1 X15.697 Y-2.212 E0.02796
G1 X16.709 Y-2.718 E0.02752
G1 X17.724 Y-3.201 E0.02734
G1 X18.736 Y-3.654 E0.02697
G1 X19.746 Y-4.082 E0.02668
G1 X20.349 Y-4.325 E0.01581
G1 F3600 E-1
G0 F12000 X21.397 Y-4.522
G0 X22.707 Y-4.75
;TYPE:WALL-OUTER
G1 F3600 E1
G1 F2400 X11.236 Y-4.75 E0.27899
G1 X10.534 Y-4.339 E0.01978
G1 X9.307 Y-3.585 E0.03503
G1 X8.7 Y-3.194 E0.01756
G1 X7.497 Y-2.392 E0.03516
G1 X6.329 Y-1.569 E0.03475
G1 X5.196 Y-.728 E0.03432
G1 X4.629 Y-.293 E0.01738
G1 X3.516 Y0.597 E0.03466
G1 X2.444 Y1.5 E0.03409
G1 X1.389 Y2.432 E0.03424
G1 X0.361 Y3.384 E0.03408
G1 X-.636 Y4.362 E0.03397
G1 X-1.013 Y4.75 E0.01316
G1 X6.021 Y4.75 E0.17108
G1 X6.844 Y4.067 E0.02601
G1 X7.846 Y3.275 E0.03106
G1 X8.854 Y2.52 E0.03063
G1 X9.81 Y1.833 E0.02863
G1 X10.86 Y1.113 E0.03096
G1 X11.868 Y0.467 E0.02912
G1 X12.874 Y-.157 E0.02879
G1 X13.878 Y-.739 E0.02822
G1 X14.882 Y-1.297 E0.02794
G1 X15.888 Y-1.832 E0.02771
G1 X16.892 Y-2.334 E0.0273
G1 X17.897 Y-2.813 E0.02708
G1 X18.902 Y-3.263 E0.02678
G1 X19.906 Y-3.688 E0.02652
G1 X20.88 Y-4.083 E0.02556
G1 X21.916 Y-4.473 E0.02692
G1 X22.707 Y-4.75 E0.02038
G0 F12000 X21.907 Y-4.75
G1 F3600 E-1
;MESH:NONMESH
G0 F600 X21.907 Y-4.75 Z26.56
G0 F12000 X21.318 Y-4.508
G0 X3.292 Y1.864
G0 X3.205 Y1.759
;TIME_ELAPSED:672.447548
;LAYER:202
;note -- min layer time used
;TYPE:FILL
;MESH:bridge_3a.stl
G1 F3600 E1
G1 F2200.8 X3.612 Y2.074 E0.01252
G1 X4.515 Y3.321 E0.03745
G1 X5.009 Y3.92 E0.01888
G1 F3600 E-1
G0 F12000 X14.755 Y-1.692
G0 X19.975 Y-4.325
;TYPE:WALL-INNER
G1 F3600 E1
G1 F2200.8 X11.053 Y-4.325 E0.217
G1 X9.434 Y-3.328 E0.04624
G1 X8.833 Y-2.943 E0.01736
G1 X7.651 Y-2.152 E0.03459
G1 X7.07 Y-1.748 E0.01721
G1 X5.911 Y-.911 E0.03477
G1 X4.79 Y-0.058 E0.03426
G1 X3.69 Y0.822 E0.03426
G1 X2.652 Y1.694 E0.03297
G1 X1.577 Y2.645 E0.03491
G1 X0.558 Y3.589 E0.03378
G1 X-.19 Y4.325 E0.02552
G1 X5.651 Y4.325 E0.14206
G1 X6.579 Y3.548 E0.02944
G1 X7.592 Y2.754 E0.0313
G1 X8.608 Y1.998 E0.0308
G1 X9.619 Y1.278 E0.03019
G1 X10.63 Y0.588 E0.02977
G1 X11.643 Y-0.064 E0.0293
G1 X12.655 Y-.683 E0.02885
G1 X13.67 Y-1.276 E0.02859
G1 X14.682 Y-1.832 E0.02808
G1 X15.699 Y-2.373 E0.02802
G1 X16.709 Y-2.874 E0.02742
G1 X17.723 Y-3.357 E0.02732
G1 X18.738 Y-3.811 E0.02704
G1 X19.975 Y-4.325 E0.03258
G1 F3600 E-1
G0 F12000 X20.919 Y-4.507
G0 X21.888 Y-4.682
;TYPE:WALL-OUTER
G1 F3600 E1
G1 F1678.6 X21.316 Y-4.716 E0.01827
G1 F1996.7 X20.744 Y-4.75 E0.01536
G1 F2200.8 X10.953 Y-4.75 E0.23813
G1 X10.476 Y-4.469 E0.01346
G1 X9.206 Y-3.686 E0.03629
G1 X8.596 Y-3.297 E0.0176
G1 X7.408 Y-2.501 E0.03478
G1 X6.822 Y-2.093 E0.01737
G1 X5.677 Y-1.267 E0.03434
G1 X4.525 Y-.39 E0.03521
G1 X3.416 Y0.497 E0.03454
G1 X2.344 Y1.4 E0.03409
G1 X1.288 Y2.333 E0.03427
G1 X0.269 Y3.277 E0.03378
G1 X-.755 Y4.286 E0.03496
G1 X-1.209 Y4.75 E0.01579
G1 X5.805 Y4.75 E0.17059
G1 X6.841 Y3.883 E0.03286
G1 X7.846 Y3.095 E0.03106
G1 X8.854 Y2.344 E0.03057
G1 X9.859 Y1.629 E0.03
G1 X10.86 Y0.945 E0.02949
G1 X11.865 Y0.298 E0.02907
G1 X12.869 Y-.316 E0.02862
G1 X13.875 Y-.904 E0.02834
G1 X14.882 Y-1.457 E0.02794
G1 X15.888 Y-1.992 E0.02771
G1 X16.892 Y-2.49 E0.02726
G1 X17.897 Y-2.969 E0.02708
G1 X18.903 Y-3.419 E0.0268
G1 X19.907 Y-3.84 E0.02648
G1 X20.851 Y-4.218 E0.02473
G1 F1996.7 X21.369 Y-4.45 E0.01522
G1 F1678.6 X21.888 Y-4.682 E0.01813
G0 F12000 X21.09 Y-4.729
G1 F3600 E-1
G0 F12000 X21.888 Y-4.682
G1 F3600 E1
G1 F1557.2 X21.893 Y-4.683 E0.00018
G1 F3600 E-1
;MESH:NONMESH
G0 F600 X21.893 Y-4.683 Z26.69
G0 F12000 X20.919 Y-4.507
G0 X3.323 Y1.654
G0 X3.235 Y1.549
;TIME_ELAPSED:675.883134
;LAYER:203
;note -- min layer time used
;TYPE:FILL
;MESH:bridge_3a.stl
G1 F3600 E1
G1 F4057.6 X3.612 Y1.825 E0.01136
G1 X4.515 Y3.175 E0.0395
G1 X5.08 Y3.92 E0.02274
G1 X5.287 Y3.92 E0.00503
G1 X6.322 Y3.055 E0.03281
G1 X7.345 Y2.254 E0.0316
G1 X8.369 Y1.496 E0.03099
G1 X9.394 Y0.767 E0.03059
G1 X10.4 Y0.086 E0.02955
G1 X11.412 Y-.565 E0.02927
G1 X12.447 Y-1.194 E0.02946
G1 X13.482 Y-1.799 E0.02916
G1 X15.513 Y-2.892 E0.0561
G1 X16.756 Y-3.5 E0.03365
G1 X16.66 Y-3.921 E0.0105
G1 X10.909 Y-3.92 E0.13987
G1 X10.143 Y-3.46 E0.02173
G1 X8.945 Y-2.702 E0.03448
G1 X8.512 Y-2.412 E0.01267
G1 X8.127 Y-2.079 E0.01238
G1 X7.554 Y-1.761 E0.01594
G1 F3600 E-1
G0 F12000 X19.591 Y-4.324
;TYPE:WALL-INNER
G1 F3600 E1
G1 F2952.5 X10.795 Y-4.325 E0.21393
G1 X9.934 Y-3.808 E0.02443
G1 X8.725 Y-3.041 E0.03482
G1 X7.545 Y-2.25 E0.03455
G1 X6.391 Y-1.44 E0.03429
G1 X5.818 Y-1.02 E0.01728
G1 X4.693 Y-.16 E0.03444
G1 X3.587 Y0.721 E0.03439
G1 X2.525 Y1.619 E0.03383
G1 X1.483 Y2.542 E0.03386
G1 X0.966 Y3.013 E0.01701
G1 X-.406 Y4.325 E0.04617
G1 X5.434 Y4.325 E0.14204
G1 X6.579 Y3.368 E0.03629
G1 X7.594 Y2.573 E0.03136
G1 X8.608 Y1.821 E0.0307
G1 X9.617 Y1.104 E0.03011
G1 X10.618 Y0.428 E0.02938
G1 X11.645 Y-.233 E0.0297
G1 X12.655 Y-.847 E0.02875
G1 X13.672 Y-1.441 E0.02864
G1 X14.682 Y-1.993 E0.02799
G1 X15.701 Y-2.534 E0.02806
G1 X16.709 Y-3.03 E0.02732
G1 X17.726 Y-3.513 E0.02738
G1 X18.736 Y-3.962 E0.02688
G1 X19.591 Y-4.324 E0.02258
G1 F3600 E-1
G0 F12000 X20.607 Y-4.522
G0 X21.859 Y-4.75
;TYPE:WALL-OUTER
G1 F3600 E1
G1 F2400 X10.678 Y-4.75 E0.27194
G1 X9.707 Y-4.167 E0.02755
G1 X8.489 Y-3.395 E0.03507
G1 X7.301 Y-2.599 E0.03478
G1 X6.14 Y-1.783 E0.03451
G1 X5.56 Y-1.358 E0.01749
G1 X4.429 Y-.493 E0.03463
G1 X3.339 Y0.374 E0.03387
G1 X2.243 Y1.301 E0.03491
G1 X0.672 Y2.705 E0.05124
G1 X-.337 Y3.671 E0.03397
G1 X-1.413 Y4.75 E0.03706
G1 X5.589 Y4.75 E0.1703
G1 X6.841 Y3.703 E0.03969
G1 X7.847 Y2.915 E0.03108
G1 X8.855 Y2.168 E0.03051
G1 X9.855 Y1.456 E0.02986
G1 X10.848 Y0.785 E0.02915
G1 X11.866 Y0.13 E0.02944
G1 X12.869 Y-.48 E0.02855
G1 X13.876 Y-1.068 E0.02836
G1 X15.889 Y-2.153 E0.05562
G1 X16.892 Y-2.646 E0.02718
G1 X17.898 Y-3.125 E0.0271
G1 X18.902 Y-3.571 E0.02672
G1 X19.907 Y-3.997 E0.02655
G1 X20.911 Y-4.394 E0.02626
G1 X21.859 Y-4.75 E0.02463
G0 F12000 X21.059 Y-4.75
G1 F3600 E-1
;MESH:NONMESH
G0 F600 X21.059 Y-4.75 Z26.82
G0 F12000 X20.528 Y-4.507
G0 X17.786 Y-3.364
G0 X14.757 Y-1.852
G0 X13.898 Y-1.352
G0 X5.111 Y3.872
;TIME_ELAPSED:679.132162
;LAYER:204
;note -- min layer time used
;TYPE:FILL
;MESH:bridge_3a.stl
G1 F3600 E1
G1 F2289.4 X4.515 Y3.012 E0.02545
G1 X3.612 Y1.521 E0.0424
G1 X3.299 Y1.315 E0.00911
G1 X3.75 Y0.929 E0.01444
G1 X4.831 Y0.065 E0.03366
G1 X5.959 Y-.794 E0.03448
G1 X6.667 Y-1.307 E0.02126
G1 X7.224 Y-1.531 E0.0146
G1 X8.127 Y-2.073 E0.02561
G1 X9.043 Y-2.927 E0.03046
G1 F3600 E-1
G0 F12000 X19.229 Y-4.324
;TYPE:WALL-INNER
G1 F3600 E1
G1 F2289.4 X10.517 Y-4.325 E0.21189
G1 X9.837 Y-3.912 E0.01935
G1 X8.622 Y-3.141 E0.035
G1 X7.439 Y-2.353 E0.03457
G1 X6.867 Y-1.953 E0.01698
G1 X5.713 Y-1.116 E0.03467
G1 X4.587 Y-.258 E0.03443
G1 X3.49 Y0.618 E0.03414
G1 X1.895 Y1.981 E0.05103
G1 X0.866 Y2.917 E0.03383
G1 X-.138 Y3.874 E0.03373
G1 X-.59 Y4.324 E0.01551
G1 X5.198 Y4.325 E0.14077
G1 X6.583 Y3.188 E0.04358
G1 X7.595 Y2.396 E0.03125
G1 X8.609 Y1.649 E0.03063
G1 X9.669 Y0.897 E0.03161
G1 X10.636 Y0.247 E0.02834
G1 X11.645 Y-.397 E0.02911
G1 X12.658 Y-1.013 E0.02884
G1 X13.652 Y-1.587 E0.02792
G1 X14.684 Y-2.159 E0.0287
G1 X15.694 Y-2.684 E0.02769
G1 X16.711 Y-3.192 E0.02765
G1 X17.724 Y-3.665 E0.02719
G1 X18.738 Y-4.119 E0.02702
G1 X19.229 Y-4.324 E0.01294
G1 F3600 E-1
G0 F12000 X20.146 Y-4.507
G0 X20.869 Y-4.643
;TYPE:WALL-OUTER
G1 F3600 E1
G1 F1594.8 X20.331 Y-4.696 E0.01888
G1 F1996.6 X19.793 Y-4.75 E0.01508
G1 F2289.4 X10.398 Y-4.75 E0.2285
G1 X9.609 Y-4.271 E0.02245
G1 X8.387 Y-3.495 E0.03521
G1 X7.195 Y-2.702 E0.03482
G1 X6.618 Y-2.297 E0.01715
G1 X5.456 Y-1.454 E0.03492
G1 X4.322 Y-.59 E0.03467
G1 X3.217 Y0.292 E0.03439
G1 X1.61 Y1.667 E0.05144
G1 X0.573 Y2.609 E0.03407
G1 X-.438 Y3.573 E0.03398
G1 X-1.609 Y4.75 E0.04038
G1 X5.371 Y4.75 E0.16976
G1 X5.841 Y4.346 E0.01507
G1 X6.845 Y3.523 E0.03157
G1 X7.847 Y2.738 E0.03096
G1 X8.855 Y1.996 E0.03044
G1 X9.856 Y1.284 E0.02988
G1 X10.865 Y0.605 E0.02958
G1 X11.866 Y-0.034 E0.02888
G1 X12.871 Y-.645 E0.02861
G1 X13.858 Y-1.215 E0.02772
G1 X14.88 Y-1.782 E0.02843
G1 X15.884 Y-2.304 E0.02752
G1 X16.89 Y-2.807 E0.02736
G1 X17.897 Y-3.277 E0.02703
G1 X18.903 Y-3.727 E0.0268
G1 X19.907 Y-4.149 E0.02649
G1 F1996.6 X20.388 Y-4.396 E0.01508
G1 F1594.8 X20.869 Y-4.643 E0.01888
G0 F12000 X20.073 Y-4.722
G1 F3600 E-1
G0 F12000 X20.869 Y-4.643
G1 F3600 E1
G1 F1447 X20.875 Y-4.645 E0.00024
G1 F3600 E-1
;MESH:NONMESH
G0 F600 X20.875 Y-4.645 Z26.95
G0 F12000 X20.146 Y-4.507
G0 X3.513 Y1.12
G0 X3.43 Y1.019
;TIME_ELAPSED:682.577125
;LAYER:205
;note -- min layer time used
;TYPE:FILL
;MESH:bridge_3a.stl
G1 F3600 E1
G1 F4015.9 X3.612 Y1.113 E0.00498
G1 X4.515 Y2.822 E0.04701
G1 X5.078 Y3.722 E0.02582
G1 X6.363 Y2.663 E0.0405
G1 X7.352 Y1.899 E0.0304
G1 X8.37 Y1.147 E0.03078
G1 X9.399 Y0.421 E0.03063
G1 X10.45 Y-.283 E0.03077
G1 X11.43 Y-.908 E0.02827
G1 X12.451 Y-1.525 E0.02901
G1 X13.476 Y-2.116 E0.02878
G1 X14.499 Y-2.68 E0.02841
G1 X15.51 Y-3.206 E0.02772
G1 X16.112 Y-3.503 E0.01633
G1 X16.015 Y-3.92 E0.01041
G1 X10.335 Y-3.919 E0.13815
G1 X9.165 Y-3.175 E0.03372
G1 X9.03 Y-2.959 E0.0062
G1 X8.127 Y-2.061 E0.03097
G1 X7.224 Y-1.478 E0.02614
G1 X6.321 Y-1.073 E0.02407
G1 X5.93 Y-.949 E0.00998
G1 F3600 E-1
G0 F12000 X18.864 Y-4.325
;TYPE:WALL-INNER
G1 F3600 E1
G1 F2938.6 X10.24 Y-4.324 E0.20975
G1 X9.73 Y-4.015 E0.0145
G1 X8.527 Y-3.25 E0.03467
G1 X7.926 Y-2.855 E0.01749
G1 X6.755 Y-2.047 E0.0346
G1 X5.608 Y-1.216 E0.03445
G1 X4.515 Y-.383 E0.03342
G1 X3.945 Y0.071 E0.01772
G1 X2.855 Y0.967 E0.03432
G1 X1.795 Y1.881 E0.03404
G1 X0.765 Y2.818 E0.03387
G1 X-.238 Y3.777 E0.03375
G1 X-.786 Y4.325 E0.01885
G1 X4.998 Y4.324 E0.14068
G1 X5.572 Y3.833 E0.01837
G1 X6.619 Y2.977 E0.03289
G1 X7.598 Y2.221 E0.03008
G1 X8.61 Y1.472 E0.03062
G1 X9.62 Y0.759 E0.03007
G1 X10.666 Y0.059 E0.03061
G1 X11.632 Y-.558 E0.02788
G1 X12.658 Y-1.177 E0.02914
G1 X13.669 Y-1.76 E0.02838
G1 X14.684 Y-2.319 E0.02818
G1 X15.696 Y-2.845 E0.02774
G1 X16.709 Y-3.348 E0.02751
G1 X17.722 Y-3.821 E0.02719
G1 X18.864 Y-4.325 E0.03036
G1 F3600 E-1
G0 F12000 X19.842 Y-4.522
G0 X20.898 Y-4.722
;TYPE:WALL-OUTER
G1 F3600 E1
G1 F2151.4 X19.813 Y-4.75 E0.02945
G1 F2400 X10.122 Y-4.749 E0.2357
G1 X9.547 Y-4.402 E0.01633
G1 X8.263 Y-3.585 E0.03701
G1 X7.685 Y-3.205 E0.01682
G1 X6.506 Y-2.391 E0.03485
G1 X5.351 Y-1.554 E0.03469
G1 X4.251 Y-.716 E0.03363
G1 X3.675 Y-.257 E0.01791
G1 X2.597 Y0.628 E0.03392
G1 X1.509 Y1.567 E0.03495
G1 X0.471 Y2.51 E0.03411
G1 X-.538 Y3.476 E0.03397
G1 X-1.801 Y4.75 E0.04363
G1 X5.155 Y4.749 E0.16918
G1 X5.841 Y4.162 E0.02196
G1 X6.879 Y3.314 E0.0326
G1 X7.851 Y2.563 E0.02987
G1 X8.855 Y1.819 E0.03039
G1 X9.856 Y1.112 E0.02981
G1 X10.895 Y0.418 E0.03039
G1 X11.866 Y-.202 E0.02802
G1 X12.871 Y-.809 E0.02856
G1 X13.875 Y-1.387 E0.02818
G1 X14.88 Y-1.942 E0.02792
G1 X15.884 Y-2.464 E0.02752
G1 X16.889 Y-2.963 E0.02729
G1 X17.894 Y-3.433 E0.02698
G1 X18.899 Y-3.879 E0.02674
G1 X19.907 Y-4.301 E0.02658
G1 F2151.4 X20.898 Y-4.722 E0.02921
G0 F12000 X20.098 Y-4.742
G1 F3600 E-1
G0 F12000 X20.898 Y-4.722
G1 F3600 E1
G1 F1949.5 X20.903 Y-4.723 E0.00015
G1 F3600 E-1
;MESH:NONMESH
G0 F600 X20.903 Y-4.723 Z27.08
G0 F12000 X19.759 Y-4.505
G0 X3.811 Y0.696
G0 X3.726 Y0.591
;TIME_ELAPSED:685.903820
;LAYER:206
;note -- min layer time used
;TYPE:FILL
;MESH:bridge_3a.stl
G1 F3600 E1
G1 F3913.3 X4.515 Y2.592 E0.05231
G1 X5.053 Y3.56 E0.02694
G1 X6.327 Y2.51 E0.04015
G1 X7.354 Y1.718 E0.03154
G1 X8.353 Y0.983 E0.03016
G1 X9.391 Y0.253 E0.03086
G1 X10.414 Y-.429 E0.0299
G1 X11.431 Y-1.073 E0.02928
G1 X12.459 Y-1.694 E0.02921
G1 X13.472 Y-2.276 E0.02841
G1 X14.579 Y-2.883 E0.03071
G1 X15.793 Y-3.508 E0.03321
G1 X15.698 Y-3.919 E0.01026
G1 X10.083 Y-3.92 E0.13657
G1 X9.242 Y-3.389 E0.02419
G1 X9.03 Y-3.007 E0.01063
G1 X8.127 Y-2.044 E0.03211
G1 X7.224 Y-1.42 E0.0267
G1 X6.321 Y-.971 E0.02453
G1 X5.418 Y-.616 E0.0236
G1 X5.122 Y-.519 E0.00758
G1 F3600 E-1
G0 F12000 X18.506 Y-4.325
;TYPE:WALL-INNER
G1 F3600 E1
G1 F2904.4 X9.953 Y-4.325 E0.20802
G1 X8.457 Y-3.371 E0.04315
G1 X7.832 Y-2.958 E0.01822
G1 X6.655 Y-2.147 E0.03476
G1 X5.513 Y-1.319 E0.03431
G1 X4.946 Y-.895 E0.01722
G1 X3.833 Y-0.022 E0.0344
G1 X2.756 Y0.866 E0.03395
G1 X1.695 Y1.782 E0.03409
G1 X0.665 Y2.718 E0.03385
G1 X-.339 Y3.678 E0.03379
G1 X-.987 Y4.326 E0.02229
G1 X4.782 Y4.325 E0.14031
G1 X5.573 Y3.648 E0.02532
G1 X6.583 Y2.825 E0.03169
G1 X7.6 Y2.04 E0.03125
G1 X8.607 Y1.3 E0.03039
G1 X9.622 Y0.586 E0.03018
G1 X10.638 Y-0.091 E0.02969
G1 X11.647 Y-.73 E0.02905
G1 X12.659 Y-1.341 E0.02875
G1 X13.672 Y-1.925 E0.02844
G1 X14.762 Y-2.521 E0.03021
G1 X15.672 Y-2.989 E0.02489
G1 X16.709 Y-3.504 E0.02816
G1 X17.721 Y-3.977 E0.02717
G1 X18.506 Y-4.325 E0.02088
G1 F3600 E-1
G0 F12000 X19.476 Y-4.522
G0 X20.656 Y-4.75
;TYPE:WALL-OUTER
G1 F3600 E1
G1 F2400 X9.85 Y-4.75 E0.26282
G1 X9.41 Y-4.482 E0.01253
G1 X8.25 Y-3.745 E0.03343
G1 X7.591 Y-3.309 E0.01922
G1 X6.406 Y-2.491 E0.03502
G1 X5.258 Y-1.659 E0.03448
G1 X4.684 Y-1.23 E0.01743
G1 X3.562 Y-.351 E0.03467
G1 X2.479 Y0.544 E0.03417
G1 X1.409 Y1.468 E0.03438
G1 X0.371 Y2.41 E0.03409
G1 X-.639 Y3.377 E0.03401
G1 X-1.63 Y4.369 E0.0341
G1 X-1.996 Y4.75 E0.01285
G1 X4.939 Y4.75 E0.16867
G1 X5.842 Y3.978 E0.02889
G1 X6.843 Y3.162 E0.03141
G1 X7.851 Y2.382 E0.031
G1 X8.852 Y1.647 E0.0302
G1 X9.857 Y0.939 E0.0299
G1 X10.866 Y0.268 E0.02947
G1 X11.866 Y-.367 E0.02881
G1 X12.871 Y-.973 E0.02854
G1 X13.876 Y-1.552 E0.02821
G1 X14.957 Y-2.143 E0.02996
G1 X15.86 Y-2.608 E0.0247
G1 X16.889 Y-3.119 E0.02794
G1 X17.894 Y-3.589 E0.02698
G1 X18.9 Y-4.036 E0.02677
G1 X19.975 Y-4.481 E0.0283
G1 X20.656 Y-4.75 E0.01781
G0 F12000 X19.856 Y-4.75
G1 F3600 E-1
;MESH:NONMESH
G0 F600 X19.856 Y-4.75 Z27.21
G0 F12000 X19.397 Y-4.506
G0 X16.777 Y-3.358
G0 X14.052 Y-1.939
G0 X4.996 Y3.424
;TIME_ELAPSED:689.156973
;LAYER:207
;note -- min layer time used
;TYPE:FILL
;MESH:bridge_3a.stl
G1 F3600 E1
G1 F2233.1 X4.669 Y2.709 E0.01912
G1 X4.373 Y1.806 E0.02311
G1 X4.216 Y0.903 E0.02229
G1 X4.646 Y0.00 E0.02433
G1 X6.403 Y-.903 E0.04805
G1 X7.871 Y-1.806 E0.04192
G1 X8.778 Y-2.709 E0.03113
G1 X9.385 Y-3.65 E0.02723
G1 F3600 E-1
G0 F12000 X18.132 Y-4.325
;TYPE:WALL-INNER
G1 F3600 E1
G1 F2233.1 X9.702 Y-4.324 E0.20503
G1 X8.922 Y-3.839 E0.02234
G1 X7.723 Y-3.055 E0.03484
G1 X6.549 Y-2.25 E0.03462
G1 X5.406 Y-1.42 E0.03436
G1 X4.855 Y-1.001 E0.01684
G1 X3.734 Y-.124 E0.03462
G1 X2.645 Y0.768 E0.03424
G1 X1.597 Y1.68 E0.03379
G1 X0.564 Y2.619 E0.03395
G1 X-.438 Y3.578 E0.03373
G1 X-1.187 Y4.325 E0.02573
G1 X4.566 Y4.325 E0.13992
G1 X5.559 Y3.475 E0.03179
G1 X6.584 Y2.644 E0.03209
G1 X7.6 Y1.864 E0.03115
G1 X8.61 Y1.121 E0.0305
G1 X9.593 Y0.438 E0.02911
G1 X10.641 Y-.26 E0.03062
G1 X11.65 Y-.894 E0.02898
G1 X12.688 Y-1.522 E0.02951
G1 X13.677 Y-2.089 E0.02773
G1 X14.584 Y-2.583 E0.02512
G1 X15.775 Y-3.203 E0.03266
G1 X16.685 Y-3.648 E0.02464
G1 X18.132 Y-4.325 E0.03885
G1 F3600 E-1
G0 F12000 X19.107 Y-4.522
G0 X20.253 Y-4.749
;TYPE:WALL-OUTER
G1 F3600 E1
G1 F2233.1 X9.58 Y-4.749 E0.25958
G1 X8.689 Y-4.195 E0.02552
G1 X7.504 Y-3.42 E0.03444
G1 X6.3 Y-2.594 E0.03551
G1 X5.17 Y-1.775 E0.03394
G1 X4.593 Y-1.336 E0.01763
G1 X3.505 Y-.485 E0.03359
G1 X2.366 Y0.447 E0.03579
G1 X1.311 Y1.366 E0.03403
G1 X0.27 Y2.311 E0.03419
G1 X-.739 Y3.277 E0.03397
G1 X-1.731 Y4.269 E0.03412
G1 X-2.192 Y4.75 E0.0162
G1 X4.723 Y4.75 E0.16818
G1 X5.826 Y3.805 E0.03533
G1 X6.843 Y2.981 E0.03183
G1 X7.851 Y2.206 E0.03092
G1 X8.853 Y1.47 E0.03024
G1 X9.829 Y0.791 E0.02892
G1 X10.867 Y0.1 E0.03033
G1 X11.87 Y-.53 E0.02881
G1 X12.899 Y-1.153 E0.02926
G1 X13.88 Y-1.716 E0.02751
G1 X14.78 Y-2.206 E0.02492
G1 X15.962 Y-2.821 E0.03241
G1 X16.865 Y-3.263 E0.02445
G1 X17.895 Y-3.745 E0.02766
G1 X18.9 Y-4.188 E0.02671
G1 X20.253 Y-4.749 E0.03562
G0 F12000 X19.453 Y-4.749
G1 F3600 E-1
;MESH:NONMESH
G0 F600 X19.453 Y-4.749 Z27.34
G0 F12000 X19.028 Y-4.506
G0 X16.778 Y-3.515
G0 X14.052 Y-2.102
G0 X4.986 Y3.249
;TIME_ELAPSED:692.516753
;LAYER:208
;note -- min layer time used
;TYPE:FILL
;MESH:bridge_3a.stl
G1 F3600 E1
G1 F2212.1 X4.765 Y2.709 E0.01419
G1 X4.532 Y1.806 E0.02268
G1 X4.499 Y0.903 E0.02198
G1 X5.08 Y0.00 E0.02612
G1 X6.597 Y-.903 E0.04294
G1 X7.92 Y-1.806 E0.03896
G1 X8.766 Y-2.709 E0.0301
G1 X9.314 Y-3.612 E0.02569
G1 X9.409 Y-3.844 E0.0061
G1 F3600 E-1
G0 F12000 X9.409 Y-3.842
G0 X17.805 Y-4.325
;TYPE:WALL-INNER
G1 F3600 E1
G1 F2212.1 X9.431 Y-4.324 E0.20367
G1 X8.825 Y-3.945 E0.01738
G1 X7.621 Y-3.158 E0.03498
G1 X6.484 Y-2.375 E0.03358
G1 X5.885 Y-1.944 E0.01795
G1 X4.745 Y-1.094 E0.03459
G1 X3.631 Y-.225 E0.03436
G1 X2.568 Y0.648 E0.03346
G1 X1.497 Y1.58 E0.03453
G1 X0.483 Y2.5 E0.0333
G1 X-1.404 Y4.324 E0.06383
G1 X4.349 Y4.325 E0.13992
G1 X5.576 Y3.278 E0.03923
G1 X6.585 Y2.463 E0.03155
G1 X7.601 Y1.686 E0.03111
G1 X8.611 Y0.949 E0.03041
G1 X9.626 Y0.245 E0.03004
G1 X10.641 Y-.428 E0.02962
G1 X11.65 Y-1.062 E0.02898
G1 X12.516 Y-1.587 E0.02463
G1 X13.756 Y-2.295 E0.03473
G1 X14.687 Y-2.795 E0.0257
G1 X15.7 Y-3.323 E0.02778
G1 X16.685 Y-3.803 E0.02665
G1 X17.805 Y-4.325 E0.03005
G1 F3600 E-1
G0 F12000 X18.742 Y-4.521
G0 X19.89 Y-4.75
;TYPE:WALL-OUTER
G1 F3600 E1
G1 F2212.1 X9.308 Y-4.749 E0.25737
G1 X8.593 Y-4.301 E0.02052
G1 X7.38 Y-3.508 E0.03525
G1 X6.206 Y-2.698 E0.03469
G1 X5.631 Y-2.285 E0.01722
G1 X4.484 Y-1.429 E0.03481
G1 X3.361 Y-.553 E0.03464
G1 X2.294 Y0.323 E0.03358
G1 X1.211 Y1.265 E0.03491
G1 X0.19 Y2.192 E0.03354
G1 X-1.34 Y3.671 E0.05176
G1 X-2.39 Y4.75 E0.03662
G1 X4.509 Y4.75 E0.16779
G1 X5.842 Y3.609 E0.04268
G1 X6.844 Y2.801 E0.03131
G1 X7.852 Y2.03 E0.03087
G1 X8.853 Y1.298 E0.03016
G1 X9.861 Y0.599 E0.02983
G1 X10.867 Y-0.068 E0.02936
G1 X11.87 Y-.698 E0.02881
G1 X12.727 Y-1.218 E0.02438
G1 X13.957 Y-1.921 E0.03446
G1 X14.884 Y-2.418 E0.02558
G1 X15.886 Y-2.941 E0.02749
G1 X16.865 Y-3.419 E0.0265
G1 X17.896 Y-3.902 E0.02769
G1 X18.9 Y-4.339 E0.02663
G1 X19.89 Y-4.75 E0.02607
G0 F12000 X19.09 Y-4.75
G1 F3600 E-1
;MESH:NONMESH
G0 F600 X19.09 Y-4.75 Z27.47
G0 F12000 X18.664 Y-4.505
G0 X15.769 Y-3.177
G0 X13.197 Y-1.772
G0 X4.984 Y3.065
;TIME_ELAPSED:695.876822
;LAYER:209
;note -- min layer time used
;TYPE:FILL
;MESH:bridge_3a.stl
G1 F3600 E1
G1 F2188.8 X4.855 Y2.709 E0.00921
G1 X4.68 Y1.806 E0.02237
G1 X4.743 Y0.903 E0.02202
G1 X5.396 Y0.00 E0.0271
G1 X6.764 Y-.903 E0.03987
G1 X7.97 Y-1.806 E0.03664
G1 X8.758 Y-2.709 E0.02915
G1 X9.266 Y-3.612 E0.0252
G1 X9.378 Y-3.92 E0.00797
G1 F3600 E-1
G0 F12000 X17.468 Y-4.325
;TYPE:WALL-INNER
G1 F3600 E1
G1 F2188.8 X9.159 Y-4.325 E0.20209
G1 X8.724 Y-4.051 E0.0125
G1 X7.522 Y-3.262 E0.03497
G1 X6.941 Y-2.864 E0.01713
G1 X5.774 Y-2.039 E0.03476
G1 X4.674 Y-1.218 E0.03338
G1 X3.532 Y-.325 E0.03526
G1 X2.5 Y0.526 E0.03253
G1 X1.924 Y1.016 E0.01839
G1 X0.887 Y1.935 E0.0337
G1 X-.134 Y2.894 E0.03407
G1 X-1.137 Y3.868 E0.034
G1 X-1.582 Y4.324 E0.0155
G1 X4.136 Y4.325 E0.13907
G1 X4.553 Y3.957 E0.01353
G1 X5.577 Y3.097 E0.03252
G1 X6.576 Y2.293 E0.03119
G1 X7.602 Y1.51 E0.03139
G1 X8.616 Y0.772 E0.0305
G1 X9.627 Y0.073 E0.02989
G1 X10.601 Y-.573 E0.02843
G1 X11.649 Y-1.228 E0.03006
G1 X12.697 Y-1.855 E0.0297
G1 X13.681 Y-2.415 E0.02754
G1 X14.688 Y-2.955 E0.02779
G1 X15.705 Y-3.484 E0.02788
G1 X16.686 Y-3.96 E0.02652
G1 X17.468 Y-4.325 E0.02099
G1 F3600 E-1
G0 F12000 X18.391 Y-4.521
G0 X19.524 Y-4.75
;TYPE:WALL-OUTER
G1 F3600 E1
G1 F2188.8 X9.037 Y-4.75 E0.25506
G1 X8.491 Y-4.406 E0.0157
G1 X7.283 Y-3.613 E0.03515
G1 X6.696 Y-3.211 E0.0173
G1 X5.52 Y-2.38 E0.03502
G1 X4.412 Y-1.553 E0.03363
G1 X3.261 Y-.653 E0.03554
G1 X2.25 Y0.18 E0.03186
G1 X1.66 Y0.681 E0.01883
G1 X0.583 Y1.638 E0.03504
G1 X-.423 Y2.581 E0.03354
G1 X-1.441 Y3.571 E0.03454
G1 X-2.584 Y4.749 E0.03992
G1 X4.297 Y4.75 E0.16736
G1 X4.839 Y4.272 E0.01758
G1 X5.843 Y3.429 E0.03188
G1 X6.848 Y2.621 E0.03136
G1 X7.852 Y1.853 E0.03074
G1 X8.857 Y1.122 E0.03023
G1 X9.861 Y0.427 E0.0297
G1 X10.827 Y-.212 E0.02817
G1 X11.867 Y-.863 E0.02984
G1 X12.908 Y-1.486 E0.02951
G1 X13.881 Y-2.041 E0.02724
G1 X14.884 Y-2.578 E0.02767
G1 X15.89 Y-3.101 E0.02758
G1 X16.866 Y-3.575 E0.02639
G1 X17.969 Y-4.09 E0.02961
G1 X19.524 Y-4.75 E0.04109
G0 F12000 X18.724 Y-4.75
G1 F3600 E-1
;MESH:NONMESH
G0 F600 X18.724 Y-4.75 Z27.6
G0 F12000 X18.313 Y-4.505
G0 X15.77 Y-3.337
G0 X13.316 Y-2.006
G0 X4.992 Y2.875
;TIME_ELAPSED:699.234787
;LAYER:210
;note -- min layer time used
;TYPE:FILL
;MESH:bridge_3a.stl
G1 F3600 E1
G1 F2165.4 X4.939 Y2.709 E0.00424
G1 X4.818 Y1.806 E0.02216
G1 X4.957 Y0.903 E0.02222
G1 X5.651 Y0.00 E0.0277
G1 X6.912 Y-.903 E0.03772
G1 X8.022 Y-1.806 E0.0348
G1 X8.755 Y-2.709 E0.02829
G1 X9.223 Y-3.612 E0.02474
G1 X9.321 Y-3.92 E0.00786
G1 F3600 E-1
G0 F12000 X17.139 Y-4.325
;TYPE:WALL-INNER
G1 F3600 E1
G1 F2165.4 X8.895 Y-4.325 E0.20051
G1 X7.385 Y-3.34 E0.04385
G1 X6.84 Y-2.968 E0.01605
G1 X5.676 Y-2.141 E0.03473
G1 X4.572 Y-1.317 E0.03351
G1 X3.441 Y-.43 E0.03496
G1 X2.898 Y0.011 E0.01701
G1 X1.816 Y0.923 E0.03442
G1 X0.773 Y1.848 E0.03391
G1 X-.235 Y2.794 E0.03362
G1 X-1.238 Y3.769 E0.03402
G1 X-1.781 Y4.325 E0.0189
G1 X3.921 Y4.325 E0.13868
G1 X4.567 Y3.758 E0.02091
G1 X5.578 Y2.912 E0.03206
G1 X6.591 Y2.102 E0.03155
G1 X7.604 Y1.333 E0.03093
G1 X8.615 Y0.6 E0.03037
G1 X9.63 Y-.101 E0.03
G1 X10.636 Y-.76 E0.02925
G1 X11.675 Y-1.413 E0.02985
G1 X12.663 Y-2 E0.02795
G1 X13.681 Y-2.576 E0.02845
G1 X14.69 Y-3.117 E0.02785
G1 X15.705 Y-3.64 E0.02777
G1 X17.139 Y-4.325 E0.03865
G1 F3600 E-1
G0 F12000 X18.037 Y-4.521
G0 X19.131 Y-4.75
;TYPE:WALL-OUTER
G1 F3600 E1
G1 F2165.4 X8.759 Y-4.75 E0.25226
G1 X7.145 Y-3.691 E0.04695
G1 X6.594 Y-3.315 E0.01622
G1 X5.422 Y-2.482 E0.03497
G1 X4.31 Y-1.652 E0.03375
G1 X3.173 Y-.76 E0.03515
G1 X2.624 Y-.314 E0.0172
G1 X1.534 Y0.605 E0.03468
G1 X0.482 Y1.538 E0.0342
G1 X-.531 Y2.489 E0.03379
G1 X-1.542 Y3.472 E0.0343
G1 X-2.789 Y4.75 E0.04343
G1 X4.081 Y4.75 E0.16709
G1 X4.839 Y4.084 E0.02454
G1 X5.843 Y3.244 E0.03184
G1 X6.848 Y2.44 E0.0313
G1 X7.853 Y1.677 E0.03069
G1 X8.857 Y0.95 E0.03015
G1 X9.863 Y0.254 E0.02975
G1 X10.862 Y-.4 E0.02904
G1 X11.892 Y-1.047 E0.02958
G1 X12.872 Y-1.63 E0.02773
G1 X13.881 Y-2.201 E0.0282
G1 X14.885 Y-2.739 E0.0277
G1 X15.891 Y-3.258 E0.02753
G1 X16.894 Y-3.743 E0.0271
G1 X17.899 Y-4.209 E0.02694
G1 X19.131 Y-4.75 E0.03273
G0 F12000 X18.331 Y-4.75
G1 F3600 E-1
;MESH:NONMESH
G0 F600 X18.331 Y-4.75 Z27.73
G0 F12000 X17.959 Y-4.505
G0 X15.771 Y-3.494
G0 X13.317 Y-2.168
G0 X5.015 Y2.668
;TIME_ELAPSED:702.591490
;LAYER:211
;note -- min layer time used
;TYPE:FILL
;MESH:bridge_3a.stl
G1 F3600 E1
G1 F2142.6 X4.947 Y1.806 E0.02103
G1 X5.15 Y0.903 E0.02251
G1 X5.87 Y0.00 E0.02809
G1 X7.048 Y-.903 E0.0361
G1 X8.075 Y-1.806 E0.03326
G1 X8.757 Y-2.709 E0.02752
G1 X9.185 Y-3.612 E0.0243
G1 X9.269 Y-3.92 E0.00776
G1 F3600 E-1
G0 F12000 X16.789 Y-4.324
;TYPE:WALL-INNER
G1 F3600 E1
G1 F2142.6 X8.634 Y-4.325 E0.19834
G1 X7.943 Y-3.881 E0.01998
G1 X6.673 Y-3.028 E0.03721
G1 X5.58 Y-2.244 E0.03271
G1 X4.447 Y-1.399 E0.03438
G1 X3.894 Y-.971 E0.01701
G1 X2.787 Y-0.083 E0.03452
G1 X1.717 Y0.822 E0.03408
G1 X0.674 Y1.748 E0.03392
G1 X-.34 Y2.695 E0.03374
G1 X-1.337 Y3.669 E0.0339
G1 X-1.978 Y4.325 E0.02231
G1 X3.71 Y4.325 E0.13834
G1 X4.566 Y3.574 E0.0277
G1 X5.577 Y2.726 E0.03209
G1 X6.591 Y1.926 E0.03141
G1 X7.604 Y1.156 E0.03095
G1 X8.597 Y0.439 E0.02979
G1 X9.63 Y-.269 E0.03046
G1 X10.638 Y-.929 E0.0293
G1 X11.675 Y-1.577 E0.02974
G1 X12.664 Y-2.164 E0.02797
G1 X13.677 Y-2.736 E0.02829
G1 X14.688 Y-3.277 E0.02789
G1 X15.699 Y-3.795 E0.02763
G1 X16.789 Y-4.324 E0.02947
G1 F3600 E-1
G0 F12000 X17.689 Y-4.521
G0 X18.784 Y-4.749
;TYPE:WALL-OUTER
G1 F3600 E1
G1 F2142.6 X8.51 Y-4.75 E0.24988
G1 X7.707 Y-4.234 E0.02321
G1 X6.425 Y-3.373 E0.03756
G1 X5.327 Y-2.585 E0.03287
G1 X4.187 Y-1.736 E0.03457
G1 X3.643 Y-1.315 E0.01673
G1 X2.535 Y-.427 E0.03453
G1 X1.435 Y0.504 E0.03505
G1 X0.384 Y1.437 E0.03418
G1 X-.637 Y2.391 E0.03399
G1 X-1.641 Y3.371 E0.03412
G1 X-2.62 Y4.375 E0.03411
G1 X-2.971 Y4.75 E0.01249
G1 X3.869 Y4.75 E0.16636
G1 X4.839 Y3.9 E0.03137
G1 X5.841 Y3.059 E0.03182
G1 X6.848 Y2.265 E0.03119
G1 X7.853 Y1.501 E0.0307
G1 X8.838 Y0.789 E0.02956
G1 X9.863 Y0.086 E0.03023
G1 X10.863 Y-.568 E0.02906
G1 X11.892 Y-1.211 E0.02951
G1 X12.873 Y-1.794 E0.02775
G1 X13.877 Y-2.361 E0.02804
G1 X14.882 Y-2.899 E0.02773
G1 X15.886 Y-3.413 E0.02743
G1 X16.891 Y-3.904 E0.0272
G1 X17.9 Y-4.366 E0.02699
G1 X18.784 Y-4.749 E0.02343
G0 F12000 X17.984 Y-4.749
G1 F3600 E-1
;MESH:NONMESH
G0 F600 X17.984 Y-4.749 Z27.86
G0 F12000 X17.611 Y-4.504
G0 X14.761 Y-3.136
G0 X13.903 Y-2.65
G0 X5.084 Y2.427
;TIME_ELAPSED:705.947394
;LAYER:212
;note -- min layer time used
;TYPE:FILL
;MESH:bridge_3a.stl
G1 F3600 E1
G1 F2121.2 X5.067 Y1.806 E0.01511
G1 X5.326 Y0.903 E0.02285
G1 X6.063 Y0.00 E0.02835
G1 X7.174 Y-.903 E0.03482
G1 X8.129 Y-1.806 E0.03197
G1 X8.762 Y-2.709 E0.02682
G1 X9.151 Y-3.612 E0.02391
G1 X9.222 Y-3.92 E0.00769
G1 F3600 E-1
G0 F12000 X16.469 Y-4.325
;TYPE:WALL-INNER
G1 F3600 E1
G1 F2121.2 X8.371 Y-4.325 E0.19696
G1 X7.841 Y-3.982 E0.01535
G1 X6.573 Y-3.128 E0.03718
G1 X4.895 Y-1.919 E0.0503
G1 X3.791 Y-1.069 E0.03389
G1 X2.687 Y-.183 E0.03443
G1 X1.617 Y0.722 E0.03408
G1 X0.572 Y1.649 E0.03397
G1 X-.44 Y2.596 E0.03371
G1 X-1.438 Y3.569 E0.0339
G1 X-2.175 Y4.325 E0.02568
G1 X3.5 Y4.325 E0.13802
G1 X4.458 Y3.478 E0.0311
G1 X5.579 Y2.541 E0.03553
G1 X6.592 Y1.745 E0.03133
G1 X7.637 Y0.955 E0.03186
G1 X8.618 Y0.25 E0.02938
G1 X9.623 Y-.436 E0.02959
G1 X10.644 Y-1.098 E0.0296
G1 X11.654 Y-1.724 E0.0289
G1 X12.67 Y-2.329 E0.02876
G1 X13.68 Y-2.895 E0.02816
G1 X14.688 Y-3.437 E0.02784
G1 X15.703 Y-3.957 E0.02774
G1 X16.469 Y-4.325 E0.02067
G1 F3600 E-1
G0 F12000 X17.351 Y-4.521
G0 X18.429 Y-4.749
;TYPE:WALL-OUTER
G1 F3600 E1
G1 F2121.2 X8.246 Y-4.75 E0.24767
G1 X7.604 Y-4.335 E0.01859
G1 X6.325 Y-3.474 E0.0375
G1 X4.666 Y-2.279 E0.04973
G1 X3.525 Y-1.4 E0.03503
G1 X2.435 Y-.526 E0.03398
G1 X1.335 Y0.404 E0.03503
G1 X0.282 Y1.338 E0.03423
G1 X-.727 Y2.281 E0.03359
G1 X-1.742 Y3.272 E0.0345
G1 X-2.721 Y4.276 E0.03411
G1 X-3.163 Y4.75 E0.01576
G1 X3.661 Y4.75 E0.16597
G1 X4.731 Y3.804 E0.03474
G1 X5.841 Y2.875 E0.0352
G1 X6.849 Y2.084 E0.03116
G1 X7.886 Y1.301 E0.0316
G1 X8.858 Y0.601 E0.02913
G1 X9.864 Y-0.086 E0.02963
G1 X10.868 Y-.737 E0.0291
G1 X11.871 Y-1.359 E0.0287
G1 X12.877 Y-1.959 E0.02849
G1 X13.881 Y-2.521 E0.02798
G1 X14.882 Y-3.059 E0.02764
G1 X15.887 Y-3.574 E0.02747
G1 X16.896 Y-4.06 E0.02724
G1 X17.899 Y-4.518 E0.02682
G1 X18.429 Y-4.749 E0.01406
G0 F12000 X17.629 Y-4.749
G1 F3600 E-1
;MESH:NONMESH
G0 F600 X17.629 Y-4.749 Z27.99
G0 F12000 X17.273 Y-4.504
G0 X14.762 Y-3.296
G0 X5.171 Y2.175
;TIME_ELAPSED:709.302313
;LAYER:213
;note -- min layer time used
;TYPE:FILL
;MESH:bridge_3a.stl
G1 F3600 E1
G1 F2099.1 X5.18 Y1.806 E0.00898
G1 X5.487 Y0.903 E0.0232
G1 X6.239 Y0.00 E0.02858
G1 X7.294 Y-.903 E0.03377
G1 X8.186 Y-1.806 E0.03087
G1 X8.772 Y-2.709 E0.02618
G1 X9.122 Y-3.612 E0.02355
G1 X9.179 Y-3.92 E0.00762
G1 F3600 E-1
G0 F12000 X16.125 Y-4.325
;TYPE:WALL-INNER
G1 F3600 E1
G1 F2099.1 X8.109 Y-4.325 E0.19496
G1 X6.527 Y-3.269 E0.04626
G1 X5.95 Y-2.864 E0.01715
G1 X4.803 Y-2.026 E0.03455
G1 X3.684 Y-1.167 E0.03431
G1 X2.606 Y-.299 E0.03366
G1 X1.517 Y0.622 E0.03469
G1 X0.472 Y1.549 E0.03397
G1 X-.533 Y2.488 E0.03345
G1 X-1.533 Y3.469 E0.03407
G1 X-2.374 Y4.325 E0.02919
G1 X3.288 Y4.325 E0.13771
G1 X4.566 Y3.199 E0.04143
G1 X5.581 Y2.362 E0.032
G1 X6.591 Y1.563 E0.03132
G1 X7.606 Y0.803 E0.03084
G1 X8.621 Y0.076 E0.03037
G1 X9.631 Y-.606 E0.02964
G1 X10.644 Y-1.266 E0.02941
G1 X11.657 Y-1.894 E0.02899
G1 X12.668 Y-2.488 E0.02852
G1 X13.682 Y-3.06 E0.02832
G1 X14.694 Y-3.598 E0.02788
G1 X16.125 Y-4.325 E0.03904
G1 F3600 E-1
G0 F12000 X17.011 Y-4.521
G0 X18.074 Y-4.749
;TYPE:WALL-OUTER
G1 F3600 E1
G1 F2099.1 X7.983 Y-4.75 E0.24543
G1 X6.284 Y-3.617 E0.04967
G1 X5.7 Y-3.207 E0.01735
G1 X4.545 Y-2.363 E0.03479
G1 X3.417 Y-1.498 E0.03457
G1 X2.315 Y-.609 E0.03444
G1 X1.235 Y0.304 E0.0344
G1 X0.182 Y1.238 E0.03423
G1 X-.839 Y2.193 E0.034
G1 X-1.836 Y3.171 E0.03397
G1 X-2.819 Y4.173 E0.03414
G1 X-3.356 Y4.75 E0.01917
G1 X3.451 Y4.75 E0.16556
G1 X4.836 Y3.527 E0.04494
G1 X5.844 Y2.695 E0.03179
G1 X6.846 Y1.903 E0.03106
G1 X7.854 Y1.148 E0.03063
G1 X8.859 Y0.428 E0.03007
G1 X9.863 Y-.25 E0.02947
G1 X10.868 Y-.905 E0.02918
G1 X11.873 Y-1.528 E0.02876
G1 X12.877 Y-2.118 E0.02832
G1 X13.882 Y-2.685 E0.02806
G1 X14.886 Y-3.219 E0.02766
G1 X15.891 Y-3.729 E0.02741
G1 X16.871 Y-4.204 E0.02649
G1 X18.074 Y-4.749 E0.03212
G0 F12000 X17.274 Y-4.749
G1 F3600 E-1
;MESH:NONMESH
G0 F600 X17.274 Y-4.749 Z28.12
G0 F12000 X16.933 Y-4.504
G0 X14.763 Y-3.456
G0 X5.279 Y1.902
;TIME_ELAPSED:712.656281
;LAYER:214
;note -- min layer time used
;TYPE:FILL
;MESH:bridge_3a.stl
G1 F3600 E1
G1 F2078.1 X5.286 Y1.806 E0.00234
G1 X5.637 Y0.903 E0.02356
G1 X6.4 Y0.00 E0.02875
G1 X7.409 Y-.903 E0.03293
G1 X8.244 Y-1.806 E0.02991
G1 X8.785 Y-2.709 E0.0256
G1 X9.097 Y-3.612 E0.02324
G1 X9.141 Y-3.919 E0.00754
G1 F3600 E-1
G0 F12000 X15.81 Y-4.324
;TYPE:WALL-INNER
G1 F3600 E1
G1 F2078.1 X7.84 Y-4.324 E0.19384
G1 X6.351 Y-3.316 E0.04373
G1 X5.85 Y-2.964 E0.01489
G1 X4.704 Y-2.126 E0.03453
G1 X3.584 Y-1.266 E0.03434
G1 X2.491 Y-.386 E0.03413
G1 X1.959 Y0.06 E0.01688
G1 X0.891 Y0.985 E0.03436
G1 X-.133 Y1.92 E0.03373
G1 X-1.143 Y2.882 E0.03392
G1 X-2.127 Y3.867 E0.03386
G1 X-2.566 Y4.325 E0.01543
G1 X3.075 Y4.325 E0.1372
G1 X3.554 Y3.889 E0.01575
G1 X4.566 Y3.015 E0.03252
G1 X5.583 Y2.176 E0.03207
G1 X6.498 Y1.46 E0.02826
G1 X7.601 Y0.63 E0.03357
G1 X8.622 Y-0.096 E0.03047
G1 X9.664 Y-.799 E0.03057
G1 X10.645 Y-1.435 E0.02843
G1 X11.657 Y-2.058 E0.0289
G1 X12.67 Y-2.653 E0.02857
G1 X13.682 Y-3.22 E0.02821
G1 X14.693 Y-3.758 E0.02785
G1 X15.81 Y-4.324 E0.03046
G1 F3600 E-1
G0 F12000 X16.676 Y-4.521
G0 X17.724 Y-4.75
;TYPE:WALL-OUTER
G1 F3600 E1
G1 F2078.1 X7.709 Y-4.749 E0.24358
G1 X6.093 Y-3.653 E0.04749
G1 X5.6 Y-3.308 E0.01463
G1 X4.466 Y-2.479 E0.03416
G1 X3.317 Y-1.598 E0.03521
G1 X2.218 Y-.712 E0.03433
G1 X1.71 Y-.287 E0.01611
G1 X0.605 Y0.671 E0.03557
G1 X-.426 Y1.612 E0.03395
G1 X-1.443 Y2.581 E0.03416
G1 X-2.433 Y3.573 E0.03409
G1 X-3.554 Y4.75 E0.03953
G1 X3.239 Y4.75 E0.16522
G1 X3.832 Y4.21 E0.01951
G1 X4.836 Y3.343 E0.03226
G1 X5.845 Y2.511 E0.03181
G1 X6.753 Y1.8 E0.02805
G1 X7.854 Y0.972 E0.03351
G1 X8.86 Y0.256 E0.03003
G1 X9.895 Y-.442 E0.03036
G1 X10.868 Y-1.073 E0.02821
G1 X11.873 Y-1.692 E0.02871
G1 X12.877 Y-2.283 E0.02834
G1 X13.882 Y-2.845 E0.02801
G1 X14.886 Y-3.379 E0.02766
G1 X15.887 Y-3.89 E0.02733
G1 X16.892 Y-4.372 E0.02711
G1 X17.724 Y-4.75 E0.02223
G0 F12000 X16.924 Y-4.75
G1 F3600 E-1
;MESH:NONMESH
G0 F600 X16.924 Y-4.75 Z28.25
G0 F12000 X16.598 Y-4.503
G0 X14.294 Y-3.349
G0 X5.497 Y1.549
;TIME_ELAPSED:716.008780
;LAYER:215
;note -- min layer time used
;TYPE:FILL
;MESH:bridge_3a.stl
G1 F3600 E1
G1 F2055.9 X5.777 Y0.903 E0.01712
G1 X6.551 Y0.00 E0.02893
G1 X7.521 Y-.903 E0.03223
G1 X8.304 Y-1.806 E0.02907
G1 X8.802 Y-2.709 E0.02508
G1 X9.076 Y-3.612 E0.02295
G1 X9.108 Y-3.92 E0.00753
G1 F3600 E-1
G0 F12000 X15.503 Y-4.325
;TYPE:WALL-INNER
G1 F3600 E1
G1 F2055.9 X7.593 Y-4.325 E0.19238
G1 X6.917 Y-3.875 E0.01975
G1 X5.746 Y-3.061 E0.03469
G1 X4.603 Y-2.226 E0.03443
G1 X3.511 Y-1.389 E0.03346
G1 X2.937 Y-.934 E0.01781
G1 X1.853 Y-0.035 E0.03425
G1 X0.778 Y0.897 E0.0346
G1 X-.234 Y1.82 E0.03331
G1 X-1.243 Y2.783 E0.03392
G1 X-2.227 Y3.766 E0.03383
G1 X-2.762 Y4.325 E0.01882
G1 X2.864 Y4.325 E0.13683
G1 X3.555 Y3.7 E0.02266
G1 X4.567 Y2.83 E0.03246
G1 X5.583 Y1.996 E0.03197
G1 X6.592 Y1.206 E0.03117
G1 X7.609 Y0.449 E0.03083
G1 X8.622 Y-.268 E0.03018
G1 X9.631 Y-.949 E0.02961
G1 X10.601 Y-1.571 E0.02803
G1 X11.657 Y-2.222 E0.03017
G1 X12.67 Y-2.817 E0.02857
G1 X13.684 Y-3.385 E0.02827
G1 X14.684 Y-3.914 E0.02751
G1 X15.503 Y-4.325 E0.02229
G1 F3600 E-1
G0 F12000 X16.349 Y-4.521
G0 X17.384 Y-4.749
;TYPE:WALL-OUTER
G1 F3600 E1
G1 F2055.9 X7.464 Y-4.75 E0.24127
G1 X6.674 Y-4.224 E0.02308
G1 X5.496 Y-3.405 E0.03489
G1 X4.345 Y-2.563 E0.03468
G1 X3.226 Y-1.704 E0.03431
G1 X2.666 Y-1.261 E0.01737
G1 X1.575 Y-.356 E0.03448
G1 X0.492 Y0.583 E0.03486
G1 X-.527 Y1.513 E0.03355
G1 X-1.544 Y2.482 E0.03416
G1 X-2.533 Y3.472 E0.03403
G1 X-3.757 Y4.75 E0.04304
G1 X3.027 Y4.75 E0.165
G1 X3.832 Y4.022 E0.0264
G1 X4.837 Y3.158 E0.03223
G1 X5.845 Y2.331 E0.03171
G1 X6.846 Y1.547 E0.03092
G1 X7.855 Y0.795 E0.03061
G1 X8.86 Y0.084 E0.02994
G1 X9.86 Y-.591 E0.02934
G1 X10.824 Y-1.209 E0.02785
G1 X11.873 Y-1.856 E0.02998
G1 X12.877 Y-2.447 E0.02834
G1 X13.883 Y-3.01 E0.02804
G1 X14.887 Y-3.54 E0.02761
G1 X15.891 Y-4.046 E0.02734
G1 X16.896 Y-4.528 E0.02711
G1 X17.384 Y-4.749 E0.01303
G0 F12000 X16.584 Y-4.749
G1 F3600 E-1
;MESH:NONMESH
G0 F600 X16.584 Y-4.749 Z28.38
G0 F12000 X16.271 Y-4.503
G0 X14.233 Y-3.48
G0 X5.802 Y1.131
;TIME_ELAPSED:719.359778
;LAYER:216
;note -- min layer time used
;TYPE:FILL
;MESH:bridge_3a.stl
G1 F3600 E1
G1 F2030.9 X5.91 Y0.903 E0.00614
G1 X6.695 Y0.00 E0.0291
G1 X7.63 Y-.903 E0.03161
G1 X8.366 Y-1.806 E0.02833
G1 X8.823 Y-2.709 E0.02461
G1 X9.06 Y-3.612 E0.02271
G1 X9.079 Y-3.92 E0.00751
G1 F3600 E-1
G0 F12000 X15.184 Y-4.325
;TYPE:WALL-INNER
G1 F3600 E1
G1 F2030.9 X7.333 Y-4.325 E0.19095
G1 X6.81 Y-3.974 E0.01532
G1 X5.64 Y-3.163 E0.03462
G1 X4.507 Y-2.333 E0.03416
G1 X3.949 Y-1.908 E0.01706
G1 X2.863 Y-1.052 E0.03363
G1 X1.752 Y-.134 E0.03505
G1 X0.69 Y0.786 E0.03417
G1 X-.335 Y1.721 E0.03374
G1 X-1.344 Y2.683 E0.03391
G1 X-2.327 Y3.667 E0.03383
G1 X-2.957 Y4.325 E0.02216
G1 X2.657 Y4.325 E0.13654
G1 X3.559 Y3.512 E0.02953
G1 X4.605 Y2.612 E0.03356
G1 X5.585 Y1.815 E0.03072
G1 X6.594 Y1.029 E0.03111
G1 X7.609 Y0.277 E0.03072
G1 X8.62 Y-.442 E0.03017
G1 X9.624 Y-1.114 E0.02938
G1 X10.641 Y-1.767 E0.02939
G1 X11.656 Y-2.392 E0.02899
G1 X12.671 Y-2.983 E0.02857
G1 X13.685 Y-3.545 E0.0282
G1 X14.696 Y-4.079 E0.02781
G1 X15.184 Y-4.325 E0.01329
G1 F3600 E-1
G0 F12000 X16.021 Y-4.521
G0 X17.041 Y-4.749
;TYPE:WALL-OUTER
G1 F3600 E1
G1 F2030.9 X7.204 Y-4.75 E0.23925
G1 X6.568 Y-4.324 E0.01862
G1 X5.389 Y-3.506 E0.0349
G1 X4.25 Y-2.671 E0.03435
G1 X3.686 Y-2.242 E0.01723
G1 X2.593 Y-1.38 E0.03386
G1 X1.494 Y-.473 E0.03466
G1 X0.404 Y0.471 E0.03507
G1 X-.628 Y1.414 E0.034
G1 X-1.644 Y2.382 E0.03413
G1 X-2.634 Y3.373 E0.03407
G1 X-3.952 Y4.75 E0.04636
G1 X2.82 Y4.75 E0.16471
G1 X3.836 Y3.834 E0.03327
G1 X4.874 Y2.942 E0.03329
G1 X5.846 Y2.15 E0.03049
G1 X6.847 Y1.371 E0.03085
G1 X7.855 Y0.624 E0.03051
G1 X8.856 Y-0.088 E0.02988
G1 X9.864 Y-.763 E0.02951
G1 X10.864 Y-1.405 E0.0289
G1 X11.87 Y-2.025 E0.02874
G1 X12.878 Y-2.611 E0.02836
G1 X13.883 Y-3.17 E0.02797
G1 X14.887 Y-3.7 E0.02761
G1 X15.892 Y-4.206 E0.02737
G1 X17.041 Y-4.749 E0.03091
G0 F12000 X16.241 Y-4.749
G1 F3600 E-1
;MESH:NONMESH
G0 F600 X16.241 Y-4.749 Z28.51
G0 F12000 X15.943 Y-4.503
G0 X-1.705 Y3.605
G0 X-1.799 Y3.51
;TIME_ELAPSED:722.755734
;LAYER:217
;note -- min layer time used
;TYPE:FILL
;MESH:bridge_3a.stl
G1 F3600 E1
G1 F2236.7 X-1.824 Y3.711 E0.00493
G1 X-1.737 Y3.92 E0.00551
G1 X2.293 Y3.92 E0.09802
G1 X3.459 Y2.875 E0.03808
G1 X4.28 Y2.179 E0.02618
G1 X5.308 Y1.335 E0.03235
G1 X6.402 Y0.489 E0.03364
G1 X6.833 Y0.00 E0.01585
G1 X7.739 Y-.903 E0.03111
G1 X8.431 Y-1.806 E0.02767
G1 X8.847 Y-2.709 E0.02418
G1 X9.047 Y-3.612 E0.02249
G1 X9.053 Y-3.92 E0.00749
G1 F3600 E-1
G0 F12000 X14.868 Y-4.325
;TYPE:WALL-INNER
G1 F3600 E1
G1 F2236.7 X7.078 Y-4.325 E0.18946
G1 X5.542 Y-3.264 E0.0454
G1 X4.406 Y-2.432 E0.03425
G1 X3.849 Y-2.008 E0.01703
G1 X2.763 Y-1.152 E0.03363
G1 X1.651 Y-.233 E0.03509
G1 X0.59 Y0.685 E0.03412
G1 X-.435 Y1.622 E0.03378
G1 X-1.444 Y2.584 E0.03391
G1 X-2.428 Y3.568 E0.03385
G1 X-3.153 Y4.325 E0.02549
G1 X2.451 Y4.325 E0.1363
G1 X3.558 Y3.321 E0.03635
G1 X4.552 Y2.477 E0.03171
G1 X5.582 Y1.634 E0.03237
G1 X6.595 Y0.848 E0.03118
G1 X7.611 Y0.099 E0.0307
G1 X8.551 Y-.561 E0.02793
G1 X9.635 Y-1.288 E0.03174
G1 X10.643 Y-1.936 E0.02914
G1 X11.657 Y-2.556 E0.02891
G1 X12.668 Y-3.143 E0.02843
G1 X13.684 Y-3.706 E0.02825
G1 X14.868 Y-4.325 E0.03249
G1 F3600 E-1
G0 F12000 X15.697 Y-4.521
G0 X16.708 Y-4.75
;TYPE:WALL-OUTER
G1 F3600 E1
G1 F2236.7 X6.949 Y-4.75 E0.23735
G1 X6.479 Y-4.434 E0.01377
G1 X5.291 Y-3.608 E0.03519
G1 X4.149 Y-2.77 E0.03445
G1 X3.586 Y-2.342 E0.0172
G1 X2.493 Y-1.48 E0.03386
G1 X1.394 Y-.573 E0.03466
G1 X0.304 Y0.371 E0.03507
G1 X-.728 Y1.314 E0.034
G1 X-1.745 Y2.283 E0.03416
G1 X-2.735 Y3.273 E0.03405
G1 X-3.702 Y4.285 E0.03404
G1 X-4.128 Y4.75 E0.01534
G1 X2.615 Y4.75 E0.164
G1 X3.834 Y3.645 E0.04002
G1 X4.821 Y2.806 E0.03151
G1 X5.842 Y1.97 E0.03209
G1 X6.847 Y1.19 E0.03094
G1 X7.856 Y0.447 E0.03048
G1 X8.788 Y-.208 E0.02771
G1 X9.864 Y-.931 E0.03153
G1 X10.865 Y-1.574 E0.02894
G1 X11.87 Y-2.189 E0.02866
G1 X12.874 Y-2.771 E0.02822
G1 X13.883 Y-3.33 E0.02805
G1 X14.888 Y-3.86 E0.02763
G1 X15.892 Y-4.362 E0.0273
G1 X16.708 Y-4.75 E0.02198
G0 F12000 X15.908 Y-4.75
G1 F3600 E-1
;MESH:NONMESH
G0 F600 X15.908 Y-4.75 Z28.64
G0 F12000 X15.619 Y-4.503
G0 X-1.651 Y3.351
G0 X-1.748 Y3.254
;TIME_ELAPSED:726.118737
;LAYER:218
;note -- min layer time used
;TYPE:FILL
;MESH:bridge_3a.stl
G1 F3600 E1
G1 F2230.8 X-1.813 Y3.612 E0.00885
G1 X-1.807 Y3.919 E0.00747
G1 X2.082 Y3.92 E0.09459
G1 X3.288 Y2.836 E0.03944
G1 X4.322 Y1.955 E0.03304
G1 X5.326 Y1.143 E0.03141
G1 X6.354 Y0.35 E0.03158
G1 X7.319 Y-.361 E0.02915
G1 X7.848 Y-.903 E0.01842
G1 X8.498 Y-1.806 E0.02706
G1 X8.875 Y-2.709 E0.0238
G1 X9.038 Y-3.612 E0.02232
G1 X9.032 Y-3.92 E0.00749
G1 F3600 E-1
G0 F12000 X14.556 Y-4.325
;TYPE:WALL-INNER
G1 F3600 E1
G1 F2230.8 X6.817 Y-4.325 E0.18822
G1 X5.337 Y-3.292 E0.0439
G1 X4.872 Y-2.956 E0.01395
G1 X3.74 Y-2.105 E0.03444
G1 X2.629 Y-1.229 E0.03441
G1 X1.569 Y-.349 E0.03351
G1 X0.509 Y0.569 E0.0341
G1 X-1.033 Y1.984 E0.0509
G1 X-2.059 Y2.991 E0.03496
G1 X-3.35 Y4.324 E0.04513
G1 X2.226 Y4.325 E0.13562
G1 X3.557 Y3.138 E0.04338
G1 X4.575 Y2.271 E0.03252
G1 X5.571 Y1.465 E0.03116
G1 X6.599 Y0.672 E0.03158
G1 X7.647 Y-0.099 E0.03164
G1 X8.623 Y-.777 E0.0289
G1 X9.636 Y-1.457 E0.02967
G1 X10.643 Y-2.1 E0.02906
G1 X11.657 Y-2.72 E0.02891
G1 X12.67 Y-3.308 E0.02849
G1 X13.684 Y-3.866 E0.02815
G1 X14.556 Y-4.325 E0.02397
G1 F3600 E-1
G0 F12000 X15.381 Y-4.521
G0 X16.387 Y-4.749
;TYPE:WALL-OUTER
G1 F3600 E1
G1 F2230.8 X6.683 Y-4.75 E0.23602
G1 X4.617 Y-3.296 E0.06144
G1 X3.478 Y-2.439 E0.03467
G1 X2.382 Y-1.577 E0.03391
G1 X1.294 Y-.673 E0.0344
G1 X0.205 Y0.271 E0.03505
G1 X-.806 Y1.191 E0.03325
G1 X-1.342 Y1.692 E0.01784
G1 X-2.363 Y2.695 E0.03481
G1 X-3.803 Y4.185 E0.0504
G1 X-4.317 Y4.75 E0.01858
G1 X2.405 Y4.75 E0.16349
G1 X2.833 Y4.353 E0.0142
G1 X3.833 Y3.461 E0.03259
G1 X4.842 Y2.601 E0.03224
G1 X5.831 Y1.802 E0.03092
G1 X6.851 Y1.014 E0.03135
G1 X7.889 Y0.25 E0.03135
G1 X8.86 Y-.424 E0.02875
G1 X9.865 Y-1.099 E0.02944
G1 X10.865 Y-1.738 E0.02886
G1 X11.87 Y-2.353 E0.02866
G1 X12.875 Y-2.936 E0.02826
G1 X13.883 Y-3.49 E0.02797
G1 X14.888 Y-4.021 E0.02765
G1 X15.893 Y-4.519 E0.02728
G1 X16.387 Y-4.749 E0.01325
G0 F12000 X15.587 Y-4.749
G1 F3600 E-1
;MESH:NONMESH
G0 F600 X15.587 Y-4.749 Z28.77
G0 F12000 X15.303 Y-4.503
G0 X-1.632 Y3.13
G0 X-1.726 Y3.033
;TIME_ELAPSED:729.482440
;LAYER:219
;note -- min layer time used
;TYPE:FILL
;MESH:bridge_3a.stl
G1 F3600 E1
G1 F2222.4 X-1.807 Y3.612 E0.01422
G1 X-1.788 Y3.919 E0.00748
G1 X1.874 Y3.92 E0.08907
G1 X2.293 Y3.53 E0.01392
G1 X3.298 Y2.64 E0.03265
G1 X4.313 Y1.782 E0.03232
G1 X5.33 Y0.957 E0.03185
G1 X6.363 Y0.163 E0.03169
G1 X7.372 Y-.574 E0.03039
G1 X8.059 Y-1.053 E0.02037
G1 X8.569 Y-1.806 E0.02212
G1 X8.906 Y-2.709 E0.02344
G1 X9.032 Y-3.612 E0.02218
G1 X9.013 Y-3.919 E0.00748
G1 F3600 E-1
G0 F12000 X14.252 Y-4.324
;TYPE:WALL-INNER
G1 F3600 E1
G1 F2222.4 X6.574 Y-4.324 E0.18674
G1 X5.931 Y-3.882 E0.01898
G1 X4.765 Y-3.048 E0.03487
G1 X3.639 Y-2.203 E0.03424
G1 X2.548 Y-1.346 E0.03374
G1 X2.001 Y-.895 E0.01724
G1 X0.916 Y0.023 E0.03457
G1 X-.124 Y0.95 E0.03388
G1 X-1.134 Y1.889 E0.03354
G1 X-2.141 Y2.873 E0.03424
G1 X-3.113 Y3.869 E0.03385
G1 X-3.537 Y4.324 E0.01513
G1 X2.034 Y4.325 E0.13549
G1 X2.551 Y3.843 E0.01719
G1 X3.564 Y2.944 E0.03294
G1 X4.574 Y2.091 E0.03215
G1 X5.584 Y1.272 E0.03163
G1 X6.601 Y0.491 E0.03119
G1 X7.61 Y-.246 E0.03039
G1 X8.62 Y-.95 E0.02994
G1 X9.633 Y-1.626 E0.02962
G1 X10.649 Y-2.274 E0.02931
G1 X11.657 Y-2.885 E0.02867
G1 X12.671 Y-3.472 E0.0285
G1 X13.682 Y-4.027 E0.02805
G1 X14.252 Y-4.324 E0.01563
G1 F3600 E-1
G0 F12000 X15.063 Y-4.521
G0 X16.053 Y-4.749
;TYPE:WALL-OUTER
G1 F3600 E1
G1 F2222.4 X6.442 Y-4.749 E0.23375
G1 X5.685 Y-4.228 E0.02235
G1 X4.51 Y-3.388 E0.03513
G1 X3.377 Y-2.538 E0.03445
G1 X2.26 Y-1.66 E0.03456
G1 X0.656 Y-.315 E0.05091
G1 X-.395 Y0.621 E0.03423
G1 X-1.442 Y1.596 E0.0348
G1 X-2.445 Y2.575 E0.03409
G1 X-3.424 Y3.579 E0.03411
G1 X-4.51 Y4.749 E0.03883
G1 X2.201 Y4.75 E0.16322
G1 X2.851 Y4.146 E0.02158
G1 X3.838 Y3.268 E0.03213
G1 X4.842 Y2.421 E0.03195
G1 X5.843 Y1.609 E0.03135
G1 X6.852 Y0.834 E0.03094
G1 X7.853 Y0.102 E0.03016
G1 X8.857 Y-.596 E0.02974
G1 X9.861 Y-1.267 E0.02937
G1 X10.87 Y-1.91 E0.0291
G1 X11.87 Y-2.517 E0.02845
G1 X12.875 Y-3.1 E0.02826
G1 X13.879 Y-3.65 E0.02784
G1 X14.885 Y-4.177 E0.02762
G1 X16.053 Y-4.749 E0.03163
G0 F12000 X15.253 Y-4.749
G1 F3600 E-1
;MESH:NONMESH
G0 F600 X15.253 Y-4.749 Z28.9
G0 F12000 X14.985 Y-4.502
G0 X-1.635 Y2.936
G0 X-1.729 Y2.838
;TIME_ELAPSED:732.845399
;LAYER:220
;note -- min layer time used
;TYPE:FILL
;MESH:bridge_3a.stl
G1 F3600 E1
G1 F2213.9 X-1.806 Y3.612 E0.01892
G1 X-1.774 Y3.92 E0.00753
G1 X1.668 Y3.92 E0.08371
G1 X2.278 Y3.355 E0.02022
G1 X3.298 Y2.455 E0.03308
G1 X4.317 Y1.595 E0.03243
G1 X5.336 Y0.775 E0.03181
G1 X6.354 Y-0.003 E0.03116
G1 X7.375 Y-.751 E0.03078
G1 X8.436 Y-1.482 E0.03134
G1 X8.642 Y-1.806 E0.00934
G1 X8.941 Y-2.709 E0.02313
G1 X9.031 Y-3.612 E0.02207
G1 X8.999 Y-3.921 E0.00756
G1 F3600 E-1
G0 F12000 X13.948 Y-4.325
;TYPE:WALL-INNER
G1 F3600 E1
G1 F2213.9 X6.321 Y-4.325 E0.1855
G1 X5.784 Y-3.955 E0.01586
G1 X4.671 Y-3.155 E0.03334
G1 X3.539 Y-2.304 E0.03444
G1 X2.432 Y-1.433 E0.03426
G1 X1.895 Y-.994 E0.01687
G1 X0.818 Y-0.079 E0.03437
G1 X-.225 Y0.85 E0.03397
G1 X-1.234 Y1.789 E0.03352
G1 X-2.242 Y2.773 E0.03426
G1 X-3.214 Y3.769 E0.03385
G1 X-3.731 Y4.325 E0.01847
G1 X1.827 Y4.325 E0.13518
G1 X2.552 Y3.654 E0.02403
G1 X3.564 Y2.76 E0.03284
G1 X4.577 Y1.905 E0.03224
G1 X5.59 Y1.091 E0.03161
G1 X6.6 Y0.32 E0.0309
G1 X7.612 Y-.424 E0.03055
G1 X8.625 Y-1.122 E0.02992
G1 X9.633 Y-1.794 E0.02946
G1 X10.646 Y-2.438 E0.02919
G1 X11.658 Y-3.05 E0.02876
G1 X12.671 Y-3.632 E0.02841
G1 X13.948 Y-4.325 E0.03534
G1 F3600 E-1
G0 F12000 X15.723 Y-4.75
;TYPE:WALL-OUTER
G1 F3600 E1
G1 F2213.9 X6.19 Y-4.75 E0.23186
G1 X5.596 Y-4.343 E0.01751
G1 X4.416 Y-3.495 E0.03534
G1 X3.277 Y-2.638 E0.03467
G1 X2.163 Y-1.762 E0.03447
G1 X1.62 Y-1.318 E0.01706
G1 X0.536 Y-.397 E0.0346
G1 X-.514 Y0.539 E0.03421
G1 X-1.542 Y1.497 E0.03418
G1 X-2.546 Y2.476 E0.03411
G1 X-3.525 Y3.479 E0.03409
G1 X-4.7 Y4.75 E0.0421
G1 X1.994 Y4.75 E0.16281
G1 X2.834 Y3.972 E0.02785
G1 X3.838 Y3.084 E0.0326
G1 X4.843 Y2.237 E0.03197
G1 X5.848 Y1.429 E0.03136
G1 X6.851 Y0.662 E0.03071
G1 X7.854 Y-0.074 E0.03026
G1 X8.861 Y-.769 E0.02976
G1 X9.861 Y-1.435 E0.02922
G1 X10.866 Y-2.074 E0.02897
G1 X11.871 Y-2.681 E0.02856
G1 X12.875 Y-3.26 E0.02819
G1 X13.879 Y-3.81 E0.02784
G1 X14.885 Y-4.337 E0.02762
G1 X15.723 Y-4.75 E0.02272
G0 F12000 X14.923 Y-4.75
G1 F3600 E-1
;MESH:NONMESH
G0 F600 X14.923 Y-4.75 Z29.03
G0 F12000 X14.669 Y-4.502
G0 X-1.642 Y2.745
G0 X-1.736 Y2.647
;TIME_ELAPSED:736.207291
;LAYER:221
;note -- min layer time used
;TYPE:FILL
;MESH:bridge_3a.stl
G1 F3600 E1
G1 F2206.1 X-1.754 Y2.709 E0.00157
G1 X-1.807 Y3.612 E0.022
G1 X-1.763 Y3.92 E0.00757
G1 X1.462 Y3.92 E0.07844
G1 X2.244 Y3.192 E0.02599
G1 X3.3 Y2.261 E0.03424
G1 X4.354 Y1.381 E0.0334
G1 X5.337 Y0.594 E0.03063
G1 X6.366 Y-.192 E0.03149
G1 X7.513 Y-1.018 E0.03438
G1 X8.731 Y-1.849 E0.03586
G1 X8.979 Y-2.709 E0.02177
G1 X9.032 Y-3.612 E0.022
G1 X8.988 Y-3.92 E0.00757
G1 F3600 E-1
G0 F12000 X13.646 Y-4.325
;TYPE:WALL-INNER
G1 F3600 E1
G1 F2206.1 X6.071 Y-4.325 E0.18424
G1 X4.567 Y-3.255 E0.04489
G1 X3.451 Y-2.42 E0.0339
G1 X1.803 Y-1.1 E0.05135
G1 X0.718 Y-.179 E0.03461
G1 X-.325 Y0.75 E0.03397
G1 X-1.334 Y1.689 E0.03352
G1 X-2.342 Y2.674 E0.03428
G1 X-3.314 Y3.669 E0.03383
G1 X-3.924 Y4.325 E0.02179
G1 X1.621 Y4.325 E0.13486
G1 X2.518 Y3.489 E0.02982
G1 X3.562 Y2.57 E0.03383
G1 X4.611 Y1.692 E0.03327
G1 X5.59 Y0.911 E0.03046
G1 X6.603 Y0.137 E0.03101
G1 X7.612 Y-.596 E0.03033
G1 X8.627 Y-1.295 E0.02997
G1 X9.636 Y-1.964 E0.02944
G1 X10.606 Y-2.574 E0.02787
G1 X11.689 Y-3.231 E0.03081
G1 X12.646 Y-3.776 E0.02679
G1 X13.646 Y-4.325 E0.02775
G1 F3600 E-1
G0 F12000 X15.411 Y-4.749
;TYPE:WALL-OUTER
G1 F3600 E1
G1 F2206.1 X5.939 Y-4.75 E0.23037
G1 X5.486 Y-4.436 E0.01341
G1 X4.332 Y-3.61 E0.03452
G1 X3.171 Y-2.74 E0.03529
G1 X2.636 Y-2.32 E0.01654
G1 X1.511 Y-1.409 E0.03521
G1 X0.436 Y-.497 E0.03429
G1 X-.614 Y0.439 E0.03421
G1 X-1.643 Y1.397 E0.03419
G1 X-2.646 Y2.376 E0.03409
G1 X-3.625 Y3.379 E0.03409
G1 X-4.889 Y4.75 E0.04535
G1 X1.789 Y4.75 E0.16242
G1 X2.798 Y3.808 E0.03357
G1 X3.835 Y2.896 E0.03359
G1 X4.876 Y2.024 E0.03303
G1 X5.848 Y1.249 E0.03024
G1 X6.853 Y0.481 E0.03076
G1 X7.854 Y-.246 E0.03009
G1 X8.861 Y-.941 E0.02976
G1 X9.862 Y-1.604 E0.0292
G1 X10.826 Y-2.21 E0.02769
G1 X11.9 Y-2.862 E0.03056
G1 X12.851 Y-3.404 E0.02662
G1 X13.88 Y-3.97 E0.02856
G1 X14.885 Y-4.493 E0.02755
G1 X15.411 Y-4.749 E0.01423
G0 F12000 X14.611 Y-4.749
G1 F3600 E-1
;MESH:NONMESH
G0 F600 X14.611 Y-4.749 Z29.16
G0 F12000 X14.363 Y-4.502
G0 X-1.639 Y2.544
G0 X-1.732 Y2.448
;TIME_ELAPSED:739.568528
;LAYER:222
;note -- min layer time used
;TYPE:FILL
;MESH:bridge_3a.stl
G1 F3600 E1
G1 F2197.7 X-1.796 Y2.709 E0.00654
G1 X-1.813 Y3.612 E0.02197
G1 X-1.757 Y3.92 E0.00761
G1 X1.259 Y3.92 E0.07335
G1 X2.275 Y2.974 E0.03376
G1 X3.172 Y2.185 E0.02906
G1 X4.362 Y1.188 E0.03776
G1 X5.333 Y0.416 E0.03017
G1 X6.35 Y-.352 E0.031
G1 X7.388 Y-1.102 E0.03115
G1 X8.398 Y-1.802 E0.02989
G1 X8.876 Y-2.116 E0.01391
G1 X9.021 Y-2.709 E0.01485
G1 X9.038 Y-3.612 E0.02197
G1 X8.982 Y-3.919 E0.00759
G1 F3600 E-1
G0 F12000 X13.349 Y-4.324
;TYPE:WALL-INNER
G1 F3600 E1
G1 F2197.7 X5.81 Y-4.324 E0.18336
G1 X4.471 Y-3.362 E0.0401
G1 X3.902 Y-2.938 E0.01726
G1 X2.784 Y-2.074 E0.03436
G1 X1.682 Y-1.187 E0.03441
G1 X0.621 Y-.281 E0.03393
G1 X-.425 Y0.65 E0.03406
G1 X-1.447 Y1.602 E0.03397
G1 X-2.442 Y2.574 E0.03383
G1 X-3.414 Y3.57 E0.03385
G1 X-4.116 Y4.325 E0.02507
G1 X1.418 Y4.325 E0.1346
G1 X2.55 Y3.272 E0.0376
G1 X3.454 Y2.478 E0.02926
G1 X4.612 Y1.507 E0.03676
G1 X5.593 Y0.729 E0.03045
G1 X6.604 Y-0.035 E0.03082
G1 X7.616 Y-.768 E0.03039
G1 X8.628 Y-1.468 E0.02993
G1 X9.636 Y-2.132 E0.02936
G1 X10.652 Y-2.771 E0.02919
G1 X11.691 Y-3.396 E0.02949
G1 X12.65 Y-3.94 E0.02682
G1 X13.349 Y-4.324 E0.0194
G1 F3600 E-1
G0 F12000 X15.084 Y-4.749
;TYPE:WALL-OUTER
G1 F3600 E1
G1 F2197.7 X5.673 Y-4.749 E0.22889
G1 X4.218 Y-3.704 E0.04357
G1 X3.642 Y-3.275 E0.01747
G1 X2.517 Y-2.405 E0.03459
G1 X1.407 Y-1.51 E0.03468
G1 X0.338 Y-.599 E0.03416
G1 X-.714 Y0.339 E0.03428
G1 X-1.744 Y1.297 E0.03421
G1 X-2.746 Y2.277 E0.03409
G1 X-3.725 Y3.28 E0.03409
G1 X-4.68 Y4.307 E0.03411
G1 X-5.075 Y4.75 E0.01444
G1 X1.585 Y4.75 E0.16198
G1 X2.83 Y3.592 E0.04135
G1 X3.727 Y2.804 E0.02904
G1 X4.876 Y1.84 E0.03648
G1 X5.849 Y1.068 E0.03021
G1 X6.853 Y0.309 E0.03061
G1 X7.857 Y-.418 E0.03015
G1 X8.862 Y-1.113 E0.02972
G1 X9.862 Y-1.772 E0.02913
G1 X10.871 Y-2.407 E0.029
G1 X11.9 Y-3.026 E0.02921
G1 X12.855 Y-3.568 E0.02671
G1 X13.957 Y-4.175 E0.0306
G1 X15.084 Y-4.749 E0.03076
G0 F12000 X14.284 Y-4.749
G1 F3600 E-1
;MESH:NONMESH
G0 F600 X14.284 Y-4.749 Z29.29
G0 F12000 X14.057 Y-4.502
G0 X-1.661 Y2.368
G0 X-1.754 Y2.272
;TIME_ELAPSED:742.929592
;LAYER:223
;note -- min layer time used
;TYPE:FILL
;MESH:bridge_3a.stl
G1 F3600 E1
G1 F2189.7 X-1.843 Y2.709 E0.01085
G1 X-1.822 Y3.612 E0.02197
G1 X-1.753 Y3.92 E0.00768
G1 X1.048 Y3.92 E0.06812
G1 X2.28 Y2.778 E0.04086
G1 X3.301 Y1.892 E0.03288
G1 X4.213 Y1.127 E0.02895
G1 X5.342 Y0.235 E0.035
G1 X6.362 Y-.536 E0.0311
G1 X7.381 Y-1.269 E0.03053
G1 X8.4 Y-1.97 E0.03008
G1 X8.998 Y-2.365 E0.01743
G1 X9.068 Y-2.709 E0.00854
G1 X9.047 Y-3.612 E0.02197
G1 X8.978 Y-3.92 E0.00768
G1 F3600 E-1
G0 F12000 X13.058 Y-4.324
;TYPE:WALL-INNER
G1 F3600 E1
G1 F2189.7 X5.575 Y-4.324 E0.182
G1 X4.955 Y-3.888 E0.01843
G1 X3.799 Y-3.036 E0.03493
G1 X2.681 Y-2.175 E0.03432
G1 X1.585 Y-1.288 E0.03429
G1 X0.521 Y-.381 E0.034
G1 X-.525 Y0.55 E0.03406
G1 X-1.547 Y1.502 E0.03397
G1 X-2.531 Y2.463 E0.03345
G1 X-3.515 Y3.471 E0.03426
G1 X-4.31 Y4.325 E0.02838
G1 X1.209 Y4.325 E0.13423
G1 X2.553 Y3.078 E0.04459
G1 X3.566 Y2.198 E0.03264
G1 X4.473 Y1.438 E0.02878
G1 X5.592 Y0.553 E0.0347
G1 X6.605 Y-.212 E0.03087
G1 X7.617 Y-.941 E0.03033
G1 X8.628 Y-1.636 E0.02984
G1 X9.642 Y-2.305 E0.02955
G1 X10.651 Y-2.934 E0.02892
G1 X11.688 Y-3.56 E0.02946
G1 X13.058 Y-4.324 E0.03815
G1 F3600 E-1
G0 F12000 X14.771 Y-4.749
;TYPE:WALL-OUTER
G1 F3600 E1
G1 F2189.7 X5.44 Y-4.749 E0.22694
G1 X4.707 Y-4.233 E0.0218
G1 X3.54 Y-3.373 E0.03526
G1 X2.414 Y-2.506 E0.03456
G1 X1.332 Y-1.631 E0.03384
G1 X0.239 Y-.699 E0.03494
G1 X-.814 Y0.239 E0.0343
G1 X-1.844 Y1.198 E0.03423
G1 X-2.835 Y2.166 E0.03369
G1 X-3.826 Y3.181 E0.0345
G1 X-4.78 Y4.207 E0.03407
G1 X-5.263 Y4.75 E0.01768
G1 X1.379 Y4.75 E0.16154
G1 X1.83 Y4.319 E0.01517
G1 X2.832 Y3.399 E0.03308
G1 X3.839 Y2.524 E0.03245
G1 X4.736 Y1.771 E0.02848
G1 X5.849 Y0.892 E0.03449
G1 X6.853 Y0.133 E0.03061
G1 X7.858 Y-.59 E0.03011
G1 X8.862 Y-1.281 E0.02964
G1 X9.867 Y-1.945 E0.0293
G1 X10.87 Y-2.571 E0.02876
G1 X11.89 Y-3.187 E0.02898
G1 X12.88 Y-3.744 E0.02763
G1 X13.884 Y-4.291 E0.02781
G1 X14.771 Y-4.749 E0.02428
G0 F12000 X13.971 Y-4.749
G1 F3600 E-1
;MESH:NONMESH
G0 F600 X13.971 Y-4.749 Z29.42
G0 F12000 X13.749 Y-4.503
G0 X-1.702 Y2.212
G0 X-1.798 Y2.112
;TIME_ELAPSED:746.290137
;LAYER:224
;note -- min layer time used
;TYPE:FILL
;MESH:bridge_3a.stl
G1 F3600 E1
G1 F2181.8 X-1.893 Y2.709 E0.0147
G1 X-1.836 Y3.612 E0.02201
G1 X-1.754 Y3.92 E0.00775
G1 X0.843 Y3.92 E0.06316
G1 X1.264 Y3.516 E0.01419
G1 X2.282 Y2.59 E0.03347
G1 X3.416 Y1.605 E0.03653
G1 X4.325 Y0.856 E0.02865
G1 X5.231 Y0.142 E0.02806
G1 X6.363 Y-.712 E0.03449
G1 X7.392 Y-1.452 E0.03083
G1 X8.4 Y-2.143 E0.02972
G1 X9.124 Y-2.619 E0.02107
G1 X9.061 Y-3.612 E0.0242
G1 X8.979 Y-3.919 E0.00773
G1 F3600 E-1
G0 F12000 X12.753 Y-4.324
;TYPE:WALL-INNER
G1 F3600 E1
G1 F2181.8 X5.328 Y-4.325 E0.18059
G1 X3.691 Y-3.133 E0.04925
G1 X2.582 Y-2.277 E0.03407
G1 X1.527 Y-1.421 E0.03304
G1 X0.95 Y-.94 E0.01827
G1 X-.109 Y-0.012 E0.03425
G1 X-1.142 Y0.928 E0.03397
G1 X-2.148 Y1.887 E0.0338
G1 X-3.131 Y2.871 E0.03383
G1 X-4.092 Y3.875 E0.0338
G1 X-4.502 Y4.325 E0.01481
G1 X1.005 Y4.325 E0.13394
G1 X1.529 Y3.823 E0.01765
G1 X2.553 Y2.89 E0.03369
G1 X3.565 Y2.012 E0.03259
G1 X4.582 Y1.17 E0.03211
G1 X5.481 Y0.461 E0.02785
G1 X6.605 Y-.388 E0.03426
G1 X7.619 Y-1.118 E0.03039
G1 X8.628 Y-1.808 E0.02973
G1 X9.638 Y-2.473 E0.02941
G1 X10.676 Y-3.122 E0.02977
G1 X11.66 Y-3.702 E0.02778
G1 X12.753 Y-4.324 E0.03059
G1 F3600 E-1
G0 F12000 X14.466 Y-4.75
;TYPE:WALL-OUTER
G1 F3600 E1
G1 F2181.8 X5.192 Y-4.75 E0.22556
G1 X4.542 Y-4.286 E0.01942
G1 X3.431 Y-3.47 E0.03353
G1 X2.357 Y-2.641 E0.033
G1 X1.255 Y-1.748 E0.0345
G1 X0.691 Y-1.278 E0.01786
G1 X-.395 Y-.326 E0.03512
G1 X-1.435 Y0.621 E0.03421
G1 X-2.448 Y1.586 E0.03403
G1 X-3.438 Y2.577 E0.03407
G1 X-4.407 Y3.589 E0.03408
G1 X-5.457 Y4.75 E0.03807
G1 X1.175 Y4.75 E0.1613
G1 X1.831 Y4.123 E0.02207
G1 X2.832 Y3.211 E0.03294
G1 X3.836 Y2.339 E0.03234
G1 X4.845 Y1.503 E0.03187
G1 X5.737 Y0.8 E0.02762
G1 X6.853 Y-0.043 E0.03402
G1 X7.858 Y-.767 E0.03013
G1 X8.862 Y-1.453 E0.02957
G1 X9.863 Y-2.113 E0.02916
G1 X10.892 Y-2.756 E0.02951
G1 X11.871 Y-3.334 E0.02765
G1 X12.877 Y-3.909 E0.02818
G1 X13.881 Y-4.449 E0.02773
G1 X14.466 Y-4.75 E0.016
G0 F12000 X13.666 Y-4.75
G1 F3600 E-1
;MESH:NONMESH
G0 F600 X13.666 Y-4.75 Z29.55
G0 F12000 X13.453 Y-4.501
G0 X-1.771 Y2.078
G0 X-1.864 Y1.98
;TIME_ELAPSED:749.651436
;LAYER:225
;note -- min layer time used
;TYPE:FILL
;MESH:bridge_3a.stl
G1 F3600 E1
G1 F2172.3 X-1.947 Y2.709 E0.01784
G1 X-1.853 Y3.612 E0.02208
G1 X-1.759 Y3.92 E0.00783
G1 X0.638 Y3.92 E0.0583
G1 X1.302 Y3.288 E0.0223
G1 X2.448 Y2.258 E0.03748
G1 X3.311 Y1.513 E0.02773
G1 X4.327 Y0.675 E0.03203
G1 X5.343 Y-.125 E0.03145
G1 X6.347 Y-.876 E0.03049
G1 X7.383 Y-1.616 E0.03096
G1 X8.411 Y-2.317 E0.03026
G1 X9.162 Y-2.807 E0.02181
G1 X9.078 Y-3.612 E0.01969
G1 X8.983 Y-3.921 E0.00786
G1 F3600 E-1
G0 F12000 X12.472 Y-4.326
;TYPE:WALL-INNER
G1 F3600 E1
G1 F2172.3 X5.083 Y-4.325 E0.17971
G1 X3.611 Y-3.253 E0.04429
G1 X2.487 Y-2.381 E0.0346
G1 X1.937 Y-1.941 E0.01713
G1 X0.878 Y-1.059 E0.03352
G1 X-.201 Y-.118 E0.03482
G1 X-1.24 Y0.826 E0.03414
G1 X-2.236 Y1.775 E0.03346
G1 X-3.231 Y2.771 E0.03424
G1 X-4.193 Y3.775 E0.03382
G1 X-4.692 Y4.325 E0.01806
G1 X0.801 Y4.325 E0.1336
G1 X1.579 Y3.583 E0.02615
G1 X2.558 Y2.697 E0.03211
G1 X3.566 Y1.827 E0.03238
G1 X4.582 Y0.989 E0.03203
G1 X5.591 Y0.195 E0.03123
G1 X6.587 Y-.55 E0.03025
G1 X7.618 Y-1.286 E0.03081
G1 X8.631 Y-1.978 E0.02984
G1 X9.642 Y-2.637 E0.02935
G1 X10.655 Y-3.269 E0.02904
G1 X11.665 Y-3.867 E0.02855
G1 X12.472 Y-4.326 E0.02258
G1 F3600 E-1
G0 F12000 X14.137 Y-4.749
;TYPE:WALL-OUTER
G1 F3600 E1
G1 F2172.3 X4.948 Y-4.75 E0.22349
G1 X4.496 Y-4.43 E0.01347
G1 X3.355 Y-3.592 E0.03443
G1 X2.222 Y-2.713 E0.03488
G1 X1.682 Y-2.282 E0.0168
G1 X0.599 Y-1.38 E0.03428
G1 X-.487 Y-.432 E0.03506
G1 X-1.533 Y0.519 E0.03438
G1 X-2.549 Y1.487 E0.03413
G1 X-3.538 Y2.477 E0.03403
G1 X-4.507 Y3.489 E0.03408
G1 X-5.644 Y4.75 E0.0413
G1 X0.971 Y4.75 E0.16089
G1 X1.864 Y3.898 E0.03002
G1 X2.836 Y3.018 E0.03189
G1 X3.836 Y2.155 E0.03213
G1 X4.845 Y1.323 E0.03181
G1 X5.846 Y0.535 E0.03098
G1 X6.834 Y-.204 E0.03001
G1 X7.858 Y-.935 E0.0306
G1 X8.863 Y-1.622 E0.02961
G1 X9.867 Y-2.277 E0.02916
G1 X10.872 Y-2.904 E0.02881
G1 X11.876 Y-3.498 E0.02837
G1 X12.877 Y-4.068 E0.02802
G1 X14.137 Y-4.749 E0.03483
G0 F12000 X13.337 Y-4.749
G1 F3600 E-1
;MESH:NONMESH
G0 F600 X13.337 Y-4.749 Z29.68
G0 F12000 X13.154 Y-4.501
G0 X-1.855 Y1.963
G0 X-1.948 Y1.865
;TIME_ELAPSED:753.012281
;LAYER:226
;note -- min layer time used
;TYPE:FILL
;MESH:bridge_3a.stl
G1 F3600 E1
G1 F2163.9 X-2.006 Y2.709 E0.02058
G1 X-1.874 Y3.612 E0.0222
G1 X-1.767 Y3.92 E0.00793
G1 X0.437 Y3.92 E0.0536
G1 X1.23 Y3.159 E0.02673
G1 X2.248 Y2.243 E0.03331
G1 X3.352 Y1.288 E0.0355
G1 X4.327 Y0.494 E0.03058
G1 X5.344 Y-.306 E0.03147
G1 X6.395 Y-1.083 E0.03179
G1 X7.396 Y-1.8 E0.02995
G1 X8.438 Y-2.507 E0.03063
G1 X9.189 Y-2.994 E0.02177
G1 X9.099 Y-3.612 E0.01519
G1 X8.992 Y-3.92 E0.00793
G1 F3600 E-1
G0 F12000 X12.182 Y-4.325
;TYPE:WALL-INNER
G1 F3600 E1
G1 F2163.9 X4.841 Y-4.325 E0.17854
G1 X3.495 Y-3.342 E0.04054
G1 X2.944 Y-2.918 E0.01691
G1 X1.836 Y-2.036 E0.03444
G1 X0.776 Y-1.157 E0.03349
G1 X-.301 Y-.219 E0.03474
G1 X-1.34 Y0.726 E0.03416
G1 X-2.336 Y1.675 E0.03346
G1 X-3.332 Y2.672 E0.03428
G1 X-4.292 Y3.676 E0.03379
G1 X-4.882 Y4.325 E0.02133
G1 X0.6 Y4.325 E0.13333
G1 X1.484 Y3.476 E0.02981
G1 X2.518 Y2.545 E0.03384
G1 X3.605 Y1.604 E0.03497
G1 X4.582 Y0.809 E0.03063
G1 X5.594 Y0.013 E0.03131
G1 X6.629 Y-.753 E0.03132
G1 X7.621 Y-1.463 E0.02967
G1 X8.664 Y-2.171 E0.03066
G1 X9.642 Y-2.805 E0.02835
G1 X10.656 Y-3.438 E0.02907
G1 X11.662 Y-4.031 E0.0284
G1 X12.182 Y-4.325 E0.01453
G1 F3600 E-1
G0 F12000 X13.847 Y-4.75
;TYPE:WALL-OUTER
G1 F3600 E1
G1 F2163.9 X4.702 Y-4.75 E0.22242
G1 X3.237 Y-3.679 E0.04414
G1 X2.679 Y-3.251 E0.0171
G1 X1.565 Y-2.364 E0.03463
G1 X0.518 Y-1.497 E0.03306
G1 X-.586 Y-.533 E0.03565
G1 X-1.633 Y0.419 E0.03442
G1 X-2.649 Y1.387 E0.03413
G1 X-3.639 Y2.378 E0.03407
G1 X-4.607 Y3.39 E0.03406
G1 X-5.832 Y4.75 E0.04452
G1 X0.771 Y4.75 E0.16059
G1 X1.784 Y3.778 E0.03415
G1 X2.796 Y2.866 E0.03313
G1 X3.874 Y1.934 E0.03466
G1 X4.845 Y1.143 E0.03046
G1 X5.847 Y0.355 E0.031
G1 X6.876 Y-.408 E0.03116
G1 X7.859 Y-1.111 E0.02939
G1 X8.895 Y-1.814 E0.03045
G1 X9.867 Y-2.445 E0.02819
G1 X10.872 Y-3.072 E0.02881
G1 X11.872 Y-3.662 E0.02824
G1 X12.858 Y-4.221 E0.02757
G1 X13.847 Y-4.75 E0.02728
G0 F12000 X13.047 Y-4.75
G1 F3600 E-1
;MESH:NONMESH
G0 F600 X13.047 Y-4.75 Z29.81
G0 F12000 X12.857 Y-4.501
G0 X-1.939 Y1.847
G0 X-2.032 Y1.749
;TIME_ELAPSED:756.371931
;LAYER:227
;note -- min layer time used
;TYPE:FILL
;MESH:bridge_3a.stl
G1 F3600 E1
G1 F2155.3 X-2.051 Y1.806 E0.00146
G1 X-2.069 Y2.709 E0.02197
G1 X-1.899 Y3.612 E0.02235
G1 X-1.779 Y3.92 E0.00804
G1 X0.226 Y3.92 E0.04876
G1 X1.278 Y2.925 E0.03522
G1 X2.289 Y2.017 E0.03305
G1 X3.314 Y1.136 E0.03287
G1 X4.446 Y0.213 E0.03552
G1 X5.348 Y-.484 E0.02772
G1 X6.368 Y-1.241 E0.03089
G1 X7.396 Y-1.972 E0.03068
G1 X8.412 Y-2.661 E0.02986
G1 X9.207 Y-3.17 E0.02296
G1 X9.124 Y-3.612 E0.01094
G1 X9.004 Y-3.92 E0.00804
G1 F3600 E-1
G0 F12000 X11.897 Y-4.324
;TYPE:WALL-INNER
G1 F3600 E1
G1 F2155.3 X4.598 Y-4.325 E0.17752
G1 X3.407 Y-3.449 E0.03596
G1 X2.842 Y-3.017 E0.0173
G1 X1.726 Y-2.134 E0.03461
G1 X0.679 Y-1.261 E0.03316
G1 X-.401 Y-.318 E0.03487
G1 X-1.424 Y0.611 E0.03361
G1 X-2.436 Y1.575 E0.03399
G1 X-3.433 Y2.573 E0.03431
G1 X-4.393 Y3.577 E0.03379
G1 X-5.073 Y4.325 E0.02459
G1 X0.387 Y4.325 E0.1328
G1 X1.545 Y3.229 E0.03878
G1 X2.559 Y2.32 E0.03312
G1 X3.577 Y1.444 E0.03266
G1 X4.585 Y0.623 E0.03162
G1 X5.594 Y-.163 E0.03111
G1 X6.608 Y-.914 E0.03069
G1 X7.621 Y-1.635 E0.03024
G1 X8.63 Y-2.32 E0.02966
G1 X9.643 Y-2.974 E0.02933
G1 X10.622 Y-3.582 E0.02803
G1 X11.897 Y-4.324 E0.03588
G1 F3600 E-1
G0 F12000 X13.548 Y-4.75
;TYPE:WALL-OUTER
G1 F3600 E1
G1 F2155.3 X4.459 Y-4.75 E0.22106
G1 X3.149 Y-3.787 E0.03954
G1 X2.579 Y-3.35 E0.01747
G1 X1.454 Y-2.461 E0.03487
G1 X0.4 Y-1.581 E0.0334
G1 X-.687 Y-.632 E0.0351
G1 X-1.733 Y0.319 E0.03438
G1 X-2.75 Y1.288 E0.03416
G1 X-3.74 Y2.278 E0.03405
G1 X-4.708 Y3.291 E0.03408
G1 X-5.65 Y4.329 E0.03409
G1 X-6.02 Y4.75 E0.01363
G1 X0.556 Y4.75 E0.15994
G1 X1.829 Y3.545 E0.04263
G1 X2.836 Y2.642 E0.0329
G1 X3.846 Y1.774 E0.03239
G1 X4.846 Y0.958 E0.03139
G1 X5.847 Y0.179 E0.03085
G1 X6.854 Y-.568 E0.03049
G1 X7.859 Y-1.283 E0.03
G1 X8.86 Y-1.963 E0.02943
G1 X9.867 Y-2.613 E0.02915
G1 X10.837 Y-3.216 E0.02778
G1 X11.877 Y-3.826 E0.02932
G1 X12.881 Y-4.392 E0.02803
G1 X13.548 Y-4.75 E0.01841
G0 F12000 X12.748 Y-4.75
G1 F3600 E-1
;MESH:NONMESH
G0 F600 X12.748 Y-4.75 Z29.94
G0 F12000 X12.563 Y-4.5
G0 X-2.022 Y1.732
G0 X-2.115 Y1.634
;TIME_ELAPSED:759.730203
;LAYER:228
;note -- min layer time used
;TYPE:FILL
;MESH:bridge_3a.stl
G1 F3600 E1
G1 F2146 X-2.164 Y1.806 E0.00435
G1 X-2.138 Y2.709 E0.02197
G1 X-1.928 Y3.612 E0.02255
G1 X-1.795 Y3.92 E0.00816
G1 X0.018 Y3.92 E0.04409
G1 X1.281 Y2.733 E0.04216
G1 X2.289 Y1.832 E0.03288
G1 X3.31 Y0.961 E0.03264
G1 X4.338 Y0.118 E0.03233
G1 X5.352 Y-.665 E0.03116
G1 X6.381 Y-1.425 E0.03111
G1 X7.387 Y-2.134 E0.02993
G1 X8.415 Y-2.835 E0.03026
G1 X9.214 Y-3.348 E0.02309
G1 X9.153 Y-3.612 E0.00659
G1 X9.02 Y-3.92 E0.00816
G1 F3600 E-1
G0 F12000 X11.61 Y-4.325
;TYPE:WALL-INNER
G1 F3600 E1
G1 F2146 X4.353 Y-4.325 E0.1765
G1 X2.749 Y-3.126 E0.04871
G1 X1.629 Y-2.237 E0.03478
G1 X0.577 Y-1.362 E0.03328
G1 X-.499 Y-.42 E0.03478
G1 X-2.033 Y0.984 E0.05058
G1 X-3.038 Y1.973 E0.03429
G1 X-4.018 Y2.974 E0.03407
G1 X-4.475 Y3.459 E0.01621
G1 X-5.264 Y4.325 E0.02849
G1 X0.178 Y4.325 E0.13236
G1 X1.549 Y3.037 E0.04575
G1 X2.558 Y2.134 E0.03293
G1 X3.571 Y1.27 E0.03238
G1 X4.591 Y0.433 E0.03209
G1 X5.598 Y-.343 E0.03092
G1 X6.611 Y-1.092 E0.03064
G1 X7.619 Y-1.802 E0.02999
G1 X8.631 Y-2.493 E0.0298
G1 X9.645 Y-3.143 E0.02929
G1 X10.658 Y-3.767 E0.02894
G1 X11.61 Y-4.325 E0.02684
G1 F3600 E-1
G0 F12000 X13.23 Y-4.749
;TYPE:WALL-OUTER
G1 F3600 E1
G1 F2146 X4.214 Y-4.75 E0.21928
G1 X3.556 Y-4.267 E0.01985
G1 X2.468 Y-3.445 E0.03316
G1 X1.357 Y-2.564 E0.03449
G1 X0.297 Y-1.682 E0.03354
G1 X-.785 Y-.735 E0.03497
G1 X-1.81 Y0.195 E0.03366
G1 X-2.327 Y0.677 E0.01719
G1 X-3.341 Y1.676 E0.03462
G1 X-4.327 Y2.682 E0.03426
G1 X-4.79 Y3.173 E0.01641
G1 X-5.751 Y4.229 E0.03473
G1 X-6.208 Y4.75 E0.01686
G1 X0.366 Y4.75 E0.15989
G1 X0.828 Y4.297 E0.01574
G1 X1.833 Y3.353 E0.03354
G1 X2.833 Y2.457 E0.03266
G1 X3.841 Y1.598 E0.03221
G1 X4.851 Y0.77 E0.03176
G1 X5.851 Y-0.001 E0.03071
G1 X6.856 Y-.745 E0.03041
G1 X7.859 Y-1.451 E0.02983
G1 X8.86 Y-2.135 E0.02949
G1 X9.868 Y-2.781 E0.02912
G1 X10.873 Y-3.4 E0.02871
G1 X11.877 Y-3.991 E0.02834
G1 X13.23 Y-4.749 E0.03772
G0 F12000 X12.43 Y-4.749
G1 F3600 E-1
;MESH:NONMESH
G0 F600 X12.43 Y-4.749 Z30.07
G0 F12000 X12.274 Y-4.5
G0 X-2.136 Y1.647
G0 X-2.228 Y1.551
;TIME_ELAPSED:763.087640
;LAYER:229
;note -- min layer time used
;TYPE:FILL
;MESH:bridge_3a.stl
G1 F3600 E1
G1 F2138.3 X-2.285 Y1.806 E0.00636
G1 X-2.211 Y2.709 E0.02204
G1 X-1.962 Y3.612 E0.02278
G1 X-1.815 Y3.92 E0.0083
G1 X-.173 Y3.92 E0.03994
G1 X0.397 Y3.363 E0.01938
G1 X1.277 Y2.546 E0.0292
G1 X2.301 Y1.636 E0.03332
G1 X3.311 Y0.774 E0.03229
G1 X4.363 Y-0.082 E0.03299
G1 X5.355 Y-.847 E0.03047
G1 X6.378 Y-1.595 E0.03082
G1 X7.395 Y-2.314 E0.03029
G1 X8.409 Y-2.997 E0.02973
G1 X9.214 Y-3.512 E0.02324
G1 X9.041 Y-3.919 E0.01076
G1 F3600 E-1
G0 F12000 X11.331 Y-4.326
;TYPE:WALL-INNER
G1 F3600 E1
G1 F2138.3 X4.113 Y-4.325 E0.17555
G1 X2.634 Y-3.213 E0.045
G1 X1.529 Y-2.337 E0.0343
G1 X0.451 Y-1.441 E0.03409
G1 X-0.068 Y-.992 E0.01669
G1 X-1.125 Y-0.05 E0.03444
G1 X-2.191 Y0.945 E0.03547
G1 X-3.14 Y1.875 E0.03232
G1 X-4.118 Y2.874 E0.034
G1 X-5.066 Y3.893 E0.03385
G1 X-5.452 Y4.325 E0.01409
G1 X-0.008 Y4.325 E0.13241
G1 X0.574 Y3.756 E0.0198
G1 X1.551 Y2.843 E0.03252
G1 X2.562 Y1.946 E0.03287
G1 X3.573 Y1.084 E0.03231
G1 X4.619 Y0.233 E0.0328
G1 X5.601 Y-.525 E0.03017
G1 X6.61 Y-1.264 E0.03042
G1 X7.619 Y-1.976 E0.03004
G1 X8.635 Y-2.66 E0.02979
G1 X9.643 Y-3.308 E0.02914
G1 X10.657 Y-3.93 E0.02893
G1 X11.331 Y-4.326 E0.01901
G1 F3600 E-1
G0 F12000 X12.953 Y-4.75
;TYPE:WALL-OUTER
G1 F3600 E1
G1 F2138.3 X3.974 Y-4.75 E0.21838
G1 X3.514 Y-4.414 E0.01385
G1 X2.39 Y-3.562 E0.0343
G1 X1.257 Y-2.664 E0.03516
G1 X0.19 Y-1.777 E0.03375
G1 X-.35 Y-1.31 E0.01736
G1 X-1.414 Y-.361 E0.03468
G1 X-2.427 Y0.581 E0.03364
G1 X-3.443 Y1.578 E0.03462
G1 X-4.429 Y2.584 E0.03426
G1 X-5.383 Y3.61 E0.03407
G1 X-6.396 Y4.75 E0.03709
G1 X0.165 Y4.75 E0.15957
G1 X0.864 Y4.067 E0.02377
G1 X1.833 Y3.161 E0.03226
G1 X2.837 Y2.269 E0.03266
G1 X3.842 Y1.414 E0.03209
G1 X4.879 Y0.57 E0.03252
G1 X5.848 Y-.18 E0.0298
G1 X6.855 Y-.917 E0.03035
G1 X7.856 Y-1.624 E0.02981
G1 X8.864 Y-2.303 E0.02956
G1 X9.865 Y-2.946 E0.02894
G1 X10.873 Y-3.564 E0.02876
G1 X11.878 Y-4.155 E0.02836
G1 X12.953 Y-4.75 E0.02988
G0 F12000 X12.153 Y-4.75
G1 F3600 E-1
;MESH:NONMESH
G0 F600 X12.153 Y-4.75 Z30.2
G0 F12000 X11.983 Y-4.5
G0 X-2.275 Y1.585
G0 X-2.367 Y1.49
;TIME_ELAPSED:766.443805
;LAYER:230
;note -- min layer time used
;TYPE:FILL
;MESH:bridge_3a.stl
G1 F3600 E1
G1 F1879 X-2.414 Y1.806 E0.00777
G1 X-2.29 Y2.709 E0.02217
G1 X-2 Y3.612 E0.02307
G1 X-1.84 Y3.92 E0.00844
G1 F3600 E-1
G0 F12000 X11.029 Y-4.324
;TYPE:WALL-INNER
G1 F3600 E1
G1 F1879 X3.867 Y-4.325 E0.17419
G1 X2.536 Y-3.315 E0.04064
G1 X1.986 Y-2.882 E0.01702
G1 X0.887 Y-1.989 E0.03444
G1 X-.179 Y-1.081 E0.03406
G1 X-1.209 Y-.165 E0.03352
G1 X-2.244 Y0.804 E0.03448
G1 X-3.242 Y1.778 E0.03392
G1 X-4.219 Y2.775 E0.03395
G1 X-5.167 Y3.793 E0.03383
G1 X-5.642 Y4.324 E0.01733
G1 X-.212 Y4.325 E0.13207
G1 X0.536 Y3.593 E0.02545
G1 X1.552 Y2.65 E0.03371
G1 X2.563 Y1.757 E0.03281
G1 X3.576 Y0.898 E0.0323
G1 X4.584 Y0.084 E0.03151
G1 X5.6 Y-.696 E0.03115
G1 X6.607 Y-1.436 E0.03039
G1 X7.62 Y-2.149 E0.03013
G1 X8.635 Y-2.828 E0.0297
G1 X9.643 Y-3.476 E0.02914
G1 X11.029 Y-4.324 E0.03952
G1 F3600 E-1
G0 F12000 X12.657 Y-4.749
;TYPE:WALL-OUTER
G1 F3600 E1
G1 F1879 X3.724 Y-4.75 E0.21726
G1 X2.274 Y-3.65 E0.04427
G1 X1.718 Y-3.212 E0.01721
G1 X0.632 Y-2.331 E0.03401
G1 X-.461 Y-1.399 E0.03494
G1 X-1.515 Y-.46 E0.03433
G1 X-2.541 Y0.499 E0.03416
G1 X-3.545 Y1.481 E0.03416
G1 X-4.53 Y2.485 E0.03421
G1 X-5.483 Y3.509 E0.03402
G1 X-6.584 Y4.749 E0.04033
G1 X-0.038 Y4.75 E0.15921
G1 X0.825 Y3.904 E0.02939
G1 X1.834 Y2.968 E0.03347
G1 X2.838 Y2.081 E0.03258
G1 X3.843 Y1.229 E0.03204
G1 X4.843 Y0.421 E0.03127
G1 X5.851 Y-.354 E0.03092
G1 X6.852 Y-1.089 E0.0302
G1 X7.857 Y-1.796 E0.02989
G1 X8.864 Y-2.471 E0.02948
G1 X9.865 Y-3.114 E0.02894
G1 X10.87 Y-3.729 E0.02866
G1 X11.705 Y-4.214 E0.02349
G1 X12.657 Y-4.749 E0.02656
G0 F12000 X11.857 Y-4.749
G1 F3600 E-1
;MESH:NONMESH
G0 F600 X11.857 Y-4.749 Z30.33
G0 F12000 X11.699 Y-4.501
G0 X-2.439 Y1.548
G0 X-2.531 Y1.452
;TIME_ELAPSED:769.802628
;LAYER:231
;note -- min layer time used
;TYPE:FILL
;MESH:bridge_3a.stl
G1 F3600 E1
G1 F1872.9 X-2.553 Y1.806 E0.00863
G1 X-2.374 Y2.709 E0.02239
G1 X-2.044 Y3.612 E0.02338
G1 X-1.87 Y3.919 E0.00858
G1 F3600 E-1
G0 F12000 X10.763 Y-4.325
;TYPE:WALL-INNER
G1 F3600 E1
G1 F1872.9 X3.642 Y-4.325 E0.17319
G1 X2.477 Y-3.449 E0.03545
G1 X1.883 Y-2.984 E0.01835
G1 X0.782 Y-2.089 E0.03451
G1 X-.278 Y-1.182 E0.03393
G1 X-1.309 Y-.265 E0.03356
G1 X-2.344 Y0.703 E0.03447
G1 X-3.342 Y1.678 E0.03393
G1 X-4.319 Y2.676 E0.03397
G1 X-5.267 Y3.694 E0.03383
G1 X-5.831 Y4.325 E0.02058
G1 X-.409 Y4.324 E0.13187
G1 X0.538 Y3.395 E0.03226
G1 X1.516 Y2.494 E0.03234
G1 X2.564 Y1.568 E0.03401
G1 X3.577 Y0.713 E0.03224
G1 X4.585 Y-0.097 E0.03145
G1 X5.601 Y-.873 E0.03109
G1 X6.645 Y-1.638 E0.03148
G1 X7.623 Y-2.321 E0.02901
G1 X8.636 Y-3.001 E0.02967
G1 X9.643 Y-3.644 E0.02906
G1 X10.763 Y-4.325 E0.03188
G1 F3600 E-1
G0 F12000 X12.366 Y-4.749
;TYPE:WALL-OUTER
G1 F3600 E1
G1 F1872.9 X3.5 Y-4.75 E0.21563
G1 X2.251 Y-3.812 E0.03799
G1 X1.615 Y-3.314 E0.01965
G1 X0.506 Y-2.412 E0.03477
G1 X-.56 Y-1.5 E0.03412
G1 X-1.615 Y-.56 E0.03437
G1 X-2.641 Y0.399 E0.03416
G1 X-3.645 Y1.38 E0.03414
G1 X-4.631 Y2.386 E0.03426
G1 X-5.583 Y3.41 E0.03401
G1 X-6.781 Y4.75 E0.04372
G1 X-.235 Y4.749 E0.15921
G1 X0.826 Y3.708 E0.03615
G1 X1.798 Y2.812 E0.03215
G1 X2.838 Y1.892 E0.03377
G1 X3.843 Y1.045 E0.03197
G1 X4.844 Y0.241 E0.03123
G1 X5.852 Y-.53 E0.03087
G1 X6.888 Y-1.289 E0.03124
G1 X7.86 Y-1.968 E0.02884
G1 X8.865 Y-2.643 E0.02944
G1 X9.865 Y-3.282 E0.02886
G1 X10.87 Y-3.897 E0.02866
G1 X11.874 Y-4.479 E0.02822
G1 X12.366 Y-4.749 E0.01365
G0 F12000 X11.566 Y-4.749
G1 F3600 E-1
;MESH:NONMESH
G0 F600 X11.566 Y-4.749 Z30.46
G0 F12000 X11.413 Y-4.499
G0 X-2.626 Y1.533
G0 X-2.717 Y1.438
;TIME_ELAPSED:773.161519
;LAYER:232
;note -- min layer time used
;TYPE:FILL
;MESH:bridge_3a.stl
G1 F3600 E1
G1 F1865.3 X-2.701 Y1.806 E0.00896
G1 X-2.464 Y2.709 E0.02271
G1 X-2.092 Y3.612 E0.02375
G1 X-1.904 Y3.92 E0.00878
G1 F3600 E-1
G0 F12000 X10.488 Y-4.325
;TYPE:WALL-INNER
G1 F3600 E1
G1 F1865.3 X3.396 Y-4.325 E0.17249
G1 X2.891 Y-3.948 E0.01533
G1 X1.797 Y-3.095 E0.03374
G1 X0.682 Y-2.189 E0.03494
G1 X-.378 Y-1.282 E0.03393
G1 X-1.426 Y-.349 E0.03413
G1 X-2.444 Y0.603 E0.0339
G1 X-3.442 Y1.578 E0.03393
G1 X-4.42 Y2.576 E0.03398
G1 X-5.367 Y3.594 E0.03382
G1 X-6.021 Y4.324 E0.02384
G1 X-.618 Y4.325 E0.13141
G1 X0.538 Y3.204 E0.03916
G1 X1.55 Y2.268 E0.03353
G1 X2.445 Y1.483 E0.02895
G1 X3.576 Y0.533 E0.03592
G1 X4.591 Y-.282 E0.03166
G1 X5.601 Y-1.049 E0.03085
G1 X6.608 Y-1.785 E0.03034
G1 X7.623 Y-2.495 E0.03013
G1 X8.636 Y-3.165 E0.02954
G1 X9.643 Y-3.808 E0.02906
G1 X10.488 Y-4.325 E0.02409
G1 F3600 E-1
G0 F12000 X12.071 Y-4.75
;TYPE:WALL-OUTER
G1 F3600 E1
G1 F1865.3 X3.255 Y-4.75 E0.21442
G1 X2.63 Y-4.283 E0.01898
G1 X1.514 Y-3.412 E0.03443
G1 X0.406 Y-2.512 E0.03472
G1 X-.66 Y-1.6 E0.03412
G1 X-1.716 Y-.66 E0.03438
G1 X-2.741 Y0.299 E0.03414
G1 X-3.745 Y1.281 E0.03416
G1 X-4.719 Y2.273 E0.03381
G1 X-5.683 Y3.31 E0.03444
G1 X-6.62 Y4.358 E0.03419
G1 X-6.954 Y4.75 E0.01253
G1 X-.446 Y4.75 E0.15828
G1 X0.826 Y3.516 E0.0431
G1 X1.831 Y2.588 E0.03327
G1 X2.719 Y1.808 E0.02875
G1 X3.843 Y0.865 E0.03568
G1 X4.848 Y0.056 E0.03138
G1 X5.852 Y-.706 E0.03066
G1 X6.852 Y-1.437 E0.03013
G1 X7.858 Y-2.141 E0.02986
G1 X8.865 Y-2.807 E0.02936
G1 X9.865 Y-3.446 E0.02886
G1 X10.87 Y-4.061 E0.02866
G1 X12.071 Y-4.75 E0.03368
G0 F12000 X11.271 Y-4.75
G1 F3600 E-1
;MESH:NONMESH
G0 F600 X11.271 Y-4.75 Z30.59
G0 F12000 X11.132 Y-4.5
G0 X0.752 Y-1.726
G0 X0.666 Y-1.828
;TIME_ELAPSED:776.499533
;LAYER:233
;note -- min layer time used
;TYPE:FILL
;MESH:bridge_3a.stl
G1 F3600 E1
G1 F1947.4 X-.212 Y-1.076 E0.02812
G1 X-1.207 Y-.187 E0.03245
G1 X-2.257 Y0.789 E0.03487
G1 X-2.927 Y1.445 E0.02281
G1 X-2.861 Y1.806 E0.00893
G1 X-2.561 Y2.709 E0.02314
G1 X-2.146 Y3.612 E0.02417
G1 X-1.944 Y3.92 E0.00896
G1 F3600 E-1
G0 F12000 X10.221 Y-4.325
;TYPE:WALL-INNER
G1 F3600 E1
G1 F1947.4 X3.143 Y-4.325 E0.17215
G1 X1.683 Y-3.184 E0.04507
G1 X0.582 Y-2.289 E0.03451
G1 X-.479 Y-1.381 E0.03396
G1 X-1.469 Y-.497 E0.03228
G1 X-2.53 Y0.489 E0.03523
G1 X-3.535 Y1.471 E0.03417
G1 X-4.52 Y2.477 E0.03424
G1 X-5.436 Y3.459 E0.03266
G1 X-6.209 Y4.324 E0.02821
G1 X-.823 Y4.325 E0.131
G1 X0.539 Y3.006 E0.04611
G1 X1.552 Y2.079 E0.0334
G1 X2.565 Y1.195 E0.0327
G1 X3.462 Y0.44 E0.02852
G1 X4.593 Y-.463 E0.0352
G1 X5.601 Y-1.226 E0.03075
G1 X6.612 Y-1.964 E0.03044
G1 X7.472 Y-2.557 E0.02541
G1 X8.639 Y-3.339 E0.03417
G1 X9.648 Y-3.977 E0.02903
G1 X10.221 Y-4.325 E0.01631
G1 F3600 E-1
G0 F12000 X11.784 Y-4.75
;TYPE:WALL-OUTER
G1 F3600 E1
G1 F1947.4 X3.019 Y-4.75 E0.21318
G1 X2.561 Y-4.409 E0.01389
G1 X1.415 Y-3.514 E0.03537
G1 X0.306 Y-2.612 E0.03477
G1 X-.762 Y-1.698 E0.03419
G1 X-1.755 Y-.811 E0.03238
G1 X-2.843 Y0.201 E0.03614
G1 X-3.838 Y1.173 E0.03383
G1 X-4.819 Y2.173 E0.03407
G1 X-5.752 Y3.175 E0.0333
G1 X-6.721 Y4.259 E0.03536
G1 X-7.141 Y4.749 E0.0157
G1 X-.633 Y4.75 E0.15828
G1 X-.174 Y4.288 E0.01584
G1 X0.827 Y3.319 E0.03388
G1 X1.831 Y2.399 E0.03312
G1 X2.838 Y1.52 E0.03251
G1 X3.727 Y0.772 E0.02826
G1 X4.849 Y-.124 E0.03492
G1 X5.852 Y-.882 E0.03058
G1 X6.854 Y-1.614 E0.03018
G1 X7.708 Y-2.204 E0.02525
G1 X8.866 Y-2.98 E0.0339
G1 X9.869 Y-3.614 E0.02886
G1 X10.859 Y-4.217 E0.02819
G1 X11.784 Y-4.75 E0.02596
G0 F12000 X10.984 Y-4.75
G1 F3600 E-1
;MESH:NONMESH
G0 F600 X10.984 Y-4.75 Z30.72
G0 F12000 X10.849 Y-4.5
G0 X1.647 Y-2.644
G0 X1.564 Y-2.747
;TIME_ELAPSED:779.856445
;LAYER:234
;note -- min layer time used
;TYPE:FILL
;MESH:bridge_3a.stl
G1 F3600 E1
G1 F1968.1 X0.903 Y-2.045 E0.02345
G1 X0.00 Y-1.424 E0.02665
G1 X-0.057 Y-1.396 E0.00154
G1 X-.849 Y-.706 E0.02555
G1 X-1.873 Y0.232 E0.03377
G1 X-3.174 Y1.472 E0.04371
G1 X-2.709 Y2.607 E0.02983
G1 X-1.974 Y3.92 E0.0366
G1 F3600 E-1
G0 F12000 X9.946 Y-4.325
;TYPE:WALL-INNER
G1 F3600 E1
G1 F1968.1 X2.924 Y-4.325 E0.17079
G1 X1.593 Y-3.295 E0.04093
G1 X0.521 Y-2.424 E0.03359
G1 X-0.037 Y-1.951 E0.01779
G1 X-1.123 Y-1.006 E0.03501
G1 X-2.146 Y-0.067 E0.03377
G1 X-3.152 Y0.891 E0.03379
G1 X-4.135 Y1.876 E0.03385
G1 X-5.097 Y2.881 E0.03384
G1 X-6.036 Y3.911 E0.0339
G1 X-6.394 Y4.325 E0.01331
G1 X-1.009 Y4.325 E0.13097
G1 X-.447 Y3.759 E0.0194
G1 X0.533 Y2.823 E0.03296
G1 X1.552 Y1.891 E0.03359
G1 X2.568 Y1.004 E0.0328
G1 X3.577 Y0.166 E0.0319
G1 X4.582 Y-.626 E0.03112
G1 X5.603 Y-1.403 E0.03121
G1 X6.615 Y-2.135 E0.03038
G1 X7.625 Y-2.834 E0.02987
G1 X8.636 Y-3.508 E0.02955
G1 X9.946 Y-4.325 E0.03755
G1 F3600 E-1
G0 F12000 X11.503 Y-4.75
;TYPE:WALL-OUTER
G1 F3600 E1
G1 F1968.1 X2.767 Y-4.75 E0.21247
G1 X1.31 Y-3.612 E0.04496
G1 X0.247 Y-2.749 E0.0333
G1 X-.316 Y-2.272 E0.01795
G1 X-1.41 Y-1.32 E0.03527
G1 X-2.48 Y-.337 E0.03534
G1 X-3.452 Y0.59 E0.03267
G1 X-4.442 Y1.581 E0.03407
G1 X-5.411 Y2.594 E0.03409
G1 X-6.358 Y3.633 E0.03419
G1 X-7.322 Y4.75 E0.03589
G1 X-.832 Y4.75 E0.15785
G1 X-.153 Y4.067 E0.02342
G1 X0.841 Y3.118 E0.03342
G1 X1.831 Y2.211 E0.03266
G1 X2.84 Y1.331 E0.03256
G1 X3.841 Y0.499 E0.03166
G1 X4.848 Y-.295 E0.03119
G1 X5.853 Y-1.059 E0.0307
G1 X6.857 Y-1.786 E0.03015
G1 X7.861 Y-2.481 E0.0297
G1 X8.862 Y-3.148 E0.02926
G1 X9.87 Y-3.782 E0.02896
G1 X10.871 Y-4.39 E0.02848
G1 X11.503 Y-4.75 E0.01769
G0 F12000 X10.703 Y-4.75
G1 F3600 E-1
;MESH:NONMESH
G0 F600 X10.703 Y-4.75 Z30.85
G0 F12000 X10.57 Y-4.499
G0 X-.264 Y-1.226
G0 X-.35 Y-1.326
;TIME_ELAPSED:783.230647
;LAYER:235
;note -- min layer time used
;TYPE:FILL
;MESH:bridge_3a.stl
G1 F3600 E1
G1 F2294.5 X0.00 Y-1.482 E0.00932
G1 X0.903 Y-2.062 E0.0261
G1 X1.806 Y-2.956 E0.0309
G1 X2.016 Y-3.289 E0.00958
G1 X2.83 Y-3.919 E0.02503
G1 X7.572 Y-3.919 E0.11533
G1 X7.689 Y-3.533 E0.00981
G1 X6.38 Y-2.642 E0.03851
G1 X5.319 Y-1.874 E0.03186
G1 X4.344 Y-1.134 E0.02977
G1 X3.325 Y-.331 E0.03155
G1 X2.31 Y0.504 E0.03197
G1 X1.281 Y1.397 E0.03314
G1 X0.253 Y2.331 E0.03378
G1 X-.753 Y3.297 E0.03392
G1 X-1.372 Y3.92 E0.02136
G1 X-2.025 Y3.92 E0.01588
G1 X-2.709 Y2.835 E0.03119
G1 X-3.41 Y1.521 E0.03622
G1 F3600 E-1
G0 F12000 X9.67 Y-4.324
;TYPE:WALL-INNER
G1 F3600 E1
G1 F2294.5 X2.694 Y-4.324 E0.16967
G1 X1.479 Y-3.386 E0.03733
G1 X0.935 Y-2.946 E0.01702
G1 X-.113 Y-2.068 E0.03325
G1 X-1.211 Y-1.117 E0.03533
G1 X-2.236 Y-.178 E0.03381
G1 X-3.236 Y0.775 E0.0336
G1 X-4.236 Y1.776 E0.03441
G1 X-5.191 Y2.773 E0.03358
G1 X-6.137 Y3.812 E0.03418
G1 X-6.584 Y4.325 E0.01655
G1 X-1.205 Y4.325 E0.13083
G1 X-.468 Y3.584 E0.02542
G1 X0.528 Y2.628 E0.03358
G1 X1.553 Y1.698 E0.03366
G1 X2.566 Y0.819 E0.03262
G1 X3.582 Y-0.019 E0.03203
G1 X4.592 Y-.815 E0.03128
G1 X5.555 Y-1.543 E0.02936
G1 X6.617 Y-2.313 E0.0319
G1 X7.627 Y-3.007 E0.0298
G1 X8.636 Y-3.676 E0.02944
G1 X9.67 Y-4.324 E0.02968
G1 F3600 E-1
G0 F12000 X11.221 Y-4.75
;TYPE:WALL-OUTER
G1 F3600 E1
G1 F2294.5 X2.549 Y-4.749 E0.21092
G1 X1.212 Y-3.717 E0.04108
G1 X0.662 Y-3.272 E0.01721
G1 X-.362 Y-2.415 E0.03248
G1 X-1.498 Y-1.431 E0.03655
G1 X-2.529 Y-.485 E0.03403
G1 X-3.57 Y0.508 E0.03499
G1 X-4.543 Y1.482 E0.03348
G1 X-5.501 Y2.483 E0.0337
G1 X-6.458 Y3.533 E0.03455
G1 X-7.513 Y4.75 E0.03917
G1 X-1.028 Y4.75 E0.15772
G1 X-.174 Y3.891 E0.02946
G1 X0.827 Y2.93 E0.03375
G1 X1.832 Y2.019 E0.03299
G1 X2.836 Y1.147 E0.03234
G1 X3.845 Y0.315 E0.03181
G1 X4.849 Y-.476 E0.03109
G1 X5.805 Y-1.199 E0.02915
G1 X6.858 Y-1.962 E0.03163
G1 X7.861 Y-2.653 E0.02962
G1 X8.862 Y-3.316 E0.0292
G1 X9.867 Y-3.947 E0.02886
G1 X11.221 Y-4.75 E0.03829
G0 F12000 X10.421 Y-4.75
G1 F3600 E-1
;MESH:NONMESH
G0 F600 X10.421 Y-4.75 Z30.98
G0 F12000 X10.297 Y-4.499
G0 X8.204 Y-3.181
G0 X-2.083 Y3.92
;TIME_ELAPSED:786.621429
;LAYER:236
;note -- min layer time used
;TYPE:FILL
;MESH:bridge_3a.stl
G1 F3600 E1
G1 F1988.2 X-2.709 Y3.022 E0.02662
G1 X-3.623 Y1.535 E0.04245
G1 X-3.072 Y0.985 E0.01893
G1 X-2.063 Y0.021 E0.03394
G1 X-1.041 Y-.915 E0.03371
G1 X-.612 Y-1.29 E0.01386
G1 X0.00 Y-1.534 E0.01602
G1 X0.903 Y-2.073 E0.02558
G1 X1.806 Y-2.906 E0.02988
G1 X2.419 Y-3.785 E0.02606
G1 F3600 E-1
G0 F12000 X9.401 Y-4.324
;TYPE:WALL-INNER
G1 F3600 E1
G1 F1988.2 X2.457 Y-4.325 E0.16889
G1 X1.9 Y-3.897 E0.01708
G1 X0.826 Y-3.042 E0.03339
G1 X-.249 Y-2.144 E0.03407
G1 X-1.307 Y-1.22 E0.03416
G1 X-2.336 Y-.278 E0.03393
G1 X-3.351 Y0.691 E0.03413
G1 X-4.336 Y1.676 E0.03388
G1 X-5.29 Y2.673 E0.03356
G1 X-6.238 Y3.713 E0.03423
G1 X-6.773 Y4.325 E0.01977
G1 X-1.405 Y4.325 E0.13056
G1 X-.466 Y3.383 E0.03235
G1 X0.5 Y2.462 E0.03246
G1 X1.557 Y1.51 E0.0346
G1 X2.566 Y0.635 E0.03248
G1 X3.583 Y-.204 E0.03207
G1 X4.591 Y-.993 E0.03113
G1 X5.604 Y-1.751 E0.03077
G1 X6.617 Y-2.485 E0.03043
G1 X7.628 Y-3.18 E0.02984
G1 X8.636 Y-3.844 E0.02936
G1 X9.401 Y-4.324 E0.02197
G1 F3600 E-1
G0 F12000 X10.927 Y-4.749
;TYPE:WALL-OUTER
G1 F3600 E1
G1 F1988.2 X2.313 Y-4.75 E0.20951
G1 X1.636 Y-4.23 E0.02076
G1 X0.574 Y-3.386 E0.03299
G1 X-.528 Y-2.464 E0.03495
G1 X-1.594 Y-1.534 E0.03441
G1 X-2.629 Y-.585 E0.03415
G1 X-3.652 Y0.39 E0.03437
G1 X-4.643 Y1.382 E0.0341
G1 X-5.601 Y2.383 E0.0337
G1 X-6.558 Y3.433 E0.03455
G1 X-7.699 Y4.75 E0.04238
G1 X-1.228 Y4.75 E0.15738
G1 X-.173 Y3.691 E0.03636
G1 X0.784 Y2.778 E0.03217
G1 X1.836 Y1.831 E0.03443
G1 X2.836 Y0.963 E0.03221
G1 X3.845 Y0.131 E0.03181
G1 X4.846 Y-.653 E0.03092
G1 X5.853 Y-1.407 E0.0306
G1 X6.858 Y-2.134 E0.03017
G1 X7.862 Y-2.825 E0.02964
G1 X8.862 Y-3.484 E0.02913
G1 X9.867 Y-4.115 E0.02886
G1 X10.927 Y-4.749 E0.03004
G0 F12000 X10.127 Y-4.749
G1 F3600 E-1
;MESH:NONMESH
G0 F600 X10.127 Y-4.749 Z31.11
G0 F12000 X10.02 Y-4.499
G0 X-.741 Y-1.186
G0 X-.828 Y-1.288
;TIME_ELAPSED:789.967230
;LAYER:237
;note -- min layer time used
;TYPE:FILL
;MESH:bridge_3a.stl
G1 F3600 E1
G1 F2277.9 X0.00 Y-1.581 E0.02136
G1 X0.903 Y-2.08 E0.02509
G1 X1.806 Y-2.856 E0.02896
G1 X2.617 Y-3.92 E0.03254
G1 X7.074 Y-3.919 E0.1084
G1 X7.192 Y-3.539 E0.00968
G1 X6.242 Y-2.886 E0.02804
G1 X5.369 Y-2.257 E0.02617
G1 X4.345 Y-1.494 E0.03106
G1 X3.336 Y-.706 E0.03114
G1 X2.38 Y0.075 E0.03002
G1 X1.293 Y1.01 E0.03487
G1 X0.266 Y1.939 E0.03368
G1 X-.747 Y2.895 E0.03388
G1 X-1.778 Y3.92 E0.03536
G1 X-2.148 Y3.92 E0.009
G1 X-2.709 Y3.184 E0.02251
G1 X-3.612 Y1.842 E0.03934
G1 X-3.909 Y1.623 E0.00897
G1 F3600 E-1
G0 F12000 X9.139 Y-4.324
;TYPE:WALL-INNER
G1 F3600 E1
G1 F2277.9 X2.223 Y-4.325 E0.16821
G1 X0.726 Y-3.142 E0.04641
G1 X-.349 Y-2.244 E0.03407
G1 X-1.406 Y-1.321 E0.03413
G1 X-2.436 Y-.378 E0.03396
G1 X-3.452 Y0.591 E0.03415
G1 X-4.437 Y1.577 E0.0339
G1 X-5.391 Y2.573 E0.03354
G1 X-6.338 Y3.613 E0.03421
G1 X-6.96 Y4.324 E0.02298
G1 X-1.611 Y4.325 E0.1301
G1 X-.464 Y3.185 E0.03933
G1 X0.543 Y2.235 E0.03367
G1 X1.555 Y1.32 E0.03318
G1 X2.535 Y0.478 E0.03142
G1 X3.583 Y-.384 E0.033
G1 X4.592 Y-1.174 E0.03117
G1 X5.605 Y-1.928 E0.03071
G1 X6.477 Y-2.557 E0.02615
G1 X7.628 Y-3.348 E0.03397
G1 X8.639 Y-4.013 E0.02943
G1 X9.139 Y-4.324 E0.01432
G1 F3600 E-1
G0 F12000 X10.667 Y-4.751
;TYPE:WALL-OUTER
G1 F3600 E1
G1 F2277.9 X2.078 Y-4.75 E0.2089
G1 X1.577 Y-4.363 E0.0154
G1 X0.474 Y-3.486 E0.03427
G1 X-.628 Y-2.564 E0.03495
G1 X-1.693 Y-1.635 E0.03437
G1 X-2.729 Y-.685 E0.03419
G1 X-3.752 Y0.29 E0.03437
G1 X-4.744 Y1.283 E0.03414
G1 X-5.712 Y2.295 E0.03406
G1 X-6.653 Y3.327 E0.03397
G1 X-7.894 Y4.75 E0.04592
G1 X-1.436 Y4.75 E0.15707
G1 X-.172 Y3.494 E0.04334
G1 X0.828 Y2.55 E0.03345
G1 X1.832 Y1.642 E0.03292
G1 X2.805 Y0.806 E0.0312
G1 X3.845 Y-0.049 E0.03274
G1 X4.846 Y-.833 E0.03092
G1 X5.853 Y-1.583 E0.03054
G1 X6.718 Y-2.206 E0.02593
G1 X7.862 Y-2.993 E0.03377
G1 X8.863 Y-3.653 E0.02916
G1 X9.896 Y-4.296 E0.02959
G1 X10.667 Y-4.751 E0.02177
G0 F12000 X9.867 Y-4.751
G1 F3600 E-1
;MESH:NONMESH
G0 F600 X9.867 Y-4.751 Z31.24
G0 F12000 X9.746 Y-4.499
G0 X-.901 Y-1.234
G0 X-.988 Y-1.335
;TIME_ELAPSED:793.346735
;LAYER:238
;note -- min layer time used
;TYPE:FILL
;MESH:bridge_3a.stl
G1 F3600 E1
G1 F2265.8 X-.903 Y-1.345 E0.00208
G1 X0.00 Y-1.623 E0.02298
G1 X0.903 Y-2.082 E0.02464
G1 X1.806 Y-2.804 E0.02812
G1 X2.727 Y-3.92 E0.03519
G1 X6.821 Y-3.92 E0.09957
G1 X6.939 Y-3.54 E0.00968
G1 X6.39 Y-3.164 E0.01618
G1 X5.368 Y-2.436 E0.03052
G1 X4.344 Y-1.674 E0.03104
G1 X3.295 Y-.853 E0.0324
G1 X2.342 Y-0.076 E0.02991
G1 X1.29 Y0.829 E0.03375
G1 X0.27 Y1.739 E0.03325
G1 X-.747 Y2.699 E0.03401
G1 X-1.983 Y3.92 E0.04226
G1 X-2.22 Y3.92 E0.00576
G1 X-2.709 Y3.329 E0.01866
G1 X-3.612 Y2.088 E0.03733
G1 X-4.153 Y1.669 E0.01664
G1 F3600 E-1
G0 F12000 X8.881 Y-4.325
;TYPE:WALL-INNER
G1 F3600 E1
G1 F2265.8 X1.992 Y-4.325 E0.16755
G1 X0.626 Y-3.242 E0.0424
G1 X-.449 Y-2.344 E0.03407
G1 X-1.506 Y-1.421 E0.03413
G1 X-3.043 Y0.006 E0.05101
G1 X-4.047 Y0.983 E0.03407
G1 X-5.022 Y1.977 E0.03386
G1 X-5.478 Y2.462 E0.01619
G1 X-6.439 Y3.514 E0.03465
G1 X-7.147 Y4.324 E0.02617
G1 X-1.817 Y4.325 E0.12963
G1 X-.464 Y2.989 E0.04625
G1 X0.546 Y2.036 E0.03377
G1 X1.559 Y1.132 E0.03302
G1 X2.605 Y0.232 E0.03356
G1 X3.543 Y-.532 E0.02942
G1 X4.592 Y-1.354 E0.03241
G1 X5.608 Y-2.11 E0.0308
G1 X6.618 Y-2.83 E0.03017
G1 X7.618 Y-3.514 E0.02947
G1 X8.881 Y-4.325 E0.03651
G1 F3600 E-1
G0 F12000 X10.389 Y-4.75
;TYPE:WALL-OUTER
G1 F3600 E1
G1 F2265.8 X1.846 Y-4.75 E0.20778
G1 X0.354 Y-3.569 E0.04628
G1 X-.688 Y-2.7 E0.033
G1 X-1.793 Y-1.735 E0.03568
G1 X-3.339 Y-.298 E0.05134
G1 X-4.331 Y0.666 E0.03364
G1 X-5.331 Y1.685 E0.03472
G1 X-5.792 Y2.175 E0.01636
G1 X-6.759 Y3.234 E0.03488
G1 X-7.682 Y4.292 E0.03415
G1 X-8.066 Y4.749 E0.01452
G1 X-1.622 Y4.75 E0.15673
G1 X-1.176 Y4.29 E0.01558
G1 X-.172 Y3.298 E0.03433
G1 X0.829 Y2.353 E0.03348
G1 X1.836 Y1.454 E0.03283
G1 X2.874 Y0.562 E0.03329
G1 X3.805 Y-.197 E0.02921
G1 X4.846 Y-1.013 E0.03217
G1 X5.854 Y-1.764 E0.03057
G1 X6.858 Y-2.479 E0.02998
G1 X7.864 Y-3.166 E0.02963
G1 X8.867 Y-3.816 E0.02907
G1 X9.872 Y-4.444 E0.02882
G1 X10.389 Y-4.75 E0.01461
G0 F12000 X9.589 Y-4.75
G1 F3600 E-1
;MESH:NONMESH
G0 F600 X9.589 Y-4.75 Z31.37
G0 F12000 X9.477 Y-4.498
G0 X6.983 Y-2.874
G0 X-2.3 Y3.92
;TIME_ELAPSED:796.735401
;LAYER:239
;note -- min layer time used
;TYPE:FILL
;MESH:bridge_3a.stl
G1 F3600 E1
G1 F1994 X-2.709 Y3.463 E0.01492
G1 X-3.612 Y2.301 E0.03579
G1 X-4.372 Y1.691 E0.0237
G1 X-3.865 Y1.173 E0.01763
G1 X-2.854 Y0.19 E0.0343
G1 X-1.878 Y-.727 E0.03257
G1 X-1.118 Y-1.407 E0.0248
G1 X-.903 Y-1.422 E0.00524
G1 X0.00 Y-1.66 E0.02271
G1 X0.903 Y-2.079 E0.02421
G1 X1.806 Y-2.751 E0.02738
G1 X2.709 Y-3.761 E0.03295
G1 X2.832 Y-3.92 E0.00489
G1 F3600 E-1
G0 F12000 X8.609 Y-4.324
;TYPE:WALL-INNER
G1 F3600 E1
G1 F1994 X1.764 Y-4.325 E0.16648
G1 X0.525 Y-3.341 E0.03848
G1 X-1.081 Y-1.984 E0.05114
G1 X-2.155 Y-1.022 E0.03507
G1 X-3.226 Y-0.013 E0.03579
G1 X-4.147 Y0.883 E0.03125
G1 X-5.124 Y1.88 E0.03395
G1 X-6.07 Y2.897 E0.03378
G1 X-7.336 Y4.325 E0.04641
G1 X-1.998 Y4.325 E0.12983
G1 X-1.446 Y3.758 E0.01925
G1 X-.424 Y2.755 E0.03483
G1 X0.549 Y1.845 E0.0324
G1 X1.558 Y0.942 E0.03293
G1 X2.574 Y0.075 E0.03248
G1 X3.58 Y-.741 E0.0315
G1 X4.594 Y-1.531 E0.03126
G1 X5.608 Y-2.282 E0.03069
G1 X6.62 Y-3.003 E0.03022
G1 X7.632 Y-3.691 E0.02976
G1 X8.609 Y-4.324 E0.02831
G1 F3600 E-1
G0 F12000 X10.107 Y-4.75
;TYPE:WALL-OUTER
G1 F3600 E1
G1 F1994 X1.616 Y-4.75 E0.20651
G1 X0.253 Y-3.668 E0.04233
G1 X-1.364 Y-2.301 E0.0515
G1 X-2.446 Y-1.332 E0.03533
G1 X-3.423 Y-.415 E0.03259
G1 X-4.431 Y0.566 E0.03421
G1 X-5.435 Y1.59 E0.03488
G1 X-6.386 Y2.612 E0.03395
G1 X-6.888 Y3.171 E0.01827
G1 X-7.784 Y4.194 E0.03307
G1 X-8.249 Y4.75 E0.01763
G1 X-1.818 Y4.75 E0.15641
G1 X-1.148 Y4.061 E0.02337
G1 X-.134 Y3.066 E0.03455
G1 X0.833 Y2.161 E0.03221
G1 X1.833 Y1.265 E0.03266
G1 X2.842 Y0.405 E0.03224
G1 X3.842 Y-.406 E0.03131
G1 X4.847 Y-1.189 E0.03099
G1 X5.854 Y-1.936 E0.03049
G1 X6.859 Y-2.651 E0.03
G1 X7.863 Y-3.334 E0.02953
G1 X8.867 Y-3.985 E0.0291
G1 X10.107 Y-4.75 E0.03544
G0 F12000 X9.307 Y-4.75
G1 F3600 E-1
;MESH:NONMESH
G0 F600 X9.307 Y-4.75 Z31.5
G0 F12000 X9.21 Y-4.498
G0 X6.707 Y-2.867
G0 X-2.389 Y3.92
;TIME_ELAPSED:800.091567
;LAYER:240
;note -- min layer time used
;TYPE:FILL
;MESH:bridge_3a.stl
G1 F3600 E1
G1 F1995.1 X-2.709 Y3.587 E0.01123
G1 X-3.612 Y2.49 E0.03456
G1 X-4.515 Y1.748 E0.02843
G1 X-4.601 Y1.722 E0.00219
G1 X-3.979 Y1.087 E0.02162
G1 X-2.964 Y0.101 E0.03442
G1 X-1.956 Y-.847 E0.03365
G1 X-1.238 Y-1.489 E0.02343
G1 X-.903 Y-1.494 E0.00815
G1 X0.00 Y-1.692 E0.02248
G1 X0.903 Y-2.073 E0.02384
G1 X1.806 Y-2.696 E0.02668
G1 X2.709 Y-3.637 E0.03172
G1 X2.942 Y-3.92 E0.00892
G1 F3600 E-1
G0 F12000 X8.351 Y-4.325
;TYPE:WALL-INNER
G1 F3600 E1
G1 F1995.1 X1.533 Y-4.325 E0.16582
G1 X0.428 Y-3.444 E0.03437
G1 X-.102 Y-3.004 E0.01675
G1 X-1.18 Y-2.084 E0.03447
G1 X-2.225 Y-1.15 E0.03409
G1 X-3.241 Y-.195 E0.03391
G1 X-4.261 Y0.797 E0.03461
G1 X-5.225 Y1.781 E0.0335
G1 X-6.171 Y2.798 E0.03378
G1 X-7.101 Y3.839 E0.03395
G1 X-7.516 Y4.324 E0.01552
G1 X-2.193 Y4.325 E0.12946
G1 X-1.46 Y3.572 E0.02556
G1 X-.436 Y2.569 E0.03486
G1 X0.551 Y1.651 E0.03278
G1 X1.562 Y0.754 E0.03287
G1 X2.574 Y-.109 E0.03235
G1 X3.582 Y-.926 E0.03156
G1 X4.376 Y-1.542 E0.02444
G1 X5.609 Y-2.459 E0.03737
G1 X6.621 Y-3.175 E0.03015
G1 X7.666 Y-3.884 E0.03071
G1 X8.351 Y-4.325 E0.01981
G1 F3600 E-1
G0 F12000 X9.832 Y-4.75
;TYPE:WALL-OUTER
G1 F3600 E1
G1 F1995.1 X1.384 Y-4.75 E0.20547
G1 X0.156 Y-3.771 E0.0382
G1 X-1.463 Y-2.401 E0.05158
G1 X-2.515 Y-1.46 E0.03433
G1 X-3.523 Y-.515 E0.0336
G1 X-4.564 Y0.5 E0.03536
G1 X-5.536 Y1.491 E0.03376
G1 X-6.487 Y2.514 E0.03397
G1 X-7.424 Y3.562 E0.03419
G1 X-8.436 Y4.749 E0.03794
G1 X-2.014 Y4.75 E0.15619
G1 X-1.162 Y3.876 E0.02969
G1 X-.147 Y2.88 E0.03459
G1 X0.834 Y1.969 E0.03256
G1 X1.837 Y1.077 E0.03265
G1 X2.842 Y0.221 E0.03211
G1 X3.842 Y-.59 E0.03131
G1 X4.63 Y-1.201 E0.02425
G1 X5.855 Y-2.113 E0.03714
G1 X6.859 Y-2.823 E0.02991
G1 X7.896 Y-3.527 E0.03048
G1 X8.868 Y-4.153 E0.02812
G1 X9.832 Y-4.75 E0.02758
G0 F12000 X9.032 Y-4.75
G1 F3600 E-1
;MESH:NONMESH
G0 F600 X9.032 Y-4.75 Z31.63
G0 F12000 X8.861 Y-4.475
G0 X6.014 Y-2.54
G0 X-2.526 Y3.885
;TIME_ELAPSED:803.445094
;LAYER:241
;note -- min layer time used
;TYPE:FILL
;MESH:bridge_3a.stl
G1 F3600 E1
G1 F1997.3 X-2.709 Y3.706 E0.00623
G1 X-3.612 Y2.661 E0.03359
G1 X-4.515 Y1.907 E0.02861
G1 X-4.861 Y1.785 E0.00892
G1 X-4.064 Y0.974 E0.02766
G1 X-3.058 Y-0.004 E0.03412
G1 X-2.048 Y-.955 E0.03374
G1 X-1.354 Y-1.576 E0.02265
G1 X-.903 Y-1.561 E0.01098
G1 X0.00 Y-1.721 E0.0223
G1 X0.903 Y-2.062 E0.02348
G1 X1.806 Y-2.639 E0.02606
G1 X2.709 Y-3.518 E0.03065
G1 X3.056 Y-3.92 E0.01292
G1 F3600 E-1
G0 F12000 X8.09 Y-4.325
;TYPE:WALL-INNER
G1 F3600 E1
G1 F1997.3 X1.299 Y-4.325 E0.16517
G1 X0.883 Y-3.995 E0.01291
G1 X-.207 Y-3.099 E0.03432
G1 X-1.281 Y-2.184 E0.03432
G1 X-2.325 Y-1.25 E0.03407
G1 X-3.341 Y-.295 E0.03391
G1 X-4.347 Y0.683 E0.03412
G1 X-5.325 Y1.681 E0.03398
G1 X-6.259 Y2.684 E0.03333
G1 X-7.202 Y3.736 E0.03436
G1 X-7.704 Y4.325 E0.01882
G1 X-2.389 Y4.325 E0.12927
G1 X-1.471 Y3.383 E0.03199
G1 X-.46 Y2.401 E0.03428
G1 X0.515 Y1.495 E0.03237
G1 X1.563 Y0.565 E0.03408
G1 X2.577 Y-.295 E0.03234
G1 X3.582 Y-1.102 E0.03135
G1 X4.596 Y-1.889 E0.03122
G1 X5.609 Y-2.63 E0.03053
G1 X6.604 Y-3.339 E0.02972
G1 X7.634 Y-4.032 E0.03019
G1 X8.09 Y-4.325 E0.01318
G1 F3600 E-1
G0 F12000 X9.57 Y-4.75
;TYPE:WALL-OUTER
G1 F3600 E1
G1 F1997.3 X1.151 Y-4.75 E0.20476
G1 X0.614 Y-4.323 E0.01669
G1 X-.482 Y-3.423 E0.03449
G1 X-1.564 Y-2.501 E0.03457
G1 X-2.615 Y-1.56 E0.03431
G1 X-3.623 Y-.615 E0.0336
G1 X-4.631 Y0.366 E0.03421
G1 X-5.619 Y1.373 E0.03431
G1 X-6.587 Y2.414 E0.03457
G1 X-7.525 Y3.46 E0.03417
G1 X-8.619 Y4.75 E0.04114
G1 X-2.21 Y4.75 E0.15588
G1 X-1.175 Y3.688 E0.03607
G1 X-.171 Y2.712 E0.03406
G1 X0.797 Y1.813 E0.03213
G1 X1.838 Y0.889 E0.03385
G1 X2.843 Y0.037 E0.03204
G1 X3.842 Y-.766 E0.03117
G1 X4.848 Y-1.546 E0.03096
G1 X5.855 Y-2.284 E0.03036
G1 X6.856 Y-2.996 E0.02988
G1 X7.864 Y-3.675 E0.02956
G1 X8.869 Y-4.322 E0.02907
G1 X9.57 Y-4.75 E0.01998
G0 F12000 X8.77 Y-4.75
G1 F3600 E-1
;MESH:NONMESH
G0 F600 X8.77 Y-4.75 Z31.76
G0 F12000 X8.672 Y-4.496
G0 X-1.374 Y-1.569
G0 X-1.462 Y-1.668
;TIME_ELAPSED:806.789785
;LAYER:242
;note -- min layer time used
;TYPE:FILL
;MESH:bridge_3a.stl
G1 F3600 E1
G1 F2218 X-.903 Y-1.623 E0.01364
G1 X0.00 Y-1.745 E0.02216
G1 X0.903 Y-2.048 E0.02317
G1 X1.806 Y-2.581 E0.0255
G1 X2.709 Y-3.404 E0.02972
G1 X3.175 Y-3.92 E0.01691
G1 X5.83 Y-3.92 E0.06457
G1 X5.95 Y-3.544 E0.0096
G1 X5.371 Y-3.134 E0.01726
G1 X4.354 Y-2.386 E0.0307
G1 X3.339 Y-1.606 E0.03113
G1 X2.325 Y-.791 E0.03164
G1 X1.177 Y0.18 E0.03657
G1 X0.281 Y0.97 E0.02905
G1 X-.633 Y1.809 E0.03018
G1 X-1.759 Y2.898 E0.0381
G1 X-2.681 Y3.846 E0.03216
G1 X-3.612 Y2.82 E0.0337
G1 X-4.515 Y2.055 E0.02878
G1 X-5.096 Y1.823 E0.01522
G1 F3600 E-1
G0 F12000 X7.826 Y-4.324
;TYPE:WALL-INNER
G1 F3600 E1
G1 F2218 X1.072 Y-4.325 E0.16427
G1 X-.307 Y-3.199 E0.0433
G1 X-1.381 Y-2.284 E0.03432
G1 X-2.425 Y-1.35 E0.03407
G1 X-3.441 Y-.395 E0.03391
G1 X-4.448 Y0.583 E0.03414
G1 X-5.425 Y1.582 E0.03399
G1 X-6.359 Y2.584 E0.03332
G1 X-7.302 Y3.636 E0.03436
G1 X-7.889 Y4.324 E0.022
G1 X-2.582 Y4.325 E0.12907
G1 X-1.47 Y3.183 E0.03877
G1 X-.458 Y2.204 E0.03425
G1 X0.553 Y1.269 E0.03349
G1 X1.443 Y0.484 E0.02886
G1 X2.577 Y-.475 E0.03612
G1 X3.584 Y-1.283 E0.0314
G1 X4.599 Y-2.064 E0.03115
G1 X5.61 Y-2.808 E0.03053
G1 X6.62 Y-3.522 E0.03008
G1 X7.826 Y-4.324 E0.03523
G1 F3600 E-1
G0 F12000 X9.295 Y-4.75
;TYPE:WALL-OUTER
G1 F3600 E1
G1 F2218 X0.924 Y-4.75 E0.2036
G1 X-.583 Y-3.523 E0.04726
G1 X-1.664 Y-2.601 E0.03456
G1 X-2.716 Y-1.66 E0.03433
G1 X-3.723 Y-.715 E0.03359
G1 X-4.751 Y0.286 E0.0349
G1 X-5.719 Y1.273 E0.03362
G1 X-6.687 Y2.315 E0.03459
G1 X-7.625 Y3.36 E0.03415
G1 X-8.801 Y4.749 E0.04426
G1 X-2.402 Y4.75 E0.15563
G1 X-1.174 Y3.488 E0.04283
G1 X-.17 Y2.516 E0.03399
G1 X0.834 Y1.588 E0.03325
G1 X1.718 Y0.809 E0.02866
G1 X2.843 Y-.143 E0.03584
G1 X3.843 Y-.947 E0.03121
G1 X4.851 Y-1.722 E0.03092
G1 X5.855 Y-2.461 E0.03032
G1 X6.856 Y-3.168 E0.02981
G1 X7.864 Y-3.842 E0.02949
G1 X8.866 Y-4.49 E0.02902
G1 X9.295 Y-4.75 E0.0122
G0 F12000 X8.495 Y-4.75
G1 F3600 E-1
;MESH:NONMESH
G0 F600 X8.495 Y-4.75 Z31.89
G0 F12000 X8.338 Y-4.475
G0 X-1.476 Y-1.667
G0 X-1.562 Y-1.764
;TIME_ELAPSED:810.167409
;LAYER:243
;note -- min layer time used
;TYPE:FILL
;MESH:bridge_3a.stl
G1 F3600 E1
G1 F2205.5 X-.903 Y-1.68 E0.01616
G1 X0.00 Y-1.764 E0.02206
G1 X0.903 Y-2.031 E0.0229
G1 X1.806 Y-2.52 E0.02498
G1 X2.709 Y-3.293 E0.02891
G1 X3.298 Y-3.919 E0.02091
G1 X5.585 Y-3.919 E0.05562
G1 X5.705 Y-3.541 E0.00965
G1 X4.356 Y-2.567 E0.04047
G1 X3.343 Y-1.79 E0.03105
G1 X2.317 Y-.966 E0.03201
G1 X1.302 Y-.117 E0.03218
G1 X0.277 Y0.781 E0.03314
G1 X-.731 Y1.713 E0.03339
G1 X-1.753 Y2.696 E0.03449
G1 X-2.834 Y3.798 E0.03754
G1 X-3.612 Y2.97 E0.02763
G1 X-4.515 Y2.194 E0.02896
G1 X-5.305 Y1.844 E0.02102
G1 F3600 E-1
G0 F12000 X7.565 Y-4.324
;TYPE:WALL-INNER
G1 F3600 E1
G1 F2205.5 X0.848 Y-4.325 E0.16337
G1 X-.416 Y-3.294 E0.03967
G1 X-1.463 Y-2.4 E0.03348
G1 X-3.023 Y-.991 E0.05113
G1 X-4.049 Y-0.008 E0.03456
G1 X-4.53 Y0.469 E0.01648
G1 X-5.521 Y1.481 E0.03445
G1 X-6.441 Y2.465 E0.03276
G1 X-7.403 Y3.537 E0.03503
G1 X-8.078 Y4.325 E0.02524
G1 X-2.793 Y4.325 E0.12854
G1 X-1.465 Y2.981 E0.04595
G1 X-.458 Y2.012 E0.03399
G1 X0.544 Y1.085 E0.0332
G1 X1.567 Y0.19 E0.03306
G1 X2.576 Y-.655 E0.03201
G1 X3.588 Y-1.468 E0.03157
G1 X4.602 Y-2.246 E0.03108
G1 X5.612 Y-2.981 E0.03038
G1 X6.621 Y-3.688 E0.02997
G1 X7.565 Y-4.324 E0.02768
G1 F3600 E-1
G0 F12000 X9.025 Y-4.75
;TYPE:WALL-OUTER
G1 F3600 E1
G1 F2205.5 X0.697 Y-4.75 E0.20255
G1 X-.692 Y-3.617 E0.0436
G1 X-1.764 Y-2.7 E0.03431
G1 X-3.332 Y-1.283 E0.0514
G1 X-4.348 Y-.31 E0.03421
G1 X-4.833 Y0.172 E0.01663
G1 X-5.831 Y1.19 E0.03467
G1 X-6.758 Y2.181 E0.033
G1 X-7.726 Y3.26 E0.03526
G1 X-8.641 Y4.33 E0.03424
G1 X-8.985 Y4.75 E0.0132
G1 X-2.6 Y4.75 E0.15529
G1 X-2.174 Y4.304 E0.015
G1 X-1.17 Y3.287 E0.03476
G1 X-.17 Y2.324 E0.03377
G1 X0.831 Y1.399 E0.03315
G1 X1.839 Y0.516 E0.03259
G1 X2.843 Y-.323 E0.03182
G1 X3.847 Y-1.131 E0.03134
G1 X4.852 Y-1.903 E0.03082
G1 X5.856 Y-2.633 E0.03019
G1 X6.859 Y-3.336 E0.02979
G1 X7.865 Y-4.015 E0.02952
G1 X9.025 Y-4.75 E0.0334
G0 F12000 X8.225 Y-4.75
G1 F3600 E-1
;MESH:NONMESH
G0 F600 X8.225 Y-4.75 Z32.02
G0 F12000 X8.075 Y-4.475
G0 X5.335 Y-2.56
G0 X-2.99 Y3.752
;TIME_ELAPSED:813.554719
;LAYER:244
;note -- min layer time used
;TYPE:FILL
;MESH:bridge_3a.stl
G1 F3600 E1
G1 F1998.8 X-3.612 Y3.112 E0.02171
G1 X-4.515 Y2.325 E0.02913
G1 X-5.418 Y1.887 E0.02441
G1 X-5.524 Y1.869 E0.00261
G1 X-4.85 Y1.168 E0.02365
G1 X-3.859 Y0.18 E0.03403
G1 X-2.915 Y-.726 E0.03182
G1 X-1.669 Y-1.865 E0.04106
G1 X-.903 Y-1.734 E0.0189
G1 X0.00 Y-1.78 E0.02199
G1 X0.903 Y-2.009 E0.02266
G1 X1.806 Y-2.457 E0.02452
G1 X2.709 Y-3.183 E0.02818
G1 X3.425 Y-3.919 E0.02497
G1 F3600 E-1
G0 F12000 X7.313 Y-4.324
;TYPE:WALL-INNER
G1 F3600 E1
G1 F1998.8 X0.62 Y-4.325 E0.16278
G1 X0.077 Y-3.885 E0.017
G1 X-1.049 Y-2.944 E0.03569
G1 X-2.089 Y-2.037 E0.03356
G1 X-3.192 Y-1.021 E0.03647
G1 X-4.132 Y-.121 E0.03165
G1 X-5.136 Y0.88 E0.03448
G1 X-6.101 Y1.885 E0.03389
G1 X-6.63 Y2.457 E0.01895
G1 X-7.494 Y3.428 E0.03161
G1 X-8.263 Y4.325 E0.02874
G1 X-2.975 Y4.325 E0.12861
G1 X-2.479 Y3.799 E0.01758
G1 X-1.444 Y2.76 E0.03567
G1 X-.441 Y1.801 E0.03375
G1 X0.552 Y0.887 E0.03282
G1 X1.567 Y0.001 E0.03277
G1 X2.612 Y-.869 E0.03307
G1 X3.588 Y-1.644 E0.03031
G1 X4.602 Y-2.422 E0.03108
G1 X5.614 Y-3.158 E0.03043
G1 X6.623 Y-3.861 E0.02991
G1 X7.313 Y-4.324 E0.02021
G1 F3600 E-1
G0 F12000 X8.752 Y-4.749
;TYPE:WALL-OUTER
G1 F3600 E1
G1 F1998.8 X0.469 Y-4.75 E0.20145
G1 X-.236 Y-4.176 E0.02211
G1 X-1.328 Y-3.264 E0.0346
G1 X-2.373 Y-2.353 E0.03372
G1 X-3.486 Y-1.328 E0.0368
G1 X-4.429 Y-.425 E0.03175
G1 X-5.442 Y0.586 E0.03481
G1 X-6.413 Y1.596 E0.03408
G1 X-6.947 Y2.174 E0.01914
G1 X-7.817 Y3.151 E0.03182
G1 X-8.741 Y4.231 E0.03457
G1 X-9.165 Y4.75 E0.0163
G1 X-2.792 Y4.75 E0.155
G1 X-2.178 Y4.099 E0.02176
G1 X-1.15 Y3.067 E0.03543
G1 X-.154 Y2.113 E0.03354
G1 X0.831 Y1.207 E0.03255
G1 X1.839 Y0.327 E0.03254
G1 X2.829 Y-.498 E0.03134
G1 X3.847 Y-1.307 E0.03163
G1 X4.852 Y-2.079 E0.03082
G1 X5.857 Y-2.81 E0.03023
G1 X6.86 Y-3.508 E0.02972
G1 X7.865 Y-4.183 E0.02944
G1 X8.752 Y-4.749 E0.02559
G0 F12000 X7.952 Y-4.749
G1 F3600 E-1
;MESH:NONMESH
G0 F600 X7.952 Y-4.749 Z32.15
G0 F12000 X7.89 Y-4.524
G0 X5.301 Y-2.713
G0 X-3.146 Y3.713
;TIME_ELAPSED:816.908284
;LAYER:245
;note -- min layer time used
;TYPE:FILL
;MESH:bridge_3a.stl
G1 F3600 E1
G1 F2001.5 X-3.612 Y3.249 E0.01599
G1 X-4.515 Y2.45 E0.02933
G1 X-5.418 Y1.975 E0.02482
G1 X-5.754 Y1.903 E0.00836
G1 X-4.951 Y1.067 E0.02819
G1 X-3.914 Y0.035 E0.03558
G1 X-2.961 Y-.876 E0.03206
G1 X-1.766 Y-1.967 E0.03936
G1 X-.903 Y-1.783 E0.02146
G1 X0.00 Y-1.793 E0.02196
G1 X0.903 Y-1.984 E0.02245
G1 X1.806 Y-2.392 E0.0241
G1 X2.709 Y-3.075 E0.02754
G1 X3.556 Y-3.919 E0.02908
G1 F3600 E-1
G0 F12000 X7.062 Y-4.325
;TYPE:WALL-INNER
G1 F3600 E1
G1 F2001.5 X0.392 Y-4.325 E0.16222
G1 X-0.063 Y-3.956 E0.01425
G1 X-1.147 Y-3.046 E0.03442
G1 X-2.17 Y-2.154 E0.03301
G1 X-3.235 Y-1.174 E0.0352
G1 X-4.261 Y-.192 E0.03454
G1 X-5.236 Y0.78 E0.03348
G1 X-6.191 Y1.774 E0.03353
G1 X-7.136 Y2.81 E0.0341
G1 X-8.065 Y3.869 E0.03426
G1 X-8.445 Y4.325 E0.01444
G1 X-3.17 Y4.325 E0.1283
G1 X-2.478 Y3.598 E0.02441
G1 X-1.467 Y2.587 E0.03477
G1 X-.456 Y1.622 E0.03399
G1 X0.553 Y0.698 E0.03328
G1 X1.568 Y-.184 E0.0327
G1 X2.576 Y-1.021 E0.03187
G1 X3.59 Y-1.825 E0.03147
G1 X4.603 Y-2.599 E0.03101
G1 X5.611 Y-3.331 E0.0303
G1 X6.625 Y-4.034 E0.03001
G1 X7.062 Y-4.325 E0.01277
G1 F3600 E-1
G0 F12000 X8.498 Y-4.749
;TYPE:WALL-OUTER
G1 F3600 E1
G1 F2001.5 X0.241 Y-4.75 E0.20082
G1 X-.336 Y-4.282 E0.01807
G1 X-1.426 Y-3.366 E0.03463
G1 X-2.473 Y-2.453 E0.03379
G1 X-3.529 Y-1.482 E0.03489
G1 X-4.561 Y-.493 E0.03476
G1 X-5.542 Y0.486 E0.03371
G1 X-6.517 Y1.501 E0.03423
G1 X-7.461 Y2.536 E0.03407
G1 X-8.391 Y3.597 E0.03432
G1 X-9.35 Y4.75 E0.03647
G1 X-2.988 Y4.75 E0.15473
G1 X-2.177 Y3.899 E0.02859
G1 X-1.173 Y2.895 E0.03453
G1 X-.169 Y1.935 E0.03379
G1 X0.832 Y1.019 E0.033
G1 X1.84 Y0.143 E0.03248
G1 X2.84 Y-.688 E0.03162
G1 X3.848 Y-1.487 E0.03128
G1 X4.852 Y-2.255 E0.03074
G1 X5.853 Y-2.982 E0.03009
G1 X6.861 Y-3.681 E0.02983
G1 X7.842 Y-4.336 E0.02869
G1 X8.498 Y-4.749 E0.01885
G0 F12000 X7.698 Y-4.749
G1 F3600 E-1
;MESH:NONMESH
G0 F600 X7.698 Y-4.749 Z32.28
G0 F12000 X7.555 Y-4.475
G0 X5.237 Y-2.846
G0 X-3.307 Y3.678
;TIME_ELAPSED:820.259141
;LAYER:246
;note -- min layer time used
;TYPE:FILL
;MESH:bridge_3a.stl
G1 F3600 E1
G1 F2002.2 X-3.612 Y3.382 E0.01034
G1 X-4.515 Y2.57 E0.02954
G1 X-5.418 Y2.059 E0.02523
G1 X-5.964 Y1.919 E0.01371
G1 X-5.053 Y0.971 E0.03198
G1 X-4.059 Y-0.02 E0.03414
G1 X-3.057 Y-.979 E0.03373
G1 X-1.866 Y-2.076 E0.03938
G1 X-.903 Y-1.828 E0.02419
G1 X0.00 Y-1.801 E0.02197
G1 X0.903 Y-1.956 E0.02228
G1 X1.806 Y-2.324 E0.02372
G1 X2.709 Y-2.966 E0.02695
G1 X3.698 Y-3.919 E0.0334
G1 F3600 E-1
G0 F12000 X6.806 Y-4.325
;TYPE:WALL-INNER
G1 F3600 E1
G1 F2002.2 X0.168 Y-4.325 E0.16145
G1 X-1.247 Y-3.146 E0.0448
G1 X-2.289 Y-2.237 E0.03363
G1 X-3.335 Y-1.274 E0.03458
G1 X-4.346 Y-.307 E0.03403
G1 X-5.339 Y0.683 E0.0341
G1 X-6.303 Y1.687 E0.03385
G1 X-7.244 Y2.716 E0.03391
G1 X-8.164 Y3.77 E0.03403
G1 X-8.63 Y4.325 E0.01763
G1 X-3.362 Y4.325 E0.12813
G1 X-2.477 Y3.393 E0.03126
G1 X-1.466 Y2.387 E0.03469
G1 X-.421 Y1.391 E0.03511
G1 X0.557 Y0.506 E0.03208
G1 X1.566 Y-.369 E0.03248
G1 X2.58 Y-1.206 E0.03198
G1 X3.592 Y-2.007 E0.03139
G1 X4.601 Y-2.769 E0.03075
G1 X5.597 Y-3.498 E0.03002
G1 X6.806 Y-4.325 E0.03563
G1 F3600 E-1
G0 F12000 X8.205 Y-4.749
;TYPE:WALL-OUTER
G1 F3600 E1
G1 F2002.2 X0.017 Y-4.75 E0.19914
G1 X-1.526 Y-3.466 E0.04882
G1 X-2.573 Y-2.553 E0.03379
G1 X-3.629 Y-1.582 E0.03489
G1 X-4.629 Y-.625 E0.03366
G1 X-5.645 Y0.389 E0.03491
G1 X-6.616 Y1.4 E0.03409
G1 X-7.564 Y2.436 E0.03415
G1 X-8.49 Y3.496 E0.03423
G1 X-9.535 Y4.75 E0.0397
G1 X-3.18 Y4.75 E0.15456
G1 X-2.177 Y3.694 E0.03542
G1 X-1.173 Y2.695 E0.03445
G1 X-.136 Y1.706 E0.03485
G1 X0.836 Y0.827 E0.03187
G1 X1.836 Y-0.041 E0.03221
G1 X2.844 Y-.872 E0.03177
G1 X3.849 Y-1.668 E0.03118
G1 X4.852 Y-2.426 E0.03058
G1 X5.854 Y-3.158 E0.03018
G1 X6.861 Y-3.852 E0.02974
G1 X8.205 Y-4.749 E0.0393
G0 F12000 X7.405 Y-4.749
G1 F3600 E-1
;MESH:NONMESH
G0 F600 X7.405 Y-4.749 Z32.41
G0 F12000 X7.352 Y-4.507
G0 X5.199 Y-2.994
G0 X-3.469 Y3.649
;TIME_ELAPSED:823.611001
;LAYER:247
;note -- min layer time used
;TYPE:FILL
;MESH:bridge_3a.stl
G1 F3600 E1
G1 F2004.8 X-4.515 Y2.686 E0.03458
G1 X-5.418 Y2.139 E0.02568
G1 X-6.156 Y1.917 E0.01874
G1 X-5.151 Y0.869 E0.03531
G1 X-4.16 Y-.12 E0.03405
G1 X-3.158 Y-1.079 E0.03373
G1 X-1.926 Y-2.212 E0.04071
G1 X-1.806 Y-2.14 E0.0034
G1 X-.903 Y-1.869 E0.02293
G1 X0.00 Y-1.805 E0.02202
G1 X0.903 Y-1.924 E0.02215
G1 X1.806 Y-2.253 E0.02337
G1 X2.709 Y-2.856 E0.02641
G1 X3.84 Y-3.92 E0.03777
G1 F3600 E-1
G0 F12000 X6.55 Y-4.325
;TYPE:WALL-INNER
G1 F3600 E1
G1 F2004.8 X-0.055 Y-4.325 E0.16064
G1 X-1.347 Y-3.246 E0.04094
G1 X-2.389 Y-2.337 E0.03363
G1 X-3.435 Y-1.375 E0.03456
G1 X-4.432 Y-.421 E0.03356
G1 X-5.437 Y0.581 E0.03452
G1 X-6.404 Y1.588 E0.03396
G1 X-7.344 Y2.616 E0.03388
G1 X-8.261 Y3.669 E0.03396
G1 X-8.813 Y4.325 E0.02085
G1 X-3.554 Y4.325 E0.12791
G1 X-2.476 Y3.192 E0.03804
G1 X-1.465 Y2.19 E0.03462
G1 X-.454 Y1.232 E0.03387
G1 X0.555 Y0.316 E0.03314
G1 X1.526 Y-.521 E0.03118
G1 X2.582 Y-1.391 E0.03328
G1 X3.592 Y-2.187 E0.03128
G1 X4.637 Y-2.977 E0.03186
G1 X5.615 Y-3.68 E0.02929
G1 X6.55 Y-4.325 E0.02763
G1 F3600 E-1
G0 F12000 X7.965 Y-4.75
;TYPE:WALL-OUTER
G1 F3600 E1
G1 F2004.8 X-.206 Y-4.75 E0.19873
G1 X-1.626 Y-3.566 E0.04497
G1 X-2.673 Y-2.653 E0.03379
G1 X-3.729 Y-1.682 E0.03489
G1 X-4.729 Y-.725 E0.03366
G1 X-5.743 Y0.286 E0.03483
G1 X-6.717 Y1.3 E0.0342
G1 X-7.665 Y2.337 E0.03417
G1 X-8.582 Y3.391 E0.03398
G1 X-9.715 Y4.75 E0.04303
G1 X-3.372 Y4.75 E0.15427
G1 X-2.177 Y3.494 E0.04217
G1 X-1.172 Y2.498 E0.03441
G1 X-.169 Y1.546 E0.03363
G1 X0.832 Y0.638 E0.03287
G1 X1.797 Y-.193 E0.03097
G1 X2.845 Y-1.057 E0.03303
G1 X3.849 Y-1.848 E0.03109
G1 X4.886 Y-2.631 E0.0316
G1 X5.857 Y-3.33 E0.0291
G1 X6.862 Y-4.025 E0.02972
G1 X7.965 Y-4.75 E0.0321
G0 F12000 X7.165 Y-4.75
G1 F3600 E-1
;MESH:NONMESH
G0 F600 X7.165 Y-4.75 Z32.54
G0 F12000 X7.106 Y-4.515
G0 X4.336 Y-2.522
G0 X-3.639 Y3.619
;TIME_ELAPSED:826.961955
;LAYER:248
;note -- min layer time used
;TYPE:FILL
;MESH:bridge_3a.stl
G1 F3600 E1
G1 F2105.8 X-4.515 Y2.799 E0.02918
G1 X-5.418 Y2.215 E0.02616
G1 X-6.33 Y1.904 E0.02344
G1 X-5.23 Y0.748 E0.03881
G1 X-4.754 Y0.266 E0.01648
G1 X-3.758 Y-.71 E0.03392
G1 X-1.995 Y-2.338 E0.05836
G1 X-1.806 Y-2.216 E0.00547
G1 X-.903 Y-1.906 E0.02322
G1 X0.00 Y-1.806 E0.0221
G1 X0.903 Y-1.888 E0.02205
G1 X1.806 Y-2.179 E0.02307
G1 X2.709 Y-2.744 E0.02591
G1 X3.975 Y-3.92 E0.04203
G1 F3600 E-1
G0 F12000 X-6.33 Y1.904
G1 F3600 E1
G1 F2105.8 X-6.321 Y1.905 E0.00022
G1 X-6.33 Y1.904 E0.00022
G1 F3600 E-1
G0 F12000 X6.302 Y-4.325
;TYPE:WALL-INNER
G1 F3600 E1
G1 F2105.8 X-.275 Y-4.325 E0.15996
G1 X-1.45 Y-3.343 E0.03724
G1 X-2.502 Y-2.421 E0.03402
G1 X-4.03 Y-1.011 E0.05057
G1 X-5.043 Y-0.018 E0.0345
G1 X-6.476 Y1.463 E0.05012
G1 X-7.446 Y2.518 E0.03486
G1 X-8.36 Y3.57 E0.03389
G1 X-8.996 Y4.324 E0.02399
G1 X-3.762 Y4.325 E0.1273
G1 X-2.475 Y2.991 E0.04508
G1 X-1.46 Y1.988 E0.03471
G1 X-.453 Y1.039 E0.03365
G1 X0.557 Y0.127 E0.0331
G1 X1.566 Y-.737 E0.03231
G1 X2.53 Y-1.531 E0.03037
G1 X3.591 Y-2.365 E0.03282
G1 X4.605 Y-3.124 E0.03081
G1 X5.615 Y-3.852 E0.03028
G1 X6.302 Y-4.325 E0.02029
G1 F3600 E-1
G0 F12000 X7.714 Y-4.75
;TYPE:WALL-OUTER
G1 F3600 E1
G1 F2105.8 X-.429 Y-4.75 E0.19805
G1 X-1.73 Y-3.663 E0.04123
G1 X-2.768 Y-2.754 E0.03356
G1 X-4.349 Y-1.293 E0.05236
G1 X-5.345 Y-.316 E0.03393
G1 X-6.8 Y1.188 E0.0509
G1 X-7.753 Y2.223 E0.03422
G1 X-8.685 Y3.296 E0.03457
G1 X-9.909 Y4.75 E0.04623
G1 X-3.566 Y4.75 E0.15427
G1 X-3.18 Y4.334 E0.0138
G1 X-2.176 Y3.294 E0.03516
G1 X-1.168 Y2.298 E0.03447
G1 X-.168 Y1.354 E0.03345
G1 X0.833 Y0.45 E0.0328
G1 X1.958 Y-.51 E0.03597
G1 X2.793 Y-1.197 E0.0263
G1 X3.846 Y-2.025 E0.03258
G1 X4.853 Y-2.779 E0.0306
G1 X5.857 Y-3.502 E0.03009
G1 X6.863 Y-4.198 E0.02975
G1 X7.714 Y-4.75 E0.02467
G0 F12000 X6.914 Y-4.75
G1 F3600 E-1
;MESH:NONMESH
G0 F600 X6.914 Y-4.75 Z32.67
G0 F12000 X6.853 Y-4.519
G0 X-1.972 Y-2.362
G0 X-2.057 Y-2.461
;TIME_ELAPSED:830.399231
;LAYER:249
;note -- min layer time used
;TYPE:FILL
;MESH:bridge_3a.stl
G1 F3600 E1
G1 F2141.2 X-1.806 Y-2.288 E0.00741
G1 X-.903 Y-1.94 E0.02354
G1 X0.00 Y-1.804 E0.02221
G1 X0.903 Y-1.849 E0.02199
G1 X1.806 Y-2.101 E0.0228
G1 X2.709 Y-2.63 E0.02545
G1 X3.612 Y-3.45 E0.02967
G1 X4.103 Y-3.92 E0.01653
G1 X4.141 Y-3.92 E0.00092
G1 X4.265 Y-3.551 E0.00947
G1 X3.345 Y-2.861 E0.02797
G1 X2.329 Y-2.066 E0.03138
G1 X1.352 Y-1.273 E0.0306
G1 X0.291 Y-.363 E0.034
G1 X-.718 Y0.54 E0.03293
G1 X-1.692 Y1.456 E0.03252
G1 X-2.764 Y2.504 E0.03646
G1 X-3.81 Y3.585 E0.03658
G1 X-4.515 Y2.909 E0.02376
G1 X-5.418 Y2.287 E0.02667
G1 X-6.321 Y1.939 E0.02354
G1 X-6.522 Y1.909 E0.00494
G1 F3600 E-1
G0 F12000 X6.053 Y-4.324
;TYPE:WALL-INNER
G1 F3600 E1
G1 F2141.2 X-.501 Y-4.325 E0.1594
G1 X-1.009 Y-3.905 E0.01603
G1 X-2.077 Y-2.987 E0.03425
G1 X-3.125 Y-2.05 E0.03419
G1 X-4.129 Y-1.108 E0.03348
G1 X-5.145 Y-.116 E0.03454
G1 X-6.112 Y0.867 E0.03354
G1 X-7.497 Y2.366 E0.04964
G1 X-8.467 Y3.469 E0.03572
G1 X-9.182 Y4.325 E0.02713
G1 X-3.943 Y4.325 E0.12742
G1 X-3.518 Y3.866 E0.01521
G1 X-2.473 Y2.785 E0.03657
G1 X-1.417 Y1.752 E0.03593
G1 X-.451 Y0.845 E0.03223
G1 X0.56 Y-0.061 E0.03302
G1 X1.605 Y-.956 E0.03346
G1 X2.583 Y-1.752 E0.03067
G1 X3.587 Y-2.536 E0.03098
G1 X4.606 Y-3.301 E0.03099
G1 X5.617 Y-4.025 E0.03024
G1 X6.053 Y-4.324 E0.01286
G1 F3600 E-1
G0 F12000 X7.453 Y-4.75
;TYPE:WALL-OUTER
G1 F3600 E1
G1 F2141.2 X-.654 Y-4.75 E0.19717
G1 X-1.286 Y-4.228 E0.01994
G1 X-2.36 Y-3.304 E0.03446
G1 X-3.415 Y-2.36 E0.03443
G1 X-4.439 Y-1.399 E0.03415
G1 X-5.447 Y-.414 E0.03428
G1 X-6.419 Y0.573 E0.03369
G1 X-7.821 Y2.092 E0.05028
G1 X-8.793 Y3.196 E0.03577
G1 X-9.691 Y4.272 E0.03409
G1 X-10.075 Y4.75 E0.01491
G1 X-3.758 Y4.75 E0.15364
G1 X-3.212 Y4.162 E0.01952
G1 X-2.176 Y3.089 E0.03628
G1 X-1.127 Y2.062 E0.0357
G1 X-.167 Y1.161 E0.03202
G1 X0.837 Y0.262 E0.03278
G1 X1.874 Y-.626 E0.0332
G1 X2.845 Y-1.417 E0.03046
G1 X3.842 Y-2.196 E0.03077
G1 X4.854 Y-2.956 E0.03078
G1 X5.858 Y-3.674 E0.03002
G1 X6.863 Y-4.366 E0.02968
G1 X7.453 Y-4.75 E0.01712
G0 F12000 X6.653 Y-4.75
G1 F3600 E-1
;MESH:NONMESH
G0 F600 X6.653 Y-4.75 Z32.8
G0 F12000 X6.593 Y-4.514
G0 X3.01 Y-2.781
;TIME_ELAPSED:833.736930
;LAYER:250
;note -- min layer time used
;TYPE:FILL
;MESH:bridge_3a.stl
G1 F3600 E1
G1 F2196.2 X3.612 Y-3.318 E0.01962
G1 X3.984 Y-3.684 E0.01269
G1 X3.905 Y-3.919 E0.00603
G1 X-.578 Y-3.92 E0.10903
G1 X-2.124 Y-2.591 E0.04958
G1 X-1.806 Y-2.358 E0.00959
G1 X-.903 Y-1.97 E0.0239
G1 X0.00 Y-1.797 E0.02236
G1 X0.903 Y-1.806 E0.02196
G1 X1.806 Y-2.019 E0.02257
G1 X2.568 Y-2.435 E0.02111
G1 X1.31 Y-1.417 E0.03936
G1 X0.3 Y-.558 E0.03225
G1 X-.724 Y0.356 E0.03338
G1 X-1.615 Y1.181 E0.02953
G1 X-2.755 Y2.293 E0.03873
G1 X-3.97 Y3.553 E0.04257
G1 X-4.515 Y3.018 E0.01857
G1 X-5.418 Y2.357 E0.02722
G1 X-6.321 Y1.969 E0.0239
G1 X-6.707 Y1.895 E0.00956
G1 F3600 E-1
G0 F12000 X5.8 Y-4.325
;TYPE:WALL-INNER
G1 F3600 E1
G1 F2196.2 X-.724 Y-4.325 E0.15867
G1 X-2.177 Y-3.087 E0.04643
G1 X-3.225 Y-2.15 E0.03419
G1 X-4.229 Y-1.208 E0.03348
G1 X-5.303 Y-.157 E0.03655
G1 X-6.231 Y0.787 E0.0322
G1 X-7.174 Y1.802 E0.0337
G1 X-8.106 Y2.84 E0.03393
G1 X-9.369 Y4.324 E0.0474
G1 X-4.134 Y4.325 E0.12732
G1 X-3.517 Y3.661 E0.02205
G1 X-2.465 Y2.577 E0.03674
G1 X-1.437 Y1.574 E0.03493
G1 X-.45 Y0.652 E0.03285
G1 X0.559 Y-.247 E0.03287
G1 X1.573 Y-1.108 E0.03235
G1 X2.583 Y-1.932 E0.0317
G1 X3.354 Y-2.536 E0.02382
G1 X4.606 Y-3.478 E0.03811
G1 X5.8 Y-4.325 E0.0356
G1 F3600 E-1
G0 F12000 X7.193 Y-4.75
;TYPE:WALL-OUTER
G1 F3600 E1
G1 F2196.2 X-.877 Y-4.75 E0.19627
G1 X-1.381 Y-4.332 E0.01593
G1 X-2.46 Y-3.404 E0.03461
G1 X-3.516 Y-2.46 E0.03445
G1 X-4.539 Y-1.499 E0.03414
G1 X-5.605 Y-.455 E0.03629
G1 X-6.519 Y0.473 E0.03168
G1 X-7.49 Y1.518 E0.03469
G1 X-8.427 Y2.561 E0.0341
G1 X-9.796 Y4.174 E0.05146
G1 X-10.257 Y4.75 E0.01794
G1 X-3.949 Y4.75 E0.15342
G1 X-3.212 Y3.957 E0.02633
G1 X-2.168 Y2.882 E0.03645
G1 X-1.147 Y1.885 E0.03471
G1 X-.167 Y0.969 E0.03263
G1 X0.834 Y0.077 E0.03261
G1 X1.841 Y-.778 E0.03213
G1 X2.845 Y-1.597 E0.03151
G1 X3.609 Y-2.196 E0.02361
G1 X4.854 Y-3.132 E0.03788
G1 X5.859 Y-3.851 E0.03005
G1 X7.193 Y-4.75 E0.03912
G0 F12000 X6.393 Y-4.75
G1 F3600 E-1
;MESH:NONMESH
G0 F600 X6.393 Y-4.75 Z32.93
G0 F12000 X6.337 Y-4.509
G0 X-2.102 Y-2.623
G0 X-2.191 Y-2.724
;TIME_ELAPSED:837.146198
;LAYER:251
;note -- min layer time used
;TYPE:FILL
;MESH:bridge_3a.stl
G1 F3600 E1
G1 F2000.2 X-1.806 Y-2.424 E0.01187
G1 X-.903 Y-1.997 E0.02429
G1 X0.00 Y-1.787 E0.02255
G1 X0.903 Y-1.759 E0.02197
G1 X1.69 Y-1.911 E0.01949
G1 X0.297 Y-.744 E0.0442
G1 X-.754 Y0.193 E0.03425
G1 X-1.629 Y1.001 E0.02897
G1 X-2.76 Y2.1 E0.03836
G1 X-3.767 Y3.133 E0.03509
G1 X-4.128 Y3.519 E0.01285
G1 X-4.515 Y3.127 E0.0134
G1 X-5.418 Y2.423 E0.02785
G1 X-6.321 Y1.996 E0.02429
G1 X-6.875 Y1.867 E0.01383
G1 F3600 E-1
G0 F12000 X5.551 Y-4.325
;TYPE:WALL-INNER
G1 F3600 E1
G1 F2000.2 X-.946 Y-4.325 E0.15802
G1 X-2.283 Y-3.185 E0.04273
G1 X-3.323 Y-2.252 E0.03398
G1 X-4.342 Y-1.295 E0.034
G1 X-5.344 Y-.316 E0.03407
G1 X-6.402 Y0.763 E0.03675
G1 X-7.266 Y1.692 E0.03086
G1 X-8.212 Y2.743 E0.03439
G1 X-9.116 Y3.8 E0.03383
G1 X-9.549 Y4.325 E0.01655
G1 X-4.326 Y4.325 E0.12703
G1 X-3.471 Y3.411 E0.03044
G1 X-2.471 Y2.384 E0.03486
G1 X-1.46 Y1.401 E0.0343
G1 X-.486 Y0.496 E0.03234
G1 X0.564 Y-.44 E0.03421
G1 X1.572 Y-1.291 E0.03208
G1 X2.619 Y-2.147 E0.03289
G1 X3.596 Y-2.902 E0.03003
G1 X4.467 Y-3.549 E0.02639
G1 X5.551 Y-4.325 E0.03242
G1 F3600 E-1
G0 F12000 X6.931 Y-4.75
;TYPE:WALL-OUTER
G1 F3600 E1
G1 F2000.2 X-1.101 Y-4.75 E0.19535
G1 X-2.547 Y-3.52 E0.04617
G1 X-3.613 Y-2.562 E0.03486
G1 X-4.639 Y-1.599 E0.03422
G1 X-5.647 Y-.614 E0.03428
G1 X-6.619 Y0.373 E0.03369
G1 X-7.589 Y1.416 E0.03464
G1 X-8.535 Y2.466 E0.03437
G1 X-9.444 Y3.53 E0.03404
G1 X-10.439 Y4.75 E0.03829
G1 X-4.141 Y4.75 E0.15318
G1 X-3.167 Y3.707 E0.03471
G1 X-2.175 Y2.688 E0.03459
G1 X-1.171 Y1.712 E0.03406
G1 X-.203 Y0.813 E0.03213
G1 X0.838 Y-.116 E0.03393
G1 X1.841 Y-.962 E0.03191
G1 X2.879 Y-1.81 E0.0326
G1 X3.85 Y-2.561 E0.02986
G1 X4.714 Y-3.204 E0.02619
G1 X5.859 Y-4.023 E0.03424
G1 X6.931 Y-4.75 E0.0315
G0 F12000 X6.131 Y-4.75
G1 F3600 E-1
;MESH:NONMESH
G0 F600 X6.131 Y-4.75 Z33.06
G0 F12000 X6.078 Y-4.504
G0 X-2.165 Y-2.758
G0 X-2.253 Y-2.858
;TIME_ELAPSED:840.515672
;LAYER:252
;note -- min layer time used
;TYPE:FILL
;MESH:bridge_3a.stl
G1 F3600 E1
G1 F1982.3 X-1.806 Y-2.488 E0.01411
G1 X-.903 Y-2.02 E0.02474
G1 X0.00 Y-1.773 E0.02277
G1 X0.903 Y-1.708 E0.02202
G1 X1.29 Y-1.766 E0.00952
G1 X0.169 Y-.82 E0.03568
G1 X-.717 Y-0.032 E0.02884
G1 X-1.627 Y0.802 E0.03002
G1 X-2.755 Y1.898 E0.03825
G1 X-3.877 Y3.046 E0.03904
G1 X-4.281 Y3.48 E0.01442
G1 X-4.515 Y3.236 E0.00822
G1 X-5.418 Y2.487 E0.02853
G1 X-6.321 Y2.019 E0.02474
G1 X-7.029 Y1.825 E0.01785
G1 F3600 E-1
G0 F12000 X5.308 Y-4.324
;TYPE:WALL-INNER
G1 F3600 E1
G1 F1982.3 X-1.173 Y-4.324 E0.15763
G1 X-2.381 Y-3.287 E0.03872
G1 X-3.423 Y-2.352 E0.03405
G1 X-4.429 Y-1.408 E0.03355
G1 X-5.445 Y-.416 E0.03454
G1 X-6.412 Y0.567 E0.03354
G1 X-7.374 Y1.602 E0.03437
G1 X-8.313 Y2.644 E0.03412
G1 X-9.216 Y3.701 E0.03381
G1 X-9.728 Y4.325 E0.01963
G1 X-4.514 Y4.325 E0.12681
G1 X-3.482 Y3.214 E0.03688
G1 X-2.467 Y2.184 E0.03517
G1 X-1.458 Y1.204 E0.03421
G1 X-.449 Y0.271 E0.03342
G1 X0.436 Y-.516 E0.0288
G1 X1.574 Y-1.477 E0.03623
G1 X2.57 Y-2.285 E0.03119
G1 X3.598 Y-3.079 E0.03159
G1 X4.608 Y-3.826 E0.03055
G1 X5.308 Y-4.324 E0.02089
G1 F3600 E-1
G0 F12000 X6.688 Y-4.75
;TYPE:WALL-OUTER
G1 F3600 E1
G1 F1982.3 X-1.331 Y-4.749 E0.19503
G1 X-2.647 Y-3.62 E0.04217
G1 X-3.714 Y-2.662 E0.03488
G1 X-4.739 Y-1.699 E0.03421
G1 X-5.747 Y-.714 E0.03428
G1 X-6.719 Y0.273 E0.03369
G1 X-7.69 Y1.317 E0.03468
G1 X-8.636 Y2.367 E0.03437
G1 X-9.544 Y3.431 E0.03402
G1 X-10.62 Y4.75 E0.0414
G1 X-4.329 Y4.75 E0.15301
G1 X-3.179 Y3.512 E0.0411
G1 X-2.171 Y2.488 E0.03495
G1 X-1.17 Y1.516 E0.03394
G1 X-.167 Y0.589 E0.03322
G1 X0.71 Y-.192 E0.02856
G1 X1.842 Y-1.147 E0.03602
G1 X2.843 Y-1.958 E0.03133
G1 X3.851 Y-2.737 E0.03098
G1 X4.855 Y-3.48 E0.03038
G1 X5.86 Y-4.196 E0.03001
G1 X6.688 Y-4.75 E0.02423
G0 F12000 X5.888 Y-4.75
G1 F3600 E-1
;MESH:NONMESH
G0 F600 X5.888 Y-4.75 Z33.19
G0 F12000 X5.832 Y-4.509
G0 X-2.223 Y-2.896
G0 X-2.311 Y-2.996
;TIME_ELAPSED:843.884428
;LAYER:253
;note -- min layer time used
;TYPE:FILL
;MESH:bridge_3a.stl
G1 F3600 E1
G1 F1965.3 X-1.806 Y-2.55 E0.01639
G1 X-.903 Y-2.04 E0.02522
G1 X0.00 Y-1.755 E0.02303
G1 X0.929 Y-1.65 E0.02274
G1 X0.295 Y-1.112 E0.02022
G1 X-.718 Y-.224 E0.03276
G1 X-1.633 Y0.617 E0.03023
G1 X-2.752 Y1.7 E0.03787
G1 X-3.866 Y2.83 E0.03859
G1 X-4.424 Y3.426 E0.01986
G1 X-5.418 Y2.549 E0.03224
G1 X-6.321 Y2.039 E0.02522
G1 X-7.17 Y1.771 E0.02165
G1 F3600 E-1
G0 F12000 X5.064 Y-4.324
;TYPE:WALL-INNER
G1 F3600 E1
G1 F1965.3 X-1.383 Y-4.325 E0.1568
G1 X-2.467 Y-3.4 E0.03466
G1 X-3.478 Y-2.488 E0.03312
G1 X-4.026 Y-1.98 E0.01817
G1 X-5.048 Y-1.005 E0.03435
G1 X-6.031 Y-0.022 E0.03381
G1 X-6.522 Y0.482 E0.01711
G1 X-7.444 Y1.469 E0.03285
G1 X-8.413 Y2.543 E0.03518
G1 X-9.316 Y3.602 E0.03385
G1 X-9.91 Y4.325 E0.02276
G1 X-4.71 Y4.325 E0.12647
G1 X-3.48 Y3.008 E0.04383
G1 X-2.466 Y1.987 E0.035
G1 X-1.458 Y1.012 E0.03411
G1 X-.453 Y0.082 E0.0333
G1 X0.619 Y-.855 E0.03463
G1 X1.407 Y-1.526 E0.02517
G1 X2.583 Y-2.475 E0.03675
G1 X3.595 Y-3.256 E0.03109
G1 X4.61 Y-4.004 E0.03067
G1 X5.064 Y-4.324 E0.01351
G1 F3600 E-1
G0 F12000 X6.435 Y-4.75
;TYPE:WALL-OUTER
G1 F3600 E1
G1 F1965.3 X-1.539 Y-4.75 E0.19394
G1 X-2.747 Y-3.72 E0.03861
G1 X-3.767 Y-2.8 E0.03341
G1 X-4.319 Y-2.287 E0.01833
G1 X-5.348 Y-1.306 E0.03458
G1 X-6.335 Y-.319 E0.03395
G1 X-6.832 Y0.191 E0.01732
G1 X-7.76 Y1.184 E0.03306
G1 X-8.736 Y2.267 E0.03546
G1 X-9.645 Y3.332 E0.03405
G1 X-10.799 Y4.75 E0.04447
G1 X-4.523 Y4.75 E0.15264
G1 X-3.178 Y3.307 E0.04798
G1 X-2.17 Y2.292 E0.03479
G1 X-1.17 Y1.324 E0.03385
G1 X-.165 Y0.395 E0.03329
G1 X0.837 Y-.483 E0.0324
G1 X1.674 Y-1.195 E0.02673
G1 X2.843 Y-2.138 E0.03653
G1 X3.847 Y-2.914 E0.03086
G1 X4.855 Y-3.657 E0.03046
G1 X5.851 Y-4.361 E0.02966
G1 X6.435 Y-4.75 E0.01707
G0 F12000 X5.635 Y-4.75
G1 F3600 E-1
;MESH:NONMESH
G0 F600 X5.635 Y-4.75 Z33.32
G0 F12000 X5.58 Y-4.504
G0 X-2.277 Y-3.037
G0 X-2.363 Y-3.134
;TIME_ELAPSED:847.252081
;LAYER:254
;note -- min layer time used
;TYPE:FILL
;MESH:bridge_3a.stl
G1 F3600 E1
G1 F1954.6 X-1.806 Y-2.61 E0.0186
G1 X-.903 Y-2.056 E0.02577
G1 X0.00 Y-1.733 E0.02333
G1 X0.684 Y-1.627 E0.01683
G1 X0.299 Y-1.304 E0.01222
G1 X-.718 Y-.411 E0.03292
G1 X-1.718 Y0.508 E0.03303
G1 X-2.728 Y1.472 E0.03396
G1 X-3.774 Y2.525 E0.0361
G1 X-4.587 Y3.391 E0.02889
G1 X-5.418 Y2.609 E0.02775
G1 X-6.321 Y2.055 E0.02577
G1 X-7.224 Y1.732 E0.02333
G1 X-7.313 Y1.718 E0.00219
G1 F3600 E-1
G0 F12000 X4.816 Y-4.324
;TYPE:WALL-INNER
G1 F3600 E1
G1 F1954.6 X-1.605 Y-4.325 E0.15617
G1 X-2.041 Y-3.956 E0.01389
G1 X-3.125 Y-3.003 E0.0351
G1 X-4.15 Y-2.061 E0.03386
G1 X-5.146 Y-1.107 E0.03354
G1 X-6.135 Y-.118 E0.03402
G1 X-7.106 Y0.894 E0.03411
G1 X-8.048 Y1.92 E0.03388
G1 X-8.968 Y2.97 E0.03395
G1 X-10.097 Y4.325 E0.0429
G1 X-4.903 Y4.325 E0.12633
G1 X-4.491 Y3.871 E0.01491
G1 X-3.48 Y2.804 E0.03575
G1 X-2.443 Y1.759 E0.03581
G1 X-1.463 Y0.823 E0.03296
G1 X-.445 Y-.112 E0.03362
G1 X0.565 Y-.997 E0.03266
G1 X1.576 Y-1.846 E0.03211
G1 X2.431 Y-2.535 E0.02671
G1 X3.599 Y-3.436 E0.03588
G1 X4.816 Y-4.324 E0.03664
G1 F3600 E-1
G0 F12000 X6.174 Y-4.75
;TYPE:WALL-OUTER
G1 F3600 E1
G1 F1954.6 X-1.76 Y-4.75 E0.19297
G1 X-2.321 Y-4.275 E0.01788
G1 X-3.373 Y-3.353 E0.03402
G1 X-4.444 Y-2.368 E0.03539
G1 X-5.446 Y-1.408 E0.03375
G1 X-6.441 Y-.412 E0.03424
G1 X-7.419 Y0.607 E0.03435
G1 X-8.368 Y1.639 E0.0341
G1 X-9.293 Y2.695 E0.03414
G1 X-10.666 Y4.347 E0.05224
G1 X-10.981 Y4.75 E0.01244
G1 X-4.715 Y4.75 E0.1524
G1 X-4.182 Y4.164 E0.01927
G1 X-3.178 Y3.103 E0.03553
G1 X-2.149 Y2.067 E0.03551
G1 X-1.152 Y1.114 E0.03354
G1 X-.165 Y0.207 E0.0326
G1 X0.839 Y-.672 E0.03245
G1 X1.843 Y-1.515 E0.03188
G1 X2.691 Y-2.198 E0.02648
G1 X3.851 Y-3.094 E0.03565
G1 X4.856 Y-3.833 E0.03034
G1 X6.174 Y-4.75 E0.03905
G0 F12000 X5.374 Y-4.75
G1 F3600 E-1
;MESH:NONMESH
G0 F600 X5.374 Y-4.75 Z33.45
G0 F12000 X5.325 Y-4.497
G0 X-2.327 Y-3.178
G0 X-2.411 Y-3.276
;TIME_ELAPSED:850.619602
;LAYER:255
;note -- min layer time used
;TYPE:FILL
;MESH:bridge_3a.stl
G1 F3600 E1
G1 F1944.6 X-1.806 Y-2.667 E0.02088
G1 X-.903 Y-2.068 E0.02635
G1 X0.00 Y-1.707 E0.02365
G1 X0.452 Y-1.617 E0.01121
G1 X-.556 Y-.745 E0.03242
G1 X-1.731 Y0.324 E0.03864
G1 X-2.726 Y1.275 E0.03348
G1 X-3.77 Y2.318 E0.03589
G1 X-4.745 Y3.343 E0.03441
G1 X-5.418 Y2.666 E0.02322
G1 X-6.321 Y2.067 E0.02635
G1 X-7.224 Y1.706 E0.02365
G1 X-7.452 Y1.661 E0.00565
G1 F3600 E-1
G0 F12000 X4.573 Y-4.325
;TYPE:WALL-INNER
G1 F3600 E1
G1 F1944.6 X-1.824 Y-4.325 E0.15558
G1 X-3.206 Y-3.121 E0.04458
G1 X-4.235 Y-2.175 E0.034
G1 X-5.232 Y-1.221 E0.03356
G1 X-6.235 Y-.218 E0.0345
G1 X-7.206 Y0.795 E0.03413
G1 X-8.148 Y1.82 E0.03386
G1 X-9.069 Y2.87 E0.03397
G1 X-9.549 Y3.434 E0.01801
G1 X-10.28 Y4.324 E0.02801
G1 X-5.091 Y4.325 E0.1262
G1 X-4.49 Y3.662 E0.02176
G1 X-3.478 Y2.598 E0.03571
G1 X-2.443 Y1.563 E0.0356
G1 X-1.463 Y0.627 E0.03296
G1 X-.444 Y-.305 E0.03359
G1 X0.566 Y-1.186 E0.0326
G1 X1.612 Y-2.061 E0.03317
G1 X2.587 Y-2.835 E0.03028
G1 X3.508 Y-3.545 E0.02828
G1 X4.573 Y-4.325 E0.03211
G1 F3600 E-1
G0 F12000 X5.921 Y-4.749
;TYPE:WALL-OUTER
G1 F3600 E1
G1 F1944.6 X-1.98 Y-4.75 E0.19216
G1 X-2.417 Y-4.378 E0.01396
G1 X-3.493 Y-3.434 E0.03481
G1 X-4.529 Y-2.482 E0.03422
G1 X-5.547 Y-1.507 E0.03428
G1 X-6.541 Y-.512 E0.03421
G1 X-7.518 Y0.507 E0.03433
G1 X-8.468 Y1.539 E0.03412
G1 X-9.392 Y2.594 E0.03411
G1 X-9.877 Y3.164 E0.0182
G1 X-10.762 Y4.243 E0.03394
G1 X-11.16 Y4.75 E0.01568
G1 X-4.903 Y4.75 E0.15218
G1 X-4.182 Y3.955 E0.0261
G1 X-3.177 Y2.899 E0.03546
G1 X-2.149 Y1.871 E0.03536
G1 X-1.165 Y0.931 E0.0331
G1 X-.165 Y0.015 E0.03298
G1 X0.839 Y-.86 E0.03239
G1 X1.876 Y-1.728 E0.03289
G1 X2.847 Y-2.498 E0.03014
G1 X3.76 Y-3.202 E0.02804
G1 X4.888 Y-4.03 E0.03403
G1 X5.921 Y-4.749 E0.03061
G0 F12000 X5.121 Y-4.749
G1 F3600 E-1
;MESH:NONMESH
G0 F600 X5.121 Y-4.749 Z33.58
G0 F12000 X5.074 Y-4.493
G0 X-2.371 Y-3.326
G0 X-2.457 Y-3.426
;TIME_ELAPSED:853.986866
;LAYER:256
;note -- min layer time used
;TYPE:FILL
;MESH:bridge_3a.stl
G1 F3600 E1
G1 F1936.2 X-1.806 Y-2.723 E0.0233
G1 X-.903 Y-2.077 E0.027
G1 X0.00 Y-1.677 E0.02402
G1 X0.236 Y-1.62 E0.0059
G1 X-.555 Y-.933 E0.02548
G1 X-1.731 Y0.128 E0.03852
G1 X-2.743 Y1.093 E0.03401
G1 X-3.79 Y2.138 E0.03598
G1 X-4.889 Y3.292 E0.03876
G1 X-5.418 Y2.722 E0.01891
G1 X-6.321 Y2.076 E0.027
G1 X-7.224 Y1.676 E0.02402
G1 X-7.58 Y1.59 E0.00891
G1 F3600 E-1
G0 F12000 X4.339 Y-4.325
;TYPE:WALL-INNER
G1 F3600 E1
G1 F1936.2 X-2.043 Y-4.325 E0.15522
G1 X-3.305 Y-3.222 E0.04076
G1 X-4.335 Y-2.274 E0.03405
G1 X-5.332 Y-1.321 E0.03354
G1 X-6.352 Y-.3 E0.0351
G1 X-7.306 Y0.694 E0.03351
G1 X-8.249 Y1.721 E0.03391
G1 X-9.169 Y2.771 E0.03395
G1 X-10.068 Y3.843 E0.03403
G1 X-10.458 Y4.325 E0.01508
G1 X-5.283 Y4.325 E0.12586
G1 X-4.488 Y3.453 E0.0287
G1 X-3.498 Y2.418 E0.03483
G1 X-2.466 Y1.387 E0.03548
G1 X-1.454 Y0.424 E0.03398
G1 X-.443 Y-.494 E0.03321
G1 X0.567 Y-1.371 E0.03253
G1 X1.612 Y-2.241 E0.03307
G1 X2.59 Y-3.017 E0.03036
G1 X3.603 Y-3.79 E0.03099
G1 X4.339 Y-4.325 E0.02213
G1 F3600 E-1
G0 F12000 X5.682 Y-4.75
;TYPE:WALL-OUTER
G1 F3600 E1
G1 F1936.2 X-2.199 Y-4.75 E0.19168
G1 X-3.592 Y-3.535 E0.04496
G1 X-4.629 Y-2.582 E0.03425
G1 X-5.647 Y-1.607 E0.03428
G1 X-6.658 Y-.594 E0.03481
G1 X-7.619 Y0.407 E0.03375
G1 X-8.569 Y1.44 E0.03413
G1 X-9.486 Y2.487 E0.03385
G1 X-10.398 Y3.576 E0.03455
G1 X-11.345 Y4.75 E0.03669
G1 X-5.095 Y4.75 E0.15201
G1 X-4.181 Y3.747 E0.033
G1 X-3.197 Y2.719 E0.03461
G1 X-2.173 Y1.694 E0.03524
G1 X-1.169 Y0.738 E0.03372
G1 X-.164 Y-.173 E0.03299
G1 X0.839 Y-1.045 E0.03232
G1 X1.876 Y-1.908 E0.03281
G1 X2.848 Y-2.679 E0.03017
G1 X3.852 Y-3.447 E0.03074
G1 X4.857 Y-4.178 E0.03023
G1 X5.682 Y-4.75 E0.02442
G0 F12000 X4.882 Y-4.75
G1 F3600 E-1
;MESH:NONMESH
G0 F600 X4.882 Y-4.75 Z33.71
G0 F12000 X4.833 Y-4.497
G0 X-2.411 Y-3.479
G0 X-2.496 Y-3.578
;TIME_ELAPSED:857.353589
;LAYER:257
;note -- min layer time used
;TYPE:FILL
;MESH:bridge_3a.stl
G1 F3600 E1
G1 F1926.6 X-1.806 Y-2.777 E0.02571
G1 X-.903 Y-2.081 E0.02773
G1 X0.03 Y-1.627 E0.02524
G1 X-.545 Y-1.128 E0.01852
G1 X-1.73 Y-0.064 E0.03873
G1 X-2.742 Y0.894 E0.03389
G1 X-3.787 Y1.935 E0.03587
G1 X-5.031 Y3.226 E0.0436
G1 X-5.418 Y2.776 E0.01444
G1 X-6.321 Y2.08 E0.02773
G1 X-7.224 Y1.641 E0.02442
G1 X-7.694 Y1.507 E0.01189
G1 F3600 E-1
G0 F12000 X4.094 Y-4.325
;TYPE:WALL-INNER
G1 F3600 E1
G1 F1926.6 X-2.258 Y-4.324 E0.15449
G1 X-3.408 Y-3.32 E0.03713
G1 X-4.435 Y-2.375 E0.03394
G1 X-5.446 Y-1.407 E0.03404
G1 X-6.435 Y-.418 E0.03402
G1 X-7.408 Y0.597 E0.0342
G1 X-8.337 Y1.607 E0.03338
G1 X-9.269 Y2.672 E0.03442
G1 X-10.168 Y3.74 E0.03395
G1 X-10.64 Y4.325 E0.01828
G1 X-5.471 Y4.325 E0.12572
G1 X-4.486 Y3.243 E0.03559
G1 X-3.497 Y2.217 E0.03466
G1 X-2.465 Y1.19 E0.03541
G1 X-1.453 Y0.231 E0.03391
G1 X-.442 Y-.683 E0.03315
G1 X0.523 Y-1.519 E0.03105
G1 X1.577 Y-2.398 E0.03338
G1 X2.591 Y-3.198 E0.03141
G1 X3.601 Y-3.966 E0.03086
G1 X4.094 Y-4.325 E0.01483
G1 F3600 E-1
G0 F12000 X5.427 Y-4.75
;TYPE:WALL-OUTER
G1 F3600 E1
G1 F1926.6 X-2.418 Y-4.749 E0.1908
G1 X-3.673 Y-3.653 E0.04052
G1 X-4.729 Y-2.682 E0.03489
G1 X-5.746 Y-1.708 E0.03425
G1 X-6.741 Y-.712 E0.03424
G1 X-7.72 Y0.309 E0.0344
G1 X-8.669 Y1.341 E0.0341
G1 X-9.594 Y2.399 E0.03418
G1 X-10.499 Y3.473 E0.03416
G1 X-11.523 Y4.75 E0.03981
G1 X-5.283 Y4.75 E0.15177
G1 X-4.18 Y3.538 E0.03986
G1 X-3.197 Y2.518 E0.03445
G1 X-2.172 Y1.498 E0.03517
G1 X-1.168 Y0.546 E0.03365
G1 X-.164 Y-.362 E0.03292
G1 X0.795 Y-1.192 E0.03085
G1 X1.841 Y-2.065 E0.03314
G1 X2.848 Y-2.86 E0.0312
G1 X3.852 Y-3.622 E0.03066
G1 X4.853 Y-4.354 E0.03016
G1 X5.427 Y-4.75 E0.01696
G0 F12000 X4.627 Y-4.75
G1 F3600 E-1
;MESH:NONMESH
G0 F600 X4.627 Y-4.75 Z33.84
G0 F12000 X4.58 Y-4.491
G0 X-2.441 Y-3.636
G0 X-2.53 Y-3.739
;TIME_ELAPSED:860.719837
;LAYER:258
;note -- min layer time used
;TYPE:FILL
;MESH:bridge_3a.stl
G1 F3600 E1
G1 F1918.6 X-1.806 Y-2.83 E0.02826
G1 X-.903 Y-2.081 E0.02853
G1 X-.133 Y-1.673 E0.02119
G1 X-.712 Y-1.174 E0.01859
G1 X-1.729 Y-.258 E0.03329
G1 X-2.738 Y0.698 E0.03381
G1 X-3.765 Y1.709 E0.03505
G1 X-4.784 Y2.763 E0.03566
G1 X-5.151 Y3.164 E0.01322
G1 X-5.418 Y2.829 E0.01042
G1 X-6.321 Y2.08 E0.02853
G1 X-7.224 Y1.602 E0.02485
G1 X-7.8 Y1.412 E0.01475
G1 F3600 E-1
G0 F12000 X3.856 Y-4.325
;TYPE:WALL-INNER
G1 F3600 E1
G1 F1918.6 X-2.474 Y-4.325 E0.15395
G1 X-3.438 Y-3.481 E0.03116
G1 X-4.534 Y-2.476 E0.03617
G1 X-5.039 Y-1.998 E0.01691
G1 X-6.047 Y-1.014 E0.03426
G1 X-7.5 Y0.489 E0.05084
G1 X-8.398 Y1.466 E0.03227
G1 X-9.37 Y2.573 E0.03583
G1 X-10.268 Y3.641 E0.03394
G1 X-10.82 Y4.324 E0.02136
G1 X-5.665 Y4.325 E0.12538
G1 X-4.486 Y3.039 E0.04243
G1 X-3.474 Y1.99 E0.03545
G1 X-2.461 Y0.994 E0.03455
G1 X-1.452 Y0.038 E0.03381
G1 X-.442 Y-.871 E0.03305
G1 X0.565 Y-1.741 E0.03237
G1 X1.52 Y-2.529 E0.03011
G1 X2.593 Y-3.379 E0.03329
G1 X3.856 Y-4.325 E0.03838
G1 F3600 E-1
G0 F12000 X5.164 Y-4.749
;TYPE:WALL-OUTER
G1 F3600 E1
G1 F1918.6 X-2.634 Y-4.75 E0.18966
G1 X-3.726 Y-3.794 E0.0353
G1 X-4.826 Y-2.785 E0.0363
G1 X-5.336 Y-2.302 E0.01708
G1 X-6.331 Y-1.331 E0.03381
G1 X-7.813 Y0.201 E0.05184
G1 X-8.717 Y1.185 E0.0325
G1 X-9.686 Y2.287 E0.03569
G1 X-10.599 Y3.374 E0.03453
G1 X-11.699 Y4.75 E0.04285
G1 X-5.487 Y4.75 E0.15108
G1 X-4.18 Y3.334 E0.04687
G1 X-3.176 Y2.293 E0.03518
G1 X-2.168 Y1.302 E0.03438
G1 X-1.168 Y0.354 E0.03351
G1 X-.164 Y-.55 E0.03286
G1 X0.836 Y-1.413 E0.03213
G1 X1.784 Y-2.196 E0.0299
G1 X2.849 Y-3.04 E0.03305
G1 X3.885 Y-3.823 E0.03158
G1 X5.164 Y-4.749 E0.0384
G0 F12000 X4.364 Y-4.749
G1 F3600 E-1
;MESH:NONMESH
G0 F600 X4.364 Y-4.749 Z33.97
G0 F12000 X4.325 Y-4.48
G0 X-2.467 Y-3.804
G0 X-2.556 Y-3.907
;TIME_ELAPSED:864.085769
;LAYER:259
;note -- min layer time used
;TYPE:FILL
;MESH:bridge_3a.stl
G1 F3600 E1
G1 F1911.6 X-1.806 Y-2.881 E0.03091
G1 X-.903 Y-2.077 E0.02941
G1 X-.289 Y-1.724 E0.01723
G1 X-.709 Y-1.363 E0.01347
G1 X-1.718 Y-.46 E0.03293
G1 X-2.7 Y0.462 E0.03276
G1 X-3.755 Y1.499 E0.03598
G1 X-4.894 Y2.675 E0.03982
G1 X-5.27 Y3.083 E0.01349
G1 X-5.418 Y2.88 E0.00611
G1 X-6.321 Y2.076 E0.02941
G1 X-7.224 Y1.557 E0.02533
G1 X-7.891 Y1.307 E0.01732
G1 F3600 E-1
G0 F12000 X3.614 Y-4.325
;TYPE:WALL-INNER
G1 F3600 E1
G1 F1911.6 X-2.694 Y-4.325 E0.15342
G1 X-4.123 Y-3.052 E0.04655
G1 X-5.129 Y-2.108 E0.03355
G1 X-6.145 Y-1.116 E0.03454
G1 X-7.112 Y-.129 E0.03361
G1 X-8.548 Y1.42 E0.05137
G1 X-9.47 Y2.472 E0.03402
G1 X-10.369 Y3.541 E0.03397
G1 X-11.001 Y4.324 E0.02447
G1 X-5.851 Y4.325 E0.12526
G1 X-5.493 Y3.922 E0.01311
G1 X-4.484 Y2.829 E0.03618
G1 X-3.474 Y1.79 E0.03524
G1 X-2.417 Y0.752 E0.03603
G1 X-1.451 Y-.155 E0.03223
G1 X-.441 Y-1.06 E0.03298
G1 X0.603 Y-1.958 E0.03349
G1 X1.582 Y-2.763 E0.03083
G1 X2.569 Y-3.54 E0.03055
G1 X3.614 Y-4.325 E0.03179
G1 F3600 E-1
G0 F12000 X4.926 Y-4.749
;TYPE:WALL-OUTER
G1 F3600 E1
G1 F1911.6 X-2.854 Y-4.75 E0.18922
G1 X-3.354 Y-4.313 E0.01615
G1 X-4.413 Y-3.362 E0.03462
G1 X-5.481 Y-2.359 E0.03563
G1 X-6.448 Y-1.413 E0.0329
G1 X-7.438 Y-.403 E0.0344
G1 X-8.868 Y1.139 E0.05115
G1 X-9.786 Y2.187 E0.03388
G1 X-10.7 Y3.275 E0.03456
G1 X-11.879 Y4.75 E0.04593
G1 X-5.661 Y4.75 E0.15123
G1 X-5.18 Y4.21 E0.01759
G1 X-4.18 Y3.125 E0.03589
G1 X-3.176 Y2.093 E0.03502
G1 X-2.127 Y1.062 E0.03577
G1 X-1.167 Y0.161 E0.03202
G1 X-.164 Y-.738 E0.03276
G1 X0.873 Y-1.63 E0.03327
G1 X1.845 Y-2.429 E0.0306
G1 X2.825 Y-3.2 E0.03033
G1 X3.885 Y-3.999 E0.03228
G1 X4.926 Y-4.749 E0.03121
G0 F12000 X4.126 Y-4.749
G1 F3600 E-1
;MESH:NONMESH
G0 F600 X4.126 Y-4.749 Z34.1
G0 F12000 X4.086 Y-4.482
G0 X-2.463 Y-3.92
;TIME_ELAPSED:867.447930
;LAYER:260
;note -- min layer time used
;TYPE:FILL
;MESH:bridge_3a.stl
G1 F3600 E1
G1 F1900.4 X-1.806 Y-2.931 E0.02888
G1 X-.903 Y-2.068 E0.03038
G1 X-.438 Y-1.78 E0.0133
G1 X-1.72 Y-.646 E0.04163
G1 X-2.605 Y0.172 E0.02931
G1 X-3.752 Y1.291 E0.03897
G1 X-4.873 Y2.449 E0.0392
G1 X-5.366 Y2.979 E0.0176
G1 X-6.321 Y2.067 E0.03212
G1 X-7.224 Y1.508 E0.02583
G1 X-7.981 Y1.188 E0.01999
G1 F3600 E-1
G0 F12000 X3.381 Y-4.324
;TYPE:WALL-INNER
G1 F3600 E1
G1 F1900.4 X-2.91 Y-4.325 E0.15301
G1 X-4.223 Y-3.152 E0.04282
G1 X-5.229 Y-2.208 E0.03355
G1 X-6.256 Y-1.205 E0.03491
G1 X-7.226 Y-.213 E0.03374
G1 X-8.18 Y0.804 E0.03391
G1 X-9.104 Y1.834 E0.03365
G1 X-10.024 Y2.905 E0.03434
G1 X-11.181 Y4.325 E0.04455
G1 X-6.04 Y4.325 E0.12504
G1 X-5.481 Y3.696 E0.02047
G1 X-4.484 Y2.625 E0.03559
G1 X-3.463 Y1.575 E0.03562
G1 X-2.436 Y0.573 E0.0349
G1 X-1.446 Y-.348 E0.03289
G1 X-.44 Y-1.245 E0.03278
G1 X0.567 Y-2.11 E0.03229
G1 X1.583 Y-2.944 E0.03197
G1 X2.591 Y-3.733 E0.03113
G1 X3.381 Y-4.324 E0.024
G1 F3600 E-1
G0 F12000 X4.694 Y-4.75
;TYPE:WALL-OUTER
G1 F3600 E1
G1 F1900.4 X-3.069 Y-4.75 E0.18881
G1 X-4.514 Y-3.462 E0.04708
G1 X-5.539 Y-2.499 E0.03421
G1 X-6.531 Y-1.531 E0.03371
G1 X-7.519 Y-.522 E0.03435
G1 X-8.496 Y0.52 E0.03474
G1 X-9.437 Y1.569 E0.03427
G1 X-10.351 Y2.634 E0.03413
G1 X-11.685 Y4.273 E0.0514
G1 X-12.056 Y4.75 E0.0147
G1 X-5.849 Y4.75 E0.15096
G1 X-5.17 Y3.985 E0.02488
G1 X-4.18 Y2.921 E0.03535
G1 X-3.166 Y1.88 E0.03534
G1 X-2.147 Y0.885 E0.03464
G1 X-1.163 Y-0.031 E0.0327
G1 X-.163 Y-.922 E0.03258
G1 X0.837 Y-1.782 E0.03208
G1 X1.845 Y-2.609 E0.03171
G1 X2.846 Y-3.393 E0.03092
G1 X3.854 Y-4.147 E0.03062
G1 X4.694 Y-4.75 E0.02515
G0 F12000 X3.894 Y-4.75
G1 F3600 E-1
;MESH:NONMESH
G0 F600 X3.894 Y-4.75 Z34.23
G0 F12000 X3.85 Y-4.487
G0 X-2.366 Y-3.919
;TIME_ELAPSED:870.808815
;LAYER:261
;note -- min layer time used
;TYPE:FILL
;MESH:bridge_3a.stl
G1 F3600 E1
G1 F1889.3 X-1.806 Y-2.98 E0.02659
G1 X-.903 Y-2.054 E0.03146
G1 X-.585 Y-1.842 E0.0093
G1 X-1.751 Y-.81 E0.03787
G1 X-2.636 Y0.007 E0.02929
G1 X-3.753 Y1.098 E0.03798
G1 X-4.872 Y2.247 E0.03901
G1 X-5.489 Y2.906 E0.02196
G1 X-6.321 Y2.053 E0.02898
G1 X-7.224 Y1.453 E0.02637
G1 X-8.057 Y1.062 E0.02238
G1 F3600 E-1
G0 F12000 X3.14 Y-4.324
;TYPE:WALL-INNER
G1 F3600 E1
G1 F1889.3 X-3.132 Y-4.325 E0.15254
G1 X-4.32 Y-3.254 E0.0389
G1 X-5.342 Y-2.295 E0.03409
G1 X-6.346 Y-1.315 E0.03412
G1 X-7.392 Y-.243 E0.03643
G1 X-8.28 Y0.704 E0.03157
G1 X-9.214 Y1.746 E0.03403
G1 X-10.125 Y2.802 E0.03392
G1 X-10.643 Y3.427 E0.01974
G1 X-11.365 Y4.324 E0.02801
G1 X-6.227 Y4.325 E0.12496
G1 X-5.494 Y3.502 E0.0268
G1 X-4.477 Y2.417 E0.03617
G1 X-3.472 Y1.389 E0.03497
G1 X-2.46 Y0.401 E0.0344
G1 X-1.485 Y-.505 E0.03237
G1 X-.44 Y-1.433 E0.03399
G1 X0.573 Y-2.299 E0.03241
G1 X1.583 Y-3.124 E0.03172
G1 X2.59 Y-3.912 E0.0311
G1 X3.14 Y-4.324 E0.01671
G1 F3600 E-1
G0 F12000 X4.448 Y-4.749
;TYPE:WALL-OUTER
G1 F3600 E1
G1 F1889.3 X-3.295 Y-4.75 E0.18832
G1 X-4.611 Y-3.564 E0.04309
G1 X-5.639 Y-2.599 E0.03429
G1 X-6.631 Y-1.631 E0.03371
G1 X-7.619 Y-.623 E0.03433
G1 X-8.596 Y0.42 E0.03476
G1 X-9.536 Y1.468 E0.03424
G1 X-10.451 Y2.53 E0.03409
G1 X-10.974 Y3.16 E0.01991
G1 X-11.789 Y4.173 E0.03162
G1 X-12.235 Y4.749 E0.01772
G1 X-6.037 Y4.75 E0.15074
G1 X-5.183 Y3.793 E0.0312
G1 X-4.173 Y2.714 E0.03595
G1 X-3.175 Y1.693 E0.03472
G1 X-2.171 Y0.712 E0.03414
G1 X-1.203 Y-.187 E0.03213
G1 X-.163 Y-1.11 E0.03382
G1 X0.841 Y-1.97 E0.03215
G1 X1.845 Y-2.789 E0.03151
G1 X2.845 Y-3.572 E0.03089
G1 X3.686 Y-4.204 E0.02559
G1 X4.448 Y-4.749 E0.02279
G0 F12000 X3.648 Y-4.749
G1 F3600 E-1
;MESH:NONMESH
G0 F600 X3.648 Y-4.749 Z34.36
G0 F12000 X3.607 Y-4.483
G0 X-2.324 Y-3.92
;TIME_ELAPSED:874.169270
;LAYER:262
;note -- min layer time used
;TYPE:FILL
;MESH:bridge_3a.stl
G1 F3600 E1
G1 F1878.1 X-2.175 Y-3.612 E0.00832
G1 X-1.563 Y-2.709 E0.02653
G1 X-.725 Y-1.908 E0.02819
G1 X-1.714 Y-1.035 E0.03208
G1 X-2.635 Y-.19 E0.0304
G1 X-3.756 Y0.902 E0.03806
G1 X-4.868 Y2.034 E0.03859
G1 X-5.592 Y2.81 E0.02581
G1 X-5.66 Y2.709 E0.00296
G1 X-6.605 Y1.806 E0.03179
G1 X-8.128 Y0.93 E0.04273
G1 F3600 E-1
G0 F12000 X2.889 Y-4.325
;TYPE:WALL-INNER
G1 F3600 E1
G1 F1878.1 X-3.337 Y-4.325 E0.15143
G1 X-4.423 Y-3.351 E0.03548
G1 X-5.429 Y-2.408 E0.03354
G1 X-6.445 Y-1.416 E0.03454
G1 X-7.426 Y-.413 E0.03412
G1 X-8.379 Y0.604 E0.0339
G1 X-9.314 Y1.646 E0.03405
G1 X-10.225 Y2.703 E0.03394
G1 X-11.117 Y3.783 E0.03407
G1 X-11.547 Y4.325 E0.01683
G1 X-6.413 Y4.325 E0.12487
G1 X-5.718 Y3.539 E0.02552
G1 X-4.481 Y2.213 E0.0441
G1 X-3.468 Y1.188 E0.03505
G1 X-2.458 Y0.204 E0.0343
G1 X-1.448 Y-.73 E0.03346
G1 X-.567 Y-1.509 E0.0286
G1 X0.573 Y-2.484 E0.03648
G1 X1.58 Y-3.305 E0.0316
G1 X2.889 Y-4.325 E0.04036
G1 F3600 E-1
G0 F12000 X4.204 Y-4.75
;TYPE:WALL-OUTER
G1 F3600 E1
G1 F1878.1 X-3.5 Y-4.75 E0.18737
G1 X-4.714 Y-3.661 E0.03967
G1 X-5.739 Y-2.699 E0.03419
G1 X-6.748 Y-1.713 E0.03431
G1 X-7.719 Y-.722 E0.03374
G1 X-8.696 Y0.32 E0.03474
G1 X-9.636 Y1.368 E0.03424
G1 X-10.553 Y2.433 E0.03418
G1 X-11.449 Y3.519 E0.03424
G1 X-12.413 Y4.75 E0.03803
G1 X-6.221 Y4.75 E0.1506
G1 X-5.407 Y3.829 E0.0299
G1 X-4.178 Y2.512 E0.04381
G1 X-3.171 Y1.493 E0.03484
G1 X-2.17 Y0.516 E0.03402
G1 X-1.166 Y-.412 E0.03325
G1 X-.291 Y-1.186 E0.02841
G1 X0.841 Y-2.154 E0.03623
G1 X1.842 Y-2.97 E0.03141
G1 X2.847 Y-3.753 E0.03099
G1 X4.204 Y-4.75 E0.04095
G0 F12000 X3.404 Y-4.75
G1 F3600 E-1
;MESH:NONMESH
G0 F600 X3.404 Y-4.75 Z34.49
G0 F12000 X3.366 Y-4.479
G0 X-2.252 Y-3.919
;TIME_ELAPSED:877.529037
;LAYER:263
;note -- min layer time used
;TYPE:FILL
;MESH:bridge_3a.stl
G1 F3600 E1
G1 F1867.4 X-2.118 Y-3.612 E0.00815
G1 X-1.547 Y-2.709 E0.02598
G1 X-.846 Y-1.99 E0.02442
G1 X-1.72 Y-1.217 E0.02838
G1 X-2.625 Y-.391 E0.0298
G1 X-3.752 Y0.7 E0.03815
G1 X-4.874 Y1.836 E0.03883
G1 X-5.687 Y2.698 E0.02882
G1 X-6.556 Y1.806 E0.03029
G1 X-7.957 Y0.903 E0.04054
G1 X-8.175 Y0.783 E0.00605
G1 F3600 E-1
G0 F12000 X2.669 Y-4.324
;TYPE:WALL-INNER
G1 F3600 E1
G1 F1867.4 X-3.548 Y-4.324 E0.15121
G1 X-4.479 Y-3.487 E0.03045
G1 X-5.542 Y-2.495 E0.03536
G1 X-6.534 Y-1.521 E0.03381
G1 X-7.531 Y-.508 E0.03457
G1 X-8.957 Y1.034 E0.05108
G1 X-9.409 Y1.54 E0.0165
G1 X-10.326 Y2.604 E0.03416
G1 X-11.236 Y3.707 E0.03478
G1 X-11.723 Y4.325 E0.01914
G1 X-6.599 Y4.325 E0.12462
G1 X-5.491 Y3.08 E0.04054
G1 X-4.48 Y2.008 E0.03584
G1 X-3.466 Y0.987 E0.035
G1 X-2.457 Y0.011 E0.03414
G1 X-1.447 Y-.918 E0.03338
G1 X-.437 Y-1.811 E0.03279
G1 X0.574 Y-2.669 E0.03225
G1 X1.57 Y-3.477 E0.03119
G1 X2.669 Y-4.324 E0.03375
G1 F3600 E-1
G0 F12000 X3.96 Y-4.75
;TYPE:WALL-OUTER
G1 F3600 E1
G1 F1867.4 X-3.712 Y-4.749 E0.18659
G1 X-4.769 Y-3.798 E0.03458
G1 X-5.839 Y-2.799 E0.0356
G1 X-6.837 Y-1.82 E0.034
G1 X-7.843 Y-.797 E0.0349
G1 X-9.274 Y0.75 E0.05125
G1 X-9.72 Y1.249 E0.01628
G1 X-10.654 Y2.333 E0.0348
G1 X-11.569 Y3.443 E0.03499
G1 X-12.592 Y4.75 E0.04037
G1 X-6.409 Y4.75 E0.15038
G1 X-5.182 Y3.372 E0.04488
G1 X-4.178 Y2.307 E0.0356
G1 X-3.17 Y1.292 E0.03479
G1 X-2.17 Y0.323 E0.03387
G1 X-1.166 Y-.6 E0.03317
G1 X-.162 Y-1.487 E0.03258
G1 X0.842 Y-2.339 E0.03203
G1 X1.843 Y-3.15 E0.03133
G1 X2.85 Y-3.929 E0.03096
G1 X3.96 Y-4.75 E0.03358
G0 F12000 X3.16 Y-4.75
G1 F3600 E-1
;MESH:NONMESH
G0 F600 X3.16 Y-4.75 Z34.62
G0 F12000 X3.124 Y-4.475
G0 X-2.187 Y-3.92
;TIME_ELAPSED:880.887539
;LAYER:264
;note -- min layer time used
;TYPE:FILL
;MESH:bridge_3a.stl
G1 F3600 E1
G1 F1857.3 X-2.067 Y-3.612 E0.00804
G1 X-1.537 Y-2.709 E0.02547
G1 X-.963 Y-2.077 E0.02076
G1 X-1.72 Y-1.41 E0.02454
G1 X-2.736 Y-.479 E0.03352
G1 X-3.748 Y0.497 E0.03419
G1 X-4.873 Y1.631 E0.03885
G1 X-5.788 Y2.597 E0.03236
G1 X-6.507 Y1.806 E0.026
G1 X-7.776 Y0.903 E0.03788
G1 X-8.221 Y0.625 E0.01276
G1 F3600 E-1
G0 F12000 X2.434 Y-4.324
;TYPE:WALL-INNER
G1 F3600 E1
G1 F1857.3 X-3.767 Y-4.325 E0.15082
G1 X-5.149 Y-3.063 E0.04552
G1 X-6.145 Y-2.107 E0.03358
G1 X-7.135 Y-1.116 E0.03407
G1 X-8.124 Y-0.083 E0.03478
G1 X-9.047 Y0.922 E0.03319
G1 X-9.523 Y1.454 E0.01736
G1 X-10.427 Y2.504 E0.0337
G1 X-11.345 Y3.616 E0.03507
G1 X-11.901 Y4.325 E0.02191
G1 X-6.808 Y4.325 E0.12387
G1 X-5.49 Y2.871 E0.04773
G1 X-4.479 Y1.803 E0.03577
G1 X-3.469 Y0.79 E0.03479
G1 X-2.456 Y-.186 E0.03421
G1 X-1.446 Y-1.111 E0.03331
G1 X-.436 Y-2 E0.03273
G1 X0.576 Y-2.853 E0.03219
G1 X1.571 Y-3.658 E0.03113
G1 X2.434 Y-4.324 E0.02651
G1 F3600 E-1
G0 F12000 X3.725 Y-4.75
;TYPE:WALL-OUTER
G1 F3600 E1
G1 F1857.3 X-3.928 Y-4.75 E0.18613
G1 X-4.38 Y-4.347 E0.01473
G1 X-5.443 Y-3.37 E0.03511
G1 X-6.446 Y-2.408 E0.0338
G1 X-7.425 Y-1.429 E0.03367
G1 X-8.421 Y-.389 E0.03502
G1 X-9.363 Y0.638 E0.03389
G1 X-9.845 Y1.177 E0.01759
G1 X-10.754 Y2.233 E0.03389
G1 X-11.673 Y3.345 E0.03509
G1 X-12.766 Y4.75 E0.04329
G1 X-6.596 Y4.75 E0.15006
G1 X-6.186 Y4.272 E0.01532
G1 X-5.182 Y3.164 E0.03637
G1 X-4.178 Y2.103 E0.03553
G1 X-3.174 Y1.096 E0.03458
G1 X-2.169 Y0.127 E0.03395
G1 X-1.166 Y-.792 E0.03309
G1 X-.162 Y-1.676 E0.03254
G1 X0.842 Y-2.523 E0.03195
G1 X1.843 Y-3.33 E0.03127
G1 X2.852 Y-4.11 E0.03102
G1 X3.725 Y-4.75 E0.02633
G0 F12000 X2.925 Y-4.75
G1 F3600 E-1
;MESH:NONMESH
G0 F600 X2.925 Y-4.75 Z34.75
G0 F12000 X2.888 Y-4.478
G0 X-2.128 Y-3.92
;TIME_ELAPSED:884.245157
;LAYER:265
;note -- min layer time used
;TYPE:FILL
;MESH:bridge_3a.stl
G1 F3600 E1
G1 F1848.1 X-2.022 Y-3.612 E0.00792
G1 X-1.532 Y-2.709 E0.02499
G1 X-1.072 Y-2.167 E0.01729
G1 X-1.718 Y-1.601 E0.02089
G1 X-2.764 Y-.646 E0.03445
G1 X-3.728 Y0.276 E0.03244
G1 X-4.772 Y1.319 E0.03589
G1 X-5.876 Y2.49 E0.03914
G1 X-6.456 Y1.806 E0.02181
G1 X-7.618 Y0.903 E0.03579
G1 X-8.264 Y0.461 E0.01904
G1 F3600 E-1
G0 F12000 X2.203 Y-4.325
;TYPE:WALL-INNER
G1 F3600 E1
G1 F1848.1 X-3.978 Y-4.325 E0.15033
G1 X-5.213 Y-3.197 E0.04068
G1 X-6.245 Y-2.207 E0.03478
G1 X-7.235 Y-1.216 E0.03407
G1 X-8.224 Y-.183 E0.03478
G1 X-9.15 Y0.826 E0.03331
G1 X-10.075 Y1.874 E0.034
G1 X-10.975 Y2.943 E0.03399
G1 X-11.416 Y3.482 E0.01694
G1 X-12.082 Y4.326 E0.02615
G1 X-6.974 Y4.325 E0.12423
G1 X-6.499 Y3.772 E0.01773
G1 X-5.519 Y2.7 E0.03533
G1 X-4.478 Y1.598 E0.03687
G1 X-3.443 Y0.563 E0.0356
G1 X-2.463 Y-.373 E0.03296
G1 X-1.445 Y-1.3 E0.03349
G1 X-.435 Y-2.185 E0.03266
G1 X0.576 Y-3.034 E0.03211
G1 X1.583 Y-3.847 E0.03148
G1 X2.203 Y-4.325 E0.01904
G1 F3600 E-1
G0 F12000 X3.486 Y-4.75
;TYPE:WALL-OUTER
G1 F3600 E1
G1 F1848.1 X-4.14 Y-4.75 E0.18548
G1 X-5.507 Y-3.504 E0.04499
G1 X-6.546 Y-2.508 E0.03501
G1 X-7.542 Y-1.511 E0.03428
G1 X-8.537 Y-.47 E0.03502
G1 X-9.468 Y0.544 E0.03348
G1 X-10.4 Y1.601 E0.03427
G1 X-11.304 Y2.674 E0.03412
G1 X-11.749 Y3.219 E0.01711
G1 X-12.627 Y4.331 E0.03446
G1 X-12.945 Y4.75 E0.01279
G1 X-6.779 Y4.75 E0.14997
G1 X-6.185 Y4.059 E0.02216
G1 X-5.21 Y2.992 E0.03515
G1 X-4.177 Y1.899 E0.03658
G1 X-3.149 Y0.871 E0.03536
G1 X-2.165 Y-0.069 E0.0331
G1 X-1.165 Y-.981 E0.03292
G1 X-.161 Y-1.86 E0.03245
G1 X0.843 Y-2.703 E0.03188
G1 X1.843 Y-3.51 E0.03125
G1 X2.739 Y-4.202 E0.02753
G1 X3.486 Y-4.75 E0.02253
G0 F12000 X2.686 Y-4.75
G1 F3600 E-1
;MESH:NONMESH
G0 F600 X2.686 Y-4.75 Z34.88
G0 F12000 X2.65 Y-4.475
G0 X-2.073 Y-3.919
;TIME_ELAPSED:887.601985
;LAYER:266
;note -- min layer time used
;TYPE:FILL
;MESH:bridge_3a.stl
G1 F3600 E1
G1 F1836.8 X-1.981 Y-3.612 E0.00779
G1 X-1.531 Y-2.709 E0.02454
G1 X-1.181 Y-2.265 E0.01375
G1 X-1.561 Y-1.937 E0.01221
G1 X-2.728 Y-.872 E0.03843
G1 X-3.75 Y0.103 E0.03435
G1 X-4.789 Y1.14 E0.0357
G1 X-5.964 Y2.364 E0.04127
G1 X-6.404 Y1.806 E0.01728
G1 X-7.476 Y0.903 E0.03409
G1 X-8.303 Y0.293 E0.02499
G1 F3600 E-1
G0 F12000 X1.961 Y-4.324
;TYPE:WALL-INNER
G1 F3600 E1
G1 F1836.8 X-4.193 Y-4.324 E0.14967
G1 X-5.313 Y-3.297 E0.03696
G1 X-6.345 Y-2.307 E0.03478
G1 X-7.335 Y-1.317 E0.03405
G1 X-8.359 Y-.246 E0.03604
G1 X-9.249 Y0.725 E0.03204
G1 X-10.164 Y1.761 E0.03362
G1 X-11.077 Y2.845 E0.03447
G1 X-12.263 Y4.324 E0.04611
G1 X-7.161 Y4.325 E0.12409
G1 X-6.499 Y3.56 E0.02461
G1 X-5.453 Y2.416 E0.0377
G1 X-4.498 Y1.422 E0.03353
G1 X-3.466 Y0.391 E0.03548
G1 X-2.455 Y-.571 E0.03394
G1 X-1.444 Y-1.493 E0.03328
G1 X-.434 Y-2.374 E0.0326
G1 X0.61 Y-3.248 E0.03311
G1 X1.961 Y-4.324 E0.04201
G1 F3600 E-1
G0 F12000 X3.226 Y-4.75
;TYPE:WALL-OUTER
G1 F3600 E1
G1 F1836.8 X-4.358 Y-4.749 E0.18445
G1 X-5.607 Y-3.604 E0.04121
G1 X-6.646 Y-2.608 E0.03501
G1 X-7.642 Y-1.611 E0.03428
G1 X-8.671 Y-.533 E0.03625
G1 X-9.567 Y0.443 E0.03222
G1 X-10.5 Y1.501 E0.03431
G1 X-11.407 Y2.578 E0.03425
G1 X-12.29 Y3.671 E0.03417
G1 X-12.727 Y4.227 E0.0172
G1 X-13.121 Y4.749 E0.01591
G1 X-6.967 Y4.75 E0.14967
G1 X-6.185 Y3.847 E0.02905
G1 X-5.147 Y2.71 E0.03744
G1 X-4.197 Y1.723 E0.03332
G1 X-3.173 Y0.698 E0.03524
G1 X-2.169 Y-.257 E0.0337
G1 X-1.165 Y-1.173 E0.03305
G1 X-.161 Y-2.048 E0.03239
G1 X0.876 Y-2.916 E0.03289
G1 X1.847 Y-3.691 E0.03022
G1 X3.226 Y-4.75 E0.04229
G0 F12000 X2.426 Y-4.75
G1 F3600 E-1
;MESH:NONMESH
G0 F600 X2.426 Y-4.75 Z35.01
G0 F12000 X2.426 Y-4.425
G0 X-2.023 Y-3.919
;TIME_ELAPSED:890.959490
;LAYER:267
;note -- min layer time used
;TYPE:FILL
;MESH:bridge_3a.stl
G1 F3600 E1
G1 F1828.1 X-1.945 Y-3.612 E0.0077
G1 X-1.534 Y-2.709 E0.02413
G1 X-1.278 Y-2.36 E0.01053
G1 X-2.686 Y-1.104 E0.04589
G1 X-3.749 Y-0.099 E0.03558
G1 X-4.768 Y0.915 E0.03496
G1 X-6.038 Y2.232 E0.0445
G1 X-6.35 Y1.806 E0.01284
G1 X-7.345 Y0.903 E0.03268
G1 X-8.337 Y0.122 E0.03071
G1 F3600 E-1
G0 F12000 X1.743 Y-4.325
;TYPE:WALL-INNER
G1 F3600 E1
G1 F1828.1 X-4.397 Y-4.325 E0.14933
G1 X-5.437 Y-3.372 E0.03431
G1 X-6.446 Y-2.407 E0.03396
G1 X-7.435 Y-1.417 E0.03403
G1 X-8.425 Y-.383 E0.03482
G1 X-9.35 Y0.626 E0.03329
G1 X-10.264 Y1.661 E0.03358
G1 X-11.177 Y2.745 E0.03447
G1 X-12.056 Y3.834 E0.03404
G1 X-12.441 Y4.325 E0.01518
G1 X-7.348 Y4.325 E0.12387
G1 X-6.498 Y3.348 E0.0315
G1 X-5.486 Y2.243 E0.03644
G1 X-4.477 Y1.197 E0.03535
G1 X-3.464 Y0.189 E0.03476
G1 X-2.416 Y-.802 E0.03508
G1 X-1.44 Y-1.681 E0.03195
G1 X-.482 Y-2.518 E0.03094
G1 X0.612 Y-3.434 E0.0347
G1 X1.743 Y-4.325 E0.03502
G1 F3600 E-1
G0 F12000 X3.005 Y-4.75
;TYPE:WALL-OUTER
G1 F3600 E1
G1 F1828.1 X-4.562 Y-4.75 E0.18404
G1 X-5.713 Y-3.697 E0.03794
G1 X-6.746 Y-2.708 E0.03478
G1 X-7.742 Y-1.711 E0.03428
G1 X-8.737 Y-.67 E0.03502
G1 X-9.668 Y0.344 E0.03348
G1 X-10.6 Y1.401 E0.03427
G1 X-11.507 Y2.478 E0.03425
G1 X-12.391 Y3.572 E0.03421
G1 X-12.847 Y4.155 E0.018
G1 X-13.297 Y4.75 E0.01814
G1 X-7.154 Y4.75 E0.14941
G1 X-6.185 Y3.635 E0.03593
G1 X-5.18 Y2.538 E0.03618
G1 X-4.177 Y1.498 E0.03514
G1 X-3.172 Y0.498 E0.03448
G1 X-2.132 Y-.486 E0.03482
G1 X-1.161 Y-1.361 E0.03179
G1 X-.209 Y-2.192 E0.03073
G1 X0.876 Y-3.1 E0.03441
G1 X1.848 Y-3.871 E0.03017
G1 X3.005 Y-4.75 E0.03534
G0 F12000 X2.205 Y-4.75
G1 F3600 E-1
;MESH:NONMESH
G0 F600 X2.205 Y-4.75 Z35.14
G0 F12000 X2.174 Y-4.466
G0 X-1.978 Y-3.92
;TIME_ELAPSED:894.314484
;LAYER:268
;note -- min layer time used
;TYPE:FILL
;MESH:bridge_3a.stl
G1 F3600 E1
G1 F1819 X-1.913 Y-3.612 E0.00766
G1 X-1.541 Y-2.709 E0.02375
G1 X-1.378 Y-2.468 E0.00708
G1 X-2.73 Y-1.253 E0.04421
G1 X-3.741 Y-.298 E0.03382
G1 X-4.765 Y0.708 E0.03491
G1 X-6.094 Y2.102 E0.04684
G1 X-6.295 Y1.806 E0.0087
G1 X-7.222 Y0.903 E0.03147
G1 X-8.307 Y0.00 E0.03433
G1 X-8.359 Y-0.063 E0.00199
G1 F3600 E-1
G0 F12000 X1.51 Y-4.325
;TYPE:WALL-INNER
G1 F3600 E1
G1 F1819 X-4.609 Y-4.325 E0.14882
G1 X-6.027 Y-3.01 E0.04704
G1 X-7.038 Y-2.015 E0.0345
G1 X-8.039 Y-.992 E0.03481
G1 X-8.497 Y-.51 E0.01617
G1 X-9.473 Y0.551 E0.03506
G1 X-10.376 Y1.575 E0.03321
G1 X-11.278 Y2.643 E0.034
G1 X-12.16 Y3.734 E0.03412
G1 X-12.616 Y4.325 E0.01816
G1 X-7.532 Y4.325 E0.12365
G1 X-6.497 Y3.134 E0.03838
G1 X-5.486 Y2.039 E0.03625
G1 X-4.474 Y0.99 E0.03545
G1 X-3.46 Y-0.007 E0.03459
G1 X-2.453 Y-.957 E0.03367
G1 X-1.443 Y-1.87 E0.03311
G1 X-.432 Y-2.748 E0.03257
G1 X0.543 Y-3.557 E0.03081
G1 X1.51 Y-4.325 E0.03003
G1 F3600 E-1
G0 F12000 X2.776 Y-4.75
;TYPE:WALL-OUTER
G1 F3600 E1
G1 F1819 X-4.774 Y-4.75 E0.18363
G1 X-5.825 Y-3.785 E0.0347
G1 X-6.322 Y-3.316 E0.01662
G1 X-7.327 Y-2.327 E0.03429
G1 X-8.336 Y-1.298 E0.03505
G1 X-8.81 Y-.798 E0.01676
G1 X-9.791 Y0.27 E0.03527
G1 X-10.701 Y1.301 E0.03345
G1 X-11.608 Y2.375 E0.03419
G1 X-12.497 Y3.475 E0.0344
G1 X-13.478 Y4.75 E0.03913
G1 X-7.338 Y4.75 E0.14933
G1 X-6.184 Y3.422 E0.04279
G1 X-5.18 Y2.334 E0.03601
G1 X-4.176 Y1.293 E0.03518
G1 X-3.168 Y0.302 E0.03438
G1 X-2.168 Y-.642 E0.03345
G1 X-1.164 Y-1.549 E0.03291
G1 X-.16 Y-2.421 E0.03234
G1 X0.808 Y-3.224 E0.03059
G1 X1.849 Y-4.052 E0.03235
G1 X2.776 Y-4.75 E0.02822
G0 F12000 X1.976 Y-4.75
G1 F3600 E-1
;MESH:NONMESH
G0 F600 X1.976 Y-4.75 Z35.27
G0 F12000 X1.943 Y-4.469
G0 X-1.938 Y-3.919
;TIME_ELAPSED:897.668307
;LAYER:269
;note -- min layer time used
;TYPE:FILL
;MESH:bridge_3a.stl
G1 F3600 E1
G1 F1809.3 X-1.886 Y-3.612 E0.00757
G1 X-1.552 Y-2.709 E0.02342
G1 X-1.466 Y-2.573 E0.00391
G1 X-2.719 Y-1.459 E0.04078
G1 X-3.742 Y-.493 E0.03422
G1 X-4.763 Y0.507 E0.03476
G1 X-5.781 Y1.556 E0.03555
G1 X-6.147 Y1.95 E0.01308
G1 X-6.238 Y1.806 E0.00414
G1 X-7.104 Y0.903 E0.03043
G1 X-8.138 Y0.00 E0.03339
G1 X-8.361 Y-.267 E0.00846
G1 F3600 E-1
G0 F12000 X1.281 Y-4.324
;TYPE:WALL-INNER
G1 F3600 E1
G1 F1809.3 X-4.823 Y-4.325 E0.14846
G1 X-6.144 Y-3.093 E0.04393
G1 X-7.136 Y-2.116 E0.03386
G1 X-8.109 Y-1.128 E0.03373
G1 X-9.077 Y-0.095 E0.03443
G1 X-9.545 Y0.42 E0.01692
G1 X-10.461 Y1.456 E0.03363
G1 X-11.378 Y2.542 E0.03457
G1 X-12.26 Y3.635 E0.03416
G1 X-12.797 Y4.325 E0.02127
G1 X-7.724 Y4.325 E0.12338
G1 X-6.495 Y2.92 E0.0454
G1 X-5.485 Y1.834 E0.03607
G1 X-4.473 Y0.79 E0.03536
G1 X-3.46 Y-.203 E0.0345
G1 X-2.451 Y-1.155 E0.03374
G1 X-1.442 Y-2.059 E0.03295
G1 X-.431 Y-2.932 E0.03249
G1 X0.581 Y-3.77 E0.03196
G1 X1.281 Y-4.324 E0.02171
G1 F3600 E-1
G0 F12000 X2.54 Y-4.75
;TYPE:WALL-OUTER
G1 F3600 E1
G1 F1809.3 X-4.987 Y-4.75 E0.18307
G1 X-5.402 Y-4.373 E0.01364
G1 X-6.442 Y-3.396 E0.03471
G1 X-7.439 Y-2.414 E0.03404
G1 X-8.434 Y-1.402 E0.03452
G1 X-9.392 Y-.381 E0.03405
G1 X-9.863 Y0.138 E0.01705
G1 X-10.786 Y1.182 E0.03389
G1 X-11.708 Y2.275 E0.03478
G1 X-12.596 Y3.374 E0.03436
G1 X-13.656 Y4.75 E0.04225
G1 X-7.528 Y4.75 E0.14904
G1 X-7.184 Y4.346 E0.01291
G1 X-6.184 Y3.209 E0.03683
G1 X-5.18 Y2.13 E0.03585
G1 X-4.176 Y1.093 E0.03511
G1 X-3.168 Y0.106 E0.03431
G1 X-2.167 Y-.839 E0.03348
G1 X-1.164 Y-1.738 E0.03276
G1 X-.16 Y-2.605 E0.03226
G1 X0.844 Y-3.436 E0.0317
G1 X1.809 Y-4.2 E0.02994
G1 X2.54 Y-4.75 E0.02225
G0 F12000 X1.74 Y-4.75
G1 F3600 E-1
;MESH:NONMESH
G0 F600 X1.74 Y-4.75 Z35.4
G0 F12000 X1.708 Y-4.467
G0 X-1.901 Y-3.919
;TIME_ELAPSED:901.021003
;LAYER:270
;note -- min layer time used
;TYPE:FILL
;MESH:bridge_3a.stl
G1 F3600 E1
G1 F1800.1 X-1.863 Y-3.612 E0.00752
G1 X-1.555 Y-2.688 E0.02369
G1 X-2.719 Y-1.651 E0.03792
G1 X-3.64 Y-.795 E0.03058
G1 X-4.745 Y0.288 E0.03763
G1 X-5.812 Y1.384 E0.0372
G1 X-6.192 Y1.791 E0.01354
G1 X-6.991 Y0.903 E0.02905
G1 X-7.982 Y0.00 E0.03261
G1 X-8.374 Y-.46 E0.0147
G1 F3600 E-1
G0 F12000 X1.058 Y-4.325
;TYPE:WALL-INNER
G1 F3600 E1
G1 F1800.1 X-5.03 Y-4.325 E0.14807
G1 X-6.208 Y-3.226 E0.03918
G1 X-7.298 Y-2.154 E0.03718
G1 X-8.225 Y-1.211 E0.03216
G1 X-9.178 Y-.194 E0.0339
G1 X-10.123 Y0.851 E0.03427
G1 X-11.468 Y2.431 E0.05047
G1 X-12.361 Y3.535 E0.03454
G1 X-12.977 Y4.325 E0.02436
G1 X-7.908 Y4.325 E0.12329
G1 X-7.506 Y3.852 E0.0151
G1 X-6.495 Y2.712 E0.03706
G1 X-5.516 Y1.661 E0.03493
G1 X-4.473 Y0.589 E0.03638
G1 X-3.462 Y-.401 E0.03441
G1 X-2.451 Y-1.347 E0.03367
G1 X-1.441 Y-2.252 E0.03298
G1 X-.396 Y-3.151 E0.03353
G1 X0.582 Y-3.951 E0.03073
G1 X1.058 Y-4.325 E0.01472
G1 F3600 E-1
G0 F12000 X2.301 Y-4.749
;TYPE:WALL-OUTER
G1 F3600 E1
G1 F1800.1 X-5.197 Y-4.75 E0.18236
G1 X-6.523 Y-3.515 E0.04407
G1 X-7.6 Y-2.452 E0.0368
G1 X-8.515 Y-1.522 E0.03173
G1 X-9.493 Y-.479 E0.03477
G1 X-10.424 Y0.549 E0.03373
G1 X-11.795 Y2.16 E0.05145
G1 X-12.696 Y3.273 E0.03483
G1 X-13.846 Y4.75 E0.04553
G1 X-7.712 Y4.75 E0.14919
G1 X-7.188 Y4.134 E0.01967
G1 X-6.183 Y3.001 E0.03683
G1 X-5.212 Y1.957 E0.03468
G1 X-4.158 Y0.877 E0.0367
G1 X-3.171 Y-0.091 E0.03362
G1 X-2.167 Y-1.031 E0.03345
G1 X-1.164 Y-1.93 E0.03276
G1 X-.127 Y-2.822 E0.03327
G1 X0.845 Y-3.617 E0.03054
G1 X1.848 Y-4.408 E0.03107
G1 X2.301 Y-4.749 E0.01379
G0 F12000 X1.501 Y-4.749
G1 F3600 E-1
;MESH:NONMESH
G0 F600 X1.501 Y-4.749 Z35.53
G0 F12000 X1.501 Y-4.425
G0 X-1.87 Y-3.919
;TIME_ELAPSED:904.373275
;LAYER:271
;note -- min layer time used
;TYPE:FILL
;MESH:bridge_3a.stl
G1 F3600 E1
G1 F1790.9 X-1.844 Y-3.612 E0.00749
G1 X-1.617 Y-2.819 E0.02006
G1 X-2.761 Y-1.802 E0.03723
G1 X-3.698 Y-.928 E0.03116
G1 X-4.76 Y0.104 E0.03602
G1 X-5.792 Y1.156 E0.03584
G1 X-6.252 Y1.647 E0.01636
G1 X-6.88 Y0.903 E0.02368
G1 X-7.834 Y0.00 E0.03195
G1 X-8.392 Y-.647 E0.02078
G1 F3600 E-1
G0 F12000 X0.828 Y-4.324
;TYPE:WALL-INNER
G1 F3600 E1
G1 F1790.9 X-5.238 Y-4.325 E0.14753
G1 X-6.329 Y-3.308 E0.03628
G1 X-7.337 Y-2.316 E0.0344
G1 X-8.327 Y-1.31 E0.03433
G1 X-9.279 Y-.293 E0.03388
G1 X-10.218 Y0.75 E0.03413
G1 X-11.136 Y1.811 E0.03412
G1 X-12.468 Y3.436 E0.0511
G1 X-13.155 Y4.324 E0.02731
G1 X-8.092 Y4.325 E0.12314
G1 X-7.432 Y3.55 E0.02476
G1 X-6.493 Y2.498 E0.0343
G1 X-5.482 Y1.418 E0.03598
G1 X-4.471 Y0.388 E0.0351
G1 X-3.424 Y-.631 E0.03553
G1 X-2.486 Y-1.504 E0.03117
G1 X-1.44 Y-2.437 E0.03409
G1 X-.429 Y-3.302 E0.03236
G1 X0.828 Y-4.324 E0.0394
G1 F3600 E-1
G0 F12000 X2.066 Y-4.75
;TYPE:WALL-OUTER
G1 F3600 E1
G1 F1790.9 X-5.405 Y-4.75 E0.18171
G1 X-6.623 Y-3.615 E0.04049
G1 X-7.639 Y-2.614 E0.03469
G1 X-8.596 Y-1.643 E0.03316
G1 X-9.595 Y-.577 E0.03553
G1 X-10.54 Y0.471 E0.03432
G1 X-11.464 Y1.541 E0.03438
G1 X-12.805 Y3.176 E0.05143
G1 X-13.661 Y4.285 E0.03407
G1 X-14.005 Y4.749 E0.01405
G1 X-7.896 Y4.75 E0.14858
G1 X-7.115 Y3.833 E0.0293
G1 X-6.183 Y2.789 E0.03404
G1 X-5.178 Y1.716 E0.03576
G1 X-4.175 Y0.692 E0.03486
G1 X-3.135 Y-.319 E0.03528
G1 X-2.203 Y-1.187 E0.03098
G1 X-1.163 Y-2.114 E0.03388
G1 X-.159 Y-2.974 E0.03215
G1 X0.845 Y-3.797 E0.03157
G1 X2.066 Y-4.75 E0.03767
G0 F12000 X1.266 Y-4.75
G1 F3600 E-1
;MESH:NONMESH
G0 F600 X1.266 Y-4.75 Z35.66
G0 F12000 X1.266 Y-4.425
G0 X-1.842 Y-3.92
;TIME_ELAPSED:907.724200
;LAYER:272
;note -- min layer time used
;TYPE:FILL
;MESH:bridge_3a.stl
G1 F3600 E1
G1 F1788.6 X-1.829 Y-3.612 E0.0075
G1 X-1.67 Y-2.962 E0.01628
G1 X-2.714 Y-2.034 E0.03397
G1 X-3.628 Y-1.192 E0.03022
G1 X-4.754 Y-0.098 E0.03818
G1 X-5.775 Y0.94 E0.03541
G1 X-6.3 Y1.496 E0.0186
G1 X-6.771 Y0.903 E0.01842
G1 X-7.693 Y0.00 E0.03139
G1 X-8.417 Y-.827 E0.02673
G1 F3600 E-1
G0 F12000 X-.34 Y-3.992
G0 X0.602 Y-4.325
;TYPE:WALL-INNER
G1 F3600 E1
G1 F1788.6 X-5.449 Y-4.324 E0.14717
G1 X-6.445 Y-3.391 E0.03319
G1 X-7.436 Y-2.416 E0.03381
G1 X-8.409 Y-1.428 E0.03373
G1 X-9.367 Y-.407 E0.03405
G1 X-10.318 Y0.65 E0.03458
G1 X-11.235 Y1.71 E0.03409
G1 X-12.125 Y2.785 E0.03394
G1 X-12.632 Y3.417 E0.01971
G1 X-13.335 Y4.325 E0.02793
G1 X-8.279 Y4.325 E0.12297
G1 X-7.617 Y3.551 E0.02477
G1 X-6.483 Y2.28 E0.04143
G1 X-5.492 Y1.228 E0.03515
G1 X-4.467 Y0.187 E0.03553
G1 X-3.46 Y-.791 E0.03414
G1 X-2.449 Y-1.729 E0.03354
G1 X-1.439 Y-2.625 E0.03284
G1 X-.426 Y-3.492 E0.03243
G1 X0.602 Y-4.325 E0.03218
G1 F3600 E-1
G0 F12000 X-.34 Y-3.992
G0 X1.082 Y-4.493
G0 X1.826 Y-4.75
;TYPE:WALL-OUTER
G1 F3600 E1
G1 F1788.6 X-5.617 Y-4.749 E0.18102
G1 X-6.7 Y-3.737 E0.03605
G1 X-7.739 Y-2.714 E0.03546
G1 X-8.734 Y-1.702 E0.03452
G1 X-9.704 Y-.668 E0.03448
G1 X-10.639 Y0.371 E0.034
G1 X-11.549 Y1.422 E0.03381
G1 X-12.45 Y2.51 E0.03436
G1 X-12.968 Y3.157 E0.02016
G1 X-13.766 Y4.19 E0.03175
G1 X-14.182 Y4.75 E0.01697
G1 X-8.084 Y4.75 E0.14831
G1 X-7.299 Y3.833 E0.02936
G1 X-6.174 Y2.572 E0.0411
G1 X-5.179 Y1.516 E0.03529
G1 X-4.171 Y0.492 E0.03495
G1 X-3.171 Y-.48 E0.03392
G1 X-2.167 Y-1.411 E0.0333
G1 X-1.163 Y-2.302 E0.03265
G1 X-.158 Y-3.163 E0.03219
G1 X0.845 Y-3.977 E0.03142
G1 X1.826 Y-4.75 E0.03038
G0 F12000 X1.026 Y-4.75
G1 F3600 E-1
;MESH:NONMESH
G0 F600 X1.026 Y-4.75 Z35.79
G0 F12000 X1.026 Y-4.425
G0 X-1.715 Y-3.111
;TIME_ELAPSED:911.102898
;LAYER:273
;note -- min layer time used
;TYPE:FILL
;MESH:bridge_3a.stl
G1 F3600 E1
G1 F1808.2 X-1.817 Y-3.612 E0.01244
G1 X-1.818 Y-3.92 E0.00749
G1 X-5.497 Y-3.919 E0.08948
G1 X-6.263 Y-3.2 E0.02555
G1 X-7.252 Y-2.23 E0.03369
G1 X-8.424 Y-1.025 E0.04088
G1 X-8.359 Y-.903 E0.00336
G1 X-7.557 Y0.00 E0.02937
G1 X-6.662 Y0.903 E0.03092
G1 X-6.341 Y1.333 E0.01305
G1 F3600 E-1
G0 F12000 X-3.046 Y-1.819
G0 X-.56 Y-3.992
G0 X0.377 Y-4.325
;TYPE:WALL-INNER
G1 F3600 E1
G1 F1808.2 X-5.657 Y-4.324 E0.14676
G1 X-6.544 Y-3.493 E0.02956
G1 X-7.536 Y-2.52 E0.0338
G1 X-8.523 Y-1.513 E0.03429
G1 X-9.441 Y-.532 E0.03268
G1 X-10.421 Y0.55 E0.03551
G1 X-11.334 Y1.609 E0.03401
G1 X-12.223 Y2.687 E0.03398
G1 X-12.813 Y3.419 E0.02287
G1 X-13.508 Y4.324 E0.02775
G1 X-8.461 Y4.325 E0.12275
G1 X-7.806 Y3.552 E0.02464
G1 X-6.915 Y2.545 E0.0327
G1 X-6.49 Y2.079 E0.01534
G1 X-5.48 Y1.012 E0.03573
G1 X-4.466 Y-0.01 E0.03502
G1 X-3.46 Y-.983 E0.03404
G1 X-2.448 Y-1.922 E0.03358
G1 X-1.437 Y-2.815 E0.03281
G1 X-.609 Y-3.519 E0.02643
G1 X0.377 Y-4.325 E0.03097
G1 F3600 E-1
G0 F12000 X-.56 Y-3.992
G0 X0.854 Y-4.493
G0 X1.609 Y-4.75
;TYPE:WALL-OUTER
G1 F3600 E1
G1 F1808.2 X-5.825 Y-4.749 E0.18081
G1 X-6.842 Y-3.797 E0.03388
G1 X-7.839 Y-2.818 E0.03398
G1 X-8.833 Y-1.804 E0.03454
G1 X-9.755 Y-.817 E0.03285
G1 X-10.743 Y0.272 E0.03576
G1 X-11.662 Y1.339 E0.03425
G1 X-12.554 Y2.42 E0.03409
G1 X-13.149 Y3.16 E0.02309
G1 X-13.913 Y4.154 E0.03049
G1 X-14.356 Y4.749 E0.01804
G1 X-8.264 Y4.75 E0.14817
G1 X-7.488 Y3.834 E0.0292
G1 X-6.601 Y2.831 E0.03257
G1 X-6.182 Y2.372 E0.01512
G1 X-5.178 Y1.311 E0.03553
G1 X-4.17 Y0.296 E0.03479
G1 X-3.171 Y-.672 E0.03383
G1 X-2.166 Y-1.604 E0.03334
G1 X-1.162 Y-2.491 E0.03258
G1 X-.339 Y-3.19 E0.02626
G1 X0.847 Y-4.162 E0.0373
G1 X1.609 Y-4.75 E0.02341
G0 F12000 X0.809 Y-4.75
G1 F3600 E-1
;MESH:NONMESH
G0 F600 X0.809 Y-4.75 Z35.92
G0 F12000 X0.809 Y-4.425
G0 X-1.798 Y-3.919
;TIME_ELAPSED:914.486512
;LAYER:274
;note -- min layer time used
;TYPE:FILL
;MESH:bridge_3a.stl
G1 F3600 E1
G1 F1772.1 X-1.81 Y-3.612 E0.00747
G1 X-1.753 Y-3.264 E0.00858
G1 X-2.717 Y-2.413 E0.03127
G1 X-3.728 Y-1.478 E0.03349
G1 X-4.677 Y-.574 E0.03188
G1 X-5.773 Y0.528 E0.0378
G1 X-6.373 Y1.16 E0.02119
G1 X-6.553 Y0.903 E0.00763
G1 X-7.424 Y0.00 E0.03051
G1 X-8.24 Y-.903 E0.0296
G1 X-8.426 Y-1.226 E0.00907
G1 F3600 E-1
G0 F12000 X-.787 Y-3.991
G0 X0.151 Y-4.324
;TYPE:WALL-INNER
G1 F3600 E1
G1 F1772.1 X-5.88 Y-4.325 E0.14668
G1 X-7.195 Y-3.054 E0.04448
G1 X-8.134 Y-2.114 E0.03231
G1 X-9.126 Y-1.081 E0.03483
G1 X-10.063 Y-0.059 E0.03372
G1 X-11.439 Y1.51 E0.05076
G1 X-12.344 Y2.608 E0.03461
G1 X-13.201 Y3.686 E0.03349
G1 X-13.685 Y4.324 E0.01948
G1 X-8.646 Y4.324 E0.12256
G1 X-8.023 Y3.589 E0.02343
G1 X-7.104 Y2.545 E0.03383
G1 X-6.49 Y1.871 E0.02217
G1 X-5.48 Y0.808 E0.03566
G1 X-4.443 Y-.237 E0.03581
G1 X-3.455 Y-1.18 E0.03322
G1 X-2.443 Y-2.114 E0.03349
G1 X-1.399 Y-3.037 E0.03389
G1 X-.426 Y-3.857 E0.03095
G1 X0.151 Y-4.324 E0.01805
G1 F3600 E-1
G0 F12000 X-.787 Y-3.991
G0 X0.623 Y-4.494
G0 X1.375 Y-4.75
;TYPE:WALL-OUTER
G1 F3600 E1
G1 F1772.1 X-6.034 Y-4.75 E0.1802
G1 X-6.412 Y-4.402 E0.0125
G1 X-7.443 Y-3.407 E0.03485
G1 X-8.44 Y-2.408 E0.03433
G1 X-9.439 Y-1.368 E0.03507
G1 X-10.381 Y-.341 E0.03389
G1 X-11.767 Y1.24 E0.05114
G1 X-12.677 Y2.343 E0.03478
G1 X-13.539 Y3.429 E0.03372
G1 X-14.537 Y4.75 E0.04027
G1 X-8.448 Y4.749 E0.14809
G1 X-7.704 Y3.87 E0.02801
G1 X-6.789 Y2.831 E0.03367
G1 X-6.182 Y2.163 E0.02195
G1 X-5.178 Y1.107 E0.03544
G1 X-4.149 Y0.071 E0.03551
G1 X-3.166 Y-.868 E0.03306
G1 X-2.162 Y-1.796 E0.03325
G1 X-1.126 Y-2.712 E0.03363
G1 X-.158 Y-3.527 E0.03078
G1 X0.842 Y-4.338 E0.03131
G1 X1.375 Y-4.75 E0.01638
G0 F12000 X0.575 Y-4.75
G1 F3600 E-1
;MESH:NONMESH
G0 F600 X0.575 Y-4.75 Z36.05
G0 F12000 X0.575 Y-4.425
G0 X-1.783 Y-3.422
;TIME_ELAPSED:917.862686
;LAYER:275
;note -- min layer time used
;TYPE:FILL
;MESH:bridge_3a.stl
G1 F3600 E1
G1 F1978 X-1.782 Y-3.92 E0.01211
G1 X-5.92 Y-3.92 E0.10064
G1 X-6.746 Y-3.123 E0.02792
G1 X-8.072 Y-1.804 E0.04549
G1 X-8.441 Y-1.417 E0.01301
G1 X-8.125 Y-.903 E0.01467
G1 X-7.294 Y0.00 E0.02985
G1 X-6.384 Y0.966 E0.03228
G1 X-6.787 Y1.388 E0.01419
G1 X-7.899 Y2.617 E0.04031
G1 X-9.031 Y3.92 E0.04198
G1 X-12.656 Y3.919 E0.08817
G1 X-12.656 Y3.427 E0.01197
G1 F3600 E-1
G0 F12000 X-1.004 Y-3.991
G0 X-0.09 Y-4.325
;TYPE:WALL-INNER
G1 F3600 E1
G1 F1978 X-6.083 Y-4.325 E0.14576
G1 X-7.242 Y-3.206 E0.03918
G1 X-8.235 Y-2.213 E0.03415
G1 X-9.226 Y-1.181 E0.0348
G1 X-10.149 Y-.176 E0.03319
G1 X-11.078 Y0.874 E0.0341
G1 X-11.561 Y1.442 E0.01813
G1 X-12.381 Y2.434 E0.0313
G1 X-13.302 Y3.588 E0.03591
G1 X-13.864 Y4.324 E0.02252
G1 X-8.833 Y4.325 E0.12236
G1 X-8.51 Y3.937 E0.01228
G1 X-7.5 Y2.774 E0.03746
G1 X-6.489 Y1.662 E0.03655
G1 X-5.478 Y0.602 E0.03563
G1 X-4.443 Y-.433 E0.0356
G1 X-3.463 Y-1.369 E0.03296
G1 X-2.445 Y-2.304 E0.03362
G1 X-1.436 Y-3.188 E0.03263
G1 X-0.09 Y-4.325 E0.04285
G1 F3600 E-1
G0 F12000 X-1.004 Y-3.991
G0 X0.398 Y-4.492
G0 X1.122 Y-4.749
;TYPE:WALL-OUTER
G1 F3600 E1
G1 F1978 X-6.255 Y-4.75 E0.17942
G1 X-7.543 Y-3.507 E0.04353
G1 X-8.541 Y-2.508 E0.03434
G1 X-9.539 Y-1.468 E0.03506
G1 X-10.467 Y-.458 E0.03336
G1 X-11.402 Y0.598 E0.0343
G1 X-12.713 Y2.168 E0.04975
G1 X-13.64 Y3.329 E0.03613
G1 X-14.714 Y4.749 E0.0433
G1 X-8.634 Y4.75 E0.14787
G1 X-8.189 Y4.216 E0.01691
G1 X-7.185 Y3.059 E0.03726
G1 X-6.181 Y1.955 E0.03629
G1 X-5.177 Y0.903 E0.03537
G1 X-4.149 Y-.125 E0.03536
G1 X-3.166 Y-1.065 E0.03308
G1 X-2.165 Y-1.985 E0.03307
G1 X-1.162 Y-2.864 E0.03244
G1 X-.158 Y-3.711 E0.03195
G1 X1.122 Y-4.749 E0.04008
G0 F12000 X0.322 Y-4.749
G1 F3600 E-1
;MESH:NONMESH
G0 F600 X0.322 Y-4.749 Z36.18
G0 F12000 X0.322 Y-4.425
G0 X-8.37 Y-1.5
G0 X-8.465 Y-1.593
;TIME_ELAPSED:921.300762
;LAYER:276
;note -- min layer time used
;TYPE:FILL
;MESH:bridge_3a.stl
G1 F3600 E1
G1 F1829.4 X-8.012 Y-.903 E0.02008
G1 X-6.433 Y0.793 E0.05636
G1 X-7.898 Y2.398 E0.05285
G1 X-8.674 Y3.29 E0.02876
G1 X-9.205 Y3.92 E0.02004
G1 X-12.666 Y3.92 E0.08418
G1 X-12.641 Y3.612 E0.00752
G1 X-12.686 Y3.232 E0.00931
G1 F3600 E-1
G0 F12000 X-1.224 Y-3.991
G0 X-.302 Y-4.324
;TYPE:WALL-INNER
G1 F3600 E1
G1 F1829.4 X-6.277 Y-4.325 E0.14532
G1 X-7.346 Y-3.302 E0.03599
G1 X-8.348 Y-2.299 E0.03448
G1 X-9.402 Y-1.2 E0.03704
G1 X-10.249 Y-.276 E0.03049
G1 X-11.184 Y0.78 E0.0343
G1 X-12.084 Y1.846 E0.03393
G1 X-12.968 Y2.935 E0.03411
G1 X-13.4 Y3.484 E0.01699
G1 X-14.041 Y4.324 E0.0257
G1 X-9.015 Y4.325 E0.12224
G1 X-8.369 Y3.556 E0.02443
G1 X-7.498 Y2.556 E0.03225
G1 X-6.455 Y1.418 E0.03754
G1 X-5.497 Y0.421 E0.03363
G1 X-4.466 Y-.605 E0.03538
G1 X-3.533 Y-1.494 E0.03134
G1 X-2.445 Y-2.492 E0.03591
G1 X-1.435 Y-3.377 E0.03266
G1 X-.302 Y-4.324 E0.03591
G1 F3600 E-1
G0 F12000 X-1.224 Y-3.991
G0 X0.172 Y-4.492
G0 X0.909 Y-4.75
;TYPE:WALL-OUTER
G1 F3600 E1
G1 F1829.4 X-6.447 Y-4.75 E0.17891
G1 X-7.647 Y-3.603 E0.04037
G1 X-8.654 Y-2.594 E0.03467
G1 X-9.639 Y-1.568 E0.03459
G1 X-10.567 Y-.558 E0.03336
G1 X-11.509 Y0.505 E0.03454
G1 X-12.414 Y1.578 E0.03414
G1 X-13.302 Y2.672 E0.03427
G1 X-13.737 Y3.226 E0.01713
G1 X-14.899 Y4.749 E0.04659
G1 X-8.817 Y4.75 E0.14792
G1 X-8.049 Y3.835 E0.02905
G1 X-7.185 Y2.843 E0.032
G1 X-6.181 Y1.746 E0.03617
G1 X-5.197 Y0.722 E0.03454
G1 X-4.173 Y-.298 E0.03515
G1 X-3.246 Y-1.181 E0.03114
G1 X-2.165 Y-2.173 E0.03568
G1 X-1.161 Y-3.052 E0.03245
G1 X-.157 Y-3.895 E0.03188
G1 X0.909 Y-4.75 E0.03324
G0 F12000 X0.109 Y-4.75
G1 F3600 E-1
;MESH:NONMESH
G0 F600 X0.109 Y-4.75 Z36.31
G0 F12000 X0.109 Y-4.425
G0 X-8.405 Y-1.667
G0 X-8.5 Y-1.759
;TIME_ELAPSED:924.694897
;LAYER:277
;note -- min layer time used
;TYPE:FILL
;MESH:bridge_3a.stl
G1 F3600 E1
G1 F1828.8 X-7.902 Y-.903 E0.0254
G1 X-7.033 Y0.00 E0.03048
G1 X-6.466 Y0.627 E0.02056
G1 X-7.946 Y2.234 E0.05313
G1 X-8.818 Y3.238 E0.03234
G1 X-9.389 Y3.92 E0.02163
G1 X-12.651 Y3.919 E0.07934
G1 X-12.638 Y3.612 E0.00747
G1 X-12.726 Y3.057 E0.01367
G1 F3600 E-1
G0 F12000 X-1.444 Y-3.991
G0 X-.525 Y-4.325
;TYPE:WALL-INNER
G1 F3600 E1
G1 F1828.8 X-6.484 Y-4.325 E0.14493
G1 X-7.446 Y-3.403 E0.03241
G1 X-8.434 Y-2.413 E0.03402
G1 X-9.426 Y-1.381 E0.03482
G1 X-10.462 Y-.247 E0.03736
G1 X-11.284 Y0.68 E0.03013
G1 X-12.185 Y1.747 E0.03397
G1 X-13.068 Y2.835 E0.03408
G1 X-14.219 Y4.324 E0.04577
G1 X-9.2 Y4.325 E0.12207
G1 X-8.508 Y3.498 E0.02623
G1 X-7.497 Y2.347 E0.03726
G1 X-6.487 Y1.248 E0.0363
G1 X-5.475 Y0.195 E0.03552
G1 X-4.466 Y-.801 E0.03448
G1 X-3.454 Y-1.764 E0.03398
G1 X-2.445 Y-2.681 E0.03316
G1 X-1.487 Y-3.517 E0.03092
G1 X-.525 Y-4.325 E0.03056
G1 F3600 E-1
G0 F12000 X-1.444 Y-3.991
G0 X-0.05 Y-4.493
G0 X0.686 Y-4.75
;TYPE:WALL-OUTER
G1 F3600 E1
G1 F1828.8 X-6.655 Y-4.75 E0.17854
G1 X-7.746 Y-3.704 E0.03676
G1 X-8.74 Y-2.708 E0.03422
G1 X-9.739 Y-1.668 E0.03507
G1 X-10.667 Y-.658 E0.03336
G1 X-11.609 Y0.405 E0.03454
G1 X-12.503 Y1.464 E0.03371
G1 X-13.403 Y2.573 E0.03474
G1 X-14.271 Y3.687 E0.03435
G1 X-15.062 Y4.749 E0.03221
G1 X-9.001 Y4.75 E0.14741
G1 X-8.188 Y3.779 E0.0308
G1 X-7.185 Y2.634 E0.03702
G1 X-6.181 Y1.542 E0.03608
G1 X-5.176 Y0.498 E0.03524
G1 X-4.173 Y-.494 E0.03431
G1 X-3.169 Y-1.45 E0.03372
G1 X-2.165 Y-2.361 E0.03297
G1 X-1.213 Y-3.192 E0.03073
G1 X-.156 Y-4.08 E0.03358
G1 X0.686 Y-4.75 E0.02617
G0 F12000 X-.114 Y-4.75
G1 F3600 E-1
;MESH:NONMESH
G0 F600 X-.114 Y-4.75 Z36.44
G0 F12000 X-.114 Y-4.425
G0 X-8.429 Y-1.847
G0 X-8.522 Y-1.937
;TIME_ELAPSED:928.088607
;LAYER:278
;note -- min layer time used
;TYPE:FILL
;MESH:bridge_3a.stl
G1 F3600 E1
G1 F1828.9 X-8.464 Y-1.806 E0.00348
G1 X-7.793 Y-.903 E0.02736
G1 X-6.9 Y0.00 E0.03089
G1 X-6.489 Y0.463 E0.01506
G1 X-6.874 Y0.862 E0.01349
G1 X-7.777 Y1.841 E0.03239
G1 X-8.816 Y3.02 E0.03822
G1 X-9.569 Y3.919 E0.02852
G1 X-12.63 Y3.92 E0.07445
G1 X-12.63 Y3.612 E0.00749
G1 X-12.775 Y2.891 E0.01789
G1 F3600 E-1
G0 F12000 X-1.666 Y-3.991
G0 X-.741 Y-4.325
;TYPE:WALL-INNER
G1 F3600 E1
G1 F1828.9 X-6.705 Y-4.325 E0.14505
G1 X-8.038 Y-3.015 E0.04546
G1 X-9.506 Y-1.506 E0.0512
G1 X-10.398 Y-.535 E0.03207
G1 X-11.383 Y0.578 E0.03615
G1 X-12.287 Y1.645 E0.03401
G1 X-13.169 Y2.732 E0.03405
G1 X-13.703 Y3.415 E0.02109
G1 X-14.395 Y4.325 E0.0278
G1 X-9.38 Y4.324 E0.12197
G1 X-8.507 Y3.281 E0.03308
G1 X-7.497 Y2.134 E0.03717
G1 X-6.485 Y1.038 E0.03628
G1 X-5.474 Y-0.006 E0.03535
G1 X-4.461 Y-1.002 E0.03455
G1 X-3.454 Y-1.956 E0.03374
G1 X-2.442 Y-2.875 E0.03325
G1 X-1.429 Y-3.75 E0.03256
G1 X-.741 Y-4.325 E0.02181
G1 F3600 E-1
G0 F12000 X-1.666 Y-3.991
G0 X-.277 Y-4.492
G0 X0.459 Y-4.749
;TYPE:WALL-OUTER
G1 F3600 E1
G1 F1828.9 X-6.864 Y-4.75 E0.17811
G1 X-7.322 Y-4.316 E0.01535
G1 X-8.327 Y-3.327 E0.03429
G1 X-9.818 Y-1.793 E0.05203
G1 X-10.737 Y-.792 E0.03305
G1 X-11.707 Y0.303 E0.03558
G1 X-12.603 Y1.36 E0.0337
G1 X-13.504 Y2.47 E0.03477
G1 X-14.041 Y3.158 E0.02123
G1 X-14.796 Y4.152 E0.03036
G1 X-15.235 Y4.75 E0.01804
G1 X-9.181 Y4.749 E0.14724
G1 X-8.188 Y3.562 E0.03764
G1 X-7.162 Y2.398 E0.03774
G1 X-6.18 Y1.334 E0.03522
G1 X-5.176 Y0.297 E0.03511
G1 X-4.169 Y-.694 E0.03436
G1 X-3.169 Y-1.642 E0.03351
G1 X-2.164 Y-2.554 E0.03301
G1 X-1.157 Y-3.424 E0.03237
G1 X-.2 Y-4.224 E0.03034
G1 X0.459 Y-4.749 E0.02049
G0 F12000 X-.341 Y-4.749
G1 F3600 E-1
;MESH:NONMESH
G0 F600 X-.341 Y-4.749 Z36.57
G0 F12000 X-.341 Y-4.425
G0 X-8.454 Y-2.025
G0 X-8.549 Y-2.118
;TIME_ELAPSED:931.482349
;LAYER:279
;note -- min layer time used
;TYPE:FILL
;MESH:bridge_3a.stl
G1 F3600 E1
G1 F1827.6 X-8.398 Y-1.806 E0.00843
G1 X-7.685 Y-.903 E0.02798
G1 X-6.765 Y0.00 E0.03135
G1 X-6.514 Y0.286 E0.00925
G1 X-6.873 Y0.657 E0.01256
G1 X-7.793 Y1.65 E0.03292
G1 X-8.361 Y2.284 E0.0207
G1 X-9.231 Y3.291 E0.03237
G1 X-9.751 Y3.92 E0.01985
G1 X-12.607 Y3.92 E0.06946
G1 X-12.619 Y3.612 E0.0075
G1 X-12.831 Y2.735 E0.02194
G1 F3600 E-1
G0 F12000 X-1.882 Y-3.991
G0 X-.961 Y-4.325
;TYPE:WALL-INNER
G1 F3600 E1
G1 F1827.6 X-6.897 Y-4.324 E0.14437
G1 X-8.142 Y-3.111 E0.04228
G1 X-9.109 Y-2.124 E0.03361
G1 X-10.079 Y-1.093 E0.03443
G1 X-11.483 Y0.479 E0.05126
G1 X-12.387 Y1.545 E0.03399
G1 X-13.269 Y2.633 E0.03406
G1 X-14.133 Y3.741 E0.03417
G1 X-14.573 Y4.324 E0.01776
G1 X-9.562 Y4.325 E0.12187
G1 X-8.927 Y3.558 E0.02422
G1 X-8.055 Y2.549 E0.03243
G1 X-7.492 Y1.921 E0.02051
G1 X-6.484 Y0.833 E0.03607
G1 X-5.473 Y-.207 E0.03528
G1 X-4.46 Y-1.199 E0.03448
G1 X-3.453 Y-2.149 E0.03367
G1 X-2.441 Y-3.064 E0.03318
G1 X-.961 Y-4.325 E0.04729
G1 F3600 E-1
G0 F12000 X-1.882 Y-3.991
G0 X-.504 Y-4.492
G0 X0.208 Y-4.75
;TYPE:WALL-OUTER
G1 F3600 E1
G1 F1827.6 X-7.07 Y-4.749 E0.17701
G1 X-8.427 Y-3.427 E0.04608
G1 X-9.431 Y-2.402 E0.0349
G1 X-10.394 Y-1.378 E0.03419
G1 X-11.807 Y0.203 E0.05157
G1 X-12.703 Y1.26 E0.0337
G1 X-13.604 Y2.371 E0.03479
G1 X-14.472 Y3.485 E0.03435
G1 X-14.972 Y4.148 E0.0202
G1 X-15.409 Y4.749 E0.01807
G1 X-9.362 Y4.75 E0.14707
G1 X-8.606 Y3.836 E0.02885
G1 X-7.739 Y2.833 E0.03224
G1 X-7.18 Y2.21 E0.02036
G1 X-6.18 Y1.129 E0.03582
G1 X-5.175 Y0.097 E0.03504
G1 X-4.168 Y-.89 E0.03429
G1 X-3.168 Y-1.834 E0.03345
G1 X-2.164 Y-2.742 E0.03292
G1 X-1.157 Y-3.608 E0.0323
G1 X0.208 Y-4.75 E0.04329
G0 F12000 X-.592 Y-4.75
G1 F3600 E-1
;MESH:NONMESH
G0 F600 X-.592 Y-4.75 Z36.7
G0 F12000 X-.592 Y-4.425
G0 X-8.492 Y-2.188
G0 X-8.585 Y-2.28
;TIME_ELAPSED:934.875635
;LAYER:280
;note -- min layer time used
;TYPE:FILL
;MESH:bridge_3a.stl
G1 F3600 E1
G1 F1826.8 X-8.334 Y-1.806 E0.01304
G1 X-7.575 Y-.903 E0.02869
G1 X-6.534 Y0.086 E0.03492
G1 X-7.943 Y1.596 E0.05023
G1 X-8.813 Y2.584 E0.03202
G1 X-9.941 Y3.92 E0.04253
G1 X-12.58 Y3.919 E0.06418
G1 X-12.605 Y3.612 E0.00749
G1 X-12.86 Y2.709 E0.02282
G1 X-12.911 Y2.612 E0.00267
G1 F3600 E-1
G0 F12000 X-2.097 Y-3.991
G0 X-1.195 Y-4.325
;TYPE:WALL-INNER
G1 F3600 E1
G1 F1826.8 X-7.097 Y-4.325 E0.14355
G1 X-8.295 Y-3.152 E0.04078
G1 X-9.224 Y-2.208 E0.03221
G1 X-10.181 Y-1.191 E0.03396
G1 X-11.115 Y-.153 E0.03396
G1 X-11.646 Y0.453 E0.0196
G1 X-12.483 Y1.441 E0.03149
G1 X-13.369 Y2.532 E0.03418
G1 X-14.238 Y3.642 E0.03429
G1 X-14.746 Y4.324 E0.02068
G1 X-9.763 Y4.325 E0.12119
G1 X-8.505 Y2.847 E0.04721
G1 X-7.495 Y1.712 E0.03695
G1 X-6.516 Y0.661 E0.03493
G1 X-5.442 Y-.442 E0.03744
G1 X-4.463 Y-1.396 E0.03325
G1 X-3.451 Y-2.347 E0.03378
G1 X-2.44 Y-3.252 E0.033
G1 X-1.195 Y-4.325 E0.03997
G1 F3600 E-1
G0 F12000 X-2.097 Y-3.991
G0 X-.724 Y-4.492
G0 X0.003 Y-4.75
;TYPE:WALL-OUTER
G1 F3600 E1
G1 F1826.8 X-7.27 Y-4.75 E0.17689
G1 X-8.55 Y-3.499 E0.04353
G1 X-9.534 Y-2.499 E0.03412
G1 X-10.497 Y-1.475 E0.03419
G1 X-11.435 Y-.434 E0.03408
G1 X-11.97 Y0.178 E0.01977
G1 X-12.812 Y1.172 E0.03168
G1 X-13.704 Y2.27 E0.03441
G1 X-14.578 Y3.388 E0.03451
G1 X-15.587 Y4.749 E0.04121
G1 X-9.548 Y4.75 E0.14688
G1 X-9.191 Y4.31 E0.01378
G1 X-8.187 Y3.129 E0.0377
G1 X-7.183 Y2.001 E0.03673
G1 X-6.212 Y0.957 E0.03468
G1 X-5.145 Y-.137 E0.03717
G1 X-4.172 Y-1.087 E0.03307
G1 X-3.167 Y-2.031 E0.03354
G1 X-2.163 Y-2.93 E0.03278
G1 X-1.16 Y-3.793 E0.03218
G1 X0.003 Y-4.75 E0.03663
G0 F12000 X-.797 Y-4.75
G1 F3600 E-1
;MESH:NONMESH
G0 F600 X-.797 Y-4.75 Z36.83
G0 F12000 X-.797 Y-4.425
G0 X-8.54 Y-2.341
G0 X-8.633 Y-2.432
;TIME_ELAPSED:938.268932
;LAYER:281
;note -- min layer time used
;TYPE:FILL
;MESH:bridge_3a.stl
G1 F3600 E1
G1 F1826.3 X-8.273 Y-1.806 E0.01756
G1 X-7.465 Y-.903 E0.02947
G1 X-6.557 Y-0.074 E0.0299
G1 X-6.978 Y0.358 E0.01467
G1 X-7.794 Y1.227 E0.02899
G1 X-8.802 Y2.353 E0.03676
G1 X-10.14 Y3.92 E0.05011
G1 X-12.548 Y3.919 E0.05857
G1 X-12.586 Y3.612 E0.00752
G1 X-12.879 Y2.709 E0.02309
G1 X-13 Y2.499 E0.00589
G1 F3600 E-1
G0 F12000 X-2.315 Y-3.991
G0 X-1.408 Y-4.324
;TYPE:WALL-INNER
G1 F3600 E1
G1 F1826.3 X-7.301 Y-4.325 E0.14333
G1 X-8.316 Y-3.333 E0.03452
G1 X-9.323 Y-2.308 E0.03495
G1 X-10.28 Y-1.291 E0.03396
G1 X-11.215 Y-.253 E0.03398
G1 X-11.863 Y0.486 E0.0239
G1 X-12.586 Y1.344 E0.02729
G1 X-13.453 Y2.414 E0.03349
G1 X-14.337 Y3.543 E0.03487
G1 X-14.92 Y4.324 E0.0237
G1 X-9.93 Y4.325 E0.12136
G1 X-9.515 Y3.814 E0.01601
G1 X-8.503 Y2.625 E0.03797
G1 X-7.493 Y1.498 E0.03681
G1 X-6.583 Y0.527 E0.03237
G1 X-5.472 Y-.607 E0.03861
G1 X-4.424 Y-1.631 E0.03564
G1 X-3.487 Y-2.504 E0.03115
G1 X-2.44 Y-3.441 E0.03417
G1 X-1.408 Y-4.324 E0.03303
G1 F3600 E-1
G0 F12000 X-2.315 Y-3.991
G0 X-.946 Y-4.492
G0 X-.218 Y-4.75
;TYPE:WALL-OUTER
G1 F3600 E1
G1 F1826.3 X-7.474 Y-4.75 E0.17648
G1 X-8.618 Y-3.631 E0.03892
G1 X-9.633 Y-2.599 E0.03521
G1 X-10.596 Y-1.576 E0.03417
G1 X-11.535 Y-.534 E0.03412
G1 X-12.188 Y0.212 E0.02411
G1 X-12.916 Y1.076 E0.02748
G1 X-13.8 Y2.166 E0.03413
G1 X-14.678 Y3.288 E0.03465
G1 X-15.759 Y4.749 E0.0442
G1 X-9.727 Y4.75 E0.14671
G1 X-9.191 Y4.09 E0.02068
G1 X-8.187 Y2.909 E0.0377
G1 X-7.183 Y1.789 E0.03658
G1 X-6.279 Y0.825 E0.03214
G1 X-5.175 Y-.303 E0.03839
G1 X-4.135 Y-1.319 E0.03536
G1 X-3.203 Y-2.187 E0.03098
G1 X-2.163 Y-3.118 E0.03395
G1 X-1.123 Y-4.01 E0.03332
G1 X-.218 Y-4.75 E0.02843
G0 F12000 X-1.018 Y-4.75
G1 F3600 E-1
;MESH:NONMESH
G0 F600 X-1.018 Y-4.75 Z36.96
G0 F12000 X-1.018 Y-4.425
G0 X-8.6 Y-2.482
G0 X-8.693 Y-2.574
;TIME_ELAPSED:941.662226
;LAYER:282
;note -- min layer time used
;TYPE:FILL
;MESH:bridge_3a.stl
G1 F3600 E1
G1 F1825.3 X-8.214 Y-1.806 E0.02201
G1 X-7.352 Y-.903 E0.03036
G1 X-6.601 Y-.246 E0.02427
G1 X-8.013 Y1.257 E0.05016
G1 X-8.929 Y2.288 E0.03354
G1 X-9.827 Y3.341 E0.03366
G1 X-10.302 Y3.92 E0.01821
G1 X-12.512 Y3.919 E0.05375
G1 X-12.563 Y3.612 E0.00757
G1 X-12.894 Y2.709 E0.02339
G1 X-13.092 Y2.391 E0.00911
G1 F3600 E-1
G0 F12000 X-2.532 Y-3.991
G0 X-1.627 Y-4.324
;TYPE:WALL-INNER
G1 F3600 E1
G1 F1825.3 X-7.508 Y-4.325 E0.14303
G1 X-8.44 Y-3.412 E0.03173
G1 X-9.409 Y-2.424 E0.03366
G1 X-10.38 Y-1.391 E0.03448
G1 X-11.317 Y-.352 E0.03403
G1 X-12.239 Y0.71 E0.03421
G1 X-13.134 Y1.791 E0.03413
G1 X-14.441 Y3.445 E0.05127
G1 X-15.098 Y4.324 E0.02669
G1 X-10.109 Y4.325 E0.12134
G1 X-9.514 Y3.597 E0.02287
G1 X-8.621 Y2.551 E0.03345
G1 X-7.721 Y1.537 E0.03298
G1 X-6.481 Y0.217 E0.04405
G1 X-5.467 Y-.808 E0.03507
G1 X-4.424 Y-1.823 E0.0354
G1 X-3.446 Y-2.733 E0.03249
G1 X-2.44 Y-3.629 E0.03277
G1 X-1.627 Y-4.324 E0.02601
G1 F3600 E-1
G0 F12000 X-2.532 Y-3.991
G0 X-1.17 Y-4.492
G0 X-.443 Y-4.75
;TYPE:WALL-OUTER
G1 F3600 E1
G1 F1825.3 X-7.682 Y-4.75 E0.17606
G1 X-8.743 Y-3.709 E0.03615
G1 X-9.731 Y-2.702 E0.03431
G1 X-10.696 Y-1.676 E0.03426
G1 X-11.638 Y-.631 E0.03422
G1 X-12.566 Y0.439 E0.03445
G1 X-13.467 Y1.528 E0.03438
G1 X-14.781 Y3.19 E0.05153
G1 X-15.627 Y4.322 E0.03437
G1 X-15.933 Y4.749 E0.01278
G1 X-9.907 Y4.75 E0.14656
G1 X-9.191 Y3.873 E0.02754
G1 X-8.303 Y2.834 E0.03324
G1 X-7.411 Y1.828 E0.0327
G1 X-6.178 Y0.516 E0.04379
G1 X-5.171 Y-.504 E0.03486
G1 X-4.135 Y-1.512 E0.03516
G1 X-3.163 Y-2.415 E0.03227
G1 X-2.163 Y-3.306 E0.03258
G1 X-1.159 Y-4.166 E0.03215
G1 X-.443 Y-4.75 E0.02247
G0 F12000 X-1.243 Y-4.75
G1 F3600 E-1
;MESH:NONMESH
G0 F600 X-1.243 Y-4.75 Z37.09
G0 F12000 X-1.243 Y-4.425
G0 X-8.669 Y-2.612
G0 X-8.763 Y-2.705
;TIME_ELAPSED:945.055347
;LAYER:283
;note -- min layer time used
;TYPE:FILL
;MESH:bridge_3a.stl
G1 F3600 E1
G1 F1824.5 X-8.157 Y-1.806 E0.02637
G1 X-7.235 Y-.903 E0.03139
G1 X-6.64 Y-.406 E0.01886
G1 X-7.782 Y0.799 E0.04038
G1 X-8.809 Y1.934 E0.03723
G1 X-10.011 Y3.339 E0.04497
G1 X-10.484 Y3.92 E0.01822
G1 X-12.472 Y3.92 E0.04835
G1 X-12.536 Y3.612 E0.00765
G1 X-12.905 Y2.709 E0.02373
G1 X-13.191 Y2.286 E0.01242
G1 F3600 E-1
G0 F12000 X-2.751 Y-3.99
G0 X-1.842 Y-4.324
;TYPE:WALL-INNER
G1 F3600 E1
G1 F1824.5 X-7.712 Y-4.325 E0.14277
G1 X-8.536 Y-3.517 E0.02807
G1 X-9.518 Y-2.514 E0.03414
G1 X-10.443 Y-1.529 E0.03286
G1 X-11.419 Y-.45 E0.03539
G1 X-12.338 Y0.609 E0.0341
G1 X-13.233 Y1.687 E0.03408
G1 X-14.539 Y3.34 E0.05124
G1 X-15.276 Y4.325 E0.02992
G1 X-10.293 Y4.325 E0.12119
G1 X-9.706 Y3.606 E0.02257
G1 X-8.502 Y2.199 E0.04504
G1 X-7.491 Y1.079 E0.0367
G1 X-6.479 Y0.011 E0.03578
G1 X-5.467 Y-1.005 E0.03488
G1 X-4.46 Y-1.983 E0.03414
G1 X-3.447 Y-2.922 E0.03359
G1 X-2.439 Y-3.813 E0.03272
G1 X-1.842 Y-4.324 E0.01911
G1 F3600 E-1
G0 F12000 X-2.751 Y-3.99
G0 X-1.396 Y-4.501
G0 X-.667 Y-4.75
;TYPE:WALL-OUTER
G1 F3600 E1
G1 F1824.5 X-7.885 Y-4.75 E0.17555
G1 X-8.839 Y-3.815 E0.03249
G1 X-9.827 Y-2.805 E0.03436
G1 X-10.758 Y-1.814 E0.03307
G1 X-11.74 Y-.729 E0.03559
G1 X-12.649 Y0.318 E0.03372
G1 X-13.565 Y1.422 E0.03489
G1 X-14.879 Y3.086 E0.05157
G1 X-15.727 Y4.222 E0.03448
G1 X-16.109 Y4.75 E0.01585
G1 X-10.091 Y4.75 E0.14637
G1 X-9.375 Y3.873 E0.02754
G1 X-8.186 Y2.484 E0.04447
G1 X-7.182 Y1.372 E0.03644
G1 X-6.178 Y0.311 E0.03553
G1 X-5.171 Y-.7 E0.03471
G1 X-4.171 Y-1.672 E0.03392
G1 X-3.166 Y-2.604 E0.03334
G1 X-2.163 Y-3.49 E0.03255
G1 X-1.158 Y-4.35 E0.03217
G1 X-.667 Y-4.75 E0.0154
G0 F12000 X-1.467 Y-4.75
G1 F3600 E-1
;MESH:NONMESH
G0 F600 X-1.467 Y-4.75 Z37.22
G0 F12000 X-1.467 Y-4.425
G0 X-6.68 Y-.561
;TIME_ELAPSED:948.436762
;LAYER:284
;note -- min layer time used
;TYPE:FILL
;MESH:bridge_3a.stl
G1 F3600 E1
G1 F1799.2 X-7.112 Y-.903 E0.0134
G1 X-8.101 Y-1.806 E0.03257
G1 X-8.758 Y-2.709 E0.02716
G1 X-8.822 Y-2.85 E0.00377
G1 X-9.808 Y-1.823 E0.03463
G1 X-10.747 Y-.809 E0.03361
G1 X-12.13 Y0.769 E0.05103
G1 X-13.3 Y2.177 E0.04452
G1 X-12.913 Y2.709 E0.016
G1 X-12.505 Y3.612 E0.0241
G1 X-12.428 Y3.919 E0.0077
G1 F3600 E-1
G0 F12000 X-2.962 Y-3.99
G0 X-2.078 Y-4.324
;TYPE:WALL-INNER
G1 F3600 E1
G1 F1799.2 X-7.918 Y-4.325 E0.14204
G1 X-9.128 Y-3.116 E0.0416
G1 X-10.1 Y-2.104 E0.03413
G1 X-11.024 Y-1.108 E0.03304
G1 X-12.446 Y0.514 E0.05246
G1 X-13.328 Y1.574 E0.03354
G1 X-14.208 Y2.683 E0.03443
G1 X-15.453 Y4.325 E0.05012
G1 X-10.472 Y4.324 E0.12115
G1 X-9.51 Y3.149 E0.03693
G1 X-8.5 Y1.985 E0.03748
G1 X-7.519 Y0.908 E0.03543
G1 X-6.479 Y-.193 E0.03684
G1 X-5.469 Y-1.206 E0.03479
G1 X-4.459 Y-2.18 E0.03413
G1 X-3.448 Y-3.114 E0.03348
G1 X-2.078 Y-4.324 E0.04446
G1 F3600 E-1
G0 F12000 X-2.962 Y-3.99
G0 X-1.61 Y-4.491
G0 X-.894 Y-4.75
;TYPE:WALL-OUTER
G1 F3600 E1
G1 F1799.2 X-8.09 Y-4.75 E0.17502
G1 X-9.421 Y-3.425 E0.04568
G1 X-10.398 Y-2.408 E0.0343
G1 X-11.379 Y-1.348 E0.03513
G1 X-12.772 Y0.242 E0.05141
G1 X-13.671 Y1.323 E0.0342
G1 X-14.546 Y2.424 E0.0342
G1 X-15.406 Y3.55 E0.03446
G1 X-15.851 Y4.15 E0.01817
G1 X-16.281 Y4.75 E0.01795
G1 X-10.271 Y4.749 E0.14617
G1 X-9.189 Y3.428 E0.04153
G1 X-8.185 Y2.271 E0.03726
G1 X-7.21 Y1.2 E0.03523
G1 X-6.178 Y0.107 E0.03656
G1 X-5.174 Y-.9 E0.03458
G1 X-4.17 Y-1.868 E0.03392
G1 X-3.166 Y-2.796 E0.03325
G1 X-2.162 Y-3.683 E0.03258
G1 X-.894 Y-4.75 E0.04031
G0 F12000 X-1.694 Y-4.75
G1 F3600 E-1
;MESH:NONMESH
G0 F600 X-1.694 Y-4.75 Z37.35
G0 F12000 X-1.694 Y-4.425
G0 X-8.798 Y-2.89
G0 X-8.891 Y-2.984
;TIME_ELAPSED:951.837953
;LAYER:285
;note -- min layer time used
;TYPE:FILL
;MESH:bridge_3a.stl
G1 F3600 E1
G1 F1821.4 X-8.755 Y-2.709 E0.00746
G1 X-8.048 Y-1.806 E0.02789
G1 X-6.745 Y-.703 E0.04152
G1 X-7.78 Y0.379 E0.03642
G1 X-8.898 Y1.612 E0.04048
G1 X-9.814 Y2.665 E0.03394
G1 X-10.847 Y3.92 E0.03953
G1 X-12.378 Y3.92 E0.03724
G1 X-12.469 Y3.612 E0.00781
G1 X-12.916 Y2.709 E0.02451
G1 X-13.399 Y2.092 E0.01906
G1 F3600 E-1
G0 F12000 X-3.175 Y-3.99
G0 X-2.279 Y-4.324
;TYPE:WALL-INNER
G1 F3600 E1
G1 F1821.4 X-8.117 Y-4.324 E0.14199
G1 X-9.238 Y-3.21 E0.03844
G1 X-10.188 Y-2.217 E0.03342
G1 X-11.158 Y-1.169 E0.03473
G1 X-12.08 Y-.126 E0.03386
G1 X-13.395 Y1.439 E0.04972
G1 X-14.31 Y2.585 E0.03567
G1 X-15.166 Y3.701 E0.03421
G1 X-15.625 Y4.325 E0.01884
G1 X-10.654 Y4.325 E0.1209
G1 X-10.039 Y3.567 E0.02374
G1 X-9.51 Y2.933 E0.02008
G1 X-8.499 Y1.768 E0.03752
G1 X-7.489 Y0.662 E0.03643
G1 X-6.477 Y-.399 E0.03566
G1 X-5.443 Y-1.429 E0.0355
G1 X-4.463 Y-2.365 E0.03296
G1 X-3.447 Y-3.303 E0.03363
G1 X-2.279 Y-4.324 E0.03773
G1 F3600 E-1
G0 F12000 X-3.175 Y-3.99
G0 X-1.828 Y-4.491
G0 X-1.115 Y-4.75
;TYPE:WALL-OUTER
G1 F3600 E1
G1 F1821.4 X-8.292 Y-4.749 E0.17456
G1 X-9.545 Y-3.504 E0.04296
G1 X-10.51 Y-2.494 E0.03397
G1 X-11.477 Y-1.451 E0.03459
G1 X-12.403 Y-.402 E0.03403
G1 X-12.853 Y0.124 E0.01684
G1 X-13.714 Y1.158 E0.03273
G1 X-14.647 Y2.326 E0.03636
G1 X-15.508 Y3.449 E0.03442
G1 X-16.452 Y4.75 E0.03909
G1 X-10.452 Y4.75 E0.14593
G1 X-9.713 Y3.839 E0.02853
G1 X-9.189 Y3.212 E0.01987
G1 X-8.185 Y2.055 E0.03726
G1 X-7.181 Y0.955 E0.03622
G1 X-6.177 Y-0.098 E0.03539
G1 X-5.149 Y-1.121 E0.03527
G1 X-4.166 Y-2.06 E0.03306
G1 X-3.166 Y-2.984 E0.03311
G1 X-2.162 Y-3.867 E0.03252
G1 X-1.115 Y-4.75 E0.03331
G0 F12000 X-1.915 Y-4.75
G1 F3600 E-1
;MESH:NONMESH
G0 F600 X-1.915 Y-4.75 Z37.48
G0 F12000 X-1.915 Y-4.425
G0 X-8.876 Y-3.011
G0 X-8.969 Y-3.105
;TIME_ELAPSED:955.230202
;LAYER:286
;note -- min layer time used
;TYPE:FILL
;MESH:bridge_3a.stl
G1 F3600 E1
G1 F1821.1 X-8.755 Y-2.709 E0.01095
G1 X-7.995 Y-1.806 E0.02871
G1 X-6.781 Y-.862 E0.0374
G1 X-7.736 Y0.127 E0.03344
G1 X-8.897 Y1.398 E0.04187
G1 X-9.82 Y2.452 E0.03407
G1 X-11.029 Y3.92 E0.04625
G1 X-12.324 Y3.92 E0.0315
G1 X-12.429 Y3.612 E0.00791
G1 X-12.916 Y2.709 E0.02495
G1 X-13.508 Y2.006 E0.02235
G1 F3600 E-1
G0 F12000 X-3.391 Y-3.99
G0 X-2.495 Y-4.325
;TYPE:WALL-INNER
G1 F3600 E1
G1 F1821.1 X-8.321 Y-4.325 E0.1417
G1 X-9.349 Y-3.298 E0.03534
G1 X-10.299 Y-2.306 E0.03341
G1 X-11.258 Y-1.27 E0.03434
G1 X-12.18 Y-.225 E0.03389
G1 X-13.08 Y0.831 E0.03375
G1 X-14.409 Y2.477 E0.05145
G1 X-15.265 Y3.601 E0.03436
G1 X-15.799 Y4.324 E0.02186
G1 X-10.836 Y4.325 E0.12071
G1 X-9.509 Y2.711 E0.05082
G1 X-8.498 Y1.556 E0.03733
G1 X-7.486 Y0.451 E0.03644
G1 X-6.498 Y-.574 E0.03463
G1 X-5.443 Y-1.628 E0.03627
G1 X-4.533 Y-2.498 E0.03062
G1 X-3.444 Y-3.498 E0.03596
G1 X-2.495 Y-4.325 E0.03062
G1 F3600 E-1
G0 F12000 X-3.391 Y-3.99
G0 X-2.046 Y-4.491
G0 X-1.328 Y-4.75
;TYPE:WALL-OUTER
G1 F3600 E1
G1 F1821.1 X-8.496 Y-4.75 E0.17434
G1 X-9.656 Y-3.592 E0.03986
G1 X-10.61 Y-2.595 E0.03356
G1 X-11.558 Y-1.572 E0.03392
G1 X-12.503 Y-.5 E0.03476
G1 X-13.407 Y0.56 E0.03388
G1 X-14.755 Y2.231 E0.05222
G1 X-15.607 Y3.349 E0.03419
G1 X-16.632 Y4.75 E0.04222
G1 X-10.632 Y4.75 E0.14593
G1 X-10.217 Y4.232 E0.01614
G1 X-9.189 Y2.991 E0.03919
G1 X-8.185 Y1.843 E0.03709
G1 X-7.18 Y0.746 E0.03618
G1 X-6.197 Y-.273 E0.03444
G1 X-5.149 Y-1.321 E0.03605
G1 X-4.246 Y-2.185 E0.0304
G1 X-3.165 Y-3.177 E0.03568
G1 X-2.157 Y-4.056 E0.03253
G1 X-1.328 Y-4.75 E0.0263
G0 F12000 X-2.128 Y-4.75
G1 F3600 E-1
;MESH:NONMESH
G0 F600 X-2.128 Y-4.75 Z37.61
G0 F12000 X-2.128 Y-4.425
G0 X-8.964 Y-3.123
G0 X-9.057 Y-3.217
;TIME_ELAPSED:958.622414
;LAYER:287
;note -- min layer time used
;TYPE:FILL
;MESH:bridge_3a.stl
G1 F3600 E1
G1 F1820.1 X-8.76 Y-2.709 E0.01431
G1 X-7.944 Y-1.806 E0.0296
G1 X-6.834 Y-1.01 E0.03322
G1 X-7.783 Y-0.029 E0.0332
G1 X-8.8 Y1.073 E0.03647
G1 X-9.818 Y2.233 E0.03754
G1 X-10.722 Y3.311 E0.03422
G1 X-11.212 Y3.92 E0.01901
G1 X-12.264 Y3.92 E0.02559
G1 X-12.383 Y3.612 E0.00803
G1 X-12.911 Y2.709 E0.02544
G1 X-13.622 Y1.922 E0.0258
G1 F3600 E-1
G0 F12000 X-3.606 Y-3.99
G0 X-2.711 Y-4.324
;TYPE:WALL-INNER
G1 F3600 E1
G1 F1820.1 X-8.521 Y-4.325 E0.14131
G1 X-9.437 Y-3.411 E0.03147
G1 X-10.388 Y-2.417 E0.03346
G1 X-11.358 Y-1.369 E0.03473
G1 X-12.28 Y-.324 E0.03389
G1 X-13.194 Y0.749 E0.03428
G1 X-14.547 Y2.421 E0.05231
G1 X-15.365 Y3.496 E0.03285
G1 X-15.975 Y4.325 E0.02503
G1 X-11.019 Y4.325 E0.12054
G1 X-10.406 Y3.566 E0.02373
G1 X-9.508 Y2.494 E0.03401
G1 X-8.497 Y1.342 E0.03728
G1 X-7.486 Y0.247 E0.03625
G1 X-6.476 Y-.8 E0.03538
G1 X-5.466 Y-1.801 E0.03459
G1 X-4.455 Y-2.763 E0.03394
G1 X-3.444 Y-3.685 E0.03328
G1 X-2.711 Y-4.324 E0.02365
G1 F3600 E-1
G0 F12000 X-3.606 Y-3.99
G0 X-2.267 Y-4.491
G0 X-1.552 Y-4.75
;TYPE:WALL-OUTER
G1 F3600 E1
G1 F1820.1 X-8.696 Y-4.75 E0.17375
G1 X-9.744 Y-3.705 E0.036
G1 X-10.71 Y-2.694 E0.03401
G1 X-11.658 Y-1.672 E0.0339
G1 X-12.603 Y-.6 E0.03476
G1 X-13.524 Y0.48 E0.03452
G1 X-14.885 Y2.163 E0.05264
G1 X-15.707 Y3.244 E0.03303
G1 X-16.814 Y4.75 E0.04546
G1 X-10.816 Y4.75 E0.14588
G1 X-10.08 Y3.839 E0.02848
G1 X-9.191 Y2.777 E0.03368
G1 X-8.184 Y1.63 E0.03712
G1 X-7.18 Y0.542 E0.03601
G1 X-6.177 Y-.498 E0.03514
G1 X-5.173 Y-1.494 E0.0344
G1 X-4.169 Y-2.449 E0.0337
G1 X-3.165 Y-3.365 E0.03305
G1 X-2.157 Y-4.244 E0.03253
G1 X-1.552 Y-4.75 E0.01918
G0 F12000 X-2.352 Y-4.75
G1 F3600 E-1
;MESH:NONMESH
G0 F600 X-2.352 Y-4.75 Z37.74
G0 F12000 X-2.352 Y-4.425
G0 X-9.062 Y-3.225
G0 X-9.152 Y-3.316
;TIME_ELAPSED:962.014240
;LAYER:288
;note -- min layer time used
;TYPE:FILL
;MESH:bridge_3a.stl
G1 F3600 E1
G1 F1932.7 X-8.77 Y-2.709 E0.01744
G1 X-7.895 Y-1.806 E0.03058
G1 X-6.891 Y-1.154 E0.02912
G1 X-7.875 Y-.134 E0.03447
G1 X-8.799 Y0.865 E0.0331
G1 X-10.054 Y2.294 E0.04626
G1 X-10.927 Y3.338 E0.0331
G1 X-11.394 Y3.919 E0.01813
G1 X-12.2 Y3.919 E0.0196
G1 X-12.333 Y3.612 E0.00814
G1 X-12.901 Y2.709 E0.02595
G1 X-13.742 Y1.841 E0.02939
G1 F3600 E-1
G0 F12000 X-3.818 Y-3.989
G0 X-2.922 Y-4.324
;TYPE:WALL-INNER
G1 F3600 E1
G1 F1932.7 X-8.725 Y-4.325 E0.14114
G1 X-10.021 Y-3.011 E0.04489
G1 X-11.443 Y-1.487 E0.0507
G1 X-12.37 Y-.437 E0.03407
G1 X-13.294 Y0.648 E0.03466
G1 X-14.177 Y1.733 E0.03402
G1 X-14.719 Y2.421 E0.0213
G1 X-15.463 Y3.39 E0.02971
G1 X-16.151 Y4.325 E0.02823
G1 X-11.2 Y4.324 E0.12042
G1 X-10.59 Y3.566 E0.02366
G1 X-9.744 Y2.554 E0.03208
G1 X-8.496 Y1.133 E0.046
G1 X-7.485 Y0.042 E0.03618
G1 X-6.475 Y-1.001 E0.03531
G1 X-5.461 Y-2.002 E0.03465
G1 X-4.416 Y-2.994 E0.03504
G1 X-3.44 Y-3.873 E0.03195
G1 X-2.922 Y-4.324 E0.0167
G1 F3600 E-1
G0 F12000 X-3.818 Y-3.989
G0 X-2.487 Y-4.49
G0 X-1.789 Y-4.749
;TYPE:WALL-OUTER
G1 F3600 E1
G1 F1932.7 X-8.9 Y-4.75 E0.17295
G1 X-10.33 Y-3.303 E0.04948
G1 X-11.758 Y-1.772 E0.05092
G1 X-12.703 Y-.7 E0.03476
G1 X-13.623 Y0.379 E0.03449
G1 X-14.51 Y1.469 E0.03418
G1 X-15.056 Y2.162 E0.02146
G1 X-15.805 Y3.138 E0.02992
G1 X-16.654 Y4.293 E0.03486
G1 X-16.976 Y4.75 E0.0136
G1 X-10.996 Y4.749 E0.14544
G1 X-10.264 Y3.839 E0.0284
G1 X-9.427 Y2.837 E0.03175
G1 X-8.184 Y1.422 E0.04581
G1 X-7.18 Y0.338 E0.03594
G1 X-6.176 Y-.698 E0.03509
G1 X-5.169 Y-1.694 E0.03445
G1 X-4.132 Y-2.678 E0.03477
G1 X-3.161 Y-3.553 E0.03179
G1 X-1.789 Y-4.749 E0.04427
G0 F12000 X-2.589 Y-4.749
G1 F3600 E-1
G0 F12000 X-2.589 Y-4.425
G0 X-14.316 Y1.613
G0 X-30.082 Y4.891
G1 F3600 E1
G1 F3989.5 X-30.122 Y4.914 E0.00054
G1 X-30.123 Y4.868 E0.00054
G1 X-30.082 Y4.891 E0.00055
G1 F3600 E-1
;MESH:NONMESH
G0 F600 X-30.082 Y4.891 Z37.87
G0 F12000 X-11.573 Y-1.615
G0 X-9.165 Y-3.319
G0 X-9.258 Y-3.411
;TIME_ELAPSED:965.613984
;LAYER:289
;note -- min layer time used
;TYPE:FILL
;MESH:bridge_3a.stl
G1 F3600 E1
G1 F1991.1 X-8.785 Y-2.709 E0.02059
G1 X-7.846 Y-1.806 E0.03168
G1 X-6.955 Y-1.288 E0.02507
G1 X-7.879 Y-.336 E0.03227
G1 X-8.79 Y0.643 E0.03253
G1 X-9.8 Y1.781 E0.03701
G1 X-10.245 Y2.302 E0.01666
G1 X-11.114 Y3.35 E0.03311
G1 X-11.574 Y3.92 E0.01781
G1 X-12.129 Y3.92 E0.0135
G1 X-12.277 Y3.612 E0.00831
G1 X-12.886 Y2.709 E0.02649
G1 X-13.825 Y1.806 E0.03168
G1 X-13.876 Y1.776 E0.00144
G1 F3600 E-1
G0 F12000 X-4.027 Y-3.99
G0 X-3.136 Y-4.325
;TYPE:WALL-INNER
G1 F3600 E1
G1 F1991.1 X-8.926 Y-4.325 E0.14082
G1 X-10.122 Y-3.111 E0.04145
G1 X-11.078 Y-2.095 E0.03393
G1 X-11.588 Y-1.536 E0.0184
G1 X-12.511 Y-.49 E0.03393
G1 X-13.395 Y0.546 E0.03312
G1 X-14.282 Y1.635 E0.03416
G1 X-15.166 Y2.763 E0.03486
G1 X-16.323 Y4.325 E0.04728
G1 X-11.38 Y4.325 E0.12022
G1 X-10.8 Y3.604 E0.02251
G1 X-9.934 Y2.561 E0.03297
G1 X-9.492 Y2.044 E0.01654
G1 X-8.495 Y0.92 E0.03654
G1 X-7.483 Y-.168 E0.03614
G1 X-6.474 Y-1.202 E0.03514
G1 X-5.46 Y-2.199 E0.03459
G1 X-4.452 Y-3.15 E0.0337
G1 X-3.136 Y-4.325 E0.04291
G1 F3600 E-1
G0 F12000 X-4.027 Y-3.99
G0 X-2.7 Y-4.491
G0 X-1.996 Y-4.75
;TYPE:WALL-OUTER
G1 F3600 E1
G1 F1991.1 X-9.101 Y-4.75 E0.1728
G1 X-10.431 Y-3.402 E0.04606
G1 X-11.391 Y-2.382 E0.03407
G1 X-11.906 Y-1.818 E0.01858
G1 X-12.834 Y-.766 E0.03412
G1 X-13.724 Y0.277 E0.03335
G1 X-14.592 Y1.34 E0.03338
G1 X-15.508 Y2.51 E0.03614
G1 X-16.751 Y4.19 E0.05083
G1 X-17.147 Y4.75 E0.01668
G1 X-11.176 Y4.75 E0.14522
G1 X-10.473 Y3.876 E0.02728
G1 X-9.611 Y2.837 E0.03283
G1 X-9.174 Y2.326 E0.01635
G1 X-8.184 Y1.209 E0.0363
G1 X-7.179 Y0.129 E0.03588
G1 X-6.176 Y-.899 E0.03493
G1 X-5.168 Y-1.89 E0.03438
G1 X-4.168 Y-2.834 E0.03345
G1 X-3.161 Y-3.741 E0.03296
G1 X-1.996 Y-4.75 E0.03748
G0 F12000 X-2.796 Y-4.75
G1 F3600 E-1
G0 F12000 X-2.796 Y-4.425
G0 X-14.411 Y1.505
G0 X-30.126 Y4.832
G1 F3600 E1
G1 F2666.6 X-30.147 Y4.868 E0.00076
G1 X-30.21 Y4.832 E0.00132
G1 X-30.189 Y4.796 E0.00076
G1 X-30.126 Y4.832 E0.00132
G1 F3600 E-1
;MESH:NONMESH
G0 F600 X-30.126 Y4.832 Z38
G0 F12000 X-11.711 Y-1.672
G0 X-9.255 Y-3.429
G0 X-9.348 Y-3.522
;TIME_ELAPSED:969.140416
;LAYER:290
;note -- min layer time used
;TYPE:FILL
;MESH:bridge_3a.stl
G1 F3600 E1
G1 F1989.7 X-9.03 Y-2.983 E0.01522
G1 X-8.127 Y-2.053 E0.03153
G1 X-7.085 Y-1.357 E0.03048
G1 X-7.798 Y-.627 E0.02482
G1 X-8.938 Y0.599 E0.04072
G1 X-9.545 Y1.279 E0.02217
G1 X-10.429 Y2.299 E0.03283
G1 X-11.301 Y3.353 E0.03327
G1 X-11.753 Y3.92 E0.01764
G1 X-12.088 Y3.92 E0.00815
G1 X-12.642 Y2.982 E0.0265
G1 X-13.545 Y2.052 E0.03153
G1 X-14.024 Y1.732 E0.01401
G1 F3600 E-1
G0 F12000 X-4.238 Y-3.99
G0 X-3.356 Y-4.325
;TYPE:WALL-INNER
G1 F3600 E1
G1 F1989.7 X-9.125 Y-4.325 E0.14031
G1 X-10.223 Y-3.208 E0.03809
G1 X-11.18 Y-2.191 E0.03396
G1 X-12.116 Y-1.153 E0.03399
G1 X-13.044 Y-0.089 E0.03434
G1 X-14.383 Y1.533 E0.05115
G1 X-15.265 Y2.662 E0.03484
G1 X-16.092 Y3.766 E0.03355
G1 X-16.49 Y4.325 E0.01669
G1 X-11.558 Y4.325 E0.11995
G1 X-10.985 Y3.606 E0.02236
G1 X-10.118 Y2.557 E0.0331
G1 X-9.244 Y1.55 E0.03243
G1 X-8.494 Y0.71 E0.02739
G1 X-7.503 Y-.348 E0.03526
G1 X-6.474 Y-1.402 E0.03583
G1 X-5.463 Y-2.396 E0.03448
G1 X-4.451 Y-3.347 E0.03378
G1 X-3.356 Y-4.325 E0.03571
G1 F3600 E-1
G0 F12000 X-4.238 Y-3.99
G0 X-2.916 Y-4.491
G0 X-2.206 Y-4.75
;TYPE:WALL-OUTER
G1 F3600 E1
G1 F1989.7 X-9.303 Y-4.75 E0.17261
G1 X-10.533 Y-3.499 E0.04267
G1 X-11.496 Y-2.476 E0.03417
G1 X-12.425 Y-1.446 E0.03374
G1 X-13.37 Y-.361 E0.03499
G1 X-14.718 Y1.271 E0.05148
G1 X-15.605 Y2.407 E0.03505
G1 X-16.438 Y3.519 E0.03379
G1 X-17.314 Y4.75 E0.03675
G1 X-11.353 Y4.75 E0.14498
G1 X-10.657 Y3.877 E0.02715
G1 X-9.797 Y2.836 E0.03284
G1 X-8.927 Y1.833 E0.03229
G1 X-8.183 Y1.001 E0.02715
G1 X-7.199 Y-0.051 E0.03503
G1 X-6.176 Y-1.099 E0.03562
G1 X-5.172 Y-2.087 E0.03426
G1 X-4.167 Y-3.031 E0.03354
G1 X-3.164 Y-3.931 E0.03278
G1 X-2.206 Y-4.75 E0.03065
G0 F12000 X-3.006 Y-4.75
G1 F3600 E-1
G0 F12000 X-3.006 Y-4.425
G0 X-14.516 Y1.411
G0 X-30.171 Y4.773
G1 F3600 E1
G1 F1972.2 X-30.199 Y4.821 E0.00136
G1 X-30.255 Y4.821 E0.00137
G1 X-30.283 Y4.773 E0.00136
G1 X-30.255 Y4.725 E0.00136
G1 X-30.199 Y4.725 E0.00137
G1 X-30.171 Y4.773 E0.00136
G1 F3600 E-1
;MESH:NONMESH
G0 F600 X-30.171 Y4.773 Z38.13
G0 F12000 X-12.249 Y-1.283
G0 X-9.374 Y-3.506
G0 X-9.469 Y-3.601
;TIME_ELAPSED:972.671214
;LAYER:291
;note -- min layer time used
;TYPE:FILL
;MESH:bridge_3a.stl
G1 F3600 E1
G1 F1988.8 X-9.03 Y-2.935 E0.0194
G1 X-8.127 Y-2.067 E0.03046
G1 X-7.168 Y-1.47 E0.02747
G1 X-7.775 Y-.853 E0.02105
G1 X-8.792 Y0.225 E0.03604
G1 X-9.734 Y1.277 E0.03434
G1 X-10.854 Y2.583 E0.04184
G1 X-11.933 Y3.92 E0.04179
G1 X-11.992 Y3.92 E0.00143
G1 X-12.642 Y2.934 E0.02872
G1 X-13.545 Y2.066 E0.03046
G1 X-14.163 Y1.681 E0.01771
G1 F3600 E-1
G0 F12000 X-4.449 Y-3.99
G0 X-3.575 Y-4.324
;TYPE:WALL-INNER
G1 F3600 E1
G1 F1988.8 X-9.325 Y-4.325 E0.13985
G1 X-10.361 Y-3.269 E0.03598
G1 X-11.28 Y-2.291 E0.03264
G1 X-12.216 Y-1.253 E0.03399
G1 X-13.162 Y-.166 E0.03505
G1 X-14.039 Y0.883 E0.03325
G1 X-14.48 Y1.428 E0.01705
G1 X-15.372 Y2.562 E0.03509
G1 X-16.192 Y3.665 E0.03343
G1 X-16.664 Y4.325 E0.01973
G1 X-11.738 Y4.325 E0.11981
G1 X-10.541 Y2.84 E0.04639
G1 X-9.435 Y1.549 E0.04135
G1 X-8.492 Y0.496 E0.03438
G1 X-7.481 Y-.574 E0.0358
G1 X-6.473 Y-1.603 E0.03503
G1 X-5.461 Y-2.594 E0.03445
G1 X-4.488 Y-3.502 E0.03237
G1 X-3.575 Y-4.324 E0.02988
G1 F3600 E-1
G0 F12000 X-4.449 Y-3.99
G0 X-3.132 Y-4.491
G0 X-2.428 Y-4.75
;TYPE:WALL-OUTER
G1 F3600 E1
G1 F1988.8 X-9.503 Y-4.75 E0.17207
G1 X-10.616 Y-3.618 E0.03861
G1 X-11.596 Y-2.576 E0.03479
G1 X-12.536 Y-1.532 E0.03417
G1 X-13.489 Y-.438 E0.03529
G1 X-14.368 Y0.615 E0.03336
G1 X-14.814 Y1.165 E0.01722
G1 X-15.701 Y2.292 E0.03488
G1 X-16.537 Y3.418 E0.03411
G1 X-17.489 Y4.75 E0.03982
G1 X-11.533 Y4.75 E0.14486
G1 X-10.81 Y3.841 E0.02825
G1 X-10.218 Y3.117 E0.02275
G1 X-9.119 Y1.833 E0.04111
G1 X-8.182 Y0.788 E0.03414
G1 X-7.177 Y-.277 E0.03561
G1 X-6.175 Y-1.299 E0.03481
G1 X-5.171 Y-2.283 E0.03419
G1 X-4.204 Y-3.186 E0.03218
G1 X-3.163 Y-4.122 E0.03405
G1 X-2.428 Y-4.75 E0.02351
G0 F12000 X-3.228 Y-4.75
G1 F3600 E-1
G0 F12000 X-3.228 Y-4.425
G0 X-14.616 Y1.31
G0 X-30.215 Y4.714
G1 F3600 E1
G1 F1564.6 X-30.25 Y4.775 E0.00217
G1 X-30.321 Y4.775 E0.00219
G1 X-30.357 Y4.714 E0.00219
G1 X-30.322 Y4.653 E0.00217
G1 X-30.251 Y4.653 E0.00219
G1 X-30.215 Y4.714 E0.00219
G1 F3600 E-1
;MESH:NONMESH
G0 F600 X-30.215 Y4.714 Z38.26
G0 F12000 X-12.342 Y-1.39
G0 X-9.504 Y-3.575
G0 X-9.6 Y-3.67
;TIME_ELAPSED:976.201646
;LAYER:292
;note -- min layer time used
;TYPE:FILL
;MESH:bridge_3a.stl
G1 F3600 E1
G1 F1986.4 X-9.03 Y-2.885 E0.02359
G1 X-8.127 Y-2.077 E0.02947
G1 X-7.26 Y-1.576 E0.02435
G1 X-7.869 Y-.958 E0.0211
G1 X-8.788 Y0.013 E0.03252
G1 X-9.809 Y1.142 E0.03702
G1 X-10.825 Y2.325 E0.03793
G1 X-11.996 Y3.773 E0.04529
G1 X-12.642 Y2.884 E0.02673
G1 X-13.545 Y2.076 E0.02947
G1 X-14.302 Y1.639 E0.02126
G1 F3600 E-1
G0 F12000 X-4.664 Y-3.99
G0 X-3.782 Y-4.325
;TYPE:WALL-INNER
G1 F3600 E1
G1 F1986.4 X-9.524 Y-4.325 E0.13965
G1 X-10.422 Y-3.41 E0.03118
G1 X-11.368 Y-2.405 E0.03357
G1 X-12.317 Y-1.352 E0.03448
G1 X-13.263 Y-.267 E0.03501
G1 X-14.132 Y0.77 E0.03291
G1 X-15.453 Y2.443 E0.05185
G1 X-16.294 Y3.564 E0.03408
G1 X-16.845 Y4.326 E0.02287
G1 X-11.918 Y4.325 E0.11983
G1 X-11.523 Y3.82 E0.01559
G1 X-10.512 Y2.584 E0.03884
G1 X-9.502 Y1.407 E0.03772
G1 X-8.489 Y0.286 E0.03675
G1 X-7.481 Y-.779 E0.03566
G1 X-6.468 Y-1.803 E0.03503
G1 X-5.424 Y-2.823 E0.0355
G1 X-4.446 Y-3.732 E0.03247
G1 X-3.782 Y-4.325 E0.02165
G1 F3600 E-1
G0 F12000 X-4.664 Y-3.99
G0 X-3.347 Y-4.491
G0 X-2.645 Y-4.75
;TYPE:WALL-OUTER
G1 F3600 E1
G1 F1986.4 X-9.703 Y-4.75 E0.17166
G1 X-10.732 Y-3.701 E0.03574
G1 X-11.68 Y-2.694 E0.03364
G1 X-12.637 Y-1.631 E0.03479
G1 X-13.588 Y-.54 E0.0352
G1 X-14.462 Y0.502 E0.03308
G1 X-15.793 Y2.188 E0.05224
G1 X-16.639 Y3.315 E0.03427
G1 X-17.666 Y4.75 E0.04292
G1 X-11.71 Y4.75 E0.14486
G1 X-11.194 Y4.089 E0.02039
G1 X-10.19 Y2.861 E0.03858
G1 X-9.186 Y1.692 E0.03748
G1 X-8.18 Y0.578 E0.03651
G1 X-7.178 Y-.48 E0.03544
G1 X-6.171 Y-1.499 E0.03484
G1 X-5.135 Y-2.512 E0.03524
G1 X-4.163 Y-3.415 E0.03227
G1 X-3.296 Y-4.19 E0.02828
G1 X-2.645 Y-4.75 E0.02089
G0 F12000 X-3.445 Y-4.75
G1 F3600 E-1
G0 F12000 X-3.445 Y-4.425
G0 X-15.594 Y2.326
G0 X-30.259 Y4.655
G1 F3600 E1
G1 F1295.4 X-30.302 Y4.729 E0.00319
G1 X-30.388 Y4.729 E0.00321
G1 X-30.431 Y4.655 E0.00319
G1 X-30.388 Y4.581 E0.00319
G1 X-30.302 Y4.581 E0.00321
G1 X-30.259 Y4.655 E0.00319
G1 F3600 E-1
;MESH:NONMESH
G0 F600 X-30.259 Y4.655 Z38.39
G0 F12000 X-12.442 Y-1.49
G0 X-9.644 Y-3.635
G0 X-9.739 Y-3.73
;TIME_ELAPSED:979.742908
;LAYER:293
;note -- min layer time used
;TYPE:FILL
;MESH:bridge_3a.stl
G1 F3600 E1
G1 F1980.6 X-9.03 Y-2.834 E0.02779
G1 X-8.127 Y-2.081 E0.0286
G1 X-7.363 Y-1.674 E0.02105
G1 X-7.875 Y-1.156 E0.01771
G1 X-8.79 Y-.194 E0.03229
G1 X-10.11 Y1.281 E0.04814
G1 X-10.823 Y2.105 E0.0265
G1 X-12.044 Y3.588 E0.04672
G1 X-12.642 Y2.833 E0.02342
G1 X-13.545 Y2.08 E0.0286
G1 X-14.453 Y1.597 E0.02501
G1 F3600 E-1
G0 F12000 X-4.872 Y-3.989
G0 X-3.993 Y-4.325
;TYPE:WALL-INNER
G1 F3600 E1
G1 F1980.6 X-9.724 Y-4.325 E0.13939
G1 X-10.517 Y-3.515 E0.02757
G1 X-11.449 Y-2.527 E0.03303
G1 X-12.342 Y-1.539 E0.03239
G1 X-13.366 Y-.363 E0.03793
G1 X-14.247 Y0.69 E0.03339
G1 X-15.121 Y1.784 E0.03406
G1 X-16.4 Y3.466 E0.05139
G1 X-17.019 Y4.324 E0.02573
G1 X-12.097 Y4.325 E0.11971
G1 X-11.522 Y3.591 E0.02268
G1 X-10.511 Y2.362 E0.03871
G1 X-9.809 Y1.551 E0.02609
G1 X-8.49 Y0.078 E0.04809
G1 X-7.48 Y-.984 E0.03565
G1 X-6.467 Y-2.005 E0.03498
G1 X-5.46 Y-2.983 E0.03414
G1 X-4.449 Y-3.921 E0.03354
G1 X-3.993 Y-4.325 E0.01482
G1 F3600 E-1
G0 F12000 X-4.872 Y-3.989
G0 X-3.564 Y-4.49
G0 X-2.877 Y-4.75
;TYPE:WALL-OUTER
G1 F3600 E1
G1 F1980.6 X-9.902 Y-4.75 E0.17086
G1 X-10.826 Y-3.807 E0.03211
G1 X-11.764 Y-2.812 E0.03326
G1 X-12.662 Y-1.818 E0.03258
G1 X-13.692 Y-.636 E0.03813
G1 X-14.562 Y0.403 E0.03296
G1 X-15.457 Y1.524 E0.03489
G1 X-16.744 Y3.217 E0.05172
G1 X-17.848 Y4.749 E0.04593
G1 X-11.89 Y4.75 E0.14491
G1 X-11.194 Y3.861 E0.02746
G1 X-10.19 Y2.64 E0.03845
G1 X-9.491 Y1.833 E0.02597
G1 X-8.182 Y0.371 E0.04773
G1 X-7.178 Y-.685 E0.03544
G1 X-6.171 Y-1.7 E0.03477
G1 X-5.171 Y-2.672 E0.03392
G1 X-4.166 Y-3.603 E0.03332
G1 X-2.877 Y-4.75 E0.04197
G0 F12000 X-3.677 Y-4.75
G1 F3600 E-1
G0 F12000 X-3.677 Y-4.425
G0 X-15.258 Y1.665
G0 X-30.306 Y4.593
G1 F3600 E1
G1 F1094.9 X-30.356 Y4.68 E0.00441
G1 X-30.457 Y4.68 E0.00444
G1 X-30.508 Y4.593 E0.00444
G1 X-30.458 Y4.506 E0.00441
G1 X-30.357 Y4.506 E0.00444
G1 X-30.306 Y4.593 E0.00444
G1 F3600 E-1
;MESH:NONMESH
G0 F600 X-30.306 Y4.593 Z38.52
G0 F12000 X-12.473 Y-1.668
G0 X-9.792 Y-3.688
G0 X-9.888 Y-3.783
;TIME_ELAPSED:983.284388
;LAYER:294
;note -- min layer time used
;TYPE:FILL
;MESH:bridge_3a.stl
G1 F3600 E1
G1 F2027 X-9.03 Y-2.781 E0.03208
G1 X-8.127 Y-2.081 E0.02779
G1 X-7.476 Y-1.762 E0.01763
G1 X-7.873 Y-1.362 E0.01371
G1 X-8.78 Y-.412 E0.03195
G1 X-9.409 Y0.276 E0.02267
G1 X-10.3 Y1.282 E0.03268
G1 X-11.172 Y2.306 E0.03271
G1 X-12.086 Y3.429 E0.03522
G1 X-12.642 Y2.78 E0.02079
G1 X-13.545 Y2.08 E0.02779
G1 X-14.448 Y1.638 E0.02445
G1 X-14.625 Y1.587 E0.00448
G1 F3600 E-1
G0 F12000 X-5.079 Y-3.989
G0 X-4.219 Y-4.325
;TYPE:WALL-INNER
G1 F3600 E1
G1 F2027 X-9.926 Y-4.325 E0.1388
G1 X-11.098 Y-3.105 E0.04115
G1 X-12.073 Y-2.053 E0.03489
G1 X-13.395 Y-.541 E0.04885
G1 X-14.349 Y0.592 E0.03602
G1 X-15.221 Y1.684 E0.03399
G1 X-16.077 Y2.799 E0.03419
G1 X-17.192 Y4.325 E0.04597
G1 X-12.276 Y4.325 E0.11956
G1 X-11.684 Y3.573 E0.02328
G1 X-10.858 Y2.562 E0.03175
G1 X-9.998 Y1.552 E0.03226
G1 X-9.111 Y0.548 E0.03258
G1 X-8.489 Y-.13 E0.02238
G1 X-7.479 Y-1.189 E0.03559
G1 X-6.469 Y-2.202 E0.03479
G1 X-5.46 Y-3.175 E0.03409
G1 X-4.219 Y-4.325 E0.04115
G1 F3600 E-1
G0 F12000 X-5.079 Y-3.989
G0 X-3.775 Y-4.49
G0 X-3.084 Y-4.75
;TYPE:WALL-OUTER
G1 F3600 E1
G1 F2027 X-10.103 Y-4.75 E0.17071
G1 X-11.41 Y-3.394 E0.04581
G1 X-12.393 Y-2.333 E0.03518
G1 X-13.706 Y-.833 E0.04848
G1 X-14.681 Y0.327 E0.03686
G1 X-15.557 Y1.425 E0.03416
G1 X-16.403 Y2.525 E0.03375
G1 X-16.869 Y3.152 E0.019
G1 X-17.673 Y4.267 E0.03343
G1 X-18.009 Y4.75 E0.01431
G1 X-12.07 Y4.75 E0.14445
G1 X-11.354 Y3.841 E0.02814
G1 X-10.535 Y2.837 E0.03151
G1 X-9.68 Y1.834 E0.03205
G1 X-8.793 Y0.831 E0.03257
G1 X-8.181 Y0.163 E0.02203
G1 X-7.178 Y-.889 E0.03535
G1 X-6.174 Y-1.896 E0.03458
G1 X-5.171 Y-2.864 E0.0339
G1 X-4.166 Y-3.796 E0.03334
G1 X-3.084 Y-4.75 E0.03508
G0 F12000 X-3.884 Y-4.75
G1 F3600 E-1
G0 F12000 X-3.884 Y-4.425
G0 X-15.359 Y1.564
G0 X-30.824 Y4.743
G1 F3600 E1
G1 F1961.6 X-30.257 Y3.754 E0.02865
G1 X-30.257 Y4.743 E0.02486
G1 X-30.824 Y4.743 E0.01425
G0 F12000 X-30.257 Y4.743
G0 X-30.257 Y4.51
G1 F3600 E-1
;MESH:NONMESH
G0 F600 X-30.257 Y4.51 Z38.65
G0 F12000 X-13.526 Y-.674
G0 X-9.94 Y-3.742
G0 X-10.031 Y-3.831
;TIME_ELAPSED:986.854363
;LAYER:295
;note -- min layer time used
;TYPE:FILL
;MESH:bridge_3a.stl
G1 F3600 E1
G1 F2029.9 X-9.933 Y-3.707 E0.00384
G1 X-9.03 Y-2.727 E0.03241
G1 X-8.127 Y-2.077 E0.02706
G1 X-7.602 Y-1.843 E0.01398
G1 X-8.785 Y-.614 E0.04149
G1 X-9.797 Y0.493 E0.03648
G1 X-10.955 Y1.817 E0.04278
G1 X-12.146 Y3.264 E0.04558
G1 X-12.642 Y2.726 E0.0178
G1 X-13.545 Y2.076 E0.02706
G1 X-14.448 Y1.674 E0.02404
G1 X-14.804 Y1.587 E0.00891
G1 F3600 E-1
G0 F12000 X-5.287 Y-3.989
G0 X-4.422 Y-4.325
;TYPE:WALL-INNER
G1 F3600 E1
G1 F2029.9 X-10.117 Y-4.325 E0.13851
G1 X-11.203 Y-3.201 E0.03801
G1 X-12.158 Y-2.17 E0.03418
G1 X-13.085 Y-1.124 E0.03399
G1 X-14.433 Y0.472 E0.05081
G1 X-15.32 Y1.584 E0.0346
G1 X-16.179 Y2.696 E0.03418
G1 X-17.367 Y4.325 E0.04904
G1 X-12.456 Y4.325 E0.11944
G1 X-11.52 Y3.14 E0.03673
G1 X-10.509 Y1.923 E0.03848
G1 X-9.499 Y0.768 E0.03732
G1 X-8.488 Y-.339 E0.03646
G1 X-7.478 Y-1.394 E0.03552
G1 X-6.443 Y-2.429 E0.0356
G1 X-5.455 Y-3.372 E0.03322
G1 X-4.422 Y-4.325 E0.03418
G1 F3600 E-1
G0 F12000 X-5.287 Y-3.989
G0 X-3.986 Y-4.49
G0 X-3.29 Y-4.75
;TYPE:WALL-OUTER
G1 F3600 E1
G1 F2029.9 X-10.297 Y-4.75 E0.17042
G1 X-11.514 Y-3.49 E0.04261
G1 X-12.475 Y-2.453 E0.03439
G1 X-13.408 Y-1.4 E0.03422
G1 X-14.762 Y0.203 E0.05103
G1 X-15.657 Y1.324 E0.03489
G1 X-16.521 Y2.443 E0.03438
G1 X-17.045 Y3.152 E0.02144
G1 X-17.773 Y4.163 E0.0303
G1 X-18.181 Y4.75 E0.01739
G1 X-12.25 Y4.75 E0.14425
G1 X-11.193 Y3.412 E0.04147
G1 X-10.189 Y2.203 E0.03822
G1 X-9.185 Y1.055 E0.03709
G1 X-8.181 Y-0.045 E0.03622
G1 X-7.177 Y-1.093 E0.0353
G1 X-6.149 Y-2.121 E0.03536
G1 X-5.166 Y-3.06 E0.03306
G1 X-4.165 Y-3.985 E0.03315
G1 X-3.29 Y-4.75 E0.02827
G0 F12000 X-4.09 Y-4.75
G1 F3600 E-1
G0 F12000 X-4.09 Y-4.425
G0 X-15.459 Y1.464
G0 X-30.48 Y4.296
G0 X-30.937 Y4.712
G1 F3600 E1
G1 F1733.3 X-30.288 Y3.596 E0.03677
G1 X-30.288 Y4.712 E0.03179
G1 X-30.937 Y4.712 E0.01849
G0 F12000 X-30.288 Y4.712
G0 X-30.288 Y4.561
G1 F3600 E-1
;MESH:NONMESH
G0 F600 X-30.288 Y4.561 Z38.78
G0 F12000 X-30.545 Y4.455
G0 X-13.207 Y-1.261
G0 X-10.087 Y-3.788
G0 X-10.182 Y-3.881
;TIME_ELAPSED:990.451950
;LAYER:296
;note -- min layer time used
;TYPE:FILL
;MESH:bridge_3a.stl
G1 F3600 E1
G1 F2033.6 X-9.933 Y-3.585 E0.00941
G1 X-9.03 Y-2.672 E0.03123
G1 X-8.127 Y-2.069 E0.02641
G1 X-7.731 Y-1.909 E0.01039
G1 X-8.777 Y-.826 E0.03662
G1 X-9.897 Y0.397 E0.04033
G1 X-10.817 Y1.445 E0.03392
G1 X-11.544 Y2.311 E0.0275
G1 X-12.2 Y3.118 E0.02529
G1 X-12.642 Y2.671 E0.01529
G1 X-13.545 Y2.068 E0.02641
G1 X-14.448 Y1.704 E0.02368
G1 X-14.993 Y1.594 E0.01352
G1 F3600 E-1
G0 F12000 X-5.495 Y-3.989
G0 X-4.631 Y-4.324
;TYPE:WALL-INNER
G1 F3600 E1
G1 F2033.6 X-10.317 Y-4.325 E0.13829
G1 X-11.348 Y-3.253 E0.03617
G1 X-12.257 Y-2.27 E0.03256
G1 X-13.187 Y-1.222 E0.03408
G1 X-14.588 Y0.441 E0.05289
G1 X-15.423 Y1.483 E0.03248
G1 X-16.283 Y2.599 E0.03427
G1 X-17.118 Y3.731 E0.03421
G1 X-17.538 Y4.325 E0.01769
G1 X-12.634 Y4.325 E0.11927
G1 X-12.048 Y3.574 E0.02317
G1 X-11.23 Y2.565 E0.03159
G1 X-10.508 Y1.706 E0.02729
G1 X-9.497 Y0.555 E0.03726
G1 X-8.486 Y-.545 E0.03634
G1 X-7.499 Y-1.569 E0.03459
G1 X-6.442 Y-2.63 E0.03643
G1 X-5.53 Y-3.497 E0.0306
G1 X-4.631 Y-4.324 E0.02971
G1 F3600 E-1
G0 F12000 X-5.495 Y-3.989
G0 X-4.203 Y-4.49
G0 X-3.509 Y-4.75
;TYPE:WALL-OUTER
G1 F3600 E1
G1 F2033.6 X-10.497 Y-4.75 E0.16996
G1 X-11.659 Y-3.542 E0.04077
G1 X-12.575 Y-2.552 E0.0328
G1 X-13.511 Y-1.497 E0.0343
G1 X-14.919 Y0.175 E0.05316
G1 X-15.76 Y1.224 E0.0327
G1 X-16.624 Y2.346 E0.03444
G1 X-17.465 Y3.485 E0.03444
G1 X-18.356 Y4.75 E0.03763
G1 X-12.427 Y4.75 E0.1442
G1 X-11.719 Y3.842 E0.028
G1 X-10.904 Y2.839 E0.03143
G1 X-10.188 Y1.987 E0.02707
G1 X-9.185 Y0.842 E0.03702
G1 X-8.18 Y-.25 E0.03609
G1 X-7.198 Y-1.269 E0.03442
G1 X-6.149 Y-2.322 E0.03615
G1 X-5.242 Y-3.184 E0.03043
G1 X-4.165 Y-4.176 E0.03561
G1 X-3.509 Y-4.75 E0.0212
G0 F12000 X-4.309 Y-4.75
G1 F3600 E-1
G0 F12000 X-4.309 Y-4.425
G0 X-15.56 Y1.363
G0 X-30.48 Y4.022
G0 X-30.317 Y3.413
G1 F3600 E1
G1 F1564.3 X-30.317 Y4.683 E0.04015
G1 X-31.046 Y4.683 E0.02305
G1 X-30.317 Y3.413 E0.0463
G0 F12000 X-30.715 Y4.106
G1 F3600 E-1
;MESH:NONMESH
G0 F600 X-30.715 Y4.106 Z38.91
G0 F12000 X-30.494 Y4.234
G0 X-13.306 Y-1.362
G0 X-10.241 Y-3.832
G0 X-10.331 Y-3.92
;TIME_ELAPSED:994.061546
;LAYER:297
;note -- min layer time used
;TYPE:FILL
;MESH:bridge_3a.stl
G1 F3600 E1
G1 F2036 X-9.933 Y-3.468 E0.01465
G1 X-9.03 Y-2.614 E0.03023
G1 X-8.127 Y-2.057 E0.0258
G1 X-7.875 Y-1.966 E0.00652
G1 X-8.776 Y-1.032 E0.03156
G1 X-9.98 Y0.274 E0.0432
G1 X-10.818 Y1.229 E0.0309
G1 X-11.728 Y2.311 E0.03439
G1 X-12.261 Y2.973 E0.02067
G1 X-12.642 Y2.613 E0.01275
G1 X-13.545 Y2.056 E0.0258
G1 X-14.448 Y1.73 E0.02335
G1 X-15.183 Y1.614 E0.0181
G1 F3600 E-1
G0 F12000 X-5.707 Y-3.99
G0 X-4.838 Y-4.325
;TYPE:WALL-INNER
G1 F3600 E1
G1 F2036 X-10.516 Y-4.325 E0.1381
G1 X-11.4 Y-3.404 E0.03105
G1 X-12.358 Y-2.37 E0.03428
G1 X-13.282 Y-1.326 E0.03391
G1 X-14.197 Y-.253 E0.0343
G1 X-15.09 Y0.834 E0.03421
G1 X-16.384 Y2.498 E0.05127
G1 X-17.052 Y3.401 E0.02732
G1 X-17.713 Y4.325 E0.02763
G1 X-12.829 Y4.325 E0.11879
G1 X-11.413 Y2.565 E0.05494
G1 X-10.508 Y1.491 E0.03416
G1 X-9.677 Y0.542 E0.03068
G1 X-8.486 Y-.749 E0.04272
G1 X-7.477 Y-1.795 E0.03535
G1 X-6.466 Y-2.801 E0.03469
G1 X-5.455 Y-3.763 E0.03394
G1 X-4.838 Y-4.325 E0.0203
G1 F3600 E-1
G0 F12000 X-5.707 Y-3.99
G0 X-4.42 Y-4.489
G0 X-3.726 Y-4.75
;TYPE:WALL-OUTER
G1 F3600 E1
G1 F2036 X-10.697 Y-4.75 E0.16954
G1 X-11.698 Y-3.708 E0.03514
G1 X-12.675 Y-2.653 E0.03497
G1 X-13.605 Y-1.602 E0.03413
G1 X-14.525 Y-.523 E0.03449
G1 X-15.423 Y0.571 E0.03442
G1 X-16.726 Y2.245 E0.05159
G1 X-17.397 Y3.154 E0.02748
G1 X-18.104 Y4.143 E0.02957
G1 X-18.525 Y4.75 E0.01797
G1 X-12.604 Y4.75 E0.14401
G1 X-12.195 Y4.215 E0.01638
G1 X-11.088 Y2.839 E0.04295
G1 X-10.189 Y1.771 E0.03395
G1 X-9.364 Y0.83 E0.03044
G1 X-8.18 Y-.454 E0.04248
G1 X-7.177 Y-1.494 E0.03514
G1 X-6.173 Y-2.494 E0.03446
G1 X-5.169 Y-3.449 E0.0337
G1 X-4.166 Y-4.364 E0.03302
G1 X-3.726 Y-4.75 E0.01424
G0 F12000 X-4.526 Y-4.75
G1 F3600 E-1
G0 F12000 X-4.526 Y-4.425
G0 X-15.695 Y1.307
G0 X-30.48 Y3.738
G0 X-30.348 Y3.252
G1 F3600 E1
G1 F1416.1 X-30.348 Y4.652 E0.04896
G1 X-31.159 Y4.652 E0.02836
G1 X-30.348 Y3.252 E0.05658
G0 F12000 X-30.748 Y3.944
G1 F3600 E-1
;MESH:NONMESH
G0 F600 X-30.748 Y3.944 Z39.04
G0 F12000 X-30.557 Y4.056
G0 X-13.413 Y-1.455
G0 X-10.402 Y-3.871
G0 X-10.452 Y-3.92
;TIME_ELAPSED:997.682709
;LAYER:298
;note -- min layer time used
;TYPE:FILL
;MESH:bridge_3a.stl
G1 F3600 E1
G1 F2105.2 X-9.933 Y-3.356 E0.01864
G1 X-9.03 Y-2.555 E0.02936
G1 X-8.044 Y-1.994 E0.02759
G1 X-8.752 Y-1.261 E0.02479
G1 X-9.797 Y-.138 E0.03731
G1 X-10.813 Y1.009 E0.03727
G1 X-11.83 Y2.211 E0.03829
G1 X-12.329 Y2.832 E0.01938
G1 X-12.642 Y2.554 E0.01018
G1 X-13.545 Y2.04 E0.02527
G1 X-14.448 Y1.753 E0.02304
G1 X-15.351 Y1.647 E0.02211
G1 X-15.395 Y1.651 E0.00107
G1 F3600 E-1
G0 F12000 X-5.911 Y-3.988
G0 X-5.046 Y-4.324
;TYPE:WALL-INNER
G1 F3600 E1
G1 F2105.2 X-10.712 Y-4.325 E0.13781
G1 X-11.488 Y-3.517 E0.02725
G1 X-12.451 Y-2.474 E0.03453
G1 X-13.375 Y-1.435 E0.03382
G1 X-14.298 Y-.356 E0.03453
G1 X-15.215 Y0.761 E0.03515
G1 X-16.056 Y1.839 E0.03325
G1 X-17.326 Y3.535 E0.05153
G1 X-17.886 Y4.325 E0.02355
G1 X-12.992 Y4.325 E0.11903
G1 X-12.413 Y3.575 E0.02304
G1 X-11.516 Y2.468 E0.03465
G1 X-10.506 Y1.272 E0.03807
G1 X-9.495 Y0.132 E0.03706
G1 X-8.456 Y-.985 E0.0371
G1 X-7.475 Y-2.001 E0.03435
G1 X-6.464 Y-2.999 E0.03455
G1 X-5.451 Y-3.955 E0.03388
G1 X-5.046 Y-4.324 E0.01333
G1 F3600 E-1
G0 F12000 X-5.911 Y-3.988
G0 X-4.626 Y-4.489
G0 X-3.941 Y-4.75
;TYPE:WALL-OUTER
G1 F3600 E1
G1 F2105.2 X-10.893 Y-4.75 E0.16908
G1 X-11.812 Y-3.792 E0.03229
G1 X-12.768 Y-2.756 E0.03429
G1 X-13.709 Y-1.698 E0.03444
G1 X-14.626 Y-.626 E0.03431
G1 X-15.55 Y0.499 E0.03541
G1 X-16.385 Y1.568 E0.03299
G1 X-17.672 Y3.289 E0.05227
G1 X-18.708 Y4.75 E0.04356
G1 X-12.783 Y4.75 E0.1441
G1 X-12.083 Y3.842 E0.02788
G1 X-11.191 Y2.742 E0.03444
G1 X-10.188 Y1.554 E0.03781
G1 X-9.184 Y0.421 E0.03682
G1 X-8.15 Y-.689 E0.0369
G1 X-7.176 Y-1.698 E0.03411
G1 X-6.172 Y-2.69 E0.03433
G1 X-5.165 Y-3.641 E0.03369
G1 X-3.941 Y-4.75 E0.04017
G0 F12000 X-4.741 Y-4.75
G1 F3600 E-1
G0 F12000 X-4.741 Y-4.425
G0 X-16.196 Y1.72
G0 X-30.48 Y3.454
G0 X-30.643 Y4.293
;TYPE:WALL-INNER
G1 F3600 E1
G1 F1843.1 X-30.675 Y4.238 E0.00177
G1 X-30.739 Y4.238 E0.00178
G1 X-30.771 Y4.293 E0.00177
G1 X-30.739 Y4.348 E0.00177
G1 X-30.675 Y4.348 E0.00178
G1 X-30.643 Y4.293 E0.00177
G1 F3600 E-1
G0 F12000 X-30.25 Y2.631
;TYPE:WALL-OUTER
G1 F3600 E1
G1 F2105.2 X-30.641 Y3.274 E0.0183
G1 X-31.136 Y4.123 E0.0239
G1 X-31.488 Y4.749 E0.01747
G1 X-30.25 Y4.75 E0.03011
G1 X-30.25 Y2.631 E0.05154
G0 F12000 X-30.641 Y3.274
G0 X-30.664 Y3.314
G1 F3600 E-1
;MESH:NONMESH
G0 F600 X-30.664 Y3.314 Z39.17
G0 F12000 X-30.501 Y3.531
G0 X-12.574 Y-2.614
G0 X-10.565 Y-3.907
G0 X-10.577 Y-3.92
;TIME_ELAPSED:1001.333851
;LAYER:299
;note -- min layer time used
;TYPE:FILL
;MESH:bridge_3a.stl
G1 F3600 E1
G1 F2118.5 X-9.933 Y-3.245 E0.02269
G1 X-9.03 Y-2.493 E0.02858
G1 X-8.185 Y-2.052 E0.02318
G1 X-8.781 Y-1.44 E0.02078
G1 X-9.943 Y-.196 E0.0414
G1 X-10.813 Y0.792 E0.03202
G1 X-12.409 Y2.686 E0.06024
G1 X-12.642 Y2.492 E0.00737
G1 X-13.545 Y2.021 E0.02477
G1 X-14.448 Y1.771 E0.02279
G1 X-15.351 Y1.703 E0.02202
G1 X-15.642 Y1.746 E0.00715
G1 F3600 E-1
G0 F12000 X-6.116 Y-3.989
G0 X-5.258 Y-4.325
;TYPE:WALL-INNER
G1 F3600 E1
G1 F2118.5 X-10.914 Y-4.325 E0.13756
G1 X-12.082 Y-3.09 E0.04134
G1 X-13.522 Y-1.48 E0.05253
G1 X-14.312 Y-.554 E0.0296
G1 X-15.315 Y0.665 E0.03839
G1 X-16.582 Y2.295 E0.05021
G1 X-17.424 Y3.429 E0.03435
G1 X-18.057 Y4.325 E0.02668
G1 X-13.171 Y4.325 E0.11883
G1 X-12.526 Y3.491 E0.02564
G1 X-11.777 Y2.565 E0.02897
G1 X-10.505 Y1.055 E0.04802
G1 X-9.494 Y-0.081 E0.03699
G1 X-8.484 Y-1.163 E0.036
G1 X-7.474 Y-2.202 E0.03524
G1 X-6.46 Y-3.199 E0.03459
G1 X-5.258 Y-4.325 E0.04006
G1 F3600 E-1
G0 F12000 X-6.116 Y-3.989
G0 X-4.836 Y-4.49
G0 X-4.166 Y-4.747
;TYPE:WALL-OUTER
G1 F3600 E1
G1 F2118.5 X-11.094 Y-4.75 E0.1685
G1 X-12.398 Y-3.373 E0.04612
G1 X-13.795 Y-1.815 E0.0509
G1 X-14.64 Y-.824 E0.03167
G1 X-15.65 Y0.403 E0.03865
G1 X-16.923 Y2.041 E0.05046
G1 X-17.771 Y3.184 E0.03461
G1 X-18.868 Y4.75 E0.0465
G1 X-12.963 Y4.75 E0.14362
G1 X-12.195 Y3.758 E0.03051
G1 X-11.452 Y2.838 E0.02876
G1 X-10.187 Y1.337 E0.04774
G1 X-9.183 Y0.209 E0.03673
G1 X-8.18 Y-.867 E0.03578
G1 X-7.176 Y-1.899 E0.03502
G1 X-6.168 Y-2.89 E0.03438
G1 X-5.168 Y-3.834 E0.03345
G1 X-4.166 Y-4.747 E0.03297
G0 F12000 X-4.966 Y-4.747
G1 F3600 E-1
G0 F12000 X-4.966 Y-4.425
G0 X-16.298 Y1.62
G0 X-30.48 Y3.179
G0 X-30.686 Y4.236
;TYPE:WALL-INNER
G1 F3600 E1
G1 F1518.1 X-30.725 Y4.168 E0.00266
G1 X-30.803 Y4.168 E0.00265
G1 X-30.842 Y4.236 E0.00266
G1 X-30.803 Y4.304 E0.00266
G1 X-30.725 Y4.304 E0.00265
G1 X-30.686 Y4.236 E0.00266
G1 F3600 E-1
G0 F12000 X-30.502 Y3.256
G0 X-30.25 Y2.362
;TYPE:WALL-OUTER
G1 F3600 E1
G1 F2118.5 X-30.742 Y3.17 E0.02301
G1 X-31.648 Y4.749 E0.04428
G1 X-30.25 Y4.75 E0.034
G1 X-30.25 Y2.362 E0.05808
G0 F12000 X-30.666 Y3.045
G1 F3600 E-1
;MESH:NONMESH
G0 F600 X-30.666 Y3.045 Z39.3
G0 F12000 X-30.502 Y3.256
G0 X-13.616 Y-1.654
G0 X-10.705 Y-3.919
;TIME_ELAPSED:1005.004782
;LAYER:300
;note -- min layer time used
;TYPE:FILL
;MESH:bridge_3a.stl
G1 F3600 E1
G1 F2136.4 X-9.933 Y-3.136 E0.02674
G1 X-9.03 Y-2.429 E0.02789
G1 X-8.337 Y-2.099 E0.01867
G1 X-8.779 Y-1.646 E0.01539
G1 X-9.795 Y-.561 E0.03615
G1 X-10.809 Y0.572 E0.03698
G1 X-11.436 Y1.301 E0.02339
G1 X-12.473 Y2.56 E0.03967
G1 X-12.642 Y2.428 E0.00522
G1 X-13.545 Y1.998 E0.02433
G1 X-14.448 Y1.785 E0.02257
G1 X-15.351 Y1.754 E0.02198
G1 X-15.925 Y1.863 E0.01421
G1 F3600 E-1
G0 F12000 X-6.322 Y-3.989
G0 X-5.469 Y-4.325
;TYPE:WALL-INNER
G1 F3600 E1
G1 F2136.4 X-11.105 Y-4.324 E0.13708
G1 X-12.182 Y-3.189 E0.03805
G1 X-13.124 Y-2.153 E0.03406
G1 X-14.053 Y-1.087 E0.03439
G1 X-15.39 Y0.536 E0.05114
G1 X-16.266 Y1.641 E0.0343
G1 X-17.575 Y3.397 E0.05327
G1 X-18.231 Y4.324 E0.02762
G1 X-13.348 Y4.325 E0.11876
G1 X-12.771 Y3.577 E0.02298
G1 X-11.988 Y2.6 E0.03045
G1 X-11.052 Y1.475 E0.03559
G1 X-10.503 Y0.837 E0.02047
G1 X-9.493 Y-.29 E0.03681
G1 X-8.484 Y-1.368 E0.03591
G1 X-7.474 Y-2.402 E0.03515
G1 X-6.462 Y-3.397 E0.03452
G1 X-5.469 Y-4.325 E0.03306
G1 F3600 E-1
G0 F12000 X-6.322 Y-3.989
G0 X-5.044 Y-4.49
G0 X-4.36 Y-4.75
;TYPE:WALL-OUTER
G1 F3600 E1
G1 F2136.4 X-11.288 Y-4.749 E0.1685
G1 X-12.496 Y-3.475 E0.0427
G1 X-13.444 Y-2.432 E0.03428
G1 X-14.377 Y-1.362 E0.03453
G1 X-15.724 Y0.272 E0.0515
G1 X-16.606 Y1.386 E0.03456
G1 X-17.922 Y3.151 E0.05355
G1 X-18.695 Y4.245 E0.03258
G1 X-19.038 Y4.749 E0.01483
G1 X-13.139 Y4.75 E0.14347
G1 X-12.44 Y3.843 E0.02785
G1 X-11.661 Y2.872 E0.03028
G1 X-10.802 Y1.837 E0.03271
G1 X-10.187 Y1.121 E0.02296
G1 X-9.183 Y0.001 E0.03658
G1 X-8.179 Y-1.071 E0.03572
G1 X-7.176 Y-2.099 E0.03493
G1 X-6.171 Y-3.087 E0.03428
G1 X-5.167 Y-4.027 E0.03345
G1 X-4.36 Y-4.75 E0.02635
G0 F12000 X-5.16 Y-4.75
G1 F3600 E-1
G0 F12000 X-5.16 Y-4.425
G0 X-16.399 Y1.519
G0 X-30.48 Y2.91
G0 X-30.731 Y4.176
;TYPE:WALL-INNER
G1 F3600 E1
G1 F1285.3 X-30.778 Y4.095 E0.00379
G1 X-30.871 Y4.095 E0.00376
G1 X-30.917 Y4.176 E0.00377
G1 X-30.87 Y4.257 E0.00379
G1 X-30.777 Y4.257 E0.00376
G1 X-30.731 Y4.176 E0.00377
G1 F3600 E-1
G0 F12000 X-30.502 Y2.987
G0 X-30.25 Y2.094
;TYPE:WALL-OUTER
G1 F3600 E1
G1 F2136.4 X-30.882 Y3.131 E0.02954
G1 X-31.812 Y4.75 E0.04541
G1 X-30.25 Y4.75 E0.03799
G1 X-30.25 Y2.094 E0.0646
G0 F12000 X-30.666 Y2.777
G1 F3600 E-1
;MESH:NONMESH
G0 F600 X-30.666 Y2.777 Z39.43
G0 F12000 X-30.525 Y3.07
G0 X-14.166 Y-1.232
G0 X-10.836 Y-3.917
;TIME_ELAPSED:1008.689854
;LAYER:301
;note -- min layer time used
;TYPE:FILL
;MESH:bridge_3a.stl
G1 F3600 E1
G1 F2206.3 X-9.933 Y-3.028 E0.03082
G1 X-9.03 Y-2.363 E0.02728
G1 X-8.498 Y-2.133 E0.0141
G1 X-8.878 Y-1.744 E0.01323
G1 X-9.792 Y-.771 E0.03247
G1 X-10.751 Y0.294 E0.03486
G1 X-11.852 Y1.576 E0.0411
G1 X-12.552 Y2.428 E0.02682
G1 X-12.642 Y2.362 E0.00271
G1 X-13.545 Y1.972 E0.02392
G1 X-14.448 Y1.796 E0.02238
G1 X-15.351 Y1.801 E0.02196
G1 X-16.205 Y2.001 E0.02133
G1 F3600 E-1
G0 F12000 X-6.531 Y-3.989
G0 X-5.679 Y-4.324
;TYPE:WALL-INNER
G1 F3600 E1
G1 F2206.3 X-11.301 Y-4.324 E0.13674
G1 X-12.282 Y-3.29 E0.03467
G1 X-13.224 Y-2.252 E0.03409
G1 X-14.172 Y-1.165 E0.03508
G1 X-15.043 Y-.115 E0.03318
G1 X-16.368 Y1.544 E0.05164
G1 X-17.212 Y2.659 E0.03401
G1 X-18.405 Y4.324 E0.04982
G1 X-13.525 Y4.325 E0.11869
G1 X-12.952 Y3.578 E0.0229
G1 X-12.146 Y2.57 E0.03139
G1 X-11.541 Y1.836 E0.02313
G1 X-10.434 Y0.548 E0.04131
G1 X-9.492 Y-.499 E0.03425
G1 X-8.482 Y-1.573 E0.03586
G1 X-7.473 Y-2.603 E0.03507
G1 X-6.461 Y-3.594 E0.03445
G1 X-5.679 Y-4.324 E0.02602
G1 F3600 E-1
G0 F12000 X-6.531 Y-3.989
G0 X-5.257 Y-4.49
G0 X-4.574 Y-4.75
;TYPE:WALL-OUTER
G1 F3600 E1
G1 F2206.3 X-11.484 Y-4.749 E0.16806
G1 X-12.597 Y-3.576 E0.03933
G1 X-13.544 Y-2.532 E0.03428
G1 X-14.498 Y-1.437 E0.03532
G1 X-15.362 Y-.398 E0.03287
G1 X-16.706 Y1.287 E0.05242
G1 X-17.556 Y2.41 E0.03425
G1 X-18.796 Y4.142 E0.05181
G1 X-19.209 Y4.75 E0.01788
G1 X-13.316 Y4.75 E0.14333
G1 X-12.62 Y3.843 E0.02781
G1 X-11.818 Y2.841 E0.03122
G1 X-11.218 Y2.113 E0.02294
G1 X-10.118 Y0.832 E0.04107
G1 X-9.183 Y-.208 E0.03401
G1 X-8.179 Y-1.276 E0.03565
G1 X-7.175 Y-2.299 E0.03486
G1 X-6.171 Y-3.283 E0.03419
G1 X-5.203 Y-4.186 E0.0322
G1 X-4.574 Y-4.75 E0.02055
G0 F12000 X-5.374 Y-4.75
G1 F3600 E-1
G0 F12000 X-5.374 Y-4.425
G0 X-16.501 Y1.42
G0 X-30.48 Y2.629
G0 X-31.257 Y4.329
;TYPE:WALL-INNER
G1 F3600 E1
G1 F2282.4 X-30.667 Y4.333 E0.01387
G1 X-30.667 Y3.308 E0.0241
G1 X-31.257 Y4.329 E0.02772
G1 F3600 E-1
G0 F12000 X-30.501 Y2.706
G0 X-30.25 Y1.816
;TYPE:WALL-OUTER
G1 F3600 E1
G1 F2206.3 X-30.575 Y2.34 E0.015
G1 X-31.624 Y4.124 E0.05033
G1 X-31.974 Y4.75 E0.01744
G1 X-30.25 Y4.75 E0.04193
G1 X-30.25 Y1.816 E0.07136
G0 F12000 X-30.575 Y2.34
G0 X-30.667 Y2.497
G1 F3600 E-1
;MESH:NONMESH
G0 F600 X-30.667 Y2.497 Z39.56
G0 F12000 X-30.501 Y2.706
G0 X-13.35 Y-2.384
G0 X-10.985 Y-3.92
;TIME_ELAPSED:1012.368773
;LAYER:302
;note -- min layer time used
;TYPE:FILL
;MESH:bridge_3a.stl
G1 F3600 E1
G1 F2235.7 X-9.933 Y-2.919 E0.03532
G1 X-9.03 Y-2.294 E0.02671
G1 X-8.674 Y-2.156 E0.00929
G1 X-9.786 Y-.985 E0.03928
G1 X-10.8 Y0.133 E0.03671
G1 X-11.915 Y1.432 E0.04164
G1 X-12.629 Y2.302 E0.02737
G1 X-13.545 Y1.942 E0.02394
G1 X-14.448 Y1.802 E0.02222
G1 X-15.351 Y1.845 E0.02199
G1 X-16.254 Y2.094 E0.02278
G1 X-16.608 Y2.3 E0.00996
G1 F3600 E-1
G0 F12000 X-6.738 Y-3.988
G0 X-5.884 Y-4.324
;TYPE:WALL-INNER
G1 F3600 E1
G1 F2235.7 X-11.5 Y-4.325 E0.13659
G1 X-12.384 Y-3.388 E0.03133
G1 X-13.325 Y-2.35 E0.03408
G1 X-14.238 Y-1.295 E0.03393
G1 X-15.137 Y-.228 E0.03393
G1 X-16.446 Y1.414 E0.05107
G1 X-17.311 Y2.559 E0.0349
G1 X-18.139 Y3.702 E0.03433
G1 X-18.575 Y4.325 E0.01849
G1 X-13.703 Y4.325 E0.11849
G1 X-13.132 Y3.574 E0.02295
G1 X-12.519 Y2.808 E0.02386
G1 X-11.512 Y1.579 E0.03864
G1 X-10.501 Y0.406 E0.03766
G1 X-9.487 Y-.712 E0.03671
G1 X-8.481 Y-1.779 E0.03567
G1 X-7.468 Y-2.803 E0.03503
G1 X-6.424 Y-3.823 E0.0355
G1 X-5.884 Y-4.324 E0.01792
G1 F3600 E-1
G0 F12000 X-6.738 Y-3.988
G0 X-5.47 Y-4.489
G0 X-4.788 Y-4.75
;TYPE:WALL-OUTER
G1 F3600 E1
G1 F2235.7 X-11.684 Y-4.75 E0.16772
G1 X-12.694 Y-3.677 E0.03584
G1 X-13.647 Y-2.629 E0.03445
G1 X-14.563 Y-1.569 E0.03407
G1 X-15.485 Y-.473 E0.03483
G1 X-16.798 Y1.175 E0.05125
G1 X-17.655 Y2.309 E0.03457
G1 X-18.487 Y3.458 E0.0345
G1 X-19.38 Y4.75 E0.0382
G1 X-13.492 Y4.75 E0.1432
G1 X-12.8 Y3.839 E0.02782
G1 X-12.19 Y3.077 E0.02374
G1 X-11.19 Y1.856 E0.03839
G1 X-10.186 Y0.692 E0.03739
G1 X-9.178 Y-.42 E0.0365
G1 X-8.178 Y-1.48 E0.03544
G1 X-7.171 Y-2.499 E0.03484
G1 X-6.135 Y-3.512 E0.03524
G1 X-5.164 Y-4.414 E0.03223
G1 X-4.788 Y-4.75 E0.01226
G0 F12000 X-5.588 Y-4.75
G1 F3600 E-1
G0 F12000 X-5.588 Y-4.425
G0 X-16.592 Y1.308
G0 X-30.48 Y2.355
G0 X-31.374 Y4.303
;TYPE:WALL-INNER
G1 F3600 E1
G1 F2032.5 X-30.697 Y4.303 E0.01811
G1 X-30.697 Y3.142 E0.03106
G1 X-31.374 Y4.303 E0.03596
G1 F3600 E-1
G0 F12000 X-30.501 Y2.432
G0 X-30.25 Y1.546
;TYPE:WALL-OUTER
G1 F3600 E1
G1 F2235.7 X-30.611 Y2.127 E0.01664
G1 X-31.209 Y3.129 E0.02838
G1 X-31.783 Y4.119 E0.02783
G1 X-32.137 Y4.75 E0.0176
G1 X-30.25 Y4.75 E0.04589
G1 X-30.25 Y1.546 E0.07793
G0 F12000 X-30.611 Y2.127
G0 X-30.67 Y2.226
G1 F3600 E-1
;MESH:NONMESH
G0 F600 X-30.67 Y2.226 Z39.69
G0 F12000 X-30.525 Y2.518
G0 X-13.45 Y-2.484
G0 X-11.123 Y-3.92
;TIME_ELAPSED:1016.061120
;LAYER:303
;note -- min layer time used
;TYPE:FILL
;MESH:bridge_3a.stl
G1 F3600 E1
G1 F2252.2 X-9.933 Y-2.808 E0.03961
G1 X-9.03 Y-2.221 E0.02619
G1 X-8.864 Y-2.164 E0.00427
G1 X-9.271 Y-1.74 E0.01429
G1 X-10.205 Y-.738 E0.03332
G1 X-11.12 Y0.287 E0.03342
G1 X-12.013 Y1.333 E0.03345
G1 X-12.726 Y2.191 E0.02713
G1 X-13.545 Y1.908 E0.02107
G1 X-14.448 Y1.805 E0.0221
G1 X-15.351 Y1.884 E0.02205
G1 X-16.254 Y2.172 E0.02305
G1 X-17.075 Y2.684 E0.02353
G1 F3600 E-1
G0 F12000 X-6.939 Y-3.988
G0 X-6.091 Y-4.325
;TYPE:WALL-INNER
G1 F3600 E1
G1 F2252.2 X-11.696 Y-4.325 E0.13632
G1 X-12.442 Y-3.53 E0.02652
G1 X-13.427 Y-2.448 E0.03559
G1 X-14.338 Y-1.395 E0.03386
G1 X-15.25 Y-.312 E0.03444
G1 X-15.853 Y0.432 E0.02329
G1 X-16.629 Y1.424 E0.03063
G1 X-17.376 Y2.409 E0.03007
G1 X-18.244 Y3.604 E0.03592
G1 X-18.748 Y4.325 E0.0214
G1 X-13.88 Y4.325 E0.1184
G1 X-13.531 Y3.862 E0.0141
G1 X-12.52 Y2.576 E0.03979
G1 X-11.706 Y1.597 E0.03097
G1 X-10.812 Y0.55 E0.03348
G1 X-9.91 Y-.461 E0.03295
G1 X-8.976 Y-1.464 E0.03333
G1 X-8.501 Y-1.959 E0.01669
G1 X-7.471 Y-3.001 E0.03563
G1 X-6.46 Y-3.984 E0.0343
G1 X-6.091 Y-4.325 E0.01222
G1 F3600 E-1
G0 F12000 X-6.939 Y-3.988
G0 X-5.676 Y-4.489
G0 X-5.003 Y-4.749
;TYPE:WALL-OUTER
G1 F3600 E1
G1 F2252.2 X-11.879 Y-4.75 E0.16723
G1 X-12.756 Y-3.817 E0.03114
G1 X-13.748 Y-2.727 E0.03585
G1 X-14.663 Y-1.669 E0.03402
G1 X-15.58 Y-.58 E0.03463
G1 X-16.187 Y0.17 E0.02347
G1 X-16.967 Y1.167 E0.03079
G1 X-17.72 Y2.159 E0.03029
G1 X-18.592 Y3.361 E0.03612
G1 X-19.557 Y4.75 E0.04114
G1 X-13.669 Y4.75 E0.1432
G1 X-13.197 Y4.125 E0.01905
G1 X-12.193 Y2.848 E0.03951
G1 X-11.383 Y1.873 E0.03083
G1 X-10.495 Y0.833 E0.03326
G1 X-9.599 Y-.171 E0.03273
G1 X-8.669 Y-1.17 E0.0332
G1 X-8.198 Y-1.66 E0.01653
G1 X-7.175 Y-2.696 E0.03541
G1 X-6.171 Y-3.672 E0.03406
G1 X-5.003 Y-4.749 E0.03864
G0 F12000 X-5.803 Y-4.749
G1 F3600 E-1
G0 F12000 X-5.803 Y-4.425
G0 X-15.38 Y-.442
G0 X-30.48 Y2.086
G0 X-30.727 Y2.978
;TYPE:WALL-INNER
G1 F3600 E1
G1 F1829.4 X-31.483 Y4.273 E0.0449
G1 X-30.727 Y4.273 E0.02264
G1 X-30.727 Y2.978 E0.03878
G1 F3600 E-1
G0 F12000 X-30.502 Y2.163
G0 X-30.25 Y1.281
;TYPE:WALL-OUTER
G1 F3600 E1
G1 F2252.2 X-30.782 Y2.143 E0.02464
G1 X-31.374 Y3.131 E0.02801
G1 X-32.297 Y4.75 E0.04533
G1 X-30.25 Y4.75 E0.04979
G1 X-30.25 Y1.281 E0.08437
G0 F12000 X-30.67 Y1.961
G1 F3600 E-1
;MESH:NONMESH
G0 F600 X-30.67 Y1.961 Z39.82
G0 F12000 X-30.525 Y2.244
G0 X-13.55 Y-2.584
G0 X-11.255 Y-3.92
;TIME_ELAPSED:1019.735379
;LAYER:304
;note -- min layer time used
;TYPE:FILL
;MESH:bridge_3a.stl
G1 F3600 E1
G1 F2315.2 X-9.933 Y-2.696 E0.04382
G1 X-9.06 Y-2.164 E0.02486
G1 X-9.788 Y-1.4 E0.02567
G1 X-10.797 Y-.293 E0.03643
G1 X-11.309 Y0.285 E0.01878
G1 X-12.172 Y1.301 E0.03242
G1 X-12.824 Y2.09 E0.02489
G1 X-13.545 Y1.871 E0.01833
G1 X-14.448 Y1.805 E0.02202
G1 X-15.351 Y1.92 E0.02214
G1 X-16.254 Y2.246 E0.02335
G1 X-17.157 Y2.846 E0.02637
G1 X-17.817 Y3.47 E0.02209
G1 F3600 E-1
G0 F12000 X-7.142 Y-3.988
G0 X-6.298 Y-4.325
;TYPE:WALL-INNER
G1 F3600 E1
G1 F2315.2 X-11.892 Y-4.325 E0.13605
G1 X-13.055 Y-3.074 E0.04154
G1 X-13.531 Y-2.542 E0.01736
G1 X-14.447 Y-1.491 E0.03391
G1 X-15.343 Y-.416 E0.03404
G1 X-16.23 Y0.682 E0.03433
G1 X-17.097 Y1.799 E0.03439
G1 X-17.929 Y2.927 E0.03409
G1 X-18.915 Y4.325 E0.04161
G1 X-14.057 Y4.325 E0.11815
G1 X-13.493 Y3.58 E0.02273
G1 X-12.517 Y2.353 E0.03813
G1 X-11.863 Y1.563 E0.02494
G1 X-11.002 Y0.548 E0.03237
G1 X-10.499 Y-0.019 E0.01843
G1 X-9.49 Y-1.126 E0.03643
G1 X-8.479 Y-2.189 E0.03568
G1 X-7.469 Y-3.202 E0.03479
G1 X-6.298 Y-4.325 E0.03946
G1 F3600 E-1
G0 F12000 X-7.142 Y-3.988
G0 X-5.883 Y-4.489
G0 X-5.214 Y-4.75
;TYPE:WALL-OUTER
G1 F3600 E1
G1 F2315.2 X-12.076 Y-4.75 E0.16689
G1 X-13.371 Y-3.358 E0.04624
G1 X-14.773 Y-1.763 E0.05165
G1 X-15.673 Y-.683 E0.03419
G1 X-16.565 Y0.421 E0.03452
G1 X-17.438 Y1.546 E0.03463
G1 X-18.276 Y2.682 E0.03433
G1 X-19.734 Y4.75 E0.06154
G1 X-13.845 Y4.75 E0.14323
G1 X-13.16 Y3.844 E0.02762
G1 X-12.189 Y2.624 E0.03792
G1 X-11.539 Y1.838 E0.02481
G1 X-10.684 Y0.83 E0.03215
G1 X-10.185 Y0.267 E0.0183
G1 X-9.182 Y-.833 E0.03621
G1 X-8.178 Y-1.889 E0.03544
G1 X-7.174 Y-2.896 E0.03458
G1 X-6.17 Y-3.864 E0.03392
G1 X-5.214 Y-4.75 E0.0317
G0 F12000 X-6.014 Y-4.75
G1 F3600 E-1
G0 F12000 X-6.014 Y-4.425
G0 X-17.232 Y1.68
G0 X-30.48 Y1.813
G0 X-31 Y3.696
G0 X-30.757 Y2.815
;TYPE:WALL-INNER
G1 F3600 E1
G1 F1696.8 X-31.19 Y3.54 E0.02802
G1 X-31.59 Y4.243 E0.02684
G1 X-30.757 Y4.243 E0.02764
G1 X-30.757 Y2.815 E0.04739
G1 F3600 E-1
G0 F12000 X-31 Y3.696
G0 X-30.501 Y1.89
G0 X-30.25 Y0.984
;TYPE:WALL-OUTER
G1 F3600 E1
G1 F2315.2 X-31.631 Y3.29 E0.06537
G1 X-32.459 Y4.75 E0.04082
G1 X-30.25 Y4.75 E0.05373
G1 X-30.25 Y0.984 E0.09159
G0 F12000 X-30.661 Y1.67
G1 F3600 E-1
;MESH:NONMESH
G0 F600 X-30.661 Y1.67 Z39.95
G0 F12000 X-30.501 Y1.89
G0 X-13.662 Y-2.67
G0 X-11.38 Y-3.92
;TIME_ELAPSED:1023.494801
;LAYER:305
;note -- min layer time used
;TYPE:FILL
;MESH:bridge_3a.stl
G1 F3600 E1
G1 F2348.8 X-10.836 Y-3.394 E0.0184
G1 X-9.933 Y-2.58 E0.02957
G1 X-9.234 Y-2.182 E0.01956
G1 X-9.777 Y-1.618 E0.01904
G1 X-10.897 Y-.39 E0.04042
G1 X-11.813 Y0.657 E0.03383
G1 X-12.362 Y1.308 E0.02071
G1 X-12.922 Y1.992 E0.0215
G1 X-13.545 Y1.83 E0.01566
G1 X-14.448 Y1.8 E0.02197
G1 X-15.351 Y1.953 E0.02228
G1 X-16.254 Y2.317 E0.02368
G1 X-17.157 Y2.956 E0.0269
G1 X-18.021 Y3.792 E0.02924
G1 F3600 E-1
G0 F12000 X-7.346 Y-3.988
G0 X-6.502 Y-4.326
;TYPE:WALL-INNER
G1 F3600 E1
G1 F2348.8 X-12.092 Y-4.325 E0.13596
G1 X-13.155 Y-3.173 E0.03812
G1 X-14.089 Y-2.123 E0.03418
G1 X-15.453 Y-.508 E0.05141
G1 X-16.328 Y0.58 E0.03396
G1 X-17.196 Y1.697 E0.03441
G1 X-17.724 Y2.407 E0.02152
G1 X-18.452 Y3.412 E0.03018
G1 X-19.091 Y4.325 E0.0271
G1 X-14.236 Y4.325 E0.11808
G1 X-13.67 Y3.577 E0.02281
G1 X-12.875 Y2.572 E0.03117
G1 X-12.049 Y1.565 E0.03168
G1 X-11.505 Y0.919 E0.02054
G1 X-10.498 Y-.232 E0.0372
G1 X-9.487 Y-1.336 E0.03641
G1 X-8.5 Y-2.364 E0.03466
G1 X-7.443 Y-3.429 E0.03649
G1 X-6.502 Y-4.326 E0.03162
G1 F3600 E-1
G0 F12000 X-7.346 Y-3.988
G0 X-6.09 Y-4.489
G0 X-5.414 Y-4.75
;TYPE:WALL-OUTER
G1 F3600 E1
G1 F2348.8 X-12.278 Y-4.75 E0.16694
G1 X-13.472 Y-3.456 E0.04282
G1 X-14.395 Y-2.42 E0.03375
G1 X-15.767 Y-.797 E0.05169
G1 X-16.663 Y0.319 E0.03481
G1 X-17.536 Y1.443 E0.03461
G1 X-18.068 Y2.157 E0.02166
G1 X-18.8 Y3.169 E0.03038
G1 X-19.606 Y4.323 E0.03424
G1 X-19.893 Y4.75 E0.01251
G1 X-14.025 Y4.75 E0.14272
G1 X-13.337 Y3.84 E0.02775
G1 X-12.546 Y2.841 E0.03099
G1 X-11.724 Y1.838 E0.03154
G1 X-11.185 Y1.199 E0.02033
G1 X-10.185 Y0.055 E0.03696
G1 X-9.181 Y-1.042 E0.03617
G1 X-8.198 Y-2.065 E0.03451
G1 X-7.149 Y-3.121 E0.0362
G1 X-6.165 Y-4.061 E0.0331
G1 X-5.414 Y-4.75 E0.02479
G0 F12000 X-6.214 Y-4.75
G1 F3600 E-1
G0 F12000 X-6.214 Y-4.425
G0 X-15.582 Y-.641
G0 X-30.48 Y1.542
G0 X-30.675 Y2.245
;TYPE:WALL-INNER
G1 F3600 E1
G1 F2348.8 X-31.335 Y3.345 E0.0312
G1 X-31.895 Y4.325 E0.02745
G1 X-30.675 Y4.325 E0.02967
G1 X-30.675 Y2.245 E0.05059
G1 F3600 E-1
G0 F12000 X-30.25 Y0.744
;TYPE:WALL-OUTER
G1 F3600 E1
G1 F2348.8 X-30.608 Y1.31 E0.01629
G1 X-31.704 Y3.134 E0.05175
G1 X-32.621 Y4.75 E0.04519
G1 X-30.25 Y4.75 E0.05767
G1 X-30.25 Y0.744 E0.09743
G0 F12000 X-30.608 Y1.31
G0 X-30.674 Y1.421
G1 F3600 E-1
;MESH:NONMESH
G0 F600 X-30.674 Y1.421 Z40.08
G0 F12000 X-30.525 Y1.704
G0 X-14.215 Y-2.256
G0 X-11.499 Y-3.92
;TIME_ELAPSED:1027.160897
;LAYER:306
;note -- min layer time used
;TYPE:FILL
;MESH:bridge_3a.stl
G1 F3600 E1
G1 F2371.6 X-10.836 Y-3.26 E0.02275
G1 X-9.933 Y-2.46 E0.02934
G1 X-9.425 Y-2.191 E0.01398
G1 X-9.777 Y-1.826 E0.01233
G1 X-10.801 Y-.714 E0.03677
G1 X-11.817 Y0.439 E0.03738
G1 X-13.034 Y1.896 E0.04617
G1 X-13.545 Y1.785 E0.01272
G1 X-14.448 Y1.792 E0.02196
G1 X-15.351 Y1.981 E0.02244
G1 X-16.254 Y2.386 E0.02407
G1 X-17.157 Y3.065 E0.02748
G1 X-18.015 Y3.919 E0.02944
G1 F3600 E-1
G0 F12000 X-7.548 Y-3.988
G0 X-6.71 Y-4.324
;TYPE:WALL-INNER
G1 F3600 E1
G1 F2371.6 X-12.277 Y-4.325 E0.1354
G1 X-13.259 Y-3.27 E0.03505
G1 X-14.188 Y-2.225 E0.03401
G1 X-15.094 Y-1.16 E0.03401
G1 X-16.436 Y0.482 E0.05158
G1 X-17.294 Y1.593 E0.03414
G1 X-18.135 Y2.725 E0.0343
G1 X-19.262 Y4.324 E0.04758
G1 X-14.409 Y4.325 E0.11803
G1 X-13.849 Y3.584 E0.02259
G1 X-13.062 Y2.576 E0.0311
G1 X-12.517 Y1.901 E0.0211
G1 X-11.507 Y0.701 E0.03815
G1 X-10.497 Y-.445 E0.03715
G1 X-9.486 Y-1.545 E0.03634
G1 X-8.499 Y-2.569 E0.03459
G1 X-7.559 Y-3.512 E0.03238
G1 X-6.71 Y-4.324 E0.02857
G1 F3600 E-1
G0 F12000 X-7.548 Y-3.988
G0 X-6.3 Y-4.489
G0 X-5.627 Y-4.75
;TYPE:WALL-OUTER
G1 F3600 E1
G1 F2371.6 X-12.463 Y-4.75 E0.16626
G1 X-13.576 Y-3.552 E0.03977
G1 X-14.511 Y-2.5 E0.03423
G1 X-15.421 Y-1.431 E0.03414
G1 X-16.756 Y0.2 E0.05126
G1 X-17.636 Y1.34 E0.03503
G1 X-18.481 Y2.479 E0.03449
G1 X-19.71 Y4.224 E0.05191
G1 X-20.064 Y4.749 E0.0154
G1 X-14.197 Y4.75 E0.14269
G1 X-13.5 Y3.828 E0.02811
G1 X-12.731 Y2.842 E0.03041
G1 X-12.192 Y2.174 E0.02088
G1 X-11.188 Y0.982 E0.0379
G1 X-10.185 Y-.158 E0.03693
G1 X-9.18 Y-1.25 E0.03609
G1 X-8.198 Y-2.269 E0.03442
G1 X-7.265 Y-3.205 E0.03214
G1 X-6.242 Y-4.185 E0.03446
G1 X-5.627 Y-4.75 E0.02031
G0 F12000 X-6.427 Y-4.75
G1 F3600 E-1
G0 F12000 X-6.427 Y-4.425
G0 X-15.23 Y-1.286
G0 X-30.48 Y1.272
G0 X-30.675 Y1.972
;TYPE:WALL-INNER
G1 F3600 E1
G1 F2371.6 X-31.467 Y3.293 E0.03746
G1 X-32.058 Y4.325 E0.02892
G1 X-30.675 Y4.325 E0.03364
G1 X-30.675 Y1.972 E0.05723
G1 F3600 E-1
G0 F12000 X-30.25 Y0.481
;TYPE:WALL-OUTER
G1 F3600 E1
G1 F2371.6 X-30.712 Y1.207 E0.02093
G1 X-31.832 Y3.075 E0.05297
G1 X-32.783 Y4.75 E0.04685
G1 X-30.25 Y4.75 E0.06161
G1 X-30.25 Y0.481 E0.10383
G0 F12000 X-30.679 Y1.155
G1 F3600 E-1
;MESH:NONMESH
G0 F600 X-30.679 Y1.155 Z40.21
G0 F12000 X-30.525 Y1.429
G0 X-14.315 Y-2.356
G0 X-11.612 Y-3.92
;TIME_ELAPSED:1030.819648
;LAYER:307
;note -- min layer time used
;TYPE:FILL
;MESH:bridge_3a.stl
G1 F3600 E1
G1 F2389.5 X-10.836 Y-3.124 E0.02704
G1 X-9.933 Y-2.336 E0.02915
G1 X-9.624 Y-2.185 E0.00836
G1 X-10.979 Y-.727 E0.04841
G1 X-11.843 Y0.255 E0.03181
G1 X-13.151 Y1.805 E0.04933
G1 X-13.545 Y1.736 E0.00973
G1 X-14.448 Y1.78 E0.02199
G1 X-15.351 Y2.007 E0.02265
G1 X-16.254 Y2.451 E0.02447
G1 X-17.157 Y3.174 E0.02813
G1 X-17.884 Y3.92 E0.02533
G1 F3600 E-1
G0 F12000 X-7.756 Y-3.988
G0 X-6.91 Y-4.325
;TYPE:WALL-INNER
G1 F3600 E1
G1 F2389.5 X-12.473 Y-4.325 E0.1353
G1 X-13.357 Y-3.371 E0.03163
G1 X-14.287 Y-2.326 E0.03402
G1 X-15.197 Y-1.26 E0.03409
G1 X-16.095 Y-.168 E0.03439
G1 X-17.344 Y1.428 E0.04929
G1 X-18.256 Y2.655 E0.03718
G1 X-19.055 Y3.78 E0.03356
G1 X-19.425 Y4.325 E0.01602
G1 X-14.585 Y4.325 E0.11772
G1 X-14.015 Y3.566 E0.02309
G1 X-13.241 Y2.575 E0.03058
G1 X-12.516 Y1.68 E0.02801
G1 X-11.535 Y0.518 E0.03699
G1 X-10.677 Y-.458 E0.03161
G1 X-9.486 Y-1.749 E0.04272
G1 X-8.476 Y-2.796 E0.03538
G1 X-7.466 Y-3.797 E0.03459
G1 X-6.91 Y-4.325 E0.01865
G1 F3600 E-1
G0 F12000 X-7.756 Y-3.988
G0 X-6.508 Y-4.488
G0 X-5.849 Y-4.75
;TYPE:WALL-OUTER
G1 F3600 E1
G1 F2389.5 X-12.658 Y-4.75 E0.1656
G1 X-13.674 Y-3.653 E0.03637
G1 X-14.61 Y-2.602 E0.03423
G1 X-15.512 Y-1.547 E0.03376
G1 X-16.429 Y-.43 E0.03515
G1 X-17.685 Y1.174 E0.04955
G1 X-18.602 Y2.408 E0.03739
G1 X-19.406 Y3.541 E0.03379
G1 X-20.226 Y4.75 E0.03553
G1 X-14.373 Y4.75 E0.14235
G1 X-13.68 Y3.828 E0.02805
G1 X-12.911 Y2.842 E0.03041
G1 X-12.192 Y1.954 E0.02779
G1 X-11.216 Y0.798 E0.0368
G1 X-10.364 Y-.17 E0.03136
G1 X-9.18 Y-1.454 E0.04248
G1 X-8.177 Y-2.494 E0.03514
G1 X-7.173 Y-3.49 E0.0344
G1 X-5.849 Y-4.75 E0.04445
G0 F12000 X-6.649 Y-4.75
G1 F3600 E-1
G0 F12000 X-6.649 Y-4.425
G0 X-15.331 Y-1.386
G0 X-30.48 Y1.011
G0 X-30.675 Y1.7
;TYPE:WALL-INNER
G1 F3600 E1
G1 F2389.5 X-31.075 Y2.347 E0.0185
G1 X-31.569 Y3.186 E0.02368
G1 X-32.223 Y4.325 E0.03194
G1 X-30.675 Y4.325 E0.03765
G1 X-30.675 Y1.7 E0.06384
G1 F3600 E-1
G0 F12000 X-30.25 Y0.215
;TYPE:WALL-OUTER
G1 F3600 E1
G1 F2389.5 X-31.44 Y2.131 E0.05486
G1 X-31.938 Y2.975 E0.02383
G1 X-32.945 Y4.75 E0.04963
G1 X-30.25 Y4.75 E0.06555
G1 X-30.25 Y0.215 E0.1103
G0 F12000 X-30.672 Y0.894
G1 F3600 E-1
;MESH:NONMESH
G0 F600 X-30.672 Y0.894 Z40.34
G0 F12000 X-30.525 Y1.169
G0 X-14.415 Y-2.456
G0 X-11.719 Y-3.92
;TIME_ELAPSED:1034.479061
;LAYER:308
;note -- min layer time used
;TYPE:FILL
;MESH:bridge_3a.stl
G1 F3600 E1
G1 F2459.7 X-10.836 Y-2.982 E0.03133
G1 X-9.933 Y-2.205 E0.02897
G1 X-9.843 Y-2.165 E0.0024
G1 X-10.938 Y-.978 E0.03928
G1 X-12.058 Y0.29 E0.04115
G1 X-12.822 Y1.191 E0.02873
G1 X-13.251 Y1.722 E0.0166
G1 X-13.545 Y1.684 E0.00721
G1 X-14.448 Y1.765 E0.02205
G1 X-15.351 Y2.028 E0.02287
G1 X-16.254 Y2.514 E0.02494
G1 X-17.157 Y3.283 E0.02885
G1 X-17.757 Y3.92 E0.02128
G1 F3600 E-1
G0 F12000 X-7.956 Y-3.987
G0 X-7.131 Y-4.324
;TYPE:WALL-INNER
G1 F3600 E1
G1 F2419.9 X-12.668 Y-4.325 E0.13467
G1 X-13.456 Y-3.473 E0.02823
G1 X-14.387 Y-2.426 E0.03408
G1 X-15.297 Y-1.359 E0.03411
G1 X-16.213 Y-.246 E0.03506
G1 X-17.071 Y0.841 E0.03368
G1 X-18.338 Y2.529 E0.05133
G1 X-19.124 Y3.631 E0.03292
G1 X-19.606 Y4.325 E0.02055
G1 X-14.759 Y4.325 E0.11789
G1 X-14.185 Y3.559 E0.02328
G1 X-13.449 Y2.606 E0.02929
G1 X-12.515 Y1.455 E0.03605
G1 X-11.75 Y0.553 E0.02877
G1 X-10.495 Y-.868 E0.04611
G1 X-9.485 Y-1.954 E0.03607
G1 X-8.475 Y-2.997 E0.03531
G1 X-7.131 Y-4.324 E0.04594
G1 F3600 E-1
G0 F12000 X-7.956 Y-3.987
G0 X-6.711 Y-4.488
G0 X-6.047 Y-4.75
;TYPE:WALL-OUTER
G1 F3600 E1
G1 F2400 X-12.854 Y-4.75 E0.16556
G1 X-13.773 Y-3.755 E0.03294
G1 X-14.71 Y-2.702 E0.03428
G1 X-15.612 Y-1.647 E0.03376
G1 X-16.546 Y-.51 E0.03579
G1 X-17.393 Y0.561 E0.03321
G1 X-18.674 Y2.268 E0.05191
G1 X-19.473 Y3.388 E0.03346
G1 X-19.994 Y4.139 E0.02223
G1 X-20.402 Y4.75 E0.01787
G1 X-14.546 Y4.75 E0.14243
G1 X-13.849 Y3.82 E0.02827
G1 X-13.122 Y2.879 E0.02892
G1 X-12.191 Y1.73 E0.03597
G1 X-11.432 Y0.834 E0.02856
G1 X-10.184 Y-.579 E0.04585
G1 X-9.18 Y-1.659 E0.03586
G1 X-8.176 Y-2.694 E0.03507
G1 X-7.169 Y-3.69 E0.03445
G1 X-6.047 Y-4.75 E0.03754
G0 F12000 X-6.847 Y-4.75
G1 F3600 E-1
G0 F12000 X-6.847 Y-4.425
G0 X-15.431 Y-1.486
G0 X-30.48 Y0.739
G0 X-30.675 Y1.424
;TYPE:WALL-INNER
G1 F3600 E1
G1 F2419.9 X-31.305 Y2.461 E0.02951
G1 X-31.85 Y3.385 E0.02609
G1 X-32.383 Y4.324 E0.02626
G1 X-30.675 Y4.325 E0.04154
G1 X-30.675 Y1.424 E0.07056
G1 F3600 E-1
G0 F12000 X-30.25 Y-0.049
;TYPE:WALL-OUTER
G1 F3600 E1
G1 F2400 X-30.995 Y1.132 E0.03396
G1 X-31.671 Y2.245 E0.03167
G1 X-32.219 Y3.175 E0.02625
G1 X-33.104 Y4.749 E0.04392
G1 X-30.25 Y4.75 E0.06941
G1 X-30.25 Y-0.049 E0.11672
G0 F12000 X-30.676 Y0.627
G1 F3600 E-1
;MESH:NONMESH
G0 F600 X-30.676 Y0.627 Z40.47
G0 F12000 X-30.525 Y0.893
G0 X-14.515 Y-2.556
G0 X-11.838 Y-3.92
;TIME_ELAPSED:1038.131137
;LAYER:309
;note -- min layer time used
;TYPE:FILL
;MESH:bridge_3a.stl
G1 F3600 E1
G1 F2611.5 X-11.739 Y-3.83 E0.00325
G1 X-10.836 Y-2.833 E0.03272
G1 X-10.04 Y-2.158 E0.02538
G1 X-10.795 Y-1.348 E0.02693
G1 X-11.812 Y-.213 E0.03707
G1 X-12.82 Y0.967 E0.03775
G1 X-13.366 Y1.641 E0.0211
G1 X-13.545 Y1.626 E0.00437
G1 X-14.448 Y1.745 E0.02215
G1 X-15.351 Y2.046 E0.02315
G1 X-16.254 Y2.575 E0.02545
G1 X-17.157 Y3.394 E0.02965
G1 X-17.633 Y3.919 E0.01724
G1 F3600 E-1
G0 F12000 X-8.155 Y-3.988
G0 X-7.322 Y-4.324
;TYPE:WALL-INNER
G1 F3600 E1
G1 F2470.5 X-12.86 Y-4.325 E0.13469
G1 X-13.596 Y-3.528 E0.02639
G1 X-14.459 Y-2.556 E0.03161
G1 X-15.396 Y-1.458 E0.03511
G1 X-16.138 Y-.56 E0.02833
G1 X-17.169 Y0.737 E0.0403
G1 X-17.681 Y1.403 E0.02043
G1 X-18.461 Y2.452 E0.03179
G1 X-19.259 Y3.577 E0.03355
G1 X-19.773 Y4.325 E0.02207
G1 X-14.935 Y4.325 E0.11767
G1 X-14.369 Y3.564 E0.02307
G1 X-13.549 Y2.511 E0.03246
G1 X-12.514 Y1.233 E0.04
G1 X-11.504 Y0.05 E0.03783
G1 X-10.495 Y-1.076 E0.03677
G1 X-9.516 Y-2.128 E0.03495
G1 X-8.474 Y-3.198 E0.03633
G1 X-7.322 Y-4.324 E0.03918
G1 F3600 E-1
G0 F12000 X-8.155 Y-3.988
G0 X-6.917 Y-4.489
G0 X-6.247 Y-4.75
;TYPE:WALL-OUTER
G1 F3600 E1
G1 F2400 X-13.046 Y-4.75 E0.16536
G1 X-13.914 Y-3.81 E0.03112
G1 X-14.832 Y-2.773 E0.03368
G1 X-15.723 Y-1.729 E0.03338
G1 X-16.471 Y-.825 E0.02854
G1 X-17.506 Y0.478 E0.04047
G1 X-18.029 Y1.16 E0.0209
G1 X-18.808 Y2.206 E0.03172
G1 X-19.61 Y3.336 E0.0337
G1 X-20.573 Y4.75 E0.04161
G1 X-14.722 Y4.75 E0.1423
G1 X-14.034 Y3.825 E0.02804
G1 X-13.219 Y2.778 E0.03227
G1 X-12.191 Y1.509 E0.03972
G1 X-11.187 Y0.333 E0.03761
G1 X-10.183 Y-.787 E0.03658
G1 X-9.212 Y-1.831 E0.03468
G1 X-8.176 Y-2.895 E0.03612
G1 X-7.168 Y-3.887 E0.0344
G1 X-6.247 Y-4.75 E0.0307
G0 F12000 X-7.047 Y-4.75
G1 F3600 E-1
G0 F12000 X-7.047 Y-4.425
G0 X-15.531 Y-1.586
G0 X-30.48 Y0.481
G0 X-30.675 Y1.154
;TYPE:WALL-INNER
G1 F3600 E1
G1 F2470.5 X-31.409 Y2.356 E0.03425
G1 X-31.98 Y3.334 E0.02754
G1 X-32.543 Y4.324 E0.0277
G1 X-30.675 Y4.325 E0.04543
G1 X-30.675 Y1.154 E0.07712
G1 F3600 E-1
G0 F12000 X-30.25 Y-.315
;TYPE:WALL-OUTER
G1 F3600 E1
G1 F2400 X-31.165 Y1.136 E0.04172
G1 X-31.776 Y2.141 E0.02861
G1 X-32.353 Y3.13 E0.02785
G1 X-33.264 Y4.749 E0.04518
G1 X-30.25 Y4.75 E0.0733
G1 X-30.25 Y-.315 E0.12319
G0 F12000 X-30.676 Y0.361
G1 F3600 E-1
;MESH:NONMESH
G0 F600 X-30.676 Y0.361 Z40.6
G0 F12000 X-30.525 Y0.635
G0 X-14.602 Y-2.671
G0 X-11.949 Y-3.919
;TIME_ELAPSED:1041.767707
;LAYER:310
;note -- min layer time used
;TYPE:FILL
;MESH:bridge_3a.stl
G1 F3600 E1
G1 F3219.4 X-11.739 Y-3.716 E0.0071
G1 X-10.836 Y-2.675 E0.03352
G1 X-10.227 Y-2.166 E0.0193
G1 X-10.787 Y-1.568 E0.01993
G1 X-11.809 Y-.431 E0.03718
G1 X-12.827 Y0.756 E0.03803
G1 X-13.471 Y1.552 E0.0249
G1 X-14.448 Y1.722 E0.02412
G1 X-15.351 Y2.061 E0.02346
G1 X-16.254 Y2.634 E0.02601
G1 X-17.157 Y3.508 E0.03056
G1 X-17.514 Y3.919 E0.01324
G1 F3600 E-1
G0 F12000 X-8.358 Y-3.988
G0 X-7.531 Y-4.324
;TYPE:WALL-INNER
G1 F3600 E1
G1 F2673.1 X-13.054 Y-4.324 E0.13433
G1 X-14.112 Y-3.166 E0.03815
G1 X-15.046 Y-2.091 E0.03464
G1 X-16.387 Y-.482 E0.05094
G1 X-17.267 Y0.635 E0.03459
G1 X-18.526 Y2.305 E0.05087
G1 X-19.361 Y3.471 E0.03488
G1 X-19.945 Y4.325 E0.02516
G1 X-15.112 Y4.325 E0.11755
G1 X-14.53 Y3.542 E0.02373
G1 X-13.781 Y2.574 E0.02977
G1 X-12.513 Y1.013 E0.04891
G1 X-11.502 Y-.168 E0.03781
G1 X-10.493 Y-1.29 E0.0367
G1 X-9.483 Y-2.369 E0.03595
G1 X-8.474 Y-3.398 E0.03505
G1 X-7.531 Y-4.324 E0.03214
G1 F3600 E-1
G0 F12000 X-8.358 Y-3.988
G0 X-7.122 Y-4.489
G0 X-6.459 Y-4.75
;TYPE:WALL-OUTER
G1 F3600 E1
G1 F2400 X-13.241 Y-4.749 E0.16495
G1 X-14.448 Y-3.427 E0.04354
G1 X-15.372 Y-2.363 E0.03427
G1 X-16.737 Y-.725 E0.05186
G1 X-17.606 Y0.377 E0.03413
G1 X-18.463 Y1.504 E0.03444
G1 X-18.885 Y2.075 E0.01727
G1 X-19.711 Y3.231 E0.03456
G1 X-20.741 Y4.75 E0.04464
G1 X-14.898 Y4.75 E0.14211
G1 X-14.194 Y3.802 E0.02872
G1 X-13.451 Y2.842 E0.02952
G1 X-12.193 Y1.291 E0.04857
G1 X-11.186 Y0.116 E0.03764
G1 X-10.183 Y-.999 E0.03648
G1 X-9.179 Y-2.071 E0.03572
G1 X-8.176 Y-3.095 E0.03486
G1 X-7.171 Y-4.083 E0.03428
G1 X-6.459 Y-4.75 E0.02373
G0 F12000 X-7.259 Y-4.75
G1 F3600 E-1
G0 F12000 X-7.259 Y-4.425
G0 X-16.523 Y-.604
G0 X-30.48 Y0.21
G0 X-31.166 Y3.083
;TYPE:FILL
G1 F3600 E1
G1 F3219.4 X-31.605 Y3.508 E0.01486
G1 X-31.807 Y3.741 E0.0075
G1 F3600 E-1
G0 F12000 X-30.675 Y0.887
;TYPE:WALL-INNER
G1 F3600 E1
G1 F2673.1 X-31.514 Y2.257 E0.03907
G1 X-32.248 Y3.509 E0.0353
G1 X-32.703 Y4.325 E0.02272
G1 X-30.675 Y4.325 E0.04932
G1 X-30.675 Y0.887 E0.08362
G1 F3600 E-1
G0 F12000 X-30.25 Y-.564
;TYPE:WALL-OUTER
G1 F3600 E1
G1 F2400 X-30.737 Y0.185 E0.02173
G1 X-31.88 Y2.041 E0.05301
G1 X-32.619 Y3.302 E0.03555
G1 X-33.426 Y4.75 E0.04032
G1 X-30.25 Y4.75 E0.07725
G1 X-30.25 Y-.564 E0.12924
G0 F12000 X-30.686 Y0.106
G1 F3600 E-1
;MESH:NONMESH
G0 F600 X-30.686 Y0.106 Z40.73
G0 F12000 X-30.525 Y0.282
G0 X-15.176 Y-2.225
G0 X-12.049 Y-3.919
;TIME_ELAPSED:1045.486869
;LAYER:311
;note -- min layer time used
;TYPE:FILL
;MESH:bridge_3a.stl
G1 F3600 E1
G1 F3440.5 X-11.739 Y-3.598 E0.01085
G1 X-10.836 Y-2.504 E0.0345
G1 X-10.422 Y-2.164 E0.01303
G1 X-10.785 Y-1.778 E0.01289
G1 X-11.744 Y-.718 E0.03477
G1 X-12.908 Y0.635 E0.04341
G1 X-13.632 Y1.517 E0.02775
G1 X-14.448 Y1.694 E0.02031
G1 X-15.351 Y2.071 E0.0238
G1 X-16.254 Y2.69 E0.02663
G1 X-17.157 Y3.626 E0.03163
G1 X-17.399 Y3.919 E0.00924
G1 F3600 E-1
G0 F12000 X-8.561 Y-3.988
G0 X-7.73 Y-4.325
;TYPE:WALL-INNER
G1 F3600 E1
G1 F2746.8 X-13.246 Y-4.324 E0.13416
G1 X-14.226 Y-3.25 E0.03536
G1 X-15.146 Y-2.194 E0.03406
G1 X-16.05 Y-1.116 E0.03422
G1 X-17.38 Y0.542 E0.0517
G1 X-18.222 Y1.655 E0.03394
G1 X-19.056 Y2.796 E0.03437
G1 X-20.115 Y4.324 E0.04522
G1 X-15.287 Y4.325 E0.11742
G1 X-14.714 Y3.554 E0.02336
G1 X-13.972 Y2.588 E0.02963
G1 X-13.153 Y1.565 E0.03187
G1 X-12.511 Y0.79 E0.02448
G1 X-11.437 Y-.453 E0.03995
G1 X-10.492 Y-1.499 E0.03429
G1 X-9.482 Y-2.574 E0.03587
G1 X-8.473 Y-3.599 E0.03498
G1 X-7.73 Y-4.325 E0.02527
G1 F3600 E-1
G0 F12000 X-8.561 Y-3.988
G0 X-7.332 Y-4.489
G0 X-6.672 Y-4.75
;TYPE:WALL-OUTER
G1 F3600 E1
G1 F2400 X-13.433 Y-4.749 E0.16444
G1 X-14.546 Y-3.53 E0.04015
G1 X-15.472 Y-2.468 E0.03427
G1 X-16.382 Y-1.382 E0.03446
G1 X-17.698 Y0.258 E0.05114
G1 X-18.565 Y1.404 E0.03495
G1 X-19.403 Y2.552 E0.03457
G1 X-20.621 Y4.31 E0.05202
G1 X-20.911 Y4.749 E0.0128
G1 X-15.074 Y4.75 E0.14196
G1 X-14.377 Y3.813 E0.0284
G1 X-13.632 Y2.843 E0.02975
G1 X-12.825 Y1.836 E0.03139
G1 X-12.19 Y1.068 E0.02424
G1 X-11.122 Y-.168 E0.03973
G1 X-10.183 Y-1.208 E0.03408
G1 X-9.179 Y-2.276 E0.03565
G1 X-8.175 Y-3.295 E0.03479
G1 X-7.172 Y-4.279 E0.03417
G1 X-6.672 Y-4.75 E0.01671
G0 F12000 X-7.472 Y-4.75
G1 F3600 E-1
G0 F12000 X-7.472 Y-4.425
G0 X-16.617 Y-.712
G0 X-30.48 Y-0.051
G0 X-31.08 Y3.082
;TYPE:FILL
G1 F3600 E1
G1 F3440.5 X-31.605 Y3.626 E0.01839
G1 X-31.848 Y3.92 E0.00928
G1 F3600 E-1
G0 F12000 X-30.675 Y0.62
;TYPE:WALL-INNER
G1 F3600 E1
G1 F2746.8 X-31.734 Y2.35 E0.04933
G1 X-32.312 Y3.341 E0.0279
G1 X-32.868 Y4.325 E0.02749
G1 X-30.675 Y4.325 E0.05334
G1 X-30.675 Y0.62 E0.09011
G1 F3600 E-1
G0 F12000 X-30.25 Y-.829
;TYPE:WALL-OUTER
G1 F3600 E1
G1 F2400 X-31.226 Y0.696 E0.04404
G1 X-32.101 Y2.136 E0.04098
G1 X-32.682 Y3.132 E0.02804
G1 X-33.591 Y4.75 E0.04514
G1 X-30.25 Y4.75 E0.08126
G1 X-30.25 Y-.829 E0.13569
G0 F12000 X-30.681 Y-.156
G1 F3600 E-1
;MESH:NONMESH
G0 F600 X-30.681 Y-.156 Z40.86
G0 F12000 X-30.525 Y0.015
G0 X-15.27 Y-2.33
G0 X-12.139 Y-3.92
;TIME_ELAPSED:1049.201681
;LAYER:312
;note -- min layer time used
;TYPE:FILL
;MESH:bridge_3a.stl
G1 F3600 E1
G1 F3563.1 X-11.739 Y-3.474 E0.01457
G1 X-10.836 Y-2.317 E0.0357
G1 X-10.629 Y-2.151 E0.00645
G1 X-11.8 Y-.868 E0.04225
G1 X-12.913 Y0.422 E0.04144
G1 X-13.793 Y1.491 E0.03368
G1 X-14.448 Y1.662 E0.01646
G1 X-15.351 Y2.078 E0.02418
G1 X-16.254 Y2.745 E0.0273
G1 X-17.157 Y3.75 E0.03286
G1 X-17.289 Y3.92 E0.00523
G1 F3600 E-1
G0 F12000 X-8.764 Y-3.986
G0 X-7.934 Y-4.324
;TYPE:WALL-INNER
G1 F3600 E1
G1 F2787.7 X-13.438 Y-4.325 E0.13387
G1 X-14.326 Y-3.35 E0.03207
G1 X-15.246 Y-2.294 E0.03406
G1 X-16.146 Y-1.221 E0.03406
G1 X-16.684 Y-.564 E0.02065
G1 X-17.463 Y0.426 E0.03064
G1 X-18.323 Y1.556 E0.03454
G1 X-19.161 Y2.699 E0.03447
G1 X-20.288 Y4.324 E0.0481
G1 X-15.462 Y4.325 E0.11738
G1 X-14.895 Y3.555 E0.02326
G1 X-14.144 Y2.578 E0.02997
G1 X-13.518 Y1.795 E0.02438
G1 X-12.51 Y0.569 E0.0386
G1 X-11.501 Y-.594 E0.03745
G1 X-10.491 Y-1.709 E0.03659
G1 X-9.482 Y-2.774 E0.03568
G1 X-8.468 Y-3.804 E0.03515
G1 X-7.934 Y-4.324 E0.01813
G1 F3600 E-1
G0 F12000 X-8.764 Y-3.986
G0 X-7.534 Y-4.488
G0 X-6.879 Y-4.75
;TYPE:WALL-OUTER
G1 F3600 E1
G1 F2400 X-13.625 Y-4.75 E0.16407
G1 X-14.646 Y-3.63 E0.03686
G1 X-15.572 Y-2.568 E0.03427
G1 X-16.475 Y-1.49 E0.0342
G1 X-17.017 Y-.827 E0.02083
G1 X-17.801 Y0.168 E0.03081
G1 X-18.666 Y1.305 E0.03475
G1 X-19.51 Y2.457 E0.03473
G1 X-20.726 Y4.211 E0.05191
G1 X-21.08 Y4.749 E0.01566
G1 X-15.247 Y4.75 E0.14187
G1 X-14.558 Y3.814 E0.02827
G1 X-13.812 Y2.843 E0.02978
G1 X-13.19 Y2.065 E0.02423
G1 X-12.189 Y0.848 E0.03833
G1 X-11.186 Y-.308 E0.03722
G1 X-10.182 Y-1.416 E0.03637
G1 X-9.179 Y-2.476 E0.03549
G1 X-8.171 Y-3.5 E0.03495
G1 X-6.879 Y-4.75 E0.04372
G0 F12000 X-7.679 Y-4.75
G1 F3600 E-1
G0 F12000 X-7.679 Y-4.425
G0 X-18.465 Y1.44
G0 X-30.495 Y1.44
G0 X-31.08 Y3.166
;TYPE:FILL
G1 F3600 E1
G1 F3563.1 X-31.605 Y3.75 E0.0191
G1 X-31.737 Y3.92 E0.00523
G1 F3600 E-1
G0 F12000 X-30.675 Y0.367
;TYPE:WALL-INNER
G1 F3600 E1
G1 F2787.7 X-31.345 Y1.433 E0.03062
G1 X-32.476 Y3.339 E0.0539
G1 X-33.03 Y4.324 E0.02749
G1 X-30.675 Y4.325 E0.05728
G1 X-30.675 Y0.367 E0.09626
G1 F3600 E-1
G0 F12000 X-30.25 Y-1.084
;TYPE:WALL-OUTER
G1 F3600 E1
G1 F2400 X-30.554 Y-.623 E0.01343
G1 X-31.71 Y1.214 E0.05279
G1 X-32.846 Y3.13 E0.05417
G1 X-33.75 Y4.749 E0.0451
G1 X-30.25 Y4.75 E0.08513
G1 X-30.25 Y-1.084 E0.14189
G0 F12000 X-30.554 Y-.623
G0 X-30.686 Y-.414
G1 F3600 E-1
;MESH:NONMESH
G0 F600 X-30.686 Y-.414 Z40.99
G0 F12000 X-30.525 Y-.242
G0 X-15.376 Y-2.424
G0 X-12.221 Y-3.92
;TIME_ELAPSED:1052.914116
;LAYER:313
;note -- min layer time used
;TYPE:FILL
;MESH:bridge_3a.stl
G1 F3600 E1
G1 F3719.3 X-11.739 Y-3.341 E0.01832
G1 X-10.848 Y-2.124 E0.03668
G1 X-11.786 Y-1.094 E0.03388
G1 X-12.957 Y0.246 E0.04328
G1 X-13.966 Y1.478 E0.03873
G1 X-14.448 Y1.625 E0.01226
G1 X-15.351 Y2.081 E0.0246
G1 X-16.254 Y2.799 E0.02806
G1 X-17.184 Y3.92 E0.03543
G1 F3600 E-1
G0 F12000 X-8.962 Y-3.987
G0 X-8.149 Y-4.325
;TYPE:WALL-INNER
G1 F3600 E1
G1 F2839.8 X-13.63 Y-4.325 E0.13331
G1 X-14.48 Y-3.388 E0.03077
G1 X-15.346 Y-2.396 E0.03203
G1 X-16.256 Y-1.314 E0.03439
G1 X-17.138 Y-.218 E0.03422
G1 X-18.401 Y1.424 E0.05038
G1 X-19.256 Y2.594 E0.03524
G1 X-20.073 Y3.753 E0.03449
G1 X-20.453 Y4.325 E0.0167
G1 X-15.638 Y4.325 E0.11711
G1 X-15.098 Y3.591 E0.02216
G1 X-14.324 Y2.574 E0.03108
G1 X-13.52 Y1.568 E0.03132
G1 X-12.509 Y0.352 E0.03846
G1 X-11.482 Y-.827 E0.03803
G1 X-10.49 Y-1.917 E0.03585
G1 X-9.481 Y-2.979 E0.03563
G1 X-8.149 Y-4.325 E0.04606
G1 F3600 E-1
G0 F12000 X-8.962 Y-3.987
G0 X-7.736 Y-4.488
G0 X-7.086 Y-4.75
;TYPE:WALL-OUTER
G1 F3600 E1
G1 F2400 X-13.817 Y-4.75 E0.16371
G1 X-14.8 Y-3.667 E0.03557
G1 X-15.67 Y-2.669 E0.0322
G1 X-16.587 Y-1.581 E0.03461
G1 X-17.475 Y-.477 E0.03446
G1 X-18.744 Y1.173 E0.05063
G1 X-19.603 Y2.349 E0.03542
G1 X-20.426 Y3.517 E0.03475
G1 X-21.246 Y4.75 E0.03601
G1 X-15.423 Y4.75 E0.14162
G1 X-14.76 Y3.848 E0.02723
G1 X-13.992 Y2.839 E0.03084
G1 X-13.193 Y1.84 E0.03111
G1 X-12.189 Y0.631 E0.03822
G1 X-11.167 Y-.541 E0.03782
G1 X-10.182 Y-1.625 E0.03562
G1 X-9.178 Y-2.68 E0.03542
G1 X-8.171 Y-3.7 E0.03486
G1 X-7.086 Y-4.75 E0.03672
G0 F12000 X-7.886 Y-4.75
G1 F3600 E-1
G0 F12000 X-7.886 Y-4.425
G0 X-18.53 Y1.291
G0 X-30.495 Y1.291
G0 X-31.08 Y3.253
;TYPE:FILL
G1 F3600 E1
G1 F3719.3 X-31.632 Y3.92 E0.02106
G1 F3600 E-1
G0 F12000 X-30.675 Y0.094
;TYPE:WALL-INNER
G1 F3600 E1
G1 F2839.8 X-31.073 Y0.715 E0.01794
G1 X-31.823 Y1.947 E0.03508
G1 X-32.64 Y3.342 E0.03932
G1 X-33.194 Y4.325 E0.02744
G1 X-30.675 Y4.325 E0.06127
G1 X-30.675 Y0.094 E0.1029
G1 F3600 E-1
G0 F12000 X-30.25 Y-1.341
;TYPE:WALL-OUTER
G1 F3600 E1
G1 F2400 X-30.566 Y-.863 E0.01394
G1 X-31.435 Y0.494 E0.03919
G1 X-32.189 Y1.731 E0.03523
G1 X-33.011 Y3.133 E0.03953
G1 X-33.911 Y4.75 E0.04501
G1 X-30.25 Y4.75 E0.08904
G1 X-30.25 Y-1.341 E0.14814
G0 F12000 X-30.566 Y-.863
G0 X-30.688 Y-.672
G1 F3600 E-1
;MESH:NONMESH
G0 F600 X-30.688 Y-.672 Z41.12
G0 F12000 X-30.525 Y-.499
G0 X-15.471 Y-2.531
G0 X-12.294 Y-3.92
;TIME_ELAPSED:1056.624937
;LAYER:314
;note -- min layer time used
;TYPE:FILL
;MESH:bridge_3a.stl
G1 F3600 E1
G1 F3402.8 X-11.739 Y-3.197 E0.02217
G1 X-11.025 Y-2.142 E0.03098
G1 X-11.793 Y-1.299 E0.02774
G1 X-12.947 Y0.016 E0.04255
G1 X-14.141 Y1.476 E0.04587
G1 X-14.448 Y1.583 E0.00791
G1 X-15.351 Y2.079 E0.02506
G1 X-16.254 Y2.851 E0.02889
G1 X-17.075 Y3.92 E0.03278
G1 F3600 E-1
G0 F12000 X-9.16 Y-3.987
G0 X-8.339 Y-4.324
;TYPE:WALL-INNER
G1 F3600 E1
G1 F2734.3 X-13.824 Y-4.325 E0.1334
G1 X-14.505 Y-3.572 E0.02469
G1 X-15.447 Y-2.494 E0.03482
G1 X-16.348 Y-1.419 E0.03411
G1 X-17.238 Y-.32 E0.03439
G1 X-18.105 Y0.792 E0.03429
G1 X-18.568 Y1.408 E0.01874
G1 X-19.361 Y2.494 E0.03271
G1 X-20.173 Y3.654 E0.03444
G1 X-20.63 Y4.324 E0.01973
G1 X-15.815 Y4.325 E0.11711
G1 X-15.248 Y3.551 E0.02334
G1 X-14.528 Y2.611 E0.0288
G1 X-13.548 Y1.38 E0.03827
G1 X-12.508 Y0.13 E0.03955
G1 X-11.495 Y-1.025 E0.03736
G1 X-10.489 Y-2.126 E0.03627
G1 X-9.479 Y-3.185 E0.03559
G1 X-8.339 Y-4.324 E0.03919
G1 F3600 E-1
G0 F12000 X-9.16 Y-3.987
G0 X-7.935 Y-4.488
G0 X-7.282 Y-4.749
;TYPE:WALL-OUTER
G1 F3600 E1
G1 F2400 X-14.013 Y-4.75 E0.16371
G1 X-14.765 Y-3.919 E0.02726
G1 X-15.773 Y-2.767 E0.03723
G1 X-16.678 Y-1.687 E0.03427
G1 X-17.56 Y-.6 E0.03405
G1 X-18.445 Y0.536 E0.03502
G1 X-18.912 Y1.157 E0.0189
G1 X-19.709 Y2.25 E0.0329
G1 X-20.524 Y3.414 E0.03456
G1 X-21.017 Y4.138 E0.0213
G1 X-21.418 Y4.749 E0.01778
G1 X-15.599 Y4.75 E0.14153
G1 X-14.91 Y3.81 E0.02835
G1 X-14.196 Y2.876 E0.02859
G1 X-13.221 Y1.652 E0.03806
G1 X-12.188 Y0.411 E0.03927
G1 X-11.181 Y-.738 E0.03716
G1 X-10.181 Y-1.833 E0.03607
G1 X-9.178 Y-2.885 E0.03535
G1 X-8.15 Y-3.917 E0.03543
G1 X-7.282 Y-4.749 E0.02924
G0 F12000 X-8.082 Y-4.749
G1 F3600 E-1
G0 F12000 X-8.082 Y-4.425
G0 X-15.569 Y-2.652
G0 X-30.48 Y-.834
G0 X-30.675 Y-.172
;TYPE:WALL-INNER
G1 F3600 E1
G1 F2734.3 X-31.171 Y0.61 E0.02252
G1 X-32.298 Y2.472 E0.05294
G1 X-33.356 Y4.325 E0.0519
G1 X-30.675 Y4.325 E0.06521
G1 X-30.675 Y-.172 E0.10937
G1 F3600 E-1
G0 F12000 X-30.25 Y-1.596
;TYPE:WALL-OUTER
G1 F3600 E1
G1 F2400 X-30.759 Y-.829 E0.02239
G1 X-31.534 Y0.389 E0.03511
G1 X-32.667 Y2.262 E0.05324
G1 X-33.73 Y4.125 E0.05217
G1 X-34.071 Y4.75 E0.01732
G1 X-30.25 Y4.75 E0.09293
G1 X-30.25 Y-1.596 E0.15434
G0 F12000 X-30.692 Y-.93
G1 F3600 E-1
;MESH:NONMESH
G0 F600 X-30.692 Y-.93 Z41.25
G0 F12000 X-30.525 Y-.751
G0 X-15.569 Y-2.652
G0 X-12.359 Y-3.92
;TIME_ELAPSED:1060.210608
;LAYER:315
;note -- min layer time used
;TYPE:FILL
;MESH:bridge_3a.stl
G1 F3600 E1
G1 F3583.1 X-11.739 Y-3.036 E0.02626
G1 X-11.199 Y-2.158 E0.02507
G1 X-11.801 Y-1.501 E0.02167
G1 X-12.812 Y-.353 E0.0372
G1 X-13.369 Y0.306 E0.02099
G1 X-14.338 Y1.493 E0.03727
G1 X-14.448 Y1.537 E0.00288
G1 X-15.351 Y2.073 E0.02554
G1 X-16.254 Y2.901 E0.0298
G1 X-16.969 Y3.92 E0.03028
G1 F3600 E-1
G0 F12000 X-9.36 Y-3.987
G0 X-8.541 Y-4.325
;TYPE:WALL-INNER
G1 F3600 E1
G1 F2794.4 X-14.021 Y-4.325 E0.13328
G1 X-15.589 Y-2.548 E0.05764
G1 X-16.453 Y-1.518 E0.0327
G1 X-17.338 Y-.422 E0.03426
G1 X-18.2 Y0.69 E0.03422
G1 X-19.049 Y1.826 E0.03449
G1 X-20.279 Y3.558 E0.05167
G1 X-20.797 Y4.325 E0.02251
G1 X-15.989 Y4.325 E0.11694
G1 X-15.538 Y3.703 E0.01869
G1 X-14.681 Y2.575 E0.03445
G1 X-13.882 Y1.571 E0.03121
G1 X-13.056 Y0.564 E0.03168
G1 X-12.503 Y-0.09 E0.02083
G1 X-11.498 Y-1.232 E0.037
G1 X-10.487 Y-2.336 E0.03641
G1 X-9.499 Y-3.365 E0.0347
G1 X-8.541 Y-4.325 E0.03299
G1 F3600 E-1
G0 F12000 X-9.36 Y-3.987
G0 X-8.143 Y-4.488
G0 X-7.489 Y-4.75
;TYPE:WALL-OUTER
G1 F3600 E1
G1 F2400 X-14.211 Y-4.75 E0.16349
G1 X-15.404 Y-3.409 E0.04365
G1 X-15.914 Y-2.822 E0.01891
G1 X-16.771 Y-1.801 E0.03242
G1 X-17.66 Y-.7 E0.03442
G1 X-18.54 Y0.435 E0.03493
G1 X-19.395 Y1.579 E0.03474
G1 X-20.626 Y3.311 E0.05168
G1 X-21.591 Y4.75 E0.04214
G1 X-15.772 Y4.75 E0.14153
G1 X-15.2 Y3.96 E0.02372
G1 X-14.348 Y2.84 E0.03423
G1 X-13.554 Y1.841 E0.03104
G1 X-12.732 Y0.838 E0.03154
G1 X-12.184 Y0.19 E0.02064
G1 X-11.185 Y-.945 E0.03677
G1 X-10.181 Y-2.042 E0.03617
G1 X-9.198 Y-3.065 E0.03451
G1 X-8.15 Y-4.117 E0.03612
G1 X-7.489 Y-4.75 E0.02226
G0 F12000 X-8.289 Y-4.75
G1 F3600 E-1
G0 F12000 X-8.289 Y-4.425
G0 X-15.717 Y-2.678
G0 X-30.48 Y-1.09
G0 X-30.675 Y-.425
;TYPE:WALL-INNER
G1 F3600 E1
G1 F2794.4 X-31.182 Y0.362 E0.02277
G1 X-32.418 Y2.395 E0.05787
G1 X-33.125 Y3.623 E0.03446
G1 X-33.51 Y4.324 E0.01945
G1 X-30.675 Y4.325 E0.06895
G1 X-30.675 Y-.425 E0.11553
G1 F3600 E-1
G0 F12000 X-30.25 Y-1.871
;TYPE:WALL-OUTER
G1 F3600 E1
G1 F2400 X-31.543 Y0.139 E0.05813
G1 X-32.156 Y1.135 E0.02844
G1 X-32.789 Y2.189 E0.0299
G1 X-33.497 Y3.418 E0.0345
G1 X-34.229 Y4.749 E0.03694
G1 X-30.25 Y4.75 E0.09678
G1 X-30.25 Y-1.871 E0.16103
G0 F12000 X-30.682 Y-1.199
G1 F3600 E-1
;MESH:NONMESH
G0 F600 X-30.682 Y-1.199 Z41.38
G0 F12000 X-30.525 Y-1.024
G0 X-15.717 Y-2.678
G0 X-12.418 Y-3.92
;TIME_ELAPSED:1063.794183
;LAYER:316
;note -- min layer time used
;TYPE:FILL
;MESH:bridge_3a.stl
G1 F3600 E1
G1 F3759.8 X-11.739 Y-2.852 E0.03078
G1 X-11.373 Y-2.175 E0.01872
G1 X-11.94 Y-1.557 E0.0204
G1 X-12.852 Y-.524 E0.03351
G1 X-13.83 Y0.635 E0.03688
G1 X-14.572 Y1.564 E0.02892
G1 X-15.351 Y2.062 E0.02249
G1 X-16.254 Y2.951 E0.03082
G1 X-16.87 Y3.92 E0.02793
G1 F3600 E-1
G0 F12000 X-15.132 Y2.022
G0 X-9.561 Y-3.987
G0 X-8.742 Y-4.325
;TYPE:WALL-INNER
G1 F3600 E1
G1 F2853.3 X-14.206 Y-4.325 E0.13289
G1 X-15.187 Y-3.224 E0.03587
G1 X-16.102 Y-2.159 E0.03415
G1 X-16.596 Y-1.564 E0.01881
G1 X-17.404 Y-.563 E0.03129
G1 X-18.308 Y0.593 E0.03569
G1 X-18.918 Y1.408 E0.02476
G1 X-19.635 Y2.389 E0.02955
G1 X-20.378 Y3.451 E0.03152
G1 X-20.965 Y4.324 E0.02559
G1 X-16.164 Y4.325 E0.11677
G1 X-15.595 Y3.544 E0.0235
G1 X-14.862 Y2.577 E0.02951
G1 X-13.516 Y0.892 E0.05245
G1 X-12.534 Y-.271 E0.03702
G1 X-11.497 Y-1.446 E0.03812
G1 X-10.487 Y-2.54 E0.03621
G1 X-9.478 Y-3.59 E0.03542
G1 X-8.742 Y-4.325 E0.0253
G1 F3600 E-1
G0 F12000 X-9.561 Y-3.987
G0 X-8.348 Y-4.489
G0 X-7.697 Y-4.749
;TYPE:WALL-OUTER
G1 F3600 E1
G1 F2400 X-14.396 Y-4.75 E0.16293
G1 X-15.51 Y-3.501 E0.0407
G1 X-16.403 Y-2.463 E0.0333
G1 X-17.739 Y-.825 E0.05141
G1 X-18.648 Y0.338 E0.0359
G1 X-19.261 Y1.157 E0.02488
G1 X-19.989 Y2.155 E0.03004
G1 X-20.73 Y3.213 E0.03142
G1 X-21.757 Y4.749 E0.04494
G1 X-15.948 Y4.75 E0.14128
G1 X-15.256 Y3.801 E0.02857
G1 X-14.529 Y2.84 E0.02931
G1 X-13.192 Y1.166 E0.05211
G1 X-12.216 Y0.01 E0.0368
G1 X-11.184 Y-1.158 E0.03791
G1 X-10.181 Y-2.246 E0.03599
G1 X-9.177 Y-3.289 E0.03521
G1 X-8.15 Y-4.317 E0.03534
G1 X-7.697 Y-4.749 E0.01522
G0 F12000 X-8.497 Y-4.749
G1 F3600 E-1
G0 F12000 X-8.497 Y-4.425
G0 X-16.229 Y-2.295
G0 X-30.48 Y-1.351
G0 X-30.675 Y-.695
;TYPE:WALL-INNER
G1 F3600 E1
G1 F2853.3 X-31.349 Y0.361 E0.03047
G1 X-32.137 Y1.643 E0.0366
G1 X-33.128 Y3.34 E0.0478
G1 X-33.675 Y4.325 E0.0274
G1 X-30.675 Y4.325 E0.07296
G1 X-30.675 Y-.695 E0.12209
G1 F3600 E-1
G0 F12000 X-30.25 Y-2.107
;TYPE:WALL-OUTER
G1 F3600 E1
G1 F2400 X-31.074 Y-.859 E0.03637
G1 X-31.711 Y0.138 E0.02878
G1 X-32.504 Y1.429 E0.03685
G1 X-33.494 Y3.124 E0.04774
G1 X-34.391 Y4.75 E0.04517
G1 X-30.25 Y4.75 E0.10072
G1 X-30.25 Y-2.107 E0.16677
G0 F12000 X-30.69 Y-1.44
G1 F3600 E-1
;MESH:NONMESH
G0 F600 X-30.69 Y-1.44 Z41.51
G0 F12000 X-30.525 Y-1.266
G0 X-16.229 Y-2.295
G0 X-12.469 Y-3.92
;TIME_ELAPSED:1067.391742
;LAYER:317
;note -- min layer time used
;TYPE:FILL
;MESH:bridge_3a.stl
G1 F3600 E1
G1 F3944 X-11.739 Y-2.628 E0.03609
G1 X-11.558 Y-2.201 E0.01128
G1 X-12.814 Y-.778 E0.04616
G1 X-13.82 Y0.401 E0.03769
G1 X-14.892 Y1.732 E0.04157
G1 X-15.351 Y2.046 E0.01353
G1 X-16.254 Y2.999 E0.03193
G1 X-16.775 Y3.92 E0.02574
G1 F3600 E-1
G0 F12000 X-12.254 Y-1.302
G0 X-9.762 Y-3.987
G0 X-8.943 Y-4.324
;TYPE:WALL-INNER
G1 F3600 E1
G1 F2914.7 X-14.398 Y-4.325 E0.13267
G1 X-15.293 Y-3.324 E0.03266
G1 X-16.203 Y-2.262 E0.03401
G1 X-17.124 Y-1.143 E0.03525
G1 X-18.408 Y0.497 E0.05066
G1 X-19.252 Y1.624 E0.03424
G1 X-20.077 Y2.77 E0.03434
G1 X-21.137 Y4.324 E0.04575
G1 X-16.34 Y4.325 E0.11667
G1 X-15.806 Y3.591 E0.02208
G1 X-14.526 Y1.92 E0.05119
G1 X-13.514 Y0.665 E0.03921
G1 X-12.506 Y-.515 E0.03775
G1 X-11.496 Y-1.659 E0.03712
G1 X-10.486 Y-2.749 E0.03614
G1 X-9.476 Y-3.796 E0.03538
G1 X-8.943 Y-4.324 E0.01825
G1 F3600 E-1
G0 F12000 X-9.762 Y-3.987
G0 X-8.55 Y-4.487
G0 X-7.902 Y-4.75
;TYPE:WALL-OUTER
G1 F3600 E1
G1 F2400 X-14.588 Y-4.75 E0.16261
G1 X-15.615 Y-3.601 E0.03748
G1 X-16.532 Y-2.533 E0.03424
G1 X-17.458 Y-1.405 E0.03549
G1 X-18.733 Y0.221 E0.05025
G1 X-19.597 Y1.376 E0.03508
G1 X-20.427 Y2.528 E0.03453
G1 X-21.632 Y4.297 E0.05206
G1 X-21.927 Y4.75 E0.01315
G1 X-16.124 Y4.75 E0.14114
G1 X-15.468 Y3.848 E0.02713
G1 X-14.195 Y2.187 E0.0509
G1 X-13.191 Y0.941 E0.03892
G1 X-12.188 Y-.234 E0.03757
G1 X-11.184 Y-1.37 E0.03687
G1 X-10.18 Y-2.454 E0.03594
G1 X-9.177 Y-3.494 E0.03514
G1 X-7.902 Y-4.75 E0.04353
G0 F12000 X-8.702 Y-4.75
G1 F3600 E-1
G0 F12000 X-8.702 Y-4.425
G0 X-16.334 Y-2.389
G0 X-30.48 Y-1.61
G0 X-30.675 Y-.95
;TYPE:WALL-INNER
G1 F3600 E1
G1 F2914.7 X-31.48 Y0.309 E0.03634
G1 X-32.237 Y1.538 E0.03511
G1 X-32.716 Y2.344 E0.0228
G1 X-33.334 Y3.416 E0.03009
G1 X-33.837 Y4.322 E0.0252
G1 X-30.675 Y4.325 E0.0769
G1 X-30.675 Y-.95 E0.1283
G1 F3600 E-1
G0 F12000 X-30.25 Y-2.359
;TYPE:WALL-OUTER
G1 F3600 E1
G1 F2400 X-31.243 Y-.857 E0.04379
G1 X-31.842 Y0.086 E0.02717
G1 X-32.602 Y1.321 E0.03527
G1 X-33.084 Y2.131 E0.02292
G1 X-33.704 Y3.209 E0.03025
G1 X-34.213 Y4.119 E0.02536
G1 X-34.553 Y4.75 E0.01743
G1 X-30.25 Y4.75 E0.10466
G1 X-30.25 Y-2.359 E0.1729
G0 F12000 X-30.691 Y-1.692
G1 F3600 E-1
;MESH:NONMESH
G0 F600 X-30.691 Y-1.692 Z41.64
G0 F12000 X-30.525 Y-1.52
G0 X-16.334 Y-2.389
G0 X-12.499 Y-3.919
;TIME_ELAPSED:1070.986493
;LAYER:318
;note -- min layer time used
;TYPE:FILL
;MESH:bridge_3a.stl
G1 F3600 E1
G1 F4137 X-12.297 Y-3.612 E0.00894
G1 X-11.878 Y-2.709 E0.02421
G1 X-11.714 Y-2.222 E0.0125
G1 X-12.81 Y-1.002 E0.03989
G1 X-13.821 Y0.181 E0.03785
G1 X-14.93 Y1.552 E0.04289
G1 X-15.254 Y1.97 E0.01286
G1 X-16.003 Y2.709 E0.02559
G1 X-16.598 Y3.612 E0.0263
G1 X-16.741 Y3.92 E0.00826
G1 F3600 E-1
G0 F12000 X-12.765 Y-.955
G0 X-9.958 Y-3.987
G0 X-9.156 Y-4.325
;TYPE:WALL-INNER
G1 F3600 E1
G1 F2979 X-14.589 Y-4.324 E0.13214
G1 X-15.38 Y-3.439 E0.02887
G1 X-16.302 Y-2.364 E0.03444
G1 X-17.225 Y-1.249 E0.0352
G1 X-18.53 Y0.42 E0.05153
G1 X-19.272 Y1.412 E0.03013
G1 X-20.178 Y2.67 E0.03771
G1 X-20.672 Y3.383 E0.0211
G1 X-21.307 Y4.325 E0.02763
G1 X-16.513 Y4.325 E0.1166
G1 X-15.94 Y3.536 E0.02372
G1 X-15.53 Y2.991 E0.01659
G1 X-14.525 Y1.69 E0.03998
G1 X-13.514 Y0.445 E0.03901
G1 X-12.504 Y-.738 E0.03783
G1 X-11.495 Y-1.868 E0.03685
G1 X-10.485 Y-2.954 E0.03607
G1 X-9.156 Y-4.325 E0.04644
G1 F3600 E-1
G0 F12000 X-9.958 Y-3.987
G0 X-8.749 Y-4.487
G0 X-8.106 Y-4.75
;TYPE:WALL-OUTER
G1 F3600 E1
G1 F2400 X-14.779 Y-4.749 E0.1623
G1 X-15.714 Y-3.702 E0.03414
G1 X-16.602 Y-2.668 E0.03315
G1 X-17.558 Y-1.512 E0.03648
G1 X-18.849 Y0.136 E0.05092
G1 X-19.617 Y1.164 E0.03121
G1 X-20.527 Y2.428 E0.03788
G1 X-21.024 Y3.145 E0.02122
G1 X-21.732 Y4.197 E0.03084
G1 X-22.092 Y4.75 E0.01605
G1 X-16.296 Y4.75 E0.14097
G1 X-15.6 Y3.791 E0.02882
G1 X-15.194 Y3.251 E0.01643
G1 X-14.195 Y1.958 E0.03974
G1 X-13.191 Y0.721 E0.03875
G1 X-12.187 Y-.455 E0.03761
G1 X-11.184 Y-1.579 E0.03664
G1 X-10.18 Y-2.658 E0.03585
G1 X-9.176 Y-3.694 E0.03509
G1 X-8.106 Y-4.75 E0.03656
G0 F12000 X-8.906 Y-4.75
G1 F3600 E-1
G0 F12000 X-8.906 Y-4.425
G0 X-16.434 Y-2.489
G0 X-30.48 Y-1.861
G0 X-30.675 Y-1.208
;TYPE:WALL-INNER
G1 F3600 E1
G1 F2979 X-31.68 Y0.361 E0.04532
G1 X-32.341 Y1.439 E0.03075
G1 X-33.452 Y3.341 E0.05357
G1 X-33.999 Y4.324 E0.02736
G1 X-30.675 Y4.325 E0.08084
G1 X-30.675 Y-1.208 E0.13457
G1 F3600 E-1
G0 F12000 X-30.25 Y-2.609
;TYPE:WALL-OUTER
G1 F3600 E1
G1 F2400 X-30.756 Y-1.86 E0.02198
G1 X-31.411 Y-.857 E0.02914
G1 X-32.042 Y0.138 E0.02866
G1 X-32.708 Y1.224 E0.03098
G1 X-33.823 Y3.134 E0.05379
G1 X-34.714 Y4.75 E0.04488
G1 X-30.25 Y4.75 E0.10857
G1 X-30.25 Y-2.609 E0.17898
G0 F12000 X-30.697 Y-1.947
G1 F3600 E-1
;MESH:NONMESH
G0 F600 X-30.697 Y-1.947 Z41.77
G0 F12000 X-30.525 Y-1.766
G0 X-17.334 Y-1.4
G0 X-11.86 Y-2.276
;TIME_ELAPSED:1074.572510
;LAYER:319
;note -- min layer time used
;TYPE:FILL
;MESH:bridge_3a.stl
G1 F3600 E1
G1 F2681 X-11.975 Y-2.709 E0.0109
G1 X-12.351 Y-3.612 E0.02379
G1 X-12.54 Y-3.92 E0.00879
G1 F3600 E-1
G0 F12000 X-10.154 Y-3.987
G0 X-9.342 Y-4.325
;TYPE:WALL-INNER
G1 F3600 E1
G1 F2493.7 X-14.777 Y-4.324 E0.13219
G1 X-15.479 Y-3.537 E0.02565
G1 X-16.327 Y-2.551 E0.03163
G1 X-17.303 Y-1.371 E0.03724
G1 X-18.178 Y-.27 E0.0342
G1 X-19.449 Y1.413 E0.05129
G1 X-20.282 Y2.57 E0.03467
G1 X-21.083 Y3.733 E0.03435
G1 X-21.471 Y4.325 E0.01722
G1 X-16.689 Y4.325 E0.11631
G1 X-16.117 Y3.538 E0.02366
G1 X-15.401 Y2.584 E0.02901
G1 X-14.524 Y1.461 E0.03465
G1 X-13.792 Y0.564 E0.02816
G1 X-12.941 Y-.444 E0.03208
G1 X-12.06 Y-1.455 E0.03262
G1 X-10.516 Y-3.128 E0.05537
G1 X-9.342 Y-4.325 E0.04078
G1 F3600 E-1
G0 F12000 X-10.154 Y-3.987
G0 X-8.946 Y-4.488
G0 X-8.302 Y-4.75
;TYPE:WALL-OUTER
G1 F3600 E1
G1 F2400 X-14.967 Y-4.749 E0.1621
G1 X-15.801 Y-3.814 E0.03047
G1 X-16.626 Y-2.856 E0.03075
G1 X-17.636 Y-1.636 E0.03852
G1 X-18.503 Y-.546 E0.03387
G1 X-19.794 Y1.165 E0.05213
G1 X-20.632 Y2.329 E0.03488
G1 X-21.436 Y3.496 E0.03447
G1 X-22.257 Y4.75 E0.03645
G1 X-16.472 Y4.75 E0.1407
G1 X-15.816 Y3.845 E0.02719
G1 X-15.066 Y2.846 E0.03038
G1 X-14.194 Y1.73 E0.03445
G1 X-13.468 Y0.838 E0.02797
G1 X-12.621 Y-.165 E0.03193
G1 X-11.745 Y-1.169 E0.03241
G1 X-10.212 Y-2.831 E0.05499
G1 X-9.175 Y-3.895 E0.03614
G1 X-8.302 Y-4.75 E0.02972
G0 F12000 X-9.102 Y-4.75
G1 F3600 E-1
G0 F12000 X-9.102 Y-4.425
G0 X-16.459 Y-2.678
G0 X-30.48 Y-2.117
G0 X-30.675 Y-1.471
;TYPE:WALL-INNER
G1 F3600 E1
G1 F2493.7 X-31.849 Y0.361 E0.05292
G1 X-32.419 Y1.299 E0.0267
G1 X-33.181 Y2.586 E0.03638
G1 X-34.164 Y4.325 E0.04858
G1 X-30.675 Y4.325 E0.08486
G1 X-30.675 Y-1.471 E0.14097
G1 F3600 E-1
G0 F12000 X-30.25 Y-2.862
;TYPE:WALL-OUTER
G1 F3600 E1
G1 F2400 X-30.929 Y-1.859 E0.02946
G1 X-32.212 Y0.14 E0.05777
G1 X-32.785 Y1.082 E0.02682
G1 X-33.551 Y2.376 E0.03657
G1 X-34.626 Y4.28 E0.05318
G1 X-34.876 Y4.75 E0.01295
G1 X-30.25 Y4.75 E0.11251
G1 X-30.25 Y-2.862 E0.18514
G0 F12000 X-30.698 Y-2.2
G1 F3600 E-1
;MESH:NONMESH
G0 F600 X-30.698 Y-2.2 Z41.9
G0 F12000 X-30.525 Y-2.022
G0 X-17.434 Y-1.5
G0 X-11.991 Y-2.341
;TIME_ELAPSED:1078.195371
;LAYER:320
;note -- min layer time used
;TYPE:FILL
;MESH:bridge_3a.stl
G1 F3600 E1
G1 F2917.4 X-12.066 Y-2.709 E0.00913
G1 X-12.4 Y-3.612 E0.02342
G1 X-12.575 Y-3.919 E0.00859
G1 F3600 E-1
G0 F12000 X-10.352 Y-3.987
G0 X-9.546 Y-4.324
;TYPE:WALL-INNER
G1 F3600 E1
G1 F2572.5 X-14.97 Y-4.325 E0.13192
G1 X-16.039 Y-3.109 E0.03938
G1 X-17.406 Y-1.467 E0.05196
G1 X-18.278 Y-.371 E0.03406
G1 X-19.132 Y0.748 E0.03424
G1 X-19.554 Y1.317 E0.01723
G1 X-20.382 Y2.467 E0.03447
G1 X-21.187 Y3.634 E0.03448
G1 X-21.646 Y4.325 E0.02018
G1 X-16.862 Y4.325 E0.11635
G1 X-16.292 Y3.536 E0.02367
G1 X-15.533 Y2.525 E0.03075
G1 X-14.794 Y1.576 E0.02925
G1 X-13.979 Y0.563 E0.03162
G1 X-13.512 Y0.003 E0.01773
G1 X-12.502 Y-1.168 E0.03761
G1 X-11.493 Y-2.29 E0.0367
G1 X-10.482 Y-3.369 E0.03596
G1 X-9.546 Y-4.324 E0.03252
G1 F3600 E-1
G0 F12000 X-10.352 Y-3.987
G0 X-9.152 Y-4.488
G0 X-8.506 Y-4.75
;TYPE:WALL-OUTER
G1 F3600 E1
G1 F2400 X-15.16 Y-4.75 E0.16184
G1 X-16.38 Y-3.363 E0.04493
G1 X-17.722 Y-1.754 E0.05096
G1 X-18.616 Y-.629 E0.03495
G1 X-19.473 Y0.495 E0.03438
G1 X-19.899 Y1.069 E0.01739
G1 X-20.732 Y2.225 E0.03465
G1 X-21.54 Y3.399 E0.03466
G1 X-22.428 Y4.75 E0.03932
G1 X-16.644 Y4.75 E0.14068
G1 X-15.952 Y3.791 E0.02876
G1 X-15.198 Y2.786 E0.03056
G1 X-14.463 Y1.843 E0.02908
G1 X-13.653 Y0.835 E0.03145
G1 X-13.19 Y0.28 E0.01758
G1 X-12.186 Y-.884 E0.03739
G1 X-11.183 Y-1.999 E0.03648
G1 X-10.179 Y-3.071 E0.03572
G1 X-9.175 Y-4.095 E0.03488
G1 X-8.506 Y-4.75 E0.02277
G0 F12000 X-9.306 Y-4.75
G1 F3600 E-1
G0 F12000 X-9.306 Y-4.425
G0 X-17.536 Y-1.6
G0 X-30.495 Y-1.6
G0 X-30.675 Y-1.716
;TYPE:WALL-INNER
G1 F3600 E1
G1 F2572.5 X-31.389 Y-.627 E0.03167
G1 X-32.172 Y0.616 E0.03573
G1 X-32.619 Y1.353 E0.02096
G1 X-33.284 Y2.48 E0.03183
G1 X-34.326 Y4.326 E0.05156
G1 X-30.675 Y4.325 E0.0888
G1 X-30.675 Y-1.716 E0.14693
G1 F3600 E-1
G0 F12000 X-30.25 Y-3.113
;TYPE:WALL-OUTER
G1 F3600 E1
G1 F2400 X-30.577 Y-2.638 E0.01403
G1 X-31.749 Y-.854 E0.05192
G1 X-32.535 Y0.395 E0.03589
G1 X-32.985 Y1.137 E0.02111
G1 X-33.655 Y2.271 E0.03203
G1 X-34.698 Y4.125 E0.05174
G1 X-35.036 Y4.75 E0.01728
G1 X-30.25 Y4.75 E0.1164
G1 X-30.25 Y-3.113 E0.19124
G0 F12000 X-30.577 Y-2.638
G0 X-30.699 Y-2.452
G1 F3600 E-1
;MESH:NONMESH
G0 F600 X-30.699 Y-2.452 Z42.03
G0 F12000 X-30.525 Y-2.276
G0 X-17.536 Y-1.6
G0 X-12.11 Y-2.42
;TIME_ELAPSED:1081.807214
;LAYER:321
;note -- min layer time used
;TYPE:FILL
;MESH:bridge_3a.stl
G1 F3600 E1
G1 F3159 X-12.151 Y-2.709 E0.0071
G1 X-12.444 Y-3.612 E0.02309
G1 X-12.605 Y-3.919 E0.00843
G1 F3600 E-1
G0 F12000 X-10.551 Y-3.987
G0 X-9.738 Y-4.324
;TYPE:WALL-INNER
G1 F3600 E1
G1 F2653 X-15.155 Y-4.325 E0.13175
G1 X-16.154 Y-3.19 E0.03677
G1 X-17.513 Y-1.562 E0.05158
G1 X-18.376 Y-.473 E0.03379
G1 X-19.239 Y0.654 E0.03452
G1 X-20.071 Y1.789 E0.03423
G1 X-21.287 Y3.535 E0.05175
G1 X-21.814 Y4.325 E0.0231
G1 X-17.035 Y4.325 E0.11623
G1 X-16.54 Y3.635 E0.02065
G1 X-15.755 Y2.587 E0.03185
G1 X-14.974 Y1.576 E0.03107
G1 X-14.159 Y0.563 E0.03162
G1 X-13.511 Y-.213 E0.02459
G1 X-12.44 Y-1.454 E0.03987
G1 X-11.491 Y-2.5 E0.03435
G1 X-10.478 Y-3.574 E0.03591
G1 X-9.738 Y-4.324 E0.02563
G1 F3600 E-1
G0 F12000 X-10.551 Y-3.987
G0 X-9.356 Y-4.488
G0 X-8.71 Y-4.75
;TYPE:WALL-OUTER
G1 F3600 E1
G1 F2400 X-15.347 Y-4.75 E0.16142
G1 X-16.479 Y-3.464 E0.04167
G1 X-17.846 Y-1.826 E0.05189
G1 X-18.713 Y-.731 E0.03397
G1 X-19.568 Y0.382 E0.03414
G1 X-20.418 Y1.543 E0.035
G1 X-21.641 Y3.299 E0.05205
G1 X-22.6 Y4.75 E0.0423
G1 X-16.817 Y4.75 E0.14065
G1 X-16.2 Y3.89 E0.02574
G1 X-15.418 Y2.847 E0.03171
G1 X-14.643 Y1.843 E0.03085
G1 X-13.833 Y0.835 E0.03145
G1 X-13.19 Y0.064 E0.02442
G1 X-12.126 Y-1.168 E0.03959
G1 X-11.182 Y-2.208 E0.03416
G1 X-10.175 Y-3.276 E0.0357
G1 X-9.172 Y-4.295 E0.03478
G1 X-8.71 Y-4.75 E0.01577
G0 F12000 X-9.51 Y-4.75
G1 F3600 E-1
G0 F12000 X-9.51 Y-4.425
G0 X-17.183 Y-2.253
G0 X-30.495 Y-2.253
G0 X-30.675 Y-1.975
;TYPE:WALL-INNER
G1 F3600 E1
G1 F2653 X-31.115 Y-1.31 E0.01939
G1 X-32.28 Y0.517 E0.0527
G1 X-33.375 Y2.352 E0.05197
G1 X-34.108 Y3.637 E0.03598
G1 X-34.479 Y4.324 E0.01899
G1 X-30.675 Y4.325 E0.09252
G1 X-30.675 Y-1.975 E0.15323
G1 F3600 E-1
G0 F12000 X-30.25 Y-3.36
;TYPE:WALL-OUTER
G1 F3600 E1
G1 F2400 X-30.677 Y-2.742 E0.01827
G1 X-31.473 Y-1.539 E0.03508
G1 X-32.644 Y0.299 E0.053
G1 X-33.744 Y2.141 E0.05218
G1 X-34.482 Y3.434 E0.03621
G1 X-35.192 Y4.749 E0.03635
G1 X-30.25 Y4.75 E0.1202
G1 X-30.25 Y-3.36 E0.19725
G0 F12000 X-30.677 Y-2.742
G0 X-30.704 Y-2.702
G1 F3600 E-1
;MESH:NONMESH
G0 F600 X-30.704 Y-2.702 Z42.16
G0 F12000 X-30.525 Y-2.524
G0 X-17.646 Y-1.687
G0 X-12.214 Y-2.516
;TIME_ELAPSED:1085.414381
;LAYER:322
;note -- min layer time used
;TYPE:FILL
;MESH:bridge_3a.stl
G1 F3600 E1
G1 F3403.5 X-12.23 Y-2.709 E0.00471
G1 X-12.482 Y-3.612 E0.0228
G1 X-12.63 Y-3.92 E0.00831
G1 F3600 E-1
G0 F12000 X-10.743 Y-3.987
G0 X-9.935 Y-4.326
;TYPE:WALL-INNER
G1 F3600 E1
G1 F2734.5 X-15.346 Y-4.324 E0.1316
G1 X-16.253 Y-3.292 E0.03342
G1 X-17.591 Y-1.691 E0.05075
G1 X-18.478 Y-.575 E0.03467
G1 X-19.339 Y0.549 E0.03444
G1 X-20.168 Y1.675 E0.03401
G1 X-20.674 Y2.392 E0.02134
G1 X-21.355 Y3.382 E0.02922
G1 X-21.981 Y4.324 E0.02751
G1 X-17.207 Y4.325 E0.11611
G1 X-16.684 Y3.594 E0.02186
G1 X-15.53 Y2.057 E0.04675
G1 X-14.52 Y0.78 E0.0396
G1 X-13.51 Y-.435 E0.03843
G1 X-12.626 Y-1.452 E0.03277
G1 X-11.717 Y-2.462 E0.03305
G1 X-10.775 Y-3.468 E0.03352
G1 X-9.935 Y-4.326 E0.0292
G1 F3600 E-1
G0 F12000 X-10.743 Y-3.987
G0 X-9.553 Y-4.487
G0 X-8.925 Y-4.75
;TYPE:WALL-OUTER
G1 F3600 E1
G1 F2400 X-15.538 Y-4.749 E0.16084
G1 X-16.578 Y-3.566 E0.03831
G1 X-17.95 Y-1.922 E0.05208
G1 X-18.815 Y-.833 E0.03382
G1 X-19.681 Y0.297 E0.03463
G1 X-20.513 Y1.427 E0.03413
G1 X-21.024 Y2.151 E0.02155
G1 X-21.708 Y3.147 E0.02939
G1 X-22.765 Y4.749 E0.04668
G1 X-16.989 Y4.75 E0.14048
G1 X-16.344 Y3.849 E0.02695
G1 X-15.197 Y2.32 E0.04649
G1 X-14.193 Y1.052 E0.03934
G1 X-13.189 Y-.156 E0.0382
G1 X-12.31 Y-1.168 E0.0326
G1 X-11.407 Y-2.171 E0.03282
G1 X-10.471 Y-3.171 E0.03331
G1 X-8.925 Y-4.75 E0.05375
G0 F12000 X-9.725 Y-4.75
G1 F3600 E-1
G0 F12000 X-9.725 Y-4.425
G0 X-16.38 Y-3.425
G0 X-30.48 Y-2.873
G0 X-30.675 Y-2.235
;TYPE:WALL-INNER
G1 F3600 E1
G1 F2734.5 X-31.224 Y-1.413 E0.02404
G1 X-32.346 Y0.362 E0.05107
G1 X-33.124 Y1.649 E0.03658
G1 X-33.532 Y2.343 E0.01958
G1 X-34.212 Y3.534 E0.03336
G1 X-34.639 Y4.324 E0.02184
G1 X-30.675 Y4.325 E0.09641
G1 X-30.675 Y-2.235 E0.15955
G1 F3600 E-1
G0 F12000 X-30.25 Y-3.613
;TYPE:WALL-OUTER
G1 F3600 E1
G1 F2400 X-30.77 Y-2.857 E0.02232
G1 X-31.583 Y-1.64 E0.0356
G1 X-32.709 Y0.142 E0.05127
G1 X-33.49 Y1.433 E0.0367
G1 X-33.901 Y2.132 E0.01972
G1 X-34.586 Y3.331 E0.03359
G1 X-35.352 Y4.749 E0.0392
G1 X-30.25 Y4.75 E0.12409
G1 X-30.25 Y-3.613 E0.2034
G0 F12000 X-30.703 Y-2.955
G1 F3600 E-1
;MESH:NONMESH
G0 F600 X-30.703 Y-2.955 Z42.29
G0 F12000 X-30.525 Y-2.771
G0 X-18.613 Y-.696
G0 X-12.301 Y-2.627
;TIME_ELAPSED:1089.019844
;LAYER:323
;note -- min layer time used
;TYPE:FILL
;MESH:bridge_3a.stl
G1 F3600 E1
G1 F3658.1 X-12.304 Y-2.709 E0.002
G1 X-12.516 Y-3.612 E0.02256
G1 X-12.65 Y-3.919 E0.00815
G1 F3600 E-1
G0 F12000 X-10.943 Y-3.986
G0 X-10.151 Y-4.325
;TYPE:WALL-INNER
G1 F3600 E1
G1 F2819.4 X-15.537 Y-4.325 E0.131
G1 X-16.35 Y-3.396 E0.03003
G1 X-17.26 Y-2.317 E0.03433
G1 X-18.141 Y-1.226 E0.03411
G1 X-19.429 Y0.435 E0.05112
G1 X-20.277 Y1.588 E0.03481
G1 X-20.846 Y2.393 E0.02398
G1 X-21.526 Y3.382 E0.02919
G1 X-22.154 Y4.325 E0.02756
G1 X-17.379 Y4.325 E0.11614
G1 X-16.859 Y3.598 E0.02174
G1 X-16.113 Y2.59 E0.0305
G1 X-15.528 Y1.822 E0.02348
G1 X-14.588 Y0.645 E0.03664
G1 X-13.686 Y-.444 E0.03439
G1 X-12.5 Y-1.807 E0.04394
G1 X-11.49 Y-2.918 E0.03652
G1 X-10.151 Y-4.325 E0.04724
G1 F3600 E-1
G0 F12000 X-10.943 Y-3.986
G0 X-9.752 Y-4.487
G0 X-9.115 Y-4.75
;TYPE:WALL-OUTER
G1 F3600 E1
G1 F2400 X-15.73 Y-4.75 E0.16089
G1 X-16.675 Y-3.67 E0.0349
G1 X-17.591 Y-2.584 E0.03455
G1 X-18.477 Y-1.486 E0.03431
G1 X-19.768 Y0.179 E0.05124
G1 X-20.623 Y1.342 E0.03511
G1 X-21.196 Y2.151 E0.02411
G1 X-21.88 Y3.146 E0.02937
G1 X-22.639 Y4.287 E0.03333
G1 X-22.934 Y4.75 E0.01335
G1 X-17.161 Y4.75 E0.14041
G1 X-16.517 Y3.851 E0.0269
G1 X-15.775 Y2.848 E0.03034
G1 X-15.196 Y2.088 E0.02324
G1 X-14.261 Y0.916 E0.03646
G1 X-13.365 Y-.165 E0.03415
G1 X-12.186 Y-1.521 E0.0437
G1 X-11.182 Y-2.625 E0.03629
G1 X-10.178 Y-3.68 E0.03542
G1 X-9.115 Y-4.75 E0.03668
G0 F12000 X-9.915 Y-4.75
G1 F3600 E-1
G0 F12000 X-9.915 Y-4.425
G0 X-16.48 Y-3.526
G0 X-30.48 Y-3.124
G0 X-30.675 Y-2.483
;TYPE:WALL-INNER
G1 F3600 E1
G1 F2819.4 X-31.34 Y-1.488 E0.02911
G1 X-32.51 Y0.363 E0.05326
G1 X-33.229 Y1.546 E0.03367
G1 X-33.695 Y2.341 E0.02241
G1 X-34.317 Y3.431 E0.03052
G1 X-34.81 Y4.325 E0.02483
G1 X-30.675 Y4.325 E0.10057
G1 X-30.675 Y-2.483 E0.16558
G1 F3600 E-1
G0 F12000 X-30.25 Y-3.882
;TYPE:WALL-OUTER
G1 F3600 E1
G1 F2400 X-31.699 Y-1.716 E0.06338
G1 X-32.873 Y0.142 E0.05345
G1 X-33.595 Y1.331 E0.03383
G1 X-34.059 Y2.122 E0.0223
G1 X-34.689 Y3.225 E0.03089
G1 X-35.181 Y4.118 E0.0248
G1 X-35.516 Y4.75 E0.0174
G1 X-30.25 Y4.75 E0.12808
G1 X-30.25 Y-3.882 E0.20994
G0 F12000 X-30.694 Y-3.218
G1 F3600 E-1
;MESH:NONMESH
G0 F600 X-30.694 Y-3.218 Z42.42
G0 F12000 X-30.525 Y-3.038
G0 X-17.389 Y-2.449
G0 X-12.381 Y-2.75
;TIME_ELAPSED:1092.589550
;LAYER:324
;note -- min layer time used
;TYPE:FILL
;MESH:bridge_3a.stl
G1 F3600 E1
G1 F3885.7 X-12.546 Y-3.612 E0.02135
G1 X-12.668 Y-3.921 E0.00808
G1 F3600 E-1
G0 F12000 X-11.137 Y-3.986
G0 X-10.338 Y-4.325
;TYPE:WALL-INNER
G1 F3600 E1
G1 F2895.2 X-15.725 Y-4.325 E0.13102
G1 X-16.406 Y-3.547 E0.02515
G1 X-17.359 Y-2.418 E0.03593
G1 X-18.232 Y-1.343 E0.03368
G1 X-19.118 Y-.21 E0.03498
G1 X-20.38 Y1.492 E0.05153
G1 X-21.194 Y2.644 E0.03431
G1 X-21.698 Y3.381 E0.02172
G1 X-22.323 Y4.325 E0.02754
G1 X-17.553 Y4.325 E0.11601
G1 X-17.035 Y3.598 E0.02171
G1 X-16.29 Y2.591 E0.03047
G1 X-15.528 Y1.59 E0.0306
G1 X-14.707 Y0.563 E0.03198
G1 X-13.901 Y-.404 E0.03062
G1 X-13.006 Y-1.448 E0.03344
G1 X-12.499 Y-2.019 E0.01857
G1 X-11.489 Y-3.126 E0.03645
G1 X-10.338 Y-4.325 E0.04042
G1 F3600 E-1
G0 F12000 X-11.137 Y-3.986
G0 X-9.948 Y-4.487
G0 X-9.312 Y-4.75
;TYPE:WALL-OUTER
G1 F3600 E1
G1 F2400 X-15.918 Y-4.75 E0.16067
G1 X-16.731 Y-3.821 E0.03003
G1 X-17.689 Y-2.686 E0.03612
G1 X-18.577 Y-1.591 E0.03429
G1 X-19.441 Y-.488 E0.03408
G1 X-20.727 Y1.247 E0.05253
G1 X-21.544 Y2.404 E0.03445
G1 X-22.051 Y3.146 E0.02186
G1 X-22.739 Y4.184 E0.03029
G1 X-23.102 Y4.75 E0.01635
G1 X-17.333 Y4.75 E0.14031
G1 X-16.693 Y3.851 E0.02684
G1 X-15.951 Y2.848 E0.03034
G1 X-15.196 Y1.855 E0.03034
G1 X-14.381 Y0.835 E0.03175
G1 X-13.578 Y-.127 E0.03048
G1 X-12.688 Y-1.166 E0.03327
G1 X-12.185 Y-1.733 E0.01843
G1 X-11.181 Y-2.833 E0.03622
G1 X-10.177 Y-3.885 E0.03537
G1 X-9.312 Y-4.75 E0.02975
G0 F12000 X-10.112 Y-4.75
G1 F3600 E-1
G0 F12000 X-10.112 Y-4.425
G0 X-17.489 Y-2.548
G0 X-30.495 Y-2.548
G0 X-30.675 Y-2.736
;TYPE:WALL-INNER
G1 F3600 E1
G1 F2895.2 X-31.437 Y-1.598 E0.03331
G1 X-32.199 Y-.404 E0.03445
G1 X-33.298 Y1.392 E0.05121
G1 X-33.697 Y2.069 E0.01911
G1 X-34.421 Y3.335 E0.03547
G1 X-34.97 Y4.325 E0.02753
G1 X-30.675 Y4.325 E0.10446
G1 X-30.675 Y-2.736 E0.17173
G1 F3600 E-1
G0 F12000 X-30.25 Y-4.111
;TYPE:WALL-OUTER
G1 F3600 E1
G1 F2400 X-30.579 Y-3.641 E0.01395
G1 X-31.795 Y-1.827 E0.05311
G1 X-32.561 Y-.626 E0.03465
G1 X-33.663 Y1.176 E0.05137
G1 X-34.065 Y1.858 E0.01925
G1 X-34.792 Y3.128 E0.03559
G1 X-35.341 Y4.119 E0.02755
G1 X-35.676 Y4.75 E0.01738
G1 X-30.25 Y4.75 E0.13197
G1 X-30.25 Y-4.111 E0.21551
G0 F12000 X-30.579 Y-3.641
G0 X-30.704 Y-3.454
G1 F3600 E-1
;MESH:NONMESH
G0 F600 X-30.704 Y-3.454 Z42.55
G0 F12000 X-30.525 Y-3.274
G0 X-17.489 Y-2.548
G0 X-12.461 Y-2.875
;TIME_ELAPSED:1096.163034
;LAYER:325
;note -- min layer time used
;TYPE:FILL
;MESH:bridge_3a.stl
G1 F3600 E1
G1 F4126.6 X-12.572 Y-3.612 E0.01813
G1 X-12.68 Y-3.92 E0.00794
G1 F3600 E-1
G0 F12000 X-11.333 Y-3.986
G0 X-10.535 Y-4.325
;TYPE:WALL-INNER
G1 F3600 E1
G1 F2975.5 X-15.913 Y-4.325 E0.1308
G1 X-16.579 Y-3.56 E0.02467
G1 X-17.46 Y-2.517 E0.03321
G1 X-18.34 Y-1.427 E0.03407
G1 X-19.211 Y-.315 E0.03435
G1 X-20.063 Y0.821 E0.03454
G1 X-21.294 Y2.538 E0.05138
G1 X-22.095 Y3.721 E0.03475
G1 X-22.491 Y4.324 E0.01755
G1 X-17.726 Y4.325 E0.11589
G1 X-17.212 Y3.599 E0.02163
G1 X-16.468 Y2.589 E0.03051
G1 X-15.526 Y1.36 E0.03766
G1 X-14.889 Y0.57 E0.02468
G1 X-14.086 Y-.403 E0.03068
G1 X-13.195 Y-1.447 E0.03338
G1 X-12.496 Y-2.238 E0.02567
G1 X-11.488 Y-3.331 E0.03616
G1 X-10.535 Y-4.325 E0.03349
G1 F3600 E-1
G0 F12000 X-11.333 Y-3.986
G0 X-10.15 Y-4.487
G0 X-9.512 Y-4.75
;TYPE:WALL-OUTER
G1 F3600 E1
G1 F2400 X-16.106 Y-4.75 E0.16038
G1 X-16.913 Y-3.823 E0.02989
G1 X-17.791 Y-2.784 E0.03308
G1 X-18.675 Y-1.689 E0.03423
G1 X-19.551 Y-.57 E0.03456
G1 X-20.394 Y0.552 E0.03413
G1 X-21.653 Y2.312 E0.05263
G1 X-22.45 Y3.487 E0.03453
G1 X-23.267 Y4.749 E0.03656
G1 X-17.506 Y4.75 E0.14012
G1 X-16.87 Y3.851 E0.02678
G1 X-16.131 Y2.847 E0.03032
G1 X-15.195 Y1.627 E0.0374
G1 X-14.561 Y0.84 E0.02458
G1 X-13.763 Y-.127 E0.03049
G1 X-12.876 Y-1.166 E0.03323
G1 X-12.184 Y-1.95 E0.02543
G1 X-11.181 Y-3.037 E0.03597
G1 X-10.197 Y-4.065 E0.03461
G1 X-9.512 Y-4.75 E0.02356
G0 F12000 X-10.312 Y-4.75
G1 F3600 E-1
G0 F12000 X-10.312 Y-4.425
G0 X-17.59 Y-2.649
G0 X-30.495 Y-2.649
G0 X-30.675 Y-2.989
;TYPE:WALL-INNER
G1 F3600 E1
G1 F2975.5 X-31.13 Y-2.317 E0.01974
G1 X-32.306 Y-.502 E0.0526
G1 X-33.064 Y0.724 E0.03506
G1 X-33.802 Y1.967 E0.03516
G1 X-34.585 Y3.335 E0.03834
G1 X-35.125 Y4.325 E0.02743
G1 X-30.675 Y4.325 E0.10823
G1 X-30.675 Y-2.989 E0.17789
G1 F3600 E-1
G0 F12000 X-30.25 Y-4.354
;TYPE:WALL-OUTER
G1 F3600 E1
G1 F2400 X-30.678 Y-3.741 E0.01818
G1 X-31.486 Y-2.548 E0.03504
G1 X-32.667 Y-.726 E0.05281
G1 X-33.429 Y0.506 E0.03523
G1 X-34.164 Y1.742 E0.03497
G1 X-34.958 Y3.131 E0.03891
G1 X-35.835 Y4.75 E0.04478
G1 X-30.25 Y4.75 E0.13584
G1 X-30.25 Y-4.354 E0.22142
G0 F12000 X-30.678 Y-3.741
G0 X-30.707 Y-3.698
G1 F3600 E-1
;MESH:NONMESH
G0 F600 X-30.707 Y-3.698 Z42.68
G0 F12000 X-30.525 Y-3.518
G0 X-17.59 Y-2.649
G0 X-12.528 Y-3.012
;TIME_ELAPSED:1099.738855
;LAYER:326
;note -- min layer time used
;TYPE:FILL
;MESH:bridge_3a.stl
G1 F3600 E1
G1 F4357.4 X-12.593 Y-3.612 E0.01468
G1 X-12.688 Y-3.92 E0.00784
G1 F3600 E-1
G0 F12000 X-11.53 Y-3.986
G0 X-10.731 Y-4.325
;TYPE:WALL-INNER
G1 F3600 E1
G1 F3052.5 X-16.103 Y-4.324 E0.13065
G1 X-17.11 Y-3.159 E0.03745
G1 X-18.446 Y-1.528 E0.05128
G1 X-19.313 Y-.416 E0.03429
G1 X-20.16 Y0.711 E0.03429
G1 X-20.668 Y1.406 E0.02094
G1 X-21.361 Y2.391 E0.02929
G1 X-22.032 Y3.373 E0.02893
G1 X-22.665 Y4.326 E0.02783
G1 X-17.899 Y4.325 E0.11592
G1 X-17.388 Y3.6 E0.02157
G1 X-16.536 Y2.441 E0.03499
G1 X-15.873 Y1.575 E0.02653
G1 X-14.515 Y-.118 E0.05279
G1 X-13.507 Y-1.303 E0.03784
G1 X-12.496 Y-2.451 E0.0372
G1 X-11.487 Y-3.54 E0.03611
G1 X-10.731 Y-4.325 E0.02651
G1 F3600 E-1
G0 F12000 X-11.53 Y-3.986
G0 X-10.353 Y-4.488
G0 X-9.716 Y-4.75
;TYPE:WALL-OUTER
G1 F3600 E1
G1 F2400 X-16.297 Y-4.749 E0.16006
G1 X-17.438 Y-3.429 E0.04244
G1 X-18.768 Y-1.808 E0.051
G1 X-19.653 Y-.671 E0.03504
G1 X-20.503 Y0.46 E0.03441
G1 X-21.015 Y1.162 E0.02113
G1 X-21.711 Y2.151 E0.02941
G1 X-22.391 Y3.146 E0.02931
G1 X-23.048 Y4.136 E0.0289
G1 X-23.437 Y4.75 E0.01768
G1 X-17.678 Y4.75 E0.14007
G1 X-17.046 Y3.851 E0.02673
G1 X-16.199 Y2.699 E0.03478
G1 X-15.54 Y1.84 E0.02633
G1 X-14.191 Y0.158 E0.05244
G1 X-13.188 Y-1.022 E0.03767
G1 X-12.184 Y-2.162 E0.03695
G1 X-11.181 Y-3.246 E0.03592
G1 X-10.177 Y-4.289 E0.03521
G1 X-9.716 Y-4.75 E0.01586
G0 F12000 X-10.516 Y-4.75
G1 F3600 E-1
G0 F12000 X-10.516 Y-4.425
G0 X-17.239 Y-3.29
G0 X-30.495 Y-3.29
G0 X-30.675 Y-3.246
;TYPE:WALL-INNER
G1 F3600 E1
G1 F3052.5 X-31.233 Y-2.416 E0.02432
G1 X-32.409 Y-.603 E0.05256
G1 X-33.169 Y0.623 E0.03508
G1 X-34.273 Y2.497 E0.0529
G1 X-35.289 Y4.324 E0.05084
G1 X-30.675 Y4.325 E0.11222
G1 X-30.675 Y-3.246 E0.18414
G1 F3600 E-1
G0 F12000 X-30.25 Y-4.603
;TYPE:WALL-OUTER
G1 F3600 E1
G1 F2400 X-30.775 Y-3.856 E0.02221
G1 X-31.59 Y-2.648 E0.03544
G1 X-32.77 Y-.827 E0.05278
G1 X-33.535 Y0.407 E0.03531
G1 X-34.644 Y2.29 E0.05315
G1 X-35.705 Y4.199 E0.05312
G1 X-35.996 Y4.749 E0.01513
G1 X-30.25 Y4.75 E0.13975
G1 X-30.25 Y-4.603 E0.22748
G0 F12000 X-30.71 Y-3.949
G1 F3600 E-1
;MESH:NONMESH
G0 F600 X-30.71 Y-3.949 Z42.81
G0 F12000 X-30.525 Y-3.762
G0 X-18.137 Y-2.203
G0 X-12.58 Y-3.162
;TIME_ELAPSED:1103.311065
;LAYER:327
;note -- min layer time used
;TYPE:FILL
;MESH:bridge_3a.stl
G1 F3600 E1
G1 F4551.4 X-12.61 Y-3.612 E0.01097
G1 X-12.693 Y-3.92 E0.00776
G1 F3600 E-1
G0 F12000 X-11.727 Y-3.986
G0 X-10.925 Y-4.325
;TYPE:WALL-INNER
G1 F3600 E1
G1 F3117.1 X-16.29 Y-4.324 E0.13048
G1 X-17.208 Y-3.261 E0.03416
G1 X-18.108 Y-2.173 E0.03434
G1 X-19.416 Y-.513 E0.0514
G1 X-20.269 Y0.616 E0.03442
G1 X-21.098 Y1.764 E0.03444
G1 X-22.302 Y3.52 E0.05178
G1 X-22.827 Y4.325 E0.02337
G1 X-18.072 Y4.325 E0.11565
G1 X-17.544 Y3.571 E0.02239
G1 X-16.823 Y2.592 E0.02957
G1 X-16.054 Y1.577 E0.03097
G1 X-15.525 Y0.906 E0.02078
G1 X-14.514 Y-.339 E0.03901
G1 X-13.505 Y-1.52 E0.03778
G1 X-12.495 Y-2.66 E0.03704
G1 X-11.486 Y-3.745 E0.03604
G1 X-10.925 Y-4.325 E0.01963
G1 F3600 E-1
G0 F12000 X-11.727 Y-3.986
G0 X-10.55 Y-4.486
G0 X-9.916 Y-4.75
;TYPE:WALL-OUTER
G1 F3600 E1
G1 F2400 X-16.485 Y-4.749 E0.15977
G1 X-17.521 Y-3.55 E0.03854
G1 X-18.442 Y-2.436 E0.03515
G1 X-19.755 Y-.769 E0.05161
G1 X-20.614 Y0.367 E0.03464
G1 X-21.435 Y1.504 E0.03411
G1 X-22.657 Y3.287 E0.05257
G1 X-23.605 Y4.75 E0.0424
G1 X-17.851 Y4.75 E0.13995
G1 X-17.202 Y3.823 E0.02752
G1 X-16.484 Y2.849 E0.02943
G1 X-15.721 Y1.841 E0.03075
G1 X-15.195 Y1.174 E0.02066
G1 X-14.191 Y-0.063 E0.03875
G1 X-13.188 Y-1.238 E0.03757
G1 X-12.184 Y-2.371 E0.03682
G1 X-11.18 Y-3.45 E0.03585
G1 X-9.916 Y-4.75 E0.0441
G0 F12000 X-10.716 Y-4.75
G1 F3600 E-1
G0 F12000 X-10.716 Y-4.425
G0 X-17.339 Y-3.39
G0 X-30.495 Y-3.39
G0 X-30.675 Y-3.494
;TYPE:WALL-INNER
G1 F3600 E1
G1 F3117.1 X-31.335 Y-2.519 E0.02864
G1 X-32.123 Y-1.317 E0.03496
G1 X-33.276 Y0.524 E0.05283
G1 X-34.376 Y2.389 E0.05266
G1 X-34.907 Y3.331 E0.0263
G1 X-35.442 Y4.321 E0.02737
G1 X-30.675 Y4.325 E0.11594
G1 X-30.675 Y-3.494 E0.19017
G1 F3600 E-1
G0 F12000 X-30.25 Y-4.75
;TYPE:WALL-OUTER
G1 F3600 E1
G1 F2400 X-30.318 Y-4.75 E0.00165
G1 X-30.883 Y-3.943 E0.02396
G1 X-31.69 Y-2.753 E0.03497
G1 X-32.483 Y-1.543 E0.03519
G1 X-33.642 Y0.308 E0.05312
G1 X-34.739 Y2.165 E0.05246
G1 X-35.28 Y3.127 E0.02684
G1 X-36.155 Y4.75 E0.04484
G1 X-30.25 Y4.75 E0.14362
G1 X-30.25 Y-4.75 E0.23105
G0 F12000 X-30.318 Y-4.75
G0 X-30.737 Y-4.151
G1 F3600 E-1
;MESH:NONMESH
G0 F600 X-30.737 Y-4.151 Z42.94
G0 F12000 X-30.525 Y-3.967
G0 X-18.238 Y-2.304
G0 X-12.617 Y-3.331
;TIME_ELAPSED:1106.880793
;LAYER:328
;note -- min layer time used
;TYPE:FILL
;MESH:bridge_3a.stl
G1 F3600 E1
G1 F4692.3 X-12.624 Y-3.612 E0.00684
G1 X-12.694 Y-3.92 E0.00768
G1 F3600 E-1
G0 F12000 X-11.122 Y-4.325
;TYPE:WALL-INNER
G1 F3600 E1
G1 F3164.1 X-16.478 Y-4.325 E0.13027
G1 X-17.309 Y-3.36 E0.03097
G1 X-18.201 Y-2.278 E0.03411
G1 X-19.071 Y-1.189 E0.0339
G1 X-20.37 Y0.521 E0.05223
G1 X-21.198 Y1.664 E0.03433
G1 X-21.704 Y2.389 E0.0215
G1 X-22.376 Y3.379 E0.0291
G1 X-22.997 Y4.324 E0.0275
G1 X-18.246 Y4.325 E0.11555
G1 X-17.734 Y3.602 E0.02155
G1 X-16.999 Y2.592 E0.03038
G1 X-16.231 Y1.578 E0.03094
G1 X-15.439 Y0.573 E0.03112
G1 X-14.614 Y-.439 E0.03176
G1 X-13.504 Y-1.738 E0.04156
G1 X-12.495 Y-2.868 E0.03685
G1 X-11.517 Y-3.918 E0.0349
G1 X-11.122 Y-4.325 E0.01379
G1 F3600 E-1
G0 F12000 X-11.921 Y-3.986
G0 X-10.744 Y-4.486
G0 X-10.116 Y-4.75
;TYPE:WALL-OUTER
G1 F3600 E1
G1 F2400 X-16.673 Y-4.75 E0.15948
G1 X-17.637 Y-3.63 E0.03594
G1 X-18.533 Y-2.543 E0.03426
G1 X-19.423 Y-1.429 E0.03468
G1 X-20.699 Y0.249 E0.05127
G1 X-21.536 Y1.405 E0.03471
G1 X-22.732 Y3.146 E0.05137
G1 X-23.775 Y4.75 E0.04653
G1 X-18.026 Y4.75 E0.13982
G1 X-17.391 Y3.852 E0.02675
G1 X-16.66 Y2.849 E0.03019
G1 X-15.897 Y1.841 E0.03075
G1 X-15.11 Y0.841 E0.03095
G1 X-14.291 Y-.163 E0.03151
G1 X-13.187 Y-1.455 E0.04133
G1 X-12.183 Y-2.579 E0.03666
G1 X-11.212 Y-3.623 E0.03468
G1 X-10.116 Y-4.75 E0.03823
G0 F12000 X-10.916 Y-4.75
G1 F3600 E-1
G0 F12000 X-10.916 Y-4.425
G0 X-17.438 Y-3.491
G0 X-30.495 Y-3.491
G0 X-30.675 Y-3.744
;TYPE:WALL-INNER
G1 F3600 E1
G1 F3164.1 X-31.435 Y-2.623 E0.03294
G1 X-32.223 Y-1.417 E0.03504
G1 X-33.344 Y0.367 E0.05124
G1 X-34.116 Y1.663 E0.03669
G1 X-35.191 Y3.552 E0.05286
G1 X-35.605 Y4.325 E0.02133
G1 X-30.675 Y4.325 E0.1199
G1 X-30.675 Y-3.744 E0.19625
G1 F3600 E-1
G0 F12000 X-30.25 Y-4.75
;TYPE:WALL-OUTER
G1 F3600 E1
G1 F2400 X-30.493 Y-4.75 E0.00591
G1 X-31.114 Y-3.856 E0.02647
G1 X-31.79 Y-2.856 E0.02936
G1 X-32.582 Y-1.643 E0.03523
G1 X-33.709 Y0.149 E0.05149
G1 X-34.485 Y1.452 E0.03689
G1 X-35.561 Y3.341 E0.05287
G1 X-36.314 Y4.75 E0.03886
G1 X-30.25 Y4.75 E0.14749
G1 X-30.25 Y-4.75 E0.23105
G0 F12000 X-30.493 Y-4.75
G0 X-30.81 Y-4.293
G1 F3600 E-1
;MESH:NONMESH
G0 F600 X-30.81 Y-4.293 Z43.07
G0 F12000 X-30.546 Y-4.108
G0 X-18.338 Y-2.404
G0 X-12.634 Y-3.517
;TIME_ELAPSED:1110.454245
;LAYER:329
;note -- min layer time used
;TYPE:FILL
;MESH:bridge_3a.stl
G1 F3600 E1
G1 F4885.1 X-12.678 Y-3.856 E0.00831
G1 F3600 E-1
G0 F12000 X-11.323 Y-4.324
;TYPE:WALL-INNER
G1 F3600 E1
G1 F3228.4 X-16.666 Y-4.325 E0.12995
G1 X-17.407 Y-3.462 E0.02767
G1 X-18.306 Y-2.377 E0.03427
G1 X-19.183 Y-1.277 E0.03422
G1 X-20.048 Y-.149 E0.03457
G1 X-21.302 Y1.565 E0.05165
G1 X-22.107 Y2.724 E0.03432
G1 X-23.164 Y4.325 E0.04666
G1 X-18.415 Y4.325 E0.1155
G1 X-17.2 Y2.625 E0.05082
G1 X-16.411 Y1.578 E0.03189
G1 X-15.522 Y0.446 E0.03501
G1 X-14.541 Y-.744 E0.03751
G1 X-13.502 Y-1.956 E0.03883
G1 X-12.494 Y-3.077 E0.03667
G1 X-11.323 Y-4.324 E0.04161
G1 F3600 E-1
G0 F12000 X-12.112 Y-3.986
G0 X-10.939 Y-4.487
G0 X-10.309 Y-4.75
;TYPE:WALL-OUTER
G1 F3600 E1
G1 F2400 X-16.861 Y-4.75 E0.15935
G1 X-17.734 Y-3.734 E0.03258
G1 X-18.638 Y-2.642 E0.03448
G1 X-19.52 Y-1.536 E0.03441
G1 X-20.391 Y-.4 E0.03482
G1 X-21.65 Y1.322 E0.05188
G1 X-22.46 Y2.488 E0.03453
G1 X-23.642 Y4.281 E0.05223
G1 X-23.938 Y4.75 E0.01349
G1 X-18.194 Y4.75 E0.1397
G1 X-17.563 Y3.853 E0.02667
G1 X-16.86 Y2.881 E0.02918
G1 X-16.077 Y1.841 E0.03166
G1 X-15.193 Y0.717 E0.03478
G1 X-14.218 Y-.467 E0.0373
G1 X-13.186 Y-1.672 E0.03859
G1 X-12.183 Y-2.787 E0.03648
G1 X-11.179 Y-3.864 E0.03581
G1 X-10.309 Y-4.75 E0.0302
G0 F12000 X-11.109 Y-4.75
G1 F3600 E-1
G0 F12000 X-11.109 Y-4.425
G0 X-18.439 Y-2.505
G0 X-30.495 Y-2.505
G0 X-30.675 Y-3.991
;TYPE:WALL-INNER
G1 F3600 E1
G1 F3228.4 X-31.607 Y-2.62 E0.04032
G1 X-32.327 Y-1.52 E0.03198
G1 X-33.101 Y-.301 E0.03512
G1 X-34.222 Y1.561 E0.05286
G1 X-34.674 Y2.34 E0.0219
G1 X-35.294 Y3.446 E0.03084
G1 X-35.772 Y4.325 E0.02434
G1 X-30.675 Y4.325 E0.12397
G1 X-30.675 Y-3.991 E0.20226
G1 F3600 E-1
G0 F12000 X-30.25 Y-4.75
;TYPE:WALL-OUTER
G1 F3600 E1
G1 F2400 X-30.665 Y-4.75 E0.01009
G1 X-31.287 Y-3.855 E0.02651
G1 X-31.962 Y-2.853 E0.02938
G1 X-32.686 Y-1.748 E0.03213
G1 X-33.464 Y-.52 E0.03536
G1 X-34.589 Y1.347 E0.05301
G1 X-35.044 Y2.132 E0.02207
G1 X-35.667 Y3.243 E0.03098
G1 X-36.144 Y4.12 E0.02428
G1 X-36.474 Y4.75 E0.0173
G1 X-30.25 Y4.75 E0.15138
G1 X-30.25 Y-4.75 E0.23105
G0 F12000 X-30.665 Y-4.75
G0 X-30.884 Y-4.434
G1 F3600 E-1
;MESH:NONMESH
G0 F600 X-30.884 Y-4.434 Z43.2
G0 F12000 X-30.62 Y-4.25
G0 X-18.439 Y-2.505
G0 X-12.112 Y-3.986
G0 X-11.521 Y-4.324
;TIME_ELAPSED:1114.064014
;LAYER:330
;note -- min layer time used
;TYPE:WALL-INNER
;MESH:bridge_3a.stl
G1 F3600 E1
G1 F3401.2 X-16.854 Y-4.325 E0.12971
G1 X-17.525 Y-3.542 E0.02508
G1 X-18.401 Y-2.481 E0.03346
G1 X-19.287 Y-1.372 E0.03452
G1 X-20.14 Y-.259 E0.03411
G1 X-21.36 Y1.403 E0.05014
G1 X-22.207 Y2.624 E0.03614
G1 X-23.331 Y4.324 E0.04957
G1 X-18.588 Y4.325 E0.11536
G1 X-18.09 Y3.612 E0.02115
G1 X-17.376 Y2.626 E0.02961
G1 X-16.53 Y1.502 E0.03422
G1 X-15.521 Y0.221 E0.03966
G1 X-14.455 Y-1.063 E0.04059
G1 X-13.502 Y-2.168 E0.03549
G1 X-12.492 Y-3.291 E0.03673
G1 X-11.521 Y-4.324 E0.03448
G1 F3600 E-1
G0 F12000 X-12.307 Y-3.986
G0 X-11.14 Y-4.487
G0 X-10.509 Y-4.749
;TYPE:WALL-OUTER
G1 F3600 E1
G1 F2400 X-17.049 Y-4.75 E0.15906
G1 X-17.886 Y-3.772 E0.03131
G1 X-18.733 Y-2.746 E0.03236
G1 X-19.625 Y-1.63 E0.03475
G1 X-20.481 Y-.513 E0.03423
G1 X-21.696 Y1.141 E0.04991
G1 X-22.561 Y2.39 E0.03695
G1 X-23.747 Y4.183 E0.05229
G1 X-24.105 Y4.749 E0.01629
G1 X-18.367 Y4.75 E0.13956
G1 X-17.739 Y3.853 E0.02663
G1 X-17.036 Y2.881 E0.02918
G1 X-16.197 Y1.765 E0.03396
G1 X-15.193 Y0.492 E0.03943
G1 X-14.134 Y-.785 E0.04035
G1 X-13.186 Y-1.884 E0.0353
G1 X-12.183 Y-3 E0.03649
G1 X-11.179 Y-4.068 E0.03565
G1 X-10.509 Y-4.749 E0.02324
G0 F12000 X-11.309 Y-4.749
G1 F3600 E-1
G0 F12000 X-11.309 Y-4.425
G0 X-18.54 Y-2.605
G0 X-30.495 Y-2.605
G0 X-30.675 Y-4.237
;TYPE:WALL-INNER
G1 F3600 E1
G1 F3401.2 X-31.243 Y-3.418 E0.02424
G1 X-32.429 Y-1.621 E0.05237
G1 X-33.2 Y-.401 E0.0351
G1 X-34.323 Y1.458 E0.05282
G1 X-34.833 Y2.339 E0.02476
G1 X-35.391 Y3.33 E0.02766
G1 X-35.93 Y4.325 E0.02752
G1 X-30.675 Y4.325 E0.12781
G1 X-30.675 Y-4.237 E0.20824
G1 F3600 E-1
G0 F12000 X-36.181 Y4.474
G0 X-36.638 Y4.75
;TYPE:WALL-OUTER
G1 F3600 E1
G1 F2400 X-30.25 Y4.75 E0.15537
G1 X-30.25 Y-4.75 E0.23105
G1 X-30.836 Y-4.75 E0.01425
G1 X-31.597 Y-3.653 E0.03247
G1 X-32.788 Y-1.849 E0.05258
G1 X-33.564 Y-.621 E0.03533
G1 X-34.69 Y1.245 E0.05301
G1 X-35.204 Y2.131 E0.02491
G1 X-35.764 Y3.128 E0.02781
G1 X-36.638 Y4.75 E0.04481
G0 F12000 X-35.838 Y4.75
G0 X-35.041 Y3.575
G1 F3600 E-1
;MESH:NONMESH
G0 F600 X-35.041 Y3.575 Z43.33
G0 F12000 X-30.495 Y-3.986
G0 X-18.54 Y-2.605
G0 X-12.307 Y-3.986
G0 X-11.714 Y-4.324
;TIME_ELAPSED:1117.721292
;LAYER:331
;note -- min layer time used
;TYPE:WALL-INNER
;MESH:bridge_3a.stl
G1 F3600 E1
G1 F3528.3 X-17.036 Y-4.325 E0.12944
G1 X-18.048 Y-3.137 E0.03796
G1 X-19.391 Y-1.472 E0.05203
G1 X-20.246 Y-.356 E0.03419
G1 X-21.085 Y0.779 E0.03433
G1 X-21.533 Y1.402 E0.01866
G1 X-22.306 Y2.513 E0.03292
G1 X-23.099 Y3.704 E0.0348
G1 X-23.494 Y4.325 E0.0179
G1 X-18.76 Y4.325 E0.11514
G1 X-18.256 Y3.605 E0.02138
G1 X-17.535 Y2.605 E0.02998
G1 X-16.53 Y1.273 E0.04058
G1 X-15.52 Y-0.004 E0.0396
G1 X-14.511 Y-1.218 E0.03839
G1 X-13.44 Y-2.454 E0.03978
G1 X-12.492 Y-3.5 E0.03433
G1 X-11.714 Y-4.324 E0.02756
G1 F3600 E-1
G0 F12000 X-12.501 Y-3.986
G0 X-11.339 Y-4.487
G0 X-10.708 Y-4.75
;TYPE:WALL-OUTER
G1 F3600 E1
G1 F2400 X-17.232 Y-4.75 E0.15867
G1 X-18.375 Y-3.408 E0.04287
G1 X-19.711 Y-1.753 E0.05173
G1 X-20.587 Y-.609 E0.03504
G1 X-21.43 Y0.531 E0.03448
G1 X-21.881 Y1.159 E0.0188
G1 X-22.665 Y2.285 E0.03337
G1 X-23.458 Y3.476 E0.0348
G1 X-24.268 Y4.75 E0.03672
G1 X-18.539 Y4.75 E0.13934
G1 X-17.911 Y3.853 E0.02663
G1 X-17.196 Y2.861 E0.02974
G1 X-16.197 Y1.536 E0.04036
G1 X-15.193 Y0.268 E0.03934
G1 X-14.189 Y-.94 E0.0382
G1 X-13.126 Y-2.168 E0.0395
G1 X-12.182 Y-3.208 E0.03416
G1 X-11.175 Y-4.275 E0.03568
G1 X-10.708 Y-4.75 E0.0162
G0 F12000 X-11.508 Y-4.75
G1 F3600 E-1
G0 F12000 X-11.508 Y-4.425
G0 X-18.192 Y-3.249
G0 X-30.495 Y-3.249
G0 X-30.675 Y-4.325
;TYPE:WALL-INNER
G1 F3600 E1
G1 F3528.3 X-30.786 Y-4.325 E0.0027
G1 X-31.343 Y-3.518 E0.02385
G1 X-32.138 Y-2.328 E0.03481
G1 X-32.595 Y-1.626 E0.02037
G1 X-33.304 Y-.505 E0.03226
G1 X-34.055 Y0.732 E0.0352
G1 X-35.144 Y2.601 E0.05261
G1 X-36.088 Y4.325 E0.0478
G1 X-30.675 Y4.325 E0.13165
G1 X-30.675 Y-4.325 E0.21038
G1 F3600 E-1
G0 F12000 X-31.004 Y-3.435
G0 X-36.341 Y4.474
G0 X-36.805 Y4.75
;TYPE:WALL-OUTER
G1 F3600 E1
G1 F2400 X-30.25 Y4.75 E0.15943
G1 X-30.25 Y-4.75 E0.23105
G1 X-31.008 Y-4.75 E0.01844
G1 X-31.696 Y-3.754 E0.02944
G1 X-32.494 Y-2.56 E0.03493
G1 X-32.953 Y-1.854 E0.02048
G1 X-33.667 Y-.726 E0.03247
G1 X-34.423 Y0.517 E0.03538
G1 X-35.514 Y2.392 E0.05276
G1 X-36.805 Y4.75 E0.06538
G0 F12000 X-36.005 Y4.75
G0 X-35.197 Y3.575
G1 F3600 E-1
;MESH:NONMESH
G0 F600 X-35.197 Y3.575 Z43.46
G0 F12000 X-30.495 Y-3.986
G0 X-18.192 Y-3.249
G0 X-12.501 Y-3.986
G0 X-11.909 Y-4.325
;TIME_ELAPSED:1121.333664
;LAYER:332
;note -- min layer time used
;TYPE:WALL-INNER
;MESH:bridge_3a.stl
G1 F3600 E1
G1 F3564 X-17.226 Y-4.325 E0.12932
G1 X-18.706 Y-2.562 E0.05598
G1 X-19.494 Y-1.57 E0.03081
G1 X-20.375 Y-.423 E0.03518
G1 X-21.18 Y0.667 E0.03296
G1 X-22.39 Y2.39 E0.05121
G1 X-23.205 Y3.607 E0.03562
G1 X-23.672 Y4.325 E0.02083
G1 X-18.93 Y4.325 E0.11533
G1 X-18.44 Y3.615 E0.02098
G1 X-17.7 Y2.593 E0.03069
G1 X-16.529 Y1.039 E0.04732
G1 X-15.519 Y-.229 E0.03943
G1 X-14.51 Y-1.439 E0.03832
G1 X-13.629 Y-2.453 E0.03267
G1 X-12.717 Y-3.462 E0.03308
G1 X-11.909 Y-4.325 E0.02875
G1 F3600 E-1
G0 F12000 X-12.694 Y-3.986
G0 X-11.533 Y-4.487
G0 X-10.906 Y-4.75
;TYPE:WALL-OUTER
G1 F3600 E1
G1 F2400 X-17.424 Y-4.75 E0.15853
G1 X-18.484 Y-3.497 E0.03992
G1 X-19.038 Y-2.827 E0.02114
G1 X-19.831 Y-1.829 E0.031
G1 X-20.717 Y-.675 E0.03539
G1 X-21.54 Y0.44 E0.03371
G1 X-22.743 Y2.153 E0.05091
G1 X-23.562 Y3.375 E0.03578
G1 X-24.054 Y4.133 E0.02198
G1 X-24.44 Y4.75 E0.0177
G1 X-18.708 Y4.75 E0.13941
G1 X-18.087 Y3.853 E0.02653
G1 X-17.36 Y2.849 E0.03015
G1 X-16.196 Y1.304 E0.04705
G1 X-15.193 Y0.043 E0.03919
G1 X-14.189 Y-1.16 E0.03811
G1 X-13.314 Y-2.168 E0.03246
G1 X-12.407 Y-3.171 E0.03289
G1 X-11.468 Y-4.175 E0.03343
G1 X-10.906 Y-4.75 E0.01956
G0 F12000 X-11.706 Y-4.75
G1 F3600 E-1
G0 F12000 X-11.706 Y-4.425
G0 X-18.293 Y-3.35
G0 X-30.495 Y-3.35
G0 X-30.675 Y-4.325
;TYPE:WALL-INNER
G1 F3600 E1
G1 F3564 X-30.961 Y-4.325 E0.00696
G1 X-31.442 Y-3.626 E0.02064
G1 X-32.242 Y-2.428 E0.03504
G1 X-33.403 Y-.614 E0.05238
G1 X-34.123 Y0.567 E0.03364
G1 X-34.895 Y1.876 E0.03696
G1 X-35.711 Y3.33 E0.04055
G1 X-36.25 Y4.325 E0.02752
G1 X-30.675 Y4.325 E0.13559
G1 X-30.675 Y-4.325 E0.21038
G1 F3600 E-1
G0 F12000 X-31.004 Y-3.683
G0 X-36.5 Y4.474
G0 X-36.954 Y4.75
;TYPE:WALL-OUTER
G1 F3600 E1
G1 F2400 X-30.25 Y4.75 E0.16305
G1 X-30.25 Y-4.75 E0.23105
G1 X-31.184 Y-4.75 E0.02272
G1 X-31.796 Y-3.862 E0.02623
G1 X-32.6 Y-2.658 E0.03521
G1 X-33.773 Y-.823 E0.05297
G1 X-34.489 Y0.351 E0.03344
G1 X-35.266 Y1.668 E0.03719
G1 X-36.084 Y3.127 E0.04068
G1 X-36.954 Y4.75 E0.04479
G0 F12000 X-36.154 Y4.75
G0 X-35.17 Y3.9
G1 F3600 E-1
;MESH:NONMESH
G0 F600 X-35.17 Y3.9 Z43.59
G0 F12000 X-30.495 Y-3.986
G0 X-18.293 Y-3.35
G0 X-12.694 Y-3.986
G0 X-12.102 Y-4.325
;TIME_ELAPSED:1124.941052
;LAYER:333
;note -- min layer time used
;TYPE:WALL-INNER
;MESH:bridge_3a.stl
G1 F3600 E1
G1 F3547.7 X-17.411 Y-4.324 E0.12912
G1 X-18.259 Y-3.323 E0.03191
G1 X-19.152 Y-2.23 E0.03433
G1 X-20.474 Y-.523 E0.05251
G1 X-21.294 Y0.584 E0.03351
G1 X-22.562 Y2.39 E0.05367
G1 X-23.305 Y3.502 E0.03253
G1 X-23.835 Y4.325 E0.02381
G1 X-19.105 Y4.325 E0.11504
G1 X-18.534 Y3.507 E0.02426
G1 X-17.878 Y2.597 E0.02728
G1 X-17.126 Y1.586 E0.03065
G1 X-16.343 Y0.577 E0.03106
G1 X-15.562 Y-.398 E0.03038
G1 X-14.692 Y-1.437 E0.03296
G1 X-13.818 Y-2.452 E0.03258
G1 X-12.91 Y-3.461 E0.03301
G1 X-12.102 Y-4.325 E0.02877
G1 F3600 E-1
G0 F12000 X-12.886 Y-3.986
G0 X-11.729 Y-4.486
G0 X-11.104 Y-4.75
;TYPE:WALL-OUTER
G1 F3600 E1
G1 F2400 X-17.608 Y-4.749 E0.15819
G1 X-18.588 Y-3.592 E0.03688
G1 X-19.487 Y-2.492 E0.03455
G1 X-20.816 Y-.777 E0.05277
G1 X-21.625 Y0.315 E0.03305
G1 X-22.916 Y2.154 E0.05465
G1 X-23.662 Y3.272 E0.03269
G1 X-24.608 Y4.75 E0.04268
G1 X-18.883 Y4.75 E0.13924
G1 X-18.189 Y3.755 E0.0295
G1 X-17.537 Y2.85 E0.02713
G1 X-16.79 Y1.846 E0.03044
G1 X-16.012 Y0.843 E0.03087
G1 X-15.236 Y-.125 E0.03017
G1 X-14.37 Y-1.16 E0.03282
G1 X-13.502 Y-2.168 E0.03235
G1 X-12.599 Y-3.171 E0.03282
G1 X-11.696 Y-4.138 E0.03218
G1 X-11.104 Y-4.75 E0.02071
G0 F12000 X-11.904 Y-4.75
G1 F3600 E-1
G0 F12000 X-11.904 Y-4.425
G0 X-22.257 Y1.626
G0 X-30.495 Y1.626
G0 X-35.824 Y3.974
G0 X-36.414 Y4.325
;TYPE:WALL-INNER
G1 F3600 E1
G1 F3547.7 X-30.675 Y4.325 E0.13958
G1 X-30.675 Y-4.325 E0.21038
G1 X-31.131 Y-4.325 E0.01109
G1 X-32.284 Y-2.623 E0.05
G1 X-33.128 Y-1.316 E0.03784
G1 X-34.273 Y0.54 E0.05304
G1 X-35.323 Y2.343 E0.05075
G1 X-36.414 Y4.325 E0.05503
G1 F3600 E-1
G0 F12000 X-37.115 Y4.75
;TYPE:WALL-OUTER
G1 F3600 E1
G1 F2400 X-30.25 Y4.75 E0.16697
G1 X-30.25 Y-4.75 E0.23105
G1 X-31.356 Y-4.75 E0.0269
G1 X-32.641 Y-2.854 E0.05571
G1 X-33.489 Y-1.539 E0.03806
G1 X-34.652 Y0.346 E0.05387
G1 X-35.695 Y2.137 E0.05041
G1 X-36.78 Y4.109 E0.05474
G1 X-37.115 Y4.75 E0.01759
G0 F12000 X-36.315 Y4.75
G0 X-35.523 Y3.575
G1 F3600 E-1
;MESH:NONMESH
G0 F600 X-35.523 Y3.575 Z43.72
G0 F12000 X-30.495 Y-3.986
G0 X-18.393 Y-3.451
G0 X-12.886 Y-3.986
G0 X-12.308 Y-4.325
;TIME_ELAPSED:1128.549490
;LAYER:334
;note -- min layer time used
;TYPE:WALL-INNER
;MESH:bridge_3a.stl
G1 F3600 E1
G1 F3584.4 X-17.598 Y-4.324 E0.12866
G1 X-18.358 Y-3.424 E0.02865
G1 X-19.256 Y-2.327 E0.03448
G1 X-20.548 Y-.653 E0.05143
G1 X-21.394 Y0.484 E0.03447
G1 X-22.215 Y1.64 E0.03448
G1 X-23.412 Y3.406 E0.05189
G1 X-24.002 Y4.325 E0.02656
G1 X-19.275 Y4.325 E0.11497
G1 X-18.776 Y3.601 E0.02139
G1 X-18.054 Y2.596 E0.0301
G1 X-17.304 Y1.588 E0.03056
G1 X-16.526 Y0.576 E0.03105
G1 X-15.517 Y-.675 E0.03909
G1 X-14.508 Y-1.874 E0.03811
G1 X-13.498 Y-3.024 E0.03723
G1 X-12.308 Y-4.325 E0.04288
G1 F3600 E-1
G0 F12000 X-13.08 Y-3.985
G0 X-11.919 Y-4.486
G0 X-11.299 Y-4.75
;TYPE:WALL-OUTER
G1 F3600 E1
G1 F2400 X-17.795 Y-4.749 E0.15799
G1 X-18.687 Y-3.693 E0.03362
G1 X-19.592 Y-2.587 E0.03476
G1 X-20.889 Y-.907 E0.05162
G1 X-21.741 Y0.237 E0.03469
G1 X-22.567 Y1.401 E0.03471
G1 X-23.769 Y3.176 E0.05214
G1 X-24.772 Y4.75 E0.04539
G1 X-19.052 Y4.75 E0.13912
G1 X-18.431 Y3.85 E0.02659
G1 X-17.713 Y2.85 E0.02994
G1 X-16.967 Y1.847 E0.0304
G1 X-16.195 Y0.843 E0.0308
G1 X-15.192 Y-.401 E0.03887
G1 X-14.188 Y-1.593 E0.0379
G1 X-13.185 Y-2.737 E0.037
G1 X-12.181 Y-3.834 E0.03617
G1 X-11.299 Y-4.75 E0.03093
G0 F12000 X-12.099 Y-4.75
G1 F3600 E-1
G0 F12000 X-12.099 Y-4.425
G0 X-22.359 Y1.525
G0 X-30.495 Y1.525
G0 X-35.984 Y3.974
G0 X-36.566 Y4.325
;TYPE:WALL-INNER
G1 F3600 E1
G1 F3584.4 X-30.675 Y4.325 E0.14328
G1 X-30.675 Y-4.325 E0.21038
G1 X-31.304 Y-4.325 E0.0153
G1 X-31.79 Y-3.615 E0.02093
G1 X-32.434 Y-2.645 E0.02832
G1 X-33.229 Y-1.419 E0.03554
G1 X-34.373 Y0.429 E0.05286
G1 X-35.102 Y1.672 E0.03505
G1 X-36.169 Y3.569 E0.05294
G1 X-36.566 Y4.325 E0.02077
G1 F3600 E-1
G0 F12000 X-37.27 Y4.75
;TYPE:WALL-OUTER
G1 F3600 E1
G1 F2400 X-30.25 Y4.75 E0.17074
G1 X-30.25 Y-4.75 E0.23105
G1 X-31.528 Y-4.75 E0.03108
G1 X-32.144 Y-3.85 E0.02653
G1 X-32.79 Y-2.876 E0.02843
G1 X-33.59 Y-1.643 E0.03575
G1 X-34.739 Y0.213 E0.05309
G1 X-35.473 Y1.463 E0.03526
G1 X-36.545 Y3.372 E0.05325
G1 X-37.27 Y4.75 E0.03787
G0 F12000 X-36.47 Y4.75
G0 X-35.494 Y3.9
G1 F3600 E-1
;MESH:NONMESH
G0 F600 X-35.494 Y3.9 Z43.85
G0 F12000 X-30.495 Y-3.985
G0 X-18.493 Y-3.551
G0 X-13.08 Y-3.985
G0 X-12.498 Y-4.323
;TIME_ELAPSED:1132.154740
;LAYER:335
;note -- min layer time used
;TYPE:WALL-INNER
;MESH:bridge_3a.stl
G1 F3600 E1
G1 F3623.2 X-17.782 Y-4.324 E0.12851
G1 X-18.458 Y-3.524 E0.02547
G1 X-19.353 Y-2.43 E0.03438
G1 X-20.222 Y-1.323 E0.03423
G1 X-20.783 Y-.583 E0.02259
G1 X-21.513 Y0.409 E0.02996
G1 X-22.313 Y1.534 E0.03357
G1 X-23.114 Y2.699 E0.03439
G1 X-24.169 Y4.325 E0.04714
G1 X-19.447 Y4.325 E0.11485
G1 X-18.95 Y3.603 E0.02132
G1 X-18.231 Y2.598 E0.03005
G1 X-17.483 Y1.587 E0.03059
G1 X-16.704 Y0.578 E0.031
G1 X-15.897 Y-.43 E0.0314
G1 X-15.093 Y-1.404 E0.03072
G1 X-14.198 Y-2.449 E0.03346
G1 X-13.496 Y-3.238 E0.02569
G1 X-12.498 Y-4.323 E0.03585
G1 F3600 E-1
G0 F12000 X-13.271 Y-3.985
G0 X-12.119 Y-4.486
G0 X-11.497 Y-4.75
;TYPE:WALL-OUTER
G1 F3600 E1
G1 F2400 X-17.979 Y-4.749 E0.15765
G1 X-18.787 Y-3.793 E0.03044
G1 X-19.687 Y-2.693 E0.03457
G1 X-20.56 Y-1.58 E0.0344
G1 X-21.115 Y-.85 E0.0223
G1 X-21.86 Y0.162 E0.03056
G1 X-22.664 Y1.293 E0.03375
G1 X-23.477 Y2.479 E0.03497
G1 X-24.646 Y4.281 E0.05224
G1 X-24.937 Y4.75 E0.01342
G1 X-19.224 Y4.75 E0.13895
G1 X-18.604 Y3.85 E0.02658
G1 X-17.889 Y2.851 E0.02988
G1 X-17.148 Y1.848 E0.03033
G1 X-16.372 Y0.843 E0.03088
G1 X-15.569 Y-.16 E0.03125
G1 X-14.77 Y-1.127 E0.03051
G1 X-13.88 Y-2.166 E0.03327
G1 X-13.184 Y-2.95 E0.0255
G1 X-12.181 Y-4.037 E0.03597
G1 X-11.497 Y-4.75 E0.02403
G0 F12000 X-12.297 Y-4.75
G1 F3600 E-1
G0 F12000 X-12.297 Y-4.425
G0 X-22.46 Y1.424
G0 X-30.495 Y1.424
G0 X-36.143 Y3.974
G0 X-36.726 Y4.325
;TYPE:WALL-INNER
G1 F3600 E1
G1 F3623.2 X-30.675 Y4.325 E0.14717
G1 X-30.675 Y-4.325 E0.21038
G1 X-31.475 Y-4.325 E0.01946
G1 X-32.155 Y-3.33 E0.02931
G1 X-33.333 Y-1.523 E0.05246
G1 X-33.892 Y-.634 E0.02554
G1 X-34.495 Y0.358 E0.02823
G1 X-35.206 Y1.568 E0.03413
G1 X-36.274 Y3.466 E0.05297
G1 X-36.726 Y4.325 E0.02361
G1 F3600 E-1
G0 F12000 X-37.43 Y4.75
;TYPE:WALL-OUTER
G1 F3600 E1
G1 F2400 X-30.25 Y4.75 E0.17463
G1 X-30.25 Y-4.75 E0.23105
G1 X-31.7 Y-4.75 E0.03527
G1 X-32.504 Y-3.573 E0.03467
G1 X-33.692 Y-1.749 E0.05294
G1 X-34.255 Y-.855 E0.0257
G1 X-34.861 Y0.142 E0.02838
G1 X-35.577 Y1.359 E0.03434
G1 X-36.65 Y3.268 E0.05326
G1 X-37.43 Y4.75 E0.04073
G0 F12000 X-36.63 Y4.75
G0 X-35.651 Y3.895
G1 F3600 E-1
;MESH:NONMESH
G0 F600 X-35.651 Y3.895 Z43.98
G0 F12000 X-30.495 Y-3.985
G0 X-19.48 Y-2.564
G0 X-13.271 Y-3.985
G0 X-12.687 Y-4.324
;TIME_ELAPSED:1135.783021
;LAYER:336
;note -- min layer time used
;TYPE:WALL-INNER
;MESH:bridge_3a.stl
G1 F3600 E1
G1 F3664.9 X-17.972 Y-4.325 E0.12854
G1 X-19.49 Y-2.492 E0.05788
G1 X-20.321 Y-1.426 E0.03287
G1 X-21.176 Y-.29 E0.03458
G1 X-22.387 Y1.388 E0.05033
G1 X-23.22 Y2.609 E0.03595
G1 X-24.338 Y4.324 E0.04979
G1 X-19.617 Y4.325 E0.11482
G1 X-19.126 Y3.603 E0.02124
G1 X-18.407 Y2.598 E0.03005
G1 X-17.66 Y1.588 E0.03055
G1 X-16.885 Y0.579 E0.03094
G1 X-16.083 Y-.428 E0.03131
G1 X-15.515 Y-1.122 E0.02181
G1 X-14.506 Y-2.308 E0.03787
G1 X-13.496 Y-3.451 E0.0371
G1 X-12.687 Y-4.324 E0.02895
G1 F3600 E-1
G0 F12000 X-13.465 Y-3.985
G0 X-12.318 Y-4.486
G0 X-11.695 Y-4.75
;TYPE:WALL-OUTER
G1 F3600 E1
G1 F2400 X-18.168 Y-4.75 E0.15743
G1 X-19.805 Y-2.779 E0.06232
G1 X-20.66 Y-1.682 E0.03383
G1 X-21.521 Y-.539 E0.0348
G1 X-22.735 Y1.144 E0.05047
G1 X-23.576 Y2.376 E0.03628
G1 X-24.75 Y4.178 E0.05231
G1 X-25.105 Y4.749 E0.01635
G1 X-19.393 Y4.75 E0.13892
G1 X-18.78 Y3.85 E0.02648
G1 X-18.066 Y2.851 E0.02986
G1 X-17.323 Y1.847 E0.03038
G1 X-16.552 Y0.844 E0.03077
G1 X-15.754 Y-.159 E0.03117
G1 X-15.191 Y-.846 E0.0216
G1 X-14.188 Y-2.026 E0.03767
G1 X-13.184 Y-3.162 E0.03687
G1 X-12.181 Y-4.246 E0.03592
G1 X-11.695 Y-4.75 E0.01703
G0 F12000 X-12.495 Y-4.75
G1 F3600 E-1
G0 F12000 X-12.495 Y-4.425
G0 X-22.539 Y1.289
G0 X-30.495 Y1.289
G0 X-36.305 Y3.974
G0 X-36.889 Y4.325
;TYPE:WALL-INNER
G1 F3600 E1
G1 F3664.9 X-30.675 Y4.325 E0.15113
G1 X-30.675 Y-4.325 E0.21038
G1 X-31.647 Y-4.325 E0.02364
G1 X-32.258 Y-3.429 E0.02638
G1 X-33.438 Y-1.62 E0.05253
G1 X-34.201 Y-.395 E0.0351
G1 X-35.31 Y1.47 E0.05277
G1 X-36.359 Y3.331 E0.05196
G1 X-36.889 Y4.325 E0.0274
G1 F3600 E-1
G0 F12000 X-37.592 Y4.75
;TYPE:WALL-OUTER
G1 F3600 E1
G1 F2400 X-30.25 Y4.75 E0.17857
G1 X-30.25 Y-4.75 E0.23105
G1 X-31.872 Y-4.75 E0.03945
G1 X-32.614 Y-3.662 E0.03203
G1 X-33.789 Y-1.861 E0.0523
G1 X-34.566 Y-.613 E0.03576
G1 X-35.68 Y1.261 E0.05302
G1 X-36.734 Y3.131 E0.05221
G1 X-37.592 Y4.75 E0.04456
G0 F12000 X-36.792 Y4.75
G0 X-35.813 Y3.898
G1 F3600 E-1
;MESH:NONMESH
G0 F600 X-35.813 Y3.898 Z44.11
G0 F12000 X-30.495 Y0.611
G0 X-22.539 Y1.289
G0 X-21.335 Y0.611
G0 X-21.448 Y0.529
;TIME_ELAPSED:1139.343421
;LAYER:337
;note -- min layer time used
;TYPE:FILL
;MESH:bridge_3a.stl
G1 F3600 E1
G1 F8691 X-20.859 Y0.00 E0.01925
G1 X-20.095 Y-.903 E0.02877
G1 X-19.796 Y-1.667 E0.01995
G1 X-18.799 Y-2.921 E0.03896
G1 X-17.964 Y-3.92 E0.03167
G1 X-14.227 Y-3.921 E0.09089
G1 X-14.084 Y-3.601 E0.00852
G1 X-14.802 Y-2.804 E0.02609
G1 X-15.746 Y-1.696 E0.0354
G1 X-16.575 Y-.686 E0.03178
G1 X-17.384 Y0.328 E0.03155
G1 X-18.163 Y1.349 E0.03123
G1 X-18.908 Y2.363 E0.0306
G1 X-19.625 Y3.365 E0.02997
G1 X-20.006 Y3.92 E0.01637
G1 X-23.424 Y3.92 E0.08313
G1 X-23.552 Y3.683 E0.00655
G1 X-23.522 Y3.552 E0.00327
G1 F3600 E-1
G0 F12000 X-13.658 Y-3.985
G0 X-12.877 Y-4.326
;TYPE:WALL-INNER
G1 F3600 E1
G1 F4497 X-18.152 Y-4.325 E0.1283
G1 X-19.109 Y-3.182 E0.03626
G1 X-19.603 Y-2.569 E0.01915
G1 X-20.422 Y-1.523 E0.03231
G1 X-21.266 Y-.405 E0.03407
G1 X-21.859 Y0.405 E0.02442
G1 X-22.568 Y1.401 E0.02973
G1 X-23.319 Y2.503 E0.03243
G1 X-24.106 Y3.698 E0.0348
G1 X-24.506 Y4.325 E0.01809
G1 X-19.792 Y4.325 E0.11465
G1 X-19.298 Y3.603 E0.02128
G1 X-18.58 Y2.599 E0.03002
G1 X-17.838 Y1.591 E0.03044
G1 X-17.064 Y0.574 E0.03108
G1 X-16.262 Y-.429 E0.03123
G1 X-15.434 Y-1.438 E0.03175
G1 X-14.503 Y-2.531 E0.03492
G1 X-13.493 Y-3.657 E0.03679
G1 X-12.877 Y-4.326 E0.02212
G1 F3600 E-1
G0 F12000 X-13.658 Y-3.985
G0 X-12.509 Y-4.486
G0 X-11.889 Y-4.75
;TYPE:WALL-OUTER
G1 F3600 E1
G1 F2400 X-18.351 Y-4.75 E0.15717
G1 X-19.439 Y-3.449 E0.04125
G1 X-19.938 Y-2.831 E0.01932
G1 X-20.761 Y-1.779 E0.03249
G1 X-21.616 Y-.646 E0.03452
G1 X-22.205 Y0.159 E0.02426
G1 X-22.919 Y1.161 E0.02992
G1 X-23.674 Y2.269 E0.03261
G1 X-24.465 Y3.469 E0.03496
G1 X-25.269 Y4.75 E0.03678
G1 X-19.568 Y4.75 E0.13866
G1 X-18.952 Y3.85 E0.02653
G1 X-18.238 Y2.851 E0.02986
G1 X-17.499 Y1.848 E0.0303
G1 X-16.732 Y0.839 E0.03083
G1 X-15.934 Y-.159 E0.03108
G1 X-15.111 Y-1.163 E0.03157
G1 X-14.187 Y-2.247 E0.03464
G1 X-13.18 Y-3.37 E0.03669
G1 X-12.441 Y-4.174 E0.02656
G1 X-11.889 Y-4.75 E0.0194
G0 F12000 X-12.689 Y-4.75
G0 X-13.978 Y-3.575
G1 F3600 E-1
G0 F12000 X-14.049 Y-3.639
G0 X-22.709 Y1.286
G0 X-30.495 Y1.286
G0 X-36.465 Y3.974
G0 X-37.046 Y4.324
;TYPE:WALL-INNER
G1 F3600 E1
G1 F4497 X-30.675 Y4.325 E0.15495
G1 X-30.675 Y-4.325 E0.21038
G1 X-31.819 Y-4.325 E0.02782
G1 X-32.359 Y-3.533 E0.02331
G1 X-33.601 Y-1.625 E0.05537
G1 X-34.304 Y-.502 E0.03222
G1 X-34.822 Y0.356 E0.02438
G1 X-35.405 Y1.351 E0.02805
G1 X-36.126 Y2.621 E0.03552
G1 X-37.046 Y4.324 E0.04708
G1 F3600 E-1
G0 F12000 X-37.751 Y4.75
;TYPE:WALL-OUTER
G1 F3600 E1
G1 F2400 X-30.25 Y4.75 E0.18244
G1 X-30.25 Y-4.75 E0.23105
G1 X-32.043 Y-4.75 E0.04361
G1 X-32.715 Y-3.765 E0.029
G1 X-33.962 Y-1.851 E0.05556
G1 X-34.668 Y-.721 E0.03241
G1 X-35.188 Y0.14 E0.02446
G1 X-35.775 Y1.141 E0.02822
G1 X-36.5 Y2.419 E0.03574
G1 X-37.751 Y4.75 E0.06434
G0 F12000 X-36.951 Y4.75
G0 X-35.973 Y3.898
G1 F3600 E-1
;MESH:NONMESH
G0 F600 X-35.973 Y3.898 Z44.24
G0 F12000 X-30.495 Y-2.029
G0 X-20.561 Y-1.645
G0 X-19.523 Y-2.029
G0 X-19.627 Y-2.112
;TIME_ELAPSED:1143.261555
;LAYER:338
;note -- min layer time used
;TYPE:FILL
;MESH:bridge_3a.stl
G1 F3600 E1
G1 F7730 X-19.635 Y-1.806 E0.00744
G1 X-19.946 Y-.903 E0.02323
G1 X-20.698 Y0.00 E0.02858
G1 X-21.75 Y0.903 E0.03372
G1 X-22.238 Y1.399 E0.01692
G1 X-23.315 Y2.957 E0.04607
G1 X-23.567 Y3.612 E0.01707
G1 X-23.616 Y3.878 E0.00658
G1 F3600 E-1
G0 F12000 X-13.846 Y-3.985
G0 X-13.074 Y-4.324
;TYPE:WALL-INNER
G1 F3600 E1
G1 F4176.7 X-18.34 Y-4.325 E0.12808
G1 X-19.212 Y-3.278 E0.03314
G1 X-20.08 Y-2.196 E0.03374
G1 X-21.303 Y-.592 E0.04906
G1 X-22.216 Y0.657 E0.03763
G1 X-23.416 Y2.39 E0.05127
G1 X-24.206 Y3.594 E0.03502
G1 X-24.673 Y4.325 E0.0211
G1 X-19.961 Y4.325 E0.1146
G1 X-19.471 Y3.609 E0.0211
G1 X-18.756 Y2.6 E0.03008
G1 X-17.532 Y0.951 E0.04995
G1 X-16.449 Y-.43 E0.04268
G1 X-15.618 Y-1.439 E0.03179
G1 X-14.506 Y-2.74 E0.04163
G1 X-13.87 Y-3.457 E0.02331
G1 X-13.074 Y-4.324 E0.02863
G1 F3600 E-1
G0 F12000 X-13.846 Y-3.985
G0 X-12.703 Y-4.486
G0 X-12.085 Y-4.75
;TYPE:WALL-OUTER
G1 F3600 E1
G1 F2400 X-18.539 Y-4.75 E0.15697
G1 X-19.543 Y-3.544 E0.03817
G1 X-20.432 Y-2.435 E0.03457
G1 X-21.656 Y-.828 E0.04913
G1 X-22.548 Y0.39 E0.03672
G1 X-23.771 Y2.157 E0.05227
G1 X-24.564 Y3.364 E0.03512
G1 X-25.437 Y4.75 E0.03984
G1 X-19.736 Y4.75 E0.13866
G1 X-19.124 Y3.855 E0.02637
G1 X-18.414 Y2.851 E0.02991
G1 X-17.197 Y1.213 E0.04963
G1 X-16.121 Y-.159 E0.04241
G1 X-15.295 Y-1.163 E0.03162
G1 X-14.188 Y-2.458 E0.04144
G1 X-13.557 Y-3.169 E0.02312
G1 X-12.637 Y-4.174 E0.03314
G1 X-12.085 Y-4.75 E0.0194
G0 F12000 X-12.885 Y-4.75
G0 X-14.166 Y-3.575
G1 F3600 E-1
G0 F12000 X-14.239 Y-3.641
G0 X-23.56 Y2.281
G0 X-30.495 Y2.281
G0 X-36.626 Y3.974
G0 X-37.214 Y4.325
;TYPE:WALL-INNER
G1 F3600 E1
G1 F4176.7 X-30.675 Y4.325 E0.15904
G1 X-30.675 Y-4.325 E0.21038
G1 X-31.989 Y-4.325 E0.03196
G1 X-33.253 Y-2.432 E0.05536
G1 X-34.406 Y-.602 E0.05261
G1 X-34.987 Y0.358 E0.02729
G1 X-35.563 Y1.338 E0.02765
G1 X-36.23 Y2.515 E0.0329
G1 X-37.214 Y4.325 E0.05011
G1 F3600 E-1
G0 F12000 X-37.911 Y4.75
;TYPE:WALL-OUTER
G1 F3600 E1
G1 F2400 X-30.25 Y4.75 E0.18633
G1 X-30.25 Y-4.75 E0.23105
G1 X-32.215 Y-4.75 E0.04779
G1 X-33.602 Y-2.676 E0.06068
G1 X-34.77 Y-.822 E0.05329
G1 X-35.353 Y0.142 E0.0274
G1 X-35.94 Y1.143 E0.02822
G1 X-36.602 Y2.31 E0.03263
G1 X-37.649 Y4.237 E0.05334
G1 X-37.911 Y4.75 E0.01401
G0 F12000 X-37.111 Y4.75
G0 X-36.134 Y3.898
G1 F3600 E-1
;MESH:NONMESH
G0 F600 X-36.134 Y3.898 Z44.37
G0 F12000 X-30.495 Y-2.368
G0 X-21.445 Y-.728
G0 X-19.433 Y-2.368
G0 X-19.537 Y-2.451
;TIME_ELAPSED:1147.052770
;LAYER:339
;note -- min layer time used
;TYPE:FILL
;MESH:bridge_3a.stl
G1 F3600 E1
G1 F7888.2 X-19.523 Y-1.806 E0.01569
G1 X-19.785 Y-.903 E0.02287
G1 X-20.525 Y0.00 E0.02839
G1 X-21.631 Y0.903 E0.03473
G1 X-22.581 Y1.806 E0.03188
G1 X-23.21 Y2.709 E0.02677
G1 X-23.596 Y3.612 E0.02388
G1 X-23.665 Y3.919 E0.00765
G1 F3600 E-1
G0 F12000 X-14.039 Y-3.985
G0 X-13.275 Y-4.325
;TYPE:WALL-INNER
G1 F3600 E1
G1 F4229.4 X-18.524 Y-4.324 E0.12766
G1 X-19.314 Y-3.38 E0.02994
G1 X-20.19 Y-2.282 E0.03416
G1 X-21.056 Y-1.157 E0.03453
G1 X-22.322 Y0.559 E0.05186
G1 X-23.125 Y1.711 E0.03415
G1 X-23.579 Y2.38 E0.01966
G1 X-24.304 Y3.486 E0.03216
G1 X-24.834 Y4.324 E0.02412
G1 X-20.133 Y4.325 E0.11434
G1 X-19.55 Y3.472 E0.02513
G1 X-18.929 Y2.601 E0.02602
G1 X-18.192 Y1.594 E0.03035
G1 X-17.53 Y0.713 E0.0268
G1 X-16.521 Y-.562 E0.03955
G1 X-15.512 Y-1.785 E0.03856
G1 X-14.503 Y-2.955 E0.03758
G1 X-13.275 Y-4.325 E0.04475
G1 F3600 E-1
G0 F12000 X-14.039 Y-3.985
G0 X-12.893 Y-4.486
G0 X-12.277 Y-4.75
;TYPE:WALL-OUTER
G1 F3600 E1
G1 F2400 X-18.723 Y-4.749 E0.15678
G1 X-19.646 Y-3.645 E0.035
G1 X-20.526 Y-2.542 E0.03432
G1 X-21.398 Y-1.41 E0.03475
G1 X-22.671 Y0.316 E0.05216
G1 X-23.476 Y1.471 E0.03424
G1 X-23.935 Y2.147 E0.01987
G1 X-24.669 Y3.267 E0.03257
G1 X-25.6 Y4.749 E0.04257
G1 X-19.909 Y4.75 E0.13841
G1 X-19.204 Y3.718 E0.0304
G1 X-18.586 Y2.852 E0.02588
G1 X-17.852 Y1.849 E0.03023
G1 X-17.197 Y0.976 E0.02654
G1 X-16.193 Y-.292 E0.03934
G1 X-15.19 Y-1.508 E0.03834
G1 X-14.187 Y-2.671 E0.03735
G1 X-13.182 Y-3.792 E0.03662
G1 X-12.277 Y-4.75 E0.03205
G0 F12000 X-13.077 Y-4.75
G0 X-14.358 Y-3.575
G1 F3600 E-1
G0 F12000 X-14.428 Y-3.638
G0 X-23.273 Y1.605
G0 X-30.495 Y1.605
G0 X-36.787 Y3.974
G0 X-37.372 Y4.324
;TYPE:WALL-INNER
G1 F3600 E1
G1 F4229.4 X-30.675 Y4.325 E0.16288
G1 X-30.675 Y-4.325 E0.21038
G1 X-32.162 Y-4.325 E0.03617
G1 X-33.356 Y-2.537 E0.05229
G1 X-34.118 Y-1.335 E0.03461
G1 X-35.144 Y0.346 E0.0479
G1 X-35.728 Y1.347 E0.02819
G1 X-36.29 Y2.337 E0.02769
G1 X-37.372 Y4.324 E0.05503
G1 F3600 E-1
G0 F12000 X-38.069 Y4.749
;TYPE:WALL-OUTER
G1 F3600 E1
G1 F2400 X-30.25 Y4.75 E0.19017
G1 X-30.25 Y-4.75 E0.23105
G1 X-32.387 Y-4.75 E0.05197
G1 X-33.715 Y-2.765 E0.05809
G1 X-34.488 Y-1.544 E0.03515
G1 X-35.522 Y0.152 E0.04831
G1 X-36.097 Y1.137 E0.02774
G1 X-36.662 Y2.131 E0.02781
G1 X-37.755 Y4.139 E0.0556
G1 X-38.069 Y4.749 E0.01669
G0 F12000 X-37.269 Y4.749
G0 X-36.295 Y3.898
G1 F3600 E-1
;MESH:NONMESH
G0 F600 X-36.295 Y3.898 Z44.5
G0 F12000 X-30.495 Y-2.662
G0 X-21.193 Y-1.282
G0 X-19.379 Y-2.662
G0 X-19.481 Y-2.745
;TIME_ELAPSED:1150.856931
;LAYER:340
;note -- min layer time used
;TYPE:FILL
;MESH:bridge_3a.stl
G1 F3600 E1
G1 F9042.4 X-19.471 Y-2.709 E0.00091
G1 X-19.403 Y-1.806 E0.02202
G1 X-19.611 Y-.903 E0.02254
G1 X-20.333 Y0.00 E0.02812
G1 X-21.505 Y0.903 E0.03598
G1 X-22.526 Y1.806 E0.03315
G1 X-23.204 Y2.709 E0.02746
G1 X-23.629 Y3.612 E0.02427
G1 X-23.712 Y3.919 E0.00773
G1 F3600 E-1
G0 F12000 X-14.228 Y-3.985
G0 X-13.46 Y-4.325
;TYPE:WALL-INNER
G1 F3600 E1
G1 F4614.1 X-18.71 Y-4.324 E0.12769
G1 X-19.41 Y-3.48 E0.02667
G1 X-20.291 Y-2.381 E0.03426
G1 X-21.157 Y-1.259 E0.03447
G1 X-22.388 Y0.413 E0.0505
G1 X-23.073 Y1.392 E0.02906
G1 X-23.748 Y2.381 E0.02912
G1 X-24.398 Y3.37 E0.02878
G1 X-25.003 Y4.324 E0.02748
G1 X-20.302 Y4.325 E0.11434
G1 X-19.816 Y3.611 E0.02101
G1 X-19.106 Y2.602 E0.03001
G1 X-18.37 Y1.591 E0.03041
G1 X-17.529 Y0.484 E0.03381
G1 X-16.52 Y-.787 E0.03947
G1 X-15.511 Y-2.006 E0.03849
G1 X-14.502 Y-3.173 E0.03752
G1 X-13.46 Y-4.325 E0.03778
G1 F3600 E-1
G0 F12000 X-14.228 Y-3.985
G0 X-13.089 Y-4.486
G0 X-12.475 Y-4.75
;TYPE:WALL-OUTER
G1 F3600 E1
G1 F2400 X-18.91 Y-4.749 E0.15651
G1 X-19.742 Y-3.746 E0.03169
G1 X-20.628 Y-2.641 E0.03445
G1 X-21.484 Y-1.533 E0.03405
G1 X-22.736 Y0.169 E0.05139
G1 X-23.424 Y1.153 E0.0292
G1 X-24.103 Y2.147 E0.02928
G1 X-24.757 Y3.143 E0.02898
G1 X-25.776 Y4.75 E0.04628
G1 X-20.077 Y4.75 E0.13861
G1 X-19.469 Y3.856 E0.0263
G1 X-18.763 Y2.852 E0.02985
G1 X-18.032 Y1.848 E0.03021
G1 X-17.196 Y0.748 E0.0336
G1 X-16.193 Y-.516 E0.03925
G1 X-15.19 Y-1.728 E0.03826
G1 X-14.186 Y-2.888 E0.03731
G1 X-13.183 Y-4 E0.03642
G1 X-12.475 Y-4.75 E0.02508
G0 F12000 X-13.275 Y-4.75
G0 X-14.548 Y-3.575
G1 F3600 E-1
G0 F12000 X-14.619 Y-3.639
G0 X-23.222 Y1.284
G0 X-30.495 Y1.284
G0 X-31.08 Y2.768
;TYPE:FILL
G1 F3600 E1
G1 F9042.4 X-31.096 Y2.709 E0.00149
G1 X-31.164 Y1.806 E0.02202
G1 X-31.08 Y1.441 E0.00911
G1 X-31.08 Y-3.92 E0.13039
G1 X-32.117 Y-3.92 E0.02522
G1 X-33.102 Y-2.439 E0.04326
G1 X-33.747 Y-1.43 E0.02913
G1 X-34.105 Y-.845 E0.01668
G1 F3600 E-1
G0 F12000 X-36.945 Y3.974
G0 X-37.523 Y4.325
;TYPE:WALL-INNER
G1 F3600 E1
G1 F4614.1 X-30.675 Y4.325 E0.16655
G1 X-30.675 Y-4.325 E0.21038
G1 X-32.333 Y-4.325 E0.04033
G1 X-33.438 Y-2.665 E0.0485
G1 X-34.104 Y-1.626 E0.03002
G1 X-35.363 Y0.433 E0.0587
G1 X-36.083 Y1.682 E0.03506
G1 X-37.139 Y3.593 E0.0531
G1 X-37.523 Y4.325 E0.0201
G1 F3600 E-1
G0 F12000 X-38.226 Y4.75
;TYPE:WALL-OUTER
G1 F3600 E1
G1 F2400 X-30.25 Y4.75 E0.19399
G1 X-30.25 Y-4.75 E0.23105
G1 X-32.559 Y-4.75 E0.05616
G1 X-33.165 Y-3.853 E0.02633
G1 X-34.466 Y-1.85 E0.05809
G1 X-35.731 Y0.221 E0.05902
G1 X-36.455 Y1.477 E0.03526
G1 X-37.515 Y3.395 E0.0533
G1 X-38.226 Y4.75 E0.03722
G0 F12000 X-37.426 Y4.75
G0 X-36.456 Y3.897
G1 F3600 E-1
;MESH:NONMESH
G0 F600 X-36.456 Y3.897 Z44.63
G0 F12000 X-30.495 Y-2.89
G0 X-20.428 Y-2.505
G0 X-19.376 Y-2.89
G0 X-19.474 Y-2.969
;TIME_ELAPSED:1154.863131
;LAYER:341
;note -- min layer time used
;TYPE:FILL
;MESH:bridge_3a.stl
G1 F3600 E1
G1 F9225 X-19.393 Y-2.709 E0.00662
G1 X-19.275 Y-1.806 E0.02215
G1 X-19.42 Y-.903 E0.02224
G1 X-20.116 Y0.00 E0.02773
G1 X-21.37 Y0.903 E0.03758
G1 X-22.473 Y1.806 E0.03467
G1 X-23.202 Y2.709 E0.02823
G1 X-23.667 Y3.612 E0.0247
G1 X-23.764 Y3.92 E0.00785
G1 F3600 E-1
G0 F12000 X-14.419 Y-3.985
G0 X-13.65 Y-4.324
;TYPE:WALL-INNER
G1 F3600 E1
G1 F4675 X-18.894 Y-4.325 E0.12754
G1 X-19.501 Y-3.589 E0.0232
G1 X-20.382 Y-2.493 E0.0342
G1 X-21.257 Y-1.365 E0.03472
G1 X-21.835 Y-.589 E0.02353
G1 X-22.514 Y0.347 E0.02812
G1 X-23.332 Y1.512 E0.03462
G1 X-23.919 Y2.378 E0.02545
G1 X-24.566 Y3.369 E0.02878
G1 X-25.173 Y4.325 E0.02754
G1 X-20.471 Y4.325 E0.11436
G1 X-19.952 Y3.559 E0.0225
G1 X-19.278 Y2.602 E0.02847
G1 X-18.535 Y1.58 E0.03073
G1 X-17.781 Y0.584 E0.03038
G1 X-16.994 Y-.424 E0.0311
G1 X-16.519 Y-1.013 E0.0184
G1 X-15.51 Y-2.223 E0.03832
G1 X-14.5 Y-3.386 E0.03746
G1 X-13.65 Y-4.324 E0.03079
G1 F3600 E-1
G0 F12000 X-14.419 Y-3.985
G0 X-13.286 Y-4.486
G0 X-12.671 Y-4.75
;TYPE:WALL-OUTER
G1 F3600 E1
G1 F2400 X-19.094 Y-4.75 E0.15622
G1 X-19.833 Y-3.855 E0.02823
G1 X-20.727 Y-2.741 E0.03474
G1 X-21.597 Y-1.619 E0.03453
G1 X-22.179 Y-.839 E0.02367
G1 X-22.861 Y0.102 E0.02827
G1 X-23.684 Y1.274 E0.03483
G1 X-24.274 Y2.145 E0.02559
G1 X-24.924 Y3.141 E0.02893
G1 X-25.644 Y4.275 E0.03267
G1 X-25.932 Y4.75 E0.01351
G1 X-20.245 Y4.75 E0.13832
G1 X-19.556 Y3.733 E0.02988
G1 X-18.935 Y2.852 E0.02622
G1 X-18.196 Y1.837 E0.03054
G1 X-17.446 Y0.846 E0.03023
G1 X-16.663 Y-.157 E0.03095
G1 X-16.193 Y-.741 E0.01823
G1 X-15.189 Y-1.944 E0.03811
G1 X-14.186 Y-3.1 E0.03722
G1 X-13.182 Y-4.208 E0.03637
G1 X-12.671 Y-4.75 E0.01812
G0 F12000 X-13.471 Y-4.75
G0 X-14.739 Y-3.575
G1 F3600 E-1
G0 F12000 X-14.811 Y-3.639
G0 X-23.476 Y1.403
G0 X-30.495 Y1.403
G0 X-31.08 Y3.009
;TYPE:FILL
G1 F3600 E1
G1 F9225 X-31.174 Y2.709 E0.00765
G1 X-31.292 Y1.806 E0.02215
G1 X-31.147 Y0.903 E0.02224
G1 X-31.08 Y0.816 E0.00267
G1 X-31.08 Y-3.92 E0.11519
G1 X-32.29 Y-3.92 E0.02943
G1 X-33.291 Y-2.405 E0.04416
G1 X-33.741 Y-1.697 E0.0204
G1 X-33.868 Y-.903 E0.01956
G1 X-34.564 Y0.00 E0.02773
G1 X-34.959 Y0.284 E0.01183
G1 F3600 E-1
G0 F12000 X-37.104 Y3.974
G0 X-37.682 Y4.325
;TYPE:WALL-INNER
G1 F3600 E1
G1 F4675 X-30.675 Y4.325 E0.17042
G1 X-30.675 Y-4.325 E0.21038
G1 X-32.505 Y-4.325 E0.04451
G1 X-32.982 Y-3.619 E0.02072
G1 X-33.633 Y-2.622 E0.02896
G1 X-34.329 Y-1.526 E0.03158
G1 X-34.881 Y-.634 E0.02551
G1 X-35.48 Y0.359 E0.02821
G1 X-36.057 Y1.348 E0.02785
G1 X-36.613 Y2.335 E0.02755
G1 X-37.243 Y3.484 E0.03187
G1 X-37.682 Y4.325 E0.02307
G1 F3600 E-1
G0 F12000 X-38.383 Y4.75
;TYPE:WALL-OUTER
G1 F3600 E1
G1 F2400 X-30.25 Y4.75 E0.19781
G1 X-30.25 Y-4.75 E0.23105
G1 X-32.731 Y-4.75 E0.06034
G1 X-33.337 Y-3.852 E0.02635
G1 X-33.992 Y-2.85 E0.02912
G1 X-34.684 Y-1.763 E0.03134
G1 X-35.847 Y0.145 E0.05435
G1 X-36.427 Y1.139 E0.02799
G1 X-36.985 Y2.131 E0.02768
G1 X-37.62 Y3.287 E0.03208
G1 X-38.383 Y4.75 E0.04013
G0 F12000 X-37.583 Y4.75
G0 X-36.805 Y3.575
G1 F3600 E-1
;MESH:NONMESH
G0 F600 X-36.805 Y3.575 Z44.76
G0 F12000 X-30.495 Y-3.11
G0 X-20.53 Y-2.605
G0 X-19.38 Y-3.11
G0 X-19.484 Y-3.195
;TIME_ELAPSED:1158.928283
;LAYER:342
;note -- min layer time used
;TYPE:FILL
;MESH:bridge_3a.stl
G1 F3600 E1
G1 F9401.1 X-19.309 Y-2.709 E0.01256
G1 X-19.138 Y-1.806 E0.02235
G1 X-19.207 Y-.903 E0.02203
G1 X-19.864 Y0.00 E0.02716
G1 X-21.223 Y0.903 E0.03968
G1 X-22.421 Y1.806 E0.03649
G1 X-23.205 Y2.709 E0.02908
G1 X-23.709 Y3.612 E0.02515
G1 X-23.82 Y3.919 E0.00794
G1 F3600 E-1
G0 F12000 X-14.612 Y-3.985
G0 X-13.841 Y-4.325
;TYPE:WALL-INNER
G1 F3600 E1
G1 F4733.7 X-19.08 Y-4.325 E0.12742
G1 X-20.06 Y-3.131 E0.03757
G1 X-21.35 Y-1.475 E0.05105
G1 X-22.732 Y0.407 E0.05679
G1 X-23.432 Y1.408 E0.02971
G1 X-24.246 Y2.617 E0.03545
G1 X-25.34 Y4.324 E0.04931
G1 X-20.643 Y4.325 E0.11424
G1 X-20.162 Y3.612 E0.02092
G1 X-19.454 Y2.602 E0.03
G1 X-18.718 Y1.592 E0.03039
G1 X-17.527 Y0.021 E0.04795
G1 X-16.358 Y-1.434 E0.04539
G1 X-15.516 Y-2.437 E0.03185
G1 X-14.501 Y-3.598 E0.03751
G1 X-13.841 Y-4.325 E0.02388
G1 F3600 E-1
G0 F12000 X-14.612 Y-3.985
G0 X-13.477 Y-4.486
G0 X-12.862 Y-4.75
;TYPE:WALL-OUTER
G1 F3600 E1
G1 F2400 X-19.281 Y-4.75 E0.15612
G1 X-20.394 Y-3.392 E0.0427
G1 X-21.706 Y-1.708 E0.05192
G1 X-23.08 Y0.163 E0.05646
G1 X-23.784 Y1.17 E0.02988
G1 X-24.595 Y2.374 E0.03531
G1 X-25.749 Y4.176 E0.05204
G1 X-26.098 Y4.749 E0.01632
G1 X-20.417 Y4.75 E0.13817
G1 X-19.813 Y3.856 E0.02624
G1 X-19.111 Y2.852 E0.0298
G1 X-18.38 Y1.848 E0.03021
G1 X-17.195 Y0.287 E0.04767
G1 X-16.032 Y-1.161 E0.04517
G1 X-15.197 Y-2.157 E0.03161
G1 X-14.186 Y-3.312 E0.03733
G1 X-13.406 Y-4.172 E0.02824
G1 X-12.862 Y-4.75 E0.0193
G0 F12000 X-13.662 Y-4.75
G0 X-14.932 Y-3.575
G1 F3600 E-1
G0 F12000 X-15 Y-3.635
G0 X-23.578 Y1.3
G0 X-30.495 Y1.3
G0 X-31.08 Y3.204
;TYPE:FILL
G1 F3600 E1
G1 F9401.1 X-31.258 Y2.709 E0.01279
G1 X-31.429 Y1.806 E0.02235
G1 X-31.36 Y0.903 E0.02203
G1 X-31.08 Y0.518 E0.01158
G1 X-31.08 Y-3.92 E0.10794
G1 X-32.461 Y-3.92 E0.03359
G1 X-33.645 Y-2.116 E0.05248
G1 X-33.586 Y-1.806 E0.00767
G1 X-33.655 Y-.903 E0.02203
G1 X-34.312 Y0.00 E0.02716
G1 X-35.37 Y0.703 E0.03089
G1 F3600 E-1
G0 F12000 X-37.262 Y3.974
G0 X-37.842 Y4.325
;TYPE:WALL-INNER
G1 F3600 E1
G1 F4733.7 X-30.675 Y4.325 E0.17431
G1 X-30.675 Y-4.325 E0.21038
G1 X-32.676 Y-4.325 E0.04867
G1 X-33.154 Y-3.616 E0.0208
G1 X-33.802 Y-2.625 E0.0288
G1 X-34.435 Y-1.629 E0.0287
G1 X-35.19 Y-.4 E0.03508
G1 X-35.641 Y0.354 E0.02137
G1 X-36.295 Y1.477 E0.03161
G1 X-37.321 Y3.328 E0.05147
G1 X-37.842 Y4.325 E0.02736
G1 F3600 E-1
G0 F12000 X-38.543 Y4.75
;TYPE:WALL-OUTER
G1 F3600 E1
G1 F2400 X-30.25 Y4.75 E0.2017
G1 X-30.25 Y-4.75 E0.23105
G1 X-32.902 Y-4.75 E0.0645
G1 X-33.509 Y-3.848 E0.02644
G1 X-34.161 Y-2.853 E0.02893
G1 X-34.797 Y-1.851 E0.02886
G1 X-35.555 Y-.618 E0.0352
G1 X-36.667 Y1.271 E0.05331
G1 X-37.697 Y3.131 E0.05171
G1 X-38.543 Y4.75 E0.04443
G0 F12000 X-37.743 Y4.75
G0 X-36.963 Y3.575
G1 F3600 E-1
;MESH:NONMESH
G0 F600 X-36.963 Y3.575 Z44.89
G0 F12000 X-30.495 Y-3.311
G0 X-21.497 Y-1.583
G0 X-19.396 Y-3.311
G0 X-19.498 Y-3.395
;TIME_ELAPSED:1163.052825
;LAYER:343
;TYPE:FILL
;MESH:bridge_3a.stl
G1 F3600 E1
G1 F9600 X-19.22 Y-2.709 E0.018
G1 X-18.991 Y-1.806 E0.02266
G1 X-18.966 Y-.903 E0.02197
G1 X-19.554 Y0.00 E0.02621
G1 X-21.058 Y0.903 E0.04267
G1 X-22.371 Y1.806 E0.03876
G1 X-23.212 Y2.709 E0.03001
G1 X-23.757 Y3.612 E0.02565
G1 X-23.882 Y3.92 E0.00808
G1 F3600 E-1
G0 F12000 X-14.8 Y-3.985
G0 X-14.032 Y-4.325
;TYPE:WALL-INNER
G1 F3600 E1
G1 F4800 X-19.261 Y-4.324 E0.12718
G1 X-20.158 Y-3.232 E0.03437
G1 X-21.449 Y-1.576 E0.05107
G1 X-22.184 Y-.588 E0.02995
G1 X-23.13 Y0.727 E0.0394
G1 X-24.33 Y2.49 E0.05187
G1 X-25.108 Y3.69 E0.03478
G1 X-25.505 Y4.325 E0.01821
G1 X-20.812 Y4.325 E0.11414
G1 X-20.333 Y3.611 E0.02091
G1 X-19.544 Y2.489 E0.03336
G1 X-18.895 Y1.589 E0.02699
G1 X-18.139 Y0.587 E0.03053
G1 X-17.382 Y-.392 E0.0301
G1 X-16.541 Y-1.435 E0.03259
G1 X-15.505 Y-2.664 E0.03909
G1 X-14.818 Y-3.452 E0.02543
G1 X-14.032 Y-4.325 E0.02857
G1 F3600 E-1
G0 F12000 X-14.8 Y-3.985
G0 X-13.669 Y-4.486
G0 X-13.058 Y-4.75
;TYPE:WALL-OUTER
G1 F3600 E1
G1 F2400 X-19.461 Y-4.749 E0.15573
G1 X-20.477 Y-3.515 E0.03888
G1 X-21.79 Y-1.83 E0.05195
G1 X-22.529 Y-.837 E0.03011
G1 X-23.479 Y0.485 E0.03959
G1 X-24.687 Y2.258 E0.05218
G1 X-25.468 Y3.464 E0.03495
G1 X-26.262 Y4.75 E0.03676
G1 X-20.586 Y4.75 E0.13805
G1 X-19.985 Y3.856 E0.0262
G1 X-19.199 Y2.737 E0.03326
G1 X-18.556 Y1.845 E0.02674
G1 X-17.802 Y0.847 E0.03042
G1 X-17.051 Y-.125 E0.02987
G1 X-16.216 Y-1.162 E0.03238
G1 X-15.185 Y-2.385 E0.0389
G1 X-14.502 Y-3.168 E0.02527
G1 X-13.599 Y-4.171 E0.03282
G1 X-13.058 Y-4.75 E0.01927
G0 F12000 X-13.858 Y-4.75
G0 X-15.12 Y-3.575
G1 F3600 E-1
G0 F12000 X-15.19 Y-3.636
G0 X-23.735 Y1.281
G0 X-30.495 Y1.281
G0 X-31.08 Y3.368
;TYPE:FILL
G1 F3600 E1
G1 F9600 X-31.347 Y2.709 E0.01729
G1 X-31.576 Y1.806 E0.02266
G1 X-31.601 Y0.903 E0.02197
G1 X-31.08 Y0.103 E0.02322
G1 X-31.08 Y-3.92 E0.09785
G1 X-32.629 Y-3.92 E0.03767
G1 X-33.601 Y-2.444 E0.04298
G1 X-33.439 Y-1.806 E0.01601
G1 X-33.414 Y-.903 E0.02197
G1 X-34.002 Y0.00 E0.02621
G1 X-35.506 Y0.903 E0.04267
G1 X-35.75 Y1.071 E0.00721
G1 F3600 E-1
G0 F12000 X-37.424 Y3.974
G0 X-38.011 Y4.325
;TYPE:WALL-INNER
G1 F3600 E1
G1 F4800 X-30.675 Y4.325 E0.17842
G1 X-30.675 Y-4.325 E0.21038
G1 X-32.844 Y-4.325 E0.05275
G1 X-33.369 Y-3.544 E0.02289
G1 X-33.971 Y-2.623 E0.02676
G1 X-35.296 Y-.497 E0.06093
G1 X-36.398 Y1.372 E0.05277
G1 X-37.103 Y2.636 E0.0352
G1 X-38.011 Y4.325 E0.04664
G1 F3600 E-1
G0 F12000 X-38.706 Y4.75
;TYPE:WALL-OUTER
G1 F3600 E1
G1 F2400 X-30.25 Y4.75 E0.20566
G1 X-30.25 Y-4.75 E0.23105
G1 X-33.07 Y-4.75 E0.06859
G1 X-33.725 Y-3.776 E0.02855
G1 X-34.33 Y-2.85 E0.0269
G1 X-35.661 Y-.715 E0.06119
G1 X-36.769 Y1.164 E0.05305
G1 X-37.477 Y2.435 E0.03539
G1 X-38.38 Y4.116 E0.04641
G1 X-38.706 Y4.75 E0.01734
G0 F12000 X-37.906 Y4.75
G0 X-36.932 Y3.898
G1 F3600 E-1
;MESH:NONMESH
G0 F600 X-36.932 Y3.898 Z45.02
G0 F12000 X-30.495 Y-3.506
G0 X-21.581 Y-1.704
G0 X-19.42 Y-3.506
G0 X-19.524 Y-3.592
;TIME_ELAPSED:1167.203468
;LAYER:344
;TYPE:FILL
;MESH:bridge_3a.stl
G1 F3600 E1
G1 F9600 X-19.124 Y-2.709 E0.02358
G1 X-18.832 Y-1.806 E0.02308
G1 X-18.686 Y-.903 E0.02225
G1 X-19.134 Y0.00 E0.02452
G1 X-20.866 Y0.903 E0.04751
G1 X-22.322 Y1.806 E0.04167
G1 X-23.224 Y2.709 E0.03104
G1 X-23.81 Y3.612 E0.02618
G1 X-23.949 Y3.919 E0.0082
G1 F3600 E-1
G0 F12000 X-14.99 Y-3.984
G0 X-14.235 Y-4.325
;TYPE:WALL-INNER
G1 F3600 E1
G1 F4800 X-19.448 Y-4.325 E0.12679
G1 X-20.28 Y-3.306 E0.032
G1 X-21.134 Y-2.222 E0.03356
G1 X-22.406 Y-.525 E0.05158
G1 X-23.229 Y0.623 E0.03435
G1 X-23.761 Y1.391 E0.02272
G1 X-24.426 Y2.38 E0.02899
G1 X-25.207 Y3.586 E0.03495
G1 X-25.663 Y4.324 E0.0211
G1 X-20.981 Y4.325 E0.11387
G1 X-20.506 Y3.612 E0.02084
G1 X-19.801 Y2.606 E0.02988
G1 X-19.072 Y1.59 E0.03041
G1 X-18.318 Y0.586 E0.03054
G1 X-17.525 Y-.437 E0.03148
G1 X-16.722 Y-1.43 E0.03106
G1 X-15.507 Y-2.878 E0.04597
G1 X-14.235 Y-4.325 E0.04686
G1 F3600 E-1
G0 F12000 X-14.99 Y-3.984
G0 X-13.856 Y-4.485
G0 X-13.249 Y-4.75
;TYPE:WALL-OUTER
G1 F3600 E1
G1 F2400 X-19.649 Y-4.75 E0.15566
G1 X-20.614 Y-3.57 E0.03707
G1 X-21.474 Y-2.477 E0.03383
G1 X-22.751 Y-.773 E0.05179
G1 X-23.578 Y0.381 E0.03453
G1 X-24.113 Y1.154 E0.02286
G1 X-24.782 Y2.149 E0.02916
G1 X-25.569 Y3.362 E0.03517
G1 X-26.425 Y4.749 E0.03964
G1 X-20.754 Y4.75 E0.13793
G1 X-20.157 Y3.856 E0.02615
G1 X-19.456 Y2.854 E0.02974
G1 X-18.732 Y1.845 E0.0302
G1 X-17.982 Y0.846 E0.03038
G1 X-17.195 Y-.17 E0.03126
G1 X-16.396 Y-1.157 E0.03089
G1 X-15.188 Y-2.598 E0.04573
G1 X-14.184 Y-3.738 E0.03695
G1 X-13.249 Y-4.75 E0.03351
G0 F12000 X-14.049 Y-4.75
G0 X-15.309 Y-3.575
G1 F3600 E-1
G0 F12000 X-15.376 Y-3.635
G0 X-23.906 Y1.281
G0 X-30.495 Y1.281
G0 X-31.08 Y3.51
;TYPE:FILL
G1 F3600 E1
G1 F9600 X-31.443 Y2.709 E0.02139
G1 X-31.735 Y1.806 E0.02308
G1 X-31.881 Y0.903 E0.02225
G1 X-31.433 Y0.00 E0.02452
G1 X-31.08 Y-.184 E0.00968
G1 X-31.08 Y-3.92 E0.09087
G1 X-32.796 Y-3.92 E0.04174
G1 X-33.58 Y-2.727 E0.03472
G1 X-33.28 Y-1.806 E0.02356
G1 X-33.134 Y-.903 E0.02225
G1 X-33.582 Y0.00 E0.02452
G1 X-35.314 Y0.903 E0.04751
G1 X-36.101 Y1.391 E0.02252
G1 F3600 E-1
G0 F12000 X-37.587 Y3.974
G0 X-38.169 Y4.324
;TYPE:WALL-INNER
G1 F3600 E1
G1 F4800 X-30.675 Y4.325 E0.18227
G1 X-30.675 Y-4.325 E0.21038
G1 X-33.015 Y-4.325 E0.05691
G1 X-34.257 Y-2.436 E0.05498
G1 X-35.382 Y-.626 E0.05183
G1 X-35.971 Y0.358 E0.02789
G1 X-36.544 Y1.348 E0.02782
G1 X-37.208 Y2.533 E0.03304
G1 X-38.169 Y4.324 E0.04943
G1 F3600 E-1
G0 F12000 X-38.864 Y4.75
;TYPE:WALL-OUTER
G1 F3600 E1
G1 F2400 X-30.25 Y4.75 E0.20951
G1 X-30.25 Y-4.75 E0.23105
G1 X-33.242 Y-4.75 E0.07277
G1 X-34.605 Y-2.681 E0.06026
G1 X-35.746 Y-.844 E0.0526
G1 X-36.338 Y0.145 E0.02803
G1 X-36.906 Y1.124 E0.02753
G1 X-37.581 Y2.329 E0.03359
G1 X-38.014 Y3.124 E0.02202
G1 X-38.623 Y4.274 E0.03165
G1 X-38.864 Y4.75 E0.01298
G0 F12000 X-38.064 Y4.75
G0 X-37.287 Y3.575
G1 F3600 E-1
;MESH:NONMESH
G0 F600 X-37.287 Y3.575 Z45.15
G0 F12000 X-30.495 Y-3.641
G0 X-20.392 Y-3.461
G0 X-19.494 Y-3.641
G0 X-19.598 Y-3.727
;TIME_ELAPSED:1171.368130
;LAYER:345
;TYPE:FILL
;MESH:bridge_3a.stl
G1 F3600 E1
G1 F9600 X-18.963 Y-2.572 E0.03206
G1 X-18.214 Y-.439 E0.05498
G1 X-18.714 Y0.21 E0.01993
G1 X-19.866 Y0.602 E0.0296
G1 X-20.769 Y0.962 E0.02364
G1 X-21.672 Y1.415 E0.02457
G1 X-22.575 Y2.041 E0.02672
G1 X-23.478 Y3.01 E0.03221
G1 X-23.978 Y3.92 E0.02525
G1 F3600 E-1
G0 F12000 X-15.178 Y-3.984
G0 X-14.416 Y-4.325
;TYPE:WALL-INNER
G1 F3600 E1
G1 F4800 X-19.632 Y-4.325 E0.12686
G1 X-20.357 Y-3.438 E0.02786
G1 X-21.232 Y-2.325 E0.03443
G1 X-22.084 Y-1.198 E0.03436
G1 X-23.324 Y0.51 E0.05133
G1 X-24.14 Y1.699 E0.03507
G1 X-25.314 Y3.489 E0.05206
G1 X-25.837 Y4.325 E0.02398
G1 X-21.152 Y4.325 E0.11395
G1 X-20.675 Y3.614 E0.02082
G1 X-19.973 Y2.607 E0.02986
G1 X-19.249 Y1.595 E0.03026
G1 X-18.531 Y0.635 E0.02916
G1 X-17.714 Y-.424 E0.03253
G1 X-16.515 Y-1.91 E0.04644
G1 X-15.515 Y-3.086 E0.03754
G1 X-14.416 Y-4.325 E0.04028
G1 F3600 E-1
G0 F12000 X-15.178 Y-3.984
G0 X-14.051 Y-4.485
G0 X-13.445 Y-4.75
;TYPE:WALL-OUTER
G1 F3600 E1
G1 F2400 X-19.833 Y-4.75 E0.15537
G1 X-20.691 Y-3.701 E0.03296
G1 X-21.558 Y-2.599 E0.0341
G1 X-22.415 Y-1.467 E0.03453
G1 X-23.671 Y0.265 E0.05204
G1 X-24.496 Y1.466 E0.03544
G1 X-25.674 Y3.264 E0.05228
G1 X-26.597 Y4.75 E0.04255
G1 X-20.926 Y4.75 E0.13793
G1 X-20.326 Y3.857 E0.02617
G1 X-19.628 Y2.854 E0.02972
G1 X-18.909 Y1.85 E0.03003
G1 X-18.195 Y0.895 E0.029
G1 X-17.383 Y-.158 E0.03234
G1 X-16.191 Y-1.634 E0.04614
G1 X-15.188 Y-2.814 E0.03767
G1 X-14.184 Y-3.95 E0.03687
G1 X-13.445 Y-4.75 E0.02649
G0 F12000 X-14.245 Y-4.75
G0 X-15.695 Y-4.015
G1 F3600 E-1
G0 F12000 X-15.695 Y-3.925
G0 X-22.223 Y-1.32
G0 X-30.495 Y-1.32
G0 X-31.08 Y-.472
;TYPE:FILL
G1 F3600 E1
G1 F9600 X-31.605 Y-.291 E0.01351
G1 X-33.411 Y0.29 E0.04614
G1 X-34.314 Y0.602 E0.02324
G1 X-35.217 Y0.962 E0.02364
G1 X-36.12 Y1.415 E0.02457
G1 X-36.371 Y1.589 E0.00743
G1 X-35.901 Y0.758 E0.02322
G1 X-34.784 Y-1.104 E0.05281
G1 X-33.964 Y-2.406 E0.03742
G1 X-33.614 Y-2.941 E0.01555
G1 X-33.411 Y-2.572 E0.01024
G1 X-31.605 Y2.571 E0.13257
G1 X-31.08 Y3.526 E0.02651
G1 F3600 E-1
G0 F12000 X-37.747 Y3.974
G0 X-38.33 Y4.324
;TYPE:WALL-INNER
G1 F3600 E1
G1 F4800 X-30.675 Y4.325 E0.18618
G1 X-30.675 Y-4.325 E0.21038
G1 X-33.188 Y-4.325 E0.06112
G1 X-33.656 Y-3.628 E0.02042
G1 X-34.305 Y-2.627 E0.02902
G1 X-35.117 Y-1.338 E0.03705
G1 X-36.248 Y0.548 E0.05349
G1 X-37.314 Y2.433 E0.05267
G1 X-37.799 Y3.323 E0.02465
G1 X-38.33 Y4.324 E0.02756
G1 F3600 E-1
G0 F12000 X-39.024 Y4.749
;TYPE:WALL-OUTER
G1 F3600 E1
G1 F2400 X-30.25 Y4.75 E0.2134
G1 X-30.25 Y-4.75 E0.23105
G1 X-33.414 Y-4.75 E0.07695
G1 X-34.011 Y-3.862 E0.02602
G1 X-34.664 Y-2.853 E0.02923
G1 X-35.479 Y-1.561 E0.03715
G1 X-36.618 Y0.339 E0.05388
G1 X-37.687 Y2.23 E0.05283
G1 X-38.727 Y4.166 E0.05345
G1 X-39.024 Y4.749 E0.01591
G0 F12000 X-38.224 Y4.749
G0 X-37.447 Y3.575
G1 F3600 E-1
;MESH:NONMESH
G0 F600 X-37.447 Y3.575 Z45.28
G0 F12000 X-30.495 Y-3.812
G0 X-20.491 Y-3.561
G0 X-19.536 Y-3.812
G0 X-19.64 Y-3.898
;TIME_ELAPSED:1175.479692
;LAYER:346
;TYPE:FILL
;MESH:bridge_3a.stl
G1 F3600 E1
G1 F9600 X-18.963 Y-2.807 E0.03123
G1 X-18.06 Y-1.075 E0.04751
G1 X-17.947 Y-1.019 E0.00307
G1 X-18.854 Y0.156 E0.0361
G1 X-19.239 Y0.671 E0.01564
G1 X-19.866 Y0.772 E0.01545
G1 X-20.769 Y1.064 E0.02308
G1 X-21.672 Y1.473 E0.02411
G1 X-22.575 Y2.059 E0.02618
G1 X-23.478 Y2.961 E0.03104
G1 X-24.072 Y3.919 E0.02742
G1 F3600 E-1
G0 F12000 X-15.368 Y-3.985
G0 X-14.607 Y-4.325
;TYPE:WALL-INNER
G1 F3600 E1
G1 F4800 X-19.815 Y-4.325 E0.12667
G1 X-20.435 Y-3.564 E0.02387
G1 X-21.331 Y-2.425 E0.03525
G1 X-22.183 Y-1.305 E0.03423
G1 X-22.71 Y-.59 E0.0216
G1 X-23.376 Y0.342 E0.02786
G1 X-24.239 Y1.594 E0.03698
G1 X-24.764 Y2.378 E0.02295
G1 X-25.404 Y3.367 E0.02865
G1 X-26.001 Y4.323 E0.02741
G1 X-21.321 Y4.325 E0.11382
G1 X-20.847 Y3.615 E0.02076
G1 X-20.189 Y2.664 E0.02813
G1 X-19.425 Y1.595 E0.03196
G1 X-18.53 Y0.399 E0.03633
G1 X-17.895 Y-.423 E0.02526
G1 X-16.514 Y-2.131 E0.05342
G1 X-15.506 Y-3.312 E0.03776
G1 X-14.607 Y-4.325 E0.03294
G1 F3600 E-1
G0 F12000 X-15.368 Y-3.985
G0 X-14.247 Y-4.485
G0 X-13.639 Y-4.75
;TYPE:WALL-OUTER
G1 F3600 E1
G1 F2400 X-20.017 Y-4.75 E0.15512
G1 X-20.769 Y-3.827 E0.02896
G1 X-21.67 Y-2.682 E0.03544
G1 X-22.524 Y-1.558 E0.03433
G1 X-23.056 Y-.837 E0.02179
G1 X-23.722 Y0.095 E0.02786
G1 X-24.593 Y1.357 E0.03729
G1 X-25.121 Y2.147 E0.02311
G1 X-25.764 Y3.142 E0.02881
G1 X-26.76 Y4.749 E0.04598
G1 X-21.094 Y4.75 E0.13781
G1 X-20.498 Y3.857 E0.02611
G1 X-19.8 Y2.85 E0.0298
G1 X-19.085 Y1.85 E0.0299
G1 X-18.196 Y0.66 E0.03613
G1 X-17.563 Y-.157 E0.02514
G1 X-16.191 Y-1.855 E0.05309
G1 X-15.188 Y-3.03 E0.03757
G1 X-14.184 Y-4.162 E0.0368
G1 X-13.639 Y-4.75 E0.0195
G0 F12000 X-14.439 Y-4.75
G0 X-15.687 Y-3.575
G1 F3600 E-1
G0 F12000 X-15.755 Y-3.636
G0 X-22.324 Y-1.421
G0 X-30.495 Y-1.421
G0 X-31.08 Y-.712
;TYPE:FILL
G1 F3600 E1
G1 F9600 X-31.605 Y-.627 E0.01294
G1 X-32.508 Y-1.075 E0.02452
G1 X-33.411 Y-2.807 E0.04751
G1 X-33.638 Y-3.172 E0.01045
G1 X-34.758 Y-1.409 E0.0508
G1 X-35.955 Y0.573 E0.05631
G1 X-36.679 Y1.836 E0.03541
G1 X-36.12 Y1.473 E0.01621
G1 X-35.217 Y1.064 E0.02411
G1 X-34.314 Y0.772 E0.02308
G1 X-33.411 Y0.626 E0.02225
G1 X-32.508 Y1.074 E0.02452
G1 X-31.605 Y2.806 E0.04751
G1 X-31.08 Y3.653 E0.02424
G1 F3600 E-1
G0 F12000 X-37.905 Y3.973
G0 X-38.482 Y4.325
;TYPE:WALL-INNER
G1 F3600 E1
G1 F4800 X-30.675 Y4.325 E0.18988
G1 X-30.675 Y-4.325 E0.21038
G1 X-33.357 Y-4.325 E0.06523
G1 X-34.095 Y-3.213 E0.03246
G1 X-35.103 Y-1.622 E0.04581
G1 X-36.302 Y0.363 E0.0564
G1 X-36.873 Y1.349 E0.02771
G1 X-37.415 Y2.323 E0.02711
G1 X-38.113 Y3.608 E0.03557
G1 X-38.482 Y4.325 E0.01961
G1 F3600 E-1
G0 F12000 X-39.178 Y4.75
;TYPE:WALL-OUTER
G1 F3600 E1
G1 F2400 X-30.25 Y4.75 E0.21714
G1 X-30.25 Y-4.75 E0.23105
G1 X-33.585 Y-4.75 E0.08111
G1 X-34.454 Y-3.441 E0.03821
G1 X-35.467 Y-1.842 E0.04604
G1 X-36.669 Y0.15 E0.05659
G1 X-37.244 Y1.142 E0.02789
G1 X-37.788 Y2.12 E0.02722
G1 X-38.49 Y3.413 E0.03578
G1 X-39.178 Y4.75 E0.03657
G0 F12000 X-38.378 Y4.75
G0 X-37.416 Y3.895
G1 F3600 E-1
;MESH:NONMESH
G0 F600 X-37.416 Y3.895 Z45.41
G0 F12000 X-30.495 Y-3.92
G0 X-21.469 Y-2.55
G0 X-19.596 Y-3.92
;TIME_ELAPSED:1179.677176
;LAYER:347
;TYPE:FILL
;MESH:bridge_3a.stl
G1 F3600 E1
G1 F9600 X-18.963 Y-2.999 E0.02718
G1 X-18.06 Y-1.495 E0.04267
G1 X-17.848 Y-1.357 E0.00615
G1 X-18.391 Y-.678 E0.02115
G1 X-19.172 Y0.341 E0.03123
G1 X-19.604 Y0.924 E0.01765
G1 X-19.866 Y0.931 E0.00637
G1 X-20.769 Y1.16 E0.02266
G1 X-21.672 Y1.526 E0.0237
G1 X-22.575 Y2.071 E0.02565
G1 X-23.478 Y2.912 E0.03001
G1 X-24.171 Y3.919 E0.02973
G1 F3600 E-1
G0 F12000 X-15.557 Y-3.985
G0 X-14.799 Y-4.325
;TYPE:WALL-INNER
G1 F3600 E1
G1 F4800 X-19.997 Y-4.325 E0.12642
G1 X-20.996 Y-3.088 E0.03867
G1 X-21.398 Y-2.575 E0.01585
G1 X-22.288 Y-1.402 E0.03581
G1 X-23.126 Y-.254 E0.03457
G1 X-24.347 Y1.5 E0.05198
G1 X-24.93 Y2.377 E0.02561
G1 X-25.572 Y3.367 E0.0287
G1 X-26.168 Y4.324 E0.02742
G1 X-21.49 Y4.325 E0.11378
G1 X-21.02 Y3.616 E0.02069
G1 X-20.321 Y2.601 E0.02997
G1 X-19.599 Y1.598 E0.03006
G1 X-18.852 Y0.588 E0.03055
G1 X-18.076 Y-.422 E0.03098
G1 X-17.274 Y-1.425 E0.03123
G1 X-16.469 Y-2.404 E0.03083
G1 X-15.505 Y-3.529 E0.03603
G1 X-14.799 Y-4.325 E0.02588
G1 F3600 E-1
G0 F12000 X-15.557 Y-3.985
G0 X-14.437 Y-4.485
G0 X-13.835 Y-4.75
;TYPE:WALL-OUTER
G1 F3600 E1
G1 F2400 X-20.2 Y-4.75 E0.15481
G1 X-21.33 Y-3.351 E0.04374
G1 X-21.736 Y-2.832 E0.01603
G1 X-22.632 Y-1.653 E0.03602
G1 X-23.46 Y-.518 E0.03417
G1 X-24.689 Y1.245 E0.05227
G1 X-25.287 Y2.146 E0.0263
G1 X-25.932 Y3.142 E0.02886
G1 X-26.924 Y4.75 E0.04595
G1 X-21.263 Y4.75 E0.13768
G1 X-20.67 Y3.858 E0.02605
G1 X-19.975 Y2.85 E0.02978
G1 X-19.257 Y1.851 E0.02992
G1 X-18.515 Y0.847 E0.03036
G1 X-17.744 Y-.157 E0.03079
G1 X-16.946 Y-1.155 E0.03108
G1 X-16.146 Y-2.127 E0.03062
G1 X-15.187 Y-3.246 E0.03584
G1 X-14.368 Y-4.17 E0.03003
G1 X-13.835 Y-4.75 E0.01916
G0 F12000 X-14.635 Y-4.75
G0 X-16.077 Y-4.014
G1 F3600 E-1
G0 F12000 X-16.077 Y-3.925
G0 X-21.134 Y-3.207
G0 X-30.495 Y-3.207
G0 X-33.67 Y-3.376
;TYPE:FILL
G1 F3600 E1
G1 F9600 X-33.411 Y-2.999 E0.01112
G1 X-32.508 Y-1.495 E0.04267
G1 X-31.605 Y-.907 E0.02621
G1 X-31.08 Y-.922 E0.01277
G1 X-31.08 Y3.761 E0.1139
G1 X-31.605 Y2.998 E0.02253
G1 X-32.508 Y1.494 E0.04267
G1 X-33.411 Y0.906 E0.02621
G1 X-34.314 Y0.931 E0.02197
G1 X-35.217 Y1.16 E0.02266
G1 X-36.12 Y1.526 E0.0237
G1 X-36.947 Y2.025 E0.02349
G1 F3600 E-1
G0 F12000 X-38.063 Y3.973
G0 X-38.64 Y4.325
;TYPE:WALL-INNER
G1 F3600 E1
G1 F4800 X-30.675 Y4.325 E0.19372
G1 X-30.675 Y-4.325 E0.21038
G1 X-33.526 Y-4.325 E0.06934
G1 X-34.166 Y-3.364 E0.02808
G1 X-35.334 Y-1.52 E0.05309
G1 X-36.086 Y-.282 E0.03523
G1 X-37.172 Y1.592 E0.05268
G1 X-38.217 Y3.504 E0.05299
G1 X-38.64 Y4.325 E0.02246
G1 F3600 E-1
G0 F12000 X-39.337 Y4.75
;TYPE:WALL-OUTER
G1 F3600 E1
G1 F2400 X-30.25 Y4.75 E0.22101
G1 X-30.25 Y-4.75 E0.23105
G1 X-33.754 Y-4.75 E0.08522
G1 X-34.535 Y-3.575 E0.03431
G1 X-35.697 Y-1.741 E0.05281
G1 X-36.437 Y-.524 E0.03464
G1 X-37.544 Y1.386 E0.05369
G1 X-38.594 Y3.309 E0.05329
G1 X-39.337 Y4.75 E0.03943
G0 F12000 X-38.537 Y4.75
G0 X-37.573 Y3.89
G1 F3600 E-1
;MESH:NONMESH
G0 F600 X-37.573 Y3.89 Z45.54
G0 F12000 X-30.495 Y-3.92
G0 X-21.134 Y-3.207
G0 X-19.533 Y-3.92
;TIME_ELAPSED:1183.796805
;LAYER:348
;TYPE:FILL
;MESH:bridge_3a.stl
G1 F3600 E1
G1 F9600 X-18.963 Y-3.164 E0.02303
G1 X-18.06 Y-1.805 E0.03968
G1 X-17.815 Y-1.627 E0.00737
G1 X-18.572 Y-.674 E0.0296
G1 X-19.354 Y0.348 E0.0313
G1 X-19.898 Y1.084 E0.02226
G1 X-20.769 Y1.249 E0.02156
G1 X-21.672 Y1.574 E0.02334
G1 X-22.575 Y2.078 E0.02515
G1 X-23.478 Y2.862 E0.02908
G1 X-24.275 Y3.92 E0.03222
G1 F3600 E-1
G0 F12000 X-15.748 Y-3.985
G0 X-14.984 Y-4.325
;TYPE:WALL-INNER
G1 F3600 E1
G1 F4800 X-20.177 Y-4.325 E0.1263
G1 X-21.094 Y-3.186 E0.03556
G1 X-21.574 Y-2.575 E0.0189
G1 X-22.329 Y-1.582 E0.03034
G1 X-23.224 Y-.357 E0.0369
G1 X-24.048 Y0.81 E0.03475
G1 X-25.122 Y2.406 E0.04679
G1 X-26.338 Y4.325 E0.05525
G1 X-21.658 Y4.325 E0.11382
G1 X-20.549 Y2.678 E0.04829
G1 X-19.775 Y1.598 E0.03232
G1 X-19.029 Y0.59 E0.0305
G1 X-18.257 Y-.421 E0.03094
G1 X-17.458 Y-1.426 E0.03123
G1 X-16.512 Y-2.572 E0.03614
G1 X-15.503 Y-3.747 E0.03767
G1 X-14.984 Y-4.325 E0.01889
G1 F3600 E-1
G0 F12000 X-15.748 Y-3.985
G0 X-14.628 Y-4.485
G0 X-14.022 Y-4.75
;TYPE:WALL-OUTER
G1 F3600 E1
G1 F2400 X-20.38 Y-4.75 E0.15464
G1 X-21.428 Y-3.449 E0.04063
G1 X-21.913 Y-2.832 E0.01909
G1 X-22.672 Y-1.833 E0.03051
G1 X-23.571 Y-.602 E0.03707
G1 X-24.386 Y0.55 E0.03432
G1 X-25.48 Y2.177 E0.04768
G1 X-26.744 Y4.174 E0.05748
G1 X-27.089 Y4.75 E0.01633
G1 X-21.431 Y4.75 E0.13761
G1 X-20.839 Y3.859 E0.02602
G1 X-20.204 Y2.926 E0.02745
G1 X-19.433 Y1.851 E0.03217
G1 X-18.691 Y0.848 E0.03034
G1 X-17.924 Y-.156 E0.03073
G1 X-17.129 Y-1.155 E0.03105
G1 X-16.19 Y-2.295 E0.03592
G1 X-15.187 Y-3.463 E0.03744
G1 X-14.022 Y-4.75 E0.04222
G0 F12000 X-14.822 Y-4.75
G0 X-16.068 Y-3.575
G1 F3600 E-1
G0 F12000 X-16.13 Y-3.63
G0 X-22.463 Y-1.708
G0 X-30.495 Y-1.708
G0 X-31.08 Y-1.108
;TYPE:FILL
G1 F3600 E1
G1 F9600 X-31.605 Y-1.148 E0.01281
G1 X-32.508 Y-1.805 E0.02716
G1 X-33.411 Y-3.164 E0.03968
G1 X-33.712 Y-3.564 E0.01218
G1 X-34.47 Y-2.401 E0.03376
G1 X-35.092 Y-1.412 E0.02842
G1 X-36.266 Y0.546 E0.05553
G1 X-36.924 Y1.687 E0.03203
G1 X-37.24 Y2.266 E0.01604
G1 X-37.023 Y2.078 E0.00698
G1 X-36.12 Y1.574 E0.02515
G1 X-35.217 Y1.249 E0.02334
G1 X-34.314 Y1.078 E0.02235
G1 X-33.411 Y1.147 E0.02203
G1 X-32.508 Y1.804 E0.02716
G1 X-31.605 Y3.163 E0.03968
G1 X-31.08 Y3.86 E0.02122
G1 F3600 E-1
G0 F12000 X-38.222 Y3.973
G0 X-38.797 Y4.325
;TYPE:WALL-INNER
G1 F3600 E1
G1 F4800 X-30.675 Y4.325 E0.19754
G1 X-30.675 Y-4.325 E0.21038
G1 X-33.697 Y-4.325 E0.0735
G1 X-34.809 Y-2.623 E0.04945
G1 X-35.437 Y-1.626 E0.02866
G1 X-36.004 Y-.692 E0.02657
G1 X-36.624 Y0.356 E0.02962
G1 X-37.276 Y1.488 E0.03177
G1 X-38.322 Y3.404 E0.05309
G1 X-38.797 Y4.325 E0.0252
G1 F3600 E-1
G0 F12000 X-39.494 Y4.75
;TYPE:WALL-OUTER
G1 F3600 E1
G1 F2400 X-30.25 Y4.75 E0.22483
G1 X-30.25 Y-4.75 E0.23105
G1 X-33.925 Y-4.75 E0.08938
G1 X-35.168 Y-2.85 E0.05522
G1 X-35.8 Y-1.847 E0.02883
G1 X-36.984 Y0.127 E0.05598
G1 X-37.649 Y1.284 E0.03246
G1 X-38.695 Y3.198 E0.05305
G1 X-39.494 Y4.75 E0.04246
G0 F12000 X-38.694 Y4.75
G0 X-37.923 Y3.575
G1 F3600 E-1
;MESH:NONMESH
G0 F600 X-37.923 Y3.575 Z45.67
G0 F12000 X-30.495 Y-3.92
G0 X-21.235 Y-3.308
G0 X-19.462 Y-3.92
;TIME_ELAPSED:1187.997481
;LAYER:349
;TYPE:FILL
;MESH:bridge_3a.stl
G1 F3600 E1
G1 F9600 X-18.963 Y-3.311 E0.01915
G1 X-18.06 Y-2.057 E0.03758
G1 X-17.804 Y-1.86 E0.00786
G1 X-18.852 Y-.544 E0.04092
G1 X-19.863 Y0.794 E0.04079
G1 X-20.197 Y1.258 E0.0139
G1 X-20.769 Y1.333 E0.01403
G1 X-21.672 Y1.616 E0.02302
G1 X-22.575 Y2.081 E0.0247
G1 X-23.478 Y2.81 E0.02823
G1 X-24.386 Y3.92 E0.03488
G1 F3600 E-1
G0 F12000 X-15.932 Y-3.984
G0 X-15.175 Y-4.325
;TYPE:WALL-INNER
G1 F3600 E1
G1 F4800 X-20.361 Y-4.325 E0.12613
G1 X-21.201 Y-3.282 E0.03257
G1 X-22.066 Y-2.167 E0.03432
G1 X-23.333 Y-.454 E0.05182
G1 X-23.932 Y0.395 E0.02527
G1 X-24.616 Y1.39 E0.02937
G1 X-25.335 Y2.474 E0.03164
G1 X-25.901 Y3.362 E0.02561
G1 X-26.497 Y4.325 E0.02754
G1 X-21.828 Y4.325 E0.11356
G1 X-21.362 Y3.618 E0.02059
G1 X-20.668 Y2.605 E0.02986
G1 X-19.535 Y1.033 E0.04713
G1 X-18.53 Y-.3 E0.0406
G1 X-17.638 Y-1.425 E0.03492
G1 X-16.807 Y-2.437 E0.03185
G1 X-15.95 Y-3.447 E0.03222
G1 X-15.175 Y-4.325 E0.02848
G1 F3600 E-1
G0 F12000 X-15.932 Y-3.984
G0 X-14.819 Y-4.485
G0 X-14.213 Y-4.75
;TYPE:WALL-OUTER
G1 F3600 E1
G1 F2400 X-20.564 Y-4.75 E0.15447
G1 X-21.537 Y-3.543 E0.03771
G1 X-22.408 Y-2.42 E0.03457
G1 X-23.665 Y-.721 E0.0514
G1 X-24.282 Y0.154 E0.02604
G1 X-24.949 Y1.123 E0.02861
G1 X-25.694 Y2.246 E0.03278
G1 X-26.784 Y3.977 E0.04975
G1 X-27.251 Y4.75 E0.02197
G1 X-21.599 Y4.75 E0.13746
G1 X-21.011 Y3.858 E0.02598
G1 X-20.323 Y2.853 E0.02962
G1 X-19.196 Y1.289 E0.04689
G1 X-18.196 Y-0.036 E0.04037
G1 X-17.31 Y-1.155 E0.03471
G1 X-16.483 Y-2.162 E0.03169
G1 X-15.632 Y-3.166 E0.03201
G1 X-14.749 Y-4.166 E0.03245
G1 X-14.213 Y-4.75 E0.01928
G0 F12000 X-15.013 Y-4.75
G0 X-16.251 Y-3.575
G1 F3600 E-1
G0 F12000 X-16.318 Y-3.632
G0 X-22.643 Y-1.703
G0 X-30.495 Y-1.703
G0 X-31.08 Y-1.277
;TYPE:FILL
G1 F3600 E1
G1 F9600 X-31.605 Y-1.361 E0.01293
G1 X-32.508 Y-2.057 E0.02773
G1 X-33.411 Y-3.311 E0.03758
G1 X-33.772 Y-3.752 E0.01386
G1 X-34.812 Y-2.122 E0.04703
G1 X-35.937 Y-.294 E0.0522
G1 X-37.032 Y1.594 E0.05308
G1 X-37.524 Y2.486 E0.02478
G1 X-37.023 Y2.081 E0.01567
G1 X-36.12 Y1.616 E0.0247
G1 X-35.217 Y1.333 E0.02302
G1 X-34.314 Y1.215 E0.02215
G1 X-33.411 Y1.36 E0.02224
G1 X-32.508 Y2.056 E0.02773
G1 X-31.605 Y3.31 E0.03758
G1 X-31.106 Y3.92 E0.01917
G1 F3600 E-1
G0 F12000 X-38.38 Y3.974
G0 X-38.961 Y4.324
;TYPE:WALL-INNER
G1 F3600 E1
G1 F4800 X-30.675 Y4.325 E0.20153
G1 X-30.675 Y-4.325 E0.21038
G1 X-33.866 Y-4.325 E0.07761
G1 X-34.378 Y-3.555 E0.02249
G1 X-35.154 Y-2.34 E0.03506
G1 X-36.299 Y-.477 E0.05318
G1 X-37.382 Y1.39 E0.05249
G1 X-38.082 Y2.659 E0.03525
G1 X-38.961 Y4.324 E0.04579
G1 F3600 E-1
G0 F12000 X-39.658 Y4.749
;TYPE:WALL-OUTER
G1 F3600 E1
G1 F2400 X-30.25 Y4.75 E0.22882
G1 X-30.25 Y-4.75 E0.23105
G1 X-34.094 Y-4.75 E0.09349
G1 X-34.736 Y-3.784 E0.02821
G1 X-35.504 Y-2.583 E0.03467
G1 X-36.645 Y-.727 E0.05299
G1 X-37.754 Y1.185 E0.05376
G1 X-38.451 Y2.447 E0.03506
G1 X-39.658 Y4.749 E0.06322
G0 F12000 X-38.858 Y4.749
G0 X-38.08 Y3.575
G1 F3600 E-1
;MESH:NONMESH
G0 F600 X-38.08 Y3.575 Z45.8
G0 F12000 X-30.495 Y-3.92
G0 X-21.329 Y-3.417
G0 X-19.382 Y-3.92
;TIME_ELAPSED:1192.201218
;LAYER:350
;TYPE:FILL
;MESH:bridge_3a.stl
G1 F3600 E1
G1 F9600 X-18.963 Y-3.446 E0.01539
G1 X-18.06 Y-2.274 E0.03598
G1 X-17.811 Y-2.075 E0.00775
G1 X-18.845 Y-.787 E0.04017
G1 X-19.711 Y0.351 E0.03478
G1 X-20.471 Y1.389 E0.03129
G1 X-20.769 Y1.411 E0.00727
G1 X-21.672 Y1.654 E0.02274
G1 X-22.575 Y2.079 E0.02427
G1 X-23.478 Y2.757 E0.02746
G1 X-24.381 Y3.778 E0.03315
G1 X-24.49 Y3.92 E0.00435
G1 F3600 E-1
G0 F12000 X-16.12 Y-3.984
G0 X-15.363 Y-4.324
;TYPE:WALL-INNER
G1 F3600 E1
G1 F4800 X-20.545 Y-4.325 E0.12603
G1 X-21.302 Y-3.385 E0.02935
G1 X-22.165 Y-2.269 E0.03431
G1 X-23.432 Y-.555 E0.05184
G1 X-24.25 Y0.603 E0.03448
G1 X-25.434 Y2.365 E0.05163
G1 X-26.204 Y3.572 E0.03482
G1 X-26.661 Y4.325 E0.02142
G1 X-22.001 Y4.325 E0.11334
G1 X-21.557 Y3.65 E0.01965
G1 X-20.842 Y2.608 E0.03074
G1 X-20.125 Y1.601 E0.03007
G1 X-19.385 Y0.59 E0.03047
G1 X-18.529 Y-.533 E0.03434
G1 X-17.819 Y-1.423 E0.02769
G1 X-16.991 Y-2.437 E0.03184
G1 X-16.135 Y-3.446 E0.03218
G1 X-15.363 Y-4.324 E0.02843
G1 F3600 E-1
G0 F12000 X-16.12 Y-3.984
G0 X-15.009 Y-4.485
G0 X-14.404 Y-4.75
;TYPE:WALL-OUTER
G1 F3600 E1
G1 F2400 X-20.748 Y-4.75 E0.1543
G1 X-21.638 Y-3.646 E0.03449
G1 X-22.507 Y-2.522 E0.03455
G1 X-23.765 Y-.821 E0.05146
G1 X-24.602 Y0.364 E0.03529
G1 X-25.799 Y2.147 E0.05223
G1 X-26.572 Y3.36 E0.03498
G1 X-27.416 Y4.75 E0.03955
G1 X-21.771 Y4.75 E0.13729
G1 X-21.207 Y3.89 E0.02501
G1 X-20.496 Y2.854 E0.03056
G1 X-19.782 Y1.852 E0.02992
G1 X-19.047 Y0.848 E0.03026
G1 X-18.196 Y-.268 E0.03413
G1 X-17.49 Y-1.155 E0.02757
G1 X-16.667 Y-2.162 E0.03163
G1 X-15.816 Y-3.166 E0.03201
G1 X-14.937 Y-4.165 E0.03236
G1 X-14.404 Y-4.75 E0.01925
G0 F12000 X-15.204 Y-4.75
G0 X-16.438 Y-3.575
G1 F3600 E-1
G0 F12000 X-16.504 Y-3.632
G0 X-21.435 Y-3.51
G0 X-30.495 Y-3.51
G0 X-33.823 Y-3.912
;TYPE:FILL
G1 F3600 E1
G1 F9600 X-33.411 Y-3.446 E0.01513
G1 X-32.508 Y-2.274 E0.03598
G1 X-31.605 Y-1.552 E0.02812
G1 X-31.08 Y-1.431 E0.0131
G1 X-31.08 Y3.92 E0.13014
G1 X-31.185 Y3.92 E0.00255
G1 X-31.605 Y3.445 E0.01542
G1 X-32.508 Y2.273 E0.03598
G1 X-33.411 Y1.551 E0.02812
G1 X-34.314 Y1.343 E0.02254
G1 X-35.217 Y1.411 E0.02202
G1 X-36.12 Y1.654 E0.02274
G1 X-37.023 Y2.079 E0.02427
G1 X-37.769 Y2.639 E0.02269
G1 F3600 E-1
G0 F12000 X-38.541 Y3.973
G0 X-39.119 Y4.324
;TYPE:WALL-INNER
G1 F3600 E1
G1 F4800 X-30.675 Y4.325 E0.20537
G1 X-30.675 Y-4.325 E0.21038
G1 X-34.036 Y-4.325 E0.08174
G1 X-35.262 Y-2.438 E0.05473
G1 X-36.397 Y-.588 E0.05279
G1 X-37.127 Y0.656 E0.03508
G1 X-38.171 Y2.528 E0.05213
G1 X-38.597 Y3.317 E0.02181
G1 X-39.119 Y4.324 E0.02759
G1 F3600 E-1
G0 F12000 X-39.75 Y4.75
;TYPE:WALL-OUTER
G1 F3600 E1
G1 F2400 X-30.25 Y4.75 E0.23105
G1 X-30.25 Y-4.75 E0.23105
G1 X-34.265 Y-4.75 E0.09765
G1 X-35.624 Y-2.661 E0.06061
G1 X-36.777 Y-.779 E0.05368
G1 X-37.498 Y0.448 E0.03461
G1 X-38.545 Y2.325 E0.05227
G1 X-38.975 Y3.121 E0.022
G1 X-39.75 Y4.617 E0.04098
G1 X-39.75 Y4.75 E0.00323
G0 F12000 X-38.95 Y4.75
G0 X-38.051 Y3.89
G1 F3600 E-1
;MESH:NONMESH
G0 F600 X-38.051 Y3.89 Z45.93
G0 F12000 X-30.495 Y-3.919
G0 X-21.435 Y-3.51
G0 X-19.293 Y-3.919
;TIME_ELAPSED:1196.321571
;LAYER:351
;TYPE:FILL
;MESH:bridge_3a.stl
G1 F3600 E1
G1 F9600 X-18.963 Y-3.572 E0.01165
G1 X-18.06 Y-2.466 E0.03473
G1 X-17.829 Y-2.277 E0.00726
G1 X-18.847 Y-1.005 E0.03962
G1 X-19.886 Y0.348 E0.04149
G1 X-20.704 Y1.468 E0.03373
G1 X-21.672 Y1.687 E0.02414
G1 X-22.575 Y2.073 E0.02388
G1 X-23.478 Y2.702 E0.02677
G1 X-24.381 Y3.652 E0.03188
G1 X-24.599 Y3.919 E0.00838
G1 F3600 E-1
G0 F12000 X-16.307 Y-3.984
G0 X-15.557 Y-4.325
;TYPE:WALL-INNER
G1 F3600 E1
G1 F4800 X-20.728 Y-4.324 E0.12577
G1 X-21.4 Y-3.487 E0.02611
G1 X-22.262 Y-2.373 E0.03426
G1 X-22.853 Y-1.587 E0.02392
G1 X-23.579 Y-.591 E0.02998
G1 X-24.34 Y0.484 E0.03203
G1 X-25.148 Y1.682 E0.03514
G1 X-26.24 Y3.367 E0.04884
G1 X-26.827 Y4.323 E0.02728
G1 X-22.168 Y4.325 E0.11331
G1 X-21.703 Y3.62 E0.02054
G1 X-21.016 Y2.609 E0.02973
G1 X-20.301 Y1.601 E0.03006
G1 X-19.56 Y0.589 E0.03051
G1 X-18.528 Y-.758 E0.04127
G1 X-17.544 Y-1.988 E0.03831
G1 X-16.51 Y-3.232 E0.03934
G1 X-15.557 Y-4.325 E0.03527
G1 F3600 E-1
G0 F12000 X-16.307 Y-3.984
G0 X-15.2 Y-4.485
G0 X-14.596 Y-4.75
;TYPE:WALL-OUTER
G1 F3600 E1
G1 F2400 X-20.932 Y-4.749 E0.1541
G1 X-21.737 Y-3.747 E0.03126
G1 X-22.601 Y-2.629 E0.03436
G1 X-23.197 Y-1.837 E0.02411
G1 X-23.926 Y-.837 E0.0301
G1 X-24.69 Y0.243 E0.03218
G1 X-25.495 Y1.434 E0.03496
G1 X-26.603 Y3.144 E0.04956
G1 X-27.582 Y4.748 E0.0457
G1 X-21.939 Y4.75 E0.13725
G1 X-21.351 Y3.859 E0.02596
G1 X-20.669 Y2.855 E0.02952
G1 X-19.958 Y1.852 E0.0299
G1 X-19.223 Y0.847 E0.03028
G1 X-18.196 Y-.493 E0.04106
G1 X-17.217 Y-1.716 E0.0381
G1 X-16.189 Y-2.953 E0.03912
G1 X-15.185 Y-4.105 E0.03717
G1 X-14.596 Y-4.75 E0.02124
G0 F12000 X-15.396 Y-4.75
G0 X-16.626 Y-3.575
G1 F3600 E-1
G0 F12000 X-16.691 Y-3.632
G0 X-22.994 Y-1.704
G0 X-30.495 Y-1.704
G0 X-31.08 Y-1.574
;TYPE:FILL
G1 F3600 E1
G1 F9600 X-31.605 Y-1.726 E0.01329
G1 X-32.508 Y-2.466 E0.02839
G1 X-33.411 Y-3.572 E0.03473
G1 X-33.742 Y-3.92 E0.01168
G1 X-33.987 Y-3.92 E0.00596
G1 X-35.023 Y-2.325 E0.04626
G1 X-35.777 Y-1.106 E0.03486
G1 X-37.01 Y0.978 E0.05889
G1 X-37.986 Y2.744 E0.04907
G1 X-37.023 Y2.073 E0.02855
G1 X-36.12 Y1.687 E0.02388
G1 X-35.217 Y1.483 E0.02252
G1 X-34.314 Y1.463 E0.02197
G1 X-33.411 Y1.725 E0.02287
G1 X-32.508 Y2.465 E0.02839
G1 X-31.605 Y3.571 E0.03473
G1 X-31.273 Y3.92 E0.01172
G1 F3600 E-1
G0 F12000 X-38.702 Y3.974
G0 X-39.281 Y4.324
;TYPE:WALL-INNER
G1 F3600 E1
G1 F4800 X-30.675 Y4.325 E0.20931
G1 X-30.675 Y-4.325 E0.21038
G1 X-34.206 Y-4.325 E0.08588
G1 X-34.672 Y-3.621 E0.02053
G1 X-35.363 Y-2.545 E0.0311
G1 X-36.11 Y-1.338 E0.03452
G1 X-37.233 Y0.559 E0.05362
G1 X-38.229 Y2.335 E0.04952
G1 X-38.757 Y3.316 E0.0271
G1 X-39.281 Y4.324 E0.02763
G1 F3600 E-1
G0 F12000 X-39.75 Y4.75
;TYPE:WALL-OUTER
G1 F3600 E1
G1 F2400 X-30.25 Y4.75 E0.23105
G1 X-30.25 Y-4.75 E0.23105
G1 X-34.433 Y-4.75 E0.10174
G1 X-35.029 Y-3.851 E0.02623
G1 X-35.725 Y-2.769 E0.03129
G1 X-36.488 Y-1.532 E0.03535
G1 X-37.587 Y0.321 E0.0524
G1 X-38.603 Y2.133 E0.05053
G1 X-39.134 Y3.12 E0.02726
G1 X-39.75 Y4.305 E0.03248
G1 X-39.75 Y4.75 E0.01082
G0 F12000 X-38.95 Y4.75
G0 X-38.403 Y3.575
G1 F3600 E-1
;MESH:NONMESH
G0 F600 X-38.403 Y3.575 Z46.06
G0 F12000 X-30.495 Y-3.92
G0 X-22.403 Y-2.491
G0 X-19.196 Y-3.92
;TIME_ELAPSED:1200.538132
;LAYER:352
;TYPE:FILL
;MESH:bridge_3a.stl
G1 F3600 E1
G1 F9600 X-18.963 Y-3.691 E0.00795
G1 X-18.06 Y-2.639 E0.03372
G1 X-17.858 Y-2.471 E0.00639
G1 X-18.498 Y-1.682 E0.02471
G1 X-19.296 Y-.661 E0.03152
G1 X-20.06 Y0.345 E0.03072
G1 X-20.959 Y1.586 E0.03727
G1 X-21.672 Y1.716 E0.01763
G1 X-22.575 Y2.063 E0.02353
G1 X-23.478 Y2.646 E0.02614
G1 X-24.381 Y3.533 E0.03079
G1 X-24.713 Y3.92 E0.0124
G1 F3600 E-1
G0 F12000 X-16.495 Y-3.984
G0 X-15.741 Y-4.325
;TYPE:WALL-INNER
G1 F3600 E1
G1 F4800 X-20.906 Y-4.325 E0.12562
G1 X-21.94 Y-3.024 E0.04042
G1 X-23.033 Y-1.581 E0.04403
G1 X-23.749 Y-.593 E0.02968
G1 X-24.45 Y0.4 E0.02956
G1 X-25.254 Y1.58 E0.03473
G1 X-25.773 Y2.371 E0.02301
G1 X-26.4 Y3.361 E0.0285
G1 X-26.995 Y4.325 E0.02755
G1 X-22.338 Y4.325 E0.11327
G1 X-21.874 Y3.615 E0.02063
G1 X-21.188 Y2.609 E0.02961
G1 X-20.474 Y1.602 E0.03002
G1 X-19.738 Y0.591 E0.03041
G1 X-18.973 Y-.416 E0.03076
G1 X-18.184 Y-1.426 E0.03117
G1 X-17.364 Y-2.437 E0.03166
G1 X-16.541 Y-3.408 E0.03096
G1 X-15.741 Y-4.325 E0.0296
G1 F3600 E-1
G0 F12000 X-16.495 Y-3.984
G0 X-15.392 Y-4.485
G0 X-14.788 Y-4.75
;TYPE:WALL-OUTER
G1 F3600 E1
G1 F2400 X-21.111 Y-4.75 E0.15378
G1 X-22.278 Y-3.281 E0.04563
G1 X-23.377 Y-1.831 E0.04425
G1 X-24.096 Y-.838 E0.02982
G1 X-24.801 Y0.16 E0.02972
G1 X-25.61 Y1.347 E0.03494
G1 X-26.132 Y2.143 E0.02315
G1 X-26.762 Y3.137 E0.02862
G1 X-27.748 Y4.75 E0.04598
G1 X-22.108 Y4.75 E0.13717
G1 X-21.523 Y3.855 E0.02601
G1 X-20.841 Y2.855 E0.02944
G1 X-20.131 Y1.852 E0.02989
G1 X-19.4 Y0.848 E0.03021
G1 X-18.638 Y-.154 E0.03062
G1 X-17.855 Y-1.158 E0.03097
G1 X-17.039 Y-2.162 E0.03147
G1 X-16.221 Y-3.129 E0.0308
G1 X-15.185 Y-4.317 E0.03834
G1 X-14.788 Y-4.75 E0.01429
G0 F12000 X-15.588 Y-4.75
G0 X-17.012 Y-4.013
G1 F3600 E-1
G0 F12000 X-17.012 Y-3.925
G0 X-23.179 Y-1.696
G0 X-30.495 Y-1.696
G0 X-31.08 Y-1.706
;TYPE:FILL
G1 F3600 E1
G1 F9600 X-31.605 Y-1.887 E0.01351
G1 X-32.508 Y-2.639 E0.02858
G1 X-33.411 Y-3.691 E0.03372
G1 X-33.644 Y-3.92 E0.00795
G1 X-34.156 Y-3.92 E0.01245
G1 X-34.743 Y-3.027 E0.02599
G1 X-35.888 Y-1.192 E0.05261
G1 X-36.933 Y0.568 E0.04978
G1 X-38.013 Y2.493 E0.05368
G1 X-38.279 Y2.993 E0.01377
G1 X-37.926 Y2.646 E0.01204
G1 X-37.023 Y2.063 E0.02614
G1 X-36.12 Y1.716 E0.02353
G1 X-35.217 Y1.551 E0.02233
G1 X-34.314 Y1.575 E0.02197
G1 X-33.411 Y1.886 E0.02323
G1 X-32.508 Y2.638 E0.02858
G1 X-31.605 Y3.69 E0.03372
G1 X-31.371 Y3.92 E0.00798
G1 F3600 E-1
G0 F12000 X-38.864 Y3.973
G0 X-39.325 Y4.325
;TYPE:WALL-INNER
G1 F3600 E1
G1 F4800 X-30.675 Y4.325 E0.21038
G1 X-30.675 Y-4.325 E0.21038
G1 X-34.375 Y-4.325 E0.08999
G1 X-35.08 Y-3.25 E0.03127
G1 X-36.232 Y-1.407 E0.05286
G1 X-37.28 Y0.36 E0.04997
G1 X-38.372 Y2.305 E0.05425
G1 X-39.325 Y4.098 E0.04939
G1 X-39.325 Y4.325 E0.00552
G1 F3600 E-1
G0 F12000 X-39.75 Y4.75
;TYPE:WALL-OUTER
G1 F3600 E1
G1 F2400 X-30.25 Y4.75 E0.23105
G1 X-30.25 Y-4.75 E0.23105
G1 X-34.605 Y-4.75 E0.10592
G1 X-35.441 Y-3.476 E0.03706
G1 X-36.598 Y-1.624 E0.05311
G1 X-37.649 Y0.15 E0.05015
G1 X-38.74 Y2.092 E0.05418
G1 X-39.75 Y3.994 E0.05238
G1 X-39.75 Y4.75 E0.01839
G0 F12000 X-38.95 Y4.75
G0 X-38.375 Y3.894
G1 F3600 E-1
;MESH:NONMESH
G0 F600 X-38.375 Y3.894 Z46.19
G0 F12000 X-30.495 Y-3.92
G0 X-22.073 Y-3.152
G0 X-19.087 Y-3.92
;TIME_ELAPSED:1204.747028
;LAYER:353
;TYPE:FILL
;MESH:bridge_3a.stl
G1 F3600 E1
G1 F9600 X-18.963 Y-3.806 E0.0041
G1 X-18.06 Y-2.8 E0.03288
G1 X-17.886 Y-2.653 E0.00554
G1 X-18.683 Y-1.676 E0.03067
G1 X-19.475 Y-.66 E0.03133
G1 X-20.242 Y0.349 E0.03083
G1 X-21.197 Y1.674 E0.03972
G1 X-21.672 Y1.741 E0.01167
G1 X-22.575 Y2.05 E0.02321
G1 X-23.478 Y2.588 E0.02556
G1 X-24.381 Y3.418 E0.02983
G1 X-24.831 Y3.919 E0.01638
G1 F3600 E-1
G0 F12000 X-16.684 Y-3.984
G0 X-15.928 Y-4.325
;TYPE:WALL-INNER
G1 F3600 E1
G1 F4800 X-21.091 Y-4.325 E0.12557
G1 X-21.701 Y-3.561 E0.02378
G1 X-22.466 Y-2.575 E0.03035
G1 X-23.309 Y-1.439 E0.03441
G1 X-24.136 Y-.299 E0.03425
G1 X-25.358 Y1.482 E0.05253
G1 X-26.569 Y3.361 E0.05437
G1 X-27.162 Y4.324 E0.02751
G1 X-22.506 Y4.325 E0.11324
G1 X-22.043 Y3.616 E0.0206
G1 X-21.36 Y2.611 E0.02955
G1 X-20.651 Y1.603 E0.02997
G1 X-19.914 Y0.587 E0.03053
G1 X-19.153 Y-.416 E0.03062
G1 X-18.364 Y-1.427 E0.03119
G1 X-17.545 Y-2.431 E0.03151
G1 X-16.504 Y-3.669 E0.03934
G1 X-15.928 Y-4.325 E0.02123
G1 F3600 E-1
G0 F12000 X-16.684 Y-3.984
G0 X-15.579 Y-4.484
G0 X-14.982 Y-4.75
;TYPE:WALL-OUTER
G1 F3600 E1
G1 F2400 X-21.295 Y-4.75 E0.15354
G1 X-22.037 Y-3.822 E0.0289
G1 X-22.807 Y-2.828 E0.03058
G1 X-23.653 Y-1.689 E0.03451
G1 X-24.499 Y-.52 E0.0351
G1 X-25.7 Y1.227 E0.05156
G1 X-26.931 Y3.138 E0.05529
G1 X-27.913 Y4.749 E0.04589
G1 X-22.276 Y4.75 E0.1371
G1 X-21.691 Y3.855 E0.02601
G1 X-21.013 Y2.856 E0.02936
G1 X-20.307 Y1.853 E0.02983
G1 X-19.576 Y0.844 E0.0303
G1 X-18.818 Y-.154 E0.03048
G1 X-18.034 Y-1.158 E0.03098
G1 X-17.22 Y-2.157 E0.03134
G1 X-16.184 Y-3.389 E0.03915
G1 X-14.982 Y-4.75 E0.04416
G0 F12000 X-15.782 Y-4.75
G0 X-17.003 Y-3.575
G1 F3600 E-1
G0 F12000 X-17.064 Y-3.627
G0 X-23.454 Y-1.556
G0 X-30.495 Y-1.556
G0 X-31.08 Y-1.83
;TYPE:FILL
G1 F3600 E1
G1 F9600 X-31.605 Y-2.036 E0.01372
G1 X-32.508 Y-2.8 E0.02877
G1 X-33.513 Y-3.92 E0.0366
G1 X-34.324 Y-3.92 E0.01972
G1 X-34.838 Y-3.134 E0.02284
G1 X-35.996 Y-1.294 E0.05288
G1 X-36.729 Y-0.067 E0.03476
G1 X-37.805 Y1.814 E0.0527
G1 X-38.509 Y3.124 E0.03617
G1 X-37.926 Y2.588 E0.01926
G1 X-37.023 Y2.05 E0.02556
G1 X-36.12 Y1.741 E0.02321
G1 X-35.217 Y1.613 E0.02218
G1 X-34.314 Y1.681 E0.02202
G1 X-33.411 Y2.035 E0.02359
G1 X-32.508 Y2.799 E0.02877
G1 X-31.605 Y3.805 E0.03288
G1 X-31.48 Y3.92 E0.00413
G1 F3600 E-1
G0 F12000 X-38.955 Y3.955
G0 X-39.325 Y4.325
;TYPE:WALL-INNER
G1 F3600 E1
G1 F4800 X-30.675 Y4.325 E0.21038
G1 X-30.675 Y-4.325 E0.21038
G1 X-34.543 Y-4.325 E0.09408
G1 X-35.176 Y-3.356 E0.02815
G1 X-36.337 Y-1.511 E0.05302
G1 X-37.076 Y-.276 E0.035
G1 X-38.156 Y1.612 E0.0529
G1 X-39.325 Y3.79 E0.06012
G1 X-39.325 Y4.325 E0.01301
G1 F3600 E-1
G0 F12000 X-38.955 Y3.955
G0 X-30.545 Y4.455
G0 X-30.25 Y4.75
;TYPE:WALL-OUTER
G1 F3600 E1
G1 F2400 X-30.25 Y-4.75 E0.23105
G1 X-34.772 Y-4.75 E0.10998
G1 X-35.536 Y-3.582 E0.03394
G1 X-36.701 Y-1.73 E0.05321
G1 X-37.445 Y-.487 E0.03523
G1 X-38.53 Y1.409 E0.05313
G1 X-39.454 Y3.12 E0.04729
G1 X-39.75 Y3.686 E0.01553
G1 X-39.75 Y4.75 E0.02588
G1 X-30.25 Y4.75 E0.23105
G0 F12000 X-30.25 Y3.95
G0 X-31.425 Y3.575
G1 F3600 E-1
;MESH:NONMESH
G0 F600 X-31.425 Y3.575 Z46.32
G0 F12000 X-30.495 Y-3.917
G0 X-22.597 Y-2.704
G0 X-18.963 Y-3.917
;TIME_ELAPSED:1209.060422
;LAYER:354
;TYPE:FILL
;MESH:bridge_3a.stl
G1 F3600 E1
G1 F9600 X-17.936 Y-2.818 E0.03658
G1 X-18.845 Y-1.698 E0.03508
G1 X-19.651 Y-.668 E0.03181
G1 X-20.416 Y0.352 E0.03101
G1 X-21.421 Y1.736 E0.0416
G1 X-21.672 Y1.761 E0.00613
G1 X-22.575 Y2.032 E0.02293
G1 X-23.478 Y2.527 E0.02505
G1 X-24.381 Y3.307 E0.02902
G1 X-24.953 Y3.919 E0.02037
G1 F3600 E-1
G0 F12000 X-16.868 Y-3.984
G0 X-16.121 Y-4.324
;TYPE:WALL-INNER
G1 F3600 E1
G1 F4800 X-21.273 Y-4.325 E0.1253
G1 X-22.135 Y-3.234 E0.03382
G1 X-22.637 Y-2.582 E0.02001
G1 X-23.417 Y-1.537 E0.03172
G1 X-24.244 Y-.387 E0.03445
G1 X-24.819 Y0.435 E0.0244
G1 X-25.446 Y1.36 E0.02718
G1 X-26.236 Y2.568 E0.03511
G1 X-26.736 Y3.36 E0.02278
G1 X-27.327 Y4.324 E0.0275
G1 X-22.674 Y4.325 E0.11317
G1 X-22.211 Y3.617 E0.02057
G1 X-21.545 Y2.635 E0.02886
G1 X-20.823 Y1.603 E0.03063
G1 X-20.088 Y0.59 E0.03044
G1 X-19.332 Y-.416 E0.03061
G1 X-18.526 Y-1.449 E0.03187
G1 X-17.73 Y-2.434 E0.0308
G1 X-16.887 Y-3.438 E0.03188
G1 X-16.121 Y-4.324 E0.02849
G1 F3600 E-1
G0 F12000 X-16.868 Y-3.984
G0 X-15.767 Y-4.485
G0 X-15.168 Y-4.75
;TYPE:WALL-OUTER
G1 F3600 E1
G1 F2400 X-21.478 Y-4.75 E0.15347
G1 X-22.471 Y-3.494 E0.03894
G1 X-22.977 Y-2.837 E0.02017
G1 X-23.762 Y-1.785 E0.03192
G1 X-24.592 Y-.631 E0.03457
G1 X-25.17 Y0.196 E0.02454
G1 X-25.802 Y1.127 E0.02737
G1 X-26.595 Y2.341 E0.03527
G1 X-27.098 Y3.137 E0.0229
G1 X-28.076 Y4.75 E0.04588
G1 X-22.444 Y4.75 E0.13698
G1 X-21.859 Y3.855 E0.02601
G1 X-21.197 Y2.879 E0.02868
G1 X-20.479 Y1.853 E0.03046
G1 X-19.748 Y0.845 E0.03028
G1 X-18.997 Y-.154 E0.0304
G1 X-18.195 Y-1.182 E0.03171
G1 X-17.404 Y-2.161 E0.03061
G1 X-16.566 Y-3.16 E0.03171
G1 X-15.694 Y-4.168 E0.03242
G1 X-15.168 Y-4.75 E0.01908
G0 F12000 X-15.968 Y-4.75
G0 X-17.187 Y-3.575
G1 F3600 E-1
G0 F12000 X-17.25 Y-3.629
G0 X-23.551 Y-1.665
G0 X-30.495 Y-1.665
G0 X-31.08 Y-1.946
;TYPE:FILL
G1 F3600 E1
G1 F9600 X-31.605 Y-2.176 E0.01394
G1 X-32.508 Y-2.951 E0.02894
G1 X-33.411 Y-3.917 E0.03216
G1 X-34.496 Y-3.92 E0.02639
G1 X-34.94 Y-3.241 E0.01973
G1 X-36.093 Y-1.4 E0.05283
G1 X-36.828 Y-.172 E0.03481
G1 X-37.812 Y1.54 E0.04803
G1 X-38.712 Y3.206 E0.04605
G1 X-37.926 Y2.527 E0.02526
G1 X-37.023 Y2.032 E0.02505
G1 X-36.12 Y1.761 E0.02293
G1 X-35.217 Y1.672 E0.02207
G1 X-34.314 Y1.78 E0.02212
G1 X-33.411 Y2.175 E0.02397
G1 X-32.508 Y2.95 E0.02894
G1 X-31.605 Y3.916 E0.03216
G1 F3600 E-1
G0 F12000 X-30.675 Y4.325
;TYPE:WALL-INNER
G1 F3600 E1
G1 F4800 X-30.675 Y-4.325 E0.21038
G1 X-34.715 Y-4.325 E0.09826
G1 X-35.281 Y-3.46 E0.02514
G1 X-36.42 Y-1.643 E0.05216
G1 X-37.175 Y-.381 E0.03577
G1 X-38.168 Y1.347 E0.04847
G1 X-38.705 Y2.328 E0.0272
G1 X-39.325 Y3.489 E0.03201
G1 X-39.325 Y4.325 E0.02033
G1 X-30.675 Y4.325 E0.21038
G1 F3600 E-1
G0 F12000 X-30.25 Y4.75
;TYPE:WALL-OUTER
G1 F3600 E1
G1 F2400 X-30.25 Y-4.75 E0.23105
G1 X-34.944 Y-4.75 E0.11416
G1 X-35.641 Y-3.686 E0.03094
G1 X-36.8 Y-1.836 E0.0531
G1 X-37.544 Y-.593 E0.03523
G1 X-38.53 Y1.123 E0.04813
G1 X-39.08 Y2.127 E0.02784
G1 X-39.75 Y3.383 E0.03462
G1 X-39.75 Y4.75 E0.03325
G1 X-30.25 Y4.75 E0.23105
G0 F12000 X-30.25 Y3.95
G0 X-31.425 Y3.575
G1 F3600 E-1
;MESH:NONMESH
G0 F600 X-31.425 Y3.575 Z46.45
G0 F12000 X-30.495 Y-3.92
G0 X-22.275 Y-3.355
G0 X-18.859 Y-3.92
;TIME_ELAPSED:1213.206096
;LAYER:355
;TYPE:FILL
;MESH:bridge_3a.stl
G1 F3600 E1
G1 F9600 X-17.974 Y-3.005 E0.03096
G1 X-18.844 Y-1.927 E0.03369
G1 X-19.857 Y-.636 E0.03991
G1 X-20.594 Y0.355 E0.03004
G1 X-21.596 Y1.757 E0.04191
G1 X-22.575 Y2.011 E0.0246
G1 X-23.478 Y2.465 E0.02458
G1 X-24.381 Y3.197 E0.02827
G1 X-25.081 Y3.92 E0.02448
G1 F3600 E-1
G0 F12000 X-17.055 Y-3.984
G0 X-16.306 Y-4.325
;TYPE:WALL-INNER
G1 F3600 E1
G1 F4800 X-21.453 Y-4.325 E0.12518
G1 X-22.218 Y-3.362 E0.02991
G1 X-23.097 Y-2.205 E0.03534
G1 X-24.341 Y-.498 E0.05137
G1 X-25.562 Y1.281 E0.05248
G1 X-26.342 Y2.467 E0.03452
G1 X-27.102 Y3.681 E0.03483
G1 X-27.488 Y4.325 E0.01826
G1 X-22.843 Y4.325 E0.11297
G1 X-22.383 Y3.616 E0.02056
G1 X-21.701 Y2.612 E0.02952
G1 X-20.996 Y1.605 E0.0299
G1 X-20.266 Y0.592 E0.03037
G1 X-19.532 Y-.393 E0.02988
G1 X-18.526 Y-1.677 E0.03967
G1 X-17.914 Y-2.434 E0.02368
G1 X-17.072 Y-3.437 E0.03185
G1 X-16.306 Y-4.325 E0.02852
G1 F3600 E-1
G0 F12000 X-17.055 Y-3.984
G0 X-15.957 Y-4.485
G0 X-15.359 Y-4.749
;TYPE:WALL-OUTER
G1 F3600 E1
G1 F2400 X-21.659 Y-4.75 E0.15323
G1 X-22.581 Y-3.587 E0.0361
G1 X-23.441 Y-2.455 E0.03458
G1 X-24.706 Y-.717 E0.05228
G1 X-25.917 Y1.047 E0.05204
G1 X-26.702 Y2.241 E0.03475
G1 X-27.466 Y3.462 E0.03503
G1 X-28.237 Y4.75 E0.03651
G1 X-22.612 Y4.75 E0.13681
G1 X-22.031 Y3.855 E0.02595
G1 X-21.353 Y2.856 E0.02936
G1 X-20.651 Y1.853 E0.02978
G1 X-19.925 Y0.846 E0.03019
G1 X-19.197 Y-.131 E0.02963
G1 X-18.195 Y-1.41 E0.03952
G1 X-17.588 Y-2.161 E0.02349
G1 X-16.75 Y-3.16 E0.03171
G1 X-15.883 Y-4.167 E0.03232
G1 X-15.359 Y-4.749 E0.01905
G0 F12000 X-16.159 Y-4.749
G0 X-17.374 Y-3.575
G1 F3600 E-1
G0 F12000 X-17.436 Y-3.629
G0 X-23.234 Y-2.329
G0 X-30.495 Y-2.329
G0 X-31.08 Y-2.056
;TYPE:FILL
G1 F3600 E1
G1 F9600 X-31.605 Y-2.308 E0.01416
G1 X-32.508 Y-3.094 E0.02912
G1 X-33.307 Y-3.92 E0.02795
G1 X-34.665 Y-3.92 E0.03303
G1 X-35.821 Y-2.113 E0.05217
G1 X-36.932 Y-.274 E0.05226
G1 X-37.412 Y0.548 E0.02315
G1 X-38.936 Y3.284 E0.07617
G1 X-37.926 Y2.465 E0.03163
G1 X-37.023 Y2.011 E0.02458
G1 X-36.12 Y1.777 E0.02269
G1 X-35.217 Y1.725 E0.022
G1 X-34.314 Y1.874 E0.02226
G1 X-33.411 Y2.307 E0.02436
G1 X-32.508 Y3.093 E0.02912
G1 X-31.708 Y3.92 E0.02798
G1 F3600 E-1
G0 F12000 X-30.675 Y4.325
;TYPE:WALL-INNER
G1 F3600 E1
G1 F4800 X-30.675 Y-4.325 E0.21038
G1 X-34.886 Y-4.325 E0.10242
G1 X-36.146 Y-2.36 E0.05677
G1 X-37.278 Y-.484 E0.05329
G1 X-37.768 Y0.353 E0.02359
G1 X-38.866 Y2.325 E0.0549
G1 X-39.325 Y3.182 E0.02364
G1 X-39.325 Y4.325 E0.0278
G1 X-30.675 Y4.325 E0.21038
G1 F3600 E-1
G0 F12000 X-30.25 Y4.75
;TYPE:WALL-OUTER
G1 F3600 E1
G1 F2400 X-30.25 Y-4.75 E0.23105
G1 X-35.116 Y-4.75 E0.11835
G1 X-35.699 Y-3.855 E0.02598
G1 X-36.507 Y-2.584 E0.03663
G1 X-37.633 Y-.72 E0.05296
G1 X-38.138 Y0.144 E0.02434
G1 X-38.695 Y1.132 E0.02759
G1 X-39.75 Y3.075 E0.05377
G1 X-39.75 Y4.75 E0.04074
G1 X-30.25 Y4.75 E0.23105
G0 F12000 X-30.25 Y3.95
G0 X-31.425 Y3.575
G1 F3600 E-1
;MESH:NONMESH
G0 F600 X-31.425 Y3.575 Z46.58
G0 F12000 X-30.495 Y-3.92
G0 X-22.37 Y-3.463
G0 X-18.748 Y-3.92
;TIME_ELAPSED:1217.342281
;LAYER:356
;TYPE:FILL
;MESH:bridge_3a.stl
G1 F3600 E1
G1 F9600 X-18.002 Y-3.18 E0.02556
G1 X-18.835 Y-2.162 E0.03199
G1 X-19.856 Y-.861 E0.04022
G1 X-20.768 Y0.357 E0.03701
G1 X-21.814 Y1.821 E0.04376
G1 X-22.575 Y1.987 E0.01894
G1 X-23.478 Y2.4 E0.02415
G1 X-24.381 Y3.089 E0.02763
G1 X-25.211 Y3.92 E0.02857
G1 F3600 E-1
G0 F12000 X-17.241 Y-3.984
G0 X-16.496 Y-4.325
;TYPE:WALL-INNER
G1 F3600 E1
G1 F4800 X-21.634 Y-4.325 E0.12496
G1 X-22.344 Y-3.432 E0.02775
G1 X-23.197 Y-2.309 E0.0343
G1 X-24.442 Y-.6 E0.05143
G1 X-25.265 Y0.582 E0.03503
G1 X-26.44 Y2.364 E0.05191
G1 X-27.207 Y3.578 E0.03493
G1 X-27.652 Y4.325 E0.02115
G1 X-23.01 Y4.325 E0.1129
G1 X-21.874 Y2.612 E0.04999
G1 X-21.168 Y1.605 E0.02991
G1 X-20.44 Y0.595 E0.03028
G1 X-19.532 Y-.617 E0.03683
G1 X-18.523 Y-1.904 E0.03977
G1 X-17.513 Y-3.139 E0.0388
G1 X-16.496 Y-4.325 E0.038
G1 F3600 E-1
G0 F12000 X-17.241 Y-3.984
G0 X-16.145 Y-4.484
G0 X-15.552 Y-4.75
;TYPE:WALL-OUTER
G1 F3600 E1
G1 F2400 X-21.839 Y-4.75 E0.15291
G1 X-22.682 Y-3.689 E0.03296
G1 X-23.527 Y-2.578 E0.03395
G1 X-24.802 Y-.827 E0.05268
G1 X-25.605 Y0.325 E0.03415
G1 X-26.799 Y2.137 E0.05278
G1 X-27.572 Y3.361 E0.03521
G1 X-28.399 Y4.75 E0.03932
G1 X-22.78 Y4.75 E0.13666
G1 X-22.204 Y3.868 E0.02562
G1 X-21.525 Y2.856 E0.02964
G1 X-20.823 Y1.853 E0.02978
G1 X-20.1 Y0.85 E0.03007
G1 X-19.201 Y-.351 E0.03649
G1 X-18.194 Y-1.635 E0.03969
G1 X-17.19 Y-2.863 E0.03858
G1 X-16.187 Y-4.034 E0.0375
G1 X-15.552 Y-4.75 E0.02328
G0 F12000 X-16.352 Y-4.75
G0 X-17.559 Y-3.575
G1 F3600 E-1
G0 F12000 X-17.621 Y-3.628
G0 X-23.335 Y-2.43
G0 X-30.495 Y-2.43
G0 X-31.08 Y-2.161
;TYPE:FILL
G1 F3600 E1
G1 F9600 X-31.605 Y-2.434 E0.01439
G1 X-32.508 Y-3.231 E0.02929
G1 X-33.196 Y-3.92 E0.02368
G1 X-34.833 Y-3.92 E0.03981
G1 X-35.913 Y-2.23 E0.04878
G1 X-36.996 Y-.447 E0.05074
G1 X-37.746 Y0.844 E0.03631
G1 X-38.677 Y2.525 E0.04674
G1 X-38.92 Y2.983 E0.01261
G1 X-38.92 Y3.158 E0.00426
G1 X-37.926 Y2.4 E0.0304
G1 X-37.023 Y1.987 E0.02415
G1 X-36.12 Y1.79 E0.02248
G1 X-35.217 Y1.775 E0.02197
G1 X-34.314 Y1.963 E0.02243
G1 X-33.411 Y2.433 E0.02476
G1 X-32.508 Y3.23 E0.02929
G1 X-31.819 Y3.92 E0.02372
G1 F3600 E-1
G0 F12000 X-30.675 Y4.325
;TYPE:WALL-INNER
G1 F3600 E1
G1 F4800 X-30.675 Y-4.325 E0.21038
G1 X-35.054 Y-4.325 E0.1065
G1 X-35.48 Y-3.672 E0.01896
G1 X-36.261 Y-2.439 E0.0355
G1 X-37.357 Y-.63 E0.05144
G1 X-38.113 Y0.669 E0.03655
G1 X-39.031 Y2.328 E0.04611
G1 X-39.325 Y2.881 E0.01523
G1 X-39.325 Y4.325 E0.03512
G1 X-30.675 Y4.325 E0.21038
G1 F3600 E-1
G0 F12000 X-30.25 Y4.75
;TYPE:WALL-OUTER
G1 F3600 E1
G1 F2400 X-30.25 Y-4.75 E0.23105
G1 X-35.284 Y-4.75 E0.12243
G1 X-35.839 Y-3.899 E0.02471
G1 X-36.624 Y-2.66 E0.03567
G1 X-37.724 Y-.844 E0.05164
G1 X-38.485 Y0.463 E0.03678
G1 X-39.407 Y2.129 E0.04631
G1 X-39.75 Y2.775 E0.01779
G1 X-39.75 Y4.75 E0.04803
G1 X-30.25 Y4.75 E0.23105
G0 F12000 X-30.25 Y3.95
G0 X-31.425 Y3.575
G1 F3600 E-1
;MESH:NONMESH
G0 F600 X-31.425 Y3.575 Z46.71
G0 F12000 X-30.495 Y-3.92
G0 X-22.471 Y-3.564
G0 X-18.63 Y-3.92
;TIME_ELAPSED:1221.471722
;LAYER:357
;TYPE:FILL
;MESH:bridge_3a.stl
G1 F3600 E1
G1 F9600 X-18.041 Y-3.348 E0.01997
G1 X-18.837 Y-2.386 E0.03037
G1 X-19.848 Y-1.101 E0.03977
G1 X-20.891 Y0.285 E0.04219
G1 X-21.677 Y1.373 E0.03264
G1 X-22.017 Y1.86 E0.01445
G1 X-22.575 Y1.959 E0.01378
G1 X-23.478 Y2.332 E0.02376
G1 X-24.381 Y2.98 E0.02703
G1 X-25.352 Y3.92 E0.03287
G1 F3600 E-1
G0 F12000 X-17.429 Y-3.984
G0 X-16.682 Y-4.325
;TYPE:WALL-INNER
G1 F3600 E1
G1 F4800 X-21.813 Y-4.325 E0.12479
G1 X-22.403 Y-3.581 E0.02309
G1 X-23.297 Y-2.409 E0.03585
G1 X-24.128 Y-1.282 E0.03406
G1 X-25.367 Y0.484 E0.05247
G1 X-26.161 Y1.671 E0.03473
G1 X-27.309 Y3.477 E0.05205
G1 X-27.82 Y4.324 E0.02406
G1 X-23.176 Y4.325 E0.11295
G1 X-22.605 Y3.448 E0.02545
G1 X-22.047 Y2.614 E0.02441
G1 X-21.344 Y1.605 E0.02991
G1 X-20.564 Y0.521 E0.03248
G1 X-19.531 Y-.85 E0.04175
G1 X-18.521 Y-2.135 E0.03975
G1 X-17.445 Y-3.436 E0.04106
G1 X-16.682 Y-4.325 E0.02849
G1 F3600 E-1
G0 F12000 X-17.429 Y-3.984
G0 X-16.336 Y-4.484
G0 X-15.738 Y-4.75
;TYPE:WALL-OUTER
G1 F3600 E1
G1 F2400 X-22.019 Y-4.75 E0.15276
G1 X-22.764 Y-3.809 E0.02919
G1 X-23.639 Y-2.661 E0.03511
G1 X-24.473 Y-1.53 E0.03418
G1 X-25.72 Y0.248 E0.05282
G1 X-26.52 Y1.443 E0.03498
G1 X-27.673 Y3.257 E0.05228
G1 X-28.569 Y4.749 E0.04233
G1 X-22.944 Y4.75 E0.13681
G1 X-22.368 Y3.861 E0.02576
G1 X-21.698 Y2.857 E0.02936
G1 X-20.999 Y1.853 E0.02975
G1 X-20.224 Y0.777 E0.03225
G1 X-19.197 Y-.587 E0.04153
G1 X-18.193 Y-1.864 E0.03951
G1 X-17.122 Y-3.159 E0.04087
G1 X-16.186 Y-4.251 E0.03498
G1 X-15.738 Y-4.75 E0.01631
G0 F12000 X-16.538 Y-4.75
G0 X-17.748 Y-3.575
G1 F3600 E-1
G0 F12000 X-17.81 Y-3.627
G0 X-23.429 Y-2.553
G0 X-30.495 Y-2.553
G0 X-31.08 Y-2.26
;TYPE:FILL
G1 F3600 E1
G1 F9600 X-31.605 Y-2.554 E0.01463
G1 X-32.508 Y-3.365 E0.02952
G1 X-33.078 Y-3.92 E0.01935
G1 X-35.002 Y-3.92 E0.04679
G1 X-35.974 Y-2.402 E0.04384
G1 X-36.776 Y-1.092 E0.03736
G1 X-37.86 Y0.764 E0.05228
G1 X-38.297 Y1.537 E0.0216
G1 X-38.92 Y2.687 E0.03181
G1 X-38.92 Y3.045 E0.00871
G1 X-37.926 Y2.332 E0.02975
G1 X-37.023 Y1.959 E0.02376
G1 X-36.12 Y1.799 E0.0223
G1 X-35.217 Y1.821 E0.02197
G1 X-34.314 Y2.048 E0.02265
G1 X-33.411 Y2.553 E0.02516
G1 X-32.508 Y3.364 E0.02952
G1 X-31.937 Y3.92 E0.01938
G1 F3600 E-1
G0 F12000 X-31.045 Y3.955
G0 X-30.675 Y4.325
;TYPE:WALL-INNER
G1 F3600 E1
G1 F4800 X-30.675 Y-4.325 E0.21038
G1 X-35.221 Y-4.325 E0.11057
G1 X-36.318 Y-2.617 E0.04937
G1 X-37.121 Y-1.304 E0.03743
G1 X-38.211 Y0.561 E0.05254
G1 X-38.648 Y1.337 E0.02166
G1 X-39.325 Y2.584 E0.03451
G1 X-39.325 Y4.325 E0.04234
G1 X-30.675 Y4.325 E0.21038
G1 F3600 E-1
G0 F12000 X-30.25 Y4.75
;TYPE:WALL-OUTER
G1 F3600 E1
G1 F2400 X-30.25 Y-4.75 E0.23105
G1 X-35.452 Y-4.75 E0.12652
G1 X-36.664 Y-2.867 E0.05446
G1 X-37.488 Y-1.518 E0.03845
G1 X-38.582 Y0.352 E0.05269
G1 X-39.022 Y1.134 E0.02182
G1 X-39.75 Y2.476 E0.03713
G1 X-39.75 Y4.75 E0.05531
G1 X-30.25 Y4.75 E0.23105
G0 F12000 X-30.25 Y3.95
G0 X-31.425 Y3.575
G1 F3600 E-1
;MESH:NONMESH
G0 F600 X-31.425 Y3.575 Z46.84
G0 F12000 X-30.495 Y1.876
G0 X-27.464 Y3.384
G0 X-22.197 Y1.876
;TIME_ELAPSED:1225.575833
;LAYER:358
;TYPE:FILL
;MESH:bridge_3a.stl
G1 F3600 E1
G1 F9600 X-22.575 Y1.928 E0.00928
G1 X-23.478 Y2.262 E0.02342
G1 X-24.381 Y2.87 E0.02648
G1 X-25.494 Y3.919 E0.0372
G1 F3600 E-1
G0 F12000 X-17.615 Y-3.984
G0 X-16.871 Y-4.324
;TYPE:WALL-INNER
G1 F3600 E1
G1 F4800 X-21.996 Y-4.325 E0.12465
G1 X-22.607 Y-3.549 E0.02402
G1 X-23.396 Y-2.515 E0.03163
G1 X-24.242 Y-1.366 E0.0347
G1 X-25.064 Y-.208 E0.03454
G1 X-25.863 Y0.969 E0.0346
G1 X-26.775 Y2.36 E0.04045
G1 X-27.399 Y3.358 E0.02863
G1 X-27.985 Y4.324 E0.02748
G1 X-23.348 Y4.325 E0.11278
G1 X-22.893 Y3.623 E0.02035
G1 X-22.216 Y2.615 E0.02953
G1 X-21.546 Y1.647 E0.02863
G1 X-20.794 Y0.597 E0.03141
G1 X-20.044 Y-.412 E0.03058
G1 X-19.268 Y-1.422 E0.03098
G1 X-18.465 Y-2.427 E0.03129
G1 X-17.541 Y-3.544 E0.03526
G1 X-16.871 Y-4.324 E0.02501
G1 F3600 E-1
G0 F12000 X-17.615 Y-3.984
G0 X-16.522 Y-4.484
G0 X-15.931 Y-4.75
;TYPE:WALL-OUTER
G1 F3600 E1
G1 F2400 X-22.202 Y-4.75 E0.15252
G1 X-22.945 Y-3.807 E0.0292
G1 X-23.738 Y-2.767 E0.03181
G1 X-24.589 Y-1.612 E0.03489
G1 X-25.415 Y-.447 E0.03473
G1 X-26.208 Y0.719 E0.0343
G1 X-27.142 Y2.145 E0.04146
G1 X-27.762 Y3.137 E0.02845
G1 X-28.731 Y4.749 E0.04574
G1 X-23.116 Y4.75 E0.13657
G1 X-22.54 Y3.86 E0.02578
G1 X-21.866 Y2.857 E0.02939
G1 X-21.2 Y1.894 E0.02848
G1 X-20.453 Y0.85 E0.03122
G1 X-19.707 Y-.153 E0.0304
G1 X-18.936 Y-1.157 E0.03079
G1 X-18.137 Y-2.156 E0.03111
G1 X-17.218 Y-3.267 E0.03507
G1 X-16.448 Y-4.166 E0.02879
G1 X-15.931 Y-4.75 E0.01897
G0 F12000 X-16.731 Y-4.75
G0 X-17.933 Y-3.575
G1 F3600 E-1
G0 F12000 X-17.992 Y-3.625
G0 X-23.532 Y-2.638
G0 X-30.495 Y-2.638
G0 X-31.08 Y-2.356
;TYPE:FILL
G1 F3600 E1
G1 F9600 X-31.605 Y-2.671 E0.01489
G1 X-32.508 Y-3.496 E0.02975
G1 X-32.954 Y-3.92 E0.01497
G1 X-35.173 Y-3.92 E0.05397
G1 X-35.73 Y-3.057 E0.02498
G1 X-36.635 Y-1.599 E0.04174
G1 X-37.203 Y-.648 E0.02694
G1 X-38.089 Y0.874 E0.04283
G1 X-38.92 Y2.385 E0.04194
G1 X-38.92 Y2.931 E0.01328
G1 X-37.926 Y2.262 E0.02914
G1 X-37.023 Y1.928 E0.02342
G1 X-36.12 Y1.804 E0.02217
G1 X-35.217 Y1.862 E0.02201
G1 X-34.314 Y2.128 E0.0229
G1 X-33.411 Y2.67 E0.02561
G1 X-32.508 Y3.495 E0.02975
G1 X-32.061 Y3.92 E0.015
G1 F3600 E-1
G0 F12000 X-31.045 Y3.955
G0 X-30.675 Y4.325
;TYPE:WALL-INNER
G1 F3600 E1
G1 F4800 X-30.675 Y-4.325 E0.21038
G1 X-35.392 Y-4.325 E0.11472
G1 X-36.079 Y-3.261 E0.0308
G1 X-36.843 Y-2.031 E0.03522
G1 X-37.683 Y-.635 E0.03963
G1 X-38.314 Y0.455 E0.03063
G1 X-39.325 Y2.281 E0.05076
G1 X-39.325 Y4.325 E0.04971
G1 X-30.675 Y4.325 E0.21038
G1 F3600 E-1
G0 F12000 X-30.25 Y4.75
;TYPE:WALL-OUTER
G1 F3600 E1
G1 F2400 X-30.25 Y-4.75 E0.23105
G1 X-35.623 Y-4.75 E0.13068
G1 X-36.428 Y-3.506 E0.03604
G1 X-37.207 Y-2.251 E0.03593
G1 X-38.05 Y-.848 E0.03981
G1 X-38.684 Y0.247 E0.03077
G1 X-39.75 Y2.172 E0.05352
G1 X-39.75 Y4.75 E0.0627
G1 X-30.25 Y4.75 E0.23105
G0 F12000 X-30.25 Y3.95
G0 X-31.425 Y3.575
G1 F3600 E-1
;MESH:NONMESH
G0 F600 X-31.425 Y3.575 Z46.97
G0 F12000 X-30.495 Y1.872
G0 X-27.555 Y3.263
G0 X-22.367 Y1.872
;TIME_ELAPSED:1229.588012
;LAYER:359
;TYPE:FILL
;MESH:bridge_3a.stl
G1 F3600 E1
G1 F9600 X-22.575 Y1.892 E0.00508
G1 X-23.478 Y2.188 E0.02311
G1 X-24.381 Y2.759 E0.02598
G1 X-25.63 Y3.92 E0.04147
G1 F3600 E-1
G0 F12000 X-17.803 Y-3.985
G0 X-17.059 Y-4.325
;TYPE:WALL-INNER
G1 F3600 E1
G1 F4800 X-22.178 Y-4.325 E0.1245
G1 X-23.076 Y-3.172 E0.03554
G1 X-24.36 Y-1.439 E0.05246
G1 X-25.164 Y-.306 E0.03379
G1 X-26.368 Y1.471 E0.05221
G1 X-27.567 Y3.358 E0.05438
G1 X-28.153 Y4.325 E0.0275
G1 X-23.512 Y4.325 E0.11288
G1 X-23.062 Y3.625 E0.02024
G1 X-22.388 Y2.616 E0.02951
G1 X-21.689 Y1.601 E0.02997
G1 X-20.967 Y0.598 E0.03006
G1 X-20.22 Y-.411 E0.03053
G1 X-19.449 Y-1.417 E0.03083
G1 X-18.548 Y-2.547 E0.03515
G1 X-17.513 Y-3.796 E0.03945
G1 X-17.059 Y-4.325 E0.01695
G1 F3600 E-1
G0 F12000 X-17.803 Y-3.985
G0 X-16.71 Y-4.484
G0 X-16.119 Y-4.75
;TYPE:WALL-OUTER
G1 F3600 E1
G1 F2400 X-22.385 Y-4.75 E0.1524
G1 X-23.418 Y-3.425 E0.04086
G1 X-24.707 Y-1.685 E0.05267
G1 X-25.516 Y-.544 E0.03402
G1 X-26.725 Y1.242 E0.05245
G1 X-27.493 Y2.437 E0.03455
G1 X-27.93 Y3.137 E0.02007
G1 X-28.896 Y4.75 E0.04573
G1 X-23.281 Y4.75 E0.13657
G1 X-22.708 Y3.861 E0.02572
G1 X-22.038 Y2.858 E0.02934
G1 X-21.344 Y1.85 E0.02976
G1 X-20.625 Y0.851 E0.02994
G1 X-19.883 Y-.153 E0.03036
G1 X-19.116 Y-1.152 E0.03063
G1 X-18.221 Y-2.276 E0.03495
G1 X-17.19 Y-3.519 E0.03928
G1 X-16.636 Y-4.166 E0.02072
G1 X-16.119 Y-4.75 E0.01897
G0 F12000 X-16.919 Y-4.75
G0 X-18.122 Y-3.575
G1 F3600 E-1
G0 F12000 X-18.177 Y-3.622
G0 X-24.483 Y-1.586
G0 X-30.495 Y-1.586
G0 X-31.08 Y-2.447
;TYPE:FILL
G1 F3600 E1
G1 F9600 X-31.605 Y-2.784 E0.01517
G1 X-32.824 Y-3.92 E0.04053
G1 X-35.339 Y-3.92 E0.06117
G1 X-35.946 Y-2.968 E0.02746
G1 X-36.9 Y-1.428 E0.04406
G1 X-37.495 Y-.434 E0.02818
G1 X-37.936 Y0.332 E0.0215
G1 X-38.92 Y2.093 E0.04906
G1 X-38.92 Y2.817 E0.01761
G1 X-37.926 Y2.188 E0.02861
G1 X-37.023 Y1.892 E0.02311
G1 X-36.12 Y1.805 E0.02206
G1 X-35.217 Y1.9 E0.02208
G1 X-34.314 Y2.204 E0.02317
G1 X-33.411 Y2.783 E0.02609
G1 X-32.191 Y3.92 E0.04056
G1 F3600 E-1
G0 F12000 X-31.045 Y3.955
G0 X-30.675 Y4.325
;TYPE:WALL-INNER
G1 F3600 E1
G1 F4800 X-30.675 Y-4.325 E0.21038
G1 X-35.559 Y-4.325 E0.11879
G1 X-36.178 Y-3.364 E0.0278
G1 X-37.255 Y-1.623 E0.04979
G1 X-37.846 Y-.637 E0.02796
G1 X-38.419 Y0.358 E0.02793
G1 X-39.325 Y1.991 E0.04542
G1 X-39.325 Y4.325 E0.05677
G1 X-30.675 Y4.325 E0.21038
G1 F3600 E-1
G0 F12000 X-30.25 Y4.75
;TYPE:WALL-OUTER
G1 F3600 E1
G1 F2400 X-30.25 Y-4.75 E0.23105
G1 X-35.791 Y-4.75 E0.13477
G1 X-36.539 Y-3.588 E0.03361
G1 X-37.62 Y-1.841 E0.04997
G1 X-38.214 Y-.849 E0.02812
G1 X-38.791 Y0.152 E0.0281
G1 X-39.75 Y1.881 E0.04809
G1 X-39.75 Y4.75 E0.06978
G1 X-30.25 Y4.75 E0.23105
G0 F12000 X-30.25 Y3.95
G0 X-31.425 Y3.575
G1 F3600 E-1
;MESH:NONMESH
G0 F600 X-31.425 Y3.575 Z47.1
G0 F12000 X-30.495 Y1.851
G0 X-27.72 Y3.261
G0 X-22.524 Y1.851
;TIME_ELAPSED:1233.632116
;LAYER:360
;TYPE:FILL
;MESH:bridge_3a.stl
G1 F3600 E1
G1 F9600 X-22.575 Y1.854 E0.00124
G1 X-23.478 Y2.111 E0.02283
G1 X-24.381 Y2.645 E0.02552
G1 X-25.284 Y3.467 E0.0297
G1 X-25.758 Y3.919 E0.01593
G1 F3600 E-1
G0 F12000 X-17.984 Y-3.984
G0 X-17.242 Y-4.325
;TYPE:WALL-INNER
G1 F3600 E1
G1 F4800 X-22.357 Y-4.324 E0.1244
G1 X-23.175 Y-3.275 E0.03235
G1 X-24.436 Y-1.582 E0.05134
G1 X-25.259 Y-.414 E0.03475
G1 X-26.077 Y0.774 E0.03508
G1 X-27.24 Y2.565 E0.05194
G1 X-28.316 Y4.324 E0.05015
G1 X-23.678 Y4.325 E0.1128
G1 X-23.231 Y3.626 E0.02018
G1 X-22.568 Y2.628 E0.02914
G1 X-21.862 Y1.603 E0.03027
G1 X-21.144 Y0.599 E0.03002
G1 X-20.4 Y-.412 E0.03053
G1 X-19.625 Y-1.421 E0.03094
G1 X-18.827 Y-2.424 E0.03117
G1 X-17.998 Y-3.438 E0.03185
G1 X-17.242 Y-4.325 E0.02835
G1 F3600 E-1
G0 F12000 X-17.984 Y-3.984
G0 X-16.898 Y-4.484
G0 X-16.309 Y-4.749
;TYPE:WALL-OUTER
G1 F3600 E1
G1 F2400 X-22.565 Y-4.749 E0.15216
G1 X-23.515 Y-3.529 E0.03761
G1 X-24.765 Y-1.853 E0.05085
G1 X-25.609 Y-.656 E0.03562
G1 X-26.416 Y0.516 E0.03461
G1 X-27.601 Y2.341 E0.05292
G1 X-28.73 Y4.187 E0.05263
G1 X-29.059 Y4.749 E0.01584
G1 X-23.445 Y4.75 E0.13654
G1 X-22.877 Y3.861 E0.02566
G1 X-22.218 Y2.87 E0.02895
G1 X-21.516 Y1.85 E0.03012
G1 X-20.802 Y0.851 E0.02986
G1 X-20.063 Y-.153 E0.03032
G1 X-19.292 Y-1.156 E0.03077
G1 X-18.498 Y-2.155 E0.03104
G1 X-17.675 Y-3.163 E0.03165
G1 X-16.821 Y-4.165 E0.03202
G1 X-16.309 Y-4.749 E0.01889
G0 F12000 X-17.109 Y-4.749
G0 X-18.302 Y-3.575
G1 F3600 E-1
G0 F12000 X-18.362 Y-3.625
G0 X-24.57 Y-1.706
G0 X-30.495 Y-1.706
G0 X-31.08 Y-2.536
;TYPE:FILL
G1 F3600 E1
G1 F9600 X-31.605 Y-2.895 E0.01547
G1 X-32.687 Y-3.92 E0.03625
G1 X-35.508 Y-3.92 E0.06861
G1 X-35.938 Y-3.254 E0.01928
G1 X-36.945 Y-1.625 E0.04658
G1 X-37.816 Y-.165 E0.04135
G1 X-38.226 Y0.551 E0.02007
G1 X-38.92 Y1.8 E0.03475
G1 X-38.92 Y2.699 E0.02187
G1 X-37.926 Y2.111 E0.02809
G1 X-37.023 Y1.854 E0.02283
G1 X-36.12 Y1.803 E0.022
G1 X-35.217 Y1.935 E0.0222
G1 X-34.314 Y2.277 E0.02348
G1 X-33.411 Y2.894 E0.0266
G1 X-32.328 Y3.92 E0.03628
G1 F3600 E-1
G0 F12000 X-31.045 Y3.955
G0 X-30.675 Y4.325
;TYPE:WALL-INNER
G1 F3600 E1
G1 F4800 X-30.675 Y-4.325 E0.21038
G1 X-35.728 Y-4.325 E0.1229
G1 X-36.283 Y-3.467 E0.02485
G1 X-37.406 Y-1.65 E0.05195
G1 X-38.153 Y-.391 E0.0356
G1 X-38.568 Y0.332 E0.02028
G1 X-39.325 Y1.695 E0.03792
G1 X-39.325 Y4.325 E0.06397
G1 X-30.675 Y4.325 E0.21038
G1 F3600 E-1
G0 F12000 X-30.25 Y4.75
;TYPE:WALL-OUTER
G1 F3600 E1
G1 F2400 X-30.25 Y-4.75 E0.23105
G1 X-35.96 Y-4.75 E0.13888
G1 X-36.644 Y-3.691 E0.03066
G1 X-37.788 Y-1.839 E0.05294
G1 X-38.532 Y-.584 E0.03548
G1 X-38.948 Y0.142 E0.02035
G1 X-39.75 Y1.585 E0.04015
G1 X-39.75 Y4.75 E0.07698
G1 X-30.25 Y4.75 E0.23105
G0 F12000 X-30.25 Y3.95
G0 X-31.425 Y3.575
G1 F3600 E-1
;MESH:NONMESH
G0 F600 X-31.425 Y3.575 Z47.23
G0 F12000 X-30.495 Y1.838
G0 X-27.883 Y3.237
G0 X-22.685 Y1.838
;TIME_ELAPSED:1237.677878
;LAYER:361
;TYPE:FILL
;MESH:bridge_3a.stl
G1 F3600 E1
G1 F9600 X-23.478 Y2.03 E0.01984
G1 X-24.381 Y2.528 E0.02508
G1 X-25.284 Y3.336 E0.02947
G1 X-25.881 Y3.92 E0.02031
G1 F3600 E-1
G0 F12000 X-18.17 Y-3.983
G0 X-17.43 Y-4.324
;TYPE:WALL-INNER
G1 F3600 E1
G1 F4800 X-22.534 Y-4.325 E0.12414
G1 X-23.273 Y-3.376 E0.02925
G1 X-24.124 Y-2.245 E0.03442
G1 X-24.6 Y-1.593 E0.01963
G1 X-25.365 Y-.511 E0.03223
G1 X-26.17 Y0.666 E0.03468
G1 X-27.34 Y2.465 E0.05219
G1 X-28.096 Y3.683 E0.03487
G1 X-28.476 Y4.325 E0.01814
G1 X-23.847 Y4.325 E0.11258
G1 X-23.402 Y3.625 E0.02017
G1 X-22.038 Y1.603 E0.05932
G1 X-21.32 Y0.599 E0.03002
G1 X-20.537 Y-.462 E0.03207
G1 X-19.806 Y-1.42 E0.02931
G1 X-19.014 Y-2.42 E0.03103
G1 X-18.183 Y-3.437 E0.03194
G1 X-17.43 Y-4.324 E0.0283
G1 F3600 E-1
G0 F12000 X-18.17 Y-3.983
G0 X-17.085 Y-4.484
G0 X-16.497 Y-4.749
;TYPE:WALL-OUTER
G1 F3600 E1
G1 F2400 X-22.741 Y-4.75 E0.15186
G1 X-23.613 Y-3.631 E0.0345
G1 X-24.467 Y-2.496 E0.03455
G1 X-24.947 Y-1.838 E0.01981
G1 X-25.715 Y-.751 E0.03237
G1 X-26.512 Y0.411 E0.03427
G1 X-27.701 Y2.241 E0.05308
G1 X-28.462 Y3.467 E0.0351
G1 X-29.221 Y4.75 E0.03626
G1 X-23.614 Y4.75 E0.13637
G1 X-23.048 Y3.861 E0.02563
G1 X-21.692 Y1.85 E0.05899
G1 X-20.978 Y0.851 E0.02986
G1 X-20.199 Y-.204 E0.0319
G1 X-19.473 Y-1.156 E0.02912
G1 X-18.678 Y-2.159 E0.03113
G1 X-17.859 Y-3.162 E0.03149
G1 X-17.009 Y-4.165 E0.03198
G1 X-16.497 Y-4.749 E0.01889
G0 F12000 X-17.297 Y-4.749
G0 X-18.488 Y-3.575
G1 F3600 E-1
G0 F12000 X-18.548 Y-3.625
G0 X-24.264 Y-2.364
G0 X-30.495 Y-2.364
G0 X-31.08 Y-2.623
;TYPE:FILL
G1 F3600 E1
G1 F9600 X-31.605 Y-3.004 E0.01578
G1 X-32.544 Y-3.92 E0.0319
G1 X-35.681 Y-3.92 E0.0763
G1 X-36.04 Y-3.361 E0.01616
G1 X-37.245 Y-1.412 E0.05573
G1 X-38.281 Y0.363 E0.04999
G1 X-38.92 Y1.506 E0.03185
G1 X-38.92 Y2.578 E0.02607
G1 X-37.926 Y2.03 E0.02761
G1 X-37.023 Y1.811 E0.0226
G1 X-36.12 Y1.797 E0.02196
G1 X-35.217 Y1.965 E0.02234
G1 X-34.314 Y2.347 E0.02385
G1 X-33.411 Y3.003 E0.02715
G1 X-32.471 Y3.92 E0.03194
G1 F3600 E-1
G0 F12000 X-31.045 Y3.955
G0 X-30.675 Y4.325
;TYPE:WALL-INNER
G1 F3600 E1
G1 F4800 X-30.675 Y-4.325 E0.21038
G1 X-35.9 Y-4.325 E0.12708
G1 X-36.384 Y-3.575 E0.02171
G1 X-37.588 Y-1.626 E0.05572
G1 X-38.63 Y0.158 E0.05025
G1 X-39.325 Y1.4 E0.03462
G1 X-39.325 Y4.325 E0.07114
G1 X-30.675 Y4.325 E0.21038
G1 F3600 E-1
G0 F12000 X-30.25 Y4.75
;TYPE:WALL-OUTER
G1 F3600 E1
G1 F2400 X-30.25 Y-4.75 E0.23105
G1 X-36.131 Y-4.75 E0.14303
G1 X-36.744 Y-3.8 E0.0275
G1 X-37.955 Y-1.84 E0.05604
G1 X-39.001 Y-0.049 E0.05044
G1 X-39.75 Y1.29 E0.03732
G1 X-39.75 Y4.75 E0.08415
G1 X-30.25 Y4.75 E0.23105
G0 F12000 X-30.25 Y3.95
G0 X-31.425 Y3.575
G1 F3600 E-1
;MESH:NONMESH
G0 F600 X-31.425 Y3.575 Z47.36
G0 F12000 X-30.495 Y1.819
G0 X-28.083 Y3.315
G0 X-22.845 Y1.819
;TIME_ELAPSED:1241.706128
;LAYER:362
;TYPE:FILL
;MESH:bridge_3a.stl
G1 F3600 E1
G1 F9600 X-23.478 Y1.945 E0.0157
G1 X-24.381 Y2.406 E0.02466
G1 X-25.284 Y3.201 E0.02926
G1 X-25.997 Y3.92 E0.02463
G1 F3600 E-1
G0 F12000 X-18.355 Y-3.983
G0 X-17.618 Y-4.325
;TYPE:WALL-INNER
G1 F3600 E1
G1 F4800 X-22.718 Y-4.324 E0.12404
G1 X-23.377 Y-3.477 E0.0261
G1 X-24.225 Y-2.346 E0.03438
G1 X-25.06 Y-1.192 E0.03464
G1 X-26.275 Y0.567 E0.052
G1 X-27.062 Y1.758 E0.03472
G1 X-27.821 Y2.965 E0.03468
G1 X-28.644 Y4.325 E0.03866
G1 X-24.018 Y4.324 E0.11251
G1 X-23.587 Y3.65 E0.01946
G1 X-22.902 Y2.619 E0.03011
G1 X-22.212 Y1.61 E0.02973
G1 X-21.544 Y0.663 E0.02819
G1 X-20.754 Y-.409 E0.03239
G1 X-19.987 Y-1.418 E0.03083
G1 X-19.191 Y-2.427 E0.03126
G1 X-18.368 Y-3.436 E0.03167
G1 X-17.618 Y-4.325 E0.02829
G1 F3600 E-1
G0 F12000 X-18.355 Y-3.983
G0 X-17.272 Y-4.484
G0 X-16.686 Y-4.75
;TYPE:WALL-OUTER
G1 F3600 E1
G1 F2400 X-22.925 Y-4.749 E0.15174
G1 X-23.717 Y-3.732 E0.03135
G1 X-24.569 Y-2.596 E0.03454
G1 X-25.41 Y-1.434 E0.03489
G1 X-26.629 Y0.332 E0.05219
G1 X-27.422 Y1.532 E0.03498
G1 X-28.184 Y2.744 E0.03482
G1 X-28.935 Y3.98 E0.03518
G1 X-29.383 Y4.75 E0.02167
G1 X-23.785 Y4.749 E0.13615
G1 X-23.233 Y3.885 E0.02494
G1 X-22.551 Y2.858 E0.02998
G1 X-21.865 Y1.855 E0.02955
G1 X-21.202 Y0.915 E0.02798
G1 X-20.416 Y-.152 E0.03223
G1 X-19.653 Y-1.155 E0.03065
G1 X-18.862 Y-2.159 E0.03109
G1 X-18.043 Y-3.162 E0.03149
G1 X-17.197 Y-4.165 E0.03191
G1 X-16.686 Y-4.75 E0.01889
G0 F12000 X-17.486 Y-4.75
G0 X-18.673 Y-3.575
G1 F3600 E-1
G0 F12000 X-18.732 Y-3.624
G0 X-24.36 Y-2.471
G0 X-30.495 Y-2.471
G0 X-31.08 Y-2.707
;TYPE:FILL
G1 F3600 E1
G1 F9600 X-31.605 Y-3.113 E0.01614
G1 X-32.406 Y-3.92 E0.02765
G1 X-35.846 Y-3.92 E0.08367
G1 X-36.905 Y-2.247 E0.04816
G1 X-38.019 Y-.372 E0.05304
G1 X-38.92 Y1.21 E0.04428
G1 X-38.92 Y2.486 E0.03103
G1 X-38.829 Y2.406 E0.00295
G1 X-37.926 Y1.945 E0.02466
G1 X-37.023 Y1.765 E0.02239
G1 X-36.12 Y1.788 E0.02197
G1 X-35.217 Y1.993 E0.02252
G1 X-34.314 Y2.414 E0.02423
G1 X-33.411 Y3.112 E0.02776
G1 X-32.609 Y3.92 E0.02769
G1 F3600 E-1
G0 F12000 X-31.045 Y3.955
G0 X-30.675 Y4.325
;TYPE:WALL-INNER
G1 F3600 E1
G1 F4800 X-30.675 Y-4.325 E0.21038
G1 X-36.067 Y-4.325 E0.13114
G1 X-37.244 Y-2.467 E0.05349
G1 X-38.369 Y-.577 E0.05349
G1 X-39.325 Y1.105 E0.04705
G1 X-39.325 Y4.325 E0.07832
G1 X-30.675 Y4.325 E0.21038
G1 F3600 E-1
G0 F12000 X-30.25 Y4.75
;TYPE:WALL-OUTER
G1 F3600 E1
G1 F2400 X-30.25 Y-4.75 E0.23105
G1 X-36.299 Y-4.75 E0.14712
G1 X-36.874 Y-3.856 E0.02585
G1 X-37.629 Y-2.651 E0.03458
G1 X-38.738 Y-.789 E0.05271
G1 X-39.75 Y0.994 E0.04986
G1 X-39.75 Y4.75 E0.09135
G1 X-30.25 Y4.75 E0.23105
G0 F12000 X-30.25 Y3.95
G0 X-31.425 Y3.575
G1 F3600 E-1
;MESH:NONMESH
G0 F600 X-31.425 Y3.575 Z47.49
G0 F12000 X-30.495 Y1.779
G0 X-27.975 Y2.87
G0 X-22.99 Y1.779
;TIME_ELAPSED:1245.730058
;LAYER:363
;TYPE:FILL
;MESH:bridge_3a.stl
G1 F3600 E1
G1 F9600 X-23.478 Y1.855 E0.01201
G1 X-24.381 Y2.279 E0.02426
G1 X-25.284 Y3.062 E0.02907
G1 X-26.108 Y3.919 E0.02892
G1 F3600 E-1
G0 F12000 X-18.54 Y-3.983
G0 X-17.799 Y-4.325
;TYPE:WALL-INNER
G1 F3600 E1
G1 F4800 X-22.898 Y-4.325 E0.12402
G1 X-23.899 Y-3.016 E0.04008
G1 X-24.733 Y-1.888 E0.03412
G1 X-25.565 Y-.713 E0.03502
G1 X-26.374 Y0.461 E0.03468
G1 X-27.16 Y1.655 E0.03477
G1 X-28.301 Y3.475 E0.05224
G1 X-28.809 Y4.324 E0.02406
G1 X-24.186 Y4.325 E0.11244
G1 X-23.073 Y2.613 E0.04966
G1 X-22.336 Y1.543 E0.0316
G1 X-21.669 Y0.601 E0.02807
G1 X-20.93 Y-.409 E0.03044
G1 X-20.164 Y-1.417 E0.03079
G1 X-19.372 Y-2.426 E0.0312
G1 X-18.515 Y-3.481 E0.03306
G1 X-17.799 Y-4.325 E0.02692
G1 F3600 E-1
G0 F12000 X-18.54 Y-3.983
G0 X-17.461 Y-4.483
G0 X-16.874 Y-4.75
;TYPE:WALL-OUTER
G1 F3600 E1
G1 F2400 X-23.115 Y-4.75 E0.15179
G1 X-24.241 Y-3.269 E0.04525
G1 X-25.089 Y-2.12 E0.03473
G1 X-25.916 Y-.955 E0.03475
G1 X-26.729 Y0.227 E0.03489
G1 X-27.519 Y1.427 E0.03494
G1 X-28.666 Y3.257 E0.05253
G1 X-29.551 Y4.75 E0.04221
G1 X-23.953 Y4.75 E0.13615
G1 X-23.385 Y3.862 E0.02564
G1 X-22.723 Y2.854 E0.02933
G1 X-22.037 Y1.855 E0.02947
G1 X-21.326 Y0.852 E0.0299
G1 X-20.592 Y-.152 E0.03025
G1 X-19.829 Y-1.155 E0.03065
G1 X-19.043 Y-2.158 E0.03099
G1 X-18.191 Y-3.206 E0.03285
G1 X-16.874 Y-4.75 E0.04936
G0 F12000 X-17.674 Y-4.75
G0 X-18.858 Y-3.575
G1 F3600 E-1
G0 F12000 X-18.916 Y-3.623
G0 X-24.886 Y-1.991
G0 X-30.495 Y-1.991
G0 X-31.08 Y-2.791
;TYPE:FILL
G1 F3600 E1
G1 F9600 X-31.605 Y-3.222 E0.01652
G1 X-32.276 Y-3.92 E0.02355
G1 X-36.013 Y-3.92 E0.09089
G1 X-36.986 Y-2.377 E0.04437
G1 X-37.754 Y-1.1 E0.03624
G1 X-38.491 Y0.155 E0.0354
G1 X-38.92 Y0.917 E0.02127
G1 X-38.92 Y2.358 E0.03505
G1 X-38.829 Y2.279 E0.00293
G1 X-37.926 Y1.855 E0.02426
G1 X-37.023 Y1.714 E0.02223
G1 X-36.12 Y1.774 E0.02201
G1 X-35.217 Y2.016 E0.02274
G1 X-34.314 Y2.479 E0.02468
G1 X-33.411 Y3.221 E0.02843
G1 X-32.74 Y3.92 E0.02357
G1 F3600 E-1
G0 F12000 X-31.045 Y3.955
G0 X-30.675 Y4.325
;TYPE:WALL-INNER
G1 F3600 E1
G1 F4800 X-30.675 Y-4.325 E0.21038
G1 X-36.235 Y-4.325 E0.13523
G1 X-37.33 Y-2.59 E0.0499
G1 X-38.101 Y-1.309 E0.03636
G1 X-38.84 Y-0.051 E0.03549
G1 X-39.325 Y0.813 E0.0241
G1 X-39.325 Y4.325 E0.08542
G1 X-30.675 Y4.325 E0.21038
G1 F3600 E-1
G0 F12000 X-30.25 Y4.75
;TYPE:WALL-OUTER
G1 F3600 E1
G1 F2400 X-30.25 Y-4.75 E0.23105
G1 X-36.467 Y-4.75 E0.15121
G1 X-37.041 Y-3.854 E0.02588
G1 X-37.694 Y-2.809 E0.02997
G1 X-38.468 Y-1.525 E0.03646
G1 X-39.195 Y-.287 E0.03492
G1 X-39.75 Y0.702 E0.02758
G1 X-39.75 Y4.75 E0.09845
G1 X-30.25 Y4.75 E0.23105
G0 F12000 X-30.25 Y3.95
G0 X-31.425 Y3.575
G1 F3600 E-1
;MESH:NONMESH
G0 F600 X-31.425 Y3.575 Z47.62
G0 F12000 X-30.495 Y1.72
G0 X-27.765 Y2.265
G0 X-23.122 Y1.72
;TIME_ELAPSED:1249.767086
;LAYER:364
;TYPE:FILL
;MESH:bridge_3a.stl
G1 F3600 E1
G1 F9600 X-23.478 Y1.759 E0.00871
G1 X-24.381 Y2.145 E0.02388
G1 X-25.284 Y2.918 E0.02891
G1 X-26.219 Y3.92 E0.03333
G1 F3600 E-1
G0 F12000 X-29.299 Y4.519
G0 X-30.495 Y4.519
G0 X-32.865 Y3.92
G1 F3600 E1
G1 F9600 X-33.411 Y3.331 E0.01953
G1 X-34.314 Y2.541 E0.02918
G1 X-35.217 Y2.036 E0.02516
G1 X-36.12 Y1.757 E0.02299
G1 X-37.023 Y1.659 E0.02209
G1 X-37.926 Y1.759 E0.0221
G1 X-38.829 Y2.145 E0.02388
G1 X-38.92 Y2.223 E0.00292
G1 X-38.92 Y0.633 E0.03867
G1 X-37.862 Y-1.198 E0.05143
G1 X-37.13 Y-2.41 E0.03444
G1 X-36.181 Y-3.92 E0.04338
G1 X-32.15 Y-3.92 E0.09804
G1 X-31.605 Y-3.332 E0.0195
G1 X-31.08 Y-2.873 E0.01696
G1 F3600 E-1
G0 F12000 X-31.045 Y3.955
G0 X-30.675 Y4.325
;TYPE:WALL-INNER
G1 F3600 E1
G1 F4800 X-30.675 Y-4.325 E0.21038
G1 X-36.403 Y-4.325 E0.13931
G1 X-37.461 Y-2.646 E0.04827
G1 X-38.208 Y-1.409 E0.03515
G1 X-38.657 Y-.644 E0.02157
G1 X-39.325 Y0.524 E0.03273
G1 X-39.325 Y4.325 E0.09245
G1 X-30.675 Y4.325 E0.21038
G1 F3600 E-1
G0 F12000 X-31.045 Y3.955
G0 X-30.495 Y-3.984
G0 X-24.541 Y-2.703
G0 X-18.726 Y-3.984
G0 X-17.984 Y-4.325
G1 F3600 E1
G1 F4800 X-23.076 Y-4.325 E0.12384
G1 X-24.403 Y-2.58 E0.05332
G1 X-25.259 Y-1.399 E0.03548
G1 X-26.077 Y-.226 E0.03478
G1 X-27.27 Y1.564 E0.05232
G1 X-28.395 Y3.359 E0.05152
G1 X-28.974 Y4.324 E0.02737
G1 X-24.351 Y4.325 E0.11244
G1 X-23.909 Y3.629 E0.02005
G1 X-23.246 Y2.619 E0.02938
G1 X-22.567 Y1.625 E0.02928
G1 X-21.842 Y0.602 E0.0305
G1 X-21.106 Y-.409 E0.03041
G1 X-20.345 Y-1.412 E0.03062
G1 X-19.524 Y-2.463 E0.03244
G1 X-18.515 Y-3.702 E0.03886
G1 X-17.984 Y-4.325 E0.01991
G1 F3600 E-1
G0 F12000 X-18.726 Y-3.984
G0 X-29.238 Y4.476
G0 X-29.856 Y4.781
;TYPE:WALL-OUTER
G1 F3600 E1
G1 F2477.1 X-27.848 Y4.75 E0.04732
G1 F2400 X-24.118 Y4.75 E0.09072
G1 X-23.554 Y3.862 E0.02559
G1 X-22.895 Y2.859 E0.02919
G1 X-22.22 Y1.871 E0.0291
G1 X-21.499 Y0.852 E0.03036
G1 X-20.768 Y-.152 E0.03021
G1 X-20.01 Y-1.15 E0.03048
G1 X-19.194 Y-2.194 E0.03223
G1 X-18.191 Y-3.427 E0.03866
G1 X-17.061 Y-4.75 E0.04232
G1 X-23.285 Y-4.75 E0.15138
G1 X-24.747 Y-2.83 E0.05869
G1 X-25.608 Y-1.642 E0.03568
G1 X-26.417 Y-.483 E0.03438
G1 X-27.63 Y1.337 E0.0532
G1 F2488.5 X-29.742 Y4.722 E0.09359
G1 F2565.3 X-29.856 Y4.781 E0.00292
G0 F12000 X-29.056 Y4.769
G1 F3600 E-1
G0 F12000 X-29.898 Y4.803
G1 F3600 E1
G1 F2727.3 X-29.977 Y4.801 E0.00169
G1 F2700 X-30.047 Y4.793 E0.00152
G1 F2529.3 X-30.25 Y4.592 E0.00659
G1 F2400 X-30.25 Y-4.75 E0.22721
G1 X-36.635 Y-4.75 E0.15529
G1 X-37.044 Y-4.113 E0.01841
G1 X-37.838 Y-2.843 E0.03643
G1 X-38.574 Y-1.625 E0.03461
G1 X-39.026 Y-.855 E0.02172
G1 X-39.75 Y0.411 E0.03547
G1 X-39.75 Y4.75 E0.10553
G1 X-30.408 Y4.75 E0.22721
G1 F2553.2 X-29.977 Y4.801 E0.00992
G0 F12000 X-30.047 Y4.793
G0 X-30.25 Y4.592
G0 X-30.25 Y4.148
G0 X-31.425 Y3.707
G1 F3600 E-1
;MESH:NONMESH
G0 F600 X-31.425 Y3.707 Z47.75
G0 F12000 X-30.495 Y1.643
G0 X-28.371 Y2.976
G0 X-23.24 Y1.643
;TIME_ELAPSED:1253.982617
;LAYER:365
;TYPE:FILL
;MESH:bridge_3a.stl
G1 F3600 E1
G1 F9600 X-23.478 Y1.659 E0.0058
G1 X-24.381 Y2.004 E0.02351
G1 X-25.284 Y2.765 E0.02872
G1 X-26.187 Y3.78 E0.03304
G1 X-26.337 Y3.92 E0.00499
G1 F3600 E-1
G0 F12000 X-29.468 Y4.516
G0 X-30.495 Y4.516
G0 X-32.987 Y3.92
G1 F3600 E1
G1 F9600 X-33.411 Y3.443 E0.01552
G1 X-34.314 Y2.6 E0.03005
G1 X-35.217 Y2.053 E0.02568
G1 X-36.12 Y1.736 E0.02328
G1 X-37.023 Y1.6 E0.02221
G1 X-37.926 Y1.659 E0.02201
G1 X-38.829 Y2.004 E0.02351
G1 X-38.92 Y2.081 E0.0029
G1 X-38.92 Y0.344 E0.04225
G1 X-37.962 Y-1.308 E0.04645
G1 X-37.153 Y-2.641 E0.03792
G1 X-36.346 Y-3.92 E0.03678
G1 X-32.028 Y-3.92 E0.10502
G1 X-31.605 Y-3.444 E0.01549
G1 X-31.08 Y-2.954 E0.01747
G1 F3600 E-1
G0 F12000 X-31.045 Y3.955
G0 X-30.675 Y4.324
;TYPE:WALL-INNER
G1 F3600 E1
G1 F4800 X-30.675 Y-4.325 E0.21036
G1 X-36.569 Y-4.325 E0.14335
G1 X-37.643 Y-2.622 E0.04897
G1 X-38.315 Y-1.508 E0.03164
G1 X-39.325 Y0.234 E0.04897
G1 X-39.325 Y4.325 E0.0995
G1 X-30.675 Y4.324 E0.21038
G1 F3600 E-1
G0 F12000 X-31.045 Y3.955
G0 X-30.495 Y-3.983
G0 X-24.241 Y-3.341
G0 X-18.907 Y-3.983
G0 X-18.173 Y-4.324
G1 F3600 E1
G1 F4800 X-23.255 Y-4.325 E0.1236
G1 X-24.107 Y-3.216 E0.03401
G1 X-25.363 Y-1.498 E0.05176
G1 X-26.182 Y-.329 E0.03472
G1 X-27.374 Y1.461 E0.05231
G1 X-28.507 Y3.274 E0.052
G1 X-29.133 Y4.325 E0.02975
G1 X-24.519 Y4.325 E0.11222
G1 X-24.078 Y3.63 E0.02002
G1 X-23.414 Y2.615 E0.0295
G1 X-22.728 Y1.611 E0.02957
G1 X-22.018 Y0.602 E0.03001
G1 X-21.284 Y-.407 E0.03035
G1 X-20.533 Y-1.403 E0.03034
G1 X-19.736 Y-2.426 E0.03154
G1 X-18.919 Y-3.433 E0.03154
G1 X-18.173 Y-4.324 E0.02826
G1 F3600 E-1
G0 F12000 X-18.907 Y-3.983
G0 X-17.831 Y-4.484
G0 X-17.247 Y-4.75
;TYPE:WALL-OUTER
G1 F3600 E1
G1 F2400 X-23.464 Y-4.75 E0.15121
G1 X-24.448 Y-3.469 E0.03929
G1 X-25.711 Y-1.742 E0.05204
G1 X-26.536 Y-.565 E0.03496
G1 X-27.735 Y1.236 E0.05262
G1 X-28.872 Y3.057 E0.05221
G1 F2259.4 X-29.691 Y4.471 E0.04222
G1 F1830.5 X-29.866 Y4.664 E0.00831
G1 X-29.544 Y4.729 E0.01048
G1 F2259.4 X-27.91 Y4.75 E0.04222
G1 F2400 X-24.286 Y4.75 E0.08814
G1 X-23.722 Y3.863 E0.02556
G1 X-23.063 Y2.855 E0.02929
G1 X-22.381 Y1.856 E0.02942
G1 X-21.675 Y0.852 E0.02985
G1 X-20.947 Y-.148 E0.03008
G1 X-20.198 Y-1.142 E0.03027
G1 X-19.407 Y-2.158 E0.03132
G1 X-18.592 Y-3.161 E0.03143
G1 X-17.758 Y-4.16 E0.03165
G1 X-17.247 Y-4.75 E0.01898
G0 F12000 X-18.047 Y-4.75
G1 F3600 E-1
G0 F12000 X-18.047 Y-4.425
G0 X-29.399 Y4.476
G0 X-29.866 Y4.664
G1 F3600 E1
G1 F1597.6 X-30.01 Y4.66 E0.00526
G1 F1641.3 X-30.083 Y4.625 E0.00288
G1 F1985.3 X-30.25 Y4.312 E0.01043
G1 F2400 X-30.25 Y-4.75 E0.2204
G1 X-36.802 Y-4.75 E0.15935
G1 X-37.991 Y-2.869 E0.05412
G1 X-38.682 Y-1.721 E0.03259
G1 X-39.75 Y0.12 E0.05176
G1 X-39.75 Y4.75 E0.11261
G1 X-30.688 Y4.75 E0.2204
G1 F1914.9 X-30.01 Y4.66 E0.02085
G0 F12000 X-30.083 Y4.625
G0 X-30.25 Y4.312
G0 X-30.25 Y3.948
G0 X-31.425 Y3.575
G1 F3600 E-1
;MESH:NONMESH
G0 F600 X-31.425 Y3.575 Z47.88
G0 F12000 X-30.495 Y1.55
G0 X-28.099 Y2.265
G0 X-23.348 Y1.55
;TIME_ELAPSED:1258.226058
;LAYER:366
;TYPE:FILL
;MESH:bridge_3a.stl
G1 F3600 E1
G1 F9600 X-23.478 Y1.552 E0.00316
G1 X-24.381 Y1.852 E0.02314
G1 X-25.284 Y2.602 E0.02855
G1 X-26.187 Y3.665 E0.03392
G1 X-26.442 Y3.92 E0.00877
G1 F3600 E-1
G0 F12000 X-29.635 Y4.516
G0 X-30.495 Y4.516
G0 X-33.103 Y3.92
G1 F3600 E1
G1 F9600 X-33.411 Y3.558 E0.01156
G1 X-34.314 Y2.658 E0.03101
G1 X-35.217 Y2.066 E0.02626
G1 X-36.12 Y1.71 E0.02361
G1 X-37.023 Y1.537 E0.02236
G1 X-37.926 Y1.552 E0.02197
G1 X-38.829 Y1.852 E0.02314
G1 X-38.92 Y1.928 E0.00288
G1 X-38.92 Y0.056 E0.04553
G1 X-38.04 Y-1.452 E0.04246
G1 X-36.936 Y-3.255 E0.05142
G1 X-36.514 Y-3.92 E0.01916
G1 X-31.912 Y-3.92 E0.11193
G1 X-31.605 Y-3.559 E0.01153
G1 X-31.08 Y-3.036 E0.01802
G1 F3600 E-1
G0 F12000 X-31.045 Y3.955
G0 X-30.45 Y4.325
;TYPE:WALL-INNER
G1 F3600 E1
G1 F4800 X-30.675 Y4.032 E0.00898
G1 X-30.675 Y-4.325 E0.20325
G1 X-36.737 Y-4.325 E0.14744
G1 X-37.278 Y-3.474 E0.02453
G1 X-38.385 Y-1.664 E0.0516
G1 X-39.325 Y-0.052 E0.04539
G1 X-39.325 Y4.325 E0.10646
G1 X-30.45 Y4.325 E0.21585
G1 F3600 E-1
G0 F12000 X-31.045 Y3.955
G0 X-30.495 Y-3.983
G0 X-24.346 Y-3.437
G0 X-19.093 Y-3.983
G0 X-18.358 Y-4.325
G1 F3600 E1
G1 F4800 X-23.434 Y-4.325 E0.12346
G1 X-24.205 Y-3.318 E0.03085
G1 X-25.054 Y-2.172 E0.03469
G1 X-26.282 Y-.429 E0.05186
G1 X-27.441 Y1.308 E0.05079
G1 X-28.235 Y2.558 E0.03602
G1 X-28.608 Y3.165 E0.01733
G1 X-29.299 Y4.324 E0.03282
G1 X-24.686 Y4.325 E0.11219
G1 X-24.249 Y3.63 E0.01997
G1 X-23.559 Y2.576 E0.03064
G1 X-22.864 Y1.559 E0.02996
G1 X-22.191 Y0.604 E0.02842
G1 X-21.459 Y-.407 E0.03036
G1 X-20.533 Y-1.635 E0.03741
G1 X-19.918 Y-2.425 E0.02435
G1 X-19.104 Y-3.431 E0.03147
G1 X-18.358 Y-4.325 E0.02832
G1 F3600 E-1
G0 F12000 X-19.093 Y-3.983
G0 X-28.764 Y3.073
G0 X-30.495 Y3.073
G0 X-30.067 Y4.287
;TYPE:WALL-OUTER
G1 F3600 E1
G1 F2332.6 X-30.25 Y4.032 E0.00785
G1 F2400 X-30.25 Y-4.75 E0.21359
G1 X-36.97 Y-4.75 E0.16344
G1 X-37.64 Y-3.696 E0.03038
G1 X-38.751 Y-1.88 E0.05178
G1 X-39.75 Y-.165 E0.04827
G1 X-39.75 Y4.75 E0.11954
G1 X-30.968 Y4.75 E0.21359
G1 F2317.6 X-30.047 Y4.734 E0.0232
G1 X-29.386 Y4.749 E0.01665
G1 F2400 X-24.451 Y4.75 E0.12003
G1 X-23.894 Y3.862 E0.02549
G1 X-23.207 Y2.815 E0.03046
G1 X-22.517 Y1.803 E0.02979
G1 X-21.847 Y0.853 E0.02827
G1 X-21.12 Y-.151 E0.03015
G1 X-20.198 Y-1.374 E0.03725
G1 X-19.587 Y-2.158 E0.02417
G1 X-18.777 Y-3.16 E0.03134
G1 X-18.218 Y-3.835 E0.02132
G1 X-17.433 Y-4.75 E0.02932
G1 X-23.644 Y-4.75 E0.15106
G1 X-24.546 Y-3.571 E0.0361
G1 X-25.385 Y-2.441 E0.03423
G1 X-26.634 Y-.667 E0.05277
G1 X-27.8 Y1.08 E0.05108
G1 X-28.597 Y2.335 E0.03616
G1 X-28.973 Y2.947 E0.01747
G1 X-29.709 Y4.181 E0.03495
G1 F2327.6 X-29.878 Y4.313 E0.00538
G1 F2264.2 X-30.067 Y4.287 E0.00492
G0 F12000 X-30.25 Y4.032
G0 X-30.25 Y3.546
G0 X-31.425 Y3.546
G1 F3600 E-1
;MESH:NONMESH
G0 F600 X-31.425 Y3.546 Z48.01
G0 F12000 X-30.495 Y1.439
G0 X-28.388 Y2.46
G0 X-23.445 Y1.439
;TIME_ELAPSED:1262.352313
;LAYER:367
;note -- min layer time used
;TYPE:FILL
;MESH:bridge_3a.stl
G1 F3600 E1
G1 F8650.8 X-23.478 Y1.438 E0.0008
G1 X-24.381 Y1.689 E0.02279
G1 X-25.284 Y2.425 E0.02833
G1 X-26.187 Y3.544 E0.03497
G1 X-26.539 Y3.92 E0.01253
G1 F3600 E-1
G0 F12000 X-29.761 Y4.49
G0 X-33.217 Y3.92
G1 F3600 E1
G1 F8650.8 X-33.411 Y3.679 E0.00752
G1 X-34.314 Y2.714 E0.03214
G1 X-35.217 Y2.075 E0.0269
G1 X-36.12 Y1.68 E0.02397
G1 X-37.023 Y1.468 E0.02256
G1 X-37.926 Y1.438 E0.02197
G1 X-38.829 Y1.689 E0.02279
G1 X-38.92 Y1.763 E0.00285
G1 X-38.92 Y-.221 E0.04825
G1 X-38.226 Y-1.422 E0.03374
G1 X-37.009 Y-3.411 E0.05671
G1 X-36.684 Y-3.92 E0.01469
G1 X-31.799 Y-3.92 E0.11881
G1 X-31.605 Y-3.68 E0.00751
G1 X-31.08 Y-3.119 E0.01869
G1 F3600 E-1
G0 F12000 X-31.045 Y3.955
G0 X-30.232 Y4.325
;TYPE:WALL-INNER
G1 F3600 E1
G1 F4483.6 X-30.675 Y3.748 E0.01769
G1 X-30.675 Y-4.325 E0.19635
G1 X-36.906 Y-4.325 E0.15155
G1 X-37.35 Y-3.63 E0.02006
G1 X-38.147 Y-2.34 E0.03688
G1 X-38.575 Y-1.628 E0.0202
G1 X-39.325 Y-.33 E0.03646
G1 X-39.325 Y4.325 E0.11322
G1 X-30.232 Y4.325 E0.22116
G0 F12000 X-29.651 Y4.326
G1 F4483.6 X-24.854 Y4.325 E0.11667
G1 X-24.416 Y3.629 E0.02
G1 X-23.723 Y2.575 E0.03068
G1 X-23.074 Y1.612 E0.02824
G1 X-22.367 Y0.603 E0.02997
G1 X-21.564 Y-.502 E0.03322
G1 X-20.878 Y-1.414 E0.02776
G1 X-20.095 Y-2.423 E0.03106
G1 X-19.518 Y-3.141 E0.0224
G1 X-18.544 Y-4.325 E0.03729
G1 X-23.614 Y-4.325 E0.12331
G1 X-24.31 Y-3.417 E0.02783
G1 X-24.922 Y-2.591 E0.025
G1 X-25.578 Y-1.683 E0.02724
G1 X-26.372 Y-.545 E0.03375
G1 X-27.037 Y0.434 E0.02878
G1 X-27.651 Y1.373 E0.02729
G1 X-28.34 Y2.459 E0.03128
G1 X-29.347 Y4.118 E0.0472
G1 X-29.651 Y4.326 E0.00896
G1 F3600 E-1
G0 F12000 X-30.083 Y4.06
;TYPE:WALL-OUTER
G1 F3600 E1
G1 F2069 X-30.25 Y3.748 E0.00998
G1 F2400 X-30.25 Y-4.75 E0.20668
G1 X-37.139 Y-4.75 E0.16755
G1 X-37.711 Y-3.854 E0.02585
G1 X-38.511 Y-2.56 E0.037
G1 X-38.943 Y-1.84 E0.02042
G1 X-39.75 Y-.444 E0.03922
G1 X-39.75 Y4.75 E0.12633
G1 X-31.252 Y4.75 E0.20668
G1 F2195.1 X-29.863 Y4.658 E0.03702
G1 X-29.23 Y4.75 E0.01701
G1 F2400 X-24.619 Y4.75 E0.11215
G1 X-24.061 Y3.862 E0.02551
G1 X-23.371 Y2.813 E0.03054
G1 X-22.725 Y1.856 E0.02808
G1 X-22.012 Y0.838 E0.03023
G1 X-21.224 Y-.247 E0.03261
G1 X-20.542 Y-1.154 E0.0276
G1 X-19.763 Y-2.157 E0.03089
G1 X-19.19 Y-2.871 E0.02227
G1 X-18.19 Y-4.087 E0.03829
G1 X-17.621 Y-4.749 E0.02123
G1 X-23.824 Y-4.75 E0.15087
G1 X-24.651 Y-3.67 E0.03308
G1 X-25.266 Y-2.841 E0.0251
G1 X-25.904 Y-1.959 E0.02648
G1 X-26.728 Y-.776 E0.03506
G1 X-27.352 Y0.139 E0.02694
G1 X-28.01 Y1.146 E0.02926
G1 X-28.703 Y2.238 E0.03146
G1 X-29.71 Y3.898 E0.04722
G1 F2014.9 X-29.866 Y4.099 E0.00737
G1 F1776.3 X-30.083 Y4.06 E0.00725
G0 F12000 X-30.25 Y3.748
G0 X-30.25 Y3.302
G0 X-31.425 Y3.302
G1 F3600 E-1
;MESH:NONMESH
G0 F600 X-31.425 Y3.302 Z48.14
G0 F12000 X-30.506 Y4.286
G0 X-23.537 Y1.33
;TIME_ELAPSED:1266.092569
;LAYER:368
;note -- min layer time used
;TYPE:FILL
;MESH:bridge_3a.stl
G1 F3600 E1
G1 F8524.3 X-24.381 Y1.512 E0.021
G1 X-25.284 Y2.229 E0.02804
G1 X-26.187 Y3.417 E0.03629
G1 X-26.625 Y3.92 E0.01622
G1 F3600 E-1
G0 F12000 X-29.767 Y4.214
G0 X-33.324 Y3.92
G1 F3600 E1
G1 F8524.3 X-33.411 Y3.806 E0.00349
G1 X-34.314 Y2.769 E0.03344
G1 X-35.217 Y2.08 E0.02763
G1 X-36.12 Y1.646 E0.02437
G1 X-37.023 Y1.394 E0.0228
G1 X-37.926 Y1.317 E0.02204
G1 X-38.829 Y1.512 E0.02247
G1 X-38.92 Y1.584 E0.00282
G1 X-38.92 Y-.508 E0.05088
G1 X-38.389 Y-1.423 E0.02573
G1 X-37.315 Y-3.194 E0.05037
G1 X-36.853 Y-3.92 E0.02093
G1 X-31.703 Y-3.92 E0.12526
G1 X-31.08 Y-3.204 E0.02308
G1 F3600 E-1
G0 F12000 X-31.045 Y3.955
G0 X-30.118 Y4.237
;TYPE:WALL-INNER
G1 F3600 E1
G1 F3234 X-29.794 Y4.245 E0.01083
G1 F3763.9 X-29.077 Y4.325 E0.02071
G1 F4441.4 X-25.02 Y4.325 E0.09867
G1 X-24.582 Y3.631 E0.01996
G1 X-23.924 Y2.621 E0.02932
G1 X-23.243 Y1.614 E0.02957
G1 X-22.544 Y0.609 E0.02977
G1 X-21.811 Y-.407 E0.03047
G1 X-20.529 Y-2.105 E0.05175
G1 X-19.52 Y-3.371 E0.03937
G1 X-18.731 Y-4.324 E0.03009
G1 X-23.79 Y-4.325 E0.12304
G1 X-24.405 Y-3.522 E0.0246
G1 X-25.259 Y-2.372 E0.03484
G1 X-26.515 Y-.588 E0.05306
G1 X-27.283 Y0.549 E0.03337
G1 X-28.45 Y2.366 E0.05252
G1 X-29.345 Y3.849 E0.04213
G1 F3763.9 X-29.794 Y4.245 E0.01718
G0 F12000 X-30.144 Y4.247
G1 F4234.4 X-30.579 Y3.829 E0.01539
G1 F4441.4 X-30.675 Y3.48 E0.0088
G1 X-30.675 Y-4.325 E0.18983
G1 X-37.074 Y-4.325 E0.15563
G1 X-37.518 Y-3.631 E0.02004
G1 X-38.739 Y-1.629 E0.05703
G1 X-39.325 Y-.618 E0.02842
G1 X-39.325 Y4.325 E0.12022
G1 X-30.859 Y4.325 E0.20591
G1 F4234.4 X-30.144 Y4.247 E0.01835
G1 F3600 E-1
G0 F12000 X-30.064 Y3.722
;TYPE:WALL-OUTER
G1 F3600 E1
G1 F2400 X-30.215 Y3.61 E0.00457
G1 X-30.25 Y3.48 E0.00327
G1 X-30.25 Y-4.75 E0.20017
G1 X-37.307 Y-4.75 E0.17164
G1 X-37.879 Y-3.854 E0.02585
G1 X-38.5 Y-2.848 E0.02875
G1 X-39.106 Y-1.842 E0.02856
G1 X-39.75 Y-.732 E0.03121
G1 X-39.75 Y4.75 E0.13333
G1 X-24.786 Y4.75 E0.36395
G1 X-24.226 Y3.863 E0.02551
G1 X-23.572 Y2.859 E0.02914
G1 X-22.894 Y1.857 E0.02942
G1 X-22.199 Y0.857 E0.02962
G1 X-21.472 Y-.151 E0.03023
G1 X-20.196 Y-1.84 E0.05148
G1 X-19.193 Y-3.1 E0.03917
G1 X-18.342 Y-4.127 E0.03244
G1 X-17.809 Y-4.75 E0.01994
G1 X-24 Y-4.75 E0.15057
G1 X-24.746 Y-3.775 E0.02986
G1 X-25.606 Y-2.617 E0.03508
G1 X-26.846 Y-.858 E0.05234
G1 X-27.64 Y0.318 E0.03451
G1 X-28.814 Y2.146 E0.05284
G1 X-29.709 Y3.63 E0.04215
G1 X-29.881 Y3.747 E0.00506
G1 X-30.064 Y3.722 E0.00449
G0 F12000 X-30.215 Y3.61
G0 X-30.25 Y3.48
G0 X-30.25 Y3.003
G0 X-31.425 Y3.003
G1 F3600 E-1
;MESH:NONMESH
G0 F600 X-31.425 Y3.003 Z48.27
G0 F12000 X-30.506 Y4.007
G0 X-23.628 Y1.208
;TIME_ELAPSED:1269.807294
;LAYER:369
;note -- min layer time used
;TYPE:FILL
;MESH:bridge_3a.stl
G1 F3600 E1
G1 F7514.7 X-24.381 Y1.316 E0.0185
G1 X-25.284 Y2.006 E0.02764
G1 X-26.187 Y3.28 E0.03798
G1 X-26.702 Y3.92 E0.01998
G1 F3600 E-1
G0 F12000 X-33.43 Y3.92
G1 F3600 E1
G1 F7514.7 X-34.314 Y2.821 E0.0343
G1 X-35.217 Y2.08 E0.02841
G1 X-36.12 Y1.608 E0.02478
G1 X-37.023 Y1.315 E0.02309
G1 X-37.926 Y1.187 E0.02218
G1 X-38.829 Y1.316 E0.02219
G1 X-38.92 Y1.385 E0.00278
G1 F3600 E-1
G0 F12000 X-31.075 Y3.843
G0 X-30.203 Y3.843
;TYPE:WALL-INNER
G1 F3600 E1
G1 F4123.2 X-30.585 Y3.539 E0.01182
G1 F4104.9 X-30.675 Y3.2 E0.00853
G1 X-30.675 Y-4.325 E0.18302
G1 X-37.241 Y-4.325 E0.15969
G1 X-38.291 Y-2.645 E0.04818
G1 X-39.325 Y-.903 E0.04927
G1 X-39.324 Y4.324 E0.12713
G1 F4160.4 X-29.924 Y4.331 E0.22557
G1 X-25.188 Y4.325 E0.11365
G1 F4104.9 X-24.75 Y3.631 E0.01996
G1 X-24.088 Y2.615 E0.02949
G1 X-23.418 Y1.613 E0.02932
G1 X-22.712 Y0.605 E0.02993
G1 X-21.986 Y-.403 E0.03021
G1 X-21.236 Y-1.412 E0.03058
G1 X-20.459 Y-2.423 E0.03101
G1 X-19.653 Y-3.426 E0.03129
G1 X-18.911 Y-4.325 E0.02835
G1 X-23.977 Y-4.325 E0.12321
G1 X-25.346 Y-2.49 E0.05568
G1 X-26.657 Y-.633 E0.05529
G1 X-27.402 Y0.479 E0.03255
G1 X-28.163 Y1.649 E0.03395
G1 X-28.92 Y2.864 E0.03482
G1 X-29.344 Y3.572 E0.02007
G1 F4123.2 X-29.657 Y3.843 E0.01002
G1 F4141.7 X-29.808 Y3.887 E0.00379
G1 X-30.203 Y3.843 E0.00958
G1 F3600 E-1
G0 F12000 X-30.076 Y3.439
;TYPE:WALL-OUTER
G1 F3600 E1
G1 F2400 X-30.217 Y3.326 E0.00439
G1 X-30.25 Y3.2 E0.00317
G1 X-30.25 Y-4.75 E0.19336
G1 X-37.474 Y-4.75 E0.1757
G1 X-38.036 Y-3.867 E0.02546
G1 X-38.654 Y-2.866 E0.02861
G1 X-39.448 Y-1.541 E0.03757
G1 X-39.75 Y-1.017 E0.01471
G1 X-39.749 Y4.749 E0.14024
G1 X-24.954 Y4.75 E0.35984
G1 X-24.394 Y3.863 E0.02551
G1 X-23.734 Y2.852 E0.02936
G1 X-23.069 Y1.856 E0.02913
G1 X-22.367 Y0.853 E0.02978
G1 X-21.645 Y-.15 E0.03006
G1 X-20.899 Y-1.153 E0.0304
G1 X-20.127 Y-2.157 E0.0308
G1 X-19.325 Y-3.155 E0.03114
G1 X-18.495 Y-4.162 E0.03174
G1 X-17.995 Y-4.75 E0.01877
G1 X-24.19 Y-4.75 E0.15067
G1 X-25.705 Y-2.718 E0.06165
G1 X-27.052 Y-.807 E0.05686
G1 X-27.758 Y0.247 E0.03085
G1 X-28.523 Y1.424 E0.03414
G1 X-29.284 Y2.645 E0.03499
G1 X-29.709 Y3.353 E0.02008
G1 X-29.825 Y3.454 E0.00374
G1 X-30.076 Y3.439 E0.00612
G0 F12000 X-30.217 Y3.326
G0 X-30.25 Y3.2
G0 X-30.25 Y2.711
G0 X-31.425 Y2.711
G1 F3600 E-1
;MESH:NONMESH
G0 F600 X-31.425 Y2.711 Z48.4
G0 F12000 X-30.506 Y3.731
G0 X-23.698 Y1.059
;TIME_ELAPSED:1273.351516
;LAYER:370
;note -- min layer time used
;TYPE:FILL
;MESH:bridge_3a.stl
G1 F3600 E1
G1 F8447.1 X-24.381 Y1.098 E0.01664
G1 X-25.284 Y1.743 E0.02699
G1 X-26.187 Y3.129 E0.04023
G1 X-26.772 Y3.92 E0.02393
G1 X-28.752 Y3.919 E0.04816
G1 X-29.238 Y3.895 E0.01183
G1 X-28.436 Y2.58 E0.03746
G1 X-27.925 Y1.767 E0.02335
G1 X-26.758 Y-0.014 E0.05179
G1 X-25.833 Y-1.352 E0.03956
G1 X-25.284 Y-1.744 E0.01641
G1 X-24.381 Y-3.13 E0.04023
G1 X-23.797 Y-3.92 E0.02389
G1 F3600 E-1
G0 F12000 X-29.768 Y3.661
G0 X-33.54 Y3.92
G1 F3600 E1
G1 F8447.1 X-34.314 Y2.873 E0.03167
G1 X-35.217 Y2.077 E0.02928
G1 X-36.12 Y1.564 E0.02526
G1 X-37.023 Y1.23 E0.02342
G1 X-37.926 Y1.047 E0.02241
G1 X-38.829 Y1.098 E0.022
G1 X-38.92 Y1.163 E0.00272
G1 F3600 E-1
G0 F12000 X-31.797 Y3.565
G0 X-30.3 Y4.012
G0 X-30.052 Y3.677
;TYPE:WALL-INNER
G1 F3600 E1
G1 F3548.3 X-30.183 Y3.618 E0.00435
G1 F4038.7 X-30.578 Y3.273 E0.01395
G1 F4415.7 X-30.675 Y2.924 E0.00881
G1 X-30.675 Y-4.324 E0.17628
G1 X-37.408 Y-4.325 E0.16376
G1 X-38.078 Y-3.265 E0.0305
G1 X-39.325 Y-1.196 E0.05875
G1 X-39.325 Y4.325 E0.13428
G1 X-31.173 Y4.325 E0.19827
G1 F3836 X-29.746 Y4.257 E0.04
G1 F3646 X-29.48 Y4.299 E0.00793
G1 F4165.8 X-28.77 Y4.324 E0.01832
G1 F4415.7 X-25.354 Y4.325 E0.08308
G1 X-24.886 Y3.575 E0.0215
G1 X-24.266 Y2.624 E0.02761
G1 X-23.554 Y1.561 E0.03112
G1 X-22.885 Y0.601 E0.02846
G1 X-22.163 Y-.402 E0.03006
G1 X-21.415 Y-1.413 E0.03059
G1 X-20.527 Y-2.563 E0.03534
G1 X-19.095 Y-4.325 E0.05522
G1 X-24.15 Y-4.325 E0.12295
G1 X-24.759 Y-3.524 E0.02447
G1 X-25.454 Y-2.582 E0.02847
G1 X-26.279 Y-1.424 E0.03458
G1 X-27.091 Y-.244 E0.03484
G1 X-28.268 Y1.551 E0.05221
G1 X-28.778 Y2.363 E0.02332
G1 X-29.347 Y3.296 E0.02658
G1 F4165.8 X-29.634 Y3.584 E0.01048
G1 F3646 X-29.796 Y3.677 E0.0055
G1 F3390.9 X-30.052 Y3.677 E0.00811
G1 F3600 E-1
G0 F12000 X-30.064 Y3.166
;TYPE:WALL-OUTER
G1 F3600 E1
G1 F2400 X-30.215 Y3.054 E0.00457
G1 X-30.25 Y2.924 E0.00327
G1 X-30.25 Y-4.749 E0.18662
G1 X-37.642 Y-4.75 E0.17978
G1 X-38.441 Y-3.484 E0.03641
G1 X-39.75 Y-1.314 E0.06164
G1 X-39.75 Y4.75 E0.14749
G1 X-25.119 Y4.75 E0.35585
G1 X-24.53 Y3.807 E0.02704
G1 X-23.912 Y2.86 E0.0275
G1 X-23.206 Y1.804 E0.03089
G1 X-22.54 Y0.85 E0.0283
G1 X-21.821 Y-.149 E0.02994
G1 X-21.078 Y-1.153 E0.03038
G1 X-20.195 Y-2.297 E0.03515
G1 X-19.506 Y-3.155 E0.02676
G1 X-18.679 Y-4.162 E0.03169
G1 X-18.178 Y-4.75 E0.01879
G1 X-24.36 Y-4.75 E0.15036
G1 X-25.057 Y-3.835 E0.02798
G1 X-25.8 Y-2.829 E0.03042
G1 X-26.629 Y-1.666 E0.03474
G1 X-27.447 Y-.477 E0.0351
G1 X-28.628 Y1.325 E0.0524
G1 X-29.135 Y2.132 E0.02318
G1 X-29.71 Y3.075 E0.02686
G1 X-29.82 Y3.172 E0.00357
G1 X-30.064 Y3.166 E0.00594
G0 F12000 X-30.215 Y3.054
G0 X-30.25 Y2.924
G0 X-30.25 Y2.447
G0 X-31.425 Y2.447
G1 F3600 E-1
;MESH:NONMESH
G0 F600 X-31.425 Y2.447 Z48.53
G0 F12000 X-30.506 Y3.453
G0 X-23.748 Y0.883
;TIME_ELAPSED:1277.054452
;LAYER:371
;note -- min layer time used
;TYPE:FILL
;MESH:bridge_3a.stl
G1 F3600 E1
G1 F8300 X-24.381 Y0.849 E0.01542
G1 X-25.284 Y1.416 E0.02593
G1 X-26.187 Y2.959 E0.04348
G1 X-26.834 Y3.92 E0.02818
G1 X-29.238 Y3.92 E0.05847
G1 X-29.369 Y3.568 E0.00913
G1 X-29.021 Y3.267 E0.01119
G1 X-27.982 Y1.596 E0.04786
G1 X-27.348 Y0.615 E0.02841
G1 X-26.343 Y-.858 E0.04337
G1 X-26.187 Y-.85 E0.0038
G1 X-25.284 Y-1.417 E0.02593
G1 X-24.381 Y-2.96 E0.04348
G1 X-23.735 Y-3.92 E0.02814
G1 F3600 E-1
G0 F12000 X-29.538 Y3.971
G0 X-33.643 Y3.92
G1 F3600 E1
G1 F8300 X-34.314 Y2.923 E0.02923
G1 X-35.217 Y2.069 E0.03023
G1 X-36.12 Y1.515 E0.02577
G1 X-37.023 Y1.139 E0.02379
G1 X-37.926 Y0.898 E0.02273
G1 X-38.829 Y0.849 E0.02199
G1 X-38.92 Y0.906 E0.00261
G1 F3600 E-1
G0 F12000 X-30.076 Y3.89
G0 X-29.924 Y3.347
;TYPE:WALL-INNER
G1 F3600 E1
G1 F4366.7 X-30.173 Y3.305 E0.00614
G1 X-30.482 Y3.125 E0.0087
G1 X-30.638 Y2.875 E0.00717
G1 X-30.675 Y2.652 E0.0055
G1 X-30.675 Y-4.325 E0.16969
G1 X-37.579 Y-4.325 E0.16792
G1 X-38.178 Y-3.375 E0.02731
G1 X-39.325 Y-1.462 E0.05425
G1 X-39.325 Y4.325 E0.14075
G1 X-25.52 Y4.325 E0.33576
G1 X-25.086 Y3.627 E0.01999
G1 X-24.433 Y2.623 E0.02913
G1 X-23.555 Y1.315 E0.03831
G1 X-23.06 Y0.601 E0.02113
G1 X-22.345 Y-.395 E0.02982
G1 X-21.532 Y-1.487 E0.03311
G1 X-20.817 Y-2.421 E0.02861
G1 X-20.018 Y-3.425 E0.03121
G1 X-19.279 Y-4.325 E0.02832
G1 X-24.324 Y-4.325 E0.1227
G1 X-25.137 Y-3.249 E0.0328
G1 X-26.337 Y-1.589 E0.04982
G1 X-27.681 Y0.387 E0.05812
G1 X-28.322 Y1.376 E0.02866
G1 X-29.35 Y3.029 E0.04734
G1 X-29.649 Y3.289 E0.00964
G1 X-29.924 Y3.347 E0.00684
G1 F3600 E-1
G0 F12000 X-29.968 Y2.919
;TYPE:WALL-OUTER
G1 F3600 E1
G1 F2400 X-30.179 Y2.828 E0.00559
G1 X-30.25 Y2.712 E0.00331
G1 X-30.25 Y-4.75 E0.18149
G1 X-37.814 Y-4.75 E0.18397
G1 X-38.541 Y-3.596 E0.03317
G1 X-39.75 Y-1.579 E0.05719
G1 X-39.75 Y4.75 E0.15393
G1 X-25.283 Y4.75 E0.35186
G1 X-24.73 Y3.859 E0.0255
G1 X-24.08 Y2.86 E0.02899
G1 X-23.206 Y1.557 E0.03816
G1 X-22.715 Y0.85 E0.02094
G1 X-21.997 Y-.15 E0.02994
G1 X-21.195 Y-1.229 E0.0327
G1 X-20.484 Y-2.156 E0.02841
G1 X-19.69 Y-3.155 E0.03104
G1 X-18.863 Y-4.162 E0.03169
G1 X-18.364 Y-4.75 E0.01876
G1 X-24.535 Y-4.75 E0.15009
G1 X-25.481 Y-3.498 E0.03817
G1 X-26.687 Y-1.83 E0.05006
G1 X-28.038 Y0.156 E0.05842
G1 X-28.683 Y1.152 E0.02886
G1 X-29.711 Y2.805 E0.04734
G1 X-29.822 Y2.901 E0.00357
G1 X-29.968 Y2.919 E0.00358
G0 F12000 X-30.179 Y2.828
G0 X-30.25 Y2.712
G0 X-30.25 Y2.278
G0 X-31.425 Y2.278
G1 F3600 E-1
;MESH:NONMESH
G0 F600 X-31.425 Y2.278 Z48.66
G0 F12000 X-31.006 Y3.559
G0 X-29.538 Y3.971
G0 X-23.777 Y0.678
;TIME_ELAPSED:1280.796682
;LAYER:372
;note -- min layer time used
;TYPE:FILL
;MESH:bridge_3a.stl
G1 F3600 E1
G1 F8169.9 X-24.381 Y0.56 E0.01497
G1 X-25.284 Y0.954 E0.02396
G1 X-26.187 Y2.76 E0.04911
G1 X-26.89 Y3.92 E0.03299
G1 X-29.626 Y3.92 E0.06654
G1 X-29.691 Y3.457 E0.01137
G1 X-29.487 Y3.396 E0.00518
G1 X-29.022 Y2.999 E0.01487
G1 X-27.741 Y0.955 E0.05867
G1 X-26.953 Y-.226 E0.03453
G1 X-26.658 Y-.653 E0.01262
G1 X-26.187 Y-.561 E0.01167
G1 X-25.284 Y-.955 E0.02396
G1 X-24.381 Y-2.761 E0.04911
G1 X-23.68 Y-3.919 E0.03292
G1 F3600 E-1
G0 F12000 X-29.546 Y3.699
G0 X-33.74 Y3.92
G1 F3600 E1
G1 F8169.9 X-34.314 Y2.972 E0.02695
G1 X-35.217 Y2.056 E0.03128
G1 X-36.12 Y1.461 E0.0263
G1 X-37.023 Y1.042 E0.02421
G1 X-37.926 Y0.737 E0.02318
G1 X-38.829 Y0.56 E0.02238
G1 X-38.92 Y0.6 E0.00242
G1 F3600 E-1
G0 F12000 X-30.188 Y3.586
G0 X-30.041 Y3.07
;TYPE:WALL-INNER
G1 F3600 E1
G1 F4323.3 X-30.204 Y3.024 E0.00412
G1 X-30.495 Y2.84 E0.00837
G1 X-30.64 Y2.596 E0.0069
G1 X-30.675 Y2.38 E0.00532
G1 X-30.675 Y-4.325 E0.16308
G1 X-37.744 Y-4.325 E0.17193
G1 X-38.283 Y-3.472 E0.02454
G1 X-39.325 Y-1.74 E0.04916
G1 X-39.325 Y4.325 E0.14751
G1 X-25.688 Y4.325 E0.33167
G1 X-25.254 Y3.627 E0.01999
G1 X-24.602 Y2.625 E0.02908
G1 X-23.929 Y1.618 E0.02946
G1 X-23.234 Y0.604 E0.0299
G1 X-22.543 Y-.366 E0.02897
G1 X-21.769 Y-1.41 E0.03161
G1 X-20.997 Y-2.421 E0.03094
G1 X-19.467 Y-4.325 E0.05941
G1 X-24.504 Y-4.324 E0.12251
G1 X-25.24 Y-3.351 E0.02967
G1 X-26.072 Y-2.204 E0.03446
G1 X-27.295 Y-.443 E0.05215
G1 X-28.083 Y0.74 E0.03457
G1 X-28.486 Y1.371 E0.01821
G1 X-29.35 Y2.761 E0.03981
G1 X-29.663 Y3.027 E0.00999
G1 X-29.807 Y3.07 E0.00366
G1 X-30.041 Y3.07 E0.00569
G1 F3600 E-1
G0 F12000 X-29.968 Y2.651
;TYPE:WALL-OUTER
G1 F3600 E1
G1 F2400 X-30.184 Y2.551 E0.00579
G1 X-30.25 Y2.438 E0.00318
G1 X-30.25 Y-4.75 E0.17482
G1 X-37.978 Y-4.75 E0.18796
G1 X-38.647 Y-3.692 E0.03044
G1 X-39.75 Y-1.858 E0.05205
G1 X-39.75 Y4.75 E0.16072
G1 X-25.451 Y4.75 E0.34777
G1 X-24.898 Y3.859 E0.0255
G1 X-24.248 Y2.861 E0.02897
G1 X-23.579 Y1.858 E0.02932
G1 X-22.888 Y0.85 E0.02972
G1 X-22.201 Y-.113 E0.02877
G1 X-21.431 Y-1.152 E0.03145
G1 X-20.664 Y-2.156 E0.03073
G1 X-19.871 Y-3.154 E0.031
G1 X-19.051 Y-4.162 E0.0316
G1 X-18.552 Y-4.75 E0.01876
G1 X-24.715 Y-4.749 E0.14989
G1 X-25.571 Y-3.619 E0.03448
G1 X-26.408 Y-2.467 E0.03463
G1 X-27.649 Y-.679 E0.05293
G1 X-28.441 Y0.511 E0.03477
G1 X-28.847 Y1.146 E0.01833
G1 X-29.711 Y2.536 E0.03981
G1 X-29.827 Y2.635 E0.00371
G1 X-29.968 Y2.651 E0.00345
G0 F12000 X-30.184 Y2.551
G0 X-30.25 Y2.438
G0 X-30.25 Y2.007
G0 X-31.425 Y2.007
G1 F3600 E-1
;MESH:NONMESH
G0 F600 X-31.425 Y2.007 Z48.79
G0 F12000 X-31.006 Y3.283
G0 X-29.546 Y3.699
G0 X-23.644 Y-3.92
;TIME_ELAPSED:1284.565562
;LAYER:373
;note -- min layer time used
;TYPE:FILL
;MESH:bridge_3a.stl
G1 F3600 E1
G1 F8446.4 X-23.855 Y-3.612 E0.00908
G1 X-24.299 Y-2.709 E0.02447
G1 X-24.644 Y-1.806 E0.02351
G1 X-24.914 Y-.903 E0.02292
G1 X-24.778 Y0.00 E0.02221
G1 X-23.778 Y0.425 E0.02643
G1 X-24.425 Y1.373 E0.02791
G1 X-25.768 Y3.414 E0.05942
G1 X-26.078 Y3.92 E0.01443
G1 X-26.923 Y3.92 E0.02055
G1 X-26.712 Y3.612 E0.00908
G1 X-26.268 Y2.709 E0.02447
G1 X-25.923 Y1.806 E0.02351
G1 X-25.653 Y0.903 E0.02292
G1 X-25.789 Y0.00 E0.02221
G1 X-26.945 Y-.492 E0.03056
G1 X-27.852 Y0.867 E0.03974
G1 X-29.017 Y2.719 E0.05321
G1 X-29.297 Y3.016 E0.00993
G1 X-29.744 Y3.201 E0.01177
G1 X-30.106 Y3.199 E0.0088
G1 X-30.343 Y3.135 E0.00597
G1 X-30.792 Y2.85 E0.01293
G1 X-31.026 Y2.457 E0.01112
G1 X-31.08 Y2.126 E0.00816
G1 X-31.08 Y-3.92 E0.14705
G1 X-37.688 Y-3.92 E0.16072
G1 X-38.004 Y-3.42 E0.01439
G1 X-38.92 Y-1.906 E0.04304
G1 X-38.92 Y0.13 E0.04952
G1 X-37.104 Y0.903 E0.048
G1 X-35.507 Y1.806 E0.04462
G1 X-34.554 Y2.709 E0.03193
G1 X-33.936 Y3.612 E0.02661
G1 X-33.785 Y3.92 E0.00834
G1 F3600 E-1
G0 F12000 X-30.352 Y3.268
G0 X-30.204 Y2.752
;TYPE:WALL-INNER
G1 F3600 E1
G1 F4415.5 X-30.495 Y2.568 E0.00837
G1 X-30.64 Y2.324 E0.0069
G1 X-30.675 Y2.108 E0.00532
G1 X-30.675 Y-4.325 E0.15646
G1 X-37.912 Y-4.325 E0.17601
G1 X-38.348 Y-3.633 E0.01989
G1 X-39.325 Y-2.019 E0.04589
G1 X-39.325 Y4.325 E0.1543
G1 X-25.853 Y4.325 E0.32766
G1 X-25.422 Y3.627 E0.01995
G1 X-24.771 Y2.626 E0.02904
G1 X-24.087 Y1.597 E0.03005
G1 X-23.409 Y0.602 E0.02928
G1 X-22.688 Y-.401 E0.03004
G1 X-21.946 Y-1.409 E0.03044
G1 X-21.178 Y-2.419 E0.03086
G1 X-20.384 Y-3.423 E0.03113
G1 X-19.649 Y-4.325 E0.0283
G1 X-24.68 Y-4.325 E0.12236
G1 X-25.33 Y-3.469 E0.02614
G1 X-25.966 Y-2.596 E0.02627
G1 X-26.663 Y-1.613 E0.02931
G1 X-27.391 Y-.558 E0.03118
G1 X-28.187 Y0.64 E0.03498
G1 X-28.654 Y1.371 E0.0211
G1 X-29.35 Y2.489 E0.03203
G1 X-29.533 Y2.683 E0.00649
G1 X-29.813 Y2.799 E0.00737
G1 X-30.204 Y2.752 E0.00958
G1 F3600 E-1
G0 F12000 X-30.076 Y2.347
;TYPE:WALL-OUTER
G1 F3600 E1
G1 F2400 X-30.184 Y2.279 E0.0031
G1 X-30.25 Y2.166 E0.00318
G1 X-30.25 Y-4.75 E0.16821
G1 X-38.146 Y-4.75 E0.19204
G1 X-38.712 Y-3.853 E0.0258
G1 X-39.75 Y-2.138 E0.04876
G1 X-39.75 Y4.75 E0.16753
G1 X-25.616 Y4.75 E0.34376
G1 X-25.066 Y3.859 E0.02547
G1 X-24.417 Y2.861 E0.02895
G1 X-23.736 Y1.837 E0.02991
G1 X-23.064 Y0.85 E0.02904
G1 X-21.608 Y-1.152 E0.06021
G1 X-20.845 Y-2.156 E0.03067
G1 X-20.054 Y-3.154 E0.03097
G1 X-19.191 Y-4.214 E0.03324
G1 X-18.737 Y-4.749 E0.01707
G1 X-24.891 Y-4.75 E0.14967
G1 X-25.684 Y-3.704 E0.03192
G1 X-26.313 Y-2.842 E0.02595
G1 X-27.013 Y-1.854 E0.02945
G1 X-27.745 Y-.793 E0.03135
G1 X-28.545 Y0.41 E0.03514
G1 X-29.008 Y1.134 E0.0209
G1 X-29.747 Y2.323 E0.03405
G1 X-29.88 Y2.379 E0.00351
G1 X-30.076 Y2.347 E0.00483
G0 F12000 X-30.184 Y2.279
G0 X-30.25 Y2.166
G0 X-30.25 Y1.625
G0 X-31.425 Y1.625
G1 F3600 E-1
;MESH:NONMESH
G0 F600 X-31.425 Y1.625 Z48.92
G0 F12000 X-31.006 Y3.011
G0 X-29.546 Y3.428
G0 X-23.601 Y-3.92
;TIME_ELAPSED:1288.321608
;LAYER:374
;note -- min layer time used
;TYPE:FILL
;MESH:bridge_3a.stl
G1 F3600 E1
G1 F8193.2 X-23.798 Y-3.612 E0.00889
G1 X-24.198 Y-2.709 E0.02402
G1 X-24.475 Y-1.806 E0.02297
G1 X-24.592 Y-.903 E0.02215
G1 X-24.104 Y0.00 E0.02496
G1 X-23.775 Y0.178 E0.0091
G1 X-24.612 Y1.396 E0.03594
G1 X-25.931 Y3.415 E0.05866
G1 X-26.245 Y3.92 E0.01446
G1 X-26.966 Y3.92 E0.01754
G1 X-26.769 Y3.612 E0.00889
G1 X-26.369 Y2.709 E0.02402
G1 X-26.092 Y1.806 E0.02297
G1 X-25.975 Y0.903 E0.02215
G1 X-26.463 Y0.00 E0.02496
G1 X-27.18 Y-.387 E0.01982
G1 X-27.953 Y0.765 E0.03374
G1 X-28.486 Y1.591 E0.02391
G1 X-29.013 Y2.442 E0.02434
G1 X-29.297 Y2.745 E0.0101
G1 X-29.742 Y2.929 E0.01171
G1 X-30.106 Y2.927 E0.00885
G1 X-30.344 Y2.863 E0.00599
G1 X-30.792 Y2.578 E0.01291
G1 X-31.026 Y2.185 E0.01112
G1 X-31.08 Y1.854 E0.00816
G1 X-31.08 Y-3.92 E0.14043
G1 X-37.854 Y-3.92 E0.16475
G1 X-38.304 Y-3.202 E0.02061
G1 X-38.92 Y-2.181 E0.029
G1 X-38.92 Y-.681 E0.03648
G1 X-38.552 Y0.00 E0.01883
G1 X-36.88 Y0.903 E0.04622
G1 X-35.459 Y1.806 E0.04095
G1 X-34.57 Y2.709 E0.03082
G1 X-33.993 Y3.612 E0.02606
G1 X-33.857 Y3.92 E0.00819
G1 F3600 E-1
G0 F12000 X-30.352 Y2.996
G0 X-30.204 Y2.48
;TYPE:WALL-INNER
G1 F3600 E1
G1 F4331.1 X-30.495 Y2.296 E0.00837
G1 X-30.64 Y2.052 E0.0069
G1 X-30.675 Y1.836 E0.00532
G1 X-30.675 Y-4.325 E0.14984
G1 X-38.078 Y-4.325 E0.18005
G1 X-38.511 Y-3.636 E0.01979
G1 X-39.325 Y-2.295 E0.03815
G1 X-39.325 Y4.325 E0.16101
G1 X-26.02 Y4.325 E0.3236
G1 X-25.587 Y3.629 E0.01994
G1 X-24.274 Y1.619 E0.05839
G1 X-23.55 Y0.559 E0.03122
G1 X-22.864 Y-.4 E0.02868
G1 X-22.122 Y-1.409 E0.03046
G1 X-21.356 Y-2.417 E0.03079
G1 X-20.523 Y-3.48 E0.03285
G1 X-19.83 Y-4.325 E0.02658
G1 X-24.859 Y-4.325 E0.12231
G1 X-25.416 Y-3.584 E0.02255
G1 X-26.278 Y-2.406 E0.0355
G1 X-27.093 Y-1.242 E0.03456
G1 X-28.289 Y0.538 E0.05216
G1 X-28.826 Y1.371 E0.0241
G1 X-29.35 Y2.216 E0.02418
G1 X-29.532 Y2.411 E0.00649
G1 X-29.813 Y2.527 E0.00739
G1 X-30.204 Y2.48 E0.00958
G1 F3600 E-1
G0 F12000 X-30.076 Y2.075
;TYPE:WALL-OUTER
G1 F3600 E1
G1 F2400 X-30.184 Y2.007 E0.0031
G1 X-30.25 Y1.894 E0.00318
G1 X-30.25 Y-4.75 E0.16159
G1 X-38.313 Y-4.75 E0.1961
G1 X-38.874 Y-3.857 E0.02565
G1 X-39.75 Y-2.414 E0.04106
G1 X-39.75 Y4.75 E0.17424
G1 X-25.783 Y4.75 E0.3397
G1 X-25.23 Y3.86 E0.02548
G1 X-23.923 Y1.859 E0.05813
G1 X-23.204 Y0.806 E0.03101
G1 X-22.522 Y-.149 E0.02854
G1 X-21.784 Y-1.152 E0.03029
G1 X-21.021 Y-2.155 E0.03065
G1 X-20.194 Y-3.211 E0.03262
G1 X-19.416 Y-4.161 E0.02986
G1 X-18.921 Y-4.75 E0.01871
G1 X-25.071 Y-4.75 E0.14958
G1 X-25.759 Y-3.836 E0.02782
G1 X-26.626 Y-2.65 E0.03573
G1 X-27.446 Y-1.479 E0.03477
G1 X-28.646 Y0.308 E0.05235
G1 X-29.187 Y1.147 E0.02428
G1 X-29.747 Y2.05 E0.02584
G1 X-29.88 Y2.107 E0.00352
G1 X-30.076 Y2.075 E0.00483
G0 F12000 X-30.184 Y2.007
G0 X-30.25 Y1.894
G0 X-30.25 Y1.353
G0 X-31.425 Y1.353
G1 F3600 E-1
;MESH:NONMESH
G0 F600 X-31.425 Y1.353 Z49.05
G0 F12000 X-31.006 Y2.738
G0 X-29.548 Y3.156
G0 X-23.766 Y-0.075
;TIME_ELAPSED:1292.021598
;LAYER:375
;note -- min layer time used
;TYPE:FILL
;MESH:bridge_3a.stl
G1 F3600 E1
G1 F7499.8 X-24.322 Y-.903 E0.02426
G1 X-24.319 Y-1.806 E0.02196
G1 X-24.104 Y-2.709 E0.02258
G1 X-23.746 Y-3.612 E0.02363
G1 X-23.563 Y-3.92 E0.00871
G1 X-24.833 Y-3.92 E0.03089
G1 X-25.991 Y-2.353 E0.04739
G1 X-26.869 Y-1.107 E0.03707
G1 X-27.389 Y-.331 E0.02272
G1 X-26.852 Y0.00 E0.01534
G1 X-26.245 Y0.903 E0.02646
G1 X-26.248 Y1.806 E0.02196
G1 X-26.463 Y2.709 E0.02258
G1 X-26.821 Y3.612 E0.02363
G1 X-27.004 Y3.92 E0.00871
G1 X-33.923 Y3.92 E0.16828
G1 X-34.045 Y3.612 E0.00806
G1 X-34.581 Y2.709 E0.02554
G1 X-35.409 Y1.806 E0.0298
G1 X-36.696 Y0.903 E0.03824
G1 X-38.163 Y0.00 E0.0419
G1 X-38.77 Y-.903 E0.02646
G1 X-38.767 Y-1.806 E0.02196
G1 X-38.552 Y-2.709 E0.02258
G1 X-38.194 Y-3.612 E0.02363
G1 X-38.011 Y-3.92 E0.00871
G1 F3600 E-1
G0 F12000 X-31.006 Y2.467
G0 X-30.19 Y2.775
G0 X-30.041 Y2.261
;TYPE:WALL-INNER
G1 F3600 E1
G1 F4099.9 X-30.436 Y2.088 E0.01049
G1 X-30.585 Y1.91 E0.00565
G1 X-30.675 Y1.685 E0.00589
G1 X-30.675 Y-4.325 E0.14617
G1 X-38.247 Y-4.325 E0.18416
G1 X-38.582 Y-3.794 E0.01527
G1 X-39.325 Y-2.571 E0.0348
G1 X-39.325 Y4.325 E0.16772
G1 X-26.185 Y4.325 E0.31958
G1 X-25.756 Y3.631 E0.01984
G1 X-25.05 Y2.532 E0.03177
G1 X-24.446 Y1.618 E0.02665
G1 X-23.754 Y0.608 E0.02978
G1 X-23.038 Y-.398 E0.03003
G1 X-22.301 Y-1.41 E0.03045
G1 X-21.552 Y-2.392 E0.03004
G1 X-20.745 Y-3.426 E0.0319
G1 X-20.015 Y-4.324 E0.02815
G1 X-25.035 Y-4.325 E0.12209
G1 X-25.537 Y-3.66 E0.02026
G1 X-26.317 Y-2.593 E0.03215
G1 X-27.2 Y-1.342 E0.03724
G1 X-28.346 Y0.369 E0.05009
G1 X-29.353 Y1.958 E0.04575
G1 X-29.536 Y2.15 E0.00645
G1 X-29.816 Y2.263 E0.00734
G1 X-30.041 Y2.261 E0.00547
G1 F3600 E-1
G0 F12000 X-29.968 Y1.843
;TYPE:WALL-OUTER
G1 F3600 E1
G1 F2400 X-30.162 Y1.764 E0.00509
G1 X-30.244 Y1.631 E0.0038
G1 X-30.25 Y-4.75 E0.1552
G1 X-38.482 Y-4.75 E0.20021
G1 X-38.945 Y-4.015 E0.02113
G1 X-39.75 Y-2.69 E0.03771
G1 X-39.75 Y4.75 E0.18095
G1 X-25.948 Y4.75 E0.33568
G1 X-25.399 Y3.86 E0.02543
G1 X-24.695 Y2.767 E0.03162
G1 X-24.095 Y1.858 E0.02649
G1 X-23.408 Y0.855 E0.02957
G1 X-22.695 Y-.148 E0.02993
G1 X-21.963 Y-1.152 E0.03022
G1 X-21.217 Y-2.13 E0.02992
G1 X-20.415 Y-3.158 E0.03171
G1 X-19.6 Y-4.161 E0.03143
G1 X-19.106 Y-4.75 E0.0187
G1 X-25.247 Y-4.75 E0.14936
G1 X-25.88 Y-3.911 E0.02556
G1 X-26.663 Y-2.838 E0.03231
G1 X-27.553 Y-1.578 E0.03752
G1 X-28.702 Y0.137 E0.05021
G1 X-29.749 Y1.788 E0.04755
G1 X-29.968 Y1.843 E0.00549
G0 F12000 X-30.162 Y1.764
G0 X-30.244 Y1.631
G0 X-30.244 Y1.196
G0 X-31.425 Y1.196
G1 F3600 E-1
;MESH:NONMESH
G0 F600 X-31.425 Y1.196 Z49.18
G0 F12000 X-31.006 Y2.467
G0 X-29.555 Y2.889
G0 X-23.531 Y-3.92
;TIME_ELAPSED:1295.636468
;LAYER:376
;note -- min layer time used
;TYPE:FILL
;MESH:bridge_3a.stl
G1 F3600 E1
G1 F7752.3 X-23.7 Y-3.612 E0.00854
G1 X-24.015 Y-2.709 E0.02326
G1 X-24.174 Y-1.806 E0.0223
G1 X-24.088 Y-.903 E0.02206
G1 X-23.713 Y-.395 E0.01536
G1 X-24.262 Y0.379 E0.02308
G1 X-24.896 Y1.306 E0.02731
G1 X-25.628 Y2.419 E0.0324
G1 X-26.27 Y3.423 E0.02898
G1 X-26.575 Y3.92 E0.01418
G1 X-27.036 Y3.92 E0.01121
G1 X-26.867 Y3.612 E0.00854
G1 X-26.552 Y2.709 E0.02326
G1 X-26.393 Y1.806 E0.0223
G1 X-26.479 Y0.903 E0.02206
G1 X-27.146 Y0.00 E0.0273
G1 X-27.586 Y-.298 E0.01292
G1 X-28.18 Y0.599 E0.02617
G1 X-29.021 Y1.922 E0.03813
G1 X-29.303 Y2.218 E0.00994
G1 X-29.735 Y2.395 E0.01135
G1 X-30.106 Y2.395 E0.00902
G1 X-30.338 Y2.332 E0.00585
G1 X-30.697 Y2.133 E0.00998
G1 X-30.936 Y1.85 E0.00901
G1 X-31.08 Y1.487 E0.0095
G1 X-31.08 Y-3.92 E0.13151
G1 X-37.979 Y-3.92 E0.16779
G1 X-38.148 Y-3.612 E0.00854
G1 X-38.463 Y-2.709 E0.02326
G1 X-38.622 Y-1.806 E0.0223
G1 X-38.536 Y-.903 E0.02206
G1 X-37.869 Y0.00 E0.0273
G1 X-36.535 Y0.903 E0.03918
G1 X-35.359 Y1.806 E0.03606
G1 X-34.587 Y2.709 E0.02889
G1 X-34.091 Y3.612 E0.02506
G1 X-33.984 Y3.92 E0.00793
G1 F3600 E-1
G0 F12000 X-30.191 Y2.508
G0 X-30.041 Y1.993
;TYPE:WALL-INNER
G1 F3600 E1
G1 F4184.1 X-30.436 Y1.82 E0.01049
G1 X-30.585 Y1.642 E0.00565
G1 X-30.675 Y1.417 E0.00589
G1 X-30.675 Y-4.325 E0.13965
G1 X-38.412 Y-4.325 E0.18818
G1 X-39.324 Y-2.847 E0.04224
G1 X-39.325 Y4.325 E0.17443
G1 X-26.35 Y4.325 E0.31557
G1 X-25.925 Y3.636 E0.01969
G1 X-25.28 Y2.628 E0.02911
G1 X-24.558 Y1.53 E0.03196
G1 X-23.927 Y0.609 E0.02715
G1 X-23.214 Y-.398 E0.03001
G1 X-22.478 Y-1.409 E0.03041
G1 X-21.531 Y-2.653 E0.03803
G1 X-20.925 Y-3.425 E0.02387
G1 X-20.198 Y-4.325 E0.02814
G1 X-25.213 Y-4.325 E0.12197
G1 X-26.054 Y-3.199 E0.03418
G1 X-27.3 Y-1.44 E0.05243
G1 X-28.098 Y-.264 E0.03457
G1 X-28.52 Y0.379 E0.01871
G1 X-29.354 Y1.691 E0.03781
G1 X-29.537 Y1.882 E0.00643
G1 X-29.816 Y1.995 E0.00732
G1 X-30.041 Y1.993 E0.00547
G1 F3600 E-1
G0 F12000 X-29.968 Y1.575
;TYPE:WALL-OUTER
G1 F3600 E1
G1 F2400 X-30.162 Y1.496 E0.00509
G1 X-30.244 Y1.363 E0.0038
G1 X-30.25 Y-4.75 E0.14868
G1 X-38.649 Y-4.75 E0.20428
G1 X-39.749 Y-2.966 E0.05097
G1 X-39.75 Y4.75 E0.18766
G1 X-26.112 Y4.75 E0.3317
G1 X-25.567 Y3.865 E0.02528
G1 X-24.925 Y2.862 E0.02896
G1 X-24.207 Y1.77 E0.03179
G1 X-23.581 Y0.855 E0.02696
G1 X-22.871 Y-.148 E0.02989
G1 X-22.14 Y-1.152 E0.03021
G1 X-21.197 Y-2.391 E0.03787
G1 X-20.595 Y-3.158 E0.02371
G1 X-19.784 Y-4.161 E0.03137
G1 X-19.29 Y-4.75 E0.0187
G1 X-25.426 Y-4.75 E0.14924
G1 X-26.414 Y-3.425 E0.0402
G1 X-27.651 Y-1.679 E0.05204
G1 X-28.453 Y-.497 E0.03474
G1 X-28.879 Y0.151 E0.01886
G1 X-29.749 Y1.52 E0.03945
G1 X-29.968 Y1.575 E0.00549
G0 F12000 X-30.162 Y1.496
G0 X-30.244 Y1.363
G0 X-30.244 Y0.928
G0 X-31.425 Y0.928
G1 F3600 E-1
;MESH:NONMESH
G0 F600 X-31.425 Y0.928 Z49.31
G0 F12000 X-31.006 Y2.2
G0 X-29.556 Y2.622
G0 X-23.695 Y-.666
;TIME_ELAPSED:1299.263783
;LAYER:377
;note -- min layer time used
;TYPE:FILL
;MESH:bridge_3a.stl
G1 F3600 E1
G1 F7092 X-23.88 Y-.903 E0.00731
G1 X-24.039 Y-1.806 E0.0223
G1 X-23.933 Y-2.709 E0.02211
G1 X-23.658 Y-3.612 E0.02296
G1 X-23.503 Y-3.92 E0.00839
G1 X-25.186 Y-3.92 E0.04093
G1 X-25.842 Y-3.038 E0.02673
G1 X-27.063 Y-1.315 E0.05136
G1 X-27.771 Y-.279 E0.03052
G1 X-27.39 Y0.00 E0.01149
G1 X-26.687 Y0.903 E0.02783
G1 X-26.528 Y1.806 E0.0223
G1 X-26.634 Y2.709 E0.02211
G1 X-26.909 Y3.612 E0.02296
G1 X-27.065 Y3.92 E0.0084
G1 X-34.039 Y3.92 E0.16962
G1 X-34.133 Y3.612 E0.00783
G1 X-34.589 Y2.709 E0.0246
G1 X-35.307 Y1.806 E0.02806
G1 X-36.391 Y0.903 E0.03431
G1 X-37.625 Y0.00 E0.03719
G1 X-38.328 Y-.903 E0.02783
G1 X-38.487 Y-1.806 E0.0223
G1 X-38.381 Y-2.709 E0.02211
G1 X-38.106 Y-3.612 E0.02296
G1 X-37.95 Y-3.92 E0.0084
G1 F3600 E-1
G0 F12000 X-31.007 Y1.93
G0 X-30.192 Y2.239
G0 X-30.041 Y1.725
;TYPE:WALL-INNER
G1 F3600 E1
G1 F3964 X-30.436 Y1.552 E0.01049
G1 X-30.585 Y1.374 E0.00565
G1 X-30.675 Y1.149 E0.00589
G1 X-30.675 Y-4.325 E0.13314
G1 X-38.579 Y-4.325 E0.19224
G1 X-39.325 Y-3.116 E0.03455
G1 X-39.325 Y4.325 E0.18098
G1 X-26.514 Y4.325 E0.31158
G1 X-25.451 Y2.627 E0.04872
G1 X-24.763 Y1.587 E0.03033
G1 X-24.1 Y0.611 E0.0287
G1 X-23.389 Y-.399 E0.03004
G1 X-22.538 Y-1.56 E0.03501
G1 X-21.894 Y-2.411 E0.02596
G1 X-21.106 Y-3.424 E0.03121
G1 X-20.377 Y-4.324 E0.02817
G1 X-25.389 Y-4.325 E0.1219
G1 X-26.154 Y-3.298 E0.03115
G1 X-27.398 Y-1.544 E0.0523
G1 X-28.078 Y-.549 E0.02931
G1 X-28.689 Y0.38 E0.02704
G1 X-29.354 Y1.424 E0.03011
G1 X-29.538 Y1.614 E0.00643
G1 X-29.816 Y1.727 E0.0073
G1 X-30.041 Y1.725 E0.00547
G1 F3600 E-1
G0 F12000 X-29.968 Y1.307
;TYPE:WALL-OUTER
G1 F3600 E1
G1 F2400 X-30.162 Y1.228 E0.00509
G1 X-30.244 Y1.095 E0.0038
G1 X-30.25 Y-4.75 E0.14216
G1 X-38.816 Y-4.75 E0.20834
G1 X-39.75 Y-3.237 E0.04325
G1 X-39.75 Y4.75 E0.19426
G1 X-26.276 Y4.75 E0.32771
G1 X-25.732 Y3.866 E0.02525
G1 X-25.097 Y2.862 E0.02889
G1 X-24.411 Y1.826 E0.03022
G1 X-23.753 Y0.856 E0.02851
G1 X-23.046 Y-.148 E0.02987
G1 X-22.2 Y-1.304 E0.03484
G1 X-21.558 Y-2.15 E0.02583
G1 X-20.775 Y-3.157 E0.03102
G1 X-20.189 Y-3.884 E0.02271
G1 X-19.474 Y-4.749 E0.02729
G1 X-25.602 Y-4.75 E0.14904
G1 X-26.513 Y-3.527 E0.03709
G1 X-27.749 Y-1.784 E0.05197
G1 X-28.433 Y-.783 E0.02949
G1 X-29.047 Y0.151 E0.02719
G1 X-29.75 Y1.253 E0.03179
G1 X-29.968 Y1.307 E0.00546
G0 F12000 X-30.162 Y1.228
G0 X-30.244 Y1.095
G0 X-30.244 Y0.66
G0 X-31.425 Y0.66
G1 F3600 E-1
;MESH:NONMESH
G0 F600 X-31.425 Y0.66 Z49.44
G0 F12000 X-31.007 Y1.93
G0 X-29.557 Y2.354
G0 X-23.479 Y-3.92
;TIME_ELAPSED:1302.829827
;LAYER:378
;note -- min layer time used
;TYPE:FILL
;MESH:bridge_3a.stl
G1 F3600 E1
G1 F7323 X-23.621 Y-3.612 E0.00825
G1 X-23.856 Y-2.709 E0.02269
G1 X-23.913 Y-1.806 E0.02201
G1 X-23.694 Y-.906 E0.02253
G1 X-24.607 Y0.383 E0.03842
G1 X-25.293 Y1.393 E0.0297
G1 X-25.883 Y2.295 E0.02621
G1 X-26.603 Y3.426 E0.03261
G1 X-26.906 Y3.92 E0.01409
G1 X-27.088 Y3.92 E0.00443
G1 X-26.946 Y3.612 E0.00825
G1 X-26.711 Y2.709 E0.02269
G1 X-26.654 Y1.806 E0.02201
G1 X-26.874 Y0.903 E0.0226
G1 X-27.6 Y0.00 E0.02818
G1 X-27.948 Y-.271 E0.01073
G1 X-29.056 Y1.437 E0.04952
G1 X-29.334 Y1.702 E0.00934
G1 X-29.74 Y1.861 E0.0106
G1 X-30.277 Y1.82 E0.0131
G1 X-30.601 Y1.674 E0.00864
G1 X-30.844 Y1.452 E0.00801
G1 X-30.988 Y1.215 E0.00674
G1 X-31.08 Y0.917 E0.00759
G1 X-31.08 Y-3.92 E0.11764
G1 X-37.927 Y-3.92 E0.16653
G1 X-38.069 Y-3.612 E0.00825
G1 X-38.304 Y-2.709 E0.02269
G1 X-38.361 Y-1.806 E0.02201
G1 X-38.141 Y-.903 E0.0226
G1 X-37.415 Y0.00 E0.02818
G1 X-36.258 Y0.903 E0.0357
G1 X-35.253 Y1.806 E0.03286
G1 X-34.586 Y2.709 E0.0273
G1 X-34.17 Y3.612 E0.02418
G1 X-34.09 Y3.92 E0.00774
G1 F3600 E-1
G0 F12000 X-30.193 Y1.972
G0 X-30.041 Y1.457
;TYPE:WALL-INNER
G1 F3600 E1
G1 F4041 X-30.376 Y1.334 E0.00868
G1 X-30.526 Y1.197 E0.00494
G1 X-30.675 Y0.861 E0.00894
G1 X-30.675 Y-4.325 E0.12613
G1 X-38.747 Y-4.325 E0.19632
G1 X-39.325 Y-3.391 E0.02671
G1 X-39.325 Y4.325 E0.18766
G1 X-26.679 Y4.325 E0.30757
G1 X-26.258 Y3.637 E0.01962
G1 X-25.545 Y2.517 E0.03229
G1 X-24.955 Y1.616 E0.02619
G1 X-24.272 Y0.611 E0.02955
G1 X-23.562 Y-.398 E0.03001
G1 X-22.828 Y-1.406 E0.03033
G1 X-22.07 Y-2.414 E0.03067
G1 X-21.287 Y-3.423 E0.03106
G1 X-20.561 Y-4.325 E0.02816
G1 X-25.568 Y-4.325 E0.12178
G1 X-26.263 Y-3.389 E0.02835
G1 X-27.095 Y-2.231 E0.03468
G1 X-28.306 Y-.463 E0.05212
G1 X-29.377 Y1.189 E0.04788
G1 X-29.555 Y1.358 E0.00597
G1 X-29.811 Y1.458 E0.00668
G1 X-30.041 Y1.457 E0.00559
G1 F3600 E-1
G0 F12000 X-29.968 Y1.039
;TYPE:WALL-OUTER
G1 F3600 E1
G1 F2400 X-30.139 Y0.98 E0.0044
G1 X-30.246 Y0.82 E0.00468
G1 X-30.25 Y-4.75 E0.13547
G1 X-38.984 Y-4.75 E0.21242
G1 X-39.75 Y-3.512 E0.03541
G1 X-39.75 Y4.75 E0.20094
G1 X-26.441 Y4.75 E0.32369
G1 X-25.899 Y3.865 E0.02524
G1 X-25.189 Y2.75 E0.03215
G1 X-24.603 Y1.855 E0.02602
G1 X-23.925 Y0.856 E0.02936
G1 X-23.219 Y-.148 E0.02985
G1 X-22.488 Y-1.151 E0.03019
G1 X-21.734 Y-2.154 E0.03052
G1 X-20.955 Y-3.157 E0.03089
G1 X-20.217 Y-4.076 E0.02867
G1 X-19.658 Y-4.75 E0.0213
G1 X-25.782 Y-4.75 E0.14894
G1 X-26.609 Y-3.637 E0.03372
G1 X-27.445 Y-2.471 E0.03489
G1 X-28.661 Y-.696 E0.05233
G1 X-29.758 Y0.996 E0.04904
G1 X-29.968 Y1.039 E0.00521
G0 F12000 X-30.139 Y0.98
G0 X-30.246 Y0.82
G0 X-30.246 Y0.393
G0 X-31.425 Y0.393
G1 F3600 E-1
;MESH:NONMESH
G0 F600 X-31.425 Y0.393 Z49.57
G0 F12000 X-31.007 Y1.664
G0 X-29.558 Y2.088
G0 X-23.461 Y-3.919
;TIME_ELAPSED:1306.409272
;LAYER:379
;note -- min layer time used
;TYPE:FILL
;MESH:bridge_3a.stl
G1 F3600 E1
G1 F7110.5 X-23.589 Y-3.612 E0.00809
G1 X-23.785 Y-2.709 E0.02247
G1 X-23.795 Y-1.806 E0.02196
G1 X-23.624 Y-1.241 E0.01436
G1 X-24.071 Y-.625 E0.01851
G1 X-24.776 Y0.384 E0.02994
G1 X-25.44 Y1.361 E0.02873
G1 X-26.127 Y2.412 E0.03054
G1 X-26.771 Y3.425 E0.02919
G1 X-27.072 Y3.92 E0.01409
G1 X-27.107 Y3.92 E0.00085
G1 X-26.978 Y3.612 E0.00812
G1 X-26.782 Y2.709 E0.02247
G1 X-26.772 Y1.806 E0.02196
G1 X-27.045 Y0.903 E0.02294
G1 X-27.787 Y0.00 E0.02843
G1 X-28.115 Y-.27 E0.01033
G1 X-29.1 Y1.233 E0.04371
G1 X-29.42 Y1.48 E0.00983
G1 X-29.92 Y1.603 E0.01252
G1 X-30.279 Y1.547 E0.00884
G1 X-30.603 Y1.401 E0.00864
G1 X-30.844 Y1.18 E0.00795
G1 X-30.988 Y0.943 E0.00674
G1 X-31.08 Y0.645 E0.00759
G1 X-31.08 Y-3.92 E0.11103
G1 X-37.908 Y-3.92 E0.16607
G1 X-38.037 Y-3.612 E0.00812
G1 X-38.233 Y-2.709 E0.02247
G1 X-38.243 Y-1.806 E0.02196
G1 X-37.97 Y-.903 E0.02294
G1 X-37.228 Y0.00 E0.02843
G1 X-36.134 Y0.903 E0.0345
G1 X-35.198 Y1.806 E0.03163
G1 X-34.579 Y2.709 E0.02663
G1 X-34.202 Y3.612 E0.0238
G1 X-34.135 Y3.92 E0.00767
G1 F3600 E-1
G0 F12000 X-30.322 Y1.657
G0 X-30.172 Y1.153
;TYPE:WALL-INNER
G1 F3600 E1
G1 F3970.2 X-30.376 Y1.062 E0.00543
G1 X-30.526 Y0.925 E0.00494
G1 X-30.675 Y0.589 E0.00894
G1 X-30.675 Y-4.325 E0.11952
G1 X-38.915 Y-4.325 E0.20041
G1 X-39.325 Y-3.663 E0.01894
G1 X-39.325 Y4.325 E0.19428
G1 X-26.844 Y4.325 E0.30356
G1 X-26.426 Y3.637 E0.01958
G1 X-25.786 Y2.63 E0.02902
G1 X-25.102 Y1.584 E0.0304
G1 X-24.442 Y0.612 E0.02858
G1 X-23.735 Y-.396 E0.02995
G1 X-23.005 Y-1.405 E0.03029
G1 X-22.251 Y-2.413 E0.03062
G1 X-21.471 Y-3.423 E0.03104
G1 X-20.745 Y-4.324 E0.02814
G1 X-25.744 Y-4.325 E0.12158
G1 X-26.362 Y-3.491 E0.02525
G1 X-27.201 Y-2.328 E0.03488
G1 X-28.428 Y-.532 E0.0529
G1 X-29.406 Y0.962 E0.04343
G1 X-29.607 Y1.117 E0.00617
G1 X-29.924 Y1.195 E0.00794
G1 X-30.172 Y1.153 E0.00612
G1 F3600 E-1
G0 F12000 X-29.88 Y0.767
;TYPE:WALL-OUTER
G1 F3600 E1
G1 F2400 X-30.139 Y0.708 E0.00646
G1 X-30.246 Y0.548 E0.00468
G1 X-30.25 Y-4.75 E0.12886
G1 X-39.152 Y-4.75 E0.21651
G1 X-39.75 Y-3.784 E0.02763
G1 X-39.75 Y4.75 E0.20756
G1 X-26.605 Y4.75 E0.31971
G1 X-26.067 Y3.865 E0.02519
G1 X-25.43 Y2.863 E0.02888
G1 X-24.75 Y1.823 E0.03022
G1 X-24.093 Y0.856 E0.02843
G1 X-23.391 Y-.147 E0.02978
G1 X-22.665 Y-1.15 E0.03011
G1 X-21.914 Y-2.153 E0.03047
G1 X-21.139 Y-3.157 E0.03085
G1 X-20.333 Y-4.16 E0.03129
G1 X-19.843 Y-4.75 E0.01865
G1 X-25.958 Y-4.75 E0.14873
G1 X-26.706 Y-3.74 E0.03057
G1 X-27.535 Y-2.592 E0.03444
G1 X-28.724 Y-.856 E0.05118
G1 X-29.74 Y0.69 E0.04499
G1 X-29.88 Y0.767 E0.00389
G0 F12000 X-30.139 Y0.708
G0 X-30.246 Y0.548
G0 X-30.246 Y0.206
G0 X-31.425 Y0.206
G1 F3600 E-1
;MESH:NONMESH
G0 F600 X-31.425 Y0.206 Z49.7
G0 F12000 X-31.007 Y1.382
G0 X-29.57 Y1.811
G0 X-23.445 Y-3.92
;TIME_ELAPSED:1309.960733
;LAYER:380
;note -- min layer time used
;TYPE:FILL
;MESH:bridge_3a.stl
G1 F3600 E1
G1 F6868.4 X-23.561 Y-3.612 E0.008
G1 X-23.718 Y-2.709 E0.02229
G1 X-23.684 Y-1.806 E0.02198
G1 X-23.586 Y-1.53 E0.00712
G1 X-24.235 Y-.636 E0.02687
G1 X-24.949 Y0.384 E0.03028
G1 X-25.603 Y1.349 E0.02835
G1 X-26.293 Y2.409 E0.03076
G1 X-26.991 Y3.526 E0.03204
G1 X-26.849 Y2.709 E0.02017
G1 X-26.883 Y1.806 E0.02198
G1 X-27.203 Y0.903 E0.0233
G1 X-27.958 Y0.00 E0.02863
G1 X-28.279 Y-.279 E0.01034
G1 X-29.026 Y0.87 E0.03333
G1 X-29.209 Y1.083 E0.00683
G1 X-29.494 Y1.263 E0.0082
G1 X-29.923 Y1.352 E0.01066
G1 X-30.279 Y1.294 E0.00877
G1 X-30.605 Y1.148 E0.00869
G1 X-30.844 Y0.928 E0.0079
G1 X-30.988 Y0.691 E0.00674
G1 X-31.08 Y0.393 E0.00759
G1 X-31.08 Y-3.92 E0.1049
G1 X-37.893 Y-3.92 E0.1657
G1 X-38.009 Y-3.612 E0.008
G1 X-38.166 Y-2.709 E0.02229
G1 X-38.132 Y-1.806 E0.02198
G1 X-37.812 Y-.903 E0.0233
G1 X-37.057 Y0.00 E0.02863
G1 X-36.016 Y0.903 E0.03352
G1 X-35.142 Y1.806 E0.03056
G1 X-34.569 Y2.709 E0.02601
G1 X-34.23 Y3.612 E0.02346
G1 X-34.176 Y3.92 E0.00761
G1 F3600 E-1
G0 F12000 X-30.323 Y1.407
G0 X-30.172 Y0.901
;TYPE:WALL-INNER
G1 F3600 E1
G1 F3889.5 X-30.376 Y0.81 E0.00543
G1 X-30.526 Y0.673 E0.00494
G1 X-30.675 Y0.337 E0.00894
G1 X-30.675 Y-4.325 E0.11339
G1 X-39.08 Y-4.325 E0.20442
G1 X-39.325 Y-3.931 E0.01128
G1 X-39.325 Y4.325 E0.2008
G1 X-27.011 Y4.325 E0.29949
G1 X-26.591 Y3.639 E0.01956
G1 X-25.955 Y2.632 E0.02897
G1 X-25.264 Y1.57 E0.03082
G1 X-24.614 Y0.612 E0.02816
G1 X-23.907 Y-.396 E0.02995
G1 X-23.182 Y-1.4 E0.03012
G1 X-22.532 Y-2.272 E0.02645
G1 X-21.647 Y-3.423 E0.03531
G1 X-20.922 Y-4.325 E0.02815
G1 X-25.923 Y-4.325 E0.12163
G1 X-27.288 Y-2.445 E0.05651
G1 X-28.103 Y-1.267 E0.03484
G1 X-28.607 Y-.519 E0.02194
G1 X-29.427 Y0.744 E0.03662
G1 X-29.654 Y0.887 E0.00653
G1 X-29.924 Y0.943 E0.00671
G1 X-30.172 Y0.901 E0.00612
G1 F3600 E-1
G0 F12000 X-29.968 Y0.515
;TYPE:WALL-OUTER
G1 F3600 E1
G1 F2400 X-30.14 Y0.456 E0.00442
G1 X-30.246 Y0.296 E0.00467
G1 X-30.25 Y-4.75 E0.12273
G1 X-39.316 Y-4.75 E0.2205
G1 X-39.75 Y-4.052 E0.01999
G1 X-39.75 Y4.75 E0.21408
G1 X-26.773 Y4.75 E0.31562
G1 X-26.232 Y3.866 E0.02521
G1 X-25.598 Y2.863 E0.02886
G1 X-24.912 Y1.809 E0.03059
G1 X-24.265 Y0.856 E0.02802
G1 X-23.563 Y-.147 E0.02978
G1 X-22.841 Y-1.146 E0.02998
G1 X-22.195 Y-2.013 E0.0263
G1 X-21.315 Y-3.157 E0.0351
G1 X-20.024 Y-4.75 E0.04987
G1 X-26.144 Y-4.75 E0.14885
G1 X-27.649 Y-2.67 E0.06244
G1 X-28.934 Y-.796 E0.05526
G1 X-29.738 Y0.437 E0.0358
G1 X-29.824 Y0.498 E0.00256
G1 X-29.968 Y0.515 E0.00353
G0 F12000 X-30.14 Y0.456
G0 X-30.246 Y0.296
G0 X-30.246 Y-.13
G0 X-31.425 Y-.13
G1 F3600 E-1
;MESH:NONMESH
G0 F600 X-31.425 Y-.13 Z49.83
G0 F12000 X-31.007 Y1.134
G0 X-29.566 Y1.562
G0 X-23.435 Y-3.92
;TIME_ELAPSED:1313.485298
;LAYER:381
;note -- min layer time used
;TYPE:FILL
;MESH:bridge_3a.stl
G1 F3600 E1
G1 F6634.3 X-23.538 Y-3.612 E0.0079
G1 X-23.657 Y-2.709 E0.02215
G1 X-23.573 Y-1.789 E0.02247
G1 X-24.411 Y-.628 E0.03482
G1 X-25.12 Y0.385 E0.03007
G1 X-25.765 Y1.339 E0.02801
G1 X-26.428 Y2.351 E0.02943
G1 X-26.98 Y3.238 E0.02541
G1 X-26.91 Y2.709 E0.01298
G1 X-26.987 Y1.806 E0.02204
G1 X-27.35 Y0.903 E0.02367
G1 X-28.116 Y0.00 E0.0288
G1 X-28.439 Y-.293 E0.01061
G1 X-29.091 Y0.706 E0.02901
G1 X-29.299 Y0.891 E0.00677
G1 X-29.573 Y1.032 E0.00749
G1 X-29.925 Y1.091 E0.00868
G1 X-30.278 Y1.034 E0.0087
G1 X-30.601 Y0.889 E0.00861
G1 X-30.838 Y0.671 E0.00783
G1 X-30.986 Y0.432 E0.00684
G1 X-31.08 Y0.137 E0.00753
G1 X-31.08 Y-3.92 E0.09867
G1 X-37.883 Y-3.92 E0.16546
G1 X-37.986 Y-3.612 E0.0079
G1 X-38.105 Y-2.709 E0.02215
G1 X-38.028 Y-1.806 E0.02204
G1 X-37.665 Y-.903 E0.02367
G1 X-36.899 Y0.00 E0.0288
G1 X-35.902 Y0.903 E0.03272
G1 X-35.083 Y1.806 E0.02965
G1 X-34.554 Y2.709 E0.02545
G1 X-34.253 Y3.612 E0.02315
G1 X-34.212 Y3.92 E0.00756
G1 F3600 E-1
G0 F12000 X-30.322 Y1.143
G0 X-30.172 Y0.642
;TYPE:WALL-INNER
G1 F3600 E1
G1 F3811.4 X-30.375 Y0.55 E0.00542
G1 X-30.525 Y0.414 E0.00492
G1 X-30.675 Y0.08 E0.0089
G1 X-30.675 Y-4.325 E0.10714
G1 X-39.247 Y-4.325 E0.20848
G1 X-39.325 Y-4.2 E0.00358
G1 X-39.325 Y4.325 E0.20734
G1 X-27.176 Y4.325 E0.29548
G1 X-26.76 Y3.64 E0.01949
G1 X-26.09 Y2.574 E0.03062
G1 X-25.427 Y1.563 E0.0294
G1 X-24.786 Y0.612 E0.02789
G1 X-24.081 Y-.394 E0.02988
G1 X-23.358 Y-1.4 E0.03013
G1 X-22.531 Y-2.508 E0.03363
G1 X-21.828 Y-3.422 E0.02804
G1 X-21.106 Y-4.325 E0.02812
G1 X-26.099 Y-4.325 E0.12144
G1 X-26.641 Y-3.592 E0.02217
G1 X-27.351 Y-2.6 E0.02967
G1 X-28.21 Y-1.363 E0.03663
G1 X-28.712 Y-.616 E0.02189
G1 X-29.399 Y0.44 E0.03064
G1 X-29.702 Y0.646 E0.00891
G1 X-29.897 Y0.683 E0.00483
G1 X-30.172 Y0.642 E0.00676
G1 F3600 E-1
G0 F12000 X-29.924 Y0.258
;TYPE:WALL-OUTER
G1 F3600 E1
G1 F2400 X-30.139 Y0.196 E0.00544
G1 X-30.246 Y0.036 E0.00468
G1 X-30.25 Y-4.75 E0.1164
G1 X-39.484 Y-4.75 E0.22458
G1 X-39.75 Y-4.321 E0.01228
G1 X-39.75 Y4.75 E0.22062
G1 X-26.937 Y4.75 E0.31163
G1 X-26.4 Y3.866 E0.02516
G1 X-25.705 Y2.762 E0.03173
G1 X-25.075 Y1.801 E0.02795
G1 X-24.437 Y0.856 E0.02773
G1 X-23.735 Y-.146 E0.02976
G1 X-23.017 Y-1.146 E0.02994
G1 X-22.195 Y-2.249 E0.03346
G1 X-21.496 Y-3.157 E0.02787
G1 X-20.697 Y-4.155 E0.03109
G1 X-20.208 Y-4.75 E0.01873
G1 X-26.313 Y-4.75 E0.14848
G1 X-26.967 Y-3.868 E0.02671
G1 X-27.7 Y-2.843 E0.03065
G1 X-28.563 Y-1.6 E0.0368
G1 X-29.068 Y-.848 E0.02203
G1 X-29.719 Y0.153 E0.02904
G1 X-29.841 Y0.245 E0.00372
G1 X-29.924 Y0.258 E0.00204
G0 F12000 X-30.139 Y0.196
G0 X-30.246 Y0.036
G0 X-30.246 Y-.348
G0 X-31.425 Y-.348
G1 F3600 E-1
;MESH:NONMESH
G0 F600 X-31.425 Y-.348 Z49.96
G0 F12000 X-31.007 Y0.869
G0 X-29.568 Y1.298
G0 X-23.428 Y-3.92
;TIME_ELAPSED:1316.981783
;LAYER:382
;note -- min layer time used
;TYPE:FILL
;MESH:bridge_3a.stl
G1 F3600 E1
G1 F6412.6 X-23.518 Y-3.612 E0.0078
G1 X-23.599 Y-2.709 E0.02205
G1 X-23.52 Y-2.1 E0.01494
G1 X-23.871 Y-1.628 E0.01431
G1 X-24.585 Y-.632 E0.02981
G1 X-25.294 Y0.39 E0.03025
G1 X-26.628 Y2.404 E0.05875
G1 X-26.994 Y2.994 E0.01689
G1 X-26.968 Y2.709 E0.00696
G1 X-27.085 Y1.806 E0.02215
G1 X-27.488 Y0.903 E0.02405
G1 X-28.265 Y0.00 E0.02897
G1 X-28.595 Y-.311 E0.01103
G1 X-29.102 Y0.463 E0.0225
G1 X-29.389 Y0.688 E0.00887
G1 X-29.642 Y0.793 E0.00666
G1 X-29.929 Y0.831 E0.00704
G1 X-30.278 Y0.774 E0.0086
G1 X-30.587 Y0.638 E0.00821
G1 X-30.816 Y0.44 E0.00736
G1 X-30.973 Y0.207 E0.00683
G1 X-31.079 Y-.2 E0.01023
G1 X-31.08 Y-3.92 E0.09048
G1 X-37.876 Y-3.92 E0.16529
G1 X-37.966 Y-3.612 E0.0078
G1 X-38.047 Y-2.709 E0.02205
G1 X-37.93 Y-1.806 E0.02215
G1 X-37.527 Y-.903 E0.02405
G1 X-36.75 Y0.00 E0.02897
G1 X-35.791 Y0.903 E0.03204
G1 X-35.022 Y1.806 E0.02885
G1 X-34.536 Y2.709 E0.02494
G1 X-34.273 Y3.612 E0.02287
G1 X-34.245 Y3.92 E0.00752
G1 F3600 E-1
G0 F12000 X-30.082 Y0.954
G0 X-29.924 Y0.423
;TYPE:WALL-INNER
G1 F3600 E1
G1 F3737.5 X-30.172 Y0.381 E0.00612
G1 X-30.365 Y0.297 E0.00512
G1 X-30.605 Y0.029 E0.00875
G1 X-30.675 Y-.235 E0.00664
G1 X-30.675 Y-4.325 E0.09947
G1 X-39.325 Y-4.325 E0.21038
G1 X-39.325 Y4.325 E0.21038
G1 X-27.34 Y4.325 E0.29149
G1 X-26.293 Y2.629 E0.04848
G1 X-24.958 Y0.614 E0.05879
G1 X-24.257 Y-.394 E0.02986
G1 X-23.542 Y-1.391 E0.02984
G1 X-22.784 Y-2.412 E0.03093
G1 X-22.01 Y-3.419 E0.03089
G1 X-21.287 Y-4.324 E0.02817
G1 X-26.274 Y-4.325 E0.12129
G1 X-27.092 Y-3.213 E0.03357
G1 X-27.905 Y-2.055 E0.03441
G1 X-28.882 Y-.612 E0.04238
G1 X-29.407 Y0.192 E0.02335
G1 X-29.59 Y0.335 E0.00565
G1 X-29.924 Y0.423 E0.0084
G1 F3600 E-1
G0 F12000 X-30.135 Y-0.061
;TYPE:WALL-OUTER
G1 F3600 E1
G1 F2400 X-30.25 Y-.189 E0.00419
G1 X-30.25 Y-4.75 E0.11093
G1 X-39.652 Y-4.75 E0.22867
G1 X-39.75 Y-4.592 E0.00452
G1 X-39.75 Y4.75 E0.22721
G1 X-27.101 Y4.75 E0.30764
G1 X-26.565 Y3.867 E0.02512
G1 X-25.938 Y2.862 E0.02881
G1 X-24.61 Y0.857 E0.05849
G1 X-23.912 Y-.146 E0.02972
G1 X-23.201 Y-1.138 E0.02968
G1 X-22.447 Y-2.153 E0.03075
G1 X-21.677 Y-3.155 E0.03073
G1 X-21.194 Y-3.767 E0.01896
G1 X-20.391 Y-4.749 E0.03085
G1 X-26.489 Y-4.75 E0.14831
G1 X-27.439 Y-3.458 E0.039
G1 X-28.257 Y-2.293 E0.03462
G1 X-29.238 Y-.844 E0.04256
G1 X-29.742 Y-0.079 E0.02228
G1 X-29.88 Y-0.005 E0.00381
G1 X-30.135 Y-0.061 E0.00635
G0 F12000 X-30.25 Y-.189
G0 X-30.25 Y-.817
G0 X-31.425 Y-.817
G1 F3600 E-1
;MESH:NONMESH
G0 F600 X-31.425 Y-.817 Z50.09
G0 F12000 X-31.007 Y0.608
G0 X-29.568 Y1.037
G0 X-23.489 Y-2.378
;TIME_ELAPSED:1320.457766
;LAYER:383
;note -- min layer time used
;TYPE:FILL
;MESH:bridge_3a.stl
G1 F3600 E1
G1 F5905.9 X-23.547 Y-2.709 E0.00817
G1 X-23.503 Y-3.612 E0.02199
G1 X-23.426 Y-3.919 E0.0077
G1 X-26.245 Y-3.919 E0.06856
G1 X-26.852 Y-3.092 E0.02495
G1 X-28.078 Y-1.333 E0.05215
G1 X-28.745 Y-.33 E0.0293
G1 X-28.407 Y0.00 E0.01149
G1 X-27.619 Y0.903 E0.02915
G1 X-27.178 Y1.806 E0.02444
G1 X-27.012 Y2.754 E0.02341
G1 X-27.734 Y3.92 E0.03336
G1 X-34.273 Y3.92 E0.15904
G1 X-34.288 Y3.612 E0.0075
G1 X-34.515 Y2.709 E0.02265
G1 X-34.959 Y1.806 E0.02447
G1 X-35.682 Y0.903 E0.02813
G1 X-36.608 Y0.00 E0.03146
G1 X-37.396 Y-.903 E0.02915
G1 X-37.837 Y-1.806 E0.02444
G1 X-37.995 Y-2.709 E0.0223
G1 X-37.951 Y-3.612 E0.02199
G1 X-37.874 Y-3.92 E0.00772
G1 F3600 E-1
G0 F12000 X-31.007 Y0.346
G0 X-30.172 Y0.125
;TYPE:WALL-INNER
G1 F3600 E1
G1 F3568.6 X-30.355 Y0.047 E0.00484
G1 X-30.592 Y-.202 E0.00836
G1 X-30.672 Y-.456 E0.00648
G1 X-30.675 Y-4.325 E0.0941
G1 X-39.325 Y-4.325 E0.21038
G1 X-39.325 Y4.325 E0.21038
G1 X-27.505 Y4.325 E0.28748
G1 X-27.093 Y3.642 E0.0194
G1 X-26.426 Y2.575 E0.0306
G1 X-25.805 Y1.623 E0.02764
G1 X-25.128 Y0.615 E0.02953
G1 X-24.429 Y-.394 E0.02985
G1 X-23.543 Y-1.627 E0.03693
G1 X-22.961 Y-2.41 E0.02373
G1 X-22.19 Y-3.419 E0.03088
G1 X-21.471 Y-4.325 E0.02813
G1 X-26.449 Y-4.324 E0.12107
G1 X-27.191 Y-3.313 E0.0305
G1 X-28.378 Y-1.616 E0.05037
G1 X-29.428 Y-0.033 E0.0462
G1 X-29.647 Y0.108 E0.00633
G1 X-29.924 Y0.167 E0.00689
G1 X-30.172 Y0.125 E0.00612
G1 F3600 E-1
G0 F12000 X-29.88 Y-.261
;TYPE:WALL-OUTER
G1 F3600 E1
G1 F2400 X-30.132 Y-.315 E0.00627
G1 X-30.249 Y-.501 E0.00534
G1 X-30.25 Y-4.75 E0.10334
G1 X-39.75 Y-4.75 E0.23105
G1 X-39.75 Y4.75 E0.23105
G1 X-27.266 Y4.75 E0.30363
G1 X-26.735 Y3.87 E0.025
G1 X-26.07 Y2.807 E0.0305
G1 X-25.452 Y1.86 E0.0275
G1 X-24.778 Y0.857 E0.02939
G1 X-24.084 Y-.146 E0.02966
G1 X-23.201 Y-1.373 E0.03677
G1 X-22.623 Y-2.152 E0.02359
G1 X-21.857 Y-3.155 E0.03069
G1 X-21.194 Y-3.994 E0.02601
G1 X-20.578 Y-4.75 E0.02372
G1 X-26.665 Y-4.749 E0.14804
G1 X-27.539 Y-3.557 E0.03595
G1 X-28.764 Y-1.802 E0.05205
G1 X-29.74 Y-.332 E0.04292
G1 X-29.88 Y-.261 E0.00382
G0 F12000 X-30.132 Y-.315
G0 X-30.249 Y-.501
G0 X-30.249 Y-.823
G0 X-31.425 Y-.823
G1 F3600 E-1
;MESH:NONMESH
G0 F600 X-31.425 Y-.823 Z50.22
G0 F12000 X-31.007 Y0.346
G0 X-29.575 Y0.779
G0 X-23.48 Y-2.627
;TIME_ELAPSED:1323.915110
;LAYER:384
;note -- min layer time used
;TYPE:FILL
;MESH:bridge_3a.stl
G1 F3600 E1
G1 F5692 X-23.498 Y-2.709 E0.00204
G1 X-23.491 Y-3.612 E0.02196
G1 X-23.427 Y-3.919 E0.00763
G1 X-26.419 Y-3.92 E0.07277
G1 X-26.957 Y-3.185 E0.02215
G1 X-27.643 Y-2.215 E0.0289
G1 X-28.572 Y-.856 E0.04004
G1 X-28.9 Y-.359 E0.01448
G1 X-28.543 Y0.00 E0.01231
G1 X-27.743 Y0.903 E0.02934
G1 X-27.266 Y1.806 E0.02484
G1 X-27.091 Y2.61 E0.02001
G1 X-27.608 Y3.432 E0.02362
G1 X-27.9 Y3.92 E0.01383
G1 X-34.298 Y3.92 E0.15561
G1 X-34.3 Y3.612 E0.00749
G1 X-34.489 Y2.709 E0.02244
G1 X-34.894 Y1.806 E0.02407
G1 X-35.573 Y0.903 E0.02748
G1 X-36.472 Y0.00 E0.03099
G1 X-37.272 Y-.903 E0.02934
G1 X-37.749 Y-1.806 E0.02484
G1 X-37.946 Y-2.709 E0.02248
G1 X-37.939 Y-3.612 E0.02196
G1 X-37.875 Y-3.92 E0.00765
G1 F3600 E-1
G0 F12000 X-31.007 Y0.088
G0 X-30.172 Y-.135
;TYPE:WALL-INNER
G1 F3600 E1
G1 F3497.3 X-30.345 Y-.207 E0.00456
G1 X-30.578 Y-.438 E0.00798
G1 X-30.675 Y-.712 E0.00707
G1 X-30.675 Y-4.325 E0.08787
G1 X-39.325 Y-4.325 E0.21038
G1 X-39.325 Y4.325 E0.21038
G1 X-27.671 Y4.325 E0.28344
G1 X-27.26 Y3.64 E0.01943
G1 X-26.528 Y2.475 E0.03346
G1 X-25.3 Y0.615 E0.05421
G1 X-24.545 Y-.474 E0.03223
G1 X-23.884 Y-1.397 E0.02761
G1 X-23.138 Y-2.409 E0.03058
G1 X-22.369 Y-3.42 E0.03089
G1 X-21.653 Y-4.324 E0.02805
G1 X-26.625 Y-4.325 E0.12093
G1 X-27.289 Y-3.419 E0.02732
G1 X-28.11 Y-2.257 E0.0346
G1 X-28.91 Y-1.079 E0.03463
G1 X-29.404 Y-.33 E0.02182
G1 X-29.703 Y-.129 E0.00876
G1 X-29.898 Y-0.093 E0.00482
G1 X-30.172 Y-.135 E0.00674
G1 F3600 E-1
G0 F12000 X-29.924 Y-.518
;TYPE:WALL-OUTER
G1 F3600 E1
G1 F2400 X-30.128 Y-.572 E0.00513
G1 X-30.247 Y-.748 E0.00517
G1 X-30.25 Y-4.75 E0.09733
G1 X-39.75 Y-4.75 E0.23105
G1 X-39.75 Y4.75 E0.23105
G1 X-27.43 Y4.75 E0.29964
G1 X-26.9 Y3.866 E0.02507
G1 X-26.173 Y2.71 E0.03321
G1 X-24.95 Y0.857 E0.054
G1 X-24.2 Y-.226 E0.03204
G1 X-23.542 Y-1.145 E0.02749
G1 X-22.8 Y-2.152 E0.03042
G1 X-22.036 Y-3.156 E0.03068
G1 X-21.194 Y-4.219 E0.03298
G1 X-20.759 Y-4.749 E0.01668
G1 X-26.841 Y-4.75 E0.14792
G1 X-27.636 Y-3.665 E0.03271
G1 X-28.461 Y-2.496 E0.0348
G1 X-29.266 Y-1.313 E0.0348
G1 X-29.745 Y-.584 E0.02122
G1 X-29.924 Y-.518 E0.00464
G0 F12000 X-30.128 Y-.572
G0 X-30.247 Y-.748
G0 X-30.247 Y-1.125
G0 X-31.425 Y-1.125
G1 F3600 E-1
;MESH:NONMESH
G0 F600 X-31.425 Y-1.125 Z50.35
G0 F12000 X-31.007 Y0.088
G0 X-29.573 Y0.519
G0 X-23.431 Y-3.92
;TIME_ELAPSED:1327.361569
;LAYER:385
;note -- min layer time used
;TYPE:FILL
;MESH:bridge_3a.stl
G1 F3600 E1
G1 F5688.4 X-23.483 Y-3.612 E0.0076
G1 X-23.459 Y-2.902 E0.01728
G1 X-24.387 Y-1.635 E0.0382
G1 X-25.11 Y-.624 E0.03023
G1 X-25.81 Y0.393 E0.03003
G1 X-27.176 Y2.472 E0.0605
G1 X-27.349 Y1.806 E0.01674
G1 X-27.863 Y0.903 E0.02527
G1 X-28.677 Y0.00 E0.02957
G1 X-29.05 Y-.386 E0.01306
G1 X-29.41 Y-0.071 E0.01163
G1 X-29.661 Y0.026 E0.00654
G1 X-29.96 Y0.057 E0.00731
G1 X-30.327 Y-0.016 E0.0091
G1 X-30.578 Y-.134 E0.00675
G1 X-30.911 Y-.461 E0.01135
G1 X-31.08 Y-.871 E0.01079
G1 X-31.08 Y-3.92 E0.07416
G1 X-37.879 Y-3.92 E0.16536
G1 X-37.931 Y-3.612 E0.0076
G1 X-37.901 Y-2.709 E0.02197
G1 X-37.666 Y-1.806 E0.02269
G1 X-37.152 Y-.903 E0.02527
G1 X-36.338 Y0.00 E0.02957
G1 X-35.464 Y0.903 E0.03056
G1 X-34.825 Y1.806 E0.0269
G1 X-34.461 Y2.709 E0.02368
G1 X-34.308 Y3.612 E0.02228
G1 X-34.318 Y3.92 E0.00749
G1 F3600 E-1
G0 F12000 X-30.102 Y0.172
G0 X-29.945 Y-.349
;TYPE:WALL-INNER
G1 F3600 E1
G1 F3496.1 X-30.356 Y-.474 E0.01045
G1 X-30.569 Y-.683 E0.00726
G1 X-30.675 Y-.94 E0.00676
G1 X-30.675 Y-4.325 E0.08233
G1 X-39.325 Y-4.325 E0.21038
G1 X-39.325 Y4.325 E0.21038
G1 X-27.837 Y4.325 E0.27941
G1 X-27.426 Y3.643 E0.01937
G1 X-26.794 Y2.627 E0.0291
G1 X-25.473 Y0.617 E0.0585
G1 X-24.777 Y-.394 E0.02985
G1 X-24.057 Y-1.399 E0.03007
G1 X-23.317 Y-2.41 E0.03047
G1 X-22.548 Y-3.417 E0.03082
G1 X-21.835 Y-4.325 E0.02808
G1 X-26.802 Y-4.325 E0.1208
G1 X-27.414 Y-3.489 E0.0252
G1 X-28.21 Y-2.357 E0.03366
G1 X-29.412 Y-.577 E0.05224
G1 X-29.616 Y-.422 E0.00623
G1 X-29.945 Y-.349 E0.0082
G1 F3600 E-1
G0 F12000 X-29.88 Y-.777
;TYPE:WALL-OUTER
G1 F3600 E1
G1 F2400 X-30.132 Y-.835 E0.00629
G1 X-30.25 Y-.975 E0.00445
G1 X-30.25 Y-4.75 E0.09181
G1 X-39.75 Y-4.75 E0.23105
G1 X-39.75 Y4.75 E0.23105
G1 X-27.598 Y4.75 E0.29555
G1 X-27.065 Y3.868 E0.02506
G1 X-26.438 Y2.859 E0.02889
G1 X-25.122 Y0.858 E0.05825
G1 X-24.432 Y-.146 E0.02963
G1 X-23.714 Y-1.148 E0.02998
G1 X-22.979 Y-2.152 E0.03026
G1 X-22.213 Y-3.155 E0.03069
G1 X-21.426 Y-4.159 E0.03103
G1 X-20.942 Y-4.75 E0.01858
G1 X-27.017 Y-4.75 E0.14775
G1 X-27.737 Y-3.768 E0.02962
G1 X-28.55 Y-2.614 E0.03433
G1 X-29.741 Y-.853 E0.05171
G1 X-29.88 Y-.777 E0.00385
G0 F12000 X-30.132 Y-.835
G0 X-30.25 Y-.975
G0 X-30.25 Y-1.333
G0 X-31.425 Y-1.333
G1 F3600 E-1
;MESH:NONMESH
G0 F600 X-31.425 Y-1.333 Z50.48
G0 F12000 X-31.007 Y-.172
G0 X-29.575 Y0.261
G0 X-23.443 Y-3.137
;TIME_ELAPSED:1330.781498
;LAYER:386
;note -- min layer time used
;TYPE:FILL
;MESH:bridge_3a.stl
G1 F3600 E1
G1 F5290.8 X-23.478 Y-3.612 E0.01158
G1 X-23.439 Y-3.919 E0.00753
G1 X-26.769 Y-3.92 E0.08099
G1 X-27.988 Y-2.217 E0.05094
G1 X-29.113 Y-.554 E0.04883
G1 X-29.246 Y-.464 E0.00391
G1 X-28.807 Y0.00 E0.01554
G1 X-27.979 Y0.903 E0.0298
G1 X-27.429 Y1.806 E0.02572
G1 X-27.264 Y2.35 E0.01383
G1 X-28.229 Y3.92 E0.04482
G1 X-34.336 Y3.92 E0.14853
G1 X-34.313 Y3.612 E0.00751
G1 X-34.428 Y2.709 E0.02214
G1 X-34.754 Y1.806 E0.02335
G1 X-35.354 Y0.903 E0.02637
G1 X-36.208 Y0.00 E0.03023
G1 X-37.036 Y-.903 E0.0298
G1 X-37.586 Y-1.806 E0.02572
G1 X-37.86 Y-2.709 E0.02295
G1 X-37.926 Y-3.612 E0.02202
G1 X-37.887 Y-3.92 E0.00755
G1 F3600 E-1
G0 F12000 X-31.007 Y-.428
G0 X-30.111 Y-0.089
G0 X-29.955 Y-.609
;TYPE:WALL-INNER
G1 F3600 E1
G1 F3363.6 X-30.326 Y-.712 E0.00936
G1 X-30.548 Y-.908 E0.0072
G1 X-30.675 Y-1.175 E0.00719
G1 X-30.675 Y-4.325 E0.07661
G1 X-39.325 Y-4.325 E0.21038
G1 X-39.325 Y4.325 E0.21038
G1 X-28.001 Y4.325 E0.27542
G1 X-26.963 Y2.629 E0.04836
G1 X-26.315 Y1.626 E0.02904
G1 X-25.644 Y0.617 E0.02947
G1 X-24.95 Y-.392 E0.02978
G1 X-24.233 Y-1.399 E0.03007
G1 X-23.538 Y-2.349 E0.02863
G1 X-22.729 Y-3.412 E0.03249
G1 X-22.015 Y-4.324 E0.02817
G1 X-26.976 Y-4.325 E0.12066
G1 X-28.317 Y-2.453 E0.05601
G1 X-29.413 Y-.834 E0.04755
G1 X-29.672 Y-.657 E0.00763
G1 X-29.955 Y-.609 E0.00698
G1 F3600 E-1
G0 F12000 X-29.968 Y-1.037
;TYPE:WALL-OUTER
G1 F3600 E1
G1 F2400 X-30.121 Y-1.084 E0.00389
G1 X-30.25 Y-1.255 E0.00521
G1 X-30.25 Y-4.75 E0.085
G1 X-39.75 Y-4.75 E0.23105
G1 X-39.75 Y4.75 E0.23105
G1 X-27.762 Y4.75 E0.29157
G1 X-26.606 Y2.86 E0.05388
G1 X-25.961 Y1.861 E0.02892
G1 X-25.294 Y0.858 E0.0293
G1 X-24.604 Y-.145 E0.02961
G1 X-23.89 Y-1.148 E0.02994
G1 X-23.199 Y-2.092 E0.02845
G1 X-22.394 Y-3.15 E0.03233
G1 X-21.607 Y-4.158 E0.0311
G1 X-21.126 Y-4.75 E0.01855
G1 X-27.192 Y-4.75 E0.14753
G1 X-27.799 Y-3.917 E0.02507
G1 X-28.669 Y-2.691 E0.03656
G1 X-29.742 Y-1.111 E0.04645
G1 X-29.83 Y-1.051 E0.00259
G1 X-29.968 Y-1.037 E0.00337
G0 F12000 X-30.121 Y-1.084
G0 X-30.25 Y-1.255
G0 X-30.25 Y-1.681
G0 X-31.425 Y-1.681
G1 F3600 E-1
;MESH:NONMESH
G0 F600 X-31.425 Y-1.681 Z50.61
G0 F12000 X-31.007 Y-.428
G0 X-29.574 Y0.003
G0 X-23.45 Y-3.364
;TIME_ELAPSED:1334.200919
;LAYER:387
;note -- min layer time used
;TYPE:FILL
;MESH:bridge_3a.stl
G1 F3600 E1
G1 F5094.7 X-23.478 Y-3.612 E0.00607
G1 X-23.451 Y-3.919 E0.0075
G1 X-26.945 Y-3.92 E0.08498
G1 X-28.064 Y-2.36 E0.04669
G1 X-29.039 Y-.92 E0.0423
G1 X-29.238 Y-.701 E0.0072
G1 X-29.471 Y-.577 E0.00642
G1 X-28.091 Y0.903 E0.04922
G1 X-27.504 Y1.806 E0.02619
G1 X-27.356 Y2.235 E0.01104
G1 X-28.393 Y3.92 E0.04812
G1 X-34.348 Y3.92 E0.14483
G1 X-34.313 Y3.612 E0.00754
G1 X-34.392 Y2.709 E0.02205
G1 X-34.68 Y1.806 E0.02305
G1 X-35.243 Y0.903 E0.02588
G1 X-36.924 Y-.903 E0.06001
G1 X-37.511 Y-1.806 E0.02619
G1 X-37.823 Y-2.709 E0.02324
G1 X-37.926 Y-3.612 E0.0221
G1 X-37.899 Y-3.92 E0.00752
G1 F3600 E-1
G0 F12000 X-31.696 Y-1.01
G0 X-30.09 Y-.335
G0 X-29.928 Y-.861
;TYPE:WALL-INNER
G1 F3600 E1
G1 F3298.2 X-30.323 Y-.962 E0.00992
G1 X-30.441 Y-1.045 E0.00351
G1 X-30.599 Y-1.244 E0.00618
G1 X-30.675 Y-1.469 E0.00578
G1 X-30.675 Y-4.325 E0.06946
G1 X-39.325 Y-4.325 E0.21038
G1 X-39.325 Y4.325 E0.21038
G1 X-28.165 Y4.325 E0.27143
G1 X-27.128 Y2.631 E0.04831
G1 X-26.483 Y1.626 E0.02904
G1 X-25.814 Y0.618 E0.02942
G1 X-25.123 Y-.391 E0.02974
G1 X-24.408 Y-1.4 E0.03008
G1 X-23.536 Y-2.587 E0.03582
G1 X-22.196 Y-4.324 E0.05336
G1 X-27.152 Y-4.325 E0.12054
G1 X-28.393 Y-2.596 E0.05176
G1 X-29.413 Y-1.093 E0.04418
G1 X-29.742 Y-.886 E0.00945
G1 X-29.928 Y-.861 E0.00456
G1 F3600 E-1
G0 F12000 X-29.995 Y-1.295
;TYPE:WALL-OUTER
G1 F3600 E1
G1 F2400 X-30.164 Y-1.366 E0.00446
G1 X-30.247 Y-1.512 E0.00408
G1 X-30.25 Y-4.75 E0.07875
G1 X-39.75 Y-4.75 E0.23105
G1 X-39.75 Y4.75 E0.23105
G1 X-27.926 Y4.75 E0.28758
G1 X-26.771 Y2.86 E0.05387
G1 X-26.129 Y1.861 E0.02888
G1 X-25.463 Y0.858 E0.02928
G1 X-24.777 Y-.145 E0.02955
G1 X-24.066 Y-1.149 E0.02992
G1 X-23.199 Y-2.329 E0.03561
G1 X-21.787 Y-4.158 E0.0562
G1 X-21.308 Y-4.75 E0.01852
G1 X-27.368 Y-4.75 E0.14739
G1 X-28.027 Y-3.844 E0.02725
G1 X-28.745 Y-2.835 E0.03012
G1 X-29.748 Y-1.354 E0.0435
G1 X-29.863 Y-1.294 E0.00315
G1 X-29.995 Y-1.295 E0.00321
G0 F12000 X-30.164 Y-1.366
G0 X-30.247 Y-1.512
G0 X-30.247 Y-1.961
G0 X-31.425 Y-1.961
G1 F3600 E-1
;MESH:NONMESH
G0 F600 X-31.425 Y-1.961 Z50.74
G0 F12000 X-31.007 Y-.687
G0 X-29.584 Y-.25
G0 X-23.476 Y-3.714
;TIME_ELAPSED:1337.609620
;LAYER:388
;note -- min layer time used
;TYPE:FILL
;MESH:bridge_3a.stl
G1 F3600 E1
G1 F5001.4 X-23.473 Y-3.563 E0.00367
G1 X-24.165 Y-2.658 E0.02771
G1 X-24.872 Y-1.69 E0.02915
G1 X-25.628 Y-.62 E0.03186
G1 X-26.322 Y0.389 E0.02978
G1 X-26.904 Y1.268 E0.02564
G1 X-27.452 Y2.127 E0.02478
G1 X-27.577 Y1.806 E0.00838
G1 X-28.202 Y0.903 E0.02671
G1 X-29.068 Y0.00 E0.03043
G1 X-29.741 Y-.742 E0.02436
G1 X-29.926 Y-.704 E0.00459
G1 X-30.262 Y-.76 E0.00828
G1 X-30.588 Y-.902 E0.00865
G1 X-30.916 Y-1.233 E0.01133
G1 X-31.08 Y-1.641 E0.01069
G1 X-31.08 Y-3.92 E0.05543
G1 X-37.914 Y-3.92 E0.16621
G1 X-37.929 Y-3.612 E0.0075
G1 X-37.789 Y-2.709 E0.02222
G1 X-37.438 Y-1.806 E0.02356
G1 X-36.813 Y-.903 E0.02671
G1 X-35.947 Y0.00 E0.03043
G1 X-35.128 Y0.903 E0.02965
G1 X-34.602 Y1.806 E0.02542
G1 X-34.353 Y2.709 E0.02278
G1 X-34.31 Y3.612 E0.02199
G1 X-34.358 Y3.92 E0.00758
G1 F3600 E-1
G0 F12000 X-30.295 Y-.653
G0 X-30.142 Y-1.147
;TYPE:WALL-INNER
G1 F3600 E1
G1 F3267.1 X-30.364 Y-1.243 E0.00588
G1 X-30.573 Y-1.453 E0.00721
G1 X-30.675 Y-1.708 E0.00668
G1 X-30.675 Y-4.325 E0.06365
G1 X-39.325 Y-4.325 E0.21038
G1 X-39.325 Y4.325 E0.21038
G1 X-28.331 Y4.325 E0.26739
G1 X-27.922 Y3.644 E0.01932
G1 X-27.297 Y2.636 E0.02885
G1 X-26.563 Y1.487 E0.03316
G1 X-25.985 Y0.613 E0.02548
G1 X-25.296 Y-.39 E0.0296
G1 X-24.546 Y-1.45 E0.03158
G1 X-23.845 Y-2.41 E0.02891
G1 X-22.373 Y-4.325 E0.05875
G1 X-27.327 Y-4.325 E0.12049
G1 X-28.565 Y-2.597 E0.0517
G1 X-29.413 Y-1.345 E0.03678
G1 X-29.664 Y-1.166 E0.0075
G1 X-29.928 Y-1.113 E0.00655
G1 X-30.142 Y-1.147 E0.00527
G1 F3600 E-1
G0 F12000 X-29.928 Y-1.538
;TYPE:WALL-OUTER
G1 F3600 E1
G1 F2400 X-30.135 Y-1.601 E0.00526
G1 X-30.245 Y-1.76 E0.0047
G1 X-30.25 Y-4.75 E0.07272
G1 X-39.75 Y-4.75 E0.23105
G1 X-39.75 Y4.75 E0.23105
G1 X-28.09 Y4.75 E0.28359
G1 X-27.561 Y3.868 E0.02501
G1 X-26.939 Y2.865 E0.0287
G1 X-26.209 Y1.721 E0.03301
G1 X-25.635 Y0.854 E0.02529
G1 X-24.949 Y-.145 E0.02947
G1 X-24.202 Y-1.2 E0.03144
G1 X-23.507 Y-2.152 E0.02867
G1 X-22.195 Y-3.869 E0.05256
G1 X-21.485 Y-4.75 E0.02752
G1 X-27.544 Y-4.75 E0.14736
G1 X-28.202 Y-3.843 E0.02725
G1 X-28.917 Y-2.835 E0.03006
G1 X-29.746 Y-1.616 E0.03585
G1 X-29.928 Y-1.538 E0.00482
G0 F12000 X-30.135 Y-1.601
G0 X-30.245 Y-1.76
G0 X-30.245 Y-2.151
G0 X-31.425 Y-2.151
G1 F3600 E-1
;MESH:NONMESH
G0 F600 X-31.425 Y-2.151 Z50.87
G0 F12000 X-31.007 Y-.943
G0 X-30.168 Y-.614
G0 X-30.052 Y-.989
;TIME_ELAPSED:1340.919186
;LAYER:389
;note -- min layer time used
;TYPE:FILL
;MESH:bridge_3a.stl
G1 F3600 E1
G1 F3765.3 X-30.005 Y-.903 E0.00238
G1 X-29.2 Y0.00 E0.02942
G1 X-28.311 Y0.903 E0.03082
G1 X-27.646 Y1.806 E0.02728
G1 X-27.553 Y2.021 E0.0057
G1 X-28.434 Y3.432 E0.04046
G1 X-28.725 Y3.92 E0.01382
G1 X-34.364 Y3.92 E0.13715
G1 X-34.304 Y3.612 E0.00763
G1 X-34.309 Y2.709 E0.02196
G1 X-34.52 Y1.806 E0.02255
G1 X-35.01 Y0.903 E0.02499
G1 X-35.815 Y0.00 E0.02942
G1 X-36.704 Y-.903 E0.03082
G1 X-37.369 Y-1.806 E0.02728
G1 X-37.759 Y-2.709 E0.02392
G1 X-37.935 Y-3.612 E0.02238
G1 X-37.933 Y-3.92 E0.00749
G1 F3600 E-1
G0 F12000 X-30.295 Y-.909
G0 X-30.142 Y-1.403
;TYPE:WALL-INNER
G1 F3600 E1
G1 F2855.1 X-30.469 Y-1.581 E0.00906
G1 X-30.615 Y-1.788 E0.00616
G1 X-30.675 Y-2.068 E0.00696
G1 X-30.675 Y-4.325 E0.05489
G1 X-39.325 Y-4.325 E0.21038
G1 X-39.325 Y4.325 E0.21038
G1 X-28.496 Y4.325 E0.26338
G1 X-28.086 Y3.64 E0.01942
G1 X-27.465 Y2.636 E0.02871
G1 X-26.821 Y1.629 E0.02907
G1 X-26.113 Y0.554 E0.03131
G1 X-25.471 Y-.391 E0.02779
G1 X-24.758 Y-1.398 E0.03001
G1 X-24.022 Y-2.408 E0.03039
G1 X-22.557 Y-4.324 E0.05866
G1 X-27.503 Y-4.325 E0.12029
G1 X-28.211 Y-3.346 E0.02938
G1 X-29.387 Y-1.639 E0.05042
G1 X-29.62 Y-1.442 E0.00742
G1 X-29.873 Y-1.371 E0.00639
G1 X-30.142 Y-1.403 E0.00659
G1 F3600 E-1
G0 F12000 X-29.907 Y-1.794
;TYPE:WALL-OUTER
G1 F3600 E1
G1 F2400 X-30.174 Y-1.887 E0.00688
G1 X-30.25 Y-2.068 E0.00477
G1 X-30.25 Y-4.75 E0.06523
G1 X-39.75 Y-4.75 E0.23105
G1 X-39.75 Y4.75 E0.23105
G1 X-28.254 Y4.75 E0.2796
G1 X-27.725 Y3.864 E0.0251
G1 X-27.107 Y2.865 E0.02857
G1 X-26.465 Y1.862 E0.02896
G1 X-25.761 Y0.793 E0.03113
G1 X-25.125 Y-.145 E0.02756
G1 X-24.415 Y-1.148 E0.02989
G1 X-23.684 Y-2.151 E0.03019
G1 X-22.195 Y-4.097 E0.0596
G1 X-21.669 Y-4.75 E0.02039
G1 X-27.72 Y-4.75 E0.14717
G1 X-28.56 Y-3.589 E0.03485
G1 X-29.745 Y-1.872 E0.05074
G1 X-29.907 Y-1.794 E0.00437
G0 F12000 X-30.174 Y-1.887
G0 X-30.25 Y-2.068
G0 X-30.25 Y-2.389
G0 X-31.425 Y-2.389
G1 F3600 E-1
;MESH:NONMESH
G0 F600 X-31.425 Y-2.389 Z51
G0 F12000 X-31.007 Y-1.199
G0 X-30.322 Y-1.29
;TIME_ELAPSED:1344.247816
;LAYER:390
;note -- min layer time used
;TYPE:FILL
;MESH:bridge_3a.stl
G1 F3600 E1
G1 F3596.7 X-30.128 Y-.903 E0.01053
G1 X-29.335 Y0.00 E0.02923
G1 X-28.419 Y0.903 E0.03128
G1 X-27.712 Y1.806 E0.02789
G1 X-27.658 Y1.92 E0.00307
G1 X-27.979 Y2.424 E0.01453
G1 X-28.891 Y3.92 E0.04261
G1 X-34.366 Y3.92 E0.13316
G1 X-34.293 Y3.612 E0.0077
G1 X-34.262 Y2.709 E0.02198
G1 X-34.434 Y1.806 E0.02236
G1 X-34.887 Y0.903 E0.02457
G1 X-35.68 Y0.00 E0.02923
G1 X-36.596 Y-.903 E0.03128
G1 X-37.303 Y-1.806 E0.02789
G1 X-37.733 Y-2.709 E0.02433
G1 X-37.946 Y-3.612 E0.02257
G1 X-37.957 Y-3.92 E0.0075
G1 F3600 E-1
G0 F12000 X-30.099 Y-1.101
G0 X-29.937 Y-1.621
;TYPE:WALL-INNER
G1 F3600 E1
G1 F2798.9 X-30.214 Y-1.679 E0.00688
G1 X-30.452 Y-1.818 E0.0067
G1 X-30.598 Y-2.006 E0.00579
G1 X-30.675 Y-2.32 E0.00786
G1 X-30.675 Y-4.325 E0.04876
G1 X-39.325 Y-4.325 E0.21038
G1 X-39.325 Y4.325 E0.21038
G1 X-28.66 Y4.325 E0.25939
G1 X-28.255 Y3.645 E0.01925
G1 X-27.634 Y2.637 E0.0288
G1 X-26.992 Y1.629 E0.02907
G1 X-26.326 Y0.615 E0.02951
G1 X-25.552 Y-.518 E0.03337
G1 X-24.93 Y-1.398 E0.02621
G1 X-24.196 Y-2.405 E0.03031
G1 X-23.531 Y-3.293 E0.02698
G1 X-22.734 Y-4.325 E0.03171
G1 X-27.678 Y-4.325 E0.12025
G1 X-28.311 Y-3.447 E0.02633
G1 X-29.413 Y-1.852 E0.04715
G1 X-29.688 Y-1.664 E0.0081
G1 X-29.937 Y-1.621 E0.00615
G1 F3600 E-1
G0 F12000 X-29.935 Y-2.046
;TYPE:WALL-OUTER
G1 F3600 E1
G1 F2400 X-30.128 Y-2.104 E0.0049
G1 X-30.222 Y-2.204 E0.00334
G1 X-30.25 Y-2.32 E0.0029
G1 X-30.25 Y-4.75 E0.0591
G1 X-39.75 Y-4.75 E0.23105
G1 X-39.75 Y4.75 E0.23105
G1 X-28.419 Y4.75 E0.27559
G1 X-27.893 Y3.868 E0.02498
G1 X-27.275 Y2.865 E0.02865
G1 X-26.637 Y1.862 E0.02891
G1 X-25.975 Y0.854 E0.02933
G1 X-25.205 Y-.273 E0.0332
G1 X-24.587 Y-1.148 E0.02605
G1 X-23.856 Y-2.15 E0.03017
G1 X-23.194 Y-3.033 E0.02684
G1 X-22.327 Y-4.157 E0.03453
G1 X-21.849 Y-4.75 E0.01852
G1 X-27.896 Y-4.75 E0.14707
G1 X-28.66 Y-3.688 E0.03182
G1 X-29.746 Y-2.124 E0.04631
G1 X-29.935 Y-2.046 E0.00497
G0 F12000 X-30.128 Y-2.104
G0 X-30.222 Y-2.204
G0 X-30.25 Y-2.32
G0 X-30.25 Y-2.662
G0 X-31.425 Y-2.662
G1 F3600 E-1
;MESH:NONMESH
G0 F600 X-31.425 Y-2.662 Z51.13
G0 F12000 X-31.007 Y-1.455
G0 X-30.623 Y-1.7
;TIME_ELAPSED:1347.573789
;LAYER:391
;note -- min layer time used
;TYPE:FILL
;MESH:bridge_3a.stl
G1 F3600 E1
G1 F3435.3 X-30.256 Y-.903 E0.02134
G1 X-29.475 Y0.00 E0.02904
G1 X-28.528 Y0.903 E0.03183
G1 X-27.764 Y1.829 E0.0292
G1 X-28.768 Y3.434 E0.04604
G1 X-29.055 Y3.92 E0.01373
G1 X-34.364 Y3.92 E0.12912
G1 X-34.279 Y3.612 E0.00777
G1 X-34.211 Y2.709 E0.02202
G1 X-34.343 Y1.806 E0.0222
G1 X-34.759 Y0.903 E0.02418
G1 X-35.54 Y0.00 E0.02904
G1 X-36.487 Y-.903 E0.03183
G1 X-37.239 Y-1.806 E0.02858
G1 X-37.71 Y-2.709 E0.02477
G1 X-37.96 Y-3.612 E0.02279
G1 X-37.983 Y-3.92 E0.00751
G1 F3600 E-1
G0 F12000 X-30.155 Y-1.369
G0 X-29.997 Y-1.876
;TYPE:WALL-INNER
G1 F3600 E1
G1 F2745.1 X-30.333 Y-1.984 E0.00858
G1 X-30.579 Y-2.224 E0.00836
G1 X-30.675 Y-2.572 E0.00878
G1 X-30.675 Y-4.325 E0.04264
G1 X-39.325 Y-4.325 E0.21038
G1 X-39.325 Y4.325 E0.21038
G1 X-28.822 Y4.325 E0.25545
G1 X-28.418 Y3.64 E0.01934
G1 X-27.161 Y1.63 E0.05766
G1 X-26.559 Y0.708 E0.02678
G1 X-25.812 Y-.389 E0.03228
G1 X-25.104 Y-1.395 E0.02992
G1 X-24.375 Y-2.407 E0.03033
G1 X-23.532 Y-3.524 E0.03404
G1 X-22.914 Y-4.324 E0.02459
G1 X-27.854 Y-4.325 E0.12015
G1 X-28.376 Y-3.598 E0.02177
G1 X-29.419 Y-2.097 E0.04445
G1 X-29.756 Y-1.895 E0.00956
G1 X-29.997 Y-1.876 E0.00588
G1 F3600 E-1
G0 F12000 X-30.124 Y-2.354
;TYPE:WALL-OUTER
G1 F3600 E1
G1 F2400 X-30.25 Y-2.514 E0.00495
G1 X-30.25 Y-4.75 E0.05438
G1 X-39.75 Y-4.75 E0.23105
G1 X-39.75 Y4.75 E0.23105
G1 X-28.579 Y4.75 E0.2717
G1 X-28.057 Y3.864 E0.02501
G1 X-26.806 Y1.863 E0.0574
G1 X-26.207 Y0.947 E0.02662
G1 X-25.465 Y-.144 E0.03209
G1 X-24.759 Y-1.147 E0.02983
G1 X-24.036 Y-2.151 E0.03009
G1 X-23.195 Y-3.265 E0.03395
G1 X-22.508 Y-4.157 E0.02738
G1 X-22.032 Y-4.75 E0.01849
G1 X-28.071 Y-4.75 E0.14688
G1 X-28.725 Y-3.841 E0.02724
G1 X-29.748 Y-2.373 E0.04352
G1 X-29.864 Y-2.306 E0.00326
G1 X-30.124 Y-2.354 E0.00643
G0 F12000 X-30.25 Y-2.514
G0 X-30.25 Y-3.11
G0 X-31.425 Y-3.11
G1 F3600 E-1
;MESH:NONMESH
G0 F600 X-31.425 Y-3.11 Z51.26
G0 F12000 X-31.075 Y-2.124
G0 X-30.801 Y-2.124
;TIME_ELAPSED:1350.899798
;LAYER:392
;note -- min layer time used
;TYPE:FILL
;MESH:bridge_3a.stl
G1 F3600 E1
G1 F3279.8 X-30.769 Y-1.806 E0.00777
G1 X-30.391 Y-.903 E0.02381
G1 X-29.621 Y0.00 E0.02886
G1 X-28.639 Y0.903 E0.03245
G1 X-27.886 Y1.752 E0.0276
G1 X-29.219 Y3.92 E0.0619
G1 X-34.359 Y3.92 E0.12501
G1 X-34.261 Y3.612 E0.00786
G1 X-34.155 Y2.709 E0.02211
G1 X-34.246 Y1.806 E0.02207
G1 X-34.624 Y0.903 E0.02381
G1 X-35.394 Y0.00 E0.02886
G1 X-36.376 Y-.903 E0.03245
G1 X-37.177 Y-1.806 E0.02936
G1 X-37.691 Y-2.709 E0.02527
G1 X-37.978 Y-3.612 E0.02304
G1 X-38.014 Y-3.92 E0.00754
G1 F3600 E-1
G0 F12000 X-30.208 Y-1.637
G0 X-30.052 Y-2.136
;TYPE:WALL-INNER
G1 F3600 E1
G1 F2693.3 X-30.322 Y-2.23 E0.00695
G1 X-30.558 Y-2.442 E0.00772
G1 X-30.632 Y-2.584 E0.00389
G1 X-30.675 Y-2.824 E0.00593
G1 X-30.675 Y-4.325 E0.03651
G1 X-39.325 Y-4.325 E0.21038
G1 X-39.325 Y4.325 E0.21038
G1 X-28.989 Y4.325 E0.25139
G1 X-28.6 Y3.671 E0.01851
G1 X-27.967 Y2.639 E0.02945
G1 X-27.33 Y1.63 E0.02902
G1 X-26.667 Y0.616 E0.02947
G1 X-25.985 Y-.388 E0.02952
G1 X-25.279 Y-1.397 E0.02995
G1 X-24.549 Y-2.405 E0.03027
G1 X-23.796 Y-3.412 E0.03058
G1 X-23.093 Y-4.325 E0.02803
G1 X-28.028 Y-4.325 E0.12003
G1 X-29.424 Y-2.344 E0.05894
G1 X-29.555 Y-2.237 E0.00411
G1 X-29.821 Y-2.133 E0.00695
G1 X-30.052 Y-2.136 E0.00562
G1 F3600 E-1
G0 F12000 X-29.978 Y-2.554
;TYPE:WALL-OUTER
G1 F3600 E1
G1 F2400 X-30.184 Y-2.653 E0.00556
G1 X-30.25 Y-2.761 E0.00308
G1 X-30.25 Y-4.75 E0.04838
G1 X-39.75 Y-4.75 E0.23105
G1 X-39.75 Y4.75 E0.23105
G1 X-28.747 Y4.75 E0.26761
G1 X-28.238 Y3.893 E0.02424
G1 X-27.608 Y2.866 E0.0293
G1 X-26.974 Y1.863 E0.02886
G1 X-26.315 Y0.855 E0.02929
G1 X-25.637 Y-.144 E0.02936
G1 X-24.935 Y-1.147 E0.02978
G1 X-24.209 Y-2.15 E0.03011
G1 X-23.459 Y-3.153 E0.03046
G1 X-22.688 Y-4.157 E0.03079
G1 X-22.212 Y-4.75 E0.01849
G1 X-28.247 Y-4.75 E0.14678
G1 X-29.748 Y-2.625 E0.06328
G1 X-29.884 Y-2.553 E0.00374
G1 X-29.978 Y-2.554 E0.00229
G0 F12000 X-30.184 Y-2.653
G0 X-30.25 Y-2.761
G0 X-30.25 Y-3.205
G0 X-31.425 Y-3.205
G1 F3600 E-1
;MESH:NONMESH
G0 F600 X-31.425 Y-3.205 Z51.39
G0 F12000 X-30.909 Y-2.503
;TIME_ELAPSED:1354.216689
;LAYER:393
;note -- min layer time used
;TYPE:FILL
;MESH:bridge_3a.stl
G1 F3600 E1
G1 F3117.3 X-30.871 Y-1.806 E0.01698
G1 X-30.535 Y-.903 E0.02343
G1 X-29.776 Y0.00 E0.02869
G1 X-28.751 Y0.903 E0.03322
G1 X-28.01 Y1.686 E0.02622
G1 X-29.095 Y3.434 E0.05004
G1 X-29.384 Y3.92 E0.01375
G1 X-34.349 Y3.92 E0.12076
G1 X-34.238 Y3.612 E0.00796
G1 X-34.095 Y2.709 E0.02224
G1 X-34.144 Y1.806 E0.02199
G1 X-34.48 Y0.903 E0.02343
G1 X-35.239 Y0.00 E0.02869
G1 X-36.264 Y-.903 E0.03322
G1 X-37.118 Y-1.806 E0.03023
G1 X-37.675 Y-2.709 E0.0258
G1 X-38.001 Y-3.612 E0.02335
G1 X-38.05 Y-3.92 E0.00759
G1 F3600 E-1
G0 F12000 X-30.26 Y-1.906
G0 X-30.105 Y-2.4
;TYPE:WALL-INNER
G1 F3600 E1
G1 F2639.1 X-30.448 Y-2.57 E0.00931
G1 X-30.591 Y-2.748 E0.00555
G1 X-30.675 Y-3.076 E0.00823
G1 X-30.675 Y-4.325 E0.03038
G1 X-39.325 Y-4.325 E0.21038
G1 X-39.325 Y4.325 E0.21038
G1 X-29.153 Y4.325 E0.2474
G1 X-28.748 Y3.642 E0.01931
G1 X-27.498 Y1.63 E0.05761
G1 X-26.835 Y0.616 E0.02947
G1 X-26.136 Y-.412 E0.03023
G1 X-25.452 Y-1.396 E0.02915
G1 X-24.538 Y-2.661 E0.03796
G1 X-23.273 Y-4.325 E0.05084
G1 X-28.202 Y-4.325 E0.11988
G1 X-28.724 Y-3.599 E0.02175
G1 X-29.44 Y-2.572 E0.03045
G1 X-29.618 Y-2.451 E0.00523
G1 X-29.887 Y-2.378 E0.00678
G1 X-30.105 Y-2.4 E0.00533
G1 F3600 E-1
G0 F12000 X-29.908 Y-2.802
;TYPE:WALL-OUTER
G1 F3600 E1
G1 F2400 X-30.166 Y-2.888 E0.00661
G1 X-30.25 Y-3.019 E0.00378
G1 X-30.25 Y-4.75 E0.0421
G1 X-39.75 Y-4.75 E0.23105
G1 X-39.75 Y4.75 E0.23105
G1 X-28.911 Y4.75 E0.26362
G1 X-28.388 Y3.868 E0.02494
G1 X-27.142 Y1.863 E0.05741
G1 X-26.483 Y0.855 E0.02929
G1 X-25.788 Y-.169 E0.0301
G1 X-25.107 Y-1.147 E0.02898
G1 X-24.2 Y-2.404 E0.0377
G1 X-22.868 Y-4.156 E0.05353
G1 X-22.394 Y-4.75 E0.01848
G1 X-28.419 Y-4.75 E0.14654
G1 X-29.064 Y-3.855 E0.02683
G1 X-29.748 Y-2.873 E0.02911
G1 X-29.908 Y-2.802 E0.00426
G0 F12000 X-30.166 Y-2.888
G0 X-30.25 Y-3.019
G0 X-30.25 Y-3.391
G0 X-31.425 Y-3.391
G1 F3600 E-1
;MESH:NONMESH
G0 F600 X-31.425 Y-3.391 Z51.52
G0 F12000 X-30.959 Y-2.837
;TIME_ELAPSED:1357.542863
;LAYER:394
;note -- min layer time used
;TYPE:FILL
;MESH:bridge_3a.stl
G1 F3600 E1
G1 F2967.2 X-30.985 Y-2.709 E0.00318
G1 X-30.979 Y-1.806 E0.02196
G1 X-30.689 Y-.903 E0.02307
G1 X-29.942 Y0.00 E0.0285
G1 X-28.868 Y0.903 E0.03413
G1 X-28.14 Y1.623 E0.0249
G1 X-28.459 Y2.124 E0.01445
G1 X-29.265 Y3.441 E0.03755
G1 X-29.546 Y3.92 E0.01351
G1 X-34.336 Y3.92 E0.1165
G1 X-34.212 Y3.612 E0.00808
G1 X-34.03 Y2.709 E0.0224
G1 X-34.036 Y1.806 E0.02196
G1 X-34.326 Y0.903 E0.02307
G1 X-35.073 Y0.00 E0.0285
G1 X-36.147 Y-.903 E0.03413
G1 X-37.06 Y-1.806 E0.03123
G1 X-37.663 Y-2.709 E0.02641
G1 X-38.027 Y-3.612 E0.02368
G1 X-38.089 Y-3.92 E0.00764
G1 F3600 E-1
G0 F12000 X-30.113 Y-2.108
G0 X-29.949 Y-2.625
;TYPE:WALL-INNER
G1 F3600 E1
G1 F2589.1 X-30.142 Y-2.659 E0.00477
G1 X-30.425 Y-2.798 E0.00767
G1 X-30.638 Y-3.101 E0.00901
G1 X-30.675 Y-3.324 E0.0055
G1 X-30.675 Y-4.325 E0.02435
G1 X-39.325 Y-4.325 E0.21038
G1 X-39.325 Y4.325 E0.21038
G1 X-29.315 Y4.325 E0.24346
G1 X-28.916 Y3.647 E0.01913
G1 X-28.264 Y2.582 E0.03037
G1 X-27.665 Y1.629 E0.02738
G1 X-27.005 Y0.623 E0.02926
G1 X-26.326 Y-.387 E0.0296
G1 X-25.544 Y-1.507 E0.03322
G1 X-24.903 Y-2.398 E0.0267
G1 X-24.153 Y-3.41 E0.03064
G1 X-23.454 Y-4.325 E0.028
G1 X-28.378 Y-4.325 E0.11976
G1 X-29.415 Y-2.855 E0.04375
G1 X-29.675 Y-2.673 E0.00772
G1 X-29.949 Y-2.625 E0.00677
G1 F3600 E-1
G0 F12000 X-29.936 Y-3.05
;TYPE:WALL-OUTER
G1 F3600 E1
G1 F2400 X-30.158 Y-3.129 E0.00573
G1 X-30.25 Y-3.259 E0.00387
G1 X-30.25 Y-4.75 E0.03626
G1 X-39.75 Y-4.75 E0.23105
G1 X-39.75 Y4.75 E0.23105
G1 X-29.071 Y4.75 E0.25973
G1 X-28.554 Y3.869 E0.02484
G1 X-27.904 Y2.808 E0.03026
G1 X-27.31 Y1.862 E0.02717
G1 X-26.652 Y0.86 E0.02916
G1 X-25.978 Y-.144 E0.02941
G1 X-25.199 Y-1.258 E0.03306
G1 X-24.561 Y-2.145 E0.02657
G1 X-23.815 Y-3.152 E0.03048
G1 X-23.048 Y-4.156 E0.03073
G1 X-22.574 Y-4.75 E0.01848
G1 X-28.595 Y-4.75 E0.14644
G1 X-29.747 Y-3.126 E0.04843
G1 X-29.936 Y-3.05 E0.00495
G0 F12000 X-30.158 Y-3.129
G0 X-30.25 Y-3.259
G0 X-30.25 Y-3.664
G0 X-31.425 Y-3.575
G1 F3600 E-1
;MESH:NONMESH
G0 F600 X-31.425 Y-3.575 Z51.65
G0 F12000 X-30.961 Y-3.088
;TIME_ELAPSED:1360.879083
;LAYER:395
;note -- min layer time used
;TYPE:FILL
;MESH:bridge_3a.stl
G1 F3600 E1
G1 F2815.1 X-31.054 Y-2.709 E0.00949
G1 X-31.094 Y-1.806 E0.02198
G1 X-30.855 Y-.903 E0.02272
G1 X-30.123 Y0.00 E0.02827
G1 X-28.99 Y0.903 E0.03524
G1 X-28.271 Y1.566 E0.02379
G1 X-28.814 Y2.43 E0.02482
G1 X-29.709 Y3.92 E0.04227
G1 X-34.319 Y3.92 E0.11212
G1 X-34.182 Y3.612 E0.0082
G1 X-33.961 Y2.709 E0.02261
G1 X-33.921 Y1.806 E0.02198
G1 X-34.16 Y0.903 E0.02272
G1 X-34.892 Y0.00 E0.02827
G1 X-36.025 Y-.903 E0.03524
G1 X-37.005 Y-1.806 E0.03241
G1 X-37.655 Y-2.709 E0.02706
G1 X-38.057 Y-3.612 E0.02404
G1 X-38.132 Y-3.92 E0.00771
G1 F3600 E-1
G0 F12000 X-30.166 Y-2.372
G0 X-30.006 Y-2.873
;TYPE:WALL-INNER
G1 F3600 E1
G1 F2538.4 X-30.37 Y-3.003 E0.0094
G1 X-30.547 Y-3.171 E0.00594
G1 X-30.627 Y-3.315 E0.00401
G1 X-30.675 Y-3.568 E0.00626
G1 X-30.675 Y-4.325 E0.01841
G1 X-39.325 Y-4.325 E0.21038
G1 X-39.325 Y4.325 E0.21038
G1 X-29.479 Y4.325 E0.23947
G1 X-29.081 Y3.649 E0.01908
G1 X-28.421 Y2.565 E0.03087
G1 X-27.834 Y1.631 E0.02683
G1 X-27.177 Y0.623 E0.02926
G1 X-26.499 Y-.386 E0.02957
G1 X-25.797 Y-1.394 E0.02988
G1 X-24.333 Y-3.411 E0.06062
G1 X-23.632 Y-4.325 E0.02802
G1 X-28.55 Y-4.325 E0.11961
G1 X-29.448 Y-3.053 E0.03787
G1 X-29.749 Y-2.892 E0.0083
G1 X-30.006 Y-2.873 E0.00627
G1 F3600 E-1
G0 F12000 X-29.957 Y-3.295
;TYPE:WALL-OUTER
G1 F3600 E1
G1 F2400 X-30.176 Y-3.389 E0.0058
G1 X-30.25 Y-3.501 E0.00326
G1 X-30.25 Y-4.75 E0.03038
G1 X-39.75 Y-4.75 E0.23105
G1 X-39.75 Y4.75 E0.23105
G1 X-29.235 Y4.75 E0.25574
G1 X-28.718 Y3.87 E0.02482
G1 X-28.061 Y2.791 E0.03072
G1 X-27.478 Y1.863 E0.02665
G1 X-26.824 Y0.86 E0.02912
G1 X-26.15 Y-.143 E0.02939
G1 X-25.451 Y-1.146 E0.02973
G1 X-23.995 Y-3.152 E0.06029
G1 X-23.196 Y-4.196 E0.03197
G1 X-22.754 Y-4.75 E0.01724
G1 X-28.77 Y-4.75 E0.14632
G1 X-29.75 Y-3.367 E0.04123
G1 X-29.957 Y-3.295 E0.00533
G0 F12000 X-30.176 Y-3.389
G0 X-30.25 Y-3.501
G0 X-30.25 Y-3.929
G0 X-31.425 Y-3.575
G1 F3600 E-1
;MESH:NONMESH
G0 F600 X-31.425 Y-3.575 Z51.78
G0 F12000 X-30.954 Y-3.315
;TIME_ELAPSED:1364.225688
;LAYER:396
;note -- min layer time used
;TYPE:FILL
;MESH:bridge_3a.stl
G1 F3600 E1
G1 F2663.3 X-31.129 Y-2.709 E0.01534
G1 X-31.218 Y-1.806 E0.02207
G1 X-31.036 Y-.903 E0.0224
G1 X-30.324 Y0.00 E0.02797
G1 X-29.119 Y0.903 E0.03662
G1 X-28.405 Y1.514 E0.02286
G1 X-28.887 Y2.275 E0.02191
G1 X-29.876 Y3.92 E0.04668
G1 X-34.297 Y3.92 E0.10753
G1 X-34.146 Y3.612 E0.00834
G1 X-33.886 Y2.709 E0.02285
G1 X-33.797 Y1.806 E0.02207
G1 X-33.979 Y0.903 E0.0224
G1 X-34.691 Y0.00 E0.02797
G1 X-35.896 Y-.903 E0.03662
G1 X-36.951 Y-1.806 E0.03377
G1 X-37.651 Y-2.709 E0.02779
G1 X-38.093 Y-3.612 E0.02445
G1 X-38.182 Y-3.92 E0.0078
G1 F3600 E-1
G0 F12000 X-30.206 Y-2.633
G0 X-30.049 Y-3.127
;TYPE:WALL-INNER
G1 F3600 E1
G1 F2487.8 X-30.274 Y-3.198 E0.00574
G1 X-30.437 Y-3.3 E0.00468
G1 X-30.611 Y-3.528 E0.00698
G1 X-30.675 Y-3.816 E0.00718
G1 X-30.675 Y-4.325 E0.01238
G1 X-39.325 Y-4.325 E0.21038
G1 X-39.325 Y4.325 E0.21038
G1 X-29.644 Y4.325 E0.23546
G1 X-29.245 Y3.645 E0.01918
G1 X-28.544 Y2.492 E0.03282
G1 X-27.998 Y1.627 E0.02488
G1 X-27.346 Y0.624 E0.0291
G1 X-26.672 Y-.385 E0.02951
G1 X-25.973 Y-1.393 E0.02983
G1 X-25.252 Y-2.401 E0.03014
G1 X-24.509 Y-3.41 E0.03048
G1 X-23.81 Y-4.325 E0.028
G1 X-28.722 Y-4.324 E0.11947
G1 X-29.423 Y-3.337 E0.02944
G1 X-29.54 Y-3.238 E0.00373
G1 X-29.815 Y-3.126 E0.00722
G1 X-30.049 Y-3.127 E0.00569
G1 F3600 E-1
G0 F12000 X-29.977 Y-3.546
;TYPE:WALL-OUTER
G1 F3600 E1
G1 F2400 X-30.102 Y-3.587 E0.0032
G1 X-30.25 Y-3.731 E0.00502
G1 X-30.25 Y-4.75 E0.02478
G1 X-39.75 Y-4.75 E0.23105
G1 X-39.75 Y4.75 E0.23105
G1 X-29.4 Y4.75 E0.25173
G1 X-28.882 Y3.866 E0.02492
G1 X-28.185 Y2.719 E0.03264
G1 X-27.642 Y1.859 E0.02474
G1 X-26.992 Y0.861 E0.02897
G1 X-26.322 Y-.143 E0.02936
G1 X-25.628 Y-1.146 E0.02966
G1 X-24.91 Y-2.149 E0.03
G1 X-24.171 Y-3.152 E0.0303
G1 X-23.405 Y-4.156 E0.03071
G1 X-22.932 Y-4.75 E0.01847
G1 X-28.942 Y-4.749 E0.14617
G1 X-29.749 Y-3.616 E0.03383
G1 X-29.835 Y-3.559 E0.00251
G1 X-29.977 Y-3.546 E0.00347
G0 F12000 X-30.102 Y-3.587
G0 X-30.25 Y-3.731
G0 X-30.25 Y-4.193
G0 X-31.293 Y-3.575
G1 F3600 E-1
;MESH:NONMESH
G0 F600 X-31.293 Y-3.575 Z51.91
G0 F12000 X-30.921 Y-3.573
;TIME_ELAPSED:1367.586514
;LAYER:397
;note -- min layer time used
;TYPE:FILL
;MESH:bridge_3a.stl
G1 F3600 E1
G1 F2530.6 X-31.21 Y-2.709 E0.02216
G1 X-31.349 Y-1.806 E0.02222
G1 X-31.236 Y-.903 E0.02213
G1 X-30.554 Y0.00 E0.02752
G1 X-29.258 Y0.903 E0.03842
G1 X-28.54 Y1.471 E0.02227
G1 X-28.997 Y2.182 E0.02056
G1 X-29.762 Y3.444 E0.03589
G1 X-30.039 Y3.92 E0.01339
G1 X-34.271 Y3.92 E0.10293
G1 X-34.107 Y3.612 E0.00849
G1 X-33.805 Y2.709 E0.02316
G1 X-33.666 Y1.806 E0.02222
G1 X-33.779 Y0.903 E0.02213
G1 X-34.461 Y0.00 E0.02752
G1 X-35.757 Y-.903 E0.03842
G1 X-36.898 Y-1.806 E0.03539
G1 X-37.651 Y-2.709 E0.0286
G1 X-38.132 Y-3.612 E0.02488
G1 X-38.235 Y-3.92 E0.0079
G1 F3600 E-1
G0 F12000 X-30.064 Y-2.836
G0 X-29.895 Y-3.365
;TYPE:WALL-INNER
G1 F3600 E1
G1 F2443.5 X-30.101 Y-3.387 E0.00504
G1 X-30.394 Y-3.515 E0.00778
G1 X-30.532 Y-3.647 E0.00464
G1 X-30.675 Y-4.064 E0.01072
G1 X-30.675 Y-4.325 E0.00635
G1 X-39.325 Y-4.325 E0.21038
G1 X-39.325 Y4.325 E0.21038
G1 X-29.805 Y4.325 E0.23154
G1 X-29.413 Y3.649 E0.01901
G1 X-28.801 Y2.642 E0.02866
G1 X-28.166 Y1.627 E0.02912
G1 X-27.558 Y0.693 E0.02711
G1 X-26.841 Y-.383 E0.03145
G1 X-26.147 Y-1.391 E0.02976
G1 X-25.545 Y-2.24 E0.02531
G1 X-24.686 Y-3.409 E0.03528
G1 X-23.989 Y-4.325 E0.02799
G1 X-28.899 Y-4.325 E0.11942
G1 X-29.424 Y-3.582 E0.02213
G1 X-29.613 Y-3.442 E0.00572
G1 X-29.895 Y-3.365 E0.00711
G1 F3600 E-1
G0 F12000 X-29.915 Y-3.79
;TYPE:WALL-OUTER
G1 F3600 E1
G1 F2400 X-30.146 Y-3.86 E0.00587
G1 X-30.25 Y-4.064 E0.00557
G1 X-30.25 Y-4.75 E0.01668
G1 X-39.75 Y-4.75 E0.23105
G1 X-39.75 Y4.75 E0.23105
G1 X-29.56 Y4.75 E0.24784
G1 X-29.05 Y3.87 E0.02474
G1 X-28.44 Y2.867 E0.02855
G1 X-27.81 Y1.859 E0.02891
G1 X-27.204 Y0.929 E0.027
G1 X-26.49 Y-.142 E0.03131
G1 X-25.8 Y-1.145 E0.02961
G1 X-25.202 Y-1.988 E0.02514
G1 X-24.348 Y-3.152 E0.03511
G1 X-23.585 Y-4.156 E0.03067
G1 X-23.112 Y-4.75 E0.01847
G1 X-29.118 Y-4.75 E0.14607
G1 X-29.749 Y-3.864 E0.02646
G1 X-29.915 Y-3.79 E0.00442
G0 F12000 X-30.146 Y-3.86
G0 X-30.25 Y-4.064
G0 X-30.25 Y-4.394
G0 X-31.293 Y-3.575
G1 F3600 E-1
;MESH:NONMESH
G0 F600 X-31.293 Y-3.575 Z52.04
G0 F12000 X-30.872 Y-3.752
;TIME_ELAPSED:1370.969318
;LAYER:398
;note -- min layer time used
;TYPE:FILL
;MESH:bridge_3a.stl
G1 F3600 E1
G1 F2404.5 X-30.953 Y-3.612 E0.00393
G1 X-31.296 Y-2.709 E0.02349
G1 X-31.491 Y-1.806 E0.02247
G1 X-31.46 Y-.903 E0.02198
G1 X-30.828 Y0.00 E0.02681
G1 X-29.412 Y0.903 E0.04085
G1 X-28.688 Y1.428 E0.02175
G1 X-29.926 Y3.445 E0.05756
G1 X-30.203 Y3.92 E0.01337
G1 X-34.24 Y3.92 E0.09819
G1 X-34.062 Y3.612 E0.00865
G1 X-33.719 Y2.709 E0.02349
G1 X-33.524 Y1.806 E0.02247
G1 X-33.555 Y0.903 E0.02198
G1 X-34.187 Y0.00 E0.02681
G1 X-35.603 Y-.903 E0.04085
G1 X-36.847 Y-1.806 E0.03739
G1 X-37.655 Y-2.709 E0.02947
G1 X-38.177 Y-3.612 E0.02537
G1 X-38.294 Y-3.92 E0.00801
G1 F3600 E-1
G0 F12000 X-30.1 Y-3.094
G0 X-29.934 Y-3.612
;TYPE:WALL-INNER
G1 F3600 E1
G1 F2401.5 X-30.209 Y-3.665 E0.00681
G1 X-30.489 Y-3.842 E0.00806
G1 X-30.682 Y-4.325 E0.01265
G1 X-39.325 Y-4.325 E0.21021
G1 X-39.325 Y4.325 E0.21038
G1 X-29.969 Y4.325 E0.22755
G1 X-29.577 Y3.649 E0.01901
G1 X-28.966 Y2.643 E0.02863
G1 X-28.334 Y1.627 E0.0291
G1 X-27.014 Y-.381 E0.05844
G1 X-26.322 Y-1.392 E0.0298
G1 X-25.544 Y-2.485 E0.03263
G1 X-24.861 Y-3.41 E0.02797
G1 X-24.163 Y-4.325 E0.02799
G1 X-29.072 Y-4.325 E0.11939
G1 X-29.438 Y-3.812 E0.01533
G1 X-29.671 Y-3.663 E0.00673
G1 X-29.934 Y-3.612 E0.00652
G1 F3600 E-1
G0 F12000 X-29.931 Y-4.037
;TYPE:WALL-OUTER
G1 F3600 E1
G1 F2400 X-30.182 Y-4.135 E0.00655
G1 X-30.25 Y-4.308 E0.00452
G1 X-30.25 Y-4.75 E0.01075
G1 X-39.75 Y-4.75 E0.23105
G1 X-39.75 Y4.75 E0.23105
G1 X-29.724 Y4.75 E0.24385
G1 X-29.214 Y3.87 E0.02474
G1 X-27.978 Y1.859 E0.05741
G1 X-26.663 Y-.142 E0.05824
G1 X-25.976 Y-1.146 E0.02959
G1 X-25.202 Y-2.233 E0.03245
G1 X-24.523 Y-3.152 E0.02779
G1 X-23.293 Y-4.75 E0.04905
G1 X-29.291 Y-4.75 E0.14588
G1 X-29.758 Y-4.104 E0.01939
G1 X-29.931 Y-4.037 E0.00451
G0 F12000 X-30.182 Y-4.135
G0 X-30.25 Y-4.308
G0 X-30.25 Y-4.653
G0 X-31.293 Y-3.575
G1 F3600 E-1
;MESH:NONMESH
G0 F600 X-31.293 Y-3.575 Z52.17
G0 F12000 X-30.811 Y-3.92
;TIME_ELAPSED:1374.374945
;LAYER:399
;note -- min layer time used
;TYPE:FILL
;MESH:bridge_3a.stl
G1 F3600 E1
G1 F2558.8 X-31.003 Y-3.612 E0.00883
G1 X-31.388 Y-2.709 E0.02388
G1 X-31.643 Y-1.806 E0.02282
G1 X-31.716 Y-.903 E0.02203
G1 X-31.175 Y0.00 E0.0256
G1 X-29.588 Y0.903 E0.04441
G1 X-28.836 Y1.399 E0.02191
G1 X-30.09 Y3.445 E0.05836
G1 X-30.367 Y3.92 E0.01337
G1 X-34.204 Y3.92 E0.09332
G1 X-34.012 Y3.612 E0.00883
G1 X-33.627 Y2.709 E0.02388
G1 X-33.372 Y1.806 E0.02282
G1 X-33.299 Y0.903 E0.02203
G1 X-33.84 Y0.00 E0.0256
G1 X-35.427 Y-.903 E0.04441
G1 X-36.797 Y-1.806 E0.03991
G1 X-37.665 Y-2.709 E0.03046
G1 X-38.227 Y-3.612 E0.02587
G1 X-38.358 Y-3.92 E0.00814
G1 F3600 E-1
G0 F12000 X-29.607 Y-3.252
G0 X-25.037 Y-3.981
G0 X-24.343 Y-4.324
;TYPE:WALL-INNER
G1 F3600 E1
G1 F2452.9 X-29.247 Y-4.325 E0.11927
G1 X-29.55 Y-3.972 E0.01131
G1 X-29.745 Y-3.882 E0.00522
G1 X-30.001 Y-3.86 E0.00625
G1 X-30.288 Y-3.945 E0.00728
G1 X-30.436 Y-4.04 E0.00428
G1 X-30.568 Y-4.325 E0.00764
G1 X-39.325 Y-4.325 E0.21298
G1 X-39.325 Y4.325 E0.21038
G1 X-30.133 Y4.325 E0.22356
G1 X-29.741 Y3.649 E0.01901
G1 X-28.503 Y1.629 E0.05762
G1 X-27.855 Y0.626 E0.02904
G1 X-27.185 Y-.383 E0.02946
G1 X-26.495 Y-1.387 E0.02963
G1 X-25.777 Y-2.399 E0.03018
G1 X-25.038 Y-3.409 E0.03044
G1 X-24.343 Y-4.324 E0.02795
G1 F3600 E-1
G0 F12000 X-25.037 Y-3.981
G0 X-29.166 Y-3.752
G0 X-29.907 Y-4.282
;TYPE:WALL-OUTER
G1 F3600 E1
G1 F2400 X-30.162 Y-4.364 E0.00651
G1 X-30.25 Y-4.556 E0.00514
G1 X-30.25 Y-4.75 E0.00472
G1 X-39.75 Y-4.75 E0.23105
G1 X-39.75 Y4.75 E0.23105
G1 X-29.888 Y4.75 E0.23986
G1 X-29.378 Y3.87 E0.02474
G1 X-28.146 Y1.86 E0.05734
G1 X-27.501 Y0.861 E0.02892
G1 X-26.835 Y-.142 E0.02928
G1 X-26.148 Y-1.141 E0.02949
G1 X-25.434 Y-2.148 E0.03002
G1 X-24.7 Y-3.152 E0.03025
G1 X-23.942 Y-4.15 E0.03048
G1 X-23.473 Y-4.75 E0.01852
G1 X-29.466 Y-4.75 E0.14576
G1 X-29.788 Y-4.324 E0.01299
G1 X-29.907 Y-4.282 E0.00307
G0 F12000 X-30.162 Y-4.364
G0 X-30.25 Y-4.556
G0 X-30.25 Y-4.75
G0 X-30.377 Y-4.75
G0 X-31.293 Y-3.575
G1 F3600 E-1
;MESH:NONMESH
G0 F600 X-31.293 Y-3.575 Z52.3
G0 F12000 X-30.853 Y-3.919
;TIME_ELAPSED:1377.797651
;LAYER:400
;note -- min layer time used
;TYPE:FILL
;MESH:bridge_3a.stl
G1 F3600 E1
G1 F2390.7 X-31.058 Y-3.612 E0.00898
G1 X-31.486 Y-2.709 E0.0243
G1 X-31.807 Y-1.806 E0.02331
G1 X-32.017 Y-.903 E0.02255
G1 X-31.691 Y0.00 E0.02335
G1 X-29.795 Y0.903 E0.05108
G1 X-28.991 Y1.378 E0.02271
G1 X-30.542 Y3.92 E0.07242
G1 X-34.163 Y3.92 E0.08807
G1 X-33.957 Y3.612 E0.00901
G1 X-33.529 Y2.709 E0.0243
G1 X-33.208 Y1.806 E0.02331
G1 X-32.998 Y0.903 E0.02255
G1 X-33.324 Y0.00 E0.02335
G1 X-35.22 Y-.903 E0.05108
G1 X-36.749 Y-1.806 E0.04319
G1 X-37.679 Y-2.709 E0.03153
G1 X-38.282 Y-3.612 E0.02641
G1 X-38.428 Y-3.92 E0.00829
G1 F3600 E-1
G0 F12000 X-29.606 Y-3.497
G0 X-25.215 Y-3.981
G0 X-24.521 Y-4.325
;TYPE:WALL-INNER
G1 F3600 E1
G1 F2390.7 X-29.454 Y-4.325 E0.11998
G1 X-29.666 Y-4.153 E0.00664
G1 X-29.812 Y-4.11 E0.0037
G1 X-30.055 Y-4.112 E0.00591
G1 X-30.214 Y-4.159 E0.00403
G1 X-30.333 Y-4.324 E0.00495
G1 X-39.325 Y-4.325 E0.2187
G1 X-39.325 Y4.325 E0.21038
G1 X-30.297 Y4.325 E0.21957
G1 X-29.906 Y3.651 E0.01895
G1 X-29.299 Y2.645 E0.02858
G1 X-28.671 Y1.629 E0.02905
G1 X-27.357 Y-.383 E0.05845
G1 X-26.668 Y-1.386 E0.0296
G1 X-25.953 Y-2.399 E0.03016
G1 X-25.215 Y-3.407 E0.03038
G1 X-24.521 Y-4.325 E0.02799
G1 F3600 E-1
G0 F12000 X-23.653 Y-4.75
;TYPE:WALL-OUTER
G1 F3600 E1
G1 F2390.7 X-29.641 Y-4.75 E0.14564
G1 X-29.831 Y-4.545 E0.0068
G1 X-30.08 Y-4.562 E0.00607
G1 X-30.214 Y-4.749 E0.0056
G1 X-39.75 Y-4.75 E0.23193
G1 X-39.75 Y4.75 E0.23105
G1 X-30.052 Y4.75 E0.23587
G1 X-29.543 Y3.87 E0.02473
G1 X-28.314 Y1.86 E0.0573
G1 X-27.007 Y-.142 E0.05815
G1 X-26.321 Y-1.141 E0.02947
G1 X-25.61 Y-2.148 E0.02998
G1 X-24.876 Y-3.151 E0.03023
G1 X-24.122 Y-4.15 E0.03044
G1 X-23.653 Y-4.75 E0.01852
G0 F12000 X-24.453 Y-4.75
G0 X-25.726 Y-3.974
G1 F3600 E-1
;MESH:NONMESH
G0 F600 X-25.726 Y-3.974 Z52.43
G0 F12000 X-25.726 Y-3.925
G0 X-29.119 Y1.334
;TIME_ELAPSED:1381.240215
;LAYER:401
;note -- min layer time used
;TYPE:FILL
;MESH:bridge_3a.stl
G1 F3600 E1
G1 F2889.5 X-29.799 Y1.007 E0.01835
G1 X-30.702 Y0.677 E0.02338
G1 X-31.605 Y0.444 E0.02268
G1 X-32.508 Y0.712 E0.02291
G1 X-33.411 Y2.68 E0.05266
G1 X-34.132 Y3.92 E0.03489
G1 X-38.92 Y3.92 E0.11645
G1 X-38.92 Y-3.92 E0.19068
G1 X-38.466 Y-3.92 E0.01104
G1 X-37.926 Y-2.99 E0.02616
G1 X-37.023 Y-2.051 E0.03168
G1 X-36.12 Y-1.442 E0.02649
G1 X-35.217 Y-1.008 E0.02437
G1 X-34.314 Y-.678 E0.02338
G1 X-33.411 Y-.445 E0.02268
G1 X-32.508 Y-.713 E0.02291
G1 X-31.605 Y-2.681 E0.05266
G1 X-30.885 Y-3.919 E0.03483
G1 F3600 E-1
G0 F12000 X-29.734 Y-3.76
G0 X-25.392 Y-3.981
G0 X-24.698 Y-4.324
;TYPE:WALL-INNER
G1 F3600 E1
G1 F2563.2 X-39.325 Y-4.325 E0.35575
G1 X-39.325 Y4.325 E0.21038
G1 X-30.461 Y4.325 E0.21559
G1 X-30.071 Y3.651 E0.01894
G1 X-29.43 Y2.587 E0.03021
G1 X-28.196 Y0.627 E0.05633
G1 X-27.557 Y-.338 E0.02815
G1 X-26.84 Y-1.386 E0.03088
G1 X-26.126 Y-2.399 E0.03014
G1 X-25.416 Y-3.37 E0.02926
G1 X-24.698 Y-4.324 E0.02904
G1 F3600 E-1
G0 F12000 X-23.832 Y-4.75
;TYPE:WALL-OUTER
G1 F3600 E1
G1 F2400 X-39.75 Y-4.75 E0.38715
G1 X-39.75 Y4.75 E0.23105
G1 X-30.216 Y4.75 E0.23188
G1 X-29.707 Y3.871 E0.0247
G1 X-29.069 Y2.811 E0.03009
G1 X-27.841 Y0.862 E0.05603
G1 X-27.207 Y-0.098 E0.02798
G1 X-26.493 Y-1.141 E0.03074
G1 X-25.782 Y-2.148 E0.02998
G1 X-25.076 Y-3.115 E0.02912
G1 X-24.262 Y-4.198 E0.03295
G1 X-23.832 Y-4.75 E0.01702
G0 F12000 X-24.632 Y-4.75
G0 X-25.705 Y-3.575
G1 F3600 E-1
;MESH:NONMESH
G0 F600 X-25.705 Y-3.575 Z52.56
G0 F12000 X-25.743 Y-3.603
G0 X-29.284 Y1.329
;TIME_ELAPSED:1384.576323
;LAYER:402
;note -- min layer time used
;TYPE:FILL
;MESH:bridge_3a.stl
G1 F3600 E1
G1 F2686.9 X-29.799 Y1.106 E0.01365
G1 X-30.702 Y0.842 E0.02288
G1 X-31.605 Y0.752 E0.02207
G1 X-32.508 Y1.275 E0.02538
G1 X-33.411 Y2.893 E0.04507
G1 X-34.078 Y3.92 E0.02978
G1 X-38.92 Y3.92 E0.11776
G1 X-38.92 Y-3.92 E0.19068
G1 X-38.562 Y-3.92 E0.00871
G1 X-37.926 Y-2.941 E0.02839
G1 X-37.023 Y-2.066 E0.03058
G1 X-36.12 Y-1.498 E0.02595
G1 X-35.217 Y-1.107 E0.02393
G1 X-34.314 Y-.843 E0.02288
G1 X-33.411 Y-.753 E0.02207
G1 X-32.508 Y-1.276 E0.02538
G1 X-31.605 Y-2.894 E0.04507
G1 X-30.938 Y-3.92 E0.02976
G1 F3600 E-1
G0 F12000 X-25.569 Y-3.981
G0 X-24.877 Y-4.325
;TYPE:WALL-INNER
G1 F3600 E1
G1 F2495.6 X-39.325 Y-4.325 E0.3514
G1 X-39.325 Y4.325 E0.21038
G1 X-30.623 Y4.325 E0.21165
G1 X-30.236 Y3.653 E0.01886
G1 X-29.572 Y2.544 E0.03144
G1 X-28.364 Y0.628 E0.05509
G1 X-27.698 Y-.381 E0.0294
G1 X-27.012 Y-1.386 E0.02959
G1 X-26.299 Y-2.397 E0.03009
G1 X-25.564 Y-3.41 E0.03044
G1 X-24.877 Y-4.325 E0.02783
G1 F3600 E-1
G0 F12000 X-24.011 Y-4.75
;TYPE:WALL-OUTER
G1 F3600 E1
G1 F2400 X-39.75 Y-4.75 E0.3828
G1 X-39.75 Y4.75 E0.23105
G1 X-30.377 Y4.75 E0.22797
G1 X-29.871 Y3.871 E0.02467
G1 X-29.212 Y2.77 E0.03121
G1 X-28.009 Y0.862 E0.05486
G1 X-27.347 Y-.141 E0.02923
G1 X-26.665 Y-1.141 E0.02944
G1 X-25.955 Y-2.147 E0.02995
G1 X-25.224 Y-3.155 E0.03028
G1 X-24.474 Y-4.154 E0.03038
G1 X-24.011 Y-4.75 E0.01836
G0 F12000 X-24.811 Y-4.75
G0 X-26.08 Y-3.974
G1 F3600 E-1
;MESH:NONMESH
G0 F600 X-26.08 Y-3.974 Z52.69
G0 F12000 X-26.08 Y-3.925
G0 X-29.458 Y1.33
;TIME_ELAPSED:1387.930225
;LAYER:403
;note -- min layer time used
;TYPE:FILL
;MESH:bridge_3a.stl
G1 F3600 E1
G1 F2527.2 X-29.799 Y1.199 E0.00888
G1 X-30.702 Y0.996 E0.02251
G1 X-31.605 Y1.014 E0.02197
G1 X-32.508 Y1.637 E0.02668
G1 X-33.411 Y3.072 E0.04124
G1 X-34.019 Y3.92 E0.02538
G1 X-38.92 Y3.92 E0.1192
G1 X-38.92 Y-3.92 E0.19068
G1 X-38.663 Y-3.92 E0.00625
G1 X-37.926 Y-2.892 E0.03076
G1 X-37.023 Y-2.076 E0.0296
G1 X-36.12 Y-1.548 E0.02544
G1 X-35.217 Y-1.2 E0.02354
G1 X-34.314 Y-.997 E0.02251
G1 X-33.411 Y-1.015 E0.02197
G1 X-32.508 Y-1.638 E0.02668
G1 X-31.605 Y-3.073 E0.04124
G1 X-30.998 Y-3.919 E0.02532
G1 F3600 E-1
G0 F12000 X-25.744 Y-3.981
G0 X-25.054 Y-4.324
;TYPE:WALL-INNER
G1 F3600 E1
G1 F2442.4 X-39.325 Y-4.325 E0.34709
G1 X-39.325 Y4.325 E0.21038
G1 X-30.787 Y4.325 E0.20766
G1 X-30.399 Y3.652 E0.01889
G1 X-29.795 Y2.645 E0.02856
G1 X-29.174 Y1.637 E0.0288
G1 X-28.532 Y0.628 E0.02909
G1 X-27.867 Y-.38 E0.02937
G1 X-27.149 Y-1.436 E0.03106
G1 X-26.475 Y-2.396 E0.02853
G1 X-25.744 Y-3.406 E0.03032
G1 X-25.054 Y-4.324 E0.02793
G1 F3600 E-1
G0 F12000 X-24.189 Y-4.75
;TYPE:WALL-OUTER
G1 F3600 E1
G1 F2400 X-39.75 Y-4.75 E0.37847
G1 X-39.75 Y4.75 E0.23105
G1 X-30.541 Y4.75 E0.22398
G1 X-30.035 Y3.871 E0.02467
G1 X-29.433 Y2.868 E0.02845
G1 X-28.815 Y1.865 E0.02865
G1 X-28.177 Y0.862 E0.02891
G1 X-27.515 Y-.141 E0.02923
G1 X-26.801 Y-1.192 E0.0309
G1 X-26.131 Y-2.147 E0.02837
G1 X-25.404 Y-3.151 E0.03015
G1 X-24.651 Y-4.153 E0.03048
G1 X-24.189 Y-4.75 E0.01836
G0 F12000 X-24.989 Y-4.75
G0 X-26.255 Y-3.973
G1 F3600 E-1
;MESH:NONMESH
G0 F600 X-26.255 Y-3.973 Z52.82
G0 F12000 X-26.255 Y-3.925
G0 X-29.635 Y1.342
;TIME_ELAPSED:1391.305190
;LAYER:404
;note -- min layer time used
;TYPE:FILL
;MESH:bridge_3a.stl
G1 F3600 E1
G1 F2395.4 X-29.799 Y1.286 E0.00421
G1 X-30.702 Y1.139 E0.02225
G1 X-31.605 Y1.242 E0.0221
G1 X-32.508 Y1.918 E0.02743
G1 X-33.411 Y3.228 E0.0387
G1 X-33.952 Y3.92 E0.02136
G1 X-38.92 Y3.92 E0.12083
G1 X-38.92 Y-3.92 E0.19068
G1 X-38.77 Y-3.92 E0.00365
G1 X-37.926 Y-2.841 E0.03332
G1 X-37.023 Y-2.081 E0.02871
G1 X-36.12 Y-1.594 E0.02495
G1 X-35.217 Y-1.287 E0.0232
G1 X-34.314 Y-1.14 E0.02225
G1 X-33.411 Y-1.243 E0.0221
G1 X-32.508 Y-1.919 E0.02743
G1 X-31.605 Y-3.229 E0.0387
G1 X-31.065 Y-3.92 E0.02133
G1 F3600 E-1
G0 F12000 X-25.921 Y-3.981
G0 X-25.231 Y-4.325
;TYPE:WALL-INNER
G1 F3600 E1
G1 F2395.4 X-39.325 Y-4.325 E0.34279
G1 X-39.325 Y4.325 E0.21038
G1 X-30.951 Y4.325 E0.20367
G1 X-30.58 Y3.682 E0.01806
G1 X-29.96 Y2.642 E0.02945
G1 X-29.342 Y1.637 E0.02869
G1 X-28.7 Y0.628 E0.02909
G1 X-28.036 Y-.379 E0.02934
G1 X-27.353 Y-1.388 E0.02963
G1 X-26.544 Y-2.539 E0.03422
G1 X-25.921 Y-3.405 E0.02595
G1 X-25.231 Y-4.325 E0.02797
G1 F3600 E-1
G0 F12000 X-24.369 Y-4.75
;TYPE:WALL-OUTER
G1 F3600 E1
G1 F2395.4 X-39.75 Y-4.75 E0.37409
G1 X-39.75 Y4.75 E0.23105
G1 X-30.705 Y4.75 E0.21999
G1 X-30.215 Y3.899 E0.02388
G1 X-29.597 Y2.865 E0.0293
G1 X-28.983 Y1.865 E0.02854
G1 X-28.345 Y0.862 E0.02891
G1 X-27.684 Y-.141 E0.02922
G1 X-27.005 Y-1.144 E0.02946
G1 X-26.199 Y-2.291 E0.0341
G1 X-25.581 Y-3.15 E0.02574
G1 X-24.831 Y-4.153 E0.03046
G1 X-24.369 Y-4.75 E0.01836
G0 F12000 X-25.169 Y-4.75
G0 X-26.432 Y-3.971
G1 F3600 E-1
;MESH:NONMESH
G0 F600 X-26.432 Y-3.971 Z52.95
G0 F12000 X-26.432 Y-3.925
G0 X-29.813 Y1.365
;TIME_ELAPSED:1394.701082
;LAYER:405
;note -- min layer time used
;TYPE:FILL
;MESH:bridge_3a.stl
G1 F3600 E1
G1 F2368.2 X-30.702 Y1.272 E0.02174
G1 X-31.605 Y1.445 E0.02236
G1 X-32.508 Y2.153 E0.02791
G1 X-33.411 Y3.369 E0.03684
G1 X-33.877 Y3.92 E0.01755
G1 X-38.92 Y3.92 E0.12265
G1 X-38.92 Y-3.92 E0.19068
G1 X-38.877 Y-3.92 E0.00105
G1 X-37.926 Y-2.788 E0.03596
G1 X-37.023 Y-2.081 E0.02789
G1 X-36.12 Y-1.634 E0.02451
G1 X-35.217 Y-1.368 E0.0229
G1 X-34.314 Y-1.273 E0.02208
G1 X-33.411 Y-1.446 E0.02236
G1 X-32.508 Y-2.154 E0.02791
G1 X-31.605 Y-3.37 E0.03684
G1 X-31.14 Y-3.92 E0.01752
G1 F3600 E-1
G0 F12000 X-26.097 Y-3.981
G0 X-25.408 Y-4.325
;TYPE:WALL-INNER
G1 F3600 E1
G1 F2368.2 X-39.325 Y-4.325 E0.33848
G1 X-39.325 Y4.325 E0.21038
G1 X-31.111 Y4.325 E0.19978
G1 X-30.124 Y2.642 E0.04745
G1 X-29.507 Y1.639 E0.02864
G1 X-28.867 Y0.626 E0.02914
G1 X-27.553 Y-1.352 E0.05776
G1 X-26.82 Y-2.396 E0.03103
G1 X-26.095 Y-3.398 E0.03008
G1 X-25.408 Y-4.325 E0.02806
G1 F3600 E-1
G0 F12000 X-24.548 Y-4.75
;TYPE:WALL-OUTER
G1 F3600 E1
G1 F2368.2 X-39.75 Y-4.75 E0.36974
G1 X-39.75 Y4.75 E0.23105
G1 X-30.865 Y4.75 E0.2161
G1 X-30.36 Y3.872 E0.02463
G1 X-29.761 Y2.865 E0.0285
G1 X-29.148 Y1.866 E0.02851
G1 X-28.513 Y0.861 E0.02891
G1 X-27.205 Y-1.108 E0.05749
G1 X-26.475 Y-2.147 E0.03088
G1 X-25.753 Y-3.145 E0.02996
G1 X-25.007 Y-4.152 E0.03048
G1 X-24.548 Y-4.75 E0.01833
G0 F12000 X-25.348 Y-4.75
G0 X-26.607 Y-3.971
G1 F3600 E-1
;MESH:NONMESH
G0 F600 X-26.607 Y-3.971 Z53.08
G0 F12000 X-26.607 Y-3.925
G0 X-30.022 Y1.431
;TIME_ELAPSED:1398.094432
;LAYER:406
;note -- min layer time used
;TYPE:FILL
;MESH:bridge_3a.stl
G1 F3600 E1
G1 F2339.5 X-30.702 Y1.396 E0.01656
G1 X-31.605 Y1.628 E0.02268
G1 X-32.508 Y2.358 E0.02824
G1 X-33.411 Y3.5 E0.03541
G1 X-33.794 Y3.92 E0.01382
G1 X-38.92 Y3.92 E0.12467
G1 X-38.92 Y-3.824 E0.18835
G1 X-37.926 Y-2.735 E0.03586
G1 X-37.023 Y-2.078 E0.02716
G1 X-36.12 Y-1.67 E0.0241
G1 X-35.217 Y-1.443 E0.02265
G1 X-34.314 Y-1.397 E0.02199
G1 X-33.411 Y-1.629 E0.02268
G1 X-32.508 Y-2.359 E0.02824
G1 X-31.605 Y-3.501 E0.03541
G1 X-31.222 Y-3.92 E0.01381
G1 F3600 E-1
G0 F12000 X-26.273 Y-3.981
G0 X-25.584 Y-4.325
;TYPE:WALL-INNER
G1 F3600 E1
G1 F2339.5 X-39.325 Y-4.325 E0.3342
G1 X-39.325 Y4.325 E0.21038
G1 X-31.275 Y4.325 E0.19579
G1 X-30.292 Y2.642 E0.0474
G1 X-29.675 Y1.639 E0.02864
G1 X-29.037 Y0.629 E0.02906
G1 X-28.377 Y-.377 E0.02926
G1 X-27.697 Y-1.388 E0.02963
G1 X-26.993 Y-2.395 E0.02988
G1 X-26.271 Y-3.398 E0.03006
G1 X-25.584 Y-4.325 E0.02806
G1 F3600 E-1
G0 F12000 X-24.724 Y-4.75
;TYPE:WALL-OUTER
G1 F3600 E1
G1 F2339.5 X-39.75 Y-4.75 E0.36545
G1 X-39.75 Y4.75 E0.23105
G1 X-31.029 Y4.75 E0.21211
G1 X-29.929 Y2.865 E0.05308
G1 X-29.316 Y1.866 E0.02851
G1 X-28.682 Y0.862 E0.02888
G1 X-28.024 Y-.14 E0.02916
G1 X-27.349 Y-1.144 E0.02942
G1 X-26.648 Y-2.146 E0.02974
G1 X-25.929 Y-3.145 E0.02994
G1 X-25.195 Y-4.136 E0.02999
G1 X-24.724 Y-4.75 E0.01882
G0 F12000 X-25.524 Y-4.75
G0 X-26.585 Y-3.575
G1 F3600 E-1
;MESH:NONMESH
G0 F600 X-26.585 Y-3.575 Z53.21
G0 F12000 X-26.621 Y-3.601
G0 X-30.233 Y1.513
;TIME_ELAPSED:1401.491884
;LAYER:407
;note -- min layer time used
;TYPE:FILL
;MESH:bridge_3a.stl
G1 F3600 E1
G1 F2309.2 X-30.702 Y1.512 E0.01141
G1 X-31.605 Y1.796 E0.02302
G1 X-32.508 Y2.541 E0.02847
G1 X-33.411 Y3.623 E0.03428
G1 X-33.702 Y3.92 E0.01011
G1 X-38.92 Y3.92 E0.12691
G1 X-38.92 Y-3.694 E0.18518
G1 X-37.926 Y-2.679 E0.03455
G1 X-37.023 Y-2.07 E0.02649
G1 X-36.12 Y-1.701 E0.02373
G1 X-35.217 Y-1.514 E0.02243
G1 X-34.314 Y-1.513 E0.02196
G1 X-33.411 Y-1.797 E0.02302
G1 X-32.508 Y-2.542 E0.02847
G1 X-31.605 Y-3.624 E0.03428
G1 X-31.316 Y-3.919 E0.01004
G1 F3600 E-1
G0 F12000 X-26.449 Y-3.981
G0 X-25.765 Y-4.324
;TYPE:WALL-INNER
G1 F3600 E1
G1 F2309.2 X-39.325 Y-4.325 E0.3298
G1 X-39.325 Y4.325 E0.21038
G1 X-31.436 Y4.325 E0.19187
G1 X-30.459 Y2.64 E0.04737
G1 X-29.206 Y0.631 E0.05759
G1 X-28.557 Y-.365 E0.02891
G1 X-27.871 Y-1.386 E0.02992
G1 X-27.169 Y-2.395 E0.0299
G1 X-26.448 Y-3.397 E0.03002
G1 X-25.765 Y-4.324 E0.028
G1 F3600 E-1
G0 F12000 X-24.906 Y-4.751
;TYPE:WALL-OUTER
G1 F3600 E1
G1 F2309.2 X-39.75 Y-4.75 E0.36103
G1 X-39.75 Y4.75 E0.23105
G1 X-31.19 Y4.75 E0.20819
G1 X-30.097 Y2.864 E0.05302
G1 X-28.85 Y0.863 E0.05734
G1 X-28.204 Y-.128 E0.02877
G1 X-27.522 Y-1.143 E0.02974
G1 X-26.824 Y-2.146 E0.02972
G1 X-26.106 Y-3.145 E0.02992
G1 X-25.363 Y-4.152 E0.03044
G1 X-24.906 Y-4.751 E0.01832
G0 F12000 X-25.706 Y-4.751
G0 X-26.761 Y-3.575
G1 F3600 E-1
;MESH:NONMESH
G0 F600 X-26.761 Y-3.575 Z53.34
G0 F12000 X-26.797 Y-3.601
G0 X-30.465 Y1.61
;TIME_ELAPSED:1404.889099
;LAYER:408
;note -- min layer time used
;TYPE:FILL
;MESH:bridge_3a.stl
G1 F3600 E1
G1 F2280.5 X-30.702 Y1.622 E0.00577
G1 X-31.605 Y1.951 E0.02337
G1 X-32.508 Y2.709 E0.02867
G1 X-33.569 Y3.92 E0.03916
G1 X-38.92 Y3.92 E0.13014
G1 X-38.92 Y-3.571 E0.18219
G1 X-37.926 Y-2.622 E0.03342
G1 X-37.023 Y-2.059 E0.02588
G1 X-36.12 Y-1.728 E0.02339
G1 X-35.217 Y-1.579 E0.02226
G1 X-34.314 Y-1.623 E0.02199
G1 X-33.411 Y-1.952 E0.02337
G1 X-32.508 Y-2.71 E0.02867
G1 X-31.605 Y-3.741 E0.03333
G1 X-31.417 Y-3.92 E0.00631
G1 F3600 E-1
G0 F12000 X-26.626 Y-3.98
G0 X-25.94 Y-4.325
;TYPE:WALL-INNER
G1 F3600 E1
G1 F2280.5 X-39.325 Y-4.325 E0.32554
G1 X-39.325 Y4.325 E0.21038
G1 X-31.6 Y4.325 E0.18788
G1 X-30.624 Y2.642 E0.04732
G1 X-29.374 Y0.631 E0.05759
G1 X-28.717 Y-.377 E0.02926
G1 X-28.04 Y-1.385 E0.02953
G1 X-27.342 Y-2.393 E0.02982
G1 X-26.543 Y-3.51 E0.0334
G1 X-25.94 Y-4.325 E0.02466
G1 F3600 E-1
G0 F12000 X-25.084 Y-4.749
;TYPE:WALL-OUTER
G1 F3600 E1
G1 F2280.5 X-39.75 Y-4.75 E0.3567
G1 X-39.75 Y4.75 E0.23105
G1 X-31.354 Y4.75 E0.2042
G1 X-30.261 Y2.865 E0.053
G1 X-29.018 Y0.863 E0.05731
G1 X-28.364 Y-.14 E0.02912
G1 X-27.69 Y-1.143 E0.02939
G1 X-26.996 Y-2.146 E0.02966
G1 X-26.201 Y-3.257 E0.03323
G1 X-25.539 Y-4.152 E0.02708
G1 X-25.084 Y-4.749 E0.01826
G0 F12000 X-25.884 Y-4.749
G0 X-27.136 Y-3.969
G1 F3600 E-1
;MESH:NONMESH
G0 F600 X-27.136 Y-3.969 Z53.47
G0 F12000 X-27.136 Y-3.925
G0 X-30.702 Y1.725
;TIME_ELAPSED:1408.281155
;LAYER:409
;note -- min layer time used
;TYPE:FILL
;MESH:bridge_3a.stl
G1 F3600 E1
G1 F2253.8 X-31.605 Y2.096 E0.02374
G1 X-32.508 Y2.865 E0.02885
G1 X-33.472 Y3.92 E0.03476
G1 X-38.92 Y3.92 E0.1325
G1 X-38.92 Y-3.452 E0.1793
G1 X-37.926 Y-2.563 E0.03243
G1 X-37.023 Y-2.044 E0.02533
G1 X-36.12 Y-1.751 E0.02309
G1 X-35.217 Y-1.64 E0.02213
G1 X-34.314 Y-1.726 E0.02206
G1 X-33.411 Y-2.097 E0.02374
G1 X-32.508 Y-2.866 E0.02885
G1 X-31.605 Y-3.854 E0.03255
G1 X-31.532 Y-3.919 E0.00238
G1 F3600 E-1
G0 F12000 X-26.799 Y-3.98
G0 X-26.116 Y-4.324
;TYPE:WALL-INNER
G1 F3600 E1
G1 F2253.8 X-39.325 Y-4.325 E0.32126
G1 X-39.325 Y4.325 E0.21038
G1 X-31.761 Y4.325 E0.18397
G1 X-31.382 Y3.657 E0.01868
G1 X-30.788 Y2.647 E0.0285
G1 X-29.562 Y0.663 E0.05672
G1 X-28.886 Y-.375 E0.03013
G1 X-28.213 Y-1.382 E0.02946
G1 X-27.549 Y-2.349 E0.02853
G1 X-26.796 Y-3.401 E0.03147
G1 X-26.116 Y-4.324 E0.02788
G1 F3600 E-1
G0 F12000 X-25.26 Y-4.751
;TYPE:WALL-OUTER
G1 F3600 E1
G1 F2253.8 X-39.75 Y-4.75 E0.35242
G1 X-39.75 Y4.75 E0.23105
G1 X-31.514 Y4.75 E0.20031
G1 X-31.016 Y3.873 E0.02453
G1 X-30.426 Y2.869 E0.02832
G1 X-29.206 Y0.895 E0.05644
G1 X-28.532 Y-.139 E0.03002
G1 X-27.863 Y-1.142 E0.02932
G1 X-27.204 Y-2.102 E0.02832
G1 X-26.454 Y-3.149 E0.03132
G1 X-25.716 Y-4.152 E0.03029
G1 X-25.26 Y-4.751 E0.01831
G0 F12000 X-26.06 Y-4.751
G0 X-27.111 Y-3.575
G1 F3600 E-1
;MESH:NONMESH
G0 F600 X-27.111 Y-3.575 Z53.6
G0 F12000 X-27.145 Y-3.6
G0 X-31.009 Y1.962
;TIME_ELAPSED:1411.676126
;LAYER:410
;note -- min layer time used
;TYPE:FILL
;MESH:bridge_3a.stl
G1 F3600 E1
G1 F2224 X-31.605 Y2.233 E0.01592
G1 X-32.508 Y3.012 E0.02901
G1 X-33.37 Y3.92 E0.03045
G1 X-38.92 Y3.92 E0.13498
G1 X-38.92 Y-3.337 E0.1765
G1 X-37.926 Y-2.502 E0.03157
G1 X-37.023 Y-2.025 E0.02484
G1 X-36.12 Y-1.77 E0.02282
G1 X-35.217 Y-1.696 E0.02204
G1 X-34.314 Y-1.823 E0.02218
G1 X-33.411 Y-2.234 E0.02413
G1 X-32.508 Y-3.013 E0.02901
G1 X-31.647 Y-3.919 E0.0304
G1 F3600 E-1
G0 F12000 X-26.975 Y-3.98
G0 X-26.292 Y-4.324
;TYPE:WALL-INNER
G1 F3600 E1
G1 F2224 X-39.325 Y-4.325 E0.31698
G1 X-39.325 Y4.325 E0.21038
G1 X-31.926 Y4.325 E0.17995
G1 X-31.582 Y3.717 E0.01699
G1 X-30.953 Y2.649 E0.03015
G1 X-30.341 Y1.642 E0.02866
G1 X-29.672 Y0.572 E0.03069
G1 X-28.385 Y-1.383 E0.05693
G1 X-27.69 Y-2.392 E0.0298
G1 X-26.972 Y-3.401 E0.03012
G1 X-26.292 Y-4.324 E0.02788
G1 F3600 E-1
G0 F12000 X-25.439 Y-4.75
;TYPE:WALL-OUTER
G1 F3600 E1
G1 F2224 X-39.75 Y-4.75 E0.34806
G1 X-39.75 Y4.75 E0.23105
G1 X-31.678 Y4.75 E0.19632
G1 X-31.216 Y3.933 E0.02283
G1 X-30.59 Y2.87 E0.03
G1 X-29.981 Y1.867 E0.02854
G1 X-29.317 Y0.806 E0.03044
G1 X-28.034 Y-1.142 E0.05673
G1 X-27.344 Y-2.145 E0.02961
G1 X-26.63 Y-3.149 E0.02996
G1 X-25.439 Y-4.75 E0.04853
G0 F12000 X-26.239 Y-4.75
G0 X-27.287 Y-3.575
G1 F3600 E-1
;MESH:NONMESH
G0 F600 X-27.287 Y-3.575 Z53.73
G0 F12000 X-27.32 Y-3.599
G0 X-31.337 Y2.229
;TIME_ELAPSED:1415.071093
;LAYER:411
;note -- min layer time used
;TYPE:FILL
;MESH:bridge_3a.stl
G1 F3600 E1
G1 F2195 X-31.605 Y2.362 E0.00728
G1 X-32.508 Y3.153 E0.0292
G1 X-33.261 Y3.92 E0.02614
G1 X-38.92 Y3.92 E0.13764
G1 X-38.92 Y-3.223 E0.17373
G1 X-37.926 Y-2.438 E0.03081
G1 X-37.023 Y-2.002 E0.02439
G1 X-36.12 Y-1.784 E0.02259
G1 X-35.217 Y-1.748 E0.02198
G1 X-34.314 Y-1.914 E0.02233
G1 X-33.411 Y-2.363 E0.02453
G1 X-32.508 Y-3.154 E0.0292
G1 X-31.757 Y-3.919 E0.02607
G1 F3600 E-1
G0 F12000 X-27.15 Y-3.98
G0 X-26.472 Y-4.324
;TYPE:WALL-INNER
G1 F3600 E1
G1 F2195 X-39.325 Y-4.325 E0.3126
G1 X-39.325 Y4.325 E0.21038
G1 X-32.085 Y4.325 E0.17609
G1 X-31.118 Y2.651 E0.04702
G1 X-30.509 Y1.641 E0.02868
G1 X-29.875 Y0.629 E0.02904
G1 X-29.227 Y-.374 E0.02904
G1 X-28.556 Y-1.384 E0.02949
G1 X-27.863 Y-2.387 E0.02965
G1 X-27.146 Y-3.398 E0.03014
G1 X-26.472 Y-4.324 E0.02786
G1 F3600 E-1
G0 F12000 X-25.619 Y-4.75
;TYPE:WALL-OUTER
G1 F3600 E1
G1 F2195 X-39.75 Y-4.75 E0.34369
G1 X-39.75 Y4.75 E0.23105
G1 X-31.838 Y4.75 E0.19243
G1 X-31.34 Y3.873 E0.02453
G1 X-30.755 Y2.87 E0.02824
G1 X-30.148 Y1.867 E0.02851
G1 X-29.518 Y0.86 E0.02889
G1 X-28.873 Y-.139 E0.02892
G1 X-28.206 Y-1.143 E0.02932
G1 X-27.516 Y-2.141 E0.02951
G1 X-26.803 Y-3.148 E0.03001
G1 X-26.072 Y-4.151 E0.03019
G1 X-25.619 Y-4.75 E0.01827
G0 F12000 X-26.419 Y-4.75
G0 X-27.462 Y-3.575
G1 F3600 E-1
;MESH:NONMESH
G0 F600 X-27.462 Y-3.575 Z53.86
G0 F12000 X-27.495 Y-3.599
G0 X-31.709 Y2.578
;TIME_ELAPSED:1418.465454
;LAYER:412
;note -- min layer time used
;TYPE:FILL
;MESH:bridge_3a.stl
G1 F3600 E1
G1 F2165.3 X-32.508 Y3.288 E0.026
G1 X-33.147 Y3.92 E0.02186
G1 X-38.92 Y3.92 E0.14041
G1 X-38.92 Y-3.111 E0.171
G1 X-37.926 Y-2.372 E0.03012
G1 X-37.023 Y-1.976 E0.02398
G1 X-36.12 Y-1.795 E0.0224
G1 X-35.217 Y-1.796 E0.02196
G1 X-34.314 Y-2.001 E0.02252
G1 X-33.411 Y-2.486 E0.02493
G1 X-32.508 Y-3.289 E0.02939
G1 X-31.87 Y-3.92 E0.02182
G1 F3600 E-1
G0 F12000 X-27.326 Y-3.98
G0 X-26.646 Y-4.325
;TYPE:WALL-INNER
G1 F3600 E1
G1 F2165.3 X-39.325 Y-4.325 E0.30837
G1 X-39.325 Y4.325 E0.21038
G1 X-32.25 Y4.325 E0.17207
G1 X-31.871 Y3.654 E0.01874
G1 X-31.282 Y2.651 E0.02829
G1 X-30.674 Y1.643 E0.02863
G1 X-30.043 Y0.629 E0.02905
G1 X-29.395 Y-.374 E0.02904
G1 X-28.725 Y-1.383 E0.02946
G1 X-28.036 Y-2.386 E0.0296
G1 X-27.322 Y-3.398 E0.03012
G1 X-26.646 Y-4.325 E0.0279
G1 F3600 E-1
G0 F12000 X-25.795 Y-4.75
;TYPE:WALL-OUTER
G1 F3600 E1
G1 F2165.3 X-39.75 Y-4.75 E0.33941
G1 X-39.75 Y4.75 E0.23105
G1 X-32.002 Y4.75 E0.18844
G1 X-31.504 Y3.869 E0.02461
G1 X-30.919 Y2.87 E0.02816
G1 X-30.313 Y1.868 E0.02848
G1 X-29.686 Y0.86 E0.02887
G1 X-29.041 Y-.139 E0.02892
G1 X-28.375 Y-1.142 E0.02928
G1 X-27.689 Y-2.141 E0.02947
G1 X-26.978 Y-3.148 E0.02998
G1 X-26.2 Y-4.215 E0.03212
G1 X-25.795 Y-4.75 E0.01632
G0 F12000 X-26.595 Y-4.75
G0 X-27.638 Y-3.575
G1 F3600 E-1
;MESH:NONMESH
G0 F600 X-27.638 Y-3.575 Z53.99
G0 F12000 X-27.67 Y-3.598
G0 X-31.991 Y-3.919
;TIME_ELAPSED:1421.834697
;LAYER:413
;note -- min layer time used
;TYPE:FILL
;MESH:bridge_3a.stl
G1 F3600 E1
G1 F2132.9 X-32.508 Y-3.422 E0.01744
G1 X-33.411 Y-2.605 E0.02962
G1 X-34.314 Y-2.084 E0.02536
G1 X-35.217 Y-1.84 E0.02275
G1 X-36.12 Y-1.803 E0.02198
G1 X-37.023 Y-1.947 E0.02224
G1 X-37.926 Y-2.303 E0.02361
G1 X-38.92 Y-2.998 E0.0295
G1 X-38.92 Y3.92 E0.16826
G1 X-33.027 Y3.92 E0.14333
G1 X-32.508 Y3.421 E0.01751
G1 X-32.21 Y3.151 E0.00978
G1 F3600 E-1
G0 F12000 X-29.758 Y-.67
G0 X-27.5 Y-3.98
G0 X-26.819 Y-4.324
;TYPE:WALL-INNER
G1 F3600 E1
G1 F2132.9 X-39.325 Y-4.325 E0.30416
G1 X-39.325 Y4.325 E0.21038
G1 X-32.412 Y4.325 E0.16813
G1 X-32.035 Y3.654 E0.01872
G1 X-31.446 Y2.651 E0.02829
G1 X-30.839 Y1.645 E0.02858
G1 X-30.212 Y0.63 E0.02902
G1 X-29.571 Y-.365 E0.02879
G1 X-28.897 Y-1.383 E0.02969
G1 X-27.546 Y-3.331 E0.05766
G1 X-26.819 Y-4.324 E0.02993
G1 F3600 E-1
G0 F12000 X-25.97 Y-4.75
;TYPE:WALL-OUTER
G1 F3600 E1
G1 F2132.9 X-39.75 Y-4.75 E0.33515
G1 X-39.75 Y4.75 E0.23105
G1 X-32.163 Y4.75 E0.18453
G1 X-31.668 Y3.869 E0.02458
G1 X-31.083 Y2.87 E0.02816
G1 X-29.855 Y0.86 E0.05729
G1 X-29.217 Y-.131 E0.02867
G1 X-28.547 Y-1.142 E0.0295
G1 X-27.202 Y-3.08 E0.05737
G1 X-25.97 Y-4.75 E0.05047
G0 F12000 X-26.77 Y-4.75
G0 X-27.812 Y-3.575
G1 F3600 E-1
;MESH:NONMESH
G0 F600 X-27.812 Y-3.575 Z54.12
G0 F12000 X-27.844 Y-3.599
G0 X-32.118 Y-3.919
;TIME_ELAPSED:1425.223408
;LAYER:414
;note -- min layer time used
;TYPE:FILL
;MESH:bridge_3a.stl
G1 F3600 E1
G1 F1833.1 X-33.411 Y-2.72 E0.04289
G1 X-34.314 Y-2.162 E0.02582
G1 X-35.217 Y-1.88 E0.02301
G1 X-36.12 Y-1.806 E0.02204
G1 X-37.023 Y-1.914 E0.02212
G1 X-37.926 Y-2.231 E0.02328
G1 X-38.829 Y-2.824 E0.02627
G1 X-38.919 Y-2.909 E0.00301
G1 F3600 E-1
G0 F12000 X-27.675 Y-3.98
G0 X-26.996 Y-4.324
;TYPE:WALL-INNER
G1 F3600 E1
G1 F1833.1 X-39.324 Y-4.324 E0.29984
G1 X-39.325 Y4.325 E0.21036
G1 X-32.573 Y4.325 E0.16422
G1 X-32.199 Y3.654 E0.01868
G1 X-31.609 Y2.648 E0.02836
G1 X-30.379 Y0.629 E0.0575
G1 X-29.56 Y-.638 E0.03669
G1 X-28.38 Y-2.389 E0.05135
G1 X-27.67 Y-3.398 E0.03001
G1 X-26.996 Y-4.324 E0.02786
G1 F3600 E-1
G0 F12000 X-26.146 Y-4.75
;TYPE:WALL-OUTER
G1 F3600 E1
G1 F1833.1 X-39.749 Y-4.749 E0.33085
G1 X-39.75 Y4.75 E0.23103
G1 X-32.323 Y4.75 E0.18064
G1 X-31.832 Y3.869 E0.02453
G1 X-31.246 Y2.869 E0.02819
G1 X-30.022 Y0.86 E0.05722
G1 X-29.208 Y-.4 E0.03648
G1 X-28.033 Y-2.144 E0.05115
G1 X-27.327 Y-3.148 E0.02985
G1 X-26.596 Y-4.15 E0.03017
G1 X-26.146 Y-4.75 E0.01824
G0 F12000 X-26.946 Y-4.75
G0 X-28.184 Y-3.966
G1 F3600 E-1
;MESH:NONMESH
G0 F600 X-28.184 Y-3.966 Z54.25
G0 F12000 X-28.184 Y-3.925
G0 X-32.251 Y-3.92
;TIME_ELAPSED:1428.587775
;LAYER:415
;note -- min layer time used
;TYPE:FILL
;MESH:bridge_3a.stl
G1 F3600 E1
G1 F1814.2 X-33.411 Y-2.832 E0.03868
G1 X-34.314 Y-2.237 E0.0263
G1 X-35.217 Y-1.917 E0.0233
G1 X-36.12 Y-1.806 E0.02213
G1 X-37.023 Y-1.877 E0.02203
G1 X-37.926 Y-2.156 E0.02299
G1 X-38.829 Y-2.711 E0.02578
G1 X-38.919 Y-2.794 E0.00298
G1 F3600 E-1
G0 F12000 X-27.848 Y-3.98
G0 X-27.168 Y-4.325
;TYPE:WALL-INNER
G1 F3600 E1
G1 F1814.2 X-39.324 Y-4.324 E0.29565
G1 X-39.325 Y4.325 E0.21036
G1 X-32.736 Y4.325 E0.16025
G1 X-32.36 Y3.656 E0.01866
G1 X-31.775 Y2.652 E0.02826
G1 X-31.171 Y1.646 E0.02854
G1 X-30.569 Y0.668 E0.02793
G1 X-29.904 Y-.372 E0.03002
G1 X-29.238 Y-1.381 E0.0294
G1 X-28.557 Y-2.381 E0.02943
G1 X-27.842 Y-3.397 E0.03022
G1 X-27.168 Y-4.325 E0.0279
G1 F3600 E-1
G0 F12000 X-26.321 Y-4.75
;TYPE:WALL-OUTER
G1 F3600 E1
G1 F1814.2 X-39.749 Y-4.749 E0.32659
G1 X-39.75 Y4.75 E0.23103
G1 X-32.487 Y4.75 E0.17665
G1 X-31.992 Y3.87 E0.02456
G1 X-31.411 Y2.871 E0.02811
G1 X-30.809 Y1.868 E0.02845
G1 X-30.211 Y0.897 E0.02774
G1 X-29.549 Y-.138 E0.02988
G1 X-28.887 Y-1.141 E0.02923
G1 X-28.209 Y-2.136 E0.02928
G1 X-27.499 Y-3.148 E0.03007
G1 X-26.773 Y-4.146 E0.03002
G1 X-26.321 Y-4.75 E0.01835
G0 F12000 X-27.121 Y-4.75
G0 X-28.16 Y-3.575
G1 F3600 E-1
;MESH:NONMESH
G0 F600 X-28.16 Y-3.575 Z54.38
G0 F12000 X-28.191 Y-3.598
G0 X-32.39 Y-3.92
;TIME_ELAPSED:1431.956515
;LAYER:416
;note -- min layer time used
;TYPE:FILL
;MESH:bridge_3a.stl
G1 F3600 E1
G1 F1796.2 X-33.411 Y-2.942 E0.03439
G1 X-34.314 Y-2.309 E0.02682
G1 X-35.217 Y-1.949 E0.02364
G1 X-36.12 Y-1.802 E0.02225
G1 X-37.023 Y-1.837 E0.02198
G1 X-37.926 Y-2.077 E0.02272
G1 X-38.829 Y-2.596 E0.02533
G1 X-38.919 Y-2.677 E0.00294
G1 F3600 E-1
G0 F12000 X-28.024 Y-3.98
G0 X-27.344 Y-4.325
;TYPE:WALL-INNER
G1 F3600 E1
G1 F1796.2 X-39.324 Y-4.324 E0.29137
G1 X-39.325 Y4.325 E0.21036
G1 X-32.897 Y4.325 E0.15634
G1 X-32.524 Y3.656 E0.01863
G1 X-31.939 Y2.652 E0.02826
G1 X-31.335 Y1.646 E0.02854
G1 X-30.714 Y0.637 E0.02882
G1 X-30.073 Y-.371 E0.02905
G1 X-29.41 Y-1.381 E0.02938
G1 X-28.689 Y-2.436 E0.03108
G1 X-28.016 Y-3.396 E0.02851
G1 X-27.344 Y-4.325 E0.02789
G1 F3600 E-1
G0 F12000 X-26.499 Y-4.75
;TYPE:WALL-OUTER
G1 F3600 E1
G1 F1796.2 X-39.749 Y-4.749 E0.32226
G1 X-39.75 Y4.75 E0.23103
G1 X-32.647 Y4.75 E0.17276
G1 X-32.156 Y3.87 E0.02451
G1 X-31.575 Y2.871 E0.02811
G1 X-30.973 Y1.868 E0.02845
G1 X-30.355 Y0.865 E0.02865
G1 X-29.718 Y-.138 E0.0289
G1 X-29.059 Y-1.142 E0.02921
G1 X-28.341 Y-2.192 E0.03094
G1 X-27.671 Y-3.147 E0.02837
G1 X-26.949 Y-4.146 E0.02998
G1 X-26.499 Y-4.75 E0.01832
G0 F12000 X-27.299 Y-4.75
G0 X-28.335 Y-3.575
G1 F3600 E-1
;MESH:NONMESH
G0 F600 X-28.335 Y-3.575 Z54.51
G0 F12000 X-28.365 Y-3.597
G0 X-32.534 Y-3.92
;TIME_ELAPSED:1435.323203
;LAYER:417
;note -- min layer time used
;TYPE:FILL
;MESH:bridge_3a.stl
G1 F3600 E1
G1 F1777.7 X-33.411 Y-3.051 E0.03003
G1 X-34.314 Y-2.377 E0.02741
G1 X-35.217 Y-1.979 E0.024
G1 X-36.12 Y-1.795 E0.02241
G1 X-37.023 Y-1.793 E0.02196
G1 X-37.926 Y-1.995 E0.02251
G1 X-38.829 Y-2.477 E0.0249
G1 X-38.92 Y-2.558 E0.00296
G1 F3600 E-1
G0 F12000 X-28.197 Y-3.98
G0 X-27.52 Y-4.325
;TYPE:WALL-INNER
G1 F3600 E1
G1 F1777.7 X-39.325 Y-4.325 E0.28711
G1 X-39.325 Y4.325 E0.21038
G1 X-33.06 Y4.324 E0.15237
G1 X-32.584 Y3.475 E0.02367
G1 X-31.503 Y1.646 E0.05167
G1 X-30.882 Y0.637 E0.02882
G1 X-30.241 Y-.371 E0.02905
G1 X-29.58 Y-1.379 E0.02932
G1 X-28.898 Y-2.388 E0.02962
G1 X-28.192 Y-3.396 E0.02993
G1 X-27.52 Y-4.325 E0.02789
G1 F3600 E-1
G0 F12000 X-26.678 Y-4.75
;TYPE:WALL-OUTER
G1 F3600 E1
G1 F1777.7 X-39.75 Y-4.75 E0.31793
G1 X-39.75 Y4.75 E0.23105
G1 X-32.811 Y4.749 E0.16877
G1 X-32.216 Y3.69 E0.02954
G1 X-31.141 Y1.868 E0.05145
G1 X-30.523 Y0.865 E0.02865
G1 X-29.886 Y-.138 E0.0289
G1 X-29.228 Y-1.141 E0.02918
G1 X-28.549 Y-2.144 E0.02946
G1 X-27.847 Y-3.147 E0.02978
G1 X-26.678 Y-4.75 E0.04825
G0 F12000 X-27.478 Y-4.75
G0 X-28.508 Y-3.575
G1 F3600 E-1
;MESH:NONMESH
G0 F600 X-28.508 Y-3.575 Z54.64
G0 F12000 X-28.538 Y-3.597
G0 X-32.667 Y-3.919
;TIME_ELAPSED:1438.688753
;LAYER:418
;note -- min layer time used
;TYPE:FILL
;MESH:bridge_3a.stl
G1 F3600 E1
G1 F1759.7 X-33.411 Y-3.16 E0.02585
G1 X-34.314 Y-2.443 E0.02804
G1 X-35.217 Y-2.004 E0.02442
G1 X-36.12 Y-1.783 E0.02261
G1 X-37.023 Y-1.744 E0.02198
G1 X-37.926 Y-1.907 E0.02232
G1 X-38.829 Y-2.353 E0.0245
G1 X-38.92 Y-2.433 E0.00295
G1 F3600 E-1
G0 F12000 X-28.372 Y-3.98
G0 X-27.694 Y-4.324
;TYPE:WALL-INNER
G1 F3600 E1
G1 F1759.7 X-39.325 Y-4.325 E0.28288
G1 X-39.325 Y4.325 E0.21038
G1 X-33.22 Y4.325 E0.14848
G1 X-32.85 Y3.663 E0.01844
G1 X-32.269 Y2.655 E0.0283
G1 X-31.667 Y1.64 E0.0287
G1 X-30.412 Y-.372 E0.05767
G1 X-29.748 Y-1.379 E0.02934
G1 X-29.067 Y-2.386 E0.02957
G1 X-28.364 Y-3.395 E0.02991
G1 X-27.694 Y-4.324 E0.02786
G1 F3600 E-1
G0 F12000 X-26.854 Y-4.75
;TYPE:WALL-OUTER
G1 F3600 E1
G1 F1759.7 X-39.75 Y-4.75 E0.31365
G1 X-39.75 Y4.75 E0.23105
G1 X-32.971 Y4.75 E0.16488
G1 X-32.481 Y3.875 E0.02439
G1 X-31.903 Y2.872 E0.02816
G1 X-31.305 Y1.864 E0.02851
G1 X-30.057 Y-.138 E0.05738
G1 X-29.396 Y-1.141 E0.02922
G1 X-28.718 Y-2.143 E0.02942
G1 X-28.019 Y-3.147 E0.02975
G1 X-26.854 Y-4.75 E0.0482
G0 F12000 X-27.654 Y-4.75
G0 X-28.683 Y-3.575
G1 F3600 E-1
;MESH:NONMESH
G0 F600 X-28.683 Y-3.575 Z54.77
G0 F12000 X-28.714 Y-3.597
G0 X-32.795 Y-3.919
;TIME_ELAPSED:1442.053061
;LAYER:419
;note -- min layer time used
;TYPE:FILL
;MESH:bridge_3a.stl
G1 F3600 E1
G1 F1741.9 X-33.411 Y-3.269 E0.02178
G1 X-34.314 Y-2.507 E0.02874
G1 X-35.217 Y-2.026 E0.02488
G1 X-36.12 Y-1.768 E0.02284
G1 X-37.023 Y-1.692 E0.02204
G1 X-37.926 Y-1.815 E0.02217
G1 X-38.829 Y-2.223 E0.0241
G1 X-38.92 Y-2.301 E0.00292
G1 F3600 E-1
G0 F12000 X-28.544 Y-3.98
G0 X-27.868 Y-4.324
;TYPE:WALL-INNER
G1 F3600 E1
G1 F1741.9 X-39.325 Y-4.325 E0.27865
G1 X-39.324 Y4.324 E0.21036
G1 X-33.382 Y4.325 E0.14452
G1 X-33.014 Y3.663 E0.01842
G1 X-32.433 Y2.655 E0.0283
G1 X-31.832 Y1.642 E0.02865
G1 X-31.215 Y0.639 E0.02864
G1 X-30.601 Y-.335 E0.028
G1 X-29.917 Y-1.377 E0.03032
G1 X-29.239 Y-2.386 E0.02957
G1 X-28.545 Y-3.382 E0.02952
G1 X-27.868 Y-4.324 E0.02821
G1 F3600 E-1
G0 F12000 X-27.029 Y-4.749
;TYPE:WALL-OUTER
G1 F3600 E1
G1 F1741.9 X-39.75 Y-4.75 E0.30939
G1 X-39.749 Y4.749 E0.23103
G1 X-33.132 Y4.75 E0.16094
G1 X-32.645 Y3.875 E0.02436
G1 X-32.067 Y2.872 E0.02816
G1 X-31.469 Y1.865 E0.02848
G1 X-30.856 Y0.866 E0.02851
G1 X-30.246 Y-.102 E0.02783
G1 X-29.564 Y-1.14 E0.03021
G1 X-28.89 Y-2.143 E0.02939
G1 X-28.2 Y-3.134 E0.02937
G1 X-27.029 Y-4.749 E0.04852
G0 F12000 X-27.829 Y-4.749
G0 X-28.856 Y-3.575
G1 F3600 E-1
;MESH:NONMESH
G0 F600 X-28.856 Y-3.575 Z54.9
G0 F12000 X-28.886 Y-3.596
G0 X-32.919 Y-3.92
;TIME_ELAPSED:1445.416177
;LAYER:420
;note -- min layer time used
;TYPE:FILL
;MESH:bridge_3a.stl
G1 F3600 E1
G1 F1861.3 X-33.411 Y-3.38 E0.01777
G1 X-34.314 Y-2.568 E0.02954
G1 X-35.217 Y-2.045 E0.02538
G1 X-36.12 Y-1.749 E0.02311
G1 X-37.023 Y-1.636 E0.02213
G1 X-37.926 Y-1.718 E0.02205
G1 X-38.829 Y-2.086 E0.02372
G1 X-38.919 Y-2.163 E0.00288
G1 X-38.92 Y3.744 E0.14367
G1 X-38.744 Y3.92 E0.00605
G1 F3600 E-1
G0 F12000 X-28.72 Y-3.98
G0 X-28.036 Y-4.326
;TYPE:WALL-INNER
G1 F3600 E1
G1 F1861.3 X-39.324 Y-4.324 E0.27454
G1 X-39.325 Y4.325 E0.21036
G1 X-33.542 Y4.325 E0.14065
G1 X-32.581 Y2.623 E0.04754
G1 X-32 Y1.642 E0.02773
G1 X-31.382 Y0.638 E0.02867
G1 X-30.563 Y-.654 E0.0372
G1 X-29.41 Y-2.387 E0.05063
G1 X-28.542 Y-3.629 E0.03685
G1 X-28.036 Y-4.326 E0.02095
G1 F3600 E-1
G0 F12000 X-27.201 Y-4.751
;TYPE:WALL-OUTER
G1 F3600 E1
G1 F1861.3 X-39.749 Y-4.749 E0.30519
G1 X-39.75 Y4.75 E0.23103
G1 X-33.292 Y4.75 E0.15707
G1 X-32.216 Y2.84 E0.05332
G1 X-31.637 Y1.865 E0.02758
G1 X-31.024 Y0.866 E0.02851
G1 X-30.209 Y-.419 E0.03701
G1 X-29.061 Y-2.144 E0.0504
G1 X-28.199 Y-3.379 E0.03663
G1 X-27.201 Y-4.751 E0.04126
G0 F12000 X-28.001 Y-4.751
G0 X-29.031 Y-3.575
G1 F3600 E-1
;MESH:NONMESH
G0 F600 X-29.031 Y-3.575 Z55.03
G0 F12000 X-29.058 Y-3.594
G0 X-33.038 Y-3.92
;TIME_ELAPSED:1448.783446
;LAYER:421
;note -- min layer time used
;TYPE:FILL
;MESH:bridge_3a.stl
G1 F3600 E1
G1 F1840.9 X-33.411 Y-3.493 E0.01379
G1 X-34.314 Y-2.627 E0.03043
G1 X-35.217 Y-2.06 E0.02593
G1 X-36.12 Y-1.726 E0.02342
G1 X-37.023 Y-1.574 E0.02227
G1 X-37.926 Y-1.615 E0.02198
G1 X-38.829 Y-1.941 E0.02335
G1 X-38.919 Y-2.017 E0.00286
G1 X-38.92 Y3.627 E0.13727
G1 X-38.632 Y3.92 E0.00999
G1 F3600 E-1
G0 F12000 X-28.892 Y-3.98
G0 X-28.218 Y-4.325
;TYPE:WALL-INNER
G1 F3600 E1
G1 F1840.9 X-39.324 Y-4.324 E0.27011
G1 X-39.325 Y4.325 E0.21036
G1 X-33.707 Y4.324 E0.13664
G1 X-33.325 Y3.634 E0.01918
G1 X-32.716 Y2.578 E0.02965
G1 X-32.127 Y1.581 E0.02816
G1 X-31.571 Y0.671 E0.02594
G1 X-30.881 Y-.423 E0.03146
G1 X-29.583 Y-2.385 E0.05722
G1 X-28.885 Y-3.394 E0.02984
G1 X-28.218 Y-4.325 E0.02785
G1 F3600 E-1
G0 F12000 X-27.378 Y-4.75
;TYPE:WALL-OUTER
G1 F3600 E1
G1 F1840.9 X-39.749 Y-4.749 E0.30088
G1 X-39.75 Y4.75 E0.23103
G1 X-33.456 Y4.749 E0.15308
G1 X-32.957 Y3.847 E0.02507
G1 X-32.35 Y2.794 E0.02956
G1 X-31.764 Y1.802 E0.02802
G1 X-31.212 Y0.898 E0.02576
G1 X-30.525 Y-.19 E0.0313
G1 X-29.234 Y-2.143 E0.05694
G1 X-28.54 Y-3.146 E0.02966
G1 X-27.822 Y-4.149 E0.03
G1 X-27.378 Y-4.75 E0.01817
G0 F12000 X-28.178 Y-4.75
G0 X-29.402 Y-3.961
G1 F3600 E-1
;MESH:NONMESH
G0 F600 X-29.402 Y-3.961 Z55.16
G0 F12000 X-29.402 Y-3.925
G0 X-33.154 Y-3.92
;TIME_ELAPSED:1452.145317
;LAYER:422
;note -- min layer time used
;TYPE:FILL
;MESH:bridge_3a.stl
G1 F3600 E1
G1 F1820.5 X-33.411 Y-3.611 E0.00977
G1 X-34.314 Y-2.684 E0.03147
G1 X-35.217 Y-2.071 E0.02654
G1 X-36.12 Y-1.699 E0.02375
G1 X-37.023 Y-1.509 E0.02244
G1 X-37.926 Y-1.505 E0.02196
G1 X-38.829 Y-1.785 E0.02299
G1 X-38.92 Y-1.86 E0.00287
G1 X-38.92 Y3.504 E0.13046
G1 X-38.53 Y3.92 E0.01387
G1 F3600 E-1
G0 F12000 X-29.066 Y-3.98
G0 X-28.394 Y-4.325
;TYPE:WALL-INNER
G1 F3600 E1
G1 F1820.5 X-39.325 Y-4.325 E0.26586
G1 X-39.325 Y4.325 E0.21038
G1 X-33.867 Y4.324 E0.13275
G1 X-33.486 Y3.636 E0.01913
G1 X-32.908 Y2.626 E0.0283
G1 X-32.332 Y1.647 E0.02763
G1 X-31.716 Y0.641 E0.02869
G1 X-31.05 Y-.421 E0.03049
G1 X-30.429 Y-1.372 E0.02762
G1 X-29.753 Y-2.383 E0.02958
G1 X-29.058 Y-3.392 E0.0298
G1 X-28.394 Y-4.325 E0.02785
G1 F3600 E-1
G0 F12000 X-27.554 Y-4.75
;TYPE:WALL-OUTER
G1 F3600 E1
G1 F1820.5 X-39.75 Y-4.75 E0.29662
G1 X-39.75 Y4.75 E0.23105
G1 X-33.616 Y4.749 E0.14919
G1 X-33.117 Y3.847 E0.02507
G1 X-32.542 Y2.842 E0.02816
G1 X-31.97 Y1.869 E0.02745
G1 X-31.356 Y0.867 E0.02858
G1 X-30.694 Y-.189 E0.03031
G1 X-30.076 Y-1.136 E0.0275
G1 X-29.402 Y-2.142 E0.02945
G1 X-28.712 Y-3.145 E0.02961
G1 X-27.998 Y-4.149 E0.02996
G1 X-27.554 Y-4.75 E0.01817
G0 F12000 X-28.354 Y-4.75
G0 X-29.575 Y-3.96
G1 F3600 E-1
;MESH:NONMESH
G0 F600 X-29.575 Y-3.96 Z55.29
G0 F12000 X-29.575 Y-3.925
G0 X-33.265 Y-3.92
;TIME_ELAPSED:1455.507260
;LAYER:423
;note -- min layer time used
;TYPE:FILL
;MESH:bridge_3a.stl
G1 F3600 E1
G1 F1801 X-33.411 Y-3.734 E0.00575
G1 X-34.314 Y-2.739 E0.03268
G1 X-35.217 Y-2.078 E0.02722
G1 X-36.12 Y-1.667 E0.02413
G1 X-37.023 Y-1.438 E0.02266
G1 X-37.926 Y-1.388 E0.022
G1 X-38.829 Y-1.616 E0.02265
G1 X-38.919 Y-1.689 E0.00282
G1 X-38.92 Y3.39 E0.12353
G1 X-38.439 Y3.92 E0.01741
G1 F3600 E-1
G0 F12000 X-29.238 Y-3.98
G0 X-28.569 Y-4.325
;TYPE:WALL-INNER
G1 F3600 E1
G1 F1801 X-39.324 Y-4.324 E0.26158
G1 X-39.325 Y4.325 E0.21036
G1 X-34.027 Y4.325 E0.12886
G1 X-33.662 Y3.664 E0.01836
G1 X-32.496 Y1.642 E0.05677
G1 X-31.25 Y-.369 E0.05754
G1 X-29.925 Y-2.383 E0.05863
G1 X-29.231 Y-3.391 E0.02976
G1 X-28.569 Y-4.325 E0.02784
G1 F3600 E-1
G0 F12000 X-27.73 Y-4.75
;TYPE:WALL-OUTER
G1 F3600 E1
G1 F1801 X-39.749 Y-4.749 E0.29232
G1 X-39.75 Y4.75 E0.23103
G1 X-33.776 Y4.75 E0.1453
G1 X-33.294 Y3.875 E0.0243
G1 X-32.133 Y1.865 E0.05646
G1 X-30.894 Y-.137 E0.05726
G1 X-30.205 Y-1.195 E0.03071
G1 X-29.574 Y-2.142 E0.02768
G1 X-28.885 Y-3.145 E0.0296
G1 X-28.202 Y-4.109 E0.02873
G1 X-27.73 Y-4.75 E0.01936
G0 F12000 X-28.53 Y-4.75
G0 X-29.549 Y-3.575
G1 F3600 E-1
;MESH:NONMESH
G0 F600 X-29.549 Y-3.575 Z55.42
G0 F12000 X-29.576 Y-3.594
G0 X-33.371 Y-3.919
;TIME_ELAPSED:1458.873011
;LAYER:424
;note -- min layer time used
;TYPE:FILL
;MESH:bridge_3a.stl
G1 F3600 E1
G1 F1781.6 X-34.314 Y-2.793 E0.03572
G1 X-35.217 Y-2.081 E0.02797
G1 X-36.12 Y-1.631 E0.02454
G1 X-37.023 Y-1.362 E0.02292
G1 X-37.926 Y-1.263 E0.02209
G1 X-38.829 Y-1.431 E0.02234
G1 X-38.919 Y-1.502 E0.00279
G1 X-38.918 Y3.253 E0.11565
G1 X-38.356 Y3.92 E0.02121
G1 F3600 E-1
G0 F12000 X-29.412 Y-3.98
G0 X-28.743 Y-4.324
;TYPE:WALL-INNER
G1 F3600 E1
G1 F1781.6 X-39.325 Y-4.325 E0.25737
G1 X-39.324 Y4.325 E0.21038
G1 X-34.188 Y4.325 E0.12492
G1 X-33.254 Y2.657 E0.0465
G1 X-32.575 Y1.505 E0.03252
G1 X-31.418 Y-.369 E0.05357
G1 X-30.097 Y-2.383 E0.05858
G1 X-29.407 Y-3.387 E0.02963
G1 X-28.743 Y-4.324 E0.02793
G1 F3600 E-1
G0 F12000 X-27.905 Y-4.749
;TYPE:WALL-OUTER
G1 F3600 E1
G1 F1781.6 X-39.75 Y-4.75 E0.28809
G1 X-39.749 Y4.75 E0.23105
G1 X-33.939 Y4.75 E0.14131
G1 X-32.888 Y2.873 E0.05232
G1 X-32.213 Y1.728 E0.03233
G1 X-31.062 Y-.137 E0.0533
G1 X-29.747 Y-2.142 E0.05832
G1 X-29.06 Y-3.141 E0.02949
G1 X-28.346 Y-4.148 E0.03002
G1 X-27.905 Y-4.749 E0.01813
G0 F12000 X-28.705 Y-4.749
G0 X-29.723 Y-3.575
G1 F3600 E-1
;MESH:NONMESH
G0 F600 X-29.723 Y-3.575 Z55.55
G0 F12000 X-29.75 Y-3.595
G0 X-33.479 Y-3.92
;TIME_ELAPSED:1462.236791
;LAYER:425
;note -- min layer time used
;TYPE:FILL
;MESH:bridge_3a.stl
G1 F3600 E1
G1 F1761.5 X-34.314 Y-2.845 E0.03311
G1 X-35.217 Y-2.08 E0.02878
G1 X-36.12 Y-1.59 E0.02499
G1 X-37.023 Y-1.28 E0.02322
G1 X-37.926 Y-1.129 E0.02227
G1 X-38.829 Y-1.226 E0.02209
G1 X-38.92 Y-1.294 E0.00276
G1 X-38.92 Y3.1 E0.10687
G1 X-38.283 Y3.92 E0.02525
G1 F3600 E-1
G0 F12000 X-29.585 Y-3.98
G0 X-28.918 Y-4.325
;TYPE:WALL-INNER
G1 F3600 E1
G1 F1761.5 X-39.325 Y-4.325 E0.25311
G1 X-39.325 Y4.325 E0.21038
G1 X-34.348 Y4.325 E0.12105
G1 X-33.415 Y2.659 E0.04644
G1 X-32.825 Y1.649 E0.02845
G1 X-32.214 Y0.643 E0.02863
G1 X-31.616 Y-.318 E0.02753
G1 X-30.936 Y-1.372 E0.03051
G1 X-30.269 Y-2.383 E0.02946
G1 X-29.552 Y-3.425 E0.03076
G1 X-28.918 Y-4.325 E0.02678
G1 F3600 E-1
G0 F12000 X-28.082 Y-4.751
;TYPE:WALL-OUTER
G1 F3600 E1
G1 F1761.5 X-39.75 Y-4.75 E0.28378
G1 X-39.75 Y4.75 E0.23105
G1 X-34.099 Y4.75 E0.13744
G1 X-33.048 Y2.873 E0.05232
G1 X-32.462 Y1.87 E0.02825
G1 X-31.853 Y0.867 E0.02854
G1 X-31.259 Y-0.088 E0.02735
G1 X-29.919 Y-2.142 E0.05965
G1 X-29.205 Y-3.181 E0.03066
G1 X-28.522 Y-4.148 E0.02879
G1 X-28.082 Y-4.751 E0.01816
G0 F12000 X-28.882 Y-4.751
G0 X-29.896 Y-3.575
G1 F3600 E-1
;MESH:NONMESH
G0 F600 X-29.896 Y-3.575 Z55.68
G0 F12000 X-29.922 Y-3.594
G0 X-33.585 Y-3.92
;TIME_ELAPSED:1465.599785
;LAYER:426
;note -- min layer time used
;TYPE:FILL
;MESH:bridge_3a.stl
G1 F3600 E1
G1 F1740.7 X-34.314 Y-2.896 E0.03057
G1 X-35.217 Y-2.075 E0.02968
G1 X-36.12 Y-1.545 E0.02547
G1 X-37.023 Y-1.193 E0.02357
G1 X-37.926 Y-.985 E0.02254
G1 X-38.829 Y-.996 E0.02196
G1 X-38.92 Y-1.058 E0.00268
G1 X-38.92 Y2.931 E0.09702
G1 X-38.216 Y3.92 E0.02953
G1 F3600 E-1
G0 F12000 X-29.757 Y-3.979
G0 X-29.089 Y-4.325
;TYPE:WALL-INNER
G1 F3600 E1
G1 F1740.7 X-39.325 Y-4.325 E0.24895
G1 X-39.325 Y4.325 E0.21038
G1 X-34.511 Y4.325 E0.11708
G1 X-33.583 Y2.662 E0.04632
G1 X-32.99 Y1.651 E0.02851
G1 X-32.381 Y0.642 E0.02866
G1 X-31.753 Y-.364 E0.02884
G1 X-31.107 Y-1.374 E0.02916
G1 X-30.438 Y-2.381 E0.0294
G1 X-29.752 Y-3.385 E0.02957
G1 X-29.089 Y-4.325 E0.02798
G1 F3600 E-1
G0 F12000 X-28.257 Y-4.75
;TYPE:WALL-OUTER
G1 F3600 E1
G1 F1740.7 X-39.75 Y-4.75 E0.27953
G1 X-39.75 Y4.75 E0.23105
G1 X-34.26 Y4.75 E0.13352
G1 X-33.216 Y2.877 E0.05215
G1 X-32.626 Y1.87 E0.02839
G1 X-32.021 Y0.867 E0.02849
G1 X-31.395 Y-.135 E0.02874
G1 X-30.753 Y-1.139 E0.02898
G1 X-30.087 Y-2.142 E0.02928
G1 X-29.405 Y-3.141 E0.02942
G1 X-28.695 Y-4.147 E0.02995
G1 X-28.257 Y-4.75 E0.01813
G0 F12000 X-29.057 Y-4.75
G0 X-30.266 Y-3.958
G1 F3600 E-1
;MESH:NONMESH
G0 F600 X-30.266 Y-3.958 Z55.81
G0 F12000 X-30.266 Y-3.925
G0 X-33.686 Y-3.92
;TIME_ELAPSED:1468.957553
;LAYER:427
;note -- min layer time used
;TYPE:FILL
;MESH:bridge_3a.stl
G1 F3600 E1
G1 F1719.5 X-34.314 Y-2.945 E0.02821
G1 X-35.217 Y-2.065 E0.03067
G1 X-36.12 Y-1.494 E0.02598
G1 X-37.023 Y-1.099 E0.02397
G1 X-37.926 Y-.831 E0.02291
G1 X-38.829 Y-.732 E0.02209
G1 X-38.92 Y-.783 E0.00254
G1 X-38.919 Y2.738 E0.08564
G1 X-38.158 Y3.919 E0.03417
G1 F3600 E-1
G0 F12000 X-29.93 Y-3.979
G0 X-29.261 Y-4.325
;TYPE:WALL-INNER
G1 F3600 E1
G1 F1719.5 X-39.325 Y-4.325 E0.24477
G1 X-39.324 Y4.324 E0.21036
G1 X-34.67 Y4.325 E0.11319
G1 X-34.313 Y3.669 E0.01816
G1 X-33.743 Y2.654 E0.02831
G1 X-33.154 Y1.65 E0.02831
G1 X-32.57 Y0.684 E0.02745
G1 X-31.921 Y-.364 E0.02998
G1 X-31.276 Y-1.372 E0.02911
G1 X-30.61 Y-2.381 E0.0294
G1 X-29.924 Y-3.385 E0.02957
G1 X-29.261 Y-4.325 E0.02798
G1 F3600 E-1
G0 F12000 X-28.432 Y-4.75
;TYPE:WALL-OUTER
G1 F3600 E1
G1 F1719.5 X-39.75 Y-4.75 E0.27527
G1 X-39.749 Y4.749 E0.23103
G1 X-34.417 Y4.75 E0.12968
G1 X-33.942 Y3.877 E0.02417
G1 X-33.376 Y2.869 E0.02812
G1 X-32.79 Y1.87 E0.02817
G1 X-32.209 Y0.908 E0.02733
G1 X-31.563 Y-.135 E0.02984
G1 X-30.921 Y-1.138 E0.02896
G1 X-30.259 Y-2.142 E0.02925
G1 X-29.577 Y-3.141 E0.02942
G1 X-28.432 Y-4.75 E0.04803
G0 F12000 X-29.232 Y-4.75
G0 X-30.241 Y-3.575
G1 F3600 E-1
;MESH:NONMESH
G0 F600 X-30.241 Y-3.575 Z55.94
G0 F12000 X-30.267 Y-3.594
G0 X-33.781 Y-3.92
;TIME_ELAPSED:1472.320881
;LAYER:428
;note -- min layer time used
;TYPE:FILL
;MESH:bridge_3a.stl
G1 F3600 E1
G1 F1698.4 X-34.314 Y-2.994 E0.02599
G1 X-35.217 Y-2.049 E0.03179
G1 X-36.12 Y-1.437 E0.02653
G1 X-37.023 Y-1 E0.0244
G1 X-37.926 Y-.664 E0.02343
G1 X-38.829 Y-.418 E0.02276
G1 X-38.919 Y-.441 E0.00226
G1 X-38.92 Y2.503 E0.0716
G1 X-38.104 Y3.92 E0.03977
G1 F3600 E-1
G0 F12000 X-30.103 Y-3.979
G0 X-29.437 Y-4.325
;TYPE:WALL-INNER
G1 F3600 E1
G1 F1698.4 X-39.324 Y-4.324 E0.24047
G1 X-39.325 Y4.325 E0.21036
G1 X-34.832 Y4.325 E0.10928
G1 X-33.904 Y2.656 E0.04645
G1 X-33.318 Y1.651 E0.02829
G1 X-32.09 Y-.363 E0.05737
G1 X-31.447 Y-1.374 E0.02914
G1 X-30.779 Y-2.38 E0.02937
G1 X-30.061 Y-3.436 E0.03106
G1 X-29.437 Y-4.325 E0.02642
G1 F3600 E-1
G0 F12000 X-28.608 Y-4.75
;TYPE:WALL-OUTER
G1 F3600 E1
G1 F1698.4 X-39.749 Y-4.749 E0.27097
G1 X-39.75 Y4.75 E0.23103
G1 X-34.581 Y4.75 E0.12572
G1 X-33.537 Y2.87 E0.0523
G1 X-32.955 Y1.87 E0.02814
G1 X-31.731 Y-.135 E0.05713
G1 X-31.093 Y-1.139 E0.02893
G1 X-30.427 Y-2.141 E0.02926
G1 X-29.713 Y-3.192 E0.0309
G1 X-28.608 Y-4.75 E0.04646
G0 F12000 X-29.408 Y-4.75
G0 X-30.414 Y-3.575
G1 F3600 E-1
;MESH:NONMESH
G0 F600 X-30.414 Y-3.575 Z56.07
G0 F12000 X-30.439 Y-3.593
G0 X-33.817 Y-3.92
;TIME_ELAPSED:1475.681866
;LAYER:429
;note -- min layer time used
;TYPE:FILL
;MESH:bridge_3a.stl
G1 F3600 E1
G1 F1675.8 X-33.961 Y-3.612 E0.00827
G1 X-34.561 Y-2.709 E0.02637
G1 X-35.487 Y-1.806 E0.03146
G1 X-37.002 Y-.903 E0.0429
G1 X-38.863 Y0.00 E0.05031
G1 X-38.92 Y0.145 E0.00379
G1 X-38.92 Y2.087 E0.04723
G1 X-38.702 Y2.709 E0.01603
G1 X-38.278 Y3.612 E0.02426
G1 X-38.073 Y3.92 E0.009
G1 F3600 E-1
G0 F12000 X-30.276 Y-3.979
G0 X-29.608 Y-4.325
;TYPE:WALL-INNER
G1 F3600 E1
G1 F1675.8 X-39.324 Y-4.324 E0.23631
G1 X-39.325 Y4.325 E0.21036
G1 X-34.992 Y4.325 E0.10538
G1 X-34.068 Y2.656 E0.0464
G1 X-33.483 Y1.652 E0.02826
G1 X-32.879 Y0.646 E0.02854
G1 X-32.257 Y-.364 E0.02885
G1 X-31.564 Y-1.448 E0.03129
G1 X-30.951 Y-2.38 E0.02713
G1 X-30.265 Y-3.388 E0.02965
G1 X-29.608 Y-4.325 E0.02783
G1 F3600 E-1
G0 F12000 X-28.78 Y-4.75
;TYPE:WALL-OUTER
G1 F3600 E1
G1 F1675.8 X-39.749 Y-4.749 E0.26678
G1 X-39.75 Y4.75 E0.23103
G1 X-34.741 Y4.75 E0.12183
G1 X-33.701 Y2.87 E0.05225
G1 X-33.119 Y1.871 E0.02812
G1 X-32.517 Y0.868 E0.02845
G1 X-31.899 Y-.135 E0.02865
G1 X-31.209 Y-1.214 E0.03115
G1 X-30.599 Y-2.141 E0.02699
G1 X-29.917 Y-3.144 E0.0295
G1 X-29.215 Y-4.147 E0.02978
G1 X-28.78 Y-4.75 E0.01808
G0 F12000 X-29.58 Y-4.75
G0 X-30.587 Y-3.575
G1 F3600 E-1
;MESH:NONMESH
G0 F600 X-30.587 Y-3.575 Z56.2
G0 F12000 X-30.611 Y-3.593
G0 X-33.886 Y-3.92
;TIME_ELAPSED:1479.040477
;LAYER:430
;note -- min layer time used
;TYPE:FILL
;MESH:bridge_3a.stl
G1 F3600 E1
G1 F1653.3 X-34.016 Y-3.612 E0.00813
G1 X-34.575 Y-2.709 E0.02583
G1 X-35.438 Y-1.806 E0.03038
G1 X-36.797 Y-.903 E0.03968
G1 X-38.368 Y0.00 E0.04407
G1 X-38.919 Y0.903 E0.02573
G1 X-38.855 Y1.806 E0.02202
G1 X-38.605 Y2.709 E0.02279
G1 X-38.223 Y3.612 E0.02385
G1 X-38.032 Y3.92 E0.00881
G1 F3600 E-1
G0 F12000 X-30.449 Y-3.979
G0 X-29.785 Y-4.325
;TYPE:WALL-INNER
G1 F3600 E1
G1 F1653.3 X-39.325 Y-4.325 E0.23203
G1 X-39.325 Y4.325 E0.21038
G1 X-35.151 Y4.325 E0.10152
G1 X-34.232 Y2.657 E0.04632
G1 X-33.577 Y1.529 E0.03172
G1 X-32.425 Y-.364 E0.0539
G1 X-31.781 Y-1.371 E0.02907
G1 X-31.12 Y-2.379 E0.02932
G1 X-30.439 Y-3.386 E0.02957
G1 X-29.785 Y-4.325 E0.02783
G1 F3600 E-1
G0 F12000 X-28.956 Y-4.75
;TYPE:WALL-OUTER
G1 F3600 E1
G1 F1653.3 X-39.75 Y-4.75 E0.26253
G1 X-39.75 Y4.75 E0.23105
G1 X-34.9 Y4.75 E0.11796
G1 X-33.865 Y2.87 E0.0522
G1 X-33.214 Y1.75 E0.03151
G1 X-32.067 Y-.135 E0.05367
G1 X-31.426 Y-1.138 E0.02895
G1 X-30.768 Y-2.141 E0.02918
G1 X-30.09 Y-3.143 E0.02942
G1 X-29.391 Y-4.147 E0.02975
G1 X-28.956 Y-4.75 E0.01808
G0 F12000 X-29.756 Y-4.75
G0 X-30.956 Y-3.956
G1 F3600 E-1
;MESH:NONMESH
G0 F600 X-30.956 Y-3.956 Z56.33
G0 F12000 X-30.956 Y-3.925
G0 X-33.95 Y-3.92
;TIME_ELAPSED:1482.393422
;LAYER:431
;note -- min layer time used
;TYPE:FILL
;MESH:bridge_3a.stl
G1 F3600 E1
G1 F1631.7 X-34.065 Y-3.612 E0.008
G1 X-34.584 Y-2.709 E0.02533
G1 X-35.388 Y-1.806 E0.02941
G1 X-36.624 Y-.903 E0.03723
G1 X-38.028 Y0.00 E0.0406
G1 X-38.666 Y0.903 E0.02689
G1 X-38.704 Y1.806 E0.02198
G1 X-38.513 Y2.709 E0.02245
G1 X-38.174 Y3.612 E0.02346
G1 X-37.997 Y3.92 E0.00864
G1 F3600 E-1
G0 F12000 X-30.621 Y-3.979
G0 X-29.956 Y-4.325
;TYPE:WALL-INNER
G1 F3600 E1
G1 F1631.7 X-39.324 Y-4.324 E0.22784
G1 X-39.325 Y4.325 E0.21036
G1 X-35.315 Y4.325 E0.09753
G1 X-34.962 Y3.671 E0.01808
G1 X-34.396 Y2.656 E0.02827
G1 X-33.21 Y0.64 E0.05689
G1 X-32.57 Y-.395 E0.0296
G1 X-31.95 Y-1.369 E0.02808
G1 X-31.292 Y-2.378 E0.0293
G1 X-30.554 Y-3.471 E0.03208
G1 X-29.956 Y-4.325 E0.02536
G1 F3600 E-1
G0 F12000 X-29.13 Y-4.75
;TYPE:WALL-OUTER
G1 F3600 E1
G1 F1631.7 X-39.749 Y-4.749 E0.25827
G1 X-39.75 Y4.75 E0.23103
G1 X-35.062 Y4.75 E0.11402
G1 X-34.591 Y3.878 E0.0241
G1 X-34.029 Y2.87 E0.02807
G1 X-32.849 Y0.864 E0.0566
G1 X-32.211 Y-.167 E0.02949
G1 X-31.594 Y-1.137 E0.02796
G1 X-30.94 Y-2.14 E0.02912
G1 X-30.205 Y-3.228 E0.03193
G1 X-29.564 Y-4.146 E0.02723
G1 X-29.13 Y-4.75 E0.01809
G0 F12000 X-29.93 Y-4.75
G0 X-30.932 Y-3.575
G1 F3600 E-1
;MESH:NONMESH
G0 F600 X-30.932 Y-3.575 Z56.46
G0 F12000 X-30.954 Y-3.591
G0 X-34.008 Y-3.92
;TIME_ELAPSED:1485.752035
;LAYER:432
;note -- min layer time used
;TYPE:FILL
;MESH:bridge_3a.stl
G1 F3600 E1
G1 F1612.7 X-34.11 Y-3.612 E0.00789
G1 X-34.588 Y-2.709 E0.02485
G1 X-35.337 Y-1.806 E0.02853
G1 X-36.471 Y-.903 E0.03526
G1 X-37.759 Y0.00 E0.03826
G1 X-38.444 Y0.903 E0.02757
G1 X-38.563 Y1.806 E0.02215
G1 X-38.427 Y2.709 E0.02221
G1 X-38.129 Y3.612 E0.02313
G1 X-37.966 Y3.92 E0.00848
G1 F3600 E-1
G0 F12000 X-30.792 Y-3.979
G0 X-30.129 Y-4.325
;TYPE:WALL-INNER
G1 F3600 E1
G1 F1612.7 X-39.325 Y-4.325 E0.22366
G1 X-39.325 Y4.325 E0.21038
G1 X-35.475 Y4.325 E0.09364
G1 X-34.585 Y2.705 E0.04496
G1 X-33.977 Y1.655 E0.02951
G1 X-33.376 Y0.642 E0.02865
G1 X-32.758 Y-.363 E0.02869
G1 X-32.118 Y-1.369 E0.029
G1 X-31.461 Y-2.377 E0.02926
G1 X-30.783 Y-3.386 E0.02957
G1 X-30.129 Y-4.325 E0.02783
G1 F3600 E-1
G0 F12000 X-29.302 Y-4.75
;TYPE:WALL-OUTER
G1 F3600 E1
G1 F1612.7 X-39.75 Y-4.75 E0.25411
G1 X-39.75 Y4.75 E0.23105
G1 X-35.222 Y4.75 E0.11013
G1 X-34.751 Y3.878 E0.0241
G1 X-34.217 Y2.918 E0.02672
G1 X-33.014 Y0.865 E0.05787
G1 X-32.399 Y-.135 E0.02855
G1 X-31.762 Y-1.137 E0.02888
G1 X-31.108 Y-2.14 E0.02912
G1 X-30.434 Y-3.143 E0.02939
G1 X-29.736 Y-4.146 E0.02972
G1 X-29.302 Y-4.75 E0.01809
G0 F12000 X-30.102 Y-4.75
G0 X-31.102 Y-3.575
G1 F3600 E-1
;MESH:NONMESH
G0 F600 X-31.102 Y-3.575 Z56.59
G0 F12000 X-31.125 Y-3.591
G0 X-34.061 Y-3.92
;TIME_ELAPSED:1489.109024
;LAYER:433
;note -- min layer time used
;TYPE:FILL
;MESH:bridge_3a.stl
G1 F3600 E1
G1 F1593.7 X-34.149 Y-3.612 E0.00779
G1 X-34.588 Y-2.709 E0.02442
G1 X-35.284 Y-1.806 E0.02773
G1 X-36.333 Y-.903 E0.03366
G1 X-37.532 Y0.00 E0.03651
G1 X-38.245 Y0.903 E0.02798
G1 X-38.432 Y1.806 E0.02243
G1 X-38.347 Y2.709 E0.02206
G1 X-38.09 Y3.612 E0.02283
G1 X-37.94 Y3.92 E0.00833
G1 F3600 E-1
G0 F12000 X-30.963 Y-3.979
G0 X-30.303 Y-4.326
;TYPE:WALL-INNER
G1 F3600 E1
G1 F1593.7 X-39.324 Y-4.324 E0.2194
G1 X-39.325 Y4.325 E0.21036
G1 X-35.635 Y4.325 E0.08975
G1 X-34.721 Y2.663 E0.04613
G1 X-33.543 Y0.64 E0.05694
G1 X-32.288 Y-1.372 E0.05767
G1 X-30.953 Y-3.383 E0.05871
G1 X-30.303 Y-4.326 E0.02786
G1 F3600 E-1
G0 F12000 X-29.478 Y-4.75
;TYPE:WALL-OUTER
G1 F3600 E1
G1 F1593.7 X-39.749 Y-4.749 E0.24981
G1 X-39.75 Y4.75 E0.23103
G1 X-35.382 Y4.75 E0.10624
G1 X-34.911 Y3.878 E0.0241
G1 X-34.353 Y2.875 E0.02792
G1 X-33.776 Y1.873 E0.02812
G1 X-33.181 Y0.864 E0.02849
G1 X-31.933 Y-1.138 E0.05738
G1 X-30.602 Y-3.142 E0.05851
G1 X-29.912 Y-4.146 E0.02963
G1 X-29.478 Y-4.75 E0.01809
G0 F12000 X-30.278 Y-4.75
G0 X-31.273 Y-3.575
G1 F3600 E-1
;MESH:NONMESH
G0 F600 X-31.273 Y-3.575 Z56.72
G0 F12000 X-31.295 Y-3.591
G0 X-34.109 Y-3.921
;TIME_ELAPSED:1492.465306
;LAYER:434
;note -- min layer time used
;TYPE:FILL
;MESH:bridge_3a.stl
G1 F3600 E1
G1 F1575.6 X-34.184 Y-3.612 E0.00773
G1 X-34.584 Y-2.709 E0.02402
G1 X-35.23 Y-1.806 E0.027
G1 X-36.204 Y-.903 E0.0323
G1 X-37.332 Y0.00 E0.03514
G1 X-38.065 Y0.903 E0.02829
G1 X-38.309 Y1.806 E0.02275
G1 X-38.273 Y2.709 E0.02198
G1 X-38.055 Y3.612 E0.02259
G1 X-37.919 Y3.92 E0.00819
G1 F3600 E-1
G0 F12000 X-31.135 Y-3.979
G0 X-30.475 Y-4.326
;TYPE:WALL-INNER
G1 F3600 E1
G1 F1575.6 X-39.325 Y-4.325 E0.21525
G1 X-39.325 Y4.325 E0.21038
G1 X-35.797 Y4.325 E0.08581
G1 X-35.444 Y3.667 E0.01816
G1 X-34.305 Y1.655 E0.05623
G1 X-33.573 Y0.422 E0.03487
G1 X-32.453 Y-1.37 E0.0514
G1 X-31.125 Y-3.383 E0.05865
G1 X-30.475 Y-4.326 E0.02786
G1 F3600 E-1
G0 F12000 X-29.653 Y-4.75
;TYPE:WALL-OUTER
G1 F3600 E1
G1 F1575.6 X-39.75 Y-4.75 E0.24557
G1 X-39.75 Y4.75 E0.23105
G1 X-35.542 Y4.75 E0.10234
G1 X-35.074 Y3.876 E0.02411
G1 X-33.94 Y1.872 E0.056
G1 X-33.213 Y0.647 E0.03465
G1 X-32.098 Y-1.137 E0.05117
G1 X-30.774 Y-3.142 E0.05844
G1 X-30.084 Y-4.145 E0.02961
G1 X-29.653 Y-4.75 E0.01807
G0 F12000 X-30.453 Y-4.75
G0 X-31.445 Y-3.575
G1 F3600 E-1
;MESH:NONMESH
G0 F600 X-31.445 Y-3.575 Z56.85
G0 F12000 X-31.467 Y-3.59
G0 X-34.153 Y-3.921
;TIME_ELAPSED:1495.820995
;LAYER:435
;note -- min layer time used
;TYPE:FILL
;MESH:bridge_3a.stl
G1 F3600 E1
G1 F1558.1 X-34.214 Y-3.612 E0.00766
G1 X-34.575 Y-2.709 E0.02365
G1 X-35.174 Y-1.806 E0.02635
G1 X-36.083 Y-.903 E0.03116
G1 X-37.152 Y0.00 E0.03403
G1 X-37.9 Y0.903 E0.02852
G1 X-38.194 Y1.806 E0.0231
G1 X-38.204 Y2.709 E0.02196
G1 X-38.025 Y3.612 E0.02239
G1 X-37.902 Y3.92 E0.00807
G1 F3600 E-1
G0 F12000 X-31.308 Y-3.979
G0 X-30.647 Y-4.326
;TYPE:WALL-INNER
G1 F3600 E1
G1 F1558.1 X-39.325 Y-4.325 E0.21106
G1 X-39.325 Y4.325 E0.21038
G1 X-35.956 Y4.325 E0.08194
G1 X-35.621 Y3.7 E0.01725
G1 X-34.47 Y1.657 E0.05703
G1 X-33.872 Y0.642 E0.02865
G1 X-32.588 Y-1.424 E0.05916
G1 X-31.297 Y-3.383 E0.05706
G1 X-30.647 Y-4.326 E0.02786
G1 F3600 E-1
G0 F12000 X-29.828 Y-4.749
;TYPE:WALL-OUTER
G1 F3600 E1
G1 F1558.1 X-39.75 Y-4.75 E0.24132
G1 X-39.75 Y4.75 E0.23105
G1 X-35.702 Y4.75 E0.09845
G1 X-35.25 Y3.909 E0.02322
G1 X-34.104 Y1.872 E0.05685
G1 X-33.509 Y0.865 E0.02845
G1 X-32.233 Y-1.19 E0.05883
G1 X-30.946 Y-3.142 E0.05687
G1 X-30.257 Y-4.145 E0.0296
G1 X-29.828 Y-4.749 E0.01802
G0 F12000 X-30.628 Y-4.749
G0 X-31.618 Y-3.575
G1 F3600 E-1
;MESH:NONMESH
G0 F600 X-31.618 Y-3.575 Z56.98
G0 F12000 X-31.64 Y-3.59
G0 X-34.192 Y-3.92
;TIME_ELAPSED:1499.176020
;LAYER:436
;note -- min layer time used
;TYPE:FILL
;MESH:bridge_3a.stl
G1 F3600 E1
G1 F1541.2 X-34.24 Y-3.612 E0.00758
G1 X-34.563 Y-2.709 E0.02333
G1 X-35.117 Y-1.806 E0.02577
G1 X-35.967 Y-.903 E0.03016
G1 X-36.987 Y0.00 E0.03313
G1 X-37.748 Y0.903 E0.02872
G1 X-38.087 Y1.806 E0.02346
G1 X-38.139 Y2.709 E0.022
G1 X-37.999 Y3.612 E0.02222
G1 X-37.889 Y3.92 E0.00795
G1 F3600 E-1
G0 F12000 X-31.48 Y-3.979
G0 X-30.818 Y-4.325
;TYPE:WALL-INNER
G1 F3600 E1
G1 F1541.2 X-39.325 Y-4.325 E0.2069
G1 X-39.325 Y4.325 E0.21038
G1 X-36.117 Y4.325 E0.07802
G1 X-35.767 Y3.668 E0.01811
G1 X-35.195 Y2.637 E0.02868
G1 X-34.581 Y1.564 E0.03007
G1 X-34.037 Y0.644 E0.02599
G1 X-33.424 Y-.36 E0.02861
G1 X-32.791 Y-1.368 E0.02895
G1 X-32.139 Y-2.374 E0.02916
G1 X-31.468 Y-3.384 E0.02949
G1 X-30.818 Y-4.325 E0.02782
G1 F3600 E-1
G0 F12000 X-29.999 Y-4.75
;TYPE:WALL-OUTER
G1 F3600 E1
G1 F1541.2 X-39.75 Y-4.75 E0.23716
G1 X-39.75 Y4.75 E0.23105
G1 X-35.862 Y4.75 E0.09456
G1 X-35.395 Y3.874 E0.02414
G1 X-34.826 Y2.847 E0.02856
G1 X-34.216 Y1.78 E0.02989
G1 X-33.674 Y0.865 E0.02587
G1 X-33.064 Y-.133 E0.02845
G1 X-32.434 Y-1.136 E0.02881
G1 X-31.785 Y-2.139 E0.02906
G1 X-31.118 Y-3.143 E0.02932
G1 X-29.999 Y-4.75 E0.04763
G0 F12000 X-30.799 Y-4.75
G0 X-31.79 Y-3.575
G1 F3600 E-1
;MESH:NONMESH
G0 F600 X-31.79 Y-3.575 Z57.11
G0 F12000 X-31.811 Y-3.59
G0 X-34.227 Y-3.92
;TIME_ELAPSED:1502.530456
;LAYER:437
;note -- min layer time used
;TYPE:FILL
;MESH:bridge_3a.stl
G1 F3600 E1
G1 F1524.7 X-34.262 Y-3.612 E0.00754
G1 X-34.547 Y-2.709 E0.02303
G1 X-35.057 Y-1.806 E0.02522
G1 X-35.854 Y-.903 E0.02929
G1 X-36.834 Y0.00 E0.03241
G1 X-37.605 Y0.903 E0.02888
G1 X-37.985 Y1.806 E0.02383
G1 X-38.079 Y2.709 E0.02208
G1 X-37.977 Y3.612 E0.0221
G1 X-37.88 Y3.92 E0.00785
G1 F3600 E-1
G0 F12000 X-31.651 Y-3.979
G0 X-30.99 Y-4.325
;TYPE:WALL-INNER
G1 F3600 E1
G1 F1524.7 X-39.325 Y-4.325 E0.20272
G1 X-39.325 Y4.325 E0.21038
G1 X-36.277 Y4.325 E0.07413
G1 X-35.927 Y3.668 E0.01811
G1 X-35.354 Y2.636 E0.02871
G1 X-34.794 Y1.657 E0.02743
G1 X-34.202 Y0.65 E0.02841
G1 X-33.621 Y-.311 E0.02731
G1 X-32.958 Y-1.369 E0.03037
G1 X-31.556 Y-3.504 E0.06212
G1 X-30.99 Y-4.325 E0.02425
G1 F3600 E-1
G0 F12000 X-30.171 Y-4.75
;TYPE:WALL-OUTER
G1 F3600 E1
G1 F1524.7 X-39.75 Y-4.75 E0.23298
G1 X-39.75 Y4.75 E0.23105
G1 X-36.022 Y4.75 E0.09067
G1 X-35.555 Y3.874 E0.02414
G1 X-34.985 Y2.847 E0.02857
G1 X-34.428 Y1.873 E0.02729
G1 X-33.838 Y0.87 E0.0283
G1 X-33.26 Y-0.085 E0.02715
G1 X-32.602 Y-1.137 E0.03018
G1 X-31.206 Y-3.262 E0.06184
G1 X-30.171 Y-4.75 E0.04408
G0 F12000 X-30.971 Y-4.75
G0 X-31.961 Y-3.575
G1 F3600 E-1
;MESH:NONMESH
G0 F600 X-31.961 Y-3.575 Z57.24
G0 F12000 X-31.981 Y-3.588
G0 X-34.258 Y-3.92
;TIME_ELAPSED:1505.884119
;LAYER:438
;note -- min layer time used
;TYPE:FILL
;MESH:bridge_3a.stl
G1 F3600 E1
G1 F1508.5 X-34.28 Y-3.612 E0.00751
G1 X-34.527 Y-2.709 E0.02277
G1 X-34.995 Y-1.806 E0.02474
G1 X-35.744 Y-.903 E0.02853
G1 X-36.688 Y0.00 E0.03177
G1 X-37.47 Y0.903 E0.02905
G1 X-37.889 Y1.806 E0.02421
G1 X-38.024 Y2.709 E0.02221
G1 X-37.959 Y3.612 E0.02202
G1 X-37.875 Y3.92 E0.00776
G1 F3600 E-1
G0 F12000 X-31.82 Y-3.979
G0 X-31.161 Y-4.325
;TYPE:WALL-INNER
G1 F3600 E1
G1 F1508.5 X-39.325 Y-4.325 E0.19856
G1 X-39.325 Y4.325 E0.21038
G1 X-36.437 Y4.325 E0.07024
G1 X-36.087 Y3.668 E0.01811
G1 X-34.959 Y1.659 E0.05604
G1 X-34.367 Y0.645 E0.02856
G1 X-33.127 Y-1.367 E0.05748
G1 X-32.48 Y-2.369 E0.02901
G1 X-31.809 Y-3.383 E0.02957
G1 X-31.161 Y-4.325 E0.02781
G1 F3600 E-1
G0 F12000 X-30.343 Y-4.75
;TYPE:WALL-OUTER
G1 F3600 E1
G1 F1508.5 X-39.75 Y-4.75 E0.22879
G1 X-39.75 Y4.75 E0.23105
G1 X-36.182 Y4.75 E0.08678
G1 X-35.715 Y3.874 E0.02414
G1 X-35.162 Y2.876 E0.02775
G1 X-34.592 Y1.873 E0.02806
G1 X-34.005 Y0.868 E0.02831
G1 X-32.77 Y-1.136 E0.05725
G1 X-32.125 Y-2.134 E0.0289
G1 X-31.459 Y-3.142 E0.02938
G1 X-30.773 Y-4.141 E0.02947
G1 X-30.343 Y-4.75 E0.01813
G0 F12000 X-31.143 Y-4.75
G0 X-32.13 Y-3.575
G1 F3600 E-1
;MESH:NONMESH
G0 F600 X-32.13 Y-3.575 Z57.37
G0 F12000 X-32.15 Y-3.589
G0 X-34.284 Y-3.92
;TIME_ELAPSED:1509.236920
;LAYER:439
;note -- min layer time used
;TYPE:FILL
;MESH:bridge_3a.stl
G1 F3600 E1
G1 F1492.6 X-34.294 Y-3.612 E0.00749
G1 X-34.504 Y-2.709 E0.02255
G1 X-34.931 Y-1.806 E0.02429
G1 X-35.635 Y-.903 E0.02785
G1 X-36.549 Y0.00 E0.03125
G1 X-37.342 Y0.903 E0.02923
G1 X-37.799 Y1.806 E0.02461
G1 X-37.973 Y2.709 E0.02237
G1 X-37.945 Y3.612 E0.02197
G1 X-37.873 Y3.92 E0.00769
G1 F3600 E-1
G0 F12000 X-31.992 Y-3.979
G0 X-31.333 Y-4.325
;TYPE:WALL-INNER
G1 F3600 E1
G1 F1492.6 X-39.324 Y-4.324 E0.19435
G1 X-39.325 Y4.325 E0.21036
G1 X-36.599 Y4.325 E0.0663
G1 X-36.249 Y3.665 E0.01817
G1 X-35.123 Y1.659 E0.05595
G1 X-34.578 Y0.726 E0.02628
G1 X-33.296 Y-1.367 E0.0597
G1 X-32.562 Y-2.502 E0.03287
G1 X-31.978 Y-3.381 E0.02567
G1 X-31.333 Y-4.325 E0.02781
G1 F3600 E-1
G0 F12000 X-30.517 Y-4.75
;TYPE:WALL-OUTER
G1 F3600 E1
G1 F1492.6 X-39.749 Y-4.749 E0.22454
G1 X-39.75 Y4.75 E0.23103
G1 X-36.343 Y4.75 E0.08286
G1 X-35.879 Y3.873 E0.02413
G1 X-34.756 Y1.873 E0.05579
G1 X-34.214 Y0.946 E0.02612
G1 X-33.561 Y-.132 E0.03065
G1 X-32.939 Y-1.136 E0.02873
G1 X-32.209 Y-2.267 E0.03274
G1 X-31.627 Y-3.141 E0.02554
G1 X-30.517 Y-4.75 E0.04754
G0 F12000 X-31.317 Y-4.75
G0 X-32.301 Y-3.575
G1 F3600 E-1
;MESH:NONMESH
G0 F600 X-32.301 Y-3.575 Z57.5
G0 F12000 X-32.321 Y-3.589
G0 X-34.307 Y-3.92
;TIME_ELAPSED:1512.588813
;LAYER:440
;note -- min layer time used
;TYPE:FILL
;MESH:bridge_3a.stl
G1 F3600 E1
G1 F1477.1 X-34.304 Y-3.612 E0.00749
G1 X-34.477 Y-2.709 E0.02236
G1 X-34.865 Y-1.806 E0.0239
G1 X-35.526 Y-.903 E0.02722
G1 X-36.414 Y0.00 E0.0308
G1 X-37.22 Y0.903 E0.02944
G1 X-37.713 Y1.806 E0.02502
G1 X-37.926 Y2.709 E0.02257
G1 X-37.935 Y3.612 E0.02196
G1 X-37.876 Y3.92 E0.00763
G1 F3600 E-1
G0 F12000 X-32.164 Y-3.979
G0 X-31.507 Y-4.325
;TYPE:WALL-INNER
G1 F3600 E1
G1 F1477.1 X-39.325 Y-4.325 E0.19015
G1 X-39.325 Y4.325 E0.21038
G1 X-36.759 Y4.325 E0.06241
G1 X-36.41 Y3.666 E0.01814
G1 X-35.287 Y1.658 E0.05596
G1 X-34.575 Y0.446 E0.03419
G1 X-33.461 Y-1.364 E0.05169
G1 X-32.816 Y-2.373 E0.02913
G1 X-32.151 Y-3.379 E0.02933
G1 X-31.507 Y-4.325 E0.02783
G1 F3600 E-1
G0 F12000 X-30.689 Y-4.75
;TYPE:WALL-OUTER
G1 F3600 E1
G1 F1477.1 X-39.75 Y-4.75 E0.22038
G1 X-39.75 Y4.75 E0.23105
G1 X-36.503 Y4.75 E0.07897
G1 X-36.039 Y3.873 E0.02413
G1 X-34.92 Y1.873 E0.05574
G1 X-34.213 Y0.668 E0.03398
G1 X-33.103 Y-1.135 E0.0515
G1 X-32.461 Y-2.138 E0.02896
G1 X-31.799 Y-3.141 E0.02923
G1 X-31.205 Y-4.016 E0.02572
G1 X-30.689 Y-4.75 E0.02182
G0 F12000 X-31.489 Y-4.75
G0 X-32.473 Y-3.575
G1 F3600 E-1
;MESH:NONMESH
G0 F600 X-32.473 Y-3.575 Z57.63
G0 F12000 X-32.492 Y-3.589
G0 X-34.326 Y-3.92
;TIME_ELAPSED:1515.939703
;LAYER:441
;note -- min layer time used
;TYPE:FILL
;MESH:bridge_3a.stl
G1 F3600 E1
G1 F1461.8 X-34.311 Y-3.612 E0.0075
G1 X-34.447 Y-2.709 E0.02221
G1 X-34.795 Y-1.806 E0.02354
G1 X-35.417 Y-.903 E0.02667
G1 X-36.282 Y0.00 E0.03041
G1 X-37.102 Y0.903 E0.02967
G1 X-37.631 Y1.806 E0.02545
G1 X-37.883 Y2.709 E0.0228
G1 X-37.928 Y3.612 E0.02199
G1 X-37.882 Y3.92 E0.00757
G1 F3600 E-1
G0 F12000 X-32.334 Y-3.979
G0 X-31.68 Y-4.325
;TYPE:WALL-INNER
G1 F3600 E1
G1 F1461.8 X-39.325 Y-4.325 E0.18594
G1 X-39.325 Y4.325 E0.21038
G1 X-36.918 Y4.325 E0.05854
G1 X-36.591 Y3.708 E0.01698
G1 X-35.451 Y1.659 E0.05703
G1 X-34.862 Y0.65 E0.02842
G1 X-34.254 Y-.356 E0.02859
G1 X-33.569 Y-1.461 E0.03162
G1 X-32.323 Y-3.38 E0.05565
G1 X-31.68 Y-4.325 E0.0278
G1 F3600 E-1
G0 F12000 X-30.865 Y-4.75
;TYPE:WALL-OUTER
G1 F3600 E1
G1 F1461.8 X-39.75 Y-4.75 E0.2161
G1 X-39.75 Y4.75 E0.23105
G1 X-36.663 Y4.75 E0.07508
G1 X-36.219 Y3.914 E0.02302
G1 X-35.084 Y1.873 E0.0568
G1 X-34.499 Y0.87 E0.02824
G1 X-33.893 Y-.132 E0.02848
G1 X-33.211 Y-1.232 E0.03148
G1 X-31.971 Y-3.141 E0.05536
G1 X-31.289 Y-4.144 E0.0295
G1 X-30.865 Y-4.75 E0.01799
G0 F12000 X-31.665 Y-4.75
G0 X-32.643 Y-3.575
G1 F3600 E-1
;MESH:NONMESH
G0 F600 X-32.643 Y-3.575 Z57.76
G0 F12000 X-32.662 Y-3.588
G0 X-34.341 Y-3.92
;TIME_ELAPSED:1519.289419
;LAYER:442
;note -- min layer time used
;TYPE:FILL
;MESH:bridge_3a.stl
G1 F3600 E1
G1 F1447.1 X-34.313 Y-3.612 E0.00752
G1 X-34.413 Y-2.709 E0.0221
G1 X-34.723 Y-1.806 E0.02322
G1 X-35.307 Y-.903 E0.02616
G1 X-36.988 Y0.903 E0.06001
G1 X-37.553 Y1.806 E0.02591
G1 X-37.844 Y2.709 E0.02307
G1 X-37.926 Y3.612 E0.02205
G1 X-37.892 Y3.92 E0.00754
G1 F3600 E-1
G0 F12000 X-32.504 Y-3.979
G0 X-31.848 Y-4.325
;TYPE:WALL-INNER
G1 F3600 E1
G1 F1447.1 X-39.325 Y-4.325 E0.18185
G1 X-39.325 Y4.325 E0.21038
G1 X-37.078 Y4.325 E0.05465
G1 X-36.181 Y2.669 E0.04581
G1 X-35.612 Y1.656 E0.02826
G1 X-35.027 Y0.651 E0.02828
G1 X-34.384 Y-.416 E0.0303
G1 X-33.153 Y-2.371 E0.05619
G1 X-32.491 Y-3.38 E0.02935
G1 X-31.848 Y-4.325 E0.0278
G1 F3600 E-1
G0 F12000 X-31.035 Y-4.75
;TYPE:WALL-OUTER
G1 F3600 E1
G1 F1447.1 X-39.75 Y-4.75 E0.21196
G1 X-39.75 Y4.75 E0.23105
G1 X-36.823 Y4.75 E0.07119
G1 X-36.317 Y3.8 E0.02618
G1 X-35.245 Y1.87 E0.0537
G1 X-34.663 Y0.871 E0.02812
G1 X-34.024 Y-.19 E0.03012
G1 X-32.797 Y-2.138 E0.05599
G1 X-32.139 Y-3.141 E0.02918
G1 X-31.035 Y-4.75 E0.04746
G0 F12000 X-31.835 Y-4.75
G0 X-32.813 Y-3.575
G1 F3600 E-1
;MESH:NONMESH
G0 F600 X-32.813 Y-3.575 Z57.89
G0 F12000 X-32.832 Y-3.588
G0 X-34.353 Y-3.92
;TIME_ELAPSED:1522.637991
;LAYER:443
;note -- min layer time used
;TYPE:FILL
;MESH:bridge_3a.stl
G1 F3600 E1
G1 F1432.4 X-34.312 Y-3.612 E0.00756
G1 X-34.376 Y-2.709 E0.02202
G1 X-34.647 Y-1.806 E0.02293
G1 X-35.194 Y-.903 E0.02568
G1 X-36.021 Y0.00 E0.02978
G1 X-36.876 Y0.903 E0.03025
G1 X-37.479 Y1.806 E0.02641
G1 X-37.808 Y2.709 E0.02337
G1 X-37.927 Y3.612 E0.02215
G1 X-37.905 Y3.92 E0.00751
G1 F3600 E-1
G0 F12000 X-32.675 Y-3.979
G0 X-32.02 Y-4.325
;TYPE:WALL-INNER
G1 F3600 E1
G1 F1432.4 X-39.325 Y-4.324 E0.17767
G1 X-39.324 Y4.324 E0.21033
G1 X-37.238 Y4.325 E0.05073
G1 X-36.877 Y3.647 E0.01868
G1 X-35.776 Y1.656 E0.05533
G1 X-35.191 Y0.651 E0.02828
G1 X-34.568 Y-.383 E0.02936
G1 X-33.324 Y-2.373 E0.05708
G1 X-32.66 Y-3.379 E0.02932
G1 X-32.02 Y-4.325 E0.02778
G1 F3600 E-1
G0 F12000 X-31.207 Y-4.75
;TYPE:WALL-OUTER
G1 F3600 E1
G1 F1432.4 X-39.75 Y-4.749 E0.20778
G1 X-39.749 Y4.749 E0.23101
G1 X-36.983 Y4.75 E0.06727
G1 X-36.505 Y3.851 E0.02476
G1 X-35.409 Y1.87 E0.05506
G1 X-34.827 Y0.871 E0.02812
G1 X-34.208 Y-.158 E0.02921
G1 X-32.969 Y-2.138 E0.05681
G1 X-32.308 Y-3.141 E0.02922
G1 X-31.63 Y-4.143 E0.02942
G1 X-31.207 Y-4.75 E0.01799
G0 F12000 X-32.007 Y-4.75
G0 X-32.984 Y-3.575
G1 F3600 E-1
;MESH:NONMESH
G0 F600 X-32.984 Y-3.575 Z58.02
G0 F12000 X-33.002 Y-3.587
G0 X-34.361 Y-3.92
;TIME_ELAPSED:1525.985247
;LAYER:444
;note -- min layer time used
;TYPE:FILL
;MESH:bridge_3a.stl
G1 F3600 E1
G1 F1418.3 X-34.308 Y-3.612 E0.0076
G1 X-34.335 Y-2.709 E0.02197
G1 X-34.567 Y-1.806 E0.02268
G1 X-35.078 Y-.903 E0.02523
G1 X-35.89 Y0.00 E0.02954
G1 X-36.766 Y0.903 E0.0306
G1 X-37.408 Y1.806 E0.02695
G1 X-37.776 Y2.709 E0.02372
G1 X-37.931 Y3.612 E0.02228
G1 X-37.922 Y3.92 E0.00749
G1 F3600 E-1
G0 F12000 X-32.845 Y-3.979
G0 X-32.191 Y-4.325
;TYPE:WALL-INNER
G1 F3600 E1
G1 F1418.3 X-39.325 Y-4.325 E0.17351
G1 X-39.325 Y4.325 E0.21038
G1 X-37.396 Y4.325 E0.04692
G1 X-36.505 Y2.669 E0.04574
G1 X-35.937 Y1.658 E0.0282
G1 X-35.355 Y0.652 E0.02827
G1 X-34.751 Y-.355 E0.02856
G1 X-33.492 Y-2.373 E0.05785
G1 X-32.191 Y-4.325 E0.05705
G1 F3600 E-1
G0 F12000 X-31.379 Y-4.75
;TYPE:WALL-OUTER
G1 F3600 E1
G1 F1418.3 X-39.75 Y-4.75 E0.2036
G1 X-39.75 Y4.75 E0.23105
G1 X-37.142 Y4.75 E0.06343
G1 X-36.134 Y2.877 E0.05173
G1 X-35.569 Y1.87 E0.02808
G1 X-34.991 Y0.871 E0.02807
G1 X-34.389 Y-.132 E0.02845
G1 X-33.137 Y-2.138 E0.05751
G1 X-31.802 Y-4.143 E0.05859
G1 X-31.379 Y-4.75 E0.01799
G0 F12000 X-32.179 Y-4.75
G0 X-33.154 Y-3.575
G1 F3600 E-1
;MESH:NONMESH
G0 F600 X-33.154 Y-3.575 Z58.15
G0 F12000 X-33.172 Y-3.587
G0 X-34.365 Y-3.919
;TIME_ELAPSED:1529.331024
;LAYER:445
;note -- min layer time used
;TYPE:FILL
;MESH:bridge_3a.stl
G1 F3600 E1
G1 F1404 X-34.3 Y-3.612 E0.00763
G1 X-34.29 Y-2.709 E0.02196
G1 X-34.477 Y-1.833 E0.02179
G1 X-35.272 Y-.548 E0.03675
G1 X-35.757 Y0.00 E0.0178
G1 X-36.657 Y0.903 E0.03101
G1 X-37.34 Y1.806 E0.02754
G1 X-37.748 Y2.709 E0.0241
G1 X-37.939 Y3.612 E0.02245
G1 X-37.942 Y3.92 E0.00749
G1 F3600 E-1
G0 F12000 X-36.992 Y2.373
G0 X-33.016 Y-3.978
G0 X-32.364 Y-4.324
;TYPE:WALL-INNER
G1 F3600 E1
G1 F1404 X-39.325 Y-4.325 E0.1693
G1 X-39.325 Y4.325 E0.21038
G1 X-37.556 Y4.325 E0.04302
G1 X-37.199 Y3.645 E0.01868
G1 X-36.101 Y1.663 E0.05511
G1 X-35.519 Y0.652 E0.02837
G1 X-34.916 Y-.354 E0.02853
G1 X-34.299 Y-1.357 E0.02864
G1 X-33.562 Y-2.522 E0.03353
G1 X-32.364 Y-4.324 E0.05263
G1 F3600 E-1
G0 F12000 X-31.552 Y-4.75
;TYPE:WALL-OUTER
G1 F3600 E1
G1 F1404 X-39.75 Y-4.75 E0.19939
G1 X-39.75 Y4.75 E0.23105
G1 X-37.3 Y4.75 E0.05959
G1 X-36.827 Y3.85 E0.02473
G1 X-35.733 Y1.875 E0.05491
G1 X-35.155 Y0.871 E0.02818
G1 X-34.554 Y-.131 E0.02842
G1 X-33.94 Y-1.13 E0.02852
G1 X-33.209 Y-2.287 E0.03329
G1 X-31.974 Y-4.143 E0.05422
G1 X-31.552 Y-4.75 E0.01798
G0 F12000 X-32.352 Y-4.75
G0 X-33.325 Y-3.575
G1 F3600 E-1
;MESH:NONMESH
G0 F600 X-33.325 Y-3.575 Z58.28
G0 F12000 X-33.337 Y-3.594
G0 X-34.365 Y-3.919
;TIME_ELAPSED:1532.675197
;LAYER:446
;note -- min layer time used
;TYPE:FILL
;MESH:bridge_3a.stl
G1 F3600 E1
G1 F1388.9 X-34.287 Y-3.612 E0.0077
G1 X-34.241 Y-2.709 E0.02199
G1 X-34.296 Y-2.389 E0.0079
G1 X-34.813 Y-1.566 E0.02364
G1 X-35.968 Y0.339 E0.05418
G1 X-36.549 Y0.903 E0.01969
G1 X-37.275 Y1.806 E0.02818
G1 X-37.723 Y2.709 E0.02452
G1 X-37.952 Y3.612 E0.02266
G1 X-37.968 Y3.92 E0.0075
G1 F3600 E-1
G0 F12000 X-35.369 Y-.498
G0 X-33.186 Y-3.978
G0 X-32.535 Y-4.325
;TYPE:WALL-INNER
G1 F3600 E1
G1 F1388.9 X-39.324 Y-4.324 E0.16512
G1 X-39.325 Y4.325 E0.21036
G1 X-37.716 Y4.325 E0.03913
G1 X-37.362 Y3.649 E0.01856
G1 X-36.83 Y2.671 E0.02708
G1 X-36.264 Y1.657 E0.02824
G1 X-35.578 Y0.473 E0.03328
G1 X-34.468 Y-1.356 E0.05204
G1 X-33.828 Y-2.373 E0.02923
G1 X-32.535 Y-4.325 E0.05695
G1 F3600 E-1
G0 F12000 X-31.724 Y-4.75
;TYPE:WALL-OUTER
G1 F3600 E1
G1 F1388.9 X-39.749 Y-4.749 E0.19518
G1 X-39.75 Y4.75 E0.23103
G1 X-37.46 Y4.75 E0.0557
G1 X-36.988 Y3.852 E0.02467
G1 X-36.459 Y2.878 E0.02696
G1 X-35.897 Y1.87 E0.02807
G1 X-35.214 Y0.694 E0.03308
G1 X-34.108 Y-1.13 E0.05188
G1 X-33.473 Y-2.138 E0.02898
G1 X-32.206 Y-4.055 E0.05589
G1 X-31.724 Y-4.75 E0.02057
G0 F12000 X-32.524 Y-4.75
G0 X-33.495 Y-3.575
G1 F3600 E-1
;MESH:NONMESH
G0 F600 X-33.495 Y-3.575 Z58.41
G0 F12000 X-34.362 Y-3.92
;TIME_ELAPSED:1536.017138
;LAYER:447
;note -- min layer time used
;TYPE:FILL
;MESH:bridge_3a.stl
G1 F3600 E1
G1 F1366.7 X-34.271 Y-3.612 E0.00781
G1 X-34.196 Y-2.802 E0.01978
G1 X-34.912 Y-1.674 E0.03249
G1 X-35.596 Y-.56 E0.03179
G1 X-36.491 Y0.964 E0.04299
G1 X-37.212 Y1.806 E0.02696
G1 X-37.701 Y2.709 E0.02498
G1 X-37.968 Y3.612 E0.0229
G1 F3600 E-1
G0 F12000 X-35.452 Y-.638
G0 X-33.356 Y-3.978
G0 X-32.704 Y-4.325
;TYPE:WALL-INNER
G1 F3600 E1
G1 F1366.7 X-39.324 Y-4.324 E0.16101
G1 X-39.325 Y4.325 E0.21036
G1 X-37.874 Y4.325 E0.03529
G1 X-37.535 Y3.674 E0.01785
G1 X-36.426 Y1.663 E0.05585
G1 X-35.845 Y0.656 E0.02828
G1 X-35.248 Y-.353 E0.02851
G1 X-34.571 Y-1.457 E0.0315
G1 X-33.962 Y-2.422 E0.02775
G1 X-33.342 Y-3.372 E0.02759
G1 X-32.704 Y-4.325 E0.02789
G1 F3600 E-1
G0 F12000 X-31.897 Y-4.75
;TYPE:WALL-OUTER
G1 F3600 E1
G1 F1366.7 X-39.749 Y-4.749 E0.19097
G1 X-39.75 Y4.75 E0.23103
G1 X-37.616 Y4.75 E0.0519
G1 X-37.163 Y3.879 E0.02388
G1 X-36.057 Y1.875 E0.05567
G1 X-35.48 Y0.872 E0.02814
G1 X-34.886 Y-.131 E0.02835
G1 X-34.212 Y-1.23 E0.03136
G1 X-33.606 Y-2.189 E0.02759
G1 X-32.988 Y-3.135 E0.02748
G1 X-32.205 Y-4.307 E0.03428
G1 X-31.897 Y-4.75 E0.01312
G0 F12000 X-32.697 Y-4.75
G0 X-33.665 Y-3.575
G1 F3600 E-1
;MESH:NONMESH
G0 F600 X-33.665 Y-3.575 Z58.54
G0 F12000 X-34.355 Y-3.919
;TIME_ELAPSED:1539.356550
;LAYER:448
;note -- min layer time used
;TYPE:FILL
;MESH:bridge_3a.stl
G1 F3600 E1
G1 F1335.7 X-34.252 Y-3.612 E0.00788
G1 X-34.18 Y-3.079 E0.01308
G1 X-34.505 Y-2.584 E0.0144
G1 X-35.138 Y-1.575 E0.02897
G1 X-35.761 Y-.559 E0.02899
G1 X-36.362 Y0.455 E0.02867
G1 X-37.093 Y1.742 E0.036
G1 X-37.151 Y1.806 E0.0021
G1 X-37.684 Y2.709 E0.0255
G1 X-37.77 Y2.966 E0.00659
G1 F3600 E-1
G0 F12000 X-35.084 Y-1.498
G0 X-33.526 Y-3.978
G0 X-32.876 Y-4.324
;TYPE:WALL-INNER
G1 F3600 E1
G1 F1335.7 X-39.324 Y-4.324 E0.15682
G1 X-39.325 Y4.325 E0.21036
G1 X-38.033 Y4.325 E0.03142
G1 X-37.153 Y2.669 E0.04561
G1 X-36.009 Y0.656 E0.05631
G1 X-35.412 Y-.353 E0.02851
G1 X-34.796 Y-1.36 E0.02871
G1 X-34.163 Y-2.368 E0.02895
G1 X-32.876 Y-4.324 E0.05695
G1 F3600 E-1
G0 F12000 X-32.069 Y-4.749
;TYPE:WALL-OUTER
G1 F3600 E1
G1 F1335.7 X-39.749 Y-4.749 E0.18679
G1 X-39.75 Y4.75 E0.23103
G1 X-37.776 Y4.75 E0.04801
G1 X-36.782 Y2.877 E0.05157
G1 X-35.644 Y0.872 E0.05607
G1 X-35.05 Y-.131 E0.02835
G1 X-34.436 Y-1.133 E0.02858
G1 X-33.806 Y-2.137 E0.02883
G1 X-33.205 Y-3.063 E0.02685
G1 X-32.487 Y-4.142 E0.03152
G1 X-32.069 Y-4.749 E0.01792
G0 F12000 X-32.869 Y-4.749
G0 X-33.834 Y-3.575
G1 F3600 E-1
;MESH:NONMESH
G0 F600 X-33.834 Y-3.575 Z58.67
G0 F12000 X-34.179 Y-3.338
;TIME_ELAPSED:1542.688494
;LAYER:449
;note -- min layer time used
;TYPE:FILL
;MESH:bridge_3a.stl
G1 F3600 E1
G1 F1155.2 X-34.228 Y-3.612 E0.00677
G1 X-34.344 Y-3.919 E0.00798
G1 F3600 E-1
G0 F12000 X-33.047 Y-4.324
;TYPE:WALL-INNER
G1 F3600 E1
G1 F1155.2 X-39.325 Y-4.325 E0.15269
G1 X-39.324 Y4.324 E0.21036
G1 X-38.193 Y4.324 E0.02751
G1 X-37.312 Y2.667 E0.04564
G1 X-36.174 Y0.657 E0.05618
G1 X-35.584 Y-.345 E0.02828
G1 X-34.964 Y-1.359 E0.02891
G1 X-34.296 Y-2.423 E0.03056
G1 X-33.047 Y-4.324 E0.05532
G1 F3600 E-1
G0 F12000 X-32.241 Y-4.749
;TYPE:WALL-OUTER
G1 F3600 E1
G1 F1155.2 X-39.75 Y-4.75 E0.18263
G1 X-39.749 Y4.749 E0.23103
G1 X-37.936 Y4.749 E0.04409
G1 X-36.942 Y2.876 E0.05157
G1 X-35.808 Y0.873 E0.05598
G1 X-35.222 Y-.123 E0.02811
G1 X-34.604 Y-1.133 E0.0288
G1 X-33.941 Y-2.19 E0.03035
G1 X-32.659 Y-4.142 E0.0568
G1 X-32.241 Y-4.749 E0.01792
G0 F12000 X-33.041 Y-4.749
G0 X-34.004 Y-3.575
G1 F3600 E-1
;MESH:NONMESH
G0 F600 X-34.004 Y-3.575 Z58.8
G0 F12000 X-34.192 Y-3.578
;TIME_ELAPSED:1545.984590
;LAYER:450
;note -- min layer time used
;TYPE:FILL
;MESH:bridge_3a.stl
G1 F3600 E1
G1 F1135.8 X-34.329 Y-3.919 E0.00894
G1 F3600 E-1
G0 F12000 X-33.216 Y-4.324
;TYPE:WALL-INNER
G1 F3600 E1
G1 F1135.8 X-39.324 Y-4.324 E0.14856
G1 X-39.324 Y4.324 E0.21033
G1 X-38.351 Y4.324 E0.02366
G1 X-37.472 Y2.668 E0.0456
G1 X-36.338 Y0.657 E0.05615
G1 X-35.743 Y-.355 E0.02855
G1 X-34.499 Y-2.368 E0.05755
G1 X-33.847 Y-3.374 E0.02916
G1 X-33.216 Y-4.324 E0.02774
G1 F3600 E-1
G0 F12000 X-32.412 Y-4.749
;TYPE:WALL-OUTER
G1 F3600 E1
G1 F1135.8 X-39.749 Y-4.749 E0.17845
G1 X-39.749 Y4.749 E0.23101
G1 X-38.095 Y4.749 E0.04023
G1 X-37.102 Y2.877 E0.05154
G1 X-35.972 Y0.873 E0.05595
G1 X-35.381 Y-.132 E0.02836
G1 X-34.142 Y-2.136 E0.0573
G1 X-33.493 Y-3.139 E0.02906
G1 X-32.412 Y-4.749 E0.04717
G0 F12000 X-33.212 Y-4.749
G0 X-34.173 Y-3.575
G1 F3600 E-1
;MESH:NONMESH
G0 F600 X-34.173 Y-3.575 Z58.93
G0 F12000 X-34.188 Y-3.586
G0 X-33.386 Y-4.325
;TIME_ELAPSED:1549.299550
;LAYER:451
;note -- min layer time used
;TYPE:WALL-INNER
;MESH:bridge_3a.stl
G1 F3600 E1
G1 F1107.8 X-39.325 Y-4.325 E0.14445
G1 X-39.325 Y4.325 E0.21038
G1 X-38.511 Y4.325 E0.0198
G1 X-38.175 Y3.68 E0.01769
G1 X-37.585 Y2.585 E0.03025
G1 X-36.502 Y0.657 E0.05378
G1 X-35.909 Y-.351 E0.02844
G1 X-35.297 Y-1.358 E0.02866
G1 X-34.565 Y-2.531 E0.03363
G1 X-33.386 Y-4.325 E0.05221
G1 F3600 E-1
G0 F12000 X-32.584 Y-4.749
;TYPE:WALL-OUTER
G1 F3600 E1
G1 F1107.8 X-39.75 Y-4.75 E0.17429
G1 X-39.75 Y4.75 E0.23105
G1 X-38.252 Y4.75 E0.03643
G1 X-37.801 Y3.881 E0.02381
G1 X-37.214 Y2.793 E0.03007
G1 X-36.136 Y0.873 E0.05355
G1 X-35.546 Y-.13 E0.0283
G1 X-34.937 Y-1.133 E0.02854
G1 X-34.209 Y-2.298 E0.03341
G1 X-32.999 Y-4.141 E0.05362
G1 X-32.584 Y-4.749 E0.0179
G0 F12000 X-33.384 Y-4.749
G0 X-34.536 Y-3.941
G1 F3600 E-1
;MESH:NONMESH
G0 F600 X-34.536 Y-3.941 Z59.06
G0 F12000 X-34.536 Y-3.925
G0 X-33.567 Y-4.321
;TIME_ELAPSED:1552.538106
;LAYER:452
;note -- min layer time used
;TYPE:WALL-INNER
;MESH:bridge_3a.stl
G1 F3600 E1
G1 F1094 X-39.325 Y-4.325 E0.14004
G1 X-39.325 Y4.325 E0.21038
G1 X-38.67 Y4.325 E0.01593
G1 X-37.795 Y2.668 E0.04557
G1 X-37.24 Y1.666 E0.02786
G1 X-36.664 Y0.654 E0.02832
G1 X-35.551 Y-1.211 E0.05282
G1 X-34.836 Y-2.366 E0.03304
G1 X-33.567 Y-4.321 E0.05669
G1 F3600 E-1
G0 F12000 X-32.755 Y-4.75
;TYPE:WALL-OUTER
G1 F3600 E1
G1 F1094 X-39.75 Y-4.75 E0.17013
G1 X-39.75 Y4.75 E0.23105
G1 X-38.412 Y4.75 E0.03254
G1 X-37.423 Y2.874 E0.05158
G1 X-36.87 Y1.876 E0.02775
G1 X-36.299 Y0.871 E0.02811
G1 X-35.19 Y-.987 E0.05263
G1 X-34.479 Y-2.136 E0.03286
G1 X-33.207 Y-4.089 E0.05669
G1 X-32.755 Y-4.75 E0.01948
G0 F12000 X-33.555 Y-4.75
G0 X-34.514 Y-3.575
G1 F3600 E-1
;MESH:NONMESH
G0 F600 X-34.514 Y-3.575 Z59.19
G0 F12000 X-34.528 Y-3.585
G0 X-38.955 Y3.955
G0 X-39.325 Y4.325
;TIME_ELAPSED:1555.844305
;LAYER:453
;note -- min layer time used
;TYPE:WALL-INNER
;MESH:bridge_3a.stl
G1 F3600 E1
G1 F1115.4 X-38.83 Y4.325 E0.01204
G1 X-37.958 Y2.666 E0.04558
G1 X-36.828 Y0.656 E0.05608
G1 X-36.242 Y-.35 E0.02832
G1 X-35.571 Y-1.457 E0.03148
G1 X-34.359 Y-3.374 E0.05516
G1 X-33.728 Y-4.324 E0.02774
G1 X-39.325 Y-4.325 E0.13613
G1 X-39.325 Y4.325 E0.21038
G1 F3600 E-1
G0 F12000 X-39.016 Y3.923
G0 X-33.44 Y-4.479
G0 X-32.926 Y-4.749
;TYPE:WALL-OUTER
G1 F3600 E1
G1 F1115.4 X-39.75 Y-4.75 E0.16597
G1 X-39.75 Y4.75 E0.23105
G1 X-38.572 Y4.75 E0.02865
G1 X-37.587 Y2.874 E0.05153
G1 X-36.461 Y0.87 E0.05591
G1 X-35.878 Y-.13 E0.02815
G1 X-35.212 Y-1.23 E0.03128
G1 X-34.005 Y-3.139 E0.05493
G1 X-32.926 Y-4.749 E0.04714
G0 F12000 X-33.726 Y-4.749
G0 X-34.683 Y-3.575
G1 F3600 E-1
;MESH:NONMESH
G0 F600 X-34.683 Y-3.575 Z59.32
G0 F12000 X-34.698 Y-3.584
G0 X-37.131 Y0.538
G0 X-39.016 Y3.923
G0 X-39.325 Y4.325
;TIME_ELAPSED:1559.139410
;LAYER:454
;note -- min layer time used
;TYPE:WALL-INNER
;MESH:bridge_3a.stl
G1 F3600 E1
G1 F1101 X-38.989 Y4.325 E0.00817
G1 X-38.118 Y2.666 E0.04557
G1 X-36.992 Y0.656 E0.05603
G1 X-36.405 Y-.351 E0.02835
G1 X-35.774 Y-1.389 E0.02954
G1 X-34.564 Y-3.316 E0.05534
G1 X-33.899 Y-4.325 E0.02939
G1 X-39.325 Y-4.325 E0.13197
G1 X-39.325 Y4.325 E0.21038
G1 F3600 E-1
G0 F12000 X-39.001 Y3.644
G0 X-33.61 Y-4.479
G0 X-33.098 Y-4.749
;TYPE:WALL-OUTER
G1 F3600 E1
G1 F1101 X-39.75 Y-4.75 E0.16179
G1 X-39.75 Y4.75 E0.23105
G1 X-38.732 Y4.75 E0.02476
G1 X-37.747 Y2.873 E0.05156
G1 X-36.625 Y0.87 E0.05584
G1 X-36.042 Y-.13 E0.02815
G1 X-35.414 Y-1.164 E0.02942
G1 X-34.209 Y-3.082 E0.05509
G1 X-33.512 Y-4.141 E0.03083
G1 X-33.098 Y-4.749 E0.01789
G0 F12000 X-33.898 Y-4.749
G0 X-34.852 Y-3.575
G1 F3600 E-1
;MESH:NONMESH
G0 F600 X-34.852 Y-3.575 Z59.45
G0 F12000 X-34.865 Y-3.585
G0 X-37.311 Y0.57
G0 X-39.001 Y3.644
G0 X-39.146 Y4.325
;TIME_ELAPSED:1562.434979
;LAYER:455
;note -- min layer time used
;TYPE:WALL-INNER
;MESH:bridge_3a.stl
G1 F3600 E1
G1 F1086.9 X-38.278 Y2.667 E0.04552
G1 X-37.156 Y0.656 E0.05601
G1 X-36.576 Y-.341 E0.02805
G1 X-35.339 Y-2.358 E0.05755
G1 X-34.694 Y-3.375 E0.02929
G1 X-34.061 Y-4.325 E0.02776
G1 X-39.325 Y-4.325 E0.12803
G1 X-39.325 Y4.325 E0.21038
G1 X-39.146 Y4.325 E0.00435
G1 F3600 E-1
G0 F12000 X-39.001 Y3.339
G0 X-33.78 Y-4.479
G0 X-33.267 Y-4.75
;TYPE:WALL-OUTER
G1 F3600 E1
G1 F1086.9 X-39.75 Y-4.75 E0.15768
G1 X-39.75 Y4.75 E0.23105
G1 X-38.888 Y4.75 E0.02097
G1 X-37.907 Y2.874 E0.05149
G1 X-36.789 Y0.87 E0.05581
G1 X-36.214 Y-.119 E0.02782
G1 X-34.98 Y-2.13 E0.05738
G1 X-34.341 Y-3.139 E0.02905
G1 X-33.267 Y-4.75 E0.04709
G0 F12000 X-34.067 Y-4.75
G0 X-35.02 Y-3.575
G1 F3600 E-1
;MESH:NONMESH
G0 F600 X-35.02 Y-3.575 Z59.58
G0 F12000 X-35.033 Y-3.584
G0 X-39.305 Y4.325
;TIME_ELAPSED:1565.739556
;LAYER:456
;note -- min layer time used
;TYPE:WALL-INNER
;MESH:bridge_3a.stl
G1 F3600 E1
G1 F1072.6 X-38.439 Y2.672 E0.04539
G1 X-37.32 Y0.656 E0.05608
G1 X-36.734 Y-.35 E0.02832
G1 X-36.127 Y-1.356 E0.02858
G1 X-35.507 Y-2.358 E0.02866
G1 X-34.864 Y-3.372 E0.0292
G1 X-34.234 Y-4.324 E0.02776
G1 X-39.325 Y-4.325 E0.12382
G1 X-39.325 Y4.325 E0.21038
G1 X-39.305 Y4.325 E0.00049
G1 F3600 E-1
G0 F12000 X-36.12 Y-1.019
G0 X-33.951 Y-4.479
G0 X-33.436 Y-4.749
;TYPE:WALL-OUTER
G1 F3600 E1
G1 F1072.6 X-39.75 Y-4.75 E0.15357
G1 X-39.75 Y4.75 E0.23105
G1 X-39.048 Y4.75 E0.01707
G1 X-38.067 Y2.878 E0.0514
G1 X-36.953 Y0.87 E0.05585
G1 X-36.371 Y-.13 E0.02814
G1 X-35.148 Y-2.13 E0.05702
G1 X-34.509 Y-3.138 E0.02903
G1 X-33.436 Y-4.749 E0.04708
G0 F12000 X-34.236 Y-4.749
G0 X-35.19 Y-3.575
G1 F3600 E-1
;MESH:NONMESH
G0 F600 X-35.19 Y-3.575 Z59.71
G0 F12000 X-35.202 Y-3.584
G0 X-39.325 Y4.052
;TIME_ELAPSED:1569.033525
;LAYER:457
;note -- min layer time used
;TYPE:WALL-INNER
;MESH:bridge_3a.stl
G1 F3600 E1
G1 F1048.1 X-38.611 Y2.693 E0.03734
G1 X-37.483 Y0.654 E0.05667
G1 X-36.295 Y-1.356 E0.05679
G1 X-35.57 Y-2.527 E0.0335
G1 X-35.033 Y-3.371 E0.02433
G1 X-34.406 Y-4.324 E0.02775
G1 X-39.325 Y-4.325 E0.11964
G1 X-39.325 Y4.052 E0.20374
G1 F3600 E-1
G0 F12000 X-36.174 Y-1.206
G0 X-34.122 Y-4.479
G0 X-33.609 Y-4.749
;TYPE:WALL-OUTER
G1 F3600 E1
G1 F1048.1 X-39.75 Y-4.75 E0.14936
G1 X-39.75 Y4.75 E0.23105
G1 X-39.206 Y4.75 E0.01323
G1 X-38.761 Y3.882 E0.02372
G1 X-38.239 Y2.899 E0.02707
G1 X-37.116 Y0.869 E0.05642
G1 X-35.933 Y-1.132 E0.05654
G1 X-35.211 Y-2.299 E0.03338
G1 X-34.678 Y-3.138 E0.02418
G1 X-33.609 Y-4.749 E0.04702
G0 F12000 X-34.409 Y-4.749
G0 X-35.358 Y-3.575
G1 F3600 E-1
;MESH:NONMESH
G0 F600 X-35.358 Y-3.575 Z59.84
G0 F12000 X-35.371 Y-3.583
G0 X-39.324 Y3.736
;TIME_ELAPSED:1572.326829
;LAYER:458
;note -- min layer time used
;TYPE:WALL-INNER
;MESH:bridge_3a.stl
G1 F3600 E1
G1 F1003.8 X-38.213 Y1.669 E0.05707
G1 X-37.644 Y0.656 E0.02826
G1 X-36.458 Y-1.355 E0.05678
G1 X-35.201 Y-3.371 E0.05778
G1 X-34.575 Y-4.324 E0.02773
G1 X-39.325 Y-4.325 E0.11553
G1 X-39.324 Y3.736 E0.19606
G1 F3600 E-1
G0 F12000 X-39.75 Y4.75
;TYPE:WALL-OUTER
G1 F3600 E1
G1 F1003.8 X-39.365 Y4.75 E0.00936
G1 X-38.921 Y3.882 E0.02371
G1 X-37.842 Y1.877 E0.05538
G1 X-37.277 Y0.87 E0.02808
G1 X-36.097 Y-1.132 E0.05652
G1 X-34.846 Y-3.138 E0.0575
G1 X-33.776 Y-4.75 E0.04706
G1 X-39.75 Y-4.75 E0.1453
G1 X-39.75 Y4.75 E0.23105
G0 F12000 X-39.365 Y4.75
G0 X-39.177 Y4.381
G1 F3600 E-1
;MESH:NONMESH
G0 F600 X-39.177 Y4.381 Z59.97
G0 F12000 X-39.325 Y3.439
;TIME_ELAPSED:1575.515976
;LAYER:459
;note -- min layer time used
;TYPE:WALL-INNER
;MESH:bridge_3a.stl
G1 F3600 E1
G1 F968.5 X-38.374 Y1.671 E0.04883
G1 X-37.809 Y0.658 E0.02821
G1 X-37.227 Y-.348 E0.02827
G1 X-36.007 Y-2.361 E0.05725
G1 X-35.369 Y-3.37 E0.02903
G1 X-34.744 Y-4.325 E0.02776
G1 X-39.324 Y-4.324 E0.11139
G1 X-39.325 Y3.439 E0.18881
G1 F3600 E-1
G0 F12000 X-39.522 Y4.749
;TYPE:WALL-OUTER
G1 F3600 E1
G1 F968.5 X-39.081 Y3.881 E0.02368
G1 X-38.003 Y1.878 E0.05532
G1 X-37.441 Y0.87 E0.02807
G1 X-36.863 Y-.129 E0.02807
G1 X-35.648 Y-2.134 E0.05702
G1 X-35.014 Y-3.137 E0.02886
G1 X-33.948 Y-4.749 E0.047
G1 X-39.749 Y-4.749 E0.14109
G1 X-39.749 Y4.749 E0.23101
G1 X-39.522 Y4.749 E0.00552
G0 F12000 X-39.16 Y4.037
G1 F3600 E-1
;MESH:NONMESH
G0 F600 X-39.16 Y4.037 Z60.1
G0 F12000 X-39.324 Y3.136
;TIME_ELAPSED:1578.738552
;LAYER:460
;note -- min layer time used
;TYPE:WALL-INNER
;MESH:bridge_3a.stl
G1 F3600 E1
G1 F945.9 X-38.536 Y1.666 E0.04057
G1 X-37.391 Y-.348 E0.05635
G1 X-36.172 Y-2.36 E0.05722
G1 X-35.536 Y-3.373 E0.02909
G1 X-34.906 Y-4.325 E0.02776
G1 X-39.324 Y-4.324 E0.10745
G1 X-39.324 Y3.136 E0.18144
G1 F3600 E-1
G0 F12000 X-39.682 Y4.749
;TYPE:WALL-OUTER
G1 F3600 E1
G1 F945.9 X-39.258 Y3.919 E0.02267
G1 X-38.166 Y1.876 E0.05634
G1 X-37.027 Y-.129 E0.05608
G1 X-35.812 Y-2.133 E0.057
G1 X-35.181 Y-3.138 E0.02886
G1 X-34.116 Y-4.75 E0.04699
G1 X-39.749 Y-4.749 E0.137
G1 X-39.749 Y4.749 E0.23101
G1 X-39.682 Y4.749 E0.00163
G0 F12000 X-39.319 Y4.037
G1 F3600 E-1
;MESH:NONMESH
G0 F600 X-39.319 Y4.037 Z60.23
G0 F12000 X-39.475 Y3.742
G0 X-39.325 Y2.831
;TIME_ELAPSED:1581.971493
;LAYER:461
;note -- min layer time used
;TYPE:WALL-INNER
;MESH:bridge_3a.stl
G1 F3600 E1
G1 F917.5 X-38.696 Y1.667 E0.03218
G1 X-37.555 Y-.349 E0.05634
G1 X-36.339 Y-2.361 E0.05718
G1 X-35.668 Y-3.423 E0.03055
G1 X-35.075 Y-4.325 E0.02625
G1 X-39.325 Y-4.325 E0.10337
G1 X-39.325 Y2.831 E0.17404
G1 F3600 E-1
G0 F12000 X-39.75 Y4.573
;TYPE:WALL-OUTER
G1 F3600 E1
G1 F917.5 X-39.398 Y3.879 E0.01893
G1 X-38.856 Y2.852 E0.02824
G1 X-38.326 Y1.876 E0.02701
G1 X-37.191 Y-.13 E0.05606
G1 X-35.98 Y-2.134 E0.05695
G1 X-35.313 Y-3.19 E0.03038
G1 X-34.287 Y-4.75 E0.04541
G1 X-39.75 Y-4.75 E0.13287
G1 X-39.75 Y4.573 E0.22675
G0 F12000 X-39.398 Y3.879
G0 X-39.388 Y3.86
G1 F3600 E-1
;MESH:NONMESH
G0 F600 X-39.388 Y3.86 Z60.36
G0 F12000 X-39.502 Y3.544
G0 X-39.325 Y2.532
;TIME_ELAPSED:1585.204015
;LAYER:462
;note -- min layer time used
;TYPE:WALL-INNER
;MESH:bridge_3a.stl
G1 F3600 E1
G1 F883.3 X-38.859 Y1.671 E0.02381
G1 X-38.297 Y0.663 E0.02807
G1 X-37.717 Y-.344 E0.02826
G1 X-37.121 Y-1.351 E0.02846
G1 X-36.507 Y-2.361 E0.02875
G1 X-35.871 Y-3.368 E0.02897
G1 X-35.25 Y-4.325 E0.02775
G1 X-39.325 Y-4.325 E0.09911
G1 X-39.325 Y2.532 E0.16677
G1 F3600 E-1
G0 F12000 X-39.749 Y4.241
;TYPE:WALL-OUTER
G1 F3600 E1
G1 F883.3 X-39.016 Y2.852 E0.0382
G1 X-37.929 Y0.875 E0.05487
G1 X-37.352 Y-.128 E0.02814
G1 X-36.758 Y-1.13 E0.02833
G1 X-36.148 Y-2.134 E0.02857
G1 X-35.514 Y-3.136 E0.02884
G1 X-34.865 Y-4.139 E0.02906
G1 X-34.458 Y-4.749 E0.01784
G1 X-39.75 Y-4.75 E0.12871
G1 X-39.749 Y4.241 E0.21867
G0 F12000 X-39.376 Y3.534
G1 F3600 E-1
;MESH:NONMESH
G0 F600 X-39.376 Y3.534 Z60.49
G0 F12000 X-39.502 Y3.241
G0 X-39.325 Y2.233
;TIME_ELAPSED:1588.435690
;LAYER:463
;note -- min layer time used
;TYPE:WALL-INNER
;MESH:bridge_3a.stl
G1 F3600 E1
G1 F851 X-38.461 Y0.663 E0.04358
G1 X-37.288 Y-1.353 E0.05673
G1 X-36.672 Y-2.36 E0.02871
G1 X-36.04 Y-3.366 E0.0289
G1 X-35.423 Y-4.324 E0.02771
G1 X-39.325 Y-4.325 E0.0949
G1 X-39.325 Y2.233 E0.1595
G1 F3600 E-1
G0 F12000 X-39.75 Y3.963
;TYPE:WALL-OUTER
G1 F3600 E1
G1 F851 X-39.22 Y2.933 E0.02817
G1 X-38.651 Y1.878 E0.02915
G1 X-38.093 Y0.875 E0.02792
G1 X-36.926 Y-1.131 E0.05644
G1 X-36.312 Y-2.133 E0.02858
G1 X-35.683 Y-3.136 E0.02879
G1 X-35.037 Y-4.139 E0.02902
G1 X-34.63 Y-4.749 E0.01784
G1 X-39.75 Y-4.75 E0.12453
G1 X-39.75 Y3.963 E0.21191
G0 F12000 X-39.384 Y3.252
G1 F3600 E-1
;MESH:NONMESH
G0 F600 X-39.384 Y3.252 Z60.62
G0 F12000 X-39.502 Y2.938
G0 X-39.326 Y1.926
;TIME_ELAPSED:1591.667401
;LAYER:464
;note -- min layer time used
;TYPE:WALL-INNER
;MESH:bridge_3a.stl
G1 F3600 E1
G1 F817.6 X-38.046 Y-.344 E0.06338
G1 X-36.869 Y-2.314 E0.05581
G1 X-36.207 Y-3.367 E0.03025
G1 X-35.588 Y-4.324 E0.02772
G1 X-39.324 Y-4.324 E0.09087
G1 X-39.326 Y1.926 E0.15201
G1 F3600 E-1
G0 F12000 X-39.75 Y3.655
;TYPE:WALL-OUTER
G1 F3600 E1
G1 F817.6 X-39.349 Y2.882 E0.02118
G1 X-38.81 Y1.876 E0.02776
G1 X-37.68 Y-.128 E0.05595
G1 X-37.09 Y-1.126 E0.0282
G1 X-36.48 Y-2.133 E0.02863
G1 X-35.85 Y-3.136 E0.02881
G1 X-34.796 Y-4.75 E0.04688
G1 X-39.749 Y-4.749 E0.12046
G1 X-39.75 Y3.655 E0.2044
G0 F12000 X-39.382 Y2.946
G1 F3600 E-1
;MESH:NONMESH
G0 F600 X-39.382 Y2.946 Z60.75
G0 F12000 X-39.501 Y2.634
G0 X-39.325 Y1.642
;TIME_ELAPSED:1594.898595
;LAYER:465
;note -- min layer time used
;TYPE:WALL-INNER
;MESH:bridge_3a.stl
G1 F3600 E1
G1 F784.4 X-38.21 Y-.344 E0.05539
G1 X-37.575 Y-1.418 E0.03035
G1 X-36.377 Y-3.364 E0.05558
G1 X-35.763 Y-4.324 E0.02772
G1 X-39.324 Y-4.324 E0.08661
G1 X-39.325 Y1.642 E0.1451
G1 F3600 E-1
G0 F12000 X-39.749 Y3.343
;TYPE:WALL-OUTER
G1 F3600 E1
G1 F784.4 X-38.97 Y1.877 E0.04038
G1 X-37.844 Y-.128 E0.05593
G1 X-37.213 Y-1.196 E0.03017
G1 X-36.019 Y-3.135 E0.05538
G1 X-35.377 Y-4.139 E0.02898
G1 X-34.97 Y-4.749 E0.01784
G1 X-39.749 Y-4.749 E0.11623
G1 X-39.749 Y3.343 E0.19681
G0 F12000 X-39.374 Y2.637
G1 F3600 E-1
;MESH:NONMESH
G0 F600 X-39.374 Y2.637 Z60.88
G0 F12000 X-39.501 Y2.335
G0 X-39.325 Y1.346
;TIME_ELAPSED:1598.129772
;LAYER:466
;note -- min layer time used
;TYPE:WALL-INNER
;MESH:bridge_3a.stl
G1 F3600 E1
G1 F751.4 X-38.374 Y-.343 E0.04714
G1 X-37.782 Y-1.346 E0.02833
G1 X-37.17 Y-2.357 E0.02874
G1 X-36.569 Y-3.324 E0.02769
G1 X-35.93 Y-4.325 E0.02888
G1 X-39.325 Y-4.325 E0.08257
G1 X-39.325 Y1.346 E0.13793
G1 F3600 E-1
G0 F12000 X-39.748 Y3.035
;TYPE:WALL-OUTER
G1 F3600 E1
G1 F751.4 X-39.135 Y1.873 E0.03195
G1 X-38.008 Y-.128 E0.05586
G1 X-37.418 Y-1.126 E0.0282
G1 X-36.809 Y-2.132 E0.0286
G1 X-36.211 Y-3.095 E0.02757
G1 X-35.545 Y-4.138 E0.0301
G1 X-35.14 Y-4.75 E0.01785
G1 X-39.75 Y-4.75 E0.11212
G1 X-39.748 Y3.035 E0.18934
G0 F12000 X-39.375 Y2.328
G1 F3600 E-1
;MESH:NONMESH
G0 F600 X-39.375 Y2.328 Z61.01
G0 F12000 X-39.501 Y2.036
G0 X-39.325 Y1.065
;TIME_ELAPSED:1601.360476
;LAYER:467
;note -- min layer time used
;TYPE:WALL-INNER
;MESH:bridge_3a.stl
G1 F3600 E1
G1 F719.1 X-38.538 Y-.344 E0.03925
G1 X-37.338 Y-2.357 E0.057
G1 X-36.718 Y-3.353 E0.02853
G1 X-36.098 Y-4.325 E0.02804
G1 X-39.325 Y-4.325 E0.07849
G1 X-39.325 Y1.065 E0.13109
G1 F3600 E-1
G0 F12000 X-39.75 Y2.731
;TYPE:WALL-OUTER
G1 F3600 E1
G1 F719.1 X-39.215 Y1.737 E0.02745
G1 X-38.172 Y-.128 E0.05197
G1 X-36.977 Y-2.133 E0.05677
G1 X-36.355 Y-3.131 E0.0286
G1 X-35.713 Y-4.138 E0.02905
G1 X-35.308 Y-4.75 E0.01785
G1 X-39.75 Y-4.75 E0.10804
G1 X-39.75 Y2.731 E0.18195
G0 F12000 X-39.371 Y2.027
G1 F3600 E-1
;MESH:NONMESH
G0 F600 X-39.371 Y2.027 Z61.14
G0 F12000 X-39.501 Y1.739
G0 X-39.324 Y0.764
;TIME_ELAPSED:1604.591272
;LAYER:468
;note -- min layer time used
;TYPE:WALL-INNER
;MESH:bridge_3a.stl
G1 F3600 E1
G1 F686.2 X-38.699 Y-.342 E0.0309
G1 X-38.111 Y-1.344 E0.02826
G1 X-37.5 Y-2.359 E0.02881
G1 X-36.265 Y-4.325 E0.05647
G1 X-39.325 Y-4.325 E0.07442
G1 X-39.324 Y0.764 E0.12377
G1 F3600 E-1
G0 F12000 X-39.75 Y2.434
;TYPE:WALL-OUTER
G1 F3600 E1
G1 F686.2 X-39.455 Y1.874 E0.01539
G1 X-38.902 Y0.876 E0.02775
G1 X-38.332 Y-.127 E0.02806
G1 X-37.747 Y-1.125 E0.02814
G1 X-37.14 Y-2.133 E0.02862
G1 X-35.881 Y-4.137 E0.05756
G1 X-35.479 Y-4.75 E0.01783
G1 X-39.75 Y-4.75 E0.10388
G1 X-39.75 Y2.434 E0.17473
G0 F12000 X-39.455 Y1.874
G0 X-39.375 Y1.728
G1 F3600 E-1
;MESH:NONMESH
G0 F600 X-39.375 Y1.728 Z61.27
G0 F12000 X-39.501 Y1.443
G0 X-39.325 Y0.479
;TIME_ELAPSED:1607.821710
;LAYER:469
;note -- min layer time used
;TYPE:WALL-INNER
;MESH:bridge_3a.stl
G1 F3600 E1
G1 F653.6 X-38.863 Y-.342 E0.02291
G1 X-38.275 Y-1.344 E0.02826
G1 X-37.572 Y-2.516 E0.03324
G1 X-36.434 Y-4.324 E0.05196
G1 X-39.325 Y-4.325 E0.07031
G1 X-39.325 Y0.479 E0.11684
G1 F3600 E-1
G0 F12000 X-39.749 Y2.127
;TYPE:WALL-OUTER
G1 F3600 E1
G1 F653.6 X-39.062 Y0.877 E0.03469
G1 X-38.496 Y-.127 E0.02803
G1 X-37.911 Y-1.125 E0.02814
G1 X-37.212 Y-2.29 E0.03304
G1 X-36.049 Y-4.137 E0.05309
G1 X-35.647 Y-4.75 E0.01783
G1 X-39.75 Y-4.75 E0.09979
G1 X-39.749 Y2.127 E0.16726
G0 F12000 X-39.364 Y1.426
G1 F3600 E-1
;MESH:NONMESH
G0 F600 X-39.364 Y1.426 Z61.4
G0 F12000 X-39.501 Y1.149
G0 X-39.325 Y0.199
;TIME_ELAPSED:1611.052193
;LAYER:470
;note -- min layer time used
;TYPE:WALL-INNER
;MESH:bridge_3a.stl
G1 F3600 E1
G1 F621.4 X-39.024 Y-.34 E0.01501
G1 X-38.44 Y-1.343 E0.02823
G1 X-37.834 Y-2.356 E0.02871
G1 X-36.603 Y-4.325 E0.05648
G1 X-39.324 Y-4.324 E0.06618
G1 X-39.325 Y0.199 E0.11001
G1 F3600 E-1
G0 F12000 X-39.75 Y1.83
;TYPE:WALL-OUTER
G1 F3600 E1
G1 F621.4 X-38.656 Y-.126 E0.05451
G1 X-38.075 Y-1.125 E0.02811
G1 X-37.473 Y-2.132 E0.02853
G1 X-36.856 Y-3.13 E0.02854
G1 X-36.233 Y-4.114 E0.02833
G1 X-35.815 Y-4.75 E0.01851
G1 X-39.749 Y-4.749 E0.09568
G1 X-39.75 Y1.83 E0.16001
G0 F12000 X-39.36 Y1.132
G1 F3600 E-1
;MESH:NONMESH
G0 F600 X-39.36 Y1.132 Z61.53
G0 F12000 X-39.501 Y0.858
G0 X-38.999 Y-1.036
G0 X-39.324 Y-0.097
;TIME_ELAPSED:1614.322997
;LAYER:471
;note -- min layer time used
;TYPE:WALL-INNER
;MESH:bridge_3a.stl
G1 F3600 E1
G1 F600 X-38.639 Y-1.287 E0.0334
G1 X-38 Y-2.354 E0.03025
G1 X-37.383 Y-3.358 E0.02866
G1 X-36.77 Y-4.325 E0.02785
G1 X-39.325 Y-4.325 E0.06214
G1 X-39.324 Y-0.097 E0.10283
G1 F3600 E-1
G0 F12000 X-39.75 Y1.548
;TYPE:WALL-OUTER
G1 F3600 E1
G1 F600 X-39.386 Y0.877 E0.01857
G1 X-38.821 Y-.126 E0.028
G1 X-38.275 Y-1.069 E0.0265
G1 X-37.024 Y-3.13 E0.05864
G1 X-36.386 Y-4.137 E0.02899
G1 X-35.985 Y-4.75 E0.01782
G1 X-39.75 Y-4.75 E0.09157
G1 X-39.75 Y1.548 E0.15318
G0 F12000 X-39.386 Y0.877
G0 X-39.368 Y0.845
G1 F3600 E-1
;MESH:NONMESH
G0 F600 X-39.368 Y0.845 Z61.66
G0 F12000 X-39.5 Y0.566
G0 X-38.999 Y-1.316
G0 X-39.324 Y-.387
;TIME_ELAPSED:1617.541209
;LAYER:472
;note -- min layer time used
;TYPE:WALL-INNER
;MESH:bridge_3a.stl
G1 F3600 E1
G1 F600 X-38.767 Y-1.348 E0.02702
G1 X-37.571 Y-3.326 E0.05622
G1 X-36.938 Y-4.325 E0.02876
G1 X-39.325 Y-4.325 E0.05806
G1 X-39.324 Y-.387 E0.09578
G1 F3600 E-1
G0 F12000 X-39.75 Y1.258
;TYPE:WALL-OUTER
G1 F3600 E1
G1 F600 X-38.985 Y-.126 E0.03846
G1 X-38.403 Y-1.129 E0.0282
G1 X-37.212 Y-3.098 E0.05597
G1 X-36.554 Y-4.137 E0.02991
G1 X-36.153 Y-4.75 E0.01782
G1 X-39.75 Y-4.75 E0.08748
G1 X-39.75 Y1.258 E0.14612
G0 F12000 X-39.363 Y0.558
G1 F3600 E-1
;MESH:NONMESH
G0 F600 X-39.363 Y0.558 Z61.79
G0 F12000 X-39.5 Y0.278
G0 X-38.999 Y-1.598
G0 X-39.324 Y-.67
;TIME_ELAPSED:1620.600892
;LAYER:473
;note -- min layer time used
;TYPE:WALL-INNER
;MESH:bridge_3a.stl
G1 F3600 E1
G1 F600 X-38.332 Y-2.353 E0.04751
G1 X-37.715 Y-3.361 E0.02874
G1 X-37.107 Y-4.325 E0.02772
G1 X-39.325 Y-4.325 E0.05395
G1 X-39.324 Y-.67 E0.08889
G1 F3600 E-1
G0 F12000 X-39.749 Y0.956
;TYPE:WALL-OUTER
G1 F3600 E1
G1 F600 X-39.149 Y-.126 E0.03009
G1 X-38.567 Y-1.128 E0.02818
G1 X-37.97 Y-2.131 E0.02839
G1 X-37.356 Y-3.134 E0.0286
G1 X-36.69 Y-4.189 E0.03034
G1 X-36.323 Y-4.749 E0.01628
G1 X-39.75 Y-4.75 E0.08335
G1 X-39.749 Y0.956 E0.13878
G0 F12000 X-39.361 Y0.257
G1 F3600 E-1
;MESH:NONMESH
G0 F600 X-39.361 Y0.257 Z61.92
G0 F12000 X-39.501 Y-0.007
G0 X-38.999 Y-1.874
G0 X-39.325 Y-.948
;TIME_ELAPSED:1623.500034
;LAYER:474
;note -- min layer time used
;TYPE:WALL-INNER
;MESH:bridge_3a.stl
G1 F3600 E1
G1 F600 X-38.495 Y-2.356 E0.03975
G1 X-37.274 Y-4.324 E0.05633
G1 X-39.324 Y-4.324 E0.04986
G1 X-39.325 Y-.948 E0.08211
G1 F3600 E-1
G0 F12000 X-39.749 Y0.663
;TYPE:WALL-OUTER
G1 F3600 E1
G1 F600 X-39.309 Y-.125 E0.02195
G1 X-38.731 Y-1.128 E0.02816
G1 X-38.133 Y-2.132 E0.02842
G1 X-36.858 Y-4.189 E0.05886
G1 X-36.49 Y-4.749 E0.0163
G1 X-39.749 Y-4.749 E0.07926
G1 X-39.749 Y0.663 E0.13163
G0 F12000 X-39.36 Y-0.035
G1 F3600 E-1
;MESH:NONMESH
G0 F600 X-39.36 Y-0.035 Z62.05
G0 F12000 X-39.503 Y-.3
G0 X-38.999 Y-2.15
G0 X-39.324 Y-1.234
;TIME_ELAPSED:1626.241689
;LAYER:475
;note -- min layer time used
;TYPE:WALL-INNER
;MESH:bridge_3a.stl
G1 F3600 E1
G1 F600 X-38.57 Y-2.5 E0.03584
G1 X-37.44 Y-4.324 E0.05219
G1 X-39.324 Y-4.324 E0.04582
G1 X-39.324 Y-1.234 E0.07515
G1 F3600 E-1
G0 F12000 X-39.75 Y0.376
;TYPE:WALL-OUTER
G1 F3600 E1
G1 F600 X-39.473 Y-.125 E0.01392
G1 X-38.895 Y-1.129 E0.02818
G1 X-38.209 Y-2.276 E0.03251
G1 X-37.059 Y-4.132 E0.0531
G1 X-36.658 Y-4.75 E0.01792
G1 X-39.749 Y-4.749 E0.07518
G1 X-39.75 Y0.376 E0.12465
G0 F12000 X-39.473 Y-.125
G0 X-39.36 Y-.322
G1 F3600 E-1
;MESH:NONMESH
G0 F600 X-39.36 Y-.322 Z62.18
G0 F12000 X-39.5 Y-.582
G0 X-38.999 Y-2.425
G0 X-39.325 Y-1.511
;TIME_ELAPSED:1628.826117
;LAYER:476
;note -- min layer time used
;TYPE:WALL-INNER
;MESH:bridge_3a.stl
G1 F3600 E1
G1 F600 X-38.198 Y-3.39 E0.05329
G1 X-37.611 Y-4.324 E0.02683
G1 X-39.324 Y-4.324 E0.04166
G1 X-39.325 Y-1.511 E0.06842
G1 F3600 E-1
G0 F12000 X-39.75 Y0.096
;TYPE:WALL-OUTER
G1 F3600 E1
G1 F600 X-39.059 Y-1.128 E0.03419
G1 X-37.837 Y-3.164 E0.05775
G1 X-37.21 Y-4.165 E0.02873
G1 X-36.828 Y-4.75 E0.01699
G1 X-39.749 Y-4.749 E0.07104
G1 X-39.75 Y0.096 E0.11784
G0 F12000 X-39.357 Y-.6
G1 F3600 E-1
;MESH:NONMESH
G0 F600 X-39.357 Y-.6 Z62.31
G0 F12000 X-39.5 Y-.866
G0 X-38.999 Y-2.702
G0 X-39.324 Y-1.789
;TIME_ELAPSED:1631.255522
;LAYER:477
;note -- min layer time used
;TYPE:WALL-INNER
;MESH:bridge_3a.stl
G1 F3600 E1
G1 F600 X-38.381 Y-3.358 E0.04452
G1 X-37.777 Y-4.325 E0.02773
G1 X-39.325 Y-4.325 E0.03765
G1 X-39.324 Y-1.789 E0.06168
G1 F3600 E-1
G0 F12000 X-39.749 Y-.208
;TYPE:WALL-OUTER
G1 F3600 E1
G1 F600 X-39.235 Y-1.108 E0.02521
G1 X-38.021 Y-3.133 E0.05742
G1 X-37.394 Y-4.137 E0.02879
G1 X-36.995 Y-4.75 E0.01779
G1 X-39.75 Y-4.75 E0.06701
G1 X-39.749 Y-.208 E0.11047
G0 F12000 X-39.353 Y-.902
G1 F3600 E-1
;MESH:NONMESH
G0 F600 X-39.353 Y-.902 Z62.44
G0 F12000 X-39.5 Y-1.15
G0 X-38.998 Y-2.973
G0 X-39.324 Y-2.059
;TIME_ELAPSED:1633.526324
;LAYER:478
;note -- min layer time used
;TYPE:WALL-INNER
;MESH:bridge_3a.stl
G1 F3600 E1
G1 F600 X-38.569 Y-3.317 E0.03568
G1 X-37.941 Y-4.325 E0.02888
G1 X-39.325 Y-4.325 E0.03366
G1 X-39.324 Y-2.059 E0.05511
G1 F3600 E-1
G0 F12000 X-39.749 Y-.491
;TYPE:WALL-OUTER
G1 F3600 E1
G1 F600 X-39.387 Y-1.129 E0.01784
G1 X-38.209 Y-3.093 E0.0557
G1 X-37.165 Y-4.75 E0.04763
G1 X-39.75 Y-4.75 E0.06287
G1 X-39.749 Y-.491 E0.10359
G0 F12000 X-39.387 Y-1.129
G0 X-39.354 Y-1.185
G1 F3600 E-1
;MESH:NONMESH
G0 F600 X-39.354 Y-1.185 Z62.57
G0 F12000 X-39.499 Y-1.43
G0 X-38.999 Y-3.242
G0 X-39.219 Y-2.721
;TIME_ELAPSED:1635.636101
;LAYER:479
;note -- min layer time used
;TYPE:WALL-INNER
;MESH:bridge_3a.stl
G1 F3600 E1
G1 F407.9 X-38.299 Y-4.219 E0.0629
G1 X-39.219 Y-4.219 E0.03292
G1 X-39.219 Y-2.721 E0.0536
G1 F3600 E-1
G0 F12000 X-38.998 Y-3.519
G0 X-39.499 Y-1.71
G0 X-39.749 Y-.776
;TYPE:WALL-OUTER
G1 F3600 E1
G1 F600 X-38.962 Y-2.127 E0.03803
G1 X-37.727 Y-4.135 E0.05734
G1 X-37.333 Y-4.75 E0.01776
G1 X-39.75 Y-4.75 E0.05879
G1 X-39.749 Y-.776 E0.09665
G0 F12000 X-39.347 Y-1.467
G1 F3600 E-1
;MESH:NONMESH
G0 F600 X-39.347 Y-1.467 Z62.7
G0 F12000 X-39.499 Y-1.71
G0 X-38.998 Y-3.519
G0 X-39.25 Y-2.886
;TIME_ELAPSED:1637.690633
;LAYER:480
;note -- min layer time used
;TYPE:WALL-INNER
;MESH:bridge_3a.stl
G1 F3600 E1
G1 F450 X-38.41 Y-4.25 E0.05195
G1 X-39.25 Y-4.25 E0.02724
G1 X-39.25 Y-2.886 E0.04423
G1 F3600 E-1
G0 F12000 X-38.998 Y-3.788
G0 X-39.499 Y-1.986
G0 X-39.751 Y-1.048
;TYPE:WALL-OUTER
G1 F3600 E1
G1 F600 X-39.126 Y-2.126 E0.03031
G1 X-38.517 Y-3.133 E0.02862
G1 X-37.499 Y-4.75 E0.04647
G1 X-39.75 Y-4.75 E0.05475
G1 X-39.751 Y-1.048 E0.09004
G0 F12000 X-39.35 Y-1.74
G1 F3600 E-1
;MESH:NONMESH
G0 F600 X-39.35 Y-1.74 Z62.83
G0 F12000 X-39.499 Y-1.986
G0 X-38.998 Y-3.788
G0 X-39.278 Y-3.047
;TIME_ELAPSED:1639.566471
;LAYER:481
;note -- min layer time used
;TYPE:WALL-INNER
;MESH:bridge_3a.stl
G1 F3600 E1
G1 F498.2 X-38.524 Y-4.279 E0.04231
G1 X-39.279 Y-4.279 E0.02212
G1 X-39.278 Y-3.047 E0.03609
G1 F3600 E-1
G0 F12000 X-39.75 Y-1.334
;TYPE:WALL-OUTER
G1 F3600 E1
G1 F600 X-39.29 Y-2.127 E0.0223
G1 X-38.063 Y-4.131 E0.05715
G1 X-37.667 Y-4.75 E0.01787
G1 X-39.75 Y-4.75 E0.05066
G1 X-39.75 Y-1.334 E0.08308
G0 F12000 X-39.349 Y-2.025
G1 F3600 E-1
;MESH:NONMESH
G0 F600 X-39.349 Y-2.025 Z62.96
G0 F12000 X-39.499 Y-2.269
G0 X-38.997 Y-3.975
G0 X-39.309 Y-3.22
;TIME_ELAPSED:1641.231930
;LAYER:482
;note -- min layer time used
;TYPE:WALL-INNER
;MESH:bridge_3a.stl
G1 F3600 E1
G1 F561.3 X-38.637 Y-4.309 E0.03327
G1 X-39.31 Y-4.31 E0.0175
G1 X-39.309 Y-3.22 E0.02834
G1 F3600 E-1
G0 F12000 X-39.749 Y-1.617
;TYPE:WALL-OUTER
G1 F3600 E1
G1 F600 X-39.455 Y-2.125 E0.01428
G1 X-38.849 Y-3.132 E0.02858
G1 X-37.834 Y-4.75 E0.04645
G1 X-39.75 Y-4.75 E0.0466
G1 X-39.749 Y-1.617 E0.0762
G0 F12000 X-39.455 Y-2.125
G0 X-39.346 Y-2.307
G1 F3600 E-1
;MESH:NONMESH
G0 F600 X-39.346 Y-2.307 Z63.09
G0 F12000 X-39.499 Y-2.544
G0 X-39.023 Y-4.128
;TIME_ELAPSED:1642.704895
;LAYER:483
;note -- min layer time used
;TYPE:WALL-INNER
;MESH:bridge_3a.stl
G1 F3600 E1
G1 F319.9 X-39.076 Y-4.219 E0.0048
G1 X-39.181 Y-4.219 E0.00479
G1 X-39.233 Y-4.128 E0.00478
G1 X-39.18 Y-4.037 E0.0048
G1 X-39.075 Y-4.037 E0.00479
G1 X-39.023 Y-4.128 E0.00478
G1 F3600 E-1
G0 F12000 X-39.499 Y-2.819
G0 X-39.75 Y-1.902
;TYPE:WALL-OUTER
G1 F3600 E1
G1 F600 X-38.984 Y-3.19 E0.03645
G1 X-38.001 Y-4.75 E0.04485
G1 X-39.75 Y-4.75 E0.04254
G1 X-39.75 Y-1.902 E0.06927
G0 F12000 X-39.342 Y-2.589
G1 F3600 E-1
;MESH:NONMESH
G0 F600 X-39.342 Y-2.589 Z63.22
G0 F12000 X-39.499 Y-2.819
G0 X-39.098 Y-4.188
;TIME_ELAPSED:1643.896830
;LAYER:484
;note -- min layer time used
;TYPE:WALL-INNER
;MESH:bridge_3a.stl
G1 F3600 E1
G1 F372.9 X-39.143 Y-4.266 E0.00352
G1 X-39.233 Y-4.266 E0.00352
G1 X-39.278 Y-4.188 E0.00352
G1 X-39.233 Y-4.11 E0.00352
G1 X-39.143 Y-4.11 E0.00352
G1 X-39.098 Y-4.188 E0.00352
G1 F3600 E-1
G0 F12000 X-39.499 Y-3.093
G0 X-39.75 Y-2.171
;TYPE:WALL-OUTER
G1 F3600 E1
G1 F600 X-39.213 Y-3.08 E0.02568
G1 X-38.17 Y-4.75 E0.04789
G1 X-39.75 Y-4.75 E0.03843
G1 X-39.75 Y-2.171 E0.06273
G0 F12000 X-39.344 Y-2.859
G1 F3600 E-1
;MESH:NONMESH
G0 F600 X-39.344 Y-2.859 Z63.35
G0 F12000 X-39.499 Y-3.093
G0 X-39.17 Y-4.246
;TIME_ELAPSED:1644.976527
;LAYER:485
;note -- min layer time used
;TYPE:WALL-INNER
;MESH:bridge_3a.stl
G1 F3600 E1
G1 F444.1 X-39.208 Y-4.312 E0.0025
G1 X-39.284 Y-4.312 E0.0025
G1 X-39.322 Y-4.246 E0.0025
G1 X-39.284 Y-4.18 E0.0025
G1 X-39.208 Y-4.18 E0.0025
G1 X-39.17 Y-4.246 E0.0025
G1 F3600 E-1
G0 F12000 X-39.499 Y-3.364
G0 X-39.749 Y-2.45
;TYPE:WALL-OUTER
G1 F3600 E1
G1 F600 X-39.225 Y-3.329 E0.02489
G1 X-38.336 Y-4.75 E0.04077
G1 X-39.75 Y-4.75 E0.03439
G1 X-39.749 Y-2.45 E0.05594
G0 F12000 X-39.34 Y-3.137
G1 F3600 E-1
;MESH:NONMESH
G0 F600 X-39.34 Y-3.137 Z63.48
G0 F12000 X-39.499 Y-3.364
G0 X-39.247 Y-4.307
;TIME_ELAPSED:1645.948278
;LAYER:486
;note -- min layer time used
;TYPE:WALL-INNER
;MESH:bridge_3a.stl
G1 F3600 E1
G1 F555.6 X-39.277 Y-4.359 E0.00158
G1 X-39.337 Y-4.359 E0.00158
G1 X-39.367 Y-4.307 E0.00158
G1 X-39.337 Y-4.255 E0.00158
G1 X-39.277 Y-4.255 E0.00158
G1 X-39.247 Y-4.307 E0.00158
G1 F3600 E-1
G0 F12000 X-39.749 Y-2.73
;TYPE:WALL-OUTER
G1 F3600 E1
G1 F600 X-38.896 Y-4.13 E0.03987
G1 X-38.504 Y-4.751 E0.01786
G1 X-39.75 Y-4.75 E0.0303
G1 X-39.749 Y-2.73 E0.04913
G0 F12000 X-39.333 Y-3.413
G1 F3600 E-1
;MESH:NONMESH
G0 F600 X-39.333 Y-3.413 Z63.61
G0 F12000 X-39.659 Y-3.324
;TIME_ELAPSED:1646.796655
;LAYER:487
;note -- min layer time used
;TYPE:WALL-OUTER
;MESH:bridge_3a.stl
G1 F3600 E1
G1 F426.5 X-39.659 Y-4.659 E0.04567
G1 X-38.837 Y-4.659 E0.02812
G1 X-39.123 Y-4.211 E0.01818
G1 X-39.659 Y-3.324 E0.03546
G0 F12000 X-39.246 Y-4.008
G1 F3600 E-1
;MESH:NONMESH
G0 F600 X-39.246 Y-4.008 Z63.74
G0 F12000 X-39.687 Y-3.495
;TIME_ELAPSED:1647.479977
;LAYER:488
;note -- min layer time used
;TYPE:WALL-OUTER
;MESH:bridge_3a.stl
G1 F3600 E1
G1 F469.6 X-39.688 Y-4.688 E0.03708
G1 X-38.95 Y-4.688 E0.02294
G1 X-39.313 Y-4.115 E0.02108
G1 X-39.687 Y-3.495 E0.0225
G0 F12000 X-39.313 Y-4.115
G0 X-39.273 Y-4.179
G1 F3600 E-1
;MESH:NONMESH
G0 F600 X-39.273 Y-4.179 Z63.87
G0 F12000 X-39.717 Y-3.664
;TIME_ELAPSED:1648.065245
;LAYER:489
;note -- min layer time used
;TYPE:WALL-OUTER
;MESH:bridge_3a.stl
G1 F3600 E1
G1 F525.3 X-39.718 Y-4.718 E0.02928
G1 X-39.065 Y-4.718 E0.01814
G1 X-39.423 Y-4.151 E0.01863
G1 X-39.717 Y-3.664 E0.0158
G0 F12000 X-39.423 Y-4.151
G0 X-39.3 Y-4.346
G1 F3600 E-1
;MESH:NONMESH
G0 F600 X-39.3 Y-4.346 Z64
G0 F12000 X-39.177 Y-4.747
;TIME_ELAPSED:1648.555427
;LAYER:490
;note -- min layer time used
;TYPE:WALL-OUTER
;MESH:bridge_3a.stl
G1 F3600 E1
G1 F593.4 X-39.747 Y-3.83 E0.02655
G1 X-39.747 Y-4.747 E0.02255
G1 X-39.177 Y-4.747 E0.01402
G0 F12000 X-39.747 Y-4.747
G0 X-39.747 Y-4.517
G1 F3600 E-1
;MESH:NONMESH
G0 F600 X-39.747 Y-4.517 Z64.13
G0 F12000 X-39.503 Y-4.602
;TIME_ELAPSED:1648.969153
;LAYER:491
;note -- min layer time used
;TYPE:WALL-OUTER
;MESH:bridge_3a.stl
G1 F3600 E1
G1 F340.1 X-39.552 Y-4.516 E0.00425
G1 X-39.651 Y-4.516 E0.00425
G1 X-39.701 Y-4.602 E0.00427
G1 X-39.652 Y-4.688 E0.00425
G1 X-39.553 Y-4.688 E0.00425
G1 X-39.503 Y-4.602 E0.00427
G1 F3600 E-1
;MESH:NONMESH
G0 F600 X-39.503 Y-4.602 Z64.26
G0 F12000 X-39.578 Y-4.662
;TIME_ELAPSED:1649.191860
;LAYER:492
;note -- min layer time used
;TYPE:WALL-OUTER
;MESH:bridge_3a.stl
G1 F3600 E1
G1 F400.6 X-39.62 Y-4.589 E0.00307
G1 X-39.704 Y-4.589 E0.00306
G1 X-39.746 Y-4.662 E0.00307
G1 X-39.704 Y-4.735 E0.00307
G1 X-39.62 Y-4.735 E0.00306
G1 X-39.578 Y-4.662 E0.00307
G1 F3600 E-1
;MESH:NONMESH
G0 F600 X-39.578 Y-4.662 Z64.39
G0 F12000 X-39.653 Y-4.722
;TIME_ELAPSED:1649.385345
;LAYER:493
;note -- min layer time used
;TYPE:WALL-OUTER
;MESH:bridge_3a.stl
G1 F3600 E1
G1 F483.9 X-39.687 Y-4.662 E0.00208
G1 X-39.756 Y-4.662 E0.00208
G1 X-39.791 Y-4.722 E0.00209
G1 X-39.757 Y-4.782 E0.00208
G1 X-39.688 Y-4.782 E0.00208
G1 X-39.653 Y-4.722 E0.00209
G1 F3600 E-1
;MESH:NONMESH
G0 F600 X-39.653 Y-4.722 Z64.52
G0 F12000 X-39.728 Y-4.782
;TIME_ELAPSED:1649.554863
;LAYER:494
;note -- min layer time used
;TYPE:WALL-OUTER
;MESH:bridge_3a.stl
G1 F3600 E1
G1 F619.3 X-39.755 Y-4.735 E0.00128
G1 X-39.809 Y-4.735 E0.00127
G1 X-39.836 Y-4.782 E0.00128
G1 X-39.809 Y-4.829 E0.00128
G1 X-39.755 Y-4.829 E0.00127
G1 X-39.728 Y-4.782 E0.00128
G1 F3600 E-1
;MESH:NONMESH
G0 F600 X-39.728 Y-4.782 Z64.65
G0 F12000 X-39.803 Y-4.842
;TIME_ELAPSED:1649.704798
;LAYER:495
;note -- min layer time used
;TYPE:WALL-OUTER
;MESH:bridge_3a.stl
G1 F3600 E1
G1 F849.1 X-39.861 Y-4.808 E0.00116
G1 X-39.862 Y-4.876 E0.00117
G1 X-39.803 Y-4.842 E0.00117
G1 F3600 E-1
;MESH:NONMESH
G0 F600 X-39.803 Y-4.842 Z64.78
G0 F12000 X-39.877 Y-4.901
;TIME_ELAPSED:1649.838523
;LAYER:496
;note -- min layer time used
;TYPE:WALL-OUTER
;MESH:bridge_3a.stl
G1 F3600 E1
G1 F1391.8 X-39.913 Y-4.88 E0.00044
G1 X-39.913 Y-4.922 E0.00044
G1 X-39.877 Y-4.901 E0.00044
;TIME_ELAPSED:1649.881046
G1 F3600 E-1
M107

M82 ;absolute extrusion mode
M104 S0
;End of Gcode
;SETTING_3 {"global_quality": "[general]\\nversion = 4\\nname = pla\\ndefinition
;SETTING_3  = custom\\n\\n[metadata]\\ntype = quality_changes\\nquality_type = f
;SETTING_3 ast\\nsetting_version = 23\\n\\n[values]\\nacceleration_enabled = Fal
;SETTING_3 se\\nadhesion_type = none\\nbridge_settings_enabled = True\\nlayer_he
;SETTING_3 ight = 0.13\\nlayer_height_0 = 0.3\\nmaterial_bed_temperature = 50\\n
;SETTING_3 minimum_polygon_circumference = 0.1\\nrelative_extrusion = True\\nret
;SETTING_3 raction_combing = all\\nspeed_slowdown_layers = 1\\nsupport_enable = 
;SETTING_3 False\\nsupport_structure = tree\\nsupport_type = buildplate\\ntravel
;SETTING_3 _retract_before_outer_wall = True\\n\\n", "extruder_quality": ["[gene
;SETTING_3 ral]\\nversion = 4\\nname = pla\\ndefinition = custom\\n\\n[metadata]
;SETTING_3 \\ntype = quality_changes\\nquality_type = fast\\nintent_category = d
;SETTING_3 efault\\nposition = 0\\nsetting_version = 23\\n\\n[values]\\naccelera
;SETTING_3 tion_print = 600\\nacceleration_travel = 600\\nacceleration_travel_la
;SETTING_3 yer_0 = =acceleration_layer_0 * acceleration_travel / acceleration_pr
;SETTING_3 int\\nbottom_layers = 2\\nbridge_skin_material_flow = 75\\nbridge_wal
;SETTING_3 l_material_flow = 65\\nbrim_gap = 3\\ncool_fan_speed = 100\\nfill_out
;SETTING_3 line_gaps = True\\nhole_xy_offset = 0.075\\ninfill_pattern = gyroid\\
;SETTING_3 ninfill_sparse_density = 7.5\\nline_width = 0.45\\nmagic_fuzzy_skin_o
;SETTING_3 utside_only = True\\nmaterial_flow = 100.0\\nmaterial_print_temperatu
;SETTING_3 re = 205.0\\nmin_bead_width = 0.1\\nmin_infill_area = 1\\nminimum_sup
;SETTING_3 port_area = 1\\noptimize_wall_printing_order = True\\nretract_at_laye
;SETTING_3 r_change = True\\nretraction_amount = 1.0\\nretraction_combing_max_di
;SETTING_3 stance = 0.01\\nretraction_count_max = 2500\\nretraction_extrusion_wi
;SETTING_3 ndow = =retraction_amount\\nretraction_hop = 0\\nretraction_hop_enabl
;SETTING_3 ed = False\\nretraction_min_travel = 0.01\\nretraction_speed = 60\\nr
;SETTING_3 oofing_layer_count = 1\\nskirt_brim_speed = 40\\nskirt_height = 1\\ns
;SETTING_3 kirt_line_count = 2\\nslicing_tolerance = exclusive\\nspeed_infill = 
;SETTING_3 160\\nspeed_layer_0 = 30\\nspeed_print = 120\\nspeed_print_layer_0 = 
;SETTING_3 30\\nspeed_roofing = 80\\nspeed_support = 100\\nspeed_topbottom = 40\
;SETTING_3 \nspeed_travel = 200\\nspeed_travel_layer_0 = 160\\nspeed_wall = 60\\
;SETTING_3 nspeed_wall_0 = 40\\nspeed_wall_x = 80\\nsupport_angle = 75.0\\nsuppo
;SETTING_3 rt_brim_line_count = 20\\nsupport_fan_enable = True\\nsupport_infill_
;SETTING_3 rate = 8\\nsupport_interface_density = 25\\nsupport_offset = 1.0\\nsu
;SETTING_3 pport_top_distance = 0.28\\nsupport_tree_angle = 60\\nsupport_tree_br
;SETTING_3 anch_diameter = 10\\nsupport_tree_max_diameter = 15\\nsupport_tree_to
;SETTING_3 p_rate = 20\\nsupport_z_distance = 0.15\\ntop_bottom_thickness = 0.64
;SETTING_3 \\ntop_layers = 3\\ntravel_avoid_other_parts = False\\nwall_0_wipe_di
;SETTING_3 st = 0.8\\nwall_line_count = 2\\nwall_overhang_angle = 70\\nwall_over
;SETTING_3 hang_speed_factor = 35\\nwall_thickness = =wall_line_width_0 if magic
;SETTING_3 _spiralize else 0.8\\nz_seam_corner = z_seam_corner_weighted\\nz_seam
;SETTING_3 _position = frontright\\nzig_zaggify_infill = True\\nzig_zaggify_supp
;SETTING_3 ort = True\\n\\n"]}
